game_id,season,game_type,week,gameday,weekday,gametime,away_team,away_score,home_team,home_score,location,result,total,overtime,old_game_id,gsis,nfl_detail_id,pfr,pff,espn,ftn,away_rest,home_rest,away_moneyline,home_moneyline,spread_line,away_spread_odds,home_spread_odds,total_line,under_odds,over_odds,div_game,roof,surface,temp,wind,away_qb_id,home_qb_id,away_qb_name,home_qb_name,away_coach,home_coach,referee,stadium_id,stadium,is_dome
2022_01_BUF_LA,2022,REG,1,2022-09-08,Thursday,20:20,BUF,31.0,LA,10.0,Home,-21.0,41.0,0.0,2022090800,58838.0,,202209080ram,,401437654,5879.0,7,7,-117.0,106.0,-1.0,-112.0,101.0,51.5,-101.0,-111.0,0,dome,matrixturf,,,00-0034857,00-0026498,Josh Allen,Matthew Stafford,Sean McDermott,Sean McVay,Carl Cheffers,LAX01,SoFi Stadium,1
2022_01_NO_ATL,2022,REG,1,2022-09-11,Sunday,13:00,NO,27.0,ATL,26.0,Home,-1.0,53.0,0.0,2022091100,58839.0,,202209110atl,,401437650,5880.0,7,7,-228.0,201.0,-6.0,-103.0,-107.0,43.5,-104.0,-108.0,1,closed,fieldturf,,,00-0031503,00-0032268,Jameis Winston,Marcus Mariota,Dennis Allen,Arthur Smith,Alex Kemp,ATL97,Mercedes-Benz Stadium,1
2022_01_CLE_CAR,2022,REG,1,2022-09-11,Sunday,13:00,CLE,26.0,CAR,24.0,Home,-2.0,50.0,0.0,2022091101,58840.0,,202209110car,,401437651,5881.0,7,7,114.0,-125.0,2.5,-112.0,102.0,42.5,-113.0,100.0,0,outdoors,grass,,,00-0033119,00-0034855,Jacoby Brissett,Baker Mayfield,Kevin Stefanski,Matt Rhule,Brad Rogers,CAR00,Bank of America Stadium,0
2022_01_SF_CHI,2022,REG,1,2022-09-11,Sunday,13:00,SF,10.0,CHI,19.0,Home,9.0,29.0,0.0,2022091102,58841.0,,202209110chi,,401437647,5882.0,7,7,-248.0,217.0,-6.5,100.0,-111.0,38.0,-103.0,-109.0,0,outdoors,grass,,,00-0037012,00-0036945,Trey Lance,Justin Fields,Kyle Shanahan,Matt Eberflus,Clay Martin,CHI98,Soldier Field,0
2022_01_PIT_CIN,2022,REG,1,2022-09-11,Sunday,13:00,PIT,23.0,CIN,20.0,Home,-3.0,43.0,1.0,2022091103,58842.0,,202209110cin,,401437634,5883.0,7,7,264.0,-308.0,7.5,-119.0,107.0,44.5,101.0,-113.0,1,outdoors,fieldturf,,,00-0033869,00-0036442,Mitch Trubisky,Joe Burrow,Mike Tomlin,Zac Taylor,Shawn Hochuli,CIN00,Paycor Stadium,0
2022_01_PHI_DET,2022,REG,1,2022-09-11,Sunday,13:00,PHI,38.0,DET,35.0,Home,-3.0,73.0,0.0,2022091104,58843.0,,202209110det,,401437648,5884.0,7,7,-240.0,211.0,-6.0,-110.0,-100.0,49.0,-117.0,104.0,0,dome,fieldturf,,,00-0036389,00-0033106,Jalen Hurts,Jared Goff,Nick Sirianni,Dan Campbell,Brad Allen,DET00,Ford Field,1
2022_01_IND_HOU,2022,REG,1,2022-09-11,Sunday,13:00,IND,20.0,HOU,20.0,Home,0.0,40.0,1.0,2022091105,58844.0,,202209110htx,,401437637,5885.0,7,7,-290.0,250.0,-7.0,-103.0,-107.0,46.0,-110.0,-102.0,1,closed,astroturf,,,00-0026143,00-0036898,Matt Ryan,Davis Mills,Frank Reich,Lovie Smith,Land Clark,HOU00,NRG Stadium,1
2022_01_NE_MIA,2022,REG,1,2022-09-11,Sunday,13:00,NE,7.0,MIA,20.0,Home,13.0,27.0,0.0,2022091106,58845.0,,202209110mia,,401437630,5886.0,7,7,140.0,-155.0,3.0,-104.0,-106.0,47.0,-109.0,-103.0,1,outdoors,grass,,,00-0036972,00-0036212,Mac Jones,Tua Tagovailoa,Bill Belichick,Mike McDaniel,John Hussey,MIA00,Hard Rock Stadium,0
2022_01_BAL_NYJ,2022,REG,1,2022-09-11,Sunday,13:00,BAL,24.0,NYJ,9.0,Home,-15.0,33.0,0.0,2022091107,58846.0,,202209110nyj,,401437632,5887.0,7,7,-265.0,231.0,-6.5,-103.0,-107.0,44.0,-109.0,-103.0,0,outdoors,fieldturf,,,00-0034796,00-0026158,Lamar Jackson,Joe Flacco,John Harbaugh,Robert Saleh,Craig Wrolstad,NYC01,MetLife Stadium,0
2022_01_JAX_WAS,2022,REG,1,2022-09-11,Sunday,13:00,JAX,22.0,WAS,28.0,Home,6.0,50.0,0.0,2022091109,58847.0,,202209110was,,401437646,5888.0,7,7,143.0,-159.0,3.0,-101.0,-110.0,43.5,-110.0,-102.0,0,outdoors,grass,,,00-0036971,00-0032950,Trevor Lawrence,Carson Wentz,Doug Pederson,Ron Rivera,Tra Blake,WAS00,FedExField,0
2022_01_KC_ARI,2022,REG,1,2022-09-11,Sunday,16:25,KC,44.0,ARI,21.0,Home,-23.0,65.0,0.0,2022091110,58848.0,,202209110crd,,401437653,5889.0,7,7,-252.0,221.0,-6.0,-107.0,-104.0,54.0,-110.0,-102.0,0,closed,grass,,,00-0033873,00-0035228,Patrick Mahomes,Kyler Murray,Andy Reid,Kliff Kingsbury,Scott Novak,PHO00,State Farm Stadium,1
2022_01_LV_LAC,2022,REG,1,2022-09-11,Sunday,16:25,LV,19.0,LAC,24.0,Home,5.0,43.0,0.0,2022091111,58849.0,,202209110sdg,,401437643,5890.0,7,7,161.0,-180.0,3.5,-106.0,-104.0,52.5,-103.0,-109.0,1,dome,matrixturf,,,00-0031280,00-0036355,Derek Carr,Justin Herbert,Josh McDaniels,Brandon Staley,Shawn Smith,LAX01,SoFi Stadium,1
2022_01_GB_MIN,2022,REG,1,2022-09-11,Sunday,16:25,GB,7.0,MIN,23.0,Home,16.0,30.0,0.0,2022091112,58850.0,,202209110min,,401437649,5891.0,7,7,113.0,-125.0,2.5,-116.0,105.0,47.0,-114.0,101.0,1,dome,sportturf,,,00-0023459,00-0029604,Aaron Rodgers,Kirk Cousins,Matt LaFleur,Kevin O'Connell,Bill Vinovich,MIN01,U.S. Bank Stadium,1
2022_01_NYG_TEN,2022,REG,1,2022-09-11,Sunday,16:25,NYG,21.0,TEN,20.0,Home,-1.0,41.0,0.0,2022091108,58851.0,,202209110oti,,401437640,5892.0,7,7,209.0,-239.0,5.5,-108.0,-102.0,43.5,-101.0,-111.0,0,outdoors,grass,,,00-0035710,00-0029701,Daniel Jones,Ryan Tannehill,Brian Daboll,Mike Vrabel,Jerome Boger,NAS00,Nissan Stadium,0
2022_01_TB_DAL,2022,REG,1,2022-09-11,Sunday,20:20,TB,19.0,DAL,3.0,Home,-16.0,22.0,0.0,2022091113,58852.0,,202209110dal,,401437644,5893.0,7,7,-133.0,120.0,-2.5,-108.0,-102.0,49.5,-102.0,-110.0,0,closed,matrixturf,,,00-0019596,00-0033077,Tom Brady,Dak Prescott,Todd Bowles,Mike McCarthy,Ron Torbert,DAL00,AT&T Stadium,1
2022_01_DEN_SEA,2022,REG,1,2022-09-12,Monday,20:15,DEN,16.0,SEA,17.0,Home,1.0,33.0,0.0,2022091200,58853.0,,202209120sea,,401437655,5894.0,7,7,-253.0,221.0,-6.0,-107.0,-103.0,44.0,-115.0,102.0,0,outdoors,fieldturf,,,00-0029263,00-0030565,Russell Wilson,Geno Smith,Nathaniel Hackett,Pete Carroll,Clete Blakeman,SEA00,Lumen Field,0
2022_02_LAC_KC,2022,REG,2,2022-09-15,Thursday,20:15,LAC,24.0,KC,27.0,Home,3.0,51.0,0.0,2022091500,58854.0,,202209150kan,,401434030,5895.0,4,4,167.0,-188.0,4.0,-113.0,102.0,52.5,-101.0,-111.0,1,outdoors,grass,,,00-0036355,00-0033873,Justin Herbert,Patrick Mahomes,Brandon Staley,Andy Reid,John Hussey,KAN00,GEHA Field at Arrowhead Stadium,0
2022_02_MIA_BAL,2022,REG,2,2022-09-18,Sunday,13:00,MIA,42.0,BAL,38.0,Home,-4.0,80.0,0.0,2022091800,58855.0,,202209180rav,,401437633,5896.0,7,7,148.0,-164.0,3.0,103.0,-114.0,44.0,-114.0,101.0,0,outdoors,grass,,,00-0036212,00-0034796,Tua Tagovailoa,Lamar Jackson,Mike McDaniel,John Harbaugh,Adrian Hill,BAL00,M&T Bank Stadium,0
2022_02_NYJ_CLE,2022,REG,2,2022-09-18,Sunday,13:00,NYJ,31.0,CLE,30.0,Home,-1.0,61.0,0.0,2022091801,58856.0,,202209180cle,,401437635,5897.0,7,7,207.0,-235.0,6.5,-111.0,100.0,38.5,-107.0,-105.0,0,outdoors,grass,,,00-0026158,00-0033119,Joe Flacco,Jacoby Brissett,Robert Saleh,Kevin Stefanski,Tra Blake,CLE00,FirstEnergy Stadium,0
2022_02_WAS_DET,2022,REG,2,2022-09-18,Sunday,13:00,WAS,27.0,DET,36.0,Home,9.0,63.0,0.0,2022091802,58857.0,,202209180det,,401437732,5898.0,7,7,-114.0,103.0,-1.0,-107.0,-103.0,48.5,-114.0,101.0,0,dome,fieldturf,,,00-0032950,00-0033106,Carson Wentz,Jared Goff,Ron Rivera,Dan Campbell,Bill Vinovich,DET00,Ford Field,1
2022_02_IND_JAX,2022,REG,2,2022-09-18,Sunday,13:00,IND,0.0,JAX,24.0,Home,24.0,24.0,0.0,2022091803,58858.0,,202209180jax,,401437639,5899.0,7,7,-157.0,142.0,-3.0,-107.0,-103.0,43.5,-104.0,-108.0,1,outdoors,grass,,,00-0026143,00-0036971,Matt Ryan,Trevor Lawrence,Frank Reich,Doug Pederson,Alex Kemp,JAX00,TIAA Bank Stadium,0
2022_02_TB_NO,2022,REG,2,2022-09-18,Sunday,13:00,TB,20.0,NO,10.0,Home,-10.0,30.0,0.0,2022091804,58859.0,,202209180nor,,401437652,5900.0,7,7,-138.0,124.0,-2.5,-109.0,-102.0,44.0,-117.0,104.0,1,dome,sportturf,,,00-0019596,00-0031503,Tom Brady,Jameis Winston,Todd Bowles,Dennis Allen,Shawn Hochuli,NOR00,Mercedes-Benz Superdome,1
2022_02_CAR_NYG,2022,REG,2,2022-09-18,Sunday,13:00,CAR,16.0,NYG,19.0,Home,3.0,35.0,0.0,2022091805,58860.0,,202209180nyg,,401437645,5901.0,7,7,-114.0,103.0,-1.0,-106.0,-104.0,44.0,-102.0,-110.0,0,outdoors,fieldturf,,,00-0034855,00-0035710,Baker Mayfield,Daniel Jones,Matt Rhule,Brian Daboll,Ron Torbert,NYC01,MetLife Stadium,0
2022_02_NE_PIT,2022,REG,2,2022-09-18,Sunday,13:00,NE,17.0,PIT,14.0,Home,-3.0,31.0,0.0,2022091806,58861.0,,202209180pit,,401437636,5902.0,7,7,-150.0,135.0,-3.0,-102.0,-109.0,40.0,-101.0,-111.0,0,outdoors,grass,,,00-0036972,00-0033869,Mac Jones,Mitch Trubisky,Bill Belichick,Mike Tomlin,Land Clark,PIT00,Acrisure Stadium,0
2022_02_ATL_LA,2022,REG,2,2022-09-18,Sunday,16:05,ATL,27.0,LA,31.0,Home,4.0,58.0,0.0,2022091807,58862.0,,202209180ram,,401437733,5903.0,7,10,385.0,-473.0,10.5,-113.0,103.0,46.5,-116.0,103.0,0,dome,matrixturf,,,00-0032268,00-0026498,Marcus Mariota,Matthew Stafford,Arthur Smith,Sean McVay,Clay Martin,LAX01,SoFi Stadium,1
2022_02_SEA_SF,2022,REG,2,2022-09-18,Sunday,16:05,SEA,7.0,SF,27.0,Home,20.0,34.0,0.0,2022091808,58863.0,,202209180sfo,,401437605,5904.0,6,7,318.0,-379.0,8.5,-113.0,102.0,40.0,-112.0,-100.0,1,outdoors,grass,,,00-0030565,00-0037012,Geno Smith,Trey Lance,Pete Carroll,Kyle Shanahan,Brad Rogers,SFO01,Levi's Stadium,0
2022_02_CIN_DAL,2022,REG,2,2022-09-18,Sunday,16:25,CIN,17.0,DAL,20.0,Home,3.0,37.0,0.0,2022091809,58864.0,,202209180dal,,401437734,5905.0,7,7,-303.0,260.0,-7.5,110.0,-122.0,42.0,-104.0,-108.0,0,closed,matrixturf,,,00-0036442,00-0033662,Joe Burrow,Cooper Rush,Zac Taylor,Mike McCarthy,Brad Allen,DAL00,AT&T Stadium,1
2022_02_HOU_DEN,2022,REG,2,2022-09-18,Sunday,16:25,HOU,9.0,DEN,16.0,Home,7.0,25.0,0.0,2022091810,58865.0,,202209180den,,401437641,5906.0,7,6,391.0,-481.0,10.5,-114.0,103.0,46.0,-110.0,-102.0,0,outdoors,grass,,,00-0036898,00-0029263,Davis Mills,Russell Wilson,Lovie Smith,Nathaniel Hackett,Carl Cheffers,DEN00,Empower Field at Mile High,0
2022_02_ARI_LV,2022,REG,2,2022-09-18,Sunday,16:25,ARI,29.0,LV,23.0,Home,-6.0,52.0,1.0,2022091811,58866.0,,202209180rai,,401437642,5907.0,7,7,197.0,-223.0,5.5,-110.0,100.0,51.5,-105.0,-107.0,0,dome,grass,,,00-0035228,00-0031280,Kyler Murray,Derek Carr,Kliff Kingsbury,Josh McDaniels,Clete Blakeman,VEG00,Allegiant Stadium,1
2022_02_CHI_GB,2022,REG,2,2022-09-18,Sunday,20:20,CHI,10.0,GB,27.0,Home,17.0,37.0,0.0,2022091812,58867.0,,202209180gnb,,401437606,5908.0,7,7,348.0,-420.0,10.5,-111.0,100.0,42.0,-104.0,-108.0,1,outdoors,grass,,,00-0036945,00-0023459,Justin Fields,Aaron Rodgers,Matt Eberflus,Matt LaFleur,Craig Wrolstad,GNB00,Lambeau Field,0
2022_02_TEN_BUF,2022,REG,2,2022-09-19,Monday,19:15,TEN,7.0,BUF,41.0,Home,34.0,48.0,0.0,2022091900,58868.0,,202209190buf,,401436831,5909.0,8,11,329.0,-395.0,10.0,-115.0,104.0,47.5,-108.0,-104.0,0,outdoors,a_turf,,,00-0029701,00-0034857,Ryan Tannehill,Josh Allen,Mike Vrabel,Sean McDermott,Shawn Smith,BUF00,New Era Field,0
2022_02_MIN_PHI,2022,REG,2,2022-09-19,Monday,20:30,MIN,7.0,PHI,24.0,Home,17.0,31.0,0.0,2022091901,58869.0,,202209190phi,,401436832,5910.0,8,8,127.0,-141.0,2.5,106.0,-117.0,49.5,-115.0,102.0,0,outdoors,grass,,,00-0029604,00-0036389,Kirk Cousins,Jalen Hurts,Kevin O'Connell,Nick Sirianni,Scott Novak,PHI00,Lincoln Financial Field,0
2022_03_PIT_CLE,2022,REG,3,2022-09-22,Thursday,20:15,PIT,17.0,CLE,29.0,Home,12.0,46.0,0.0,2022092200,58870.0,,202209220cle,,401437735,5911.0,4,4,183.0,-206.0,4.5,-111.0,101.0,38.0,-107.0,-105.0,1,outdoors,grass,,,00-0033869,00-0033119,Mitch Trubisky,Jacoby Brissett,Mike Tomlin,Kevin Stefanski,Clay Martin,CLE00,FirstEnergy Stadium,0
2022_03_NO_CAR,2022,REG,3,2022-09-25,Sunday,13:00,NO,14.0,CAR,22.0,Home,8.0,36.0,0.0,2022092500,58871.0,,202209250car,,401437736,5912.0,7,7,-123.0,112.0,-2.0,-102.0,-109.0,41.0,-112.0,-100.0,1,outdoors,grass,,,00-0031503,00-0034855,Jameis Winston,Baker Mayfield,Dennis Allen,Matt Rhule,Carl Cheffers,CAR00,Bank of America Stadium,0
2022_03_HOU_CHI,2022,REG,3,2022-09-25,Sunday,13:00,HOU,20.0,CHI,23.0,Home,3.0,43.0,0.0,2022092501,58872.0,,202209250chi,,401437737,5913.0,7,7,141.0,-156.0,3.0,-107.0,-103.0,40.0,-107.0,-105.0,0,outdoors,grass,,,00-0036898,00-0036945,Davis Mills,Justin Fields,Lovie Smith,Matt Eberflus,Clete Blakeman,CHI98,Soldier Field,0
2022_03_KC_IND,2022,REG,3,2022-09-25,Sunday,13:00,KC,17.0,IND,20.0,Home,3.0,37.0,0.0,2022092502,58873.0,,202209250clt,,401437638,5914.0,10,7,-199.0,177.0,-4.5,103.0,-114.0,51.0,-105.0,-107.0,0,open,fieldturf,,,00-0033873,00-0026143,Patrick Mahomes,Matt Ryan,Andy Reid,Frank Reich,Shawn Smith,IND00,Lucas Oil Stadium,0
2022_03_BUF_MIA,2022,REG,3,2022-09-25,Sunday,13:00,BUF,19.0,MIA,21.0,Home,2.0,40.0,0.0,2022092503,58874.0,,202209250mia,,401437738,5915.0,6,7,-196.0,175.0,-4.0,-104.0,-106.0,54.0,-103.0,-109.0,1,outdoors,grass,,,00-0034857,00-0036212,Josh Allen,Tua Tagovailoa,Sean McDermott,Mike McDaniel,Alex Kemp,MIA00,Hard Rock Stadium,0
2022_03_DET_MIN,2022,REG,3,2022-09-25,Sunday,13:00,DET,24.0,MIN,28.0,Home,4.0,52.0,0.0,2022092504,58875.0,,202209250min,,401437739,5916.0,7,6,232.0,-266.0,6.5,-101.0,-110.0,52.0,-117.0,104.0,1,dome,sportturf,,,00-0033106,00-0029604,Jared Goff,Kirk Cousins,Dan Campbell,Kevin O'Connell,John Hussey,MIN01,U.S. Bank Stadium,1
2022_03_BAL_NE,2022,REG,3,2022-09-25,Sunday,13:00,BAL,37.0,NE,26.0,Home,-11.0,63.0,0.0,2022092505,58876.0,,202209250nwe,,401437631,5917.0,7,7,-143.0,129.0,-2.5,-114.0,104.0,45.5,-109.0,-103.0,0,outdoors,fieldturf,,,00-0034796,00-0036972,Lamar Jackson,Mac Jones,John Harbaugh,Bill Belichick,Bill Vinovich,BOS00,Gillette Stadium,0
2022_03_CIN_NYJ,2022,REG,3,2022-09-25,Sunday,13:00,CIN,27.0,NYJ,12.0,Home,-15.0,39.0,0.0,2022092506,58877.0,,202209250nyj,,401437740,5918.0,7,7,-247.0,220.0,-6.5,104.0,-115.0,46.0,-106.0,-106.0,0,outdoors,fieldturf,,,00-0036442,00-0026158,Joe Burrow,Joe Flacco,Zac Taylor,Robert Saleh,Jerome Boger,NYC01,MetLife Stadium,0
2022_03_LV_TEN,2022,REG,3,2022-09-25,Sunday,13:00,LV,22.0,TEN,24.0,Home,2.0,46.0,0.0,2022092507,58878.0,,202209250oti,,401437741,5919.0,7,6,-130.0,117.0,-1.5,-113.0,103.0,45.5,-109.0,-103.0,0,outdoors,grass,,,00-0031280,00-0029701,Derek Carr,Ryan Tannehill,Josh McDaniels,Mike Vrabel,Brad Rogers,NAS00,Nissan Stadium,0
2022_03_PHI_WAS,2022,REG,3,2022-09-25,Sunday,13:00,PHI,24.0,WAS,8.0,Home,-16.0,32.0,0.0,2022092508,58879.0,,202209250was,,401437742,5920.0,6,7,-240.0,210.0,-6.0,102.0,-112.0,47.0,-101.0,-111.0,1,outdoors,grass,,,00-0036389,00-0032950,Jalen Hurts,Carson Wentz,Nick Sirianni,Ron Rivera,Ron Torbert,WAS00,FedExField,0
2022_03_JAX_LAC,2022,REG,3,2022-09-25,Sunday,16:05,JAX,38.0,LAC,10.0,Home,-28.0,48.0,0.0,2022092509,58880.0,,202209250sdg,,401437743,5921.0,7,10,220.0,-252.0,6.5,-106.0,-104.0,46.0,-112.0,-100.0,0,dome,matrixturf,,,00-0036971,00-0036355,Trevor Lawrence,Justin Herbery,Doug Pederson,Brandon Staley,Craig Wrolstad,LAX01,SoFi Stadium,1
2022_03_LA_ARI,2022,REG,3,2022-09-25,Sunday,16:25,LA,20.0,ARI,12.0,Home,-8.0,32.0,0.0,2022092510,58881.0,,202209250crd,,401437744,5922.0,7,7,-171.0,153.0,-3.5,104.0,-115.0,49.0,-114.0,102.0,1,closed,grass,,,00-0026498,00-0035228,Matthew Stafford,Kyler Murray,Sean McVay,Kliff Kingsbury,Adrian Hill,PHO00,State Farm Stadium,1
2022_03_ATL_SEA,2022,REG,3,2022-09-25,Sunday,16:25,ATL,27.0,SEA,23.0,Home,-4.0,50.0,0.0,2022092511,58882.0,,202209250sea,,401437745,5923.0,7,7,-104.0,-106.0,1.0,-112.0,102.0,43.0,103.0,-115.0,0,outdoors,fieldturf,,,00-0032268,00-0030565,Marcus Mariota,Geno Smith,Arthur Smith,Pete Carroll,Tra Blake,SEA00,Lumen Field,0
2022_03_GB_TB,2022,REG,3,2022-09-25,Sunday,16:25,GB,14.0,TB,12.0,Home,-2.0,26.0,0.0,2022092512,58883.0,,202209250tam,,401437607,5924.0,7,7,112.0,-123.0,1.0,105.0,-115.0,41.5,-103.0,-109.0,0,outdoors,grass,,,00-0023459,00-0019596,Aaron Rodgers,Tom Brady,Matt LaFleur,Todd Bowles,Scott Novak,TAM00,Raymond James Stadium,0
2022_03_SF_DEN,2022,REG,3,2022-09-25,Sunday,20:20,SF,10.0,DEN,11.0,Home,1.0,21.0,0.0,2022092513,58884.0,,202209250den,,401437746,5925.0,7,7,-110.0,-101.0,-1.0,-102.0,-108.0,44.0,101.0,-114.0,0,outdoors,grass,,,00-0031345,00-0029263,Jimmy Garoppolo,Russell Wilson,Kyle Shanahan,Nathaniel Hackett,Shawn Hochuli,DEN00,Empower Field at Mile High,0
2022_03_DAL_NYG,2022,REG,3,2022-09-26,Monday,20:15,DAL,23.0,NYG,16.0,Home,-7.0,39.0,0.0,2022092600,58885.0,,202209260nyg,,401437747,5926.0,8,8,109.0,-120.0,1.0,103.0,-113.0,38.5,-102.0,-110.0,1,outdoors,fieldturf,,,00-0033662,00-0035710,Cooper Rush,Daniel Jones,Mike McCarthy,Brian Daboll,Land Clark,NYC01,MetLife Stadium,0
2022_04_MIA_CIN,2022,REG,4,2022-09-29,Thursday,20:15,MIA,15.0,CIN,27.0,Home,12.0,42.0,0.0,2022092900,58886.0,,202209290cin,,401437748,5927.0,4,4,169.0,-190.0,4.0,-107.0,-103.0,48.5,-103.0,-109.0,0,outdoors,fieldturf,,,00-0036212,00-0036442,Tua Tagovailoa,Joe Burrow,Mike McDaniel,Zac Taylor,Tra Blake,CIN00,Paycor Stadium,0
2022_04_MIN_NO,2022,REG,4,2022-10-02,Sunday,09:30,MIN,28.0,NO,25.0,Neutral,-3.0,53.0,0.0,2022100200,58887.0,,202210020nor,,401435639,5928.0,7,7,-199.0,177.0,-4.0,-103.0,-107.0,42.0,-110.0,-102.0,0,outdoors,,,,00-0029604,00-0027973,Kirk Cousins,Andy Dalton,Kevin O'Connell,Dennis Allen,Clete Blakeman,LON02,Tottenham Stadium,0
2022_04_CLE_ATL,2022,REG,4,2022-10-02,Sunday,13:00,CLE,20.0,ATL,23.0,Home,3.0,43.0,0.0,2022100201,58888.0,,202210020atl,,401437749,5929.0,10,7,-107.0,-103.0,-1.0,-101.0,-109.0,48.0,-100.0,-112.0,0,open,fieldturf,,,00-0033119,00-0032268,Jacoby Brissett,Marcus Mariota,Kevin Stefanski,Arthur Smith,Craig Wrolstad,ATL97,Mercedes-Benz Stadium,0
2022_04_BUF_BAL,2022,REG,4,2022-10-02,Sunday,13:00,BUF,23.0,BAL,20.0,Home,-3.0,43.0,0.0,2022100202,58889.0,,202210020rav,,401437750,5930.0,7,7,-172.0,154.0,-3.0,-117.0,106.0,50.0,-103.0,-109.0,0,outdoors,grass,,,00-0034857,00-0034796,Josh Allen,Lamar Jackson,Sean McDermott,John Harbaugh,Jerome Boger,BAL00,M&T Bank Stadium,0
2022_04_WAS_DAL,2022,REG,4,2022-10-02,Sunday,13:00,WAS,10.0,DAL,25.0,Home,15.0,35.0,0.0,2022100204,58890.0,,202210020dal,,401437751,5931.0,7,6,140.0,-155.0,3.0,-110.0,-101.0,40.5,-101.0,-111.0,1,closed,matrixturf,,,00-0032950,00-0033662,Carson Wentz,Cooper Rush,Ron Rivera,Mike McCarthy,Shawn Smith,DAL00,AT&T Stadium,1
2022_04_SEA_DET,2022,REG,4,2022-10-02,Sunday,13:00,SEA,48.0,DET,45.0,Home,-3.0,93.0,0.0,2022100205,58891.0,,202210020det,,401437752,5932.0,7,7,151.0,-169.0,3.0,103.0,-113.0,48.5,-112.0,-101.0,0,dome,fieldturf,,,00-0030565,00-0033106,Geno Smith,Jared Goff,Pete Carroll,Dan Campbell,Clay Martin,DET00,Ford Field,1
2022_04_LAC_HOU,2022,REG,4,2022-10-02,Sunday,13:00,LAC,34.0,HOU,24.0,Home,-10.0,58.0,0.0,2022100206,58892.0,,202210020htx,,401437753,5933.0,7,7,-234.0,205.0,-5.5,-106.0,-104.0,45.0,102.0,-115.0,0,closed,astroturf,,,00-0036355,00-0036898,Justin Herbert,Davis Mills,Brandon Staley,Lovie Smith,Alex Kemp,HOU00,NRG Stadium,1
2022_04_TEN_IND,2022,REG,4,2022-10-02,Sunday,13:00,TEN,24.0,IND,17.0,Home,-7.0,41.0,0.0,2022100207,58893.0,,202210020clt,,401437754,5934.0,7,7,182.0,-205.0,4.5,-105.0,-105.0,43.0,-102.0,-110.0,1,open,fieldturf,,,00-0029701,00-0026143,Ryan Tannehill,Matt Ryan,Mike Vrabel,Frank Reich,Scott Novak,IND00,Lucas Oil Stadium,0
2022_04_CHI_NYG,2022,REG,4,2022-10-02,Sunday,13:00,CHI,12.0,NYG,20.0,Home,8.0,32.0,0.0,2022100208,58894.0,,202210020nyg,,401437755,5935.0,7,6,130.0,-144.0,3.0,-120.0,109.0,39.0,-103.0,-110.0,0,outdoors,fieldturf,,,00-0036945,00-0035710,Justin Fields,Daniel Jones,Matt Eberflus,Brian Daboll,Carl Cheffers,NYC01,MetLife Stadium,0
2022_04_JAX_PHI,2022,REG,4,2022-10-02,Sunday,13:00,JAX,21.0,PHI,29.0,Home,8.0,50.0,0.0,2022100209,58895.0,,202210020phi,,401437756,5936.0,7,7,223.0,-256.0,6.5,-109.0,-102.0,44.0,-102.0,-111.0,0,outdoors,grass,,,00-0036971,00-0036389,Trevor Lawrence,Jalen Hurts,Doug Pederson,Nick Sirianni,Shawn Hochuli,PHI00,Lincoln Financial Field,0
2022_04_NYJ_PIT,2022,REG,4,2022-10-02,Sunday,13:00,NYJ,24.0,PIT,20.0,Home,-4.0,44.0,0.0,2022100210,58896.0,,202210020pit,,401437757,5937.0,7,10,145.0,-161.0,3.0,-102.0,-108.0,41.0,102.0,-115.0,0,outdoors,grass,,,00-0037013,00-0033869,Zach Wilson,Mitch Trubisky,Robert Saleh,Mike Tomlin,Brad Rogers,PIT00,Acrisure Stadium,0
2022_04_ARI_CAR,2022,REG,4,2022-10-02,Sunday,16:05,ARI,26.0,CAR,16.0,Home,-10.0,42.0,0.0,2022100203,58897.0,,202210020car,,401437758,5938.0,7,7,102.0,-113.0,1.0,-104.0,-106.0,44.0,-113.0,100.0,0,outdoors,grass,,,00-0035228,00-0034855,Kyler Murray,Baker Mayfield,Kliff Kingsbury,Matt Rhule,John Hussey,CAR00,Bank of America Stadium,0
2022_04_NE_GB,2022,REG,4,2022-10-02,Sunday,16:25,NE,24.0,GB,27.0,Home,3.0,51.0,1.0,2022100211,58898.0,,202210020gnb,,401437759,5939.0,7,7,358.0,-435.0,10.0,-120.0,109.0,40.5,-111.0,-101.0,0,outdoors,grass,,,00-0026625,00-0023459,Brian Hoyer,Aaron Rodgers,Bill Belichick,Matt LaFleur,Adrian Hill,GNB00,Lambeau Field,0
2022_04_DEN_LV,2022,REG,4,2022-10-02,Sunday,16:25,DEN,23.0,LV,32.0,Home,9.0,55.0,0.0,2022100212,58899.0,,202210020rai,,401437760,5940.0,7,7,124.0,-137.0,2.5,-101.0,-109.0,45.5,-110.0,-102.0,1,dome,grass,,,00-0029263,00-0031280,Russell Wilson,Derek Carr,Nathaniel Hackett,Josh McDaniels,Land Clark,VEG00,Allegiant Stadium,1
2022_04_KC_TB,2022,REG,4,2022-10-02,Sunday,20:20,KC,41.0,TB,31.0,Home,-10.0,72.0,0.0,2022100213,58900.0,,202210020tam,,401437470,5941.0,7,7,113.0,-125.0,1.0,107.0,-118.0,46.5,102.0,-115.0,0,outdoors,grass,,,00-0033873,00-0019596,Patrick Mahomes,Tom Brady,Andy Reid,Todd Bowles,Bill Vinovich,TAM00,Raymond James Stadium,0
2022_04_LA_SF,2022,REG,4,2022-10-03,Monday,20:15,LA,9.0,SF,24.0,Home,15.0,33.0,0.0,2022100300,58901.0,,202210030sfo,,401437761,5942.0,8,8,112.0,-124.0,1.0,106.0,-116.0,42.0,-109.0,-103.0,1,outdoors,grass,,,00-0026498,00-0031345,Matthew Stafford,Jimmy Garoppolo,Sean McVay,Kyle Shanahan,Brad Allen,SFO01,Levi's Stadium,0
2022_05_IND_DEN,2022,REG,5,2022-10-06,Thursday,20:15,IND,12.0,DEN,9.0,Home,-3.0,21.0,1.0,2022100600,58902.0,,202210060den,,401437762,5943.0,4,4,159.0,-178.0,3.5,-114.0,104.0,42.0,-106.0,-106.0,0,outdoors,grass,,,00-0026143,00-0029263,Matt Ryan,Russell Wilson,Frank Reich,Nathaniel Hackett,Brad Rogers,DEN00,Empower Field at Mile High,0
2022_05_NYG_GB,2022,REG,5,2022-10-09,Sunday,09:30,NYG,27.0,GB,22.0,Neutral,-5.0,49.0,0.0,2022100900,58903.0,,202210090gnb,,401435640,5944.0,7,7,331.0,-397.0,8.5,104.0,-115.0,42.0,-110.0,-102.0,0,outdoors,,,,00-0035710,00-0023459,Daniel Jones,Aaron Rodgers,Brian Daboll,Matt LaFleur,Alex Kemp,LON02,Tottenham Stadium,0
2022_05_PIT_BUF,2022,REG,5,2022-10-09,Sunday,13:00,PIT,3.0,BUF,38.0,Home,35.0,41.0,0.0,2022100901,58904.0,,202210090buf,,401437763,5945.0,7,7,568.0,-749.0,14.0,-108.0,-102.0,44.0,-103.0,-110.0,0,outdoors,a_turf,,,00-0038102,00-0034857,Kenny Pickett,Josh Allen,Mike Tomlin,Sean McDermott,John Hussey,BUF00,New Era Field,0
2022_05_LAC_CLE,2022,REG,5,2022-10-09,Sunday,13:00,LAC,30.0,CLE,28.0,Home,-2.0,58.0,0.0,2022100902,58905.0,,202210090cle,,401437764,5946.0,7,7,-114.0,103.0,-1.0,-106.0,-104.0,47.0,-114.0,102.0,0,outdoors,grass,,,00-0036355,00-0033119,Justin Herbert,Jacoby Brissett,Brandon Staley,Kevin Stefanski,Adrian Hill,CLE00,FirstEnergy Stadium,0
2022_05_HOU_JAX,2022,REG,5,2022-10-09,Sunday,13:00,HOU,13.0,JAX,6.0,Home,-7.0,19.0,0.0,2022100903,58906.0,,202210090jax,,401437765,5947.0,7,7,261.0,-304.0,7.0,-113.0,102.0,44.0,-112.0,-101.0,1,outdoors,grass,,,00-0036898,00-0036971,Davis Mills,Trevor Lawrence,Lovie Smith,Doug Pederson,Ron Torbert,JAX00,TIAA Bank Stadium,0
2022_05_CHI_MIN,2022,REG,5,2022-10-09,Sunday,13:00,CHI,22.0,MIN,29.0,Home,7.0,51.0,0.0,2022100904,58907.0,,202210090min,,401437766,5948.0,7,7,322.0,-385.0,10.0,-116.0,105.0,44.0,-106.0,-106.0,1,dome,sportturf,,,00-0036945,00-0029604,Justin Fields,Kirk Cousins,Matt Eberflus,Kevin O'Connell,Shawn Hochuli,MIN01,U.S. Bank Stadium,1
2022_05_DET_NE,2022,REG,5,2022-10-09,Sunday,13:00,DET,0.0,NE,29.0,Home,29.0,29.0,0.0,2022100905,58908.0,,202210090nwe,,401437767,5949.0,7,7,133.0,-148.0,3.0,-113.0,102.0,46.5,101.0,-114.0,0,outdoors,fieldturf,,,00-0033106,00-0038108,Jared Goff,Bailey Zappe,Dan Campbell,Bill Belichick,Craig Wrolstad,BOS00,Gillette Stadium,0
2022_05_SEA_NO,2022,REG,5,2022-10-09,Sunday,13:00,SEA,32.0,NO,39.0,Home,7.0,71.0,0.0,2022100906,58909.0,,202210090nor,,401437768,5950.0,7,7,201.0,-229.0,5.5,-106.0,-104.0,45.5,-113.0,100.0,0,dome,sportturf,,,00-0030565,00-0027973,Geno Smith,Andy Dalton,Pete Carroll,Dennis Allen,Brad Allen,NOR00,Mercedes-Benz Superdome,1
2022_05_MIA_NYJ,2022,REG,5,2022-10-09,Sunday,13:00,MIA,17.0,NYJ,40.0,Home,23.0,57.0,0.0,2022100907,58910.0,,202210090nyj,,401437769,5951.0,10,7,-162.0,146.0,-3.0,-110.0,100.0,46.0,-101.0,-111.0,1,outdoors,fieldturf,,,00-0031237,00-0037013,Teddy Bridgewater,Zach Wilson,Mike McDaniel,Robert Saleh,Clay Martin,NYC01,MetLife Stadium,0
2022_05_ATL_TB,2022,REG,5,2022-10-09,Sunday,13:00,ATL,15.0,TB,21.0,Home,6.0,36.0,0.0,2022100908,58911.0,,202210090tam,,401437770,5952.0,7,7,355.0,-430.0,10.5,-113.0,102.0,46.0,101.0,-113.0,1,outdoors,grass,,,00-0032268,00-0019596,Marcus Mariota,Tom Brady,Arthur Smith,Todd Bowles,Jerome Boger,TAM00,Raymond James Stadium,0
2022_05_TEN_WAS,2022,REG,5,2022-10-09,Sunday,13:00,TEN,21.0,WAS,17.0,Home,-4.0,38.0,0.0,2022100909,58912.0,,202210090was,,401437771,5953.0,7,7,-110.0,-100.0,-1.0,-102.0,-108.0,43.0,-106.0,-106.0,0,outdoors,grass,,,00-0029701,00-0032950,Ryan Tannehill,Carson Wentz,Mike Vrabel,Ron Rivera,Land Clark,WAS00,FedExField,0
2022_05_SF_CAR,2022,REG,5,2022-10-09,Sunday,16:05,SF,37.0,CAR,15.0,Home,-22.0,52.0,0.0,2022100910,58913.0,,202210090car,,401437772,5954.0,6,7,-234.0,206.0,-6.0,-102.0,-109.0,40.0,-104.0,-108.0,0,outdoors,grass,,,00-0031345,00-0034855,Jimmy Garoppolo,Baker Mayfield,Kyle Shanahan,Matt Rhule,Shawn Smith,CAR00,Bank of America Stadium,0
2022_05_PHI_ARI,2022,REG,5,2022-10-09,Sunday,16:25,PHI,20.0,ARI,17.0,Home,-3.0,37.0,0.0,2022100911,58914.0,,202210090crd,,401437773,5955.0,7,7,-222.0,196.0,-5.5,101.0,-111.0,48.5,101.0,-113.0,0,closed,grass,,,00-0036389,00-0035228,Jalen Hurts,Kyler Murray,Nick Sirianni,Kliff Kingsbury,Tra Blake,PHO00,State Farm Stadium,1
2022_05_DAL_LA,2022,REG,5,2022-10-09,Sunday,16:25,DAL,22.0,LA,10.0,Home,-12.0,32.0,0.0,2022100912,58915.0,,202210090ram,,401437774,5956.0,7,6,195.0,-220.0,5.5,-112.0,102.0,42.0,-106.0,-106.0,0,dome,matrixturf,,,00-0033662,00-0026498,Cooper Rush,Matthew Stafford,Mike McCarthy,Sean McVay,Bill Vinovich,LAX01,SoFi Stadium,1
2022_05_CIN_BAL,2022,REG,5,2022-10-09,Sunday,20:20,CIN,17.0,BAL,19.0,Home,2.0,36.0,0.0,2022100913,58916.0,,202210090rav,,401437775,5957.0,10,7,151.0,-168.0,3.0,103.0,-114.0,47.5,-104.0,-108.0,1,outdoors,grass,,,00-0036442,00-0034796,Joe Burrow,Lamar Jackson,Zac Taylor,John Harbaugh,Scott Novak,BAL00,M&T Bank Stadium,0
2022_05_LV_KC,2022,REG,5,2022-10-10,Monday,20:15,LV,29.0,KC,30.0,Home,1.0,59.0,0.0,2022101000,58917.0,,202210100kan,,401437776,5958.0,8,8,275.0,-321.0,7.5,-125.0,113.0,51.5,-109.0,-103.0,1,outdoors,grass,,,00-0031280,00-0033873,Derek Carr,Patrick Mahomes,Josh McDaniels,Andy Reid,Carl Cheffers,KAN00,GEHA Field at Arrowhead Stadium,0
2022_06_WAS_CHI,2022,REG,6,2022-10-13,Thursday,20:15,WAS,12.0,CHI,7.0,Home,-5.0,19.0,0.0,2022101300,58918.0,,202210130chi,,401437777,5959.0,4,4,-120.0,109.0,-1.0,-112.0,102.0,38.5,-105.0,-107.0,0,outdoors,grass,,,00-0032950,00-0036945,Carson Wentz,Justin Fields,Ron Rivera,Matt Eberflus,Adrian Hill,CHI98,Soldier Field,0
2022_06_SF_ATL,2022,REG,6,2022-10-16,Sunday,13:00,SF,14.0,ATL,28.0,Home,14.0,42.0,0.0,2022101600,58919.0,,202210160atl,,401437778,5960.0,7,7,-185.0,166.0,-3.5,-100.0,-110.0,46.0,-109.0,-103.0,0,open,fieldturf,,,00-0031345,00-0032268,Jimmy Garoppolo,Marcus Mariota,Kyle Shanahan,Arthur Smith,Carl Cheffers,ATL97,Mercedes-Benz Stadium,0
2022_06_NE_CLE,2022,REG,6,2022-10-16,Sunday,13:00,NE,38.0,CLE,15.0,Home,-23.0,53.0,0.0,2022101601,58920.0,,202210160cle,,401437779,5961.0,7,7,127.0,-140.0,2.5,101.0,-111.0,43.0,-104.0,-108.0,0,outdoors,grass,,,00-0038108,00-0033119,Bailey Zappe,Jacoby Brissett,Bill Belichick,Kevin Stefanski,Scott Novak,CLE00,FirstEnergy Stadium,0
2022_06_NYJ_GB,2022,REG,6,2022-10-16,Sunday,13:00,NYJ,27.0,GB,10.0,Home,-17.0,37.0,0.0,2022101602,58921.0,,202210160gnb,,401437780,5962.0,7,7,305.0,-362.0,7.5,-101.0,-109.0,44.5,-101.0,-111.0,0,outdoors,grass,,,00-0037013,00-0023459,Zach Wilson,Aaron Rodgers,Robert Saleh,Matt LaFleur,Clete Blakeman,GNB00,Lambeau Field,0
2022_06_JAX_IND,2022,REG,6,2022-10-16,Sunday,13:00,JAX,27.0,IND,34.0,Home,7.0,61.0,0.0,2022101603,58922.0,,202210160clt,,401437781,5963.0,7,10,110.0,-122.0,1.0,103.0,-114.0,41.0,100.0,-113.0,1,open,fieldturf,,,00-0036971,00-0026143,Trevor Lawrence,Matt Ryan,Doug Pederson,Frank Reich,Jerome Boger,IND00,Lucas Oil Stadium,0
2022_06_MIN_MIA,2022,REG,6,2022-10-16,Sunday,13:00,MIN,24.0,MIA,16.0,Home,-8.0,40.0,0.0,2022101604,58923.0,,202210160mia,,401437782,5964.0,7,7,-175.0,157.0,-3.0,-120.0,109.0,45.0,-107.0,-105.0,0,outdoors,grass,,,00-0029604,00-0031237,Kirk Cousins,Teddy Bridgewater,Kevin O'Connell,Mike McDaniel,Brad Rogers,MIA00,Hard Rock Stadium,0
2022_06_CIN_NO,2022,REG,6,2022-10-16,Sunday,13:00,CIN,30.0,NO,26.0,Home,-4.0,56.0,0.0,2022101605,58924.0,,202210160nor,,401437783,5965.0,7,7,-164.0,148.0,-3.0,-110.0,100.0,42.5,-104.0,-108.0,0,dome,sportturf,,,00-0036442,00-0027973,Joe Burrow,Andy Dalton,Zac Taylor,Dennis Allen,Land Clark,NOR00,Mercedes-Benz Superdome,1
2022_06_BAL_NYG,2022,REG,6,2022-10-16,Sunday,13:00,BAL,20.0,NYG,24.0,Home,4.0,44.0,0.0,2022101606,58925.0,,202210160nyg,,401437784,5966.0,7,7,-234.0,206.0,-5.5,-107.0,-103.0,46.0,-110.0,-102.0,0,outdoors,fieldturf,,,00-0034796,00-0035710,Lamar Jackson,Daniel Jones,John Harbaugh,Brian Daboll,Clay Martin,NYC01,MetLife Stadium,0
2022_06_TB_PIT,2022,REG,6,2022-10-16,Sunday,13:00,TB,18.0,PIT,20.0,Home,2.0,38.0,0.0,2022101607,58926.0,,202210160pit,,401437785,5967.0,7,7,-386.0,323.0,-10.0,103.0,-113.0,47.0,-117.0,104.0,0,outdoors,grass,,,00-0019596,00-0038102,Tom Brady,Kenny Pickett,Todd Bowles,Mike Tomlin,Shawn Smith,PIT00,Acrisure Stadium,0
2022_06_CAR_LA,2022,REG,6,2022-10-16,Sunday,16:05,CAR,10.0,LA,24.0,Home,14.0,34.0,0.0,2022101608,58927.0,,202210160ram,,401437786,5968.0,7,7,343.0,-413.0,10.0,-112.0,102.0,41.5,-109.0,-103.0,0,dome,matrixturf,,,00-0033275,00-0026498,Phillip Walker,Matthew Stafford,Steve Wilks,Sean McVay,Tra Blake,LAX01,SoFi Stadium,1
2022_06_ARI_SEA,2022,REG,6,2022-10-16,Sunday,16:05,ARI,9.0,SEA,19.0,Home,10.0,28.0,0.0,2022101609,58928.0,,202210160sea,,401437787,5969.0,7,7,-136.0,123.0,-2.5,-106.0,-104.0,50.0,-102.0,-110.0,1,outdoors,fieldturf,,,00-0035228,00-0030565,Kyler Murray,Geno Smith,Kliff Kingsbury,Pete Carroll,Shawn Hochuli,SEA00,Lumen Field,0
2022_06_BUF_KC,2022,REG,6,2022-10-16,Sunday,16:25,BUF,24.0,KC,20.0,Home,-4.0,44.0,0.0,2022101610,58929.0,,202210160kan,,401437788,5970.0,7,6,-146.0,132.0,-2.5,-116.0,105.0,54.0,-105.0,-107.0,0,outdoors,grass,,,00-0034857,00-0033873,Josh Allen,Patrick Mahomes,Sean McDermott,Andy Reid,Brad Allen,KAN00,GEHA Field at Arrowhead Stadium,0
2022_06_DAL_PHI,2022,REG,6,2022-10-16,Sunday,20:20,DAL,17.0,PHI,26.0,Home,9.0,43.0,0.0,2022101611,58930.0,,202210160phi,,401437789,5971.0,7,7,252.0,-292.0,6.5,109.0,-120.0,42.5,-104.0,-108.0,1,outdoors,grass,,,00-0033662,00-0036389,Cooper Rush,Jalen Hurts,Mike McCarthy,Nick Sirianni,John Hussey,PHI00,Lincoln Financial Field,0
2022_06_DEN_LAC,2022,REG,6,2022-10-17,Monday,20:15,DEN,16.0,LAC,19.0,Home,3.0,35.0,1.0,2022101700,58931.0,,202210170sdg,,401437790,5972.0,11,8,166.0,-186.0,3.5,-103.0,-107.0,45.5,-115.0,102.0,1,dome,matrixturf,,,00-0029263,00-0036355,Russell Wilson,Justin Herbert,Nathaniel Hackett,Brandon Staley,Ron Torbert,LAX01,SoFi Stadium,1
2022_07_NO_ARI,2022,REG,7,2022-10-20,Thursday,20:15,NO,34.0,ARI,42.0,Home,8.0,76.0,0.0,2022102000,58932.0,,202210200crd,,401437791,5973.0,4,4,126.0,-140.0,2.5,-101.0,-109.0,44.0,-114.0,101.0,0,open,grass,,,00-0027973,00-0035228,Andy Dalton,Kyler Murray,Dennis Allen,Kliff Kingsbury,Jerome Boger,PHO00,State Farm Stadium,0
2022_07_CLE_BAL,2022,REG,7,2022-10-23,Sunday,13:00,CLE,20.0,BAL,23.0,Home,3.0,43.0,0.0,2022102300,58933.0,,202210230rav,,401437792,5974.0,7,7,244.0,-282.0,6.5,100.0,-110.0,46.0,-100.0,-112.0,1,outdoors,grass,,,00-0033119,00-0034796,Jacoby Brissett,Lamar Jackson,Kevin Stefanski,John Harbaugh,Shawn Smith,BAL00,M&T Bank Stadium,0
2022_07_TB_CAR,2022,REG,7,2022-10-23,Sunday,13:00,TB,3.0,CAR,21.0,Home,18.0,24.0,0.0,2022102301,58934.0,,202210230car,,401437793,5975.0,7,7,-680.0,524.0,-13.0,-103.0,-107.0,39.5,-116.0,103.0,1,outdoors,grass,,,00-0019596,00-0033275,Tom Brady,Phillip Walker,Todd Bowles,Steve Wilks,Craig Wrolstad,CAR00,Bank of America Stadium,0
2022_07_ATL_CIN,2022,REG,7,2022-10-23,Sunday,13:00,ATL,17.0,CIN,35.0,Home,18.0,52.0,0.0,2022102302,58935.0,,202210230cin,,401437794,5976.0,7,7,235.0,-271.0,6.5,-100.0,-110.0,47.5,100.0,-112.0,0,outdoors,fieldturf,,,00-0032268,00-0036442,Marcus Mariota,Joe Burrow,Arthur Smith,Zac Taylor,Clete Blakeman,CIN00,Paycor Stadium,0
2022_07_DET_DAL,2022,REG,7,2022-10-23,Sunday,13:00,DET,6.0,DAL,24.0,Home,18.0,30.0,0.0,2022102303,58936.0,,202210230dal,,401437795,5977.0,14,7,241.0,-278.0,7.0,-112.0,102.0,49.5,-102.0,-110.0,0,closed,matrixturf,,,00-0033106,00-0033077,Jared Goff,Dak Prescott,Dan Campbell,Mike McCarthy,Adrian Hill,DAL00,AT&T Stadium,1
2022_07_NYG_JAX,2022,REG,7,2022-10-23,Sunday,13:00,NYG,23.0,JAX,17.0,Home,-6.0,40.0,0.0,2022102304,58937.0,,202210230jax,,401437796,5978.0,7,7,148.0,-165.0,3.0,102.0,-112.0,44.0,-105.0,-107.0,0,outdoors,grass,,,00-0035710,00-0036971,Daniel Jones,Trevor Lawrence,Brian Daboll,Doug Pederson,Tra Blake,JAX00,TIAA Bank Stadium,0
2022_07_IND_TEN,2022,REG,7,2022-10-23,Sunday,13:00,IND,10.0,TEN,19.0,Home,9.0,29.0,0.0,2022102305,58938.0,,202210230oti,,401437797,5979.0,7,14,129.0,-143.0,2.5,-102.0,-108.0,43.0,-104.0,-109.0,1,outdoors,grass,,,00-0026143,00-0029701,Matt Ryan,Ryan Tannehill,Frank Reich,Mike Vrabel,Ron Torbert,NAS00,Nissan Stadium,0
2022_07_GB_WAS,2022,REG,7,2022-10-23,Sunday,13:00,GB,21.0,WAS,23.0,Home,2.0,44.0,0.0,2022102306,58939.0,,202210230was,,401437798,5980.0,7,10,-195.0,173.0,-4.0,-102.0,-108.0,41.5,-105.0,-107.0,0,outdoors,grass,,,00-0023459,00-0031800,Aaron Rodgers,Taylor Heinicke,Matt LaFleur,Ron Rivera,Clay Martin,WAS00,FedExField,0
2022_07_NYJ_DEN,2022,REG,7,2022-10-23,Sunday,16:05,NYJ,16.0,DEN,9.0,Home,-7.0,25.0,0.0,2022102307,58940.0,,202210230den,,401437799,5981.0,7,6,-127.0,115.0,-2.0,-106.0,-104.0,37.0,-114.0,101.0,0,outdoors,grass,,,00-0037013,00-0034955,Zach Wilson,Brett Rypien,Robert Saleh,Nathaniel Hackett,Bill Vinovich,DEN00,Empower Field at Mile High,0
2022_07_HOU_LV,2022,REG,7,2022-10-23,Sunday,16:05,HOU,20.0,LV,38.0,Home,18.0,58.0,0.0,2022102308,58941.0,,202210230rai,,401437800,5982.0,14,13,278.0,-325.0,7.0,104.0,-115.0,46.0,-104.0,-108.0,0,dome,grass,,,00-0036898,00-0031280,Davis Mills,Derek Carr,Lovie Smith,Josh McDaniels,John Hussey,VEG00,Allegiant Stadium,1
2022_07_SEA_LAC,2022,REG,7,2022-10-23,Sunday,16:25,SEA,37.0,LAC,23.0,Home,-14.0,60.0,0.0,2022102309,58942.0,,202210230sdg,,401437801,5983.0,7,6,193.0,-219.0,5.5,-111.0,101.0,51.5,-114.0,101.0,0,dome,matrixturf,,,00-0030565,00-0036355,Geno Smith,Justin Herbert,Pete Carroll,Brandon Staley,Land Clark,LAX01,SoFi Stadium,1
2022_07_KC_SF,2022,REG,7,2022-10-23,Sunday,16:25,KC,44.0,SF,23.0,Home,-21.0,67.0,0.0,2022102310,58943.0,,202210230sfo,,401437802,5984.0,7,7,-106.0,-104.0,-1.0,102.0,-112.0,49.0,-114.0,101.0,0,outdoors,,,,00-0033873,00-0031345,Patrick Mahomes,Jimmy Garoppolo,Andy Reid,Kyle Shanahan,Alex Kemp,SFO01,Levi's Stadium,0
2022_07_PIT_MIA,2022,REG,7,2022-10-23,Sunday,20:20,PIT,10.0,MIA,16.0,Home,6.0,26.0,0.0,2022102311,58944.0,,202210230mia,,401437803,5985.0,7,7,255.0,-297.0,7.5,-119.0,108.0,44.5,-107.0,-105.0,0,outdoors,grass,,,00-0038102,00-0036212,Kenny Pickett,Tua Tagovailoa,Mike Tomlin,Mike McDaniel,Scott Novak,MIA00,Hard Rock Stadium,0
2022_07_CHI_NE,2022,REG,7,2022-10-24,Monday,20:15,CHI,33.0,NE,14.0,Home,-19.0,47.0,0.0,2022102400,58945.0,,202210240nwe,,401437804,5986.0,11,8,327.0,-392.0,9.5,-110.0,-100.0,40.0,-106.0,-106.0,0,outdoors,fieldturf,,,00-0036945,00-0036972,Justin Fields,Mac Jones,Matt Eberflus,Bill Belichick,Brad Allen,BOS00,Gillette Stadium,0
2022_08_BAL_TB,2022,REG,8,2022-10-27,Thursday,20:15,BAL,27.0,TB,22.0,Home,-5.0,49.0,0.0,2022102700,58946.0,,202210270tam,,401437805,5987.0,4,4,116.0,-128.0,2.0,-104.0,-106.0,46.0,-102.0,-110.0,0,outdoors,grass,,,00-0034796,00-0019596,Lamar Jackson,Tom Brady,John Harbaugh,Todd Bowles,Carl Cheffers,TAM00,Raymond James Stadium,0
2022_08_DEN_JAX,2022,REG,8,2022-10-30,Sunday,09:30,DEN,21.0,JAX,17.0,Neutral,-4.0,38.0,0.0,2022103000,58947.0,,202210300jax,,401435641,5988.0,7,7,-103.0,-107.0,1.0,-112.0,101.0,41.0,-103.0,-109.0,0,outdoors,,,,00-0029263,00-0036971,Russell Wilson,Trevor Lawrence,Nathaniel Hackett,Doug Pederson,Adrian Hill,LON00,Wembley Stadium,0
2022_08_CAR_ATL,2022,REG,8,2022-10-30,Sunday,13:00,CAR,34.0,ATL,37.0,Home,3.0,71.0,1.0,2022103001,58948.0,,202210300atl,,401437806,5989.0,7,7,178.0,-201.0,4.5,-110.0,-100.0,41.0,-106.0,-106.0,1,closed,fieldturf,,,00-0033275,00-0032268,Phillip Walker,Marcus Mariota,Steve Wilks,Arthur Smith,Shawn Hochuli,ATL97,Mercedes-Benz Stadium,1
2022_08_CHI_DAL,2022,REG,8,2022-10-30,Sunday,13:00,CHI,29.0,DAL,49.0,Home,20.0,78.0,0.0,2022103002,58949.0,,202210300dal,,401437807,5990.0,6,7,355.0,-430.0,10.5,-121.0,109.0,43.0,-108.0,-104.0,0,open,matrixturf,,,00-0036945,00-0033077,Justin Fields,Dak Prescott,Matt Eberflus,Mike McCarthy,Brad Rogers,DAL00,AT&T Stadium,0
2022_08_MIA_DET,2022,REG,8,2022-10-30,Sunday,13:00,MIA,31.0,DET,27.0,Home,-4.0,58.0,0.0,2022103003,58950.0,,202210300det,,401437808,5991.0,7,7,-190.0,169.0,-3.5,-112.0,102.0,52.0,-108.0,-104.0,0,dome,fieldturf,,,00-0036212,00-0033106,Tua Tagovailoa,Jared Goff,Mike McDaniel,Dan Campbell,Alex Kemp,DET00,Ford Field,1
2022_08_ARI_MIN,2022,REG,8,2022-10-30,Sunday,13:00,ARI,26.0,MIN,34.0,Home,8.0,60.0,0.0,2022103005,58951.0,,202210300min,,401437809,5992.0,10,14,177.0,-199.0,4.0,-105.0,-105.0,48.5,-106.0,-106.0,0,dome,sportturf,,,00-0035228,00-0029604,Kyler Murray,Kirk Cousins,Kliff Kingsbury,Kevin O'Connell,Brad Allen,MIN01,U.S. Bank Stadium,1
2022_08_LV_NO,2022,REG,8,2022-10-30,Sunday,13:00,LV,0.0,NO,24.0,Home,24.0,24.0,0.0,2022103006,58952.0,,202210300nor,,401437810,5993.0,7,10,-119.0,108.0,-1.0,-111.0,101.0,48.5,-111.0,-101.0,0,dome,sportturf,,,00-0031280,00-0031503,Derek Carr,Jameis Winston,Josh McDaniels,Dennis Allen,Scott Novak,NOR00,Mercedes-Benz Superdome,1
2022_08_NE_NYJ,2022,REG,8,2022-10-30,Sunday,13:00,NE,22.0,NYJ,17.0,Home,-5.0,39.0,0.0,2022103007,58953.0,,202210300nyj,,401437811,5994.0,6,7,-155.0,140.0,-3.0,-103.0,-107.0,40.0,-102.0,-110.0,1,outdoors,fieldturf,,,00-0036972,00-0037013,Mac Jones,Zach Wilson,Bill Belichick,Robert Saleh,Shawn Smith,NYC01,MetLife Stadium,0
2022_08_PIT_PHI,2022,REG,8,2022-10-30,Sunday,13:00,PIT,13.0,PHI,35.0,Home,22.0,48.0,0.0,2022103008,58954.0,,202210300phi,,401437812,5995.0,7,14,397.0,-490.0,11.0,102.0,-112.0,43.0,-110.0,-102.0,0,outdoors,grass,,,00-0038102,00-0036389,Kenny Pickett,Jalen Hurts,Mike Tomlin,Nick Sirianni,Clete Blakeman,PHI00,Lincoln Financial Field,0
2022_08_TEN_HOU,2022,REG,8,2022-10-30,Sunday,16:05,TEN,17.0,HOU,10.0,Home,-7.0,27.0,0.0,2022103004,58955.0,,202210300htx,,401437813,5996.0,7,7,-115.0,104.0,-1.0,-107.0,-103.0,39.0,-102.0,-110.0,1,closed,astroturf,,,00-0038128,00-0036898,Malik Willis,Davis Mills,Mike Vrabel,Lovie Smith,Clay Martin,HOU00,NRG Stadium,1
2022_08_WAS_IND,2022,REG,8,2022-10-30,Sunday,16:25,WAS,17.0,IND,16.0,Home,-1.0,33.0,0.0,2022103009,58956.0,,202210300clt,,401437814,5997.0,7,7,136.0,-151.0,3.0,-114.0,103.0,40.5,-110.0,-102.0,0,closed,fieldturf,,,00-0031800,00-0036879,Taylor Heinicke,Sam Ehlinger,Ron Rivera,Frank Reich,Craig Wrolstad,IND00,Lucas Oil Stadium,1
2022_08_SF_LA,2022,REG,8,2022-10-30,Sunday,16:25,SF,31.0,LA,14.0,Home,-17.0,45.0,0.0,2022103010,58957.0,,202210300ram,,401437815,5998.0,7,14,-104.0,-106.0,-1.0,103.0,-114.0,42.0,-103.0,-109.0,1,dome,matrixturf,,,00-0031345,00-0026498,Jimmy Garoppolo,Matthew Stafford,Kyle Shanahan,Sean McVay,John Hussey,LAX01,SoFi Stadium,1
2022_08_NYG_SEA,2022,REG,8,2022-10-30,Sunday,16:25,NYG,13.0,SEA,27.0,Home,14.0,40.0,0.0,2022103011,58958.0,,202210300sea,,401437816,5999.0,7,7,147.0,-164.0,3.0,-100.0,-110.0,44.5,-110.0,-102.0,0,outdoors,fieldturf,,,00-0035710,00-0030565,Daniel Jones,Geno Smith,Brian Daboll,Pete Carroll,Jerome Boger,SEA00,Lumen Field,0
2022_08_GB_BUF,2022,REG,8,2022-10-30,Sunday,20:20,GB,17.0,BUF,27.0,Home,10.0,44.0,0.0,2022103012,58959.0,,202210300buf,,401437817,6000.0,7,14,365.0,-445.0,10.5,-110.0,100.0,47.0,-104.0,-108.0,0,outdoors,a_turf,,,00-0023459,00-0034857,Aaron Rodgers,Josh Allen,Matt LaFleur,Sean McDermott,Ron Torbert,BUF00,New Era Field,0
2022_08_CIN_CLE,2022,REG,8,2022-10-31,Monday,20:15,CIN,13.0,CLE,32.0,Home,19.0,45.0,0.0,2022103100,58960.0,,202210310cle,,401437818,6001.0,8,8,-163.0,147.0,-3.0,-112.0,102.0,45.0,-102.0,-110.0,1,outdoors,grass,66.0,9.0,00-0036442,00-0033119,Joe Burrow,Jacoby Brissett,Zac Taylor,Kevin Stefanski,Bill Vinovich,CLE00,FirstEnergy Stadium,0
2022_09_PHI_HOU,2022,REG,9,2022-11-03,Thursday,20:15,PHI,29.0,HOU,17.0,Home,-12.0,46.0,0.0,2022110300,58961.0,,202211030htx,,401437819,6002.0,4,4,-702.0,539.0,-14.0,102.0,-113.0,45.5,-112.0,-101.0,0,closed,astroturf,,,00-0036389,00-0036898,Jalen Hurts,Davis Mills,Nick Sirianni,Lovie Smith,Craig Wrolstad,HOU00,NRG Stadium,1
2022_09_LAC_ATL,2022,REG,9,2022-11-06,Sunday,13:00,LAC,20.0,ATL,17.0,Home,-3.0,37.0,0.0,2022110600,58962.0,,202211060atl,,401437820,6003.0,14,7,-143.0,130.0,-2.5,-114.0,103.0,49.5,-105.0,-107.0,0,open,fieldturf,,,00-0036355,00-0032268,Justin Herbert,Marcus Mariota,Brandon Staley,Arthur Smith,John Hussey,ATL97,Mercedes-Benz Stadium,0
2022_09_MIA_CHI,2022,REG,9,2022-11-06,Sunday,13:00,MIA,35.0,CHI,32.0,Home,-3.0,67.0,0.0,2022110601,58963.0,,202211060chi,,401437821,6004.0,7,7,-193.0,172.0,-4.0,-103.0,-107.0,46.0,-104.0,-108.0,0,outdoors,grass,58.0,17.0,00-0036212,00-0036945,Tua Tagovailoa,Justin Fields,Mike McDaniel,Matt Eberflus,Ron Torbert,CHI98,Soldier Field,0
2022_09_CAR_CIN,2022,REG,9,2022-11-06,Sunday,13:00,CAR,21.0,CIN,42.0,Home,21.0,63.0,0.0,2022110602,58964.0,,202211060cin,,401437822,6005.0,7,6,282.0,-331.0,7.0,-100.0,-110.0,43.0,-114.0,101.0,0,outdoors,fieldturf,68.0,11.0,00-0033275,00-0036442,Phillip Walker,Joe Burrow,Steve Wilks,Zac Taylor,Alex Kemp,CIN00,Paycor Stadium,0
2022_09_GB_DET,2022,REG,9,2022-11-06,Sunday,13:00,GB,9.0,DET,15.0,Home,6.0,24.0,0.0,2022110603,58965.0,,202211060det,,401437823,6006.0,7,7,-191.0,170.0,-4.0,-107.0,-103.0,49.5,-107.0,-105.0,1,dome,fieldturf,,,00-0023459,00-0033106,Aaron Rodgers,Jared Goff,Matt LaFleur,Dan Campbell,Tra Blake,DET00,Ford Field,1
2022_09_LV_JAX,2022,REG,9,2022-11-06,Sunday,13:00,LV,20.0,JAX,27.0,Home,7.0,47.0,0.0,2022110604,58966.0,,202211060jax,,401437824,6007.0,7,7,-129.0,116.0,-2.5,-102.0,-108.0,47.5,105.0,-118.0,0,outdoors,grass,81.0,14.0,00-0031280,00-0036971,Derek Carr,Trevor Lawrence,Josh McDaniels,Doug Pederson,Bill Vinovich,JAX00,TIAA Bank Stadium,0
2022_09_IND_NE,2022,REG,9,2022-11-06,Sunday,13:00,IND,3.0,NE,26.0,Home,23.0,29.0,0.0,2022110605,58967.0,,202211060nwe,,401437825,6008.0,7,7,188.0,-212.0,5.0,-115.0,104.0,40.0,-109.0,-103.0,0,outdoors,fieldturf,78.0,13.0,00-0036879,00-0036972,Sam Ehlinger,Mac Jones,Frank Reich,Bill Belichick,Clay Martin,BOS00,Gillette Stadium,0
2022_09_BUF_NYJ,2022,REG,9,2022-11-06,Sunday,13:00,BUF,17.0,NYJ,20.0,Home,3.0,37.0,0.0,2022110606,58968.0,,202211060nyj,,401437826,6009.0,7,7,-494.0,400.0,-11.0,103.0,-114.0,46.0,-102.0,-110.0,1,outdoors,fieldturf,69.0,17.0,00-0034857,00-0037013,Josh Allen,Zach Wilson,Sean McDermott,Robert Saleh,Land Clark,NYC01,MetLife Stadium,0
2022_09_MIN_WAS,2022,REG,9,2022-11-06,Sunday,13:00,MIN,20.0,WAS,17.0,Home,-3.0,37.0,0.0,2022110607,58969.0,,202211060was,,401437827,6010.0,7,7,-169.0,151.0,-3.0,-119.0,108.0,43.5,-106.0,-106.0,0,outdoors,grass,71.0,11.0,00-0029604,00-0031800,Kirk Cousins,Taylor Heinicke,Kevin O'Connell,Ron Rivera,Jerome Boger,WAS00,FedExField,0
2022_09_SEA_ARI,2022,REG,9,2022-11-06,Sunday,16:05,SEA,31.0,ARI,21.0,Home,-10.0,52.0,0.0,2022110608,58970.0,,202211060crd,,401437828,6011.0,7,7,116.0,-128.0,1.5,102.0,-113.0,49.5,-115.0,103.0,1,open,grass,,,00-0030565,00-0035228,Geno Smith,Kyler Murray,Pete Carroll,Kliff Kingsbury,Carl Cheffers,PHO00,State Farm Stadium,0
2022_09_LA_TB,2022,REG,9,2022-11-06,Sunday,16:25,LA,13.0,TB,16.0,Home,3.0,29.0,0.0,2022110609,58971.0,,202211060tam,,401437829,6012.0,7,10,142.0,-158.0,3.0,-104.0,-106.0,43.0,-108.0,-104.0,0,outdoors,grass,88.0,2.0,00-0026498,00-0019596,Matthew Stafford,Tom Brady,Sean McVay,Todd Bowles,Shawn Hochuli,TAM00,Raymond James Stadium,0
2022_09_TEN_KC,2022,REG,9,2022-11-06,Sunday,20:20,TEN,17.0,KC,20.0,Home,3.0,37.0,1.0,2022110610,58972.0,,202211060kan,,401437830,6013.0,7,14,530.0,-689.0,14.0,-107.0,-103.0,45.0,-106.0,-106.0,0,outdoors,grass,54.0,7.0,00-0038128,00-0033873,Malik Willis,Patrick Mahomes,Mike Vrabel,Andy Reid,Clete Blakeman,KAN00,GEHA Field at Arrowhead Stadium,0
2022_09_BAL_NO,2022,REG,9,2022-11-07,Monday,20:15,BAL,27.0,NO,13.0,Home,-14.0,40.0,0.0,2022110700,58973.0,,202211070nor,,401437831,6014.0,11,8,-124.0,112.0,-1.0,-117.0,106.0,46.0,-108.0,-104.0,0,dome,sportturf,,,00-0034796,00-0027973,Lamar Jackson,Andy Dalton,John Harbaugh,Dennis Allen,Brad Rogers,NOR00,Mercedes-Benz Superdome,1
2022_10_ATL_CAR,2022,REG,10,2022-11-10,Thursday,20:15,ATL,15.0,CAR,25.0,Home,10.0,40.0,0.0,2022111000,58974.0,,202211100car,,401437832,6015.0,4,4,-132.0,119.0,-2.5,-103.0,-107.0,41.5,-106.0,-106.0,1,outdoors,grass,61.0,12.0,00-0032268,00-0033275,Marcus Mariota,Phillip Walker,Arthur Smith,Steve Wilks,Adrian Hill,CAR00,Bank of America Stadium,0
2022_10_SEA_TB,2022,REG,10,2022-11-13,Sunday,09:30,SEA,16.0,TB,21.0,Neutral,5.0,37.0,0.0,2022111300,58975.0,,202211130tam,,401435638,6016.0,7,7,124.0,-138.0,2.5,103.0,-114.0,45.0,-104.0,-108.0,0,outdoors,,,,00-0030565,00-0019596,Geno Smith,Tom Brady,Pete Carroll,Todd Bowles,John Hussey,GER00,Allianz Arena,0
2022_10_MIN_BUF,2022,REG,10,2022-11-13,Sunday,13:00,MIN,33.0,BUF,30.0,Home,-3.0,63.0,1.0,2022111301,58976.0,,202211130buf,,401437833,6017.0,7,7,230.0,-264.0,6.5,-104.0,-106.0,47.0,-105.0,-107.0,0,outdoors,a_turf,38.0,11.0,00-0029604,00-0034857,Kirk Cousins,Josh Allen,Kevin O'Connell,Sean McDermott,Craig Wrolstad,BUF00,New Era Field,0
2022_10_DET_CHI,2022,REG,10,2022-11-13,Sunday,13:00,DET,31.0,CHI,30.0,Home,-1.0,61.0,0.0,2022111302,58977.0,,202211130chi,,401437834,6018.0,7,7,143.0,-159.0,3.0,-105.0,-105.0,48.5,-114.0,101.0,1,outdoors,grass,34.0,13.0,00-0033106,00-0036945,Jared Goff,Justin Fields,Dan Campbell,Matt Eberflus,Land Clark,CHI98,Soldier Field,0
2022_10_JAX_KC,2022,REG,10,2022-11-13,Sunday,13:00,JAX,17.0,KC,27.0,Home,10.0,44.0,0.0,2022111303,58978.0,,202211130kan,,401437835,6019.0,7,7,333.0,-399.0,10.0,-120.0,109.0,51.5,-110.0,-102.0,0,outdoors,grass,33.0,7.0,00-0036971,00-0033873,Trevor Lawrence,Patrick Mahomes,Doug Pederson,Andy Reid,Brad Rogers,KAN00,GEHA Field at Arrowhead Stadium,0
2022_10_CLE_MIA,2022,REG,10,2022-11-13,Sunday,13:00,CLE,17.0,MIA,39.0,Home,22.0,56.0,0.0,2022111304,58979.0,,202211130mia,,401437836,6020.0,13,7,158.0,-177.0,3.0,112.0,-123.0,49.0,-102.0,-110.0,0,outdoors,grass,85.0,7.0,00-0033119,00-0036212,Jacoby Brissett,Tua Tagovailoa,Kevin Stefanski,Mike McDaniel,Shawn Hochuli,MIA00,Hard Rock Stadium,0
2022_10_HOU_NYG,2022,REG,10,2022-11-13,Sunday,13:00,HOU,16.0,NYG,24.0,Home,8.0,40.0,0.0,2022111305,58980.0,,202211130nyg,,401437837,6021.0,10,14,195.0,-221.0,5.5,-112.0,102.0,41.5,-109.0,-103.0,0,outdoors,fieldturf,50.0,15.0,00-0036898,00-0035710,Davis Mills,Daniel Jones,Lovie Smith,Brian Daboll,Bill Vinovich,NYC01,MetLife Stadium,0
2022_10_NO_PIT,2022,REG,10,2022-11-13,Sunday,13:00,NO,10.0,PIT,20.0,Home,10.0,30.0,0.0,2022111306,58981.0,,202211130pit,,401437838,6022.0,6,14,105.0,-116.0,1.0,-103.0,-107.0,39.5,-104.0,-109.0,0,outdoors,grass,37.0,15.0,00-0027973,00-0038102,Andy Dalton,Kenny Pickett,Dennis Allen,Mike Tomlin,Carl Cheffers,PIT00,Acrisure Stadium,0
2022_10_DEN_TEN,2022,REG,10,2022-11-13,Sunday,13:00,DEN,10.0,TEN,17.0,Home,7.0,27.0,0.0,2022111307,58982.0,,202211130oti,,401437839,6023.0,14,7,122.0,-135.0,2.5,-105.0,-105.0,40.0,-107.0,-105.0,0,outdoors,grass,36.0,9.0,00-0029263,00-0029701,Russell Wilson,Ryan Tannehill,Nathaniel Hackett,Mike Vrabel,Scott Novak,NAS00,Nissan Stadium,0
2022_10_IND_LV,2022,REG,10,2022-11-13,Sunday,16:05,IND,25.0,LV,20.0,Home,-5.0,45.0,0.0,2022111308,58983.0,,202211130rai,,401437840,6024.0,7,7,177.0,-199.0,4.5,-112.0,101.0,41.0,101.0,-114.0,0,dome,grass,,,00-0026143,00-0031280,Matt Ryan,Derek Carr,Jeff Saturday,Josh McDaniels,Tra Blake,VEG00,Allegiant Stadium,1
2022_10_DAL_GB,2022,REG,10,2022-11-13,Sunday,16:25,DAL,28.0,GB,31.0,Home,3.0,59.0,1.0,2022111309,58984.0,,202211130gnb,,401437131,6025.0,14,7,-199.0,177.0,-3.5,-113.0,102.0,44.5,-104.0,-108.0,0,outdoors,grass,33.0,8.0,00-0033077,00-0023459,Dak Prescott,Aaron Rodgers,Mike McCarthy,Matt LaFleur,Brad Allen,GNB00,Lambeau Field,0
2022_10_ARI_LA,2022,REG,10,2022-11-13,Sunday,16:25,ARI,27.0,LA,17.0,Home,-10.0,44.0,0.0,2022111310,58985.0,,202211130ram,,401437841,6026.0,7,7,160.0,-183.0,3.5,-110.0,-102.0,38.0,-108.0,-104.0,1,dome,matrixturf,,,00-0027688,00-0034899,Colt McCoy,John Wolford,Kliff Kingsbury,Sean McVay,Clete Blakeman,LAX01,SoFi Stadium,1
2022_10_LAC_SF,2022,REG,10,2022-11-13,Sunday,20:20,LAC,16.0,SF,22.0,Home,6.0,38.0,0.0,2022111311,58986.0,,202211130sfo,,401437842,6027.0,7,14,302.0,-357.0,8.5,-105.0,-105.0,45.5,101.0,-113.0,0,outdoors,grass,57.0,6.0,00-0036355,00-0031345,Justin Herbert,Jimmy Garoppolo,Brandon Staley,Kyle Shanahan,Shawn Smith,SFO01,Levi's Stadium,0
2022_10_WAS_PHI,2022,REG,10,2022-11-14,Monday,20:15,WAS,32.0,PHI,21.0,Home,-11.0,53.0,0.0,2022111400,58987.0,,202211140phi,,401437843,6028.0,8,11,405.0,-501.0,11.0,-107.0,-103.0,43.0,-103.0,-109.0,1,outdoors,grass,43.0,6.0,00-0031800,00-0036389,Taylor Heinicke,Jalen Hurts,Ron Rivera,Nick Sirianni,Alex Kemp,PHI00,Lincoln Financial Field,0
2022_11_TEN_GB,2022,REG,11,2022-11-17,Thursday,20:15,TEN,27.0,GB,17.0,Home,-10.0,44.0,0.0,2022111700,58988.0,,202211170gnb,,401437844,6029.0,4,4,153.0,-171.0,3.0,106.0,-117.0,40.5,-109.0,-103.0,0,outdoors,grass,25.0,11.0,00-0029701,00-0023459,Ryan Tannehill,Aaron Rodgers,Mike Vrabel,Matt LaFleur,Bill Vinovich,GNB00,Lambeau Field,0
2022_11_CHI_ATL,2022,REG,11,2022-11-20,Sunday,13:00,CHI,24.0,ATL,27.0,Home,3.0,51.0,0.0,2022112000,58989.0,,202211200atl,,401437845,6030.0,7,10,125.0,-138.0,3.0,-122.0,110.0,48.5,-108.0,-104.0,0,closed,fieldturf,,,00-0036945,00-0032268,Justin Fields,Marcus Mariota,Matt Eberflus,Arthur Smith,Tra Blake,ATL97,Mercedes-Benz Stadium,1
2022_11_CAR_BAL,2022,REG,11,2022-11-20,Sunday,13:00,CAR,3.0,BAL,13.0,Home,10.0,16.0,0.0,2022112001,58990.0,,202211200rav,,401437846,6031.0,10,13,503.0,-647.0,13.0,-117.0,106.0,42.0,-112.0,-100.0,0,outdoors,grass,36.0,2.0,00-0033275,00-0034796,Phillip Walker,Lamar Jackson,Steve Wilks,John Harbaugh,Jerome Boger,BAL00,M&T Bank Stadium,0
2022_11_CLE_BUF,2022,REG,11,2022-11-20,Sunday,13:00,CLE,23.0,BUF,31.0,Neutral,8.0,54.0,0.0,2022112002,58991.0,,202211200buf,,401437847,6032.0,7,7,298.0,-353.0,7.5,-103.0,-108.0,50.5,-103.0,-109.0,0,dome,fieldturf,,,00-0033119,00-0034857,Jacoby Brissett,Josh Allen,Kevin Stefanski,Sean McDermott,Adrian Hill,DET00,Ford Field,1
2022_11_WAS_HOU,2022,REG,11,2022-11-20,Sunday,13:00,WAS,23.0,HOU,10.0,Home,-13.0,33.0,0.0,2022112003,58992.0,,202211200htx,,401437848,6033.0,6,7,-150.0,135.0,-3.0,-100.0,-110.0,41.0,-106.0,-106.0,0,closed,astroturf,,,00-0031800,00-0036898,Taylor Heinicke,Davis Mills,Ron Rivera,Lovie Smith,Scott Novak,HOU00,NRG Stadium,1
2022_11_PHI_IND,2022,REG,11,2022-11-20,Sunday,13:00,PHI,17.0,IND,16.0,Home,-1.0,33.0,0.0,2022112004,58993.0,,202211200clt,,401437849,6034.0,6,7,-270.0,235.0,-6.5,-108.0,-102.0,45.5,-103.0,-109.0,0,closed,fieldturf,,,00-0036389,00-0036879,Jalen Hurts,Sam Ehlinger,Nick Sirianni,Jeff Saturday,Land Clark,IND00,Lucas Oil Stadium,1
2022_11_NYJ_NE,2022,REG,11,2022-11-20,Sunday,13:00,NYJ,3.0,NE,10.0,Home,7.0,13.0,0.0,2022112005,58994.0,,202211200nwe,,401437850,6035.0,14,14,163.0,-182.0,3.5,-109.0,-102.0,38.5,-103.0,-109.0,1,outdoors,fieldturf,42.0,2.0,00-0037013,00-0036972,Zach Wilson,Mac Jones,Robert Saleh,Bill Belichick,Carl Cheffers,BOS00,Gillette Stadium,0
2022_11_LA_NO,2022,REG,11,2022-11-20,Sunday,13:00,LA,20.0,NO,27.0,Home,7.0,47.0,0.0,2022112006,58995.0,,202211200nor,,401437851,6036.0,7,7,112.0,-124.0,2.5,-115.0,104.0,39.5,-106.0,-106.0,0,dome,sportturf,,,00-0026498,00-0027973,Matthew Stafford,Andy Dalton,Sean McVay,Dennis Allen,Ron Torbert,NOR00,Mercedes-Benz Superdome,1
2022_11_DET_NYG,2022,REG,11,2022-11-20,Sunday,13:00,DET,31.0,NYG,18.0,Home,-13.0,49.0,0.0,2022112007,58996.0,,202211200nyg,,401437852,6037.0,7,7,143.0,-159.0,3.0,-104.0,-107.0,44.0,103.0,-116.0,0,outdoors,fieldturf,35.0,21.0,00-0033106,00-0035710,Jared Goff,Daniel Jones,Dan Campbell,Brian Daboll,Brad Rogers,NYC01,MetLife Stadium,0
2022_11_LV_DEN,2022,REG,11,2022-11-20,Sunday,16:05,LV,22.0,DEN,16.0,Home,-6.0,38.0,1.0,2022112008,58997.0,,202211200den,,401437853,6038.0,7,7,131.0,-145.0,2.5,106.0,-117.0,41.5,-113.0,100.0,1,outdoors,grass,49.0,11.0,00-0031280,00-0029263,Derek Carr,Russell Wilson,Josh McDaniels,Nathaniel Hackett,Shawn Smith,DEN00,Empower Field at Mile High,0
2022_11_DAL_MIN,2022,REG,11,2022-11-20,Sunday,16:25,DAL,40.0,MIN,3.0,Home,-37.0,43.0,0.0,2022112010,58999.0,,202211200min,,401437855,6040.0,7,7,-131.0,118.0,-1.5,-115.0,104.0,48.5,-109.0,-103.0,0,dome,sportturf,,,00-0033077,00-0029604,Dak Prescott,Kirk Cousins,Mike McCarthy,Kevin O'Connell,Clay Martin,MIN01,U.S. Bank Stadium,1
2022_11_CIN_PIT,2022,REG,11,2022-11-20,Sunday,16:25,CIN,37.0,PIT,30.0,Home,-7.0,67.0,0.0,2022112011,59000.0,,202211200pit,,401437856,6041.0,14,7,-182.0,163.0,-3.5,101.0,-111.0,39.0,100.0,-112.0,1,outdoors,grass,27.0,12.0,00-0036442,00-0038102,Joe Burrow,Kenny Pickett,Zac Taylor,Mike Tomlin,Brad Allen,PIT00,Acrisure Stadium,0
2022_11_KC_LAC,2022,REG,11,2022-11-20,Sunday,20:20,KC,30.0,LAC,27.0,Home,-3.0,57.0,0.0,2022112009,58998.0,,202211200sdg,,401437854,6039.0,7,7,-231.0,203.0,-5.5,-102.0,-108.0,52.5,-102.0,-110.0,1,dome,matrixturf,,,00-0033873,00-0036355,Patrick Mahomes,Justin Herbert,Andy Reid,Brandon Staley,Shawn Hochuli,LAX01,SoFi Stadium,1
2022_11_SF_ARI,2022,REG,11,2022-11-21,Monday,20:15,SF,38.0,ARI,10.0,Neutral,-28.0,48.0,0.0,2022112100,59001.0,,202211210crd,,401435642,6042.0,8,8,-422.0,350.0,-10.0,103.0,-113.0,43.5,-114.0,101.0,1,outdoors,,,,00-0031345,00-0027688,Jimmy Garoppolo,Colt McCoy,Kyle Shanahan,Kliff Kingsbury,Craig Wrolstad,MEX00,Azteca Stadium,0
2022_12_BUF_DET,2022,REG,12,2022-11-24,Thursday,12:30,BUF,28.0,DET,25.0,Home,-3.0,53.0,0.0,2022112400,59002.0,,202211240det,,401437857,6043.0,4,4,-412.0,342.0,-10.0,105.0,-116.0,54.0,-102.0,-110.0,0,dome,fieldturf,,,00-0034857,00-0033106,Josh Allen,Jared Goff,Sean McDermott,Dan Campbell,Clete Blakeman,DET00,Ford Field,1
2022_12_NYG_DAL,2022,REG,12,2022-11-24,Thursday,16:30,NYG,20.0,DAL,28.0,Home,8.0,48.0,0.0,2022112401,59003.0,,202211240dal,,401437858,6044.0,4,4,363.0,-441.0,10.5,-114.0,104.0,45.5,-106.0,-106.0,1,closed,matrixturf,,,00-0035710,00-0033077,Daniel Jones,Dak Prescott,Brian Daboll,Mike McCarthy,Scott Novak,DAL00,AT&T Stadium,1
2022_12_NE_MIN,2022,REG,12,2022-11-24,Thursday,20:20,NE,26.0,MIN,33.0,Home,7.0,59.0,0.0,2022112402,59004.0,,202211240min,,401437859,6045.0,4,4,123.0,-136.0,2.5,-102.0,-108.0,42.5,-106.0,-106.0,0,dome,sportturf,,,00-0036972,00-0029604,Mac Jones,Kirk Cousins,Bill Belichick,Kevin O'Connell,Alex Kemp,MIN01,U.S. Bank Stadium,1
2022_12_DEN_CAR,2022,REG,12,2022-11-27,Sunday,13:00,DEN,10.0,CAR,23.0,Home,13.0,33.0,0.0,2022112700,59005.0,,202211270car,,401437860,6046.0,7,7,-116.0,105.0,-1.0,-109.0,-101.0,36.5,-111.0,-101.0,0,outdoors,grass,66.0,15.0,00-0029263,00-0034869,Russell Wilson,Sam Darnold,Nathaniel Hackett,Steve Wilks,Clay Martin,CAR00,Bank of America Stadium,0
2022_12_TB_CLE,2022,REG,12,2022-11-27,Sunday,13:00,TB,17.0,CLE,23.0,Home,6.0,40.0,1.0,2022112701,59006.0,,202211270cle,,401437861,6047.0,14,7,-169.0,151.0,-3.0,-118.0,107.0,42.0,-103.0,-109.0,0,outdoors,grass,56.0,14.0,00-0019596,00-0033119,Tom Brady,Jacoby Brissett,Todd Bowles,Kevin Stefanski,Tra Blake,CLE00,FirstEnergy Stadium,0
2022_12_BAL_JAX,2022,REG,12,2022-11-27,Sunday,13:00,BAL,27.0,JAX,28.0,Home,1.0,55.0,0.0,2022112702,59007.0,,202211270jax,,401437862,6048.0,7,14,-164.0,147.0,-3.5,111.0,-123.0,43.0,-102.0,-111.0,0,outdoors,grass,77.0,19.0,00-0034796,00-0036971,Lamar Jackson,Trevor Lawrence,John Harbaugh,Doug Pederson,Land Clark,JAX00,TIAA Bank Stadium,0
2022_12_HOU_MIA,2022,REG,12,2022-11-27,Sunday,13:00,HOU,15.0,MIA,30.0,Home,15.0,45.0,0.0,2022112703,59008.0,,202211270mia,,401437863,6049.0,7,14,613.0,-822.0,14.0,-101.0,-109.0,47.0,-103.0,-109.0,0,outdoors,grass,84.0,13.0,00-0034577,00-0036212,Kyle Allen,Tua Tagovailoa,Lovie Smith,Mike McDaniel,Jerome Boger,MIA00,Hard Rock Stadium,0
2022_12_CHI_NYJ,2022,REG,12,2022-11-27,Sunday,13:00,CHI,10.0,NYJ,31.0,Home,21.0,41.0,0.0,2022112704,59009.0,,202211270nyj,,401437864,6050.0,7,7,315.0,-375.0,8.5,-107.0,-103.0,36.5,-103.0,-109.0,0,outdoors,fieldturf,50.0,9.0,00-0032156,00-0034401,Trevor Siemian,Mike White,Matt Eberflus,Robert Saleh,John Hussey,NYC01,MetLife Stadium,0
2022_12_CIN_TEN,2022,REG,12,2022-11-27,Sunday,13:00,CIN,20.0,TEN,16.0,Home,-4.0,36.0,0.0,2022112705,59010.0,,202211270oti,,401437865,6051.0,7,10,-105.0,-105.0,-1.0,102.0,-113.0,43.0,-118.0,105.0,0,outdoors,grass,56.0,14.0,00-0036442,00-0029701,Joe Burrow,Ryan Tannehill,Zac Taylor,Mike Vrabel,Carl Cheffers,NAS00,Nissan Stadium,0
2022_12_ATL_WAS,2022,REG,12,2022-11-27,Sunday,13:00,ATL,13.0,WAS,19.0,Home,6.0,32.0,0.0,2022112706,59011.0,,202211270was,,401437866,6052.0,7,7,163.0,-183.0,3.5,-110.0,-100.0,40.5,-114.0,101.0,0,outdoors,grass,46.0,9.0,00-0032268,00-0031800,Marcus Mariota,Taylor Heinicke,Arthur Smith,Ron Rivera,Brad Rogers,WAS00,FedExField,0
2022_12_LAC_ARI,2022,REG,12,2022-11-27,Sunday,16:05,LAC,25.0,ARI,24.0,Home,-1.0,49.0,0.0,2022112707,59012.0,,202211270crd,,401437867,6053.0,7,6,-136.0,123.0,-2.5,-108.0,-102.0,48.5,-100.0,-112.0,0,closed,grass,,,00-0036355,00-0035228,Justin Herbert,Kyler Murray,Brandon Staley,Kliff Kingsbury,Ron Torbert,PHO00,State Farm Stadium,1
2022_12_LV_SEA,2022,REG,12,2022-11-27,Sunday,16:05,LV,40.0,SEA,34.0,Home,-6.0,74.0,1.0,2022112708,59013.0,,202211270sea,,401437868,6054.0,7,14,174.0,-196.0,4.0,-107.0,-103.0,47.5,-103.0,-109.0,0,outdoors,fieldturf,44.0,8.0,00-0031280,00-0030565,Derek Carr,Geno Smith,Josh McDaniels,Pete Carroll,Brad Allen,SEA00,Lumen Field,0
2022_12_LA_KC,2022,REG,12,2022-11-27,Sunday,16:25,LA,10.0,KC,26.0,Home,16.0,36.0,0.0,2022112709,59014.0,,202211270kan,,401437869,6055.0,7,7,768.0,-1088.0,16.5,-115.0,105.0,42.0,-108.0,-104.0,0,outdoors,grass,44.0,6.0,00-0035939,00-0033873,Bryce Perkins,Patrick Mahomes,Sean McVay,Andy Reid,Adrian Hill,KAN00,GEHA Field at Arrowhead Stadium,0
2022_12_NO_SF,2022,REG,12,2022-11-27,Sunday,16:25,NO,0.0,SF,13.0,Home,13.0,13.0,0.0,2022112710,59015.0,,202211270sfo,,401437870,6056.0,7,6,327.0,-392.0,9.5,-113.0,103.0,44.0,-116.0,103.0,0,outdoors,grass,59.0,2.0,00-0027973,00-0031345,Andy Dalton,Jimmy Garoppolo,Dennis Allen,Kyle Shanahan,Shawn Hochuli,SFO01,Levi's Stadium,0
2022_12_GB_PHI,2022,REG,12,2022-11-27,Sunday,20:20,GB,33.0,PHI,40.0,Home,7.0,73.0,0.0,2022112711,59016.0,,202211270phi,,401437871,6057.0,10,7,241.0,-278.0,6.5,-105.0,-105.0,46.0,-106.0,-106.0,0,outdoors,grass,62.0,24.0,00-0023459,00-0036389,Aaron Rodgers,Jalen Hurts,Matt LaFleur,Nick Sirianni,Shawn Smith,PHI00,Lincoln Financial Field,0
2022_12_PIT_IND,2022,REG,12,2022-11-28,Monday,20:15,PIT,24.0,IND,17.0,Home,-7.0,41.0,0.0,2022112800,59017.0,,202211280clt,,401437872,6058.0,8,8,116.0,-128.0,2.5,-110.0,-100.0,40.0,-114.0,101.0,0,closed,fieldturf,,,00-0038102,00-0026143,Kenny Pickett,Matt Ryan,Mike Tomlin,Jeff Saturday,Bill Vinovich,IND00,Lucas Oil Stadium,1
2022_13_BUF_NE,2022,REG,13,2022-12-01,Thursday,20:15,BUF,24.0,NE,10.0,Home,-14.0,34.0,0.0,2022120100,59018.0,,202212010nwe,,401437873,6059.0,7,7,-185.0,165.0,-3.5,-105.0,-105.0,43.5,-103.0,-109.0,1,outdoors,fieldturf,35.0,2.0,00-0034857,00-0036972,Josh Allen,Mac Jones,Sean McDermott,Bill Belichick,Shawn Hochuli,BOS00,Gillette Stadium,0
2022_13_PIT_ATL,2022,REG,13,2022-12-04,Sunday,13:00,PIT,19.0,ATL,16.0,Home,-3.0,35.0,0.0,2022120400,59019.0,,202212040atl,,401437874,6060.0,6,7,-113.0,103.0,-1.0,-105.0,-105.0,43.0,-108.0,-104.0,0,closed,fieldturf,,,00-0038102,00-0032268,Kenny Pickett,Marcus Mariota,Mike Tomlin,Arthur Smith,Ron Torbert,ATL97,Mercedes-Benz Stadium,1
2022_13_DEN_BAL,2022,REG,13,2022-12-04,Sunday,13:00,DEN,9.0,BAL,10.0,Home,1.0,19.0,0.0,2022120401,59020.0,,202212040rav,,401437875,6061.0,7,7,294.0,-347.0,9.5,-124.0,112.0,40.5,100.0,-113.0,0,outdoors,grass,63.0,8.0,00-0029263,00-0034796,Russell Wilson,Lamar Jackson,Nathaniel Hackett,John Harbaugh,Alex Kemp,BAL00,M&T Bank Stadium,0
2022_13_GB_CHI,2022,REG,13,2022-12-04,Sunday,13:00,GB,28.0,CHI,19.0,Home,-9.0,47.0,0.0,2022120402,59021.0,,202212040chi,,401437876,6062.0,7,7,-182.0,163.0,-4.0,105.0,-116.0,45.0,-114.0,101.0,1,outdoors,grass,38.0,12.0,00-0023459,00-0036945,Aaron Rodgers,Justin Fields,Matt LaFleur,Matt Eberflus,Scott Novak,CHI98,Soldier Field,0
2022_13_JAX_DET,2022,REG,13,2022-12-04,Sunday,13:00,JAX,14.0,DET,40.0,Home,26.0,54.0,0.0,2022120403,59022.0,,202212040det,,401437877,6063.0,7,10,107.0,-118.0,1.0,-100.0,-110.0,51.5,-114.0,101.0,0,dome,fieldturf,,,00-0036971,00-0033106,Trevor Lawrence,Jared Goff,Doug Pederson,Dan Campbell,Jerome Boger,DET00,Ford Field,1
2022_13_CLE_HOU,2022,REG,13,2022-12-04,Sunday,13:00,CLE,27.0,HOU,14.0,Home,-13.0,41.0,0.0,2022120404,59023.0,,202212040htx,,401437878,6064.0,7,7,-329.0,280.0,-7.5,-108.0,-102.0,47.0,-119.0,106.0,0,closed,astroturf,,,00-0033537,00-0034577,Deshaun Watson,Kyle Allen,Kevin Stefanski,Lovie Smith,Land Clark,HOU00,NRG Stadium,1
2022_13_NYJ_MIN,2022,REG,13,2022-12-04,Sunday,13:00,NYJ,22.0,MIN,27.0,Home,5.0,49.0,0.0,2022120405,59024.0,,202212040min,,401437879,6065.0,7,10,132.0,-146.0,3.0,-117.0,106.0,44.0,-108.0,-104.0,0,dome,sportturf,,,00-0034401,00-0029604,Mike White,Kirk Cousins,Robert Saleh,Kevin O'Connell,Clete Blakeman,MIN01,U.S. Bank Stadium,1
2022_13_WAS_NYG,2022,REG,13,2022-12-04,Sunday,13:00,WAS,20.0,NYG,20.0,Home,0.0,40.0,1.0,2022120406,59025.0,,202212040nyg,,401437880,6066.0,7,10,-124.0,113.0,-2.5,105.0,-116.0,40.0,-104.0,-108.0,1,outdoors,fieldturf,40.0,9.0,00-0031800,00-0035710,Taylor Heinicke,Daniel Jones,Ron Rivera,Brian Daboll,Brad Allen,NYC01,MetLife Stadium,0
2022_13_TEN_PHI,2022,REG,13,2022-12-04,Sunday,13:00,TEN,10.0,PHI,35.0,Home,25.0,45.0,0.0,2022120407,59026.0,,202212040phi,,401437881,6067.0,7,7,189.0,-213.0,5.0,-109.0,-101.0,44.5,101.0,-114.0,0,outdoors,grass,60.0,7.0,00-0029701,00-0036389,Ryan Tannehill,Jalen Hurts,Mike Vrabel,Nick Sirianni,Adrian Hill,PHI00,Lincoln Financial Field,0
2022_13_SEA_LA,2022,REG,13,2022-12-04,Sunday,16:05,SEA,27.0,LA,23.0,Home,-4.0,50.0,0.0,2022120408,59027.0,,202212040ram,,401437882,6068.0,7,7,-292.0,252.0,-7.0,107.0,-118.0,41.0,101.0,-114.0,1,dome,matrixturf,,,00-0030565,00-0034899,Geno Smith,John Wolford,Pete Carroll,Sean McVay,Shawn Smith,LAX01,SoFi Stadium,1
2022_13_MIA_SF,2022,REG,13,2022-12-04,Sunday,16:05,MIA,17.0,SF,33.0,Home,16.0,50.0,0.0,2022120409,59028.0,,202212040sfo,,401437883,6069.0,7,7,196.0,-222.0,4.5,101.0,-111.0,46.0,-110.0,-102.0,0,outdoors,grass,38.0,6.0,00-0036212,00-0031345,Tua Tagovailoa,Jimmy Garoppolo,Mike McDaniel,Kyle Shanahan,Tra Blake,SFO01,Levi's Stadium,0
2022_13_KC_CIN,2022,REG,13,2022-12-04,Sunday,16:25,KC,24.0,CIN,27.0,Home,3.0,51.0,0.0,2022120410,59029.0,,202212040cin,,401437884,6070.0,7,7,-132.0,120.0,-2.5,-108.0,-102.0,53.0,-107.0,-105.0,0,outdoors,fieldturf,57.0,2.0,00-0033873,00-0036442,Patrick Mahomes,Joe Burrow,Andy Reid,Zac Taylor,John Hussey,CIN00,Paycor Stadium,0
2022_13_LAC_LV,2022,REG,13,2022-12-04,Sunday,16:25,LAC,20.0,LV,27.0,Home,7.0,47.0,0.0,2022120411,59030.0,,202212040rai,,401437885,6071.0,7,7,125.0,-139.0,2.5,-102.0,-109.0,49.0,102.0,-114.0,1,dome,grass,,,00-0036355,00-0031280,Justin Herbert,Derek Carr,Brandon Staley,Josh McDaniels,Craig Wrolstad,VEG00,Allegiant Stadium,1
2022_13_IND_DAL,2022,REG,13,2022-12-04,Sunday,20:20,IND,19.0,DAL,54.0,Home,35.0,73.0,0.0,2022120412,59031.0,,202212040dal,,401437886,6072.0,6,10,376.0,-460.0,11.0,-109.0,-101.0,44.5,-104.0,-108.0,0,closed,matrixturf,,,00-0026143,00-0033077,Matt Ryan,Dak Prescott,Jeff Saturday,Mike McCarthy,Carl Cheffers,DAL00,AT&T Stadium,1
2022_13_NO_TB,2022,REG,13,2022-12-05,Monday,20:15,NO,16.0,TB,17.0,Home,1.0,33.0,0.0,2022120500,59032.0,,202212050tam,,401437887,6073.0,8,8,169.0,-190.0,3.5,-105.0,-105.0,41.0,-107.0,-105.0,1,outdoors,grass,69.0,2.0,00-0027973,00-0019596,Andy Dalton,Tom Brady,Dennis Allen,Todd Bowles,Clay Martin,TAM00,Raymond James Stadium,0
2022_14_LV_LA,2022,REG,14,2022-12-08,Thursday,20:15,LV,16.0,LA,17.0,Home,1.0,33.0,0.0,2022120800,59033.0,,202212080ram,,401437888,6074.0,4,4,-283.0,245.0,-6.5,-112.0,101.0,42.5,-115.0,102.0,0,dome,matrixturf,,,00-0031280,00-0034855,Derek Carr,Baker Mayfield,Josh McDaniels,Sean McVay,Brad Rogers,LAX01,SoFi Stadium,1
2022_14_NYJ_BUF,2022,REG,14,2022-12-11,Sunday,13:00,NYJ,12.0,BUF,20.0,Home,8.0,32.0,0.0,2022121100,59034.0,,202212110buf,,401437889,6075.0,7,10,332.0,-398.0,10.0,-108.0,-102.0,43.5,-104.0,-108.0,1,outdoors,a_turf,36.0,11.0,00-0034401,00-0034857,Mike White,Josh Allen,Robert Saleh,Sean McDermott,Alex Kemp,BUF00,New Era Field,0
2022_14_CLE_CIN,2022,REG,14,2022-12-11,Sunday,13:00,CLE,10.0,CIN,23.0,Home,13.0,33.0,0.0,2022121101,59035.0,,202212110cin,,401437890,6076.0,7,7,181.0,-204.0,4.5,-108.0,-102.0,47.0,-108.0,-105.0,1,outdoors,fieldturf,47.0,8.0,00-0033537,00-0036442,Deshaun Watson,Joe Burrow,Kevin Stefanski,Zac Taylor,Jerome Boger,CIN00,Paycor Stadium,0
2022_14_HOU_DAL,2022,REG,14,2022-12-11,Sunday,13:00,HOU,23.0,DAL,27.0,Home,4.0,50.0,0.0,2022121102,59036.0,,202212110dal,,401437891,6077.0,7,7,918.0,-1365.0,17.0,104.0,-115.0,44.5,-108.0,-104.0,0,closed,matrixturf,,,00-0036898,00-0033077,Davis Mills,Dak Prescott,Lovie Smith,Mike McCarthy,John Hussey,DAL00,AT&T Stadium,1
2022_14_MIN_DET,2022,REG,14,2022-12-11,Sunday,13:00,MIN,23.0,DET,34.0,Home,11.0,57.0,0.0,2022121103,59037.0,,202212110det,,401437892,6078.0,7,7,119.0,-132.0,2.5,-108.0,-102.0,51.5,-110.0,-102.0,1,dome,fieldturf,,,00-0029604,00-0033106,Kirk Cousins,Jared Goff,Kevin O'Connell,Dan Campbell,Ron Torbert,DET00,Ford Field,1
2022_14_PHI_NYG,2022,REG,14,2022-12-11,Sunday,13:00,PHI,48.0,NYG,22.0,Home,-26.0,70.0,0.0,2022121104,59038.0,,202212110nyg,,401437893,6079.0,7,7,-302.0,260.0,-7.5,104.0,-115.0,44.5,-109.0,-103.0,1,outdoors,fieldturf,37.0,6.0,00-0036389,00-0035710,Jalen Hurts,Daniel Jones,Nick Sirianni,Brian Daboll,Clete Blakeman,NYC01,MetLife Stadium,0
2022_14_BAL_PIT,2022,REG,14,2022-12-11,Sunday,13:00,BAL,16.0,PIT,14.0,Home,-2.0,30.0,0.0,2022121105,59039.0,,202212110pit,,401437894,6080.0,7,7,112.0,-124.0,1.5,-101.0,-109.0,37.0,-114.0,101.0,1,outdoors,grass,42.0,12.0,00-0035993,00-0038102,Tyler Huntley,Kenny Pickett,John Harbaugh,Mike Tomlin,Adrian Hill,PIT00,Acrisure Stadium,0
2022_14_JAX_TEN,2022,REG,14,2022-12-11,Sunday,13:00,JAX,36.0,TEN,22.0,Home,-14.0,58.0,0.0,2022121106,59040.0,,202212110oti,,401437895,6081.0,7,7,151.0,-169.0,3.0,106.0,-117.0,42.0,-112.0,-101.0,1,outdoors,grass,54.0,8.0,00-0036971,00-0029701,Trevor Lawrence,Ryan Tannehill,Doug Pederson,Mike Vrabel,Clay Martin,NAS00,Nissan Stadium,0
2022_14_KC_DEN,2022,REG,14,2022-12-11,Sunday,16:05,KC,34.0,DEN,28.0,Home,-6.0,62.0,0.0,2022121110,59044.0,,202212110den,,401437899,6085.0,7,7,-394.0,329.0,-8.5,-108.0,-103.0,44.5,-112.0,-100.0,1,outdoors,grass,55.0,4.0,00-0033873,00-0029263,Patrick Mahomes,Russell Wilson,Andy Reid,Nathaniel Hackett,Craig Wrolstad,DEN00,Empower Field at Mile High,0
2022_14_CAR_SEA,2022,REG,14,2022-12-11,Sunday,16:25,CAR,30.0,SEA,24.0,Home,-6.0,54.0,0.0,2022121108,59042.0,,202212110sea,,401437898,6083.0,14,7,178.0,-200.0,3.5,106.0,-117.0,44.5,-109.0,-104.0,0,outdoors,fieldturf,45.0,4.0,00-0034869,00-0030565,Sam Darnold,Geno Smith,Steve Wilks,Pete Carroll,Bill Vinovich,SEA00,Lumen Field,0
2022_14_TB_SF,2022,REG,14,2022-12-11,Sunday,16:25,TB,7.0,SF,35.0,Home,28.0,42.0,0.0,2022121109,59043.0,,202212110sfo,,401437897,6084.0,6,7,175.0,-196.0,3.5,-107.0,-103.0,38.0,104.0,-117.0,0,outdoors,grass,54.0,8.0,00-0019596,00-0037834,Tom Brady,Brock Purdy,Todd Bowles,Kyle Shanahan,Brad Allen,SFO01,Levi's Stadium,0
2022_14_MIA_LAC,2022,REG,14,2022-12-11,Sunday,20:20,MIA,17.0,LAC,23.0,Home,6.0,40.0,0.0,2022121107,59041.0,,202212110sdg,,401437896,6082.0,7,7,-163.0,146.0,-3.0,-113.0,102.0,54.5,-102.0,-110.0,0,dome,matrixturf,,,00-0036212,00-0036355,Tua Tagovailoa,Justin Herbert,Mike McDaniel,Brandon Staley,Scott Novak,LAX01,SoFi Stadium,1
2022_14_NE_ARI,2022,REG,14,2022-12-12,Monday,20:15,NE,27.0,ARI,13.0,Home,-14.0,40.0,0.0,2022121200,59045.0,,202212120crd,,401437900,6086.0,11,15,-125.0,113.0,-2.0,-104.0,-106.0,44.0,-103.0,-110.0,0,closed,grass,,,00-0036972,00-0035228,Mac Jones,Kyler Murray,Bill Belichick,Kliff Kingsbury,Shawn Smith,PHO00,State Farm Stadium,1
2022_15_SF_SEA,2022,REG,15,2022-12-15,Thursday,20:15,SF,21.0,SEA,13.0,Home,-8.0,34.0,0.0,2022121500,59046.0,,202212150sea,,401437901,6087.0,4,4,-169.0,152.0,-3.0,-115.0,104.0,43.0,-109.0,-103.0,1,outdoors,fieldturf,,,00-0037834,00-0030565,Brock Purdy,Geno Smith,Kyle Shanahan,Pete Carroll,Alex Kemp,SEA00,Lumen Field,0
2022_15_IND_MIN,2022,REG,15,2022-12-17,Saturday,13:00,IND,36.0,MIN,39.0,Home,3.0,75.0,1.0,2022121700,59049.0,,202212170min,,401437904,6090.0,13,6,168.0,-188.0,3.5,-103.0,-107.0,46.5,-107.0,-105.0,0,dome,sportturf,,,00-0026143,00-0029604,Matt Ryan,Kirk Cousins,Jeff Saturday,Kevin O'Connell,Tra Blake,MIN01,U.S. Bank Stadium,1
2022_15_BAL_CLE,2022,REG,15,2022-12-17,Saturday,16:30,BAL,3.0,CLE,13.0,Home,10.0,16.0,0.0,2022121701,59048.0,,202212170cle,,401437903,6089.0,6,6,139.0,-155.0,2.5,113.0,-125.0,39.5,-107.0,-105.0,1,outdoors,grass,34.0,12.0,00-0035993,00-0033537,Tyler Huntley,Deshaun Watson,John Harbaugh,Kevin Stefanski,Brad Allen,CLE00,FirstEnergy Stadium,0
2022_15_MIA_BUF,2022,REG,15,2022-12-17,Saturday,20:15,MIA,29.0,BUF,32.0,Home,3.0,61.0,0.0,2022121702,59047.0,,202212170buf,,401437902,6088.0,6,6,273.0,-320.0,7.0,-104.0,-106.0,44.0,106.0,-119.0,1,outdoors,a_turf,29.0,4.0,00-0036212,00-0034857,Tua Tagovailoa,Josh Allen,Mike McDaniel,Sean McDermott,Bill Vinovich,BUF00,New Era Field,0
2022_15_PIT_CAR,2022,REG,15,2022-12-18,Sunday,13:00,PIT,24.0,CAR,16.0,Home,-8.0,40.0,0.0,2022121800,59052.0,,202212180car,,401437907,6093.0,7,7,130.0,-145.0,2.5,-100.0,-110.0,36.5,101.0,-114.0,0,outdoors,grass,47.0,7.0,00-0038102,00-0034869,Kenny Pickett,Sam Darnold,Mike Tomlin,Steve Wilks,Scott Novak,CAR00,Bank of America Stadium,0
2022_15_PHI_CHI,2022,REG,15,2022-12-18,Sunday,13:00,PHI,25.0,CHI,20.0,Home,-5.0,45.0,0.0,2022121801,59053.0,,202212180chi,,401437908,6094.0,7,14,-386.0,323.0,-8.5,-104.0,-106.0,48.0,-110.0,-103.0,0,outdoors,grass,17.0,17.0,00-0036389,00-0036945,Jalen Hurts,Justin Fields,Nick Sirianni,Matt Eberflus,Brad Rogers,CHI98,Soldier Field,0
2022_15_KC_HOU,2022,REG,15,2022-12-18,Sunday,13:00,KC,30.0,HOU,24.0,Home,-6.0,54.0,1.0,2022121802,59054.0,,202212180htx,,401437909,6095.0,7,7,-755.0,572.0,-14.5,109.0,-120.0,48.5,-109.0,-103.0,0,closed,astroturf,,,00-0033873,00-0036898,Patrick Mahomes,Davis Mills,Andy Reid,Lovie Smith,Carl Cheffers,HOU00,NRG Stadium,1
2022_15_DAL_JAX,2022,REG,15,2022-12-18,Sunday,13:00,DAL,34.0,JAX,40.0,Home,6.0,74.0,1.0,2022121803,59055.0,,202212180jax,,401437910,6096.0,7,7,-188.0,168.0,-4.0,100.0,-110.0,48.5,-103.0,-110.0,0,outdoors,grass,54.0,9.0,00-0033077,00-0036971,Dak Prescott,Trevor Lawrence,Mike McCarthy,Doug Pederson,Shawn Smith,JAX00,TIAA Bank Stadium,0
2022_15_ATL_NO,2022,REG,15,2022-12-18,Sunday,13:00,ATL,18.0,NO,21.0,Home,3.0,39.0,0.0,2022121809,59050.0,,202212180nor,,401437905,6091.0,14,13,203.0,-231.0,5.0,103.0,-113.0,43.5,-109.0,-103.0,1,dome,sportturf,,,00-0038122,00-0027973,Desmond Ridder,Andy Dalton,Arthur Smith,Dennis Allen,Clete Blakeman,NOR00,Mercedes-Benz Superdome,1
2022_15_DET_NYJ,2022,REG,15,2022-12-18,Sunday,13:00,DET,20.0,NYJ,17.0,Home,-3.0,37.0,0.0,2022121804,59056.0,,202212180nyj,,401437911,6097.0,7,7,120.0,-132.0,2.0,-100.0,-110.0,44.0,-109.0,-103.0,0,outdoors,fieldturf,38.0,13.0,00-0033106,00-0037013,Jared Goff,Zach Wilson,Dan Campbell,Robert Saleh,Craig Wrolstad,NYC01,MetLife Stadium,0
2022_15_ARI_DEN,2022,REG,15,2022-12-18,Sunday,16:05,ARI,15.0,DEN,24.0,Home,9.0,39.0,0.0,2022121805,59057.0,,202212180den,,401437912,6098.0,6,7,110.0,-121.0,1.5,-104.0,-106.0,37.5,-110.0,-103.0,0,outdoors,grass,37.0,4.0,00-0027688,00-0034955,Colt McCoy,Brett Rypien,Kliff Kingsbury,Nathaniel Hackett,Jerome Boger,DEN00,Empower Field at Mile High,0
2022_15_NE_LV,2022,REG,15,2022-12-18,Sunday,16:05,NE,24.0,LV,30.0,Home,6.0,54.0,0.0,2022121808,59060.0,,202212180rai,,401437915,6101.0,6,10,117.0,-129.0,1.0,111.0,-122.0,45.0,-105.0,-108.0,0,dome,grass,,,00-0036972,00-0031280,Mac Jones,Derek Carr,Bill Belichick,Josh McDaniels,Ron Torbert,VEG00,Allegiant Stadium,1
2022_15_TEN_LAC,2022,REG,15,2022-12-18,Sunday,16:25,TEN,14.0,LAC,17.0,Home,3.0,31.0,0.0,2022121806,59058.0,,202212180sdg,,401437913,6099.0,7,7,142.0,-158.0,3.0,-108.0,-102.0,46.5,-101.0,-112.0,0,dome,matrixturf,,,00-0029701,00-0036355,Ryan Tannehill,Justin Herbert,Mike Vrabel,Brandon Staley,Land Clark,LAX01,SoFi Stadium,1
2022_15_CIN_TB,2022,REG,15,2022-12-18,Sunday,16:25,CIN,34.0,TB,23.0,Home,-11.0,57.0,0.0,2022121807,59059.0,,202212180tam,,401437914,6100.0,7,7,-167.0,150.0,-3.5,108.0,-120.0,47.0,101.0,-114.0,0,outdoors,grass,66.0,6.0,00-0036442,00-0019596,Joe Burrow,Tom Brady,Zac Taylor,Todd Bowles,Adrian Hill,TAM00,Raymond James Stadium,0
2022_15_NYG_WAS,2022,REG,15,2022-12-18,Sunday,20:20,NYG,20.0,WAS,12.0,Home,-8.0,32.0,0.0,2022121810,59051.0,,202212180was,,401437906,6092.0,7,14,180.0,-203.0,4.5,-114.0,103.0,40.5,-104.0,-108.0,1,outdoors,grass,35.0,13.0,00-0035710,00-0031800,Daniel Jones,Taylor Heinicke,Brian Daboll,Ron Rivera,John Hussey,WAS00,FedExField,0
2022_15_LA_GB,2022,REG,15,2022-12-19,Monday,20:15,LA,12.0,GB,24.0,Home,12.0,36.0,0.0,2022121900,59061.0,,202212190gnb,,401437916,6102.0,11,15,301.0,-356.0,8.0,-111.0,101.0,39.5,-101.0,-111.0,0,outdoors,grass,15.0,4.0,00-0034855,00-0023459,Baker Mayfield,Aaron Rodgers,Sean McVay,Matt LaFleur,Shawn Hochuli,GNB00,Lambeau Field,0
2022_16_JAX_NYJ,2022,REG,16,2022-12-22,Thursday,20:15,JAX,19.0,NYJ,3.0,Home,-16.0,22.0,0.0,2022122200,59062.0,,202212220nyj,,401437917,6103.0,4,4,123.0,-136.0,2.5,-104.0,-106.0,36.5,-106.0,-106.0,0,outdoors,fieldturf,43.0,17.0,00-0036971,00-0037013,Trevor Lawrence,Zach Wilson,Doug Pederson,Robert Saleh,Brad Allen,NYC01,MetLife Stadium,0
2022_16_ATL_BAL,2022,REG,16,2022-12-24,Saturday,13:00,ATL,9.0,BAL,17.0,Home,8.0,26.0,0.0,2022122400,59063.0,,202212240rav,,401437918,6104.0,6,7,238.0,-274.0,6.5,-108.0,-102.0,35.0,-105.0,-107.0,0,outdoors,grass,17.0,9.0,00-0038122,00-0035993,Desmond Ridder,Tyler Huntley,Arthur Smith,John Harbaugh,Bill Vinovich,BAL00,M&T Bank Stadium,0
2022_16_DET_CAR,2022,REG,16,2022-12-24,Saturday,13:00,DET,23.0,CAR,37.0,Home,14.0,60.0,0.0,2022122401,59064.0,,202212240car,,401437919,6105.0,6,6,-129.0,117.0,-2.5,101.0,-111.0,43.5,-112.0,-100.0,0,outdoors,grass,20.0,12.0,00-0033106,00-0034869,Jared Goff,Sam Darnold,Dan Campbell,Steve Wilks,Shawn Hochuli,CAR00,Bank of America Stadium,0
2022_16_BUF_CHI,2022,REG,16,2022-12-24,Saturday,13:00,BUF,35.0,CHI,13.0,Home,-22.0,48.0,0.0,2022122402,59065.0,,202212240chi,,401437920,6106.0,7,6,-360.0,304.0,-8.0,-110.0,-100.0,40.0,102.0,-115.0,0,outdoors,grass,7.0,17.0,00-0034857,00-0036945,Josh Allen,Justin Fields,Sean McDermott,Matt Eberflus,Carl Cheffers,CHI98,Soldier Field,0
2022_16_NO_CLE,2022,REG,16,2022-12-24,Saturday,13:00,NO,17.0,CLE,10.0,Home,-7.0,27.0,0.0,2022122403,59066.0,,202212240cle,,401437921,6107.0,6,7,162.0,-181.0,3.0,111.0,-123.0,32.0,-108.0,-104.0,0,outdoors,grass,6.0,27.0,00-0027973,00-0033537,Andy Dalton,Deshaun Watson,Dennis Allen,Kevin Stefanski,Brad Rogers,CLE00,FirstEnergy Stadium,0
2022_16_SEA_KC,2022,REG,16,2022-12-24,Saturday,13:00,SEA,10.0,KC,24.0,Home,14.0,34.0,0.0,2022122404,59067.0,,202212240kan,,401437922,6108.0,9,6,367.0,-447.0,10.5,-107.0,-103.0,50.5,-105.0,-107.0,0,outdoors,grass,12.0,9.0,00-0030565,00-0033873,Geno Smith,Patrick Mahomes,Pete Carroll,Andy Reid,Clete Blakeman,KAN00,GEHA Field at Arrowhead Stadium,0
2022_16_NYG_MIN,2022,REG,16,2022-12-24,Saturday,13:00,NYG,24.0,MIN,27.0,Home,3.0,51.0,0.0,2022122405,59068.0,,202212240min,,401437923,6109.0,6,7,191.0,-215.0,4.5,-102.0,-108.0,48.0,-109.0,-104.0,0,dome,sportturf,,,00-0035710,00-0029604,Daniel Jones,Kirk Cousins,Brian Daboll,Kevin O'Connell,Adrian Hill,MIN01,U.S. Bank Stadium,1
2022_16_CIN_NE,2022,REG,16,2022-12-24,Saturday,13:00,CIN,22.0,NE,18.0,Home,-4.0,40.0,0.0,2022122406,59069.0,,202212240nwe,,401437924,6110.0,6,6,-151.0,136.0,-3.0,100.0,-110.0,42.0,-109.0,-103.0,0,outdoors,fieldturf,21.0,2.0,00-0036442,00-0036972,Joe Burrow,Mac Jones,Zac Taylor,Bill Belichick,Craig Wrolstad,BOS00,Gillette Stadium,0
2022_16_HOU_TEN,2022,REG,16,2022-12-24,Saturday,14:00,HOU,19.0,TEN,14.0,Home,-5.0,33.0,0.0,2022122407,59070.0,,202212240oti,,401437925,6111.0,6,6,153.0,-170.0,3.0,103.0,-113.0,34.0,-111.0,-101.0,1,outdoors,grass,22.0,14.0,00-0036898,00-0038128,Davis Mills,Malik Willis,Lovie Smith,Mike Vrabel,Shawn Smith,NAS00,Nissan Stadium,0
2022_16_WAS_SF,2022,REG,16,2022-12-24,Saturday,16:05,WAS,20.0,SF,37.0,Home,17.0,57.0,0.0,2022122408,59071.0,,202212240sfo,,401437926,6112.0,6,9,241.0,-279.0,6.5,-107.0,-103.0,37.5,-114.0,102.0,0,outdoors,grass,54.0,2.0,00-0031800,00-0037834,Taylor Heinicke,Brock Purdy,Ron Rivera,Kyle Shanahan,Jerome Boger,SFO01,Levi's Stadium,0
2022_16_PHI_DAL,2022,REG,16,2022-12-24,Saturday,16:25,PHI,34.0,DAL,40.0,Home,6.0,74.0,0.0,2022122409,59072.0,,202212240dal,,401437927,6113.0,6,6,178.0,-200.0,4.0,-104.0,-106.0,48.0,-112.0,-101.0,1,closed,matrixturf,,,00-0035289,00-0033077,Gardner Minshew,Dak Prescott,Nick Sirianni,Mike McCarthy,Alex Kemp,DAL00,AT&T Stadium,1
2022_16_LV_PIT,2022,REG,16,2022-12-24,Saturday,20:15,LV,10.0,PIT,13.0,Home,3.0,23.0,0.0,2022122410,59073.0,,202212240pit,,401437928,6114.0,6,6,127.0,-141.0,2.5,-108.0,-102.0,38.5,-110.0,-102.0,0,outdoors,grass,9.0,21.0,00-0031280,00-0038102,Derek Carr,Kenny Pickett,Josh McDaniels,Mike Tomlin,Tra Blake,PIT00,Acrisure Stadium,0
2022_16_GB_MIA,2022,REG,16,2022-12-25,Sunday,13:00,GB,26.0,MIA,20.0,Home,-6.0,46.0,0.0,2022122500,59074.0,,202212250mia,,401437929,6115.0,6,8,163.0,-182.0,3.5,-107.0,-103.0,49.0,-103.0,-109.0,0,outdoors,grass,45.0,14.0,00-0023459,00-0036212,Aaron Rodgers,Tua Tagovailoa,Matt LaFleur,Mike McDaniel,Land Clark,MIA00,Hard Rock Stadium,0
2022_16_DEN_LA,2022,REG,16,2022-12-25,Sunday,16:30,DEN,14.0,LA,51.0,Home,37.0,65.0,0.0,2022122501,59075.0,,202212250ram,,401436983,6116.0,7,6,-173.0,155.0,-3.0,-116.0,105.0,36.5,-109.0,-103.0,0,dome,matrixturf,,,00-0029263,00-0034855,Russell Wilson,Baker Mayfield,Nathaniel Hackett,Sean McVay,Ron Torbert,LAX01,SoFi Stadium,1
2022_16_TB_ARI,2022,REG,16,2022-12-25,Sunday,20:20,TB,19.0,ARI,16.0,Home,-3.0,35.0,1.0,2022122502,59076.0,,202212250crd,,401437930,6117.0,7,7,-320.0,273.0,-7.5,102.0,-113.0,41.5,-104.0,-108.0,0,open,grass,,,00-0019596,00-0035146,Tom Brady,Trace McSorley,Todd Bowles,Kliff Kingsbury,John Hussey,PHO00,State Farm Stadium,0
2022_16_LAC_IND,2022,REG,16,2022-12-26,Monday,20:15,LAC,20.0,IND,3.0,Home,-17.0,23.0,0.0,2022122600,59077.0,,202212260clt,,401437931,6118.0,8,9,-185.0,165.0,-3.5,-102.0,-108.0,44.5,-103.0,-109.0,0,closed,fieldturf,,,00-0036355,00-0029567,Justin Herbert,Nick Foles,Brandon Staley,Jeff Saturday,Clay Martin,IND00,Lucas Oil Stadium,1
2022_17_DAL_TEN,2022,REG,17,2022-12-29,Thursday,20:15,DAL,27.0,TEN,13.0,Home,-14.0,40.0,0.0,2022122900,59078.0,,202212290oti,,401437932,6119.0,5,5,-741.0,563.0,-14.0,-100.0,-110.0,41.0,-113.0,101.0,0,outdoors,grass,56.0,4.0,00-0033077,00-0033949,Dak Prescott,Joshua Dobbs,Mike McCarthy,Mike Vrabel,Shawn Hochuli,NAS00,Nissan Stadium,0
2022_17_ARI_ATL,2022,REG,17,2023-01-01,Sunday,13:00,ARI,19.0,ATL,20.0,Home,1.0,39.0,0.0,2023010100,59079.0,,202301010atl,,401437933,6120.0,7,8,241.0,-279.0,7.0,-119.0,108.0,41.0,-113.0,100.0,0,closed,fieldturf,,,00-0035040,00-0038122,David Blough,Desmond Ridder,Kliff Kingsbury,Arthur Smith,Alex Kemp,ATL97,Mercedes-Benz Stadium,1
2022_17_CHI_DET,2022,REG,17,2023-01-01,Sunday,13:00,CHI,10.0,DET,41.0,Home,31.0,51.0,0.0,2023010102,59081.0,,202301010det,,401437935,6122.0,8,8,194.0,-219.0,4.5,-105.0,-105.0,52.5,-111.0,-101.0,1,dome,fieldturf,,,00-0036945,00-0033106,Justin Fields,Jared Goff,Matt Eberflus,Dan Campbell,Adrian Hill,DET00,Ford Field,1
2022_17_JAX_HOU,2022,REG,17,2023-01-01,Sunday,13:00,JAX,31.0,HOU,3.0,Home,-28.0,34.0,0.0,2023010103,59082.0,,202301010htx,,401437936,6123.0,10,8,-187.0,167.0,-3.5,-104.0,-106.0,43.0,102.0,-115.0,1,closed,astroturf,,,00-0036971,00-0036898,Trevor Lawrence,Davis Mills,Doug Pederson,Lovie Smith,Scott Novak,HOU00,NRG Stadium,1
2022_17_DEN_KC,2022,REG,17,2023-01-01,Sunday,13:00,DEN,24.0,KC,27.0,Home,3.0,51.0,0.0,2023010104,59083.0,,202301010kan,,401437937,6124.0,7,8,544.0,-711.0,13.5,-114.0,104.0,46.0,-104.0,-108.0,1,outdoors,grass,47.0,2.0,00-0029263,00-0033873,Russell Wilson,Patrick Mahomes,Jay Rosburg,Andy Reid,Tra Blake,KAN00,GEHA Field at Arrowhead Stadium,0
2022_17_MIA_NE,2022,REG,17,2023-01-01,Sunday,13:00,MIA,21.0,NE,23.0,Home,2.0,44.0,0.0,2023010105,59084.0,,202301010nwe,,401437938,6125.0,7,8,144.0,-160.0,3.0,-106.0,-104.0,41.5,-107.0,-105.0,1,outdoors,fieldturf,53.0,2.0,00-0031237,00-0036972,Teddy Bridgewater,Mac Jones,Mike McDaniel,Bill Belichick,Brad Allen,BOS00,Gillette Stadium,0
2022_17_IND_NYG,2022,REG,17,2023-01-01,Sunday,13:00,IND,10.0,NYG,38.0,Home,28.0,48.0,0.0,2023010106,59085.0,,202301010nyg,,401437939,6126.0,6,8,202.0,-229.0,5.5,-105.0,-105.0,38.5,-103.0,-109.0,0,outdoors,fieldturf,52.0,14.0,00-0029567,00-0035710,Nick Foles,Daniel Jones,Jeff Saturday,Brian Daboll,Craig Wrolstad,NYC01,MetLife Stadium,0
2022_17_NO_PHI,2022,REG,17,2023-01-01,Sunday,13:00,NO,20.0,PHI,10.0,Home,-10.0,30.0,0.0,2023010107,59086.0,,202301010phi,,401437940,6127.0,8,8,198.0,-225.0,5.5,-110.0,-100.0,41.5,101.0,-113.0,0,outdoors,grass,54.0,11.0,00-0027973,00-0035289,Andy Dalton,Gardner Minshew,Dennis Allen,Nick Sirianni,Jerome Boger,PHI00,Lincoln Financial Field,0
2022_17_CAR_TB,2022,REG,17,2023-01-01,Sunday,13:00,CAR,24.0,TB,30.0,Home,6.0,54.0,0.0,2023010108,59087.0,,202301010tam,,401437941,6128.0,8,7,164.0,-184.0,3.5,-110.0,-100.0,40.5,-103.0,-109.0,1,outdoors,grass,75.0,2.0,00-0034869,00-0019596,Sam Darnold,Tom Brady,Steve Wilks,Todd Bowles,Brad Rogers,TAM00,Raymond James Stadium,0
2022_17_CLE_WAS,2022,REG,17,2023-01-01,Sunday,13:00,CLE,24.0,WAS,10.0,Home,-14.0,34.0,0.0,2023010109,59088.0,,202301010was,,401437942,6129.0,8,8,106.0,-117.0,1.0,-101.0,-110.0,41.5,-109.0,-103.0,0,outdoors,grass,59.0,9.0,00-0033537,00-0032950,Deshaun Watson,Carson Wentz,Kevin Stefanski,Ron Rivera,Bill Vinovich,WAS00,FedExField,0
2022_17_SF_LV,2022,REG,17,2023-01-01,Sunday,16:05,SF,37.0,LV,34.0,Home,-3.0,71.0,1.0,2023010110,59089.0,,202301010rai,,401437943,6130.0,8,8,-453.0,371.0,-10.0,-103.0,-107.0,41.5,-107.0,-105.0,0,dome,grass,,,00-0037834,00-0035264,Brock Purdy,Jarrett Stidham,Kyle Shanahan,Josh McDaniels,Clay Martin,VEG00,Allegiant Stadium,1
2022_17_NYJ_SEA,2022,REG,17,2023-01-01,Sunday,16:05,NYJ,6.0,SEA,23.0,Home,17.0,29.0,0.0,2023010111,59090.0,,202301010sea,,401437944,6131.0,10,8,-113.0,102.0,-1.0,-105.0,-105.0,43.0,-103.0,-109.0,0,outdoors,fieldturf,45.0,2.0,00-0034401,00-0030565,Mike White,Geno Smith,Robert Saleh,Pete Carroll,Ron Torbert,SEA00,Lumen Field,0
2022_17_MIN_GB,2022,REG,17,2023-01-01,Sunday,16:25,MIN,17.0,GB,41.0,Home,24.0,58.0,0.0,2023010112,59091.0,,202301010gnb,,401437945,6132.0,8,7,155.0,-173.0,3.0,106.0,-117.0,47.5,-103.0,-109.0,1,outdoors,grass,39.0,7.0,00-0029604,00-0023459,Kirk Cousins,Aaron Rodgers,Kevin O'Connell,Matt LaFleur,Carl Cheffers,GNB00,Lambeau Field,0
2022_17_LA_LAC,2022,REG,17,2023-01-01,Sunday,16:25,LA,10.0,LAC,31.0,Home,21.0,41.0,0.0,2023010113,59092.0,,202301010sdg,,401437946,6133.0,7,6,244.0,-283.0,6.5,-102.0,-108.0,41.5,-112.0,-100.0,0,dome,matrixturf,,,00-0034855,00-0036355,Baker Mayfield,Justin Herbert,Sean McVay,Brandon Staley,Clete Blakeman,LAX01,SoFi Stadium,1
2022_17_PIT_BAL,2022,REG,17,2023-01-01,Sunday,20:20,PIT,16.0,BAL,13.0,Home,-3.0,29.0,0.0,2023010101,59080.0,,202301010rav,,401437934,6121.0,8,8,110.0,-121.0,1.0,102.0,-113.0,35.5,-105.0,-107.0,1,outdoors,grass,44.0,2.0,00-0038102,00-0035993,Kenny Pickett,Tyler Huntley,Mike Tomlin,John Harbaugh,Land Clark,BAL00,M&T Bank Stadium,0
2022_18_KC_LV,2022,REG,18,2023-01-07,Saturday,16:30,KC,31.0,LV,13.0,Home,-18.0,44.0,0.0,2023010700,59107.0,,202301070rai,,401437961,6148.0,6,6,-407.0,338.0,-9.0,-105.0,-105.0,51.5,-108.0,-104.0,1,dome,grass,,,00-0033873,00-0035264,Patrick Mahomes,Jarrett Stidham,Andy Reid,Josh McDaniels,Scott Novak,VEG00,Allegiant Stadium,1
2022_18_TEN_JAX,2022,REG,18,2023-01-07,Saturday,20:15,TEN,16.0,JAX,20.0,Home,4.0,36.0,0.0,2023010701,59100.0,,202301070jax,,401437954,6141.0,9,6,227.0,-260.0,6.0,-106.0,-104.0,39.5,-106.0,-106.0,1,outdoors,grass,56.0,4.0,00-0033949,00-0036971,Joshua Dobbs,Trevor Lawrence,Mike Vrabel,Doug Pederson,Bill Vinovich,JAX00,TIAA Bank Stadium,0
2022_18_TB_ATL,2022,REG,18,2023-01-08,Sunday,13:00,TB,17.0,ATL,30.0,Home,13.0,47.0,0.0,2023010800,59094.0,,202301080atl,,401437948,6135.0,7,7,207.0,-235.0,6.0,-110.0,100.0,40.5,-106.0,-106.0,1,closed,fieldturf,,,00-0027948,00-0038122,Blaine Gabbert,Desmond Ridder,Todd Bowles,Arthur Smith,Land Clark,ATL97,Mercedes-Benz Stadium,1
2022_18_NE_BUF,2022,REG,18,2023-01-08,Sunday,13:00,NE,23.0,BUF,35.0,Home,12.0,58.0,0.0,2023010801,59095.0,,202301080buf,,401437949,6136.0,7,6,314.0,-373.0,8.0,104.0,-115.0,44.0,-104.0,-108.0,1,outdoors,a_turf,30.0,6.0,00-0036972,00-0034857,Mac Jones,Josh Allen,Bill Belichick,Sean McDermott,Clay Martin,BUF00,New Era Field,0
2022_18_MIN_CHI,2022,REG,18,2023-01-08,Sunday,13:00,MIN,29.0,CHI,13.0,Home,-16.0,42.0,0.0,2023010802,59096.0,,202301080chi,,401437950,6137.0,7,7,-260.0,227.0,-6.5,-104.0,-106.0,42.5,-103.0,-109.0,1,outdoors,grass,32.0,2.0,00-0029604,00-0033958,Kirk Cousins,Nathan Peterman,Kevin O'Connell,Matt Eberflus,Brad Allen,CHI98,Soldier Field,0
2022_18_BAL_CIN,2022,REG,18,2023-01-08,Sunday,13:00,BAL,16.0,CIN,27.0,Home,11.0,43.0,0.0,2023010803,59097.0,,202301080cin,,401437951,6138.0,7,6,474.0,-603.0,11.0,105.0,-116.0,39.0,-102.0,-110.0,1,outdoors,fieldturf,38.0,7.0,00-0037175,00-0036442,Anthony Brown,Joe Burrow,John Harbaugh,Zac Taylor,Ron Torbert,CIN00,Paycor Stadium,0
2022_18_HOU_IND,2022,REG,18,2023-01-08,Sunday,13:00,HOU,32.0,IND,31.0,Home,-1.0,63.0,0.0,2023010805,59099.0,,202301080clt,,401437953,6140.0,7,7,128.0,-142.0,3.0,-119.0,108.0,38.0,-111.0,-101.0,1,closed,fieldturf,,,00-0036898,00-0036879,Davis Mills,Sam Ehlinger,Lovie Smith,Jeff Saturday,Jerome Boger,IND00,Lucas Oil Stadium,1
2022_18_NYJ_MIA,2022,REG,18,2023-01-08,Sunday,13:00,NYJ,6.0,MIA,11.0,Home,5.0,17.0,0.0,2023010807,59101.0,,202301080mia,,401437955,6142.0,7,7,178.0,-200.0,3.5,-103.0,-107.0,37.5,-110.0,-103.0,1,outdoors,grass,75.0,9.0,00-0026158,00-0037327,Joe Flacco,Skylar Thompson,Robert Saleh,Mike McDaniel,John Hussey,MIA00,Hard Rock Stadium,0
2022_18_CAR_NO,2022,REG,18,2023-01-08,Sunday,13:00,CAR,10.0,NO,7.0,Home,-3.0,17.0,0.0,2023010808,59102.0,,202301080nor,,401437956,6143.0,7,7,160.0,-179.0,3.5,-114.0,103.0,41.5,-107.0,-105.0,1,dome,sportturf,,,00-0034869,00-0027973,Sam Darnold,Andy Dalton,Steve Wilks,Dennis Allen,Alex Kemp,NOR00,Mercedes-Benz Superdome,1
2022_18_CLE_PIT,2022,REG,18,2023-01-08,Sunday,13:00,CLE,14.0,PIT,28.0,Home,14.0,42.0,0.0,2023010810,59104.0,,202301080pit,,401437958,6145.0,7,7,128.0,-142.0,2.5,-101.0,-109.0,40.0,-106.0,-106.0,1,outdoors,grass,36.0,8.0,00-0033537,00-0038102,Deshaun Watson,Kenny Pickett,Kevin Stefanski,Mike Tomlin,Clete Blakeman,PIT00,Acrisure Stadium,0
2022_18_LAC_DEN,2022,REG,18,2023-01-08,Sunday,16:25,LAC,28.0,DEN,31.0,Home,3.0,59.0,0.0,2023010812,59106.0,,202301080den,,401437960,6147.0,7,7,222.0,-254.0,6.0,-104.0,-106.0,38.5,-103.0,-110.0,1,outdoors,grass,43.0,4.0,00-0036355,00-0029263,Justin Herbert,Russell Wilson,Brandon Staley,Jay Rosburg,Shawn Hochuli,DEN00,Empower Field at Mile High,0
2022_18_NYG_PHI,2022,REG,18,2023-01-08,Sunday,16:25,NYG,16.0,PHI,22.0,Home,6.0,38.0,0.0,2023010809,59103.0,,202301080phi,,401437957,6144.0,7,7,858.0,-1252.0,16.5,-103.0,-107.0,42.5,-105.0,-107.0,1,outdoors,grass,43.0,12.0,00-0033550,00-0036389,Davis Webb,Jalen Hurts,Brian Daboll,Nick Sirianni,Carl Cheffers,PHI00,Lincoln Financial Field,0
2022_18_LA_SEA,2022,REG,18,2023-01-08,Sunday,16:25,LA,16.0,SEA,19.0,Home,3.0,35.0,1.0,2023010814,59108.0,,202301080sea,,401437963,6149.0,7,7,198.0,-224.0,5.5,-112.0,102.0,41.5,-101.0,-111.0,1,outdoors,fieldturf,45.0,4.0,00-0034855,00-0030565,Baker Mayfield,Geno Smith,Sean McVay,Pete Carroll,Craig Wrolstad,SEA00,Lumen Field,0
2022_18_ARI_SF,2022,REG,18,2023-01-08,Sunday,16:25,ARI,13.0,SF,38.0,Home,25.0,51.0,0.0,2023010815,59109.0,,202301080sfo,,401437962,6150.0,7,7,753.0,-1061.0,14.0,100.0,-111.0,40.0,-107.0,-105.0,1,outdoors,grass,57.0,2.0,00-0035040,00-0037834,David Blough,Brock Purdy,Kliff Kingsbury,Kyle Shanahan,Adrian Hill,SFO01,Levi's Stadium,0
2022_18_DAL_WAS,2022,REG,18,2023-01-08,Sunday,16:25,DAL,6.0,WAS,26.0,Home,20.0,32.0,0.0,2023010811,59105.0,,202301080was,,401437959,6146.0,10,7,-320.0,274.0,-7.5,-100.0,-110.0,40.5,-104.0,-108.0,1,outdoors,grass,42.0,7.0,00-0033077,00-0037077,Dak Prescott,Sam Howell,Mike McCarthy,Ron Rivera,Tra Blake,WAS00,FedExField,0
2022_18_DET_GB,2022,REG,18,2023-01-08,Sunday,20:20,DET,20.0,GB,16.0,Home,-4.0,36.0,0.0,2023010804,59098.0,,202301080gnb,,401437952,6139.0,7,7,237.0,-273.0,5.5,-110.0,-100.0,49.0,-113.0,101.0,1,outdoors,grass,21.0,4.0,00-0033106,00-0023459,Jared Goff,Aaron Rodgers,Dan Campbell,Matt LaFleur,Brad Rogers,GNB00,Lambeau Field,0
2022_19_SEA_SF,2022,WC,19,2023-01-14,Saturday,16:30,SEA,23.0,SF,41.0,Home,18.0,64.0,0.0,2023011400,59159.0,,202301140sfo,,401438000,6151.0,6,6,367.0,-447.0,10.0,-123.0,112.0,42.0,-102.0,-110.0,1,outdoors,grass,57.0,11.0,00-0030565,00-0037834,Geno Smith,Brock Purdy,Pete Carroll,Kyle Shanahan,Alex Kemp,SFO01,Levi's Stadium,0
2022_19_LAC_JAX,2022,WC,19,2023-01-14,Saturday,20:15,LAC,30.0,JAX,31.0,Home,1.0,61.0,0.0,2023011401,59160.0,,202301140jax,,401437998,6152.0,6,7,-126.0,114.0,-2.0,-102.0,-108.0,46.5,-105.0,-107.0,0,outdoors,grass,37.0,4.0,00-0036355,00-0036971,Justin Herbert,Trevor Lawrence,Brandon Staley,Doug Pederson,Shawn Smith,JAX00,TIAA Bank Stadium,0
2022_19_MIA_BUF,2022,WC,19,2023-01-15,Sunday,13:00,MIA,31.0,BUF,34.0,Home,3.0,65.0,0.0,2023011500,59161.0,,202301150buf,,401438002,6153.0,7,7,649.0,-882.0,14.0,-116.0,105.0,44.0,-105.0,-107.0,1,outdoors,a_turf,27.0,4.0,00-0037327,00-0034857,Skylar Thompson,Josh Allen,Mike McDaniel,Sean McDermott,Brad Allen,BUF00,New Era Field,0
2022_19_NYG_MIN,2022,WC,19,2023-01-15,Sunday,16:50,NYG,31.0,MIN,24.0,Home,-7.0,55.0,0.0,2023011501,59162.0,,202301150min,,401438001,6154.0,7,7,129.0,-142.0,2.5,103.0,-113.0,48.0,-104.0,-108.0,0,dome,sportturf,,,00-0035710,00-0029604,Daniel Jones,Kirk Cousins,Brian Daboll,Kevin O'Connell,Adrian Hill,MIN01,U.S. Bank Stadium,1
2022_19_BAL_CIN,2022,WC,19,2023-01-15,Sunday,20:15,BAL,17.0,CIN,24.0,Home,7.0,41.0,0.0,2023011502,59163.0,,202301150cin,,401437999,6155.0,7,7,311.0,-370.0,7.5,-104.0,-106.0,40.0,-104.0,-108.0,1,outdoors,fieldturf,30.0,4.0,00-0035993,00-0036442,Tyler Huntley,Joe Burrow,John Harbaugh,Zac Taylor,Clay Martin,CIN00,Paycor Stadium,0
2022_19_DAL_TB,2022,WC,19,2023-01-16,Monday,20:15,DAL,31.0,TB,14.0,Home,-17.0,45.0,0.0,2023011600,59164.0,,202301160tam,,401438003,6156.0,8,8,-135.0,122.0,-2.5,-108.0,-103.0,45.5,-105.0,-107.0,0,outdoors,grass,58.0,2.0,00-0033077,00-0019596,Dak Prescott,Tom Brady,Mike McCarthy,Todd Bowles,Craig Wrolstad,TAM00,Raymond James Stadium,0
2022_20_JAX_KC,2022,DIV,20,2023-01-21,Saturday,16:30,JAX,20.0,KC,27.0,Home,7.0,47.0,0.0,2023012100,59165.0,,202301210kan,,401438005,6157.0,7,14,377.0,-461.0,10.0,-119.0,108.0,52.5,-116.0,103.0,0,outdoors,grass,36.0,6.0,00-0036971,00-0033873,Trevor Lawrence,Patrick Mahomes,Doug Pederson,Andy Reid,Shawn Hochuli,KAN00,GEHA Field at Arrowhead Stadium,0
2022_20_NYG_PHI,2022,DIV,20,2023-01-21,Saturday,20:15,NYG,7.0,PHI,38.0,Home,31.0,45.0,0.0,2023012101,59166.0,,202301210phi,,401438004,6158.0,6,13,304.0,-360.0,8.0,101.0,-111.0,48.0,-113.0,101.0,1,outdoors,grass,40.0,6.0,00-0035710,00-0036389,Daniel Jones,Jalen Hurts,Brian Daboll,Nick Sirianni,Clete Blakeman,PHI00,Lincoln Financial Field,0
2022_20_CIN_BUF,2022,DIV,20,2023-01-22,Sunday,15:00,CIN,27.0,BUF,10.0,Home,-17.0,37.0,0.0,2023012200,59167.0,,202301220buf,,401438007,6159.0,7,7,226.0,-259.0,6.0,-107.0,-103.0,48.5,-107.0,-105.0,0,outdoors,a_turf,32.0,4.0,00-0036442,00-0034857,Joe Burrow,Josh Allen,Zac Taylor,Sean McDermott,Carl Cheffers,BUF00,New Era Field,0
2022_20_DAL_SF,2022,DIV,20,2023-01-22,Sunday,18:30,DAL,12.0,SF,19.0,Home,7.0,31.0,0.0,2023012201,59168.0,,202301220sfo,,401438006,6160.0,6,8,164.0,-183.0,3.5,-107.0,-103.0,46.5,-105.0,-107.0,0,outdoors,grass,55.0,19.0,00-0033077,00-0037834,Dak Prescott,Brock Purdy,Mike McCarthy,Kyle Shanahan,Bill Vinovich,SFO01,Levi's Stadium,0
2022_21_SF_PHI,2022,CON,21,2023-01-29,Sunday,15:00,SF,7.0,PHI,31.0,Home,24.0,38.0,0.0,2023012900,59169.0,,202301290phi,,401438009,6161.0,7,8,133.0,-147.0,2.5,105.0,-116.0,45.0,-114.0,101.0,0,outdoors,grass,52.0,14.0,00-0037834,00-0036389,Brock Purdy,Jalen Hurts,Kyle Shanahan,Nick Sirianni,John Hussey,PHI00,Lincoln Financial Field,0
2022_21_CIN_KC,2022,CON,21,2023-01-29,Sunday,18:30,CIN,20.0,KC,23.0,Home,3.0,43.0,0.0,2023012901,59170.0,,202301290kan,,401438008,6162.0,7,8,119.0,-131.0,2.0,-103.0,-107.0,48.5,-106.0,-106.0,0,outdoors,grass,22.0,13.0,00-0036442,00-0033873,Joe Burrow,Patrick Mahomes,Zac Taylor,Andy Reid,Ron Torbert,KAN00,GEHA Field at Arrowhead Stadium,0
2022_22_KC_PHI,2022,SB,22,2023-02-12,Sunday,18:30,KC,38.0,PHI,35.0,Neutral,-3.0,73.0,0.0,2023021200,59171.0,,202302120phi,,401438030,6163.0,14,14,104.0,-115.0,1.0,-103.0,-107.0,51.0,-104.0,-108.0,0,closed,grass,,,00-0033873,00-0036389,Patrick Mahomes,Jalen Hurts,Andy Reid,Nick Sirianni,Carl Cheffers,PHO00,State Farm Stadium,1
2023_01_DET_KC,2023,REG,1,2023-09-07,Thursday,20:20,DET,21.0,KC,20.0,Home,-1.0,41.0,0.0,2023090700,59173.0,,202309070kan,,401547353,,7,7,164.0,-198.0,4.0,-110.0,-110.0,53.0,-110.0,-110.0,0,outdoors,,,,00-0033106,00-0033873,Jared Goff,Patrick Mahomes,Dan Campbell,Andy Reid,John Hussey,KAN00,GEHA Field at Arrowhead Stadium,0
2023_01_CAR_ATL,2023,REG,1,2023-09-10,Sunday,13:00,CAR,10.0,ATL,24.0,Home,14.0,34.0,0.0,2023091000,59174.0,,202309100atl,,401547403,,7,7,160.0,-192.0,3.5,-108.0,-112.0,40.5,-110.0,-110.0,1,closed,,,,00-0039150,00-0038122,Bryce Young,Desmond Ridder,Frank Reich,Arthur Smith,Brad Rogers,ATL97,Mercedes-Benz Stadium,1
2023_01_HOU_BAL,2023,REG,1,2023-09-10,Sunday,13:00,HOU,9.0,BAL,25.0,Home,16.0,34.0,0.0,2023091001,59175.0,,202309100rav,,401547396,,7,7,380.0,-500.0,9.5,-110.0,-110.0,43.5,-110.0,-110.0,0,outdoors,,,,00-0039163,00-0034796,C.J. Stroud,Lamar Jackson,DeMeco Ryans,John Harbaugh,Tra Blake,BAL00,M&T Bank Stadium,0
2023_01_CIN_CLE,2023,REG,1,2023-09-10,Sunday,13:00,CIN,3.0,CLE,24.0,Home,21.0,27.0,0.0,2023091002,59176.0,,202309100cle,,401547397,,7,7,-112.0,-108.0,-1.0,-105.0,-115.0,46.5,-110.0,-110.0,1,outdoors,,,,00-0036442,00-0033537,Joe Burrow,Deshaun Watson,Zac Taylor,Kevin Stefanski,Clete Blakeman,CLE00,FirstEnergy Stadium,0
2023_01_JAX_IND,2023,REG,1,2023-09-10,Sunday,13:00,JAX,31.0,IND,21.0,Home,-10.0,52.0,0.0,2023091003,59177.0,,202309100clt,,401547404,,7,7,-205.0,170.0,-4.0,-108.0,-112.0,45.5,-110.0,-110.0,1,closed,,,,00-0036971,00-0039164,Trevor Lawrence,Anthony Richardson,Doug Pederson,Shane Steichen,Clay Martin,IND00,Lucas Oil Stadium,1
2023_01_TB_MIN,2023,REG,1,2023-09-10,Sunday,13:00,TB,20.0,MIN,17.0,Home,-3.0,37.0,0.0,2023091004,59178.0,,202309100min,,401547398,,7,7,170.0,-205.0,4.0,-110.0,-110.0,45.0,-110.0,-110.0,0,dome,,,,00-0034855,00-0029604,Baker Mayfield,Kirk Cousins,Todd Bowles,Kevin O'Connell,Scott Novak,MIN01,U.S. Bank Stadium,1
2023_01_TEN_NO,2023,REG,1,2023-09-10,Sunday,13:00,TEN,15.0,NO,16.0,Home,1.0,31.0,0.0,2023091005,59179.0,,202309100nor,,401547399,,7,7,124.0,-148.0,3.0,-118.0,-102.0,41.0,-110.0,-110.0,0,dome,,,,00-0029701,00-0031280,Ryan Tannehill,Derek Carr,Mike Vrabel,Dennis Allen,Ron Torbert,NOR00,Mercedes-Benz Superdome,1
2023_01_SF_PIT,2023,REG,1,2023-09-10,Sunday,13:00,SF,30.0,PIT,7.0,Home,-23.0,37.0,0.0,2023091006,59180.0,,202309100pit,,401547405,,7,7,-120.0,100.0,-1.5,-108.0,-112.0,41.5,-110.0,-110.0,0,outdoors,,,,00-0037834,00-0038102,Brock Purdy,Kenny Pickett,Kyle Shanahan,Mike Tomlin,Alex Kemp,PIT00,Acrisure Stadium,0
2023_01_ARI_WAS,2023,REG,1,2023-09-10,Sunday,13:00,ARI,16.0,WAS,20.0,Home,4.0,36.0,0.0,2023091007,59181.0,,202309100was,,401547406,,7,7,270.0,-340.0,7.0,-108.0,-112.0,38.0,-110.0,-110.0,0,outdoors,,,,00-0033949,00-0037077,Joshua Dobbs,Sam Howell,Jonathan Gannon,Ron Rivera,Alan Eck,WAS00,FedExField,0
2023_01_GB_CHI,2023,REG,1,2023-09-10,Sunday,16:25,GB,38.0,CHI,20.0,Home,-18.0,58.0,0.0,2023091008,59182.0,,202309100chi,,401547407,,7,7,-102.0,-118.0,1.0,-110.0,-110.0,41.0,-112.0,-108.0,1,outdoors,,,,00-0036264,00-0036945,Jordan Love,Justin Fields,Matt LaFleur,Matt Eberflus,Craig Wrolstad,CHI98,Soldier Field,0
2023_01_LV_DEN,2023,REG,1,2023-09-10,Sunday,16:25,LV,17.0,DEN,16.0,Home,-1.0,33.0,0.0,2023091009,59183.0,,202309100den,,401547400,,7,7,136.0,-162.0,3.0,-105.0,-115.0,43.0,-110.0,-110.0,1,outdoors,,,,00-0031345,00-0029263,Jimmy Garoppolo,Russell Wilson,Josh McDaniels,Sean Payton,Bill Vinovich,DEN00,Empower Field at Mile High,0
2023_01_MIA_LAC,2023,REG,1,2023-09-10,Sunday,16:25,MIA,36.0,LAC,34.0,Home,-2.0,70.0,0.0,2023091010,59184.0,,202309100sdg,,401547401,,7,7,136.0,-162.0,3.0,-110.0,-110.0,50.5,-110.0,-110.0,0,dome,,,,00-0036212,00-0036355,Tua Tagovailoa,Justin Herbert,Mike McDaniel,Brandon Staley,Brad Allen,LAX01,SoFi Stadium,1
2023_01_PHI_NE,2023,REG,1,2023-09-10,Sunday,16:25,PHI,25.0,NE,20.0,Home,-5.0,45.0,0.0,2023091011,59185.0,,202309100nwe,,401547402,,7,7,-185.0,154.0,-3.5,-110.0,-110.0,44.5,-112.0,-108.0,0,outdoors,,,,00-0036389,00-0036972,Jalen Hurts,Mac Jones,Nick Sirianni,Bill Belichick,Shawn Hochuli,BOS00,Gillette Stadium,0
2023_01_LA_SEA,2023,REG,1,2023-09-10,Sunday,16:25,LA,30.0,SEA,13.0,Home,-17.0,43.0,0.0,2023091012,59186.0,,202309100sea,,401547408,,7,7,180.0,-218.0,4.5,-110.0,-110.0,45.0,-110.0,-110.0,1,outdoors,,,,00-0026498,00-0030565,Matthew Stafford,Geno Smith,Sean McVay,Pete Carroll,Shawn Smith,SEA00,Lumen Field,0
2023_01_DAL_NYG,2023,REG,1,2023-09-10,Sunday,20:20,DAL,40.0,NYG,0.0,Home,-40.0,40.0,0.0,2023091013,59187.0,,202309100nyg,,401547409,,7,7,-170.0,142.0,-3.5,100.0,-120.0,44.5,-110.0,-110.0,1,outdoors,,,,00-0033077,00-0035710,Dak Prescott,Daniel Jones,Mike McCarthy,Brian Daboll,Adrian Hill,NYC01,MetLife Stadium,0
2023_01_BUF_NYJ,2023,REG,1,2023-09-11,Monday,20:15,BUF,16.0,NYJ,22.0,Home,6.0,38.0,1.0,2023091100,59188.0,,202309110nyj,,401547352,,7,7,-135.0,114.0,-2.5,-110.0,-110.0,44.5,-110.0,-110.0,1,outdoors,,,,00-0034857,00-0023459,Josh Allen,Aaron Rodgers,Sean McDermott,Robert Saleh,Carl Cheffers,NYC01,MetLife Stadium,0
2023_02_MIN_PHI,2023,REG,2,2023-09-14,Thursday,20:15,MIN,28.0,PHI,34.0,Home,6.0,62.0,0.0,2023091400,59189.0,,202309140phi,,401547410,,4,4,195.0,-238.0,6.0,-110.0,-110.0,49.0,-110.0,-110.0,0,outdoors,,,,00-0029604,00-0036389,Kirk Cousins,Jalen Hurts,Kevin O'Connell,Nick Sirianni,Clay Martin,PHI00,Lincoln Financial Field,0
2023_02_GB_ATL,2023,REG,2,2023-09-17,Sunday,13:00,GB,24.0,ATL,25.0,Home,1.0,49.0,0.0,2023091700,59190.0,,202309170atl,,401547417,,7,7,124.0,-148.0,3.0,-115.0,-105.0,40.5,-110.0,-110.0,0,open,,,,00-0036264,00-0038122,Jordan Love,Desmond Ridder,Matt LaFleur,Arthur Smith,Tra Blake,ATL97,Mercedes-Benz Stadium,0
2023_02_LV_BUF,2023,REG,2,2023-09-17,Sunday,13:00,LV,10.0,BUF,38.0,Home,28.0,48.0,0.0,2023091701,59191.0,,202309170buf,,401547411,,7,6,280.0,-355.0,7.5,-110.0,-110.0,47.0,-110.0,-110.0,0,outdoors,,,,00-0031345,00-0034857,Jimmy Garoppolo,Josh Allen,Josh McDaniels,Sean McDermott,Craig Wrolstad,BUF00,New Era Field,0
2023_02_BAL_CIN,2023,REG,2,2023-09-17,Sunday,13:00,BAL,27.0,CIN,24.0,Home,-3.0,51.0,0.0,2023091702,59192.0,,202309170cin,,401547412,,7,7,145.0,-175.0,3.5,-118.0,-102.0,45.5,-110.0,-110.0,1,outdoors,,,,00-0034796,00-0036442,Lamar Jackson,Joe Burrow,John Harbaugh,Zac Taylor,Shawn Hochuli,CIN00,Paycor Stadium,0
2023_02_SEA_DET,2023,REG,2,2023-09-17,Sunday,13:00,SEA,37.0,DET,31.0,Home,-6.0,68.0,1.0,2023091703,59193.0,,202309170det,,401547418,,7,10,180.0,-218.0,4.5,-110.0,-110.0,47.5,-108.0,-112.0,0,dome,,,,00-0030565,00-0033106,Geno Smith,Jared Goff,Pete Carroll,Dan Campbell,Alex Kemp,DET00,Ford Field,1
2023_02_IND_HOU,2023,REG,2,2023-09-17,Sunday,13:00,IND,31.0,HOU,20.0,Home,-11.0,51.0,0.0,2023091704,59194.0,,202309170htx,,401547419,,7,7,-110.0,-110.0,-1.0,-105.0,-115.0,40.0,-110.0,-110.0,1,open,,,,00-0039164,00-0039163,Anthony Richardson,C.J. Stroud,Shane Steichen,DeMeco Ryans,Carl Cheffers,HOU00,NRG Stadium,0
2023_02_KC_JAX,2023,REG,2,2023-09-17,Sunday,13:00,KC,17.0,JAX,9.0,Home,-8.0,26.0,0.0,2023091705,59195.0,,202309170jax,,401547413,,10,7,-170.0,142.0,-3.5,-102.0,-118.0,50.5,-110.0,-110.0,0,outdoors,,,,00-0033873,00-0036971,Patrick Mahomes,Trevor Lawrence,Andy Reid,Doug Pederson,Adrian Hill,JAX00,TIAA Bank Stadium,0
2023_02_CHI_TB,2023,REG,2,2023-09-17,Sunday,13:00,CHI,17.0,TB,27.0,Home,10.0,44.0,0.0,2023091706,59196.0,,202309170tam,,401547420,,7,7,114.0,-135.0,2.5,-110.0,-110.0,41.0,-110.0,-110.0,0,outdoors,,,,00-0036945,00-0034855,Justin Fields,Baker Mayfield,Matt Eberflus,Todd Bowles,Bill Vinovich,TAM00,Raymond James Stadium,0
2023_02_LAC_TEN,2023,REG,2,2023-09-17,Sunday,13:00,LAC,24.0,TEN,27.0,Home,3.0,51.0,1.0,2023091707,59197.0,,202309170oti,,401547414,,7,7,-142.0,120.0,-2.5,-118.0,-102.0,45.5,-110.0,-110.0,0,outdoors,,,,00-0036355,00-0029701,Justin Herbert,Ryan Tannehill,Brandon Staley,Mike Vrabel,Alan Eck,NAS00,Nissan Stadium,0
2023_02_NYG_ARI,2023,REG,2,2023-09-17,Sunday,16:05,NYG,31.0,ARI,28.0,Home,-3.0,59.0,0.0,2023091708,59198.0,,202309170crd,,401547421,,7,7,-225.0,185.0,-5.0,-110.0,-110.0,40.0,-110.0,-110.0,0,closed,,,,00-0035710,00-0033949,Daniel Jones,Joshua Dobbs,Brian Daboll,Jonathan Gannon,Land Clark,PHO00,State Farm Stadium,1
2023_02_SF_LA,2023,REG,2,2023-09-17,Sunday,16:05,SF,30.0,LA,23.0,Home,-7.0,53.0,0.0,2023091709,59199.0,,202309170ram,,401547422,,7,7,-340.0,270.0,-7.5,-105.0,-115.0,45.0,-110.0,-110.0,1,dome,,,,00-0037834,00-0026498,Brock Purdy,Matthew Stafford,Kyle Shanahan,Sean McVay,Brad Allen,LAX01,SoFi Stadium,1
2023_02_NYJ_DAL,2023,REG,2,2023-09-17,Sunday,16:25,NYJ,10.0,DAL,30.0,Home,20.0,40.0,0.0,2023091710,59200.0,,202309170dal,,401547415,,6,7,300.0,-380.0,8.5,-110.0,-110.0,38.5,-110.0,-110.0,0,open,,,,00-0037013,00-0033077,Zach Wilson,Dak Prescott,Robert Saleh,Mike McCarthy,Clete Blakeman,DAL00,AT&T Stadium,0
2023_02_WAS_DEN,2023,REG,2,2023-09-17,Sunday,16:25,WAS,35.0,DEN,33.0,Home,-2.0,68.0,0.0,2023091711,59201.0,,202309170den,,401547416,,7,7,164.0,-198.0,4.0,-110.0,-110.0,38.5,-110.0,-110.0,0,outdoors,,,,00-0037077,00-0029263,Sam Howell,Russell Wilson,Ron Rivera,Sean Payton,Brad Rogers,DEN00,Empower Field at Mile High,0
2023_02_MIA_NE,2023,REG,2,2023-09-17,Sunday,20:20,MIA,24.0,NE,17.0,Home,-7.0,41.0,0.0,2023091712,59202.0,,202309170nwe,,401547423,,7,7,-130.0,110.0,-2.0,-112.0,-108.0,46.5,-112.0,-108.0,1,outdoors,,,,00-0036212,00-0036972,Tua Tagovailoa,Mac Jones,Mike McDaniel,Bill Belichick,Shawn Smith,BOS00,Gillette Stadium,0
2023_02_NO_CAR,2023,REG,2,2023-09-18,Monday,19:15,NO,20.0,CAR,17.0,Home,-3.0,37.0,0.0,2023091800,59203.0,,202309180car,,401547425,,8,8,-175.0,145.0,-3.0,-118.0,-102.0,39.5,-108.0,-112.0,1,outdoors,,,,00-0031280,00-0039150,Derek Carr,Bryce Young,Dennis Allen,Frank Reich,Scott Novak,CAR00,Bank of America Stadium,0
2023_02_CLE_PIT,2023,REG,2,2023-09-18,Monday,20:15,CLE,22.0,PIT,26.0,Home,4.0,48.0,0.0,2023091801,59204.0,,202309180pit,,401547424,,8,8,-148.0,124.0,-2.5,-115.0,-105.0,39.0,-110.0,-110.0,1,outdoors,,,,00-0033537,00-0038102,Deshaun Watson,Kenny Pickett,Kevin Stefanski,Mike Tomlin,Ron Torbert,PIT00,Acrisure Stadium,0
2023_03_NYG_SF,2023,REG,3,2023-09-21,Thursday,20:15,NYG,12.0,SF,30.0,Home,18.0,42.0,0.0,2023092100,59205.0,,202309210sfo,,401547426,,4,4,400.0,-535.0,10.5,-105.0,-115.0,43.5,-108.0,-112.0,0,outdoors,grass,77.0,13.0,00-0035710,00-0037834,Daniel Jones,Brock Purdy,Brian Daboll,Kyle Shanahan,Shawn Hochuli,SFO01,Levi's Stadium,0
2023_03_IND_BAL,2023,REG,3,2023-09-24,Sunday,13:00,IND,22.0,BAL,19.0,Home,-3.0,41.0,1.0,2023092400,59206.0,,202309240rav,,401547427,,7,7,300.0,-380.0,7.5,-110.0,-110.0,43.5,-110.0,-110.0,0,outdoors,grass,68.0,3.0,00-0035289,00-0034796,Gardner Minshew,Lamar Jackson,Shane Steichen,John Harbaugh,Clete Blakeman,BAL00,M&T Bank Stadium,0
2023_03_TEN_CLE,2023,REG,3,2023-09-24,Sunday,13:00,TEN,3.0,CLE,27.0,Home,24.0,30.0,0.0,2023092401,59207.0,,202309240cle,,401547428,,7,6,154.0,-185.0,3.5,-110.0,-110.0,38.0,-110.0,-110.0,0,outdoors,grass,68.0,5.0,00-0029701,00-0033537,Ryan Tannehill,Deshaun Watson,Mike Vrabel,Kevin Stefanski,Craig Wrolstad,CLE00,FirstEnergy Stadium,0
2023_03_ATL_DET,2023,REG,3,2023-09-24,Sunday,13:00,ATL,6.0,DET,20.0,Home,14.0,26.0,0.0,2023092402,59208.0,,202309240det,,401547433,,7,7,140.0,-166.0,3.0,100.0,-120.0,47.5,-108.0,-112.0,0,dome,fieldturf,,,00-0038122,00-0033106,Desmond Ridder,Jared Goff,Arthur Smith,Dan Campbell,Carl Cheffers,DET00,Ford Field,1
2023_03_NO_GB,2023,REG,3,2023-09-24,Sunday,13:00,NO,17.0,GB,18.0,Home,1.0,35.0,0.0,2023092403,59209.0,,202309240gnb,,401547434,,6,7,-125.0,105.0,-1.5,-110.0,-110.0,41.5,-110.0,-110.0,0,outdoors,grass,68.0,10.0,00-0031280,00-0036264,Derek Carr,Jordan Love,Dennis Allen,Matt LaFleur,Brad Rogers,GNB00,Lambeau Field,0
2023_03_HOU_JAX,2023,REG,3,2023-09-24,Sunday,13:00,HOU,37.0,JAX,17.0,Home,-20.0,54.0,0.0,2023092404,59210.0,,202309240jax,,401547435,,7,7,300.0,-380.0,7.5,-110.0,-110.0,43.5,-110.0,-110.0,1,outdoors,grass,84.0,6.0,00-0039163,00-0036971,C.J. Stroud,Trevor Lawrence,DeMeco Ryans,Doug Pederson,Scott Novak,JAX00,TIAA Bank Stadium,0
2023_03_DEN_MIA,2023,REG,3,2023-09-24,Sunday,13:00,DEN,20.0,MIA,70.0,Home,50.0,90.0,0.0,2023092405,59211.0,,202309240mia,,401547429,,7,7,205.0,-250.0,6.0,-110.0,-110.0,47.5,-110.0,-110.0,0,outdoors,grass,86.0,5.0,00-0029263,00-0036212,Russell Wilson,Tua Tagovailoa,Sean Payton,Mike McDaniel,Clay Martin,MIA00,Hard Rock Stadium,0
2023_03_LAC_MIN,2023,REG,3,2023-09-24,Sunday,13:00,LAC,28.0,MIN,24.0,Home,-4.0,52.0,0.0,2023092406,59212.0,,202309240min,,401547436,,7,10,-110.0,-110.0,1.0,-115.0,-105.0,54.0,-110.0,-110.0,0,dome,sportturf,,,00-0036355,00-0029604,Justin Herbert,Kirk Cousins,Brandon Staley,Kevin O'Connell,Shawn Smith,MIN01,U.S. Bank Stadium,1
2023_03_NE_NYJ,2023,REG,3,2023-09-24,Sunday,13:00,NE,15.0,NYJ,10.0,Home,-5.0,25.0,0.0,2023092407,59213.0,,202309240nyj,,401547430,,7,7,-142.0,120.0,-2.5,-112.0,-108.0,35.5,-110.0,-110.0,1,outdoors,fieldturf,64.0,14.0,00-0036972,00-0037013,Mac Jones,Zach Wilson,Bill Belichick,Robert Saleh,Bill Vinovich,NYC01,MetLife Stadium,0
2023_03_BUF_WAS,2023,REG,3,2023-09-24,Sunday,13:00,BUF,37.0,WAS,3.0,Home,-34.0,40.0,0.0,2023092408,59214.0,,202309240was,,401547431,,7,7,-245.0,200.0,-5.5,-115.0,-105.0,44.0,-108.0,-112.0,0,outdoors,grass,65.0,1.0,00-0034857,00-0037077,Josh Allen,Sam Howell,Sean McDermott,Ron Rivera,Land Clark,WAS00,FedExField,0
2023_03_CAR_SEA,2023,REG,3,2023-09-24,Sunday,16:05,CAR,27.0,SEA,37.0,Home,10.0,64.0,0.0,2023092409,59215.0,,202309240sea,,401547432,,6,7,185.0,-225.0,5.0,-110.0,-110.0,42.5,-110.0,-110.0,0,outdoors,fieldturf,61.0,2.0,00-0027973,00-0030565,Andy Dalton,Geno Smith,Frank Reich,Pete Carroll,Ron Torbert,SEA00,Lumen Field,0
2023_03_DAL_ARI,2023,REG,3,2023-09-24,Sunday,16:25,DAL,16.0,ARI,28.0,Home,12.0,44.0,0.0,2023092410,59216.0,,202309240crd,,401547437,,7,7,-650.0,470.0,-11.5,-110.0,-110.0,43.5,-110.0,-110.0,0,open,grass,,,00-0033077,00-0033949,Dak Prescott,Joshua Dobbs,Mike McCarthy,Jonathan Gannon,Alex Kemp,PHO00,State Farm Stadium,0
2023_03_CHI_KC,2023,REG,3,2023-09-24,Sunday,16:25,CHI,10.0,KC,41.0,Home,31.0,51.0,0.0,2023092411,59217.0,,202309240kan,,401547438,,7,7,525.0,-750.0,13.0,-110.0,-110.0,48.0,-110.0,-110.0,0,outdoors,grass,,,00-0036945,00-0033873,Justin Fields,Patrick Mahomes,Matt Eberflus,Andy Reid,Alan Eck,KAN00,GEHA Field at Arrowhead Stadium,0
2023_03_PIT_LV,2023,REG,3,2023-09-24,Sunday,20:20,PIT,23.0,LV,18.0,Home,-5.0,41.0,0.0,2023092412,59218.0,,202309240rai,,401547439,,6,7,124.0,-148.0,3.0,-110.0,-110.0,43.5,-110.0,-110.0,0,dome,grass,,,00-0038102,00-0031345,Kenny Pickett,Jimmy Garoppolo,Mike Tomlin,Josh McDaniels,Tra Blake,VEG00,Allegiant Stadium,1
2023_03_PHI_TB,2023,REG,3,2023-09-25,Monday,19:15,PHI,25.0,TB,11.0,Home,-14.0,36.0,0.0,2023092500,59219.0,,202309250tam,,401547440,,11,8,-258.0,210.0,-6.0,-110.0,-110.0,44.0,-108.0,-112.0,0,outdoors,grass,90.0,4.0,00-0036389,00-0034855,Jalen Hurts,Baker Mayfield,Nick Sirianni,Todd Bowles,Adrian Hill,TAM00,Raymond James Stadium,0
2023_03_LA_CIN,2023,REG,3,2023-09-25,Monday,20:15,LA,16.0,CIN,19.0,Home,3.0,35.0,0.0,2023092501,59220.0,,202309250cin,,401547441,,8,8,136.0,-162.0,3.0,100.0,-120.0,45.5,-108.0,-112.0,0,outdoors,fieldturf,74.0,7.0,00-0026498,00-0036442,Matthew Stafford,Joe Burrow,Sean McVay,Zac Taylor,John Hussey,CIN00,Paycor Stadium,0
2023_04_DET_GB,2023,REG,4,2023-09-28,Thursday,20:15,DET,34.0,GB,20.0,Home,-14.0,54.0,0.0,2023092800,59221.0,,202309280gnb,,401547442,,4,4,-142.0,120.0,-2.5,-118.0,-102.0,45.0,-110.0,-110.0,1,outdoors,grass,64.0,8.0,00-0033106,00-0036264,Jared Goff,Jordan Love,Dan Campbell,Matt LaFleur,Alan Eck,GNB00,Lambeau Field,0
2023_04_ATL_JAX,2023,REG,4,2023-10-01,Sunday,09:30,ATL,7.0,JAX,23.0,Neutral,16.0,30.0,0.0,2023100100,59222.0,,202310010jax,,401547227,,7,7,154.0,-185.0,3.5,-110.0,-110.0,42.5,-112.0,-108.0,0,outdoors,,,,00-0038122,00-0036971,Desmond Ridder,Trevor Lawrence,Arthur Smith,Doug Pederson,Craig Wrolstad,LON00,Wembley Stadium,0
2023_04_MIA_BUF,2023,REG,4,2023-10-01,Sunday,13:00,MIA,20.0,BUF,48.0,Home,28.0,68.0,0.0,2023100101,59223.0,,202310010buf,,401547443,,7,7,120.0,-142.0,2.5,100.0,-120.0,53.0,-110.0,-110.0,1,outdoors,a_turf,70.0,2.0,00-0036212,00-0034857,Tua Tagovailoa,Josh Allen,Mike McDaniel,Sean McDermott,Adrian Hill,BUF00,New Era Field,0
2023_04_MIN_CAR,2023,REG,4,2023-10-01,Sunday,13:00,MIN,21.0,CAR,13.0,Home,-8.0,34.0,0.0,2023100102,59224.0,,202310010car,,401547448,,7,7,-225.0,185.0,-4.5,-112.0,-108.0,46.5,-110.0,-110.0,0,outdoors,grass,78.0,7.0,00-0029604,00-0039150,Kirk Cousins,Bryce Young,Kevin O'Connell,Frank Reich,Tra Blake,CAR00,Bank of America Stadium,0
2023_04_DEN_CHI,2023,REG,4,2023-10-01,Sunday,13:00,DEN,31.0,CHI,28.0,Home,-3.0,59.0,0.0,2023100103,59225.0,,202310010chi,,401547444,,7,7,-162.0,136.0,-3.0,-112.0,-108.0,47.0,-110.0,-110.0,0,outdoors,grass,80.0,2.0,00-0029263,00-0036945,Russell Wilson,Justin Fields,Sean Payton,Matt Eberflus,Carl Cheffers,CHI98,Soldier Field,0
2023_04_BAL_CLE,2023,REG,4,2023-10-01,Sunday,13:00,BAL,28.0,CLE,3.0,Home,-25.0,31.0,0.0,2023100104,59226.0,,202310010cle,,401547445,,7,7,-135.0,114.0,-2.0,-110.0,-110.0,38.5,-110.0,-110.0,1,outdoors,grass,71.0,7.0,00-0034796,00-0038583,Lamar Jackson,Dorian Thompson-Robinson,John Harbaugh,Kevin Stefanski,Brad Allen,CLE00,FirstEnergy Stadium,0
2023_04_PIT_HOU,2023,REG,4,2023-10-01,Sunday,13:00,PIT,6.0,HOU,30.0,Home,24.0,36.0,0.0,2023100105,59227.0,,202310010htx,,401547446,,7,7,-162.0,136.0,-3.0,-110.0,-110.0,41.5,-110.0,-110.0,0,open,astroturf,,,00-0038102,00-0039163,Kenny Pickett,C.J. Stroud,Mike Tomlin,DeMeco Ryans,Bill Vinovich,HOU00,NRG Stadium,0
2023_04_LA_IND,2023,REG,4,2023-10-01,Sunday,13:00,LA,29.0,IND,23.0,Home,-6.0,52.0,1.0,2023100106,59228.0,,202310010clt,,401547449,,6,7,-115.0,-105.0,-1.0,-110.0,-110.0,44.5,-110.0,-110.0,0,open,fieldturf,,,00-0026498,00-0039164,Matthew Stafford,Anthony Richardson,Sean McVay,Shane Steichen,Land Clark,IND00,Lucas Oil Stadium,0
2023_04_TB_NO,2023,REG,4,2023-10-01,Sunday,13:00,TB,26.0,NO,9.0,Home,-17.0,35.0,0.0,2023100107,59229.0,,202310010nor,,401547450,,6,7,170.0,-205.0,4.0,-110.0,-110.0,41.0,-110.0,-110.0,1,dome,sportturf,,,00-0034855,00-0031280,Baker Mayfield,Derek Carr,Todd Bowles,Dennis Allen,Shawn Hochuli,NOR00,Mercedes-Benz Superdome,1
2023_04_WAS_PHI,2023,REG,4,2023-10-01,Sunday,13:00,WAS,31.0,PHI,34.0,Home,3.0,65.0,1.0,2023100108,59230.0,,202310010phi,,401547451,,7,6,350.0,-455.0,9.5,-110.0,-110.0,43.0,-110.0,-110.0,1,outdoors,grass,,,00-0037077,00-0036389,Sam Howell,Jalen Hurts,Ron Rivera,Nick Sirianni,Ron Torbert,PHI00,Lincoln Financial Field,0
2023_04_CIN_TEN,2023,REG,4,2023-10-01,Sunday,13:00,CIN,3.0,TEN,27.0,Home,24.0,30.0,0.0,2023100109,59231.0,,202310010oti,,401547452,,6,7,-162.0,136.0,-2.5,-120.0,100.0,41.5,-108.0,-112.0,0,outdoors,grass,82.0,4.0,00-0036442,00-0029701,Joe Burrow,Ryan Tannehill,Zac Taylor,Mike Vrabel,Shawn Smith,NAS00,Nissan Stadium,0
2023_04_LV_LAC,2023,REG,4,2023-10-01,Sunday,16:05,LV,17.0,LAC,24.0,Home,7.0,41.0,0.0,2023100110,59232.0,,202310010sdg,,401547447,,7,7,250.0,-310.0,7.0,-115.0,-105.0,49.0,-110.0,-110.0,1,dome,matrixturf,,,00-0038579,00-0036355,Aidan O'Connell,Justin Herbert,Josh McDaniels,Brandon Staley,John Hussey,LAX01,SoFi Stadium,1
2023_04_NE_DAL,2023,REG,4,2023-10-01,Sunday,16:25,NE,3.0,DAL,38.0,Home,35.0,41.0,0.0,2023100111,59233.0,,202310010dal,,401547453,,7,7,230.0,-285.0,6.5,-108.0,-112.0,43.0,-110.0,-110.0,0,closed,matrixturf,,,00-0036972,00-0033077,Mac Jones,Dak Prescott,Bill Belichick,Mike McCarthy,Scott Novak,DAL00,AT&T Stadium,1
2023_04_ARI_SF,2023,REG,4,2023-10-01,Sunday,16:25,ARI,16.0,SF,35.0,Home,19.0,51.0,0.0,2023100112,59234.0,,202310010sfo,,401547454,,7,10,700.0,-1100.0,15.0,-108.0,-112.0,44.0,-105.0,-115.0,1,outdoors,grass,75.0,9.0,00-0033949,00-0037834,Joshua Dobbs,Brock Purdy,Jonathan Gannon,Kyle Shanahan,Clete Blakeman,SFO01,Levi's Stadium,0
2023_04_KC_NYJ,2023,REG,4,2023-10-01,Sunday,20:20,KC,23.0,NYJ,20.0,Home,-3.0,43.0,0.0,2023100113,59235.0,,202310010nyj,,401547455,,7,7,-485.0,370.0,-9.5,-110.0,-110.0,41.5,-105.0,-115.0,0,outdoors,fieldturf,69.0,5.0,00-0033873,00-0037013,Patrick Mahomes,Zach Wilson,Andy Reid,Robert Saleh,Alex Kemp,NYC01,MetLife Stadium,0
2023_04_SEA_NYG,2023,REG,4,2023-10-02,Monday,20:15,SEA,24.0,NYG,3.0,Home,-21.0,27.0,0.0,2023100200,59236.0,,202310020nyg,,401547456,,8,11,-142.0,120.0,-2.5,-115.0,-105.0,46.5,-115.0,-105.0,0,outdoors,fieldturf,67.0,8.0,00-0030565,00-0035710,Geno Smith,Daniel Jones,Pete Carroll,Brian Daboll,Brad Rogers,NYC01,MetLife Stadium,0
2023_05_CHI_WAS,2023,REG,5,2023-10-05,Thursday,20:15,CHI,40.0,WAS,20.0,Home,-20.0,60.0,0.0,2023100500,59237.0,,202310050was,,401547457,,4,4,210.0,-258.0,6.0,-110.0,-110.0,45.5,-112.0,-108.0,0,outdoors,grass,70.0,1.0,00-0036945,00-0037077,Justin Fields,Sam Howell,Matt Eberflus,Ron Rivera,Scott Novak,WAS00,FedExField,0
2023_05_JAX_BUF,2023,REG,5,2023-10-08,Sunday,09:30,JAX,25.0,BUF,20.0,Neutral,-5.0,45.0,0.0,2023100800,59238.0,,202310080buf,,401547228,,7,7,205.0,-250.0,5.5,-110.0,-110.0,48.5,-108.0,-112.0,0,outdoors,,,,00-0036971,00-0034857,Trevor Lawrence,Josh Allen,Doug Pederson,Sean McDermott,Shawn Smith,LON02,Tottenham Stadium,0
2023_05_HOU_ATL,2023,REG,5,2023-10-08,Sunday,13:00,HOU,19.0,ATL,21.0,Home,2.0,40.0,0.0,2023100801,59239.0,,202310080atl,,401547463,,7,7,120.0,-142.0,2.5,-110.0,-110.0,42.0,-110.0,-110.0,0,open,fieldturf,,,00-0039163,00-0038122,C.J. Stroud,Desmond Ridder,DeMeco Ryans,Arthur Smith,Shawn Hochuli,ATL97,Mercedes-Benz Stadium,0
2023_05_CAR_DET,2023,REG,5,2023-10-08,Sunday,13:00,CAR,24.0,DET,42.0,Home,18.0,66.0,0.0,2023100802,59240.0,,202310080det,,401547464,,7,10,350.0,-455.0,9.5,-110.0,-110.0,43.5,-110.0,-110.0,0,dome,fieldturf,,,00-0039150,00-0033106,Bryce Young,Jared Goff,Frank Reich,Dan Campbell,Adrian Hill,DET00,Ford Field,1
2023_05_TEN_IND,2023,REG,5,2023-10-08,Sunday,13:00,TEN,16.0,IND,23.0,Home,7.0,39.0,0.0,2023100803,59241.0,,202310080clt,,401547458,,7,7,-142.0,120.0,-2.5,-110.0,-110.0,43.5,-110.0,-110.0,1,open,fieldturf,,,00-0029701,00-0039164,Ryan Tannehill,Anthony Richardson,Mike Vrabel,Shane Steichen,Brad Rogers,IND00,Lucas Oil Stadium,0
2023_05_NYG_MIA,2023,REG,5,2023-10-08,Sunday,13:00,NYG,16.0,MIA,31.0,Home,15.0,47.0,0.0,2023100804,59242.0,,202310080mia,,401547465,,6,7,525.0,-750.0,12.5,-110.0,-110.0,47.5,-108.0,-112.0,0,outdoors,grass,88.0,8.0,00-0035710,00-0036212,Daniel Jones,Tua Tagovailoa,Brian Daboll,Mike McDaniel,Ron Torbert,MIA00,Hard Rock Stadium,0
2023_05_NO_NE,2023,REG,5,2023-10-08,Sunday,13:00,NO,34.0,NE,0.0,Home,-34.0,34.0,0.0,2023100805,59243.0,,202310080nwe,,401547459,,7,7,114.0,-135.0,2.5,-110.0,-110.0,38.5,-110.0,-110.0,0,outdoors,fieldturf,61.0,10.0,00-0031280,00-0036972,Derek Carr,Mac Jones,Dennis Allen,Bill Belichick,Alex Kemp,BOS00,Gillette Stadium,0
2023_05_BAL_PIT,2023,REG,5,2023-10-08,Sunday,13:00,BAL,10.0,PIT,17.0,Home,7.0,27.0,0.0,2023100806,59244.0,,202310080pit,,401547460,,7,7,-230.0,190.0,-4.5,-112.0,-108.0,38.5,-110.0,-110.0,1,outdoors,grass,53.0,13.0,00-0034796,00-0038102,Lamar Jackson,Kenny Pickett,John Harbaugh,Mike Tomlin,Carl Cheffers,PIT00,Acrisure Stadium,0
2023_05_CIN_ARI,2023,REG,5,2023-10-08,Sunday,16:05,CIN,34.0,ARI,20.0,Home,-14.0,54.0,0.0,2023100807,59245.0,,202310080crd,,401547466,,7,7,-170.0,142.0,-3.0,-120.0,100.0,45.5,-110.0,-110.0,0,closed,grass,,,00-0036442,00-0033949,Joe Burrow,Joshua Dobbs,Zac Taylor,Jonathan Gannon,Clay Martin,PHO00,State Farm Stadium,1
2023_05_PHI_LA,2023,REG,5,2023-10-08,Sunday,16:05,PHI,23.0,LA,14.0,Home,-9.0,37.0,0.0,2023100808,59246.0,,202310080ram,,401547467,,7,7,-192.0,160.0,-3.5,-110.0,-110.0,50.5,-110.0,-110.0,0,dome,matrixturf,,,00-0036389,00-0026498,Jalen Hurts,Matthew Stafford,Nick Sirianni,Sean McVay,Bill Vinovich,LAX01,SoFi Stadium,1
2023_05_NYJ_DEN,2023,REG,5,2023-10-08,Sunday,16:25,NYJ,31.0,DEN,21.0,Home,-10.0,52.0,0.0,2023100809,59247.0,,202310080den,,401547461,,7,7,114.0,-135.0,2.5,-110.0,-110.0,42.5,-110.0,-110.0,0,outdoors,grass,73.0,9.0,00-0037013,00-0029263,Zach Wilson,Russell Wilson,Robert Saleh,Sean Payton,John Hussey,DEN00,Empower Field at Mile High,0
2023_05_KC_MIN,2023,REG,5,2023-10-08,Sunday,16:25,KC,27.0,MIN,20.0,Home,-7.0,47.0,0.0,2023100810,59248.0,,202310080min,,401547462,,7,7,-180.0,150.0,-3.5,-105.0,-115.0,52.5,-110.0,-110.0,0,dome,sportturf,,,00-0033873,00-0029604,Patrick Mahomes,Kirk Cousins,Andy Reid,Kevin O'Connell,Land Clark,MIN01,U.S. Bank Stadium,1
2023_05_DAL_SF,2023,REG,5,2023-10-08,Sunday,20:20,DAL,10.0,SF,42.0,Home,32.0,52.0,0.0,2023100811,59249.0,,202310080sfo,,401547354,,7,7,150.0,-180.0,3.5,-115.0,-105.0,45.0,-105.0,-115.0,0,outdoors,grass,78.0,10.0,00-0033077,00-0037834,Dak Prescott,Brock Purdy,Mike McCarthy,Kyle Shanahan,Alan Eck,SFO01,Levi's Stadium,0
2023_05_GB_LV,2023,REG,5,2023-10-09,Monday,20:15,GB,13.0,LV,17.0,Home,4.0,30.0,0.0,2023100900,59250.0,,202310090rai,,401547468,,11,8,-102.0,-118.0,1.0,-110.0,-110.0,45.0,-110.0,-110.0,0,dome,grass,,,00-0036264,00-0031345,Jordan Love,Jimmy Garoppolo,Matt LaFleur,Josh McDaniels,Alan Eck,VEG00,Allegiant Stadium,1
2023_06_DEN_KC,2023,REG,6,2023-10-12,Thursday,20:15,DEN,8.0,KC,19.0,Home,11.0,27.0,0.0,2023101200,59251.0,,202310120kan,,401547469,,4,4,470.0,-650.0,10.5,-108.0,-112.0,47.5,-112.0,-108.0,1,outdoors,grass,,,00-0029263,00-0033873,Russell Wilson,Patrick Mahomes,Sean Payton,Andy Reid,Shawn Hochuli,KAN00,GEHA Field at Arrowhead Stadium,0
2023_06_BAL_TEN,2023,REG,6,2023-10-15,Sunday,09:30,BAL,24.0,TEN,16.0,Neutral,-8.0,40.0,0.0,2023101500,59252.0,,202310150oti,,401547229,,7,7,-250.0,205.0,-5.5,-112.0,-108.0,42.5,-110.0,-110.0,0,outdoors,,,,00-0034796,00-0029701,Lamar Jackson,Ryan Tannehill,John Harbaugh,Mike Vrabel,Bill Vinovich,LON02,Tottenham Stadium,0
2023_06_WAS_ATL,2023,REG,6,2023-10-15,Sunday,13:00,WAS,24.0,ATL,16.0,Home,-8.0,40.0,0.0,2023101501,59253.0,,202310150atl,,401547470,,10,7,105.0,-125.0,1.5,-108.0,-112.0,42.0,-110.0,-110.0,0,closed,fieldturf,,,00-0037077,00-0038122,Sam Howell,Desmond Ridder,Ron Rivera,Arthur Smith,Clete Blakeman,ATL97,Mercedes-Benz Stadium,1
2023_06_MIN_CHI,2023,REG,6,2023-10-15,Sunday,13:00,MIN,19.0,CHI,13.0,Home,-6.0,32.0,0.0,2023101502,59254.0,,202310150chi,,401547475,,7,10,-166.0,140.0,-3.0,-115.0,-105.0,44.5,-112.0,-108.0,1,outdoors,grass,53.0,16.0,00-0029604,00-0036945,Kirk Cousins,Justin Fields,Kevin O'Connell,Matt Eberflus,Brad Allen,CHI98,Soldier Field,0
2023_06_SEA_CIN,2023,REG,6,2023-10-15,Sunday,13:00,SEA,13.0,CIN,17.0,Home,4.0,30.0,0.0,2023101503,59255.0,,202310150cin,,401547471,,13,7,130.0,-155.0,3.0,-112.0,-108.0,45.5,-108.0,-112.0,0,outdoors,fieldturf,57.0,15.0,00-0030565,00-0036442,Geno Smith,Joe Burrow,Pete Carroll,Zac Taylor,Adrian Hill,CIN00,Paycor Stadium,0
2023_06_SF_CLE,2023,REG,6,2023-10-15,Sunday,13:00,SF,17.0,CLE,19.0,Home,2.0,36.0,0.0,2023101504,59256.0,,202310150cle,,401547476,,7,14,-470.0,360.0,-9.5,-115.0,-105.0,36.0,-110.0,-110.0,0,outdoors,grass,53.0,15.0,00-0037834,00-0033275,Brock Purdy,Phillip Walker,Kyle Shanahan,Kevin Stefanski,John Hussey,CLE00,FirstEnergy Stadium,0
2023_06_NO_HOU,2023,REG,6,2023-10-15,Sunday,13:00,NO,13.0,HOU,20.0,Home,7.0,33.0,0.0,2023101505,59257.0,,202310150htx,,401547477,,7,7,-130.0,110.0,-2.0,-110.0,-110.0,42.5,-112.0,-108.0,0,closed,astroturf,,,00-0031280,00-0039163,Derek Carr,C.J. Stroud,Dennis Allen,DeMeco Ryans,Alan Eck,HOU00,NRG Stadium,1
2023_06_IND_JAX,2023,REG,6,2023-10-15,Sunday,13:00,IND,20.0,JAX,37.0,Home,17.0,57.0,0.0,2023101506,59258.0,,202310150jax,,401547472,,7,7,170.0,-205.0,4.0,-110.0,-110.0,44.0,-110.0,-110.0,1,outdoors,grass,,,00-0035289,00-0036971,Gardner Minshew,Trevor Lawrence,Shane Steichen,Doug Pederson,Alex Kemp,JAX00,TIAA Bank Stadium,0
2023_06_CAR_MIA,2023,REG,6,2023-10-15,Sunday,13:00,CAR,21.0,MIA,42.0,Home,21.0,63.0,0.0,2023101507,59259.0,,202310150mia,,401547473,,7,7,700.0,-1100.0,14.0,-110.0,-110.0,47.5,-112.0,-108.0,0,outdoors,grass,87.0,12.0,00-0039150,00-0036212,Bryce Young,Tua Tagovailoa,Frank Reich,Mike McDaniel,Craig Wrolstad,MIA00,Hard Rock Stadium,0
2023_06_NE_LV,2023,REG,6,2023-10-15,Sunday,16:05,NE,17.0,LV,21.0,Home,4.0,38.0,0.0,2023101509,59261.0,,202310150rai,,401547474,,7,6,124.0,-148.0,3.0,-118.0,-102.0,41.5,-110.0,-110.0,0,dome,grass,,,00-0036972,00-0031345,Mac Jones,Jimmy Garoppolo,Bill Belichick,Josh McDaniels,Brad Rogers,VEG00,Allegiant Stadium,1
2023_06_ARI_LA,2023,REG,6,2023-10-15,Sunday,16:25,ARI,9.0,LA,26.0,Home,17.0,35.0,0.0,2023101510,59262.0,,202310150ram,,401547479,,7,7,270.0,-340.0,7.0,-105.0,-115.0,48.0,-110.0,-110.0,1,dome,matrixturf,,,00-0033949,00-0026498,Joshua Dobbs,Matthew Stafford,Jonathan Gannon,Sean McVay,Ron Torbert,LAX01,SoFi Stadium,1
2023_06_PHI_NYJ,2023,REG,6,2023-10-15,Sunday,16:25,PHI,14.0,NYJ,20.0,Home,6.0,34.0,0.0,2023101511,59263.0,,202310150nyj,,401547480,,7,7,-305.0,245.0,-6.5,-115.0,-105.0,43.0,-105.0,-115.0,0,outdoors,fieldturf,59.0,11.0,00-0036389,00-0037013,Jalen Hurts,Zach Wilson,Nick Sirianni,Robert Saleh,Scott Novak,NYC01,MetLife Stadium,0
2023_06_DET_TB,2023,REG,6,2023-10-15,Sunday,16:25,DET,20.0,TB,6.0,Home,-14.0,26.0,0.0,2023101508,59260.0,,202310150tam,,401547478,,7,14,-162.0,136.0,-3.0,-115.0,-105.0,43.5,-112.0,-108.0,0,outdoors,grass,77.0,13.0,00-0033106,00-0034855,Jared Goff,Baker Mayfield,Dan Campbell,Todd Bowles,Clay Martin,TAM00,Raymond James Stadium,0
2023_06_NYG_BUF,2023,REG,6,2023-10-15,Sunday,20:20,NYG,9.0,BUF,14.0,Home,5.0,23.0,0.0,2023101512,59264.0,,202310150buf,,401547481,,7,7,750.0,-1200.0,15.5,-110.0,-110.0,43.5,-110.0,-110.0,0,outdoors,a_turf,46.0,7.0,00-0028118,00-0034857,Tyrod Taylor,Josh Allen,Brian Daboll,Sean McDermott,Tra Blake,BUF00,New Era Field,0
2023_06_DAL_LAC,2023,REG,6,2023-10-16,Monday,20:15,DAL,20.0,LAC,17.0,Home,-3.0,37.0,0.0,2023101600,59265.0,,202310160sdg,,401547482,,8,15,-130.0,110.0,-1.5,-112.0,-108.0,49.5,-108.0,-112.0,0,dome,matrixturf,,,00-0033077,00-0036355,Dak Prescott,Justin Herbert,Mike McCarthy,Brandon Staley,Land Clark,LAX01,SoFi Stadium,1
2023_07_JAX_NO,2023,REG,7,2023-10-19,Thursday,20:15,JAX,31.0,NO,24.0,Home,-7.0,55.0,0.0,2023101900,59266.0,,202310190nor,,401547483,,4,4,124.0,-148.0,2.5,-108.0,-112.0,41.0,-110.0,-110.0,0,dome,sportturf,,,00-0036971,00-0031280,Trevor Lawrence,Derek Carr,Doug Pederson,Dennis Allen,Land Clark,NOR00,Mercedes-Benz Superdome,1
2023_07_DET_BAL,2023,REG,7,2023-10-22,Sunday,13:00,DET,6.0,BAL,38.0,Home,32.0,44.0,0.0,2023102200,59267.0,,202310220rav,,401547489,,7,7,136.0,-162.0,3.0,-105.0,-115.0,43.5,-108.0,-112.0,0,outdoors,grass,62.0,16.0,00-0033106,00-0034796,Jared Goff,Lamar Jackson,Dan Campbell,John Harbaugh,Brad Rogers,BAL00,M&T Bank Stadium,0
2023_07_LV_CHI,2023,REG,7,2023-10-22,Sunday,13:00,LV,12.0,CHI,30.0,Home,18.0,42.0,0.0,2023102201,59268.0,,202310220chi,,401547490,,7,7,-142.0,120.0,-2.5,-110.0,-110.0,38.5,-110.0,-110.0,0,outdoors,grass,52.0,8.0,00-0026625,00-0038416,Brian Hoyer,Tyson Bagent,Josh McDaniels,Matt Eberflus,Clay Martin,CHI98,Soldier Field,0
2023_07_CLE_IND,2023,REG,7,2023-10-22,Sunday,13:00,CLE,39.0,IND,38.0,Home,-1.0,77.0,0.0,2023102202,59269.0,,202310220clt,,401547484,,7,7,-180.0,150.0,-3.5,-108.0,-112.0,40.0,-110.0,-110.0,0,open,fieldturf,,,00-0033537,00-0035289,Deshaun Watson,Gardner Minshew,Kevin Stefanski,Shane Steichen,Shawn Smith,IND00,Lucas Oil Stadium,0
2023_07_BUF_NE,2023,REG,7,2023-10-22,Sunday,13:00,BUF,25.0,NE,29.0,Home,4.0,54.0,0.0,2023102203,59270.0,,202310220nwe,,401547485,,7,7,-395.0,310.0,-7.5,-110.0,-110.0,41.0,-110.0,-110.0,1,outdoors,fieldturf,55.0,13.0,00-0034857,00-0036972,Josh Allen,Mac Jones,Sean McDermott,Bill Belichick,Clete Blakeman,BOS00,Gillette Stadium,0
2023_07_WAS_NYG,2023,REG,7,2023-10-22,Sunday,13:00,WAS,7.0,NYG,14.0,Home,7.0,21.0,0.0,2023102204,59271.0,,202310220nyg,,401547486,,7,7,-162.0,136.0,-3.0,-108.0,-112.0,37.0,-112.0,-108.0,1,outdoors,fieldturf,54.0,14.0,00-0037077,00-0028118,Sam Howell,Tyrod Taylor,Ron Rivera,Brian Daboll,John Hussey,NYC01,MetLife Stadium,0
2023_07_ATL_TB,2023,REG,7,2023-10-22,Sunday,13:00,ATL,16.0,TB,13.0,Home,-3.0,29.0,0.0,2023102205,59272.0,,202310220tam,,401547491,,7,7,124.0,-148.0,3.0,-115.0,-105.0,37.5,-115.0,-105.0,1,outdoors,grass,79.0,3.0,00-0038122,00-0034855,Desmond Ridder,Baker Mayfield,Arthur Smith,Todd Bowles,Ron Torbert,TAM00,Raymond James Stadium,0
2023_07_PIT_LA,2023,REG,7,2023-10-22,Sunday,16:05,PIT,24.0,LA,17.0,Home,-7.0,41.0,0.0,2023102206,59273.0,,202310220ram,,401547492,,14,7,145.0,-175.0,3.5,-118.0,-102.0,44.0,-112.0,-108.0,0,dome,matrixturf,,,00-0038102,00-0026498,Kenny Pickett,Matthew Stafford,Mike Tomlin,Sean McVay,Craig Wrolstad,LAX01,SoFi Stadium,1
2023_07_ARI_SEA,2023,REG,7,2023-10-22,Sunday,16:05,ARI,10.0,SEA,20.0,Home,10.0,30.0,0.0,2023102207,59274.0,,202310220sea,,401547493,,7,7,350.0,-455.0,9.5,-112.0,-108.0,43.5,-110.0,-110.0,1,outdoors,fieldturf,56.0,5.0,00-0033949,00-0030565,Joshua Dobbs,Geno Smith,Jonathan Gannon,Pete Carroll,Scott Novak,SEA00,Lumen Field,0
2023_07_GB_DEN,2023,REG,7,2023-10-22,Sunday,16:25,GB,17.0,DEN,19.0,Home,2.0,36.0,0.0,2023102208,59275.0,,202310220den,,401547487,,13,10,-102.0,-118.0,1.5,-112.0,-108.0,44.0,-110.0,-110.0,0,outdoors,grass,72.0,9.0,00-0036264,00-0029263,Jordan Love,Russell Wilson,Matt LaFleur,Sean Payton,Alex Kemp,DEN00,Empower Field at Mile High,0
2023_07_LAC_KC,2023,REG,7,2023-10-22,Sunday,16:25,LAC,17.0,KC,31.0,Home,14.0,48.0,0.0,2023102209,59276.0,,202310220kan,,401547488,,6,10,215.0,-265.0,5.5,-105.0,-115.0,48.5,-108.0,-112.0,1,outdoors,grass,72.0,10.0,00-0036355,00-0033873,Justin Herbert,Patrick Mahomes,Brandon Staley,Andy Reid,Tra Blake,KAN00,GEHA Field at Arrowhead Stadium,0
2023_07_MIA_PHI,2023,REG,7,2023-10-22,Sunday,20:20,MIA,17.0,PHI,31.0,Home,14.0,48.0,0.0,2023102210,59277.0,,202310220phi,,401547494,,7,7,130.0,-155.0,3.0,-112.0,-108.0,52.0,-110.0,-110.0,0,outdoors,grass,55.0,17.0,00-0036212,00-0036389,Tua Tagovailoa,Jalen Hurts,Mike McDaniel,Nick Sirianni,Brad Allen,PHI00,Lincoln Financial Field,0
2023_07_SF_MIN,2023,REG,7,2023-10-23,Monday,20:15,SF,17.0,MIN,22.0,Home,5.0,39.0,0.0,2023102300,59278.0,,202310230min,,401547495,,8,8,-325.0,260.0,-7.0,-105.0,-115.0,44.5,-110.0,-110.0,0,dome,sportturf,,,00-0037834,00-0029604,Brock Purdy,Kirk Cousins,Kyle Shanahan,Kevin O'Connell,Carl Cheffers,MIN01,U.S. Bank Stadium,1
2023_08_TB_BUF,2023,REG,8,2023-10-26,Thursday,20:15,TB,18.0,BUF,24.0,Home,6.0,42.0,0.0,2023102600,59279.0,,202310260buf,,401547496,,4,4,370.0,-485.0,10.0,-112.0,-108.0,43.0,-110.0,-110.0,0,outdoors,a_turf,66.0,10.0,00-0034855,00-0034857,Baker Mayfield,Josh Allen,Todd Bowles,Sean McDermott,Scott Novak,BUF00,New Era Field,0
2023_08_HOU_CAR,2023,REG,8,2023-10-29,Sunday,13:00,HOU,13.0,CAR,15.0,Home,2.0,28.0,0.0,2023102900,59280.0,,202310290car,,401547504,,14,14,-162.0,136.0,-3.0,-118.0,-102.0,43.0,-110.0,-110.0,0,outdoors,grass,77.0,14.0,00-0039163,00-0039150,C.J. Stroud,Bryce Young,DeMeco Ryans,Frank Reich,John Hussey,CAR00,Bank of America Stadium,0
2023_08_LA_DAL,2023,REG,8,2023-10-29,Sunday,13:00,LA,20.0,DAL,43.0,Home,23.0,63.0,0.0,2023102901,59281.0,,202310290dal,,401547505,,7,13,250.0,-310.0,6.5,-105.0,-115.0,44.5,-110.0,-110.0,0,closed,matrixturf,,,00-0026498,00-0033077,Matthew Stafford,Dak Prescott,Sean McVay,Mike McCarthy,Adrian Hill,DAL00,AT&T Stadium,1
2023_08_MIN_GB,2023,REG,8,2023-10-29,Sunday,13:00,MIN,24.0,GB,10.0,Home,-14.0,34.0,0.0,2023102902,59282.0,,202310290gnb,,401547506,,6,7,-112.0,-108.0,-1.0,-108.0,-112.0,41.5,-108.0,-112.0,1,outdoors,grass,39.0,8.0,00-0029604,00-0036264,Kirk Cousins,Jordan Love,Kevin O'Connell,Matt LaFleur,Shawn Hochuli,GNB00,Lambeau Field,0
2023_08_NO_IND,2023,REG,8,2023-10-29,Sunday,13:00,NO,38.0,IND,27.0,Home,-11.0,65.0,0.0,2023102903,59283.0,,202310290clt,,401547507,,10,7,-130.0,110.0,-2.0,-110.0,-110.0,43.5,-110.0,-110.0,0,closed,fieldturf,,,00-0031280,00-0035289,Derek Carr,Gardner Minshew,Dennis Allen,Shane Steichen,Craig Wrolstad,IND00,Lucas Oil Stadium,1
2023_08_NE_MIA,2023,REG,8,2023-10-29,Sunday,13:00,NE,17.0,MIA,31.0,Home,14.0,48.0,0.0,2023102904,59284.0,,202310290mia,,401547497,,7,7,300.0,-380.0,7.5,-110.0,-110.0,46.5,-110.0,-110.0,1,outdoors,grass,83.0,17.0,00-0036972,00-0036212,Mac Jones,Tua Tagovailoa,Bill Belichick,Mike McDaniel,Land Clark,MIA00,Hard Rock Stadium,0
2023_08_NYJ_NYG,2023,REG,8,2023-10-29,Sunday,13:00,NYJ,13.0,NYG,10.0,Home,-3.0,23.0,1.0,2023102905,59285.0,,202310290nyg,,401547498,,14,7,-162.0,136.0,-3.0,-115.0,-105.0,35.0,-112.0,-108.0,0,outdoors,fieldturf,52.0,6.0,00-0037013,00-0028118,Zach Wilson,Tyrod Taylor,Robert Saleh,Brian Daboll,Shawn Smith,NYC01,MetLife Stadium,0
2023_08_JAX_PIT,2023,REG,8,2023-10-29,Sunday,13:00,JAX,20.0,PIT,10.0,Home,-10.0,30.0,0.0,2023102906,59286.0,,202310290pit,,401547499,,10,7,-135.0,114.0,-2.5,-110.0,-110.0,41.0,-110.0,-110.0,0,outdoors,grass,58.0,2.0,00-0036971,00-0038102,Trevor Lawrence,Kenny Pickett,Doug Pederson,Mike Tomlin,Alan Eck,PIT00,Acrisure Stadium,0
2023_08_ATL_TEN,2023,REG,8,2023-10-29,Sunday,13:00,ATL,23.0,TEN,28.0,Home,5.0,51.0,0.0,2023102907,59287.0,,202310290oti,,401547500,,7,14,-130.0,110.0,-2.5,-110.0,-110.0,35.0,-110.0,-110.0,0,outdoors,grass,77.0,7.0,00-0038122,00-0039152,Desmond Ridder,Will Levis,Arthur Smith,Mike Vrabel,Clay Martin,NAS00,Nissan Stadium,0
2023_08_PHI_WAS,2023,REG,8,2023-10-29,Sunday,13:00,PHI,38.0,WAS,31.0,Home,-7.0,69.0,0.0,2023102908,59288.0,,202310290was,,401547508,,7,7,-305.0,245.0,-7.0,-110.0,-110.0,42.5,-110.0,-110.0,1,outdoors,grass,69.0,4.0,00-0036389,00-0037077,Jalen Hurts,Sam Howell,Nick Sirianni,Ron Rivera,Carl Cheffers,WAS00,FedExField,0
2023_08_CLE_SEA,2023,REG,8,2023-10-29,Sunday,16:05,CLE,20.0,SEA,24.0,Home,4.0,44.0,0.0,2023102909,59289.0,,202310290sea,,401547509,,7,7,164.0,-198.0,4.0,-110.0,-110.0,39.5,-112.0,-108.0,0,outdoors,fieldturf,47.0,3.0,00-0033275,00-0030565,Phillip Walker,Geno Smith,Kevin Stefanski,Pete Carroll,Bill Vinovich,SEA00,Lumen Field,0
2023_08_BAL_ARI,2023,REG,8,2023-10-29,Sunday,16:25,BAL,31.0,ARI,24.0,Home,-7.0,55.0,0.0,2023102910,59290.0,,202310290crd,,401547501,,7,7,-500.0,380.0,-9.5,-110.0,-110.0,44.5,-110.0,-110.0,0,closed,grass,,,00-0034796,00-0033949,Lamar Jackson,Joshua Dobbs,John Harbaugh,Jonathan Gannon,Tra Blake,PHO00,State Farm Stadium,1
2023_08_KC_DEN,2023,REG,8,2023-10-29,Sunday,16:25,KC,9.0,DEN,24.0,Home,15.0,33.0,0.0,2023102911,59291.0,,202310290den,,401547502,,7,7,-340.0,270.0,-7.0,-102.0,-118.0,45.5,-110.0,-110.0,1,outdoors,grass,26.0,7.0,00-0033873,00-0029263,Patrick Mahomes,Russell Wilson,Andy Reid,Sean Payton,Brad Allen,DEN00,Empower Field at Mile High,0
2023_08_CIN_SF,2023,REG,8,2023-10-29,Sunday,16:25,CIN,31.0,SF,17.0,Home,-14.0,48.0,0.0,2023102912,59292.0,,202310290sfo,,401547503,,14,6,170.0,-205.0,4.0,-105.0,-115.0,44.0,-110.0,-110.0,0,outdoors,grass,74.0,10.0,00-0036442,00-0037834,Joe Burrow,Brock Purdy,Zac Taylor,Kyle Shanahan,Ron Torbert,SFO01,Levi's Stadium,0
2023_08_CHI_LAC,2023,REG,8,2023-10-29,Sunday,20:20,CHI,13.0,LAC,30.0,Home,17.0,43.0,0.0,2023102913,59293.0,,202310290sdg,,401547510,,7,7,340.0,-440.0,9.5,-108.0,-112.0,46.0,-112.0,-108.0,0,dome,matrixturf,,,00-0038416,00-0036355,Tyson Bagent,Justin Herbert,Matt Eberflus,Brandon Staley,Brad Rogers,LAX01,SoFi Stadium,1
2023_08_LV_DET,2023,REG,8,2023-10-30,Monday,20:15,LV,14.0,DET,26.0,Home,12.0,40.0,0.0,2023103000,59294.0,,202310300det,,401547511,,8,8,270.0,-340.0,7.0,-110.0,-110.0,46.0,-110.0,-110.0,0,dome,fieldturf,,,00-0031345,00-0033106,Jimmy Garoppolo,Jared Goff,Josh McDaniels,Dan Campbell,Clete Blakeman,DET00,Ford Field,1
2023_09_TEN_PIT,2023,REG,9,2023-11-02,Thursday,20:15,TEN,16.0,PIT,20.0,Home,4.0,36.0,0.0,2023110200,59295.0,,202311020pit,,401547512,,4,4,145.0,-175.0,3.5,-120.0,100.0,37.0,-108.0,-112.0,0,outdoors,grass,40.0,5.0,00-0039152,00-0038102,Will Levis,Kenny Pickett,Mike Vrabel,Mike Tomlin,John Hussey,PIT00,Acrisure Stadium,0
2023_09_MIA_KC,2023,REG,9,2023-11-05,Sunday,09:30,MIA,14.0,KC,21.0,Neutral,7.0,35.0,0.0,2023110500,59296.0,,202311050kan,,401547230,,7,7,-105.0,-115.0,1.0,-112.0,-108.0,51.0,-108.0,-112.0,0,outdoors,grass,,,00-0036212,00-0033873,Tua Tagovailoa,Patrick Mahomes,Mike McDaniel,Andy Reid,Clay Martin,FRA00,Deutsche Bank Park,0
2023_09_MIN_ATL,2023,REG,9,2023-11-05,Sunday,13:00,MIN,31.0,ATL,28.0,Home,-3.0,59.0,0.0,2023110501,59297.0,,202311050atl,,401547518,,7,7,160.0,-192.0,3.5,-108.0,-112.0,38.5,-112.0,-108.0,0,open,fieldturf,,,00-0038598,00-0031800,Jaren Hall,Taylor Heinicke,Kevin O'Connell,Arthur Smith,Shawn Smith,ATL97,Mercedes-Benz Stadium,0
2023_09_SEA_BAL,2023,REG,9,2023-11-05,Sunday,13:00,SEA,3.0,BAL,37.0,Home,34.0,40.0,0.0,2023110502,59298.0,,202311050rav,,401547513,,7,7,220.0,-270.0,6.0,-110.0,-110.0,44.5,-112.0,-108.0,0,outdoors,grass,70.0,6.0,00-0030565,00-0034796,Geno Smith,Lamar Jackson,Pete Carroll,John Harbaugh,Shawn Hochuli,BAL00,M&T Bank Stadium,0
2023_09_ARI_CLE,2023,REG,9,2023-11-05,Sunday,13:00,ARI,0.0,CLE,27.0,Home,27.0,27.0,0.0,2023110503,59299.0,,202311050cle,,401547514,,7,7,525.0,-750.0,13.0,-112.0,-108.0,38.0,-110.0,-110.0,0,outdoors,grass,56.0,7.0,00-0038582,00-0033537,Clayton Tune,Deshaun Watson,Jonathan Gannon,Kevin Stefanski,Carl Cheffers,CLE00,FirstEnergy Stadium,0
2023_09_LA_GB,2023,REG,9,2023-11-05,Sunday,13:00,LA,3.0,GB,20.0,Home,17.0,23.0,0.0,2023110504,59300.0,,202311050gnb,,401547519,,7,7,160.0,-198.0,3.5,-108.0,-112.0,38.0,-112.0,-108.0,0,outdoors,grass,51.0,8.0,00-0034955,00-0036264,Brett Rypien,Jordan Love,Sean McVay,Matt LaFleur,Clete Blakeman,GNB00,Lambeau Field,0
2023_09_TB_HOU,2023,REG,9,2023-11-05,Sunday,13:00,TB,37.0,HOU,39.0,Home,2.0,76.0,0.0,2023110505,59301.0,,202311050htx,,401547515,,10,7,124.0,-148.0,2.5,100.0,-120.0,39.5,-110.0,-110.0,0,closed,astroturf,,,00-0034855,00-0039163,Baker Mayfield,C.J. Stroud,Todd Bowles,DeMeco Ryans,Land Clark,HOU00,NRG Stadium,1
2023_09_WAS_NE,2023,REG,9,2023-11-05,Sunday,13:00,WAS,20.0,NE,17.0,Home,-3.0,37.0,0.0,2023110506,59302.0,,202311050nwe,,401547520,,7,7,130.0,-155.0,2.5,100.0,-120.0,40.5,-110.0,-110.0,0,outdoors,fieldturf,62.0,6.0,00-0037077,00-0036972,Sam Howell,Mac Jones,Ron Rivera,Bill Belichick,Adrian Hill,BOS00,Gillette Stadium,0
2023_09_CHI_NO,2023,REG,9,2023-11-05,Sunday,13:00,CHI,17.0,NO,24.0,Home,7.0,41.0,0.0,2023110507,59303.0,,202311050nor,,401547516,,7,7,340.0,-440.0,9.0,-108.0,-112.0,42.0,-110.0,-110.0,0,dome,sportturf,,,00-0038416,00-0031280,Tyson Bagent,Derek Carr,Matt Eberflus,Dennis Allen,Ron Torbert,NOR00,Mercedes-Benz Superdome,1
2023_09_IND_CAR,2023,REG,9,2023-11-05,Sunday,16:05,IND,27.0,CAR,13.0,Home,-14.0,40.0,0.0,2023110508,59304.0,,202311050car,,401547517,,7,7,-130.0,110.0,-1.5,-108.0,-112.0,45.0,-110.0,-110.0,0,outdoors,grass,75.0,2.0,00-0035289,00-0039150,Gardner Minshew,Bryce Young,Shane Steichen,Frank Reich,Bill Vinovich,CAR00,Bank of America Stadium,0
2023_09_NYG_LV,2023,REG,9,2023-11-05,Sunday,16:25,NYG,6.0,LV,30.0,Home,24.0,36.0,0.0,2023110509,59305.0,,202311050rai,,401547521,,7,6,-102.0,-118.0,1.0,-110.0,-110.0,38.5,-112.0,-108.0,0,dome,grass,,,00-0035710,00-0038579,Daniel Jones,Aidan O'Connell,Brian Daboll,Antonio Pierce,Alan Eck,VEG00,Allegiant Stadium,1
2023_09_DAL_PHI,2023,REG,9,2023-11-05,Sunday,16:25,DAL,23.0,PHI,28.0,Home,5.0,51.0,0.0,2023110510,59306.0,,202311050phi,,401547522,,7,7,145.0,-175.0,3.5,-118.0,-102.0,46.5,-110.0,-110.0,1,outdoors,grass,64.0,6.0,00-0033077,00-0036389,Dak Prescott,Jalen Hurts,Mike McCarthy,Nick Sirianni,Tra Blake,PHI00,Lincoln Financial Field,0
2023_09_BUF_CIN,2023,REG,9,2023-11-05,Sunday,20:20,BUF,18.0,CIN,24.0,Home,6.0,42.0,0.0,2023110511,59307.0,,202311050cin,,401547523,,10,7,105.0,-125.0,1.5,-108.0,-112.0,51.0,-110.0,-110.0,0,outdoors,fieldturf,51.0,5.0,00-0034857,00-0036442,Josh Allen,Joe Burrow,Sean McDermott,Zac Taylor,Alex Kemp,CIN00,Paycor Stadium,0
2023_09_LAC_NYJ,2023,REG,9,2023-11-06,Monday,20:15,LAC,27.0,NYJ,6.0,Home,-21.0,33.0,0.0,2023110600,59308.0,,202311060nyj,,401547524,,8,8,-170.0,142.0,-3.0,-118.0,-102.0,41.0,-110.0,-110.0,0,outdoors,fieldturf,48.0,4.0,00-0036355,00-0037013,Justin Herbert,Zach Wilson,Brandon Staley,Robert Saleh,Craig Wrolstad,NYC01,MetLife Stadium,0
2023_10_CAR_CHI,2023,REG,10,2023-11-09,Thursday,20:15,CAR,13.0,CHI,16.0,Home,3.0,29.0,0.0,2023110900,59309.0,,202311090chi,,401547525,,4,4,150.0,-180.0,3.0,100.0,-120.0,38.0,-105.0,-115.0,0,outdoors,grass,51.0,8.0,00-0039150,00-0038416,Bryce Young,Tyson Bagent,Frank Reich,Matt Eberflus,Clete Blakeman,CHI98,Soldier Field,0
2023_10_IND_NE,2023,REG,10,2023-11-12,Sunday,09:30,IND,10.0,NE,6.0,Neutral,-4.0,16.0,0.0,2023111200,59310.0,,202311120nwe,,401547231,,7,7,-118.0,-102.0,-1.0,-110.0,-110.0,42.0,-110.0,-110.0,0,outdoors,grass,,,00-0035289,00-0036972,Gardner Minshew,Mac Jones,Shane Steichen,Bill Belichick,Tra Blake,FRA00,Deutsche Bank Park,0
2023_10_CLE_BAL,2023,REG,10,2023-11-12,Sunday,13:00,CLE,33.0,BAL,31.0,Home,-2.0,64.0,0.0,2023111201,59311.0,,202311120rav,,401547531,,7,7,210.0,-258.0,6.0,-112.0,-108.0,38.5,-108.0,-112.0,1,outdoors,grass,49.0,4.0,00-0033537,00-0034796,Deshaun Watson,Lamar Jackson,Kevin Stefanski,John Harbaugh,Land Clark,BAL00,M&T Bank Stadium,0
2023_10_HOU_CIN,2023,REG,10,2023-11-12,Sunday,13:00,HOU,30.0,CIN,27.0,Home,-3.0,57.0,0.0,2023111202,59312.0,,202311120cin,,401547526,,7,7,205.0,-250.0,5.5,-110.0,-110.0,46.0,-110.0,-110.0,0,outdoors,fieldturf,56.0,6.0,00-0039163,00-0036442,C.J. Stroud,Joe Burrow,DeMeco Ryans,Zac Taylor,Carl Cheffers,CIN00,Paycor Stadium,0
2023_10_SF_JAX,2023,REG,10,2023-11-12,Sunday,13:00,SF,34.0,JAX,3.0,Home,-31.0,37.0,0.0,2023111203,59313.0,,202311120jax,,401547532,,14,14,-170.0,142.0,-3.0,-112.0,-108.0,44.5,-112.0,-108.0,0,outdoors,grass,59.0,11.0,00-0037834,00-0036971,Brock Purdy,Trevor Lawrence,Kyle Shanahan,Doug Pederson,Brad Allen,JAX00,TIAA Bank Stadium,0
2023_10_NO_MIN,2023,REG,10,2023-11-12,Sunday,13:00,NO,19.0,MIN,27.0,Home,8.0,46.0,0.0,2023111204,59314.0,,202311120min,,401547533,,7,7,-155.0,130.0,-3.0,-105.0,-115.0,41.0,-112.0,-108.0,0,dome,sportturf,,,00-0031280,00-0033949,Derek Carr,Joshua Dobbs,Dennis Allen,Kevin O'Connell,Adrian Hill,MIN01,U.S. Bank Stadium,1
2023_10_GB_PIT,2023,REG,10,2023-11-12,Sunday,13:00,GB,19.0,PIT,23.0,Home,4.0,42.0,0.0,2023111205,59315.0,,202311120pit,,401547527,,7,10,140.0,-166.0,3.0,100.0,-120.0,38.5,-112.0,-108.0,0,outdoors,grass,50.0,5.0,00-0036264,00-0038102,Jordan Love,Kenny Pickett,Matt LaFleur,Mike Tomlin,Scott Novak,PIT00,Acrisure Stadium,0
2023_10_TEN_TB,2023,REG,10,2023-11-12,Sunday,13:00,TEN,6.0,TB,20.0,Home,14.0,26.0,0.0,2023111206,59316.0,,202311120tam,,401547528,,10,7,120.0,-142.0,2.5,-105.0,-115.0,39.5,-110.0,-110.0,0,outdoors,grass,85.0,6.0,00-0039152,00-0034855,Will Levis,Baker Mayfield,Mike Vrabel,Todd Bowles,Alan Eck,TAM00,Raymond James Stadium,0
2023_10_ATL_ARI,2023,REG,10,2023-11-12,Sunday,16:05,ATL,23.0,ARI,25.0,Home,2.0,48.0,0.0,2023111207,59317.0,,202311120crd,,401547529,,7,7,-130.0,110.0,-2.0,-110.0,-110.0,43.5,-108.0,-112.0,0,closed,grass,,,00-0031800,00-0035228,Taylor Heinicke,Kyler Murray,Arthur Smith,Jonathan Gannon,Craig Wrolstad,PHO00,State Farm Stadium,1
2023_10_DET_LAC,2023,REG,10,2023-11-12,Sunday,16:05,DET,41.0,LAC,38.0,Home,-3.0,79.0,0.0,2023111208,59318.0,,202311120sdg,,401547530,,13,6,-142.0,120.0,-2.5,-110.0,-110.0,48.5,-110.0,-110.0,0,dome,matrixturf,,,00-0033106,00-0036355,Jared Goff,Justin Herbert,Dan Campbell,Brandon Staley,Shawn Smith,LAX01,SoFi Stadium,1
2023_10_NYG_DAL,2023,REG,10,2023-11-12,Sunday,16:25,NYG,17.0,DAL,49.0,Home,32.0,66.0,0.0,2023111209,59319.0,,202311120dal,,401547534,,7,7,1100.0,-2100.0,17.5,-108.0,-112.0,38.5,-108.0,-112.0,1,closed,matrixturf,,,00-0038476,00-0033077,Tommy DeVito,Dak Prescott,Brian Daboll,Mike McCarthy,Brad Rogers,DAL00,AT&T Stadium,1
2023_10_WAS_SEA,2023,REG,10,2023-11-12,Sunday,16:25,WAS,26.0,SEA,29.0,Home,3.0,55.0,0.0,2023111210,59320.0,,202311120sea,,401547535,,7,7,220.0,-270.0,6.0,-110.0,-110.0,44.0,-112.0,-108.0,0,outdoors,fieldturf,52.0,4.0,00-0037077,00-0030565,Sam Howell,Geno Smith,Ron Rivera,Pete Carroll,Alex Kemp,SEA00,Lumen Field,0
2023_10_NYJ_LV,2023,REG,10,2023-11-12,Sunday,20:20,NYJ,12.0,LV,16.0,Home,4.0,28.0,0.0,2023111211,59321.0,,202311120rai,,401547536,,6,7,-115.0,-105.0,-1.0,-108.0,-112.0,35.5,-112.0,-108.0,0,dome,grass,,,00-0037013,00-0038579,Zach Wilson,Aidan O'Connell,Robert Saleh,Antonio Pierce,Shawn Hochuli,VEG00,Allegiant Stadium,1
2023_10_DEN_BUF,2023,REG,10,2023-11-13,Monday,20:15,DEN,24.0,BUF,22.0,Home,-2.0,46.0,0.0,2023111300,59322.0,,202311130buf,,401547537,,15,8,310.0,-395.0,7.5,-112.0,-108.0,47.5,-112.0,-108.0,0,outdoors,a_turf,49.0,10.0,00-0029263,00-0034857,Russell Wilson,Josh Allen,Sean Payton,Sean McDermott,Bill Vinovich,BUF00,New Era Field,0
2023_11_CIN_BAL,2023,REG,11,2023-11-16,Thursday,20:15,CIN,20.0,BAL,34.0,Home,14.0,54.0,0.0,2023111600,59323.0,,202311160rav,,401547538,,4,4,170.0,-205.0,4.0,-112.0,-108.0,46.5,-112.0,-108.0,1,outdoors,grass,56.0,1.0,00-0036442,00-0034796,Joe Burrow,Lamar Jackson,Zac Taylor,John Harbaugh,Adrian Hill,BAL00,M&T Bank Stadium,0
2023_11_DAL_CAR,2023,REG,11,2023-11-19,Sunday,13:00,DAL,33.0,CAR,10.0,Home,-23.0,43.0,0.0,2023111900,59324.0,,202311190car,,401547545,,7,10,-650.0,470.0,-11.0,-110.0,-110.0,43.0,-108.0,-112.0,0,outdoors,grass,65.0,2.0,00-0033077,00-0039150,Dak Prescott,Bryce Young,Mike McCarthy,Frank Reich,Clay Martin,CAR00,Bank of America Stadium,0
2023_11_PIT_CLE,2023,REG,11,2023-11-19,Sunday,13:00,PIT,10.0,CLE,13.0,Home,3.0,23.0,0.0,2023111901,59325.0,,202311190cle,,401547539,,7,7,120.0,-142.0,2.5,-105.0,-115.0,34.0,-108.0,-112.0,1,outdoors,grass,48.0,11.0,00-0038102,00-0038583,Kenny Pickett,Dorian Thompson-Robinson,Mike Tomlin,Kevin Stefanski,Shawn Hochuli,CLE00,FirstEnergy Stadium,0
2023_11_CHI_DET,2023,REG,11,2023-11-19,Sunday,13:00,CHI,26.0,DET,31.0,Home,5.0,57.0,0.0,2023111902,59326.0,,202311190det,,401547546,,10,7,340.0,-440.0,8.0,-110.0,-110.0,48.0,-110.0,-110.0,1,dome,fieldturf,,,00-0036945,00-0033106,Justin Fields,Jared Goff,Matt Eberflus,Dan Campbell,Scott Novak,DET00,Ford Field,1
2023_11_LAC_GB,2023,REG,11,2023-11-19,Sunday,13:00,LAC,20.0,GB,23.0,Home,3.0,43.0,0.0,2023111903,59327.0,,202311190gnb,,401547547,,7,7,-162.0,136.0,-3.0,-110.0,-110.0,44.0,-108.0,-112.0,0,outdoors,grass,45.0,5.0,00-0036355,00-0036264,Justin Herbert,Jordan Love,Brandon Staley,Matt LaFleur,John Hussey,GNB00,Lambeau Field,0
2023_11_ARI_HOU,2023,REG,11,2023-11-19,Sunday,13:00,ARI,16.0,HOU,21.0,Home,5.0,37.0,0.0,2023111904,59328.0,,202311190htx,,401547540,,7,7,205.0,-250.0,5.5,-108.0,-112.0,48.0,-110.0,-110.0,0,closed,astroturf,,,00-0035228,00-0039163,Kyler Murray,C.J. Stroud,Jonathan Gannon,DeMeco Ryans,Alex Kemp,HOU00,NRG Stadium,1
2023_11_TEN_JAX,2023,REG,11,2023-11-19,Sunday,13:00,TEN,14.0,JAX,34.0,Home,20.0,48.0,0.0,2023111905,59329.0,,202311190jax,,401547541,,7,7,235.0,-290.0,6.5,-105.0,-115.0,40.0,-110.0,-110.0,1,outdoors,grass,75.0,3.0,00-0039152,00-0036971,Will Levis,Trevor Lawrence,Mike Vrabel,Doug Pederson,Brad Rogers,JAX00,TIAA Bank Stadium,0
2023_11_LV_MIA,2023,REG,11,2023-11-19,Sunday,13:00,LV,13.0,MIA,20.0,Home,7.0,33.0,0.0,2023111906,59330.0,,202311190mia,,401547542,,7,14,700.0,-1100.0,14.0,-110.0,-110.0,44.5,-110.0,-110.0,0,outdoors,grass,82.0,7.0,00-0038579,00-0036212,Aidan O'Connell,Tua Tagovailoa,Antonio Pierce,Mike McDaniel,Bill Vinovich,MIA00,Hard Rock Stadium,0
2023_11_NYG_WAS,2023,REG,11,2023-11-19,Sunday,13:00,NYG,31.0,WAS,19.0,Home,-12.0,50.0,0.0,2023111907,59331.0,,202311190was,,401547548,,7,7,310.0,-395.0,7.5,-110.0,-110.0,39.0,-110.0,-110.0,1,outdoors,grass,56.0,7.0,00-0038476,00-0037077,Tommy DeVito,Sam Howell,Brian Daboll,Ron Rivera,Brad Allen,WAS00,FedExField,0
2023_11_TB_SF,2023,REG,11,2023-11-19,Sunday,16:05,TB,14.0,SF,27.0,Home,13.0,41.0,0.0,2023111908,59332.0,,202311190sfo,,401547549,,7,7,625.0,-950.0,13.5,-110.0,-110.0,41.5,-108.0,-112.0,0,outdoors,grass,65.0,10.0,00-0034855,00-0037834,Baker Mayfield,Brock Purdy,Todd Bowles,Kyle Shanahan,Craig Wrolstad,SFO01,Levi's Stadium,0
2023_11_NYJ_BUF,2023,REG,11,2023-11-19,Sunday,16:25,NYJ,6.0,BUF,32.0,Home,26.0,38.0,0.0,2023111909,59333.0,,202311190buf,,401547543,,7,6,310.0,-395.0,8.0,-108.0,-112.0,39.5,-112.0,-108.0,1,outdoors,a_turf,40.0,9.0,00-0037013,00-0034857,Zach Wilson,Josh Allen,Robert Saleh,Sean McDermott,Alan Eck,BUF00,New Era Field,0
2023_11_SEA_LA,2023,REG,11,2023-11-19,Sunday,16:25,SEA,16.0,LA,17.0,Home,1.0,33.0,0.0,2023111910,59334.0,,202311190ram,,401547544,,7,14,114.0,-135.0,2.5,-110.0,-110.0,45.0,-108.0,-112.0,1,dome,matrixturf,,,00-0030565,00-0026498,Geno Smith,Matthew Stafford,Pete Carroll,Sean McVay,Carl Cheffers,LAX01,SoFi Stadium,1
2023_11_MIN_DEN,2023,REG,11,2023-11-19,Sunday,20:20,MIN,20.0,DEN,21.0,Home,1.0,41.0,0.0,2023111911,59335.0,,202311190den,,401547550,,7,6,120.0,-142.0,2.5,-102.0,-118.0,43.5,-115.0,-105.0,0,outdoors,grass,53.0,3.0,00-0033949,00-0029263,Joshua Dobbs,Russell Wilson,Kevin O'Connell,Sean Payton,Ron Torbert,DEN00,Empower Field at Mile High,0
2023_11_PHI_KC,2023,REG,11,2023-11-20,Monday,20:15,PHI,21.0,KC,17.0,Home,-4.0,38.0,0.0,2023112000,59336.0,,202311200kan,,401547345,,15,15,124.0,-148.0,2.5,100.0,-120.0,46.0,-108.0,-112.0,0,outdoors,grass,45.0,12.0,00-0036389,00-0033873,Jalen Hurts,Patrick Mahomes,Nick Sirianni,Andy Reid,Shawn Smith,KAN00,GEHA Field at Arrowhead Stadium,0
2023_12_GB_DET,2023,REG,12,2023-11-23,Thursday,12:30,GB,29.0,DET,22.0,Home,-7.0,51.0,0.0,2023112300,59337.0,,202311230det,,401547552,,4,4,330.0,-425.0,8.5,-105.0,-115.0,47.0,-108.0,-112.0,1,dome,fieldturf,,,00-0036264,00-0033106,Jordan Love,Jared Goff,Matt LaFleur,Dan Campbell,Carl Cheffers,DET00,Ford Field,1
2023_12_WAS_DAL,2023,REG,12,2023-11-23,Thursday,16:30,WAS,10.0,DAL,45.0,Home,35.0,55.0,0.0,2023112301,59338.0,,202311230dal,,401547551,,4,4,550.0,-800.0,13.0,-110.0,-110.0,48.0,-112.0,-110.0,1,closed,matrixturf,,,00-0037077,00-0033077,Sam Howell,Dak Prescott,Ron Rivera,Mike McCarthy,Bill Vinovich,DAL00,AT&T Stadium,1
2023_12_SF_SEA,2023,REG,12,2023-11-23,Thursday,20:20,SF,31.0,SEA,13.0,Home,-18.0,44.0,0.0,2023112302,59339.0,,202311230sea,,401547553,,4,4,-355.0,280.0,-7.0,-112.0,-108.0,43.5,-115.0,-105.0,1,outdoors,fieldturf,39.0,4.0,00-0037834,00-0030565,Brock Purdy,Geno Smith,Kyle Shanahan,Pete Carroll,Tra Blake,SEA00,Lumen Field,0
2023_12_MIA_NYJ,2023,REG,12,2023-11-24,Friday,15:00,MIA,34.0,NYJ,13.0,Home,-21.0,47.0,0.0,2023112400,59340.0,,202311240nyj,,401547242,,5,5,-500.0,380.0,-9.5,-120.0,100.0,40.0,-110.0,-110.0,1,outdoors,fieldturf,48.0,11.0,00-0036212,00-0034177,Tua Tagovailoa,Tim Boyle,Mike McDaniel,Robert Saleh,John Hussey,NYC01,MetLife Stadium,0
2023_12_NO_ATL,2023,REG,12,2023-11-26,Sunday,13:00,NO,15.0,ATL,24.0,Home,9.0,39.0,0.0,2023112600,59341.0,,202311260atl,,401547559,,14,14,-130.0,110.0,-2.0,-110.0,-110.0,42.0,-110.0,-110.0,1,closed,fieldturf,,,00-0031280,00-0038122,Derek Carr,Desmond Ridder,Dennis Allen,Arthur Smith,Brad Allen,ATL97,Mercedes-Benz Stadium,1
2023_12_PIT_CIN,2023,REG,12,2023-11-26,Sunday,13:00,PIT,16.0,CIN,10.0,Home,-6.0,26.0,0.0,2023112601,59342.0,,202311260cin,,401547554,,7,10,-135.0,114.0,-2.0,-112.0,-108.0,36.0,-108.0,-112.0,1,outdoors,fieldturf,48.0,9.0,00-0038102,00-0035100,Kenny Pickett,Jake Browning,Mike Tomlin,Zac Taylor,Brad Rogers,CIN00,Paycor Stadium,0
2023_12_JAX_HOU,2023,REG,12,2023-11-26,Sunday,13:00,JAX,24.0,HOU,21.0,Home,-3.0,45.0,0.0,2023112602,59343.0,,202311260htx,,401547555,,7,7,-115.0,-105.0,-1.0,-110.0,-110.0,48.0,-108.0,-112.0,1,closed,astroturf,,,00-0036971,00-0039163,Trevor Lawrence,C.J. Stroud,Doug Pederson,DeMeco Ryans,Clay Martin,HOU00,NRG Stadium,1
2023_12_TB_IND,2023,REG,12,2023-11-26,Sunday,13:00,TB,20.0,IND,27.0,Home,7.0,47.0,0.0,2023112603,59344.0,,202311260clt,,401547556,,7,14,130.0,-155.0,2.5,-105.0,-115.0,45.0,-112.0,-108.0,0,closed,fieldturf,,,00-0034855,00-0035289,Baker Mayfield,Gardner Minshew,Todd Bowles,Shane Steichen,Clete Blakeman,IND00,Lucas Oil Stadium,1
2023_12_NE_NYG,2023,REG,12,2023-11-26,Sunday,13:00,NE,7.0,NYG,10.0,Home,3.0,17.0,0.0,2023112604,59345.0,,202311260nyg,,401547560,,14,7,-218.0,180.0,-4.5,-108.0,-112.0,36.5,-105.0,-115.0,0,outdoors,fieldturf,43.0,6.0,00-0036972,00-0038476,Mac Jones,Tommy DeVito,Bill Belichick,Brian Daboll,Scott Novak,NYC01,MetLife Stadium,0
2023_12_CAR_TEN,2023,REG,12,2023-11-26,Sunday,13:00,CAR,10.0,TEN,17.0,Home,7.0,27.0,0.0,2023112605,59346.0,,202311260oti,,401547561,,7,7,145.0,-175.0,3.5,-112.0,-105.0,36.0,-112.0,-108.0,0,outdoors,grass,51.0,13.0,00-0039150,00-0039152,Bryce Young,Will Levis,Frank Reich,Mike Vrabel,Ron Torbert,NAS00,Nissan Stadium,0
2023_12_LA_ARI,2023,REG,12,2023-11-26,Sunday,16:05,LA,37.0,ARI,14.0,Home,-23.0,51.0,0.0,2023112606,59347.0,,202311260crd,,401547562,,7,7,-148.0,124.0,-3.0,-105.0,-115.0,45.0,-112.0,-108.0,1,closed,grass,,,00-0026498,00-0035228,Matthew Stafford,Kyler Murray,Sean McVay,Jonathan Gannon,Shawn Smith,PHO00,State Farm Stadium,1
2023_12_CLE_DEN,2023,REG,12,2023-11-26,Sunday,16:05,CLE,12.0,DEN,29.0,Home,17.0,41.0,0.0,2023112607,59348.0,,202311260den,,401547563,,7,7,105.0,-125.0,1.5,-110.0,-110.0,37.5,-110.0,-110.0,0,outdoors,grass,40.0,5.0,00-0038583,00-0029263,Dorian Thompson-Robinson,Russell Wilson,Kevin Stefanski,Sean Payton,Adrian Hill,DEN00,Empower Field at Mile High,0
2023_12_KC_LV,2023,REG,12,2023-11-26,Sunday,16:25,KC,31.0,LV,17.0,Home,-14.0,48.0,0.0,2023112608,59349.0,,202311260rai,,401547557,,6,7,-500.0,380.0,-9.0,-110.0,-110.0,42.5,-112.0,-108.0,1,dome,grass,,,00-0033873,00-0038579,Patrick Mahomes,Aidan O'Connell,Andy Reid,Antonio Pierce,Land Clark,VEG00,Allegiant Stadium,1
2023_12_BUF_PHI,2023,REG,12,2023-11-26,Sunday,16:25,BUF,34.0,PHI,37.0,Home,3.0,71.0,1.0,2023112609,59350.0,,202311260phi,,401547558,,7,6,124.0,-148.0,2.5,-105.0,-115.0,49.0,-108.0,-112.0,0,outdoors,grass,47.0,6.0,00-0034857,00-0036389,Josh Allen,Jalen Hurts,Sean McDermott,Nick Sirianni,Shawn Hochuli,PHI00,Lincoln Financial Field,0
2023_12_BAL_LAC,2023,REG,12,2023-11-26,Sunday,20:20,BAL,20.0,LAC,10.0,Home,-10.0,30.0,0.0,2023112610,59351.0,,202311260sdg,,401547564,,10,7,-170.0,142.0,-3.0,-115.0,-105.0,49.0,-110.0,-110.0,0,dome,matrixturf,,,00-0034796,00-0036355,Lamar Jackson,Justin Herbert,John Harbaugh,Brandon Staley,Alan Eck,LAX01,SoFi Stadium,1
2023_12_CHI_MIN,2023,REG,12,2023-11-27,Monday,20:15,CHI,12.0,MIN,10.0,Home,-2.0,22.0,0.0,2023112700,59352.0,,202311270min,,401547565,,8,8,140.0,-166.0,3.0,-105.0,-115.0,43.5,-110.0,-110.0,1,dome,sportturf,,,00-0036945,00-0033949,Justin Fields,Joshua Dobbs,Matt Eberflus,Kevin O'Connell,Alex Kemp,MIN01,U.S. Bank Stadium,1
2023_13_SEA_DAL,2023,REG,13,2023-11-30,Thursday,20:15,SEA,35.0,DAL,41.0,Home,6.0,76.0,0.0,2023113000,59353.0,,202311300dal,,401547566,,7,7,380.0,-500.0,9.5,-102.0,-118.0,47.5,-110.0,-110.0,0,closed,matrixturf,,,00-0030565,00-0033077,Geno Smith,Dak Prescott,Pete Carroll,Mike McCarthy,Clete Blakeman,DAL00,AT&T Stadium,1
2023_13_DEN_HOU,2023,REG,13,2023-12-03,Sunday,13:00,DEN,17.0,HOU,22.0,Home,5.0,39.0,0.0,2023120307,59361.0,,202312030htx,,401547571,,7,7,142.0,-170.0,3.5,-122.0,102.0,47.5,-110.0,-110.0,0,closed,astroturf,,,00-0029263,00-0039163,Russell Wilson,C.J. Stroud,Sean Payton,DeMeco Ryans,Shawn Smith,HOU00,NRG Stadium,1
2023_13_LAC_NE,2023,REG,13,2023-12-03,Sunday,13:00,LAC,6.0,NE,0.0,Home,-6.0,6.0,0.0,2023120300,59354.0,,202312030nwe,,401547567,,7,7,-225.0,185.0,-4.5,-110.0,-110.0,38.5,-108.0,-112.0,0,outdoors,fieldturf,44.0,8.0,00-0036355,00-0038108,Justin Herbert,Bailey Zappe,Brandon Staley,Bill Belichick,Bill Vinovich,BOS00,Gillette Stadium,0
2023_13_DET_NO,2023,REG,13,2023-12-03,Sunday,13:00,DET,33.0,NO,28.0,Home,-5.0,61.0,0.0,2023120301,59355.0,,202312030nor,,401547572,,10,7,-198.0,164.0,-4.0,-110.0,-110.0,47.5,-108.0,-112.0,0,dome,sportturf,,,00-0033106,00-0031280,Jared Goff,Derek Carr,Dan Campbell,Dennis Allen,Clay Martin,NOR00,Mercedes-Benz Superdome,1
2023_13_ATL_NYJ,2023,REG,13,2023-12-03,Sunday,13:00,ATL,13.0,NYJ,8.0,Home,-5.0,21.0,0.0,2023120302,59356.0,,202312030nyj,,401547573,,7,9,-125.0,105.0,-2.0,-108.0,-112.0,33.0,-110.0,-110.0,0,outdoors,fieldturf,50.0,8.0,00-0038122,00-0034177,Desmond Ridder,Tim Boyle,Arthur Smith,Robert Saleh,Ron Torbert,NYC01,MetLife Stadium,0
2023_13_ARI_PIT,2023,REG,13,2023-12-03,Sunday,13:00,ARI,24.0,PIT,10.0,Home,-14.0,34.0,0.0,2023120303,59357.0,,202312030pit,,401547568,,7,7,230.0,-285.0,6.0,-105.0,-115.0,41.0,-112.0,-108.0,0,outdoors,grass,56.0,12.0,00-0035228,00-0038102,Kyler Murray,Kenny Pickett,Jonathan Gannon,Mike Tomlin,Land Clark,PIT00,Acrisure Stadium,0
2023_13_IND_TEN,2023,REG,13,2023-12-03,Sunday,13:00,IND,31.0,TEN,28.0,Home,-3.0,59.0,1.0,2023120305,59359.0,,202312030oti,,401547570,,7,7,-122.0,102.0,-1.5,-110.0,-110.0,42.0,-108.0,-112.0,1,outdoors,grass,53.0,13.0,00-0035289,00-0039152,Gardner Minshew,Will Levis,Shane Steichen,Mike Vrabel,Craig Wrolstad,NAS00,Nissan Stadium,0
2023_13_MIA_WAS,2023,REG,13,2023-12-03,Sunday,13:00,MIA,45.0,WAS,15.0,Home,-30.0,60.0,0.0,2023120306,59360.0,,202312030was,,401547574,,9,10,-455.0,350.0,-8.5,-112.0,-108.0,50.0,-110.0,-110.0,0,outdoors,grass,53.0,2.0,00-0036212,00-0037077,Tua Tagovailoa,Sam Howell,Mike McDaniel,Ron Rivera,Tra Blake,WAS00,FedExField,0
2023_13_CAR_TB,2023,REG,13,2023-12-03,Sunday,16:05,CAR,18.0,TB,21.0,Home,3.0,39.0,0.0,2023120304,59358.0,,202312030tam,,401547569,,7,7,164.0,-198.0,4.0,-110.0,-110.0,37.0,-110.0,-110.0,1,outdoors,grass,81.0,8.0,00-0039150,00-0034855,Bryce Young,Baker Mayfield,Chris Tabor,Todd Bowles,Brad Rogers,TAM00,Raymond James Stadium,0
2023_13_CLE_LA,2023,REG,13,2023-12-03,Sunday,16:25,CLE,19.0,LA,36.0,Home,17.0,55.0,0.0,2023120308,59362.0,,202312030ram,,401547575,,7,7,160.0,-192.0,3.5,-110.0,-110.0,39.5,-110.0,-110.0,0,dome,matrixturf,,,00-0026158,00-0026498,Joe Flacco,Matthew Stafford,Kevin Stefanski,Sean McVay,John Hussey,LAX01,SoFi Stadium,1
2023_13_SF_PHI,2023,REG,13,2023-12-03,Sunday,16:25,SF,42.0,PHI,19.0,Home,-23.0,61.0,0.0,2023120309,59363.0,,202312030phi,,401547276,,10,7,-148.0,124.0,-3.0,-105.0,-115.0,46.5,-108.0,-112.0,0,outdoors,grass,52.0,44.0,00-0037834,00-0036389,Brock Purdy,Jalen Hurts,Kyle Shanahan,Nick Sirianni,Alex Kemp,PHI00,Lincoln Financial Field,0
2023_13_KC_GB,2023,REG,13,2023-12-03,Sunday,20:20,KC,19.0,GB,27.0,Home,8.0,46.0,0.0,2023120310,59364.0,,202312030gnb,,401547576,,7,10,-265.0,215.0,-5.5,-118.0,-102.0,43.5,-105.0,-115.0,0,outdoors,grass,31.0,9.0,00-0033873,00-0036264,Patrick Mahomes,Jordan Love,Andy Reid,Matt LaFleur,Brad Allen,GNB00,Lambeau Field,0
2023_13_CIN_JAX,2023,REG,13,2023-12-04,Monday,20:15,CIN,34.0,JAX,31.0,Home,-3.0,65.0,1.0,2023120400,59365.0,,202312040jax,,401547577,,8,8,410.0,-550.0,10.0,-105.0,-115.0,41.0,-105.0,-115.0,0,outdoors,grass,61.0,4.0,00-0035100,00-0036971,Jake Browning,Trevor Lawrence,Zac Taylor,Doug Pederson,Scott Novak,JAX00,TIAA Bank Stadium,0
2023_14_NE_PIT,2023,REG,14,2023-12-07,Thursday,20:15,NE,21.0,PIT,18.0,Home,-3.0,39.0,0.0,2023120700,59366.0,,202312070pit,,401547578,,4,4,220.0,-270.0,6.0,-118.0,-102.0,30.0,-105.0,-115.0,0,outdoors,grass,42.0,5.0,00-0038108,00-0033869,Bailey Zappe,Mitchell Trubisky,Bill Belichick,Mike Tomlin,Clay Martin,PIT00,Acrisure Stadium,0
2023_14_TB_ATL,2023,REG,14,2023-12-10,Sunday,13:00,TB,29.0,ATL,25.0,Home,-4.0,54.0,0.0,2023121000,59367.0,,202312100atl,,401547579,,7,7,105.0,-125.0,1.5,-108.0,-112.0,41.5,-110.0,-110.0,1,closed,fieldturf,,,00-0034855,00-0038122,Baker Mayfield,Desmond Ridder,Todd Bowles,Arthur Smith,Alex Kemp,ATL97,Mercedes-Benz Stadium,1
2023_14_LA_BAL,2023,REG,14,2023-12-10,Sunday,13:00,LA,31.0,BAL,37.0,Home,6.0,68.0,1.0,2023121001,59368.0,,202312100rav,,401547585,,7,14,285.0,-360.0,7.5,-115.0,-105.0,42.0,-110.0,-110.0,0,outdoors,grass,57.0,5.0,00-0026498,00-0034796,Matthew Stafford,Lamar Jackson,Sean McVay,John Harbaugh,Scott Novak,BAL00,M&T Bank Stadium,0
2023_14_DET_CHI,2023,REG,14,2023-12-10,Sunday,13:00,DET,13.0,CHI,28.0,Home,15.0,41.0,0.0,2023121002,59369.0,,202312100chi,,401547586,,7,13,-170.0,142.0,-3.0,-120.0,100.0,44.5,-110.0,-110.0,1,outdoors,grass,36.0,12.0,00-0033106,00-0036945,Jared Goff,Justin Fields,Dan Campbell,Matt Eberflus,Tra Blake,CHI98,Soldier Field,0
2023_14_IND_CIN,2023,REG,14,2023-12-10,Sunday,13:00,IND,14.0,CIN,34.0,Home,20.0,48.0,0.0,2023121003,59370.0,,202312100cin,,401547580,,7,6,124.0,-148.0,3.0,-118.0,-102.0,45.0,-110.0,-110.0,0,outdoors,fieldturf,40.0,9.0,00-0035289,00-0035100,Gardner Minshew,Jake Browning,Shane Steichen,Zac Taylor,Shawn Hochuli,CIN00,Paycor Stadium,0
2023_14_JAX_CLE,2023,REG,14,2023-12-10,Sunday,13:00,JAX,27.0,CLE,31.0,Home,4.0,58.0,0.0,2023121004,59371.0,,202312100cle,,401547581,,6,7,120.0,-142.0,2.5,-108.0,-112.0,37.5,-110.0,-110.0,0,outdoors,grass,39.0,11.0,00-0036971,00-0026158,Trevor Lawrence,Joe Flacco,Doug Pederson,Kevin Stefanski,Ron Torbert,CLE00,FirstEnergy Stadium,0
2023_14_CAR_NO,2023,REG,14,2023-12-10,Sunday,13:00,CAR,6.0,NO,28.0,Home,22.0,34.0,0.0,2023121005,59372.0,,202312100nor,,401547587,,7,7,200.0,-245.0,5.5,-110.0,-110.0,39.0,-110.0,-110.0,1,dome,sportturf,,,00-0039150,00-0031280,Bryce Young,Derek Carr,Chris Tabor,Dennis Allen,Alan Eck,NOR00,Mercedes-Benz Superdome,1
2023_14_HOU_NYJ,2023,REG,14,2023-12-10,Sunday,13:00,HOU,6.0,NYJ,30.0,Home,24.0,36.0,0.0,2023121006,59373.0,,202312100nyj,,401547582,,7,7,-175.0,145.0,-3.5,-108.0,-112.0,33.5,-110.0,-110.0,0,outdoors,fieldturf,58.0,7.0,00-0039163,00-0037013,C.J. Stroud,Zach Wilson,DeMeco Ryans,Robert Saleh,Brad Allen,NYC01,MetLife Stadium,0
2023_14_MIN_LV,2023,REG,14,2023-12-10,Sunday,16:05,MIN,3.0,LV,0.0,Home,-3.0,3.0,0.0,2023121007,59374.0,,202312100rai,,401547588,,13,14,-155.0,130.0,-3.0,-108.0,-112.0,40.5,-108.0,-112.0,0,dome,grass,,,00-0033949,00-0038579,Joshua Dobbs,Aidan O'Connell,Kevin O'Connell,Antonio Pierce,Craig Wrolstad,VEG00,Allegiant Stadium,1
2023_14_SEA_SF,2023,REG,14,2023-12-10,Sunday,16:05,SEA,16.0,SF,28.0,Home,12.0,44.0,0.0,2023121008,59375.0,,202312100sfo,,401547589,,10,7,650.0,-1000.0,14.5,-110.0,-110.0,44.5,-110.0,-110.0,1,outdoors,grass,63.0,5.0,00-0035704,00-0037834,Drew Lock,Brock Purdy,Pete Carroll,Kyle Shanahan,Brad Rogers,SFO01,Levi's Stadium,0
2023_14_BUF_KC,2023,REG,14,2023-12-10,Sunday,16:25,BUF,20.0,KC,17.0,Home,-3.0,37.0,0.0,2023121009,59376.0,,202312100kan,,401547583,,14,7,105.0,-125.0,2.0,-110.0,-110.0,49.5,-110.0,-110.0,0,outdoors,grass,45.0,5.0,00-0034857,00-0033873,Josh Allen,Patrick Mahomes,Sean McDermott,Andy Reid,Carl Cheffers,KAN00,GEHA Field at Arrowhead Stadium,0
2023_14_DEN_LAC,2023,REG,14,2023-12-10,Sunday,16:25,DEN,24.0,LAC,7.0,Home,-17.0,31.0,0.0,2023121010,59377.0,,202312100sdg,,401547584,,7,7,136.0,-162.0,3.0,-112.0,-108.0,45.0,-110.0,-110.0,1,dome,matrixturf,,,00-0029263,00-0036355,Russell Wilson,Justin Herbert,Sean Payton,Brandon Staley,Clete Blakeman,LAX01,SoFi Stadium,1
2023_14_PHI_DAL,2023,REG,14,2023-12-10,Sunday,20:20,PHI,13.0,DAL,33.0,Home,20.0,46.0,0.0,2023121011,59378.0,,202312100dal,,401547590,,7,10,145.0,-175.0,3.5,-118.0,-102.0,52.5,-110.0,-110.0,1,closed,matrixturf,,,00-0036389,00-0033077,Jalen Hurts,Dak Prescott,Nick Sirianni,Mike McCarthy,John Hussey,DAL00,AT&T Stadium,1
2023_14_TEN_MIA,2023,REG,14,2023-12-11,Monday,20:15,TEN,28.0,MIA,27.0,Home,-1.0,55.0,0.0,2023121100,59379.0,,202312110mia,,401547592,,8,8,625.0,-950.0,14.0,-110.0,-110.0,45.0,-110.0,-112.0,0,outdoors,grass,64.0,9.0,00-0039152,00-0036212,Will Levis,Tua Tagovailoa,Mike Vrabel,Mike McDaniel,Adrian Hill,MIA00,Hard Rock Stadium,0
2023_14_GB_NYG,2023,REG,14,2023-12-11,Monday,20:15,GB,22.0,NYG,24.0,Home,2.0,46.0,0.0,2023121101,59380.0,,202312110nyg,,401547591,,8,15,-265.0,215.0,-6.0,-112.0,-108.0,37.5,-110.0,-110.0,0,outdoors,fieldturf,39.0,14.0,00-0036264,00-0038476,Jordan Love,Tommy DeVito,Matt LaFleur,Brian Daboll,Land Clark,NYC01,MetLife Stadium,0
2023_15_LAC_LV,2023,REG,15,2023-12-14,Thursday,20:15,LAC,21.0,LV,63.0,Home,42.0,84.0,0.0,2023121400,59381.0,,202312140rai,,401547593,,4,4,136.0,-162.0,3.0,-110.0,-110.0,36.0,-110.0,-110.0,1,dome,grass,,,00-0035282,00-0038579,Easton Stick,Aidan O'Connell,Brandon Staley,Antonio Pierce,Ron Torbert,VEG00,Allegiant Stadium,1
2023_15_MIN_CIN,2023,REG,15,2023-12-16,Saturday,13:00,MIN,24.0,CIN,27.0,Home,3.0,51.0,1.0,2023121600,59383.0,,202312160cin,,401547604,,6,6,145.0,-175.0,3.0,-105.0,-115.0,41.5,-110.0,-110.0,0,outdoors,fieldturf,53.0,5.0,00-0033319,00-0035100,Nick Mullens,Jake Browning,Kevin O'Connell,Zac Taylor,Bill Vinovich,CIN00,Paycor Stadium,0
2023_15_PIT_IND,2023,REG,15,2023-12-16,Saturday,16:30,PIT,13.0,IND,30.0,Home,17.0,43.0,0.0,2023121601,59386.0,,202312160clt,,401547607,,9,6,102.0,-122.0,1.5,-110.0,-110.0,41.5,-110.0,-110.0,0,closed,fieldturf,,,00-0033869,00-0035289,Mitchell Trubisky,Gardner Minshew,Mike Tomlin,Shane Steichen,Adrian Hill,IND00,Lucas Oil Stadium,1
2023_15_DEN_DET,2023,REG,15,2023-12-16,Saturday,20:15,DEN,17.0,DET,42.0,Home,25.0,59.0,0.0,2023121602,59385.0,,202312160det,,401547606,,6,6,210.0,-258.0,5.5,-108.0,-112.0,49.0,-108.0,-112.0,0,dome,fieldturf,,,00-0029263,00-0033106,Russell Wilson,Jared Goff,Sean Payton,Dan Campbell,John Hussey,DET00,Ford Field,1
2023_15_ATL_CAR,2023,REG,15,2023-12-17,Sunday,13:00,ATL,7.0,CAR,9.0,Home,2.0,16.0,0.0,2023121709,59382.0,,202312170car,,401547603,,7,7,-155.0,130.0,-3.0,-102.0,-118.0,32.0,-110.0,-110.0,1,outdoors,grass,47.0,11.0,00-0038122,00-0039150,Desmond Ridder,Bryce Young,Arthur Smith,Chris Tabor,Land Clark,CAR00,Bank of America Stadium,0
2023_15_CHI_CLE,2023,REG,15,2023-12-17,Sunday,13:00,CHI,17.0,CLE,20.0,Home,3.0,37.0,0.0,2023121710,59384.0,,202312170cle,,401547605,,7,7,124.0,-148.0,3.0,-120.0,100.0,38.0,-110.0,-110.0,0,outdoors,grass,45.0,15.0,00-0036945,00-0026158,Justin Fields,Joe Flacco,Matt Eberflus,Kevin Stefanski,Brad Allen,CLE00,FirstEnergy Stadium,0
2023_15_TB_GB,2023,REG,15,2023-12-17,Sunday,13:00,TB,34.0,GB,20.0,Home,-14.0,54.0,0.0,2023121700,59387.0,,202312170gnb,,401547598,,7,6,180.0,-218.0,4.0,-110.0,-110.0,41.5,-110.0,-110.0,0,outdoors,grass,42.0,8.0,00-0034855,00-0036264,Baker Mayfield,Jordan Love,Todd Bowles,Matt LaFleur,Tra Blake,GNB00,Lambeau Field,0
2023_15_NYJ_MIA,2023,REG,15,2023-12-17,Sunday,13:00,NYJ,0.0,MIA,30.0,Home,30.0,30.0,0.0,2023121701,59388.0,,202312170mia,,401547594,,7,6,275.0,-345.0,7.5,-115.0,-105.0,36.0,-110.0,-110.0,1,outdoors,grass,76.0,15.0,00-0037013,00-0036212,Zach Wilson,Tua Tagovailoa,Robert Saleh,Mike McDaniel,Brad Rogers,MIA00,Hard Rock Stadium,0
2023_15_KC_NE,2023,REG,15,2023-12-17,Sunday,13:00,KC,27.0,NE,17.0,Home,-10.0,44.0,0.0,2023121711,59396.0,,202312170nwe,,401547608,,7,10,-485.0,370.0,-10.0,-112.0,-108.0,39.5,-110.0,-110.0,0,outdoors,fieldturf,53.0,7.0,00-0033873,00-0038108,Patrick Mahomes,Bailey Zappe,Andy Reid,Bill Belichick,Shawn Hochuli,BOS00,Gillette Stadium,0
2023_15_NYG_NO,2023,REG,15,2023-12-17,Sunday,13:00,NYG,6.0,NO,24.0,Home,18.0,30.0,0.0,2023121702,59389.0,,202312170nor,,401547599,,6,7,205.0,-250.0,6.0,-108.0,-112.0,39.5,-110.0,-110.0,0,dome,sportturf,,,00-0038476,00-0031280,Tommy DeVito,Derek Carr,Brian Daboll,Dennis Allen,Carl Cheffers,NOR00,Mercedes-Benz Superdome,1
2023_15_HOU_TEN,2023,REG,15,2023-12-17,Sunday,13:00,HOU,19.0,TEN,16.0,Home,-3.0,35.0,1.0,2023121703,59390.0,,202312170oti,,401547595,,7,6,142.0,-170.0,3.0,100.0,-120.0,38.0,-108.0,-112.0,1,outdoors,grass,48.0,9.0,00-0028986,00-0039152,Case Keenum,Will Levis,DeMeco Ryans,Mike Vrabel,Clete Blakeman,NAS00,Nissan Stadium,0
2023_15_SF_ARI,2023,REG,15,2023-12-17,Sunday,16:05,SF,45.0,ARI,29.0,Home,-16.0,74.0,0.0,2023121704,59391.0,,202312170crd,,401547596,,7,14,-750.0,525.0,-12.5,-110.0,-110.0,48.0,-110.0,-110.0,1,open,grass,,,00-0037834,00-0035228,Brock Purdy,Kyler Murray,Kyle Shanahan,Jonathan Gannon,Scott Novak,PHO00,State Farm Stadium,0
2023_15_WAS_LA,2023,REG,15,2023-12-17,Sunday,16:05,WAS,20.0,LA,28.0,Home,8.0,48.0,0.0,2023121705,59392.0,,202312170ram,,401547597,,14,7,240.0,-298.0,6.5,-108.0,-112.0,48.5,-110.0,-110.0,0,dome,matrixturf,,,00-0037077,00-0026498,Sam Howell,Matthew Stafford,Ron Rivera,Sean McVay,Alan Eck,LAX01,SoFi Stadium,1
2023_15_DAL_BUF,2023,REG,15,2023-12-17,Sunday,16:25,DAL,10.0,BUF,31.0,Home,21.0,41.0,0.0,2023121706,59393.0,,202312170buf,,401547600,,7,7,114.0,-135.0,2.0,-108.0,-112.0,49.5,-110.0,-110.0,0,outdoors,a_turf,48.0,9.0,00-0033077,00-0034857,Dak Prescott,Josh Allen,Mike McCarthy,Sean McDermott,Craig Wrolstad,BUF00,New Era Field,0
2023_15_BAL_JAX,2023,REG,15,2023-12-17,Sunday,20:20,BAL,23.0,JAX,7.0,Home,-16.0,30.0,0.0,2023121708,59395.0,,202312170jax,,401547602,,7,7,-225.0,185.0,-4.0,-110.0,-110.0,42.5,-108.0,-112.0,0,outdoors,grass,58.0,13.0,00-0034796,00-0036971,Lamar Jackson,Trevor Lawrence,John Harbaugh,Doug Pederson,Shawn Smith,JAX00,TIAA Bank Stadium,0
2023_15_PHI_SEA,2023,REG,15,2023-12-18,Monday,20:15,PHI,17.0,SEA,20.0,Home,3.0,37.0,0.0,2023121801,59394.0,,202312180sea,,401547601,,8,8,-238.0,195.0,-5.0,-120.0,100.0,46.0,-112.0,-108.0,0,outdoors,fieldturf,46.0,2.0,00-0036389,00-0035704,Jalen Hurts,Drew Lock,Nick Sirianni,Pete Carroll,Clay Martin,SEA00,Lumen Field,0
2023_16_NO_LA,2023,REG,16,2023-12-21,Thursday,20:15,NO,22.0,LA,30.0,Home,8.0,52.0,0.0,2023122100,59397.0,,202312210ram,,401547609,,4,4,180.0,-218.0,4.0,100.0,-120.0,45.5,-112.0,-108.0,0,dome,matrixturf,,,00-0031280,00-0026498,Derek Carr,Matthew Stafford,Dennis Allen,Sean McVay,Brad Rogers,LAX01,SoFi Stadium,1
2023_16_CIN_PIT,2023,REG,16,2023-12-23,Saturday,16:30,CIN,11.0,PIT,34.0,Home,23.0,45.0,0.0,2023122300,59398.0,,202312230pit,,401547610,,7,7,-155.0,130.0,-3.0,-105.0,-115.0,39.5,-110.0,-110.0,1,outdoors,grass,49.0,5.0,00-0035100,00-0034771,Jake Browning,Mason Rudolph,Zac Taylor,Mike Tomlin,Craig Wrolstad,PIT00,Acrisure Stadium,0
2023_16_BUF_LAC,2023,REG,16,2023-12-23,Saturday,20:00,BUF,24.0,LAC,22.0,Home,-2.0,46.0,0.0,2023122301,59399.0,,202312230sdg,,401547611,,6,9,-800.0,550.0,-13.0,-105.0,-115.0,44.5,-115.0,-105.0,0,dome,matrixturf,,,00-0034857,00-0035282,Josh Allen,Easton Stick,Sean McDermott,Giff Smith,Adrian Hill,LAX01,SoFi Stadium,1
2023_16_IND_ATL,2023,REG,16,2023-12-24,Sunday,13:00,IND,10.0,ATL,29.0,Home,19.0,39.0,0.0,2023122402,59400.0,,202312240atl,,401547616,,8,7,130.0,-155.0,3.0,-115.0,-105.0,44.0,-105.0,-115.0,0,closed,fieldturf,,,00-0035289,00-0031800,Gardner Minshew,Taylor Heinicke,Shane Steichen,Arthur Smith,Alan Eck,ATL97,Mercedes-Benz Stadium,1
2023_16_GB_CAR,2023,REG,16,2023-12-24,Sunday,13:00,GB,33.0,CAR,30.0,Home,-3.0,63.0,0.0,2023122403,59401.0,,202312240car,,401547617,,7,7,-198.0,164.0,-3.5,-112.0,-108.0,39.5,-110.0,-110.0,0,outdoors,grass,67.0,1.0,00-0036264,00-0039150,Jordan Love,Bryce Young,Matt LaFleur,Chris Tabor,Alex Kemp,CAR00,Bank of America Stadium,0
2023_16_CLE_HOU,2023,REG,16,2023-12-24,Sunday,13:00,CLE,36.0,HOU,22.0,Home,-14.0,58.0,0.0,2023122404,59402.0,,202312240htx,,401547612,,7,7,-162.0,136.0,-3.0,-110.0,-110.0,40.0,-110.0,-110.0,0,closed,astroturf,,,00-0026158,00-0028986,Joe Flacco,Case Keenum,Kevin Stefanski,DeMeco Ryans,Tra Blake,HOU00,NRG Stadium,1
2023_16_DET_MIN,2023,REG,16,2023-12-24,Sunday,13:00,DET,30.0,MIN,24.0,Home,-6.0,54.0,0.0,2023122405,59403.0,,202312240min,,401547618,,8,8,-148.0,124.0,-2.5,-125.0,105.0,47.5,-102.0,-118.0,1,dome,sportturf,,,00-0033106,00-0033319,Jared Goff,Nick Mullens,Dan Campbell,Kevin O'Connell,Land Clark,MIN01,U.S. Bank Stadium,1
2023_16_WAS_NYJ,2023,REG,16,2023-12-24,Sunday,13:00,WAS,28.0,NYJ,30.0,Home,2.0,58.0,0.0,2023122406,59404.0,,202312240nyj,,401547613,,7,7,140.0,-166.0,3.0,-108.0,-112.0,36.5,-110.0,-110.0,0,outdoors,fieldturf,45.0,2.0,00-0037077,00-0032156,Sam Howell,Trevor Siemian,Ron Rivera,Robert Saleh,Clay Martin,NYC01,MetLife Stadium,0
2023_16_SEA_TEN,2023,REG,16,2023-12-24,Sunday,13:00,SEA,20.0,TEN,17.0,Home,-3.0,37.0,0.0,2023122407,59405.0,,202312240oti,,401547614,,6,7,-166.0,140.0,-3.0,-110.0,-110.0,42.0,-108.0,-112.0,0,outdoors,grass,61.0,4.0,00-0030565,00-0029701,Geno Smith,Ryan Tannehill,Pete Carroll,Mike Vrabel,Shawn Smith,NAS00,Nissan Stadium,0
2023_16_JAX_TB,2023,REG,16,2023-12-24,Sunday,16:05,JAX,12.0,TB,30.0,Home,18.0,42.0,0.0,2023122408,59406.0,,202312240tam,,401547615,,7,7,-125.0,105.0,-2.0,-110.0,-110.0,43.0,-108.0,-112.0,0,outdoors,grass,72.0,11.0,00-0036971,00-0034855,Trevor Lawrence,Baker Mayfield,Doug Pederson,Todd Bowles,Brad Allen,TAM00,Raymond James Stadium,0
2023_16_ARI_CHI,2023,REG,16,2023-12-24,Sunday,16:25,ARI,16.0,CHI,27.0,Home,11.0,43.0,0.0,2023122409,59407.0,,202312240chi,,401547619,,7,7,180.0,-218.0,4.5,-110.0,-110.0,42.0,-105.0,-115.0,0,outdoors,grass,52.0,4.0,00-0035228,00-0036945,Kyler Murray,Justin Fields,Jonathan Gannon,Matt Eberflus,John Hussey,CHI98,Soldier Field,0
2023_16_DAL_MIA,2023,REG,16,2023-12-24,Sunday,16:25,DAL,20.0,MIA,22.0,Home,2.0,42.0,0.0,2023122410,59408.0,,202312240mia,,401547620,,7,7,102.0,-122.0,1.5,-110.0,-110.0,48.5,100.0,-120.0,0,outdoors,grass,75.0,15.0,00-0033077,00-0036212,Dak Prescott,Tua Tagovailoa,Mike McCarthy,Mike McDaniel,Shawn Hochuli,MIA00,Hard Rock Stadium,0
2023_16_NE_DEN,2023,REG,16,2023-12-24,Sunday,20:15,NE,26.0,DEN,23.0,Home,-3.0,49.0,0.0,2023122411,59409.0,,202312240den,,401547621,,7,8,270.0,-340.0,7.0,-110.0,-110.0,37.5,-110.0,-110.0,0,outdoors,grass,28.0,9.0,00-0038108,00-0029263,Bailey Zappe,Russell Wilson,Bill Belichick,Sean Payton,Carl Cheffers,DEN00,Empower Field at Mile High,0
2023_16_LV_KC,2023,REG,16,2023-12-25,Monday,13:00,LV,20.0,KC,14.0,Home,-6.0,34.0,0.0,2023122500,59410.0,,202312250kan,,401547351,,11,8,440.0,-600.0,11.0,-102.0,-118.0,40.5,-110.0,-110.0,1,outdoors,grass,38.0,11.0,00-0038579,00-0033873,Aidan O'Connell,Patrick Mahomes,Antonio Pierce,Andy Reid,Clete Blakeman,KAN00,GEHA Field at Arrowhead Stadium,0
2023_16_NYG_PHI,2023,REG,16,2023-12-25,Monday,16:30,NYG,25.0,PHI,33.0,Home,8.0,58.0,0.0,2023122501,59411.0,,202312250phi,,401547241,,8,7,600.0,-900.0,14.0,-112.0,-108.0,41.0,-108.0,-112.0,1,outdoors,grass,51.0,5.0,00-0038476,00-0036389,Tommy DeVito,Jalen Hurts,Brian Daboll,Nick Sirianni,Ron Torbert,PHI00,Lincoln Financial Field,0
2023_16_BAL_SF,2023,REG,16,2023-12-25,Monday,20:15,BAL,33.0,SF,19.0,Home,-14.0,52.0,0.0,2023122502,59412.0,,202312250sfo,,401547622,,8,8,275.0,-345.0,6.5,-105.0,-115.0,47.5,-112.0,-108.0,0,outdoors,grass,56.0,8.0,00-0034796,00-0037834,Lamar Jackson,Brock Purdy,John Harbaugh,Kyle Shanahan,Bill Vinovich,SFO01,Levi's Stadium,0
2023_17_NYJ_CLE,2023,REG,17,2023-12-28,Thursday,20:15,NYJ,20.0,CLE,37.0,Home,17.0,57.0,0.0,2023122800,59413.0,,202312280cle,,401547623,,4,4,270.0,-345.0,6.5,-105.0,-115.0,33.5,-110.0,-110.0,0,outdoors,grass,47.0,6.0,00-0032156,00-0026158,Trevor Siemian,Joe Flacco,Robert Saleh,Kevin Stefanski,Alex Kemp,CLE00,FirstEnergy Stadium,0
2023_17_DET_DAL,2023,REG,17,2023-12-30,Saturday,20:15,DET,19.0,DAL,20.0,Home,1.0,39.0,0.0,2023123000,59414.0,,202312300dal,,401547624,,6,6,195.0,-238.0,5.5,-110.0,-110.0,53.0,-110.0,-110.0,0,closed,matrixturf,,,00-0033106,00-0033077,Jared Goff,Dak Prescott,Dan Campbell,Mike McCarthy,Brad Allen,DAL00,AT&T Stadium,1
2023_17_MIA_BAL,2023,REG,17,2023-12-31,Sunday,13:00,MIA,19.0,BAL,56.0,Home,37.0,75.0,0.0,2023123101,59415.0,,202312310rav,,401547625,,7,6,150.0,-180.0,3.0,100.0,-120.0,47.0,-108.0,-112.0,0,outdoors,grass,50.0,7.0,00-0036212,00-0034796,Tua Tagovailoa,Lamar Jackson,Mike McDaniel,John Harbaugh,Clete Blakeman,BAL00,M&T Bank Stadium,0
2023_17_NE_BUF,2023,REG,17,2023-12-31,Sunday,13:00,NE,21.0,BUF,27.0,Home,6.0,48.0,0.0,2023123102,59416.0,,202312310buf,,401547626,,7,8,750.0,-1200.0,15.0,-110.0,-110.0,40.0,-108.0,-112.0,1,outdoors,a_turf,35.0,4.0,00-0038108,00-0034857,Bailey Zappe,Josh Allen,Bill Belichick,Sean McDermott,Alan Eck,BUF00,New Era Field,0
2023_17_ATL_CHI,2023,REG,17,2023-12-31,Sunday,13:00,ATL,17.0,CHI,37.0,Home,20.0,54.0,0.0,2023123103,59417.0,,202312310chi,,401547627,,7,7,130.0,-155.0,3.0,-115.0,-105.0,39.0,-110.0,-110.0,0,outdoors,grass,32.0,5.0,00-0031800,00-0036945,Taylor Heinicke,Justin Fields,Arthur Smith,Matt Eberflus,Adrian Hill,CHI98,Soldier Field,0
2023_17_TEN_HOU,2023,REG,17,2023-12-31,Sunday,13:00,TEN,3.0,HOU,26.0,Home,23.0,29.0,0.0,2023123104,59418.0,,202312310htx,,401547631,,7,7,190.0,-230.0,5.0,-105.0,-115.0,44.0,-108.0,-112.0,1,closed,astroturf,,,00-0039152,00-0039163,Will Levis,C.J. Stroud,Mike Vrabel,DeMeco Ryans,Scott Novak,HOU00,NRG Stadium,1
2023_17_LV_IND,2023,REG,17,2023-12-31,Sunday,13:00,LV,20.0,IND,23.0,Home,3.0,43.0,0.0,2023123105,59419.0,,202312310clt,,401547628,,6,7,150.0,-180.0,3.5,-110.0,-110.0,42.5,-105.0,-115.0,0,closed,fieldturf,,,00-0038579,00-0035289,Aidan O'Connell,Gardner Minshew,Antonio Pierce,Shane Steichen,Shawn Smith,IND00,Lucas Oil Stadium,1
2023_17_CAR_JAX,2023,REG,17,2023-12-31,Sunday,13:00,CAR,0.0,JAX,26.0,Home,26.0,26.0,0.0,2023123106,59420.0,,202312310jax,,401547629,,7,7,160.0,-192.0,3.5,-110.0,-110.0,38.0,-110.0,-110.0,0,outdoors,grass,56.0,8.0,00-0039150,00-0033936,Bryce Young,C.J. Beathard,Chris Tabor,Doug Pederson,Carl Cheffers,JAX00,TIAA Bank Stadium,0
2023_17_LA_NYG,2023,REG,17,2023-12-31,Sunday,13:00,LA,26.0,NYG,25.0,Home,-1.0,51.0,0.0,2023123107,59421.0,,202312310nyg,,401547632,,10,6,-298.0,240.0,-6.0,-112.0,-108.0,43.5,-108.0,-112.0,0,outdoors,fieldturf,41.0,10.0,00-0026498,00-0028118,Matthew Stafford,Tyrod Taylor,Sean McVay,Brian Daboll,Tra Blake,NYC01,MetLife Stadium,0
2023_17_ARI_PHI,2023,REG,17,2023-12-31,Sunday,13:00,ARI,35.0,PHI,31.0,Home,-4.0,66.0,0.0,2023123108,59422.0,,202312310phi,,401547633,,7,6,525.0,-750.0,12.0,-110.0,-110.0,48.0,-110.0,-110.0,0,outdoors,grass,45.0,9.0,00-0035228,00-0036389,Kyler Murray,Jalen Hurts,Jonathan Gannon,Nick Sirianni,Bill Vinovich,PHI00,Lincoln Financial Field,0
2023_17_NO_TB,2023,REG,17,2023-12-31,Sunday,13:00,NO,23.0,TB,13.0,Home,-10.0,36.0,0.0,2023123109,59423.0,,202312310tam,,401547634,,10,7,124.0,-148.0,2.5,100.0,-120.0,42.5,-112.0,-108.0,1,outdoors,grass,66.0,5.0,00-0031280,00-0034855,Derek Carr,Baker Mayfield,Dennis Allen,Todd Bowles,Land Clark,TAM00,Raymond James Stadium,0
2023_17_SF_WAS,2023,REG,17,2023-12-31,Sunday,13:00,SF,27.0,WAS,10.0,Home,-17.0,37.0,0.0,2023123110,59424.0,,202312310was,,401547635,,6,7,-1050.0,675.0,-14.0,-115.0,-105.0,49.0,-112.0,-108.0,0,outdoors,grass,48.0,7.0,00-0037834,00-0037077,Brock Purdy,Sam Howell,Kyle Shanahan,Ron Rivera,Ron Torbert,WAS00,FedExField,0
2023_17_PIT_SEA,2023,REG,17,2023-12-31,Sunday,16:05,PIT,30.0,SEA,23.0,Home,-7.0,53.0,0.0,2023123111,59425.0,,202312310sea,,401547636,,8,7,185.0,-225.0,4.5,-110.0,-110.0,40.5,-108.0,-112.0,0,outdoors,fieldturf,47.0,4.0,00-0034771,00-0030565,Mason Rudolph,Geno Smith,Mike Tomlin,Pete Carroll,Shawn Hochuli,SEA00,Lumen Field,0
2023_17_LAC_DEN,2023,REG,17,2023-12-31,Sunday,16:25,LAC,9.0,DEN,16.0,Home,7.0,25.0,0.0,2023123112,59426.0,,202312310den,,401547630,,8,7,164.0,-198.0,3.5,-108.0,-112.0,39.5,-110.0,-110.0,1,outdoors,grass,41.0,6.0,00-0035282,00-0035264,Easton Stick,Jarrett Stidham,Giff Smith,Sean Payton,Craig Wrolstad,DEN00,Empower Field at Mile High,0
2023_17_CIN_KC,2023,REG,17,2023-12-31,Sunday,16:25,CIN,17.0,KC,25.0,Home,8.0,42.0,0.0,2023123113,59427.0,,202312310kan,,401547235,,8,6,275.0,-345.0,7.5,-115.0,-105.0,46.0,-112.0,-108.0,0,outdoors,grass,36.0,12.0,00-0035100,00-0033873,Jake Browning,Patrick Mahomes,Zac Taylor,Andy Reid,John Hussey,KAN00,GEHA Field at Arrowhead Stadium,0
2023_17_GB_MIN,2023,REG,17,2023-12-31,Sunday,20:20,GB,33.0,MIN,10.0,Home,-23.0,43.0,0.0,2023123114,59428.0,,202312310min,,401547637,,7,7,-108.0,-112.0,1.0,-112.0,-108.0,42.5,-112.0,-108.0,1,dome,sportturf,,,00-0036264,00-0038598,Jordan Love,Jaren Hall,Matt LaFleur,Kevin O'Connell,Clay Martin,MIN01,U.S. Bank Stadium,1
2023_18_PIT_BAL,2023,REG,18,2024-01-06,Saturday,16:30,PIT,17.0,BAL,10.0,Home,-7.0,27.0,0.0,2024010600,59430.0,,202401060rav,,401547639,,6,6,-155.0,130.0,-3.0,-105.0,-115.0,34.0,-110.0,-110.0,1,outdoors,grass,38.0,15.0,00-0034771,00-0035993,Mason Rudolph,Tyler Huntley,Mike Tomlin,John Harbaugh,Brad Allen,BAL00,M&T Bank Stadium,0
2023_18_HOU_IND,2023,REG,18,2024-01-06,Saturday,20:15,HOU,23.0,IND,19.0,Home,-4.0,42.0,0.0,2024010601,59435.0,,202401060clt,,401547644,,6,6,-125.0,105.0,-1.5,-110.0,-110.0,47.5,-108.0,-112.0,1,closed,fieldturf,,,00-0039163,00-0035289,C.J. Stroud,Gardner Minshew,DeMeco Ryans,Shane Steichen,Bill Vinovich,IND00,Lucas Oil Stadium,1
2023_18_TB_CAR,2023,REG,18,2024-01-07,Sunday,13:00,TB,9.0,CAR,0.0,Home,-9.0,9.0,0.0,2024010705,59431.0,,202401070car,,401547640,,7,7,-245.0,200.0,-5.0,-105.0,-115.0,36.5,-110.0,-110.0,1,outdoors,grass,54.0,19.0,00-0034855,00-0039150,Baker Mayfield,Bryce Young,Todd Bowles,Chris Tabor,Clete Blakeman,CAR00,Bank of America Stadium,0
2023_18_CLE_CIN,2023,REG,18,2024-01-07,Sunday,13:00,CLE,14.0,CIN,31.0,Home,17.0,45.0,0.0,2024010701,59432.0,,202401070cin,,401547641,,10,7,285.0,-360.0,7.5,-115.0,-105.0,37.0,-112.0,-108.0,1,outdoors,fieldturf,38.0,12.0,00-0032436,00-0035100,Jeff Driskel,Jake Browning,Kevin Stefanski,Zac Taylor,Alan Eck,CIN00,Paycor Stadium,0
2023_18_MIN_DET,2023,REG,18,2024-01-07,Sunday,13:00,MIN,20.0,DET,30.0,Home,10.0,50.0,0.0,2024010703,59433.0,,202401070det,,401547642,,7,8,170.0,-205.0,3.5,-102.0,-118.0,47.5,-110.0,-110.0,1,dome,fieldturf,,,00-0033319,00-0033106,Nick Mullens,Jared Goff,Kevin O'Connell,Dan Campbell,Brad Rogers,DET00,Ford Field,1
2023_18_NYJ_NE,2023,REG,18,2024-01-07,Sunday,13:00,NYJ,17.0,NE,3.0,Home,-14.0,20.0,0.0,2024010704,59439.0,,202401070nwe,,401547648,,10,7,120.0,-142.0,2.5,-112.0,-108.0,28.5,-110.0,-110.0,1,outdoors,fieldturf,33.0,14.0,00-0032156,00-0038108,Trevor Siemian,Bailey Zappe,Robert Saleh,Bill Belichick,Land Clark,BOS00,Gillette Stadium,0
2023_18_ATL_NO,2023,REG,18,2024-01-07,Sunday,13:00,ATL,17.0,NO,48.0,Home,31.0,65.0,0.0,2024010700,59440.0,,202401070nor,,401547649,,7,7,145.0,-175.0,3.5,-122.0,102.0,41.5,-108.0,-112.0,1,dome,sportturf,,,00-0038122,00-0031280,Desmond Ridder,Derek Carr,Arthur Smith,Dennis Allen,John Hussey,NOR00,Mercedes-Benz Superdome,1
2023_18_JAX_TEN,2023,REG,18,2024-01-07,Sunday,13:00,JAX,20.0,TEN,28.0,Home,8.0,48.0,0.0,2024010702,59443.0,,202401070oti,,401547652,,7,7,-185.0,154.0,-3.5,-102.0,-118.0,41.5,-112.0,-108.0,1,outdoors,grass,41.0,11.0,00-0036971,00-0029701,Trevor Lawrence,Ryan Tannehill,Doug Pederson,Mike Vrabel,Tra Blake,NAS00,Nissan Stadium,0
2023_18_SEA_ARI,2023,REG,18,2024-01-07,Sunday,16:25,SEA,21.0,ARI,20.0,Home,-1.0,41.0,0.0,2024010712,59429.0,,202401070crd,,401547638,,7,7,-155.0,130.0,-2.5,-122.0,102.0,48.0,-110.0,-110.0,1,closed,grass,,,00-0030565,00-0035228,Geno Smith,Kyler Murray,Pete Carroll,Jonathan Gannon,Adrian Hill,PHO00,State Farm Stadium,1
2023_18_CHI_GB,2023,REG,18,2024-01-07,Sunday,16:25,CHI,9.0,GB,17.0,Home,8.0,26.0,0.0,2024010706,59434.0,,202401070gnb,,401547643,,7,7,124.0,-148.0,2.5,-102.0,-118.0,45.5,-108.0,-112.0,1,outdoors,grass,34.0,7.0,00-0036945,00-0036264,Justin Fields,Jordan Love,Matt Eberflus,Matt LaFleur,Carl Cheffers,GNB00,Lambeau Field,0
2023_18_KC_LAC,2023,REG,18,2024-01-07,Sunday,16:25,KC,13.0,LAC,12.0,Home,-1.0,25.0,0.0,2024010709,59436.0,,202401070sdg,,401547645,,7,7,154.0,-185.0,3.5,-115.0,-105.0,35.0,-108.0,-115.0,1,dome,matrixturf,,,00-0027948,00-0035282,Blaine Gabbert,Easton Stick,Andy Reid,Giff Smith,Scott Novak,LAX01,SoFi Stadium,1
2023_18_DEN_LV,2023,REG,18,2024-01-07,Sunday,16:25,DEN,14.0,LV,27.0,Home,13.0,41.0,0.0,2024010708,59437.0,,202401070rai,,401547646,,7,7,145.0,-175.0,3.5,-118.0,-102.0,37.5,-115.0,-105.0,1,dome,grass,,,00-0035264,00-0038579,Jarrett Stidham,Aidan O'Connell,Sean Payton,Antonio Pierce,Shawn Hochuli,VEG00,Allegiant Stadium,1
2023_18_PHI_NYG,2023,REG,18,2024-01-07,Sunday,16:25,PHI,10.0,NYG,27.0,Home,17.0,37.0,0.0,2024010711,59441.0,,202401070nyg,,401547650,,7,7,-238.0,190.0,-4.5,-112.0,-108.0,43.0,-105.0,-115.0,1,outdoors,fieldturf,36.0,12.0,00-0036389,00-0028118,Jalen Hurts,Tyrod Taylor,Nick Sirianni,Brian Daboll,Craig Wrolstad,NYC01,MetLife Stadium,0
2023_18_LA_SF,2023,REG,18,2024-01-07,Sunday,16:25,LA,21.0,SF,20.0,Home,-1.0,41.0,0.0,2024010710,59442.0,,202401070sfo,,401547651,,7,7,200.0,-245.0,5.5,-108.0,-112.0,40.0,-108.0,-112.0,1,outdoors,grass,52.0,11.0,00-0032950,00-0034869,Carson Wentz,Sam Darnold,Sean McVay,Kyle Shanahan,Clay Martin,SFO01,Levi's Stadium,0
2023_18_DAL_WAS,2023,REG,18,2024-01-07,Sunday,16:25,DAL,38.0,WAS,10.0,Home,-28.0,48.0,0.0,2024010707,59444.0,,202401070was,,401547653,,8,7,-850.0,575.0,-13.0,-115.0,-105.0,47.5,-110.0,-110.0,1,outdoors,grass,48.0,13.0,00-0033077,00-0037077,Dak Prescott,Sam Howell,Mike McCarthy,Ron Rivera,Shawn Smith,WAS00,FedExField,0
2023_18_BUF_MIA,2023,REG,18,2024-01-07,Sunday,20:20,BUF,21.0,MIA,14.0,Home,-7.0,35.0,0.0,2024010713,59438.0,,202401070mia,,401547647,,7,7,-155.0,130.0,-2.5,-125.0,105.0,47.5,-110.0,-110.0,1,outdoors,grass,63.0,6.0,00-0034857,00-0036212,Josh Allen,Tua Tagovailoa,Sean McDermott,Mike McDaniel,Alex Kemp,MIA00,Hard Rock Stadium,0
2023_19_CLE_HOU,2023,WC,19,2024-01-13,Saturday,16:30,CLE,14.0,HOU,45.0,Home,31.0,59.0,0.0,2024011300,59494.0,,202401130htx,,401547749,,6,7,-148.0,124.0,-2.5,-110.0,-110.0,45.0,-105.0,-115.0,0,closed,astroturf,,,00-0026158,00-0039163,Joe Flacco,C.J. Stroud,Kevin Stefanski,DeMeco Ryans,Clay Martin,HOU00,NRG Stadium,1
2023_19_MIA_KC,2023,WC,19,2024-01-13,Saturday,20:00,MIA,7.0,KC,26.0,Home,19.0,33.0,0.0,2024011301,59495.0,,202401130kan,,401547750,,6,6,190.0,-230.0,4.5,-102.0,-118.0,43.5,-118.0,-102.0,0,outdoors,grass,-4.0,19.0,00-0036212,00-0033873,Tua Tagovailoa,Patrick Mahomes,Mike McDaniel,Andy Reid,Brad Rogers,KAN00,GEHA Field at Arrowhead Stadium,0
2023_19_GB_DAL,2023,WC,19,2024-01-14,Sunday,16:30,GB,48.0,DAL,32.0,Home,-16.0,80.0,0.0,2024011401,59497.0,,202401140dal,,401547752,,7,7,275.0,-345.0,7.0,102.0,-122.0,52.5,-105.0,-115.0,0,closed,matrixturf,,,00-0036264,00-0033077,Jordan Love,Dak Prescott,Matt LaFleur,Mike McCarthy,Ron Torbert,DAL00,AT&T Stadium,1
2023_19_LA_DET,2023,WC,19,2024-01-14,Sunday,20:00,LA,23.0,DET,24.0,Home,1.0,47.0,0.0,2024011402,59498.0,,202401140det,,401547753,,7,7,136.0,-162.0,3.5,-122.0,102.0,52.5,-102.0,-118.0,0,dome,fieldturf,,,00-0026498,00-0033106,Matthew Stafford,Jared Goff,Sean McVay,Dan Campbell,Craig Wrolstad,DET00,Ford Field,1
2023_19_PIT_BUF,2023,WC,19,2024-01-15,Monday,16:30,PIT,17.0,BUF,31.0,Home,14.0,48.0,0.0,2024011501,59496.0,,202401150buf,,401547751,,9,8,370.0,-485.0,10.0,-108.0,-112.0,39.5,-115.0,-105.0,0,outdoors,a_turf,17.0,10.0,00-0034771,00-0034857,Mason Rudolph,Josh Allen,Mike Tomlin,Sean McDermott,Carl Cheffers,BUF00,New Era Field,0
2023_19_PHI_TB,2023,WC,19,2024-01-15,Monday,20:00,PHI,9.0,TB,32.0,Home,23.0,41.0,0.0,2024011500,59499.0,,202401150tam,,401547754,,8,8,-162.0,136.0,-2.5,-125.0,105.0,43.0,-102.0,-118.0,0,outdoors,grass,65.0,2.0,00-0036389,00-0034855,Jalen Hurts,Baker Mayfield,Nick Sirianni,Todd Bowles,Adrian Hill,TAM00,Raymond James Stadium,0
2023_20_HOU_BAL,2023,DIV,20,2024-01-20,Saturday,16:30,HOU,10.0,BAL,34.0,Home,24.0,44.0,0.0,2024012000,59500.0,,202401200rav,,401547755,,7,14,330.0,-425.0,10.0,-115.0,-105.0,44.0,-105.0,-115.0,0,outdoors,grass,27.0,16.0,00-0039163,00-0034796,C.J. Stroud,Lamar Jackson,DeMeco Ryans,John Harbaugh,John Hussey,BAL00,M&T Bank Stadium,0
2023_20_GB_SF,2023,DIV,20,2024-01-20,Saturday,20:15,GB,21.0,SF,24.0,Home,3.0,45.0,0.0,2024012001,59501.0,,202401200sfo,,401547756,,6,13,360.0,-470.0,10.5,-112.0,-108.0,50.5,-105.0,-115.0,0,outdoors,grass,59.0,8.0,00-0036264,00-0037834,Jordan Love,Brock Purdy,Matt LaFleur,Kyle Shanahan,Alex Kemp,SFO01,Levi's Stadium,0
2023_20_TB_DET,2023,DIV,20,2024-01-21,Sunday,15:00,TB,23.0,DET,31.0,Home,8.0,54.0,0.0,2024012100,59502.0,,202401210det,,401547757,,6,7,225.0,-278.0,6.0,-102.0,-118.0,49.5,-105.0,-115.0,0,dome,fieldturf,,,00-0034855,00-0033106,Baker Mayfield,Jared Goff,Todd Bowles,Dan Campbell,Bill Vinovich,DET00,Ford Field,1
2023_20_KC_BUF,2023,DIV,20,2024-01-21,Sunday,18:30,KC,27.0,BUF,24.0,Home,-3.0,51.0,0.0,2024012101,59503.0,,202401210buf,,401547758,,8,6,120.0,-142.0,2.5,-110.0,-110.0,45.5,-108.0,-112.0,0,outdoors,a_turf,25.0,11.0,00-0033873,00-0034857,Patrick Mahomes,Josh Allen,Andy Reid,Sean McDermott,Shawn Hochuli,BUF00,New Era Field,0
2023_21_KC_BAL,2023,CON,21,2024-01-28,Sunday,15:00,KC,17.0,BAL,10.0,Home,-7.0,27.0,0.0,2024012800,59504.0,,202401280rav,,401547379,,7,8,180.0,-218.0,4.5,-110.0,-112.0,44.0,-105.0,-115.0,0,outdoors,grass,47.0,7.0,00-0033873,00-0034796,Patrick Mahomes,Lamar Jackson,Andy Reid,John Harbaugh,Shawn Smith,BAL00,M&T Bank Stadium,0
2023_21_DET_SF,2023,CON,21,2024-01-28,Sunday,18:30,DET,31.0,SF,34.0,Home,3.0,65.0,0.0,2024012801,59505.0,,202401280sfo,,401547380,,7,8,260.0,-325.0,7.5,-120.0,100.0,52.5,-110.0,-110.0,0,outdoors,grass,69.0,5.0,00-0033106,00-0037834,Jared Goff,Brock Purdy,Dan Campbell,Kyle Shanahan,Clete Blakeman,SFO01,Levi's Stadium,0
2023_22_SF_KC,2023,SB,22,2024-02-11,Sunday,18:30,SF,22.0,KC,25.0,Neutral,3.0,47.0,1.0,2024021100,59506.0,,202402110kan,,401547378,,14,14,-120.0,100.0,-1.5,-110.0,-110.0,47.0,-110.0,-110.0,0,dome,grass,,,00-0037834,00-0033873,Brock Purdy,Patrick Mahomes,Kyle Shanahan,Andy Reid,Bill Vinovich,VEG00,Allegiant Stadium,1
2024_01_BAL_KC,2024,REG,1,2024-09-05,Thursday,20:20,BAL,20.0,KC,27.0,Home,7.0,47.0,0.0,2024090500,59508.0,,202409050kan,,401671789,6449.0,7,7,124.0,-148.0,3.0,-118.0,-102.0,46.0,-110.0,-110.0,0,outdoors,grass,67.0,8.0,00-0034796,00-0033873,Lamar Jackson,Patrick Mahomes,John Harbaugh,Andy Reid,Shawn Hochuli,KAN00,GEHA Field at Arrowhead Stadium,0
2024_01_GB_PHI,2024,REG,1,2024-09-06,Friday,20:15,GB,29.0,PHI,34.0,Neutral,5.0,63.0,0.0,2024090600,59509.0,,202409060phi,,401671805,6450.0,7,7,110.0,-130.0,2.0,-110.0,-110.0,49.5,-112.0,-108.0,0,outdoors,,,,00-0036264,00-0036389,Jordan Love,Jalen Hurts,Matt LaFleur,Nick Sirianni,Ron Torbert,SAO00,Arena Corinthians,0
2024_01_PIT_ATL,2024,REG,1,2024-09-08,Sunday,13:00,PIT,18.0,ATL,10.0,Home,-8.0,28.0,0.0,2024090800,59510.0,,202409080atl,,401671744,6451.0,7,7,160.0,-192.0,4.0,-110.0,-110.0,43.0,-115.0,-105.0,0,closed,fieldturf,,,00-0036945,00-0029604,Justin Fields,Kirk Cousins,Mike Tomlin,Raheem Morris,Brad Rogers,ATL97,Mercedes-Benz Stadium,1
2024_01_ARI_BUF,2024,REG,1,2024-09-08,Sunday,13:00,ARI,28.0,BUF,34.0,Home,6.0,62.0,0.0,2024090801,59511.0,,202409080buf,,401671617,6452.0,7,7,250.0,-310.0,6.5,-105.0,-115.0,46.0,-112.0,-108.0,0,outdoors,a_turf,61.0,20.0,00-0035228,00-0034857,Kyler Murray,Josh Allen,Jonathan Gannon,Sean McDermott,Tra Blake,BUF00,New Era Field,0
2024_01_TEN_CHI,2024,REG,1,2024-09-08,Sunday,13:00,TEN,17.0,CHI,24.0,Home,7.0,41.0,0.0,2024090802,59512.0,,202409080chi,,401671719,6453.0,7,7,164.0,-198.0,4.0,-108.0,-112.0,43.0,-110.0,-110.0,0,outdoors,grass,67.0,8.0,00-0039152,00-0039918,Will Levis,Caleb Williams,Brian Callahan,Matt Eberflus,Shawn Smith,CHI98,Soldier Field,0
2024_01_NE_CIN,2024,REG,1,2024-09-08,Sunday,13:00,NE,16.0,CIN,10.0,Home,-6.0,26.0,0.0,2024090803,59513.0,,202409080cin,,401671628,6454.0,7,7,295.0,-375.0,8.0,-110.0,-110.0,40.5,-112.0,-108.0,0,outdoors,fieldturf,66.0,5.0,00-0033119,00-0036442,Jacoby Brissett,Joe Burrow,Jerod Mayo,Zac Taylor,Land Clark,CIN00,Paycor Stadium,0
2024_01_HOU_IND,2024,REG,1,2024-09-08,Sunday,13:00,HOU,29.0,IND,27.0,Home,-2.0,56.0,0.0,2024090804,59514.0,,202409080clt,,401671861,6455.0,7,7,-155.0,130.0,-3.0,-108.0,-112.0,49.0,-112.0,-108.0,1,closed,fieldturf,,,00-0039163,00-0039164,C.J. Stroud,Anthony Richardson,DeMeco Ryans,Shane Steichen,John Hussey,IND00,Lucas Oil Stadium,1
2024_01_JAX_MIA,2024,REG,1,2024-09-08,Sunday,13:00,JAX,17.0,MIA,20.0,Home,3.0,37.0,0.0,2024090805,59515.0,,202409080mia,,401671849,6456.0,7,7,150.0,-180.0,3.5,-110.0,-110.0,49.5,-112.0,-108.0,0,outdoors,grass,91.0,10.0,00-0036971,00-0036212,Trevor Lawrence,Tua Tagovailoa,Doug Pederson,Mike McDaniel,Craig Wrolstad,MIA00,Hard Rock Stadium,0
2024_01_CAR_NO,2024,REG,1,2024-09-08,Sunday,13:00,CAR,10.0,NO,47.0,Home,37.0,57.0,0.0,2024090806,59516.0,,202409080nor,,401671734,6457.0,7,7,160.0,-192.0,3.5,-108.0,-112.0,41.5,-112.0,-108.0,1,dome,sportturf,,,00-0039150,00-0031280,Bryce Young,Derek Carr,Dave Canales,Dennis Allen,Alan Eck,NOR00,Mercedes-Benz Superdome,1
2024_01_MIN_NYG,2024,REG,1,2024-09-08,Sunday,13:00,MIN,28.0,NYG,6.0,Home,-22.0,34.0,0.0,2024090807,59517.0,,202409080nyg,,401671712,6458.0,7,7,-115.0,-105.0,-1.0,-108.0,-112.0,42.5,-108.0,-112.0,0,outdoors,fieldturf,64.0,10.0,00-0034869,00-0035710,Sam Darnold,Daniel Jones,Kevin O'Connell,Brian Daboll,Alex Kemp,NYC01,MetLife Stadium,0
2024_01_LV_LAC,2024,REG,1,2024-09-08,Sunday,16:05,LV,10.0,LAC,22.0,Home,12.0,32.0,0.0,2024090808,59518.0,,202409080sdg,,401671659,6459.0,7,7,130.0,-155.0,3.0,-118.0,-102.0,41.0,-108.0,-112.0,1,dome,matrixturf,,,00-0035289,00-0036355,Gardner Minshew,Justin Herbert,Antonio Pierce,Jim Harbaugh,Scott Novak,LAX01,SoFi Stadium,1
2024_01_DEN_SEA,2024,REG,1,2024-09-08,Sunday,16:05,DEN,20.0,SEA,26.0,Home,6.0,46.0,0.0,2024090809,59519.0,,202409080sea,,401671664,6460.0,7,7,225.0,-278.0,6.5,-110.0,-110.0,42.0,-108.0,-112.0,0,outdoors,fieldturf,65.0,7.0,00-0039732,00-0030565,Bo Nix,Geno Smith,Sean Payton,Mike Macdonald,Brad Allen,SEA00,Lumen Field,0
2024_01_DAL_CLE,2024,REG,1,2024-09-08,Sunday,16:25,DAL,33.0,CLE,17.0,Home,-16.0,50.0,0.0,2024090810,59520.0,,202409080cle,,401671761,6461.0,7,7,110.0,-130.0,2.5,-112.0,-108.0,42.0,-108.0,-112.0,0,outdoors,grass,69.0,17.0,00-0033077,00-0033537,Dak Prescott,Deshaun Watson,Mike McCarthy,Kevin Stefanski,Clete Blakeman,CLE00,FirstEnergy Stadium,0
2024_01_WAS_TB,2024,REG,1,2024-09-08,Sunday,16:25,WAS,20.0,TB,37.0,Home,17.0,57.0,0.0,2024090811,59521.0,,202409080tam,,401671770,6462.0,7,7,164.0,-198.0,4.0,-112.0,-108.0,42.0,-110.0,-110.0,0,outdoors,grass,93.0,6.0,00-0039910,00-0034855,Jayden Daniels,Baker Mayfield,Dan Quinn,Todd Bowles,Bill Vinovich,TAM00,Raymond James Stadium,0
2024_01_LA_DET,2024,REG,1,2024-09-08,Sunday,20:20,LA,20.0,DET,26.0,Home,6.0,46.0,1.0,2024090812,59522.0,,202409080det,,401671792,6463.0,7,7,185.0,-225.0,5.0,-108.0,-112.0,54.0,-112.0,-108.0,0,dome,fieldturf,,,00-0026498,00-0033106,Matthew Stafford,Jared Goff,Sean McVay,Dan Campbell,Adrian Hill,DET00,Ford Field,1
2024_01_NYJ_SF,2024,REG,1,2024-09-09,Monday,20:15,NYJ,19.0,SF,32.0,Home,13.0,51.0,0.0,2024090900,59523.0,,202409090sfo,,401671696,6464.0,7,7,150.0,-180.0,3.5,-115.0,-105.0,43.0,-108.0,-112.0,0,outdoors,grass,76.0,10.0,00-0023459,00-0037834,Aaron Rodgers,Brock Purdy,Robert Saleh,Kyle Shanahan,Carl Cheffers,SFO01,Levi's Stadium,0
2024_02_BUF_MIA,2024,REG,2,2024-09-12,Thursday,20:15,BUF,31.0,MIA,10.0,Home,-21.0,41.0,0.0,2024091200,59524.0,,202409120mia,,401671807,6465.0,4,4,114.0,-135.0,2.5,-110.0,-110.0,48.5,-105.0,-115.0,1,outdoors,grass,86.0,3.0,00-0034857,00-0036212,Josh Allen,Tua Tagovailoa,Sean McDermott,Mike McDaniel,Bill Vinovich,MIA00,Hard Rock Stadium,0
2024_02_LV_BAL,2024,REG,2,2024-09-15,Sunday,13:00,LV,26.0,BAL,23.0,Home,-3.0,49.0,0.0,2024091500,59525.0,,202409150rav,,401671624,6466.0,7,10,350.0,-455.0,9.0,-112.0,-108.0,41.0,-108.0,-112.0,0,outdoors,grass,76.0,10.0,00-0035289,00-0034796,Gardner Minshew,Lamar Jackson,Antonio Pierce,John Harbaugh,Tra Blake,BAL00,M&T Bank Stadium,0
2024_02_LAC_CAR,2024,REG,2,2024-09-15,Sunday,13:00,LAC,26.0,CAR,3.0,Home,-23.0,29.0,0.0,2024091501,59526.0,,202409150car,,401671652,6467.0,7,7,-225.0,185.0,-5.0,-110.0,-110.0,39.0,-112.0,-108.0,0,outdoors,grass,78.0,13.0,00-0036355,00-0039150,Justin Herbert,Bryce Young,Jim Harbaugh,Dave Canales,Brad Rogers,CAR00,Bank of America Stadium,0
2024_02_NO_DAL,2024,REG,2,2024-09-15,Sunday,13:00,NO,44.0,DAL,19.0,Home,-25.0,63.0,0.0,2024091502,59527.0,,202409150dal,,401671709,6468.0,7,7,235.0,-290.0,6.5,-112.0,-108.0,47.0,-108.0,-112.0,0,closed,matrixturf,,,00-0031280,00-0033077,Derek Carr,Dak Prescott,Dennis Allen,Mike McCarthy,Adrian Hill,DAL00,AT&T Stadium,1
2024_02_TB_DET,2024,REG,2,2024-09-15,Sunday,13:00,TB,20.0,DET,16.0,Home,-4.0,36.0,0.0,2024091503,59528.0,,202409150det,,401671721,6469.0,7,7,295.0,-375.0,7.5,-108.0,-112.0,51.5,-112.0,-108.0,0,dome,fieldturf,,,00-0034855,00-0033106,Baker Mayfield,Jared Goff,Todd Bowles,Dan Campbell,Clay Martin,DET00,Ford Field,1
2024_02_IND_GB,2024,REG,2,2024-09-15,Sunday,13:00,IND,10.0,GB,16.0,Home,6.0,26.0,0.0,2024091504,59529.0,,202409150gnb,,401671723,6470.0,7,9,-142.0,120.0,-3.0,-102.0,-118.0,41.5,-110.0,-110.0,0,outdoors,grass,85.0,7.0,00-0039164,00-0038128,Anthony Richardson,Malik Willis,Shane Steichen,Matt LaFleur,Shawn Hochuli,GNB00,Lambeau Field,0
2024_02_CLE_JAX,2024,REG,2,2024-09-15,Sunday,13:00,CLE,18.0,JAX,13.0,Home,-5.0,31.0,0.0,2024091505,59530.0,,202409150jax,,401671635,6471.0,7,7,142.0,-170.0,3.0,100.0,-120.0,41.5,-108.0,-112.0,0,outdoors,grass,80.0,12.0,00-0033537,00-0036971,Deshaun Watson,Trevor Lawrence,Kevin Stefanski,Doug Pederson,Adrian Hill,JAX00,TIAA Bank Stadium,0
2024_02_SF_MIN,2024,REG,2,2024-09-15,Sunday,13:00,SF,17.0,MIN,23.0,Home,6.0,40.0,0.0,2024091506,59531.0,,202409150min,,401671645,6472.0,6,7,-218.0,180.0,-4.5,-112.0,-108.0,46.5,-108.0,-112.0,0,dome,sportturf,,,00-0037834,00-0034869,Brock Purdy,Sam Darnold,Kyle Shanahan,Kevin O'Connell,Brad Allen,MIN01,U.S. Bank Stadium,1
2024_02_SEA_NE,2024,REG,2,2024-09-15,Sunday,13:00,SEA,23.0,NE,20.0,Home,-3.0,43.0,1.0,2024091507,59532.0,,202409150nwe,,401671702,6473.0,7,7,-170.0,142.0,-3.5,-102.0,-118.0,39.0,-110.0,-110.0,0,outdoors,fieldturf,77.0,5.0,00-0030565,00-0033119,Geno Smith,Jacoby Brissett,Mike Macdonald,Jerod Mayo,Carl Cheffers,BOS00,Gillette Stadium,0
2024_02_NYJ_TEN,2024,REG,2,2024-09-15,Sunday,13:00,NYJ,24.0,TEN,17.0,Home,-7.0,41.0,0.0,2024091508,59533.0,,202409150oti,,401671636,6474.0,6,7,-180.0,150.0,-3.5,-112.0,-108.0,41.5,-112.0,-108.0,0,outdoors,grass,80.0,13.0,00-0023459,00-0039152,Aaron Rodgers,Will Levis,Robert Saleh,Brian Callahan,Alan Eck,NAS00,Nissan Stadium,0
2024_02_NYG_WAS,2024,REG,2,2024-09-15,Sunday,13:00,NYG,18.0,WAS,21.0,Home,3.0,39.0,0.0,2024091509,59534.0,,202409150was,,401671716,6475.0,7,7,105.0,-125.0,1.5,-108.0,-112.0,42.5,-105.0,-115.0,1,outdoors,grass,82.0,11.0,00-0035710,00-0039910,Daniel Jones,Jayden Daniels,Brian Daboll,Dan Quinn,Scott Novak,WAS00,FedExField,0
2024_02_LA_ARI,2024,REG,2,2024-09-15,Sunday,16:05,LA,10.0,ARI,41.0,Home,31.0,51.0,0.0,2024091510,59535.0,,202409150crd,,401671754,6476.0,7,7,-112.0,-108.0,-1.0,-105.0,-115.0,47.5,-118.0,-102.0,1,closed,grass,,,00-0026498,00-0035228,Matthew Stafford,Kyler Murray,Sean McVay,Jonathan Gannon,John Hussey,PHO00,State Farm Stadium,1
2024_02_PIT_DEN,2024,REG,2,2024-09-15,Sunday,16:25,PIT,13.0,DEN,6.0,Home,-7.0,19.0,0.0,2024091511,59536.0,,202409150den,,401671668,6477.0,7,7,-155.0,130.0,-3.0,-102.0,-118.0,36.5,-112.0,-108.0,0,outdoors,grass,83.0,4.0,00-0036945,00-0039732,Justin Fields,Bo Nix,Mike Tomlin,Sean Payton,Clete Blakeman,DEN00,Empower Field at Mile High,0
2024_02_CIN_KC,2024,REG,2,2024-09-15,Sunday,16:25,CIN,25.0,KC,26.0,Home,1.0,51.0,0.0,2024091512,59537.0,,202409150kan,,401671670,6478.0,7,10,235.0,-290.0,6.5,-105.0,-115.0,47.5,-108.0,-112.0,0,outdoors,grass,89.0,8.0,00-0036442,00-0033873,Joe Burrow,Patrick Mahomes,Zac Taylor,Andy Reid,Alex Kemp,KAN00,GEHA Field at Arrowhead Stadium,0
2024_02_CHI_HOU,2024,REG,2,2024-09-15,Sunday,20:20,CHI,13.0,HOU,19.0,Home,6.0,32.0,0.0,2024091513,59538.0,,202409150htx,,401671786,6479.0,7,7,210.0,-258.0,6.0,-108.0,-112.0,45.5,-105.0,-115.0,0,closed,astroturf,,,00-0039918,00-0039163,Caleb Williams,C.J. Stroud,Matt Eberflus,DeMeco Ryans,Land Clark,HOU00,NRG Stadium,1
2024_02_ATL_PHI,2024,REG,2,2024-09-16,Monday,20:15,ATL,22.0,PHI,21.0,Home,-1.0,43.0,0.0,2024091600,59539.0,,202409160phi,,401671691,6480.0,8,10,215.0,-265.0,5.5,-105.0,-115.0,46.5,-110.0,-110.0,0,outdoors,grass,71.0,9.0,00-0029604,00-0036389,Kirk Cousins,Jalen Hurts,Raheem Morris,Nick Sirianni,Craig Wrolstad,PHI00,Lincoln Financial Field,0
2024_03_NE_NYJ,2024,REG,3,2024-09-19,Thursday,20:15,NE,3.0,NYJ,24.0,Home,21.0,27.0,0.0,2024091900,59540.0,,202409190nyj,,401671808,6481.0,4,4,230.0,-285.0,6.5,-110.0,-110.0,39.0,-108.0,-112.0,1,outdoors,fieldturf,75.0,5.0,00-0033119,00-0023459,Jacoby Brissett,Aaron Rodgers,Jerod Mayo,Robert Saleh,John Hussey,NYC01,MetLife Stadium,0
2024_03_NYG_CLE,2024,REG,3,2024-09-22,Sunday,13:00,NYG,21.0,CLE,15.0,Home,-6.0,36.0,0.0,2024092200,59541.0,,202409220cle,,401671855,6482.0,7,7,220.0,-270.0,6.5,-112.0,-108.0,38.0,-108.0,-112.0,0,outdoors,grass,76.0,4.0,00-0035710,00-0033537,Daniel Jones,Deshaun Watson,Brian Daboll,Kevin Stefanski,Craig Wrolstad,CLE00,FirstEnergy Stadium,0
2024_03_CHI_IND,2024,REG,3,2024-09-22,Sunday,13:00,CHI,16.0,IND,21.0,Home,5.0,37.0,0.0,2024092201,59542.0,,202409220clt,,401671865,6483.0,7,7,105.0,-125.0,1.5,-108.0,-112.0,43.0,-105.0,-115.0,0,closed,fieldturf,,,00-0039918,00-0039164,Caleb Williams,Anthony Richardson,Matt Eberflus,Shane Steichen,Adrian Hill,IND00,Lucas Oil Stadium,1
2024_03_HOU_MIN,2024,REG,3,2024-09-22,Sunday,13:00,HOU,7.0,MIN,34.0,Home,27.0,41.0,0.0,2024092202,59543.0,,202409220min,,401671646,6484.0,7,7,-135.0,114.0,-2.0,-112.0,-108.0,46.0,-108.0,-112.0,0,dome,sportturf,,,00-0039163,00-0034869,C.J. Stroud,Sam Darnold,DeMeco Ryans,Kevin O'Connell,Shawn Hochuli,MIN01,U.S. Bank Stadium,1
2024_03_PHI_NO,2024,REG,3,2024-09-22,Sunday,13:00,PHI,15.0,NO,12.0,Home,-3.0,27.0,0.0,2024092203,59544.0,,202409220nor,,401671736,6485.0,6,7,120.0,-142.0,2.5,-105.0,-115.0,49.0,-110.0,-110.0,0,dome,sportturf,,,00-0036389,00-0031280,Jalen Hurts,Derek Carr,Nick Sirianni,Dennis Allen,Scott Novak,NOR00,Mercedes-Benz Superdome,1
2024_03_LAC_PIT,2024,REG,3,2024-09-22,Sunday,13:00,LAC,10.0,PIT,20.0,Home,10.0,30.0,0.0,2024092204,59545.0,,202409220pit,,401671632,6486.0,7,7,124.0,-148.0,3.0,-118.0,-102.0,36.0,-115.0,-105.0,0,outdoors,grass,72.0,2.0,00-0036355,00-0036945,Justin Herbert,Justin Fields,Jim Harbaugh,Mike Tomlin,Alex Kemp,PIT00,Acrisure Stadium,0
2024_03_DEN_TB,2024,REG,3,2024-09-22,Sunday,13:00,DEN,26.0,TB,7.0,Home,-19.0,33.0,0.0,2024092205,59546.0,,202409220tam,,401671741,6487.0,7,7,200.0,-245.0,6.0,-112.0,-108.0,40.5,-108.0,-112.0,0,outdoors,grass,85.0,6.0,00-0039732,00-0034855,Bo Nix,Baker Mayfield,Sean Payton,Todd Bowles,Alan Eck,TAM00,Raymond James Stadium,0
2024_03_GB_TEN,2024,REG,3,2024-09-22,Sunday,13:00,GB,30.0,TEN,14.0,Home,-16.0,44.0,0.0,2024092206,59547.0,,202409220oti,,401671823,6488.0,7,7,136.0,-162.0,3.0,-112.0,-108.0,37.0,-108.0,-112.0,0,outdoors,grass,87.0,7.0,00-0038128,00-0039152,Malik Willis,Will Levis,Matt LaFleur,Brian Callahan,Clay Martin,NAS00,Nissan Stadium,0
2024_03_CAR_LV,2024,REG,3,2024-09-22,Sunday,16:05,CAR,36.0,LV,22.0,Home,-14.0,58.0,0.0,2024092207,59548.0,,202409220rai,,401671658,6489.0,7,7,200.0,-245.0,5.5,-110.0,-110.0,40.0,-108.0,-112.0,0,dome,grass,,,00-0027973,00-0035289,Andy Dalton,Gardner Minshew,Dave Canales,Antonio Pierce,Bill Vinovich,VEG00,Allegiant Stadium,1
2024_03_MIA_SEA,2024,REG,3,2024-09-22,Sunday,16:05,MIA,3.0,SEA,24.0,Home,21.0,27.0,0.0,2024092208,59549.0,,202409220sea,,401671662,6490.0,10,7,170.0,-205.0,4.0,-110.0,-110.0,41.5,-110.0,-110.0,0,outdoors,fieldturf,64.0,2.0,00-0037327,00-0030565,Skylar Thompson,Geno Smith,Mike McDaniel,Mike Macdonald,Land Clark,SEA00,Lumen Field,0
2024_03_DET_ARI,2024,REG,3,2024-09-22,Sunday,16:25,DET,20.0,ARI,13.0,Home,-7.0,33.0,0.0,2024092209,59550.0,,202409220crd,,401671771,6491.0,7,7,-148.0,124.0,-3.0,-102.0,-118.0,51.5,-112.0,-108.0,0,closed,grass,,,00-0033106,00-0035228,Jared Goff,Kyler Murray,Dan Campbell,Jonathan Gannon,Brad Rogers,PHO00,State Farm Stadium,1
2024_03_BAL_DAL,2024,REG,3,2024-09-22,Sunday,16:25,BAL,28.0,DAL,25.0,Home,-3.0,53.0,0.0,2024092210,59551.0,,202409220dal,,401671763,6492.0,7,7,-120.0,100.0,-1.5,-110.0,-110.0,47.5,-112.0,-108.0,0,closed,matrixturf,,,00-0034796,00-0033077,Lamar Jackson,Dak Prescott,John Harbaugh,Mike McCarthy,Ron Torbert,DAL00,AT&T Stadium,1
2024_03_SF_LA,2024,REG,3,2024-09-22,Sunday,16:25,SF,24.0,LA,27.0,Home,3.0,51.0,0.0,2024092211,59552.0,,202409220ram,,401671772,6493.0,7,7,-258.0,210.0,-6.0,-108.0,-112.0,44.5,-110.0,-110.0,1,dome,matrixturf,,,00-0037834,00-0026498,Brock Purdy,Matthew Stafford,Kyle Shanahan,Sean McVay,Clete Blakeman,LAX01,SoFi Stadium,1
2024_03_KC_ATL,2024,REG,3,2024-09-22,Sunday,20:20,KC,22.0,ATL,17.0,Home,-5.0,39.0,0.0,2024092212,59553.0,,202409220atl,,401671793,6494.0,7,6,-170.0,142.0,-3.0,-118.0,-102.0,46.0,-108.0,-112.0,0,closed,fieldturf,,,00-0033873,00-0029604,Patrick Mahomes,Kirk Cousins,Andy Reid,Raheem Morris,Tra Blake,ATL97,Mercedes-Benz Stadium,1
2024_03_JAX_BUF,2024,REG,3,2024-09-23,Monday,19:30,JAX,10.0,BUF,47.0,Home,37.0,57.0,0.0,2024092300,59554.0,,202409230buf,,401671682,6495.0,8,11,180.0,-218.0,4.0,-108.0,-112.0,46.5,-110.0,-110.0,0,outdoors,a_turf,68.0,5.0,00-0036971,00-0034857,Trevor Lawrence,Josh Allen,Doug Pederson,Sean McDermott,Shawn Smith,BUF00,New Era Field,0
2024_03_WAS_CIN,2024,REG,3,2024-09-23,Monday,20:15,WAS,38.0,CIN,33.0,Home,-5.0,71.0,0.0,2024092301,59555.0,,202409230cin,,401671490,6496.0,8,8,280.0,-355.0,7.5,-115.0,-105.0,46.0,-112.0,-108.0,0,outdoors,fieldturf,69.0,5.0,00-0039910,00-0036442,Jayden Daniels,Joe Burrow,Dan Quinn,Zac Taylor,Brad Allen,CIN00,Paycor Stadium,0
2024_04_DAL_NYG,2024,REG,4,2024-09-26,Thursday,20:15,DAL,20.0,NYG,15.0,Home,-5.0,35.0,0.0,2024092600,59556.0,,202409260nyg,,401671812,6497.0,4,4,-250.0,205.0,-5.5,-115.0,-105.0,45.0,-112.0,-108.0,1,outdoors,fieldturf,74.0,3.0,00-0033077,00-0035710,Dak Prescott,Daniel Jones,Mike McCarthy,Brian Daboll,Clay Martin,NYC01,MetLife Stadium,0
2024_04_NO_ATL,2024,REG,4,2024-09-29,Sunday,13:00,NO,24.0,ATL,26.0,Home,2.0,50.0,0.0,2024092900,59557.0,,202409290atl,,401671727,6498.0,7,7,120.0,-142.0,2.5,-105.0,-115.0,41.5,-112.0,-108.0,1,closed,fieldturf,,,00-0031280,00-0029604,Derek Carr,Kirk Cousins,Dennis Allen,Raheem Morris,John Hussey,ATL97,Mercedes-Benz Stadium,1
2024_04_CIN_CAR,2024,REG,4,2024-09-29,Sunday,13:00,CIN,34.0,CAR,24.0,Home,-10.0,58.0,0.0,2024092901,59558.0,,202409290car,,401671745,6499.0,6,7,-205.0,170.0,-4.5,-112.0,-108.0,47.0,-108.0,-112.0,0,outdoors,grass,78.0,6.0,00-0036442,00-0027973,Joe Burrow,Andy Dalton,Zac Taylor,Dave Canales,Adrian Hill,CAR00,Bank of America Stadium,0
2024_04_LA_CHI,2024,REG,4,2024-09-29,Sunday,13:00,LA,18.0,CHI,24.0,Home,6.0,42.0,0.0,2024092902,59559.0,,202409290chi,,401671871,6500.0,7,7,136.0,-162.0,3.0,-112.0,-108.0,40.0,-105.0,-115.0,0,outdoors,grass,70.0,16.0,00-0026498,00-0039918,Matthew Stafford,Caleb Williams,Sean McVay,Matt Eberflus,Brad Rogers,CHI98,Soldier Field,0
2024_04_MIN_GB,2024,REG,4,2024-09-29,Sunday,13:00,MIN,31.0,GB,29.0,Home,-2.0,60.0,0.0,2024092903,59560.0,,202409290gnb,,401671643,6501.0,7,7,114.0,-135.0,2.5,-102.0,-118.0,44.0,-112.0,-108.0,1,outdoors,grass,71.0,15.0,00-0034869,00-0036264,Sam Darnold,Jordan Love,Kevin O'Connell,Matt LaFleur,Bill Vinovich,GNB00,Lambeau Field,0
2024_04_JAX_HOU,2024,REG,4,2024-09-29,Sunday,13:00,JAX,20.0,HOU,24.0,Home,4.0,44.0,0.0,2024092904,59561.0,,202409290htx,,401671857,6502.0,6,7,195.0,-238.0,5.5,-108.0,-112.0,44.5,-108.0,-112.0,1,closed,astroturf,,,00-0036971,00-0039163,Trevor Lawrence,C.J. Stroud,Doug Pederson,DeMeco Ryans,Tra Blake,HOU00,NRG Stadium,1
2024_04_PIT_IND,2024,REG,4,2024-09-29,Sunday,13:00,PIT,24.0,IND,27.0,Home,3.0,51.0,0.0,2024092905,59562.0,,202409290clt,,401671867,6503.0,7,7,-130.0,110.0,-2.5,-108.0,-112.0,40.0,-110.0,-110.0,0,closed,fieldturf,,,00-0036945,00-0039164,Justin Fields,Anthony Richardson,Mike Tomlin,Shane Steichen,Land Clark,IND00,Lucas Oil Stadium,1
2024_04_DEN_NYJ,2024,REG,4,2024-09-29,Sunday,13:00,DEN,10.0,NYJ,9.0,Home,-1.0,19.0,0.0,2024092906,59563.0,,202409290nyj,,401671622,6504.0,7,10,330.0,-425.0,7.5,-108.0,-112.0,39.5,-112.0,-108.0,0,outdoors,fieldturf,67.0,8.0,00-0039732,00-0023459,Bo Nix,Aaron Rodgers,Sean Payton,Robert Saleh,Ron Torbert,NYC01,MetLife Stadium,0
2024_04_PHI_TB,2024,REG,4,2024-09-29,Sunday,13:00,PHI,16.0,TB,33.0,Home,17.0,49.0,0.0,2024092907,59564.0,,202409290tam,,401671740,6505.0,7,7,-115.0,-105.0,-1.0,-110.0,-110.0,42.0,-108.0,-112.0,0,outdoors,grass,88.0,9.0,00-0036389,00-0034855,Jalen Hurts,Baker Mayfield,Nick Sirianni,Todd Bowles,Carl Cheffers,TAM00,Raymond James Stadium,0
2024_04_WAS_ARI,2024,REG,4,2024-09-29,Sunday,16:05,WAS,42.0,ARI,14.0,Home,-28.0,56.0,0.0,2024092908,59565.0,,202409290crd,,401671755,6506.0,6,7,150.0,-180.0,3.5,-115.0,-105.0,49.0,-112.0,-108.0,0,closed,grass,,,00-0039910,00-0035228,Jayden Daniels,Kyler Murray,Dan Quinn,Jonathan Gannon,Craig Wrolstad,PHO00,State Farm Stadium,1
2024_04_NE_SF,2024,REG,4,2024-09-29,Sunday,16:05,NE,13.0,SF,30.0,Home,17.0,43.0,0.0,2024092909,59566.0,,202409290sfo,,401671758,6507.0,10,7,410.0,-550.0,10.5,-112.0,-108.0,41.5,-110.0,-110.0,0,outdoors,grass,71.0,5.0,00-0033119,00-0037834,Jacoby Brissett,Brock Purdy,Jerod Mayo,Kyle Shanahan,Scott Novak,SFO01,Levi's Stadium,0
2024_04_KC_LAC,2024,REG,4,2024-09-29,Sunday,16:25,KC,17.0,LAC,10.0,Home,-7.0,27.0,0.0,2024092910,59567.0,,202409290sdg,,401671674,6508.0,7,7,-345.0,275.0,-7.5,-108.0,-112.0,41.5,-108.0,-112.0,1,dome,matrixturf,,,00-0033873,00-0036355,Patrick Mahomes,Justin Herbert,Andy Reid,Jim Harbaugh,Shawn Smith,LAX01,SoFi Stadium,1
2024_04_CLE_LV,2024,REG,4,2024-09-29,Sunday,16:25,CLE,16.0,LV,20.0,Home,4.0,36.0,0.0,2024092911,59568.0,,202409290rai,,401671672,6509.0,7,7,-135.0,114.0,-2.5,-115.0,-105.0,36.5,-108.0,-112.0,0,dome,grass,,,00-0033537,00-0035289,Deshaun Watson,Gardner Minshew,Kevin Stefanski,Antonio Pierce,Brad Allen,VEG00,Allegiant Stadium,1
2024_04_BUF_BAL,2024,REG,4,2024-09-29,Sunday,20:20,BUF,10.0,BAL,35.0,Home,25.0,45.0,0.0,2024092912,59569.0,,202409290rav,,401671783,6510.0,6,7,114.0,-135.0,2.5,-108.0,-112.0,46.5,-110.0,-110.0,0,outdoors,grass,68.0,8.0,00-0034857,00-0034796,Josh Allen,Lamar Jackson,Sean McDermott,John Harbaugh,Alan Eck,BAL00,M&T Bank Stadium,0
2024_04_TEN_MIA,2024,REG,4,2024-09-30,Monday,19:30,TEN,31.0,MIA,12.0,Home,-19.0,43.0,0.0,2024093000,59570.0,,202409300mia,,401671683,6511.0,8,8,114.0,-135.0,2.5,-108.0,-112.0,37.0,-110.0,-110.0,0,outdoors,grass,86.0,9.0,00-0039152,00-0035993,Will Levis,Tyler Huntley,Brian Callahan,Mike McDaniel,Clete Blakeman,MIA00,Hard Rock Stadium,0
2024_04_SEA_DET,2024,REG,4,2024-09-30,Monday,20:15,SEA,29.0,DET,42.0,Home,13.0,71.0,0.0,2024093001,59571.0,,202409300det,,401671491,6512.0,8,8,154.0,-185.0,3.5,-108.0,-112.0,46.5,-108.0,-112.0,0,dome,fieldturf,,,00-0030565,00-0033106,Geno Smith,Jared Goff,Mike Macdonald,Dan Campbell,Alex Kemp,DET00,Ford Field,1
2024_05_TB_ATL,2024,REG,5,2024-10-03,Thursday,20:15,TB,30.0,ATL,36.0,Home,6.0,66.0,1.0,2024100300,59572.0,,202410030atl,,401671815,6513.0,4,4,120.0,-142.0,2.5,-102.0,-118.0,44.0,-110.0,-110.0,1,closed,fieldturf,,,00-0034855,00-0029604,Baker Mayfield,Kirk Cousins,Todd Bowles,Raheem Morris,Ron Torbert,ATL97,Mercedes-Benz Stadium,1
2024_05_NYJ_MIN,2024,REG,5,2024-10-06,Sunday,09:30,NYJ,17.0,MIN,23.0,Neutral,6.0,40.0,0.0,2024100600,59573.0,,202410060min,,401671804,6514.0,7,7,120.0,-142.0,2.5,-105.0,-115.0,42.0,-112.0,-108.0,0,outdoors,grass,59.0,8.0,00-0023459,00-0034869,Aaron Rodgers,Sam Darnold,Robert Saleh,Kevin O'Connell,Scott Novak,LON02,Tottenham Stadium,0
2024_05_CAR_CHI,2024,REG,5,2024-10-06,Sunday,13:00,CAR,10.0,CHI,36.0,Home,26.0,46.0,0.0,2024100601,59574.0,,202410060chi,,401671872,6515.0,7,7,164.0,-198.0,4.0,-108.0,-112.0,40.0,-108.0,-112.0,0,outdoors,grass,74.0,7.0,00-0027973,00-0039918,Andy Dalton,Caleb Williams,Dave Canales,Matt Eberflus,Tra Blake,CHI98,Soldier Field,0
2024_05_BAL_CIN,2024,REG,5,2024-10-06,Sunday,13:00,BAL,41.0,CIN,38.0,Home,-3.0,79.0,1.0,2024100602,59575.0,,202410060cin,,401671626,6516.0,7,7,-148.0,124.0,-2.5,-118.0,-102.0,48.5,-112.0,-108.0,1,outdoors,fieldturf,81.0,10.0,00-0034796,00-0036442,Lamar Jackson,Joe Burrow,John Harbaugh,Zac Taylor,Bill Vinovich,CIN00,Paycor Stadium,0
2024_05_BUF_HOU,2024,REG,5,2024-10-06,Sunday,13:00,BUF,20.0,HOU,23.0,Home,3.0,43.0,0.0,2024100603,59576.0,,202410060htx,,401671859,6517.0,7,7,-102.0,-118.0,1.0,-108.0,-112.0,48.0,-110.0,-110.0,0,closed,astroturf,,,00-0034857,00-0039163,Josh Allen,C.J. Stroud,Sean McDermott,DeMeco Ryans,Clay Martin,HOU00,NRG Stadium,1
2024_05_IND_JAX,2024,REG,5,2024-10-06,Sunday,13:00,IND,34.0,JAX,37.0,Home,3.0,71.0,0.0,2024100604,59577.0,,202410060jax,,401671633,6518.0,7,7,154.0,-185.0,3.5,-110.0,-110.0,45.0,-110.0,-110.0,1,outdoors,grass,74.0,4.0,00-0026158,00-0036971,Joe Flacco,Trevor Lawrence,Shane Steichen,Doug Pederson,Carl Cheffers,JAX00,TIAA Bank Stadium,0
2024_05_MIA_NE,2024,REG,5,2024-10-06,Sunday,13:00,MIA,15.0,NE,10.0,Home,-5.0,25.0,0.0,2024100605,59578.0,,202410060nwe,,401671700,6519.0,6,7,-130.0,110.0,-2.0,-112.0,-108.0,37.0,-108.0,-112.0,1,outdoors,fieldturf,65.0,2.0,00-0035993,00-0033119,Tyler Huntley,Jacoby Brissett,Mike McDaniel,Jerod Mayo,Adrian Hill,BOS00,Gillette Stadium,0
2024_05_CLE_WAS,2024,REG,5,2024-10-06,Sunday,13:00,CLE,13.0,WAS,34.0,Home,21.0,47.0,0.0,2024100606,59579.0,,202410060was,,401671718,6520.0,7,7,130.0,-155.0,3.0,-112.0,-108.0,44.0,-112.0,-108.0,0,outdoors,grass,73.0,5.0,00-0033537,00-0039910,Deshaun Watson,Jayden Daniels,Kevin Stefanski,Dan Quinn,Alan Eck,WAS00,FedExField,0
2024_05_LV_DEN,2024,REG,5,2024-10-06,Sunday,16:05,LV,18.0,DEN,34.0,Home,16.0,52.0,0.0,2024100607,59580.0,,202410060den,,401671747,6521.0,7,7,130.0,-155.0,3.0,-112.0,-108.0,36.0,-108.0,-112.0,1,outdoors,grass,73.0,7.0,00-0035289,00-0039732,Gardner Minshew,Bo Nix,Antonio Pierce,Sean Payton,Craig Wrolstad,DEN00,Empower Field at Mile High,0
2024_05_ARI_SF,2024,REG,5,2024-10-06,Sunday,16:05,ARI,24.0,SF,23.0,Home,-1.0,47.0,0.0,2024100608,59581.0,,202410060sfo,,401671756,6522.0,7,7,260.0,-325.0,7.0,-105.0,-115.0,48.5,-108.0,-112.0,1,outdoors,grass,89.0,3.0,00-0035228,00-0037834,Kyler Murray,Brock Purdy,Jonathan Gannon,Kyle Shanahan,Land Clark,SFO01,Levi's Stadium,0
2024_05_GB_LA,2024,REG,5,2024-10-06,Sunday,16:25,GB,24.0,LA,19.0,Home,-5.0,43.0,0.0,2024100609,59582.0,,202410060ram,,401671679,6523.0,7,7,-155.0,130.0,-3.0,-112.0,-108.0,49.5,-112.0,-108.0,0,dome,matrixturf,,,00-0036264,00-0026498,Jordan Love,Matthew Stafford,Matt LaFleur,Sean McVay,Brad Allen,LAX01,SoFi Stadium,1
2024_05_NYG_SEA,2024,REG,5,2024-10-06,Sunday,16:25,NYG,29.0,SEA,20.0,Home,-9.0,49.0,0.0,2024100610,59583.0,,202410060sea,,401671680,6524.0,10,6,250.0,-310.0,7.0,-112.0,-108.0,42.5,-110.0,-110.0,0,outdoors,fieldturf,61.0,3.0,00-0035710,00-0030565,Daniel Jones,Geno Smith,Brian Daboll,Mike Macdonald,Shawn Smith,SEA00,Lumen Field,0
2024_05_DAL_PIT,2024,REG,5,2024-10-06,Sunday,20:20,DAL,20.0,PIT,17.0,Home,-3.0,37.0,0.0,2024100611,59584.0,,202410060pit,,401671784,6525.0,10,7,114.0,-135.0,2.5,-108.0,-112.0,43.5,-108.0,-112.0,0,outdoors,grass,67.0,6.0,00-0033077,00-0036945,Dak Prescott,Justin Fields,Mike McCarthy,Mike Tomlin,Shawn Hochuli,PIT00,Acrisure Stadium,0
2024_05_NO_KC,2024,REG,5,2024-10-07,Monday,20:15,NO,13.0,KC,26.0,Home,13.0,39.0,0.0,2024100700,59585.0,,202410070kan,,401671687,6526.0,8,8,190.0,-230.0,5.5,-112.0,-108.0,43.0,-110.0,-110.0,0,outdoors,grass,70.0,1.0,00-0031280,00-0033873,Derek Carr,Patrick Mahomes,Dennis Allen,Andy Reid,Brad Rogers,KAN00,GEHA Field at Arrowhead Stadium,0
2024_06_SF_SEA,2024,REG,6,2024-10-10,Thursday,20:15,SF,36.0,SEA,24.0,Home,-12.0,60.0,0.0,2024101000,59586.0,,202410100sea,,401671819,6527.0,4,4,-198.0,164.0,-3.5,-118.0,-102.0,49.0,-110.0,-110.0,1,outdoors,fieldturf,59.0,10.0,00-0037834,00-0030565,Brock Purdy,Geno Smith,Kyle Shanahan,Mike Macdonald,Craig Wrolstad,SEA00,Lumen Field,0
2024_06_JAX_CHI,2024,REG,6,2024-10-13,Sunday,09:30,JAX,16.0,CHI,35.0,Neutral,19.0,51.0,0.0,2024101300,59587.0,,202410130chi,,401671802,6528.0,7,7,-120.0,100.0,-1.5,-108.0,-112.0,44.5,-108.0,-112.0,0,outdoors,grass,54.0,3.0,00-0036971,00-0039918,Trevor Lawrence,Caleb Williams,Doug Pederson,Matt Eberflus,Brad Allen,LON02,Tottenham Stadium,0
2024_06_WAS_BAL,2024,REG,6,2024-10-13,Sunday,13:00,WAS,23.0,BAL,30.0,Home,7.0,53.0,0.0,2024101301,59588.0,,202410130rav,,401671625,6529.0,7,7,230.0,-285.0,6.5,-108.0,-112.0,51.5,-110.0,-110.0,0,outdoors,grass,75.0,8.0,00-0039910,00-0034796,Jayden Daniels,Lamar Jackson,Dan Quinn,John Harbaugh,Land Clark,BAL00,M&T Bank Stadium,0
2024_06_ARI_GB,2024,REG,6,2024-10-13,Sunday,13:00,ARI,13.0,GB,34.0,Home,21.0,47.0,0.0,2024101302,59589.0,,202410130gnb,,401671722,6530.0,7,7,195.0,-238.0,5.5,-110.0,-110.0,47.0,-110.0,-110.0,0,outdoors,grass,50.0,4.0,00-0035228,00-0036264,Kyler Murray,Jordan Love,Jonathan Gannon,Matt LaFleur,Alex Kemp,GNB00,Lambeau Field,0
2024_06_HOU_NE,2024,REG,6,2024-10-13,Sunday,13:00,HOU,41.0,NE,21.0,Home,-20.0,62.0,0.0,2024101303,59590.0,,202410130nwe,,401671619,6531.0,7,7,-265.0,215.0,-6.5,-108.0,-112.0,38.5,-112.0,-108.0,0,outdoors,fieldturf,53.0,5.0,00-0039163,00-0039851,C.J. Stroud,Drake Maye,DeMeco Ryans,Jerod Mayo,Ron Torbert,BOS00,Gillette Stadium,0
2024_06_TB_NO,2024,REG,6,2024-10-13,Sunday,13:00,TB,51.0,NO,27.0,Home,-24.0,78.0,0.0,2024101304,59591.0,,202410130nor,,401671735,6532.0,10,6,-175.0,145.0,-3.5,-108.0,-112.0,42.5,-110.0,-110.0,1,dome,sportturf,,,00-0034855,00-0039376,Baker Mayfield,Spencer Rattler,Todd Bowles,Dennis Allen,Clete Blakeman,NOR00,Mercedes-Benz Superdome,1
2024_06_CLE_PHI,2024,REG,6,2024-10-13,Sunday,13:00,CLE,16.0,PHI,20.0,Home,4.0,36.0,0.0,2024101305,59592.0,,202410130phi,,401671714,6533.0,7,14,330.0,-425.0,8.0,-108.0,-112.0,42.0,-110.0,-110.0,0,outdoors,grass,82.0,10.0,00-0033537,00-0036389,Deshaun Watson,Jalen Hurts,Kevin Stefanski,Nick Sirianni,Shawn Hochuli,PHI00,Lincoln Financial Field,0
2024_06_IND_TEN,2024,REG,6,2024-10-13,Sunday,13:00,IND,20.0,TEN,17.0,Home,-3.0,37.0,0.0,2024101306,59593.0,,202410130oti,,401671820,6534.0,7,13,114.0,-135.0,2.5,-110.0,-110.0,42.0,-112.0,-108.0,1,outdoors,grass,80.0,12.0,00-0026158,00-0039152,Joe Flacco,Will Levis,Shane Steichen,Brian Callahan,Brad Rogers,NAS00,Nissan Stadium,0
2024_06_LAC_DEN,2024,REG,6,2024-10-13,Sunday,16:05,LAC,23.0,DEN,16.0,Home,-7.0,39.0,0.0,2024101307,59594.0,,202410130den,,401671655,6535.0,14,7,-155.0,130.0,-3.0,-105.0,-115.0,37.0,-108.0,-112.0,1,outdoors,grass,65.0,7.0,00-0036355,00-0039732,Justin Herbert,Bo Nix,Jim Harbaugh,Sean Payton,Tra Blake,DEN00,Empower Field at Mile High,0
2024_06_PIT_LV,2024,REG,6,2024-10-13,Sunday,16:05,PIT,32.0,LV,13.0,Home,-19.0,45.0,0.0,2024101308,59595.0,,202410130rai,,401671657,6536.0,7,7,-180.0,150.0,-3.5,-110.0,-110.0,36.5,-108.0,-112.0,0,dome,grass,,,00-0036945,00-0038579,Justin Fields,Aidan O'Connell,Mike Tomlin,Antonio Pierce,Alan Eck,VEG00,Allegiant Stadium,1
2024_06_ATL_CAR,2024,REG,6,2024-10-13,Sunday,16:25,ATL,38.0,CAR,20.0,Home,-18.0,58.0,0.0,2024101309,59596.0,,202410130car,,401671769,6537.0,10,7,-258.0,210.0,-6.0,-112.0,-108.0,45.5,-110.0,-110.0,1,outdoors,grass,79.0,9.0,00-0029604,00-0027973,Kirk Cousins,Andy Dalton,Raheem Morris,Dave Canales,Clay Martin,CAR00,Bank of America Stadium,0
2024_06_DET_DAL,2024,REG,6,2024-10-13,Sunday,16:25,DET,47.0,DAL,9.0,Home,-38.0,56.0,0.0,2024101310,59597.0,,202410130dal,,401671764,6538.0,13,7,-180.0,150.0,-3.5,-105.0,-115.0,52.5,-110.0,-110.0,0,closed,matrixturf,,,00-0033106,00-0033077,Jared Goff,Dak Prescott,Dan Campbell,Mike McCarthy,John Hussey,DAL00,AT&T Stadium,1
2024_06_CIN_NYG,2024,REG,6,2024-10-13,Sunday,20:20,CIN,17.0,NYG,7.0,Home,-10.0,24.0,0.0,2024101311,59598.0,,202410130nyg,,401671791,6539.0,7,7,-230.0,190.0,-4.5,-112.0,-108.0,46.0,-102.0,-118.0,0,outdoors,fieldturf,63.0,2.0,00-0036442,00-0035710,Joe Burrow,Daniel Jones,Zac Taylor,Brian Daboll,Carl Cheffers,NYC01,MetLife Stadium,0
2024_06_BUF_NYJ,2024,REG,6,2024-10-14,Monday,20:15,BUF,23.0,NYJ,20.0,Home,-3.0,43.0,0.0,2024101400,59599.0,,202410140nyj,,401671684,6540.0,8,8,-122.0,102.0,-1.0,-112.0,-108.0,42.0,-110.0,-110.0,1,outdoors,fieldturf,49.0,14.0,00-0034857,00-0023459,Josh Allen,Aaron Rodgers,Sean McDermott,Robert Saleh,Adrian Hill,NYC01,MetLife Stadium,0
2024_07_DEN_NO,2024,REG,7,2024-10-17,Thursday,20:15,DEN,33.0,NO,10.0,Home,-23.0,43.0,0.0,2024101700,59600.0,,202410170nor,,401671816,6541.0,4,4,-148.0,124.0,-2.5,-118.0,-102.0,37.0,-110.0,-110.0,0,dome,sportturf,,,00-0039732,00-0039376,Bo Nix,Spencer Rattler,Sean Payton,Dennis Allen,Land Clark,NOR00,Mercedes-Benz Superdome,1
2024_07_NE_JAX,2024,REG,7,2024-10-20,Sunday,09:30,NE,16.0,JAX,32.0,Neutral,16.0,48.0,0.0,2024102000,59601.0,,202410200jax,,401671801,6542.0,7,7,240.0,-298.0,6.5,-105.0,-115.0,42.0,-108.0,-112.0,0,outdoors,grass,63.0,12.0,00-0039851,00-0036971,Drake Maye,Trevor Lawrence,Jerod Mayo,Doug Pederson,Brad Rogers,LON00,Wembley Stadium,0
2024_07_SEA_ATL,2024,REG,7,2024-10-20,Sunday,13:00,SEA,34.0,ATL,14.0,Home,-20.0,48.0,0.0,2024102001,59602.0,,202410200atl,,401671730,6543.0,10,7,136.0,-162.0,3.0,-115.0,-105.0,51.5,-110.0,-110.0,0,closed,fieldturf,,,00-0030565,00-0029604,Geno Smith,Kirk Cousins,Mike Macdonald,Raheem Morris,Bill Vinovich,ATL97,Mercedes-Benz Stadium,1
2024_07_TEN_BUF,2024,REG,7,2024-10-20,Sunday,13:00,TEN,10.0,BUF,34.0,Home,24.0,44.0,0.0,2024102002,59603.0,,202410200buf,,401671616,6544.0,7,6,400.0,-535.0,9.5,-110.0,-110.0,41.0,-108.0,-112.0,0,outdoors,a_turf,66.0,12.0,00-0034771,00-0034857,Mason Rudolph,Josh Allen,Brian Callahan,Sean McDermott,John Hussey,BUF00,New Era Field,0
2024_07_CIN_CLE,2024,REG,7,2024-10-20,Sunday,13:00,CIN,21.0,CLE,14.0,Home,-7.0,35.0,0.0,2024102003,59604.0,,202410200cle,,401671853,6545.0,7,7,-230.0,190.0,-5.5,-110.0,-110.0,42.0,-112.0,-108.0,1,outdoors,grass,62.0,8.0,00-0036442,00-0033537,Joe Burrow,Deshaun Watson,Zac Taylor,Kevin Stefanski,Ron Torbert,CLE00,FirstEnergy Stadium,0
2024_07_HOU_GB,2024,REG,7,2024-10-20,Sunday,13:00,HOU,22.0,GB,24.0,Home,2.0,46.0,0.0,2024102004,59605.0,,202410200gnb,,401671644,6546.0,7,7,142.0,-170.0,3.0,100.0,-120.0,48.0,-108.0,-112.0,0,outdoors,grass,72.0,3.0,00-0039163,00-0036264,C.J. Stroud,Jordan Love,DeMeco Ryans,Matt LaFleur,Scott Novak,GNB00,Lambeau Field,0
2024_07_MIA_IND,2024,REG,7,2024-10-20,Sunday,13:00,MIA,10.0,IND,16.0,Home,6.0,26.0,0.0,2024102005,59606.0,,202410200clt,,401671864,6547.0,14,7,130.0,-155.0,3.0,-120.0,100.0,44.0,-108.0,-112.0,0,closed,fieldturf,,,00-0034177,00-0039164,Tim Boyle,Anthony Richardson,Mike McDaniel,Shane Steichen,Craig Wrolstad,IND00,Lucas Oil Stadium,1
2024_07_DET_MIN,2024,REG,7,2024-10-20,Sunday,13:00,DET,31.0,MIN,29.0,Home,-2.0,60.0,0.0,2024102006,59607.0,,202410200min,,401671724,6548.0,7,14,-102.0,-118.0,1.0,-108.0,-112.0,50.5,-112.0,-108.0,1,dome,sportturf,,,00-0033106,00-0034869,Jared Goff,Sam Darnold,Dan Campbell,Kevin O'Connell,Clay Martin,MIN01,U.S. Bank Stadium,1
2024_07_PHI_NYG,2024,REG,7,2024-10-20,Sunday,13:00,PHI,28.0,NYG,3.0,Home,-25.0,31.0,0.0,2024102007,59608.0,,202410200nyg,,401671710,6549.0,7,7,-166.0,140.0,-3.0,-120.0,100.0,42.0,-110.0,-110.0,1,outdoors,fieldturf,71.0,4.0,00-0036389,00-0035710,Jalen Hurts,Daniel Jones,Nick Sirianni,Brian Daboll,Tra Blake,NYC01,MetLife Stadium,0
2024_07_LV_LA,2024,REG,7,2024-10-20,Sunday,16:05,LV,15.0,LA,20.0,Home,5.0,35.0,0.0,2024102008,59609.0,,202410200ram,,401671663,6550.0,7,14,280.0,-355.0,7.0,-105.0,-115.0,43.0,-105.0,-115.0,0,dome,matrixturf,,,00-0038579,00-0026498,Aidan O'Connell,Matthew Stafford,Antonio Pierce,Sean McVay,Shawn Hochuli,LAX01,SoFi Stadium,1
2024_07_CAR_WAS,2024,REG,7,2024-10-20,Sunday,16:05,CAR,7.0,WAS,40.0,Home,33.0,47.0,0.0,2024102009,59610.0,,202410200was,,401671640,6551.0,7,7,400.0,-535.0,10.0,100.0,-120.0,51.0,-110.0,-110.0,0,outdoors,grass,76.0,2.0,00-0027973,00-0039910,Andy Dalton,Jayden Daniels,Dave Canales,Dan Quinn,Carl Cheffers,WAS00,FedExField,0
2024_07_KC_SF,2024,REG,7,2024-10-20,Sunday,16:25,KC,28.0,SF,18.0,Home,-10.0,46.0,0.0,2024102010,59611.0,,202410200sfo,,401671777,6552.0,13,10,120.0,-142.0,2.5,-105.0,-115.0,47.5,-110.0,-110.0,0,outdoors,grass,78.0,3.0,00-0033873,00-0037834,Patrick Mahomes,Brock Purdy,Andy Reid,Kyle Shanahan,Alan Eck,SFO01,Levi's Stadium,0
2024_07_NYJ_PIT,2024,REG,7,2024-10-20,Sunday,20:20,NYJ,15.0,PIT,37.0,Home,22.0,52.0,0.0,2024102011,59612.0,,202410200pit,,401671785,6553.0,6,7,-166.0,140.0,-3.0,-108.0,-112.0,40.0,-110.0,-110.0,0,outdoors,grass,60.0,4.0,00-0023459,00-0029263,Aaron Rodgers,Russell Wilson,Robert Saleh,Mike Tomlin,Shawn Smith,PIT00,Acrisure Stadium,0
2024_07_BAL_TB,2024,REG,7,2024-10-21,Monday,20:15,BAL,41.0,TB,31.0,Home,-10.0,72.0,0.0,2024102100,59613.0,,202410210tam,,401671695,6554.0,8,8,-225.0,185.0,-4.5,-110.0,-110.0,51.0,-110.0,-110.0,0,outdoors,grass,80.0,8.0,00-0034796,00-0034855,Lamar Jackson,Baker Mayfield,John Harbaugh,Todd Bowles,Alex Kemp,TAM00,Raymond James Stadium,0
2024_07_LAC_ARI,2024,REG,7,2024-10-21,Monday,21:00,LAC,15.0,ARI,17.0,Home,2.0,32.0,0.0,2024102101,59614.0,,202410210crd,,401671699,6555.0,8,8,-122.0,102.0,-1.0,-115.0,-105.0,44.0,-108.0,-112.0,0,closed,grass,,,00-0036355,00-0035228,Justin Herbert,Kyler Murray,Jim Harbaugh,Jonathan Gannon,Clete Blakeman,PHO00,State Farm Stadium,1
2024_08_MIN_LA,2024,REG,8,2024-10-24,Thursday,20:15,MIN,20.0,LA,30.0,Home,10.0,50.0,0.0,2024102400,59615.0,,202410240ram,,401671817,6556.0,4,4,-155.0,130.0,-3.0,-105.0,-115.0,47.5,-110.0,-110.0,0,dome,matrixturf,,,00-0034869,00-0026498,Sam Darnold,Matthew Stafford,Kevin O'Connell,Sean McVay,Tra Blake,LAX01,SoFi Stadium,1
2024_08_PHI_CIN,2024,REG,8,2024-10-27,Sunday,13:00,PHI,37.0,CIN,17.0,Home,-20.0,54.0,0.0,2024102710,59626.0,,202410270cin,,401671667,6567.0,7,7,124.0,-148.0,2.5,100.0,-120.0,47.5,-108.0,-112.0,0,outdoors,fieldturf,59.0,6.0,00-0036389,00-0036442,Jalen Hurts,Joe Burrow,Nick Sirianni,Zac Taylor,John Hussey,CIN00,Paycor Stadium,0
2024_08_BAL_CLE,2024,REG,8,2024-10-27,Sunday,13:00,BAL,24.0,CLE,29.0,Home,5.0,53.0,0.0,2024102700,59616.0,,202410270cle,,401671852,6557.0,6,7,-380.0,300.0,-7.5,-110.0,-110.0,44.5,-105.0,-115.0,1,outdoors,grass,52.0,4.0,00-0034796,00-0031503,Lamar Jackson,Jameis Winston,John Harbaugh,Kevin Stefanski,Shawn Smith,CLE00,FirstEnergy Stadium,0
2024_08_TEN_DET,2024,REG,8,2024-10-27,Sunday,13:00,TEN,14.0,DET,52.0,Home,38.0,66.0,0.0,2024102701,59617.0,,202410270det,,401671720,6558.0,7,7,550.0,-800.0,12.5,-105.0,-115.0,45.0,-108.0,-112.0,0,dome,fieldturf,,,00-0034771,00-0033106,Mason Rudolph,Jared Goff,Brian Callahan,Dan Campbell,Carl Cheffers,DET00,Ford Field,1
2024_08_IND_HOU,2024,REG,8,2024-10-27,Sunday,13:00,IND,20.0,HOU,23.0,Home,3.0,43.0,0.0,2024102702,59618.0,,202410270htx,,401671856,6559.0,7,7,185.0,-225.0,5.0,-112.0,-108.0,45.0,-108.0,-112.0,1,closed,astroturf,,,00-0026158,00-0039163,Joe Flacco,C.J. Stroud,Shane Steichen,DeMeco Ryans,Brad Allen,HOU00,NRG Stadium,1
2024_08_GB_JAX,2024,REG,8,2024-10-27,Sunday,13:00,GB,30.0,JAX,27.0,Home,-3.0,57.0,0.0,2024102703,59619.0,,202410270jax,,401671707,6560.0,7,7,-192.0,160.0,-3.5,-115.0,-105.0,49.0,-112.0,-108.0,0,outdoors,grass,84.0,4.0,00-0036264,00-0036971,Jordan Love,Trevor Lawrence,Matt LaFleur,Doug Pederson,Land Clark,JAX00,TIAA Bank Stadium,0
2024_08_ARI_MIA,2024,REG,8,2024-10-27,Sunday,13:00,ARI,28.0,MIA,27.0,Home,-1.0,55.0,0.0,2024102704,59620.0,,202410270mia,,401671850,6561.0,6,7,164.0,-198.0,4.0,-108.0,-112.0,46.5,-110.0,-110.0,0,outdoors,grass,82.0,14.0,00-0035228,00-0034177,Kyler Murray,Tim Boyle,Jonathan Gannon,Mike McDaniel,Clay Martin,MIA00,Hard Rock Stadium,0
2024_08_NYJ_NE,2024,REG,8,2024-10-27,Sunday,13:00,NYJ,22.0,NE,25.0,Home,3.0,47.0,0.0,2024102705,59621.0,,202410270nwe,,401671618,6562.0,7,7,-305.0,245.0,-7.0,-110.0,-110.0,41.0,-110.0,-110.0,1,outdoors,fieldturf,53.0,8.0,00-0023459,00-0039851,Aaron Rodgers,Drake Maye,Robert Saleh,Jerod Mayo,Craig Wrolstad,BOS00,Gillette Stadium,0
2024_08_ATL_TB,2024,REG,8,2024-10-27,Sunday,13:00,ATL,31.0,TB,26.0,Home,-5.0,57.0,0.0,2024102706,59622.0,,202410270tam,,401671739,6563.0,7,6,-122.0,102.0,-1.5,-110.0,-110.0,47.0,-108.0,-112.0,1,outdoors,grass,79.0,6.0,00-0029604,00-0034855,Kirk Cousins,Baker Mayfield,Raheem Morris,Todd Bowles,Shawn Hochuli,TAM00,Raymond James Stadium,0
2024_08_NO_LAC,2024,REG,8,2024-10-27,Sunday,16:05,NO,8.0,LAC,26.0,Home,18.0,34.0,0.0,2024102708,59624.0,,202410270sdg,,401671750,6565.0,10,6,250.0,-310.0,7.0,-110.0,-110.0,41.5,-108.0,-112.0,0,dome,matrixturf,,,00-0039376,00-0036355,Spencer Rattler,Justin Herbert,Dennis Allen,Jim Harbaugh,Alan Eck,LAX01,SoFi Stadium,1
2024_08_BUF_SEA,2024,REG,8,2024-10-27,Sunday,16:05,BUF,31.0,SEA,10.0,Home,-21.0,41.0,0.0,2024102709,59625.0,,202410270sea,,401671760,6566.0,7,7,-170.0,142.0,-3.0,-120.0,100.0,45.5,-105.0,-115.0,0,outdoors,fieldturf,55.0,14.0,00-0034857,00-0030565,Josh Allen,Geno Smith,Sean McDermott,Mike Macdonald,Ron Torbert,SEA00,Lumen Field,0
2024_08_CAR_DEN,2024,REG,8,2024-10-27,Sunday,16:25,CAR,14.0,DEN,28.0,Home,14.0,42.0,0.0,2024102711,59627.0,,202410270den,,401671600,6568.0,7,10,525.0,-750.0,13.0,-110.0,-110.0,40.5,-112.0,-108.0,0,outdoors,grass,76.0,4.0,00-0039150,00-0039732,Bryce Young,Bo Nix,Dave Canales,Sean Payton,Alex Kemp,DEN00,Empower Field at Mile High,0
2024_08_KC_LV,2024,REG,8,2024-10-27,Sunday,16:25,KC,27.0,LV,20.0,Home,-7.0,47.0,0.0,2024102712,59628.0,,202410270rai,,401671671,6569.0,7,7,-440.0,340.0,-9.0,-112.0,-108.0,42.0,-108.0,-112.0,1,dome,grass,,,00-0033873,00-0038579,Patrick Mahomes,Aidan O'Connell,Andy Reid,Antonio Pierce,Adrian Hill,VEG00,Allegiant Stadium,1
2024_08_CHI_WAS,2024,REG,8,2024-10-27,Sunday,16:25,CHI,15.0,WAS,18.0,Home,3.0,33.0,0.0,2024102707,59623.0,,202410270was,,401671599,6564.0,14,7,102.0,-122.0,1.5,-110.0,-110.0,46.5,-108.0,-112.0,0,outdoors,grass,58.0,2.0,00-0039918,00-0039910,Caleb Williams,Jayden Daniels,Matt Eberflus,Dan Quinn,Clete Blakeman,WAS00,FedExField,0
2024_08_DAL_SF,2024,REG,8,2024-10-27,Sunday,20:20,DAL,24.0,SF,30.0,Home,6.0,54.0,0.0,2024102713,59629.0,,202410270sfo,,401671795,6570.0,14,7,195.0,-238.0,5.5,-105.0,-115.0,48.0,-110.0,-110.0,0,outdoors,grass,69.0,9.0,00-0033077,00-0037834,Dak Prescott,Brock Purdy,Mike McCarthy,Kyle Shanahan,Bill Vinovich,SFO01,Levi's Stadium,0
2024_08_NYG_PIT,2024,REG,8,2024-10-28,Monday,20:15,NYG,18.0,PIT,26.0,Home,8.0,44.0,0.0,2024102800,59630.0,,202410280pit,,401671685,6571.0,8,8,220.0,-270.0,6.0,-105.0,-115.0,37.5,-110.0,-110.0,0,outdoors,grass,54.0,7.0,00-0035710,00-0029263,Daniel Jones,Russell Wilson,Brian Daboll,Mike Tomlin,Scott Novak,PIT00,Acrisure Stadium,0
2024_09_HOU_NYJ,2024,REG,9,2024-10-31,Thursday,20:15,HOU,13.0,NYJ,21.0,Home,8.0,34.0,0.0,2024103100,59631.0,,202410310nyj,,401671809,6572.0,4,4,124.0,-148.0,2.5,100.0,-120.0,43.5,-105.0,-115.0,0,outdoors,fieldturf,71.0,8.0,00-0039163,00-0023459,C.J. Stroud,Aaron Rodgers,DeMeco Ryans,Robert Saleh,Shawn Hochuli,NYC01,MetLife Stadium,0
2024_09_DAL_ATL,2024,REG,9,2024-11-03,Sunday,13:00,DAL,21.0,ATL,27.0,Home,6.0,48.0,0.0,2024110300,59632.0,,202411030atl,,401671728,6573.0,7,7,140.0,-166.0,3.0,-105.0,-115.0,52.0,-112.0,-108.0,0,closed,fieldturf,,,00-0033077,00-0029604,Dak Prescott,Kirk Cousins,Mike McCarthy,Raheem Morris,Scott Novak,ATL97,Mercedes-Benz Stadium,1
2024_09_DEN_BAL,2024,REG,9,2024-11-03,Sunday,13:00,DEN,10.0,BAL,41.0,Home,31.0,51.0,0.0,2024110301,59633.0,,202411030rav,,401671623,6574.0,7,7,330.0,-440.0,9.0,-115.0,-105.0,46.5,-110.0,-110.0,0,outdoors,grass,57.0,3.0,00-0039732,00-0034796,Bo Nix,Lamar Jackson,Sean Payton,John Harbaugh,Adrian Hill,BAL00,M&T Bank Stadium,0
2024_09_MIA_BUF,2024,REG,9,2024-11-03,Sunday,13:00,MIA,27.0,BUF,30.0,Home,3.0,57.0,0.0,2024110302,59634.0,,202411030buf,,401671493,6575.0,7,7,230.0,-285.0,6.5,-110.0,-110.0,49.0,-108.0,-112.0,1,outdoors,a_turf,54.0,9.0,00-0036212,00-0034857,Tua Tagovailoa,Josh Allen,Mike McDaniel,Sean McDermott,Tra Blake,BUF00,New Era Field,0
2024_09_NO_CAR,2024,REG,9,2024-11-03,Sunday,13:00,NO,22.0,CAR,23.0,Home,1.0,45.0,0.0,2024110303,59635.0,,202411030car,,401671650,6576.0,7,7,-345.0,275.0,-7.0,-118.0,-102.0,43.5,-108.0,-112.0,1,outdoors,grass,66.0,7.0,00-0031280,00-0039150,Derek Carr,Bryce Young,Dennis Allen,Dave Canales,Ron Torbert,CAR00,Bank of America Stadium,0
2024_09_LV_CIN,2024,REG,9,2024-11-03,Sunday,13:00,LV,24.0,CIN,41.0,Home,17.0,65.0,0.0,2024110304,59636.0,,202411030cin,,401671704,6577.0,7,7,320.0,-410.0,8.0,-110.0,-110.0,45.0,-108.0,-112.0,0,outdoors,fieldturf,67.0,7.0,00-0035289,00-0036442,Gardner Minshew,Joe Burrow,Antonio Pierce,Zac Taylor,Brad Rogers,CIN00,Paycor Stadium,0
2024_09_LAC_CLE,2024,REG,9,2024-11-03,Sunday,13:00,LAC,27.0,CLE,10.0,Home,-17.0,37.0,0.0,2024110305,59637.0,,202411030cle,,401671629,6578.0,7,7,-130.0,110.0,-2.0,-110.0,-110.0,42.5,-108.0,-112.0,0,outdoors,grass,57.0,10.0,00-0036355,00-0031503,Justin Herbert,Jameis Winston,Jim Harbaugh,Kevin Stefanski,Bill Vinovich,CLE00,FirstEnergy Stadium,0
2024_09_WAS_NYG,2024,REG,9,2024-11-03,Sunday,13:00,WAS,27.0,NYG,22.0,Home,-5.0,49.0,0.0,2024110307,59639.0,,202411030nyg,,401671711,6580.0,7,6,-218.0,180.0,-4.5,-108.0,-112.0,44.5,-110.0,-110.0,1,outdoors,fieldturf,52.0,6.0,00-0032268,00-0035710,Marcus Mariota,Daniel Jones,Dan Quinn,Brian Daboll,Brad Allen,NYC01,MetLife Stadium,0
2024_09_NE_TEN,2024,REG,9,2024-11-03,Sunday,13:00,NE,17.0,TEN,20.0,Home,3.0,37.0,1.0,2024110308,59640.0,,202411030oti,,401671822,6581.0,7,7,136.0,-162.0,3.0,-105.0,-115.0,38.5,-110.0,-110.0,0,outdoors,grass,75.0,10.0,00-0039851,00-0034771,Drake Maye,Mason Rudolph,Jerod Mayo,Brian Callahan,Alex Kemp,NAS00,Nissan Stadium,0
2024_09_CHI_ARI,2024,REG,9,2024-11-03,Sunday,16:05,CHI,9.0,ARI,29.0,Home,20.0,38.0,0.0,2024110309,59641.0,,202411030crd,,401671661,6582.0,7,7,100.0,-120.0,1.5,-110.0,-110.0,44.5,-110.0,-110.0,0,closed,grass,,,00-0039918,00-0035228,Caleb Williams,Kyler Murray,Matt Eberflus,Jonathan Gannon,Carl Cheffers,PHO00,State Farm Stadium,1
2024_09_JAX_PHI,2024,REG,9,2024-11-03,Sunday,16:05,JAX,23.0,PHI,28.0,Home,5.0,51.0,0.0,2024110312,59644.0,,202411030phi,,401671797,6585.0,7,7,270.0,-340.0,7.5,-112.0,-108.0,46.0,-110.0,-110.0,0,outdoors,grass,57.0,6.0,00-0036971,00-0036389,Trevor Lawrence,Jalen Hurts,Doug Pederson,Nick Sirianni,Alan Eck,PHI00,Lincoln Financial Field,0
2024_09_DET_GB,2024,REG,9,2024-11-03,Sunday,16:25,DET,24.0,GB,14.0,Home,-10.0,38.0,0.0,2024110310,59642.0,,202411030gnb,,401671767,6583.0,7,7,-155.0,130.0,-2.5,-120.0,100.0,47.5,-108.0,-112.0,1,outdoors,grass,50.0,15.0,00-0033106,00-0036264,Jared Goff,Jordan Love,Dan Campbell,Matt LaFleur,Clete Blakeman,GNB00,Lambeau Field,0
2024_09_LA_SEA,2024,REG,9,2024-11-03,Sunday,16:25,LA,26.0,SEA,20.0,Home,-6.0,46.0,1.0,2024110311,59643.0,,202411030sea,,401671776,6584.0,10,7,-125.0,105.0,-1.5,-112.0,-108.0,48.5,-110.0,-110.0,1,outdoors,fieldturf,52.0,4.0,00-0026498,00-0030565,Matthew Stafford,Geno Smith,Sean McVay,Mike Macdonald,Clay Martin,SEA00,Lumen Field,0
2024_09_IND_MIN,2024,REG,9,2024-11-03,Sunday,20:20,IND,13.0,MIN,21.0,Home,8.0,34.0,0.0,2024110306,59638.0,,202411030min,,401671647,6579.0,7,10,240.0,-298.0,6.5,-110.0,-110.0,47.0,-110.0,-110.0,0,dome,sportturf,,,00-0026158,00-0034869,Joe Flacco,Sam Darnold,Shane Steichen,Kevin O'Connell,Shawn Smith,MIN01,U.S. Bank Stadium,1
2024_09_TB_KC,2024,REG,9,2024-11-04,Monday,20:15,TB,24.0,KC,30.0,Home,6.0,54.0,1.0,2024110400,59645.0,,202411040kan,,401671688,6586.0,8,8,330.0,-425.0,9.0,-110.0,-110.0,45.5,-108.0,-112.0,0,outdoors,grass,63.0,6.0,00-0034855,00-0033873,Baker Mayfield,Patrick Mahomes,Todd Bowles,Andy Reid,John Hussey,KAN00,GEHA Field at Arrowhead Stadium,0
2024_10_CIN_BAL,2024,REG,10,2024-11-07,Thursday,20:15,CIN,34.0,BAL,35.0,Home,1.0,69.0,0.0,2024110700,59646.0,,202411070rav,,401671810,6587.0,4,4,220.0,-270.0,6.0,-108.0,-112.0,53.0,-108.0,-112.0,1,outdoors,grass,69.0,6.0,00-0036442,00-0034796,Joe Burrow,Lamar Jackson,Zac Taylor,John Harbaugh,Clete Blakeman,BAL00,M&T Bank Stadium,0
2024_10_NYG_CAR,2024,REG,10,2024-11-10,Sunday,09:30,NYG,17.0,CAR,20.0,Neutral,3.0,37.0,1.0,2024111000,59647.0,,202411100car,,401671803,6588.0,7,7,-298.0,240.0,-6.5,-118.0,-102.0,40.5,-115.0,-105.0,0,outdoors,,,,00-0035710,00-0027973,Daniel Jones,Andy Dalton,Brian Daboll,Dave Canales,Shawn Hochuli,GER00,Allianz Arena,0
2024_10_NE_CHI,2024,REG,10,2024-11-10,Sunday,13:00,NE,19.0,CHI,3.0,Home,-16.0,22.0,0.0,2024111001,59648.0,,202411100chi,,401671873,6589.0,7,7,260.0,-325.0,6.5,-110.0,-110.0,37.5,-112.0,-108.0,0,outdoors,grass,60.0,6.0,00-0039851,00-0039918,Drake Maye,Caleb Williams,Jerod Mayo,Matt Eberflus,Land Clark,CHI98,Soldier Field,0
2024_10_BUF_IND,2024,REG,10,2024-11-10,Sunday,13:00,BUF,30.0,IND,20.0,Home,-10.0,50.0,0.0,2024111002,59649.0,,202411100clt,,401671863,6590.0,7,7,-230.0,190.0,-4.5,-115.0,-105.0,46.5,-108.0,-112.0,0,closed,fieldturf,,,00-0034857,00-0026158,Josh Allen,Joe Flacco,Sean McDermott,Shane Steichen,Scott Novak,IND00,Lucas Oil Stadium,1
2024_10_MIN_JAX,2024,REG,10,2024-11-10,Sunday,13:00,MIN,12.0,JAX,7.0,Home,-5.0,19.0,0.0,2024111003,59650.0,,202411100jax,,401671708,6591.0,7,7,-345.0,280.0,-7.0,-120.0,100.0,42.5,-108.0,-112.0,0,outdoors,grass,79.0,7.0,00-0034869,00-0036972,Sam Darnold,Mac Jones,Kevin O'Connell,Doug Pederson,Adrian Hill,JAX00,TIAA Bank Stadium,0
2024_10_DEN_KC,2024,REG,10,2024-11-10,Sunday,13:00,DEN,14.0,KC,16.0,Home,2.0,30.0,0.0,2024111004,59651.0,,202411100kan,,401671637,6592.0,7,6,300.0,-380.0,7.5,-115.0,-105.0,42.5,-110.0,-110.0,1,outdoors,grass,57.0,12.0,00-0039732,00-0033873,Bo Nix,Patrick Mahomes,Sean Payton,Andy Reid,Brad Allen,KAN00,GEHA Field at Arrowhead Stadium,0
2024_10_ATL_NO,2024,REG,10,2024-11-10,Sunday,13:00,ATL,17.0,NO,20.0,Home,3.0,37.0,0.0,2024111005,59652.0,,202411100nor,,401671733,6593.0,7,7,-192.0,160.0,-3.5,-112.0,-108.0,46.5,-112.0,-108.0,1,dome,sportturf,,,00-0029604,00-0031280,Kirk Cousins,Derek Carr,Raheem Morris,Dennis Allen,Carl Cheffers,NOR00,Mercedes-Benz Superdome,1
2024_10_SF_TB,2024,REG,10,2024-11-10,Sunday,13:00,SF,23.0,TB,20.0,Home,-3.0,43.0,0.0,2024111006,59653.0,,202411100tam,,401671742,6594.0,14,6,-298.0,240.0,-6.5,-118.0,-102.0,50.5,-112.0,-108.0,0,outdoors,grass,85.0,9.0,00-0037834,00-0034855,Brock Purdy,Baker Mayfield,Kyle Shanahan,Todd Bowles,Shawn Smith,TAM00,Raymond James Stadium,0
2024_10_PIT_WAS,2024,REG,10,2024-11-10,Sunday,13:00,PIT,28.0,WAS,27.0,Home,-1.0,55.0,0.0,2024111007,59654.0,,202411100was,,401671641,6595.0,13,7,102.0,-122.0,1.5,-110.0,-110.0,45.0,-108.0,-112.0,0,outdoors,grass,57.0,9.0,00-0029263,00-0032268,Russell Wilson,Marcus Mariota,Mike Tomlin,Dan Quinn,Brad Rogers,WAS00,FedExField,0
2024_10_TEN_LAC,2024,REG,10,2024-11-10,Sunday,16:05,TEN,17.0,LAC,27.0,Home,10.0,44.0,0.0,2024111008,59655.0,,202411100sdg,,401671751,6596.0,7,7,300.0,-380.0,8.0,-108.0,-112.0,40.0,-110.0,-110.0,0,dome,matrixturf,,,00-0034771,00-0036355,Mason Rudolph,Justin Herbert,Brian Callahan,Jim Harbaugh,Craig Wrolstad,LAX01,SoFi Stadium,1
2024_10_NYJ_ARI,2024,REG,10,2024-11-10,Sunday,16:25,NYJ,6.0,ARI,31.0,Home,25.0,37.0,0.0,2024111009,59656.0,,202411100crd,,401671678,6597.0,10,7,-130.0,110.0,-2.0,-110.0,-110.0,45.5,-108.0,-112.0,0,closed,grass,,,00-0023459,00-0035228,Aaron Rodgers,Kyler Murray,Robert Saleh,Jonathan Gannon,John Hussey,PHO00,State Farm Stadium,1
2024_10_PHI_DAL,2024,REG,10,2024-11-10,Sunday,16:25,PHI,34.0,DAL,6.0,Home,-28.0,40.0,0.0,2024111010,59657.0,,202411100dal,,401671676,6598.0,7,7,-360.0,285.0,-7.5,-108.0,-112.0,44.5,-110.0,-110.0,1,closed,matrixturf,,,00-0036389,00-0033662,Jalen Hurts,Cooper Rush,Nick Sirianni,Mike McCarthy,Alex Kemp,DAL00,AT&T Stadium,1
2024_10_DET_HOU,2024,REG,10,2024-11-10,Sunday,20:20,DET,26.0,HOU,23.0,Home,-3.0,49.0,0.0,2024111011,59658.0,,202411100htx,,401671787,6599.0,7,10,-230.0,190.0,-4.5,-110.0,-110.0,49.0,-110.0,-112.0,0,closed,astroturf,,,00-0033106,00-0039163,Jared Goff,C.J. Stroud,Dan Campbell,DeMeco Ryans,Bill Vinovich,HOU00,NRG Stadium,1
2024_10_MIA_LA,2024,REG,10,2024-11-11,Monday,20:15,MIA,23.0,LA,15.0,Home,-8.0,38.0,0.0,2024111100,59659.0,,202411110ram,,401671693,6600.0,8,8,120.0,-142.0,2.5,-102.0,-118.0,49.5,-108.0,-112.0,0,dome,matrixturf,,,00-0036212,00-0026498,Tua Tagovailoa,Matthew Stafford,Mike McDaniel,Sean McVay,Ron Torbert,LAX01,SoFi Stadium,1
2024_11_WAS_PHI,2024,REG,11,2024-11-14,Thursday,20:15,WAS,18.0,PHI,26.0,Home,8.0,44.0,0.0,2024111400,59660.0,,202411140phi,,401671813,6601.0,4,4,190.0,-230.0,4.5,-110.0,-110.0,49.5,-110.0,-110.0,1,outdoors,grass,46.0,9.0,00-0032268,00-0036389,Marcus Mariota,Jalen Hurts,Dan Quinn,Nick Sirianni,Adrian Hill,PHI00,Lincoln Financial Field,0
2024_11_GB_CHI,2024,REG,11,2024-11-17,Sunday,13:00,GB,20.0,CHI,19.0,Home,-1.0,39.0,0.0,2024111700,59661.0,,202411170chi,,401671869,6602.0,14,7,-265.0,215.0,-6.0,-115.0,-105.0,41.0,-108.0,-112.0,1,outdoors,grass,54.0,5.0,00-0036264,00-0039918,Jordan Love,Caleb Williams,Matt LaFleur,Matt Eberflus,Bill Vinovich,CHI98,Soldier Field,0
2024_11_JAX_DET,2024,REG,11,2024-11-17,Sunday,13:00,JAX,6.0,DET,52.0,Home,46.0,58.0,0.0,2024111701,59662.0,,202411170det,,401671642,6603.0,7,7,650.0,-1000.0,14.0,-105.0,-115.0,47.5,-110.0,-110.0,0,dome,fieldturf,,,00-0036972,00-0033106,Mac Jones,Jared Goff,Doug Pederson,Dan Campbell,Scott Novak,DET00,Ford Field,1
2024_11_LV_MIA,2024,REG,11,2024-11-17,Sunday,13:00,LV,19.0,MIA,34.0,Home,15.0,53.0,0.0,2024111702,59663.0,,202411170mia,,401671851,6604.0,14,6,330.0,-425.0,8.0,-105.0,-115.0,43.5,-112.0,-108.0,0,outdoors,grass,80.0,16.0,00-0035289,00-0036212,Gardner Minshew,Tua Tagovailoa,Antonio Pierce,Mike McDaniel,John Hussey,MIA00,Hard Rock Stadium,0
2024_11_LA_NE,2024,REG,11,2024-11-17,Sunday,13:00,LA,28.0,NE,22.0,Home,-6.0,50.0,0.0,2024111703,59664.0,,202411170nwe,,401671701,6605.0,6,7,-198.0,164.0,-4.0,-108.0,-112.0,42.5,-112.0,-108.0,0,outdoors,fieldturf,59.0,9.0,00-0026498,00-0039851,Matthew Stafford,Drake Maye,Sean McVay,Jerod Mayo,Shawn Smith,BOS00,Gillette Stadium,0
2024_11_CLE_NO,2024,REG,11,2024-11-17,Sunday,13:00,CLE,14.0,NO,35.0,Home,21.0,49.0,0.0,2024111704,59665.0,,202411170nor,,401671746,6606.0,14,7,-115.0,-105.0,-1.0,-110.0,-110.0,44.0,-110.0,-110.0,0,dome,sportturf,,,00-0031503,00-0031280,Jameis Winston,Derek Carr,Kevin Stefanski,Dennis Allen,Alex Kemp,NOR00,Mercedes-Benz Superdome,1
2024_11_IND_NYJ,2024,REG,11,2024-11-17,Sunday,13:00,IND,28.0,NYJ,27.0,Home,-1.0,55.0,0.0,2024111711,59672.0,,202411170nyj,,401671782,6613.0,7,7,170.0,-205.0,4.0,-110.0,-110.0,43.0,-110.0,-110.0,0,outdoors,fieldturf,62.0,4.0,00-0026158,00-0023459,Joe Flacco,Aaron Rodgers,Shane Steichen,Robert Saleh,Tra Blake,NYC01,MetLife Stadium,0
2024_11_BAL_PIT,2024,REG,11,2024-11-17,Sunday,13:00,BAL,16.0,PIT,18.0,Home,2.0,34.0,0.0,2024111705,59666.0,,202411170pit,,401671630,6607.0,10,7,-175.0,145.0,-3.0,-120.0,100.0,48.0,-108.0,-112.0,1,outdoors,grass,52.0,5.0,00-0034796,00-0029263,Lamar Jackson,Russell Wilson,John Harbaugh,Mike Tomlin,Clay Martin,PIT00,Acrisure Stadium,0
2024_11_MIN_TEN,2024,REG,11,2024-11-17,Sunday,13:00,MIN,23.0,TEN,13.0,Home,-10.0,36.0,0.0,2024111706,59667.0,,202411170oti,,401671824,6608.0,7,7,-290.0,235.0,-6.0,-118.0,-102.0,40.0,-110.0,-110.0,0,outdoors,grass,66.0,7.0,00-0034869,00-0034771,Sam Darnold,Mason Rudolph,Kevin O'Connell,Brian Callahan,Clete Blakeman,NAS00,Nissan Stadium,0
2024_11_ATL_DEN,2024,REG,11,2024-11-17,Sunday,16:05,ATL,6.0,DEN,38.0,Home,32.0,44.0,0.0,2024111707,59668.0,,202411170den,,401671748,6609.0,7,7,114.0,-135.0,2.0,-108.0,-112.0,44.5,-112.0,-108.0,0,outdoors,grass,55.0,9.0,00-0029604,00-0039732,Kirk Cousins,Bo Nix,Raheem Morris,Sean Payton,Alan Eck,DEN00,Empower Field at Mile High,0
2024_11_SEA_SF,2024,REG,11,2024-11-17,Sunday,16:05,SEA,20.0,SF,17.0,Home,-3.0,37.0,0.0,2024111708,59669.0,,202411170sfo,,401671757,6610.0,14,7,215.0,-265.0,6.0,-110.0,-110.0,49.0,-112.0,-108.0,1,outdoors,grass,59.0,4.0,00-0030565,00-0037834,Geno Smith,Brock Purdy,Mike Macdonald,Kyle Shanahan,Brad Rogers,SFO01,Levi's Stadium,0
2024_11_KC_BUF,2024,REG,11,2024-11-17,Sunday,16:25,KC,21.0,BUF,30.0,Home,9.0,51.0,0.0,2024111709,59670.0,,202411170buf,,401671665,6611.0,7,7,120.0,-142.0,2.5,-108.0,-112.0,46.5,-108.0,-112.0,0,outdoors,a_turf,50.0,3.0,00-0033873,00-0034857,Patrick Mahomes,Josh Allen,Andy Reid,Sean McDermott,Land Clark,BUF00,New Era Field,0
2024_11_CIN_LAC,2024,REG,11,2024-11-17,Sunday,20:20,CIN,27.0,LAC,34.0,Home,7.0,61.0,0.0,2024111710,59671.0,,202411170sdg,,401671675,6612.0,10,7,-110.0,-110.0,1.0,-118.0,-102.0,48.0,-105.0,-115.0,0,dome,matrixturf,,,00-0036442,00-0036355,Joe Burrow,Justin Herbert,Zac Taylor,Jim Harbaugh,Brad Allen,LAX01,SoFi Stadium,1
2024_11_HOU_DAL,2024,REG,11,2024-11-18,Monday,20:15,HOU,34.0,DAL,10.0,Home,-24.0,44.0,0.0,2024111800,59673.0,,202411180dal,,401671694,6614.0,8,8,-360.0,285.0,-7.5,100.0,-120.0,41.5,-105.0,-115.0,0,closed,matrixturf,,,00-0039163,00-0033662,C.J. Stroud,Cooper Rush,DeMeco Ryans,Mike McCarthy,Craig Wrolstad,DAL00,AT&T Stadium,1
2024_12_PIT_CLE,2024,REG,12,2024-11-21,Thursday,20:15,PIT,19.0,CLE,24.0,Home,5.0,43.0,0.0,2024112100,59674.0,,202411210cle,,401671875,6615.0,4,4,-205.0,170.0,-3.5,-115.0,-105.0,36.5,-108.0,-112.0,1,outdoors,grass,36.0,13.0,00-0029263,00-0031503,Russell Wilson,Jameis Winston,Mike Tomlin,Kevin Stefanski,Brad Allen,CLE00,FirstEnergy Stadium,0
2024_12_KC_CAR,2024,REG,12,2024-11-24,Sunday,13:00,KC,30.0,CAR,27.0,Home,-3.0,57.0,0.0,2024112400,59675.0,,202411240car,,401671651,6616.0,7,14,-700.0,500.0,-11.0,-112.0,-108.0,43.0,-110.0,-110.0,0,outdoors,grass,61.0,5.0,00-0033873,00-0027973,Patrick Mahomes,Andy Dalton,Andy Reid,Dave Canales,Shawn Smith,CAR00,Bank of America Stadium,0
2024_12_MIN_CHI,2024,REG,12,2024-11-24,Sunday,13:00,MIN,30.0,CHI,27.0,Home,-3.0,57.0,1.0,2024112401,59676.0,,202411240chi,,401671870,6617.0,7,7,-175.0,145.0,-3.0,-120.0,100.0,39.5,-108.0,-112.0,1,outdoors,grass,47.0,5.0,00-0034869,00-0039918,Sam Darnold,Caleb Williams,Kevin O'Connell,Matt Eberflus,Clay Martin,CHI98,Soldier Field,0
2024_12_TEN_HOU,2024,REG,12,2024-11-24,Sunday,13:00,TEN,32.0,HOU,27.0,Home,-5.0,59.0,0.0,2024112402,59677.0,,202411240htx,,401671858,6618.0,7,6,295.0,-375.0,8.0,-112.0,-108.0,40.5,-112.0,-108.0,1,closed,astroturf,,,00-0034771,00-0039163,Mason Rudolph,C.J. Stroud,Brian Callahan,DeMeco Ryans,Brad Rogers,HOU00,NRG Stadium,1
2024_12_DET_IND,2024,REG,12,2024-11-24,Sunday,13:00,DET,24.0,IND,6.0,Home,-18.0,30.0,0.0,2024112403,59678.0,,202411240clt,,401671866,6619.0,7,7,-375.0,295.0,-7.0,-122.0,102.0,50.5,-110.0,-110.0,0,closed,fieldturf,,,00-0033106,00-0026158,Jared Goff,Joe Flacco,Dan Campbell,Shane Steichen,Shawn Hochuli,IND00,Lucas Oil Stadium,1
2024_12_NE_MIA,2024,REG,12,2024-11-24,Sunday,13:00,NE,15.0,MIA,34.0,Home,19.0,49.0,0.0,2024112404,59679.0,,202411240mia,,401671847,6620.0,7,7,285.0,-360.0,7.5,-115.0,-105.0,46.0,-108.0,-112.0,1,outdoors,grass,77.0,6.0,00-0039851,00-0036212,Drake Maye,Tua Tagovailoa,Jerod Mayo,Mike McDaniel,Alan Eck,MIA00,Hard Rock Stadium,0
2024_12_TB_NYG,2024,REG,12,2024-11-24,Sunday,13:00,TB,30.0,NYG,7.0,Home,-23.0,37.0,0.0,2024112405,59680.0,,202411240nyg,,401671638,6621.0,14,14,-298.0,240.0,-6.5,-108.0,-112.0,40.5,-110.0,-110.0,0,outdoors,fieldturf,50.0,13.0,00-0034855,00-0038476,Baker Mayfield,Tommy DeVito,Todd Bowles,Brian Daboll,Adrian Hill,NYC01,MetLife Stadium,0
2024_12_DAL_WAS,2024,REG,12,2024-11-24,Sunday,13:00,DAL,34.0,WAS,26.0,Home,-8.0,60.0,0.0,2024112406,59681.0,,202411240was,,401671715,6622.0,6,10,455.0,-625.0,10.5,-112.0,-108.0,45.0,-110.0,-110.0,1,outdoors,grass,55.0,5.0,00-0033662,00-0032268,Cooper Rush,Marcus Mariota,Mike McCarthy,Dan Quinn,Tra Blake,WAS00,FedExField,0
2024_12_DEN_LV,2024,REG,12,2024-11-24,Sunday,16:05,DEN,29.0,LV,19.0,Home,-10.0,48.0,0.0,2024112407,59682.0,,202411240rai,,401671656,6623.0,7,7,-278.0,225.0,-6.5,-105.0,-115.0,41.5,-108.0,-112.0,1,dome,grass,,,00-0039732,00-0035289,Bo Nix,Gardner Minshew,Sean Payton,Antonio Pierce,Ron Torbert,VEG00,Allegiant Stadium,1
2024_12_SF_GB,2024,REG,12,2024-11-24,Sunday,16:25,SF,10.0,GB,38.0,Home,28.0,48.0,0.0,2024112408,59683.0,,202411240gnb,,401671768,6624.0,7,7,235.0,-290.0,6.5,-112.0,-108.0,44.5,-108.0,-112.0,0,outdoors,grass,43.0,11.0,00-0032434,00-0036264,Brandon Allen,Jordan Love,Kyle Shanahan,Matt LaFleur,Craig Wrolstad,GNB00,Lambeau Field,0
2024_12_ARI_SEA,2024,REG,12,2024-11-24,Sunday,16:25,ARI,6.0,SEA,16.0,Home,10.0,22.0,0.0,2024112409,59684.0,,202411240sea,,401671775,6625.0,14,7,-115.0,-105.0,-1.0,-110.0,-110.0,46.5,-108.0,-112.0,1,outdoors,fieldturf,45.0,5.0,00-0035228,00-0030565,Kyler Murray,Geno Smith,Jonathan Gannon,Mike Macdonald,Scott Novak,SEA00,Lumen Field,0
2024_12_PHI_LA,2024,REG,12,2024-11-24,Sunday,20:20,PHI,37.0,LA,20.0,Home,-17.0,57.0,0.0,2024112410,59685.0,,202411240ram,,401671794,6626.0,10,7,-170.0,142.0,-3.0,-112.0,-108.0,49.0,-108.0,-112.0,0,dome,matrixturf,,,00-0036389,00-0026498,Jalen Hurts,Matthew Stafford,Nick Sirianni,Sean McVay,Land Clark,LAX01,SoFi Stadium,1
2024_12_BAL_LAC,2024,REG,12,2024-11-25,Monday,20:15,BAL,30.0,LAC,23.0,Home,-7.0,53.0,0.0,2024112500,59686.0,,202411250sdg,,401671689,6627.0,8,8,-166.0,140.0,-3.0,-110.0,-110.0,51.0,-112.0,-108.0,0,dome,matrixturf,,,00-0034796,00-0036355,Lamar Jackson,Justin Herbert,John Harbaugh,Jim Harbaugh,Craig Wrolstad,LAX01,SoFi Stadium,1
2024_13_CHI_DET,2024,REG,13,2024-11-28,Thursday,12:30,CHI,20.0,DET,23.0,Home,3.0,43.0,0.0,2024112800,59687.0,,202411280det,,401671492,6628.0,4,4,390.0,-520.0,9.5,-102.0,-118.0,47.5,100.0,-120.0,1,dome,fieldturf,,,00-0039918,00-0033106,Caleb Williams,Jared Goff,Matt Eberflus,Dan Campbell,Alan Eck,DET00,Ford Field,1
2024_13_NYG_DAL,2024,REG,13,2024-11-28,Thursday,16:30,NYG,20.0,DAL,27.0,Home,7.0,47.0,0.0,2024112801,59688.0,,202411280dal,,401671779,6629.0,4,4,185.0,-218.0,4.5,-110.0,-110.0,39.0,-110.0,-110.0,1,closed,matrixturf,,,00-0035704,00-0033662,Drew Lock,Cooper Rush,Brian Daboll,Mike McCarthy,Brad Rogers,DAL00,AT&T Stadium,1
2024_13_MIA_GB,2024,REG,13,2024-11-28,Thursday,20:20,MIA,17.0,GB,30.0,Home,13.0,47.0,0.0,2024112802,59689.0,,202411280gnb,,401671798,6630.0,4,4,145.0,-175.0,3.5,-115.0,-105.0,47.5,-110.0,-110.0,0,outdoors,grass,27.0,10.0,00-0036212,00-0036264,Tua Tagovailoa,Jordan Love,Mike McDaniel,Matt LaFleur,Shawn Smith,GNB00,Lambeau Field,0
2024_13_LV_KC,2024,REG,13,2024-11-29,Friday,15:00,LV,17.0,KC,19.0,Home,2.0,36.0,0.0,2024112900,59690.0,,202411290kan,,401671806,6631.0,5,5,550.0,-800.0,13.5,-108.0,-112.0,42.0,-108.0,-112.0,1,outdoors,grass,37.0,5.0,00-0035289,00-0033873,Gardner Minshew,Patrick Mahomes,Antonio Pierce,Andy Reid,Clay Martin,KAN00,GEHA Field at Arrowhead Stadium,0
2024_13_LAC_ATL,2024,REG,13,2024-12-01,Sunday,13:00,LAC,17.0,ATL,13.0,Home,-4.0,30.0,0.0,2024120100,59691.0,,202412010atl,,401671649,6632.0,6,14,-118.0,-102.0,-1.0,-108.0,-112.0,47.0,-110.0,-110.0,0,closed,fieldturf,,,00-0036355,00-0029604,Justin Herbert,Kirk Cousins,Jim Harbaugh,Raheem Morris,Clete Blakeman,ATL97,Mercedes-Benz Stadium,1
2024_13_PIT_CIN,2024,REG,13,2024-12-01,Sunday,13:00,PIT,44.0,CIN,38.0,Home,-6.0,82.0,0.0,2024120101,59692.0,,202412010cin,,401671627,6633.0,10,14,130.0,-155.0,3.0,-110.0,-110.0,46.0,-108.0,-112.0,1,outdoors,fieldturf,32.0,9.0,00-0029263,00-0036442,Russell Wilson,Joe Burrow,Mike Tomlin,Zac Taylor,Shawn Hochuli,CIN00,Paycor Stadium,0
2024_13_HOU_JAX,2024,REG,13,2024-12-01,Sunday,13:00,HOU,23.0,JAX,20.0,Home,-3.0,43.0,0.0,2024120102,59693.0,,202412010jax,,401671705,6634.0,7,14,-192.0,160.0,-3.5,-110.0,-110.0,44.5,-108.0,-112.0,1,outdoors,grass,,,00-0039163,00-0036971,C.J. Stroud,Trevor Lawrence,DeMeco Ryans,Doug Pederson,Land Clark,JAX00,TIAA Bank Stadium,0
2024_13_ARI_MIN,2024,REG,13,2024-12-01,Sunday,13:00,ARI,22.0,MIN,23.0,Home,1.0,45.0,0.0,2024120103,59694.0,,202412010min,,401671726,6635.0,7,7,154.0,-185.0,3.5,-110.0,-110.0,45.5,-112.0,-108.0,0,dome,sportturf,,,00-0035228,00-0034869,Kyler Murray,Sam Darnold,Jonathan Gannon,Kevin O'Connell,Bill Vinovich,MIN01,U.S. Bank Stadium,1
2024_13_IND_NE,2024,REG,13,2024-12-01,Sunday,13:00,IND,25.0,NE,24.0,Home,-1.0,49.0,0.0,2024120104,59695.0,,202412010nwe,,401671620,6636.0,7,7,-135.0,114.0,-2.5,-115.0,-105.0,41.5,-110.0,-110.0,0,outdoors,fieldturf,36.0,9.0,00-0026158,00-0039851,Joe Flacco,Drake Maye,Shane Steichen,Jerod Mayo,Adrian Hill,BOS00,Gillette Stadium,0
2024_13_SEA_NYJ,2024,REG,13,2024-12-01,Sunday,13:00,SEA,26.0,NYJ,21.0,Home,-5.0,47.0,0.0,2024120105,59696.0,,202412010nyj,,401671703,6637.0,7,14,-105.0,-115.0,1.0,-110.0,-110.0,41.5,-110.0,-110.0,0,outdoors,fieldturf,37.0,12.0,00-0030565,00-0023459,Geno Smith,Aaron Rodgers,Mike Macdonald,Robert Saleh,Carl Cheffers,NYC01,MetLife Stadium,0
2024_13_TEN_WAS,2024,REG,13,2024-12-01,Sunday,13:00,TEN,19.0,WAS,42.0,Home,23.0,61.0,0.0,2024120106,59697.0,,202412010was,,401671743,6638.0,7,7,205.0,-250.0,6.0,-112.0,-108.0,45.0,-108.0,-112.0,0,outdoors,grass,42.0,6.0,00-0034771,00-0032268,Mason Rudolph,Marcus Mariota,Brian Callahan,Dan Quinn,Ron Torbert,WAS00,FedExField,0
2024_13_TB_CAR,2024,REG,13,2024-12-01,Sunday,16:05,TB,26.0,CAR,23.0,Home,-3.0,49.0,1.0,2024120107,59698.0,,202412010car,,401671752,6639.0,7,7,-290.0,235.0,-6.5,-115.0,-105.0,46.0,-110.0,-110.0,1,outdoors,grass,51.0,7.0,00-0034855,00-0027973,Baker Mayfield,Andy Dalton,Todd Bowles,Dave Canales,Tra Blake,CAR00,Bank of America Stadium,0
2024_13_LA_NO,2024,REG,13,2024-12-01,Sunday,16:05,LA,21.0,NO,14.0,Home,-7.0,35.0,0.0,2024120108,59699.0,,202412010nor,,401671753,6640.0,7,14,-142.0,120.0,-2.5,-115.0,-105.0,48.5,-108.0,-112.0,0,dome,sportturf,,,00-0026498,00-0031280,Matthew Stafford,Derek Carr,Sean McVay,Dennis Allen,Brad Allen,NOR00,Mercedes-Benz Superdome,1
2024_13_PHI_BAL,2024,REG,13,2024-12-01,Sunday,16:25,PHI,24.0,BAL,19.0,Home,-5.0,43.0,0.0,2024120109,59700.0,,202412010rav,,401671666,6641.0,7,6,136.0,-162.0,3.0,-110.0,-110.0,50.0,-110.0,-110.0,0,outdoors,grass,41.0,7.0,00-0036389,00-0034796,Jalen Hurts,Lamar Jackson,Nick Sirianni,John Harbaugh,Craig Wrolstad,BAL00,M&T Bank Stadium,0
2024_13_SF_BUF,2024,REG,13,2024-12-01,Sunday,20:20,SF,10.0,BUF,35.0,Home,25.0,45.0,0.0,2024120110,59701.0,,202412010buf,,401671781,6642.0,7,14,270.0,-340.0,6.5,-102.0,-118.0,45.0,-110.0,-110.0,0,outdoors,a_turf,28.0,11.0,00-0037834,00-0034857,Brock Purdy,Josh Allen,Kyle Shanahan,Sean McDermott,Alex Kemp,BUF00,New Era Field,0
2024_13_CLE_DEN,2024,REG,13,2024-12-02,Monday,20:15,CLE,32.0,DEN,41.0,Home,9.0,73.0,0.0,2024120200,59702.0,,202412020den,,401671686,6643.0,11,8,235.0,-290.0,6.5,-108.0,-112.0,41.5,-110.0,-110.0,0,outdoors,grass,48.0,4.0,00-0031503,00-0039732,Jameis Winston,Bo Nix,Kevin Stefanski,Sean Payton,John Hussey,DEN00,Empower Field at Mile High,0
2024_14_GB_DET,2024,REG,14,2024-12-05,Thursday,20:15,GB,31.0,DET,34.0,Home,3.0,65.0,0.0,2024120500,59703.0,,202412050det,,401671814,6644.0,7,7,142.0,-170.0,3.0,100.0,-120.0,53.0,-110.0,-110.0,1,dome,fieldturf,,,00-0036264,00-0033106,Jordan Love,Jared Goff,Matt LaFleur,Dan Campbell,John Hussey,DET00,Ford Field,1
2024_14_NYJ_MIA,2024,REG,14,2024-12-08,Sunday,13:00,NYJ,26.0,MIA,32.0,Home,6.0,58.0,1.0,2024120800,59704.0,,202412080mia,,401671848,6645.0,7,10,240.0,-298.0,6.5,-108.0,-112.0,45.0,-112.0,-108.0,1,outdoors,grass,77.0,12.0,00-0023459,00-0036212,Aaron Rodgers,Tua Tagovailoa,Robert Saleh,Mike McDaniel,Shawn Hochuli,MIA00,Hard Rock Stadium,0
2024_14_ATL_MIN,2024,REG,14,2024-12-08,Sunday,13:00,ATL,21.0,MIN,42.0,Home,21.0,63.0,0.0,2024120801,59705.0,,202412080min,,401671648,6646.0,7,7,205.0,-250.0,6.0,-110.0,-110.0,46.5,-108.0,-112.0,0,dome,sportturf,,,00-0029604,00-0034869,Kirk Cousins,Sam Darnold,Raheem Morris,Kevin O'Connell,Alex Kemp,MIN01,U.S. Bank Stadium,1
2024_14_NO_NYG,2024,REG,14,2024-12-08,Sunday,13:00,NO,14.0,NYG,11.0,Home,-3.0,25.0,0.0,2024120802,59706.0,,202412080nyg,,401671601,6647.0,7,10,-245.0,200.0,-5.5,-115.0,-105.0,41.0,-110.0,-110.0,0,outdoors,fieldturf,54.0,13.0,00-0031280,00-0038476,Derek Carr,Tommy DeVito,Dennis Allen,Brian Daboll,Clete Blakeman,NYC01,MetLife Stadium,0
2024_14_CAR_PHI,2024,REG,14,2024-12-08,Sunday,13:00,CAR,16.0,PHI,22.0,Home,6.0,38.0,0.0,2024120803,59707.0,,202412080phi,,401671713,6648.0,7,7,625.0,-950.0,14.0,-112.0,-108.0,44.5,-112.0,-108.0,0,outdoors,grass,55.0,16.0,00-0027973,00-0036389,Andy Dalton,Jalen Hurts,Dave Canales,Nick Sirianni,Carl Cheffers,PHI00,Lincoln Financial Field,0
2024_14_CLE_PIT,2024,REG,14,2024-12-08,Sunday,13:00,CLE,14.0,PIT,27.0,Home,13.0,41.0,0.0,2024120804,59708.0,,202412080pit,,401671631,6649.0,6,7,210.0,-258.0,6.0,-112.0,-108.0,43.0,-110.0,-110.0,1,outdoors,grass,49.0,12.0,00-0031503,00-0029263,Jameis Winston,Russell Wilson,Kevin Stefanski,Mike Tomlin,Land Clark,PIT00,Acrisure Stadium,0
2024_14_LV_TB,2024,REG,14,2024-12-08,Sunday,13:00,LV,13.0,TB,28.0,Home,15.0,41.0,0.0,2024120805,59709.0,,202412080tam,,401671654,6650.0,9,7,260.0,-325.0,7.0,-115.0,-105.0,47.0,-112.0,-108.0,0,outdoors,grass,71.0,4.0,00-0035289,00-0034855,Gardner Minshew,Baker Mayfield,Antonio Pierce,Todd Bowles,Alan Eck,TAM00,Raymond James Stadium,0
2024_14_JAX_TEN,2024,REG,14,2024-12-08,Sunday,13:00,JAX,10.0,TEN,6.0,Home,-4.0,16.0,0.0,2024120806,59710.0,,202412080oti,,401671821,6651.0,7,7,142.0,-170.0,3.0,-105.0,-115.0,40.0,-108.0,-112.0,1,outdoors,grass,53.0,9.0,00-0036972,00-0034771,Mac Jones,Mason Rudolph,Doug Pederson,Brian Callahan,Tra Blake,NAS00,Nissan Stadium,0
2024_14_SEA_ARI,2024,REG,14,2024-12-08,Sunday,16:05,SEA,30.0,ARI,18.0,Home,-12.0,48.0,0.0,2024120807,59711.0,,202412080crd,,401671660,6652.0,7,7,145.0,-175.0,3.0,-105.0,-115.0,45.5,-110.0,-110.0,1,closed,grass,,,00-0030565,00-0035228,Geno Smith,Kyler Murray,Mike Macdonald,Jonathan Gannon,Clay Martin,PHO00,State Farm Stadium,1
2024_14_BUF_LA,2024,REG,14,2024-12-08,Sunday,16:25,BUF,42.0,LA,44.0,Home,2.0,86.0,0.0,2024120808,59712.0,,202412080ram,,401671773,6653.0,7,7,-192.0,160.0,-3.5,-118.0,-102.0,49.5,-108.0,-112.0,0,dome,matrixturf,,,00-0034857,00-0026498,Josh Allen,Matthew Stafford,Sean McDermott,Sean McVay,Craig Wrolstad,LAX01,SoFi Stadium,1
2024_14_CHI_SF,2024,REG,14,2024-12-08,Sunday,16:25,CHI,13.0,SF,38.0,Home,25.0,51.0,0.0,2024120809,59713.0,,202412080sfo,,401671774,6654.0,10,7,136.0,-162.0,3.0,-110.0,-110.0,43.5,-108.0,-112.0,0,outdoors,grass,65.0,4.0,00-0039918,00-0037834,Caleb Williams,Brock Purdy,Matt Eberflus,Kyle Shanahan,Ron Torbert,SFO01,Levi's Stadium,0
2024_14_LAC_KC,2024,REG,14,2024-12-08,Sunday,20:20,LAC,17.0,KC,19.0,Home,2.0,36.0,0.0,2024120810,59714.0,,202412080kan,,401671788,6655.0,7,9,195.0,-238.0,5.0,-115.0,-105.0,43.5,-110.0,-110.0,1,outdoors,grass,50.0,10.0,00-0036355,00-0033873,Justin Herbert,Patrick Mahomes,Jim Harbaugh,Andy Reid,Bill Vinovich,KAN00,GEHA Field at Arrowhead Stadium,0
2024_14_CIN_DAL,2024,REG,14,2024-12-09,Monday,20:15,CIN,27.0,DAL,20.0,Home,-7.0,47.0,0.0,2024120900,59715.0,,202412090dal,,401671690,6656.0,8,11,-230.0,190.0,-5.0,-110.0,-110.0,51.0,-112.0,-108.0,0,closed,matrixturf,,,00-0036442,00-0033662,Joe Burrow,Cooper Rush,Zac Taylor,Mike McCarthy,Scott Novak,DAL00,AT&T Stadium,1
2024_15_LA_SF,2024,REG,15,2024-12-12,Thursday,20:15,LA,12.0,SF,6.0,Home,-6.0,18.0,0.0,2024121200,59716.0,,202412120sfo,,401671818,6657.0,4,4,130.0,-155.0,3.0,-118.0,-102.0,48.5,-110.0,-110.0,1,outdoors,grass,53.0,4.0,00-0026498,00-0037834,Matthew Stafford,Brock Purdy,Sean McVay,Kyle Shanahan,Clay Martin,SFO01,Levi's Stadium,0
2024_15_DAL_CAR,2024,REG,15,2024-12-15,Sunday,13:00,DAL,30.0,CAR,14.0,Home,-16.0,44.0,0.0,2024121500,59717.0,,202412150car,,401671731,6658.0,6,7,120.0,-142.0,2.5,100.0,-120.0,42.0,-112.0,-108.0,0,outdoors,grass,45.0,7.0,00-0033662,00-0039150,Cooper Rush,Bryce Young,Mike McCarthy,Dave Canales,Bill Vinovich,CAR00,Bank of America Stadium,0
2024_15_KC_CLE,2024,REG,15,2024-12-15,Sunday,13:00,KC,21.0,CLE,7.0,Home,-14.0,28.0,0.0,2024121501,59718.0,,202412150cle,,401671854,6659.0,7,7,-230.0,190.0,-4.5,-110.0,-110.0,41.5,-112.0,-108.0,0,outdoors,grass,40.0,18.0,00-0033873,00-0031503,Patrick Mahomes,Jameis Winston,Andy Reid,Kevin Stefanski,Tra Blake,CLE00,FirstEnergy Stadium,0
2024_15_MIA_HOU,2024,REG,15,2024-12-15,Sunday,13:00,MIA,12.0,HOU,20.0,Home,8.0,32.0,0.0,2024121502,59719.0,,202412150htx,,401671860,6660.0,7,14,130.0,-155.0,2.5,-105.0,-115.0,46.5,-112.0,-108.0,0,closed,astroturf,,,00-0036212,00-0039163,Tua Tagovailoa,C.J. Stroud,Mike McDaniel,DeMeco Ryans,Alex Kemp,HOU00,NRG Stadium,1
2024_15_NYJ_JAX,2024,REG,15,2024-12-15,Sunday,13:00,NYJ,32.0,JAX,25.0,Home,-7.0,57.0,0.0,2024121503,59720.0,,202412150jax,,401671706,6661.0,7,7,-175.0,145.0,-3.5,-102.0,-118.0,41.5,-112.0,-108.0,0,outdoors,grass,,,00-0023459,00-0036972,Aaron Rodgers,Mac Jones,Robert Saleh,Doug Pederson,Brad Rogers,JAX00,TIAA Bank Stadium,0
2024_15_WAS_NO,2024,REG,15,2024-12-15,Sunday,13:00,WAS,20.0,NO,19.0,Home,-1.0,39.0,0.0,2024121504,59721.0,,202412150nor,,401671737,6662.0,14,7,-375.0,295.0,-7.5,-112.0,-108.0,44.5,-108.0,-112.0,0,dome,sportturf,,,00-0039910,00-0038998,Jayden Daniels,Jake Haener,Dan Quinn,Dennis Allen,Shawn Hochuli,NOR00,Mercedes-Benz Superdome,1
2024_15_BAL_NYG,2024,REG,15,2024-12-15,Sunday,13:00,BAL,35.0,NYG,14.0,Home,-21.0,49.0,0.0,2024121505,59722.0,,202412150nyg,,401671639,6663.0,14,7,-1800.0,1000.0,-16.5,-112.0,-108.0,43.5,-112.0,-108.0,0,outdoors,fieldturf,36.0,6.0,00-0034796,00-0038476,Lamar Jackson,Tommy DeVito,John Harbaugh,Brian Daboll,Brad Allen,NYC01,MetLife Stadium,0
2024_15_CIN_TEN,2024,REG,15,2024-12-15,Sunday,13:00,CIN,37.0,TEN,27.0,Home,-10.0,64.0,0.0,2024121506,59723.0,,202412150oti,,401671825,6664.0,6,7,-250.0,205.0,-6.0,-110.0,-110.0,46.5,-112.0,-108.0,0,outdoors,grass,52.0,12.0,00-0036442,00-0039152,Joe Burrow,Will Levis,Zac Taylor,Brian Callahan,Craig Wrolstad,NAS00,Nissan Stadium,0
2024_15_NE_ARI,2024,REG,15,2024-12-15,Sunday,16:25,NE,17.0,ARI,30.0,Home,13.0,47.0,0.0,2024121507,59724.0,,202412150crd,,401671677,6665.0,14,7,210.0,-258.0,6.0,-108.0,-112.0,46.5,-110.0,-110.0,0,closed,grass,,,00-0039851,00-0035228,Drake Maye,Kyler Murray,Jerod Mayo,Jonathan Gannon,Ron Torbert,PHO00,State Farm Stadium,1
2024_15_IND_DEN,2024,REG,15,2024-12-15,Sunday,16:25,IND,13.0,DEN,31.0,Home,18.0,44.0,0.0,2024121508,59725.0,,202412150den,,401671669,6666.0,14,13,195.0,-238.0,4.5,-105.0,-115.0,43.5,-108.0,-112.0,0,outdoors,grass,55.0,15.0,00-0039164,00-0039732,Anthony Richardson,Bo Nix,Shane Steichen,Sean Payton,Carl Cheffers,DEN00,Empower Field at Mile High,0
2024_15_BUF_DET,2024,REG,15,2024-12-15,Sunday,16:25,BUF,48.0,DET,42.0,Home,-6.0,90.0,0.0,2024121509,59726.0,,202412150det,,401671681,6667.0,7,10,110.0,-130.0,2.5,-110.0,-110.0,55.5,-110.0,-110.0,0,dome,fieldturf,,,00-0034857,00-0033106,Josh Allen,Jared Goff,Sean McDermott,Dan Campbell,Adrian Hill,DET00,Ford Field,1
2024_15_TB_LAC,2024,REG,15,2024-12-15,Sunday,16:25,TB,40.0,LAC,17.0,Home,-23.0,57.0,0.0,2024121510,59727.0,,202412150sdg,,401671762,6668.0,7,7,136.0,-162.0,3.0,-105.0,-115.0,46.0,-108.0,-112.0,0,dome,matrixturf,,,00-0034855,00-0036355,Baker Mayfield,Justin Herbert,Todd Bowles,Jim Harbaugh,Scott Novak,LAX01,SoFi Stadium,1
2024_15_PIT_PHI,2024,REG,15,2024-12-15,Sunday,16:25,PIT,13.0,PHI,27.0,Home,14.0,40.0,0.0,2024121511,59728.0,,202412150phi,,401671766,6669.0,7,7,215.0,-265.0,5.5,-110.0,-110.0,43.0,-110.0,-110.0,0,outdoors,grass,37.0,5.0,00-0029263,00-0036389,Russell Wilson,Jalen Hurts,Mike Tomlin,Nick Sirianni,Alan Eck,PHI00,Lincoln Financial Field,0
2024_15_GB_SEA,2024,REG,15,2024-12-15,Sunday,20:20,GB,30.0,SEA,13.0,Home,-17.0,43.0,0.0,2024121512,59729.0,,202412150sea,,401671796,6670.0,10,7,-162.0,136.0,-3.0,-110.0,-110.0,48.0,-110.0,-110.0,0,outdoors,fieldturf,43.0,3.0,00-0036264,00-0030565,Jordan Love,Geno Smith,Matt LaFleur,Mike Macdonald,Clete Blakeman,SEA00,Lumen Field,0
2024_15_CHI_MIN,2024,REG,15,2024-12-16,Monday,20:00,CHI,12.0,MIN,30.0,Home,18.0,42.0,0.0,2024121600,59730.0,,202412160min,,401671489,6671.0,8,8,260.0,-325.0,7.0,-115.0,-105.0,43.5,-110.0,-110.0,1,dome,sportturf,,,00-0039918,00-0034869,Caleb Williams,Sam Darnold,Matt Eberflus,Kevin O'Connell,John Hussey,MIN01,U.S. Bank Stadium,1
2024_15_ATL_LV,2024,REG,15,2024-12-16,Monday,20:30,ATL,15.0,LV,9.0,Home,-6.0,24.0,0.0,2024121601,59731.0,,202412160rai,,401671697,6672.0,8,8,-345.0,275.0,-6.5,-110.0,-110.0,44.5,-110.0,-110.0,0,dome,grass,,,00-0029604,00-0038579,Kirk Cousins,Aidan O'Connell,Raheem Morris,Antonio Pierce,Shawn Smith,VEG00,Allegiant Stadium,1
2024_16_DEN_LAC,2024,REG,16,2024-12-19,Thursday,20:15,DEN,27.0,LAC,34.0,Home,7.0,61.0,0.0,2024121901,59742.0,,202412190sdg,,401671749,6683.0,4,4,124.0,-148.0,3.0,-120.0,100.0,41.5,-110.0,-110.0,1,dome,matrixturf,,,00-0039732,00-0036355,Bo Nix,Justin Herbert,Sean Payton,Jim Harbaugh,Clay Martin,LAX01,SoFi Stadium,1
2024_16_HOU_KC,2024,REG,16,2024-12-21,Saturday,13:00,HOU,19.0,KC,27.0,Home,8.0,46.0,0.0,2024122100,59733.0,,202412210kan,,401671780,6674.0,6,6,150.0,-180.0,3.5,-120.0,100.0,42.5,-108.0,-112.0,0,outdoors,grass,30.0,5.0,00-0039163,00-0033873,C.J. Stroud,Patrick Mahomes,DeMeco Ryans,Andy Reid,Carl Cheffers,KAN00,GEHA Field at Arrowhead Stadium,0
2024_16_PIT_BAL,2024,REG,16,2024-12-21,Saturday,16:30,PIT,17.0,BAL,34.0,Home,17.0,51.0,0.0,2024122101,59734.0,,202412210rav,,401671778,6675.0,6,6,275.0,-345.0,7.0,-115.0,-105.0,44.5,-112.0,-108.0,1,outdoors,grass,35.0,15.0,00-0029263,00-0034796,Russell Wilson,Lamar Jackson,Mike Tomlin,John Harbaugh,Bill Vinovich,BAL00,M&T Bank Stadium,0
2024_16_NYG_ATL,2024,REG,16,2024-12-22,Sunday,13:00,NYG,7.0,ATL,34.0,Home,27.0,41.0,0.0,2024122202,59735.0,,202412220atl,,401671729,6676.0,7,6,410.0,-550.0,9.5,-110.0,-110.0,42.5,-110.0,-110.0,0,closed,fieldturf,,,00-0038476,00-0039917,Tommy DeVito,Michael Penix Jr.,Brian Daboll,Raheem Morris,Tra Blake,ATL97,Mercedes-Benz Stadium,1
2024_16_ARI_CAR,2024,REG,16,2024-12-22,Sunday,13:00,ARI,30.0,CAR,36.0,Home,6.0,66.0,1.0,2024122204,59737.0,,202412220car,,401671732,6678.0,7,7,-245.0,200.0,-5.5,-110.0,-110.0,47.0,-110.0,-110.0,0,outdoors,grass,37.0,10.0,00-0035228,00-0039150,Kyler Murray,Bryce Young,Jonathan Gannon,Dave Canales,Adrian Hill,CAR00,Bank of America Stadium,0
2024_16_DET_CHI,2024,REG,16,2024-12-22,Sunday,13:00,DET,34.0,CHI,17.0,Home,-17.0,51.0,0.0,2024122205,59738.0,,202412220chi,,401671868,6679.0,7,6,-340.0,270.0,-7.0,-110.0,-110.0,47.5,-110.0,-110.0,1,outdoors,grass,29.0,7.0,00-0033106,00-0039918,Jared Goff,Caleb Williams,Dan Campbell,Matt Eberflus,Clete Blakeman,CHI98,Soldier Field,0
2024_16_CLE_CIN,2024,REG,16,2024-12-22,Sunday,13:00,CLE,6.0,CIN,24.0,Home,18.0,30.0,0.0,2024122214,59732.0,,202412220cin,,401671811,6673.0,7,7,425.0,-575.0,10.0,-108.0,-112.0,46.5,-112.0,-108.0,1,outdoors,fieldturf,33.0,6.0,00-0031503,00-0036442,Jameis Winston,Joe Burrow,Kevin Stefanski,Zac Taylor,Brad Rogers,CIN00,Paycor Stadium,0
2024_16_TEN_IND,2024,REG,16,2024-12-22,Sunday,13:00,TEN,30.0,IND,38.0,Home,8.0,68.0,0.0,2024122206,59739.0,,202412220clt,,401671862,6680.0,7,7,164.0,-198.0,4.0,-112.0,-108.0,42.5,-108.0,-112.0,1,closed,fieldturf,,,00-0034771,00-0026158,Mason Rudolph,Joe Flacco,Brian Callahan,Shane Steichen,John Hussey,IND00,Lucas Oil Stadium,1
2024_16_LA_NYJ,2024,REG,16,2024-12-22,Sunday,13:00,LA,19.0,NYJ,9.0,Home,-10.0,28.0,0.0,2024122207,59740.0,,202412220nyj,,401671621,6681.0,10,7,-162.0,136.0,-3.0,-105.0,-115.0,47.0,-110.0,-110.0,0,outdoors,fieldturf,23.0,8.0,00-0026498,00-0023459,Matthew Stafford,Aaron Rodgers,Sean McVay,Robert Saleh,Ron Torbert,NYC01,MetLife Stadium,0
2024_16_PHI_WAS,2024,REG,16,2024-12-22,Sunday,13:00,PHI,33.0,WAS,36.0,Home,3.0,69.0,0.0,2024122208,59741.0,,202412220was,,401671717,6682.0,7,7,-218.0,180.0,-4.0,-115.0,-105.0,47.0,-110.0,-110.0,1,outdoors,grass,32.0,8.0,00-0036389,00-0039910,Jalen Hurts,Jayden Daniels,Nick Sirianni,Dan Quinn,Shawn Smith,WAS00,FedExField,0
2024_16_MIN_SEA,2024,REG,16,2024-12-22,Sunday,16:05,MIN,27.0,SEA,24.0,Home,-3.0,51.0,0.0,2024122210,59743.0,,202412220sea,,401671759,6684.0,6,7,-148.0,124.0,-2.5,-115.0,-105.0,43.0,-115.0,-105.0,0,outdoors,fieldturf,48.0,5.0,00-0034869,00-0030565,Sam Darnold,Geno Smith,Kevin O'Connell,Mike Macdonald,Craig Wrolstad,SEA00,Lumen Field,0
2024_16_NE_BUF,2024,REG,16,2024-12-22,Sunday,16:25,NE,21.0,BUF,24.0,Home,3.0,45.0,0.0,2024122203,59736.0,,202412220buf,,401671494,6677.0,7,7,700.0,-1100.0,14.0,-110.0,-110.0,48.0,-110.0,-110.0,1,outdoors,a_turf,14.0,2.0,00-0039851,00-0034857,Drake Maye,Josh Allen,Jerod Mayo,Sean McDermott,Brad Allen,BUF00,New Era Field,0
2024_16_JAX_LV,2024,REG,16,2024-12-22,Sunday,16:25,JAX,14.0,LV,19.0,Home,5.0,33.0,0.0,2024122211,59744.0,,202412220rai,,401671673,6685.0,7,6,110.0,-130.0,2.5,-110.0,-110.0,41.5,-112.0,-108.0,0,dome,grass,,,00-0036972,00-0038579,Mac Jones,Aidan O'Connell,Doug Pederson,Antonio Pierce,Shawn Hochuli,VEG00,Allegiant Stadium,1
2024_16_SF_MIA,2024,REG,16,2024-12-22,Sunday,16:25,SF,17.0,MIA,29.0,Home,12.0,46.0,0.0,2024122212,59745.0,,202412220mia,,401671874,6686.0,10,7,-125.0,105.0,-2.0,-108.0,-112.0,44.0,-108.0,-112.0,0,outdoors,grass,73.0,12.0,00-0037834,00-0036212,Brock Purdy,Tua Tagovailoa,Kyle Shanahan,Mike McDaniel,Scott Novak,MIA00,Hard Rock Stadium,0
2024_16_TB_DAL,2024,REG,16,2024-12-22,Sunday,20:20,TB,24.0,DAL,26.0,Home,2.0,50.0,0.0,2024122213,59746.0,,202412220dal,,401671790,6687.0,7,7,-218.0,180.0,-4.5,-105.0,-115.0,47.5,-110.0,-110.0,0,closed,matrixturf,,,00-0034855,00-0033662,Baker Mayfield,Cooper Rush,Todd Bowles,Mike McCarthy,Land Clark,DAL00,AT&T Stadium,1
2024_16_NO_GB,2024,REG,16,2024-12-23,Monday,20:15,NO,0.0,GB,34.0,Home,34.0,34.0,0.0,2024122300,59747.0,,202412230gnb,,401671692,6688.0,8,8,625.0,-950.0,14.0,-105.0,-115.0,44.0,-110.0,-110.0,0,outdoors,grass,34.0,12.0,00-0038998,00-0036264,Jake Haener,Jordan Love,Dennis Allen,Matt LaFleur,Alex Kemp,GNB00,Lambeau Field,0
2024_17_KC_PIT,2024,REG,17,2024-12-25,Wednesday,13:00,KC,29.0,PIT,10.0,Home,-19.0,39.0,0.0,2024122500,59748.0,,202412250pit,,401671799,6689.0,4,4,-162.0,136.0,-3.0,-105.0,-115.0,43.5,-110.0,-110.0,0,outdoors,grass,39.0,2.0,00-0033873,00-0029263,Patrick Mahomes,Russell Wilson,Andy Reid,Mike Tomlin,Craig Wrolstad,PIT00,Acrisure Stadium,0
2024_17_BAL_HOU,2024,REG,17,2024-12-25,Wednesday,16:30,BAL,31.0,HOU,2.0,Home,-29.0,33.0,0.0,2024122501,59749.0,,202412250htx,,401671800,6690.0,4,4,-245.0,200.0,-5.5,-108.0,-112.0,46.5,-112.0,-108.0,0,closed,astroturf,,,00-0034796,00-0039163,Lamar Jackson,C.J. Stroud,John Harbaugh,DeMeco Ryans,Alan Eck,HOU00,NRG Stadium,1
2024_17_SEA_CHI,2024,REG,17,2024-12-26,Thursday,20:15,SEA,6.0,CHI,3.0,Home,-3.0,9.0,0.0,2024122600,59750.0,,202412260chi,,401671876,6691.0,4,4,-192.0,160.0,-3.5,-118.0,-102.0,43.5,-112.0,-108.0,0,outdoors,grass,47.0,5.0,00-0030565,00-0039918,Geno Smith,Caleb Williams,Mike Macdonald,Matt Eberflus,Scott Novak,CHI98,Soldier Field,0
2024_17_LAC_NE,2024,REG,17,2024-12-28,Saturday,13:00,LAC,40.0,NE,7.0,Home,-33.0,47.0,0.0,2024122800,59753.0,,202412280nwe,,401671832,6694.0,9,6,-305.0,245.0,-6.0,-118.0,-102.0,42.0,-108.0,-112.0,0,outdoors,fieldturf,40.0,4.0,00-0036355,00-0039851,Justin Herbert,Drake Maye,Jim Harbaugh,Jerod Mayo,John Hussey,BOS00,Gillette Stadium,0
2024_17_DEN_CIN,2024,REG,17,2024-12-28,Saturday,16:30,DEN,24.0,CIN,30.0,Home,6.0,54.0,1.0,2024122801,59751.0,,202412280cin,,401671835,6692.0,9,6,145.0,-175.0,3.5,-115.0,-105.0,50.5,-110.0,-110.0,0,outdoors,fieldturf,60.0,8.0,00-0039732,00-0036442,Bo Nix,Joe Burrow,Sean Payton,Zac Taylor,Adrian Hill,CIN00,Paycor Stadium,0
2024_17_ARI_LA,2024,REG,17,2024-12-28,Saturday,20:15,ARI,9.0,LA,13.0,Home,4.0,22.0,0.0,2024122802,59752.0,,202412280ram,,401671829,6693.0,6,6,270.0,-340.0,6.5,100.0,-120.0,48.0,-112.0,-108.0,1,dome,matrixturf,,,00-0035228,00-0026498,Kyler Murray,Matthew Stafford,Jonathan Gannon,Sean McVay,Brad Rogers,LAX01,SoFi Stadium,1
2024_17_NYJ_BUF,2024,REG,17,2024-12-29,Sunday,13:00,NYJ,14.0,BUF,40.0,Home,26.0,54.0,0.0,2024122905,59756.0,,202412290buf,,401671495,6697.0,7,7,390.0,-520.0,10.0,-105.0,-115.0,44.5,-112.0,-108.0,1,outdoors,a_turf,54.0,15.0,00-0023459,00-0034857,Aaron Rodgers,Josh Allen,Robert Saleh,Sean McDermott,Clete Blakeman,BUF00,New Era Field,0
2024_17_TEN_JAX,2024,REG,17,2024-12-29,Sunday,13:00,TEN,13.0,JAX,20.0,Home,7.0,33.0,0.0,2024122906,59757.0,,202412290jax,,401671634,6698.0,7,7,-108.0,-112.0,-1.0,-105.0,-115.0,38.0,-110.0,-110.0,1,outdoors,grass,72.0,16.0,00-0034771,00-0036972,Mason Rudolph,Mac Jones,Brian Callahan,Doug Pederson,Shawn Smith,JAX00,TIAA Bank Stadium,0
2024_17_LV_NO,2024,REG,17,2024-12-29,Sunday,13:00,LV,25.0,NO,10.0,Home,-15.0,35.0,0.0,2024122908,59759.0,,202412290nor,,401671738,6700.0,7,6,-125.0,105.0,-2.0,-110.0,-110.0,37.5,-112.0,-108.0,0,dome,sportturf,,,00-0038579,00-0038998,Aidan O'Connell,Jake Haener,Antonio Pierce,Dennis Allen,Land Clark,NOR00,Mercedes-Benz Superdome,1
2024_17_IND_NYG,2024,REG,17,2024-12-29,Sunday,13:00,IND,33.0,NYG,45.0,Home,12.0,78.0,0.0,2024122903,59754.0,,202412290nyg,,401671846,6695.0,7,7,-410.0,320.0,-7.5,-112.0,-108.0,40.5,-112.0,-108.0,0,outdoors,fieldturf,54.0,0.0,00-0026158,00-0038476,Joe Flacco,Tommy DeVito,Shane Steichen,Brian Daboll,Bill Vinovich,NYC01,MetLife Stadium,0
2024_17_DAL_PHI,2024,REG,17,2024-12-29,Sunday,13:00,DAL,7.0,PHI,41.0,Home,34.0,48.0,0.0,2024122910,59761.0,,202412290phi,,401671765,6702.0,7,7,260.0,-325.0,7.5,-112.0,-108.0,37.5,-108.0,-112.0,1,outdoors,grass,62.0,10.0,00-0033662,00-0036389,Cooper Rush,Jalen Hurts,Mike McCarthy,Nick Sirianni,Brad Allen,PHI00,Lincoln Financial Field,0
2024_17_CAR_TB,2024,REG,17,2024-12-29,Sunday,13:00,CAR,14.0,TB,48.0,Home,34.0,62.0,0.0,2024122909,59760.0,,202412290tam,,401671653,6701.0,7,7,380.0,-500.0,9.5,-105.0,-115.0,47.5,-108.0,-112.0,1,outdoors,grass,76.0,8.0,00-0039150,00-0034855,Bryce Young,Baker Mayfield,Dave Canales,Todd Bowles,Clay Martin,TAM00,Raymond James Stadium,0
2024_17_MIA_CLE,2024,REG,17,2024-12-29,Sunday,16:05,MIA,20.0,CLE,3.0,Home,-17.0,23.0,0.0,2024122911,59762.0,,202412290cle,,401671877,6703.0,7,7,-170.0,142.0,-3.0,-115.0,-105.0,32.5,-112.0,-108.0,0,outdoors,grass,54.0,15.0,00-0035993,00-0031503,Tyler Huntley,Jameis Winston,Mike McDaniel,Kevin Stefanski,Ron Torbert,CLE00,FirstEnergy Stadium,0
2024_17_GB_MIN,2024,REG,17,2024-12-29,Sunday,16:25,GB,25.0,MIN,27.0,Home,2.0,52.0,0.0,2024122907,59758.0,,202412290min,,401671725,6699.0,6,7,-112.0,-108.0,-1.0,-105.0,-115.0,49.0,-110.0,-110.0,1,dome,sportturf,,,00-0036264,00-0034869,Jordan Love,Sam Darnold,Matt LaFleur,Kevin O'Connell,Carl Cheffers,MIN01,U.S. Bank Stadium,1
2024_17_ATL_WAS,2024,REG,17,2024-12-29,Sunday,20:20,ATL,24.0,WAS,30.0,Home,6.0,54.0,1.0,2024122904,59755.0,,202412290was,,401671842,6696.0,7,7,160.0,-192.0,3.5,-115.0,-105.0,46.5,-110.0,-110.0,0,outdoors,grass,58.0,10.0,00-0039917,00-0039910,Michael Penix Jr.,Jayden Daniels,Raheem Morris,Dan Quinn,Alex Kemp,WAS00,FedExField,0
2024_17_DET_SF,2024,REG,17,2024-12-30,Monday,20:15,DET,40.0,SF,34.0,Home,-6.0,74.0,0.0,2024123000,59763.0,,202412300sfo,,401671698,6704.0,8,8,-230.0,190.0,-4.0,-112.0,-108.0,50.5,-110.0,-110.0,0,outdoors,grass,,,00-0033106,00-0037834,Jared Goff,Brock Purdy,Dan Campbell,Kyle Shanahan,Shawn Hochuli,SFO01,Levi's Stadium,0
2024_18_CLE_BAL,2024,REG,18,2025-01-04,Saturday,16:30,CLE,10.0,BAL,35.0,Home,25.0,45.0,0.0,2025010400,59766.0,,202501040rav,,401671834,6707.0,6,10,1200.0,-2400.0,19.5,-105.0,-115.0,42.5,-108.0,-112.0,1,outdoors,grass,31.0,16.0,00-0038108,00-0034796,Bailey Zappe,Lamar Jackson,Kevin Stefanski,John Harbaugh,Scott Novak,BAL00,M&T Bank Stadium,0
2024_18_CIN_PIT,2024,REG,18,2025-01-04,Saturday,20:00,CIN,19.0,PIT,17.0,Home,-2.0,36.0,0.0,2025010401,59777.0,,202501040pit,,401671836,6718.0,7,10,-148.0,124.0,-2.5,-118.0,-102.0,48.5,-112.0,-108.0,1,outdoors,grass,19.0,10.0,00-0036442,00-0029263,Joe Burrow,Russell Wilson,Zac Taylor,Mike Tomlin,John Hussey,PIT00,Acrisure Stadium,0
2024_18_CAR_ATL,2024,REG,18,2025-01-05,Sunday,13:00,CAR,44.0,ATL,38.0,Home,-6.0,82.0,1.0,2025010501,59765.0,,202501050atl,,401671827,6706.0,7,7,300.0,-380.0,7.5,-105.0,-115.0,48.5,-108.0,-112.0,1,closed,fieldturf,,,00-0039150,00-0039917,Bryce Young,Michael Penix Jr.,Dave Canales,Raheem Morris,Land Clark,ATL97,Mercedes-Benz Stadium,1
2024_18_WAS_DAL,2024,REG,18,2025-01-05,Sunday,13:00,WAS,23.0,DAL,19.0,Home,-4.0,42.0,0.0,2025010503,59767.0,,202501050dal,,401671840,6708.0,7,7,-310.0,250.0,-7.0,-108.0,-112.0,43.5,-118.0,-102.0,1,closed,matrixturf,,,00-0039910,00-0037012,Jayden Daniels,Trey Lance,Dan Quinn,Mike McCarthy,Clete Blakeman,DAL00,AT&T Stadium,1
2024_18_CHI_GB,2024,REG,18,2025-01-05,Sunday,13:00,CHI,24.0,GB,22.0,Home,-2.0,46.0,0.0,2025010506,59770.0,,202501050gnb,,401671844,6711.0,10,7,320.0,-410.0,10.0,-115.0,-105.0,41.5,-108.0,-112.0,1,outdoors,grass,16.0,13.0,00-0039918,00-0036264,Caleb Williams,Jordan Love,Matt Eberflus,Matt LaFleur,Clay Martin,GNB00,Lambeau Field,0
2024_18_JAX_IND,2024,REG,18,2025-01-05,Sunday,13:00,JAX,23.0,IND,26.0,Home,3.0,49.0,1.0,2025010507,59771.0,,202501050clt,,401671837,6712.0,7,7,150.0,-180.0,3.5,-110.0,-110.0,45.5,-105.0,-110.0,1,closed,fieldturf,,,00-0036972,00-0026158,Mac Jones,Joe Flacco,Doug Pederson,Shane Steichen,Alex Kemp,IND00,Lucas Oil Stadium,1
2024_18_BUF_NE,2024,REG,18,2025-01-05,Sunday,13:00,BUF,16.0,NE,23.0,Home,7.0,39.0,0.0,2025010510,59774.0,,202501050nwe,,401671831,6715.0,7,8,-166.0,140.0,-3.0,-112.0,-108.0,36.5,-108.0,-112.0,1,outdoors,fieldturf,33.0,14.0,00-0033869,00-0039398,Mitchell Trubisky,Joe Milton III,Sean McDermott,Jerod Mayo,Alan Eck,BOS00,Gillette Stadium,0
2024_18_NYG_PHI,2024,REG,18,2025-01-05,Sunday,13:00,NYG,13.0,PHI,20.0,Home,7.0,33.0,0.0,2025010512,59776.0,,202501050phi,,401671841,6717.0,7,7,130.0,-155.0,3.0,-110.0,-110.0,36.5,-118.0,-102.0,1,outdoors,grass,31.0,19.0,00-0035704,00-0038400,Drew Lock,Tanner McKee,Brian Daboll,Nick Sirianni,Ron Torbert,PHI00,Lincoln Financial Field,0
2024_18_NO_TB,2024,REG,18,2025-01-05,Sunday,13:00,NO,19.0,TB,27.0,Home,8.0,46.0,0.0,2025010514,59778.0,,202501050tam,,401671828,6719.0,7,7,675.0,-1050.0,14.5,-102.0,-118.0,44.5,-112.0,-108.0,1,outdoors,grass,68.0,6.0,00-0039376,00-0034855,Spencer Rattler,Baker Mayfield,Dennis Allen,Todd Bowles,Adrian Hill,TAM00,Raymond James Stadium,0
2024_18_HOU_TEN,2024,REG,18,2025-01-05,Sunday,13:00,HOU,23.0,TEN,14.0,Home,-9.0,37.0,0.0,2025010515,59779.0,,202501050oti,,401671826,6720.0,11,7,120.0,-142.0,2.5,-108.0,-112.0,36.5,-108.0,-112.0,1,outdoors,grass,35.0,10.0,00-0036898,00-0034771,Davis Mills,Mason Rudolph,DeMeco Ryans,Brian Callahan,Brad Allen,NAS00,Nissan Stadium,0
2024_18_SF_ARI,2024,REG,18,2025-01-05,Sunday,16:25,SF,24.0,ARI,47.0,Home,23.0,71.0,0.0,2025010500,59764.0,,202501050crd,,401671845,6705.0,6,8,160.0,-192.0,4.5,-110.0,-110.0,42.5,-110.0,-110.0,1,closed,grass,,,00-0033949,00-0035228,Joshua Dobbs,Kyler Murray,Kyle Shanahan,Jonathan Gannon,Shawn Smith,PHO00,State Farm Stadium,1
2024_18_KC_DEN,2024,REG,18,2025-01-05,Sunday,16:25,KC,0.0,DEN,38.0,Home,38.0,38.0,0.0,2025010504,59768.0,,202501050den,,401671838,6709.0,11,8,370.0,-485.0,10.5,-115.0,-105.0,40.5,-115.0,-105.0,1,outdoors,grass,28.0,5.0,00-0032950,00-0039732,Carson Wentz,Bo Nix,Andy Reid,Sean Payton,Shawn Hochuli,DEN00,Empower Field at Mile High,0
2024_18_SEA_LA,2024,REG,18,2025-01-05,Sunday,16:25,SEA,30.0,LA,25.0,Home,-5.0,55.0,0.0,2025010508,59772.0,,202501050ram,,401671830,6713.0,10,8,-360.0,285.0,-7.5,-110.0,-110.0,38.5,-112.0,-108.0,1,dome,matrixturf,,,00-0030565,00-0031345,Geno Smith,Jimmy Garoppolo,Mike Macdonald,Sean McVay,Bill Vinovich,LAX01,SoFi Stadium,1
2024_18_LAC_LV,2024,REG,18,2025-01-05,Sunday,16:25,LAC,34.0,LV,20.0,Home,-14.0,54.0,0.0,2025010509,59773.0,,202501050rai,,401671839,6714.0,8,7,-345.0,275.0,-7.0,-118.0,-102.0,42.5,-112.0,-108.0,1,dome,grass,,,00-0036355,00-0038579,Justin Herbert,Aidan O'Connell,Jim Harbaugh,Antonio Pierce,Carl Cheffers,VEG00,Allegiant Stadium,1
2024_18_MIA_NYJ,2024,REG,18,2025-01-05,Sunday,16:25,MIA,20.0,NYJ,32.0,Home,12.0,52.0,0.0,2025010511,59775.0,,202501050nyj,,401671833,6716.0,7,7,102.0,-122.0,1.5,-110.0,-110.0,39.5,-112.0,-108.0,1,outdoors,fieldturf,34.0,10.0,00-0036212,00-0023459,Tua Tagovailoa,Aaron Rodgers,Mike McDaniel,Robert Saleh,Tra Blake,NYC01,MetLife Stadium,0
2024_18_MIN_DET,2024,REG,18,2025-01-05,Sunday,20:20,MIN,9.0,DET,31.0,Home,22.0,40.0,0.0,2025010505,59769.0,,202501050det,,401671843,6710.0,7,6,124.0,-148.0,3.0,-118.0,-102.0,56.5,-102.0,-118.0,1,dome,fieldturf,,,00-0034869,00-0033106,Sam Darnold,Jared Goff,Kevin O'Connell,Dan Campbell,Brad Rogers,DET00,Ford Field,1
2024_19_LAC_HOU,2024,WC,19,2025-01-11,Saturday,16:30,LAC,12.0,HOU,32.0,Home,20.0,44.0,0.0,2025011100,59829.0,,202501110htx,,401671878,,6,6,-162.0,136.0,-3.0,-105.0,-115.0,41.5,-108.0,-112.0,0,closed,astroturf,,,00-0036355,00-0039163,Justin Herbert,C.J. Stroud,Jim Harbaugh,DeMeco Ryans,Land Clark,HOU00,NRG Stadium,1
2024_19_PIT_BAL,2024,WC,19,2025-01-11,Saturday,20:00,PIT,14.0,BAL,28.0,Home,14.0,42.0,0.0,2025011101,59830.0,,202501110rav,,401671879,,7,7,390.0,-520.0,9.5,-112.0,-108.0,44.5,-108.0,-112.0,1,outdoors,grass,32.0,12.0,00-0029263,00-0034796,Russell Wilson,Lamar Jackson,Mike Tomlin,John Harbaugh,Alex Kemp,BAL00,M&T Bank Stadium,0
2024_19_DEN_BUF,2024,WC,19,2025-01-12,Sunday,13:00,DEN,7.0,BUF,31.0,Home,24.0,38.0,0.0,2025011200,59831.0,,202501120buf,,401671881,,7,7,330.0,-425.0,7.5,100.0,-120.0,48.5,-102.0,-118.0,0,outdoors,a_turf,32.0,10.0,00-0039732,00-0034857,Bo Nix,Josh Allen,Sean Payton,Sean McDermott,Bill Vinovich,BUF00,New Era Field,0
2024_19_GB_PHI,2024,WC,19,2025-01-12,Sunday,16:30,GB,10.0,PHI,22.0,Home,12.0,32.0,0.0,2025011201,59832.0,,202501120phi,,401671880,,7,7,205.0,-250.0,5.5,-105.0,-115.0,45.5,-110.0,-110.0,0,outdoors,grass,40.0,6.0,00-0036264,00-0036389,Jordan Love,Jalen Hurts,Matt LaFleur,Nick Sirianni,Brad Allen,PHI00,Lincoln Financial Field,0
2024_19_WAS_TB,2024,WC,19,2025-01-12,Sunday,20:00,WAS,23.0,TB,20.0,Home,-3.0,43.0,0.0,2025011202,59833.0,,202501120tam,,401671883,,7,7,136.0,-162.0,3.0,-110.0,-110.0,51.5,-105.0,-115.0,0,outdoors,grass,58.0,2.0,00-0039910,00-0034855,Jayden Daniels,Baker Mayfield,Dan Quinn,Todd Bowles,Craig Wrolstad,TAM00,Raymond James Stadium,0
2024_19_MIN_LA,2024,WC,19,2025-01-13,Monday,20:00,MIN,9.0,LA,27.0,Neutral,18.0,36.0,0.0,2025011300,59834.0,,202501130ram,,401671882,,8,8,-142.0,120.0,-2.5,-118.0,-102.0,47.5,-108.0,-112.0,0,closed,grass,,,00-0034869,00-0026498,Sam Darnold,Matthew Stafford,Kevin O'Connell,Sean McVay,John Hussey,PHO00,State Farm Stadium,1
2024_20_HOU_KC,2024,DIV,20,2025-01-18,Saturday,16:30,HOU,14.0,KC,23.0,Home,9.0,37.0,0.0,2025011800,59835.0,,202501180kan,,401671884,,7,13,410.0,-550.0,9.5,-110.0,-110.0,41.5,-112.0,-108.0,0,outdoors,grass,23.0,17.0,00-0039163,00-0033873,C.J. Stroud,Patrick Mahomes,DeMeco Ryans,Andy Reid,Clay Martin,KAN00,GEHA Field at Arrowhead Stadium,0
2024_20_WAS_DET,2024,DIV,20,2025-01-18,Saturday,20:00,WAS,45.0,DET,31.0,Home,-14.0,76.0,0.0,2025011801,59836.0,,202501180det,,401671885,,6,13,390.0,-520.0,8.5,-105.0,-115.0,55.5,-112.0,-108.0,0,dome,fieldturf,,,00-0039910,00-0033106,Jayden Daniels,Jared Goff,Dan Quinn,Dan Campbell,Ron Torbert,DET00,Ford Field,1
2024_20_LA_PHI,2024,DIV,20,2025-01-19,Sunday,15:00,LA,22.0,PHI,28.0,Home,6.0,50.0,0.0,2025011900,59837.0,,202501190phi,,401671937,,6,7,260.0,-325.0,7.0,-112.0,-108.0,43.5,-110.0,-110.0,0,outdoors,grass,34.0,8.0,00-0026498,00-0036389,Matthew Stafford,Jalen Hurts,Sean McVay,Nick Sirianni,Shawn Smith,PHI00,Lincoln Financial Field,0
2024_20_BAL_BUF,2024,DIV,20,2025-01-19,Sunday,18:30,BAL,25.0,BUF,27.0,Home,2.0,52.0,0.0,2025011901,59838.0,,202501190buf,,401671886,,8,7,-118.0,-102.0,-1.5,-102.0,-118.0,51.5,-105.0,-115.0,0,outdoors,a_turf,19.0,4.0,00-0034796,00-0034857,Lamar Jackson,Josh Allen,John Harbaugh,Sean McDermott,Carl Cheffers,BUF00,New Era Field,0
2024_21_WAS_PHI,2024,CON,21,2025-01-26,Sunday,15:00,WAS,23.0,PHI,55.0,Home,32.0,78.0,0.0,2025012600,59839.0,,202501260phi,,401671888,,8,7,205.0,-250.0,6.0,-110.0,-110.0,46.5,-105.0,-115.0,1,outdoors,grass,40.0,11.0,00-0039910,00-0036389,Jayden Daniels,Jalen Hurts,Dan Quinn,Nick Sirianni,Shawn Hochuli,PHI00,Lincoln Financial Field,0
2024_21_BUF_KC,2024,CON,21,2025-01-26,Sunday,18:30,BUF,29.0,KC,32.0,Home,3.0,61.0,0.0,2025012601,59840.0,,202501260kan,,401671887,,7,8,-102.0,-118.0,1.5,-115.0,-105.0,49.5,-115.0,-105.0,0,outdoors,grass,31.0,8.0,00-0034857,00-0033873,Josh Allen,Patrick Mahomes,Sean McDermott,Andy Reid,Clete Blakeman,KAN00,GEHA Field at Arrowhead Stadium,0
2024_22_KC_PHI,2024,SB,22,2025-02-09,Sunday,18:30,KC,22.0,PHI,40.0,Neutral,18.0,62.0,0.0,2025020900,59841.0,,202502090phi,,401671889,,14,14,-120.0,100.0,-1.5,-105.0,-115.0,48.5,-105.0,-115.0,0,dome,sportturf,,,00-0033873,00-0036389,Patrick Mahomes,Jalen Hurts,Andy Reid,Nick Sirianni,Ron Torbert,NOR00,Mercedes-Benz Superdome,1
2025_01_DAL_PHI,2025,REG,1,2025-09-04,Thursday,20:20,DAL,20.0,PHI,24.0,Home,4.0,44.0,0.0,2025090400,59843.0,,202509040phi,28418.0,401772510,6734.0,7,7,330.0,-425.0,8.5,-110.0,-110.0,47.5,-110.0,-110.0,1,outdoors,grass,75.0,11.0,00-0033077,00-0036389,Dak Prescott,Jalen Hurts,Brian Schottenheimer,Nick Sirianni,Shawn Smith,PHI00,Lincoln Financial Field,0
2025_01_KC_LAC,2025,REG,1,2025-09-05,Friday,20:00,KC,21.0,LAC,27.0,Neutral,6.0,48.0,0.0,2025090500,59844.0,,202509050sdg,28419.0,401772714,6735.0,7,7,-175.0,145.0,-3.0,-120.0,100.0,47.5,-110.0,-110.0,1,dome,,,,00-0033873,00-0036355,Patrick Mahomes,Justin Herbert,Andy Reid,Jim Harbaugh,Carl Cheffers,LAX01,SoFi Stadium,1
2025_01_TB_ATL,2025,REG,1,2025-09-07,Sunday,13:00,TB,23.0,ATL,20.0,Home,-3.0,43.0,0.0,2025090700,59845.0,,202509070atl,28420.0,401772830,6736.0,7,7,-115.0,-105.0,-1.5,-102.0,-118.0,47.5,-105.0,-115.0,1,closed,fieldturf,,,00-0034855,00-0039917,Baker Mayfield,Michael Penix,Todd Bowles,Raheem Morris,Land Clark,ATL97,Mercedes-Benz Stadium,1
2025_01_CIN_CLE,2025,REG,1,2025-09-07,Sunday,13:00,CIN,17.0,CLE,16.0,Home,-1.0,33.0,0.0,2025090701,59846.0,,202509070cle,28421.0,401772829,6737.0,7,7,-238.0,195.0,-5.5,-105.0,-115.0,47.5,100.0,-120.0,1,outdoors,grass,63.0,10.0,00-0036442,00-0026158,Joe Burrow,Joe Flacco,Zac Taylor,Kevin Stefanski,Adrian Hill,CLE00,FirstEnergy Stadium,0
2025_01_MIA_IND,2025,REG,1,2025-09-07,Sunday,13:00,MIA,8.0,IND,33.0,Home,25.0,41.0,0.0,2025090702,59847.0,,202509070clt,28422.0,401772719,6738.0,7,7,-108.0,-112.0,1.5,-118.0,-102.0,47.5,-120.0,100.0,0,closed,fieldturf,,,00-0036212,00-0035710,Tua Tagovailoa,Daniel Jones,Mike McDaniel,Shane Steichen,Brad Allen,IND00,Lucas Oil Stadium,1
2025_01_CAR_JAX,2025,REG,1,2025-09-07,Sunday,13:00,CAR,10.0,JAX,26.0,Home,16.0,36.0,0.0,2025090703,59848.0,,202509070jax,28423.0,401772828,6739.0,7,7,170.0,-205.0,4.5,-110.0,-110.0,45.5,-108.0,-112.0,0,outdoors,grass,85.0,3.0,00-0039150,00-0036971,Bryce Young,Trevor Lawrence,Dave Canales,Liam Coen,Alex Moore,JAX00,TIAA Bank Stadium,0
2025_01_LV_NE,2025,REG,1,2025-09-07,Sunday,13:00,LV,20.0,NE,13.0,Home,-7.0,33.0,0.0,2025090704,59849.0,,202509070nwe,28424.0,401772720,6740.0,7,7,130.0,-155.0,2.5,100.0,-120.0,44.5,-115.0,-105.0,0,outdoors,fieldturf,62.0,4.0,00-0030565,00-0039851,Geno Smith,Drake Maye,Pete Carroll,Mike Vrabel,Ron Torbert,BOS00,Gillette Stadium,0
2025_01_ARI_NO,2025,REG,1,2025-09-07,Sunday,13:00,ARI,20.0,NO,13.0,Home,-7.0,33.0,0.0,2025090705,59850.0,,202509070nor,28425.0,401772718,6741.0,7,7,-270.0,220.0,-6.0,-108.0,-112.0,44.5,-112.0,-108.0,0,dome,sportturf,,,00-0035228,00-0039376,Kyler Murray,Spencer Rattler,Jonathan Gannon,Kellen Moore,Scott Novak,NOR00,Mercedes-Benz Superdome,1
2025_01_PIT_NYJ,2025,REG,1,2025-09-07,Sunday,13:00,PIT,34.0,NYJ,32.0,Home,-2.0,66.0,0.0,2025090706,59851.0,,202509070nyj,28426.0,401772721,6742.0,7,7,-155.0,130.0,-3.0,-110.0,-110.0,37.5,-108.0,-112.0,0,outdoors,fieldturf,67.0,3.0,00-0023459,00-0036945,Aaron Rodgers,Justin Fields,Mike Tomlin,Aaron Glenn,Bill Vinovich,NYC01,MetLife Stadium,0
2025_01_NYG_WAS,2025,REG,1,2025-09-07,Sunday,13:00,NYG,6.0,WAS,21.0,Home,15.0,27.0,0.0,2025090707,59852.0,,202509070was,28427.0,401772827,6743.0,7,7,240.0,-298.0,6.0,-108.0,-112.0,45.5,-110.0,-110.0,1,outdoors,grass,68.0,5.0,00-0029263,00-0039910,Russell Wilson,Jayden Daniels,Brian Daboll,Dan Quinn,Clay Martin,WAS00,FedExField,0
2025_01_TEN_DEN,2025,REG,1,2025-09-07,Sunday,16:05,TEN,12.0,DEN,20.0,Home,8.0,32.0,0.0,2025090708,59853.0,,202509070den,28428.0,401772832,6744.0,7,7,350.0,-455.0,8.5,-105.0,-115.0,42.5,-108.0,-112.0,0,outdoors,grass,84.0,6.0,00-0040676,00-0039732,Cam Ward,Bo Nix,Brian Callahan,Sean Payton,Alex Kemp,DEN00,Empower Field at Mile High,0
2025_01_SF_SEA,2025,REG,1,2025-09-07,Sunday,16:05,SF,17.0,SEA,13.0,Home,-4.0,30.0,0.0,2025090709,59854.0,,202509070sea,28429.0,401772831,6745.0,7,7,-135.0,114.0,-2.5,-105.0,-115.0,43.5,-112.0,-108.0,1,outdoors,fieldturf,67.0,6.0,00-0037834,00-0034869,Brock Purdy,Sam Darnold,Kyle Shanahan,Mike Macdonald,Shawn Hochuli,SEA00,Lumen Field,0
2025_01_DET_GB,2025,REG,1,2025-09-07,Sunday,16:25,DET,13.0,GB,27.0,Home,14.0,40.0,0.0,2025090710,59855.0,,202509070gnb,28430.0,401772722,6746.0,7,7,100.0,-120.0,1.5,-115.0,-105.0,48.5,-115.0,-105.0,1,outdoors,grass,60.0,5.0,00-0033106,00-0036264,Jared Goff,Jordan Love,Dan Campbell,Matt LaFleur,Clete Blakeman,GNB00,Lambeau Field,0
2025_01_HOU_LA,2025,REG,1,2025-09-07,Sunday,16:25,HOU,9.0,LA,14.0,Home,5.0,23.0,0.0,2025090711,59856.0,,202509070ram,28431.0,401772723,6747.0,7,7,140.0,-166.0,3.5,-118.0,-102.0,43.5,-115.0,-105.0,0,dome,matrixturf,,,00-0039163,00-0026498,C.J. Stroud,Matthew Stafford,DeMeco Ryans,Sean McVay,Craig Wrolstad,LAX01,SoFi Stadium,1
2025_01_BAL_BUF,2025,REG,1,2025-09-07,Sunday,20:20,BAL,40.0,BUF,41.0,Home,1.0,81.0,0.0,2025090712,59857.0,,202509070buf,28432.0,401772918,6748.0,7,7,-130.0,110.0,-1.5,-118.0,-102.0,50.5,-105.0,-115.0,0,outdoors,a_turf,58.0,8.0,00-0034796,00-0034857,Lamar Jackson,Josh Allen,John Harbaugh,Sean McDermott,John Hussey,BUF00,New Era Field,0
2025_01_MIN_CHI,2025,REG,1,2025-09-08,Monday,20:15,MIN,27.0,CHI,24.0,Home,-3.0,51.0,0.0,2025090800,59858.0,,202509080chi,28433.0,401772810,6749.0,7,7,-112.0,-108.0,-1.5,100.0,-120.0,43.5,-112.0,-108.0,1,outdoors,grass,68.0,6.0,00-0039923,00-0039918,J.J. McCarthy,Caleb Williams,Kevin O'Connell,Ben Johnson,Alan Eck,CHI98,Soldier Field,0
2025_02_WAS_GB,2025,REG,2,2025-09-11,Thursday,20:15,WAS,18.0,GB,27.0,Home,9.0,45.0,0.0,2025091100,59859.0,,202509110gnb,28434.0,401772936,6750.0,4,4,154.0,-185.0,3.5,-118.0,-102.0,48.5,-105.0,-115.0,0,outdoors,grass,65.0,7.0,00-0039910,00-0036264,Jayden Daniels,Jordan Love,Dan Quinn,Matt LaFleur,Brad Rogers,GNB00,Lambeau Field,0
2025_02_CLE_BAL,2025,REG,2,2025-09-14,Sunday,13:00,CLE,17.0,BAL,41.0,Home,24.0,58.0,0.0,2025091400,59860.0,,202509140rav,28435.0,401772726,6751.0,7,7,600.0,-900.0,12.5,-105.0,-115.0,46.5,-110.0,-110.0,1,outdoors,grass,82.0,3.0,00-0026158,00-0034796,Joe Flacco,Lamar Jackson,Kevin Stefanski,John Harbaugh,Brad Allen,BAL00,M&T Bank Stadium,0
2025_02_JAX_CIN,2025,REG,2,2025-09-14,Sunday,13:00,JAX,27.0,CIN,31.0,Home,4.0,58.0,0.0,2025091401,59861.0,,202509140cin,28436.0,401772725,6752.0,7,7,160.0,-192.0,3.5,-115.0,-105.0,49.5,-115.0,-105.0,0,outdoors,fieldturf,85.0,3.0,00-0036971,00-0036442,Trevor Lawrence,Joe Burrow,Liam Coen,Zac Taylor,Alan Eck,CIN00,Paycor Stadium,0
2025_02_NYG_DAL,2025,REG,2,2025-09-14,Sunday,13:00,NYG,37.0,DAL,40.0,Home,3.0,77.0,1.0,2025091402,59862.0,,202509140dal,28437.0,401772834,6753.0,7,10,195.0,-238.0,4.5,100.0,-120.0,44.5,-110.0,-110.0,1,closed,matrixturf,,,00-0029263,00-0033077,Russell Wilson,Dak Prescott,Brian Daboll,Brian Schottenheimer,Bill Vinovich,DAL00,AT&T Stadium,1
2025_02_CHI_DET,2025,REG,2,2025-09-14,Sunday,13:00,CHI,21.0,DET,52.0,Home,31.0,73.0,0.0,2025091403,59863.0,,202509140det,28438.0,401772835,6754.0,6,7,220.0,-270.0,6.0,-110.0,-110.0,46.5,-112.0,-108.0,1,dome,fieldturf,,,00-0039918,00-0033106,Caleb Williams,Jared Goff,Ben Johnson,Dan Campbell,Land Clark,DET00,Ford Field,1
2025_02_NE_MIA,2025,REG,2,2025-09-14,Sunday,13:00,NE,33.0,MIA,27.0,Home,-6.0,60.0,0.0,2025091404,59864.0,,202509140mia,28439.0,401772728,6755.0,7,7,105.0,-125.0,1.5,-110.0,-110.0,43.5,-115.0,-105.0,1,outdoors,grass,89.0,4.0,00-0039851,00-0036212,Drake Maye,Tua Tagovailoa,Mike Vrabel,Mike McDaniel,Alex Moore,MIA00,Hard Rock Stadium,0
2025_02_SF_NO,2025,REG,2,2025-09-14,Sunday,13:00,SF,26.0,NO,21.0,Home,-5.0,47.0,0.0,2025091405,59865.0,,202509140nor,28440.0,401772833,6756.0,7,7,-166.0,140.0,-3.0,-110.0,-110.0,40.5,-105.0,-115.0,0,dome,sportturf,,,00-0036972,00-0039376,Mac Jones,Spencer Rattler,Kyle Shanahan,Kellen Moore,Shawn Smith,NOR00,Mercedes-Benz Superdome,1
2025_02_BUF_NYJ,2025,REG,2,2025-09-14,Sunday,13:00,BUF,30.0,NYJ,10.0,Home,-20.0,40.0,0.0,2025091406,59866.0,,202509140nyj,28441.0,401772727,6757.0,7,7,-290.0,235.0,-6.0,-112.0,-108.0,47.5,-110.0,-110.0,1,outdoors,fieldturf,80.0,3.0,00-0034857,00-0036945,Josh Allen,Justin Fields,Sean McDermott,Aaron Glenn,Clete Blakeman,NYC01,MetLife Stadium,0
2025_02_SEA_PIT,2025,REG,2,2025-09-14,Sunday,13:00,SEA,31.0,PIT,17.0,Home,-14.0,48.0,0.0,2025091407,59867.0,,202509140pit,28442.0,401772836,6758.0,7,7,160.0,-192.0,3.5,-110.0,-110.0,40.5,-108.0,-112.0,0,outdoors,grass,79.0,5.0,00-0034869,00-0023459,Sam Darnold,Aaron Rodgers,Mike Macdonald,Mike Tomlin,Scott Novak,PIT00,Acrisure Stadium,0
2025_02_LA_TEN,2025,REG,2,2025-09-14,Sunday,13:00,LA,33.0,TEN,19.0,Home,-14.0,52.0,0.0,2025091408,59868.0,,202509140oti,28443.0,401772724,6759.0,7,7,-250.0,205.0,-5.5,-108.0,-112.0,41.5,-112.0,-108.0,0,outdoors,grass,83.0,3.0,00-0026498,00-0040676,Matthew Stafford,Cam Ward,Sean McVay,Brian Callahan,John Hussey,NAS00,Nissan Stadium,0
2025_02_CAR_ARI,2025,REG,2,2025-09-14,Sunday,16:05,CAR,22.0,ARI,27.0,Home,5.0,49.0,0.0,2025091409,59869.0,,202509140crd,28445.0,401772730,6760.0,7,7,250.0,-310.0,7.0,-110.0,-110.0,45.5,-110.0,-110.0,0,closed,grass,,,00-0039150,00-0035228,Bryce Young,Kyler Murray,Dave Canales,Jonathan Gannon,Ron Torbert,PHO00,State Farm Stadium,1
2025_02_DEN_IND,2025,REG,2,2025-09-14,Sunday,16:05,DEN,28.0,IND,29.0,Home,1.0,57.0,0.0,2025091410,59870.0,,202509140clt,28444.0,401772729,6761.0,7,7,-130.0,110.0,-2.5,-105.0,-115.0,43.5,-112.0,-108.0,0,closed,fieldturf,,,00-0039732,00-0035710,Bo Nix,Daniel Jones,Sean Payton,Shane Steichen,Craig Wrolstad,IND00,Lucas Oil Stadium,1
2025_02_PHI_KC,2025,REG,2,2025-09-14,Sunday,16:25,PHI,20.0,KC,17.0,Home,-3.0,37.0,0.0,2025091411,59871.0,,202509140kan,28446.0,401772837,6762.0,10,9,-122.0,102.0,-1.5,-110.0,-110.0,46.5,-102.0,-118.0,0,outdoors,grass,88.0,12.0,00-0036389,00-0033873,Jalen Hurts,Patrick Mahomes,Nick Sirianni,Andy Reid,Alex Kemp,KAN00,GEHA Field at Arrowhead Stadium,0
2025_02_ATL_MIN,2025,REG,2,2025-09-14,Sunday,20:20,ATL,22.0,MIN,6.0,Home,-16.0,28.0,0.0,2025091412,59872.0,,202509140min,28447.0,401772919,6763.0,7,6,150.0,-180.0,3.5,-115.0,-105.0,44.5,-110.0,-110.0,0,dome,sportturf,,,00-0039917,00-0039923,Michael Penix,J.J. McCarthy,Raheem Morris,Kevin O'Connell,Adrian Hill,MIN01,U.S. Bank Stadium,1
2025_02_TB_HOU,2025,REG,2,2025-09-15,Monday,19:00,TB,20.0,HOU,19.0,Home,-1.0,39.0,0.0,2025091500,59873.0,,202509150htx,28448.0,401772715,6765.0,8,8,114.0,-135.0,2.5,-110.0,-110.0,42.5,-110.0,-110.0,0,closed,astroturf,,,00-0034855,00-0039163,Baker Mayfield,C.J. Stroud,Todd Bowles,DeMeco Ryans,Shawn Hochuli,HOU00,NRG Stadium,1
2025_02_LAC_LV,2025,REG,2,2025-09-15,Monday,22:00,LAC,20.0,LV,9.0,Home,-11.0,29.0,0.0,2025091501,59874.0,,202509150rai,28449.0,401772811,6764.0,10,8,-198.0,164.0,-3.5,-105.0,-115.0,46.5,-102.0,-118.0,1,dome,grass,,,00-0036355,00-0030565,Justin Herbert,Geno Smith,Jim Harbaugh,Pete Carroll,Clay Martin,VEG00,Allegiant Stadium,1
2025_03_MIA_BUF,2025,REG,3,2025-09-18,Thursday,20:15,MIA,21.0,BUF,31.0,Home,10.0,52.0,0.0,2025091800,59875.0,,202509180buf,28450.0,401772937,6766.0,4,4,550.0,-800.0,12.5,-110.0,-110.0,50.5,-112.0,-108.0,1,outdoors,a_turf,68.0,7.0,00-0036212,00-0034857,Tua Tagovailoa,Josh Allen,Mike McDaniel,Sean McDermott,Alan Eck,BUF00,New Era Field,0
2025_03_ATL_CAR,2025,REG,3,2025-09-21,Sunday,13:00,ATL,0.0,CAR,30.0,Home,30.0,30.0,0.0,2025092100,59876.0,,202509210car,28452.0,401772838,6767.0,7,7,-225.0,185.0,-5.5,-105.0,-115.0,44.5,-115.0,-105.0,1,outdoors,grass,83.0,5.0,00-0039917,00-0039150,Michael Penix,Bryce Young,Raheem Morris,Dave Canales,Craig Wrolstad,CAR00,Bank of America Stadium,0
2025_03_GB_CLE,2025,REG,3,2025-09-21,Sunday,13:00,GB,10.0,CLE,13.0,Home,3.0,23.0,0.0,2025092101,59877.0,,202509210cle,28453.0,401772842,6768.0,10,7,-470.0,360.0,-8.5,-102.0,-118.0,41.5,-115.0,-105.0,0,outdoors,grass,79.0,10.0,00-0036264,00-0026158,Jordan Love,Joe Flacco,Matt LaFleur,Kevin Stefanski,Carl Cheffers,CLE00,FirstEnergy Stadium,0
2025_03_HOU_JAX,2025,REG,3,2025-09-21,Sunday,13:00,HOU,10.0,JAX,17.0,Home,7.0,27.0,0.0,2025092102,59878.0,,202509210jax,28454.0,401772734,6769.0,6,7,105.0,-125.0,1.5,-108.0,-112.0,43.5,-115.0,-105.0,1,outdoors,grass,85.0,11.0,00-0039163,00-0036971,C.J. Stroud,Trevor Lawrence,DeMeco Ryans,Liam Coen,Alex Kemp,JAX00,TIAA Bank Stadium,0
2025_03_CIN_MIN,2025,REG,3,2025-09-21,Sunday,13:00,CIN,10.0,MIN,48.0,Home,38.0,58.0,0.0,2025092103,59879.0,,202509210min,28455.0,401772731,6770.0,7,7,136.0,-162.0,3.0,-110.0,-110.0,41.5,-105.0,-115.0,0,dome,sportturf,,,00-0035100,00-0032950,Jake Browning,Carson Wentz,Zac Taylor,Kevin O'Connell,Ron Torbert,MIN01,U.S. Bank Stadium,1
2025_03_PIT_NE,2025,REG,3,2025-09-21,Sunday,13:00,PIT,21.0,NE,14.0,Home,-7.0,35.0,0.0,2025092104,59880.0,,202509210nwe,28456.0,401772732,6771.0,7,7,-120.0,100.0,-1.5,-105.0,-115.0,44.5,-112.0,-108.0,0,outdoors,fieldturf,66.0,5.0,00-0023459,00-0039851,Aaron Rodgers,Drake Maye,Mike Tomlin,Mike Vrabel,Clete Blakeman,BOS00,Gillette Stadium,0
2025_03_LA_PHI,2025,REG,3,2025-09-21,Sunday,13:00,LA,26.0,PHI,33.0,Home,7.0,59.0,0.0,2025092105,59881.0,,202509210phi,28457.0,401772839,6772.0,7,7,164.0,-198.0,3.5,-108.0,-112.0,45.5,-108.0,-112.0,0,outdoors,grass,73.0,9.0,00-0026498,00-0036389,Matthew Stafford,Jalen Hurts,Sean McVay,Nick Sirianni,Brad Rogers,PHI00,Lincoln Financial Field,0
2025_03_NYJ_TB,2025,REG,3,2025-09-21,Sunday,13:00,NYJ,27.0,TB,29.0,Home,2.0,56.0,0.0,2025092106,59882.0,,202509210tam,28458.0,401772840,6773.0,7,6,275.0,-345.0,6.5,-105.0,-115.0,43.5,-115.0,-105.0,0,outdoors,grass,88.0,5.0,00-0028118,00-0034855,Tyrod Taylor,Baker Mayfield,Aaron Glenn,Todd Bowles,Adrian Hill,TAM00,Raymond James Stadium,0
2025_03_IND_TEN,2025,REG,3,2025-09-21,Sunday,13:00,IND,41.0,TEN,20.0,Home,-21.0,61.0,0.0,2025092107,59883.0,,202509210oti,28459.0,401772733,6774.0,7,7,-245.0,200.0,-6.0,-108.0,-112.0,43.5,-115.0,-105.0,1,outdoors,grass,84.0,8.0,00-0035710,00-0040676,Daniel Jones,Cam Ward,Shane Steichen,Brian Callahan,Scott Novak,NAS00,Nissan Stadium,0
2025_03_LV_WAS,2025,REG,3,2025-09-21,Sunday,13:00,LV,24.0,WAS,41.0,Home,17.0,65.0,0.0,2025092108,59884.0,,202509210was,28460.0,401772841,6775.0,6,10,130.0,-155.0,2.5,100.0,-120.0,43.5,-110.0,-110.0,0,outdoors,grass,72.0,6.0,00-0030565,00-0032268,Geno Smith,Marcus Mariota,Pete Carroll,Dan Quinn,Shawn Hochuli,WAS00,FedExField,0
2025_03_DEN_LAC,2025,REG,3,2025-09-21,Sunday,16:05,DEN,20.0,LAC,23.0,Home,3.0,43.0,0.0,2025092109,59885.0,,202509210sdg,28461.0,401772735,6776.0,7,6,130.0,-155.0,2.5,100.0,-120.0,45.5,-110.0,-110.0,1,dome,matrixturf,,,00-0039732,00-0036355,Bo Nix,Justin Herbert,Sean Payton,Jim Harbaugh,Shawn Smith,LAX01,SoFi Stadium,1
2025_03_NO_SEA,2025,REG,3,2025-09-21,Sunday,16:05,NO,13.0,SEA,44.0,Home,31.0,57.0,0.0,2025092110,59886.0,,202509210sea,28462.0,401772736,6777.0,7,7,295.0,-375.0,7.5,-115.0,-105.0,41.5,-108.0,-112.0,0,outdoors,fieldturf,63.0,3.0,00-0039376,00-0034869,Spencer Rattler,Sam Darnold,Kellen Moore,Mike Macdonald,Alex Moore,SEA00,Lumen Field,0
2025_03_DAL_CHI,2025,REG,3,2025-09-21,Sunday,16:25,DAL,14.0,CHI,31.0,Home,17.0,45.0,0.0,2025092111,59887.0,,202509210chi,28463.0,401772844,6778.0,7,7,-125.0,105.0,-1.5,-115.0,-105.0,49.5,100.0,-120.0,0,outdoors,grass,82.0,4.0,00-0033077,00-0039918,Dak Prescott,Caleb Williams,Brian Schottenheimer,Ben Johnson,Clay Martin,CHI98,Soldier Field,0
2025_03_ARI_SF,2025,REG,3,2025-09-21,Sunday,16:25,ARI,15.0,SF,16.0,Home,1.0,31.0,0.0,2025092112,59888.0,,202509210sfo,28464.0,401772843,6779.0,7,7,105.0,-125.0,1.5,-112.0,-108.0,44.5,-112.0,-108.0,1,outdoors,grass,72.0,7.0,00-0035228,00-0036972,Kyler Murray,Mac Jones,Jonathan Gannon,Kyle Shanahan,John Hussey,SFO01,Levi's Stadium,0
2025_03_KC_NYG,2025,REG,3,2025-09-21,Sunday,20:20,KC,22.0,NYG,9.0,Home,-13.0,31.0,0.0,2025092113,59889.0,,202509210nyg,28465.0,401772920,6780.0,7,7,-325.0,260.0,-6.0,-115.0,-105.0,44.5,-105.0,-115.0,0,outdoors,fieldturf,65.0,5.0,00-0033873,00-0029263,Patrick Mahomes,Russell Wilson,Andy Reid,Brian Daboll,Land Clark,NYC01,MetLife Stadium,0
2025_03_DET_BAL,2025,REG,3,2025-09-22,Monday,20:15,DET,38.0,BAL,30.0,Home,-8.0,68.0,0.0,2025092200,59890.0,,202509220rav,28451.0,401772812,6781.0,8,8,200.0,-245.0,4.5,-105.0,-115.0,53.5,-105.0,-115.0,0,outdoors,grass,74.0,7.0,00-0033106,00-0034796,Jared Goff,Lamar Jackson,Dan Campbell,John Harbaugh,Bill Vinovich,BAL00,M&T Bank Stadium,0
2025_04_SEA_ARI,2025,REG,4,2025-09-25,Thursday,20:15,SEA,23.0,ARI,20.0,Home,-3.0,43.0,0.0,2025092500,59891.0,,202509250crd,28466.0,401772938,6782.0,4,4,-125.0,105.0,-1.5,-110.0,-110.0,43.5,-108.0,-112.0,1,closed,grass,,,00-0034869,00-0035228,Sam Darnold,Kyler Murray,Mike Macdonald,Jonathan Gannon,Alex Kemp,PHO00,State Farm Stadium,1
2025_04_MIN_PIT,2025,REG,4,2025-09-28,Sunday,09:30,MIN,21.0,PIT,24.0,Neutral,3.0,45.0,0.0,2025092800,59892.0,,202509280pit,28467.0,401772632,6783.0,7,7,-148.0,124.0,-2.5,-125.0,105.0,41.5,-115.0,-105.0,0,outdoors,grass,61.0,5.0,00-0032950,00-0023459,Carson Wentz,Aaron Rodgers,Kevin O'Connell,Mike Tomlin,Brad Allen,PIT00,Acrisure Stadium,0
2025_04_WAS_ATL,2025,REG,4,2025-09-28,Sunday,13:00,WAS,27.0,ATL,34.0,Home,7.0,61.0,0.0,2025092801,59893.0,,202509280atl,28468.0,401772739,6784.0,7,7,120.0,-142.0,2.5,-110.0,-110.0,43.5,-112.0,-108.0,0,closed,fieldturf,,,00-0039910,00-0039917,Jayden Daniels,Michael Penix,Dan Quinn,Raheem Morris,Scott Novak,ATL97,Mercedes-Benz Stadium,1
2025_04_NO_BUF,2025,REG,4,2025-09-28,Sunday,13:00,NO,19.0,BUF,31.0,Home,12.0,50.0,0.0,2025092802,59894.0,,202509280buf,28469.0,401772740,6785.0,7,10,800.0,-1350.0,15.5,-115.0,-105.0,48.5,-115.0,-105.0,0,outdoors,a_turf,73.0,7.0,00-0039376,00-0034857,Spencer Rattler,Josh Allen,Kellen Moore,Sean McDermott,Land Clark,BUF00,New Era Field,0
2025_04_CLE_DET,2025,REG,4,2025-09-28,Sunday,13:00,CLE,10.0,DET,34.0,Home,24.0,44.0,0.0,2025092803,59895.0,,202509280det,28470.0,401772846,6786.0,7,6,410.0,-550.0,10.0,-108.0,-112.0,44.5,-115.0,-105.0,0,dome,fieldturf,,,00-0026158,00-0033106,Joe Flacco,Jared Goff,Kevin Stefanski,Dan Campbell,Shawn Smith,DET00,Ford Field,1
2025_04_TEN_HOU,2025,REG,4,2025-09-28,Sunday,13:00,TEN,0.0,HOU,26.0,Home,26.0,26.0,0.0,2025092804,59896.0,,202509280htx,28471.0,401772738,6787.0,7,7,340.0,-440.0,7.5,-115.0,-105.0,39.5,-105.0,-115.0,1,closed,astroturf,,,00-0040676,00-0039163,Cam Ward,C.J. Stroud,Brian Callahan,DeMeco Ryans,Brad Rogers,HOU00,NRG Stadium,1
2025_04_CAR_NE,2025,REG,4,2025-09-28,Sunday,13:00,CAR,13.0,NE,42.0,Home,29.0,55.0,0.0,2025092805,59897.0,,202509280nwe,28472.0,401772847,6788.0,7,7,215.0,-265.0,5.5,-108.0,-112.0,42.5,-108.0,-112.0,0,outdoors,fieldturf,76.0,7.0,00-0039150,00-0039851,Bryce Young,Drake Maye,Dave Canales,Mike Vrabel,Bill Vinovich,BOS00,Gillette Stadium,0
2025_04_LAC_NYG,2025,REG,4,2025-09-28,Sunday,13:00,LAC,18.0,NYG,21.0,Home,3.0,39.0,0.0,2025092806,59898.0,,202509280nyg,28473.0,401772737,6789.0,7,7,-285.0,230.0,-6.0,-112.0,-108.0,43.5,-115.0,-105.0,0,outdoors,fieldturf,81.0,4.0,00-0036355,00-0040691,Justin Herbert,Jaxson Dart,Jim Harbaugh,Brian Daboll,Shawn Hochuli,NYC01,MetLife Stadium,0
2025_04_PHI_TB,2025,REG,4,2025-09-28,Sunday,13:00,PHI,31.0,TB,25.0,Home,-6.0,56.0,0.0,2025092807,59899.0,,202509280tam,28474.0,401772845,6790.0,7,7,-185.0,154.0,-3.5,-102.0,-118.0,44.5,-118.0,-102.0,0,outdoors,grass,88.0,6.0,00-0036389,00-0034855,Jalen Hurts,Baker Mayfield,Nick Sirianni,Todd Bowles,Alan Eck,TAM00,Raymond James Stadium,0
2025_04_IND_LA,2025,REG,4,2025-09-28,Sunday,16:05,IND,20.0,LA,27.0,Home,7.0,47.0,0.0,2025092808,59900.0,,202509280ram,28475.0,401772849,6791.0,7,7,154.0,-185.0,3.5,-105.0,-115.0,49.5,-105.0,-115.0,0,dome,matrixturf,,,00-0035710,00-0026498,Daniel Jones,Matthew Stafford,Shane Steichen,Sean McVay,Carl Cheffers,LAX01,SoFi Stadium,1
2025_04_JAX_SF,2025,REG,4,2025-09-28,Sunday,16:05,JAX,26.0,SF,21.0,Home,-5.0,47.0,0.0,2025092809,59901.0,,202509280sfo,28476.0,401772848,6792.0,7,7,150.0,-180.0,3.5,-120.0,100.0,45.5,-108.0,-112.0,0,outdoors,grass,72.0,7.0,00-0036971,00-0037834,Trevor Lawrence,Brock Purdy,Liam Coen,Kyle Shanahan,Clete Blakeman,SFO01,Levi's Stadium,0
2025_04_BAL_KC,2025,REG,4,2025-09-28,Sunday,16:25,BAL,20.0,KC,37.0,Home,17.0,57.0,0.0,2025092810,59902.0,,202509280kan,28478.0,401772741,6793.0,6,7,-148.0,124.0,-2.5,-120.0,100.0,48.5,100.0,-120.0,0,outdoors,grass,89.0,10.0,00-0034796,00-0033873,Lamar Jackson,Patrick Mahomes,John Harbaugh,Andy Reid,Clay Martin,KAN00,GEHA Field at Arrowhead Stadium,0
2025_04_CHI_LV,2025,REG,4,2025-09-28,Sunday,16:25,CHI,25.0,LV,24.0,Home,-1.0,49.0,0.0,2025092811,59903.0,,202509280rai,28477.0,401772742,6794.0,7,7,105.0,-125.0,1.5,-110.0,-110.0,47.5,-105.0,-115.0,0,dome,grass,,,00-0039918,00-0030565,Caleb Williams,Geno Smith,Ben Johnson,Pete Carroll,Adrian Hill,VEG00,Allegiant Stadium,1
2025_04_GB_DAL,2025,REG,4,2025-09-28,Sunday,20:20,GB,40.0,DAL,40.0,Home,0.0,80.0,1.0,2025092812,59904.0,,202509280dal,28479.0,401772921,6795.0,7,7,-345.0,275.0,-7.0,-105.0,-115.0,47.5,-115.0,-105.0,0,closed,matrixturf,,,00-0036264,00-0033077,Jordan Love,Dak Prescott,Matt LaFleur,Brian Schottenheimer,Ron Torbert,DAL00,AT&T Stadium,1
2025_04_NYJ_MIA,2025,REG,4,2025-09-29,Monday,19:15,NYJ,21.0,MIA,27.0,Home,6.0,48.0,0.0,2025092900,59905.0,,202509290mia,28481.0,401772813,6796.0,8,11,124.0,-148.0,2.5,-105.0,-115.0,44.5,-120.0,100.0,1,outdoors,grass,88.0,17.0,00-0036945,00-0036212,Justin Fields,Tua Tagovailoa,Aaron Glenn,Mike McDaniel,Craig Wrolstad,MIA00,Hard Rock Stadium,0
2025_04_CIN_DEN,2025,REG,4,2025-09-29,Monday,20:15,CIN,3.0,DEN,28.0,Home,25.0,31.0,0.0,2025092901,59906.0,,202509290den,28480.0,401772716,6797.0,8,8,360.0,-470.0,7.5,-115.0,-105.0,44.5,-115.0,-105.0,0,outdoors,grass,66.0,12.0,00-0035100,00-0039732,Jake Browning,Bo Nix,Zac Taylor,Sean Payton,Alex Moore,DEN00,Empower Field at Mile High,0
2025_05_SF_LA,2025,REG,5,2025-10-02,Thursday,20:15,SF,26.0,LA,23.0,Home,-3.0,49.0,1.0,2025100200,59907.0,,202510020ram,28482.0,401772939,6798.0,4,4,340.0,-440.0,8.5,-110.0,-110.0,43.5,-108.0,-112.0,1,dome,matrixturf,,,00-0036972,00-0026498,Mac Jones,Matthew Stafford,Kyle Shanahan,Sean McVay,Bill Vinovich,LAX01,SoFi Stadium,1
2025_05_MIN_CLE,2025,REG,5,2025-10-05,Sunday,09:30,MIN,21.0,CLE,17.0,Neutral,-4.0,38.0,0.0,2025100500,59908.0,,202510050cle,28483.0,401772633,6799.0,7,7,-198.0,164.0,-3.5,-110.0,-110.0,35.5,-112.0,-108.0,0,outdoors,grass,61.0,14.0,00-0032950,00-0040704,Carson Wentz,Dillon Gabriel,Kevin O'Connell,Kevin Stefanski,Scott Novak,CLE00,FirstEnergy Stadium,0
2025_05_HOU_BAL,2025,REG,5,2025-10-05,Sunday,13:00,HOU,44.0,BAL,10.0,Home,-34.0,54.0,0.0,2025100501,59909.0,,202510050rav,28484.0,401772743,6800.0,7,7,-148.0,124.0,-2.5,-118.0,-102.0,41.5,-115.0,-105.0,0,outdoors,grass,78.0,2.0,00-0039163,00-0033662,C.J. Stroud,Cooper Rush,DeMeco Ryans,John Harbaugh,Land Clark,BAL00,M&T Bank Stadium,0
2025_05_MIA_CAR,2025,REG,5,2025-10-05,Sunday,13:00,MIA,24.0,CAR,27.0,Home,3.0,51.0,0.0,2025100502,59910.0,,202510050car,28485.0,401772852,6801.0,6,7,-120.0,100.0,-1.5,-105.0,-115.0,44.5,-105.0,-115.0,0,outdoors,grass,77.0,8.0,00-0036212,00-0039150,Tua Tagovailoa,Bryce Young,Mike McDaniel,Dave Canales,Clay Martin,CAR00,Bank of America Stadium,0
2025_05_LV_IND,2025,REG,5,2025-10-05,Sunday,13:00,LV,6.0,IND,40.0,Home,34.0,46.0,0.0,2025100503,59911.0,,202510050clt,28486.0,401772851,6802.0,7,7,285.0,-360.0,7.0,100.0,-120.0,46.5,-108.0,-112.0,0,closed,fieldturf,,,00-0030565,00-0035710,Geno Smith,Daniel Jones,Pete Carroll,Shane Steichen,Alex Kemp,IND00,Lucas Oil Stadium,1
2025_05_NYG_NO,2025,REG,5,2025-10-05,Sunday,13:00,NYG,14.0,NO,26.0,Home,12.0,40.0,0.0,2025100504,59912.0,,202510050nor,28487.0,401772744,6803.0,7,7,100.0,-120.0,1.5,-115.0,-105.0,41.5,-105.0,-115.0,0,dome,sportturf,,,00-0040691,00-0039376,Jaxson Dart,Spencer Rattler,Brian Daboll,Kellen Moore,Alan Eck,NOR00,Mercedes-Benz Superdome,1
2025_05_DAL_NYJ,2025,REG,5,2025-10-05,Sunday,13:00,DAL,37.0,NYJ,22.0,Home,-15.0,59.0,0.0,2025100505,59913.0,,202510050nyj,28488.0,401772850,6804.0,7,6,-105.0,-115.0,1.5,-120.0,100.0,48.5,-110.0,-110.0,0,outdoors,fieldturf,82.0,3.0,00-0033077,00-0036945,Dak Prescott,Justin Fields,Brian Schottenheimer,Aaron Glenn,Alex Moore,NYC01,MetLife Stadium,0
2025_05_DEN_PHI,2025,REG,5,2025-10-05,Sunday,13:00,DEN,21.0,PHI,17.0,Home,-4.0,38.0,0.0,2025100506,59914.0,,202510050phi,28489.0,401772745,6805.0,6,7,180.0,-218.0,3.5,-105.0,-115.0,44.5,-115.0,-105.0,0,outdoors,grass,80.0,6.0,00-0039732,00-0036389,Bo Nix,Jalen Hurts,Sean Payton,Nick Sirianni,Adrian Hill,PHI00,Lincoln Financial Field,0
2025_05_TEN_ARI,2025,REG,5,2025-10-05,Sunday,16:05,TEN,22.0,ARI,21.0,Home,-1.0,43.0,0.0,2025100507,59915.0,,202510050crd,28491.0,401772747,6806.0,7,10,330.0,-425.0,7.5,-108.0,-112.0,41.5,-110.0,-110.0,0,closed,grass,,,00-0040676,00-0035228,Cam Ward,Kyler Murray,Brian Callahan,Jonathan Gannon,Shawn Smith,PHO00,State Farm Stadium,1
2025_05_TB_SEA,2025,REG,5,2025-10-05,Sunday,16:05,TB,38.0,SEA,35.0,Home,-3.0,73.0,0.0,2025100508,59916.0,,202510050sea,28490.0,401772746,6807.0,7,10,150.0,-180.0,3.5,-115.0,-105.0,44.5,-110.0,-110.0,0,outdoors,fieldturf,61.0,8.0,00-0034855,00-0034869,Baker Mayfield,Sam Darnold,Todd Bowles,Mike Macdonald,Craig Wrolstad,SEA00,Lumen Field,0
2025_05_DET_CIN,2025,REG,5,2025-10-05,Sunday,16:25,DET,37.0,CIN,24.0,Home,-13.0,61.0,0.0,2025100509,59917.0,,202510050cin,28492.0,401772854,6808.0,7,6,-575.0,425.0,-10.5,-102.0,-118.0,49.5,-112.0,-108.0,0,outdoors,fieldturf,84.0,7.0,00-0033106,00-0035100,Jared Goff,Jake Browning,Dan Campbell,Zac Taylor,Carl Cheffers,CIN00,Paycor Stadium,0
2025_05_WAS_LAC,2025,REG,5,2025-10-05,Sunday,16:25,WAS,27.0,LAC,10.0,Home,-17.0,37.0,0.0,2025100510,59918.0,,202510050sdg,28493.0,401772853,6809.0,7,7,130.0,-155.0,2.5,100.0,-120.0,47.5,-115.0,-105.0,0,dome,matrixturf,,,00-0039910,00-0036355,Jayden Daniels,Justin Herbert,Dan Quinn,Jim Harbaugh,John Hussey,LAX01,SoFi Stadium,1
2025_05_NE_BUF,2025,REG,5,2025-10-05,Sunday,20:20,NE,23.0,BUF,20.0,Home,-3.0,43.0,0.0,2025100511,59919.0,,202510050buf,28494.0,401772922,6810.0,7,7,310.0,-395.0,7.5,-105.0,-115.0,49.5,-108.0,-112.0,1,outdoors,a_turf,66.0,3.0,00-0039851,00-0034857,Drake Maye,Josh Allen,Mike Vrabel,Sean McDermott,Shawn Hochuli,BUF00,New Era Field,0
2025_05_KC_JAX,2025,REG,5,2025-10-06,Monday,20:15,KC,28.0,JAX,31.0,Home,3.0,59.0,0.0,2025100600,59920.0,,202510060jax,28495.0,401772814,6811.0,8,8,-198.0,164.0,-3.5,-110.0,-110.0,45.5,-108.0,-112.0,0,outdoors,grass,80.0,12.0,00-0033873,00-0036971,Patrick Mahomes,Trevor Lawrence,Andy Reid,Liam Coen,Brad Rogers,JAX00,TIAA Bank Stadium,0
2025_06_PHI_NYG,2025,REG,6,2025-10-09,Thursday,20:15,PHI,17.0,NYG,34.0,Home,17.0,51.0,0.0,2025100900,59921.0,,202510090nyg,28496.0,401772940,6812.0,4,4,-395.0,310.0,-7.0,-120.0,100.0,40.5,-105.0,-115.0,1,outdoors,fieldturf,53.0,3.0,00-0036389,00-0040691,Jalen Hurts,Jaxson Dart,Nick Sirianni,Brian Daboll,Clete Blakeman,NYC01,MetLife Stadium,0
2025_06_DEN_NYJ,2025,REG,6,2025-10-12,Sunday,09:30,DEN,13.0,NYJ,11.0,Neutral,-2.0,24.0,0.0,2025101200,59922.0,,202510120nyj,28497.0,401772634,6813.0,7,7,-395.0,310.0,-7.5,100.0,-120.0,43.5,-112.0,-108.0,0,outdoors,grass,59.0,6.0,00-0039732,00-0036945,Bo Nix,Justin Fields,Sean Payton,Aaron Glenn,Land Clark,NYC01,MetLife Stadium,0
2025_06_LA_BAL,2025,REG,6,2025-10-12,Sunday,13:00,LA,17.0,BAL,3.0,Home,-14.0,20.0,0.0,2025101201,59923.0,,202510120rav,28498.0,401772855,6814.0,10,7,-355.0,280.0,-7.0,-105.0,-115.0,43.5,-108.0,-112.0,0,outdoors,grass,64.0,15.0,00-0026498,00-0033662,Matthew Stafford,Cooper Rush,Sean McVay,John Harbaugh,Alex Kemp,BAL00,M&T Bank Stadium,0
2025_06_DAL_CAR,2025,REG,6,2025-10-12,Sunday,13:00,DAL,27.0,CAR,30.0,Home,3.0,57.0,0.0,2025101202,59924.0,,202510120car,28499.0,401772858,6815.0,7,7,-175.0,145.0,-3.0,-118.0,-102.0,47.5,-105.0,-115.0,0,outdoors,grass,68.0,15.0,00-0033077,00-0039150,Dak Prescott,Bryce Young,Brian Schottenheimer,Dave Canales,John Hussey,CAR00,Bank of America Stadium,0
2025_06_ARI_IND,2025,REG,6,2025-10-12,Sunday,13:00,ARI,27.0,IND,31.0,Home,4.0,58.0,0.0,2025101203,59925.0,,202510120clt,28500.0,401772856,6816.0,7,7,360.0,-470.0,8.5,-110.0,-110.0,46.5,-122.0,102.0,0,closed,fieldturf,,,00-0033119,00-0035710,Jacoby Brissett,Daniel Jones,Jonathan Gannon,Shane Steichen,Shawn Hochuli,IND00,Lucas Oil Stadium,1
2025_06_SEA_JAX,2025,REG,6,2025-10-12,Sunday,13:00,SEA,20.0,JAX,12.0,Home,-8.0,32.0,0.0,2025101204,59926.0,,202510120jax,28501.0,401772857,6817.0,7,6,-115.0,-105.0,-1.5,100.0,-120.0,47.5,-115.0,-105.0,0,outdoors,grass,76.0,8.0,00-0034869,00-0036971,Sam Darnold,Trevor Lawrence,Mike Macdonald,Liam Coen,Clay Martin,JAX00,TIAA Bank Stadium,0
2025_06_LAC_MIA,2025,REG,6,2025-10-12,Sunday,13:00,LAC,29.0,MIA,27.0,Home,-2.0,56.0,0.0,2025101205,59927.0,,202510120mia,28502.0,401772750,6818.0,7,7,-205.0,170.0,-3.5,-115.0,-105.0,45.5,-115.0,-105.0,0,outdoors,grass,85.0,4.0,00-0036355,00-0036212,Justin Herbert,Tua Tagovailoa,Jim Harbaugh,Mike McDaniel,Bill Vinovich,MIA00,Hard Rock Stadium,0
2025_06_NE_NO,2025,REG,6,2025-10-12,Sunday,13:00,NE,25.0,NO,19.0,Home,-6.0,44.0,0.0,2025101210,59932.0,,202510120nor,28507.0,401772751,6823.0,7,7,-192.0,160.0,-3.5,-105.0,-115.0,46.5,-115.0,-105.0,0,dome,sportturf,,,00-0039851,00-0039376,Drake Maye,Spencer Rattler,Mike Vrabel,Kellen Moore,Adrian Hill,NOR00,Mercedes-Benz Superdome,1
2025_06_CLE_PIT,2025,REG,6,2025-10-12,Sunday,13:00,CLE,9.0,PIT,23.0,Home,14.0,32.0,0.0,2025101206,59928.0,,202510120pit,28503.0,401772748,6819.0,7,14,225.0,-278.0,5.5,100.0,-120.0,37.5,100.0,-120.0,1,outdoors,grass,64.0,8.0,00-0040704,00-0023459,Dillon Gabriel,Aaron Rodgers,Kevin Stefanski,Mike Tomlin,Ron Torbert,PIT00,Acrisure Stadium,0
2025_06_TEN_LV,2025,REG,6,2025-10-12,Sunday,16:05,TEN,10.0,LV,20.0,Home,10.0,30.0,0.0,2025101208,59930.0,,202510120rai,28505.0,401772859,6821.0,7,7,154.0,-185.0,3.5,-110.0,-110.0,41.5,-105.0,-115.0,0,dome,grass,,,00-0040676,00-0030565,Cam Ward,Geno Smith,Brian Callahan,Pete Carroll,Carl Cheffers,VEG00,Allegiant Stadium,1
2025_06_CIN_GB,2025,REG,6,2025-10-12,Sunday,16:25,CIN,18.0,GB,27.0,Home,9.0,45.0,0.0,2025101209,59931.0,,202510120gnb,28506.0,401772752,6822.0,7,14,650.0,-1000.0,14.0,-110.0,-110.0,44.5,-110.0,-110.0,0,outdoors,grass,64.0,14.0,00-0026158,00-0036264,Joe Flacco,Jordan Love,Zac Taylor,Matt LaFleur,Brad Allen,GNB00,Lambeau Field,0
2025_06_SF_TB,2025,REG,6,2025-10-12,Sunday,16:25,SF,19.0,TB,30.0,Home,11.0,49.0,0.0,2025101207,59929.0,,202510120tam,28504.0,401772749,6820.0,10,7,160.0,-192.0,3.5,-105.0,-115.0,46.5,-105.0,-115.0,0,outdoors,grass,82.0,10.0,00-0036972,00-0034855,Mac Jones,Baker Mayfield,Kyle Shanahan,Todd Bowles,Brad Rogers,TAM00,Raymond James Stadium,0
2025_06_DET_KC,2025,REG,6,2025-10-12,Sunday,20:20,DET,17.0,KC,30.0,Home,13.0,47.0,0.0,2025101211,59933.0,,202510120kan,28508.0,401772923,6824.0,7,6,120.0,-142.0,2.5,-105.0,-115.0,51.5,-105.0,-115.0,0,outdoors,grass,85.0,13.0,00-0033106,00-0033873,Jared Goff,Patrick Mahomes,Dan Campbell,Andy Reid,Craig Wrolstad,KAN00,GEHA Field at Arrowhead Stadium,0
2025_06_BUF_ATL,2025,REG,6,2025-10-13,Monday,19:15,BUF,14.0,ATL,24.0,Home,10.0,38.0,0.0,2025101300,59934.0,,202510130atl,28509.0,401772815,6825.0,8,15,-205.0,170.0,-3.5,-120.0,100.0,49.5,-102.0,-118.0,0,closed,fieldturf,,,00-0034857,00-0039917,Josh Allen,Michael Penix,Sean McDermott,Raheem Morris,Shawn Smith,ATL97,Mercedes-Benz Stadium,1
2025_06_CHI_WAS,2025,REG,6,2025-10-13,Monday,20:15,CHI,25.0,WAS,24.0,Home,-1.0,49.0,0.0,2025101301,59935.0,,202510130was,28510.0,401772717,6826.0,15,8,210.0,-258.0,5.5,-108.0,-112.0,49.5,-105.0,-115.0,0,outdoors,grass,59.0,12.0,00-0039918,00-0039910,Caleb Williams,Jayden Daniels,Ben Johnson,Dan Quinn,Alex Moore,WAS00,FedExField,0
2025_07_PIT_CIN,2025,REG,7,2025-10-16,Thursday,20:15,PIT,31.0,CIN,33.0,Home,2.0,64.0,0.0,2025101600,59936.0,,202510160cin,28511.0,401772941,6827.0,4,4,-245.0,200.0,-5.5,-105.0,-115.0,45.5,-115.0,-105.0,1,outdoors,fieldturf,60.0,5.0,00-0023459,00-0026158,Aaron Rodgers,Joe Flacco,Mike Tomlin,Zac Taylor,Clay Martin,CIN00,Paycor Stadium,0
2025_07_LA_JAX,2025,REG,7,2025-10-19,Sunday,09:30,LA,35.0,JAX,7.0,Neutral,-28.0,42.0,0.0,2025101900,59937.0,,202510190jax,28512.0,401772635,6828.0,7,7,-166.0,140.0,-3.0,-115.0,-105.0,44.5,-105.0,-115.0,0,outdoors,grass,59.0,9.0,00-0026498,00-0036971,Matthew Stafford,Trevor Lawrence,Sean McVay,Liam Coen,Adrian Hill,JAX00,TIAA Bank Stadium,0
2025_07_NO_CHI,2025,REG,7,2025-10-19,Sunday,13:00,NO,14.0,CHI,26.0,Home,12.0,40.0,0.0,2025101901,59938.0,,202510190chi,28513.0,401772861,6829.0,7,6,185.0,-225.0,4.5,-120.0,100.0,43.5,-110.0,-110.0,0,outdoors,grass,49.0,8.0,00-0039376,00-0039918,Spencer Rattler,Caleb Williams,Kellen Moore,Ben Johnson,Scott Novak,CHI98,Soldier Field,0
2025_07_MIA_CLE,2025,REG,7,2025-10-19,Sunday,13:00,MIA,6.0,CLE,31.0,Home,25.0,37.0,0.0,2025101902,59939.0,,202510190cle,28514.0,401772754,6830.0,7,7,124.0,-148.0,2.5,-102.0,-118.0,34.5,-112.0,-108.0,0,outdoors,grass,65.0,17.0,00-0036212,00-0040704,Tua Tagovailoa,Dillon Gabriel,Mike McDaniel,Kevin Stefanski,Shawn Hochuli,CLE00,FirstEnergy Stadium,0
2025_07_LV_KC,2025,REG,7,2025-10-19,Sunday,13:00,LV,0.0,KC,31.0,Home,31.0,31.0,0.0,2025101903,59940.0,,202510190kan,28515.0,401772753,6831.0,7,7,625.0,-950.0,13.5,-115.0,-105.0,44.5,-115.0,-105.0,1,outdoors,grass,57.0,9.0,00-0030565,00-0033873,Geno Smith,Patrick Mahomes,Pete Carroll,Andy Reid,Clete Blakeman,KAN00,GEHA Field at Arrowhead Stadium,0
2025_07_PHI_MIN,2025,REG,7,2025-10-19,Sunday,13:00,PHI,28.0,MIN,22.0,Home,-6.0,50.0,0.0,2025101904,59941.0,,202510190min,28516.0,401772862,6832.0,10,14,-148.0,124.0,-2.5,-110.0,-110.0,43.5,-105.0,-115.0,0,dome,sportturf,,,00-0036389,00-0032950,Jalen Hurts,Carson Wentz,Nick Sirianni,Kevin O'Connell,Bill Vinovich,MIN01,U.S. Bank Stadium,1
2025_07_CAR_NYJ,2025,REG,7,2025-10-19,Sunday,13:00,CAR,13.0,NYJ,6.0,Home,-7.0,19.0,0.0,2025101905,59942.0,,202510190nyj,28517.0,401772860,6833.0,7,7,-108.0,-112.0,1.5,-125.0,105.0,39.5,-102.0,-118.0,0,outdoors,fieldturf,71.0,13.0,00-0039150,00-0036945,Bryce Young,Justin Fields,Dave Canales,Aaron Glenn,Brad Rogers,NYC01,MetLife Stadium,0
2025_07_NE_TEN,2025,REG,7,2025-10-19,Sunday,13:00,NE,31.0,TEN,13.0,Home,-18.0,44.0,0.0,2025101906,59943.0,,202510190oti,28518.0,401772755,6834.0,7,7,-290.0,235.0,-6.5,-108.0,-112.0,40.5,-108.0,-112.0,0,outdoors,grass,60.0,18.0,00-0039851,00-0040676,Drake Maye,Cam Ward,Mike Vrabel,Brian Callahan,Craig Wrolstad,NAS00,Nissan Stadium,0
2025_07_NYG_DEN,2025,REG,7,2025-10-19,Sunday,16:05,NYG,32.0,DEN,33.0,Home,1.0,65.0,0.0,2025101907,59944.0,,202510190den,28519.0,401772757,6835.0,10,7,330.0,-425.0,7.5,-105.0,-115.0,39.5,-105.0,-115.0,0,outdoors,grass,72.0,3.0,00-0040691,00-0039732,Jaxson Dart,Bo Nix,Brian Daboll,Sean Payton,Brad Allen,DEN00,Empower Field at Mile High,0
2025_07_IND_LAC,2025,REG,7,2025-10-19,Sunday,16:05,IND,38.0,LAC,24.0,Home,-14.0,62.0,0.0,2025101908,59945.0,,202510190sdg,28520.0,401772756,6836.0,7,7,114.0,-135.0,2.5,-108.0,-112.0,48.5,-110.0,-110.0,0,dome,matrixturf,,,00-0035710,00-0036355,Daniel Jones,Justin Herbert,Shane Steichen,Jim Harbaugh,Alan Eck,LAX01,SoFi Stadium,1
2025_07_GB_ARI,2025,REG,7,2025-10-19,Sunday,16:25,GB,27.0,ARI,23.0,Home,-4.0,50.0,0.0,2025101909,59946.0,,202510190crd,28521.0,401772863,6837.0,7,7,-395.0,310.0,-7.0,-115.0,-105.0,44.5,-110.0,-110.0,0,closed,grass,,,00-0036264,00-0033119,Jordan Love,Jacoby Brissett,Matt LaFleur,Jonathan Gannon,Alex Moore,PHO00,State Farm Stadium,1
2025_07_WAS_DAL,2025,REG,7,2025-10-19,Sunday,16:25,WAS,22.0,DAL,44.0,Home,22.0,66.0,0.0,2025101910,59947.0,,202510190dal,28522.0,401772864,6838.0,6,7,105.0,-125.0,1.5,-108.0,-112.0,54.5,-108.0,-112.0,1,closed,matrixturf,,,00-0039910,00-0033077,Jayden Daniels,Dak Prescott,Dan Quinn,Brian Schottenheimer,Alex Kemp,DAL00,AT&T Stadium,1
2025_07_ATL_SF,2025,REG,7,2025-10-19,Sunday,20:20,ATL,10.0,SF,20.0,Home,10.0,30.0,0.0,2025101911,59948.0,,202510190sfo,28523.0,401772924,6839.0,6,7,-105.0,-115.0,1.5,-120.0,100.0,46.5,-112.0,-108.0,0,outdoors,grass,74.0,5.0,00-0039917,00-0036972,Michael Penix,Mac Jones,Raheem Morris,Kyle Shanahan,Ron Torbert,SFO01,Levi's Stadium,0
2025_07_TB_DET,2025,REG,7,2025-10-20,Monday,19:00,TB,9.0,DET,24.0,Home,15.0,33.0,0.0,2025102000,59949.0,,202510200det,28524.0,401772816,6841.0,8,8,225.0,-278.0,6.0,-112.0,-108.0,54.5,-115.0,-105.0,0,dome,fieldturf,,,00-0034855,00-0033106,Baker Mayfield,Jared Goff,Todd Bowles,Dan Campbell,John Hussey,DET00,Ford Field,1
2025_07_HOU_SEA,2025,REG,7,2025-10-20,Monday,22:00,HOU,19.0,SEA,27.0,Home,8.0,46.0,0.0,2025102001,59950.0,,202510200sea,28525.0,401772826,6840.0,15,8,140.0,-166.0,3.0,-110.0,-110.0,41.5,-110.0,-110.0,0,outdoors,fieldturf,56.0,5.0,00-0039163,00-0034869,C.J. Stroud,Sam Darnold,DeMeco Ryans,Mike Macdonald,Carl Cheffers,SEA00,Lumen Field,0
2025_08_MIN_LAC,2025,REG,8,2025-10-23,Thursday,20:15,MIN,10.0,LAC,37.0,Home,27.0,47.0,0.0,2025102300,59951.0,,202510230sdg,28526.0,401772942,6842.0,4,4,142.0,-170.0,3.0,100.0,-120.0,45.5,-110.0,-110.0,0,dome,matrixturf,,,00-0032950,00-0036355,Carson Wentz,Justin Herbert,Kevin O'Connell,Jim Harbaugh,Clete Blakeman,LAX01,SoFi Stadium,1
2025_08_MIA_ATL,2025,REG,8,2025-10-26,Sunday,13:00,MIA,34.0,ATL,10.0,Home,-24.0,44.0,0.0,2025102600,59952.0,,202510260atl,28527.0,401772760,6843.0,7,7,280.0,-355.0,7.0,-115.0,-105.0,44.5,-115.0,-105.0,0,closed,fieldturf,,,00-0036212,00-0029604,Tua Tagovailoa,Kirk Cousins,Mike McDaniel,Raheem Morris,John Hussey,ATL97,Mercedes-Benz Stadium,1
2025_08_CHI_BAL,2025,REG,8,2025-10-26,Sunday,13:00,CHI,16.0,BAL,30.0,Home,14.0,46.0,0.0,2025102601,59953.0,,202510260rav,28528.0,401772759,6844.0,7,14,124.0,-148.0,2.5,-102.0,-118.0,45.5,-112.0,-108.0,0,outdoors,grass,60.0,2.0,00-0039918,00-0035993,Caleb Williams,Tyler Huntley,Ben Johnson,John Harbaugh,Shawn Smith,BAL00,M&T Bank Stadium,0
2025_08_BUF_CAR,2025,REG,8,2025-10-26,Sunday,13:00,BUF,40.0,CAR,9.0,Home,-31.0,49.0,0.0,2025102602,59954.0,,202510260car,28529.0,401772865,6845.0,13,7,-395.0,310.0,-7.0,-115.0,-105.0,47.5,-108.0,-112.0,0,outdoors,grass,63.0,9.0,00-0034857,00-0039150,Josh Allen,Bryce Young,Sean McDermott,Dave Canales,Craig Wrolstad,CAR00,Bank of America Stadium,0
2025_08_NYJ_CIN,2025,REG,8,2025-10-26,Sunday,13:00,NYJ,39.0,CIN,38.0,Home,-1.0,77.0,0.0,2025102603,59955.0,,202510260cin,28530.0,401772758,6846.0,7,10,210.0,-258.0,5.5,-112.0,-108.0,43.5,-102.0,-118.0,0,outdoors,fieldturf,57.0,8.0,00-0036945,00-0026158,Justin Fields,Joe Flacco,Aaron Glenn,Zac Taylor,Scott Novak,CIN00,Paycor Stadium,0
2025_08_SF_HOU,2025,REG,8,2025-10-26,Sunday,13:00,SF,15.0,HOU,26.0,Home,11.0,41.0,0.0,2025102604,59956.0,,202510260htx,28531.0,401772866,6847.0,7,6,130.0,-155.0,2.5,100.0,-120.0,41.5,-112.0,-108.0,0,closed,astroturf,,,00-0036972,00-0039163,Mac Jones,C.J. Stroud,Kyle Shanahan,DeMeco Ryans,Alan Eck,HOU00,NRG Stadium,1
2025_08_CLE_NE,2025,REG,8,2025-10-26,Sunday,13:00,CLE,13.0,NE,32.0,Home,19.0,45.0,0.0,2025102605,59957.0,,202510260nwe,28532.0,401772868,6848.0,7,7,300.0,-380.0,7.0,-115.0,-105.0,40.5,-115.0,-105.0,0,outdoors,fieldturf,53.0,7.0,00-0040704,00-0039851,Dillon Gabriel,Drake Maye,Kevin Stefanski,Mike Vrabel,Alex Moore,BOS00,Gillette Stadium,0
2025_08_NYG_PHI,2025,REG,8,2025-10-26,Sunday,13:00,NYG,20.0,PHI,38.0,Home,18.0,58.0,0.0,2025102606,59958.0,,202510260phi,28533.0,401772867,6849.0,7,7,300.0,-380.0,7.0,-102.0,-118.0,43.5,-108.0,-112.0,1,outdoors,grass,60.0,4.0,00-0040691,00-0036389,Jaxson Dart,Jalen Hurts,Brian Daboll,Nick Sirianni,Brad Rogers,PHI00,Lincoln Financial Field,0
2025_08_TB_NO,2025,REG,8,2025-10-26,Sunday,16:05,TB,23.0,NO,3.0,Home,-20.0,26.0,0.0,2025102607,59959.0,,202510260nor,28534.0,401772869,6850.0,6,7,-218.0,180.0,-4.5,-105.0,-115.0,46.5,-110.0,-110.0,1,dome,sportturf,,,00-0034855,00-0039376,Baker Mayfield,Spencer Rattler,Todd Bowles,Kellen Moore,Ron Torbert,NOR00,Mercedes-Benz Superdome,1
2025_08_DAL_DEN,2025,REG,8,2025-10-26,Sunday,16:25,DAL,24.0,DEN,44.0,Home,20.0,68.0,0.0,2025102608,59960.0,,202510260den,28535.0,401772762,6851.0,7,7,160.0,-192.0,3.5,-110.0,-110.0,51.5,-110.0,-110.0,0,outdoors,grass,67.0,4.0,00-0033077,00-0039732,Dak Prescott,Bo Nix,Brian Schottenheimer,Sean Payton,Carl Cheffers,DEN00,Empower Field at Mile High,0
2025_08_TEN_IND,2025,REG,8,2025-10-26,Sunday,16:25,TEN,14.0,IND,38.0,Home,24.0,52.0,0.0,2025102609,59961.0,,202510260clt,28536.0,401772761,6852.0,7,7,950.0,-1650.0,15.5,-115.0,-105.0,47.5,-102.0,-118.0,1,closed,fieldturf,,,00-0040676,00-0035710,Cam Ward,Daniel Jones,Brian Callahan,Shane Steichen,Land Clark,IND00,Lucas Oil Stadium,1
2025_08_GB_PIT,2025,REG,8,2025-10-26,Sunday,20:20,GB,35.0,PIT,25.0,Home,-10.0,60.0,0.0,2025102610,59962.0,,202510260pit,28537.0,401772925,6853.0,7,10,-155.0,130.0,-3.0,100.0,-120.0,46.5,-115.0,-105.0,0,outdoors,grass,46.0,5.0,00-0036264,00-0023459,Jordan Love,Aaron Rodgers,Matt LaFleur,Mike Tomlin,Shawn Hochuli,PIT00,Acrisure Stadium,0
2025_08_WAS_KC,2025,REG,8,2025-10-27,Monday,20:15,WAS,7.0,KC,28.0,Home,21.0,35.0,0.0,2025102700,59963.0,,202510270kan,28538.0,401772817,6854.0,8,8,500.0,-700.0,10.5,-105.0,-115.0,48.5,-115.0,-105.0,0,outdoors,grass,54.0,8.0,00-0039910,00-0033873,Jayden Daniels,Patrick Mahomes,Dan Quinn,Andy Reid,Brad Allen,KAN00,GEHA Field at Arrowhead Stadium,0
2025_09_BAL_MIA,2025,REG,9,2025-10-30,Thursday,20:15,BAL,28.0,MIA,6.0,Home,-22.0,34.0,0.0,2025103000,59964.0,,202510300mia,28539.0,401772943,6855.0,4,4,-455.0,350.0,-7.5,-120.0,100.0,51.5,-110.0,-110.0,0,outdoors,grass,73.0,5.0,00-0034796,00-0036212,Lamar Jackson,Tua Tagovailoa,John Harbaugh,Mike McDaniel,Scott Novak,MIA00,Hard Rock Stadium,0
2025_09_CHI_CIN,2025,REG,9,2025-11-02,Sunday,13:00,CHI,47.0,CIN,42.0,Home,-5.0,89.0,0.0,2025110200,59965.0,,202511020cin,28540.0,401772765,6856.0,7,7,-162.0,136.0,-3.0,-105.0,-115.0,51.5,-108.0,-112.0,0,outdoors,fieldturf,50.0,6.0,00-0039918,00-0026158,Caleb Williams,Joe Flacco,Ben Johnson,Zac Taylor,Clete Blakeman,CIN00,Paycor Stadium,0
2025_09_MIN_DET,2025,REG,9,2025-11-02,Sunday,13:00,MIN,27.0,DET,24.0,Home,-3.0,51.0,0.0,2025110201,59966.0,,202511020det,28541.0,401772871,6857.0,10,13,410.0,-550.0,9.5,-108.0,-112.0,47.5,-105.0,-115.0,1,dome,fieldturf,,,00-0039923,00-0033106,J.J. McCarthy,Jared Goff,Kevin O'Connell,Dan Campbell,Clay Martin,DET00,Ford Field,1
2025_09_CAR_GB,2025,REG,9,2025-11-02,Sunday,13:00,CAR,16.0,GB,13.0,Home,-3.0,29.0,0.0,2025110202,59967.0,,202511020gnb,28542.0,401772872,6858.0,7,7,650.0,-1000.0,12.5,-102.0,-118.0,43.5,-115.0,-105.0,0,outdoors,grass,47.0,15.0,00-0039150,00-0036264,Bryce Young,Jordan Love,Dave Canales,Matt LaFleur,Land Clark,GNB00,Lambeau Field,0
2025_09_DEN_HOU,2025,REG,9,2025-11-02,Sunday,13:00,DEN,18.0,HOU,15.0,Home,-3.0,33.0,0.0,2025110203,59968.0,,202511020htx,28543.0,401772870,6859.0,7,7,105.0,-125.0,1.5,-110.0,-110.0,40.5,-105.0,-115.0,0,closed,astroturf,,,00-0039732,00-0039163,Bo Nix,C.J. Stroud,Sean Payton,DeMeco Ryans,Ron Torbert,HOU00,NRG Stadium,1
2025_09_ATL_NE,2025,REG,9,2025-11-02,Sunday,13:00,ATL,23.0,NE,24.0,Home,1.0,47.0,0.0,2025110204,59969.0,,202511020nwe,28544.0,401772763,6860.0,7,7,205.0,-250.0,5.5,-110.0,-110.0,45.5,-112.0,-108.0,0,outdoors,fieldturf,52.0,7.0,00-0039917,00-0039851,Michael Penix,Drake Maye,Raheem Morris,Mike Vrabel,Brad Allen,BOS00,Gillette Stadium,0
2025_09_SF_NYG,2025,REG,9,2025-11-02,Sunday,13:00,SF,34.0,NYG,24.0,Home,-10.0,58.0,0.0,2025110205,59970.0,,202511020nyg,28545.0,401772767,6861.0,7,7,-148.0,124.0,-2.5,-120.0,100.0,47.5,-108.0,-112.0,0,outdoors,fieldturf,56.0,5.0,00-0036972,00-0040691,Mac Jones,Jaxson Dart,Kyle Shanahan,Brian Daboll,John Hussey,NYC01,MetLife Stadium,0
2025_09_IND_PIT,2025,REG,9,2025-11-02,Sunday,13:00,IND,20.0,PIT,27.0,Home,7.0,47.0,0.0,2025110206,59971.0,,202511020pit,28546.0,401772766,6862.0,7,7,-185.0,154.0,-3.5,100.0,-120.0,51.5,-105.0,-115.0,0,outdoors,grass,56.0,2.0,00-0035710,00-0023459,Daniel Jones,Aaron Rodgers,Shane Steichen,Mike Tomlin,Craig Wrolstad,PIT00,Acrisure Stadium,0
2025_09_LAC_TEN,2025,REG,9,2025-11-02,Sunday,13:00,LAC,27.0,TEN,20.0,Home,-7.0,47.0,0.0,2025110207,59972.0,,202511020oti,28547.0,401772764,6863.0,10,7,-650.0,470.0,-10.0,-112.0,-108.0,44.5,-110.0,-110.0,0,outdoors,grass,46.0,5.0,00-0036355,00-0040676,Justin Herbert,Cam Ward,Jim Harbaugh,Brian Callahan,Alex Kemp,NAS00,Nissan Stadium,0
2025_09_NO_LA,2025,REG,9,2025-11-02,Sunday,16:05,NO,10.0,LA,34.0,Home,24.0,44.0,0.0,2025110208,59973.0,,202511020ram,28548.0,401772874,6864.0,7,14,750.0,-1200.0,14.0,-105.0,-115.0,44.5,-105.0,-115.0,0,dome,matrixturf,,,00-0040743,00-0026498,Tyler Shough,Matthew Stafford,Kellen Moore,Sean McVay,Shawn Smith,LAX01,SoFi Stadium,1
2025_09_JAX_LV,2025,REG,9,2025-11-02,Sunday,16:05,JAX,30.0,LV,29.0,Home,-1.0,59.0,1.0,2025110209,59974.0,,202511020rai,28549.0,401772873,6865.0,14,14,-130.0,110.0,-2.5,-105.0,-115.0,43.5,-105.0,-115.0,0,dome,grass,,,00-0036971,00-0030565,Trevor Lawrence,Geno Smith,Liam Coen,Pete Carroll,Alan Eck,VEG00,Allegiant Stadium,1
2025_09_KC_BUF,2025,REG,9,2025-11-02,Sunday,16:25,KC,21.0,BUF,28.0,Home,7.0,49.0,0.0,2025110210,59975.0,,202511020buf,28550.0,401772768,6866.0,6,7,-135.0,114.0,-2.5,-105.0,-115.0,53.5,-115.0,-105.0,0,outdoors,a_turf,54.0,6.0,00-0033873,00-0034857,Patrick Mahomes,Josh Allen,Andy Reid,Sean McDermott,Carl Cheffers,BUF00,New Era Field,0
2025_09_SEA_WAS,2025,REG,9,2025-11-02,Sunday,20:20,SEA,38.0,WAS,14.0,Home,-24.0,52.0,0.0,2025110211,59976.0,,202511020was,28551.0,401772926,6867.0,13,6,-148.0,124.0,-2.5,-120.0,100.0,47.5,-115.0,-105.0,0,outdoors,grass,53.0,3.0,00-0034869,00-0039910,Sam Darnold,Jayden Daniels,Mike Macdonald,Dan Quinn,Bill Vinovich,WAS00,FedExField,0
2025_09_ARI_DAL,2025,REG,9,2025-11-03,Monday,20:15,ARI,27.0,DAL,17.0,Home,-10.0,44.0,0.0,2025110300,59977.0,,202511030dal,28552.0,401772818,6868.0,15,8,145.0,-175.0,3.5,-115.0,-105.0,53.5,-105.0,-115.0,0,closed,matrixturf,,,00-0033119,00-0033077,Jacoby Brissett,Dak Prescott,Jonathan Gannon,Brian Schottenheimer,Adrian Hill,DAL00,AT&T Stadium,1
2025_10_LV_DEN,2025,REG,10,2025-11-06,Thursday,20:15,LV,7.0,DEN,10.0,Home,3.0,17.0,0.0,2025110600,59978.0,,202511060den,28553.0,401772944,6869.0,4,4,380.0,-500.0,9.5,-112.0,-108.0,42.5,-110.0,-110.0,1,outdoors,grass,60.0,10.0,00-0030565,00-0039732,Geno Smith,Bo Nix,Pete Carroll,Sean Payton,Bill Vinovich,DEN00,Empower Field at Mile High,0
2025_10_ATL_IND,2025,REG,10,2025-11-09,Sunday,09:30,ATL,25.0,IND,31.0,Neutral,6.0,56.0,1.0,2025110900,59979.0,,202511090clt,28554.0,401772636,6870.0,7,7,250.0,-310.0,6.5,-112.0,-108.0,48.5,-112.0,-108.0,0,closed,grass,46.0,2.0,00-0039917,00-0035710,Michael Penix,Daniel Jones,Raheem Morris,Shane Steichen,Clete Blakeman,IND00,Lucas Oil Stadium,1
2025_10_NO_CAR,2025,REG,10,2025-11-09,Sunday,13:00,NO,17.0,CAR,7.0,Home,-10.0,24.0,0.0,2025110901,59980.0,,202511090car,28555.0,401772877,6871.0,7,7,200.0,-245.0,5.5,-112.0,-108.0,38.5,-105.0,-115.0,1,outdoors,grass,73.0,15.0,00-0040743,00-0039150,Tyler Shough,Bryce Young,Kellen Moore,Dave Canales,Brad Allen,CAR00,Bank of America Stadium,0
2025_10_NYG_CHI,2025,REG,10,2025-11-09,Sunday,13:00,NYG,20.0,CHI,24.0,Home,4.0,44.0,0.0,2025110902,59981.0,,202511090chi,28556.0,401772875,6872.0,7,7,180.0,-218.0,4.5,-108.0,-112.0,45.5,-112.0,-108.0,0,outdoors,grass,33.0,10.0,00-0040691,00-0039918,Jaxson Dart,Caleb Williams,Brian Daboll,Ben Johnson,Adrian Hill,CHI98,Soldier Field,0
2025_10_JAX_HOU,2025,REG,10,2025-11-09,Sunday,13:00,JAX,29.0,HOU,36.0,Home,7.0,65.0,0.0,2025110903,59982.0,,202511090htx,28557.0,401772770,6873.0,7,7,-115.0,-105.0,-1.5,100.0,-120.0,37.5,-112.0,-108.0,1,closed,astroturf,,,00-0036971,00-0036898,Trevor Lawrence,Davis Mills,Liam Coen,DeMeco Ryans,Alex Moore,HOU00,NRG Stadium,1
2025_10_BUF_MIA,2025,REG,10,2025-11-09,Sunday,13:00,BUF,13.0,MIA,30.0,Home,17.0,43.0,0.0,2025110904,59983.0,,202511090mia,28558.0,401772771,6874.0,7,10,-455.0,350.0,-8.5,-105.0,-115.0,50.5,-115.0,-105.0,1,outdoors,grass,84.0,6.0,00-0034857,00-0036212,Josh Allen,Tua Tagovailoa,Sean McDermott,Mike McDaniel,Ron Torbert,MIA00,Hard Rock Stadium,0
2025_10_BAL_MIN,2025,REG,10,2025-11-09,Sunday,13:00,BAL,27.0,MIN,19.0,Home,-8.0,46.0,0.0,2025110905,59984.0,,202511090min,28559.0,401772876,6875.0,10,7,-230.0,190.0,-4.5,-105.0,-115.0,48.5,-105.0,-115.0,0,dome,sportturf,,,00-0034796,00-0039923,Lamar Jackson,J.J. McCarthy,John Harbaugh,Kevin O'Connell,Shawn Hochuli,MIN01,U.S. Bank Stadium,1
2025_10_CLE_NYJ,2025,REG,10,2025-11-09,Sunday,13:00,CLE,20.0,NYJ,27.0,Home,7.0,47.0,0.0,2025110906,59985.0,,202511090nyj,28560.0,401772769,6876.0,14,14,-130.0,110.0,-1.5,-115.0,-105.0,37.5,-115.0,-105.0,0,outdoors,fieldturf,62.0,12.0,00-0040704,00-0028118,Dillon Gabriel,Tyrod Taylor,Kevin Stefanski,Aaron Glenn,Shawn Smith,NYC01,MetLife Stadium,0
2025_10_NE_TB,2025,REG,10,2025-11-09,Sunday,13:00,NE,28.0,TB,23.0,Home,-5.0,51.0,0.0,2025110907,59986.0,,202511090tam,28561.0,401772772,6877.0,7,14,124.0,-148.0,2.5,100.0,-120.0,48.5,-105.0,-115.0,0,outdoors,grass,82.0,11.0,00-0039851,00-0034855,Drake Maye,Baker Mayfield,Mike Vrabel,Todd Bowles,Alex Kemp,TAM00,Raymond James Stadium,0
2025_10_ARI_SEA,2025,REG,10,2025-11-09,Sunday,16:05,ARI,22.0,SEA,44.0,Home,22.0,66.0,0.0,2025110908,59987.0,,202511090sea,28562.0,401772773,6878.0,6,7,270.0,-340.0,7.0,-115.0,-105.0,44.5,-102.0,-118.0,1,outdoors,fieldturf,59.0,5.0,00-0033119,00-0034869,Jacoby Brissett,Sam Darnold,Jonathan Gannon,Mike Macdonald,Alan Eck,SEA00,Lumen Field,0
2025_10_LA_SF,2025,REG,10,2025-11-09,Sunday,16:25,LA,42.0,SF,26.0,Home,-16.0,68.0,0.0,2025110909,59988.0,,202511090sfo,28563.0,401772879,6879.0,7,7,-258.0,210.0,-5.5,-115.0,-105.0,49.5,-110.0,-110.0,1,outdoors,grass,77.0,3.0,00-0026498,00-0036972,Matthew Stafford,Mac Jones,Sean McVay,Kyle Shanahan,Land Clark,SFO01,Levi's Stadium,0
2025_10_DET_WAS,2025,REG,10,2025-11-09,Sunday,16:25,DET,44.0,WAS,22.0,Home,-22.0,66.0,0.0,2025110910,59989.0,,202511090was,28564.0,401772878,6880.0,7,7,-455.0,350.0,-8.5,-105.0,-115.0,49.5,-112.0,-108.0,0,outdoors,grass,64.0,9.0,00-0033106,00-0032268,Jared Goff,Marcus Mariota,Dan Campbell,Dan Quinn,Scott Novak,WAS00,FedExField,0
2025_10_PIT_LAC,2025,REG,10,2025-11-09,Sunday,20:20,PIT,10.0,LAC,25.0,Home,15.0,35.0,0.0,2025110911,59990.0,,202511090sdg,28565.0,401772927,6881.0,7,7,136.0,-162.0,3.0,-118.0,-102.0,45.5,-115.0,-105.0,0,dome,matrixturf,,,00-0023459,00-0036355,Aaron Rodgers,Justin Herbert,Mike Tomlin,Jim Harbaugh,Brad Rogers,LAX01,SoFi Stadium,1
2025_10_PHI_GB,2025,REG,10,2025-11-10,Monday,20:15,PHI,10.0,GB,7.0,Home,-3.0,17.0,0.0,2025111000,59991.0,,202511100gnb,28566.0,401772630,6882.0,15,8,-110.0,-110.0,1.5,-122.0,102.0,45.5,-108.0,-112.0,0,outdoors,grass,33.0,9.0,00-0036389,00-0036264,Jalen Hurts,Jordan Love,Nick Sirianni,Matt LaFleur,Clay Martin,GNB00,Lambeau Field,0
2025_11_NYJ_NE,2025,REG,11,2025-11-13,Thursday,20:15,NYJ,14.0,NE,27.0,Home,13.0,41.0,0.0,2025111300,59992.0,,202511130nwe,28567.0,401772945,6883.0,4,4,625.0,-950.0,12.5,-105.0,-115.0,43.5,-115.0,-105.0,1,outdoors,fieldturf,39.0,9.0,00-0028118,00-0039851,Tyrod Taylor,Drake Maye,Aaron Glenn,Mike Vrabel,Alan Eck,BOS00,Gillette Stadium,0
2025_11_WAS_MIA,2025,REG,11,2025-11-16,Sunday,09:30,WAS,13.0,MIA,16.0,Neutral,3.0,29.0,1.0,2025111600,59993.0,,202511160mia,28568.0,401772631,6884.0,7,7,124.0,-148.0,2.5,100.0,-120.0,47.5,-110.0,-110.0,0,outdoors,grass,,,00-0032268,00-0036212,Marcus Mariota,Tua Tagovailoa,Dan Quinn,Mike McDaniel,Shawn Smith,MIA00,Hard Rock Stadium,0
2025_11_CAR_ATL,2025,REG,11,2025-11-16,Sunday,13:00,CAR,30.0,ATL,27.0,Home,-3.0,57.0,1.0,2025111601,59994.0,,202511160atl,28569.0,401772882,6885.0,7,7,180.0,-218.0,4.5,-118.0,-102.0,42.5,-110.0,-110.0,1,closed,fieldturf,,,00-0039150,00-0039917,Bryce Young,Michael Penix,Dave Canales,Raheem Morris,Clay Martin,ATL97,Mercedes-Benz Stadium,1
2025_11_TB_BUF,2025,REG,11,2025-11-16,Sunday,13:00,TB,32.0,BUF,44.0,Home,12.0,76.0,0.0,2025111602,59995.0,,202511160buf,28570.0,401772776,6886.0,7,7,230.0,-285.0,6.0,-108.0,-112.0,46.5,-112.0,-108.0,0,outdoors,a_turf,38.0,20.0,00-0034855,00-0034857,Baker Mayfield,Josh Allen,Todd Bowles,Sean McDermott,Alex Moore,BUF00,New Era Field,0
2025_11_LAC_JAX,2025,REG,11,2025-11-16,Sunday,13:00,LAC,6.0,JAX,35.0,Home,29.0,41.0,0.0,2025111603,59996.0,,202511160jax,28571.0,401772775,6887.0,7,7,-155.0,130.0,-3.0,-105.0,-115.0,43.5,-110.0,-110.0,0,outdoors,grass,74.0,9.0,00-0036355,00-0036971,Justin Herbert,Trevor Lawrence,Jim Harbaugh,Liam Coen,Craig Wrolstad,JAX00,TIAA Bank Stadium,0
2025_11_CHI_MIN,2025,REG,11,2025-11-16,Sunday,13:00,CHI,19.0,MIN,17.0,Home,-2.0,36.0,0.0,2025111604,59997.0,,202511160min,28573.0,401772880,6888.0,7,7,124.0,-148.0,3.0,-115.0,-105.0,47.5,-102.0,-118.0,1,dome,sportturf,,,00-0039918,00-0039923,Caleb Williams,J.J. McCarthy,Ben Johnson,Kevin O'Connell,Brad Rogers,MIN01,U.S. Bank Stadium,1
2025_11_GB_NYG,2025,REG,11,2025-11-16,Sunday,13:00,GB,27.0,NYG,20.0,Home,-7.0,47.0,0.0,2025111605,59998.0,,202511160nyg,28574.0,401772883,6889.0,6,7,-440.0,340.0,-7.5,-110.0,-110.0,41.5,-110.0,-110.0,0,outdoors,fieldturf,55.0,17.0,00-0036264,00-0031503,Jordan Love,Jameis Winston,Matt LaFleur,Brian Daboll,Scott Novak,NYC01,MetLife Stadium,0
2025_11_CIN_PIT,2025,REG,11,2025-11-16,Sunday,13:00,CIN,12.0,PIT,34.0,Home,22.0,46.0,0.0,2025111606,59999.0,,202511160pit,28575.0,401772774,6890.0,14,7,205.0,-250.0,5.5,-108.0,-112.0,48.5,-110.0,-110.0,1,outdoors,grass,46.0,17.0,00-0026158,00-0023459,Joe Flacco,Aaron Rodgers,Zac Taylor,Mike Tomlin,Bill Vinovich,PIT00,Acrisure Stadium,0
2025_11_HOU_TEN,2025,REG,11,2025-11-16,Sunday,13:00,HOU,16.0,TEN,13.0,Home,-3.0,29.0,0.0,2025111607,60000.0,,202511160oti,28576.0,401772881,6891.0,7,14,-265.0,215.0,-5.5,-108.0,-112.0,37.5,-118.0,-102.0,1,outdoors,grass,64.0,8.0,00-0036898,00-0040676,Davis Mills,Cam Ward,DeMeco Ryans,Brian Callahan,Shawn Hochuli,NAS00,Nissan Stadium,0
2025_11_SF_ARI,2025,REG,11,2025-11-16,Sunday,16:05,SF,41.0,ARI,22.0,Home,-19.0,63.0,0.0,2025111608,60001.0,,202511160crd,28577.0,401772885,6892.0,7,7,-192.0,160.0,-3.5,-105.0,-115.0,48.5,-112.0,-108.0,1,closed,grass,,,00-0037834,00-0033119,Brock Purdy,Jacoby Brissett,Kyle Shanahan,Jonathan Gannon,Carl Cheffers,PHO00,State Farm Stadium,1
2025_11_SEA_LA,2025,REG,11,2025-11-16,Sunday,16:05,SEA,19.0,LA,21.0,Home,2.0,40.0,0.0,2025111609,60002.0,,202511160ram,28578.0,401772884,6893.0,7,7,145.0,-175.0,3.0,100.0,-120.0,49.5,-105.0,-115.0,1,dome,matrixturf,,,00-0034869,00-0026498,Sam Darnold,Matthew Stafford,Mike Macdonald,Sean McVay,John Hussey,LAX01,SoFi Stadium,1
2025_11_BAL_CLE,2025,REG,11,2025-11-16,Sunday,16:25,BAL,23.0,CLE,16.0,Home,-7.0,39.0,0.0,2025111610,60003.0,,202511160cle,28579.0,401772777,6894.0,7,7,-440.0,340.0,-7.5,-105.0,-115.0,37.5,-105.0,-115.0,1,outdoors,grass,44.0,20.0,00-0034796,00-0040704,Lamar Jackson,Dillon Gabriel,John Harbaugh,Kevin Stefanski,Land Clark,CLE00,FirstEnergy Stadium,0
2025_11_KC_DEN,2025,REG,11,2025-11-16,Sunday,16:25,KC,19.0,DEN,22.0,Home,3.0,41.0,0.0,2025111611,60004.0,,202511160den,28580.0,401772778,6895.0,14,10,-218.0,180.0,-3.5,-120.0,100.0,44.5,-110.0,-110.0,1,outdoors,grass,70.0,6.0,00-0033873,00-0039732,Patrick Mahomes,Bo Nix,Andy Reid,Sean Payton,Adrian Hill,DEN00,Empower Field at Mile High,0
2025_11_DET_PHI,2025,REG,11,2025-11-16,Sunday,20:20,DET,9.0,PHI,16.0,Home,7.0,25.0,0.0,2025111612,60005.0,,202511160phi,28581.0,401772928,6896.0,7,6,130.0,-155.0,2.5,-102.0,-118.0,46.5,-108.0,-112.0,0,outdoors,grass,45.0,15.0,00-0033106,00-0036389,Jared Goff,Jalen Hurts,Dan Campbell,Nick Sirianni,Alex Kemp,PHI00,Lincoln Financial Field,0
2025_11_DAL_LV,2025,REG,11,2025-11-17,Monday,20:15,DAL,33.0,LV,16.0,Home,-17.0,49.0,0.0,2025111700,60006.0,,202511170rai,28572.0,401772819,6897.0,14,11,-198.0,164.0,-3.5,-115.0,-105.0,48.5,-115.0,-105.0,0,dome,grass,,,00-0033077,00-0030565,Dak Prescott,Geno Smith,Brian Schottenheimer,Pete Carroll,Brad Allen,VEG00,Allegiant Stadium,1
2025_12_BUF_HOU,2025,REG,12,2025-11-20,Thursday,20:15,BUF,19.0,HOU,23.0,Home,4.0,42.0,0.0,2025112000,60007.0,,202511200htx,28582.0,401772946,6898.0,4,4,-258.0,210.0,-5.5,-108.0,-112.0,43.5,-105.0,-115.0,0,closed,astroturf,,,00-0034857,00-0036898,Josh Allen,Davis Mills,Sean McDermott,DeMeco Ryans,Adrian Hill,HOU00,NRG Stadium,1
2025_12_NYJ_BAL,2025,REG,12,2025-11-23,Sunday,13:00,NYJ,10.0,BAL,23.0,Home,13.0,33.0,0.0,2025112300,60008.0,,202511230rav,28583.0,401772782,6899.0,10,7,675.0,-1050.0,14.0,-110.0,-110.0,44.5,-102.0,-118.0,0,outdoors,grass,54.0,3.0,00-0028118,00-0034796,Tyrod Taylor,Lamar Jackson,Aaron Glenn,John Harbaugh,Clete Blakeman,BAL00,M&T Bank Stadium,0
2025_12_PIT_CHI,2025,REG,12,2025-11-23,Sunday,13:00,PIT,28.0,CHI,31.0,Home,3.0,59.0,0.0,2025112301,60009.0,,202511230chi,28584.0,401772780,6900.0,7,7,130.0,-155.0,3.0,-115.0,-105.0,46.5,-108.0,-112.0,0,outdoors,grass,51.0,3.0,00-0034771,00-0039918,Mason Rudolph,Caleb Williams,Mike Tomlin,Ben Johnson,John Hussey,CHI98,Soldier Field,0
2025_12_NE_CIN,2025,REG,12,2025-11-23,Sunday,13:00,NE,26.0,CIN,20.0,Home,-6.0,46.0,0.0,2025112302,60010.0,,202511230cin,28585.0,401772781,6901.0,10,7,-395.0,310.0,-7.5,-108.0,-112.0,50.5,-102.0,-118.0,0,outdoors,fieldturf,54.0,7.0,00-0039851,00-0026158,Drake Maye,Joe Flacco,Mike Vrabel,Zac Taylor,Land Clark,CIN00,Paycor Stadium,0
2025_12_NYG_DET,2025,REG,12,2025-11-23,Sunday,13:00,NYG,27.0,DET,34.0,Home,7.0,61.0,1.0,2025112303,60011.0,,202511230det,28586.0,401772888,6902.0,7,7,675.0,-1050.0,14.0,-115.0,-105.0,50.5,100.0,-120.0,0,dome,fieldturf,,,00-0031503,00-0033106,Jameis Winston,Jared Goff,Brian Daboll,Dan Campbell,Craig Wrolstad,DET00,Ford Field,1
2025_12_MIN_GB,2025,REG,12,2025-11-23,Sunday,13:00,MIN,6.0,GB,23.0,Home,17.0,29.0,0.0,2025112304,60012.0,,202511230gnb,28587.0,401772887,6903.0,7,7,235.0,-290.0,6.5,-112.0,-108.0,41.5,-112.0,-108.0,1,outdoors,grass,43.0,10.0,00-0039923,00-0036264,J.J. McCarthy,Jordan Love,Kevin O'Connell,Matt LaFleur,Carl Cheffers,GNB00,Lambeau Field,0
2025_12_IND_KC,2025,REG,12,2025-11-23,Sunday,13:00,IND,20.0,KC,23.0,Home,3.0,43.0,1.0,2025112305,60013.0,,202511230kan,28588.0,401772779,6904.0,14,7,180.0,-218.0,3.5,100.0,-120.0,50.5,-112.0,-108.0,0,outdoors,grass,,,00-0035710,00-0033873,Daniel Jones,Patrick Mahomes,Shane Steichen,Andy Reid,Alex Moore,KAN00,GEHA Field at Arrowhead Stadium,0
2025_12_SEA_TEN,2025,REG,12,2025-11-23,Sunday,13:00,SEA,30.0,TEN,24.0,Home,-6.0,54.0,0.0,2025112306,60014.0,,202511230oti,28589.0,401772886,6905.0,7,7,-950.0,625.0,-12.5,-115.0,-105.0,41.5,-110.0,-110.0,0,outdoors,grass,55.0,1.0,00-0034869,00-0040676,Sam Darnold,Cam Ward,Mike Macdonald,Brian Callahan,Ron Torbert,NAS00,Nissan Stadium,0
2025_12_JAX_ARI,2025,REG,12,2025-11-23,Sunday,16:05,JAX,27.0,ARI,24.0,Home,-3.0,51.0,1.0,2025112307,60015.0,,202511230crd,28590.0,401772783,6906.0,7,7,-135.0,114.0,-2.5,-108.0,-112.0,47.5,-115.0,-105.0,0,closed,grass,,,00-0036971,00-0033119,Trevor Lawrence,Jacoby Brissett,Liam Coen,Jonathan Gannon,Scott Novak,PHO00,State Farm Stadium,1
2025_12_CLE_LV,2025,REG,12,2025-11-23,Sunday,16:05,CLE,24.0,LV,10.0,Home,-14.0,34.0,0.0,2025112308,60016.0,,202511230rai,28591.0,401772784,6907.0,7,6,136.0,-162.0,3.0,-105.0,-115.0,35.5,-102.0,-118.0,0,dome,grass,,,00-0040668,00-0030565,Shedeur Sanders,Geno Smith,Kevin Stefanski,Pete Carroll,Shawn Hochuli,VEG00,Allegiant Stadium,1
2025_12_PHI_DAL,2025,REG,12,2025-11-23,Sunday,16:25,PHI,21.0,DAL,24.0,Home,3.0,45.0,0.0,2025112309,60017.0,,202511230dal,28592.0,401772890,6908.0,7,6,-162.0,136.0,-3.0,-105.0,-115.0,47.5,100.0,-120.0,1,closed,matrixturf,,,00-0036389,00-0033077,Jalen Hurts,Dak Prescott,Nick Sirianni,Brian Schottenheimer,Bill Vinovich,DAL00,AT&T Stadium,1
2025_12_ATL_NO,2025,REG,12,2025-11-23,Sunday,16:25,ATL,24.0,NO,10.0,Home,-14.0,34.0,0.0,2025112310,60018.0,,202511230nor,28593.0,401772889,6909.0,7,14,102.0,-122.0,1.5,-112.0,-108.0,41.5,-118.0,-102.0,1,dome,sportturf,,,00-0029604,00-0040743,Kirk Cousins,Tyler Shough,Raheem Morris,Kellen Moore,Brad Rogers,NOR00,Mercedes-Benz Superdome,1
2025_12_TB_LA,2025,REG,12,2025-11-23,Sunday,20:20,TB,7.0,LA,34.0,Home,27.0,41.0,0.0,2025112311,60019.0,,202511230ram,28594.0,401772929,6910.0,7,7,295.0,-375.0,7.0,-110.0,-110.0,49.5,100.0,-120.0,0,dome,matrixturf,,,00-0034855,00-0026498,Baker Mayfield,Matthew Stafford,Todd Bowles,Sean McVay,Clay Martin,LAX01,SoFi Stadium,1
2025_12_CAR_SF,2025,REG,12,2025-11-24,Monday,20:15,CAR,9.0,SF,20.0,Home,11.0,29.0,0.0,2025112400,60020.0,,202511240sfo,28595.0,401772820,6911.0,8,8,310.0,-395.0,7.5,-115.0,-105.0,48.5,-105.0,-115.0,0,outdoors,grass,58.0,3.0,00-0039150,00-0037834,Bryce Young,Brock Purdy,Dave Canales,Kyle Shanahan,Alex Kemp,SFO01,Levi's Stadium,0
2025_13_GB_DET,2025,REG,13,2025-11-27,Thursday,13:00,GB,31.0,DET,24.0,Home,-7.0,55.0,0.0,2025112700,60021.0,,202511270det,28596.0,401772891,6912.0,4,4,130.0,-155.0,2.5,105.0,-125.0,48.5,-110.0,-110.0,1,dome,fieldturf,,,00-0036264,00-0033106,Jordan Love,Jared Goff,Matt LaFleur,Dan Campbell,Ron Torbert,DET00,Ford Field,1
2025_13_KC_DAL,2025,REG,13,2025-11-27,Thursday,16:30,KC,28.0,DAL,31.0,Home,3.0,59.0,0.0,2025112701,60022.0,,202511270dal,28597.0,401772694,6913.0,4,4,-185.0,154.0,-3.5,-105.0,-115.0,53.5,-110.0,-110.0,0,closed,matrixturf,,,00-0033873,00-0033077,Patrick Mahomes,Dak Prescott,Andy Reid,Brian Schottenheimer,John Hussey,DAL00,AT&T Stadium,1
2025_13_CIN_BAL,2025,REG,13,2025-11-27,Thursday,20:20,CIN,32.0,BAL,14.0,Home,-18.0,46.0,0.0,2025112702,60023.0,,202511270rav,28598.0,401772930,6914.0,4,4,295.0,-375.0,7.0,100.0,-120.0,52.5,-115.0,-105.0,1,outdoors,grass,38.0,11.0,00-0036442,00-0034796,Joe Burrow,Lamar Jackson,Zac Taylor,John Harbaugh,Craig Wrolstad,BAL00,M&T Bank Stadium,0
2025_13_CHI_PHI,2025,REG,13,2025-11-28,Friday,15:00,CHI,24.0,PHI,15.0,Home,-9.0,39.0,0.0,2025112800,60024.0,,202511280phi,28599.0,401772621,6915.0,5,5,270.0,-340.0,7.0,-105.0,-115.0,43.5,-115.0,-105.0,0,outdoors,grass,42.0,18.0,00-0039918,00-0036389,Caleb Williams,Jalen Hurts,Ben Johnson,Nick Sirianni,Carl Cheffers,PHI00,Lincoln Financial Field,0
2025_13_LA_CAR,2025,REG,13,2025-11-30,Sunday,13:00,LA,28.0,CAR,31.0,Home,3.0,59.0,0.0,2025113000,60025.0,,202511300car,28600.0,401772894,6916.0,7,6,-575.0,425.0,-10.0,-110.0,-110.0,44.5,-105.0,-115.0,0,outdoors,grass,45.0,3.0,00-0026498,00-0039150,Matthew Stafford,Bryce Young,Sean McVay,Dave Canales,Scott Novak,CAR00,Bank of America Stadium,0
2025_13_SF_CLE,2025,REG,13,2025-11-30,Sunday,13:00,SF,26.0,CLE,8.0,Home,-18.0,34.0,0.0,2025113001,60026.0,,202511300cle,28601.0,401772785,6917.0,6,7,-250.0,205.0,-5.5,-108.0,-112.0,35.5,-112.0,-108.0,0,outdoors,grass,35.0,20.0,00-0037834,00-0040668,Brock Purdy,Shedeur Sanders,Kyle Shanahan,Kevin Stefanski,Brad Allen,CLE00,FirstEnergy Stadium,0
2025_13_HOU_IND,2025,REG,13,2025-11-30,Sunday,13:00,HOU,20.0,IND,16.0,Home,-4.0,36.0,0.0,2025113002,60027.0,,202511300clt,28602.0,401772787,6918.0,10,7,142.0,-170.0,3.0,-105.0,-115.0,44.5,-112.0,-108.0,1,closed,fieldturf,,,00-0039163,00-0035710,C.J. Stroud,Daniel Jones,DeMeco Ryans,Shane Steichen,Clay Martin,IND00,Lucas Oil Stadium,1
2025_13_NO_MIA,2025,REG,13,2025-11-30,Sunday,13:00,NO,17.0,MIA,21.0,Home,4.0,38.0,0.0,2025113003,60028.0,,202511300mia,28603.0,401772892,6919.0,7,14,205.0,-250.0,5.5,-110.0,-110.0,41.5,-105.0,-115.0,0,outdoors,grass,76.0,10.0,00-0040743,00-0036212,Tyler Shough,Tua Tagovailoa,Kellen Moore,Mike McDaniel,Alan Eck,MIA00,Hard Rock Stadium,0
2025_13_ATL_NYJ,2025,REG,13,2025-11-30,Sunday,13:00,ATL,24.0,NYJ,27.0,Home,3.0,51.0,0.0,2025113004,60029.0,,202511300nyj,28604.0,401772893,6920.0,7,7,-166.0,140.0,-3.0,-112.0,-108.0,38.5,-105.0,-115.0,0,outdoors,fieldturf,43.0,8.0,00-0029604,00-0028118,Kirk Cousins,Tyrod Taylor,Raheem Morris,Aaron Glenn,Shawn Hochuli,NYC01,MetLife Stadium,0
2025_13_ARI_TB,2025,REG,13,2025-11-30,Sunday,13:00,ARI,17.0,TB,20.0,Home,3.0,37.0,0.0,2025113005,60030.0,,202511300tam,28605.0,401772895,6921.0,7,7,164.0,-198.0,4.5,-115.0,-105.0,44.5,-108.0,-112.0,0,outdoors,grass,80.0,8.0,00-0033119,00-0034855,Jacoby Brissett,Baker Mayfield,Jonathan Gannon,Todd Bowles,Bill Vinovich,TAM00,Raymond James Stadium,0
2025_13_JAX_TEN,2025,REG,13,2025-11-30,Sunday,13:00,JAX,25.0,TEN,3.0,Home,-22.0,28.0,0.0,2025113006,60031.0,,202511300oti,28606.0,401772786,6922.0,7,7,-270.0,220.0,-6.0,-108.0,-112.0,42.5,-105.0,-115.0,1,outdoors,grass,38.0,7.0,00-0036971,00-0040676,Trevor Lawrence,Cam Ward,Liam Coen,Brian Callahan,Brad Rogers,NAS00,Nissan Stadium,0
2025_13_MIN_SEA,2025,REG,13,2025-11-30,Sunday,16:05,MIN,0.0,SEA,26.0,Home,26.0,26.0,0.0,2025113007,60032.0,,202511300sea,28608.0,401772896,6923.0,7,7,600.0,-900.0,12.5,-110.0,-110.0,42.5,-110.0,-110.0,0,outdoors,fieldturf,45.0,2.0,00-0040494,00-0034869,Max Brosmer,Sam Darnold,Kevin O'Connell,Mike Macdonald,Clete Blakeman,SEA00,Lumen Field,0
2025_13_LV_LAC,2025,REG,13,2025-11-30,Sunday,16:25,LV,14.0,LAC,31.0,Home,17.0,45.0,0.0,2025113008,60033.0,,202511300sdg,28607.0,401772788,6924.0,7,14,440.0,-600.0,10.0,-115.0,-105.0,40.5,-108.0,-112.0,1,dome,matrixturf,,,00-0030565,00-0036355,Geno Smith,Justin Herbert,Pete Carroll,Jim Harbaugh,Alex Moore,LAX01,SoFi Stadium,1
2025_13_BUF_PIT,2025,REG,13,2025-11-30,Sunday,16:25,BUF,26.0,PIT,7.0,Home,-19.0,33.0,0.0,2025113009,60034.0,,202511300pit,28609.0,401772789,6925.0,10,7,-166.0,140.0,-3.0,-115.0,-105.0,44.5,-112.0,-108.0,0,outdoors,grass,34.0,16.0,00-0034857,00-0023459,Josh Allen,Aaron Rodgers,Sean McDermott,Mike Tomlin,Alex Kemp,PIT00,Acrisure Stadium,0
2025_13_DEN_WAS,2025,REG,13,2025-11-30,Sunday,20:20,DEN,27.0,WAS,26.0,Home,-1.0,53.0,1.0,2025113010,60035.0,,202511300was,28610.0,401772931,6926.0,14,14,-310.0,250.0,-6.5,-105.0,-115.0,43.5,-112.0,-108.0,0,outdoors,grass,40.0,13.0,00-0039732,00-0032268,Bo Nix,Marcus Mariota,Sean Payton,Dan Quinn,Land Clark,WAS00,FedExField,0
2025_13_NYG_NE,2025,REG,13,2025-12-01,Monday,20:15,NYG,15.0,NE,33.0,Home,18.0,48.0,0.0,2025120100,60036.0,,202512010nwe,28611.0,401772821,6927.0,8,8,295.0,-375.0,7.0,-105.0,-115.0,46.5,-105.0,-115.0,0,outdoors,fieldturf,30.0,5.0,00-0040691,00-0039851,Jaxson Dart,Drake Maye,Brian Daboll,Mike Vrabel,Alex Kemp,BOS00,Gillette Stadium,0
2025_14_DAL_DET,2025,REG,14,2025-12-04,Thursday,20:15,DAL,30.0,DET,44.0,Home,14.0,74.0,0.0,2025120400,60037.0,,202512040det,28612.0,401772947,6928.0,7,7,160.0,-192.0,3.5,-110.0,-110.0,55.5,-110.0,-110.0,0,dome,fieldturf,,,00-0033077,00-0033106,Dak Prescott,Jared Goff,Brian Schottenheimer,Dan Campbell,Shawn Hochuli,DET00,Ford Field,1
2025_14_SEA_ATL,2025,REG,14,2025-12-07,Sunday,13:00,SEA,37.0,ATL,9.0,Home,-28.0,46.0,0.0,2025120700,60038.0,,202512070atl,28613.0,401772900,6929.0,7,7,-355.0,280.0,-7.0,100.0,-120.0,44.5,-108.0,-112.0,0,closed,fieldturf,,,00-0034869,00-0029604,Sam Darnold,Kirk Cousins,Mike Macdonald,Raheem Morris,Alex Kemp,ATL97,Mercedes-Benz Stadium,1
2025_14_PIT_BAL,2025,REG,14,2025-12-07,Sunday,13:00,PIT,27.0,BAL,22.0,Home,-5.0,49.0,0.0,2025120701,60039.0,,202512070rav,28614.0,401772791,6930.0,7,10,220.0,-270.0,5.5,100.0,-120.0,43.5,-105.0,-115.0,1,outdoors,grass,44.0,6.0,00-0023459,00-0034796,Aaron Rodgers,Lamar Jackson,Mike Tomlin,John Harbaugh,Alex Moore,BAL00,M&T Bank Stadium,0
2025_14_CIN_BUF,2025,REG,14,2025-12-07,Sunday,13:00,CIN,34.0,BUF,39.0,Home,5.0,73.0,0.0,2025120710,60048.0,,202512070buf,28623.0,401772902,6939.0,10,7,230.0,-285.0,6.0,-108.0,-112.0,54.5,-108.0,-112.0,0,outdoors,a_turf,31.0,12.0,00-0036442,00-0034857,Joe Burrow,Josh Allen,Zac Taylor,Sean McDermott,Brad Rogers,BUF00,New Era Field,0
2025_14_TEN_CLE,2025,REG,14,2025-12-07,Sunday,13:00,TEN,31.0,CLE,29.0,Home,-2.0,60.0,0.0,2025120702,60040.0,,202512070cle,28615.0,401772898,6931.0,7,7,170.0,-205.0,4.5,-120.0,100.0,33.5,-105.0,-115.0,0,outdoors,grass,33.0,6.0,00-0040676,00-0040668,Cam Ward,Shedeur Sanders,Brian Callahan,Kevin Stefanski,Carl Cheffers,CLE00,FirstEnergy Stadium,0
2025_14_IND_JAX,2025,REG,14,2025-12-07,Sunday,13:00,IND,19.0,JAX,36.0,Home,17.0,55.0,0.0,2025120704,60042.0,,202512070jax,28617.0,401772793,6933.0,7,7,-135.0,114.0,-2.5,-112.0,-108.0,44.5,-105.0,-115.0,1,outdoors,grass,61.0,7.0,00-0035710,00-0036971,Daniel Jones,Trevor Lawrence,Shane Steichen,Liam Coen,John Hussey,JAX00,TIAA Bank Stadium,0
2025_14_WAS_MIN,2025,REG,14,2025-12-07,Sunday,13:00,WAS,0.0,MIN,31.0,Home,31.0,31.0,0.0,2025120705,60043.0,,202512070min,28618.0,401772899,6934.0,7,7,-115.0,-105.0,-1.5,-102.0,-118.0,43.5,-102.0,-118.0,0,dome,sportturf,,,00-0032268,00-0039923,Marcus Mariota,J.J. McCarthy,Dan Quinn,Kevin O'Connell,Brad Allen,MIN01,U.S. Bank Stadium,1
2025_14_MIA_NYJ,2025,REG,14,2025-12-07,Sunday,13:00,MIA,34.0,NYJ,10.0,Home,-24.0,44.0,0.0,2025120706,60044.0,,202512070nyj,28619.0,401772790,6935.0,7,7,-148.0,124.0,-2.5,-115.0,-105.0,41.5,-112.0,-108.0,1,outdoors,fieldturf,41.0,6.0,00-0036212,00-0028118,Tua Tagovailoa,Tyrod Taylor,Mike McDaniel,Aaron Glenn,Bill Vinovich,NYC01,MetLife Stadium,0
2025_14_NO_TB,2025,REG,14,2025-12-07,Sunday,13:00,NO,24.0,TB,20.0,Home,-4.0,44.0,0.0,2025120707,60045.0,,202512070tam,28620.0,401772792,6936.0,7,7,330.0,-425.0,7.5,-102.0,-118.0,41.5,-105.0,-115.0,1,outdoors,grass,73.0,6.0,00-0040743,00-0034855,Tyler Shough,Baker Mayfield,Kellen Moore,Todd Bowles,Clete Blakeman,TAM00,Raymond James Stadium,0
2025_14_DEN_LV,2025,REG,14,2025-12-07,Sunday,16:05,DEN,24.0,LV,17.0,Home,-7.0,41.0,0.0,2025120708,60046.0,,202512070rai,28621.0,401772794,6937.0,7,7,-470.0,360.0,-8.5,-110.0,-110.0,40.5,-115.0,-105.0,1,dome,grass,,,00-0039732,00-0030565,Bo Nix,Geno Smith,Sean Payton,Pete Carroll,Shawn Smith,VEG00,Allegiant Stadium,1
2025_14_LA_ARI,2025,REG,14,2025-12-07,Sunday,16:25,LA,45.0,ARI,17.0,Home,-28.0,62.0,0.0,2025120709,60047.0,,202512070crd,28622.0,401772901,6938.0,7,7,-500.0,380.0,-9.5,-110.0,-110.0,49.5,-110.0,-110.0,1,closed,grass,,,00-0026498,00-0033119,Matthew Stafford,Jacoby Brissett,Sean McVay,Jonathan Gannon,Ron Torbert,PHO00,State Farm Stadium,1
2025_14_CHI_GB,2025,REG,14,2025-12-07,Sunday,16:25,CHI,21.0,GB,28.0,Home,7.0,49.0,0.0,2025120703,60041.0,,202512070gnb,28616.0,401772897,6932.0,9,10,245.0,-305.0,6.5,-105.0,-115.0,44.5,-115.0,-105.0,1,outdoors,grass,16.0,9.0,00-0039918,00-0036264,Caleb Williams,Jordan Love,Ben Johnson,Matt LaFleur,Craig Wrolstad,GNB00,Lambeau Field,0
2025_14_HOU_KC,2025,REG,14,2025-12-07,Sunday,20:20,HOU,20.0,KC,10.0,Home,-10.0,30.0,0.0,2025120711,60049.0,,202512070kan,28624.0,401772932,6940.0,7,10,180.0,-218.0,4.5,-115.0,-105.0,41.5,-110.0,-110.0,0,outdoors,grass,27.0,8.0,00-0039163,00-0033873,C.J. Stroud,Patrick Mahomes,DeMeco Ryans,Andy Reid,Alan Eck,KAN00,GEHA Field at Arrowhead Stadium,0
2025_14_PHI_LAC,2025,REG,14,2025-12-08,Monday,20:15,PHI,19.0,LAC,22.0,Home,3.0,41.0,1.0,2025120800,60050.0,,202512080sdg,28625.0,401772822,6941.0,10,8,-120.0,100.0,-1.5,-105.0,-115.0,41.5,-105.0,-115.0,0,dome,matrixturf,,,00-0036389,00-0036355,Jalen Hurts,Justin Herbert,Nick Sirianni,Jim Harbaugh,Scott Novak,LAX01,SoFi Stadium,1
2025_15_ATL_TB,2025,REG,15,2025-12-11,Thursday,20:15,ATL,29.0,TB,28.0,Home,-1.0,57.0,0.0,2025121100,60051.0,,202512110tam,28626.0,401772948,6942.0,4,4,225.0,-278.0,6.0,-112.0,-108.0,43.5,-110.0,-110.0,1,outdoors,grass,56.0,5.0,00-0029604,00-0034855,Kirk Cousins,Baker Mayfield,Raheem Morris,Todd Bowles,Carl Cheffers,TAM00,Raymond James Stadium,0
2025_15_CLE_CHI,2025,REG,15,2025-12-14,Sunday,13:00,CLE,3.0,CHI,31.0,Home,28.0,34.0,0.0,2025121400,60052.0,,202512140chi,28627.0,401772904,6943.0,7,7,295.0,-375.0,7.5,-112.0,-108.0,38.5,-115.0,-105.0,0,outdoors,grass,8.0,6.0,00-0040668,00-0039918,Shedeur Sanders,Caleb Williams,Kevin Stefanski,Ben Johnson,Ron Torbert,CHI98,Soldier Field,0
2025_15_BAL_CIN,2025,REG,15,2025-12-14,Sunday,13:00,BAL,24.0,CIN,0.0,Home,-24.0,24.0,0.0,2025121401,60053.0,,202512140cin,28628.0,401772796,6944.0,7,7,-162.0,136.0,-2.5,-125.0,105.0,51.5,-110.0,-110.0,1,outdoors,fieldturf,10.0,7.0,00-0034796,00-0036442,Lamar Jackson,Joe Burrow,John Harbaugh,Zac Taylor,Brad Allen,CIN00,Paycor Stadium,0
2025_15_ARI_HOU,2025,REG,15,2025-12-14,Sunday,13:00,ARI,20.0,HOU,40.0,Home,20.0,60.0,0.0,2025121402,60054.0,,202512140htx,28629.0,401772903,6945.0,7,7,455.0,-625.0,10.5,-110.0,-110.0,42.5,-112.0,-108.0,0,closed,astroturf,,,00-0033119,00-0039163,Jacoby Brissett,C.J. Stroud,Jonathan Gannon,DeMeco Ryans,Clete Blakeman,HOU00,NRG Stadium,1
2025_15_NYJ_JAX,2025,REG,15,2025-12-14,Sunday,13:00,NYJ,20.0,JAX,48.0,Home,28.0,68.0,0.0,2025121403,60055.0,,202512140jax,28630.0,401772797,6946.0,7,7,675.0,-1050.0,13.5,-105.0,-115.0,40.5,-115.0,-105.0,0,outdoors,grass,70.0,11.0,00-0040398,00-0036971,Brady Cook,Trevor Lawrence,Aaron Glenn,Liam Coen,Shawn Smith,JAX00,TIAA Bank Stadium,0
2025_15_LAC_KC,2025,REG,15,2025-12-14,Sunday,13:00,LAC,16.0,KC,13.0,Home,-3.0,29.0,0.0,2025121404,60056.0,,202512140kan,28631.0,401772798,6947.0,6,7,210.0,-258.0,5.5,100.0,-120.0,41.5,-108.0,-112.0,1,outdoors,grass,,,00-0036355,00-0033873,Justin Herbert,Patrick Mahomes,Jim Harbaugh,Andy Reid,Shawn Hochuli,KAN00,GEHA Field at Arrowhead Stadium,0
2025_15_BUF_NE,2025,REG,15,2025-12-14,Sunday,13:00,BUF,35.0,NE,31.0,Home,-4.0,66.0,0.0,2025121405,60057.0,,202512140nwe,28632.0,401772795,6948.0,7,13,-142.0,120.0,-2.5,-110.0,-110.0,49.5,-105.0,-115.0,1,outdoors,fieldturf,32.0,6.0,00-0034857,00-0039851,Josh Allen,Drake Maye,Sean McDermott,Mike Vrabel,John Hussey,BOS00,Gillette Stadium,0
2025_15_WAS_NYG,2025,REG,15,2025-12-14,Sunday,13:00,WAS,29.0,NYG,21.0,Home,-8.0,50.0,0.0,2025121406,60058.0,,202512140nyg,28633.0,401772905,6949.0,7,13,124.0,-148.0,2.5,-105.0,-115.0,46.5,-115.0,-105.0,1,outdoors,fieldturf,27.0,13.0,00-0032268,00-0040691,Marcus Mariota,Jaxson Dart,Dan Quinn,Brian Daboll,Bill Vinovich,NYC01,MetLife Stadium,0
2025_15_LV_PHI,2025,REG,15,2025-12-14,Sunday,13:00,LV,0.0,PHI,31.0,Home,31.0,31.0,0.0,2025121407,60059.0,,202512140phi,28634.0,401772906,6950.0,7,6,650.0,-1000.0,12.5,-108.0,-112.0,37.5,-118.0,-102.0,0,outdoors,grass,30.0,20.0,00-0038102,00-0036389,Kenny Pickett,Jalen Hurts,Pete Carroll,Nick Sirianni,Clay Martin,PHI00,Lincoln Financial Field,0
2025_15_GB_DEN,2025,REG,15,2025-12-14,Sunday,16:25,GB,26.0,DEN,34.0,Home,8.0,60.0,0.0,2025121408,60060.0,,202512140den,28635.0,401772800,6951.0,7,7,-122.0,102.0,-1.5,-108.0,-112.0,42.5,-115.0,-105.0,0,outdoors,grass,65.0,3.0,00-0036264,00-0039732,Jordan Love,Bo Nix,Matt LaFleur,Sean Payton,Brad Rogers,DEN00,Empower Field at Mile High,0
2025_15_DET_LA,2025,REG,15,2025-12-14,Sunday,16:25,DET,34.0,LA,41.0,Home,7.0,75.0,0.0,2025121409,60061.0,,202512140ram,28638.0,401772909,6952.0,10,7,200.0,-245.0,5.5,-105.0,-115.0,54.5,-105.0,-115.0,0,dome,matrixturf,,,00-0033106,00-0026498,Jared Goff,Matthew Stafford,Dan Campbell,Sean McVay,Alan Eck,LAX01,SoFi Stadium,1
2025_15_CAR_NO,2025,REG,15,2025-12-14,Sunday,16:25,CAR,17.0,NO,20.0,Home,3.0,37.0,0.0,2025121410,60062.0,,202512140nor,28636.0,401772908,6953.0,14,7,-148.0,124.0,-2.5,-118.0,-102.0,41.5,-108.0,-112.0,1,dome,sportturf,,,00-0039150,00-0040743,Bryce Young,Tyler Shough,Dave Canales,Kellen Moore,Alex Moore,NOR00,Mercedes-Benz Superdome,1
2025_15_IND_SEA,2025,REG,15,2025-12-14,Sunday,16:25,IND,16.0,SEA,18.0,Home,2.0,34.0,0.0,2025121411,60063.0,,202512140sea,28637.0,401772799,6954.0,7,7,650.0,-1000.0,13.5,-105.0,-115.0,41.5,-108.0,-112.0,0,outdoors,fieldturf,51.0,9.0,00-0022942,00-0034869,Philip Rivers,Sam Darnold,Shane Steichen,Mike Macdonald,Adrian Hill,SEA00,Lumen Field,0
2025_15_TEN_SF,2025,REG,15,2025-12-14,Sunday,16:25,TEN,24.0,SF,37.0,Home,13.0,61.0,0.0,2025121412,60064.0,,202512140sfo,28639.0,401772907,6955.0,7,14,600.0,-900.0,12.5,-108.0,-112.0,44.5,-112.0,-108.0,0,outdoors,grass,54.0,4.0,00-0040676,00-0037834,Cam Ward,Brock Purdy,Brian Callahan,Kyle Shanahan,Craig Wrolstad,SFO01,Levi's Stadium,0
2025_15_MIN_DAL,2025,REG,15,2025-12-14,Sunday,20:20,MIN,34.0,DAL,26.0,Home,-8.0,60.0,0.0,2025121413,60065.0,,202512140dal,28640.0,401772933,6956.0,7,10,215.0,-265.0,5.5,-110.0,-110.0,47.5,-102.0,-118.0,0,closed,matrixturf,,,00-0039923,00-0033077,J.J. McCarthy,Dak Prescott,Kevin O'Connell,Brian Schottenheimer,Scott Novak,DAL00,AT&T Stadium,1
2025_15_MIA_PIT,2025,REG,15,2025-12-15,Monday,20:15,MIA,15.0,PIT,28.0,Home,13.0,43.0,0.0,2025121500,60066.0,,202512150pit,28641.0,401772823,6957.0,8,8,145.0,-175.0,3.0,-102.0,-118.0,42.5,-105.0,-115.0,0,outdoors,grass,17.0,7.0,00-0036212,00-0023459,Tua Tagovailoa,Aaron Rodgers,Mike McDaniel,Mike Tomlin,Land Clark,PIT00,Acrisure Stadium,0
2025_16_LA_SEA,2025,REG,16,2025-12-18,Thursday,20:15,LA,37.0,SEA,38.0,Home,1.0,75.0,1.0,2025121800,60067.0,,202512180sea,28642.0,401772949,6958.0,4,4,102.0,-122.0,1.5,-110.0,-110.0,42.5,-105.0,-115.0,1,outdoors,fieldturf,51.0,17.0,00-0026498,00-0034869,Matthew Stafford,Sam Darnold,Sean McVay,Mike Macdonald,Brad Allen,SEA00,Lumen Field,0
2025_16_PHI_WAS,2025,REG,16,2025-12-20,Saturday,17:00,PHI,29.0,WAS,18.0,Home,-11.0,47.0,0.0,2025122001,60069.0,,202512200was,28644.0,401772612,6960.0,6,6,-380.0,300.0,-7.0,-120.0,100.0,43.5,-110.0,-110.0,1,outdoors,grass,42.0,7.0,00-0036389,00-0032268,Jalen Hurts,Marcus Mariota,Nick Sirianni,Dan Quinn,Craig Wrolstad,WAS00,FedExField,0
2025_16_GB_CHI,2025,REG,16,2025-12-20,Saturday,20:20,GB,16.0,CHI,22.0,Home,6.0,38.0,1.0,2025122000,60068.0,,202512200chi,28643.0,401772613,6959.0,6,6,-102.0,-118.0,1.5,-115.0,-105.0,45.5,-115.0,-105.0,1,outdoors,grass,37.0,6.0,00-0036264,00-0039918,Jordan Love,Caleb Williams,Matt LaFleur,Ben Johnson,Alex Kemp,CHI98,Soldier Field,0
2025_16_TB_CAR,2025,REG,16,2025-12-21,Sunday,13:00,TB,20.0,CAR,23.0,Home,3.0,43.0,0.0,2025122103,60071.0,,202512210car,28646.0,401772912,6962.0,10,7,-155.0,130.0,-3.0,100.0,-120.0,44.5,-108.0,-112.0,1,outdoors,grass,61.0,8.0,00-0034855,00-0039150,Baker Mayfield,Bryce Young,Todd Bowles,Dave Canales,Shawn Smith,CAR00,Bank of America Stadium,0
2025_16_BUF_CLE,2025,REG,16,2025-12-21,Sunday,13:00,BUF,23.0,CLE,20.0,Home,-3.0,43.0,0.0,2025122104,60072.0,,202512210cle,28647.0,401772802,6963.0,7,7,-575.0,425.0,-10.5,-110.0,-110.0,41.5,-118.0,-102.0,0,outdoors,grass,25.0,16.0,00-0034857,00-0040668,Josh Allen,Shedeur Sanders,Sean McDermott,Kevin Stefanski,Bill Vinovich,CLE00,FirstEnergy Stadium,0
2025_16_LAC_DAL,2025,REG,16,2025-12-21,Sunday,13:00,LAC,34.0,DAL,17.0,Home,-17.0,51.0,0.0,2025122105,60073.0,,202512210dal,28648.0,401772910,6964.0,7,7,102.0,-122.0,1.5,-115.0,-105.0,50.5,-102.0,-118.0,0,closed,matrixturf,,,00-0036355,00-0033077,Justin Herbert,Dak Prescott,Jim Harbaugh,Brian Schottenheimer,Alan Eck,DAL00,AT&T Stadium,1
2025_16_CIN_MIA,2025,REG,16,2025-12-21,Sunday,13:00,CIN,45.0,MIA,21.0,Home,-24.0,66.0,0.0,2025122113,60081.0,,202512210mia,28656.0,401772934,6972.0,7,6,-205.0,170.0,-3.5,-120.0,100.0,48.5,-112.0,-108.0,0,outdoors,grass,81.0,7.0,00-0036442,00-0040234,Joe Burrow,Quinn Ewers,Zac Taylor,Mike McDaniel,John Hussey,MIA00,Hard Rock Stadium,0
2025_16_NYJ_NO,2025,REG,16,2025-12-21,Sunday,13:00,NYJ,6.0,NO,29.0,Home,23.0,35.0,0.0,2025122106,60074.0,,202512210nor,28649.0,401772801,6965.0,7,7,240.0,-298.0,6.5,-105.0,-115.0,39.5,-105.0,-115.0,0,dome,sportturf,,,00-0028118,00-0040743,Tyrod Taylor,Tyler Shough,Aaron Glenn,Kellen Moore,Clay Martin,NOR00,Mercedes-Benz Superdome,1
2025_16_MIN_NYG,2025,REG,16,2025-12-21,Sunday,13:00,MIN,16.0,NYG,13.0,Home,-3.0,29.0,0.0,2025122107,60075.0,,202512210nyg,28650.0,401772911,6966.0,7,7,-148.0,124.0,-2.5,-118.0,-102.0,41.5,-115.0,-105.0,0,outdoors,fieldturf,46.0,20.0,00-0039923,00-0040691,J.J. McCarthy,Jaxson Dart,Kevin O'Connell,Brian Daboll,Alex Moore,NYC01,MetLife Stadium,0
2025_16_KC_TEN,2025,REG,16,2025-12-21,Sunday,13:00,KC,9.0,TEN,26.0,Home,17.0,35.0,0.0,2025122108,60076.0,,202512210oti,28651.0,401772803,6967.0,7,7,-185.0,154.0,-3.5,100.0,-120.0,37.5,-110.0,-110.0,0,outdoors,grass,51.0,8.0,00-0035289,00-0040676,Gardner Minshew,Cam Ward,Andy Reid,Brian Callahan,Clete Blakeman,NAS00,Nissan Stadium,0
2025_16_ATL_ARI,2025,REG,16,2025-12-21,Sunday,16:05,ATL,26.0,ARI,19.0,Home,-7.0,45.0,0.0,2025122109,60077.0,,202512210crd,28652.0,401772914,6968.0,10,7,-148.0,124.0,-2.5,-115.0,-105.0,48.5,-105.0,-115.0,0,closed,grass,,,00-0029604,00-0033119,Kirk Cousins,Jacoby Brissett,Raheem Morris,Jonathan Gannon,Land Clark,PHO00,State Farm Stadium,1
2025_16_JAX_DEN,2025,REG,16,2025-12-21,Sunday,16:05,JAX,34.0,DEN,20.0,Home,-14.0,54.0,0.0,2025122110,60078.0,,202512210den,28653.0,401772913,6969.0,7,7,145.0,-175.0,3.5,-120.0,100.0,46.5,-108.0,-112.0,0,outdoors,grass,62.0,3.0,00-0036971,00-0039732,Trevor Lawrence,Bo Nix,Liam Coen,Sean Payton,Shawn Hochuli,DEN00,Empower Field at Mile High,0
2025_16_PIT_DET,2025,REG,16,2025-12-21,Sunday,16:25,PIT,29.0,DET,24.0,Home,-5.0,53.0,0.0,2025122111,60079.0,,202512210det,28654.0,401772806,6970.0,6,7,330.0,-425.0,7.5,-105.0,-115.0,52.5,-115.0,-105.0,0,dome,fieldturf,,,00-0023459,00-0033106,Aaron Rodgers,Jared Goff,Mike Tomlin,Dan Campbell,Carl Cheffers,DET00,Ford Field,1
2025_16_LV_HOU,2025,REG,16,2025-12-21,Sunday,16:25,LV,21.0,HOU,23.0,Home,2.0,44.0,0.0,2025122112,60080.0,,202512210htx,28655.0,401772805,6971.0,7,7,900.0,-1600.0,14.5,-115.0,-105.0,39.5,-110.0,-110.0,0,closed,astroturf,,,00-0030565,00-0039163,Geno Smith,C.J. Stroud,Pete Carroll,DeMeco Ryans,Scott Novak,HOU00,NRG Stadium,1
2025_16_NE_BAL,2025,REG,16,2025-12-21,Sunday,20:20,NE,28.0,BAL,24.0,Home,-4.0,52.0,0.0,2025122102,60070.0,,202512210rav,28645.0,401772804,6961.0,7,7,154.0,-185.0,3.5,-115.0,-105.0,48.5,-112.0,-108.0,0,outdoors,grass,40.0,2.0,00-0039851,00-0034796,Drake Maye,Lamar Jackson,Mike Vrabel,John Harbaugh,Brad Rogers,BAL00,M&T Bank Stadium,0
2025_16_SF_IND,2025,REG,16,2025-12-22,Monday,20:15,SF,48.0,IND,27.0,Home,-21.0,75.0,0.0,2025122200,60082.0,,202512220clt,28657.0,401772824,6973.0,8,8,-225.0,185.0,-4.5,-105.0,-115.0,46.5,-118.0,-102.0,0,closed,fieldturf,,,00-0037834,00-0022942,Brock Purdy,Philip Rivers,Kyle Shanahan,Shane Steichen,Ron Torbert,IND00,Lucas Oil Stadium,1
2025_17_DAL_WAS,2025,REG,17,2025-12-25,Thursday,13:00,DAL,30.0,WAS,23.0,Home,-7.0,53.0,0.0,2025122500,60083.0,,202512250was,28658.0,401772710,6974.0,4,5,-500.0,380.0,-8.5,-120.0,100.0,50.5,-108.0,-112.0,1,outdoors,grass,50.0,7.0,00-0033077,00-0026300,Dak Prescott,Josh Johnson,Brian Schottenheimer,Dan Quinn,Brad Rogers,WAS00,FedExField,0
2025_17_DET_MIN,2025,REG,17,2025-12-25,Thursday,16:30,DET,10.0,MIN,23.0,Home,13.0,33.0,0.0,2025122501,60084.0,,202512250min,28659.0,401772711,6975.0,4,4,-360.0,285.0,-7.0,-120.0,100.0,45.5,-115.0,-105.0,1,dome,sportturf,,,00-0033106,00-0040494,Jared Goff,Max Brosmer,Dan Campbell,Kevin O'Connell,Shawn Smith,MIN01,U.S. Bank Stadium,1
2025_17_DEN_KC,2025,REG,17,2025-12-25,Thursday,20:15,DEN,20.0,KC,13.0,Home,-7.0,33.0,0.0,2025122502,60085.0,,202512250kan,28660.0,401772622,6976.0,4,4,-1100.0,700.0,-13.5,-105.0,-115.0,37.5,100.0,-120.0,1,outdoors,grass,,,00-0039732,00-0037324,Bo Nix,Chris Oladokun,Sean Payton,Andy Reid,Bill Vinovich,KAN00,GEHA Field at Arrowhead Stadium,0
2025_17_HOU_LAC,2025,REG,17,2025-12-27,Saturday,16:30,HOU,20.0,LAC,16.0,Home,-4.0,36.0,0.0,2025122700,60089.0,,202512270sdg,28664.0,401772951,6982.0,6,6,-102.0,-118.0,1.5,-115.0,-105.0,40.5,-105.0,-115.0,0,dome,matrixturf,,,00-0039163,00-0036355,C.J. Stroud,Justin Herbert,DeMeco Ryans,Jim Harbaugh,Craig Wrolstad,LAX01,SoFi Stadium,1
2025_17_BAL_GB,2025,REG,17,2025-12-27,Saturday,20:00,BAL,41.0,GB,24.0,Home,-17.0,65.0,0.0,2025122701,60088.0,,202512270gnb,28663.0,401772953,6980.0,6,7,120.0,-142.0,2.5,-108.0,-112.0,38.5,-115.0,-105.0,0,outdoors,grass,36.0,10.0,00-0035993,00-0038128,Tyler Huntley,Malik Willis,John Harbaugh,Matt LaFleur,Alan Eck,GNB00,Lambeau Field,0
2025_17_SEA_CAR,2025,REG,17,2025-12-28,Sunday,13:00,SEA,27.0,CAR,10.0,Home,-17.0,37.0,0.0,2025122800,60086.0,,202512280car,28661.0,401772952,6977.0,10,7,-305.0,245.0,-6.5,-118.0,-102.0,42.5,-110.0,-110.0,0,outdoors,grass,43.0,2.0,00-0034869,00-0039150,Sam Darnold,Bryce Young,Mike Macdonald,Dave Canales,Carl Cheffers,CAR00,Bank of America Stadium,0
2025_17_ARI_CIN,2025,REG,17,2025-12-28,Sunday,13:00,ARI,14.0,CIN,37.0,Home,23.0,51.0,0.0,2025122801,60087.0,,202512280cin,28662.0,401772954,6978.0,7,7,275.0,-345.0,7.0,-110.0,-110.0,52.5,-105.0,-115.0,0,outdoors,fieldturf,65.0,9.0,00-0033119,00-0036442,Jacoby Brissett,Joe Burrow,Jonathan Gannon,Zac Taylor,Clay Martin,CIN00,Paycor Stadium,0
2025_17_PIT_CLE,2025,REG,17,2025-12-28,Sunday,13:00,PIT,6.0,CLE,13.0,Home,7.0,19.0,0.0,2025122805,60091.0,,202512280cle,28666.0,401772807,6979.0,7,7,-205.0,170.0,-4.5,-108.0,-112.0,35.5,-112.0,-108.0,1,outdoors,grass,45.0,14.0,00-0023459,00-0040668,Aaron Rodgers,Shedeur Sanders,Mike Tomlin,Kevin Stefanski,John Hussey,CLE00,FirstEnergy Stadium,0
2025_17_JAX_IND,2025,REG,17,2025-12-28,Sunday,13:00,JAX,23.0,IND,17.0,Home,-6.0,40.0,0.0,2025122806,60092.0,,202512280clt,28667.0,401772915,6981.0,7,6,-225.0,185.0,-3.5,-115.0,-105.0,48.5,-108.0,-112.0,1,closed,fieldturf,,,00-0036971,00-0022942,Trevor Lawrence,Philip Rivers,Liam Coen,Shane Steichen,Brad Allen,IND00,Lucas Oil Stadium,1
2025_17_TB_MIA,2025,REG,17,2025-12-28,Sunday,13:00,TB,17.0,MIA,20.0,Home,3.0,37.0,0.0,2025122807,60093.0,,202512280mia,28668.0,401772916,6984.0,7,7,-250.0,205.0,-5.5,-108.0,-112.0,44.5,-118.0,-102.0,0,outdoors,grass,80.0,3.0,00-0034855,00-0040234,Baker Mayfield,Quinn Ewers,Todd Bowles,Mike McDaniel,Scott Novak,MIA00,Hard Rock Stadium,0
2025_17_NE_NYJ,2025,REG,17,2025-12-28,Sunday,13:00,NE,42.0,NYJ,10.0,Home,-32.0,52.0,0.0,2025122808,60094.0,,202512280nyj,28669.0,401772808,6985.0,7,7,-950.0,625.0,-12.5,-120.0,100.0,42.5,-112.0,-108.0,1,outdoors,fieldturf,29.0,4.0,00-0039851,00-0028118,Drake Maye,Tyrod Taylor,Mike Vrabel,Aaron Glenn,Alex Kemp,NYC01,MetLife Stadium,0
2025_17_NO_TEN,2025,REG,17,2025-12-28,Sunday,13:00,NO,34.0,TEN,26.0,Home,-8.0,60.0,0.0,2025122809,60095.0,,202512280oti,28670.0,401772809,6986.0,7,7,-120.0,100.0,-1.5,-110.0,-110.0,39.5,-118.0,-102.0,0,outdoors,grass,71.0,14.0,00-0040743,00-0040676,Tyler Shough,Cam Ward,Kellen Moore,Brian Callahan,Adrian Hill,NAS00,Nissan Stadium,0
2025_17_NYG_LV,2025,REG,17,2025-12-28,Sunday,16:05,NYG,34.0,LV,10.0,Home,-24.0,44.0,0.0,2025122804,60090.0,,202512280rai,28665.0,401772950,6983.0,7,7,-162.0,136.0,-3.0,-102.0,-118.0,40.5,-112.0,-108.0,0,dome,grass,,,00-0040691,00-0030565,Jaxson Dart,Geno Smith,Brian Daboll,Pete Carroll,Land Clark,VEG00,Allegiant Stadium,1
2025_17_PHI_BUF,2025,REG,17,2025-12-28,Sunday,16:25,PHI,13.0,BUF,12.0,Home,-1.0,25.0,0.0,2025122810,60096.0,,202512280buf,28671.0,401772917,6987.0,8,7,142.0,-170.0,3.0,-108.0,-112.0,45.5,-115.0,-105.0,0,outdoors,a_turf,38.0,6.0,00-0036389,00-0034857,Jalen Hurts,Josh Allen,Nick Sirianni,Sean McDermott,Ron Torbert,BUF00,New Era Field,0
2025_17_CHI_SF,2025,REG,17,2025-12-28,Sunday,20:20,CHI,38.0,SF,42.0,Home,4.0,80.0,0.0,2025122811,60097.0,,202512280sfo,28672.0,401772935,6988.0,8,6,170.0,-205.0,3.5,-105.0,-115.0,51.5,-112.0,-108.0,0,outdoors,grass,53.0,5.0,00-0039918,00-0037834,Caleb Williams,Brock Purdy,Ben Johnson,Kyle Shanahan,Alex Moore,SFO01,Levi's Stadium,0
2025_17_LA_ATL,2025,REG,17,2025-12-29,Monday,20:15,LA,24.0,ATL,27.0,Home,3.0,51.0,0.0,2025122900,60098.0,,202512290atl,28673.0,401772825,6989.0,11,8,-380.0,300.0,-7.5,-102.0,-118.0,48.5,-105.0,-115.0,0,closed,fieldturf,,,00-0026498,00-0029604,Matthew Stafford,Kirk Cousins,Sean McVay,Raheem Morris,Clete Blakeman,ATL97,Mercedes-Benz Stadium,1
2025_18_CAR_TB,2025,REG,18,2026-01-03,Saturday,16:30,CAR,14.0,TB,16.0,Home,2.0,30.0,0.0,2026010300,60114.0,,202601030tam,28688.0,401772969,7005.0,6,6,130.0,-155.0,3.0,-115.0,-105.0,43.5,-118.0,-102.0,1,outdoors,grass,69.0,11.0,00-0039150,00-0034855,Bryce Young,Baker Mayfield,Dave Canales,Todd Bowles,Brad Allen,TAM00,Raymond James Stadium,0
2025_18_SEA_SF,2025,REG,18,2026-01-03,Saturday,20:00,SEA,13.0,SF,3.0,Home,-10.0,16.0,0.0,2026010301,60113.0,,202601030sfo,28687.0,401772961,7004.0,6,6,-148.0,124.0,-2.5,-120.0,100.0,47.5,-105.0,-115.0,1,outdoors,grass,57.0,8.0,00-0034869,00-0037834,Sam Darnold,Brock Purdy,Mike Macdonald,Kyle Shanahan,Bill Vinovich,SFO01,Levi's Stadium,0
2025_18_NO_ATL,2025,REG,18,2026-01-04,Sunday,13:00,NO,17.0,ATL,19.0,Home,2.0,36.0,0.0,2026010400,60099.0,,202601040atl,28689.0,401772966,6990.0,7,6,170.0,-205.0,4.5,-115.0,-105.0,43.5,-112.0,-108.0,1,closed,fieldturf,,,00-0040743,00-0029604,Tyler Shough,Kirk Cousins,Kellen Moore,Raheem Morris,Ron Torbert,ATL97,Mercedes-Benz Stadium,1
2025_18_CLE_CIN,2025,REG,18,2026-01-04,Sunday,13:00,CLE,20.0,CIN,18.0,Home,-2.0,38.0,0.0,2026010403,60102.0,,202601040cin,28676.0,401772964,6993.0,7,7,350.0,-455.0,9.5,-112.0,-108.0,47.5,-118.0,-102.0,1,outdoors,fieldturf,37.0,0.0,00-0040668,00-0036442,Shedeur Sanders,Joe Burrow,Kevin Stefanski,Zac Taylor,Alex Kemp,CIN00,Paycor Stadium,0
2025_18_IND_HOU,2025,REG,18,2026-01-04,Sunday,13:00,IND,30.0,HOU,38.0,Home,8.0,68.0,0.0,2026010405,60104.0,,202601040htx,28678.0,401772962,6995.0,7,8,400.0,-535.0,9.5,-110.0,-110.0,37.5,-108.0,-112.0,1,closed,astroturf,,,00-0040206,00-0039163,Riley Leonard,C.J. Stroud,Shane Steichen,DeMeco Ryans,Land Clark,HOU00,NRG Stadium,1
2025_18_TEN_JAX,2025,REG,18,2026-01-04,Sunday,13:00,TEN,7.0,JAX,41.0,Home,34.0,48.0,0.0,2026010406,60105.0,,202601040jax,28679.0,401772970,6996.0,7,7,525.0,-750.0,12.5,-110.0,-110.0,46.5,-112.0,-108.0,1,outdoors,grass,55.0,8.0,00-0040676,00-0036971,Cam Ward,Trevor Lawrence,Brian Callahan,Liam Coen,Scott Novak,JAX00,TIAA Bank Stadium,0
2025_18_GB_MIN,2025,REG,18,2026-01-04,Sunday,13:00,GB,3.0,MIN,16.0,Home,13.0,19.0,0.0,2026010409,60108.0,,202601040min,28682.0,401772968,6999.0,8,10,470.0,-650.0,12.5,-108.0,-112.0,37.5,-118.0,-102.0,1,dome,sportturf,,,00-0038582,00-0039923,Clayton Tune,J.J. McCarthy,Matt LaFleur,Kevin O'Connell,John Hussey,MIN01,U.S. Bank Stadium,1
2025_18_DAL_NYG,2025,REG,18,2026-01-04,Sunday,13:00,DAL,17.0,NYG,34.0,Home,17.0,51.0,0.0,2026010411,60110.0,,202601040nyg,28684.0,401772963,7001.0,10,7,-166.0,140.0,-3.0,-115.0,-105.0,50.5,-115.0,-105.0,1,outdoors,fieldturf,33.0,7.0,00-0033077,00-0040691,Dak Prescott,Jaxson Dart,Brian Schottenheimer,Brian Daboll,Adrian Hill,NYC01,MetLife Stadium,0
2025_18_NYJ_BUF,2025,REG,18,2026-01-04,Sunday,16:25,NYJ,8.0,BUF,35.0,Home,27.0,43.0,0.0,2026010401,60100.0,,202601040buf,28674.0,401772967,6991.0,7,7,550.0,-800.0,12.5,-112.0,-108.0,39.5,-115.0,-105.0,1,outdoors,a_turf,27.0,13.0,00-0040398,00-0033869,Brady Cook,Mitchell Trubisky,Aaron Glenn,Sean McDermott,Alan Eck,BUF00,New Era Field,0
2025_18_DET_CHI,2025,REG,18,2026-01-04,Sunday,16:25,DET,19.0,CHI,16.0,Home,-3.0,35.0,0.0,2026010402,60101.0,,202601040chi,28675.0,401772965,6992.0,10,7,150.0,-180.0,3.5,-110.0,-110.0,51.5,-115.0,-105.0,1,outdoors,grass,33.0,4.0,00-0033106,00-0039918,Jared Goff,Caleb Williams,Dan Campbell,Ben Johnson,Brad Rogers,CHI98,Soldier Field,0
2025_18_LAC_DEN,2025,REG,18,2026-01-04,Sunday,16:25,LAC,3.0,DEN,19.0,Home,16.0,22.0,0.0,2026010404,60103.0,,202601040den,28677.0,401772956,6994.0,8,10,900.0,-1600.0,14.5,-108.0,-112.0,37.5,-105.0,-115.0,1,outdoors,grass,66.0,8.0,00-0037012,00-0039732,Trey Lance,Bo Nix,Jim Harbaugh,Sean Payton,Clete Blakeman,DEN00,Empower Field at Mile High,0
2025_18_ARI_LA,2025,REG,18,2026-01-04,Sunday,16:25,ARI,20.0,LA,37.0,Home,17.0,57.0,0.0,2026010407,60106.0,,202601040ram,28681.0,401772955,6997.0,7,6,800.0,-1350.0,14.5,-115.0,-105.0,49.5,-108.0,-112.0,1,dome,matrixturf,,,00-0033119,00-0026498,Jacoby Brissett,Matthew Stafford,Jonathan Gannon,Sean McVay,Carl Cheffers,LAX01,SoFi Stadium,1
2025_18_KC_LV,2025,REG,18,2026-01-04,Sunday,16:25,KC,12.0,LV,14.0,Home,2.0,26.0,0.0,2026010408,60107.0,,202601040rai,28680.0,401772957,6998.0,10,7,-225.0,185.0,-3.5,-112.0,-108.0,36.5,-118.0,-102.0,1,dome,grass,,,00-0037324,00-0038102,Chris Oladokun,Kenny Pickett,Andy Reid,Pete Carroll,Craig Wrolstad,VEG00,Allegiant Stadium,1
2025_18_MIA_NE,2025,REG,18,2026-01-04,Sunday,16:25,MIA,10.0,NE,38.0,Home,28.0,48.0,0.0,2026010410,60109.0,,202601040nwe,28683.0,401772958,7000.0,7,7,650.0,-1000.0,14.0,-112.0,-108.0,44.5,-112.0,-108.0,1,outdoors,fieldturf,29.0,6.0,00-0040234,00-0039851,Quinn Ewers,Drake Maye,Mike McDaniel,Mike Vrabel,Clay Martin,BOS00,Gillette Stadium,0
2025_18_WAS_PHI,2025,REG,18,2026-01-04,Sunday,16:25,WAS,24.0,PHI,17.0,Home,-7.0,41.0,0.0,2026010412,60111.0,,202601040phi,28685.0,401772959,7002.0,10,7,150.0,-180.0,3.0,-105.0,-115.0,38.5,-108.0,-112.0,1,outdoors,grass,35.0,9.0,00-0026300,00-0038400,Josh Johnson,Tanner McKee,Dan Quinn,Nick Sirianni,Shawn Hochuli,PHI00,Lincoln Financial Field,0
2025_18_BAL_PIT,2025,REG,18,2026-01-04,Sunday,20:20,BAL,24.0,PIT,26.0,Home,2.0,50.0,0.0,2026010413,60112.0,,202601040pit,28686.0,401772960,7003.0,8,7,-225.0,185.0,-4.5,-105.0,-115.0,41.5,-110.0,-110.0,1,outdoors,grass,25.0,3.0,00-0034796,00-0023459,Lamar Jackson,Aaron Rodgers,John Harbaugh,Mike Tomlin,Shawn Smith,PIT00,Acrisure Stadium,0
2025_19_LA_CAR,2025,WC,19,2026-01-10,Saturday,16:30,LA,34.0,CAR,31.0,Home,-3.0,65.0,0.0,2026011000,60164.0,,202601100car,,401772979,7006.0,6,7,-550.0,410.0,-10.0,-108.0,-112.0,44.5,-108.0,-112.0,0,outdoors,grass,72.0,16.0,00-0026498,00-0039150,Matthew Stafford,Bryce Young,Sean McVay,Dave Canales,Clete Blakeman,CAR00,Bank of America Stadium,0
2025_19_GB_CHI,2025,WC,19,2026-01-10,Saturday,20:00,GB,27.0,CHI,31.0,Home,4.0,58.0,0.0,2026011001,60165.0,,202601100chi,,401772981,7007.0,6,6,-135.0,114.0,-2.5,-108.0,-112.0,45.5,-115.0,-105.0,1,outdoors,grass,32.0,6.0,00-0036264,00-0039918,Jordan Love,Caleb Williams,Matt LaFleur,Ben Johnson,Adrian Hill,CHI98,Soldier Field,0
2025_19_BUF_JAX,2025,WC,19,2026-01-11,Sunday,13:00,BUF,27.0,JAX,24.0,Home,-3.0,51.0,0.0,2026011100,60166.0,,202601110jax,,401772977,7008.0,7,7,102.0,-122.0,1.5,-110.0,-110.0,51.5,-112.0,-108.0,0,outdoors,grass,62.0,6.0,00-0034857,00-0036971,Josh Allen,Trevor Lawrence,Sean McDermott,Liam Coen,Brad Allen,JAX00,TIAA Bank Stadium,0
2025_19_SF_PHI,2025,WC,19,2026-01-11,Sunday,16:30,SF,23.0,PHI,19.0,Home,-4.0,42.0,0.0,2026011101,60167.0,,202601110phi,,401772980,7009.0,8,7,215.0,-265.0,6.0,-115.0,-105.0,44.5,-115.0,-105.0,0,outdoors,grass,46.0,22.0,00-0037834,00-0036389,Brock Purdy,Jalen Hurts,Kyle Shanahan,Nick Sirianni,Alan Eck,PHI00,Lincoln Financial Field,0
2025_19_LAC_NE,2025,WC,19,2026-01-11,Sunday,20:00,LAC,3.0,NE,16.0,Home,13.0,19.0,0.0,2026011102,60168.0,,202601110nwe,,401772978,7010.0,7,7,164.0,-198.0,3.5,-105.0,-115.0,45.5,-108.0,-112.0,0,outdoors,fieldturf,35.0,10.0,00-0036355,00-0039851,Justin Herbert,Drake Maye,Jim Harbaugh,Mike Vrabel,Ron Torbert,BOS00,Gillette Stadium,0
2025_19_HOU_PIT,2025,WC,19,2026-01-12,Monday,20:00,HOU,30.0,PIT,6.0,Home,-24.0,36.0,0.0,2026011200,60169.0,,202601120pit,,401772976,7011.0,8,8,-155.0,130.0,-3.0,-105.0,-115.0,38.5,-115.0,-105.0,0,outdoors,grass,32.0,9.0,00-0039163,00-0023459,C.J. Stroud,Aaron Rodgers,DeMeco Ryans,Mike Tomlin,Craig Wrolstad,PIT00,Acrisure Stadium,0
2025_20_BUF_DEN,2025,DIV,20,2026-01-17,Saturday,16:30,BUF,30.0,DEN,33.0,Home,3.0,63.0,1.0,2026011700,60170.0,,202601170den,,401772982,,6,13,100.0,-120.0,1.5,-112.0,-108.0,45.5,-112.0,-108.0,0,outdoors,grass,36.0,5.0,00-0034857,00-0039732,Josh Allen,Bo Nix,Sean McDermott,Sean Payton,Carl Cheffers,DEN00,Empower Field at Mile High,0
2025_20_SF_SEA,2025,DIV,20,2026-01-17,Saturday,20:00,SF,6.0,SEA,41.0,Home,35.0,47.0,0.0,2026011701,60171.0,,202601170sea,,401772984,,6,14,245.0,-305.0,6.5,-102.0,-118.0,44.5,-118.0,-102.0,1,outdoors,fieldturf,46.0,5.0,00-0037834,00-0034869,Brock Purdy,Sam Darnold,Kyle Shanahan,Mike Macdonald,John Hussey,SEA00,Lumen Field,0
2025_20_HOU_NE,2025,DIV,20,2026-01-18,Sunday,15:00,HOU,16.0,NE,28.0,Home,12.0,44.0,0.0,2026011801,60173.0,,202601180nwe,,401772983,,6,7,150.0,-180.0,3.0,102.0,-122.0,40.5,-105.0,-115.0,0,outdoors,fieldturf,35.0,2.0,00-0039163,00-0039851,C.J. Stroud,Drake Maye,DeMeco Ryans,Mike Vrabel,Shawn Smith,BOS00,Gillette Stadium,0
2025_20_LA_CHI,2025,DIV,20,2026-01-18,Sunday,18:30,LA,20.0,CHI,17.0,Home,-3.0,37.0,1.0,2026011800,60172.0,,202601180chi,,401772985,,8,8,-205.0,170.0,-3.5,-118.0,-102.0,49.5,-110.0,-110.0,0,outdoors,grass,19.0,6.0,00-0026498,00-0039918,Matthew Stafford,Caleb Williams,Sean McVay,Ben Johnson,Shawn Hochuli,CHI98,Soldier Field,0
2025_21_NE_DEN,2025,CON,21,2026-01-25,Sunday,15:00,NE,10.0,DEN,7.0,Home,-3.0,17.0,0.0,2026012500,60174.0,,202601250den,,401772986,,7,8,-205.0,170.0,-3.5,-115.0,-105.0,43.5,-118.0,-102.0,0,outdoors,grass,26.0,10.0,00-0039851,00-0035264,Drake Maye,Jarrett Stidham,Mike Vrabel,Sean Payton,Alex Kemp,DEN00,Empower Field at Mile High,0
2025_21_LA_SEA,2025,CON,21,2026-01-25,Sunday,18:30,LA,27.0,SEA,31.0,Home,4.0,58.0,0.0,2026012501,60175.0,,202601250sea,,401772987,,7,8,120.0,-142.0,2.5,-115.0,-105.0,45.5,-105.0,-115.0,1,outdoors,fieldturf,41.0,2.0,00-0026498,00-0034869,Matthew Stafford,Sam Darnold,Sean McVay,Mike Macdonald,Clay Martin,SEA00,Lumen Field,0
2025_22_SEA_NE,2025,SB,22,2026-02-08,Sunday,18:30,SEA,29.0,NE,13.0,Neutral,-16.0,42.0,0.0,2026020800,60176.0,,202602080nwe,,401772988,,14,14,-238.0,195.0,-4.5,-115.0,-105.0,45.5,-115.0,-105.0,0,outdoors,grass,67.0,7.0,00-0034869,00-0039851,Sam Darnold,Drake Maye,Mike Macdonald,Mike Vrabel,Shawn Smith,SFO01,Levi's Stadium,0
