game_id,season,game_type,week,gameday,weekday,gametime,away_team,away_score,home_team,home_score,location,result,total,overtime,old_game_id,gsis,nfl_detail_id,pfr,pff,espn,ftn,away_rest,home_rest,away_moneyline,home_moneyline,spread_line,away_spread_odds,home_spread_odds,total_line,under_odds,over_odds,div_game,roof,surface,temp,wind,away_qb_id,home_qb_id,away_qb_name,home_qb_name,away_coach,home_coach,referee,stadium_id,stadium,is_dome,home_pts_scored_last5,home_pts_allowed_last5,home_turnover_margin_last5,home_pts_scored_last5_sos_adj,home_win_streak,home_qb_change,away_pts_scored_last5,away_pts_allowed_last5,away_turnover_margin_last5,away_pts_scored_last5_sos_adj,away_win_streak,away_qb_change,rest_advantage,home_qb_rating_last5,away_qb_rating_last5,home_starters_out,home_qb_out,away_starters_out,away_qb_out
2021_01_DAL_TB,2021,REG,1,2021-09-09,Thursday,20:20,DAL,29.0,TB,31.0,Home,2.0,60.0,0.0,2021090900,58503.0,10160000-0585-0395-7f87-0c3334b38e2e,202109090tam,19608.0,401326322,5594.0,7,7,351.0,-425.0,10.0,-121.0,110.0,52.5,-108.0,-103.0,0,outdoors,grass ,82.0,9.0,00-0033077,00-0019596,Dak Prescott,Tom Brady,Mike McCarthy,Bruce Arians,Shawn Hochuli,TAM00,Raymond James Stadium,0,,,,,,,,,,,,,0,,,,,,
2021_01_PHI_ATL,2021,REG,1,2021-09-12,Sunday,13:00,PHI,32.0,ATL,6.0,Home,-26.0,38.0,0.0,2021091200,58504.0,10160000-0585-0480-6b01-c3eef69858d5,202109120atl,19609.0,401326315,5600.0,7,7,161.0,-180.0,3.5,-109.0,-101.0,49.0,-108.0,-103.0,0,open,fieldturf,,,00-0036389,00-0026143,Jalen Hurts,Matt Ryan,Nick Sirianni,Arthur Smith,Scott Novak,ATL97,Mercedes-Benz Stadium,0,,,,,,,,,,,,,0,,,,,,
2021_01_PIT_BUF,2021,REG,1,2021-09-12,Sunday,13:00,PIT,23.0,BUF,16.0,Home,-7.0,39.0,0.0,2021091201,58505.0,10160000-0585-05c2-6453-a2e392056a4d,202109120buf,19610.0,401326308,5598.0,7,7,232.0,-267.0,6.5,-110.0,-100.0,48.0,-114.0,103.0,0,outdoors,a_turf,73.0,17.0,00-0022924,00-0034857,Ben Roethlisberger,Josh Allen,Mike Tomlin,Sean McDermott,John Hussey,BUF00,New Era Field,0,,,,,,,,,,,,,0,,,,,,
2021_01_NYJ_CAR,2021,REG,1,2021-09-12,Sunday,13:00,NYJ,14.0,CAR,19.0,Home,5.0,33.0,0.0,2021091202,58506.0,10160000-0585-06c9-4855-c84e9f187c74,202109120car,19611.0,401326309,5599.0,7,7,164.0,-184.0,3.5,-108.0,-102.0,44.5,-107.0,-104.0,0,outdoors,grass ,81.0,0.0,00-0037013,00-0034869,Zach Wilson,Sam Darnold,Robert Saleh,Matt Rhule,Clay Martin,CAR00,Bank of America Stadium,0,,,,,,,,,,,,,0,,,,,,
2021_01_MIN_CIN,2021,REG,1,2021-09-12,Sunday,13:00,MIN,24.0,CIN,27.0,Home,3.0,51.0,1.0,2021091203,58507.0,10160000-0585-078e-e7ac-a2f205f45b71,202109120cin,19612.0,401326316,5603.0,7,7,-135.0,122.0,-3.0,109.0,-120.0,47.0,102.0,-114.0,0,outdoors,fieldturf,81.0,15.0,00-0029604,00-0036442,Kirk Cousins,Joe Burrow,Mike Zimmer,Zac Taylor,Adrian Hill,CIN00,Paul Brown Stadium,0,,,,,,,,,,,,,0,,,,,,
2021_01_SF_DET,2021,REG,1,2021-09-12,Sunday,13:00,SF,41.0,DET,33.0,Home,-8.0,74.0,0.0,2021091204,58508.0,10160000-0585-08b2-196f-5fa85a77a226,202109120det,19613.0,401326317,5601.0,7,7,-415.0,344.0,-9.5,-105.0,-105.0,46.0,-103.0,-108.0,0,dome,fieldturf,,,00-0031345,00-0033106,Jimmy Garoppolo,Jared Goff,Kyle Shanahan,Dan Campbell,Brad Rogers,DET00,Ford Field,1,,,,,,,,,,,,,0,,,,,,
2021_01_JAX_HOU,2021,REG,1,2021-09-12,Sunday,13:00,JAX,21.0,HOU,37.0,Home,16.0,58.0,0.0,2021091205,58509.0,10160000-0585-0955-6419-0435c7f11d5d,202109120htx,19614.0,401326310,5602.0,7,7,-172.0,154.0,-3.5,103.0,-113.0,45.5,-107.0,-104.0,1,closed,astroturf,,,00-0036971,00-0028118,Trevor Lawrence,Tyrod Taylor,Urban Meyer,David Culley,Land Clark,HOU00,NRG Stadium,1,,,,,,,,,,,,,0,,,,,,
2021_01_SEA_IND,2021,REG,1,2021-09-12,Sunday,13:00,SEA,28.0,IND,16.0,Home,-12.0,44.0,0.0,2021091206,58510.0,10160000-0585-10d0-bbae-7ced514d73f5,202109120clt,19615.0,401326318,5596.0,7,7,-146.0,132.0,-3.0,106.0,-117.0,49.0,-105.0,-106.0,0,closed,fieldturf,,,00-0029263,00-0032950,Russell Wilson,Carson Wentz,Pete Carroll,Frank Reich,Tony Corrente,IND00,Lucas Oil Stadium,1,,,,,,,,,,,,,0,,,,,,
2021_01_ARI_TEN,2021,REG,1,2021-09-12,Sunday,13:00,ARI,38.0,TEN,13.0,Home,-25.0,51.0,0.0,2021091207,58511.0,10160000-0585-1194-5bd6-3e939eca6530,202109120oti,19616.0,401326311,5597.0,7,7,131.0,-146.0,2.5,105.0,-116.0,54.0,-103.0,-108.0,0,outdoors,grass ,82.0,8.0,00-0035228,00-0029701,Kyler Murray,Ryan Tannehill,Kliff Kingsbury,Mike Vrabel,Jerome Boger,NAS00,Nissan Stadium,0,,,,,,,,,,,,,0,,,,,,
2021_01_LAC_WAS,2021,REG,1,2021-09-12,Sunday,13:00,LAC,20.0,WAS,16.0,Home,-4.0,36.0,0.0,2021091208,58512.0,10160000-0585-1250-d8b5-dc096164eee6,202109120was,19617.0,401326312,5595.0,7,7,117.0,-129.0,2.5,-109.0,-101.0,45.5,-115.0,103.0,0,outdoors,grass ,81.0,4.0,00-0036355,00-0023682,Justin Herbert,Ryan Fitzpatrick,Brandon Staley,Ron Rivera,Alex Kemp,WAS00,FedExField,0,,,,,,,,,,,,,0,,,,,,
2021_01_CLE_KC,2021,REG,1,2021-09-12,Sunday,16:25,CLE,29.0,KC,33.0,Home,4.0,62.0,0.0,2021091209,58513.0,10160000-0585-1318-4157-165c704d4398,202109120kan,19618.0,401326314,5607.0,7,7,211.0,-241.0,5.5,-101.0,-110.0,54.5,-107.0,-105.0,0,outdoors,grass ,88.0,8.0,00-0034855,00-0033873,Baker Mayfield,Patrick Mahomes,Kevin Stefanski,Andy Reid,Bill Vinovich,KAN00,GEHA Field at Arrowhead Stadium,0,,,,,,,,,,,,,0,,,,,,
2021_01_MIA_NE,2021,REG,1,2021-09-12,Sunday,16:25,MIA,17.0,NE,16.0,Home,-1.0,33.0,0.0,2021091210,58514.0,10160000-0585-1494-7dca-af897fca66c1,202109120nwe,19619.0,401326313,5605.0,7,7,155.0,-173.0,3.5,-113.0,102.0,43.5,-114.0,103.0,1,outdoors,fieldturf,81.0,15.0,00-0036212,00-0036972,Tua Tagovailoa,Mac Jones,Brian Flores,Bill Belichick,Clete Blakeman,BOS00,Gillette Stadium,0,,,,,,,,,,,,,0,,,,,,
2021_01_GB_NO,2021,REG,1,2021-09-12,Sunday,16:25,GB,3.0,NO,38.0,Neutral,35.0,41.0,0.0,2021091211,58515.0,10160000-0585-154d-0841-cf028d1e5dd3,202109120nor,19620.0,401326319,5604.0,7,7,-181.0,162.0,-4.0,103.0,-114.0,49.0,-110.0,-102.0,0,outdoors,grass ,86.0,9.0,00-0023459,00-0031503,Aaron Rodgers,Jameis Winston,Matt LaFleur,Sean Payton,Carl Cheffers,JAX00,TIAA Bank Stadium,0,,,,,,,,,,,,,0,,,,,,
2021_01_DEN_NYG,2021,REG,1,2021-09-12,Sunday,16:25,DEN,27.0,NYG,13.0,Home,-14.0,40.0,0.0,2021091212,58516.0,10160000-0585-1662-65a6-12501755475c,202109120nyg,19621.0,401326320,5606.0,7,7,-139.0,125.0,-3.0,109.0,-120.0,41.5,-105.0,-106.0,0,outdoors,fieldturf,82.0,19.0,00-0031237,00-0035710,Teddy Bridgewater,Daniel Jones,Vic Fangio,Joe Judge,Ron Torbert,NYC01,MetLife Stadium,0,,,,,,,,,,,,,0,,,,,,
2021_01_CHI_LA,2021,REG,1,2021-09-12,Sunday,20:20,CHI,14.0,LA,34.0,Home,20.0,48.0,0.0,2021091213,58517.0,10160000-0585-1779-4777-2d8cec046faf,202109120ram,19622.0,401326323,5608.0,7,7,324.0,-387.0,9.5,-108.0,-102.0,46.0,-107.0,-104.0,0,dome,matrixturf,,,00-0027973,00-0026498,Andy Dalton,Matthew Stafford,Matt Nagy,Sean McVay,Brad Allen,LAX01,SoFi Stadium,1,,,,,,,,,,,,,0,,,,,,
2021_01_BAL_LV,2021,REG,1,2021-09-13,Monday,20:15,BAL,27.0,LV,33.0,Home,6.0,60.0,1.0,2021091300,58518.0,10160000-0585-18b6-9d6b-628c89149281,202109130rai,19623.0,401326321,5609.0,7,7,-167.0,149.0,-3.0,-116.0,105.0,50.5,-111.0,-100.0,0,dome,grass,,,00-0034796,00-0031280,Lamar Jackson,Derek Carr,John Harbaugh,Jon Gruden,Shawn Smith,VEG00,Allegiant Stadium,1,,,,,,,,,,,,,0,,,,,,
2021_02_NYG_WAS,2021,REG,2,2021-09-16,Thursday,20:20,NYG,29.0,WAS,30.0,Home,1.0,59.0,0.0,2021091600,58519.0,10160000-0585-1993-5de7-06d7b1e9824d,202109160was,19625.0,401326127,5610.0,4,4,176.0,-198.0,4.0,-103.0,-107.0,42.0,-112.0,100.0,1,outdoors,grass ,71.0,0.0,00-0035710,00-0031800,Daniel Jones,Taylor Heinicke,Joe Judge,Ron Rivera,Scott Novak,WAS00,FedExField,0,16.0,20.0,1.0,,-1.0,1.0,13.0,27.0,0.0,,-1.0,0.0,0,119.30555555555556,90.70945945945947,0.0,0.0,0.0,0.0
2021_02_NO_CAR,2021,REG,2,2021-09-19,Sunday,13:00,NO,7.0,CAR,26.0,Home,19.0,33.0,0.0,2021091900,58520.0,10160000-0585-2045-b685-8578eabec6d0,202109190car,19626.0,401326128,5613.0,7,7,-145.0,131.0,-3.0,102.0,-113.0,45.0,-106.0,-105.0,1,outdoors,grass ,83.0,4.0,00-0031503,00-0034869,Jameis Winston,Sam Darnold,Sean Payton,Matt Rhule,Ron Torbert,CAR00,Bank of America Stadium,0,19.0,14.0,0.0,,1.0,0.0,38.0,3.0,3.0,,1.0,0.0,0,101.96428571428571,130.83333333333334,0.0,0.0,0.0,0.0
2021_02_CIN_CHI,2021,REG,2,2021-09-19,Sunday,13:00,CIN,17.0,CHI,20.0,Home,3.0,37.0,0.0,2021091901,58521.0,10160000-0585-2136-215a-ce64084ab606,202109190chi,19627.0,401326129,5611.0,7,7,114.0,-126.0,2.0,-105.0,-105.0,44.5,-107.0,-104.0,0,outdoors,grass ,80.0,0.0,00-0036442,00-0027973,Joe Burrow,Andy Dalton,Zac Taylor,Matt Nagy,Land Clark,CHI98,Soldier Field,0,14.0,34.0,-2.0,,-1.0,0.0,27.0,24.0,1.0,,1.0,0.0,0,72.91666666666666,128.78086419753086,0.0,0.0,0.0,0.0
2021_02_HOU_CLE,2021,REG,2,2021-09-19,Sunday,13:00,HOU,21.0,CLE,31.0,Home,10.0,52.0,0.0,2021091902,58522.0,10160000-0585-2291-e1e4-75f0523c1b19,202109190cle,19628.0,401326130,5612.0,7,7,521.0,-675.0,13.5,-103.0,-107.0,48.5,103.0,-115.0,0,outdoors,grass ,75.0,12.0,00-0028118,00-0034855,Tyrod Taylor,Baker Mayfield,David Culley,Kevin Stefanski,Brad Rogers,CLE00,FirstEnergy Stadium,0,29.0,33.0,-2.0,,-1.0,0.0,37.0,21.0,3.0,,1.0,0.0,0,97.4702380952381,112.05808080808082,0.0,0.0,0.0,0.0
2021_02_LA_IND,2021,REG,2,2021-09-19,Sunday,13:00,LA,27.0,IND,24.0,Home,-3.0,51.0,0.0,2021091903,58523.0,10160000-0585-23dd-9681-98e9fe181632,202109190clt,19629.0,401326131,5614.0,7,7,-205.0,182.0,-4.0,-110.0,-100.0,48.0,-115.0,103.0,0,closed,fieldturf,,,00-0026498,00-0032950,Matthew Stafford,Carson Wentz,Sean McVay,Frank Reich,Shawn Smith,IND00,Lucas Oil Stadium,1,16.0,28.0,0.0,,-1.0,0.0,34.0,14.0,2.0,,1.0,0.0,0,101.9736842105263,156.08974358974362,0.0,0.0,0.0,0.0
2021_02_DEN_JAX,2021,REG,2,2021-09-19,Sunday,13:00,DEN,23.0,JAX,13.0,Home,-10.0,36.0,0.0,2021091904,58524.0,10160000-0585-246e-d1e6-d8966548ba45,202109190jax,19630.0,401326132,5615.0,7,7,-241.0,211.0,-6.0,104.0,-115.0,45.0,-107.0,-104.0,0,outdoors,grass ,80.0,7.0,00-0031237,00-0036971,Teddy Bridgewater,Trevor Lawrence,Vic Fangio,Urban Meyer,Clay Martin,JAX00,TIAA Bank Stadium,0,21.0,37.0,-3.0,,-1.0,0.0,27.0,13.0,0.0,,1.0,0.0,0,70.05718954248367,115.74074074074075,0.0,0.0,0.0,0.0
2021_02_BUF_MIA,2021,REG,2,2021-09-19,Sunday,13:00,BUF,35.0,MIA,0.0,Home,-35.0,35.0,0.0,2021091905,58525.0,10160000-0585-25b8-1e45-8d1ab983c452,202109190mia,19631.0,401326353,5616.0,7,7,-179.0,160.0,-3.5,103.0,-113.0,48.0,-103.0,-109.0,1,outdoors,grass ,89.0,7.0,00-0034857,00-0036212,Josh Allen,Tua Tagovailoa,Sean McDermott,Brian Flores,Craig Wrolstad,MIA00,Hard Rock Stadium,0,17.0,16.0,1.0,,1.0,0.0,16.0,23.0,-1.0,,-1.0,0.0,0,79.55246913580247,79.69771241830065,0.0,0.0,0.0,0.0
2021_02_NE_NYJ,2021,REG,2,2021-09-19,Sunday,13:00,NE,25.0,NYJ,6.0,Home,-19.0,31.0,0.0,2021091906,58526.0,10160000-0585-2623-ccb6-fe5554b9f99b,202109190nyj,19632.0,401326354,5617.0,7,7,-235.0,207.0,-5.5,-105.0,-105.0,43.0,102.0,-113.0,1,outdoors,fieldturf,72.0,13.0,00-0036972,00-0037013,Mac Jones,Zach Wilson,Bill Belichick,Robert Saleh,Shawn Hochuli,NYC01,MetLife Stadium,0,14.0,19.0,0.0,,-1.0,0.0,16.0,17.0,-1.0,,-1.0,0.0,0,82.9391891891892,102.61752136752136,0.0,0.0,0.0,0.0
2021_02_SF_PHI,2021,REG,2,2021-09-19,Sunday,13:00,SF,17.0,PHI,11.0,Home,-6.0,28.0,0.0,2021091907,58527.0,10160000-0585-2755-bf00-5e03f6c3e401,202109190phi,19633.0,401326355,5618.0,7,7,-144.0,130.0,-3.0,104.0,-115.0,49.0,-109.0,-102.0,0,outdoors,grass ,76.0,13.0,00-0031345,00-0036389,Jimmy Garoppolo,Jalen Hurts,Kyle Shanahan,Nick Sirianni,Brad Allen,PHI00,Lincoln Financial Field,0,32.0,6.0,0.0,,1.0,0.0,41.0,33.0,-1.0,,1.0,0.0,0,126.36904761904762,124.16666666666667,0.0,0.0,0.0,0.0
2021_02_LV_PIT,2021,REG,2,2021-09-19,Sunday,13:00,LV,26.0,PIT,17.0,Home,-9.0,43.0,0.0,2021091908,58528.0,10160000-0585-2829-66f7-94eda861d4e2,202109190pit,19624.0,401326356,5619.0,6,7,201.0,-228.0,5.5,-109.0,-102.0,46.5,104.0,-116.0,0,outdoors,grass ,77.0,4.0,00-0031280,00-0022924,Derek Carr,Ben Roethlisberger,Jon Gruden,Mike Tomlin,Jerome Boger,PIT00,Heinz Field,0,23.0,16.0,1.0,,1.0,0.0,33.0,27.0,1.0,,1.0,0.0,1,83.85416666666666,89.50892857142857,0.0,0.0,0.0,0.0
2021_02_MIN_ARI,2021,REG,2,2021-09-19,Sunday,16:05,MIN,33.0,ARI,34.0,Home,1.0,67.0,0.0,2021091909,58529.0,10160000-0585-29ea-796d-6cf239561509,202109190crd,19634.0,401326357,5622.0,7,7,170.0,-191.0,4.0,-111.0,101.0,51.0,-111.0,-101.0,0,closed,grass ,,,00-0029604,00-0035228,Kirk Cousins,Kyler Murray,Mike Zimmer,Kliff Kingsbury,Bill Vinovich,PHO00,State Farm Stadium,1,38.0,13.0,2.0,,1.0,0.0,24.0,27.0,-1.0,,-1.0,0.0,0,120.96354166666667,106.76020408163265,0.0,0.0,0.0,0.0
2021_02_ATL_TB,2021,REG,2,2021-09-19,Sunday,16:05,ATL,25.0,TB,48.0,Home,23.0,73.0,0.0,2021091910,58530.0,10160000-0585-30bd-05c9-75bc16e1a032,202109190tam,19635.0,401326358,5620.0,7,10,582.0,-772.0,13.5,-108.0,-102.0,52.0,-103.0,-108.0,1,outdoors,grass ,85.0,0.0,00-0026143,00-0019596,Matt Ryan,Tom Brady,Arthur Smith,Bruce Arians,Carl Cheffers,TAM00,Raymond James Stadium,0,31.0,29.0,-3.0,,1.0,0.0,6.0,32.0,0.0,,-1.0,0.0,3,97.00000000000001,71.60714285714286,0.0,0.0,0.0,0.0
2021_02_DAL_LAC,2021,REG,2,2021-09-19,Sunday,16:25,DAL,20.0,LAC,17.0,Home,-3.0,37.0,0.0,2021091911,58531.0,10160000-0585-31c3-69ac-e731cfae25be,202109190sdg,19636.0,401326359,5621.0,10,7,135.0,-150.0,3.0,-109.0,-101.0,55.0,-101.0,-110.0,0,dome,matrixturf,,,00-0033077,00-0036355,Dak Prescott,Justin Herbert,Mike McCarthy,Brandon Staley,Tony Corrente,LAX01,SoFi Stadium,1,20.0,16.0,-1.0,,1.0,0.0,29.0,31.0,3.0,,-1.0,0.0,-3,85.15070921985816,101.4367816091954,0.0,0.0,0.0,0.0
2021_02_TEN_SEA,2021,REG,2,2021-09-19,Sunday,16:25,TEN,33.0,SEA,30.0,Home,-3.0,63.0,1.0,2021091912,58532.0,10160000-0585-3276-88c7-cc4ad323640e,202109190sea,19637.0,401326360,5623.0,7,7,247.0,-286.0,6.5,-100.0,-110.0,53.5,-102.0,-109.0,0,outdoors,fieldturf,62.0,14.0,00-0029701,00-0029263,Ryan Tannehill,Russell Wilson,Mike Vrabel,Pete Carroll,John Hussey,SEA00,Lumen Field,0,28.0,16.0,0.0,,1.0,0.0,13.0,38.0,-2.0,,-1.0,0.0,0,152.26449275362316,74.94047619047618,0.0,0.0,0.0,0.0
2021_02_KC_BAL,2021,REG,2,2021-09-19,Sunday,20:20,KC,35.0,BAL,36.0,Home,1.0,71.0,0.0,2021091913,58533.0,10160000-0585-33fe-aa00-203001f83c1d,202109190rav,19638.0,401326361,5624.0,7,6,-171.0,153.0,-3.5,107.0,-118.0,53.5,-110.0,-101.0,0,outdoors,grass,82.0,8.0,00-0033873,00-0034796,Patrick Mahomes,Lamar Jackson,Andy Reid,John Harbaugh,Clete Blakeman,BAL00,M&T Bank Stadium,0,27.0,33.0,-1.0,,-1.0,0.0,33.0,29.0,2.0,,1.0,0.0,-1,98.6111111111111,131.36574074074073,0.0,0.0,0.0,0.0
2021_02_DET_GB,2021,REG,2,2021-09-20,Monday,20:15,DET,17.0,GB,35.0,Home,18.0,52.0,0.0,2021092000,58534.0,10160000-0585-34b5-093d-5f75273b3261,202109200gnb,19639.0,401326362,5625.0,8,8,400.0,-494.0,11.5,-112.0,102.0,49.5,-101.0,-110.0,1,outdoors,grass ,73.0,12.0,00-0033106,00-0023459,Jared Goff,Aaron Rodgers,Dan Campbell,Matt LaFleur,Adrian Hill,GNB00,Lambeau Field,0,3.0,38.0,-3.0,,-1.0,0.0,33.0,41.0,1.0,,-1.0,0.0,0,36.75595238095239,92.58040935672514,0.0,0.0,0.0,0.0
2021_03_CAR_HOU,2021,REG,3,2021-09-23,Thursday,20:20,CAR,24.0,HOU,9.0,Home,-15.0,33.0,0.0,2021092300,58535.0,10160000-0585-35a1-77ae-878310617a5d,202109230htx,19640.0,401326363,5626.0,4,4,-420.0,348.0,-8.0,-115.0,104.0,43.0,-101.0,-110.0,0,closed,astroturf,,,00-0034869,00-0036898,Sam Darnold,Davis Mills,Matt Rhule,David Culley,Alex Kemp,HOU00,NRG Stadium,1,29.0,26.0,2.5,19.849868062648962,-1.0,1.0,22.5,10.5,0.5,169.40835674157302,2.0,0.0,0,58.10185185185185,100.54354636591478,1.0,0.0,0.0,0.0
2021_03_WAS_BUF,2021,REG,3,2021-09-26,Sunday,13:00,WAS,21.0,BUF,43.0,Home,22.0,64.0,0.0,2021092600,58536.0,10160000-0585-362f-b5b3-85d152061809,202109260buf,19641.0,401326364,5635.0,10,7,281.0,-330.0,7.5,-114.0,103.0,45.5,-105.0,-106.0,0,outdoors,a_turf,67.0,21.0,00-0031800,00-0034857,Taylor Heinicke,Josh Allen,Ron Rivera,Sean McDermott,Tony Corrente,BUF00,New Era Field,0,25.5,11.5,-1.0,35.99927580758427,1.0,0.0,23.0,24.5,0.0,19.24144298793175,1.0,0.0,-3,77.4435531788473,109.42632850241546,0.0,0.0,0.0,0.0
2021_03_CHI_CLE,2021,REG,3,2021-09-26,Sunday,13:00,CHI,6.0,CLE,26.0,Home,20.0,32.0,0.0,2021092601,58537.0,10160000-0585-372e-eef2-38859f6cab57,202109260cle,19642.0,401326365,5627.0,7,7,315.0,-375.0,7.5,-102.0,-108.0,45.0,-106.0,-105.0,0,outdoors,grass ,70.0,22.0,00-0036945,00-0034855,Justin Fields,Baker Mayfield,Matt Nagy,Kevin Stefanski,Ron Torbert,CLE00,FirstEnergy Stadium,0,30.0,27.0,-2.0,32.26825842696629,1.0,0.0,17.0,25.5,0.5,15.999678136704118,1.0,1.0,0,101.21527777777779,57.61217948717949,0.0,0.0,2.0,1.0
2021_03_BAL_DET,2021,REG,3,2021-09-26,Sunday,13:00,BAL,19.0,DET,17.0,Home,-2.0,36.0,0.0,2021092602,58538.0,10160000-0585-388c-6609-51e4cbf35097,202109260det,19643.0,401326366,5633.0,7,6,-344.0,292.0,-7.5,-100.0,-110.0,51.0,-105.0,-106.0,0,dome,fieldturf,,,00-0034796,00-0033106,Lamar Jackson,Jared Goff,John Harbaugh,Dan Campbell,Scott Novak,DET00,Ford Field,1,25.0,38.0,-0.5,14.860382170313425,-2.0,0.0,31.5,34.0,-0.5,24.53500339015885,1.0,0.0,-1,95.13279727095517,88.72863247863248,1.0,0.0,0.0,0.0
2021_03_ARI_JAX,2021,REG,3,2021-09-26,Sunday,13:00,ARI,31.0,JAX,19.0,Home,-12.0,50.0,0.0,2021092603,58539.0,10160000-0585-3990-6603-b4c540dfc9c1,202109260jax,19644.0,401326367,5634.0,7,7,-360.0,304.0,-8.0,-101.0,-110.0,51.5,-104.0,-107.0,0,outdoors,grass ,81.0,4.0,00-0035228,00-0036971,Kyler Murray,Trevor Lawrence,Kliff Kingsbury,Urban Meyer,Shawn Smith,JAX00,TIAA Bank Stadium,0,17.0,30.0,-2.5,29.537867329299914,-2.0,0.0,36.0,23.0,0.0,30.11704119850187,2.0,0.0,0,53.62076648841355,119.27806712962962,0.0,0.0,0.0,0.0
2021_03_LAC_KC,2021,REG,3,2021-09-26,Sunday,13:00,LAC,30.0,KC,24.0,Home,-6.0,54.0,0.0,2021092604,58540.0,10160000-0585-40f6-807e-5528340ffb4e,202109260kan,19648.0,401326368,5631.0,7,7,237.0,-273.0,6.5,-100.0,-110.0,55.0,-108.0,-103.0,1,outdoors,grass ,81.0,19.0,00-0036355,00-0033873,Justin Herbert,Patrick Mahomes,Brandon Staley,Andy Reid,Shawn Hochuli,KAN00,GEHA Field at Arrowhead Stadium,0,34.0,32.5,1.0,23.272259107933266,-1.0,0.0,18.5,18.0,-1.0,13.479804729974628,-1.0,0.0,0,131.4422789725209,86.19832208960388,0.0,0.0,0.0,0.0
2021_03_NO_NE,2021,REG,3,2021-09-26,Sunday,13:00,NO,28.0,NE,13.0,Home,-15.0,41.0,0.0,2021092605,58541.0,10160000-0585-4186-1c4b-ffd17eb79c79,202109260nwe,19645.0,401326369,5629.0,7,7,130.0,-144.0,3.0,-117.0,106.0,44.0,-114.0,102.0,0,outdoors,fieldturf,73.0,11.0,00-0031503,00-0036972,Jameis Winston,Mac Jones,Sean Payton,Bill Belichick,John Hussey,BOS00,Gillette Stadium,0,20.5,11.5,1.5,24.371026759314017,1.0,0.0,22.5,14.5,1.0,36.30179073033708,-1.0,0.0,0,95.82264957264957,78.86363636363637,0.0,0.0,0.0,0.0
2021_03_ATL_NYG,2021,REG,3,2021-09-26,Sunday,13:00,ATL,17.0,NYG,14.0,Home,-3.0,31.0,0.0,2021092606,58542.0,10160000-0585-42f8-a139-c5c7f3ad05a5,202109260nyg,19646.0,401326370,5632.0,7,10,129.0,-143.0,3.0,-115.0,105.0,48.0,-110.0,-101.0,0,outdoors,fieldturf,69.0,13.0,00-0026143,00-0035710,Matt Ryan,Daniel Jones,Arthur Smith,Joe Judge,Adrian Hill,NYC01,MetLife Stadium,0,21.0,28.5,0.5,23.717169943820224,-2.0,0.0,15.5,40.0,-1.0,12.07277944595118,-2.0,0.0,3,96.46150056306307,75.79451345755695,0.0,0.0,2.0,0.0
2021_03_CIN_PIT,2021,REG,3,2021-09-26,Sunday,13:00,CIN,24.0,PIT,10.0,Home,-14.0,34.0,0.0,2021092607,58543.0,10160000-0585-43f9-b02b-b42277d58000,202109260pit,19647.0,401326371,5630.0,7,7,126.0,-140.0,2.5,103.0,-114.0,42.5,-112.0,101.0,1,outdoors,grass ,67.0,9.0,00-0036442,00-0022924,Joe Burrow,Ben Roethlisberger,Zac Taylor,Mike Tomlin,Clete Blakeman,PIT00,Heinz Field,0,20.0,21.0,0.0,16.73168955472326,-1.0,0.0,22.0,22.0,-1.0,14.615622934567083,-1.0,0.0,0,85.41666666666666,97.51543209876543,1.0,0.0,2.0,0.0
2021_03_IND_TEN,2021,REG,3,2021-09-26,Sunday,13:00,IND,16.0,TEN,25.0,Home,9.0,41.0,0.0,2021092608,58544.0,10160000-0585-4441-26ae-1a1f5f8a7f37,202109260oti,19649.0,401326372,5628.0,7,7,175.0,-196.0,4.5,-113.0,103.0,47.0,-104.0,-107.0,1,outdoors,grass ,72.0,4.0,00-0032950,00-0029701,Carson Wentz,Ryan Tannehill,Frank Reich,Mike Vrabel,Bill Vinovich,NAS00,Nissan Stadium,0,23.0,34.0,-1.5,32.46993504213483,1.0,0.0,20.0,27.5,0.0,32.26825842696629,-2.0,0.0,0,84.70982142857142,94.16560554612337,0.0,0.0,0.0,0.0
2021_03_NYJ_DEN,2021,REG,3,2021-09-26,Sunday,16:05,NYJ,0.0,DEN,26.0,Home,26.0,26.0,0.0,2021092609,58545.0,10160000-0585-4520-9695-534185299b8c,202109260den,19650.0,401326373,5636.0,7,7,470.0,-597.0,10.5,-109.0,-101.0,42.0,-107.0,-104.0,0,outdoors,grass ,82.0,6.0,00-0037013,00-0031237,Zach Wilson,Teddy Bridgewater,Robert Saleh,Vic Fangio,Land Clark,DEN00,Empower Field at Mile High,0,25.0,13.0,1.0,15.262014120862435,2.0,0.0,10.0,22.0,-2.0,13.286929940515531,-2.0,0.0,0,120.67674291938998,59.967069342069344,0.0,0.0,0.0,0.0
2021_03_MIA_LV,2021,REG,3,2021-09-26,Sunday,16:05,MIA,28.0,LV,31.0,Home,3.0,59.0,1.0,2021092610,58546.0,10160000-0585-46fd-de81-325d1c4a7a64,202109260rai,19651.0,401326374,5639.0,7,7,173.0,-194.0,4.0,-107.0,-103.0,45.0,-100.0,-111.0,0,dome,grass,,,00-0033119,00-0031280,Jacoby Brissett,Derek Carr,Brian Flores,Jon Gruden,Carl Cheffers,VEG00,Allegiant Stadium,1,29.5,22.0,1.0,41.646221032303366,2.0,0.0,8.5,25.5,1.0,8.34765815828041,-1.0,1.0,0,107.8456805019305,59.27083333333333,0.0,0.0,1.0,1.0
2021_03_TB_LA,2021,REG,3,2021-09-26,Sunday,16:25,TB,24.0,LA,34.0,Home,10.0,58.0,0.0,2021092611,58547.0,10160000-0585-4742-49b7-1fdf9e3d3c62,202109260ram,19652.0,401326375,5638.0,7,7,-106.0,-104.0,-1.0,100.0,-110.0,55.0,-102.0,-109.0,0,dome,matrixturf,,,00-0019596,00-0026498,Tom Brady,Matthew Stafford,Bruce Arians,Sean McVay,Craig Wrolstad,LAX01,SoFi Stadium,1,30.5,19.0,1.0,24.6045470505618,2.0,0.0,39.5,27.0,-0.5,27.88179204705056,2.0,0.0,0,128.9476495726496,113.08333333333334,0.0,0.0,1.0,0.0
2021_03_SEA_MIN,2021,REG,3,2021-09-26,Sunday,16:25,SEA,17.0,MIN,30.0,Home,13.0,47.0,0.0,2021092612,58548.0,10160000-0585-486a-f804-7367540c9b94,202109260min,19653.0,401326376,5637.0,7,7,-120.0,109.0,-2.0,-101.0,-109.0,53.5,-104.0,-107.0,0,dome,sportturf,,,00-0029263,00-0029604,Russell Wilson,Kirk Cousins,Pete Carroll,Mike Zimmer,Clay Martin,MIN01,U.S. Bank Stadium,1,28.5,30.5,0.5,49.519365816767504,-2.0,0.0,29.0,24.5,0.5,17.238043317563573,-1.0,0.0,0,114.57801870748298,140.54756895745675,0.0,0.0,1.0,0.0
2021_03_GB_SF,2021,REG,3,2021-09-26,Sunday,20:20,GB,30.0,SF,28.0,Home,-2.0,58.0,0.0,2021092613,58549.0,10160000-0585-49b2-72a4-c8f22da773d9,202109260sfo,19654.0,401326377,5640.0,6,7,160.0,-179.0,3.5,-113.0,103.0,50.5,-103.0,-108.0,0,outdoors,grass,69.0,15.0,00-0023459,00-0031345,Aaron Rodgers,Jimmy Garoppolo,Matt LaFleur,Kyle Shanahan,Jerome Boger,SFO01,Levi's Stadium,0,29.0,22.0,-0.5,109.17427434456928,2.0,0.0,19.0,27.5,-0.5,10.467508221430528,1.0,0.0,1,112.36111111111111,91.17890211640211,1.0,0.0,1.0,0.0
2021_03_PHI_DAL,2021,REG,3,2021-09-27,Monday,20:15,PHI,21.0,DAL,41.0,Home,20.0,62.0,0.0,2021092700,58550.0,10160000-0585-50bd-5f3e-7e78e013c657,202109270dal,19655.0,401326378,5641.0,8,8,168.0,-189.0,3.5,-103.0,-107.0,51.5,-110.0,-101.0,1,open,matrixturf,,,00-0036389,00-0033077,Jalen Hurts,Dak Prescott,Nick Sirianni,Mike McCarthy,Brad Rogers,DAL00,AT&T Stadium,0,24.5,24.0,2.0,34.58753950140449,1.0,0.0,21.5,11.5,0.0,14.716281494722505,-1.0,0.0,0,94.62271179225203,103.17546583850933,0.0,0.0,1.0,0.0
2021_04_JAX_CIN,2021,REG,4,2021-09-30,Thursday,20:20,JAX,21.0,CIN,24.0,Home,3.0,45.0,0.0,2021093000,58551.0,10160000-0585-5130-3a67-8badf04019ca,202109300cin,19656.0,401326379,5642.0,4,4,313.0,-373.0,7.5,105.0,-116.0,46.0,101.0,-113.0,0,outdoors,fieldturf,65.0,0.0,00-0036971,00-0036442,Trevor Lawrence,Joe Burrow,Urban Meyer,Zac Taylor,Brad Allen,CIN00,Paul Brown Stadium,0,22.666666666666668,18.0,-0.3333333333333333,18.617807286346615,1.0,0.0,17.666666666666668,30.333333333333332,-2.6666666666666665,22.169488660008327,-3.0,0.0,0,105.98251028806584,58.459595959595966,4.0,0.0,0.0,0.0
2021_04_WAS_ATL,2021,REG,4,2021-10-03,Sunday,13:00,WAS,34.0,ATL,30.0,Home,-4.0,64.0,0.0,2021100300,58552.0,10160000-0585-5257-aab2-51126edaa21f,202110030atl,19657.0,401326380,5648.0,7,7,-117.0,106.0,-1.0,-111.0,100.0,47.5,-114.0,102.0,0,open,fieldturf,,,00-0031800,00-0026143,Taylor Heinicke,Matt Ryan,Ron Rivera,Arthur Smith,Clay Martin,ATL97,Mercedes-Benz Stadium,0,16.0,31.333333333333332,-0.6666666666666666,12.570591108939912,1.0,0.0,22.333333333333332,30.666666666666668,-1.0,26.20573714674838,-1.0,0.0,0,87.60529292232191,99.80273752012882,1.0,0.0,1.0,0.0
2021_04_HOU_BUF,2021,REG,4,2021-10-03,Sunday,13:00,HOU,0.0,BUF,40.0,Home,40.0,40.0,0.0,2021100301,58553.0,10160000-0585-53a1-9f60-d74c0ea5aba5,202110030buf,19658.0,401326381,5644.0,10,7,988.0,-1500.0,19.0,-108.0,-102.0,47.5,-106.0,-105.0,0,outdoors,a_turf,67.0,12.0,00-0036898,00-0034857,Davis Mills,Josh Allen,David Culley,Sean McDermott,Ron Torbert,BUF00,New Era Field,0,31.333333333333332,14.666666666666666,0.3333333333333333,34.9506404031997,2.0,0.0,22.333333333333332,25.333333333333332,1.6666666666666667,23.19358345171983,-2.0,1.0,-3,94.89453932853387,76.81878306878306,2.0,0.0,0.0,0.0
2021_04_DET_CHI,2021,REG,4,2021-10-03,Sunday,13:00,DET,14.0,CHI,24.0,Home,10.0,38.0,0.0,2021100302,58554.0,10160000-0585-5441-b92e-8090a507aee1,202110030chi,19659.0,401326382,5646.0,7,7,134.0,-148.0,3.0,-109.0,-101.0,42.0,-110.0,-101.0,1,outdoors,grass ,72.0,4.0,00-0033106,00-0036945,Jared Goff,Justin Fields,Dan Campbell,Matt Nagy,Shawn Smith,CHI98,Soldier Field,0,13.333333333333334,25.666666666666668,0.3333333333333333,11.810604391569361,-1.0,1.0,22.333333333333332,31.666666666666668,0.0,14.012790002080731,-3.0,0.0,0,52.15811965811966,94.53297595841455,1.0,0.0,1.0,0.0
2021_04_CAR_DAL,2021,REG,4,2021-10-03,Sunday,13:00,CAR,28.0,DAL,36.0,Home,8.0,64.0,0.0,2021100303,58555.0,10160000-0585-5546-695e-09048d1a9112,202110030dal,19660.0,401326383,5650.0,10,6,186.0,-210.0,4.5,-106.0,-104.0,51.5,-114.0,102.0,0,closed,matrixturf,,,00-0034869,00-0033077,Sam Darnold,Dak Prescott,Matt Rhule,Mike McCarthy,Jerome Boger,DAL00,AT&T Stadium,1,30.0,23.0,1.6666666666666667,49.282431052093976,2.0,0.0,23.0,10.0,0.3333333333333333,35.82889383959705,3.0,0.0,-4,110.83821811791161,98.93262568185169,0.0,0.0,1.0,0.0
2021_04_IND_MIA,2021,REG,4,2021-10-03,Sunday,13:00,IND,27.0,MIA,17.0,Home,-10.0,44.0,0.0,2021100304,58556.0,10160000-0585-5696-a397-e25b0d34aa43,202110030mia,19661.0,401326384,5643.0,7,7,130.0,-144.0,2.5,102.0,-113.0,41.5,-104.0,-107.0,0,outdoors,grass ,85.0,16.0,00-0032950,00-0033119,Carson Wentz,Jacoby Brissett,Frank Reich,Brian Flores,Alex Kemp,MIA00,Hard Rock Stadium,0,15.0,27.333333333333332,1.0,15.058520599250935,-2.0,1.0,18.666666666666668,26.666666666666668,1.0,17.568274032459424,-3.0,0.0,0,67.02912414965985,85.01806135507324,1.0,0.0,4.0,0.0
2021_04_CLE_MIN,2021,REG,4,2021-10-03,Sunday,13:00,CLE,14.0,MIN,7.0,Home,-7.0,21.0,0.0,2021100305,58557.0,10160000-0585-5757-fd2f-3dac75e20eff,202110030min,19662.0,401326385,5649.0,7,7,-105.0,-106.0,-1.0,102.0,-113.0,52.0,102.0,-114.0,0,dome,sportturf,,,00-0034855,00-0029604,Baker Mayfield,Kirk Cousins,Kevin Stefanski,Mike Zimmer,Tony Corrente,MIN01,U.S. Bank Stadium,1,29.0,26.0,0.3333333333333333,34.93576779026217,1.0,0.0,28.666666666666668,20.0,-1.3333333333333333,27.85016712979743,2.0,0.0,0,119.18505340732786,99.80212066905615,0.0,0.0,1.0,0.0
2021_04_NYG_NO,2021,REG,4,2021-10-03,Sunday,13:00,NYG,27.0,NO,21.0,Home,-6.0,48.0,1.0,2021100306,58558.0,10160000-0585-58d3-51ef-046ce0865fcc,202110030nor,19663.0,401326386,5647.0,7,7,286.0,-337.0,7.5,-118.0,107.0,43.0,103.0,-115.0,0,dome,sportturf,,,00-0035710,00-0031503,Daniel Jones,Jameis Winston,Joe Judge,Sean Payton,Brad Rogers,NOR00,Mercedes-Benz Superdome,1,24.333333333333332,14.0,1.6666666666666667,43.108706029228166,1.0,0.0,18.666666666666668,24.666666666666668,0.3333333333333333,14.05461922596754,-3.0,0.0,0,89.51358826358826,94.60528608966109,1.0,0.0,3.0,0.0
2021_04_TEN_NYJ,2021,REG,4,2021-10-03,Sunday,13:00,TEN,24.0,NYJ,27.0,Home,3.0,51.0,1.0,2021100307,58559.0,10160000-0585-59d4-a2d1-116bce33f57f,202110030nyj,19664.0,401326387,5651.0,7,7,-234.0,206.0,-5.5,-104.0,-106.0,44.5,-106.0,-105.0,0,outdoors,fieldturf,78.0,9.0,00-0029701,00-0037013,Ryan Tannehill,Zach Wilson,Mike Vrabel,Robert Saleh,Adrian Hill,NYC01,MetLife Stadium,0,6.666666666666667,23.333333333333332,-1.6666666666666667,10.039013732833958,-3.0,0.0,23.666666666666668,28.0,-2.0,24.578275001076243,2.0,0.0,0,54.16455416455417,87.87753527336861,2.0,0.0,3.0,0.0
2021_04_KC_PHI,2021,REG,4,2021-10-03,Sunday,13:00,KC,42.0,PHI,30.0,Home,-12.0,72.0,0.0,2021100308,58560.0,10160000-0585-6048-828c-1c7bc8282794,202110030phi,19665.0,401326388,5645.0,7,6,-349.0,296.0,-7.5,101.0,-112.0,53.5,-105.0,-106.0,0,outdoors,grass ,73.0,8.0,00-0033873,00-0036389,Patrick Mahomes,Jalen Hurts,Andy Reid,Nick Sirianni,Land Clark,PHI00,Lincoln Financial Field,0,21.333333333333332,21.333333333333332,-0.3333333333333333,16.907812602667715,-2.0,0.0,30.666666666666668,31.666666666666668,-0.6666666666666666,27.164390100609534,-2.0,0.0,-1,97.46954132823699,114.83778194127656,1.0,0.0,0.0,0.0
2021_04_ARI_LA,2021,REG,4,2021-10-03,Sunday,16:05,ARI,37.0,LA,20.0,Home,-17.0,57.0,0.0,2021100309,58561.0,10160000-0585-61ab-ed1b-89f2ff2704a6,202110030ram,19666.0,401326389,5652.0,7,7,178.0,-200.0,3.5,100.0,-111.0,53.5,-101.0,-110.0,1,dome,matrixturf,,,00-0035228,00-0026498,Kyler Murray,Matthew Stafford,Kliff Kingsbury,Sean McVay,Shawn Hochuli,LAX01,SoFi Stadium,1,31.666666666666668,20.666666666666668,0.6666666666666666,26.01017194416071,3.0,0.0,34.333333333333336,21.666666666666668,1.0,27.211010907418355,3.0,0.0,0,130.62884240515822,110.56446305374,0.0,0.0,0.0,0.0
2021_04_SEA_SF,2021,REG,4,2021-10-03,Sunday,16:05,SEA,28.0,SF,21.0,Home,-7.0,49.0,0.0,2021100310,58562.0,10160000-0585-6237-81cc-5e69aee46bf0,202110030sfo,19670.0,401326390,5653.0,7,7,120.0,-133.0,2.5,-103.0,-107.0,52.0,-108.0,-103.0,1,outdoors,grass,80.0,0.0,00-0029263,00-0031345,Russell Wilson,Jimmy Garoppolo,Pete Carroll,Kyle Shanahan,Carl Cheffers,SFO01,Levi's Stadium,0,28.666666666666668,24.666666666666668,-1.0,38.6576946727039,-1.0,0.0,25.0,26.333333333333332,0.3333333333333333,16.48743131304847,-2.0,0.0,0,103.9699074074074,130.76435152719338,2.0,0.0,1.0,0.0
2021_04_BAL_DEN,2021,REG,4,2021-10-03,Sunday,16:25,BAL,23.0,DEN,7.0,Home,-16.0,30.0,0.0,2021100311,58563.0,10160000-0585-6395-eef2-39fcb12718d2,202110030den,19667.0,401326391,5654.0,7,7,107.0,-118.0,1.0,101.0,-111.0,44.0,-106.0,-105.0,0,outdoors,grass ,77.0,11.0,00-0034796,00-0031237,Lamar Jackson,Teddy Bridgewater,John Harbaugh,Vic Fangio,Craig Wrolstad,DEN00,Empower Field at Mile High,0,25.333333333333332,8.666666666666666,1.0,19.3974163651368,3.0,0.0,27.333333333333332,28.333333333333332,-0.6666666666666666,18.429831181172787,2.0,0.0,0,115.3122730573711,86.14614925098795,1.0,0.0,0.0,0.0
2021_04_PIT_GB,2021,REG,4,2021-10-03,Sunday,16:25,PIT,17.0,GB,27.0,Home,10.0,44.0,0.0,2021100312,58564.0,10160000-0585-6478-e383-27af8e700c5d,202110030gnb,19668.0,401326392,5655.0,7,7,239.0,-276.0,6.5,-104.0,-106.0,45.0,-103.0,-108.0,0,outdoors,grass ,67.0,4.0,00-0022924,00-0023459,Ben Roethlisberger,Aaron Rodgers,Mike Tomlin,Matt LaFleur,Scott Novak,GNB00,Lambeau Field,0,22.666666666666668,27.666666666666668,0.3333333333333333,16.25364128173117,2.0,0.0,16.666666666666668,22.0,-0.3333333333333333,15.365837346174425,-2.0,0.0,0,98.5595037678371,80.5795019157088,3.0,0.0,1.0,0.0
2021_04_TB_NE,2021,REG,4,2021-10-03,Sunday,20:20,TB,19.0,NE,17.0,Home,-2.0,36.0,0.0,2021100313,58565.0,10160000-0585-658f-cb6d-a0b13013dcc4,202110030nwe,19669.0,401326393,5656.0,7,7,-255.0,223.0,-6.0,-105.0,-105.0,49.5,-110.0,-101.0,0,outdoors,fieldturf,62.0,4.0,00-0019596,00-0036972,Tom Brady,Mac Jones,Bruce Arians,Bill Belichick,Bill Vinovich,BOS00,Gillette Stadium,0,18.0,17.0,0.0,24.27343618983733,-1.0,0.0,34.333333333333336,29.333333333333332,-0.3333333333333333,30.412306308291107,-1.0,0.0,0,82.27773588067706,109.71969696969698,0.0,0.0,2.0,0.0
2021_04_LV_LAC,2021,REG,4,2021-10-04,Monday,20:15,LV,14.0,LAC,28.0,Home,14.0,42.0,0.0,2021100400,58566.0,10160000-0585-6627-0f71-169ca8af97ab,202110040sdg,19671.0,401326394,5657.0,8,8,144.0,-161.0,3.0,-101.0,-109.0,52.0,-108.0,-103.0,1,dome,matrixturf,,,00-0031280,00-0036355,Derek Carr,Justin Herbert,Jon Gruden,Brandon Staley,John Hussey,LAX01,SoFi Stadium,1,22.333333333333332,20.0,0.6666666666666666,15.888517797634846,1.0,0.0,30.0,24.0,0.3333333333333333,32.657032624881545,3.0,0.0,0,99.1322147264026,103.79311516666166,0.0,0.0,0.0,0.0
2021_05_LA_SEA,2021,REG,5,2021-10-07,Thursday,20:20,LA,26.0,SEA,17.0,Home,-9.0,43.0,0.0,2021100700,58567.0,10160000-0585-67e5-f220-cf35e53ac8d6,202110070sea,19672.0,401326395,5658.0,4,4,-135.0,122.0,-2.5,-116.0,105.0,53.5,-106.0,-105.0,1,outdoors,fieldturf,56.0,8.0,00-0026498,00-0029263,Matthew Stafford,Russell Wilson,Sean McVay,Pete Carroll,Ron Torbert,SEA00,Lumen Field,0,25.75,25.0,0.75,18.72886663082149,1.0,0.0,28.75,24.75,0.0,25.41125351123595,-1.0,0.0,0,127.08141581930809,120.34205863313694,0.0,0.0,0.0,0.0
2021_05_NYJ_ATL,2021,REG,5,2021-10-10,Sunday,09:30,NYJ,20.0,ATL,27.0,Neutral,7.0,47.0,0.0,2021101000,58568.0,10160000-0585-68dd-bfda-5da5ee18b8a5,202110100atl,19686.0,401326324,5659.0,7,7,138.0,-153.0,3.0,-107.0,-103.0,45.5,102.0,-113.0,0,outdoors,grass,63.0,8.0,00-0037013,00-0026143,Zach Wilson,Matt Ryan,Robert Saleh,Arthur Smith,Tony Corrente,LON02,Tottenham Stadium,0,19.5,32.0,-0.5,14.987355568063549,-1.0,0.0,11.75,23.5,-1.5,13.727918563541264,1.0,0.0,0,93.58095381872556,64.94939601557249,3.0,0.0,3.0,0.0
2021_05_PHI_CAR,2021,REG,5,2021-10-10,Sunday,13:00,PHI,21.0,CAR,18.0,Home,-3.0,39.0,0.0,2021101001,58569.0,10160000-0585-69be-713a-a1788abeb872,202110100car,19680.0,401326396,5664.0,7,7,126.0,-139.0,2.5,104.0,-114.0,46.0,-106.0,-105.0,0,outdoors,grass ,76.0,13.0,00-0036389,00-0034869,Jalen Hurts,Sam Darnold,Nick Sirianni,Matt Rhule,Shawn Hochuli,CAR00,Bank of America Stadium,0,24.25,16.5,-0.25,31.601174238331897,-1.0,0.0,23.5,26.5,0.0,17.959833308693078,-3.0,0.0,0,95.58034532976484,99.38253794062219,3.0,0.0,1.0,0.0
2021_05_GB_CIN,2021,REG,5,2021-10-10,Sunday,13:00,GB,25.0,CIN,22.0,Home,-3.0,47.0,1.0,2021101002,58570.0,10160000-0585-70bc-0ddb-e88f520f4a07,202110100cin,19673.0,401326397,5667.0,7,10,-123.0,111.0,-2.0,-104.0,-106.0,50.0,-108.0,-104.0,0,outdoors,fieldturf,76.0,12.0,00-0023459,00-0036442,Aaron Rodgers,Joe Burrow,Matt LaFleur,Zac Taylor,Bill Vinovich,CIN00,Paul Brown Stadium,0,23.0,18.75,-0.25,18.264338461200843,2.0,0.0,23.75,25.0,0.5,18.93387516523463,3.0,0.0,3,112.69000771604938,97.82009078884079,1.0,0.0,2.0,0.0
2021_05_NE_HOU,2021,REG,5,2021-10-10,Sunday,13:00,NE,25.0,HOU,22.0,Home,-3.0,47.0,0.0,2021101003,58571.0,10160000-0585-71b3-8782-50e20d329c97,202110100htx,19674.0,401326398,5665.0,7,7,-339.0,288.0,-8.0,102.0,-112.0,39.5,-112.0,101.0,0,closed,astroturf,,,00-0036972,00-0036898,Mac Jones,Davis Mills,Bill Belichick,David Culley,Scott Novak,HOU00,NRG Stadium,1,16.75,29.0,0.25,19.51351272496056,-3.0,0.0,17.75,17.5,-0.5,19.142694952761303,-2.0,0.0,0,59.016754850088184,87.0989269105078,0.0,0.0,0.0,0.0
2021_05_TEN_JAX,2021,REG,5,2021-10-10,Sunday,13:00,TEN,37.0,JAX,19.0,Home,-18.0,56.0,0.0,2021101004,58572.0,10160000-0585-7279-7377-00016e0ddefd,202110100jax,19675.0,401326399,5661.0,7,10,-191.0,170.0,-4.0,-100.0,-110.0,49.0,-102.0,-109.0,1,outdoors,grass ,78.0,11.0,00-0029701,00-0036971,Ryan Tannehill,Trevor Lawrence,Mike Vrabel,Urban Meyer,Alex Kemp,JAX00,TIAA Bank Stadium,0,18.5,28.75,-2.0,23.21521925717853,-4.0,0.0,23.75,27.75,-1.25,24.08048961164505,-1.0,0.0,3,67.97664141414143,87.2198011148904,0.0,0.0,1.0,0.0
2021_05_DET_MIN,2021,REG,5,2021-10-10,Sunday,13:00,DET,17.0,MIN,19.0,Home,2.0,36.0,0.0,2021101005,58573.0,10160000-0585-73e2-70fa-b79fa0fe1599,202110100min,19676.0,401326400,5662.0,7,7,346.0,-418.0,10.0,-110.0,-100.0,49.5,102.0,-113.0,1,dome,sportturf,,,00-0033106,00-0029604,Jared Goff,Kirk Cousins,Dan Campbell,Mike Zimmer,Clete Blakeman,MIN01,U.S. Bank Stadium,1,23.5,23.0,0.0,27.69458353688324,-1.0,0.0,20.25,29.75,-0.25,14.049908084710662,-4.0,0.0,0,105.89098303795203,97.16069688109161,0.0,0.0,0.0,0.0
2021_05_DEN_PIT,2021,REG,5,2021-10-10,Sunday,13:00,DEN,19.0,PIT,27.0,Home,8.0,46.0,0.0,2021101006,58574.0,10160000-0585-7427-0058-016689826f43,202110100pit,19677.0,401326401,5663.0,7,7,-124.0,113.0,-2.0,-106.0,-104.0,40.0,101.0,-113.0,0,outdoors,grass ,71.0,9.0,00-0031237,00-0022924,Teddy Bridgewater,Ben Roethlisberger,Vic Fangio,Mike Tomlin,Brad Rogers,PIT00,Heinz Field,0,16.75,23.25,-0.5,14.804817263067903,-3.0,0.0,20.75,12.25,0.5,16.100259858264,-1.0,0.0,0,80.01795977011494,105.55972562636165,1.0,0.0,0.0,0.0
2021_05_MIA_TB,2021,REG,5,2021-10-10,Sunday,13:00,MIA,17.0,TB,45.0,Home,28.0,62.0,0.0,2021101007,58575.0,10160000-0585-758f-53e6-0cf6efe206ae,202110100tam,19678.0,401326402,5660.0,7,7,448.0,-564.0,11.0,-100.0,-110.0,48.0,-104.0,-107.0,0,outdoors,grass ,84.0,7.0,00-0033119,00-0019596,Jacoby Brissett,Tom Brady,Brian Flores,Bruce Arians,Jerome Boger,TAM00,Raymond James Stadium,0,30.5,26.25,0.25,30.393852238929274,1.0,0.0,15.5,27.25,0.5,14.65579272275934,-3.0,0.0,0,99.98599365750529,80.51941609977324,2.0,0.0,0.0,0.0
2021_05_NO_WAS,2021,REG,5,2021-10-10,Sunday,13:00,NO,33.0,WAS,22.0,Home,-11.0,55.0,0.0,2021101008,58576.0,10160000-0585-763b-35e1-2171f1b8c94a,202110100was,19679.0,401326403,5666.0,7,7,-130.0,117.0,-2.5,-106.0,-104.0,43.5,-101.0,-110.0,0,outdoors,grass ,70.0,12.0,00-0031503,00-0031800,Jameis Winston,Taylor Heinicke,Sean Payton,Ron Rivera,Shawn Smith,WAS00,FedExField,0,25.25,30.5,-0.75,24.501542765010328,1.0,0.0,23.5,17.25,1.25,31.742961196759858,-1.0,0.0,0,106.62288647342996,96.91327090783614,2.0,0.0,1.0,0.0
2021_05_CLE_LAC,2021,REG,5,2021-10-10,Sunday,16:05,CLE,42.0,LAC,47.0,Home,5.0,89.0,0.0,2021101009,58577.0,10160000-0585-775f-5f6f-7fbeed25651f,202110100sdg,19682.0,401326404,5670.0,7,6,117.0,-129.0,2.5,-106.0,-104.0,46.5,102.0,-114.0,0,dome,matrixturf,,,00-0034855,00-0036355,Baker Mayfield,Justin Herbert,Kevin Stefanski,Brandon Staley,Brad Allen,LAX01,SoFi Stadium,1,23.75,18.5,0.75,18.392907303370784,2.0,0.0,25.0,16.75,-0.75,23.36666989538938,3.0,0.0,-1,101.24060841322299,89.73479757249919,0.0,0.0,1.0,0.0
2021_05_CHI_LV,2021,REG,5,2021-10-10,Sunday,16:05,CHI,20.0,LV,9.0,Home,-11.0,29.0,0.0,2021101010,58578.0,10160000-0585-78c2-9374-793ef81bb302,202110100rai,19681.0,401326405,5668.0,7,6,215.0,-245.0,5.5,-102.0,-108.0,46.0,-111.0,-101.0,0,dome,grass,,,00-0036945,00-0031280,Justin Fields,Derek Carr,Matt Nagy,Jon Gruden,Craig Wrolstad,VEG00,Allegiant Stadium,1,26.0,25.0,0.0,28.64791723759934,-1.0,0.0,16.0,22.75,0.5,13.115485683218555,1.0,0.0,-1,99.07645402205507,59.79873680241327,1.0,0.0,2.0,0.0
2021_05_SF_ARI,2021,REG,5,2021-10-10,Sunday,16:25,SF,10.0,ARI,17.0,Home,7.0,27.0,0.0,2021101011,58579.0,10160000-0585-79d7-2064-6dc3dc3a807e,202110100crd,19683.0,401326406,5669.0,7,7,231.0,-266.0,6.0,-110.0,-100.0,48.5,-105.0,-106.0,1,closed,grass ,,,00-0037012,00-0035228,Trey Lance,Kyler Murray,Kyle Shanahan,Kliff Kingsbury,Clay Martin,PHO00,State Farm Stadium,1,35.0,21.25,1.25,30.53712868303033,4.0,0.0,26.75,25.5,-1.25,30.295310592782698,-2.0,1.0,0,113.001472290305,122.10648148148148,1.0,0.0,3.0,1.0
2021_05_NYG_DAL,2021,REG,5,2021-10-10,Sunday,16:25,NYG,20.0,DAL,44.0,Home,24.0,64.0,0.0,2021101012,58580.0,10160000-0585-80f6-9104-ce6400464c38,202110100dal,19684.0,401326407,5671.0,7,7,285.0,-335.0,7.5,-112.0,102.0,53.0,104.0,-116.0,1,closed,matrixturf,,,00-0035710,00-0033077,Daniel Jones,Dak Prescott,Joe Judge,Mike McCarthy,John Hussey,DAL00,AT&T Stadium,1,31.5,24.25,1.75,56.92120786516853,3.0,0.0,20.75,23.75,0.25,19.001207580473732,1.0,0.0,0,115.70442116419129,98.08938123391249,0.0,0.0,4.0,0.0
2021_05_BUF_KC,2021,REG,5,2021-10-10,Sunday,20:20,BUF,38.0,KC,20.0,Home,-18.0,58.0,0.0,2021101013,58581.0,10160000-0585-81ca-5a0c-dfd5134d9979,202110100kan,19685.0,401326408,5672.0,7,7,121.0,-134.0,2.5,-101.0,-109.0,57.0,103.0,-114.0,0,outdoors,grass ,76.0,0.0,00-0034857,00-0033873,Josh Allen,Patrick Mahomes,Sean McDermott,Andy Reid,Carl Cheffers,KAN00,GEHA Field at Arrowhead Stadium,0,33.5,31.25,-0.75,31.383483599130116,1.0,0.0,33.5,11.0,1.25,34.48210603043664,3.0,0.0,0,118.87139201151297,96.27507116306705,0.0,0.0,0.0,0.0
2021_05_IND_BAL,2021,REG,5,2021-10-11,Monday,20:15,IND,25.0,BAL,31.0,Home,6.0,56.0,1.0,2021101100,58582.0,10160000-0585-829f-0a01-97c06f4b7594,202110110rav,19687.0,401326409,5673.0,8,8,301.0,-356.0,7.5,-105.0,-105.0,46.5,-103.0,-108.0,0,outdoors,grass,69.0,6.0,00-0032950,00-0034796,Carson Wentz,Lamar Jackson,Frank Reich,John Harbaugh,Land Clark,BAL00,M&T Bank Stadium,0,26.25,23.0,-0.25,23.508208094094933,3.0,0.0,20.75,24.25,1.0,18.664903021527294,1.0,0.0,0,88.66648130761034,92.53958768297159,0.0,0.0,2.0,0.0
2021_06_TB_PHI,2021,REG,6,2021-10-14,Thursday,20:20,TB,28.0,PHI,22.0,Home,-6.0,50.0,0.0,2021101400,58583.0,10160000-0585-83ea-df72-197ac0e03827,202110140phi,19688.0,401326410,5674.0,4,4,-274.0,238.0,-7.0,103.0,-114.0,53.0,-107.0,-104.0,0,outdoors,grass ,74.0,8.0,00-0019596,00-0036389,Tom Brady,Jalen Hurts,Bruce Arians,Nick Sirianni,Clay Martin,PHI00,Lincoln Financial Field,0,23.0,24.8,0.2,19.759833686497267,1.0,0.0,33.4,24.4,0.6,31.682178772597243,2.0,0.0,0,92.03981413628154,108.87090874714245,1.0,0.0,3.0,0.0
2021_06_MIA_JAX,2021,REG,6,2021-10-17,Sunday,09:30,MIA,20.0,JAX,23.0,Neutral,3.0,43.0,0.0,2021101700,58584.0,10160000-0585-84e1-77aa-b8b1af43224e,202110170jax,19700.0,401326325,5675.0,7,7,-122.0,110.0,-2.5,104.0,-115.0,47.5,-107.0,-105.0,0,outdoors,grass,63.0,11.0,00-0036212,00-0036971,Tua Tagovailoa,Trevor Lawrence,Brian Flores,Urban Meyer,John Hussey,LON02,Tottenham Stadium,0,18.6,30.4,-2.0,20.55695289145449,-5.0,0.0,15.8,30.8,0.0,14.57921109251733,-4.0,1.0,0,72.80303030303031,60.088734567901234,1.0,0.0,2.0,0.0
2021_06_LAC_BAL,2021,REG,6,2021-10-17,Sunday,13:00,LAC,6.0,BAL,34.0,Home,28.0,40.0,0.0,2021101701,58585.0,10160000-0585-8560-d817-e064e3281e72,202110170rav,19689.0,401326411,5679.0,7,6,149.0,-166.0,3.0,106.0,-116.0,50.5,105.0,-117.0,0,outdoors,grass,63.0,15.0,00-0036355,00-0034796,Justin Herbert,Lamar Jackson,Brandon Staley,John Harbaugh,Bill Vinovich,BAL00,M&T Bank Stadium,0,27.2,23.4,-0.2,24.596002286549652,4.0,0.0,28.4,23.2,0.4,24.613639425538217,3.0,0.0,-1,99.03396023988672,105.40140145926057,1.0,0.0,0.0,0.0
2021_06_MIN_CAR,2021,REG,6,2021-10-17,Sunday,13:00,MIN,34.0,CAR,28.0,Home,-6.0,62.0,1.0,2021101702,58586.0,10160000-0585-8639-6b73-bdae19e8b027,202110170car,19690.0,401326412,5682.0,7,7,-134.0,121.0,-2.5,-110.0,-100.0,45.5,-110.0,-101.0,0,outdoors,grass ,62.0,7.0,00-0029604,00-0034869,Kirk Cousins,Sam Darnold,Mike Zimmer,Matt Rhule,Craig Wrolstad,CAR00,Bank of America Stadium,0,23.0,17.4,-0.4,26.47230372861948,-2.0,0.0,22.6,21.8,0.0,23.40327098290461,1.0,0.0,0,85.37193392146953,103.6343550578126,2.0,0.0,0.0,0.0
2021_06_GB_CHI,2021,REG,6,2021-10-17,Sunday,13:00,GB,24.0,CHI,14.0,Home,-10.0,38.0,0.0,2021101703,58587.0,10160000-0585-87e1-77f0-10f83584cfd0,202110170chi,19691.0,401326413,5678.0,7,7,-228.0,201.0,-5.5,-106.0,-104.0,44.0,-105.0,-106.0,1,outdoors,grass ,59.0,6.0,00-0023459,00-0036945,Aaron Rodgers,Justin Fields,Matt LaFleur,Matt Nagy,Brad Rogers,CHI98,Soldier Field,0,16.8,20.0,0.6,14.09813197898911,2.0,0.0,24.0,24.4,0.6,20.90050087992419,4.0,0.0,0,66.21398944193062,98.84367946867947,0.0,0.0,1.0,0.0
2021_06_CIN_DET,2021,REG,6,2021-10-17,Sunday,13:00,CIN,34.0,DET,11.0,Home,-23.0,45.0,0.0,2021101704,58588.0,10160000-0585-8829-9fd7-4967d2260223,202110170det,19692.0,401326414,5677.0,7,7,-192.0,171.0,-3.5,-110.0,-100.0,46.5,-110.0,-101.0,0,dome,fieldturf,,,00-0036442,00-0033106,Joe Burrow,Jared Goff,Zac Taylor,Dan Campbell,Shawn Hochuli,DET00,Ford Field,1,19.6,27.6,-0.2,14.675817865789309,-5.0,0.0,22.8,20.0,-0.4,18.67074578227367,-1.0,0.0,0,90.5976051239209,107.25726933073425,0.0,0.0,0.0,0.0
2021_06_HOU_IND,2021,REG,6,2021-10-17,Sunday,13:00,HOU,3.0,IND,31.0,Home,28.0,34.0,0.0,2021101705,58589.0,10160000-0585-89a5-c303-7ee5adfdea10,202110170clt,19693.0,401326415,5676.0,7,6,363.0,-442.0,10.5,-117.0,106.0,43.5,-111.0,-100.0,1,open,fieldturf,,,00-0036898,00-0032950,Davis Mills,Carson Wentz,David Culley,Frank Reich,Jerome Boger,IND00,Lucas Oil Stadium,0,21.6,25.6,0.8,19.846619691487337,-1.0,0.0,17.8,28.2,0.4,21.254405286343616,-4.0,0.0,-1,99.73405109875823,79.69719257434775,0.0,0.0,1.0,0.0
2021_06_LA_NYG,2021,REG,6,2021-10-17,Sunday,13:00,LA,38.0,NYG,11.0,Home,-27.0,49.0,0.0,2021101706,58590.0,10160000-0585-90ef-eb16-54118dc7f55c,202110170nyg,19694.0,401326416,5680.0,10,7,-328.0,280.0,-7.5,107.0,-118.0,49.5,-113.0,101.0,0,outdoors,fieldturf,61.0,13.0,00-0026498,00-0035710,Matthew Stafford,Daniel Jones,Sean McVay,Joe Judge,Alex Kemp,NYC01,MetLife Stadium,0,20.6,27.8,0.2,18.943848814935528,-1.0,0.0,28.2,23.2,0.2,25.061328053048438,1.0,0.0,-3,91.58047934610434,115.72184510470774,2.0,0.0,0.0,0.0
2021_06_KC_WAS,2021,REG,6,2021-10-17,Sunday,13:00,KC,31.0,WAS,13.0,Home,-18.0,44.0,0.0,2021101707,58591.0,10160000-0585-9157-ecbf-9685668a0c91,202110170was,19695.0,401326417,5681.0,7,7,-255.0,223.0,-6.0,-105.0,-105.0,54.0,-106.0,-105.0,0,outdoors,grass ,62.0,13.0,00-0033873,00-0031800,Patrick Mahomes,Taylor Heinicke,Andy Reid,Ron Rivera,Adrian Hill,WAS00,FedExField,0,24.6,31.0,-0.6,25.523111660663407,-1.0,0.0,30.8,32.6,-1.4,33.39377528089888,-1.0,0.0,0,94.82066690232121,109.27921237464247,2.0,0.0,2.0,0.0
2021_06_ARI_CLE,2021,REG,6,2021-10-17,Sunday,16:05,ARI,37.0,CLE,14.0,Home,-23.0,51.0,0.0,2021101708,58592.0,10160000-0585-92b3-fa8a-3d31ab92e9cd,202110170cle,19696.0,401326418,5683.0,7,7,129.0,-143.0,3.0,-117.0,106.0,48.0,102.0,-114.0,0,outdoors,grass ,58.0,23.0,00-0035228,00-0034855,Kyler Murray,Baker Mayfield,Kliff Kingsbury,Kevin Stefanski,Carl Cheffers,CLE00,FirstEnergy Stadium,0,28.4,22.8,-0.4,28.197493517718232,-1.0,0.0,31.4,19.0,1.0,27.499437294657927,5.0,0.0,0,96.2930463913327,111.22107030536229,1.0,0.0,1.0,0.0
2021_06_LV_DEN,2021,REG,6,2021-10-17,Sunday,16:25,LV,34.0,DEN,24.0,Home,-10.0,58.0,0.0,2021101709,58593.0,10160000-0585-939d-ca18-03dc4baaa62c,202110170den,19697.0,401326419,5684.0,7,7,182.0,-205.0,5.0,-111.0,101.0,45.5,-111.0,-100.0,1,outdoors,grass ,76.0,8.0,00-0031280,00-0031237,Derek Carr,Teddy Bridgewater,Rich Bisaccia,Vic Fangio,Ron Torbert,DEN00,Empower Field at Mile High,0,20.4,15.2,0.4,16.667637570595158,-2.0,0.0,22.6,24.0,-0.2,24.236621878438303,-2.0,0.0,0,103.02234190459811,92.67782988431074,0.0,0.0,1.0,0.0
2021_06_DAL_NE,2021,REG,6,2021-10-17,Sunday,16:25,DAL,35.0,NE,29.0,Home,-6.0,64.0,1.0,2021101710,58594.0,10160000-0585-9460-db53-97217865bbca,202110170nwe,19698.0,401326420,5685.0,7,7,-189.0,169.0,-3.5,-108.0,-102.0,50.5,-106.0,-105.0,0,outdoors,fieldturf,62.0,11.0,00-0033077,00-0036972,Dak Prescott,Mac Jones,Mike McCarthy,Bill Belichick,Brad Allen,BOS00,Gillette Stadium,0,19.2,18.4,-0.6,18.890107873325313,1.0,0.0,34.0,23.4,1.4,50.15409309791332,4.0,0.0,0,88.73469708396179,115.9489535980197,0.0,0.0,0.0,0.0
2021_06_SEA_PIT,2021,REG,6,2021-10-17,Sunday,20:20,SEA,20.0,PIT,23.0,Home,3.0,43.0,1.0,2021101711,58595.0,10160000-0585-9536-9bbd-c417c8906174,202110170pit,19699.0,401326421,5686.0,10,7,189.0,-213.0,5.5,-104.0,-106.0,43.0,-104.0,-107.0,0,outdoors,grass ,49.0,6.0,00-0030565,00-0022924,Geno Smith,Ben Roethlisberger,Pete Carroll,Mike Tomlin,Shawn Smith,PIT00,Heinz Field,0,18.8,22.4,-0.4,19.10329286143024,1.0,0.0,24.0,25.2,0.4,18.3894866399333,-1.0,1.0,-3,88.19770114942528,78.30882352941177,1.0,0.0,2.0,1.0
2021_06_BUF_TEN,2021,REG,6,2021-10-18,Monday,20:15,BUF,31.0,TEN,34.0,Home,3.0,65.0,0.0,2021101800,58596.0,10160000-0585-965f-7a0d-6ef7d60fc6be,202110180oti,19701.0,401326422,5687.0,8,8,-239.0,210.0,-6.0,-102.0,-108.0,53.5,-113.0,101.0,0,outdoors,grass ,66.0,6.0,00-0034857,00-0029701,Josh Allen,Ryan Tannehill,Sean McDermott,Mike Vrabel,Clete Blakeman,NAS00,Nissan Stadium,0,26.4,26.0,-0.6,24.95487005671855,1.0,0.0,34.4,12.8,1.8,32.01454405169504,4.0,0.0,0,91.29099240706384,104.84056975096647,1.0,0.0,0.0,0.0
2021_07_DEN_CLE,2021,REG,7,2021-10-21,Thursday,20:20,DEN,14.0,CLE,17.0,Home,3.0,31.0,0.0,2021102100,58597.0,10160000-0585-97b5-c38b-c489c1361b4b,202110210cle,19702.0,401326423,5688.0,4,4,110.0,-121.0,2.0,-107.0,-103.0,40.5,-106.0,-105.0,0,outdoors,grass ,59.0,27.0,00-0031237,00-0028986,Teddy Bridgewater,Case Keenum,Vic Fangio,Kevin Stefanski,Adrian Hill,CLE00,FirstEnergy Stadium,0,25.4,23.6,-0.6,26.07861976506639,-2.0,1.0,19.8,19.4,-0.4,16.61565554666574,-3.0,0.0,0,42.36111111111111,96.85548627345675,1.0,1.0,0.0,0.0
2021_07_CIN_BAL,2021,REG,7,2021-10-24,Sunday,13:00,CIN,41.0,BAL,17.0,Home,-24.0,58.0,0.0,2021102400,58598.0,10160000-0585-984d-c473-30363d539d63,202110240rav,19703.0,401326424,5694.0,7,7,236.0,-272.0,6.5,-109.0,-101.0,45.5,-102.0,-109.0,1,outdoors,grass,61.0,6.0,00-0036442,00-0034796,Joe Burrow,Lamar Jackson,Zac Taylor,John Harbaugh,Tony Corrente,BAL00,M&T Bank Stadium,0,28.6,18.0,-0.2,26.235705985157647,5.0,0.0,24.2,17.4,-0.6,19.814800546863545,1.0,0.0,0,92.90741703001018,104.647648215366,1.0,0.0,0.0,0.0
2021_07_WAS_GB,2021,REG,7,2021-10-24,Sunday,13:00,WAS,10.0,GB,24.0,Home,14.0,34.0,0.0,2021102401,58599.0,10160000-0585-9945-f1ca-ec647642cb64,202110240gnb,19704.0,401326425,5691.0,7,7,331.0,-397.0,8.5,-105.0,-105.0,48.0,-117.0,105.0,0,outdoors,grass ,49.0,11.0,00-0031800,00-0023459,Taylor Heinicke,Aaron Rodgers,Ron Rivera,Matt LaFleur,Ron Torbert,GNB00,Lambeau Field,0,28.2,19.6,1.4,25.73638066053796,5.0,0.0,24.0,33.2,-0.6,22.64754525440887,-2.0,0.0,0,117.0903150794455,85.09417117582548,1.0,0.0,2.0,0.0
2021_07_ATL_MIA,2021,REG,7,2021-10-24,Sunday,13:00,ATL,30.0,MIA,28.0,Home,-2.0,58.0,0.0,2021102402,58600.0,10160000-0586-00e3-5c25-2c5e09c87bf7,202110240mia,19705.0,401326426,5693.0,14,7,-129.0,117.0,-1.5,-113.0,103.0,48.5,-113.0,101.0,0,outdoors,grass ,85.0,9.0,00-0026143,00-0036212,Matt Ryan,Tua Tagovailoa,Arthur Smith,Brian Flores,Scott Novak,MIA00,Hard Rock Stadium,0,16.4,32.2,-0.2,14.43458657260318,-5.0,1.0,21.0,29.6,-0.6,16.991405332886128,1.0,0.0,-7,71.75241878994835,96.79994824016562,0.0,0.0,1.0,0.0
2021_07_NYJ_NE,2021,REG,7,2021-10-24,Sunday,13:00,NYJ,13.0,NE,54.0,Home,41.0,67.0,0.0,2021102403,58601.0,10160000-0586-01f2-8647-83d1b243d388,202110240nwe,19706.0,401326427,5692.0,14,7,261.0,-303.0,7.0,-108.0,-102.0,43.0,-112.0,100.0,1,outdoors,fieldturf,52.0,0.0,00-0037013,00-0036972,Zach Wilson,Mac Jones,Robert Saleh,Bill Belichick,Brad Rogers,BOS00,Gillette Stadium,0,21.8,22.0,-0.4,21.365936806284598,-1.0,0.0,13.4,24.2,-1.0,13.452278401997502,-1.0,0.0,-7,92.00087535014006,64.66785014579132,0.0,0.0,2.0,0.0
2021_07_CAR_NYG,2021,REG,7,2021-10-24,Sunday,13:00,CAR,3.0,NYG,25.0,Home,22.0,28.0,0.0,2021102404,58602.0,10160000-0586-025b-9e9c-20974c2be52d,202110240nyg,19707.0,401326428,5689.0,7,7,-154.0,139.0,-3.0,-103.0,-107.0,42.5,-105.0,-106.0,0,outdoors,fieldturf,57.0,0.0,00-0034869,00-0035710,Sam Darnold,Daniel Jones,Matt Rhule,Joe Judge,Carl Cheffers,NYC01,MetLife Stadium,0,20.2,30.0,-0.2,18.784404041058185,-2.0,0.0,24.8,21.4,-0.8,27.92507309532078,-3.0,0.0,0,82.38466588558501,76.10712555910018,2.0,0.0,2.0,0.0
2021_07_KC_TEN,2021,REG,7,2021-10-24,Sunday,13:00,KC,3.0,TEN,27.0,Home,24.0,30.0,0.0,2021102405,58603.0,10160000-0586-03f0-dadc-5f293b9d5cc3,202110240oti,19708.0,401326429,5690.0,7,6,-209.0,185.0,-4.0,-110.0,-100.0,57.5,-111.0,-101.0,0,outdoors,grass ,74.0,14.0,00-0033873,00-0029701,Patrick Mahomes,Ryan Tannehill,Andy Reid,Mike Vrabel,Brad Allen,NAS00,Nissan Stadium,0,30.6,24.6,-0.2,31.886180017174443,2.0,0.0,30.4,29.4,-2.0,30.029236413666588,1.0,0.0,-1,90.39772475517552,101.10003585770001,1.0,0.0,1.0,0.0
2021_07_DET_LA,2021,REG,7,2021-10-24,Sunday,16:05,DET,19.0,LA,28.0,Home,9.0,47.0,0.0,2021102406,58604.0,10160000-0586-04bb-6de5-531e31c5e9f0,202110240ram,19710.0,401326430,5697.0,7,7,860.0,-1256.0,17.0,-116.0,105.0,51.0,-110.0,-101.0,0,dome,matrixturf,,,00-0033106,00-0026498,Jared Goff,Matthew Stafford,Dan Campbell,Sean McVay,Bill Vinovich,LAX01,SoFi Stadium,1,29.0,22.6,0.2,25.29784935893727,2.0,0.0,15.2,26.2,-0.4,12.203824751051705,-6.0,0.0,0,110.24794400580666,85.63311055416318,0.0,0.0,0.0,0.0
2021_07_PHI_LV,2021,REG,7,2021-10-24,Sunday,16:05,PHI,22.0,LV,33.0,Home,11.0,55.0,0.0,2021102407,58605.0,10160000-0586-05bf-6d9a-b4b38499b047,202110240rai,19709.0,401326431,5695.0,10,7,-102.0,-108.0,1.0,-109.0,-101.0,48.0,-106.0,-105.0,0,dome,grass,,,00-0036389,00-0031280,Jalen Hurts,Derek Carr,Nick Sirianni,Rich Bisaccia,Clete Blakeman,VEG00,Allegiant Stadium,1,22.8,23.4,0.4,25.892478858440523,1.0,0.0,21.0,29.2,0.2,18.30499352494486,-1.0,0.0,-3,101.65876021940774,77.91985076631816,0.0,0.0,0.0,0.0
2021_07_HOU_ARI,2021,REG,7,2021-10-24,Sunday,16:25,HOU,5.0,ARI,31.0,Home,26.0,36.0,0.0,2021102408,58606.0,10160000-0586-0692-769b-7837635ed359,202110240crd,19711.0,401326432,5698.0,7,7,1119.0,-1766.0,20.5,-111.0,100.0,47.0,101.0,-112.0,0,closed,grass ,,,00-0036898,00-0035228,Davis Mills,Kyler Murray,David Culley,Kliff Kingsbury,Land Clark,PHO00,State Farm Stadium,1,31.2,19.2,1.2,27.97322429392473,6.0,0.0,11.0,30.2,-0.8,12.26788626831668,-5.0,0.0,0,112.8339175275845,76.24806413699757,0.0,0.0,0.0,0.0
2021_07_CHI_TB,2021,REG,7,2021-10-24,Sunday,16:25,CHI,3.0,TB,38.0,Home,35.0,41.0,0.0,2021102409,58607.0,10160000-0586-073c-ee46-d0dc27fed855,202110240tam,19712.0,401326433,5696.0,7,10,501.0,-644.0,12.5,-114.0,103.0,47.0,-110.0,-101.0,0,outdoors,grass ,83.0,7.0,00-0036945,00-0019596,Justin Fields,Tom Brady,Matt Nagy,Bruce Arians,Alex Kemp,TAM00,Raymond James Stadium,0,32.8,23.0,1.2,30.857110099256396,3.0,0.0,16.8,18.0,0.8,14.366786437447889,-1.0,0.0,3,109.8875754138091,63.760285738226926,3.0,0.0,1.0,0.0
2021_07_IND_SF,2021,REG,7,2021-10-24,Sunday,20:20,IND,30.0,SF,18.0,Home,-12.0,48.0,0.0,2021102410,58608.0,10160000-0586-085b-44b3-5bc73b9079cb,202110240sfo,19713.0,401326434,5699.0,7,14,152.0,-169.0,3.5,-117.0,106.0,41.5,-102.0,-110.0,0,outdoors,grass,64.0,16.0,00-0032950,00-0031345,Carson Wentz,Jimmy Garoppolo,Frank Reich,Kyle Shanahan,Craig Wrolstad,SFO01,Levi's Stadium,0,23.4,23.8,-1.0,26.074609974941392,-3.0,0.0,24.6,20.6,1.4,21.957036753649614,1.0,0.0,7,97.746452294686,104.88098092331964,2.0,0.0,2.0,0.0
2021_07_NO_SEA,2021,REG,7,2021-10-25,Monday,20:15,NO,13.0,SEA,10.0,Home,-3.0,23.0,0.0,2021102500,58609.0,10160000-0586-0969-ae78-6a31c74e0e7a,202110250sea,19714.0,401326435,5700.0,15,8,-237.0,208.0,-6.0,-104.0,-106.0,42.0,-102.0,-109.0,0,outdoors,fieldturf,54.0,16.0,00-0031503,00-0030565,Jameis Winston,Geno Smith,Sean Payton,Pete Carroll,Shawn Hochuli,SEA00,Lumen Field,0,22.4,26.6,0.4,18.029443834237966,-2.0,1.0,25.4,18.2,1.0,28.449403380072425,1.0,0.0,-7,88.95909926470588,99.1695056151578,0.0,0.0,0.0,0.0
2021_08_GB_ARI,2021,REG,8,2021-10-28,Thursday,20:20,GB,24.0,ARI,21.0,Home,-3.0,45.0,0.0,2021102800,58610.0,10160000-0586-1014-49be-9e3476a37650,202110280crd,19715.0,401326436,5701.0,4,4,242.0,-279.0,6.5,-104.0,-106.0,51.0,-105.0,-106.0,0,open,grass ,,,00-0023459,00-0035228,Aaron Rodgers,Kyler Murray,Matt LaFleur,Kliff Kingsbury,Alex Kemp,PHO00,State Farm Stadium,0,30.6,13.6,1.6,26.755590793765858,7.0,0.0,26.0,18.2,1.2,25.32480825229782,6.0,0.0,0,113.57135139001839,113.48184947097988,1.0,0.0,0.0,0.0
2021_08_CAR_ATL,2021,REG,8,2021-10-31,Sunday,13:00,CAR,19.0,ATL,13.0,Home,-6.0,32.0,0.0,2021103100,58611.0,10160000-0586-1198-2eae-cbb06a08f7e4,202110310atl,19716.0,401326437,5703.0,7,7,117.0,-129.0,2.5,-109.0,-101.0,47.0,-111.0,100.0,1,open,fieldturf,,,00-0034869,00-0026143,Sam Darnold,Matt Ryan,Matt Rhule,Arthur Smith,Brad Allen,ATL97,Mercedes-Benz Stadium,0,25.8,28.8,-0.6,20.253640426008268,2.0,0.0,20.2,25.0,-1.2,17.921177303900365,-4.0,0.0,0,101.56185300207038,67.76589748892476,0.0,0.0,1.0,0.0
2021_08_MIA_BUF,2021,REG,8,2021-10-31,Sunday,13:00,MIA,11.0,BUF,26.0,Home,15.0,37.0,0.0,2021103101,58612.0,10160000-0586-126b-df63-e93e28f7fc28,202110310buf,19717.0,401326438,5708.0,7,13,709.0,-983.0,15.0,-108.0,-102.0,48.5,-103.0,-108.0,1,outdoors,a_turf,54.0,9.0,00-0036212,00-0034857,Tua Tagovailoa,Josh Allen,Brian Flores,Sean McDermott,Shawn Smith,BUF00,New Era Field,0,37.4,15.0,2.0,34.31752223228074,-1.0,0.0,22.0,31.2,-0.4,18.416226551276623,-6.0,0.0,6,110.47017620347656,81.18410575912793,1.0,0.0,0.0,0.0
2021_08_SF_CHI,2021,REG,8,2021-10-31,Sunday,13:00,SF,33.0,CHI,22.0,Home,-11.0,55.0,0.0,2021103102,58613.0,10160000-0586-1317-2bd2-dc5ec65ec74a,202110310chi,19718.0,401326439,5704.0,7,7,-210.0,186.0,-4.5,-103.0,-107.0,40.0,102.0,-114.0,0,outdoors,grass ,53.0,12.0,00-0031345,00-0036945,Jimmy Garoppolo,Justin Fields,Kyle Shanahan,Matt Nagy,Land Clark,CHI98,Soldier Field,0,13.4,22.2,-0.6,11.546653002731833,-2.0,0.0,18.8,23.2,-1.2,20.881016926678072,-4.0,0.0,0,67.0695806100218,90.37308776167473,1.0,0.0,3.0,0.0
2021_08_PIT_CLE,2021,REG,8,2021-10-31,Sunday,13:00,PIT,15.0,CLE,10.0,Home,-5.0,25.0,0.0,2021103103,58614.0,10160000-0586-143c-2c3f-7983dc713148,202110310cle,19719.0,401326440,5706.0,14,10,196.0,-222.0,5.5,-108.0,-102.0,43.0,-105.0,-106.0,1,outdoors,grass ,57.0,13.0,00-0022924,00-0034855,Ben Roethlisberger,Baker Mayfield,Mike Tomlin,Kevin Stefanski,Shawn Hochuli,CLE00,FirstEnergy Stadium,0,22.6,22.2,0.0,23.546302966540903,1.0,0.0,18.8,23.2,-0.6,18.60597112160989,2.0,0.0,-4,97.27518924847554,90.36436781609196,2.0,0.0,1.0,0.0
2021_08_PHI_DET,2021,REG,8,2021-10-31,Sunday,13:00,PHI,44.0,DET,6.0,Home,-38.0,50.0,0.0,2021103104,58615.0,10160000-0586-156a-46a9-a2c42dfd5cc3,202110310det,19720.0,401326441,5702.0,7,7,-168.0,151.0,-3.0,-116.0,105.0,48.5,-110.0,-101.0,0,dome,fieldturf,,,00-0036389,00-0033106,Jalen Hurts,Jared Goff,Nick Sirianni,Dan Campbell,Tony Corrente,DET00,Ford Field,1,15.6,24.8,-0.4,14.064770437299302,-7.0,0.0,23.2,32.4,0.0,21.840921791633754,-2.0,0.0,0,80.12385129490391,80.8695523860965,0.0,0.0,2.0,0.0
2021_08_LA_HOU,2021,REG,8,2021-10-31,Sunday,13:00,LA,38.0,HOU,22.0,Home,-16.0,60.0,0.0,2021103105,58616.0,10160000-0586-168d-80ec-0bbbdafe2d9b,202110310htx,19721.0,401326442,5705.0,7,7,-1010.0,724.0,-17.0,107.0,-118.0,47.0,-108.0,-103.0,0,closed,astroturf,,,00-0026498,00-0036898,Matthew Stafford,Davis Mills,Sean McVay,David Culley,Clay Martin,HOU00,NRG Stadium,1,7.8,30.2,-1.2,10.07153340384352,-6.0,0.0,29.2,21.6,0.6,25.83145700707014,3.0,0.0,0,80.53915209996055,113.35228004916708,0.0,0.0,1.0,0.0
2021_08_TEN_IND,2021,REG,8,2021-10-31,Sunday,13:00,TEN,34.0,IND,31.0,Home,-3.0,65.0,1.0,2021103106,58617.0,10160000-0586-17ba-050c-83c692d4c53a,202110310clt,19723.0,401326443,5709.0,7,7,144.0,-160.0,3.0,-102.0,-108.0,51.0,-112.0,101.0,1,open,fieldturf,,,00-0029701,00-0032950,Ryan Tannehill,Carson Wentz,Mike Vrabel,Frank Reich,Carl Cheffers,IND00,Lucas Oil Stadium,0,25.8,18.8,1.8,21.372790239279137,2.0,0.0,29.4,19.2,0.4,27.264845699752275,3.0,0.0,0,108.85947554697555,92.55127413789155,0.0,0.0,1.0,0.0
2021_08_CIN_NYJ,2021,REG,8,2021-10-31,Sunday,13:00,CIN,31.0,NYJ,34.0,Home,3.0,65.0,0.0,2021103107,58618.0,10160000-0586-18f2-2465-f6877cedb800,202110310nyj,19722.0,401326444,5707.0,7,7,-510.0,411.0,-11.5,-105.0,-105.0,43.5,-109.0,-102.0,0,outdoors,fieldturf,63.0,11.0,00-0036442,00-0034401,Joe Burrow,Mike White,Zac Taylor,Robert Saleh,Craig Wrolstad,NYC01,MetLife Stadium,0,13.2,31.2,-1.6,13.310656601123595,-2.0,1.0,29.0,16.8,-0.2,26.860811074388288,2.0,0.0,0,64.84375,114.09501663641863,2.0,0.0,0.0,0.0
2021_08_NE_LAC,2021,REG,8,2021-10-31,Sunday,16:05,NE,27.0,LAC,24.0,Home,-3.0,51.0,0.0,2021103108,58619.0,10160000-0586-192a-816e-f136184e5caa,202110310sdg,19724.0,401326445,5711.0,7,14,163.0,-183.0,3.5,-101.0,-109.0,50.5,-106.0,-105.0,0,dome,matrixturf,,,00-0036972,00-0036355,Mac Jones,Justin Herbert,Bill Belichick,Brandon Staley,Ron Torbert,LAX01,SoFi Stadium,1,25.6,26.8,0.8,22.64971370980164,-1.0,0.0,27.6,23.4,-0.6,25.882483509922036,1.0,0.0,7,101.92895192298123,96.53328275754747,0.0,0.0,0.0,0.0
2021_08_JAX_SEA,2021,REG,8,2021-10-31,Sunday,16:05,JAX,7.0,SEA,31.0,Home,24.0,38.0,0.0,2021103109,58620.0,10160000-0586-20c3-f5e9-47fb8cba284d,202110310sea,19725.0,401326446,5710.0,14,6,171.0,-192.0,4.0,-105.0,-105.0,44.0,-101.0,-111.0,0,outdoors,fieldturf,54.0,8.0,00-0036971,00-0030565,Trevor Lawrence,Geno Smith,Urban Meyer,Pete Carroll,Adrian Hill,SEA00,Lumen Field,0,18.4,22.6,0.4,17.24305774606524,-3.0,0.0,19.0,27.0,-1.4,19.065652469064933,1.0,0.0,-8,90.74546011586453,77.48061678477748,0.0,0.0,0.0,0.0
2021_08_WAS_DEN,2021,REG,8,2021-10-31,Sunday,16:25,WAS,10.0,DEN,17.0,Home,7.0,27.0,0.0,2021103110,58621.0,10160000-0586-211f-5863-170a4c769585,202110310den,19726.0,401326447,5713.0,7,10,170.0,-191.0,4.0,-108.0,-102.0,45.0,-116.0,104.0,0,outdoors,grass ,41.0,4.0,00-0031800,00-0031237,Taylor Heinicke,Teddy Bridgewater,Ron Rivera,Vic Fangio,John Hussey,DEN00,Empower Field at Mile High,0,18.0,20.2,-1.0,16.77541147764167,-4.0,0.0,20.0,32.2,-0.6,20.116770876244384,-3.0,0.0,3,90.00313927405094,82.44826439948392,0.0,0.0,2.0,0.0
2021_08_TB_NO,2021,REG,8,2021-10-31,Sunday,16:25,TB,27.0,NO,36.0,Home,9.0,63.0,0.0,2021103111,58622.0,10160000-0586-2232-ad98-be22e2b9e559,202110310nor,19727.0,401326448,5712.0,7,6,-188.0,168.0,-4.0,-101.0,-109.0,48.5,-109.0,-102.0,1,dome,sportturf,,,00-0019596,00-0031503,Tom Brady,Jameis Winston,Bruce Arians,Sean Payton,Clete Blakeman,NOR00,Mercedes-Benz Superdome,1,20.4,19.6,0.2,21.47874752969601,2.0,0.0,30.8,18.6,1.6,32.800737938962435,4.0,0.0,-1,89.65760085325303,106.02183467306835,1.0,0.0,0.0,0.0
2021_08_DAL_MIN,2021,REG,8,2021-10-31,Sunday,20:20,DAL,20.0,MIN,16.0,Home,-4.0,36.0,0.0,2021103112,58623.0,10160000-0586-2320-e3bb-ca002ba299dd,202110310min,19728.0,401326449,5714.0,14,14,193.0,-219.0,4.5,-109.0,-101.0,49.5,-110.0,-101.0,0,dome,sportturf,,,00-0033662,00-0029604,Cooper Rush,Kirk Cousins,Mike McCarthy,Mike Zimmer,Scott Novak,MIN01,U.S. Bank Stadium,1,24.6,22.0,0.6,26.54846679944384,2.0,0.0,35.2,23.0,0.8,49.911480705615155,5.0,1.0,0,104.79967535259718,,0.0,0.0,0.0,0.0
2021_08_NYG_KC,2021,REG,8,2021-11-01,Monday,20:15,NYG,17.0,KC,20.0,Home,3.0,37.0,0.0,2021110100,58624.0,10160000-0586-246f-2d86-fc18881f0a73,202111010kan,19729.0,401326450,5715.0,8,8,425.0,-530.0,10.5,-107.0,-103.0,53.0,-101.0,-110.0,0,outdoors,grass ,39.0,4.0,00-0035710,00-0033873,Daniel Jones,Patrick Mahomes,Joe Judge,Andy Reid,Jerome Boger,KAN00,GEHA Field at Arrowhead Stadium,0,24.0,27.6,-2.4,25.587165272484285,-1.0,0.0,19.4,24.6,-0.2,17.83487787701271,1.0,0.0,0,87.2605581311255,81.12125048154459,1.0,0.0,3.0,0.0
2021_09_NYJ_IND,2021,REG,9,2021-11-04,Thursday,20:20,NYJ,30.0,IND,45.0,Home,15.0,75.0,0.0,2021110400,58625.0,10160000-0586-25d1-9337-25821ada89de,202111040clt,19730.0,401326451,5716.0,4,4,410.0,-509.0,10.5,-108.0,-102.0,46.0,-111.0,-101.0,0,closed,fieldturf,,,00-0034401,00-0032950,Mike White,Carson Wentz,Robert Saleh,Frank Reich,John Hussey,IND00,Lucas Oil Stadium,1,28.8,20.6,1.2,26.763360801740557,-1.0,0.0,18.8,32.4,-1.2,18.991515245924706,1.0,1.0,0,109.18318160597573,86.35706018518518,1.0,0.0,2.0,0.0
2021_09_MIN_BAL,2021,REG,9,2021-11-07,Sunday,13:00,MIN,31.0,BAL,34.0,Home,3.0,65.0,1.0,2021110700,58626.0,10160000-0586-263a-6126-2df0136ce50f,202111070rav,19731.0,401326452,5724.0,7,14,262.0,-305.0,7.5,-117.0,106.0,51.0,-109.0,-102.0,0,outdoors,grass,56.0,8.0,00-0029604,00-0034796,Kirk Cousins,Lamar Jackson,Mike Zimmer,John Harbaugh,Carl Cheffers,BAL00,M&T Bank Stadium,0,24.8,19.2,0.0,25.116289028193165,-1.0,0.0,21.2,19.2,0.6,20.883600307726983,-1.0,0.0,7,94.67850884142457,97.97527059069243,1.0,0.0,0.0,0.0
2021_09_NE_CAR,2021,REG,9,2021-11-07,Sunday,13:00,NE,24.0,CAR,6.0,Home,-18.0,30.0,0.0,2021110701,58627.0,10160000-0586-2710-526b-8322946486dc,202111070car,19732.0,401326453,5717.0,7,7,-176.0,157.0,-3.5,-101.0,-109.0,41.5,100.0,-111.0,0,outdoors,grass ,61.0,16.0,00-0036972,00-0034869,Mac Jones,Sam Darnold,Bill Belichick,Matt Rhule,Clete Blakeman,CAR00,Bank of America Stadium,0,19.2,25.8,-1.0,16.667386366580587,1.0,0.0,30.4,22.6,0.2,25.866469336734408,2.0,0.0,0,62.547351737290754,99.65046296296296,0.0,0.0,0.0,0.0
2021_09_CLE_CIN,2021,REG,9,2021-11-07,Sunday,13:00,CLE,41.0,CIN,16.0,Home,-25.0,57.0,0.0,2021110702,58628.0,10160000-0586-28cc-8c76-2948ce313801,202111070cin,19733.0,401326454,5720.0,7,7,117.0,-129.0,2.5,-105.0,-105.0,47.5,-106.0,-105.0,1,outdoors,fieldturf,56.0,0.0,00-0034855,00-0036442,Baker Mayfield,Joe Burrow,Kevin Stefanski,Zac Taylor,Scott Novak,CIN00,Paul Brown Stadium,0,30.4,21.6,0.0,25.9839255547115,-1.0,0.0,19.4,24.0,-0.2,20.65046887079181,-1.0,0.0,0,110.00187938151666,93.50086769189592,0.0,0.0,2.0,0.0
2021_09_DEN_DAL,2021,REG,9,2021-11-07,Sunday,13:00,DEN,30.0,DAL,16.0,Home,-14.0,46.0,0.0,2021110703,58629.0,10160000-0586-2983-02e8-f15404122881,202111070dal,19734.0,401326455,5721.0,7,7,378.0,-462.0,10.5,-107.0,-103.0,50.0,-103.0,-108.0,0,closed,matrixturf,,,00-0031237,00-0033077,Teddy Bridgewater,Dak Prescott,Vic Fangio,Mike McCarthy,Bill Vinovich,DAL00,AT&T Stadium,1,35.2,22.8,0.2,46.41505473674544,6.0,0.0,16.2,22.2,-1.0,13.925740856087698,1.0,0.0,0,117.40179335461198,91.07365209456376,1.0,0.0,1.0,0.0
2021_09_BUF_JAX,2021,REG,9,2021-11-07,Sunday,13:00,BUF,6.0,JAX,9.0,Home,3.0,15.0,0.0,2021110704,58630.0,10160000-0586-30ad-ec8d-8a5d9f923f00,202111070jax,19735.0,401326456,5722.0,7,7,-1101.0,776.0,-14.5,-120.0,109.0,48.0,-103.0,-108.0,0,outdoors,grass ,59.0,16.0,00-0034857,00-0036971,Josh Allen,Trevor Lawrence,Sean McDermott,Urban Meyer,Land Clark,JAX00,TIAA Bank Stadium,0,17.8,28.6,-1.2,16.457736389684815,-1.0,0.0,35.6,17.2,2.6,29.07526816921779,1.0,0.0,0,83.70115550531621,115.47197995528032,0.0,0.0,2.0,0.0
2021_09_HOU_MIA,2021,REG,9,2021-11-07,Sunday,13:00,HOU,9.0,MIA,17.0,Home,8.0,26.0,0.0,2021110705,58631.0,10160000-0586-31c9-618e-bfc8cff2be31,202111070mia,19736.0,401326457,5723.0,7,7,166.0,-185.0,4.0,-112.0,101.0,45.0,-109.0,-102.0,0,outdoors,grass ,72.0,19.0,00-0028118,00-0033119,Tyrod Taylor,Jacoby Brissett,David Culley,Brian Flores,Adrian Hill,MIA00,Hard Rock Stadium,0,18.6,30.2,-1.0,16.422126047652164,-7.0,1.0,10.4,33.0,-1.4,11.916448495856338,-7.0,1.0,0,91.17489752311181,128.18813131313132,0.0,0.0,2.0,0.0
2021_09_ATL_NO,2021,REG,9,2021-11-07,Sunday,13:00,ATL,27.0,NO,25.0,Home,-2.0,52.0,0.0,2021110706,58632.0,10160000-0586-3236-e5c0-11e0241636f0,202111070nor,19737.0,401326458,5719.0,7,7,240.0,-277.0,7.0,-117.0,106.0,43.0,-101.0,-110.0,1,dome,sportturf,,,00-0026143,00-0032156,Matt Ryan,Trevor Siemian,Arthur Smith,Sean Payton,Alex Kemp,NOR00,Mercedes-Benz Superdome,1,26.2,19.8,1.0,26.4511260228201,3.0,1.0,23.4,23.0,-0.4,18.89492634772549,-1.0,0.0,0,82.39942528735632,99.130291005291,1.0,0.0,1.0,0.0
2021_09_LV_NYG,2021,REG,9,2021-11-07,Sunday,13:00,LV,16.0,NYG,23.0,Home,7.0,39.0,0.0,2021110707,58633.0,10160000-0586-334f-a859-0a1e5b229c95,202111070nyg,19738.0,401326459,5718.0,14,6,-152.0,137.0,-3.0,-102.0,-108.0,47.0,-108.0,-103.0,0,outdoors,fieldturf,54.0,4.0,00-0031280,00-0035710,Derek Carr,Daniel Jones,Rich Bisaccia,Joe Judge,Clay Martin,NYC01,MetLife Stadium,0,20.0,25.2,0.0,20.45068438105605,-1.0,0.0,24.2,24.4,0.4,24.262063815038122,2.0,0.0,-8,82.16142905297318,99.14286196821536,3.0,0.0,0.0,0.0
2021_09_LAC_PHI,2021,REG,9,2021-11-07,Sunday,16:05,LAC,27.0,PHI,24.0,Home,-3.0,51.0,0.0,2021110708,58634.0,10160000-0586-349c-8704-efc78e75a1c5,202111070phi,19739.0,401326460,5725.0,7,7,-106.0,-104.0,-1.0,-101.0,-110.0,49.5,-105.0,-106.0,0,outdoors,grass ,54.0,11.0,00-0036355,00-0036389,Justin Herbert,Jalen Hurts,Brandon Staley,Nick Sirianni,Jerome Boger,PHI00,Lincoln Financial Field,0,27.8,25.4,0.4,25.998080692330834,1.0,0.0,27.0,28.2,0.8,25.400669898778126,-2.0,0.0,0,80.91991868646281,97.82500302634942,0.0,0.0,2.0,0.0
2021_09_GB_KC,2021,REG,9,2021-11-07,Sunday,16:25,GB,7.0,KC,13.0,Home,6.0,20.0,0.0,2021110709,58635.0,10160000-0586-3533-e98a-3b2504389274,202111070kan,19740.0,401326461,5727.0,10,6,275.0,-322.0,7.0,-107.0,-104.0,48.0,-102.0,-109.0,0,outdoors,grass ,51.0,12.0,00-0036264,00-0033873,Jordan Love,Patrick Mahomes,Matt LaFleur,Andy Reid,Shawn Smith,KAN00,GEHA Field at Arrowhead Stadium,0,23.2,25.0,-1.8,23.283613011874962,1.0,0.0,24.8,16.8,1.0,26.042629767184327,7.0,1.0,-4,85.84799499981236,102.08333333333333,0.0,0.0,0.0,0.0
2021_09_ARI_SF,2021,REG,9,2021-11-07,Sunday,16:25,ARI,31.0,SF,17.0,Home,-14.0,48.0,0.0,2021110710,58636.0,10160000-0586-3612-1a90-45db9784b8ab,202111070sfo,19741.0,401326462,5726.0,10,7,207.0,-235.0,5.5,-105.0,-105.0,44.5,-109.0,-102.0,1,outdoors,grass,57.0,8.0,00-0027688,00-0031345,Colt McCoy,Jimmy Garoppolo,Kliff Kingsbury,Kyle Shanahan,Brad Allen,SFO01,Levi's Stadium,0,22.0,25.4,-1.0,21.07724500672759,1.0,0.0,28.6,14.6,0.8,27.521039493376815,-1.0,1.0,-3,85.658802047389,,1.0,0.0,1.0,0.0
2021_09_TEN_LA,2021,REG,9,2021-11-07,Sunday,20:20,TEN,28.0,LA,16.0,Home,-12.0,44.0,0.0,2021110711,58637.0,10160000-0586-37fa-fc75-f38fc8292eaa,202111070ram,19742.0,401326463,5728.0,7,7,296.0,-350.0,7.0,103.0,-114.0,53.5,-111.0,-100.0,0,dome,matrixturf,,,00-0029701,00-0026498,Ryan Tannehill,Matthew Stafford,Mike Vrabel,Sean McVay,Brad Rogers,LAX01,SoFi Stadium,1,30.0,21.2,0.8,25.890222629888896,4.0,0.0,31.2,22.2,1.0,31.16015168953325,4.0,0.0,0,112.10090943513198,93.44353003014744,0.0,0.0,3.0,0.0
2021_09_CHI_PIT,2021,REG,9,2021-11-08,Monday,20:15,CHI,27.0,PIT,29.0,Home,2.0,56.0,0.0,2021110800,58638.0,10160000-0586-3849-69aa-da11e4b10a8f,202111080pit,19743.0,401326464,5729.0,8,8,263.0,-306.0,7.0,-109.0,-101.0,40.0,-103.0,-108.0,0,outdoors,grass ,55.0,7.0,00-0036945,00-0022924,Justin Fields,Ben Roethlisberger,Matt Nagy,Mike Tomlin,Tony Corrente,PIT00,Heinz Field,0,18.4,20.0,-0.2,19.00968906263115,3.0,0.0,16.6,23.6,-0.8,14.73116145578896,-3.0,0.0,0,92.64990703177823,75.74859295570079,0.0,0.0,2.0,0.0
2021_10_BAL_MIA,2021,REG,10,2021-11-11,Thursday,20:20,BAL,10.0,MIA,22.0,Home,12.0,32.0,0.0,2021111100,58639.0,10160000-0586-39a4-241f-6d7470285c47,202111110mia,19744.0,401326465,5730.0,4,4,-390.0,326.0,-8.5,-106.0,-104.0,46.5,-106.0,-105.0,0,outdoors,grass ,77.0,4.0,00-0034796,00-0033119,Lamar Jackson,Jacoby Brissett,John Harbaugh,Brian Flores,Ron Torbert,MIA00,Hard Rock Stadium,0,18.6,26.6,-0.6,15.647401293076392,1.0,1.0,27.8,22.0,-0.2,33.86339972975539,1.0,0.0,0,92.21801767815057,96.09406090017097,0.0,0.0,1.0,0.0
2021_10_ATL_DAL,2021,REG,10,2021-11-14,Sunday,13:00,ATL,3.0,DAL,43.0,Home,40.0,46.0,0.0,2021111400,58640.0,10160000-0586-4081-1e73-e81083e4af9e,202111140dal,19746.0,401326466,5733.0,7,7,328.0,-392.0,8.0,-105.0,-105.0,55.0,-108.0,-103.0,0,closed,matrixturf,,,00-0026143,00-0033077,Matt Ryan,Dak Prescott,Arthur Smith,Mike McCarthy,Craig Wrolstad,DAL00,AT&T Stadium,1,30.2,24.6,0.0,35.399635866427985,-1.0,0.0,25.4,25.2,-0.2,21.87025291606584,1.0,0.0,0,114.61570598519128,104.05158730158728,1.0,0.0,1.0,0.0
2021_10_JAX_IND,2021,REG,10,2021-11-14,Sunday,13:00,JAX,17.0,IND,23.0,Home,6.0,40.0,0.0,2021111401,58641.0,10160000-0586-41eb-d0af-fdecedbc0860,202111140clt,19747.0,401326467,5735.0,7,10,358.0,-434.0,10.5,-115.0,104.0,47.5,-108.0,-103.0,1,closed,fieldturf,,,00-0036971,00-0032950,Trevor Lawrence,Carson Wentz,Urban Meyer,Frank Reich,Tony Corrente,IND00,Lucas Oil Stadium,1,32.4,23.2,1.4,28.903795463017197,1.0,0.0,15.8,23.6,-0.2,15.336782905124501,1.0,0.0,3,113.02345938375352,83.88780708902661,1.0,0.0,0.0,0.0
2021_10_CLE_NE,2021,REG,10,2021-11-14,Sunday,13:00,CLE,7.0,NE,45.0,Home,38.0,52.0,0.0,2021111402,58642.0,10160000-0586-4216-83b9-5ebda2ac2f30,202111140nwe,19748.0,401326468,5731.0,7,7,119.0,-132.0,2.5,-104.0,-106.0,45.5,-108.0,-103.0,0,outdoors,fieldturf,48.0,6.0,00-0034855,00-0036972,Baker Mayfield,Mac Jones,Kevin Stefanski,Bill Belichick,John Hussey,BOS00,Gillette Stadium,0,31.8,20.0,0.8,27.79765605976276,3.0,0.0,24.8,25.8,0.2,27.540657143172808,1.0,0.0,0,96.37499999999999,100.63348417935113,0.0,0.0,0.0,0.0
2021_10_BUF_NYJ,2021,REG,10,2021-11-14,Sunday,13:00,BUF,45.0,NYJ,17.0,Home,-28.0,62.0,0.0,2021111403,58643.0,10160000-0586-43d2-395f-4bf27d1404ee,202111140nyj,19749.0,401326469,5736.0,7,10,-685.0,527.0,-13.0,101.0,-111.0,47.0,104.0,-116.0,1,outdoors,fieldturf,47.0,4.0,00-0034857,00-0034401,Josh Allen,Mike White,Sean McDermott,Robert Saleh,Scott Novak,NYC01,MetLife Stadium,0,24.8,36.2,-1.4,23.457996913405978,-1.0,0.0,28.2,14.8,1.6,22.36832803517434,-1.0,0.0,3,98.03854517396184,102.05700387083365,1.0,0.0,1.0,0.0
2021_10_DET_PIT,2021,REG,10,2021-11-14,Sunday,13:00,DET,16.0,PIT,16.0,Home,0.0,32.0,1.0,2021111404,58644.0,10160000-0586-4425-bb77-9ad5d2181523,202111140pit,19750.0,401326470,5737.0,14,6,303.0,-359.0,9.0,-121.0,110.0,43.0,-114.0,102.0,0,outdoors,grass ,37.0,12.0,00-0033106,00-0034771,Jared Goff,Mason Rudolph,Dan Campbell,Mike Tomlin,Land Clark,PIT00,Heinz Field,0,22.2,20.6,0.6,22.604751432985246,4.0,1.0,13.4,29.8,-0.8,12.237584799660798,-8.0,0.0,-8,,79.56992972627647,1.0,0.0,0.0,0.0
2021_10_NO_TEN,2021,REG,10,2021-11-14,Sunday,13:00,NO,21.0,TEN,23.0,Home,2.0,44.0,0.0,2021111405,58645.0,10160000-0586-459d-5a14-86398c300fa2,202111140oti,19751.0,401326471,5734.0,7,7,133.0,-147.0,3.0,-114.0,103.0,44.0,-109.0,-102.0,0,outdoors,grass ,53.0,12.0,00-0032156,00-0029701,Trevor Siemian,Ryan Tannehill,Sean Payton,Mike Vrabel,Jerome Boger,NAS00,Nissan Stadium,0,32.0,20.0,1.0,32.57363626696913,5.0,0.0,25.6,22.6,0.2,23.43611960326544,-1.0,1.0,0,92.33556832694765,88.43040370058873,3.0,0.0,2.0,0.0
2021_10_TB_WAS,2021,REG,10,2021-11-14,Sunday,13:00,TB,19.0,WAS,29.0,Home,10.0,48.0,0.0,2021111406,58646.0,10160000-0586-4622-f11e-15f7482640be,202111140was,19745.0,401326472,5732.0,14,14,-435.0,359.0,-10.0,106.0,-117.0,51.0,-109.0,-102.0,0,outdoors,grass ,47.0,8.0,00-0019596,00-0031800,Tom Brady,Taylor Heinicke,Bruce Arians,Ron Rivera,Brad Rogers,WAS00,FedExField,0,17.8,27.0,-0.2,16.616441658630666,-4.0,0.0,31.4,19.0,1.0,33.251585570779135,-1.0,0.0,0,80.21535841657791,107.81918315791684,2.0,0.0,1.0,0.0
2021_10_CAR_ARI,2021,REG,10,2021-11-14,Sunday,16:05,CAR,34.0,ARI,10.0,Home,-24.0,44.0,0.0,2021111407,58647.0,10160000-0586-4798-b973-d510130fe432,202111140crd,19752.0,401326473,5738.0,7,7,280.0,-329.0,7.0,-103.0,-107.0,42.0,-113.0,101.0,0,closed,grass ,,,00-0033275,00-0027688,Phillip Walker,Colt McCoy,Matt Rhule,Kliff Kingsbury,Adrian Hill,PHO00,State Farm Stadium,1,27.4,14.0,1.0,25.344193146159437,1.0,1.0,14.8,23.4,-0.8,12.887400050245597,-1.0,1.0,0,119.39102564102564,39.58333333333333,1.0,0.0,0.0,0.0
2021_10_MIN_LAC,2021,REG,10,2021-11-14,Sunday,16:05,MIN,27.0,LAC,20.0,Home,-7.0,47.0,0.0,2021111408,58648.0,10160000-0586-4864-8173-1b0e28a7b11a,202111140sdg,19753.0,401326474,5739.0,7,7,160.0,-179.0,3.0,111.0,-123.0,53.5,-104.0,-107.0,0,dome,matrixturf,,,00-0029604,00-0036355,Kirk Cousins,Justin Herbert,Mike Zimmer,Brandon Staley,Clay Martin,LAX01,SoFi Stadium,1,26.4,28.2,0.0,26.397406628168966,1.0,0.0,21.4,22.6,1.0,22.102355337720848,-2.0,0.0,0,97.47412583336697,93.15854126738415,1.0,0.0,1.0,0.0
2021_10_PHI_DEN,2021,REG,10,2021-11-14,Sunday,16:25,PHI,30.0,DEN,13.0,Home,-17.0,43.0,0.0,2021111409,58649.0,10160000-0586-49dc-905a-b3b21334e565,202111140den,19754.0,401326475,5740.0,7,7,101.0,-111.0,1.0,-108.0,-102.0,44.5,-103.0,-108.0,0,outdoors,grass ,57.0,19.0,00-0036389,00-0031237,Jalen Hurts,Teddy Bridgewater,Nick Sirianni,Vic Fangio,Shawn Hochuli,DEN00,Empower Field at Mile High,0,20.8,20.8,-0.8,18.66610419930986,2.0,0.0,26.6,22.4,0.2,25.611038870848777,-1.0,0.0,0,97.33109257075422,82.95933862110333,2.0,0.0,0.0,0.0
2021_10_SEA_GB,2021,REG,10,2021-11-14,Sunday,16:25,SEA,0.0,GB,17.0,Home,17.0,17.0,0.0,2021111410,58650.0,10160000-0586-50b4-b794-e7972c0d7575,202111140gnb,19755.0,401326476,5741.0,14,7,151.0,-168.0,3.0,104.0,-115.0,49.5,-117.0,105.0,0,outdoors,grass ,35.0,11.0,00-0029263,00-0023459,Russell Wilson,Aaron Rodgers,Pete Carroll,Matt LaFleur,Brad Allen,GNB00,Lambeau Field,0,20.8,16.0,0.8,21.249472758780154,-1.0,0.0,21.2,18.0,0.6,20.46122867352997,1.0,1.0,-7,108.8920323811628,120.41513265544647,0.0,0.0,0.0,0.0
2021_10_KC_LV,2021,REG,10,2021-11-14,Sunday,20:20,KC,41.0,LV,14.0,Home,-27.0,55.0,0.0,2021111411,58651.0,10160000-0586-5180-6789-97efd11644c2,202111140rai,19807.0,401326477,5742.0,7,7,-147.0,133.0,-2.5,-123.0,111.0,53.5,-108.0,-103.0,1,dome,grass,,,00-0033873,00-0031280,Patrick Mahomes,Derek Carr,Andy Reid,Rich Bisaccia,Bill Vinovich,VEG00,Allegiant Stadium,1,21.2,23.4,0.2,21.311123945535364,-1.0,0.0,17.4,20.4,-1.6,18.19571239076155,2.0,0.0,0,94.47990275014998,74.61976677158415,0.0,0.0,1.0,0.0
2021_10_LA_SF,2021,REG,10,2021-11-15,Monday,20:15,LA,10.0,SF,31.0,Home,21.0,41.0,0.0,2021111500,58652.0,10160000-0586-5217-2a0e-c090ab5807aa,202111150sfo,19756.0,401326478,5743.0,8,8,-177.0,158.0,-3.5,-100.0,-110.0,50.0,-110.0,-102.0,1,outdoors,grass,59.0,0.0,00-0026498,00-0031345,Matthew Stafford,Jimmy Garoppolo,Sean McVay,Kyle Shanahan,Shawn Smith,SFO01,Levi's Stadium,0,19.8,25.6,-1.2,21.300431582683895,-1.0,0.0,29.2,19.4,1.0,25.09753433208489,-1.0,0.0,0,85.67269093627789,108.40595686060627,0.0,0.0,1.0,0.0
2021_11_NE_ATL,2021,REG,11,2021-11-18,Thursday,20:20,NE,25.0,ATL,0.0,Home,-25.0,25.0,0.0,2021111800,58653.0,10160000-0586-5342-6d41-c810cff5d936,202111180atl,19757.0,401326479,5744.0,4,4,-329.0,280.0,-7.0,-111.0,101.0,47.5,-108.0,-103.0,0,closed,fieldturf,,,00-0036972,00-0026143,Mac Jones,Matt Ryan,Bill Belichick,Arthur Smith,Land Clark,ATL97,Mercedes-Benz Stadium,1,20.0,27.0,-0.6,18.055780095025103,-1.0,0.0,35.8,17.0,1.2,32.088990324594256,4.0,0.0,0,86.03571428571428,105.74335748792268,0.0,0.0,0.0,0.0
2021_11_IND_BUF,2021,REG,11,2021-11-21,Sunday,13:00,IND,41.0,BUF,15.0,Home,-26.0,56.0,0.0,2021112100,58654.0,10160000-0586-54ab-3f0e-28e043a060df,202111210buf,19758.0,401326480,5746.0,7,7,274.0,-320.0,7.5,-116.0,105.0,49.5,-111.0,100.0,0,outdoors,a_turf,49.0,12.0,00-0032950,00-0034857,Carson Wentz,Josh Allen,Frank Reich,Sean McDermott,Brad Rogers,BUF00,New Era Field,0,29.2,18.2,1.4,21.51919093791814,1.0,0.0,32.0,20.4,1.6,28.412303017454597,2.0,0.0,0,107.09271815654795,102.93382352941175,0.0,0.0,0.0,0.0
2021_11_WAS_CAR,2021,REG,11,2021-11-21,Sunday,13:00,WAS,27.0,CAR,21.0,Home,-6.0,48.0,0.0,2021112101,58655.0,10160000-0586-5543-e11e-6d1516a81464,202111210car,19759.0,401326481,5747.0,7,7,154.0,-172.0,3.5,-114.0,103.0,43.0,-108.0,-103.0,0,outdoors,grass ,54.0,0.0,00-0031800,00-0027939,Taylor Heinicke,Cam Newton,Ron Rivera,Matt Rhule,Bill Vinovich,CAR00,Bank of America Stadium,0,18.0,21.2,-0.6,17.345565536679835,1.0,1.0,16.8,24.8,0.0,17.463171610728192,1.0,0.0,0,116.66666666666667,76.8820250832446,0.0,0.0,1.0,0.0
2021_11_BAL_CHI,2021,REG,11,2021-11-21,Sunday,13:00,BAL,16.0,CHI,13.0,Home,-3.0,29.0,0.0,2021112102,58656.0,10160000-0586-5686-c482-19c3aaa58c1a,202111210chi,19760.0,401326482,5752.0,10,13,-226.0,199.0,-5.0,-103.0,-107.0,43.0,-104.0,-107.0,0,outdoors,grass ,46.0,9.0,00-0035993,00-0036945,Tyler Huntley,Justin Fields,John Harbaugh,Matt Nagy,Shawn Smith,CHI98,Soldier Field,0,17.2,26.6,-1.6,16.804058454181405,-4.0,0.0,25.2,25.0,-0.8,25.721286879877326,-1.0,1.0,3,77.17861323967647,54.734848484848484,1.0,0.0,0.0,0.0
2021_11_DET_CLE,2021,REG,11,2021-11-21,Sunday,13:00,DET,10.0,CLE,13.0,Home,3.0,23.0,0.0,2021112103,58657.0,10160000-0586-5732-3027-2b4e927a93f6,202111210cle,19761.0,401326483,5750.0,7,7,465.0,-590.0,13.0,-106.0,-104.0,42.5,-103.0,-108.0,0,outdoors,grass ,42.0,7.0,00-0034177,00-0034855,Tim Boyle,Baker Mayfield,Dan Campbell,Kevin Stefanski,Clay Martin,CLE00,FirstEnergy Stadium,0,17.8,25.4,-0.2,19.479772286821706,-1.0,0.0,13.8,28.2,0.0,13.141289055838717,0.0,1.0,0,99.97691852278547,,1.0,0.0,3.0,1.0
2021_11_SF_JAX,2021,REG,11,2021-11-21,Sunday,13:00,SF,30.0,JAX,10.0,Home,-20.0,40.0,0.0,2021112104,58658.0,10160000-0586-5884-70ae-81f990dd7759,202111210jax,19762.0,401326484,5745.0,6,7,-281.0,243.0,-6.5,-106.0,-104.0,45.0,-103.0,-108.0,0,outdoors,grass ,68.0,17.0,00-0031345,00-0036971,Jimmy Garoppolo,Trevor Lawrence,Kyle Shanahan,Urban Meyer,Ron Torbert,JAX00,TIAA Bank Stadium,0,15.0,23.4,-0.4,13.937339098442864,-1.0,0.0,21.8,22.0,-0.4,25.110332666777445,1.0,0.0,1,76.47510867632819,96.56852426961123,0.0,0.0,1.0,0.0
2021_11_GB_MIN,2021,REG,11,2021-11-21,Sunday,13:00,GB,31.0,MIN,34.0,Home,3.0,65.0,0.0,2021112105,58659.0,10160000-0586-5977-9800-c4015b26ad15,202111210min,19763.0,401326485,5748.0,7,7,-111.0,101.0,-1.0,-105.0,-105.0,48.0,-113.0,102.0,1,dome,sportturf,,,00-0023459,00-0029604,Aaron Rodgers,Kirk Cousins,Matt LaFleur,Mike Zimmer,Shawn Hochuli,MIN01,U.S. Bank Stadium,1,25.4,23.8,1.2,24.40364248538752,1.0,0.0,19.2,11.6,0.8,19.748879474427454,1.0,0.0,0,101.85994003457239,104.8730133621438,0.0,0.0,2.0,0.0
2021_11_MIA_NYJ,2021,REG,11,2021-11-21,Sunday,13:00,MIA,24.0,NYJ,17.0,Home,-7.0,41.0,0.0,2021112106,58660.0,10160000-0586-6026-c2c3-234d6201e014,202111210nyj,19764.0,401326486,5751.0,10,7,-181.0,162.0,-3.5,-103.0,-107.0,44.5,101.0,-112.0,1,outdoors,fieldturf,52.0,4.0,00-0036212,00-0026158,Tua Tagovailoa,Joe Flacco,Brian Flores,Robert Saleh,Alex Kemp,NYC01,MetLife Stadium,0,22.8,40.4,-1.8,24.246770456420993,-2.0,1.0,19.6,19.6,0.2,17.0277117545376,2.0,1.0,-3,158.33333333333331,81.47268821603927,1.0,0.0,0.0,0.0
2021_11_NO_PHI,2021,REG,11,2021-11-21,Sunday,13:00,NO,29.0,PHI,40.0,Home,11.0,69.0,0.0,2021112107,58661.0,10160000-0586-6126-ef76-9dc348c0ac76,202111210phi,19765.0,401326487,5753.0,7,7,130.0,-144.0,2.5,106.0,-117.0,42.5,-111.0,-100.0,0,outdoors,grass ,51.0,4.0,00-0032156,00-0036389,Trevor Siemian,Jalen Hurts,Sean Payton,Nick Sirianni,Scott Novak,PHI00,Lincoln Financial Field,0,28.4,21.4,0.0,26.377178352306323,1.0,0.0,25.6,21.8,0.0,24.35750593981617,-2.0,0.0,0,91.05961280833404,93.88007305529446,0.0,0.0,3.0,0.0
2021_11_HOU_TEN,2021,REG,11,2021-11-21,Sunday,13:00,HOU,22.0,TEN,13.0,Home,-9.0,35.0,0.0,2021112108,58662.0,10160000-0586-62fb-5c7d-eb1b756bbb1e,202111210oti,19766.0,401326488,5749.0,14,7,377.0,-462.0,10.5,-110.0,-100.0,44.5,-110.0,-101.0,1,outdoors,grass ,59.0,8.0,00-0028118,00-0029701,Tyrod Taylor,Ryan Tannehill,David Culley,Mike Vrabel,Tony Corrente,NAS00,Nissan Stadium,0,29.2,20.4,0.8,31.467710030877427,6.0,0.0,12.2,28.4,-0.8,12.075851313159163,-8.0,1.0,-7,92.00868841673439,99.71909012606689,5.0,0.0,0.0,0.0
2021_11_CIN_LV,2021,REG,11,2021-11-21,Sunday,16:05,CIN,32.0,LV,13.0,Home,-19.0,45.0,0.0,2021112109,58663.0,10160000-0586-6323-2b0e-26ce4dd928d5,202111210rai,19767.0,401326489,5754.0,14,7,-123.0,112.0,-1.0,-115.0,105.0,50.5,-110.0,-101.0,0,dome,grass,,,00-0036442,00-0031280,Joe Burrow,Derek Carr,Zac Taylor,Rich Bisaccia,Jerome Boger,VEG00,Allegiant Stadium,1,21.2,26.0,-0.2,21.235519071227483,-2.0,0.0,28.8,25.6,-0.6,25.855647451814004,-2.0,0.0,-7,97.45889434678864,97.23104604818334,0.0,0.0,0.0,0.0
2021_11_DAL_KC,2021,REG,11,2021-11-21,Sunday,16:25,DAL,9.0,KC,19.0,Home,10.0,28.0,0.0,2021112110,58664.0,10160000-0586-6424-685a-6f568cd3007c,202111210kan,19768.0,401326490,5755.0,7,7,122.0,-134.0,2.5,-101.0,-110.0,56.0,-115.0,103.0,0,outdoors,grass ,57.0,17.0,00-0033077,00-0033873,Dak Prescott,Patrick Mahomes,Mike McCarthy,Andy Reid,John Hussey,KAN00,GEHA Field at Arrowhead Stadium,0,21.6,15.6,-0.2,20.261464593676507,3.0,0.0,31.6,19.6,0.0,31.9934503094798,1.0,0.0,0,85.9543346728187,111.53981682059243,1.0,0.0,0.0,0.0
2021_11_ARI_SEA,2021,REG,11,2021-11-21,Sunday,16:25,ARI,23.0,SEA,13.0,Home,-10.0,36.0,0.0,2021112111,58665.0,10160000-0586-658c-0c7e-b51de943dbe4,202111210sea,19769.0,401326491,5756.0,7,7,135.0,-150.0,2.5,111.0,-122.0,46.0,-113.0,101.0,1,outdoors,fieldturf,46.0,0.0,00-0027688,00-0029263,Colt McCoy,Russell Wilson,Kliff Kingsbury,Pete Carroll,Clete Blakeman,SEA00,Lumen Field,0,15.6,17.2,0.0,16.260700600944713,-1.0,1.0,26.0,18.8,1.0,24.47009597378277,-1.0,0.0,0,97.89973410472184,84.38301282051282,0.0,0.0,2.0,0.0
2021_11_PIT_LAC,2021,REG,11,2021-11-21,Sunday,20:20,PIT,37.0,LAC,41.0,Home,4.0,78.0,0.0,2021112112,58666.0,10160000-0586-6696-59c9-9cc0e0b5c8d1,202111210sdg,19770.0,401326492,5757.0,7,7,220.0,-251.0,5.5,103.0,-114.0,47.5,-105.0,-106.0,0,dome,matrixturf,,,00-0022924,00-0036355,Ben Roethlisberger,Justin Herbert,Mike Tomlin,Brandon Staley,Carl Cheffers,LAX01,SoFi Stadium,1,24.8,30.8,-0.2,25.108783787186685,-1.0,0.0,22.0,18.4,0.2,21.978380352732458,0.0,0.0,0,90.47077186019875,100.69109477124182,1.0,0.0,3.0,0.0
2021_11_NYG_TB,2021,REG,11,2021-11-22,Monday,20:15,NYG,10.0,TB,30.0,Home,20.0,40.0,0.0,2021112200,58667.0,10160000-0586-6749-7b55-06f7a253d023,202111220tam,19771.0,401326493,5758.0,15,8,423.0,-527.0,11.5,-113.0,102.0,49.5,-102.0,-109.0,0,outdoors,grass ,68.0,6.0,00-0035710,00-0019596,Daniel Jones,Tom Brady,Joe Judge,Bruce Arians,Craig Wrolstad,TAM00,Raymond James Stadium,0,31.4,21.4,0.4,30.40104244426571,-2.0,0.0,19.2,24.2,0.4,17.94312756551208,1.0,0.0,-7,109.76514759020138,81.28642905297316,1.0,0.0,3.0,0.0
2021_12_CHI_DET,2021,REG,12,2021-11-25,Thursday,12:30,CHI,16.0,DET,14.0,Home,-2.0,30.0,0.0,2021112500,58668.0,10160000-0586-6841-ae86-4a9be6190bcd,202111250det,19772.0,401326494,5759.0,4,4,-129.0,115.0,-2.0,-107.0,-104.0,41.5,-103.0,-108.0,1,dome,fieldturf,,,00-0027973,00-0033106,Andy Dalton,Jared Goff,Matt Nagy,Dan Campbell,Adrian Hill,DET00,Ford Field,1,12.4,27.0,0.0,11.57390426223419,-1.0,0.0,15.8,28.0,-1.8,15.436286254422459,-5.0,1.0,0,72.11115779645192,99.608860342556,4.0,0.0,2.0,1.0
2021_12_LV_DAL,2021,REG,12,2021-11-25,Thursday,16:30,LV,36.0,DAL,33.0,Home,-3.0,69.0,0.0,2021112501,58669.0,10160000-0586-69a7-6648-aaa102713d03,202111250dal,19773.0,401326495,5760.0,4,4,269.0,-314.0,7.0,-106.0,-105.0,51.0,-103.0,-108.0,0,closed,matrixturf,,,00-0031280,00-0033077,Derek Carr,Dak Prescott,Rich Bisaccia,Mike McCarthy,Shawn Hochuli,DAL00,AT&T Stadium,1,24.6,19.4,-0.2,26.86941054701932,-1.0,0.0,22.0,28.4,-0.2,21.493563139069245,-3.0,0.0,0,97.05866812432745,102.20580792703555,0.0,0.0,0.0,0.0
2021_12_BUF_NO,2021,REG,12,2021-11-25,Thursday,20:20,BUF,31.0,NO,6.0,Home,-25.0,37.0,0.0,2021112502,58670.0,10160000-0586-703b-c1ab-4d97657fbeb0,202111250nor,19774.0,401326496,5761.0,4,4,-270.0,235.0,-7.0,100.0,-112.0,45.0,-110.0,-101.0,0,dome,sportturf,,,00-0034857,00-0032156,Josh Allen,Trevor Siemian,Sean McDermott,Sean Payton,Brad Allen,NOR00,Mercedes-Benz Superdome,1,24.8,25.4,-0.4,25.555518535225133,-3.0,0.0,24.6,22.4,-0.2,19.510512995518244,-1.0,0.0,0,89.00380479147084,93.71268152651132,3.0,0.0,0.0,0.0
2021_12_PIT_CIN,2021,REG,12,2021-11-28,Sunday,13:00,PIT,10.0,CIN,41.0,Home,31.0,51.0,0.0,2021112800,58671.0,10160000-0586-71a7-ad69-2db8656fcc24,202111280cin,19775.0,401326497,5766.0,7,7,154.0,-172.0,3.5,-111.0,-100.0,43.5,-102.0,-110.0,1,outdoors,fieldturf,43.0,12.0,00-0022924,00-0036442,Ben Roethlisberger,Joe Burrow,Mike Tomlin,Zac Taylor,Bill Vinovich,CIN00,Paul Brown Stadium,0,30.8,23.2,-0.2,27.43310929358806,1.0,0.0,24.0,22.8,0.4,20.59676069806359,-1.0,0.0,0,98.58842656844952,105.76306446821152,0.0,0.0,0.0,0.0
2021_12_NYJ_HOU,2021,REG,12,2021-11-28,Sunday,13:00,NYJ,21.0,HOU,14.0,Home,-7.0,35.0,0.0,2021112801,58672.0,10160000-0586-72e9-28a2-1367df1bdb2d,202111280htx,19776.0,401326498,5765.0,7,7,125.0,-138.0,3.0,-124.0,111.0,44.5,-103.0,-108.0,0,closed,astroturf,,,00-0037013,00-0028118,Zach Wilson,Tyrod Taylor,Robert Saleh,David Culley,Clete Blakeman,HOU00,NRG Stadium,1,12.2,26.0,-0.4,11.776535340439834,1.0,0.0,22.2,39.8,-2.0,26.7296767566661,-3.0,1.0,0,92.1070259278835,62.74667897462016,0.0,0.0,1.0,0.0
2021_12_TB_IND,2021,REG,12,2021-11-28,Sunday,13:00,TB,38.0,IND,31.0,Home,-7.0,69.0,0.0,2021112802,58673.0,10160000-0586-73c7-3f7d-85cc3c5f3571,202111280clt,19777.0,401326499,5768.0,6,7,-149.0,135.0,-3.0,101.0,-112.0,53.0,-109.0,-102.0,0,closed,fieldturf,,,00-0019596,00-0032950,Tom Brady,Carson Wentz,Bruce Arians,Frank Reich,Shawn Smith,IND00,Lucas Oil Stadium,1,34.0,22.8,1.8,32.76384601372857,3.0,0.0,28.4,20.0,0.4,28.2347261235955,1.0,0.0,1,94.72549019607843,98.81781637775883,0.0,0.0,1.0,0.0
2021_12_ATL_JAX,2021,REG,12,2021-11-28,Sunday,13:00,ATL,21.0,JAX,14.0,Home,-7.0,35.0,0.0,2021112803,58674.0,10160000-0586-748f-b4fd-44ee65f2acc4,202111280jax,19778.0,401326500,5763.0,10,7,-115.0,105.0,-1.5,-102.0,-108.0,46.0,-108.0,-103.0,0,outdoors,grass ,61.0,4.0,00-0026143,00-0036971,Matt Ryan,Trevor Lawrence,Arthur Smith,Urban Meyer,Carl Cheffers,JAX00,TIAA Bank Stadium,0,13.2,22.0,0.0,12.873864761017636,-2.0,0.0,14.6,28.0,-1.0,13.903102914148208,-2.0,0.0,-3,74.40339150461102,74.42791005291005,1.0,0.0,0.0,0.0
2021_12_CAR_MIA,2021,REG,12,2021-11-28,Sunday,13:00,CAR,10.0,MIA,33.0,Home,23.0,43.0,0.0,2021112804,58675.0,10160000-0586-7535-a041-6da9a089c9c4,202111280mia,19779.0,401326501,5764.0,7,7,-119.0,108.0,-1.0,-110.0,-101.0,41.0,102.0,-113.0,0,outdoors,grass ,74.0,4.0,00-0027939,00-0036212,Cam Newton,Tua Tagovailoa,Matt Rhule,Brian Flores,John Hussey,MIA00,Hard Rock Stadium,0,20.4,18.4,0.2,16.456811797752806,3.0,1.0,16.6,19.8,0.0,15.59721975546374,-1.0,0.0,0,95.09011245846352,118.59567901234567,0.0,0.0,1.0,0.0
2021_12_TEN_NE,2021,REG,12,2021-11-28,Sunday,13:00,TEN,13.0,NE,36.0,Home,23.0,49.0,0.0,2021112805,58676.0,10160000-0586-7695-3493-146560fe88f2,202111280nwe,19780.0,401326502,5767.0,7,10,262.0,-305.0,7.5,-118.0,106.0,43.0,-103.0,-108.0,0,outdoors,fieldturf,33.0,6.0,00-0029701,00-0036972,Ryan Tannehill,Mac Jones,Mike Vrabel,Bill Belichick,Alex Kemp,BOS00,Gillette Stadium,0,35.0,10.0,1.8,30.500475750797616,5.0,0.0,25.0,18.6,0.2,23.450769205644104,-1.0,0.0,3,101.28059802516324,90.87860442027109,0.0,0.0,4.0,0.0
2021_12_PHI_NYG,2021,REG,12,2021-11-28,Sunday,13:00,PHI,7.0,NYG,13.0,Home,6.0,20.0,0.0,2021112806,58677.0,10160000-0586-7761-460f-d58911fcbaf8,202111280nyg,19781.0,401326503,5762.0,7,6,-192.0,171.0,-4.0,100.0,-110.0,45.5,-107.0,-104.0,1,outdoors,fieldturf,39.0,4.0,00-0036389,00-0035710,Jalen Hurts,Daniel Jones,Nick Sirianni,Joe Judge,Ron Torbert,NYC01,MetLife Stadium,0,17.2,21.4,0.0,16.46228099409636,-1.0,0.0,32.0,21.6,0.4,30.370125578321215,2.0,0.0,-1,79.71254241329706,94.45437776559899,1.0,0.0,0.0,0.0
2021_12_LAC_DEN,2021,REG,12,2021-11-28,Sunday,16:05,LAC,13.0,DEN,28.0,Home,15.0,41.0,0.0,2021112807,58678.0,10160000-0586-7834-5cff-d927486db13b,202111280den,19782.0,401326504,5769.0,7,14,-141.0,127.0,-2.5,-114.0,103.0,47.5,-111.0,-100.0,1,outdoors,grass ,62.0,0.0,00-0036355,00-0031237,Justin Herbert,Teddy Bridgewater,Brandon Staley,Vic Fangio,Land Clark,DEN00,Empower Field at Mile High,0,19.6,21.4,-0.8,17.7088202247191,-1.0,0.0,23.6,29.8,-0.2,23.545566661372934,1.0,0.0,7,94.58986450057878,89.28340184696374,2.0,0.0,1.0,0.0
2021_12_LA_GB,2021,REG,12,2021-11-28,Sunday,16:25,LA,28.0,GB,36.0,Home,8.0,64.0,0.0,2021112808,58679.0,10160000-0586-79dc-48bc-1c9f56796d27,202111280gnb,19783.0,401326505,5771.0,13,7,-120.0,108.0,-2.0,-100.0,-110.0,47.0,-109.0,-102.0,0,outdoors,grass ,37.0,14.0,00-0026498,00-0023459,Matthew Stafford,Aaron Rodgers,Sean McVay,Matt LaFleur,Craig Wrolstad,GNB00,Lambeau Field,0,20.6,15.6,0.6,20.480118244579835,-1.0,0.0,26.0,22.2,0.4,22.24554179434797,-2.0,0.0,-6,113.95712369625411,102.44353102013163,1.0,0.0,0.0,0.0
2021_12_MIN_SF,2021,REG,12,2021-11-28,Sunday,16:25,MIN,26.0,SF,34.0,Home,8.0,60.0,0.0,2021112809,58680.0,10160000-0586-8063-7abc-663d2a391fe5,202111280sfo,19784.0,401326506,5770.0,7,7,164.0,-183.0,3.5,-108.0,-102.0,49.0,-101.0,-110.0,0,outdoors,grass,68.0,7.0,00-0029604,00-0031345,Kirk Cousins,Jimmy Garoppolo,Mike Zimmer,Kyle Shanahan,Brad Rogers,SFO01,Levi's Stadium,0,25.8,20.6,-0.4,29.08007720514028,2.0,0.0,28.4,26.6,1.2,32.26825842696629,2.0,0.0,0,106.0184583934584,108.61694283569284,0.0,0.0,1.0,0.0
2021_12_CLE_BAL,2021,REG,12,2021-11-28,Sunday,20:20,CLE,10.0,BAL,16.0,Home,6.0,26.0,0.0,2021112810,58681.0,10160000-0586-8114-0987-cee47f496449,202111280rav,19785.0,401326507,5772.0,7,7,140.0,-156.0,3.0,-110.0,-102.0,47.0,-101.0,-110.0,1,outdoors,grass,43.0,0.0,00-0034855,00-0034796,Baker Mayfield,Lamar Jackson,Kevin Stefanski,John Harbaugh,Jerome Boger,BAL00,M&T Bank Stadium,0,22.2,22.6,-0.8,22.187997166152925,1.0,0.0,17.6,20.0,0.4,17.68438362189612,1.0,0.0,0,91.56755765273749,86.11826191359006,0.0,0.0,0.0,0.0
2021_12_SEA_WAS,2021,REG,12,2021-11-29,Monday,20:15,SEA,15.0,WAS,17.0,Home,2.0,32.0,0.0,2021112900,58682.0,10160000-0586-82f1-2498-f710dac5ddec,202111290was,19786.0,401326508,5773.0,8,8,-128.0,116.0,-1.0,-121.0,108.0,47.0,-116.0,104.0,0,outdoors,grass ,41.0,9.0,00-0029263,00-0031800,Russell Wilson,Taylor Heinicke,Pete Carroll,Ron Rivera,Clay Martin,WAS00,FedExField,0,17.8,22.4,-0.2,17.853574600355238,2.0,0.0,14.8,16.6,0.2,16.323201040203656,-2.0,0.0,0,95.6172431172431,88.15924609810479,2.0,0.0,2.0,0.0
2021_13_DAL_NO,2021,REG,13,2021-12-02,Thursday,20:20,DAL,27.0,NO,17.0,Home,-10.0,44.0,0.0,2021120200,58683.0,10160000-0586-8369-f9ad-7dcb05ea431e,202112020nor,19787.0,401326509,5774.0,7,7,-254.0,222.0,-6.0,-110.0,100.0,46.0,-106.0,-105.0,0,dome,sportturf,,,00-0033077,00-0033357,Dak Prescott,Taysom Hill,Mike McCarthy,Sean Payton,Brad Rogers,NOR00,Mercedes-Benz Superdome,1,23.4,29.6,0.0,25.073722629682532,-4.0,1.0,24.2,20.8,-0.2,24.10160043001803,-2.0,0.0,0,79.51388888888889,94.9232514576608,1.0,0.0,0.0,0.0
2021_13_TB_ATL,2021,REG,13,2021-12-05,Sunday,13:00,TB,30.0,ATL,17.0,Home,-13.0,47.0,0.0,2021120500,58684.0,10160000-0586-849f-e1a7-823889c5fa0c,202112050atl,19788.0,401326510,5780.0,7,7,-475.0,387.0,-11.0,-103.0,-108.0,51.0,-107.0,-104.0,1,closed,fieldturf,,,00-0019596,00-0026143,Tom Brady,Matt Ryan,Bruce Arians,Arthur Smith,Tony Corrente,ATL97,Mercedes-Benz Stadium,1,12.8,25.2,-0.8,13.335959202288652,1.0,0.0,30.4,21.8,0.6,30.764719503845996,2.0,0.0,0,71.5658410873928,96.12173794638628,0.0,0.0,1.0,0.0
2021_13_ARI_CHI,2021,REG,13,2021-12-05,Sunday,13:00,ARI,33.0,CHI,22.0,Home,-11.0,55.0,0.0,2021120501,58685.0,10160000-0586-8587-0eb3-7be51ddcd530,202112050chi,19789.0,401326511,5777.0,14,10,-373.0,314.0,-7.5,-116.0,104.0,43.5,-101.0,-110.0,0,outdoors,grass ,34.0,8.0,00-0035228,00-0027973,Taysom Kyler Murray,Andy Dalton,Kliff Kingsbury,Matt Nagy,Jerome Boger,CHI98,Soldier Field,0,16.2,26.0,-1.6,15.478936148976214,1.0,1.0,23.2,18.6,0.4,22.903693918441107,1.0,1.0,-4,96.70631904327556,108.34036505609087,2.0,1.0,0.0,0.0
2021_13_LAC_CIN,2021,REG,13,2021-12-05,Sunday,13:00,LAC,41.0,CIN,22.0,Home,-19.0,63.0,0.0,2021120502,58686.0,10160000-0586-86b2-601d-93aea5d5754d,202112050cin,19790.0,401326512,5781.0,7,7,127.0,-141.0,2.5,104.0,-116.0,49.5,-101.0,-111.0,0,outdoors,fieldturf,48.0,11.0,00-0036355,00-0036442,Justin Herbert,Joe Burrow,Brandon Staley,Zac Taylor,Shawn Hochuli,CIN00,Paul Brown Stadium,0,32.2,23.0,0.2,29.808464956713944,2.0,0.0,25.0,28.6,-0.6,25.39094075862905,-1.0,0.0,0,94.6779859554227,91.72949741805931,0.0,0.0,1.0,0.0
2021_13_MIN_DET,2021,REG,13,2021-12-05,Sunday,13:00,MIN,27.0,DET,29.0,Home,2.0,56.0,0.0,2021120503,58687.0,10160000-0586-878a-59ca-b7231b3aaa03,202112050det,19791.0,401326513,5778.0,7,10,-296.0,255.0,-7.0,-104.0,-107.0,47.5,-107.0,-104.0,1,dome,fieldturf,,,00-0029604,00-0033106,Kirk Cousins,Jared Goff,Mike Zimmer,Dan Campbell,Craig Wrolstad,DET00,Ford Field,1,13.0,23.4,0.0,11.381439987805939,-2.0,0.0,26.8,27.8,0.6,29.500610530696278,-1.0,0.0,3,83.60877684407097,104.69333172458172,2.0,0.0,2.0,0.0
2021_13_IND_HOU,2021,REG,13,2021-12-05,Sunday,13:00,IND,31.0,HOU,0.0,Home,-31.0,31.0,0.0,2021120504,58688.0,10160000-0586-88ff-f4fb-c89c4cfac9c2,202112050htx,19792.0,401326514,5775.0,7,7,-408.0,339.0,-10.0,-105.0,-106.0,45.5,-107.0,-104.0,1,closed,astroturf,,,00-0032950,00-0028118,Carson Wentz,Tyrod Taylor,Frank Reich,David Culley,Ron Torbert,HOU00,NRG Stadium,1,14.4,24.0,0.2,12.395733420115102,-1.0,0.0,34.2,26.8,1.2,34.06093945068665,-1.0,0.0,0,91.98690279358884,90.67245989304813,1.0,0.0,0.0,0.0
2021_13_NYG_MIA,2021,REG,13,2021-12-05,Sunday,13:00,NYG,9.0,MIA,20.0,Home,11.0,29.0,0.0,2021120506,58690.0,10160000-0586-9088-68b1-b1e733dc1db9,202112050mia,19794.0,401326516,5776.0,7,7,253.0,-293.0,6.5,108.0,-120.0,40.0,100.0,-111.0,0,outdoors,grass ,80.0,11.0,00-0030520,00-0036212,Mike Glennon,Tua Tagovailoa,Joe Judge,Brian Flores,Brad Allen,MIA00,Hard Rock Stadium,0,21.4,14.4,0.6,18.562922858523617,4.0,0.0,17.6,15.2,1.2,17.07667284451137,1.0,1.0,0,97.74082167832168,68.08333333333333,0.0,0.0,3.0,1.0
2021_13_PHI_NYJ,2021,REG,13,2021-12-05,Sunday,13:00,PHI,33.0,NYJ,18.0,Home,-15.0,51.0,0.0,2021120507,58691.0,10160000-0586-9135-3093-1de4bc7b6eee,202112050nyj,19795.0,401326517,5779.0,7,7,-199.0,177.0,-5.0,102.0,-113.0,44.0,-102.0,-109.0,0,outdoors,fieldturf,45.0,0.0,00-0035289,00-0037013,Gardner Minshew,Zach Wilson,Nick Sirianni,Robert Saleh,Clay Martin,NYC01,MetLife Stadium,0,23.8,31.8,-1.4,27.484109682681922,1.0,0.0,29.0,17.6,-0.2,27.993403678094687,-1.0,1.0,0,67.04907796451914,89.58333333333334,0.0,0.0,0.0,0.0
2021_13_JAX_LA,2021,REG,13,2021-12-05,Sunday,16:05,JAX,7.0,LA,37.0,Home,30.0,44.0,0.0,2021120509,58693.0,10160000-0586-937d-aa2f-a2eb076e696a,202112050ram,19798.0,401326519,5783.0,7,7,597.0,-796.0,14.0,-103.0,-108.0,48.0,-109.0,-102.0,0,dome,matrixturf,,,00-0036971,00-0026498,Trevor Lawrence,Matthew Stafford,Urban Meyer,Sean McVay,Clete Blakeman,LAX01,SoFi Stadium,1,24.0,27.2,-0.4,22.625490048958003,-3.0,0.0,11.4,22.2,-0.2,11.39383638261907,-3.0,0.0,0,96.01965883968052,69.38500203500203,0.0,0.0,1.0,0.0
2021_13_WAS_LV,2021,REG,13,2021-12-05,Sunday,16:05,WAS,17.0,LV,15.0,Home,-2.0,32.0,0.0,2021120508,58692.0,10160000-0586-92de-1c7f-34acca71c45a,202112050rai,19796.0,401326518,5782.0,6,10,116.0,-128.0,1.0,108.0,-121.0,47.5,-114.0,103.0,0,dome,grass,,,00-0031800,00-0031280,Taylor Heinicke,Derek Carr,Ron Rivera,Rich Bisaccia,Adrian Hill,VEG00,Allegiant Stadium,1,22.4,30.2,-1.0,21.11712404569413,1.0,0.0,18.6,19.2,-0.4,21.746000244259893,3.0,0.0,4,95.67565598021693,99.5897705897706,1.0,0.0,2.0,0.0
2021_13_BAL_PIT,2021,REG,13,2021-12-05,Sunday,16:25,BAL,19.0,PIT,20.0,Home,1.0,39.0,0.0,2021120510,58694.0,10160000-0586-94fe-773a-6cb74102e464,202112050pit,19797.0,401326520,5784.0,7,7,-195.0,174.0,-4.0,-104.0,-107.0,44.0,-109.0,-102.0,1,outdoors,grass ,50.0,7.0,00-0034796,00-0022924,Lamar Jackson,Ben Roethlisberger,John Harbaugh,Mike Tomlin,Scott Novak,PIT00,Heinz Field,0,21.4,27.0,0.0,18.64886231620197,-2.0,0.0,18.6,23.4,-1.0,19.131726990851597,2.0,0.0,0,94.65899942756111,72.76365745893904,1.0,0.0,0.0,0.0
2021_13_SF_SEA,2021,REG,13,2021-12-05,Sunday,16:25,SF,23.0,SEA,30.0,Home,7.0,53.0,0.0,2021120511,58695.0,10160000-0586-95ac-c594-656339eb7281,202112050sea,19799.0,401326521,5785.0,7,6,-138.0,125.0,-3.0,108.0,-120.0,44.5,-103.0,-108.0,1,outdoors,fieldturf,41.0,4.0,00-0031345,00-0029263,Jimmy Garoppolo,Russell Wilson,Kyle Shanahan,Pete Carroll,Alex Kemp,SEA00,Lumen Field,0,13.8,15.4,0.2,15.220282051000703,-3.0,0.0,29.0,19.8,0.2,30.840190492816184,3.0,0.0,-1,88.0298778185349,111.88740426240426,1.0,0.0,2.0,0.0
2021_13_DEN_KC,2021,REG,13,2021-12-05,Sunday,20:20,DEN,9.0,KC,22.0,Home,13.0,31.0,0.0,2021120505,58689.0,10160000-0586-899b-0cf3-ca1988cf1362,202112050kan,19793.0,401326515,5786.0,7,14,323.0,-387.0,8.5,-106.0,-105.0,46.5,-108.0,-103.0,1,outdoors,grass ,58.0,22.0,00-0031237,00-0033873,Teddy Bridgewater,Patrick Mahomes,Vic Fangio,Andy Reid,Carl Cheffers,KAN00,GEHA Field at Arrowhead Stadium,0,19.2,14.8,0.2,19.89382537882692,4.0,0.0,20.4,17.2,0.2,17.61432455416967,1.0,0.0,7,82.24099367224366,97.88634976134976,2.0,0.0,0.0,0.0
2021_13_NE_BUF,2021,REG,13,2021-12-06,Monday,20:15,NE,14.0,BUF,10.0,Home,-4.0,24.0,0.0,2021120600,58696.0,10160000-0586-96a2-267a-9b4b8c140b71,202112060buf,19800.0,401326522,5787.0,8,11,132.0,-146.0,3.0,-116.0,104.0,40.0,-102.0,-109.0,1,outdoors,a_turf,36.0,27.0,00-0036972,00-0034857,Mac Jones,Josh Allen,Bill Belichick,Sean McDermott,Bill Vinovich,BUF00,New Era Field,0,24.6,16.8,-0.4,19.593068057558515,1.0,0.0,31.4,10.0,2.0,28.59904517035157,6.0,0.0,3,95.17924687605539,103.57805172886694,0.0,0.0,0.0,0.0
2021_14_PIT_MIN,2021,REG,14,2021-12-09,Thursday,20:20,PIT,28.0,MIN,36.0,Home,8.0,64.0,0.0,2021120900,58697.0,10160000-0586-97dc-570a-46324316336a,202112090min,19801.0,401326523,5788.0,4,4,157.0,-175.0,3.5,-117.0,105.0,45.0,-104.0,-107.0,0,dome,sportturf,,,00-0022924,00-0029604,Ben Roethlisberger,Kirk Cousins,Mike Tomlin,Mike Zimmer,Clete Blakeman,MIN01,U.S. Bank Stadium,1,29.0,29.6,0.4,31.79833233336969,-2.0,0.0,22.4,28.8,0.0,19.34121911830395,1.0,0.0,0,110.37190315315316,98.07364996519553,2.0,0.0,1.0,0.0
2021_14_ATL_CAR,2021,REG,14,2021-12-12,Sunday,13:00,ATL,29.0,CAR,21.0,Home,-8.0,50.0,0.0,2021121200,58698.0,10160000-0586-98bb-eb7e-c578a377c768,202112120car,19802.0,401326524,5789.0,7,14,123.0,-136.0,2.5,-104.0,-107.0,41.0,105.0,-116.0,1,outdoors,grass ,48.0,9.0,00-0026143,00-0027939,Matt Ryan,Cam Newton,Arthur Smith,Matt Rhule,Shawn Smith,CAR00,Bank of America Stadium,0,18.0,21.4,-0.2,18.719155441057794,-2.0,0.0,13.6,27.4,-0.6,14.600466740718586,-1.0,0.0,7,80.98177542621987,76.64940025631783,2.0,0.0,0.0,0.0
2021_14_BAL_CLE,2021,REG,14,2021-12-12,Sunday,13:00,BAL,22.0,CLE,24.0,Home,2.0,46.0,0.0,2021121202,58700.0,10160000-0587-0078-cc49-8773a5a88048,202112120cle,19804.0,401326526,5793.0,7,14,135.0,-150.0,3.0,-104.0,-107.0,44.0,-103.0,-108.0,1,outdoors,grass ,46.0,14.0,00-0034796,00-0034855,Lamar Jackson,Baker Mayfield,John Harbaugh,Kevin Stefanski,Brad Rogers,CLE00,FirstEnergy Stadium,0,16.2,20.4,0.6,15.827078311496443,-1.0,0.0,19.0,19.2,-1.4,17.971852473980388,-1.0,0.0,7,81.53171107703923,75.19275322136812,1.0,0.0,1.0,0.0
2021_14_SEA_HOU,2021,REG,14,2021-12-12,Sunday,13:00,SEA,33.0,HOU,13.0,Home,-20.0,46.0,0.0,2021121203,58701.0,10160000-0587-01e7-d178-357e89693ee9,202112120htx,19805.0,401326527,5792.0,7,7,-401.0,334.0,-10.0,104.0,-116.0,40.5,105.0,-117.0,0,open,astroturf,,,00-0029263,00-0036898,Russell Wilson,Davis Mills,Pete Carroll,David Culley,Adrian Hill,HOU00,NRG Stadium,0,13.4,24.0,0.0,10.903323632742934,-2.0,1.0,17.8,17.4,0.0,19.329927884615387,1.0,0.0,0,88.47566003646847,84.71074346679185,0.0,0.0,3.0,0.0
2021_14_LV_KC,2021,REG,14,2021-12-12,Sunday,13:00,LV,9.0,KC,48.0,Home,39.0,57.0,0.0,2021121204,58702.0,10160000-0587-025a-fbcd-06de5701c296,202112120kan,19806.0,401326528,5791.0,7,7,365.0,-444.0,10.0,-108.0,-103.0,48.0,-103.0,-108.0,1,outdoors,grass ,47.0,19.0,00-0031280,00-0033873,Derek Carr,Patrick Mahomes,Rich Bisaccia,Andy Reid,Brad Allen,KAN00,GEHA Field at Arrowhead Stadium,0,23.0,11.2,0.6,25.566877985932933,5.0,0.0,18.8,29.2,-1.0,19.33744448537688,-1.0,0.0,0,81.22785738324531,91.11296248176492,0.0,0.0,2.0,0.0
2021_14_NO_NYJ,2021,REG,14,2021-12-12,Sunday,13:00,NO,30.0,NYJ,9.0,Home,-21.0,39.0,0.0,2021121205,58703.0,10160000-0587-03fd-c537-aa87a3759648,202112120nyj,19808.0,401326529,5794.0,10,7,-194.0,173.0,-4.5,103.0,-114.0,42.0,-112.0,100.0,0,outdoors,fieldturf,46.0,13.0,00-0033357,00-0037013,Taysom Hill,Zach Wilson,Sean Payton,Robert Saleh,Land Clark,NYC01,MetLife Stadium,0,20.6,32.2,-1.2,23.59575489436379,-1.0,0.0,19.6,29.6,-1.2,20.572514201578876,-5.0,1.0,-3,75.31348899208805,72.45257452574526,1.0,0.0,1.0,0.0
2021_14_JAX_TEN,2021,REG,14,2021-12-12,Sunday,13:00,JAX,0.0,TEN,20.0,Home,20.0,20.0,0.0,2021121206,58704.0,10160000-0587-0423-5d01-207449e4e1e7,202112120oti,19809.0,401326530,5790.0,7,14,321.0,-384.0,8.5,-108.0,-103.0,44.5,-108.0,-103.0,1,outdoors,grass ,45.0,0.0,00-0036971,00-0029701,Trevor Lawrence,Ryan Tannehill,Urban Meyer,Mike Vrabel,Bill Vinovich,NAS00,Nissan Stadium,0,22.2,25.2,-1.0,24.824194849260206,-2.0,0.0,11.4,23.4,-0.4,10.948159109149275,-4.0,0.0,7,81.8728724978725,69.983547008547,1.0,0.0,1.0,0.0
2021_14_DAL_WAS,2021,REG,14,2021-12-12,Sunday,13:00,DAL,27.0,WAS,20.0,Home,-7.0,47.0,0.0,2021121207,58705.0,10160000-0587-0554-e922-4af9a77787f3,202112120was,19810.0,401326531,5795.0,10,7,-284.0,246.0,-6.5,-115.0,103.0,48.0,-108.0,-103.0,1,outdoors,grass ,48.0,17.0,00-0033077,00-0031800,Dak Prescott,Taylor Heinicke,Mike McCarthy,Ron Rivera,Alex Kemp,WAS00,FedExField,0,20.0,17.4,-0.4,21.070691137011572,4.0,0.0,25.6,21.0,0.8,23.894512025257683,1.0,0.0,-3,102.63181263181264,88.97472204589609,1.0,0.0,0.0,0.0
2021_14_DET_DEN,2021,REG,14,2021-12-12,Sunday,16:05,DET,10.0,DEN,38.0,Home,28.0,48.0,0.0,2021121208,58706.0,10160000-0587-06c4-5440-b3716d42c517,202112120den,19811.0,401326532,5796.0,7,7,495.0,-635.0,13.0,-109.0,-102.0,42.0,-106.0,-105.0,0,outdoors,grass ,63.0,8.0,00-0033106,00-0031237,Jared Goff,Teddy Bridgewater,Dan Campbell,Vic Fangio,John Hussey,DEN00,Empower Field at Mile High,0,19.4,18.2,0.4,17.95913727205747,-1.0,0.0,15.0,23.2,0.2,12.623573527688004,1.0,0.0,0,92.05364774114773,89.49824645305276,0.0,0.0,2.0,0.0
2021_14_NYG_LAC,2021,REG,14,2021-12-12,Sunday,16:05,NYG,21.0,LAC,37.0,Home,16.0,58.0,0.0,2021121209,58707.0,10160000-0587-0725-4585-daff36162375,202112120sdg,19812.0,401326533,5797.0,7,7,329.0,-395.0,9.5,-118.0,106.0,44.0,-108.0,-103.0,0,dome,matrixturf,,,00-0030520,00-0036355,Mike Glennon,Justin Herbert,Joe Judge,Brandon Staley,Tony Corrente,LAX01,SoFi Stadium,1,28.4,27.6,-0.2,28.94823905812679,1.0,0.0,14.4,18.6,0.8,14.865815582441508,-1.0,1.0,0,102.06283075139262,60.98295454545453,1.0,0.0,2.0,0.0
2021_14_SF_CIN,2021,REG,14,2021-12-12,Sunday,16:25,SF,26.0,CIN,23.0,Home,-3.0,49.0,1.0,2021121201,58699.0,10160000-0586-99a8-dc3e-2a5706f728e6,202112120cin,19803.0,401326525,5799.0,7,7,-130.0,117.0,-2.5,-103.0,-108.0,49.0,-103.0,-108.0,0,outdoors,fieldturf,48.0,9.0,00-0031345,00-0036442,Jimmy Garoppolo,Joe Burrow,Kyle Shanahan,Zac Taylor,Craig Wrolstad,CIN00,Paul Brown Stadium,0,28.4,27.8,0.2,24.18902630196417,-1.0,0.0,27.0,21.4,0.0,30.677569631270764,-1.0,0.0,0,86.14728420103674,110.49057886557887,1.0,0.0,2.0,0.0
2021_14_BUF_TB,2021,REG,14,2021-12-12,Sunday,16:25,BUF,27.0,TB,33.0,Home,6.0,60.0,1.0,2021121210,58708.0,10160000-0587-0856-cc96-862ce802696a,202112120tam,19813.0,401326534,5798.0,6,7,161.0,-181.0,3.5,-106.0,-105.0,52.5,-101.0,-110.0,0,outdoors,grass ,82.0,4.0,00-0034857,00-0019596,Josh Allen,Tom Brady,Sean McDermott,Bruce Arians,Scott Novak,TAM00,Raymond James Stadium,0,28.8,24.6,-0.2,27.379128362274432,3.0,0.0,21.4,17.4,-1.2,20.04056845920211,-1.0,0.0,1,96.59695581131004,90.13956433637284,1.0,0.0,0.0,0.0
2021_14_CHI_GB,2021,REG,14,2021-12-12,Sunday,20:20,CHI,30.0,GB,45.0,Home,15.0,75.0,0.0,2021121211,58709.0,10160000-0587-09f4-d936-fc2a4d45ab47,202112120gnb,19814.0,401326535,5800.0,7,14,498.0,-639.0,11.5,-102.0,-109.0,43.0,103.0,-114.0,1,outdoors,grass ,36.0,8.0,00-0036945,00-0023459,Justin Fields,Aaron Rodgers,Matt Nagy,Matt LaFleur,Ron Torbert,GNB00,Lambeau Field,0,23.0,19.2,0.8,25.317688142015456,1.0,0.0,20.0,25.0,-1.6,19.848665113248156,-1.0,1.0,7,107.79448279448279,71.26573445179767,1.0,0.0,0.0,0.0
2021_14_LA_ARI,2021,REG,14,2021-12-13,Monday,20:15,LA,30.0,ARI,23.0,Home,-7.0,53.0,0.0,2021121300,58710.0,10160000-0587-10b2-38e4-b1ec1e97a30b,202112130crd,19815.0,401326536,5801.0,8,8,154.0,-172.0,3.0,104.0,-116.0,51.0,-106.0,-105.0,1,open,grass ,,,00-0026498,00-0035228,Matthew Stafford,Kyler Murray,Sean McVay,Kliff Kingsbury,Carl Cheffers,PHO00,State Farm Stadium,0,23.6,22.0,1.2,24.186553049613575,2.0,1.0,25.8,24.8,-0.4,25.16255385107993,1.0,0.0,0,111.66675394497977,96.10684326415632,0.0,0.0,1.0,0.0
2021_15_KC_LAC,2021,REG,15,2021-12-16,Thursday,20:20,KC,34.0,LAC,28.0,Home,-6.0,62.0,1.0,2021121600,58711.0,10160000-0587-11c2-fbbc-7aa0e59620fe,202112160sdg,19816.0,401326537,5802.0,4,4,-173.0,155.0,-3.0,-117.0,105.0,54.0,-113.0,101.0,1,dome,matrixturf,,,00-0033873,00-0036355,Patrick Mahomes,Justin Herbert,Andy Reid,Brandon Staley,Shawn Smith,LAX01,SoFi Stadium,1,30.4,27.0,0.2,33.01291054451166,2.0,0.0,28.6,9.6,1.8,30.41480855498423,6.0,0.0,0,104.0400520303966,94.1618851610231,0.0,0.0,2.0,0.0
2021_15_NE_IND,2021,REG,15,2021-12-18,Saturday,20:20,NE,17.0,IND,27.0,Home,10.0,44.0,0.0,2021121801,58714.0,10160000-0587-14f6-8f93-a186b3b82912,202112180clt,19819.0,401326540,5803.0,13,14,-102.0,-109.0,-1.0,-101.0,-110.0,46.0,103.0,-115.0,0,closed,fieldturf,,,00-0036972,00-0032950,Mac Jones,Carson Wentz,Bill Belichick,Frank Reich,,IND00,Lucas Oil Stadium,1,34.2,20.0,1.4,32.677754092283124,1.0,0.0,28.8,7.2,2.2,28.531933767001775,7.0,0.0,1,98.55718954248366,106.22884537966058,0.0,0.0,0.0,0.0
2021_15_CAR_BUF,2021,REG,15,2021-12-19,Sunday,13:00,CAR,14.0,BUF,31.0,Home,17.0,45.0,0.0,2021121901,58712.0,10160000-0587-12cf-fe8a-74d9a688ac20,202112190buf,19817.0,401326538,5808.0,7,7,562.0,-739.0,14.0,102.0,-114.0,43.0,-107.0,-104.0,0,outdoors,a_turf,30.0,8.0,00-0027939,00-0034857,Cam Newton,Josh Allen,Matt Rhule,Sean McDermott,Clete Blakeman,BUF00,New Era Field,0,25.6,22.2,-1.0,24.79619172432401,-2.0,0.0,18.4,24.6,-0.8,19.385035846050638,-3.0,0.0,0,94.80202821869489,78.37673012038954,1.0,0.0,0.0,0.0
2021_15_ARI_DET,2021,REG,15,2021-12-19,Sunday,13:00,ARI,12.0,DET,30.0,Home,18.0,42.0,0.0,2021121903,58718.0,10160000-0587-18d5-2c6a-d6bf3644f334,202112190det,19823.0,401326544,5806.0,6,7,-634.0,495.0,-13.0,-102.0,-109.0,48.0,-107.0,-104.0,0,dome,fieldturf,,,00-0035228,00-0033106,Kyler Murray,Jared Goff,Kliff Kingsbury,Dan Campbell,Land Clark,DET00,Ford Field,1,15.8,22.0,0.0,14.870289091760299,-1.0,0.0,24.0,23.2,1.0,23.206624211174386,-1.0,0.0,1,90.31021226501858,105.26012677798391,1.0,0.0,1.0,0.0
2021_15_HOU_JAX,2021,REG,15,2021-12-19,Sunday,13:00,HOU,30.0,JAX,16.0,Home,-14.0,46.0,0.0,2021121905,58719.0,10160000-0587-193d-1559-ec51c1fddbdc,202112190jax,19824.0,401326545,5804.0,7,7,224.0,-257.0,6.0,-111.0,-101.0,40.0,-105.0,-106.0,1,outdoors,grass,80.0,12.0,00-0036898,00-0036971,Davis Mills,Trevor Lawrence,David Culley,Darrell Bevell,Alex Kemp,JAX00,TIAA Bank Stadium,0,9.6,26.2,-1.6,8.632272954984613,-5.0,0.0,11.6,23.0,0.2,9.733219109471259,-3.0,1.0,0,63.27361111111111,78.75891126799556,0.0,0.0,1.0,0.0
2021_15_NYJ_MIA,2021,REG,15,2021-12-19,Sunday,13:00,NYJ,24.0,MIA,31.0,Home,7.0,55.0,0.0,2021121906,58715.0,10160000-0587-1571-d915-996f513972ab,202112190mia,19820.0,401326541,5807.0,7,14,366.0,-445.0,10.5,-114.0,102.0,42.0,-104.0,-107.0,1,outdoors,grass,82.0,9.0,00-0037013,00-0036212,Zach Wilson,Tua Tagovailoa,Robert Saleh,Brian Flores,Ron Torbert,MIA00,Hard Rock Stadium,0,23.2,11.0,1.2,20.093424725994346,5.0,0.0,16.4,29.2,-0.8,17.213736372749675,-2.0,0.0,7,96.66815907669566,67.8169903926483,0.0,0.0,1.0,0.0
2021_15_DAL_NYG,2021,REG,15,2021-12-19,Sunday,13:00,DAL,21.0,NYG,6.0,Home,-15.0,27.0,0.0,2021121907,58720.0,10160000-0587-20a8-931d-f73db781f096,202112190nyg,19825.0,401326546,5805.0,7,7,-534.0,428.0,-11.5,-120.0,108.0,43.0,104.0,-116.0,1,outdoors,fieldturf,37.0,8.0,00-0033077,00-0030520,Dak Prescott,Mike Glennon,Mike McCarthy,Joe Judge,Jerome Boger,NYC01,MetLife Stadium,0,15.2,22.0,0.2,15.69169422591048,-2.0,0.0,27.8,19.0,1.2,27.01980675511033,2.0,0.0,0,64.1506734006734,85.96190153307558,1.0,0.0,1.0,0.0
2021_15_TEN_PIT,2021,REG,15,2021-12-19,Sunday,13:00,TEN,13.0,PIT,19.0,Home,6.0,32.0,0.0,2021121909,58721.0,10160000-0587-218b-9192-9d586690459b,202112190pit,19826.0,401326547,5809.0,7,10,109.0,-121.0,1.0,102.0,-114.0,44.0,-105.0,-106.0,0,outdoors,grass,32.0,11.0,00-0029701,00-0022924,Ryan Tannehill,Ben Roethlisberger,Mike Vrabel,Mike Tomlin,Brad Rogers,PIT00,Heinz Field,0,22.2,30.6,-0.4,18.327804676719893,-1.0,0.0,19.4,19.0,-0.2,20.748245712036088,1.0,0.0,3,99.80894408284259,78.44178745388422,0.0,0.0,2.0,0.0
2021_15_CIN_DEN,2021,REG,15,2021-12-19,Sunday,16:05,CIN,15.0,DEN,10.0,Home,-5.0,25.0,0.0,2021121910,58722.0,10160000-0587-22b9-52df-39d3a2de252c,202112190den,19827.0,401326548,5811.0,7,7,140.0,-155.0,3.0,-110.0,-101.0,45.0,-123.0,110.0,0,outdoors,grass,61.0,19.0,00-0036442,00-0031237,Joe Burrow,Teddy Bridgewater,Zac Taylor,Vic Fangio,Adrian Hill,DEN00,Empower Field at Mile High,0,23.6,18.2,0.6,23.587240230685094,1.0,0.0,26.8,26.2,0.2,24.647904238187607,-2.0,0.0,0,93.78313492063492,90.7796371422132,2.0,0.0,2.0,0.0
2021_15_ATL_SF,2021,REG,15,2021-12-19,Sunday,16:05,ATL,13.0,SF,31.0,Home,18.0,44.0,0.0,2021121911,58723.0,10160000-0587-2335-f722-abf160161b04,202112190sfo,19828.0,401326549,5810.0,7,7,319.0,-380.0,9.5,-114.0,102.0,48.0,-106.0,-105.0,0,outdoors,grass,46.0,0.0,00-0026143,00-0031345,Matt Ryan,Jimmy Garoppolo,Arthur Smith,Kyle Shanahan,Clay Martin,SFO01,Levi's Stadium,0,28.8,19.8,0.2,28.88668249945117,1.0,0.0,14.0,26.6,-0.4,14.804725308252323,1.0,0.0,0,111.02614797126994,69.24463835155593,2.0,0.0,1.0,0.0
2021_15_GB_BAL,2021,REG,15,2021-12-19,Sunday,16:25,GB,31.0,BAL,30.0,Home,-1.0,61.0,0.0,2021121900,58717.0,10160000-0587-174d-80b5-0945b422cb03,202112190rav,19822.0,401326543,5812.0,7,7,-354.0,299.0,-9.5,104.0,-116.0,45.5,-109.0,-102.0,0,outdoors,grass,43.0,11.0,00-0023459,00-0035993,Aaron Rodgers,Tyler Huntley,Matt LaFleur,John Harbaugh,Brad Allen,BAL00,M&T Bank Stadium,0,16.6,17.8,-1.2,15.545487683306318,-2.0,1.0,27.2,21.0,1.2,26.946826335501672,2.0,0.0,0,76.81585592769802,110.50329875329876,2.0,0.0,1.0,0.0
2021_15_NO_TB,2021,REG,15,2021-12-19,Sunday,20:20,NO,9.0,TB,0.0,Home,-9.0,9.0,0.0,2021121913,58725.0,10160000-0587-255d-2fb8-e234693f4405,202112190tam,19830.0,401326551,5813.0,7,7,417.0,-518.0,11.5,-101.0,-110.0,45.5,-101.0,-110.0,1,outdoors,grass,75.0,0.0,00-0033357,00-0019596,Taysom Hill,Tom Brady,Sean Payton,Bruce Arians,John Hussey,TAM00,Raymond James Stadium,0,30.0,22.8,0.6,29.0580371769422,4.0,0.0,20.6,26.0,-1.0,19.91901911459135,1.0,0.0,0,95.32431088377379,75.88511420828495,2.0,0.0,2.0,0.0
2021_15_LV_CLE,2021,REG,15,2021-12-20,Monday,17:00,LV,16.0,CLE,14.0,Home,-2.0,30.0,0.0,2021122001,58713.0,10160000-0587-1384-eb63-fc7e2605fa4c,202112200cle,19818.0,401326539,5814.0,7,7,-147.0,131.0,-3.0,-102.0,-109.0,41.0,-100.0,-111.0,0,outdoors,grass,40.0,8.0,00-0031280,00-0033319,Derek Carr,Nick Mullens,Rich Bisaccia,Kevin Stefanski,Craig Wrolstad,CLE00,FirstEnergy Stadium,0,19.0,21.8,1.0,19.22794968990375,1.0,1.0,17.4,34.2,-1.6,20.51291167225727,-2.0,0.0,0,,93.7772136894944,1.0,0.0,3.0,0.0
2021_15_MIN_CHI,2021,REG,15,2021-12-20,Monday,20:15,MIN,17.0,CHI,9.0,Home,-8.0,26.0,0.0,2021122000,58726.0,10160000-0587-26f2-fd0e-c5f4188c2118,202112200chi,19831.0,401326552,5815.0,11,8,-320.0,274.0,-7.0,-114.0,102.0,48.0,-114.0,103.0,1,outdoors,grass,37.0,8.0,00-0029604,00-0036945,Kirk Cousins,Justin Fields,Mike Zimmer,Matt Nagy,Scott Novak,CHI98,Soldier Field,0,21.6,27.4,-2.0,22.217489408730888,-2.0,1.0,30.0,28.4,-0.2,30.09029427026164,1.0,0.0,-3,70.37347855954178,102.18353909785363,2.0,0.0,0.0,0.0
2021_15_SEA_LA,2021,REG,15,2021-12-21,Tuesday,19:00,SEA,10.0,LA,20.0,Home,10.0,30.0,0.0,2021122101,58724.0,10160000-0587-241f-f744-2c761a754b8f,202112210ram,19829.0,401326550,5817.0,7,6,298.0,-352.0,7.5,-120.0,108.0,47.0,-101.0,-110.0,1,dome,matrixturf,,,00-0029263,00-0026498,Russell Wilson,Matthew Stafford,Pete Carroll,Sean McVay,Shawn Hochuli,LAX01,SoFi Stadium,1,24.2,25.0,-0.2,25.40075733052086,2.0,0.0,18.2,18.6,-0.2,20.3513669484926,2.0,0.0,-1,98.39330159748965,88.99645775250613,0.0,0.0,0.0,0.0
2021_15_WAS_PHI,2021,REG,15,2021-12-21,Tuesday,19:00,WAS,17.0,PHI,27.0,Home,10.0,44.0,0.0,2021122100,58716.0,10160000-0587-1616-bba3-a032cdcaf364,202112210phi,19821.0,401326542,5816.0,7,14,380.0,-465.0,10.0,-101.0,-110.0,39.5,-110.0,-101.0,1,outdoors,grass,42.0,7.0,00-0031395,00-0036389,Garrett Gilbert,Jalen Hurts,Ron Rivera,Nick Sirianni,Tony Corrente,PHI00,Lincoln Financial Field,0,26.8,20.0,-0.2,24.409376132656764,1.0,0.0,22.0,19.4,-0.6,23.006073137744483,-1.0,1.0,7,79.00292299014043,,0.0,0.0,0.0,0.0
2021_16_SF_TEN,2021,REG,16,2021-12-23,Thursday,20:20,SF,17.0,TEN,20.0,Home,3.0,37.0,0.0,2021122300,58727.0,10160000-0587-2774-292b-4559b3fea716,202112230oti,19832.0,401326553,5818.0,4,4,-171.0,154.0,-3.5,108.0,-120.0,45.5,-116.0,104.0,0,outdoors,grass,48.0,7.0,00-0031345,00-0029701,Jimmy Garoppolo,Ryan Tannehill,Kyle Shanahan,Mike Vrabel,Shawn Hochuli,NAS00,Nissan Stadium,0,16.4,19.6,-1.2,16.10606985832926,-1.0,0.0,28.8,20.4,-0.2,27.150588058749598,2.0,0.0,0,76.27647109585953,107.4391914495308,3.0,0.0,2.0,0.0
2021_16_CLE_GB,2021,REG,16,2021-12-25,Saturday,16:30,CLE,22.0,GB,24.0,Home,2.0,46.0,0.0,2021122500,58728.0,10160000-0587-289c-61f0-d290472603ee,202112250gnb,19834.0,401326554,5819.0,6,6,343.0,-430.0,7.5,101.0,-112.0,46.5,-100.0,-111.0,0,outdoors,grass,35.0,11.0,00-0034855,00-0023459,Baker Mayfield,Aaron Rodgers,Kevin Stefanski,Matt LaFleur,Alex Kemp,GNB00,Lambeau Field,0,32.0,24.4,1.2,33.83937213314817,3.0,0.0,13.6,21.8,0.8,12.366900975230235,-1.0,0.0,0,118.8671464719852,82.69938580822202,1.0,0.0,1.0,0.0
2021_16_IND_ARI,2021,REG,16,2021-12-25,Saturday,20:15,IND,22.0,ARI,16.0,Home,-6.0,38.0,0.0,2021122501,58729.0,10160000-0587-2990-14c0-9bd05c656e78,202112250crd,19833.0,401326555,5820.0,6,6,143.0,-161.0,3.0,102.0,-114.0,48.0,-106.0,-105.0,0,closed,grass,,,00-0032950,00-0035228,Carson Wentz,Kyler Murray,Frank Reich,Kliff Kingsbury,Craig Wrolstad,PHO00,State Farm Stadium,1,20.2,25.8,0.4,20.117864821750587,-2.0,0.0,30.6,17.4,1.2,37.16054276911924,2.0,0.0,0,94.0379045557617,81.62663398692811,0.0,0.0,2.0,0.0
2021_16_DET_ATL,2021,REG,16,2021-12-26,Sunday,13:00,DET,16.0,ATL,20.0,Home,4.0,36.0,0.0,2021122600,58730.0,10160000-0587-3016-3336-a303205432c6,202112260atl,19835.0,401326556,5821.0,7,7,309.0,-373.0,7.5,-106.0,-105.0,42.5,102.0,-113.0,0,open,fieldturf,,,00-0034177,00-0026143,Tim Boyle,Matt Ryan,Dan Campbell,Arthur Smith,Ron Torbert,ATL97,Mercedes-Benz Stadium,0,16.0,24.2,0.0,17.71590658735404,-1.0,0.0,18.6,21.2,-0.6,17.134287305020436,1.0,1.0,0,83.5005907325083,34.14855072463769,1.0,0.0,1.0,0.0
2021_16_TB_CAR,2021,REG,16,2021-12-26,Sunday,13:00,TB,32.0,CAR,6.0,Home,-26.0,38.0,0.0,2021122601,58731.0,10160000-0587-3139-5262-d8b905c1d289,202112260car,19836.0,401326557,5825.0,7,7,-503.0,399.0,-11.5,105.0,-117.0,44.5,-113.0,101.0,1,outdoors,grass,73.0,8.0,00-0019596,00-0034869,Tom Brady,Sam Darnold,Bruce Arians,Matt Rhule,Brad Allen,CAR00,Bank of America Stadium,0,20.0,26.0,-0.6,21.149607583217605,-4.0,1.0,26.2,18.8,0.4,25.5968797383461,-1.0,0.0,0,50.70780239774142,90.64498081841433,0.0,0.0,3.0,0.0
2021_16_BAL_CIN,2021,REG,16,2021-12-26,Sunday,13:00,BAL,21.0,CIN,41.0,Home,20.0,62.0,0.0,2021122602,58732.0,10160000-0587-3236-d7ea-a94758e72b03,202112260cin,19841.0,401326558,5823.0,7,7,306.0,-369.0,7.5,-102.0,-109.0,43.0,102.0,-114.0,1,outdoors,fieldturf,52.0,0.0,00-0026300,00-0036442,Josh Johnson,Joe Burrow,John Harbaugh,Zac Taylor,Clete Blakeman,CIN00,Paul Brown Stadium,0,26.6,20.0,1.0,25.67670820128685,1.0,0.0,20.6,19.6,-0.8,20.230795065950172,-3.0,1.0,0,97.7455462331223,82.4314024390244,1.0,0.0,1.0,0.0
2021_16_LAC_HOU,2021,REG,16,2021-12-26,Sunday,13:00,LAC,29.0,HOU,41.0,Home,12.0,70.0,0.0,2021122603,58733.0,10160000-0587-332c-f715-67810371c927,202112260htx,19847.0,401326559,5822.0,10,7,-661.0,500.0,-13.5,102.0,-114.0,46.0,-108.0,-103.0,0,closed,astroturf,,,00-0036355,00-0036898,Justin Herbert,Davis Mills,Brandon Staley,David Culley,Clay Martin,HOU00,NRG Stadium,1,15.8,22.8,0.2,13.663359042965054,1.0,0.0,32.0,28.4,0.2,39.71477960242005,-1.0,0.0,-3,84.71304563492063,106.08726565268762,0.0,0.0,0.0,0.0
2021_16_LA_MIN,2021,REG,16,2021-12-26,Sunday,13:00,LA,30.0,MIN,23.0,Home,-7.0,53.0,0.0,2021122604,58734.0,10160000-0587-34a1-8fa7-a103b1a83e13,202112260min,19837.0,401326560,5824.0,7,6,-177.0,158.0,-3.5,-103.0,-108.0,48.5,-100.0,-111.0,0,dome,sportturf,,,00-0026498,00-0029604,Matthew Stafford,Kirk Cousins,Sean McVay,Mike Zimmer,John Hussey,MIN01,U.S. Bank Stadium,1,28.0,26.2,-0.2,28.28523547265381,2.0,0.0,25.0,21.4,0.0,27.14877511884183,3.0,0.0,-1,94.13455261136713,105.41317707641686,0.0,0.0,0.0,0.0
2021_16_BUF_NE,2021,REG,16,2021-12-26,Sunday,13:00,BUF,33.0,NE,21.0,Home,-12.0,54.0,0.0,2021122605,58735.0,10160000-0587-354f-9f82-4a4ddbdfcbeb,202112260nwe,19838.0,401326561,5827.0,7,7,102.0,-114.0,1.0,-106.0,-105.0,43.5,-105.0,-106.0,1,outdoors,fieldturf,38.0,13.0,00-0034857,00-0036972,Josh Allen,Mac Jones,Sean McDermott,Bill Belichick,Shawn Smith,BOS00,Gillette Stadium,0,27.4,11.4,1.8,28.600055297098585,-1.0,0.0,22.8,21.6,-1.6,24.52387640449438,1.0,0.0,0,104.03440093521615,87.99180412905903,1.0,0.0,0.0,0.0
2021_16_JAX_NYJ,2021,REG,16,2021-12-26,Sunday,13:00,JAX,21.0,NYJ,26.0,Home,5.0,47.0,0.0,2021122606,58736.0,10160000-0587-36a1-4564-d94bf99b31c3,202112260nyj,19839.0,401326562,5826.0,7,7,114.0,-125.0,2.5,-111.0,100.0,42.5,106.0,-118.0,0,outdoors,fieldturf,47.0,0.0,00-0036971,00-0037013,Trevor Lawrence,Zach Wilson,Darrell Bevell,Robert Saleh,Tony Corrente,NYC01,MetLife Stadium,0,17.8,26.4,0.2,19.367172447013488,-3.0,0.0,9.4,27.6,-1.2,8.465914690966436,-6.0,0.0,0,71.10503387090917,66.05180659983291,2.0,0.0,0.0,0.0
2021_16_NYG_PHI,2021,REG,16,2021-12-26,Sunday,13:00,NYG,10.0,PHI,34.0,Home,24.0,44.0,0.0,2021122607,58737.0,10160000-0587-3776-9931-235b69c230b5,202112260phi,19840.0,401326563,5828.0,7,7,416.0,-529.0,11.0,-108.0,-103.0,41.0,-105.0,-106.0,1,outdoors,grass,53.0,9.0,00-0036197,00-0036389,Jake Fromm,Jalen Hurts,Joe Judge,Nick Sirianni,Land Clark,PHI00,Lincoln Financial Field,0,27.4,18.0,-0.6,26.86220471480961,2.0,0.0,11.8,23.0,-0.8,12.814221856093344,-3.0,1.0,0,83.82435156156899,72.22222222222221,0.0,0.0,0.0,0.0
2021_16_CHI_SEA,2021,REG,16,2021-12-26,Sunday,16:05,CHI,25.0,SEA,24.0,Home,-1.0,49.0,0.0,2021122608,58738.0,10160000-0587-3855-eb7a-c8aff1c1fafc,202112260sea,19842.0,401326564,5830.0,6,7,268.0,-313.0,7.0,-103.0,-108.0,41.0,-109.0,-102.0,0,outdoors,fieldturf,25.0,11.0,00-0029567,00-0029263,Nick Foles,Russell Wilson,Matt Nagy,Pete Carroll,Carl Cheffers,SEA00,Lumen Field,0,20.2,19.2,0.0,20.739689734422875,-1.0,0.0,18.0,25.0,-1.4,17.198817943306906,-3.0,1.0,1,92.12078570949538,,0.0,0.0,1.0,0.0
2021_16_PIT_KC,2021,REG,16,2021-12-26,Sunday,16:25,PIT,10.0,KC,36.0,Home,26.0,46.0,0.0,2021122609,58739.0,10160000-0587-39ef-1034-e9bf0b7b5cc3,202112260kan,19843.0,401326565,5831.0,7,10,328.0,-400.0,10.5,-114.0,102.0,44.0,-103.0,-109.0,0,outdoors,grass,60.0,22.0,00-0022924,00-0033873,Ben Roethlisberger,Patrick Mahomes,Mike Tomlin,Andy Reid,Jerome Boger,KAN00,GEHA Field at Arrowhead Stadium,0,32.8,13.8,1.8,31.824708482953003,7.0,0.0,22.8,30.0,1.0,20.436563670411985,1.0,0.0,3,100.35701646253736,93.60338852728702,0.0,0.0,2.0,0.0
2021_16_DEN_LV,2021,REG,16,2021-12-26,Sunday,16:25,DEN,13.0,LV,17.0,Home,4.0,30.0,0.0,2021122610,58740.0,10160000-0587-40a3-9c4e-af8785c190a6,202112260rai,19844.0,401326566,5829.0,7,7,-109.0,-102.0,-1.0,-101.0,-110.0,42.0,-113.0,101.0,1,dome,grass,,,00-0035704,00-0031280,Drew Lock,Derek Carr,Vic Fangio,Rich Bisaccia,Scott Novak,VEG00,Allegiant Stadium,1,17.8,28.8,-1.4,20.68222736625514,1.0,0.0,19.6,18.0,0.4,19.01720384956948,-1.0,1.0,0,89.93134902784026,59.98677248677249,2.0,0.0,2.0,1.0
2021_16_WAS_DAL,2021,REG,16,2021-12-26,Sunday,20:20,WAS,14.0,DAL,56.0,Home,42.0,70.0,0.0,2021122611,58741.0,10160000-0587-419a-b804-ed63adab7a45,202112260dal,19845.0,401326567,5832.0,7,7,367.0,-457.0,10.5,-113.0,101.0,45.5,101.0,-112.0,1,closed,matrixturf,,,00-0031800,00-0033077,Taylor Heinicke,Dak Prescott,Ron Rivera,Mike McCarthy,Bill Vinovich,DAL00,AT&T Stadium,1,23.4,19.6,1.4,23.38734836432335,3.0,0.0,19.6,21.0,-0.4,20.30828007421915,-2.0,0.0,0,80.10241301229674,99.9036075036075,1.0,0.0,2.0,0.0
2021_16_MIA_NO,2021,REG,16,2021-12-27,Monday,20:15,MIA,20.0,NO,3.0,Home,-17.0,23.0,0.0,2021122700,58742.0,10160000-0587-42c2-1ec8-b805a8efab02,202112270nor,19846.0,401326568,5833.0,8,8,-160.0,143.0,-3.0,-110.0,-101.0,37.5,-105.0,-106.0,0,dome,sportturf,,,00-0036212,00-0036929,Tua Tagovailoa,Ian Book,Brian Flores,Sean Payton,Adrian Hill,NOR00,Mercedes-Benz Superdome,1,18.2,21.4,-0.4,17.186355031753788,2.0,1.0,26.0,14.0,0.6,23.19440376661874,6.0,0.0,0,,100.14156838343831,0.0,0.0,0.0,0.0
2021_17_LA_BAL,2021,REG,17,2022-01-02,Sunday,13:00,LA,20.0,BAL,19.0,Home,-1.0,39.0,0.0,2022010212,58755.0,10160000-0587-5542-bd3e-798addfa45ee,202201020rav,19860.0,401326581,5841.0,7,7,-313.0,264.0,-7.0,-110.0,-101.0,47.0,-108.0,-103.0,0,outdoors,grass,59.0,6.0,00-0026498,00-0035993,Matthew Stafford,Tyler Huntley,Sean McVay,John Harbaugh,Bill Vinovich,BAL00,M&T Bank Stadium,0,21.6,25.2,-1.0,22.5044311538621,-4.0,1.0,29.0,19.8,0.0,31.311933368423308,4.0,0.0,0,82.48168361244018,101.2855128268014,2.0,0.0,0.0,0.0
2021_17_ATL_BUF,2021,REG,17,2022-01-02,Sunday,13:00,ATL,15.0,BUF,29.0,Home,14.0,44.0,0.0,2022010200,58743.0,10160000-0587-43c0-4814-9a7376e0395c,202201020buf,19848.0,401326569,5839.0,7,7,625.0,-871.0,14.0,-101.0,-111.0,46.5,-103.0,-108.0,0,outdoors,a_turf,26.0,11.0,00-0026143,00-0034857,Matt Ryan,Josh Allen,Arthur Smith,Sean McDermott,Land Clark,BUF00,New Era Field,0,26.4,17.6,-0.4,31.058198735955056,2.0,0.0,20.0,22.4,0.6,21.269096891597368,1.0,0.0,0,94.42898751305093,96.33293200234958,0.0,0.0,1.0,0.0
2021_17_NYG_CHI,2021,REG,17,2022-01-02,Sunday,13:00,NYG,3.0,CHI,29.0,Home,26.0,32.0,0.0,2022010201,58744.0,10160000-0587-44c3-c52a-63c2e8163c2a,202201020chi,19849.0,401326570,5837.0,7,7,245.0,-287.0,7.0,-115.0,104.0,36.5,-102.0,-109.0,0,outdoors,grass,25.0,13.0,00-0030520,00-0027973,Mike Glennon,Andy Dalton,Joe Judge,Matt Nagy,Shawn Hochuli,CHI98,Soldier Field,0,20.4,26.6,-1.4,20.497808289015957,1.0,1.0,11.8,23.8,-0.8,13.247306889003061,-4.0,0.0,0,93.0985954660398,56.61926206509539,0.0,0.0,1.0,0.0
2021_17_KC_CIN,2021,REG,17,2022-01-02,Sunday,13:00,KC,31.0,CIN,34.0,Home,3.0,65.0,0.0,2022010202,58745.0,10160000-0587-457b-7c9f-069040b3fb24,202201020cin,19856.0,401326571,5838.0,7,7,-178.0,157.0,-3.5,-103.0,-108.0,51.0,-102.0,-110.0,0,outdoors,fieldturf,33.0,13.0,00-0033873,00-0036442,Patrick Mahomes,Joe Burrow,Andy Reid,Zac Taylor,John Hussey,CIN00,Paul Brown Stadium,0,28.4,21.6,1.0,29.000586687526656,2.0,0.0,31.8,13.0,1.8,29.19883872293779,8.0,0.0,0,107.92420690278746,101.86812757364848,0.0,0.0,0.0,0.0
2021_17_LV_IND,2021,REG,17,2022-01-02,Sunday,13:00,LV,23.0,IND,20.0,Home,-3.0,43.0,0.0,2022010204,58747.0,10160000-0587-47e9-454a-edda99cd8a5d,202201020clt,19851.0,401326573,5835.0,7,8,325.0,-397.0,8.5,100.0,-112.0,46.5,101.0,-113.0,0,closed,fieldturf,,,00-0031280,00-0032950,Derek Carr,Carson Wentz,Rich Bisaccia,Frank Reich,Brad Rogers,IND00,Lucas Oil Stadium,1,30.4,17.2,1.0,36.064524124256444,3.0,0.0,18.6,25.0,-1.8,23.444906513342698,2.0,0.0,1,88.60317460317461,91.13443544759335,1.0,0.0,0.0,0.0
2021_17_JAX_NE,2021,REG,17,2022-01-02,Sunday,13:00,JAX,10.0,NE,50.0,Home,40.0,60.0,0.0,2022010205,58748.0,10160000-0587-481f-b435-c96b2a9ccfd9,202201020nwe,19857.0,401326574,5834.0,7,7,727.0,-1056.0,17.5,-109.0,-102.0,42.0,-108.0,-103.0,0,outdoors,fieldturf,46.0,4.0,00-0036971,00-0036972,Trevor Lawrence,Mac Jones,Darrell Bevell,Bill Belichick,Adrian Hill,BOS00,Gillette Stadium,0,22.6,16.6,1.2,24.542492707433013,-2.0,0.0,11.6,26.8,-1.4,10.093153252194385,-7.0,0.0,0,81.88652955840456,67.21249036051668,1.0,0.0,0.0,0.0
2021_17_TB_NYJ,2021,REG,17,2022-01-02,Sunday,13:00,TB,28.0,NYJ,24.0,Home,-4.0,52.0,0.0,2022010207,58750.0,10160000-0587-50d6-8d09-d134bbe3f510,202201020nyj,19853.0,401326576,5840.0,7,7,-868.0,623.0,-14.5,-101.0,-110.0,48.0,-104.0,-107.0,0,outdoors,fieldturf,57.0,9.0,00-0019596,00-0037013,Tom Brady,Zach Wilson,Bruce Arians,Robert Saleh,Alex Kemp,NYC01,MetLife Stadium,0,19.6,25.8,0.4,19.799664830857665,1.0,0.0,26.6,18.0,0.2,25.589223675899163,1.0,0.0,0,74.35503387090915,91.79353154305201,1.0,0.0,2.0,0.0
2021_17_MIA_TEN,2021,REG,17,2022-01-02,Sunday,13:00,MIA,3.0,TEN,34.0,Home,31.0,37.0,0.0,2022010208,58751.0,10160000-0587-517a-7166-162117cc8804,202201020oti,19854.0,401326577,5842.0,6,10,151.0,-170.0,3.0,106.0,-118.0,41.0,-104.0,-107.0,0,outdoors,grass,43.0,13.0,00-0036212,00-0029701,Tua Tagovailoa,Ryan Tannehill,Brian Flores,Mike Vrabel,Shawn Smith,NAS00,Nissan Stadium,0,15.8,18.8,-1.0,15.81945648059606,1.0,0.0,25.6,12.6,0.4,22.946317103620473,7.0,0.0,4,76.4531420196569,97.6415683834383,0.0,0.0,0.0,0.0
2021_17_PHI_WAS,2021,REG,17,2022-01-02,Sunday,13:00,PHI,20.0,WAS,16.0,Home,-4.0,36.0,0.0,2022010209,58752.0,10160000-0587-5263-2a5a-cea2c80c7757,202201020was,19855.0,401326578,5836.0,7,7,-238.0,206.0,-6.5,103.0,-115.0,44.5,102.0,-113.0,1,outdoors,grass,62.0,4.0,00-0036389,00-0031800,Jalen Hurts,Taylor Heinicke,Nick Sirianni,Ron Rivera,Clete Blakeman,WAS00,FedExField,0,17.0,28.0,-0.6,17.87673534827276,-3.0,0.0,28.2,17.4,-0.2,27.128425100013395,3.0,0.0,0,83.57784992784993,81.26349963459131,1.0,0.0,0.0,0.0
2021_17_DEN_LAC,2021,REG,17,2022-01-02,Sunday,16:05,DEN,13.0,LAC,34.0,Home,21.0,47.0,0.0,2022010210,58753.0,10160000-0587-53e3-a757-91ac16adad8c,202201020sdg,19858.0,401326579,5843.0,7,7,285.0,-340.0,8.0,-117.0,105.0,45.5,-108.0,-103.0,1,dome,matrixturf,,,00-0035704,00-0036355,Drew Lock,Justin Herbert,Vic Fangio,Brandon Staley,Craig Wrolstad,LAX01,SoFi Stadium,1,29.6,29.2,-0.2,35.04184038819401,-2.0,0.0,19.6,15.4,1.0,18.026079218973027,-2.0,1.0,0,101.28238760390711,66.95977633477634,1.0,0.0,1.0,1.0
2021_17_HOU_SF,2021,REG,17,2022-01-02,Sunday,16:05,HOU,7.0,SF,23.0,Home,16.0,30.0,0.0,2022010211,58754.0,10160000-0587-543f-c0e7-21b8cc45b1a7,202201020sfo,19859.0,401326580,5844.0,7,10,463.0,-602.0,14.0,-113.0,101.0,44.0,-102.0,-109.0,0,outdoors,grass,50.0,6.0,00-0036898,00-0037012,Davis Mills,Trey Lance,David Culley,Kyle Shanahan,Carl Cheffers,SFO01,Levi's Stadium,0,26.2,22.4,-0.6,25.508614635800075,-1.0,1.0,19.6,26.0,0.2,15.971158211326753,2.0,0.0,3,100.87271179225202,94.9126984126984,3.0,1.0,0.0,0.0
2021_17_ARI_DAL,2021,REG,17,2022-01-02,Sunday,16:25,ARI,25.0,DAL,22.0,Home,-3.0,47.0,0.0,2022010203,58746.0,10160000-0587-4643-41f4-4673c1eac48b,202201020dal,19850.0,401326572,5846.0,8,7,225.0,-262.0,6.5,-103.0,-108.0,53.0,-104.0,-107.0,0,closed,matrixturf,,,00-0035228,00-0033077,Kyler Murray,Dak Prescott,Kliff Kingsbury,Mike McCarthy,Scott Novak,DAL00,AT&T Stadium,1,32.8,18.6,2.0,31.28712894776799,4.0,0.0,21.4,23.4,0.4,22.503655085472765,-3.0,0.0,-1,94.79432316932318,86.96218473294886,0.0,0.0,1.0,0.0
2021_17_CAR_NO,2021,REG,17,2022-01-02,Sunday,16:25,CAR,10.0,NO,18.0,Home,8.0,28.0,0.0,2022010206,58749.0,10160000-0587-495a-c8b4-1f26568e9b86,202201020nor,19852.0,401326575,5845.0,7,6,238.0,-279.0,7.0,-110.0,-101.0,37.0,100.0,-112.0,1,dome,sportturf,,,00-0034869,00-0033357,Sam Darnold,Taysom Hill,Matt Rhule,Sean Payton,Jerome Boger,NOR00,Mercedes-Benz Superdome,1,13.0,17.4,-0.2,13.085612820204691,-1.0,0.0,14.4,30.4,-0.8,14.572761870242841,-5.0,1.0,-1,82.96844754161827,54.977228073417095,1.0,0.0,2.0,0.0
2021_17_DET_SEA,2021,REG,17,2022-01-02,Sunday,16:25,DET,29.0,SEA,51.0,Home,22.0,80.0,0.0,2022010213,58756.0,10160000-0587-5645-a2c5-afe83747fb73,202201020sea,19861.0,401326582,5847.0,7,7,327.0,-399.0,8.5,103.0,-114.0,41.5,-111.0,-101.0,0,outdoors,fieldturf,37.0,0.0,00-0034177,00-0029263,Tim Boyle,Russell Wilson,Dan Campbell,Pete Carroll,Tony Corrente,SEA00,Lumen Field,0,22.4,19.6,0.0,21.771355083254363,-2.0,0.0,19.8,22.6,-0.6,18.420019019676804,-1.0,1.0,0,96.91304591842226,57.76054987212277,1.0,0.0,1.0,0.0
2021_17_MIN_GB,2021,REG,17,2022-01-02,Sunday,20:20,MIN,10.0,GB,37.0,Home,27.0,47.0,0.0,2022010214,58757.0,10160000-0587-572b-911e-b3857db5dd95,202201020gnb,19862.0,401326583,5848.0,7,8,525.0,-702.0,13.0,-116.0,105.0,42.0,-100.0,-111.0,1,outdoors,grass,11.0,9.0,00-0032245,00-0023459,Sean Mannion,Aaron Rodgers,Mike Zimmer,Matt LaFleur,Clay Martin,GNB00,Lambeau Field,0,33.4,28.8,1.8,34.106323780401084,4.0,0.0,25.8,26.0,0.2,23.962366249630396,-1.0,1.0,1,126.78050100298678,,2.0,0.0,0.0,0.0
2021_17_CLE_PIT,2021,REG,17,2022-01-03,Monday,20:15,CLE,14.0,PIT,26.0,Home,12.0,40.0,0.0,2022010300,58758.0,10160000-0587-5846-8525-0bbad932e8c6,202201030pit,19863.0,401326584,5849.0,9,8,-117.0,105.0,-1.0,-110.0,-101.0,43.5,-111.0,-100.0,1,outdoors,grass,25.0,12.0,00-0034855,00-0022924,Baker Mayfield,Ben Roethlisberger,Kevin Stefanski,Mike Tomlin,Brad Allen,PIT00,Heinz Field,0,17.4,29.0,0.2,18.0287792495619,-1.0,0.0,16.6,17.6,0.2,14.57842779631992,-2.0,0.0,-1,87.5433235922221,67.23642284525906,0.0,0.0,2.0,0.0
2021_18_KC_DEN,2021,REG,18,2022-01-08,Saturday,16:30,KC,28.0,DEN,24.0,Home,-4.0,52.0,0.0,2022010800,58772.0,10160000-0587-7224-5e5e-c71409627e21,202201080den,19877.0,401326598,5850.0,7,7,-600.0,435.0,-11.5,-110.0,-110.0,44.5,-110.0,-110.0,1,outdoors,grass,41.0,4.0,00-0033873,00-0035704,Patrick Mahomes,Drew Lock,Andy Reid,Vic Fangio,Brad Rogers,DEN00,Empower Field at Mile High,0,16.6,19.6,1.0,15.34194610971147,-3.0,0.0,34.2,18.0,1.6,30.900084269662923,-1.0,0.0,0,76.81782106782107,110.26130646682736,2.0,0.0,0.0,0.0
2021_18_DAL_PHI,2021,REG,18,2022-01-08,Saturday,20:15,DAL,51.0,PHI,26.0,Home,-25.0,77.0,0.0,2022010801,58769.0,10160000-0587-6915-0b87-18602d47111f,202201080phi,19873.0,401326595,5851.0,7,7,-300.0,235.0,-6.5,-110.0,-110.0,46.0,-110.0,-110.0,1,outdoors,grass,31.0,8.0,00-0033077,00-0035289,Dak Prescott,Gardner Minshew,Mike McCarthy,Nick Sirianni,Ron Torbert,PHI00,Lincoln Financial Field,0,24.2,14.8,-0.4,22.112633404239844,4.0,1.0,30.6,16.4,1.8,30.475577403245943,-1.0,0.0,0,111.625,94.70660387107756,0.0,0.0,0.0,0.0
2021_18_PIT_BAL,2021,REG,18,2022-01-09,Sunday,13:00,PIT,16.0,BAL,13.0,Home,-3.0,29.0,1.0,2022010901,58760.0,10160000-0587-6034-b7ea-785eca8a8fe2,202201090rav,19865.0,401326586,5858.0,6,7,135.0,-155.0,3.0,-110.0,-110.0,41.0,-115.0,-105.0,1,outdoors,grass,36.0,0.0,00-0022924,00-0035993,Ben Roethlisberger,Tyler Huntley,Mike Tomlin,John Harbaugh,Shawn Hochuli,BAL00,M&T Bank Stadium,0,22.2,27.2,-0.4,23.172307576481334,-5.0,0.0,20.6,23.6,0.8,22.50040070197553,1.0,0.0,1,79.34472188995214,85.71405529953918,2.0,0.0,1.0,0.0
2021_18_CIN_CLE,2021,REG,18,2022-01-09,Sunday,13:00,CIN,16.0,CLE,21.0,Home,5.0,37.0,0.0,2022010903,58762.0,10160000-0587-6234-e455-6121e0a12fa1,202201090cle,19867.0,401326588,5857.0,7,6,215.0,-265.0,6.5,-110.0,-110.0,38.0,-110.0,-110.0,1,outdoors,grass,38.0,22.0,00-0032434,00-0028986,Brandon Allen,Case Keenum,Zac Taylor,Kevin Stefanski,Bill Vinovich,CLE00,FirstEnergy Stadium,0,16.8,20.8,0.0,14.662856224927495,-3.0,1.0,27.0,25.8,0.6,30.25149227528089,3.0,1.0,-1,72.82196969696969,67.70833333333334,0.0,0.0,0.0,0.0
2021_18_GB_DET,2021,REG,18,2022-01-09,Sunday,13:00,GB,30.0,DET,37.0,Home,7.0,67.0,0.0,2022010904,58763.0,10160000-0587-63ed-7f05-19dd0b2ca507,202201090det,19868.0,401326589,5855.0,7,7,-195.0,165.0,-4.0,-110.0,-110.0,45.0,-115.0,-105.0,1,dome,fieldturf,,,00-0023459,00-0033106,Aaron Rodgers,Jared Goff,Matt LaFleur,Dan Campbell,Scott Novak,DET00,Ford Field,1,22.8,29.6,-1.2,22.78767276523814,-2.0,1.0,34.6,24.0,1.8,34.64260722965973,5.0,0.0,0,100.1461851156973,120.06931014705908,0.0,0.0,1.0,0.0
2021_18_TEN_HOU,2021,REG,18,2022-01-09,Sunday,13:00,TEN,28.0,HOU,25.0,Home,-3.0,53.0,0.0,2022010905,58764.0,10160000-0587-64f0-b77e-29790d01f80e,202201090htx,19869.0,401326590,5856.0,7,7,-575.0,410.0,-10.5,-105.0,-115.0,43.0,-110.0,-110.0,1,closed,astroturf,,,00-0029701,00-0036898,Ryan Tannehill,Davis Mills,Mike Vrabel,David Culley,Land Clark,HOU00,NRG Stadium,1,18.2,26.4,0.2,16.959472457077165,-1.0,0.0,20.0,15.0,0.0,23.286372060697325,2.0,0.0,0,88.7408234126984,88.90506509657997,0.0,0.0,0.0,0.0
2021_18_IND_JAX,2021,REG,18,2022-01-09,Sunday,13:00,IND,11.0,JAX,26.0,Home,15.0,37.0,0.0,2022010906,58765.0,10160000-0587-658b-01a4-eb4963a564d8,202201090jax,19870.0,401326591,5854.0,7,7,-1000.0,650.0,-14.0,-110.0,-110.0,43.0,-110.0,-110.0,1,outdoors,grass,76.0,19.0,00-0032950,00-0036971,Carson Wentz,Trevor Lawrence,Frank Reich,Darrell Bevell,Clay Martin,JAX00,TIAA Bank Stadium,0,10.8,32.6,-1.8,10.301859531582144,-8.0,0.0,26.2,18.8,0.6,29.009797036792243,-1.0,0.0,0,64.96160852630152,88.60008818342152,0.0,0.0,1.0,0.0
2021_18_CHI_MIN,2021,REG,18,2022-01-09,Sunday,13:00,CHI,17.0,MIN,31.0,Home,14.0,48.0,0.0,2022010908,58767.0,10160000-0587-67fa-c557-01e2a765837d,202201090min,19872.0,401326593,5853.0,7,7,160.0,-190.0,3.5,-110.0,-110.0,45.5,-110.0,-110.0,1,dome,sportturf,,,00-0027973,00-0029604,Andy Dalton,Kirk Cousins,Matt Nagy,Mike Zimmer,Brad Allen,MIN01,U.S. Bank Stadium,1,22.6,26.6,0.4,19.664246853413204,-2.0,0.0,23.0,24.4,-1.0,23.78749819936618,2.0,0.0,0,87.1840513582343,82.09318421062854,0.0,0.0,0.0,0.0
2021_18_WAS_NYG,2021,REG,18,2022-01-09,Sunday,13:00,WAS,22.0,NYG,7.0,Home,-15.0,29.0,0.0,2022010909,58768.0,10160000-0587-68c1-522d-78acf1f52635,202201090nyg,19875.0,401326594,5852.0,7,7,-238.0,206.0,-6.0,-102.0,-109.0,36.0,-100.0,-111.0,1,outdoors,fieldturf,38.0,0.0,00-0031800,00-0036197,Taylor Heinicke,Jake Fromm,Ron Rivera,Joe Judge,Adrian Hill,NYC01,MetLife Stadium,0,9.8,28.2,-2.0,10.48107257618318,-5.0,1.0,16.8,29.0,-0.8,17.53580032814804,-4.0,0.0,0,45.853758169934636,71.6397186147186,1.0,1.0,1.0,0.0
2021_18_SEA_ARI,2021,REG,18,2022-01-09,Sunday,16:25,SEA,38.0,ARI,30.0,Home,-8.0,68.0,0.0,2022010912,58771.0,10160000-0587-7113-a978-455fec3cda14,202201090crd,19876.0,401326597,5861.0,7,7,190.0,-235.0,5.5,-110.0,-110.0,48.0,100.0,-120.0,1,open,grass,,,00-0029263,00-0035228,Russell Wilson,Kyler Murray,Pete Carroll,Kliff Kingsbury,Shawn Smith,PHO00,State Farm Stadium,0,21.8,25.2,0.6,22.629302554940516,1.0,0.0,29.6,22.0,0.6,28.71985887486003,1.0,0.0,0,94.66221131455438,101.41202626695767,1.0,0.0,2.0,0.0
2021_18_NO_ATL,2021,REG,18,2022-01-09,Sunday,16:25,NO,30.0,ATL,20.0,Home,-10.0,50.0,0.0,2022010900,58759.0,10160000-0587-592f-94b1-30be78f17918,202201090atl,19864.0,401326585,5860.0,7,7,-213.0,186.0,-4.5,-111.0,-100.0,40.0,102.0,-113.0,1,closed,fieldturf,,,00-0033357,00-0026143,Taysom Hill,Matt Ryan,Sean Payton,Arthur Smith,Craig Wrolstad,ATL97,Mercedes-Benz Stadium,1,18.8,25.4,0.8,20.85708648815699,-1.0,0.0,15.4,13.2,0.0,14.469709893622987,1.0,0.0,0,97.08630531569293,78.7422570654278,0.0,0.0,2.0,0.0
2021_18_NYJ_BUF,2021,REG,18,2022-01-09,Sunday,16:25,NYJ,10.0,BUF,27.0,Home,17.0,37.0,0.0,2022010902,58761.0,10160000-0587-6129-08e1-f057261766a8,202201090buf,19866.0,401326587,5862.0,7,7,750.0,-1250.0,16.0,-110.0,-110.0,43.0,-110.0,-110.0,1,outdoors,a_turf,36.0,19.0,00-0037013,00-0034857,Zach Wilson,Josh Allen,Robert Saleh,Sean McDermott,John Hussey,BUF00,New Era Field,0,26.0,19.4,-0.6,31.57431738552615,3.0,0.0,20.2,28.6,0.4,21.97847659717261,-1.0,0.0,0,74.79070912477253,80.59556417393947,1.0,0.0,0.0,0.0
2021_18_SF_LA,2021,REG,18,2022-01-09,Sunday,16:25,SF,27.0,LA,24.0,Home,-3.0,51.0,1.0,2022010914,58773.0,10160000-0587-738e-2b05-95daf03cb563,202201090ram,19879.0,401326599,5864.0,7,7,150.0,-170.0,3.0,-105.0,-115.0,46.5,-115.0,-105.0,1,dome,matrixturf,,,00-0031345,00-0026498,Jimmy Garoppolo,Matthew Stafford,Kyle Shanahan,Sean McVay,Jerome Boger,LAX01,SoFi Stadium,1,27.4,16.4,0.2,27.09742542159428,5.0,0.0,24.0,18.6,-0.8,23.48816038011411,1.0,0.0,0,101.16771834058585,99.78118279152213,0.0,0.0,0.0,0.0
2021_18_NE_MIA,2021,REG,18,2022-01-09,Sunday,16:25,NE,24.0,MIA,33.0,Home,9.0,57.0,0.0,2022010907,58766.0,10160000-0587-66a3-2df9-03ed8161cc2e,202201090mia,19871.0,401326592,5863.0,7,7,-250.0,200.0,-6.0,-110.0,-110.0,41.0,-110.0,-110.0,1,outdoors,grass,75.0,8.0,00-0036972,00-0036212,Mac Jones,Tua Tagovailoa,Bill Belichick,Brian Flores,Alex Kemp,MIA00,Hard Rock Stadium,0,21.4,16.0,0.0,23.150311840802445,-1.0,0.0,27.6,18.6,1.2,30.0299977268299,1.0,0.0,0,86.51317922873336,88.17071759259258,0.0,0.0,1.0,0.0
2021_18_CAR_TB,2021,REG,18,2022-01-09,Sunday,16:25,CAR,17.0,TB,41.0,Home,24.0,58.0,0.0,2022010911,58770.0,10160000-0587-704e-6295-0c29cd0a1891,202201090tam,19874.0,401326596,5859.0,7,7,375.0,-510.0,11.0,-110.0,-110.0,43.0,-105.0,-115.0,1,outdoors,grass,80.0,4.0,00-0034869,00-0019596,Sam Darnold,Tom Brady,Matt Rhule,Bruce Arians,Tony Corrente,TAM00,Raymond James Stadium,0,24.6,16.6,0.0,23.075556898353806,2.0,0.0,12.2,28.6,-1.4,13.223173078996744,-6.0,0.0,0,94.98960997442455,56.18892288267288,2.0,0.0,0.0,0.0
2021_18_LAC_LV,2021,REG,18,2022-01-09,Sunday,20:20,LAC,32.0,LV,35.0,Home,3.0,67.0,1.0,2022010915,58774.0,10160000-0587-7450-0923-b0f39c686c28,202201090rai,19878.0,401326600,5865.0,7,7,-180.0,155.0,-3.5,-110.0,-110.0,48.0,-110.0,-110.0,1,dome,grass,,,00-0036355,00-0031280,Justin Herbert,Derek Carr,Brandon Staley,Rich Bisaccia,Clete Blakeman,VEG00,Allegiant Stadium,1,16.0,22.4,-2.2,20.67531432391433,3.0,0.0,33.8,26.2,-0.2,42.69949633009073,1.0,0.0,0,87.73079607621204,108.1952663917859,0.0,0.0,0.0,0.0
2021_19_LV_CIN,2021,WC,19,2022-01-15,Saturday,16:30,LV,19.0,CIN,26.0,Home,7.0,45.0,0.0,2022011500,58824.0,,202201150cin,21523.0,401326627,5866.0,6,6,214.0,-248.0,6.0,-103.0,-109.0,48.5,-106.0,-105.0,0,outdoors,fieldturf,31.0,12.0,00-0031280,00-0036442,Derek Carr,Joe Burrow,Rich Bisaccia,Zac Taylor,Jerome Boger,CIN00,Paul Brown Stadium,0,25.8,21.8,1.2,31.331438021022112,-1.0,0.0,20.0,25.4,-2.4,23.927734003047032,4.0,0.0,0,118.2927966463772,87.25808652455511,0.0,0.0,0.0,0.0
2021_19_NE_BUF,2021,WC,19,2022-01-15,Saturday,20:15,NE,17.0,BUF,47.0,Home,30.0,64.0,0.0,2022011501,58825.0,,202201150buf,21524.0,401326626,5867.0,6,6,181.0,-207.0,4.5,-111.0,-100.0,43.0,-111.0,-101.0,1,outdoors,a_turf,7.0,8.0,00-0036972,00-0034857,Mac Jones,Josh Allen,Bill Belichick,Sean McDermott,Brad Allen,BUF00,New Era Field,0,29.4,18.6,-0.2,29.752722151745797,4.0,0.0,25.2,22.6,-0.2,28.123126415597103,-1.0,0.0,0,76.48515356921698,81.75752314814814,0.0,0.0,0.0,0.0
2021_19_PHI_TB,2021,WC,19,2022-01-16,Sunday,13:00,PHI,15.0,TB,31.0,Home,16.0,46.0,0.0,2022011600,58826.0,,202201160tam,21525.0,401326630,5868.0,8,7,293.0,-352.0,7.5,-107.0,-104.0,45.5,100.0,-112.0,0,outdoors,grass,66.0,21.0,00-0036389,00-0019596,Jalen Hurts,Tom Brady,Nick Sirianni,Bruce Arians,Craig Wrolstad,TAM00,Raymond James Stadium,0,26.8,16.6,0.4,24.448809696683668,3.0,0.0,28.0,22.4,0.2,26.663485040832178,-1.0,0.0,-1,98.62788059798929,78.80251858665375,0.0,0.0,0.0,0.0
2021_19_SF_DAL,2021,WC,19,2022-01-16,Sunday,16:30,SF,23.0,DAL,17.0,Home,-6.0,40.0,0.0,2022011601,58827.0,,202201160dal,21526.0,401326629,5869.0,7,8,144.0,-162.0,3.0,100.0,-112.0,51.0,-111.0,100.0,0,closed,matrixturf,,,00-0031345,00-0033077,Jimmy Garoppolo,Dak Prescott,Kyle Shanahan,Mike McCarthy,Alex Kemp,DAL00,AT&T Stadium,1,35.4,18.2,1.4,40.54804481846981,1.0,0.0,24.8,17.4,-0.8,24.062584462720565,2.0,0.0,1,109.26987547601581,99.23631099665033,1.0,0.0,0.0,0.0
2021_19_PIT_KC,2021,WC,19,2022-01-16,Sunday,20:15,PIT,21.0,KC,42.0,Home,21.0,63.0,0.0,2022011602,58828.0,,202201160kan,21527.0,401326628,5870.0,7,8,522.0,-697.0,13.0,-124.0,111.0,46.0,-107.0,-104.0,0,outdoors,grass,30.0,8.0,00-0022924,00-0033873,Ben Roethlisberger,Patrick Mahomes,Mike Tomlin,Andy Reid,Shawn Smith,KAN00,GEHA Field at Arrowhead Stadium,0,35.4,21.0,1.8,31.38176781084084,1.0,0.0,19.8,22.4,1.0,20.859984225641455,2.0,0.0,1,117.59803582941882,79.38463203463203,0.0,0.0,0.0,0.0
2021_19_ARI_LA,2021,WC,19,2022-01-17,Monday,20:15,ARI,11.0,LA,34.0,Home,23.0,45.0,0.0,2022011700,58829.0,,202201170ram,21528.0,401326625,5871.0,8,8,158.0,-179.0,4.0,-117.0,105.0,49.5,-103.0,-109.0,1,dome,matrixturf,,,00-0035228,00-0026498,Kyler Murray,Matthew Stafford,Kliff Kingsbury,Sean McVay,Clay Martin,LAX01,SoFi Stadium,1,24.8,20.4,-0.2,25.324455980657095,-1.0,0.0,21.2,28.4,0.0,22.84641961145896,-1.0,0.0,0,96.20883676163848,86.49340789575095,1.0,0.0,0.0,0.0
2021_20_CIN_TEN,2021,DIV,20,2022-01-22,Saturday,16:30,CIN,19.0,TEN,16.0,Home,-3.0,35.0,0.0,2022012200,58830.0,,202201220oti,21529.0,401326632,5872.0,7,13,170.0,-191.0,4.0,-109.0,-102.0,48.5,-102.0,-110.0,0,outdoors,grass,35.0,0.0,00-0036442,00-0029701,Joe Burrow,Ryan Tannehill,Zac Taylor,Mike Vrabel,Clete Blakeman,NAS00,Nissan Stadium,0,23.0,12.8,0.8,22.906479747537798,3.0,0.0,26.4,20.4,1.2,30.73801112012047,1.0,0.0,6,104.64787263626252,126.20946331304387,0.0,0.0,0.0,0.0
2021_20_SF_GB,2021,DIV,20,2022-01-22,Saturday,20:15,SF,13.0,GB,10.0,Home,-3.0,23.0,0.0,2022012201,58831.0,,202201220gnb,21530.0,401326631,5873.0,6,13,228.0,-261.0,5.5,102.0,-114.0,47.0,-104.0,-107.0,0,outdoors,grass,15.0,12.0,00-0031345,00-0023459,Jimmy Garoppolo,Aaron Rodgers,Kyle Shanahan,Matt LaFleur,Ron Torbert,GNB00,Lambeau Field,0,33.4,25.8,0.8,31.38235782123427,-1.0,0.0,24.2,16.2,-0.4,25.5910251756933,3.0,0.0,7,127.76375459150354,93.99742210776145,1.0,0.0,0.0,0.0
2021_20_LA_TB,2021,DIV,20,2022-01-23,Sunday,15:00,LA,30.0,TB,27.0,Home,-3.0,57.0,0.0,2022012300,58833.0,,202201230tam,21531.0,401326634,5874.0,6,7,131.0,-145.0,2.5,108.0,-121.0,48.0,-102.0,-109.0,0,outdoors,grass,50.0,11.0,00-0026498,00-0019596,Matthew Stafford,Tom Brady,Sean McVay,Bruce Arians,Shawn Hochuli,TAM00,Raymond James Stadium,0,26.4,14.2,0.4,23.148968001954074,4.0,0.0,25.6,18.0,-0.2,24.71141841928359,1.0,0.0,1,100.54523273273273,99.28236617340319,0.0,0.0,2.0,0.0
2021_20_BUF_KC,2021,DIV,20,2022-01-23,Sunday,18:30,BUF,36.0,KC,42.0,Home,6.0,78.0,1.0,2022012301,58832.0,,202201230kan,21532.0,401326633,5875.0,8,7,124.0,-138.0,2.5,-101.0,-110.0,54.0,-105.0,-106.0,0,outdoors,grass,35.0,6.0,00-0034857,00-0033873,Josh Allen,Patrick Mahomes,Sean McDermott,Andy Reid,John Hussey,KAN00,GEHA Field at Arrowhead Stadium,0,34.2,23.4,0.6,32.027450528257596,2.0,0.0,33.4,15.4,0.4,34.417512865988684,5.0,0.0,-1,117.40038625676925,90.79503011242687,0.0,0.0,0.0,0.0
2021_21_CIN_KC,2021,CON,21,2022-01-30,Sunday,15:00,CIN,27.0,KC,24.0,Home,-3.0,51.0,1.0,2022013000,58834.0,,202201300kan,21534.0,401326635,5876.0,8,7,250.0,-320.0,7.0,-105.0,-115.0,54.5,-110.0,-110.0,0,outdoors,grass,41.0,4.0,00-0036442,00-0033873,Joe Burrow,Patrick Mahomes,Zac Taylor,Andy Reid,Bill Vinovich,KAN00,GEHA Field at Arrowhead Stadium,0,35.8,25.0,0.6,37.093695237604365,3.0,0.0,27.2,21.6,1.4,33.5364432559737,2.0,0.0,-1,120.86025086025089,119.70177915830091,0.0,0.0,0.0,0.0
2021_21_SF_LA,2021,CON,21,2022-01-30,Sunday,18:30,SF,17.0,LA,20.0,Home,3.0,37.0,0.0,2022013001,58835.0,,202201300ram,21535.0,401326636,5877.0,8,7,155.0,-180.0,3.5,-110.0,-110.0,45.5,-105.0,-115.0,1,dome,matrixturf,,,00-0031345,00-0026498,Jimmy Garoppolo,Matthew Stafford,Kyle Shanahan,Sean McVay,Carl Cheffers,LAX01,SoFi Stadium,1,27.6,21.4,-0.6,27.683070728640704,2.0,0.0,20.6,15.6,-0.4,21.948504080983675,4.0,0.0,-1,102.29355794593798,84.76229159856162,0.0,0.0,0.0,0.0
2021_22_LA_CIN,2021,SB,22,2022-02-13,Sunday,18:30,LA,23.0,CIN,20.0,Neutral,-3.0,43.0,0.0,2022021300,58836.0,,202202130cin,21536.0,401326638,5878.0,14,14,-190.0,160.0,-4.5,-110.0,-110.0,48.5,-110.0,-110.0,0,dome,matrixturf,,,00-0026498,00-0036442,Matthew Stafford,Joe Burrow,Sean McVay,Zac Taylor,Ron Torbert,LAX01,SoFi Stadium,1,24.4,22.2,1.4,28.409373914050736,3.0,0.0,25.6,20.2,-0.2,28.345450539766468,3.0,0.0,0,116.24683497967251,112.18544983782985,0.0,0.0,0.0,0.0
2022_01_BUF_LA,2022,REG,1,2022-09-08,Thursday,20:20,BUF,31.0,LA,10.0,Home,-21.0,41.0,0.0,2022090800,58838.0,,202209080ram,,401437654,5879.0,7,7,-117.0,106.0,-1.0,-112.0,101.0,51.5,-101.0,-111.0,0,dome,matrixturf,,,00-0034857,00-0026498,Josh Allen,Matthew Stafford,Sean McDermott,Sean McVay,Carl Cheffers,LAX01,SoFi Stadium,1,26.2,20.4,-0.4,29.888881795482913,4.0,0.0,34.4,21.0,0.4,35.84039035615075,-1.0,0.0,0,110.96223555211559,99.68215252896104,1.0,0.0,0.0,0.0
2022_01_NO_ATL,2022,REG,1,2022-09-11,Sunday,13:00,NO,27.0,ATL,26.0,Home,-1.0,53.0,0.0,2022091100,58839.0,,202209110atl,,401437650,5880.0,7,7,-228.0,201.0,-6.0,-103.0,-107.0,43.5,-104.0,-108.0,1,closed,fieldturf,,,00-0031503,00-0032268,Jameis Winston,Marcus Mariota,Dennis Allen,Arthur Smith,Alex Kemp,ATL97,Mercedes-Benz Stadium,1,19.4,25.4,0.2,23.50874192265033,-2.0,1.0,18.0,11.8,1.2,16.2892650713051,2.0,1.0,0,61.458333333333336,106.02881297446515,0.0,0.0,2.0,0.0
2022_01_CLE_CAR,2022,REG,1,2022-09-11,Sunday,13:00,CLE,26.0,CAR,24.0,Home,-2.0,50.0,0.0,2022091101,58840.0,,202209110car,,401437651,5881.0,7,7,114.0,-125.0,2.5,-112.0,102.0,42.5,-113.0,100.0,0,outdoors,grass,,,00-0033119,00-0034855,Jacoby Brissett,Baker Mayfield,Kevin Stefanski,Matt Rhule,Brad Rogers,CAR00,Bank of America Stadium,0,13.6,30.2,-1.4,14.999698253160114,-7.0,1.0,19.0,20.8,-0.8,16.182799286525324,1.0,1.0,0,66.60045793297836,91.30038975741707,0.0,0.0,0.0,0.0
2022_01_SF_CHI,2022,REG,1,2022-09-11,Sunday,13:00,SF,10.0,CHI,19.0,Home,9.0,29.0,0.0,2022091102,58841.0,,202209110chi,,401437647,5882.0,7,7,-248.0,217.0,-6.5,100.0,-111.0,38.0,-103.0,-109.0,0,outdoors,grass,,,00-0037012,00-0036945,Trey Lance,Justin Fields,Kyle Shanahan,Matt Eberflus,Clay Martin,CHI98,Soldier Field,0,22.0,24.0,-0.6,21.20013565594202,-1.0,1.0,20.6,15.6,0.0,21.582016999854083,-1.0,1.0,0,80.84623496979819,104.66268601810205,0.0,0.0,1.0,0.0
2022_01_PIT_CIN,2022,REG,1,2022-09-11,Sunday,13:00,PIT,23.0,CIN,20.0,Home,-3.0,43.0,1.0,2022091103,58842.0,,202209110cin,,401437634,5883.0,7,7,264.0,-308.0,7.5,-119.0,107.0,44.5,101.0,-113.0,1,outdoors,fieldturf,,,00-0033869,00-0036442,Mitch Trubisky,Joe Burrow,Mike Tomlin,Zac Taylor,Shawn Hochuli,CIN00,Paycor Stadium,0,21.6,20.6,1.8,23.41151954969915,-1.0,0.0,18.4,23.6,1.0,21.075819905645325,-1.0,1.0,0,107.79492457124036,81.5625,0.0,0.0,0.0,0.0
2022_01_PHI_DET,2022,REG,1,2022-09-11,Sunday,13:00,PHI,38.0,DET,35.0,Home,-3.0,73.0,0.0,2022091104,58843.0,,202209110det,,401437648,5884.0,7,7,-240.0,211.0,-6.0,-110.0,-100.0,49.0,-117.0,104.0,0,dome,fieldturf,,,00-0036389,00-0033106,Jalen Hurts,Jared Goff,Nick Sirianni,Dan Campbell,Brad Allen,DET00,Ford Field,1,24.4,30.2,-0.4,25.235432872371074,1.0,1.0,24.4,25.0,-0.2,26.650960054767125,-2.0,0.0,0,109.73507400458621,76.25972142903099,0.0,0.0,0.0,0.0
2022_01_IND_HOU,2022,REG,1,2022-09-11,Sunday,13:00,IND,20.0,HOU,20.0,Home,0.0,40.0,1.0,2022091105,58844.0,,202209110htx,,401437637,5885.0,7,7,-290.0,250.0,-7.0,-103.0,-107.0,46.0,-110.0,-102.0,1,closed,astroturf,,,00-0026143,00-0036898,Matt Ryan,Davis Mills,Frank Reich,Lovie Smith,Land Clark,HOU00,NRG Stadium,1,23.2,25.8,0.4,23.950480660600206,-2.0,0.0,22.2,16.4,0.4,21.87821710100594,-2.0,1.0,0,103.95907738095238,93.90510304912479,0.0,0.0,1.0,0.0
2022_01_NE_MIA,2022,REG,1,2022-09-11,Sunday,13:00,NE,7.0,MIA,20.0,Home,13.0,27.0,0.0,2022091106,58845.0,,202209110mia,,401437630,5886.0,7,7,140.0,-155.0,3.0,-104.0,-106.0,47.0,-109.0,-103.0,1,outdoors,grass,,,00-0036972,00-0036212,Mac Jones,Tua Tagovailoa,Bill Belichick,Mike McDaniel,John Hussey,MIA00,Hard Rock Stadium,0,21.4,18.8,0.2,23.419501513369916,1.0,0.0,25.8,30.0,-1.0,28.289550834515104,-2.0,0.0,0,83.78590650146063,80.1054763645224,0.0,0.0,0.0,0.0
2022_01_BAL_NYJ,2022,REG,1,2022-09-11,Sunday,13:00,BAL,24.0,NYJ,9.0,Home,-15.0,33.0,0.0,2022091107,58846.0,,202209110nyj,,401437632,5887.0,7,7,-265.0,231.0,-6.5,-103.0,-107.0,44.0,-109.0,-103.0,0,outdoors,fieldturf,,,00-0034796,00-0026158,Lamar Jackson,Joe Flacco,John Harbaugh,Robert Saleh,Craig Wrolstad,NYC01,MetLife Stadium,0,18.6,27.4,0.6,19.892647950715016,-2.0,1.0,21.0,26.4,-0.6,22.63088735097349,-6.0,1.0,0,129.94123931623932,74.52743064072297,1.0,1.0,0.0,0.0
2022_01_JAX_WAS,2022,REG,1,2022-09-11,Sunday,13:00,JAX,22.0,WAS,28.0,Home,6.0,50.0,0.0,2022091109,58847.0,,202209110was,,401437646,5888.0,7,7,143.0,-159.0,3.0,-101.0,-110.0,43.5,-110.0,-102.0,0,outdoors,grass,,,00-0036971,00-0032950,Trevor Lawrence,Carson Wentz,Doug Pederson,Ron Rivera,Tra Blake,WAS00,FedExField,0,17.8,27.4,0.0,18.929496233521654,1.0,1.0,14.6,27.4,-1.0,14.990072778345251,1.0,0.0,0,86.33127940599205,73.0754478120158,1.0,0.0,0.0,0.0
2022_01_KC_ARI,2022,REG,1,2022-09-11,Sunday,16:25,KC,44.0,ARI,21.0,Home,-23.0,65.0,0.0,2022091110,58848.0,,202209110crd,,401437653,5889.0,7,7,-252.0,221.0,-6.0,-107.0,-104.0,54.0,-110.0,-102.0,0,closed,grass,,,00-0033873,00-0035228,Patrick Mahomes,Kyler Murray,Andy Reid,Kliff Kingsbury,Scott Novak,PHO00,State Farm Stadium,1,18.8,29.2,0.0,21.147922355521732,-2.0,0.0,33.4,28.4,-0.2,37.49661441463578,-1.0,0.0,0,80.26641709943243,112.0910200910201,0.0,0.0,0.0,0.0
2022_01_LV_LAC,2022,REG,1,2022-09-11,Sunday,16:25,LV,19.0,LAC,24.0,Home,5.0,43.0,0.0,2022091111,58849.0,,202209110sdg,,401437643,5890.0,7,7,161.0,-180.0,3.5,-106.0,-104.0,52.5,-103.0,-109.0,1,dome,matrixturf,,,00-0031280,00-0036355,Derek Carr,Justin Herbert,Josh McDaniels,Brandon Staley,Shawn Smith,LAX01,SoFi Stadium,1,32.0,28.8,-0.4,40.698704322299825,-1.0,0.0,22.0,21.0,-1.8,23.663389513108612,-1.0,0.0,0,100.59742412988115,83.96179022825882,0.0,0.0,0.0,0.0
2022_01_GB_MIN,2022,REG,1,2022-09-11,Sunday,16:25,GB,7.0,MIN,23.0,Home,16.0,30.0,0.0,2022091112,58850.0,,202209110min,,401437649,5891.0,7,7,113.0,-125.0,2.5,-116.0,105.0,47.0,-114.0,101.0,1,dome,sportturf,,,00-0023459,00-0029604,Aaron Rodgers,Kirk Cousins,Matt LaFleur,Kevin O'Connell,Bill Vinovich,MIN01,U.S. Bank Stadium,1,23.4,24.2,0.6,20.204666400371096,1.0,0.0,26.4,22.4,0.2,26.764695499566297,-2.0,0.0,0,96.9993922673252,117.919470652392,0.0,0.0,1.0,0.0
2022_01_NYG_TEN,2022,REG,1,2022-09-11,Sunday,16:25,NYG,21.0,TEN,20.0,Home,-1.0,41.0,0.0,2022091108,58851.0,,202209110oti,,401437640,5892.0,7,7,209.0,-239.0,5.5,-108.0,-102.0,43.5,-101.0,-111.0,0,outdoors,grass,,,00-0035710,00-0029701,Daniel Jones,Ryan Tannehill,Brian Daboll,Mike Vrabel,Jerome Boger,NAS00,Nissan Stadium,0,22.2,16.6,-0.4,22.710540577674642,-1.0,0.0,9.4,28.6,-2.4,8.832160584419226,-6.0,1.0,0,101.67744252873563,89.57201953748006,1.0,0.0,1.0,0.0
2022_01_TB_DAL,2022,REG,1,2022-09-11,Sunday,20:20,TB,19.0,DAL,3.0,Home,-16.0,22.0,0.0,2022091113,58852.0,,202209110dal,,401437644,5893.0,7,7,-133.0,120.0,-2.5,-108.0,-102.0,49.5,-102.0,-110.0,0,closed,matrixturf,,,00-0019596,00-0033077,Tom Brady,Dak Prescott,Todd Bowles,Mike McCarthy,Ron Torbert,DAL00,AT&T Stadium,1,33.4,18.8,1.0,38.25719482872575,-1.0,0.0,31.8,18.4,1.2,29.730605653322414,-1.0,0.0,0,111.37333403296275,103.56606606606609,1.0,0.0,0.0,0.0
2022_01_DEN_SEA,2022,REG,1,2022-09-12,Monday,20:15,DEN,16.0,SEA,17.0,Home,1.0,33.0,0.0,2022091200,58853.0,,202209120sea,,401437655,5894.0,7,7,-253.0,221.0,-6.0,-107.0,-103.0,44.0,-115.0,102.0,0,outdoors,fieldturf,,,00-0029263,00-0030565,Russell Wilson,Geno Smith,Nathaniel Hackett,Pete Carroll,Clete Blakeman,SEA00,Lumen Field,0,31.2,23.4,0.4,28.93016272762495,2.0,1.0,19.6,20.8,0.8,17.65233275988746,-4.0,1.0,0,100.13374786467617,103.67207477700617,0.0,0.0,1.0,0.0
2022_02_LAC_KC,2022,REG,2,2022-09-15,Thursday,20:15,LAC,24.0,KC,27.0,Home,3.0,51.0,0.0,2022091500,58854.0,,202209150kan,,401434030,5895.0,4,4,167.0,-188.0,4.0,-113.0,102.0,52.5,-101.0,-111.0,1,outdoors,grass,,,00-0036355,00-0033873,Justin Herbert,Patrick Mahomes,Brandon Staley,Andy Reid,John Hussey,KAN00,GEHA Field at Arrowhead Stadium,0,36.0,25.8,-0.4,37.576714988888654,1.0,0.0,29.4,28.4,-0.2,36.40793631726789,1.0,0.0,0,118.16336441336443,99.85343298503612,0.0,0.0,1.0,0.0
2022_02_MIA_BAL,2022,REG,2,2022-09-18,Sunday,13:00,MIA,42.0,BAL,38.0,Home,-4.0,80.0,0.0,2022091800,58855.0,,202209180rav,,401437633,5896.0,7,7,148.0,-164.0,3.0,103.0,-114.0,44.0,-114.0,101.0,0,outdoors,grass,,,00-0036212,00-0034796,Tua Tagovailoa,Lamar Jackson,Mike McDaniel,John Harbaugh,Adrian Hill,BAL00,M&T Bank Stadium,0,21.4,23.4,-0.2,21.61800139695684,1.0,1.0,21.4,18.4,0.6,20.48214030660826,2.0,0.0,0,76.58230868950346,83.83394789096545,0.0,0.0,0.0,0.0
2022_02_NYJ_CLE,2022,REG,2,2022-09-18,Sunday,13:00,NYJ,31.0,CLE,30.0,Home,-1.0,61.0,0.0,2022091801,58856.0,,202209180cle,,401437635,5897.0,7,7,207.0,-235.0,6.5,-111.0,100.0,38.5,-107.0,-105.0,0,outdoors,grass,,,00-0026158,00-0033119,Joe Flacco,Jacoby Brissett,Robert Saleh,Kevin Stefanski,Tra Blake,CLE00,FirstEnergy Stadium,0,19.4,21.2,-0.8,15.257762863447153,2.0,0.0,18.6,26.2,0.4,20.514293199174862,-3.0,1.0,0,84.60431132604451,111.54510116374523,0.0,0.0,1.0,0.0
2022_02_WAS_DET,2022,REG,2,2022-09-18,Sunday,13:00,WAS,27.0,DET,36.0,Home,9.0,63.0,0.0,2022091802,58857.0,,202209180det,,401437732,5898.0,7,7,-114.0,103.0,-1.0,-107.0,-103.0,48.5,-114.0,101.0,0,dome,fieldturf,,,00-0032950,00-0033106,Carson Wentz,Jared Goff,Ron Rivera,Dan Campbell,Bill Vinovich,DET00,Ford Field,1,29.4,30.2,-0.2,28.62417062185199,-1.0,0.0,19.4,26.4,0.0,19.458390294769192,2.0,1.0,0,101.43822715773935,84.97133853385606,1.0,0.0,0.0,0.0
2022_02_IND_JAX,2022,REG,2,2022-09-18,Sunday,13:00,IND,0.0,JAX,24.0,Home,24.0,24.0,0.0,2022091803,58858.0,,202209180jax,,401437639,5899.0,7,7,-157.0,142.0,-3.0,-107.0,-103.0,43.5,-104.0,-108.0,1,outdoors,grass,,,00-0026143,00-0036971,Matt Ryan,Trevor Lawrence,Frank Reich,Doug Pederson,Alex Kemp,JAX00,TIAA Bank Stadium,0,19.0,29.0,0.2,19.12512642952993,-1.0,0.0,20.0,20.4,0.0,19.405310050581104,0.0,1.0,0,80.97128114534912,90.7598649538867,0.0,0.0,1.0,0.0
2022_02_TB_NO,2022,REG,2,2022-09-18,Sunday,13:00,TB,20.0,NO,10.0,Home,-10.0,30.0,0.0,2022091804,58859.0,,202209180nor,,401437652,5900.0,7,7,-138.0,124.0,-2.5,-109.0,-102.0,44.0,-117.0,104.0,1,dome,sportturf,,,00-0019596,00-0031503,Tom Brady,Jameis Winston,Todd Bowles,Dennis Allen,Shawn Hochuli,NOR00,Mercedes-Benz Superdome,1,17.4,15.2,1.4,16.653702866120735,3.0,1.0,29.2,17.8,1.0,29.03007052144326,1.0,0.0,0,106.07199691470791,101.93643643643644,1.0,0.0,2.0,0.0
2022_02_CAR_NYG,2022,REG,2,2022-09-18,Sunday,13:00,CAR,16.0,NYG,19.0,Home,3.0,35.0,0.0,2022091805,58860.0,,202209180nyg,,401437645,5901.0,7,7,-114.0,103.0,-1.0,-106.0,-104.0,44.0,-102.0,-110.0,0,outdoors,fieldturf,,,00-0034855,00-0035710,Baker Mayfield,Daniel Jones,Matt Rhule,Brian Daboll,Ron Torbert,NYC01,MetLife Stadium,0,9.4,25.2,-2.6,9.721847090175743,1.0,0.0,14.2,29.6,-1.2,16.74042216931341,-8.0,1.0,0,93.5673297827903,72.88291855451943,1.0,0.0,0.0,0.0
2022_02_NE_PIT,2022,REG,2,2022-09-18,Sunday,13:00,NE,17.0,PIT,14.0,Home,-3.0,31.0,0.0,2022091806,58861.0,,202209180pit,,401437636,5902.0,7,7,-150.0,135.0,-3.0,-102.0,-109.0,40.0,-101.0,-111.0,0,outdoors,grass,,,00-0036972,00-0033869,Mac Jones,Mitch Trubisky,Bill Belichick,Mike Tomlin,Land Clark,PIT00,Acrisure Stadium,0,19.2,25.0,1.2,21.640987687546254,1.0,1.0,23.8,28.6,-1.4,26.404183958411515,-3.0,0.0,0,80.8859649122807,82.70732821637426,0.0,0.0,0.0,0.0
2022_02_ATL_LA,2022,REG,2,2022-09-18,Sunday,16:05,ATL,27.0,LA,31.0,Home,4.0,58.0,0.0,2022091807,58862.0,,202209180ram,,401437733,5903.0,7,10,385.0,-473.0,10.5,-113.0,103.0,46.5,-116.0,103.0,0,dome,matrixturf,,,00-0032268,00-0026498,Marcus Mariota,Matthew Stafford,Arthur Smith,Sean McVay,Clay Martin,LAX01,SoFi Stadium,1,23.4,21.2,-0.2,26.06282411408816,-1.0,0.0,18.8,26.6,-0.4,25.397744072899307,-3.0,1.0,3,104.98027417000176,67.55050505050505,2.0,0.0,0.0,0.0
2022_02_SEA_SF,2022,REG,2,2022-09-18,Sunday,16:05,SEA,7.0,SF,27.0,Home,20.0,34.0,0.0,2022091808,58863.0,,202209180sfo,,401437605,5904.0,6,7,318.0,-379.0,8.5,-113.0,102.0,40.0,-112.0,-100.0,1,outdoors,grass,,,00-0030565,00-0037012,Geno Smith,Trey Lance,Pete Carroll,Kyle Shanahan,Brad Rogers,SFO01,Levi's Stadium,0,18.0,18.0,-0.2,19.214558420594297,-2.0,1.0,28.0,24.0,0.6,26.663485040832178,3.0,1.0,1,93.78967262400546,104.00580781555045,1.0,0.0,0.0,0.0
2022_02_CIN_DAL,2022,REG,2,2022-09-18,Sunday,16:25,CIN,17.0,DAL,20.0,Home,3.0,37.0,0.0,2022091809,58864.0,,202209180dal,,401437734,5905.0,7,7,-303.0,260.0,-7.5,110.0,-122.0,42.0,-104.0,-108.0,0,closed,matrixturf,,,00-0036442,00-0033662,Joe Burrow,Cooper Rush,Zac Taylor,Mike McCarthy,Brad Allen,DAL00,AT&T Stadium,1,29.8,21.4,0.4,35.4271510940272,-2.0,1.0,22.4,21.0,0.4,23.643284679197734,-2.0,0.0,0,101.51442307692307,90.52512937691687,3.0,1.0,0.0,0.0
2022_02_HOU_DEN,2022,REG,2,2022-09-18,Sunday,16:25,HOU,9.0,DEN,16.0,Home,7.0,25.0,0.0,2022091810,58865.0,,202209180den,,401437641,5906.0,7,6,391.0,-481.0,10.5,-114.0,103.0,46.0,-110.0,-102.0,0,outdoors,grass,,,00-0036898,00-0029263,Davis Mills,Russell Wilson,Lovie Smith,Nathaniel Hackett,Carl Cheffers,DEN00,Empower Field at Mile High,0,15.2,22.2,0.2,13.66776551205897,-5.0,1.0,24.6,23.2,0.6,25.630046591898505,0.0,0.0,-1,100.89429699922839,105.11416103603604,1.0,0.0,1.0,0.0
2022_02_ARI_LV,2022,REG,2,2022-09-18,Sunday,16:25,ARI,29.0,LV,23.0,Home,-6.0,52.0,1.0,2022091811,58866.0,,202209180rai,,401437642,5907.0,7,7,197.0,-223.0,5.5,-110.0,100.0,51.5,-105.0,-107.0,0,dome,grass,,,00-0035228,00-0031280,Kyler Murray,Derek Carr,Kliff Kingsbury,Josh McDaniels,Clete Blakeman,VEG00,Allegiant Stadium,1,22.6,23.0,-2.0,22.789457514044944,-2.0,0.0,20.6,32.0,0.2,21.784095810714135,-3.0,0.0,0,81.66093674319481,85.5360249425697,2.0,0.0,0.0,0.0
2022_02_CHI_GB,2022,REG,2,2022-09-18,Sunday,20:20,CHI,10.0,GB,27.0,Home,17.0,37.0,0.0,2022091812,58867.0,,202209180gnb,,401437606,5908.0,7,7,348.0,-420.0,10.5,-111.0,100.0,42.0,-104.0,-108.0,1,outdoors,grass,,,00-0036945,00-0023459,Justin Fields,Aaron Rodgers,Matt Eberflus,Matt LaFleur,Craig Wrolstad,GNB00,Lambeau Field,0,21.6,21.0,-0.2,20.70866160508193,-3.0,0.0,19.8,17.0,0.2,19.684773846732078,1.0,1.0,0,105.01071037408713,81.04957556529565,0.0,0.0,0.0,0.0
2022_02_TEN_BUF,2022,REG,2,2022-09-19,Monday,19:15,TEN,7.0,BUF,41.0,Home,34.0,48.0,0.0,2022091900,58868.0,,202209190buf,,401436831,5909.0,8,11,329.0,-395.0,10.0,-115.0,104.0,47.5,-108.0,-104.0,0,outdoors,a_turf,,,00-0029701,00-0034857,Ryan Tannehill,Josh Allen,Mike Vrabel,Sean McDermott,Shawn Smith,BUF00,New Era Field,0,34.0,18.8,-0.2,32.7080302624275,1.0,0.0,23.6,17.0,1.0,24.588174779219703,-2.0,0.0,3,101.19696607277251,109.1766533873215,0.0,0.0,1.0,0.0
2022_02_MIN_PHI,2022,REG,2,2022-09-19,Monday,20:30,MIN,7.0,PHI,24.0,Home,17.0,31.0,0.0,2022091901,58869.0,,202209190phi,,401436832,5910.0,8,8,127.0,-141.0,2.5,106.0,-117.0,49.5,-115.0,102.0,0,outdoors,grass,,,00-0029604,00-0036389,Kirk Cousins,Jalen Hurts,Kevin O'Connell,Nick Sirianni,Scott Novak,PHI00,Lincoln Financial Field,0,26.6,28.6,0.4,26.306259715854306,1.0,0.0,20.8,20.0,1.2,18.883675349542973,2.0,0.0,0,88.88488943978368,97.44210060065853,0.0,0.0,0.0,0.0
2022_03_PIT_CLE,2022,REG,3,2022-09-22,Thursday,20:15,PIT,17.0,CLE,29.0,Home,12.0,46.0,0.0,2022092200,58870.0,,202209220cle,,401437735,5911.0,4,4,183.0,-206.0,4.5,-111.0,101.0,38.0,-107.0,-105.0,1,outdoors,grass,,,00-0033869,00-0033119,Mitch Trubisky,Jacoby Brissett,Mike Tomlin,Kevin Stefanski,Clay Martin,CLE00,FirstEnergy Stadium,0,22.6,24.2,-1.2,18.82315074906367,-1.0,0.0,20.0,21.2,2.0,19.64154860771861,-1.0,0.0,0,85.2750140800806,79.81273258904838,1.0,0.0,0.0,0.0
2022_03_NO_CAR,2022,REG,3,2022-09-25,Sunday,13:00,NO,14.0,CAR,22.0,Home,8.0,36.0,0.0,2022092500,58871.0,,202209250car,,401437736,5912.0,7,7,-123.0,112.0,-2.0,-102.0,-109.0,41.0,-112.0,-100.0,1,outdoors,grass,,,00-0031503,00-0034855,Jameis Winston,Baker Mayfield,Dennis Allen,Matt Rhule,Carl Cheffers,CAR00,Bank of America Stadium,0,14.6,27.2,-1.6,16.689352283582764,-9.0,0.0,17.6,19.2,0.2,17.590484239832954,-1.0,0.0,0,71.92143983442003,93.41619981325864,0.0,0.0,0.0,0.0
2022_03_HOU_CHI,2022,REG,3,2022-09-25,Sunday,13:00,HOU,20.0,CHI,23.0,Home,3.0,43.0,0.0,2022092501,58872.0,,202209250chi,,401437737,5913.0,7,7,141.0,-156.0,3.0,-107.0,-103.0,40.0,-107.0,-105.0,0,outdoors,grass,,,00-0036898,00-0036945,Davis Mills,Justin Fields,Lovie Smith,Matt Eberflus,Clete Blakeman,CHI98,Soldier Field,0,20.0,19.0,0.2,21.269096891597368,-1.0,0.0,20.4,23.2,1.0,22.06852156786775,-1.0,0.0,0,71.82543763426116,99.30129553896002,0.0,0.0,0.0,0.0
2022_03_KC_IND,2022,REG,3,2022-09-25,Sunday,13:00,KC,17.0,IND,20.0,Home,3.0,37.0,0.0,2022092502,58873.0,,202209250clt,,401437638,5914.0,10,7,-199.0,177.0,-4.5,103.0,-114.0,51.0,-105.0,-107.0,0,open,fieldturf,,,00-0033873,00-0026143,Patrick Mahomes,Matt Ryan,Andy Reid,Frank Reich,Shawn Smith,IND00,Lucas Oil Stadium,0,14.6,21.8,-0.8,11.931316972633702,-1.0,0.0,35.8,25.8,-0.4,34.55737419571689,2.0,0.0,-3,79.02375384277559,120.62548562548564,1.0,0.0,0.0,0.0
2022_03_BUF_MIA,2022,REG,3,2022-09-25,Sunday,13:00,BUF,19.0,MIA,21.0,Home,2.0,40.0,0.0,2022092503,58874.0,,202209250mia,,401437738,5915.0,6,7,-196.0,175.0,-4.0,-104.0,-106.0,54.0,-103.0,-109.0,1,outdoors,grass,,,00-0034857,00-0036212,Josh Allen,Tua Tagovailoa,Sean McDermott,Mike McDaniel,Alex Kemp,MIA00,Hard Rock Stadium,0,23.6,21.2,0.6,23.75542019667928,3.0,0.0,36.4,17.2,0.6,36.70514396067416,2.0,0.0,1,93.54258986627408,123.58900385954716,0.0,0.0,2.0,0.0
2022_03_DET_MIN,2022,REG,3,2022-09-25,Sunday,13:00,DET,24.0,MIN,28.0,Home,4.0,52.0,0.0,2022092504,58875.0,,202209250min,,401437739,5916.0,7,6,232.0,-266.0,6.5,-101.0,-110.0,52.0,-117.0,104.0,1,dome,sportturf,,,00-0033106,00-0029604,Jared Goff,Kirk Cousins,Dan Campbell,Kevin O'Connell,John Hussey,MIN01,U.S. Bank Stadium,1,18.8,23.0,0.8,16.9048678701782,-1.0,0.0,30.6,33.2,0.0,28.99270534839002,1.0,0.0,-1,94.98476072221067,106.3354055412879,1.0,0.0,1.0,0.0
2022_03_BAL_NE,2022,REG,3,2022-09-25,Sunday,13:00,BAL,37.0,NE,26.0,Home,-11.0,63.0,0.0,2022092505,58876.0,,202209250nwe,,401437631,5917.0,7,7,-143.0,129.0,-2.5,-114.0,104.0,45.5,-109.0,-103.0,0,outdoors,fieldturf,,,00-0034796,00-0036972,Lamar Jackson,Mac Jones,John Harbaugh,Bill Belichick,Bill Vinovich,BOS00,Gillette Stadium,0,23.0,24.8,-1.2,24.691965811509373,1.0,0.0,23.0,25.6,0.2,23.78749819936618,-1.0,0.0,0,92.37176274018378,90.38343138397019,0.0,0.0,0.0,0.0
2022_03_CIN_NYJ,2022,REG,3,2022-09-25,Sunday,13:00,CIN,27.0,NYJ,12.0,Home,-15.0,39.0,0.0,2022092506,58877.0,,202209250nyj,,401437740,5918.0,7,7,-247.0,220.0,-6.5,104.0,-115.0,46.0,-106.0,-106.0,0,outdoors,fieldturf,,,00-0036442,00-0026158,Joe Burrow,Joe Flacco,Zac Taylor,Robert Saleh,Jerome Boger,NYC01,MetLife Stadium,0,20.0,26.0,0.0,20.060196180174422,1.0,0.0,20.6,21.2,0.2,22.587780898876403,-3.0,0.0,0,111.33401526674831,86.42790715469464,1.0,0.0,1.0,0.0
2022_03_LV_TEN,2022,REG,3,2022-09-25,Sunday,13:00,LV,22.0,TEN,24.0,Home,2.0,46.0,0.0,2022092507,58878.0,,202209250oti,,401437741,5919.0,7,6,-130.0,117.0,-1.5,-113.0,103.0,45.5,-109.0,-103.0,0,outdoors,grass,,,00-0031280,00-0029701,Derek Carr,Ryan Tannehill,Josh McDaniels,Mike Vrabel,Brad Rogers,NAS00,Nissan Stadium,0,21.0,21.8,0.2,22.207087962378484,-3.0,0.0,23.8,26.2,-1.4,21.33290418227216,-3.0,0.0,-1,94.35337752525253,82.19811623037431,2.0,0.0,2.0,0.0
2022_03_PHI_WAS,2022,REG,3,2022-09-25,Sunday,13:00,PHI,24.0,WAS,8.0,Home,-16.0,32.0,0.0,2022092508,58879.0,,202209250was,,401437742,5920.0,6,7,-240.0,210.0,-6.0,102.0,-112.0,47.0,-101.0,-111.0,1,outdoors,grass,,,00-0036389,00-0032950,Jalen Hurts,Carson Wentz,Nick Sirianni,Ron Rivera,Ron Torbert,WAS00,FedExField,0,21.4,28.2,-0.6,19.68153547377667,-1.0,0.0,24.6,28.0,0.4,24.984685706490986,2.0,0.0,1,94.96831921018455,88.54886793440735,0.0,0.0,0.0,0.0
2022_03_JAX_LAC,2022,REG,3,2022-09-25,Sunday,16:05,JAX,38.0,LAC,10.0,Home,-28.0,48.0,0.0,2022092509,58880.0,,202209250sdg,,401437743,5921.0,7,10,220.0,-252.0,6.5,-106.0,-104.0,46.0,-112.0,-100.0,0,dome,matrixturf,,,00-0036971,00-0036355,Trevor Lawrence,Justin Herbery,Doug Pederson,Brandon Staley,Craig Wrolstad,LAX01,SoFi Stadium,1,28.6,27.0,-0.4,30.07497829180006,-1.0,0.0,20.6,23.0,0.6,21.227567815549907,1.0,0.0,3,103.40058210784314,90.60578406932574,1.0,0.0,0.0,0.0
2022_03_LA_ARI,2022,REG,3,2022-09-25,Sunday,16:25,LA,20.0,ARI,12.0,Home,-8.0,32.0,0.0,2022092510,58881.0,,202209250crd,,401437744,5922.0,7,7,-171.0,153.0,-3.5,104.0,-115.0,49.0,-114.0,102.0,1,closed,grass,,,00-0026498,00-0035228,Matthew Stafford,Kyler Murray,Sean McVay,Kliff Kingsbury,Adrian Hill,PHO00,State Farm Stadium,1,23.2,32.2,0.2,23.31123295613579,1.0,0.0,22.8,24.4,-0.6,25.85348416136456,1.0,0.0,0,83.68742503749138,94.21230031379261,0.0,0.0,3.0,0.0
2022_03_ATL_SEA,2022,REG,3,2022-09-25,Sunday,16:25,ATL,27.0,SEA,23.0,Home,-4.0,50.0,0.0,2022092511,58882.0,,202209250sea,,401437745,5923.0,7,7,-104.0,-106.0,1.0,-112.0,102.0,43.0,103.0,-115.0,0,outdoors,fieldturf,,,00-0032268,00-0030565,Marcus Mariota,Geno Smith,Arthur Smith,Pete Carroll,Tra Blake,SEA00,Lumen Field,0,27.4,25.4,0.4,27.728727447545403,-1.0,0.0,21.6,26.6,-0.4,28.69976867151355,-4.0,0.0,0,104.37182088744589,71.05550699300699,1.0,0.0,1.0,0.0
2022_03_GB_TB,2022,REG,3,2022-09-25,Sunday,16:25,GB,14.0,TB,12.0,Home,-2.0,26.0,0.0,2022092512,58883.0,,202209250tam,,401437607,5924.0,7,7,112.0,-123.0,1.0,105.0,-115.0,41.5,-103.0,-109.0,0,outdoors,grass,,,00-0023459,00-0019596,Aaron Rodgers,Tom Brady,Matt LaFleur,Todd Bowles,Scott Novak,TAM00,Raymond James Stadium,0,27.6,15.0,1.8,30.26324042762081,2.0,0.0,22.2,18.6,-1.0,22.187997166152925,1.0,0.0,0,96.87761290702468,108.21267115840085,2.0,0.0,1.0,0.0
2022_03_SF_DEN,2022,REG,3,2022-09-25,Sunday,20:20,SF,10.0,DEN,11.0,Home,1.0,21.0,0.0,2022092513,58884.0,,202209250den,,401437746,5925.0,7,7,-110.0,-101.0,-1.0,-102.0,-108.0,44.0,101.0,-114.0,0,outdoors,grass,,,00-0031345,00-0029263,Jimmy Garoppolo,Russell Wilson,Kyle Shanahan,Nathaniel Hackett,Shawn Hochuli,DEN00,Empower Field at Mile High,0,16.4,21.0,0.2,15.107651172168554,1.0,0.0,18.0,14.6,0.0,17.926810237203494,1.0,1.0,0,103.12547979492733,79.8452798663325,0.0,0.0,1.0,0.0
2022_03_DAL_NYG,2022,REG,3,2022-09-26,Monday,20:15,DAL,23.0,NYG,16.0,Home,-7.0,39.0,0.0,2022092600,58885.0,,202209260nyg,,401437747,5926.0,8,8,109.0,-120.0,1.0,103.0,-113.0,38.5,-102.0,-110.0,1,outdoors,fieldturf,,,00-0033662,00-0035710,Cooper Rush,Daniel Jones,Mike McCarthy,Brian Daboll,Land Clark,NYC01,MetLife Stadium,0,12.0,24.2,-1.6,11.312745024479002,2.0,0.0,22.6,22.0,-0.2,26.867570963926674,1.0,1.0,0,91.82406997886874,102.17638544251447,1.0,0.0,2.0,1.0
2022_04_MIA_CIN,2022,REG,4,2022-09-29,Thursday,20:15,MIA,15.0,CIN,27.0,Home,12.0,42.0,0.0,2022092900,58886.0,,202209290cin,,401437748,5927.0,4,4,169.0,-190.0,4.0,-107.0,-103.0,48.5,-103.0,-109.0,0,outdoors,fieldturf,,,00-0036212,00-0036442,Tua Tagovailoa,Joe Burrow,Mike McDaniel,Zac Taylor,Tra Blake,CIN00,Paycor Stadium,0,22.2,20.4,0.4,21.576967984296736,1.0,0.0,23.8,24.4,0.6,24.888388212650852,4.0,0.0,0,90.79915340094088,100.00982633351055,1.0,0.0,0.0,0.0
2022_04_MIN_NO,2022,REG,4,2022-10-02,Sunday,09:30,MIN,28.0,NO,25.0,Neutral,-3.0,53.0,0.0,2022100200,58887.0,,202210020nor,,401435639,5928.0,7,7,-199.0,177.0,-4.0,-103.0,-107.0,42.0,-110.0,-102.0,0,outdoors,,,,00-0029604,00-0027973,Kirk Cousins,Andy Dalton,Kevin O'Connell,Dennis Allen,Clete Blakeman,LON02,Tottenham Stadium,0,19.8,19.6,-0.2,17.719416077565484,-2.0,1.0,19.8,21.8,0.4,16.275038638928415,1.0,0.0,0,77.52721198840631,99.83994364903995,4.0,1.0,0.0,0.0
2022_04_CLE_ATL,2022,REG,4,2022-10-02,Sunday,13:00,CLE,20.0,ATL,23.0,Home,3.0,43.0,0.0,2022100201,58888.0,,202210020atl,,401437749,5929.0,10,7,-107.0,-103.0,-1.0,-101.0,-109.0,48.0,-100.0,-112.0,0,open,fieldturf,,,00-0033119,00-0032268,Jacoby Brissett,Marcus Mariota,Kevin Stefanski,Arthur Smith,Craig Wrolstad,ATL97,Mercedes-Benz Stadium,0,23.0,28.0,-0.6,29.121017975008822,1.0,0.0,24.0,22.8,-0.2,20.4723089717913,1.0,0.0,-3,76.80273892773893,83.44705709083328,0.0,0.0,1.0,0.0
2022_04_BUF_BAL,2022,REG,4,2022-10-02,Sunday,13:00,BUF,23.0,BAL,20.0,Home,-3.0,43.0,0.0,2022100202,58889.0,,202210020rav,,401437750,5930.0,7,7,-172.0,154.0,-3.0,-117.0,106.0,50.0,-103.0,-109.0,0,outdoors,grass,,,00-0034857,00-0034796,Josh Allen,Lamar Jackson,Sean McDermott,John Harbaugh,Jerome Boger,BAL00,M&T Bank Stadium,0,26.2,22.6,0.8,25.956134190814108,1.0,0.0,34.8,19.4,0.4,37.57432004210797,-1.0,0.0,0,103.15552190121157,125.82974460028791,2.0,0.0,1.0,0.0
2022_04_WAS_DAL,2022,REG,4,2022-10-02,Sunday,13:00,WAS,10.0,DAL,25.0,Home,15.0,35.0,0.0,2022100204,58890.0,,202210020dal,,401437751,5931.0,7,6,140.0,-155.0,3.0,-110.0,-101.0,40.5,-101.0,-111.0,1,closed,matrixturf,,,00-0032950,00-0033662,Carson Wentz,Cooper Rush,Ron Rivera,Mike McCarthy,Shawn Smith,DAL00,AT&T Stadium,1,22.8,20.2,0.2,26.878987708475055,2.0,0.0,20.2,21.8,-0.4,17.388459380994792,-2.0,0.0,-1,103.75792666115247,86.57476993000736,1.0,1.0,0.0,0.0
2022_04_SEA_DET,2022,REG,4,2022-10-02,Sunday,13:00,SEA,48.0,DET,45.0,Home,-3.0,93.0,0.0,2022100205,58891.0,,202210020det,,401437752,5932.0,7,7,151.0,-169.0,3.0,103.0,-113.0,48.5,-112.0,-101.0,0,dome,fieldturf,,,00-0030565,00-0033106,Geno Smith,Jared Goff,Pete Carroll,Dan Campbell,Clay Martin,DET00,Ford Field,1,32.2,34.8,0.0,30.818921395924583,-1.0,0.0,27.2,25.8,0.6,27.137263270734906,-2.0,0.0,0,107.29850747999959,104.27949134199135,2.0,0.0,0.0,0.0
2022_04_LAC_HOU,2022,REG,4,2022-10-02,Sunday,13:00,LAC,34.0,HOU,24.0,Home,-10.0,58.0,0.0,2022100206,58892.0,,202210020htx,,401437753,5933.0,7,7,-234.0,205.0,-5.5,-106.0,-104.0,45.0,102.0,-115.0,0,closed,astroturf,,,00-0036355,00-0036898,Justin Herbert,Davis Mills,Brandon Staley,Lovie Smith,Alex Kemp,HOU00,NRG Stadium,1,16.2,22.0,0.4,19.259055292726195,-2.0,0.0,24.8,26.4,-0.2,26.03052817342634,-2.0,0.0,0,87.27872609451558,99.78947099673204,0.0,0.0,1.0,0.0
2022_04_TEN_IND,2022,REG,4,2022-10-02,Sunday,13:00,TEN,24.0,IND,17.0,Home,-7.0,41.0,0.0,2022100207,58893.0,,202210020clt,,401437754,5934.0,7,7,182.0,-205.0,4.5,-105.0,-105.0,43.0,-102.0,-110.0,1,open,fieldturf,,,00-0029701,00-0026143,Ryan Tannehill,Matt Ryan,Mike Vrabel,Frank Reich,Scott Novak,IND00,Lucas Oil Stadium,0,14.2,22.0,-1.0,11.604431576123186,1.0,0.0,19.0,25.6,-0.2,17.82258459628952,1.0,0.0,0,77.04646405298578,88.61263678451179,1.0,0.0,2.0,0.0
2022_04_CHI_NYG,2022,REG,4,2022-10-02,Sunday,13:00,CHI,12.0,NYG,20.0,Home,8.0,32.0,0.0,2022100208,58894.0,,202210020nyg,,401437755,5935.0,7,6,130.0,-144.0,3.0,-120.0,109.0,39.0,-103.0,-110.0,0,outdoors,fieldturf,,,00-0036945,00-0035710,Justin Fields,Daniel Jones,Matt Eberflus,Brian Daboll,Carl Cheffers,NYC01,MetLife Stadium,0,13.2,22.0,-1.4,12.041951044635237,-1.0,0.0,19.6,18.2,0.2,20.08713727849263,1.0,0.0,-1,82.57857448337325,64.90253210841446,1.0,0.0,2.0,0.0
2022_04_JAX_PHI,2022,REG,4,2022-10-02,Sunday,13:00,JAX,21.0,PHI,29.0,Home,8.0,50.0,0.0,2022100209,58895.0,,202210020phi,,401437756,5936.0,7,7,223.0,-256.0,6.5,-109.0,-102.0,44.0,-102.0,-111.0,0,outdoors,grass,,,00-0036971,00-0036389,Trevor Lawrence,Jalen Hurts,Doug Pederson,Nick Sirianni,Shawn Hochuli,PHI00,Lincoln Financial Field,0,25.4,26.4,0.4,25.75088127609787,3.0,0.0,24.0,19.8,1.2,24.596494626725665,2.0,0.0,0,92.7483753235699,96.20407466761633,1.0,0.0,0.0,0.0
2022_04_NYJ_PIT,2022,REG,4,2022-10-02,Sunday,13:00,NYJ,24.0,PIT,20.0,Home,-4.0,44.0,0.0,2022100210,58896.0,,202210020pit,,401437757,5937.0,7,10,145.0,-161.0,3.0,-102.0,-108.0,41.0,102.0,-115.0,0,outdoors,grass,,,00-0037013,00-0033869,Zach Wilson,Mitch Trubisky,Robert Saleh,Mike Tomlin,Brad Rogers,PIT00,Acrisure Stadium,0,18.2,24.2,1.6,16.90368471873152,-2.0,0.0,17.2,27.2,-0.8,18.29142332677373,-1.0,1.0,3,76.03669092238171,77.02758171779911,1.0,0.0,1.0,0.0
2022_04_ARI_CAR,2022,REG,4,2022-10-02,Sunday,16:05,ARI,26.0,CAR,16.0,Home,-10.0,42.0,0.0,2022100203,58897.0,,202210020car,,401437758,5938.0,7,7,102.0,-113.0,1.0,-104.0,-106.0,44.0,-113.0,100.0,0,outdoors,grass,,,00-0035228,00-0034855,Kyler Murray,Baker Mayfield,Kliff Kingsbury,Matt Rhule,John Hussey,CAR00,Bank of America Stadium,0,17.8,23.6,-0.8,20.265246975806452,1.0,0.0,20.6,31.8,0.2,19.683091646229016,-1.0,0.0,0,70.28602316775337,78.15127863700741,0.0,0.0,1.0,0.0
2022_04_NE_GB,2022,REG,4,2022-10-02,Sunday,16:25,NE,24.0,GB,27.0,Home,3.0,51.0,1.0,2022100211,58898.0,,202210020gnb,,401437759,5939.0,7,7,358.0,-435.0,10.0,-120.0,109.0,40.5,-111.0,-101.0,0,outdoors,grass,,,00-0026625,00-0023459,Brian Hoyer,Aaron Rodgers,Bill Belichick,Matt LaFleur,Adrian Hill,GNB00,Lambeau Field,0,17.6,19.0,-1.0,19.487497246089447,2.0,0.0,18.2,30.2,-2.2,19.76430828651685,-1.0,1.0,0,106.02595436642089,130.55555555555557,0.0,0.0,1.0,1.0
2022_04_DEN_LV,2022,REG,4,2022-10-02,Sunday,16:25,DEN,23.0,LV,32.0,Home,9.0,55.0,0.0,2022100212,58899.0,,202210020rai,,401437760,5940.0,7,7,124.0,-137.0,2.5,-101.0,-109.0,45.5,-110.0,-102.0,1,dome,grass,,,00-0029263,00-0031280,Russell Wilson,Derek Carr,Nathaniel Hackett,Josh McDaniels,Land Clark,VEG00,Allegiant Stadium,1,23.6,27.0,-1.0,20.40856160847945,-4.0,0.0,16.0,19.6,0.2,16.669949002860815,2.0,0.0,0,82.38934301434303,97.47171997450084,1.0,0.0,1.0,0.0
2022_04_KC_TB,2022,REG,4,2022-10-02,Sunday,20:20,KC,41.0,TB,31.0,Home,-10.0,72.0,0.0,2022100213,58900.0,,202210020tam,,401437470,5941.0,7,7,113.0,-125.0,1.0,107.0,-118.0,46.5,102.0,-115.0,0,outdoors,grass,,,00-0033873,00-0019596,Patrick Mahomes,Tom Brady,Andy Reid,Todd Bowles,Bill Vinovich,TAM00,Raymond James Stadium,0,21.8,14.4,1.4,26.47385073094116,-1.0,0.0,30.8,25.6,0.0,29.8841774778949,-1.0,0.0,0,90.47907150848327,108.67829392829394,0.0,0.0,0.0,0.0
2022_04_LA_SF,2022,REG,4,2022-10-03,Monday,20:15,LA,9.0,SF,24.0,Home,15.0,33.0,0.0,2022100300,58901.0,,202210030sfo,,401437761,5942.0,8,8,112.0,-124.0,1.0,106.0,-116.0,42.0,-109.0,-103.0,1,outdoors,grass,,,00-0026498,00-0031345,Matthew Stafford,Jimmy Garoppolo,Sean McVay,Kyle Shanahan,Brad Allen,SFO01,Levi's Stadium,0,15.4,13.4,-0.6,14.967806619737376,-1.0,1.0,20.8,21.4,-0.4,19.97558855002675,2.0,0.0,0,78.5952798663325,90.6965108401084,1.0,0.0,3.0,0.0
2022_05_IND_DEN,2022,REG,5,2022-10-06,Thursday,20:15,IND,12.0,DEN,9.0,Home,-3.0,21.0,1.0,2022100600,58902.0,,202210060den,,401437762,5943.0,4,4,159.0,-178.0,3.5,-114.0,104.0,42.0,-106.0,-106.0,0,outdoors,grass,,,00-0026143,00-0029263,Matt Ryan,Russell Wilson,Frank Reich,Nathaniel Hackett,Brad Rogers,DEN00,Empower Field at Mile High,0,18.0,19.2,-0.2,19.142187202437633,-1.0,0.0,13.6,22.2,-2.0,11.06605980636596,-1.0,0.0,0,95.84585790553533,82.02002457002456,1.0,0.0,3.0,0.0
2022_05_NYG_GB,2022,REG,5,2022-10-09,Sunday,09:30,NYG,27.0,GB,22.0,Neutral,-5.0,49.0,0.0,2022100900,58903.0,,202210090gnb,,401435640,5944.0,7,7,331.0,-397.0,8.5,104.0,-115.0,42.0,-110.0,-102.0,0,outdoors,,,,00-0035710,00-0023459,Daniel Jones,Aaron Rodgers,Brian Daboll,Matt LaFleur,Alex Kemp,LON02,Tottenham Stadium,0,17.0,16.4,-0.6,18.713073844098382,3.0,0.0,16.6,18.6,-0.8,16.245977596245595,1.0,0.0,0,96.71775330821984,86.26784573843398,0.0,0.0,1.0,0.0
2022_05_PIT_BUF,2022,REG,5,2022-10-09,Sunday,13:00,PIT,3.0,BUF,38.0,Home,35.0,41.0,0.0,2022100901,58904.0,,202210090buf,,401437763,5945.0,7,7,568.0,-749.0,14.0,-108.0,-102.0,44.0,-103.0,-110.0,0,outdoors,a_turf,,,00-0038102,00-0034857,Kenny Pickett,Josh Allen,Mike Tomlin,Sean McDermott,John Hussey,BUF00,New Era Field,0,30.0,20.0,0.0,32.39165520871377,1.0,0.0,19.0,26.4,0.8,17.64670382724719,-3.0,1.0,0,107.9936334891768,65.06410256410257,3.0,0.0,1.0,0.0
2022_05_LAC_CLE,2022,REG,5,2022-10-09,Sunday,13:00,LAC,30.0,CLE,28.0,Home,-2.0,58.0,0.0,2022100902,58905.0,,202210090cle,,401437764,5946.0,7,7,-114.0,103.0,-1.0,-106.0,-104.0,47.0,-114.0,102.0,0,outdoors,grass,,,00-0036355,00-0033119,Justin Herbert,Jacoby Brissett,Brandon Staley,Kevin Stefanski,Adrian Hill,CLE00,FirstEnergy Stadium,0,25.2,22.2,-0.2,21.659515930429425,-1.0,0.0,24.8,28.6,0.2,24.52613687793935,1.0,0.0,0,84.15691312627072,99.51169321895425,0.0,0.0,1.0,0.0
2022_05_HOU_JAX,2022,REG,5,2022-10-09,Sunday,13:00,HOU,13.0,JAX,6.0,Home,-7.0,19.0,0.0,2022100903,58906.0,,202210090jax,,401437765,5947.0,7,7,261.0,-304.0,7.0,-113.0,102.0,44.0,-112.0,-101.0,1,outdoors,grass,,,00-0036898,00-0036971,Davis Mills,Trevor Lawrence,Lovie Smith,Doug Pederson,Ron Torbert,JAX00,TIAA Bank Stadium,0,26.2,15.6,1.0,24.658327481273407,-1.0,0.0,19.6,24.2,0.2,22.35962149585745,-3.0,0.0,0,101.65026361018208,89.90298204689653,0.0,0.0,0.0,0.0
2022_05_CHI_MIN,2022,REG,5,2022-10-09,Sunday,13:00,CHI,22.0,MIN,29.0,Home,7.0,51.0,0.0,2022100904,58907.0,,202210090min,,401437766,5948.0,7,7,322.0,-385.0,10.0,-116.0,105.0,44.0,-106.0,-106.0,1,dome,sportturf,,,00-0036945,00-0029604,Justin Fields,Kirk Cousins,Matt Eberflus,Kevin O'Connell,Shawn Hochuli,MIN01,U.S. Bank Stadium,1,23.4,19.4,0.2,20.614433425651626,2.0,0.0,16.2,21.6,-0.4,16.878323365396575,-1.0,0.0,0,98.04169803500486,66.08940079528314,0.0,0.0,1.0,0.0
2022_05_DET_NE,2022,REG,5,2022-10-09,Sunday,13:00,DET,0.0,NE,29.0,Home,29.0,29.0,0.0,2022100905,58908.0,,202210090nwe,,401437767,5949.0,7,7,133.0,-148.0,3.0,-113.0,102.0,46.5,101.0,-114.0,0,outdoors,fieldturf,,,00-0033106,00-0038108,Jared Goff,Bailey Zappe,Dan Campbell,Bill Belichick,Craig Wrolstad,BOS00,Gillette Stadium,0,18.2,29.0,-1.4,19.21016880184816,-2.0,1.0,35.4,34.2,0.0,32.19031577376106,-2.0,0.0,0,107.36111111111111,103.6553450868372,1.0,0.0,2.0,0.0
2022_05_SEA_NO,2022,REG,5,2022-10-09,Sunday,13:00,SEA,32.0,NO,39.0,Home,7.0,71.0,0.0,2022100906,58909.0,,202210090nor,,401437768,5950.0,7,7,201.0,-229.0,5.5,-106.0,-104.0,45.5,-113.0,100.0,0,dome,sportturf,,,00-0030565,00-0027973,Geno Smith,Andy Dalton,Pete Carroll,Dennis Allen,Brad Allen,NOR00,Mercedes-Benz Superdome,1,21.2,23.2,-0.4,20.35973448368111,-3.0,1.0,26.6,29.0,0.6,23.95673731699013,1.0,0.0,0,77.78601116024896,111.94363275613276,2.0,0.0,0.0,0.0
2022_05_MIA_NYJ,2022,REG,5,2022-10-09,Sunday,13:00,MIA,17.0,NYJ,40.0,Home,23.0,57.0,0.0,2022100907,58910.0,,202210090nyj,,401437769,5951.0,10,7,-162.0,146.0,-3.0,-110.0,100.0,46.0,-101.0,-111.0,1,outdoors,fieldturf,,,00-0031237,00-0037013,Teddy Bridgewater,Zach Wilson,Mike McDaniel,Robert Saleh,Clay Martin,NYC01,MetLife Stadium,0,17.2,25.6,-0.4,17.282465812307567,1.0,1.0,26.2,23.0,0.6,26.99816877511687,-1.0,1.0,-3,76.86885155906896,74.12024044795784,2.0,0.0,1.0,1.0
2022_05_ATL_TB,2022,REG,5,2022-10-09,Sunday,13:00,ATL,15.0,TB,21.0,Home,6.0,36.0,0.0,2022100908,58911.0,,202210090tam,,401437770,5952.0,7,7,355.0,-430.0,10.5,-113.0,102.0,46.0,101.0,-113.0,1,outdoors,grass,,,00-0032268,00-0019596,Marcus Mariota,Tom Brady,Arthur Smith,Todd Bowles,Jerome Boger,TAM00,Raymond James Stadium,0,21.8,19.6,1.0,25.593223679600083,-2.0,0.0,24.6,26.2,-0.8,29.431112823747856,2.0,0.0,0,90.37122327563505,77.1536161207214,2.0,0.0,1.0,0.0
2022_05_TEN_WAS,2022,REG,5,2022-10-09,Sunday,13:00,TEN,21.0,WAS,17.0,Home,-4.0,38.0,0.0,2022100909,58912.0,,202210090was,,401437771,5953.0,7,7,-110.0,-100.0,-1.0,-102.0,-108.0,43.0,-106.0,-106.0,0,outdoors,grass,,,00-0029701,00-0032950,Ryan Tannehill,Carson Wentz,Mike Vrabel,Ron Rivera,Land Clark,WAS00,FedExField,0,19.0,22.8,-0.6,16.01372526412879,-3.0,0.0,18.2,24.0,0.4,17.71972467067028,2.0,0.0,0,80.5738880957922,85.94522607022607,2.0,0.0,2.0,0.0
2022_05_SF_CAR,2022,REG,5,2022-10-09,Sunday,16:05,SF,37.0,CAR,15.0,Home,-22.0,52.0,0.0,2022100910,58913.0,,202210090car,,401437772,5954.0,6,7,-234.0,206.0,-6.0,-102.0,-109.0,40.0,-104.0,-108.0,0,outdoors,grass,,,00-0031345,00-0034855,Jimmy Garoppolo,Baker Mayfield,Kyle Shanahan,Matt Rhule,Shawn Smith,CAR00,Bank of America Stadium,0,19.0,25.2,-0.8,18.889429448884314,-1.0,0.0,17.6,13.2,-0.2,17.77929086852525,1.0,0.0,1,71.6054676121978,85.25083542188806,0.0,0.0,2.0,0.0
2022_05_PHI_ARI,2022,REG,5,2022-10-09,Sunday,16:25,PHI,20.0,ARI,17.0,Home,-3.0,37.0,0.0,2022100911,58914.0,,202210090crd,,401437773,5955.0,7,7,-222.0,196.0,-5.5,101.0,-111.0,48.5,101.0,-113.0,0,closed,grass,,,00-0036389,00-0035228,Jalen Hurts,Kyler Murray,Nick Sirianni,Kliff Kingsbury,Tra Blake,PHO00,State Farm Stadium,1,19.8,27.4,0.4,18.66602929039035,1.0,0.0,26.0,20.4,1.4,25.57849753357084,4.0,0.0,0,78.28015150025529,89.125298400493,1.0,0.0,2.0,0.0
2022_05_DAL_LA,2022,REG,5,2022-10-09,Sunday,16:25,DAL,22.0,LA,10.0,Home,-12.0,32.0,0.0,2022100912,58915.0,,202210090ram,,401437774,5956.0,7,6,195.0,-220.0,5.5,-112.0,102.0,42.0,-106.0,-106.0,0,dome,matrixturf,,,00-0033662,00-0026498,Cooper Rush,Matthew Stafford,Mike McCarthy,Sean McVay,Bill Vinovich,LAX01,SoFi Stadium,1,18.6,22.8,-0.8,18.203324294588434,-1.0,0.0,17.6,17.0,0.4,19.335843571022604,3.0,0.0,-1,85.6478997289973,95.39372913028828,3.0,0.0,1.0,0.0
2022_05_CIN_BAL,2022,REG,5,2022-10-09,Sunday,20:20,CIN,17.0,BAL,19.0,Home,2.0,36.0,0.0,2022100913,58916.0,,202210090rav,,401437775,5957.0,10,7,151.0,-168.0,3.0,103.0,-114.0,47.5,-104.0,-108.0,1,outdoors,grass,,,00-0036442,00-0034796,Joe Burrow,Lamar Jackson,Zac Taylor,John Harbaugh,Scott Novak,BAL00,M&T Bank Stadium,0,26.4,23.2,0.6,26.2463651289761,-1.0,0.0,22.2,18.6,0.6,21.68895916760624,2.0,0.0,-3,99.73132183908046,96.68200569296127,2.0,0.0,0.0,0.0
2022_05_LV_KC,2022,REG,5,2022-10-10,Monday,20:15,LV,29.0,KC,30.0,Home,1.0,59.0,0.0,2022101000,58917.0,,202210100kan,,401437776,5958.0,8,8,275.0,-321.0,7.5,-125.0,113.0,51.5,-109.0,-103.0,1,outdoors,grass,,,00-0031280,00-0033873,Derek Carr,Patrick Mahomes,Josh McDaniels,Andy Reid,Carl Cheffers,KAN00,GEHA Field at Arrowhead Stadium,0,30.6,24.6,0.2,29.947404484645496,1.0,0.0,23.0,25.2,-0.8,20.948345188474082,1.0,0.0,0,103.5953700953701,80.02278528013824,0.0,0.0,1.0,0.0
2022_06_WAS_CHI,2022,REG,6,2022-10-13,Thursday,20:15,WAS,12.0,CHI,7.0,Home,-5.0,19.0,0.0,2022101300,58918.0,,202210130chi,,401437777,5959.0,4,4,-120.0,109.0,-1.0,-112.0,102.0,38.5,-105.0,-107.0,0,outdoors,grass,,,00-0032950,00-0036945,Carson Wentz,Justin Fields,Ron Rivera,Matt Eberflus,Adrian Hill,CHI98,Soldier Field,0,17.2,21.2,0.0,19.195149775725007,-2.0,0.0,18.0,25.6,-1.4,15.661789529267152,-4.0,0.0,0,70.51247771836007,86.21590261484846,0.0,0.0,4.0,0.0
2022_06_SF_ATL,2022,REG,6,2022-10-16,Sunday,13:00,SF,14.0,ATL,28.0,Home,14.0,42.0,0.0,2022101600,58919.0,,202210160atl,,401437778,5960.0,7,7,-185.0,166.0,-3.5,-100.0,-110.0,46.0,-109.0,-103.0,0,open,fieldturf,,,00-0031345,00-0032268,Jimmy Garoppolo,Marcus Mariota,Kyle Shanahan,Arthur Smith,Carl Cheffers,ATL97,Mercedes-Benz Stadium,0,23.6,24.4,-0.2,26.44204509987515,-1.0,0.0,21.6,12.2,-0.2,21.102771081995254,2.0,0.0,0,77.80361612072139,95.71428571428571,1.0,0.0,4.0,0.0
2022_06_NE_CLE,2022,REG,6,2022-10-16,Sunday,13:00,NE,38.0,CLE,15.0,Home,-23.0,53.0,0.0,2022101601,58920.0,,202210160cle,,401437779,5961.0,7,7,127.0,-140.0,2.5,101.0,-111.0,43.0,-104.0,-108.0,0,outdoors,grass,,,00-0038108,00-0033119,Bailey Zappe,Jacoby Brissett,Bill Belichick,Kevin Stefanski,Scott Novak,CLE00,FirstEnergy Stadium,0,26.6,25.0,0.0,22.3858037224334,-2.0,0.0,20.6,19.6,-0.8,18.976683789431235,1.0,0.0,0,85.97490119106185,103.68055555555556,2.0,0.0,0.0,0.0
2022_06_NYJ_GB,2022,REG,6,2022-10-16,Sunday,13:00,NYJ,27.0,GB,10.0,Home,-17.0,37.0,0.0,2022101602,58921.0,,202210160gnb,,401437780,5962.0,7,7,305.0,-362.0,7.5,-101.0,-109.0,44.5,-101.0,-111.0,0,outdoors,grass,,,00-0037013,00-0023459,Zach Wilson,Aaron Rodgers,Robert Saleh,Matt LaFleur,Clete Blakeman,GNB00,Lambeau Field,0,19.4,19.2,-0.6,20.866807116104866,-1.0,0.0,23.2,23.6,0.0,22.587780898876403,2.0,0.0,0,97.60413703943115,80.73358585858587,0.0,0.0,0.0,0.0
2022_06_JAX_IND,2022,REG,6,2022-10-16,Sunday,13:00,JAX,27.0,IND,34.0,Home,7.0,61.0,0.0,2022101603,58922.0,,202210160clt,,401437781,5963.0,7,10,110.0,-122.0,1.0,103.0,-114.0,41.0,100.0,-113.0,1,open,fieldturf,,,00-0036971,00-0026143,Trevor Lawrence,Matt Ryan,Doug Pederson,Frank Reich,Jerome Boger,IND00,Lucas Oil Stadium,0,13.8,18.8,-1.6,12.428683269716682,1.0,0.0,22.2,16.0,0.2,19.99396873823988,-2.0,0.0,3,78.5752105764301,90.0872095321679,2.0,0.0,0.0,0.0
2022_06_MIN_MIA,2022,REG,6,2022-10-16,Sunday,13:00,MIN,24.0,MIA,16.0,Home,-8.0,40.0,0.0,2022101604,58923.0,,202210160mia,,401437782,5964.0,7,7,-175.0,157.0,-3.0,-120.0,109.0,45.0,-107.0,-105.0,0,outdoors,grass,,,00-0029604,00-0031237,Kirk Cousins,Teddy Bridgewater,Kevin O'Connell,Mike McDaniel,Brad Rogers,MIA00,Hard Rock Stadium,0,23.0,26.2,-0.4,22.277828502322354,-2.0,1.0,23.0,20.4,-0.2,20.714472116194468,3.0,0.0,0,69.5994071146245,88.57569655680825,1.0,0.0,0.0,0.0
2022_06_CIN_NO,2022,REG,6,2022-10-16,Sunday,13:00,CIN,30.0,NO,26.0,Home,-4.0,56.0,0.0,2022101605,58924.0,,202210160nor,,401437783,5965.0,7,7,-164.0,148.0,-3.0,-110.0,100.0,42.5,-104.0,-108.0,0,dome,sportturf,,,00-0036442,00-0027973,Joe Burrow,Andy Dalton,Zac Taylor,Dennis Allen,Land Clark,NOR00,Mercedes-Benz Superdome,1,23.0,25.6,-1.2,21.43230035784477,1.0,0.0,21.6,17.8,0.2,20.568974174356253,-1.0,0.0,0,78.09316927990707,93.0283260392816,2.0,0.0,0.0,0.0
2022_06_BAL_NYG,2022,REG,6,2022-10-16,Sunday,13:00,BAL,20.0,NYG,24.0,Home,4.0,44.0,0.0,2022101606,58925.0,,202210160nyg,,401437784,5966.0,7,7,-234.0,206.0,-5.5,-107.0,-103.0,46.0,-110.0,-102.0,0,outdoors,fieldturf,,,00-0034796,00-0035710,Lamar Jackson,Daniel Jones,John Harbaugh,Brian Daboll,Clay Martin,NYC01,MetLife Stadium,0,20.6,18.6,-0.2,22.631725997901455,2.0,0.0,27.6,23.4,1.0,28.702705009621955,1.0,0.0,0,87.49315438040928,97.17923850574714,1.0,0.0,2.0,0.0
2022_06_TB_PIT,2022,REG,6,2022-10-16,Sunday,13:00,TB,18.0,PIT,20.0,Home,2.0,38.0,0.0,2022101607,58926.0,,202210160pit,,401437785,5967.0,7,7,-386.0,323.0,-10.0,103.0,-113.0,47.0,-117.0,104.0,0,outdoors,grass,,,00-0019596,00-0038102,Tom Brady,Kenny Pickett,Todd Bowles,Mike Tomlin,Shawn Smith,PIT00,Acrisure Stadium,0,15.4,25.6,0.6,14.421717489332362,-4.0,1.0,20.6,16.6,0.6,22.28487962245469,1.0,0.0,0,69.91185897435898,94.46844549785727,5.0,0.0,1.0,0.0
2022_06_CAR_LA,2022,REG,6,2022-10-16,Sunday,16:05,CAR,10.0,LA,24.0,Home,14.0,34.0,0.0,2022101608,58927.0,,202210160ram,,401437786,5968.0,7,7,343.0,-413.0,10.0,-112.0,102.0,41.5,-109.0,-103.0,0,dome,matrixturf,,,00-0033275,00-0026498,Phillip Walker,Matthew Stafford,Steve Wilks,Sean McVay,Tra Blake,LAX01,SoFi Stadium,1,16.0,23.2,-1.0,16.397663084483774,-2.0,0.0,18.6,24.4,-0.4,19.062283335712394,-2.0,1.0,0,84.91079655439412,65.22174329501915,1.0,0.0,1.0,1.0
2022_06_ARI_SEA,2022,REG,6,2022-10-16,Sunday,16:05,ARI,9.0,SEA,19.0,Home,10.0,28.0,0.0,2022101609,58928.0,,202210160sea,,401437787,5969.0,7,7,-136.0,123.0,-2.5,-106.0,-104.0,50.0,-102.0,-110.0,1,outdoors,fieldturf,,,00-0035228,00-0030565,Kyler Murray,Geno Smith,Kliff Kingsbury,Pete Carroll,Shawn Hochuli,SEA00,Lumen Field,0,25.4,30.8,1.0,23.246743712782035,-1.0,0.0,21.0,24.6,0.6,19.79730379283825,-1.0,0.0,0,114.21724386724387,86.1851468317212,1.0,0.0,0.0,0.0
2022_06_BUF_KC,2022,REG,6,2022-10-16,Sunday,16:25,BUF,24.0,KC,20.0,Home,-4.0,44.0,0.0,2022101610,58929.0,,202210160kan,,401437788,5970.0,7,6,-146.0,132.0,-2.5,-116.0,105.0,54.0,-105.0,-107.0,0,outdoors,grass,,,00-0034857,00-0033873,Josh Allen,Patrick Mahomes,Sean McDermott,Andy Reid,Brad Allen,KAN00,GEHA Field at Arrowhead Stadium,0,31.8,25.0,0.4,30.18031229345671,2.0,0.0,30.4,12.2,0.0,31.908389373877444,2.0,0.0,-1,108.8542649472882,107.6122036722631,1.0,0.0,0.0,0.0
2022_06_DAL_PHI,2022,REG,6,2022-10-16,Sunday,20:20,DAL,17.0,PHI,26.0,Home,9.0,43.0,0.0,2022101611,58930.0,,202210160phi,,401437789,5971.0,7,7,252.0,-292.0,6.5,109.0,-120.0,42.5,-104.0,-108.0,1,outdoors,grass,,,00-0033662,00-0036389,Cooper Rush,Jalen Hurts,Mike McCarthy,Nick Sirianni,John Hussey,PHI00,Lincoln Financial Field,0,27.0,17.6,1.8,24.278267685894225,5.0,0.0,18.6,14.4,1.0,19.414636077592476,4.0,0.0,0,95.10559555811571,89.87289579695494,0.0,0.0,0.0,0.0
2022_06_DEN_LAC,2022,REG,6,2022-10-17,Monday,20:15,DEN,16.0,LAC,19.0,Home,3.0,35.0,1.0,2022101700,58931.0,,202210170sdg,,401437790,5972.0,11,8,166.0,-186.0,3.5,-103.0,-107.0,45.5,-115.0,102.0,1,dome,matrixturf,,,00-0029263,00-0036355,Russell Wilson,Justin Herbert,Nathaniel Hackett,Brandon Staley,Ron Torbert,LAX01,SoFi Stadium,1,24.4,27.2,0.4,24.172888330376498,2.0,0.0,15.0,16.0,0.0,15.344959849780167,-2.0,0.0,-3,102.18096405228758,84.67064423032166,1.0,0.0,2.0,0.0
2022_07_NO_ARI,2022,REG,7,2022-10-20,Thursday,20:15,NO,34.0,ARI,42.0,Home,8.0,76.0,0.0,2022102000,58932.0,,202210200crd,,401437791,5973.0,4,4,126.0,-140.0,2.5,-101.0,-109.0,44.0,-114.0,101.0,0,open,grass,,,00-0027973,00-0035228,Andy Dalton,Kyler Murray,Dennis Allen,Kliff Kingsbury,Jerome Boger,PHO00,State Farm Stadium,0,18.6,19.6,0.2,17.19037335184538,-2.0,0.0,22.8,26.4,-1.6,22.667315338661183,-1.0,0.0,0,79.85698043002539,82.69047619047619,3.0,0.0,3.0,0.0
2022_07_CLE_BAL,2022,REG,7,2022-10-23,Sunday,13:00,CLE,20.0,BAL,23.0,Home,3.0,43.0,0.0,2022102300,58933.0,,202210230rav,,401437792,5974.0,7,7,244.0,-282.0,6.5,100.0,-110.0,46.0,-100.0,-112.0,1,outdoors,grass,,,00-0033119,00-0034796,Jacoby Brissett,Lamar Jackson,Kevin Stefanski,John Harbaugh,Shawn Smith,BAL00,M&T Bank Stadium,0,26.8,26.4,0.6,30.32828297043525,-1.0,0.0,24.4,27.8,-0.4,22.29538244063852,-3.0,0.0,0,91.73132183908046,82.06912777058254,0.0,0.0,2.0,0.0
2022_07_TB_CAR,2022,REG,7,2022-10-23,Sunday,13:00,TB,3.0,CAR,21.0,Home,18.0,24.0,0.0,2022102301,58934.0,,202210230car,,401437793,5975.0,7,7,-680.0,524.0,-13.0,-103.0,-107.0,39.5,-116.0,103.0,1,outdoors,grass,,,00-0019596,00-0033275,Tom Brady,Phillip Walker,Todd Bowles,Steve Wilks,Craig Wrolstad,CAR00,Bank of America Stadium,0,15.8,24.0,-0.2,15.847554982337796,-3.0,1.0,20.4,20.0,0.6,20.719007659041306,-1.0,0.0,0,71.26340996168582,94.57724179415357,1.0,1.0,1.0,0.0
2022_07_ATL_CIN,2022,REG,7,2022-10-23,Sunday,13:00,ATL,17.0,CIN,35.0,Home,18.0,52.0,0.0,2022102302,58935.0,,202210230cin,,401437794,5976.0,7,7,235.0,-271.0,6.5,-100.0,-110.0,47.5,100.0,-112.0,0,outdoors,fieldturf,,,00-0032268,00-0036442,Marcus Mariota,Joe Burrow,Arthur Smith,Zac Taylor,Clete Blakeman,CIN00,Paycor Stadium,0,23.6,18.4,1.4,22.10081381482103,1.0,0.0,24.0,21.8,0.6,26.783929919616288,1.0,0.0,0,105.88486182034569,90.7852178523231,1.0,0.0,0.0,0.0
2022_07_DET_DAL,2022,REG,7,2022-10-23,Sunday,13:00,DET,6.0,DAL,24.0,Home,18.0,30.0,0.0,2022102303,58936.0,,202210230dal,,401437795,5977.0,14,7,241.0,-278.0,7.0,-112.0,102.0,49.5,-102.0,-110.0,0,closed,matrixturf,,,00-0033106,00-0033077,Jared Goff,Dak Prescott,Dan Campbell,Mike McCarthy,Adrian Hill,DAL00,AT&T Stadium,1,21.4,15.8,0.4,22.503655085472765,-1.0,1.0,28.0,34.0,-0.8,24.475923574633878,-3.0,0.0,-7,101.09452073690808,93.0521704836626,0.0,0.0,3.0,0.0
2022_07_NYG_JAX,2022,REG,7,2022-10-23,Sunday,13:00,NYG,23.0,JAX,17.0,Home,-6.0,40.0,0.0,2022102304,58937.0,,202210230jax,,401437796,5978.0,7,7,148.0,-165.0,3.0,102.0,-112.0,44.0,-105.0,-107.0,0,outdoors,grass,,,00-0035710,00-0036971,Daniel Jones,Trevor Lawrence,Brian Daboll,Doug Pederson,Tra Blake,JAX00,TIAA Bank Stadium,0,23.2,17.2,-0.4,22.433070070801907,-3.0,0.0,21.2,18.6,0.6,21.845846489789224,3.0,0.0,0,97.70084589580426,86.74139071197895,1.0,0.0,1.0,0.0
2022_07_IND_TEN,2022,REG,7,2022-10-23,Sunday,13:00,IND,10.0,TEN,19.0,Home,9.0,29.0,0.0,2022102305,58938.0,,202210230oti,,401437797,5979.0,7,14,129.0,-143.0,2.5,-102.0,-108.0,43.0,-104.0,-109.0,1,outdoors,grass,,,00-0026143,00-0029701,Matt Ryan,Ryan Tannehill,Frank Reich,Mike Vrabel,Ron Torbert,NAS00,Nissan Stadium,0,19.2,23.6,1.0,18.31441694503492,3.0,0.0,16.6,20.2,-1.2,16.217870368570427,2.0,0.0,7,91.72855940355942,83.48153241551054,2.0,0.0,2.0,0.0
2022_07_GB_WAS,2022,REG,7,2022-10-23,Sunday,13:00,GB,21.0,WAS,23.0,Home,2.0,44.0,0.0,2022102306,58939.0,,202210230was,,401437798,5980.0,7,10,-195.0,173.0,-4.0,-102.0,-108.0,41.5,-105.0,-107.0,0,outdoors,grass,,,00-0023459,00-0031800,Aaron Rodgers,Taylor Heinicke,Matt LaFleur,Ron Rivera,Clay Martin,WAS00,FedExField,0,14.8,22.6,-1.0,13.523428693502053,1.0,1.0,20.0,20.0,-0.4,21.63580545869387,-2.0,0.0,3,67.8381313131313,101.68651389261144,3.0,0.0,0.0,0.0
2022_07_NYJ_DEN,2022,REG,7,2022-10-23,Sunday,16:05,NYJ,16.0,DEN,9.0,Home,-7.0,25.0,0.0,2022102307,58940.0,,202210230den,,401437799,5981.0,7,6,-127.0,115.0,-2.0,-106.0,-104.0,37.0,-114.0,101.0,0,outdoors,grass,,,00-0037013,00-0034955,Zach Wilson,Brett Rypien,Robert Saleh,Nathaniel Hackett,Bill Vinovich,DEN00,Empower Field at Mile High,0,15.0,16.4,0.6,14.834356982624607,-3.0,1.0,26.8,20.8,0.4,27.819509562954394,3.0,0.0,-1,39.58333333333333,77.58543771043772,1.0,0.0,1.0,0.0
2022_07_HOU_LV,2022,REG,7,2022-10-23,Sunday,16:05,HOU,20.0,LV,38.0,Home,18.0,58.0,0.0,2022102308,58941.0,,202210230rai,,401437800,5982.0,14,13,278.0,-325.0,7.0,104.0,-115.0,46.0,-104.0,-108.0,0,dome,grass,,,00-0036898,00-0031280,Davis Mills,Derek Carr,Lovie Smith,Josh McDaniels,John Hussey,VEG00,Allegiant Stadium,1,25.0,26.0,-0.4,22.26713416687343,-1.0,0.0,17.2,19.8,0.6,19.50350559541537,1.0,0.0,-1,88.29130379865674,80.59742649134095,1.0,0.0,0.0,0.0
2022_07_SEA_LAC,2022,REG,7,2022-10-23,Sunday,16:25,SEA,37.0,LAC,23.0,Home,-14.0,60.0,0.0,2022102309,58942.0,,202210230sdg,,401437801,5983.0,7,6,193.0,-219.0,5.5,-111.0,101.0,51.5,-114.0,101.0,0,dome,matrixturf,,,00-0030565,00-0036355,Geno Smith,Justin Herbert,Pete Carroll,Brandon Staley,Land Clark,LAX01,SoFi Stadium,1,23.4,26.6,-0.6,24.24559968044531,3.0,0.0,25.8,29.4,1.0,22.907419307822764,1.0,0.0,-1,89.5515350877193,106.78348810687521,1.0,0.0,1.0,0.0
2022_07_KC_SF,2022,REG,7,2022-10-23,Sunday,16:25,KC,44.0,SF,23.0,Home,-21.0,67.0,0.0,2022102310,58943.0,,202210230sfo,,401437802,5984.0,7,7,-106.0,-104.0,-1.0,102.0,-112.0,49.0,-114.0,101.0,0,outdoors,,,,00-0033873,00-0031345,Patrick Mahomes,Jimmy Garoppolo,Andy Reid,Kyle Shanahan,Alex Kemp,SFO01,Levi's Stadium,0,22.4,14.0,-0.6,21.80889190236342,-1.0,0.0,27.0,25.6,0.4,29.895592366159946,-1.0,0.0,0,95.70615563298489,97.04977776780103,1.0,0.0,1.0,0.0
2022_07_PIT_MIA,2022,REG,7,2022-10-23,Sunday,20:20,PIT,10.0,MIA,16.0,Home,6.0,26.0,0.0,2022102311,58944.0,,202210230mia,,401437803,5985.0,7,7,255.0,-297.0,7.5,-119.0,108.0,44.5,-107.0,-105.0,0,outdoors,grass,,,00-0038102,00-0036212,Kenny Pickett,Tua Tagovailoa,Mike Tomlin,Mike McDaniel,Scott Novak,MIA00,Hard Rock Stadium,0,22.2,29.6,-1.6,23.43218392313347,-3.0,1.0,14.8,25.2,-0.4,14.335298340624819,1.0,0.0,0,99.93150553150554,75.62025166191833,0.0,0.0,1.0,0.0
2022_07_CHI_NE,2022,REG,7,2022-10-24,Monday,20:15,CHI,33.0,NE,14.0,Home,-19.0,47.0,0.0,2022102400,58945.0,,202210240nwe,,401437804,5986.0,11,8,327.0,-392.0,9.5,-110.0,-100.0,40.0,-106.0,-106.0,0,outdoors,fieldturf,,,00-0036945,00-0036972,Justin Fields,Mac Jones,Matt Eberflus,Bill Belichick,Brad Allen,BOS00,Gillette Stadium,0,26.8,18.6,0.0,23.499709941377624,2.0,1.0,14.8,21.6,-0.2,15.031436929108402,-3.0,0.0,-3,79.18252662907267,67.68568033273915,0.0,0.0,0.0,0.0
2022_08_BAL_TB,2022,REG,8,2022-10-27,Thursday,20:15,BAL,27.0,TB,22.0,Home,-5.0,49.0,0.0,2022102700,58946.0,,202210270tam,,401437805,5987.0,4,4,116.0,-128.0,2.0,-104.0,-106.0,46.0,-102.0,-110.0,0,outdoors,grass,,,00-0034796,00-0019596,Lamar Jackson,Tom Brady,John Harbaugh,Todd Bowles,Carl Cheffers,TAM00,Raymond James Stadium,0,17.0,22.2,-0.2,15.999678136704118,-2.0,0.0,23.8,22.0,0.4,24.614889441083257,1.0,0.0,0,94.95239185417756,79.2528735632184,5.0,0.0,1.0,0.0
2022_08_DEN_JAX,2022,REG,8,2022-10-30,Sunday,09:30,DEN,21.0,JAX,17.0,Neutral,-4.0,38.0,0.0,2022103000,58947.0,,202210300jax,,401435641,5988.0,7,7,-103.0,-107.0,1.0,-112.0,101.0,41.0,-103.0,-109.0,0,outdoors,,,,00-0029263,00-0036971,Russell Wilson,Trevor Lawrence,Nathaniel Hackett,Doug Pederson,Adrian Hill,LON00,Wembley Stadium,0,21.8,21.8,-1.2,21.409287982413286,-4.0,0.0,13.6,17.8,0.6,13.738542943860423,-4.0,0.0,0,88.3468407278456,81.73413629381372,0.0,0.0,2.0,0.0
2022_08_CAR_ATL,2022,REG,8,2022-10-30,Sunday,13:00,CAR,34.0,ATL,37.0,Home,3.0,71.0,1.0,2022103001,58948.0,,202210300atl,,401437806,5989.0,7,7,178.0,-201.0,4.5,-110.0,-100.0,41.0,-106.0,-106.0,1,closed,fieldturf,,,00-0033275,00-0032268,Phillip Walker,Marcus Mariota,Steve Wilks,Arthur Smith,Shawn Hochuli,ATL97,Mercedes-Benz Stadium,1,22.0,22.6,0.6,25.25056807801224,-1.0,0.0,16.8,20.8,0.2,17.66642081476367,1.0,0.0,0,98.22111528822055,81.58080808080808,2.0,0.0,0.0,0.0
2022_08_CHI_DAL,2022,REG,8,2022-10-30,Sunday,13:00,CHI,29.0,DAL,49.0,Home,20.0,78.0,0.0,2022103002,58949.0,,202210300dal,,401437807,5990.0,6,7,355.0,-430.0,10.5,-121.0,109.0,43.0,-108.0,-104.0,0,open,matrixturf,,,00-0036945,00-0033077,Justin Fields,Dak Prescott,Matt Eberflus,Mike McCarthy,Brad Rogers,DAL00,AT&T Stadium,0,22.2,13.6,1.4,20.824283054611964,1.0,1.0,19.4,19.0,0.4,20.13800319109385,1.0,0.0,1,97.47315321554056,75.97933112638995,1.0,0.0,1.0,0.0
2022_08_MIA_DET,2022,REG,8,2022-10-30,Sunday,13:00,MIA,31.0,DET,27.0,Home,-4.0,58.0,0.0,2022103003,58950.0,,202210300det,,401437808,5991.0,7,7,-190.0,169.0,-3.5,-112.0,102.0,52.0,-108.0,-104.0,0,dome,fieldturf,,,00-0036212,00-0033106,Tua Tagovailoa,Jared Goff,Mike McDaniel,Dan Campbell,Alex Kemp,DET00,Ford Field,1,22.2,31.2,-1.4,20.89369733146067,-4.0,0.0,17.0,24.0,-0.6,17.64670382724719,1.0,1.0,0,91.213119894612,99.52782587782588,4.0,0.0,0.0,0.0
2022_08_ARI_MIN,2022,REG,8,2022-10-30,Sunday,13:00,ARI,26.0,MIN,34.0,Home,8.0,60.0,0.0,2022103005,58951.0,,202210300min,,401437809,5992.0,10,14,177.0,-199.0,4.0,-105.0,-105.0,48.5,-106.0,-106.0,0,dome,sportturf,,,00-0035228,00-0029604,Kyler Murray,Kirk Cousins,Kliff Kingsbury,Kevin O'Connell,Brad Allen,MIN01,U.S. Bank Stadium,1,23.2,22.2,0.0,20.2800509618395,4.0,0.0,21.2,21.8,0.8,19.062936108924355,1.0,0.0,4,85.63298822347492,84.59718685742394,0.0,0.0,1.0,0.0
2022_08_LV_NO,2022,REG,8,2022-10-30,Sunday,13:00,LV,0.0,NO,24.0,Home,24.0,24.0,0.0,2022103006,58952.0,,202210300nor,,401437810,5993.0,7,10,-119.0,108.0,-1.0,-111.0,101.0,48.5,-111.0,-101.0,0,dome,sportturf,,,00-0031280,00-0031503,Derek Carr,Jameis Winston,Josh McDaniels,Dennis Allen,Scott Novak,NOR00,Mercedes-Benz Superdome,1,27.6,30.8,-1.4,27.011384437131227,-2.0,1.0,28.8,25.2,0.4,27.61154880677591,1.0,0.0,3,,97.71447697182991,2.0,0.0,0.0,0.0
2022_08_NE_NYJ,2022,REG,8,2022-10-30,Sunday,13:00,NE,22.0,NYJ,17.0,Home,-5.0,39.0,0.0,2022103007,58953.0,,202210300nyj,,401437811,5994.0,6,7,-155.0,140.0,-3.0,-103.0,-107.0,40.0,-102.0,-110.0,1,outdoors,fieldturf,,,00-0036972,00-0037013,Mac Jones,Zach Wilson,Bill Belichick,Robert Saleh,Shawn Smith,NYC01,MetLife Stadium,0,23.8,16.6,0.6,25.84563391313742,4.0,0.0,26.2,22.4,-0.4,23.59648562801283,-1.0,1.0,1,74.19480056980058,64.2936377401838,1.0,0.0,1.0,0.0
2022_08_PIT_PHI,2022,REG,8,2022-10-30,Sunday,13:00,PIT,13.0,PHI,35.0,Home,22.0,48.0,0.0,2022103008,58954.0,,202210300phi,,401437812,5995.0,7,14,397.0,-490.0,11.0,102.0,-112.0,43.0,-110.0,-102.0,0,outdoors,grass,,,00-0038102,00-0036389,Kenny Pickett,Jalen Hurts,Mike Tomlin,Nick Sirianni,Clete Blakeman,PHI00,Lincoln Financial Field,0,24.6,14.0,2.2,25.30325182661018,6.0,0.0,14.0,25.0,-1.2,13.44510767790262,-1.0,0.0,7,99.90247055811572,73.26348420098421,0.0,0.0,1.0,0.0
2022_08_TEN_HOU,2022,REG,8,2022-10-30,Sunday,16:05,TEN,17.0,HOU,10.0,Home,-7.0,27.0,0.0,2022103004,58955.0,,202210300htx,,401437813,5996.0,7,7,-115.0,104.0,-1.0,-107.0,-103.0,39.0,-102.0,-110.0,1,closed,astroturf,,,00-0038128,00-0036898,Malik Willis,Davis Mills,Mike Vrabel,Lovie Smith,Clay Martin,HOU00,NRG Stadium,1,17.2,23.4,0.2,17.788911696917314,-1.0,0.0,19.0,21.4,0.8,19.507628958120527,4.0,1.0,0,79.96789452034558,39.58333333333333,0.0,0.0,1.0,0.0
2022_08_WAS_IND,2022,REG,8,2022-10-30,Sunday,16:25,WAS,17.0,IND,16.0,Home,-1.0,33.0,0.0,2022103009,58956.0,,202210300clt,,401437814,5997.0,7,7,136.0,-151.0,3.0,-114.0,103.0,40.5,-110.0,-102.0,0,closed,fieldturf,,,00-0031800,00-0036879,Taylor Heinicke,Sam Ehlinger,Ron Rivera,Frank Reich,Craig Wrolstad,IND00,Lucas Oil Stadium,1,18.6,19.2,-1.0,19.06228333571239,-1.0,1.0,14.0,19.6,-1.2,13.943074628936051,2.0,1.0,0,,64.64116161616161,2.0,1.0,4.0,0.0
2022_08_SF_LA,2022,REG,8,2022-10-30,Sunday,16:25,SF,31.0,LA,14.0,Home,-17.0,45.0,0.0,2022103010,58957.0,,202210300ram,,401437815,5998.0,7,14,-104.0,-106.0,-1.0,103.0,-114.0,42.0,-103.0,-109.0,1,dome,matrixturf,,,00-0031345,00-0026498,Jimmy Garoppolo,Matthew Stafford,Kyle Shanahan,Sean McVay,John Hussey,LAX01,SoFi Stadium,1,18.8,19.0,-1.2,18.69059334942238,1.0,0.0,21.6,21.4,-1.4,20.743880417335472,-2.0,0.0,7,91.51617965367966,95.53991796674723,0.0,0.0,3.0,0.0
2022_08_NYG_SEA,2022,REG,8,2022-10-30,Sunday,16:25,NYG,13.0,SEA,27.0,Home,14.0,40.0,0.0,2022103011,58958.0,,202210300sea,,401437816,5999.0,7,7,147.0,-164.0,3.0,-100.0,-110.0,44.5,-110.0,-102.0,0,outdoors,fieldturf,,,00-0035710,00-0030565,Daniel Jones,Geno Smith,Brian Daboll,Pete Carroll,Jerome Boger,SEA00,Lumen Field,0,31.8,28.6,1.2,26.44666541179196,2.0,0.0,22.0,18.8,0.4,25.56230348638276,4.0,0.0,0,111.85138934144311,88.07145607145607,0.0,0.0,3.0,0.0
2022_08_GB_BUF,2022,REG,8,2022-10-30,Sunday,20:20,GB,17.0,BUF,27.0,Home,10.0,44.0,0.0,2022103012,58959.0,,202210300buf,,401437817,6000.0,7,14,365.0,-445.0,10.5,-110.0,100.0,47.0,-104.0,-108.0,0,outdoors,a_turf,,,00-0023459,00-0034857,Aaron Rodgers,Josh Allen,Matt LaFleur,Sean McDermott,Ron Torbert,BUF00,New Era Field,0,29.0,14.2,0.4,29.190982445072002,3.0,0.0,18.8,22.6,0.0,19.30228549540347,-3.0,0.0,7,108.74056388731688,95.26746627356383,1.0,0.0,1.0,0.0
2022_08_CIN_CLE,2022,REG,8,2022-10-31,Monday,20:15,CIN,13.0,CLE,32.0,Home,19.0,45.0,0.0,2022103100,58960.0,,202210310cle,,401437818,6001.0,8,8,-163.0,147.0,-3.0,-112.0,102.0,45.0,-102.0,-110.0,1,outdoors,grass,66.0,9.0,00-0036442,00-0033119,Joe Burrow,Jacoby Brissett,Zac Taylor,Kevin Stefanski,Bill Vinovich,CLE00,FirstEnergy Stadium,0,22.4,26.2,-0.6,20.434826015138587,-4.0,0.0,27.2,17.8,1.2,25.38791902683629,2.0,0.0,0,83.5814734495949,115.53763959812345,3.0,0.0,2.0,0.0
2022_09_PHI_HOU,2022,REG,9,2022-11-03,Thursday,20:15,PHI,29.0,HOU,17.0,Home,-12.0,46.0,0.0,2022110300,58961.0,,202211030htx,,401437819,6002.0,4,4,-702.0,539.0,-14.0,102.0,-113.0,45.5,-112.0,-101.0,0,closed,astroturf,,,00-0036389,00-0036898,Jalen Hurts,Davis Mills,Nick Sirianni,Lovie Smith,Craig Wrolstad,HOU00,NRG Stadium,1,17.4,23.6,-0.2,18.128569540611135,-2.0,0.0,26.8,15.2,2.2,26.36552822691148,7.0,0.0,0,81.31620063044842,106.28015873015875,1.0,0.0,0.0,0.0
2022_09_LAC_ATL,2022,REG,9,2022-11-06,Sunday,13:00,LAC,20.0,ATL,17.0,Home,-3.0,37.0,0.0,2022110600,58962.0,,202211060atl,,401437820,6003.0,14,7,-143.0,130.0,-2.5,-114.0,103.0,49.5,-105.0,-107.0,0,open,fieldturf,,,00-0036355,00-0032268,Justin Herbert,Marcus Mariota,Brandon Staley,Arthur Smith,John Hussey,ATL97,Mercedes-Benz Stadium,0,24.0,24.8,0.6,28.89694784504444,1.0,0.0,23.2,28.6,-0.4,23.269827569002334,-1.0,0.0,-7,99.30444862155389,86.41632266941863,2.0,0.0,2.0,0.0
2022_09_MIA_CHI,2022,REG,9,2022-11-06,Sunday,13:00,MIA,35.0,CHI,32.0,Home,-3.0,67.0,0.0,2022110601,58963.0,,202211060chi,,401437821,6004.0,7,7,-193.0,172.0,-4.0,-103.0,-107.0,46.0,-104.0,-108.0,0,outdoors,grass,58.0,17.0,00-0036212,00-0036945,Tua Tagovailoa,Justin Fields,Mike McDaniel,Matt Eberflus,Ron Torbert,CHI98,Soldier Field,0,20.6,24.8,0.4,23.453038634922077,-1.0,0.0,19.0,25.6,-1.0,17.47426046737181,2.0,0.0,0,94.44373862852123,106.38809523809523,0.0,0.0,1.0,0.0
2022_09_CAR_CIN,2022,REG,9,2022-11-06,Sunday,13:00,CAR,21.0,CIN,42.0,Home,21.0,63.0,0.0,2022110602,58964.0,,202211060cin,,401437822,6005.0,7,6,282.0,-331.0,7.0,-100.0,-110.0,43.0,-114.0,101.0,0,outdoors,fieldturf,68.0,11.0,00-0033275,00-0036442,Phillip Walker,Joe Burrow,Steve Wilks,Zac Taylor,Alex Kemp,CIN00,Paycor Stadium,0,24.4,21.8,0.6,22.736875162235325,-1.0,0.0,19.2,25.4,-0.2,19.570640490001214,-1.0,0.0,-1,111.82533801082188,89.58543771043772,3.0,0.0,0.0,0.0
2022_09_GB_DET,2022,REG,9,2022-11-06,Sunday,13:00,GB,9.0,DET,15.0,Home,6.0,24.0,0.0,2022110603,58965.0,,202211060det,,401437823,6006.0,7,7,-191.0,170.0,-4.0,-107.0,-103.0,49.5,-107.0,-105.0,1,dome,fieldturf,,,00-0023459,00-0033106,Aaron Rodgers,Jared Goff,Matt LaFleur,Dan Campbell,Tra Blake,DET00,Ford Field,1,20.4,32.0,-1.4,19.591442616372387,-5.0,0.0,19.4,25.6,0.2,20.064237611639292,-4.0,0.0,0,88.48524496085471,92.77143452753208,3.0,0.0,1.0,0.0
2022_09_LV_JAX,2022,REG,9,2022-11-06,Sunday,13:00,LV,20.0,JAX,27.0,Home,7.0,47.0,0.0,2022110604,58966.0,,202211060jax,,401437824,6007.0,7,7,-129.0,116.0,-2.5,-102.0,-108.0,47.5,105.0,-118.0,0,outdoors,grass,81.0,14.0,00-0031280,00-0036971,Derek Carr,Trevor Lawrence,Josh McDaniels,Doug Pederson,Bill Vinovich,JAX00,TIAA Bank Stadium,0,17.6,24.0,-1.8,18.787568233469976,-5.0,0.0,24.2,24.2,0.2,23.44014998940004,-1.0,0.0,0,75.68141475596802,87.8747333820863,0.0,0.0,0.0,0.0
2022_09_IND_NE,2022,REG,9,2022-11-06,Sunday,13:00,IND,3.0,NE,26.0,Home,23.0,29.0,0.0,2022110605,58967.0,,202211060nwe,,401437825,6008.0,7,7,188.0,-212.0,5.0,-115.0,104.0,40.0,-109.0,-103.0,0,outdoors,fieldturf,78.0,13.0,00-0036879,00-0036972,Sam Ehlinger,Mac Jones,Frank Reich,Bill Belichick,Clay Martin,BOS00,Gillette Stadium,0,25.4,18.4,0.4,24.644743764237997,1.0,0.0,17.8,19.2,-1.0,19.329927884615383,-2.0,1.0,0,65.1282242063492,100.09057971014492,2.0,0.0,2.0,1.0
2022_09_BUF_NYJ,2022,REG,9,2022-11-06,Sunday,13:00,BUF,17.0,NYJ,20.0,Home,3.0,37.0,0.0,2022110606,58968.0,,202211060nyj,,401437826,6009.0,7,7,-494.0,400.0,-11.0,103.0,-114.0,46.0,-102.0,-110.0,1,outdoors,fieldturf,69.0,17.0,00-0034857,00-0037013,Josh Allen,Zach Wilson,Sean McDermott,Robert Saleh,Land Clark,NYC01,MetLife Stadium,0,24.8,15.6,0.8,26.624380527192717,-1.0,0.0,26.2,16.2,-0.2,25.118839539497532,4.0,0.0,0,73.9031339031339,97.96775686977301,1.0,0.0,1.0,0.0
2022_09_MIN_WAS,2022,REG,9,2022-11-06,Sunday,13:00,MIN,20.0,WAS,17.0,Home,-3.0,37.0,0.0,2022110607,58969.0,,202211060was,,401437827,6010.0,7,7,-169.0,151.0,-3.0,-119.0,108.0,43.5,-106.0,-106.0,0,outdoors,grass,71.0,11.0,00-0029604,00-0031800,Kirk Cousins,Taylor Heinicke,Kevin O'Connell,Ron Rivera,Jerome Boger,WAS00,FedExField,0,15.8,18.0,-0.8,17.059605076589254,3.0,0.0,28.6,22.6,0.4,26.38931918741279,5.0,0.0,0,73.23578527207559,96.01744877097893,2.0,0.0,1.0,0.0
2022_09_SEA_ARI,2022,REG,9,2022-11-06,Sunday,16:05,SEA,31.0,ARI,21.0,Home,-10.0,52.0,0.0,2022110608,58970.0,,202211060crd,,401437828,6011.0,7,7,116.0,-128.0,1.5,102.0,-113.0,49.5,-115.0,103.0,1,open,grass,,,00-0030565,00-0035228,Geno Smith,Kyler Murray,Pete Carroll,Kliff Kingsbury,Carl Cheffers,PHO00,State Farm Stadium,0,24.0,24.6,0.6,21.965427130187752,-1.0,0.0,32.6,25.8,0.4,28.764127238412925,3.0,0.0,0,88.12775112074681,112.83066741630941,1.0,0.0,0.0,0.0
2022_09_LA_TB,2022,REG,9,2022-11-06,Sunday,16:25,LA,13.0,TB,16.0,Home,3.0,29.0,0.0,2022110609,58971.0,,202211060tam,,401437829,6012.0,7,10,142.0,-158.0,3.0,-104.0,-106.0,43.0,-108.0,-104.0,0,outdoors,grass,88.0,2.0,00-0026498,00-0019596,Matthew Stafford,Tom Brady,Sean McVay,Todd Bowles,Shawn Hochuli,TAM00,Raymond James Stadium,0,19.0,24.8,0.0,17.389296478065305,-3.0,0.0,15.4,19.8,-1.2,16.044825915253533,-1.0,0.0,3,93.20545823224396,89.64749278499279,4.0,0.0,0.0,0.0
2022_09_TEN_KC,2022,REG,9,2022-11-06,Sunday,20:20,TEN,17.0,KC,20.0,Home,3.0,37.0,1.0,2022110610,58972.0,,202211060kan,,401437830,6013.0,7,14,530.0,-689.0,14.0,-107.0,-103.0,45.0,-106.0,-106.0,0,outdoors,grass,54.0,7.0,00-0038128,00-0033873,Malik Willis,Patrick Mahomes,Mike Vrabel,Andy Reid,Clete Blakeman,KAN00,GEHA Field at Arrowhead Stadium,0,30.4,25.4,0.8,39.19340977887229,1.0,0.0,21.0,15.2,1.4,20.695610771221837,5.0,1.0,7,102.27036600309513,37.5,0.0,0.0,1.0,0.0
2022_09_BAL_NO,2022,REG,9,2022-11-07,Monday,20:15,BAL,27.0,NO,13.0,Home,-14.0,40.0,0.0,2022110700,58973.0,,202211070nor,,401437831,6014.0,11,8,-124.0,112.0,-1.0,-117.0,106.0,46.0,-108.0,-104.0,0,dome,sportturf,,,00-0034796,00-0027973,Lamar Jackson,Andy Dalton,John Harbaugh,Dennis Allen,Brad Rogers,NOR00,Mercedes-Benz Superdome,1,29.6,26.4,-0.6,29.479643501179083,1.0,0.0,21.8,21.2,-0.2,23.096323808419587,2.0,0.0,-3,95.88022416413375,78.17075015124018,1.0,0.0,1.0,0.0
2022_10_ATL_CAR,2022,REG,10,2022-11-10,Thursday,20:15,ATL,15.0,CAR,25.0,Home,10.0,40.0,0.0,2022111000,58974.0,,202211100car,,401437832,6015.0,4,4,-132.0,119.0,-2.5,-103.0,-107.0,41.5,-106.0,-106.0,1,outdoors,grass,61.0,12.0,00-0032268,00-0033275,Marcus Mariota,Phillip Walker,Arthur Smith,Steve Wilks,Adrian Hill,CAR00,Bank of America Stadium,0,20.2,28.6,-0.4,22.63259792446941,-2.0,0.0,22.8,24.8,0.6,25.85348416136456,-1.0,0.0,0,77.01599326599327,104.82313664596272,0.0,0.0,1.0,0.0
2022_10_SEA_TB,2022,REG,10,2022-11-13,Sunday,09:30,SEA,16.0,TB,21.0,Neutral,5.0,37.0,0.0,2022111300,58975.0,,202211130tam,,401435638,6016.0,7,7,124.0,-138.0,2.5,103.0,-114.0,45.0,-104.0,-108.0,0,outdoors,,,,00-0030565,00-0019596,Geno Smith,Tom Brady,Pete Carroll,Todd Bowles,John Hussey,GER00,Allianz Arena,0,16.0,19.2,0.2,15.365837346174423,1.0,0.0,29.2,21.0,-0.2,27.995042540203347,4.0,0.0,0,86.20667397052866,107.67543865813948,2.0,0.0,0.0,0.0
2022_10_MIN_BUF,2022,REG,10,2022-11-13,Sunday,13:00,MIN,33.0,BUF,30.0,Home,-3.0,63.0,1.0,2022111301,58976.0,,202211130buf,,401437833,6017.0,7,7,230.0,-264.0,6.5,-104.0,-106.0,47.0,-105.0,-107.0,0,outdoors,a_turf,38.0,11.0,00-0029604,00-0034857,Kirk Cousins,Josh Allen,Kevin O'Connell,Sean McDermott,Craig Wrolstad,BUF00,New Era Field,0,25.8,16.0,-0.2,25.96990852009854,-1.0,0.0,27.0,21.2,0.4,28.44543303496562,6.0,0.0,0,88.39531678262703,93.66226584414967,2.0,0.0,2.0,0.0
2022_10_DET_CHI,2022,REG,10,2022-11-13,Sunday,13:00,DET,31.0,CHI,30.0,Home,-1.0,61.0,0.0,2022111302,58977.0,,202211130chi,,401437834,6018.0,7,7,143.0,-159.0,3.0,-105.0,-105.0,48.5,-114.0,101.0,1,outdoors,grass,34.0,13.0,00-0033106,00-0036945,Jared Goff,Justin Fields,Dan Campbell,Matt Eberflus,Land Clark,CHI98,Soldier Field,0,24.6,27.8,0.6,27.026235900406594,-2.0,0.0,18.6,28.2,-1.0,17.47640285853166,1.0,0.0,0,100.44211525189786,88.38752763752764,2.0,0.0,1.0,0.0
2022_10_JAX_KC,2022,REG,10,2022-11-13,Sunday,13:00,JAX,17.0,KC,27.0,Home,10.0,44.0,0.0,2022111303,58978.0,,202211130kan,,401437835,6019.0,7,7,333.0,-399.0,10.0,-120.0,109.0,51.5,-110.0,-102.0,0,outdoors,grass,33.0,7.0,00-0036971,00-0033873,Trevor Lawrence,Patrick Mahomes,Doug Pederson,Andy Reid,Brad Rogers,KAN00,GEHA Field at Arrowhead Stadium,0,31.0,24.8,0.4,43.22353134970176,2.0,0.0,18.8,22.2,-1.0,20.494704676586693,1.0,0.0,0,102.74445563894946,80.61654799579972,0.0,0.0,0.0,0.0
2022_10_CLE_MIA,2022,REG,10,2022-11-13,Sunday,13:00,CLE,17.0,MIA,39.0,Home,22.0,56.0,0.0,2022111304,58979.0,,202211130mia,,401437836,6020.0,13,7,158.0,-177.0,3.0,112.0,-123.0,49.0,-102.0,-110.0,0,outdoors,grass,85.0,7.0,00-0033119,00-0036212,Jacoby Brissett,Tua Tagovailoa,Kevin Stefanski,Mike McDaniel,Shawn Hochuli,MIA00,Hard Rock Stadium,0,23.0,26.6,-0.6,20.42134279379549,3.0,0.0,23.0,25.4,-0.8,21.57470766919258,1.0,0.0,-6,108.71031746031744,88.40185468126646,0.0,0.0,2.0,0.0
2022_10_HOU_NYG,2022,REG,10,2022-11-13,Sunday,13:00,HOU,16.0,NYG,24.0,Home,8.0,40.0,0.0,2022111305,58980.0,,202211130nyg,,401437837,6021.0,10,14,195.0,-221.0,5.5,-112.0,102.0,41.5,-109.0,-103.0,0,outdoors,fieldturf,50.0,15.0,00-0036898,00-0035710,Davis Mills,Daniel Jones,Lovie Smith,Brian Daboll,Bill Vinovich,NYC01,MetLife Stadium,0,21.4,19.6,1.2,23.284128672252166,-1.0,0.0,16.8,24.8,-0.4,18.13932691687971,-3.0,0.0,4,90.77125264222039,81.81099229711508,2.0,0.0,0.0,0.0
2022_10_NO_PIT,2022,REG,10,2022-11-13,Sunday,13:00,NO,10.0,PIT,20.0,Home,10.0,30.0,0.0,2022111306,58981.0,,202211130pit,,401437838,6022.0,6,14,105.0,-116.0,1.0,-103.0,-107.0,39.5,-104.0,-109.0,0,outdoors,grass,37.0,15.0,00-0027973,00-0038102,Andy Dalton,Kenny Pickett,Dennis Allen,Mike Tomlin,Carl Cheffers,PIT00,Acrisure Stadium,0,13.2,26.2,-1.4,13.880759211600024,-2.0,0.0,27.2,26.2,-1.0,27.23349470077296,-1.0,0.0,8,71.98798034324349,90.95001069943751,2.0,0.0,4.0,0.0
2022_10_DEN_TEN,2022,REG,10,2022-11-13,Sunday,13:00,DEN,10.0,TEN,17.0,Home,7.0,27.0,0.0,2022111307,58982.0,,202211130oti,,401437839,6023.0,14,7,122.0,-135.0,2.5,-105.0,-105.0,40.0,-107.0,-105.0,0,outdoors,grass,36.0,9.0,00-0029263,00-0029701,Russell Wilson,Ryan Tannehill,Nathaniel Hackett,Mike Vrabel,Scott Novak,NAS00,Nissan Stadium,0,19.6,14.8,1.6,19.451691810983196,-1.0,1.0,15.6,19.2,0.2,14.805436219431591,1.0,0.0,-7,87.20330687830689,85.30223665223666,3.0,0.0,0.0,0.0
2022_10_IND_LV,2022,REG,10,2022-11-13,Sunday,16:05,IND,25.0,LV,20.0,Home,-5.0,45.0,0.0,2022111308,58983.0,,202211130rai,,401437840,6024.0,7,7,177.0,-199.0,4.5,-112.0,101.0,41.0,101.0,-114.0,0,dome,grass,,,00-0026143,00-0031280,Matt Ryan,Derek Carr,Jeff Saturday,Josh McDaniels,Tra Blake,VEG00,Allegiant Stadium,1,23.8,24.8,0.2,22.625807466046233,-2.0,0.0,15.0,19.6,-0.4,17.500863299749277,-3.0,1.0,0,90.57254482989777,91.92218898116712,0.0,0.0,1.0,0.0
2022_10_DAL_GB,2022,REG,10,2022-11-13,Sunday,16:25,DAL,28.0,GB,31.0,Home,3.0,59.0,1.0,2022111309,58984.0,,202211130gnb,,401437131,6025.0,14,7,-199.0,177.0,-3.5,-113.0,102.0,44.5,-104.0,-108.0,0,outdoors,grass,33.0,8.0,00-0033077,00-0023459,Dak Prescott,Aaron Rodgers,Mike McCarthy,Matt LaFleur,Brad Allen,GNB00,Lambeau Field,0,15.8,23.8,0.0,16.07598820730843,-5.0,0.0,27.4,16.2,1.2,26.86220471480961,2.0,0.0,-7,85.65737029718879,99.2121070816874,4.0,0.0,1.0,0.0
2022_10_ARI_LA,2022,REG,10,2022-11-13,Sunday,16:25,ARI,27.0,LA,17.0,Home,-10.0,44.0,0.0,2022111310,58985.0,,202211130ram,,401437841,6026.0,7,7,160.0,-183.0,3.5,-110.0,-102.0,38.0,-108.0,-104.0,1,dome,matrixturf,,,00-0027688,00-0034899,Colt McCoy,John Wolford,Kliff Kingsbury,Sean McVay,Clete Blakeman,LAX01,SoFi Stadium,1,14.0,20.6,-1.0,15.654897652686621,-2.0,1.0,23.0,27.6,0.2,20.68148728798397,-2.0,1.0,0,28.125,91.30240708365709,2.0,0.0,1.0,0.0
2022_10_LAC_SF,2022,REG,10,2022-11-13,Sunday,20:20,LAC,16.0,SF,22.0,Home,6.0,38.0,0.0,2022111311,58986.0,,202211130sfo,,401437842,6027.0,7,14,302.0,-357.0,8.5,-105.0,-105.0,45.5,101.0,-113.0,0,outdoors,grass,57.0,6.0,00-0036355,00-0031345,Justin Herbert,Jimmy Garoppolo,Brandon Staley,Kyle Shanahan,Shawn Smith,SFO01,Levi's Stadium,0,25.8,22.0,-0.8,25.206087681272116,1.0,0.0,25.2,24.4,-0.2,24.878150290720516,1.0,0.0,7,105.78991796674723,88.015805873553,2.0,0.0,2.0,0.0
2022_10_WAS_PHI,2022,REG,10,2022-11-14,Monday,20:15,WAS,32.0,PHI,21.0,Home,-11.0,53.0,0.0,2022111400,58987.0,,202211140phi,,401437843,6028.0,8,11,405.0,-501.0,11.0,-107.0,-103.0,43.0,-103.0,-109.0,1,outdoors,grass,43.0,6.0,00-0031800,00-0036389,Taylor Heinicke,Jalen Hurts,Ron Rivera,Nick Sirianni,Alex Kemp,PHI00,Lincoln Financial Field,0,27.8,17.0,2.2,28.490939609290564,8.0,0.0,17.2,17.0,-0.4,18.15466502152683,-1.0,0.0,3,107.34938271604938,83.04368570497603,1.0,0.0,1.0,0.0
2022_11_TEN_GB,2022,REG,11,2022-11-17,Thursday,20:15,TEN,27.0,GB,17.0,Home,-10.0,44.0,0.0,2022111700,58988.0,,202211170gnb,,401437844,6029.0,4,4,153.0,-171.0,3.0,106.0,-117.0,40.5,-109.0,-103.0,0,outdoors,grass,25.0,11.0,00-0029701,00-0023459,Ryan Tannehill,Aaron Rodgers,Mike Vrabel,Matt LaFleur,Bill Vinovich,GNB00,Lambeau Field,0,17.6,24.0,0.4,18.303174209034285,1.0,0.0,18.2,13.4,1.0,18.51791046664642,1.0,1.0,0,95.72788311770161,99.48108465608466,2.0,0.0,2.0,0.0
2022_11_CHI_ATL,2022,REG,11,2022-11-20,Sunday,13:00,CHI,24.0,ATL,27.0,Home,3.0,51.0,0.0,2022112000,58989.0,,202211200atl,,401437845,6030.0,7,10,125.0,-138.0,3.0,-122.0,110.0,48.5,-108.0,-104.0,0,closed,fieldturf,,,00-0036945,00-0032268,Justin Fields,Marcus Mariota,Matt Eberflus,Arthur Smith,Tra Blake,ATL97,Mercedes-Benz Stadium,1,22.8,25.6,0.4,23.710930225339876,-2.0,0.0,26.2,28.2,0.4,26.514330625025167,-3.0,0.0,3,105.31202553485164,96.56711525189786,0.0,0.0,0.0,0.0
2022_11_CAR_BAL,2022,REG,11,2022-11-20,Sunday,13:00,CAR,3.0,BAL,13.0,Home,10.0,16.0,0.0,2022112001,58990.0,,202211200rav,,401437846,6031.0,10,13,503.0,-647.0,13.0,-117.0,106.0,42.0,-112.0,-100.0,0,outdoors,grass,36.0,2.0,00-0033275,00-0034796,Phillip Walker,Lamar Jackson,Steve Wilks,John Harbaugh,Jerome Boger,BAL00,M&T Bank Stadium,0,23.2,19.2,0.0,23.06498753758506,3.0,0.0,22.2,24.2,-0.2,22.30643843216442,1.0,0.0,3,83.14593301435407,,0.0,0.0,1.0,0.0
2022_11_CLE_BUF,2022,REG,11,2022-11-20,Sunday,13:00,CLE,23.0,BUF,31.0,Neutral,8.0,54.0,0.0,2022112002,58991.0,,202211200buf,,401437847,6032.0,7,7,298.0,-353.0,7.5,-103.0,-108.0,50.5,-103.0,-109.0,0,dome,fieldturf,,,00-0033119,00-0034857,Jacoby Brissett,Josh Allen,Kevin Stefanski,Sean McDermott,Adrian Hill,DET00,Ford Field,1,27.2,18.6,-0.6,27.725074027501723,-2.0,0.0,22.4,28.6,-0.8,21.25908790482485,-1.0,0.0,0,90.441505413118,92.63994991936168,1.0,0.0,1.0,0.0
2022_11_WAS_HOU,2022,REG,11,2022-11-20,Sunday,13:00,WAS,23.0,HOU,10.0,Home,-13.0,33.0,0.0,2022112003,58992.0,,202211200htx,,401437848,6033.0,6,7,-150.0,135.0,-3.0,-100.0,-110.0,41.0,-106.0,-106.0,0,closed,astroturf,,,00-0031800,00-0036898,Taylor Heinicke,Davis Mills,Ron Rivera,Lovie Smith,Scott Novak,HOU00,NRG Stadium,1,15.2,22.8,-0.6,17.55287677213299,-4.0,0.0,20.2,17.0,0.2,22.813658707865166,1.0,0.0,1,81.16942215554494,80.10067804214079,1.0,0.0,1.0,0.0
2022_11_PHI_IND,2022,REG,11,2022-11-20,Sunday,13:00,PHI,17.0,IND,16.0,Home,-1.0,33.0,0.0,2022112004,58993.0,,202211200clt,,401437849,6034.0,6,7,-270.0,235.0,-6.5,-108.0,-102.0,45.5,-103.0,-109.0,0,closed,fieldturf,,,00-0036389,00-0036879,Jalen Hurts,Sam Ehlinger,Nick Sirianni,Jeff Saturday,Land Clark,IND00,Lucas Oil Stadium,1,17.6,21.8,-0.6,19.411374209971914,1.0,0.0,26.2,19.2,1.0,27.551203889690957,-1.0,0.0,1,,111.64553656220323,1.0,0.0,0.0,0.0
2022_11_NYJ_NE,2022,REG,11,2022-11-20,Sunday,13:00,NYJ,3.0,NE,10.0,Home,7.0,13.0,0.0,2022112005,58994.0,,202211200nwe,,401437850,6035.0,14,14,163.0,-182.0,3.5,-109.0,-102.0,38.5,-103.0,-109.0,1,outdoors,fieldturf,42.0,2.0,00-0037013,00-0036972,Zach Wilson,Mac Jones,Robert Saleh,Bill Belichick,Carl Cheffers,BOS00,Gillette Stadium,0,25.8,13.6,0.2,24.98991197217029,2.0,0.0,24.0,15.0,0.6,27.8861492578721,1.0,0.0,0,65.5171130952381,82.31424501424502,0.0,0.0,1.0,0.0
2022_11_LA_NO,2022,REG,11,2022-11-20,Sunday,13:00,LA,20.0,NO,27.0,Home,7.0,47.0,0.0,2022112006,58995.0,,202211200nor,,401437851,6036.0,7,7,112.0,-124.0,2.5,-115.0,104.0,39.5,-106.0,-106.0,0,dome,sportturf,,,00-0026498,00-0027973,Matthew Stafford,Andy Dalton,Sean McVay,Dennis Allen,Ron Torbert,NOR00,Mercedes-Benz Superdome,1,21.4,23.8,-1.2,21.971750510725226,-2.0,0.0,15.6,21.2,-1.0,15.293809983614231,-3.0,0.0,0,86.20078230437579,84.93391253807921,5.0,0.0,1.0,0.0
2022_11_DET_NYG,2022,REG,11,2022-11-20,Sunday,13:00,DET,31.0,NYG,18.0,Home,-13.0,49.0,0.0,2022112007,58996.0,,202211200nyg,,401437852,6037.0,7,7,143.0,-159.0,3.0,-104.0,-107.0,44.0,103.0,-116.0,0,outdoors,fieldturf,35.0,21.0,00-0033106,00-0035710,Jared Goff,Daniel Jones,Dan Campbell,Brian Daboll,Brad Rogers,NYC01,MetLife Stadium,0,22.2,20.4,1.4,22.710540577674646,1.0,0.0,15.8,24.6,-0.2,14.602575212857904,2.0,0.0,0,106.20865837374376,86.80633105633105,2.0,0.0,2.0,0.0
2022_11_LV_DEN,2022,REG,11,2022-11-20,Sunday,16:05,LV,22.0,DEN,16.0,Home,-6.0,38.0,1.0,2022112008,58997.0,,202211200den,,401437853,6038.0,7,7,131.0,-145.0,2.5,106.0,-117.0,41.5,-113.0,100.0,1,outdoors,grass,49.0,11.0,00-0031280,00-0029263,Derek Carr,Russell Wilson,Josh McDaniels,Nathaniel Hackett,Shawn Smith,DEN00,Empower Field at Mile High,0,13.0,16.2,0.4,13.747244929091442,-1.0,0.0,21.4,25.2,0.2,20.34421343585669,-3.0,0.0,0,84.16587301587302,95.14426825611035,3.0,0.0,0.0,0.0
2022_11_DAL_MIN,2022,REG,11,2022-11-20,Sunday,16:25,DAL,40.0,MIN,3.0,Home,-37.0,43.0,0.0,2022112010,58999.0,,202211200min,,401437855,6040.0,7,7,-131.0,118.0,-1.5,-115.0,104.0,48.5,-109.0,-103.0,0,dome,sportturf,,,00-0033077,00-0029604,Dak Prescott,Kirk Cousins,Mike McCarthy,Kevin O'Connell,Clay Martin,MIN01,U.S. Bank Stadium,1,28.0,22.2,1.0,30.52402824172487,7.0,0.0,28.0,20.4,0.4,26.98199083483529,-1.0,0.0,0,91.09910794941283,84.5818064912419,1.0,0.0,0.0,0.0
2022_11_CIN_PIT,2022,REG,11,2022-11-20,Sunday,16:25,CIN,37.0,PIT,30.0,Home,-7.0,67.0,0.0,2022112011,59000.0,,202211200pit,,401437856,6041.0,14,7,-182.0,163.0,-3.5,101.0,-111.0,39.0,100.0,-112.0,1,outdoors,grass,27.0,12.0,00-0036442,00-0038102,Joe Burrow,Kenny Pickett,Zac Taylor,Mike Tomlin,Brad Allen,PIT00,Acrisure Stadium,0,13.2,23.4,-0.6,14.011217474866939,1.0,0.0,27.4,23.0,0.8,25.323453217234594,1.0,0.0,-7,74.91960427486744,110.48509223509222,1.0,0.0,1.0,0.0
2022_11_KC_LAC,2022,REG,11,2022-11-20,Sunday,20:20,KC,30.0,LAC,27.0,Home,-3.0,57.0,0.0,2022112009,58998.0,,202211200sdg,,401437854,6039.0,7,7,-231.0,203.0,-5.5,-102.0,-108.0,52.5,-102.0,-110.0,1,dome,matrixturf,,,00-0033873,00-0036355,Patrick Mahomes,Justin Herbert,Andy Reid,Brandon Staley,Shawn Hochuli,LAX01,SoFi Stadium,1,21.6,24.0,-0.4,21.324128820617585,-1.0,0.0,28.2,22.0,-0.4,35.86573318402672,3.0,0.0,0,79.98405984180697,109.12283401732785,0.0,0.0,1.0,0.0
2022_11_SF_ARI,2022,REG,11,2022-11-21,Monday,20:15,SF,38.0,ARI,10.0,Neutral,-28.0,48.0,0.0,2022112100,59001.0,,202211210crd,,401435642,6042.0,8,8,-422.0,350.0,-10.0,103.0,-113.0,43.5,-114.0,101.0,1,outdoors,,,,00-0031345,00-0027688,Jimmy Garoppolo,Colt McCoy,Kyle Shanahan,Kliff Kingsbury,Craig Wrolstad,MEX00,Azteca Stadium,0,25.0,27.0,0.8,22.444138413032988,1.0,1.0,25.4,23.4,-1.2,24.18759000132633,2.0,0.0,0,92.33246620746621,104.52007669690595,3.0,0.0,1.0,0.0
2022_12_BUF_DET,2022,REG,12,2022-11-24,Thursday,12:30,BUF,28.0,DET,25.0,Home,-3.0,53.0,0.0,2022112400,59002.0,,202211240det,,401437857,6043.0,4,4,-412.0,342.0,-10.0,105.0,-116.0,54.0,-102.0,-110.0,0,dome,fieldturf,,,00-0034857,00-0033106,Josh Allen,Jared Goff,Sean McDermott,Dan Campbell,Clete Blakeman,DET00,Ford Field,1,22.0,22.4,0.6,21.87197094081342,3.0,0.0,25.8,22.6,-0.4,25.78605076066421,1.0,0.0,0,90.87318087318087,83.70414977791289,5.0,0.0,1.0,0.0
2022_12_NYG_DAL,2022,REG,12,2022-11-24,Thursday,16:30,NYG,20.0,DAL,28.0,Home,8.0,48.0,0.0,2022112401,59003.0,,202211240dal,,401437858,6044.0,4,4,363.0,-441.0,10.5,-114.0,104.0,45.5,-106.0,-106.0,1,closed,matrixturf,,,00-0035710,00-0033077,Daniel Jones,Dak Prescott,Brian Daboll,Mike McCarthy,Scott Novak,DAL00,AT&T Stadium,1,31.6,19.0,0.0,30.60779915971245,1.0,0.0,20.4,22.2,0.8,19.426253386892014,-1.0,0.0,0,98.58219408814111,101.00733963075837,1.0,0.0,5.0,0.0
2022_12_NE_MIN,2022,REG,12,2022-11-24,Thursday,20:20,NE,26.0,MIN,33.0,Home,7.0,59.0,0.0,2022112402,59004.0,,202211240min,,401437859,6045.0,4,4,123.0,-136.0,2.5,-102.0,-108.0,42.5,-106.0,-106.0,0,dome,sportturf,,,00-0036972,00-0029604,Mac Jones,Kirk Cousins,Bill Belichick,Kevin O'Connell,Alex Kemp,MIN01,U.S. Bank Stadium,1,22.8,25.8,0.8,25.146552953827246,-1.0,0.0,22.0,14.2,0.0,25.509814156841934,3.0,0.0,0,85.0726851851852,70.50256283068782,1.0,0.0,1.0,0.0
2022_12_DEN_CAR,2022,REG,12,2022-11-27,Sunday,13:00,DEN,10.0,CAR,23.0,Home,13.0,33.0,0.0,2022112700,59005.0,,202211270car,,401437860,6046.0,7,7,-116.0,105.0,-1.0,-109.0,-101.0,36.5,-111.0,-101.0,0,outdoors,grass,66.0,15.0,00-0029263,00-0034869,Russell Wilson,Sam Darnold,Nathaniel Hackett,Steve Wilks,Clay Martin,CAR00,Bank of America Stadium,0,20.8,22.0,-0.6,21.67093370371906,-1.0,1.0,14.4,18.2,0.4,14.81165960582059,-2.0,0.0,0,62.165907009657005,79.14221710189453,1.0,0.0,2.0,0.0
2022_12_TB_CLE,2022,REG,12,2022-11-27,Sunday,13:00,TB,17.0,CLE,23.0,Home,6.0,40.0,1.0,2022112701,59006.0,,202211270cle,,401437861,6047.0,14,7,-169.0,151.0,-3.0,-118.0,107.0,42.0,-103.0,-109.0,0,outdoors,grass,56.0,14.0,00-0019596,00-0033119,Tom Brady,Jacoby Brissett,Todd Bowles,Kevin Stefanski,Tra Blake,CLE00,FirstEnergy Stadium,0,21.4,28.8,-0.8,22.173326203484173,-2.0,0.0,16.0,19.4,0.0,16.076712383541928,2.0,0.0,-7,100.044301904058,89.86328316593094,1.0,0.0,3.0,0.0
2022_12_BAL_JAX,2022,REG,12,2022-11-27,Sunday,13:00,BAL,27.0,JAX,28.0,Home,1.0,55.0,0.0,2022112702,59007.0,,202211270jax,,401437862,6048.0,7,14,-164.0,147.0,-3.5,111.0,-123.0,43.0,-102.0,-111.0,0,outdoors,grass,77.0,19.0,00-0034796,00-0036971,Lamar Jackson,Trevor Lawrence,John Harbaugh,Doug Pederson,Land Clark,JAX00,TIAA Bank Stadium,0,21.0,25.0,0.0,22.761199562207505,-1.0,0.0,22.0,16.4,0.4,20.84442868184903,4.0,0.0,7,91.03897707381391,84.11342038809144,0.0,0.0,1.0,0.0
2022_12_HOU_MIA,2022,REG,12,2022-11-27,Sunday,13:00,HOU,15.0,MIA,30.0,Home,15.0,45.0,0.0,2022112703,59008.0,,202211270mia,,401437863,6049.0,7,14,613.0,-822.0,14.0,-101.0,-109.0,47.0,-103.0,-109.0,0,outdoors,grass,84.0,13.0,00-0034577,00-0036212,Kyle Allen,Tua Tagovailoa,Lovie Smith,Mike McDaniel,Jerome Boger,MIA00,Hard Rock Stadium,0,27.4,22.0,0.0,24.366346323984782,4.0,0.0,14.6,26.2,-1.4,16.62205650824574,-5.0,1.0,7,110.94700727513228,95.78703703703704,1.0,0.0,1.0,0.0
2022_12_CHI_NYJ,2022,REG,12,2022-11-27,Sunday,13:00,CHI,10.0,NYJ,31.0,Home,21.0,41.0,0.0,2022112704,59009.0,,202211270nyj,,401437864,6050.0,7,7,315.0,-375.0,8.5,-107.0,-103.0,36.5,-103.0,-109.0,0,outdoors,fieldturf,50.0,9.0,00-0032156,00-0034401,Trevor Siemian,Mike White,Matt Eberflus,Robert Saleh,John Hussey,NYC01,MetLife Stadium,0,16.6,13.6,0.2,21.35291360599934,-1.0,1.0,29.6,31.2,0.2,29.95512162216584,-4.0,1.0,0,81.88591645622895,89.9046371422132,0.0,0.0,2.0,0.0
2022_12_CIN_TEN,2022,REG,12,2022-11-27,Sunday,13:00,CIN,20.0,TEN,16.0,Home,-4.0,36.0,0.0,2022112705,59010.0,,202211270oti,,401437865,6051.0,7,10,-105.0,-105.0,-1.0,102.0,-113.0,43.0,-118.0,105.0,0,outdoors,grass,56.0,14.0,00-0036442,00-0029701,Joe Burrow,Ryan Tannehill,Zac Taylor,Mike Vrabel,Carl Cheffers,NAS00,Nissan Stadium,0,19.4,13.4,0.6,19.527760670151615,2.0,0.0,31.4,25.2,0.4,28.972888898068586,2.0,0.0,3,105.2681216931217,114.77202752202751,1.0,0.0,1.0,0.0
2022_12_ATL_WAS,2022,REG,12,2022-11-27,Sunday,13:00,ATL,13.0,WAS,19.0,Home,6.0,32.0,0.0,2022112706,59011.0,,202211270was,,401437866,6052.0,7,7,163.0,-183.0,3.5,-110.0,-100.0,40.5,-114.0,101.0,0,outdoors,grass,46.0,9.0,00-0032268,00-0031800,Marcus Mariota,Taylor Heinicke,Arthur Smith,Ron Rivera,Brad Rogers,WAS00,FedExField,0,22.4,17.6,0.6,24.89991595151729,2.0,0.0,22.6,27.6,0.0,20.484905630602196,1.0,0.0,0,81.36611014090622,96.42512077294687,2.0,0.0,0.0,0.0
2022_12_LAC_ARI,2022,REG,12,2022-11-27,Sunday,16:05,LAC,25.0,ARI,24.0,Home,-1.0,49.0,0.0,2022112707,59012.0,,202211270crd,,401437867,6053.0,7,6,-136.0,123.0,-2.5,-108.0,-102.0,48.5,-100.0,-112.0,0,closed,grass,,,00-0036355,00-0035228,Justin Herbert,Kyler Murray,Brandon Staley,Kliff Kingsbury,Ron Torbert,PHO00,State Farm Stadium,1,25.2,30.8,0.6,24.037672240358336,-1.0,1.0,21.0,24.4,-0.8,20.76809977567445,-2.0,0.0,-1,89.07641183503252,83.87294873069587,4.0,0.0,2.0,0.0
2022_12_LV_SEA,2022,REG,12,2022-11-27,Sunday,16:05,LV,40.0,SEA,34.0,Home,-6.0,74.0,1.0,2022112708,59013.0,,202211270sea,,401437868,6054.0,7,14,174.0,-196.0,4.0,-107.0,-103.0,47.5,-103.0,-109.0,0,outdoors,fieldturf,44.0,8.0,00-0031280,00-0030565,Derek Carr,Geno Smith,Josh McDaniels,Pete Carroll,Brad Allen,SEA00,Lumen Field,0,26.0,17.4,-0.2,25.803264647222605,-1.0,0.0,20.0,22.4,0.2,20.459946466373555,1.0,0.0,7,102.75978209248292,94.32820219004428,0.0,0.0,0.0,0.0
2022_12_LA_KC,2022,REG,12,2022-11-27,Sunday,16:25,LA,10.0,KC,26.0,Home,16.0,36.0,0.0,2022112709,59014.0,,202211270kan,,401437869,6055.0,7,7,768.0,-1088.0,16.5,-115.0,105.0,42.0,-108.0,-104.0,0,outdoors,grass,44.0,6.0,00-0035939,00-0033873,Bryce Perkins,Patrick Mahomes,Sean McVay,Andy Reid,Adrian Hill,KAN00,GEHA Field at Arrowhead Stadium,0,28.2,21.6,-0.2,36.35704459750654,4.0,0.0,17.6,22.2,-0.4,16.29282556640265,-4.0,1.0,0,109.77205882352939,74.79166666666666,0.0,0.0,3.0,1.0
2022_12_NO_SF,2022,REG,12,2022-11-27,Sunday,16:25,NO,0.0,SF,13.0,Home,13.0,13.0,0.0,2022112710,59015.0,,202211270sfo,,401437870,6056.0,7,6,327.0,-392.0,9.5,-113.0,103.0,44.0,-116.0,103.0,0,outdoors,grass,59.0,2.0,00-0027973,00-0031345,Andy Dalton,Jimmy Garoppolo,Dennis Allen,Kyle Shanahan,Shawn Hochuli,SFO01,Levi's Stadium,0,25.6,22.4,-0.8,24.013587666579564,3.0,0.0,21.6,21.8,-1.0,21.512172284644194,1.0,0.0,-1,109.01049815284466,100.54453230437579,1.0,0.0,1.0,0.0
2022_12_GB_PHI,2022,REG,12,2022-11-27,Sunday,20:20,GB,33.0,PHI,40.0,Home,7.0,73.0,0.0,2022112711,59016.0,,202211270phi,,401437871,6057.0,10,7,241.0,-278.0,6.5,-105.0,-105.0,46.0,-106.0,-106.0,0,outdoors,grass,62.0,24.0,00-0023459,00-0036389,Aaron Rodgers,Jalen Hurts,Matt LaFleur,Nick Sirianni,Shawn Smith,PHI00,Lincoln Financial Field,0,25.6,19.0,0.6,28.40113904770314,1.0,0.0,19.0,24.0,0.8,21.807308794646932,-1.0,0.0,-3,115.0760921177588,97.05840219212311,0.0,0.0,2.0,0.0
2022_12_PIT_IND,2022,REG,12,2022-11-28,Monday,20:15,PIT,24.0,IND,17.0,Home,-7.0,41.0,0.0,2022112800,59017.0,,202211280clt,,401437872,6058.0,8,8,116.0,-128.0,2.5,-110.0,-100.0,40.0,-114.0,101.0,0,closed,fieldturf,,,00-0038102,00-0026143,Kenny Pickett,Matt Ryan,Mike Tomlin,Jeff Saturday,Bill Vinovich,IND00,Lucas Oil Stadium,1,14.0,19.8,-0.6,14.972960823118829,-1.0,1.0,18.6,23.2,-0.2,19.201678460653614,-1.0,0.0,0,88.63902858863172,77.15022088048404,0.0,0.0,1.0,0.0
2022_13_BUF_NE,2022,REG,13,2022-12-01,Thursday,20:15,BUF,24.0,NE,10.0,Home,-14.0,34.0,0.0,2022120100,59018.0,,202212010nwe,,401437873,6059.0,7,7,-185.0,165.0,-3.5,-105.0,-105.0,43.5,-103.0,-109.0,1,outdoors,fieldturf,35.0,2.0,00-0034857,00-0036972,Josh Allen,Mac Jones,Sean McDermott,Bill Belichick,Shawn Hochuli,BOS00,Gillette Stadium,0,19.6,17.8,0.0,22.541777271791116,-1.0,0.0,26.6,23.6,-0.4,27.211728800276823,2.0,0.0,0,82.04436304436305,76.3341100953732,1.0,0.0,2.0,0.0
2022_13_PIT_ATL,2022,REG,13,2022-12-04,Sunday,13:00,PIT,19.0,ATL,16.0,Home,-3.0,35.0,0.0,2022120400,59019.0,,202212040atl,,401437874,6060.0,6,7,-113.0,103.0,-1.0,-105.0,-105.0,43.0,-108.0,-104.0,0,closed,fieldturf,,,00-0038102,00-0032268,Kenny Pickett,Marcus Mariota,Mike Tomlin,Arthur Smith,Ron Torbert,ATL97,Mercedes-Benz Stadium,1,21.8,24.4,0.0,19.887464604018803,-1.0,0.0,19.4,23.0,0.2,19.458390294769192,1.0,0.0,1,88.22512077294687,77.24281347307662,0.0,0.0,1.0,0.0
2022_13_DEN_BAL,2022,REG,13,2022-12-04,Sunday,13:00,DEN,9.0,BAL,10.0,Home,1.0,19.0,0.0,2022120401,59020.0,,202212040rav,,401437875,6061.0,7,7,294.0,-347.0,9.5,-124.0,112.0,40.5,100.0,-113.0,0,outdoors,grass,63.0,8.0,00-0029263,00-0034796,Russell Wilson,Lamar Jackson,Nathaniel Hackett,John Harbaugh,Alex Kemp,BAL00,M&T Bank Stadium,0,23.4,17.2,0.4,21.04116532777499,-1.0,0.0,13.2,19.0,-0.6,14.252328291834058,-3.0,0.0,0,87.34258705475811,82.9199948796723,0.0,0.0,0.0,0.0
2022_13_GB_CHI,2022,REG,13,2022-12-04,Sunday,13:00,GB,28.0,CHI,19.0,Home,-9.0,47.0,0.0,2022120402,59021.0,,202212040chi,,401437876,6062.0,7,7,-182.0,163.0,-4.0,105.0,-116.0,45.0,-114.0,101.0,1,outdoors,grass,38.0,12.0,00-0023459,00-0036945,Aaron Rodgers,Justin Fields,Matt LaFleur,Matt Eberflus,Scott Novak,CHI98,Soldier Field,0,25.0,34.6,-0.6,26.486609872040813,-5.0,0.0,21.4,27.4,0.2,25.494647217086232,-2.0,0.0,0,99.06711525189786,96.42744981117073,3.0,0.0,2.0,0.0
2022_13_JAX_DET,2022,REG,13,2022-12-04,Sunday,13:00,JAX,14.0,DET,40.0,Home,26.0,54.0,0.0,2022120403,59022.0,,202212040det,,401437877,6063.0,7,10,107.0,-118.0,1.0,-100.0,-110.0,51.5,-114.0,101.0,0,dome,fieldturf,,,00-0036971,00-0033106,Trevor Lawrence,Jared Goff,Doug Pederson,Dan Campbell,Jerome Boger,DET00,Ford Field,1,25.8,23.2,1.2,24.201193820224717,-1.0,0.0,21.2,23.6,0.4,23.519693273879156,1.0,0.0,3,96.42844767844767,94.39380917864601,1.0,0.0,0.0,0.0
2022_13_CLE_HOU,2022,REG,13,2022-12-04,Sunday,13:00,CLE,27.0,HOU,14.0,Home,-13.0,41.0,0.0,2022120404,59023.0,,202212040htx,,401437878,6064.0,7,7,-329.0,280.0,-7.5,-108.0,-102.0,47.0,-119.0,106.0,0,closed,astroturf,,,00-0033537,00-0034577,Deshaun Watson,Kyle Allen,Kevin Stefanski,Lovie Smith,Land Clark,HOU00,NRG Stadium,1,13.6,24.6,-1.6,16.134129213483146,-6.0,1.0,23.0,24.6,-0.8,23.87495223686384,1.0,1.0,0,86.45417853751188,,2.0,0.0,1.0,0.0
2022_13_NYJ_MIN,2022,REG,13,2022-12-04,Sunday,13:00,NYJ,22.0,MIN,27.0,Home,5.0,49.0,0.0,2022120405,59024.0,,202212040min,,401437879,6065.0,7,10,132.0,-146.0,3.0,-117.0,106.0,44.0,-108.0,-104.0,0,dome,sportturf,,,00-0034401,00-0029604,Mike White,Kirk Cousins,Robert Saleh,Kevin O'Connell,Clete Blakeman,MIN01,U.S. Bank Stadium,1,24.6,27.8,0.0,30.733374453117232,1.0,0.0,17.4,13.6,0.2,19.69075088379005,1.0,1.0,3,87.46007257257259,95.35992364117364,1.0,0.0,1.0,0.0
2022_13_WAS_NYG,2022,REG,13,2022-12-04,Sunday,13:00,WAS,20.0,NYG,20.0,Home,0.0,40.0,1.0,2022120406,59025.0,,202212040nyg,,401437880,6066.0,7,10,-124.0,113.0,-2.5,105.0,-116.0,40.0,-104.0,-108.0,1,outdoors,fieldturf,40.0,9.0,00-0031800,00-0035710,Taylor Heinicke,Daniel Jones,Ron Rivera,Brian Daboll,Brad Allen,NYC01,MetLife Stadium,0,19.6,23.8,1.0,19.383559790629494,-2.0,0.0,21.6,16.0,1.0,22.33956352636128,3.0,0.0,3,96.33450012458552,81.99303152869716,1.0,0.0,2.0,0.0
2022_13_TEN_PHI,2022,REG,13,2022-12-04,Sunday,13:00,TEN,10.0,PHI,35.0,Home,25.0,45.0,0.0,2022120407,59026.0,,202212040phi,,401437881,6067.0,7,7,189.0,-213.0,5.0,-109.0,-101.0,44.5,101.0,-114.0,0,outdoors,grass,60.0,7.0,00-0029701,00-0036389,Ryan Tannehill,Jalen Hurts,Mike Vrabel,Nick Sirianni,Adrian Hill,PHI00,Lincoln Financial Field,0,28.4,22.2,0.2,28.79232394650314,2.0,0.0,18.8,15.4,0.2,18.116479560532266,-1.0,0.0,0,113.41537783204448,100.4431917211329,0.0,0.0,2.0,0.0
2022_13_SEA_LA,2022,REG,13,2022-12-04,Sunday,16:05,SEA,27.0,LA,23.0,Home,-4.0,50.0,0.0,2022120408,59027.0,,202212040ram,,401437882,6068.0,7,7,-292.0,252.0,-7.0,107.0,-118.0,41.0,101.0,-114.0,1,dome,matrixturf,,,00-0030565,00-0034899,Geno Smith,John Wolford,Pete Carroll,Sean McVay,Shawn Smith,LAX01,SoFi Stadium,1,14.8,25.4,-0.8,14.022615658698436,-5.0,1.0,29.0,23.6,-0.4,29.34792321090572,-2.0,0.0,0,45.37037037037036,107.61229589660964,2.0,1.0,0.0,0.0
2022_13_MIA_SF,2022,REG,13,2022-12-04,Sunday,16:05,MIA,17.0,SF,33.0,Home,16.0,50.0,0.0,2022120409,59028.0,,202212040sfo,,401437883,6069.0,7,7,196.0,-222.0,4.5,101.0,-111.0,46.0,-110.0,-102.0,0,outdoors,grass,38.0,6.0,00-0036212,00-0031345,Tua Tagovailoa,Jimmy Garoppolo,Mike McDaniel,Kyle Shanahan,Tra Blake,SFO01,Levi's Stadium,0,25.4,16.8,0.2,24.351852072642643,4.0,0.0,30.2,20.2,1.0,25.683395449776636,5.0,0.0,0,110.53214174765898,119.78629298941799,0.0,0.0,2.0,0.0
2022_13_KC_CIN,2022,REG,13,2022-12-04,Sunday,16:25,KC,24.0,CIN,27.0,Home,3.0,51.0,0.0,2022120410,59029.0,,202212040cin,,401437884,6070.0,7,7,-132.0,120.0,-2.5,-108.0,-102.0,53.0,-107.0,-105.0,0,outdoors,fieldturf,57.0,2.0,00-0033873,00-0036442,Patrick Mahomes,Joe Burrow,Andy Reid,Zac Taylor,John Hussey,CIN00,Paycor Stadium,0,29.4,23.2,0.2,30.130705917738933,3.0,0.0,29.4,18.8,0.4,34.02053065711916,5.0,0.0,0,107.79004554004553,109.81372549019606,0.0,0.0,0.0,0.0
2022_13_LAC_LV,2022,REG,13,2022-12-04,Sunday,16:25,LAC,20.0,LV,27.0,Home,7.0,47.0,0.0,2022120411,59030.0,,202212040rai,,401437885,6071.0,7,7,125.0,-139.0,2.5,-102.0,-109.0,49.0,102.0,-114.0,1,dome,grass,,,00-0036355,00-0031280,Justin Herbert,Derek Carr,Brandon Staley,Josh McDaniels,Craig Wrolstad,VEG00,Allegiant Stadium,1,20.4,25.2,0.0,21.332904182272156,2.0,0.0,22.2,26.0,0.0,19.435997517637833,1.0,0.0,0,90.83283181967393,92.5615141157898,0.0,0.0,3.0,0.0
2022_13_IND_DAL,2022,REG,13,2022-12-04,Sunday,20:20,IND,19.0,DAL,54.0,Home,35.0,73.0,0.0,2022120412,59031.0,,202212040dal,,401437886,6072.0,6,10,376.0,-460.0,11.0,-109.0,-101.0,44.5,-104.0,-108.0,0,closed,matrixturf,,,00-0026143,00-0033077,Matt Ryan,Dak Prescott,Jeff Saturday,Mike McCarthy,Carl Cheffers,DAL00,AT&T Stadium,1,33.8,17.8,0.2,31.496163134571876,2.0,0.0,15.4,20.8,-0.6,16.53288145640193,-2.0,0.0,4,107.36476113794954,92.20490615917213,0.0,0.0,2.0,0.0
2022_13_NO_TB,2022,REG,13,2022-12-05,Monday,20:15,NO,16.0,TB,17.0,Home,1.0,33.0,0.0,2022120500,59032.0,,202212050tam,,401437887,6073.0,8,8,169.0,-190.0,3.5,-105.0,-105.0,41.0,-107.0,-105.0,1,outdoors,grass,69.0,2.0,00-0027973,00-0019596,Andy Dalton,Tom Brady,Dennis Allen,Todd Bowles,Clay Martin,TAM00,Raymond James Stadium,0,15.8,20.0,0.2,15.436286254422459,-1.0,0.0,14.8,16.0,-0.8,14.384645322864493,-1.0,0.0,0,91.82597696438056,99.35781183482334,3.0,0.0,2.0,0.0
2022_14_LV_LA,2022,REG,14,2022-12-08,Thursday,20:15,LV,16.0,LA,17.0,Home,1.0,33.0,0.0,2022120800,59033.0,,202212080ram,,401437888,6074.0,4,4,-283.0,245.0,-6.5,-112.0,101.0,42.5,-115.0,102.0,0,dome,matrixturf,,,00-0031280,00-0034855,Derek Carr,Baker Mayfield,Josh McDaniels,Sean McVay,Brad Rogers,LAX01,SoFi Stadium,1,16.6,24.6,-0.8,15.443046248819947,-6.0,1.0,25.8,24.4,0.0,28.234726123595507,3.0,0.0,0,77.60227272727273,98.68539592223803,1.0,0.0,2.0,0.0
2022_14_NYJ_BUF,2022,REG,14,2022-12-11,Sunday,13:00,NYJ,12.0,BUF,20.0,Home,8.0,32.0,0.0,2022121100,59034.0,,202212110buf,,401437889,6075.0,7,10,332.0,-398.0,10.0,-108.0,-102.0,43.5,-104.0,-108.0,1,outdoors,a_turf,36.0,11.0,00-0034401,00-0034857,Mike White,Josh Allen,Robert Saleh,Sean McDermott,Alex Kemp,BUF00,New Era Field,0,26.0,22.2,-0.4,27.806927242934968,3.0,0.0,18.6,17.2,-0.4,18.890859924420017,-1.0,0.0,3,82.51693837820149,94.34292802713854,0.0,0.0,0.0,0.0
2022_14_CLE_CIN,2022,REG,14,2022-12-11,Sunday,13:00,CLE,10.0,CIN,23.0,Home,13.0,33.0,0.0,2022121101,59035.0,,202212110cin,,401437890,6076.0,7,7,181.0,-204.0,4.5,-108.0,-102.0,47.0,-108.0,-105.0,1,outdoors,fieldturf,47.0,8.0,00-0033537,00-0036442,Deshaun Watson,Joe Burrow,Kevin Stefanski,Zac Taylor,Jerome Boger,CIN00,Paycor Stadium,0,27.8,24.6,0.4,29.288260680446083,4.0,0.0,24.4,22.8,-0.6,25.75429223984039,2.0,1.0,0,105.47373729631795,53.40909090909091,1.0,0.0,0.0,0.0
2022_14_HOU_DAL,2022,REG,14,2022-12-11,Sunday,13:00,HOU,23.0,DAL,27.0,Home,4.0,50.0,0.0,2022121102,59036.0,,202212110dal,,401437891,6077.0,7,7,918.0,-1365.0,17.0,104.0,-115.0,44.5,-108.0,-104.0,0,closed,matrixturf,,,00-0036898,00-0033077,Davis Mills,Dak Prescott,Lovie Smith,Mike McCarthy,John Hussey,DAL00,AT&T Stadium,1,39.8,20.4,0.2,41.620077767374106,3.0,0.0,14.4,26.6,-1.4,16.527644560153465,-7.0,1.0,0,104.85365002683844,74.01033124645404,1.0,0.0,3.0,0.0
2022_14_MIN_DET,2022,REG,14,2022-12-11,Sunday,13:00,MIN,23.0,DET,34.0,Home,11.0,57.0,0.0,2022121103,59037.0,,202212110det,,401437892,6078.0,7,7,119.0,-132.0,2.5,-108.0,-102.0,51.5,-110.0,-102.0,1,dome,fieldturf,,,00-0029604,00-0033106,Kirk Cousins,Jared Goff,Kevin O'Connell,Dan Campbell,Ron Torbert,DET00,Ford Field,1,28.4,19.8,1.2,26.728874063670407,1.0,0.0,23.2,27.0,0.4,31.875700538560377,2.0,0.0,0,97.9989816270304,83.29869691119691,1.0,0.0,0.0,0.0
2022_14_PHI_NYG,2022,REG,14,2022-12-11,Sunday,13:00,PHI,48.0,NYG,22.0,Home,-26.0,70.0,0.0,2022121104,59038.0,,202212110nyg,,401437893,6079.0,7,7,-302.0,260.0,-7.5,104.0,-115.0,44.5,-109.0,-103.0,1,outdoors,fieldturf,37.0,6.0,00-0036389,00-0035710,Jalen Hurts,Daniel Jones,Nick Sirianni,Brian Daboll,Clete Blakeman,NYC01,MetLife Stadium,0,19.0,24.4,0.8,18.989727304365115,0.0,0.0,28.4,21.6,-0.2,31.50751363104566,3.0,0.0,0,98.3891596227934,111.34807013973679,2.0,0.0,0.0,0.0
2022_14_BAL_PIT,2022,REG,14,2022-12-11,Sunday,13:00,BAL,16.0,PIT,14.0,Home,-2.0,30.0,0.0,2022121105,59039.0,,202212110pit,,401437894,6080.0,7,7,112.0,-124.0,1.5,-101.0,-109.0,37.0,-114.0,101.0,1,outdoors,grass,42.0,12.0,00-0035993,00-0038102,Tyler Huntley,Kenny Pickett,John Harbaugh,Mike Tomlin,Adrian Hill,PIT00,Acrisure Stadium,0,21.2,23.0,1.0,22.293340551963674,2.0,0.0,20.8,15.0,-0.2,20.112407649684467,1.0,1.0,0,82.18870091896407,76.22117289190719,0.0,0.0,1.0,0.0
2022_14_JAX_TEN,2022,REG,14,2022-12-11,Sunday,13:00,JAX,36.0,TEN,22.0,Home,-14.0,58.0,0.0,2022121106,59040.0,,202212110oti,,401437895,6081.0,7,7,151.0,-169.0,3.0,106.0,-117.0,42.0,-112.0,-101.0,1,outdoors,grass,54.0,8.0,00-0036971,00-0029701,Trevor Lawrence,Ryan Tannehill,Doug Pederson,Mike Vrabel,Clay Martin,NAS00,Nissan Stadium,0,17.4,20.4,0.0,16.940835674157302,-2.0,0.0,20.6,27.0,0.4,21.865990907746898,-1.0,0.0,0,100.72046444840562,95.96107599535019,4.0,0.0,0.0,0.0
2022_14_KC_DEN,2022,REG,14,2022-12-11,Sunday,16:05,KC,34.0,DEN,28.0,Home,-6.0,62.0,0.0,2022121110,59044.0,,202212110den,,401437899,6085.0,7,7,-394.0,329.0,-8.5,-108.0,-103.0,44.5,-112.0,-100.0,1,outdoors,grass,55.0,4.0,00-0033873,00-0029263,Patrick Mahomes,Russell Wilson,Andy Reid,Nathaniel Hackett,Craig Wrolstad,DEN00,Empower Field at Mile High,0,13.2,17.8,0.0,14.760332072533096,-4.0,0.0,25.4,19.6,-0.4,26.860001630686355,-1.0,0.0,0,86.05311176278919,102.98819898329702,1.0,0.0,0.0,0.0
2022_14_CAR_SEA,2022,REG,14,2022-12-11,Sunday,16:25,CAR,30.0,SEA,24.0,Home,-6.0,54.0,0.0,2022121108,59042.0,,202212110sea,,401437898,6083.0,14,7,178.0,-200.0,3.5,106.0,-117.0,44.5,-109.0,-104.0,0,outdoors,fieldturf,45.0,4.0,00-0034869,00-0030565,Sam Darnold,Geno Smith,Steve Wilks,Pete Carroll,Bill Vinovich,SEA00,Lumen Field,0,27.0,23.6,-0.4,27.620927729604293,1.0,0.0,21.2,23.4,0.0,22.460645171490608,1.0,1.0,-7,109.73242885007592,69.00983975819501,0.0,0.0,0.0,0.0
2022_14_TB_SF,2022,REG,14,2022-12-11,Sunday,16:25,TB,7.0,SF,35.0,Home,28.0,42.0,0.0,2022121109,59043.0,,202212110sfo,,401437897,6084.0,6,7,175.0,-196.0,3.5,-107.0,-103.0,38.0,104.0,-117.0,0,outdoors,grass,54.0,8.0,00-0019596,00-0037834,Tom Brady,Brock Purdy,Todd Bowles,Kyle Shanahan,Brad Allen,SFO01,Levi's Stadium,0,27.4,11.4,1.4,27.531369956815542,5.0,1.0,18.6,19.0,-0.2,19.522896130069757,1.0,0.0,1,59.44381881881881,92.38310722389177,1.0,1.0,3.0,0.0
2022_14_MIA_LAC,2022,REG,14,2022-12-11,Sunday,20:20,MIA,17.0,LAC,23.0,Home,6.0,40.0,0.0,2022121107,59041.0,,202212110sdg,,401437896,6082.0,7,7,-163.0,146.0,-3.0,-113.0,102.0,54.5,-102.0,-110.0,0,dome,matrixturf,,,00-0036212,00-0036355,Tua Tagovailoa,Justin Herbert,Mike McDaniel,Brandon Staley,Scott Novak,LAX01,SoFi Stadium,1,21.6,24.0,0.2,19.54711808556612,-1.0,0.0,30.4,24.8,-0.2,27.599217818562803,-1.0,0.0,0,93.29646057664365,117.1975484006734,2.0,0.0,0.0,0.0
2022_14_NE_ARI,2022,REG,14,2022-12-12,Monday,20:15,NE,27.0,ARI,13.0,Home,-14.0,40.0,0.0,2022121200,59045.0,,202212120crd,,401437900,6086.0,11,15,-125.0,113.0,-2.0,-104.0,-106.0,44.0,-103.0,-110.0,0,closed,grass,,,00-0036972,00-0035228,Mac Jones,Kyler Murray,Bill Belichick,Kliff Kingsbury,Shawn Smith,PHO00,State Farm Stadium,1,21.6,29.0,-0.4,20.957734854627592,-2.0,1.0,18.8,16.0,0.8,21.190133777389043,-2.0,0.0,4,90.95927992479717,95.67862230362229,3.0,0.0,3.0,0.0
2022_15_SF_SEA,2022,REG,15,2022-12-15,Thursday,20:15,SF,21.0,SEA,13.0,Home,-8.0,34.0,0.0,2022121500,59046.0,,202212150sea,,401437901,6087.0,4,4,-169.0,152.0,-3.0,-115.0,104.0,43.0,-109.0,-103.0,1,outdoors,fieldturf,,,00-0037834,00-0030565,Brock Purdy,Geno Smith,Kyle Shanahan,Pete Carroll,Alex Kemp,SEA00,Lumen Field,0,26.4,27.0,-0.2,25.926844162188566,-1.0,0.0,28.2,10.0,1.8,28.335205575992642,6.0,1.0,0,106.09953124659008,84.30513847180514,0.0,0.0,2.0,1.0
2022_15_IND_MIN,2022,REG,15,2022-12-17,Saturday,13:00,IND,36.0,MIN,39.0,Home,3.0,75.0,1.0,2022121700,59049.0,,202212170min,,401437904,6090.0,13,6,168.0,-188.0,3.5,-103.0,-107.0,46.5,-107.0,-105.0,0,dome,sportturf,,,00-0026143,00-0029604,Matt Ryan,Kirk Cousins,Jeff Saturday,Kevin O'Connell,Tra Blake,MIN01,U.S. Bank Stadium,1,23.8,30.4,0.0,31.999356273408246,-1.0,0.0,16.0,28.2,-1.2,17.476039380175166,-3.0,0.0,-7,91.85306682989611,82.65263837414572,0.0,0.0,1.0,0.0
2022_15_BAL_CLE,2022,REG,15,2022-12-17,Saturday,16:30,BAL,3.0,CLE,13.0,Home,10.0,16.0,0.0,2022121701,59048.0,,202212170cle,,401437903,6089.0,6,6,139.0,-155.0,2.5,113.0,-125.0,39.5,-107.0,-105.0,1,outdoors,grass,34.0,12.0,00-0035993,00-0033537,Tyler Huntley,Deshaun Watson,John Harbaugh,Kevin Stefanski,Brad Allen,CLE00,FirstEnergy Stadium,0,20.0,24.8,-0.6,19.84866511324816,-1.0,0.0,18.6,13.4,0.6,17.86278591492777,2.0,1.0,0,66.23827561327562,73.92585125448028,0.0,0.0,1.0,0.0
2022_15_MIA_BUF,2022,REG,15,2022-12-17,Saturday,20:15,MIA,29.0,BUF,32.0,Home,3.0,61.0,0.0,2022121702,59047.0,,202212170buf,,401437902,6088.0,6,6,273.0,-320.0,7.0,-104.0,-106.0,44.0,106.0,-119.0,1,outdoors,a_turf,29.0,4.0,00-0036212,00-0034857,Tua Tagovailoa,Josh Allen,Mike McDaniel,Sean McDermott,Bill Vinovich,BUF00,New Era Field,0,26.6,20.6,0.2,28.02401921222539,4.0,0.0,27.6,24.0,0.0,26.596533822909073,-2.0,0.0,0,90.45357599621165,102.5315431096681,1.0,0.0,1.0,0.0
2022_15_PIT_CAR,2022,REG,15,2022-12-18,Sunday,13:00,PIT,24.0,CAR,16.0,Home,-8.0,40.0,0.0,2022121800,59052.0,,202212180car,,401437907,6093.0,7,7,130.0,-145.0,2.5,-100.0,-110.0,36.5,101.0,-114.0,0,outdoors,grass,47.0,7.0,00-0038102,00-0034869,Kenny Pickett,Sam Darnold,Mike Tomlin,Steve Wilks,Scott Novak,CAR00,Bank of America Stadium,0,20.4,20.8,0.2,21.41220865878618,2.0,0.0,21.4,19.2,0.8,22.29605679132634,-1.0,0.0,0,80.82802157637684,,0.0,0.0,2.0,0.0
2022_15_PHI_CHI,2022,REG,15,2022-12-18,Sunday,13:00,PHI,25.0,CHI,20.0,Home,-5.0,45.0,0.0,2022121801,59053.0,,202212180chi,,401437908,6094.0,7,14,-386.0,323.0,-8.5,-104.0,-106.0,48.0,-110.0,-103.0,0,outdoors,grass,17.0,17.0,00-0036389,00-0036945,Jalen Hurts,Justin Fields,Nick Sirianni,Matt Eberflus,Brad Rogers,CHI98,Soldier Field,0,23.0,30.4,-1.2,21.574707669192577,-6.0,0.0,32.2,22.6,-0.2,35.44476339882165,4.0,0.0,7,97.1567977915804,107.41786305092758,1.0,0.0,0.0,0.0
2022_15_KC_HOU,2022,REG,15,2022-12-18,Sunday,13:00,KC,30.0,HOU,24.0,Home,-6.0,54.0,1.0,2022121802,59054.0,,202212180htx,,401437909,6095.0,7,7,-755.0,572.0,-14.5,109.0,-120.0,48.5,-109.0,-103.0,0,closed,astroturf,,,00-0033873,00-0036898,Patrick Mahomes,Davis Mills,Andy Reid,Lovie Smith,Carl Cheffers,HOU00,NRG Stadium,1,15.6,26.2,-1.4,17.006244306103856,-8.0,1.0,28.2,21.8,-0.4,29.112222182281286,1.0,0.0,0,70.94509702268324,104.13315696649029,6.0,0.0,0.0,0.0
2022_15_DAL_JAX,2022,REG,15,2022-12-18,Sunday,13:00,DAL,34.0,JAX,40.0,Home,6.0,74.0,1.0,2022121803,59055.0,,202212180jax,,401437910,6096.0,7,7,-188.0,168.0,-4.0,100.0,-110.0,48.5,-103.0,-110.0,0,outdoors,grass,54.0,9.0,00-0033077,00-0036971,Dak Prescott,Trevor Lawrence,Mike McCarthy,Doug Pederson,Shawn Smith,JAX00,TIAA Bank Stadium,0,24.4,27.2,1.4,25.281736418925878,1.0,0.0,35.4,19.2,0.4,34.58509705104778,4.0,0.0,0,109.90244824317406,96.12976588628763,0.0,0.0,0.0,0.0
2022_15_ATL_NO,2022,REG,15,2022-12-18,Sunday,13:00,ATL,18.0,NO,21.0,Home,3.0,39.0,0.0,2022121809,59050.0,,202212180nor,,401437905,6091.0,14,13,203.0,-231.0,5.0,103.0,-113.0,43.5,-109.0,-103.0,1,dome,sportturf,,,00-0038122,00-0027973,Desmond Ridder,Andy Dalton,Arthur Smith,Dennis Allen,Clete Blakeman,NOR00,Mercedes-Benz Superdome,1,13.2,19.4,-0.6,13.43057242635894,-2.0,0.0,17.6,21.4,0.0,15.775593008739076,-2.0,1.0,-1,97.43122453323603,,1.0,0.0,0.0,0.0
2022_15_DET_NYJ,2022,REG,15,2022-12-18,Sunday,13:00,DET,20.0,NYJ,17.0,Home,-3.0,37.0,0.0,2022121804,59056.0,,202212180nyj,,401437911,6097.0,7,7,120.0,-132.0,2.0,-100.0,-110.0,44.0,-109.0,-103.0,0,outdoors,fieldturf,38.0,13.0,00-0033106,00-0037013,Jared Goff,Zach Wilson,Dan Campbell,Robert Saleh,Craig Wrolstad,NYC01,MetLife Stadium,0,17.6,16.8,-0.4,17.907429901811923,-2.0,1.0,32.2,22.6,1.2,29.955788506747126,2.0,0.0,0,72.60464905464906,106.4284688065176,2.0,0.0,0.0,0.0
2022_15_ARI_DEN,2022,REG,15,2022-12-18,Sunday,16:05,ARI,15.0,DEN,24.0,Home,9.0,39.0,0.0,2022121805,59057.0,,202212180den,,401437912,6098.0,6,7,110.0,-121.0,1.5,-104.0,-106.0,37.5,-110.0,-103.0,0,outdoors,grass,37.0,4.0,00-0027688,00-0034955,Colt McCoy,Brett Rypien,Kliff Kingsbury,Nathaniel Hackett,Jerome Boger,DEN00,Empower Field at Mile High,0,14.6,21.2,0.0,16.689352283582764,-5.0,1.0,19.0,27.6,-0.6,19.472224912824483,-3.0,1.0,1,50.905797101449274,88.36112382435913,3.0,1.0,2.0,0.0
2022_15_NE_LV,2022,REG,15,2022-12-18,Sunday,16:05,NE,24.0,LV,30.0,Home,6.0,54.0,0.0,2022121808,59060.0,,202212180rai,,401437915,6101.0,6,10,117.0,-129.0,1.0,111.0,-122.0,45.0,-105.0,-108.0,0,dome,grass,,,00-0036972,00-0031280,Mac Jones,Derek Carr,Bill Belichick,Josh McDaniels,Ron Torbert,VEG00,Allegiant Stadium,1,25.0,22.4,-0.2,27.20108489749085,-1.0,0.0,19.8,15.2,0.6,19.859594218372685,1.0,0.0,4,86.22243295927507,94.75005087505087,2.0,0.0,3.0,0.0
2022_15_TEN_LAC,2022,REG,15,2022-12-18,Sunday,16:25,TEN,14.0,LAC,17.0,Home,3.0,31.0,0.0,2022121806,59058.0,,202212180sdg,,401437913,6099.0,7,7,142.0,-158.0,3.0,-108.0,-102.0,46.5,-101.0,-112.0,0,dome,matrixturf,,,00-0029701,00-0036355,Ryan Tannehill,Justin Herbert,Mike Vrabel,Brandon Staley,Land Clark,LAX01,SoFi Stadium,1,22.2,24.0,0.4,20.090093587942953,1.0,0.0,18.4,23.6,-1.0,17.670712948100583,-3.0,0.0,0,97.35710809146353,102.23800830805475,1.0,0.0,4.0,0.0
2022_15_CIN_TB,2022,REG,15,2022-12-18,Sunday,16:25,CIN,34.0,TB,23.0,Home,-11.0,57.0,0.0,2022121807,59059.0,,202212180tam,,401437914,6100.0,7,7,-167.0,150.0,-3.5,108.0,-120.0,47.0,101.0,-114.0,0,outdoors,grass,66.0,6.0,00-0036442,00-0019596,Joe Burrow,Tom Brady,Zac Taylor,Todd Bowles,Adrian Hill,TAM00,Raymond James Stadium,0,15.6,20.6,-0.8,18.163370207343913,-1.0,0.0,29.8,20.2,0.4,32.423693197809094,5.0,0.0,0,87.18234964813419,103.25800858058922,2.0,0.0,3.0,0.0
2022_15_NYG_WAS,2022,REG,15,2022-12-18,Sunday,20:20,NYG,20.0,WAS,12.0,Home,-8.0,32.0,0.0,2022121810,59051.0,,202212180was,,401437906,6092.0,7,14,180.0,-203.0,4.5,-114.0,103.0,40.5,-104.0,-108.0,1,outdoors,grass,35.0,13.0,00-0035710,00-0031800,Daniel Jones,Taylor Heinicke,Brian Daboll,Ron Rivera,John Hussey,WAS00,FedExField,0,22.2,16.8,0.8,22.032018275705454,0.0,0.0,20.8,28.6,0.0,22.161596353614584,-1.0,0.0,7,82.48214771018156,103.3144881771542,0.0,0.0,1.0,0.0
2022_15_LA_GB,2022,REG,15,2022-12-19,Monday,20:15,LA,12.0,GB,24.0,Home,12.0,36.0,0.0,2022121900,59061.0,,202212190gnb,,401437916,6102.0,11,15,301.0,-356.0,8.0,-111.0,101.0,39.5,-101.0,-111.0,0,outdoors,grass,15.0,4.0,00-0034855,00-0023459,Baker Mayfield,Aaron Rodgers,Sean McVay,Matt LaFleur,Shawn Hochuli,GNB00,Lambeau Field,0,23.6,25.8,0.6,23.136789462390762,1.0,0.0,17.4,24.6,-0.6,16.24080114216733,1.0,0.0,4,95.28676880758651,79.12608225108225,1.0,0.0,1.0,0.0
2022_16_JAX_NYJ,2022,REG,16,2022-12-22,Thursday,20:15,JAX,19.0,NYJ,3.0,Home,-16.0,22.0,0.0,2022122200,59062.0,,202212220nyj,,401437917,6103.0,4,4,123.0,-136.0,2.5,-104.0,-106.0,36.5,-106.0,-106.0,0,outdoors,fieldturf,43.0,17.0,00-0036971,00-0037013,Trevor Lawrence,Zach Wilson,Doug Pederson,Robert Saleh,Brad Allen,NYC01,MetLife Stadium,0,17.0,17.4,-0.8,16.35401513121375,-3.0,1.0,27.0,30.0,1.2,29.320677128349168,2.0,0.0,0,75.80041625041625,109.90692852991242,1.0,0.0,2.0,0.0
2022_16_ATL_BAL,2022,REG,16,2022-12-24,Saturday,13:00,ATL,9.0,BAL,17.0,Home,8.0,26.0,0.0,2022122400,59063.0,,202212240rav,,401437918,6104.0,6,7,238.0,-274.0,6.5,-108.0,-102.0,35.0,-105.0,-107.0,0,outdoors,grass,17.0,9.0,00-0038122,00-0035993,Desmond Ridder,Tyler Huntley,Arthur Smith,John Harbaugh,Bill Vinovich,BAL00,M&T Bank Stadium,0,13.8,13.4,0.0,13.435835189848895,-1.0,0.0,17.8,21.6,-0.2,17.21157962328767,-3.0,1.0,1,64.9466845878136,59.294871794871796,3.0,0.0,0.0,0.0
2022_16_DET_CAR,2022,REG,16,2022-12-24,Saturday,13:00,DET,23.0,CAR,37.0,Home,14.0,60.0,0.0,2022122401,59064.0,,202212240car,,401437919,6105.0,6,6,-129.0,117.0,-2.5,101.0,-111.0,43.5,-112.0,-100.0,0,outdoors,grass,20.0,12.0,00-0033106,00-0034869,Jared Goff,Sam Darnold,Dan Campbell,Steve Wilks,Shawn Hochuli,CAR00,Bank of America Stadium,0,19.4,17.2,0.8,20.866807116104862,-1.0,0.0,30.0,20.0,1.2,30.689919699560335,3.0,0.0,0,89.26325708362322,101.48919755145685,0.0,0.0,1.0,0.0
2022_16_BUF_CHI,2022,REG,16,2022-12-24,Saturday,13:00,BUF,35.0,CHI,13.0,Home,-22.0,48.0,0.0,2022122402,59065.0,,202212240chi,,401437920,6106.0,7,6,-360.0,304.0,-8.0,-110.0,-100.0,40.0,102.0,-115.0,0,outdoors,grass,7.0,17.0,00-0034857,00-0036945,Josh Allen,Justin Fields,Sean McDermott,Matt Eberflus,Carl Cheffers,CHI98,Soldier Field,0,20.6,28.4,-0.8,19.817218335470784,-7.0,0.0,27.0,19.8,0.4,27.721367466802857,5.0,0.0,-1,97.06190476190476,98.56016514349847,3.0,0.0,1.0,0.0
2022_16_NO_CLE,2022,REG,16,2022-12-24,Saturday,13:00,NO,17.0,CLE,10.0,Home,-7.0,27.0,0.0,2022122403,59066.0,,202212240cle,,401437921,6107.0,6,7,162.0,-181.0,3.0,111.0,-123.0,32.0,-108.0,-104.0,0,outdoors,grass,6.0,27.0,00-0027973,00-0033537,Andy Dalton,Deshaun Watson,Dennis Allen,Kevin Stefanski,Brad Rogers,CLE00,FirstEnergy Stadium,0,19.2,17.6,0.0,21.55494002278464,1.0,0.0,14.8,17.6,-0.4,15.031436929108402,1.0,0.0,1,74.66480278980279,107.08132595311433,1.0,0.0,3.0,0.0
2022_16_SEA_KC,2022,REG,16,2022-12-24,Saturday,13:00,SEA,10.0,KC,24.0,Home,14.0,34.0,0.0,2022122404,59067.0,,202212240kan,,401437922,6108.0,9,6,367.0,-447.0,10.5,-107.0,-103.0,50.5,-105.0,-107.0,0,outdoors,grass,12.0,9.0,00-0030565,00-0033873,Geno Smith,Patrick Mahomes,Pete Carroll,Andy Reid,Clete Blakeman,KAN00,GEHA Field at Arrowhead Stadium,0,28.8,23.2,0.0,28.68289637952559,2.0,0.0,22.8,27.0,-0.4,25.64748030350508,-2.0,0.0,-3,101.6311244461651,102.9088004088004,0.0,0.0,2.0,0.0
2022_16_NYG_MIN,2022,REG,16,2022-12-24,Saturday,13:00,NYG,24.0,MIN,27.0,Home,3.0,51.0,0.0,2022122405,59068.0,,202212240min,,401437923,6109.0,6,7,191.0,-215.0,4.5,-102.0,-108.0,48.0,-109.0,-104.0,0,dome,sportturf,,,00-0035710,00-0029604,Daniel Jones,Kirk Cousins,Brian Daboll,Kevin O'Connell,Adrian Hill,MIN01,U.S. Bank Stadium,1,25.0,31.6,-0.8,29.350027155504677,1.0,0.0,20.0,27.8,0.0,23.048756019261635,1.0,0.0,1,97.34751127434055,88.17355680460518,1.0,0.0,1.0,0.0
2022_16_CIN_NE,2022,REG,16,2022-12-24,Saturday,13:00,CIN,22.0,NE,18.0,Home,-4.0,40.0,0.0,2022122406,59069.0,,202212240nwe,,401437924,6110.0,6,6,-151.0,136.0,-3.0,100.0,-110.0,42.0,-109.0,-103.0,0,outdoors,fieldturf,21.0,2.0,00-0036442,00-0036972,Joe Burrow,Mac Jones,Zac Taylor,Bill Belichick,Craig Wrolstad,BOS00,Gillette Stadium,0,19.4,20.6,0.6,18.920680027556223,-1.0,0.0,28.2,20.6,0.4,32.17047582567245,6.0,0.0,0,87.33338420838422,102.3422576648383,2.0,0.0,1.0,0.0
2022_16_HOU_TEN,2022,REG,16,2022-12-24,Saturday,14:00,HOU,19.0,TEN,14.0,Home,-5.0,33.0,0.0,2022122407,59070.0,,202212240oti,,401437925,6111.0,6,6,153.0,-170.0,3.0,103.0,-113.0,34.0,-111.0,-101.0,1,outdoors,grass,22.0,14.0,00-0036898,00-0038128,Davis Mills,Malik Willis,Lovie Smith,Mike Vrabel,Shawn Smith,NAS00,Nissan Stadium,0,17.8,25.0,-0.8,16.424121732026144,-4.0,1.0,17.2,27.4,-0.8,18.36057804634566,-9.0,0.0,0,53.95833333333333,75.4721564096564,5.0,1.0,2.0,0.0
2022_16_WAS_SF,2022,REG,16,2022-12-24,Saturday,16:05,WAS,20.0,SF,37.0,Home,17.0,57.0,0.0,2022122408,59071.0,,202212240sfo,,401437926,6112.0,6,9,241.0,-279.0,6.5,-107.0,-103.0,37.5,-114.0,102.0,0,outdoors,grass,54.0,2.0,00-0031800,00-0037834,Taylor Heinicke,Brock Purdy,Ron Rivera,Kyle Shanahan,Jerome Boger,SFO01,Levi's Stadium,0,28.0,9.4,2.0,27.498168050806054,7.0,0.0,21.2,16.8,0.4,19.985849543246232,-1.0,0.0,3,92.47564872564872,86.55747611740652,2.0,1.0,0.0,0.0
2022_16_PHI_DAL,2022,REG,16,2022-12-24,Saturday,16:25,PHI,34.0,DAL,40.0,Home,6.0,74.0,0.0,2022122409,59072.0,,202212240dal,,401437927,6113.0,6,6,178.0,-200.0,4.0,-104.0,-106.0,48.0,-112.0,-101.0,1,closed,matrixturf,,,00-0035289,00-0033077,Gardner Minshew,Dak Prescott,Nick Sirianni,Mike McCarthy,Alex Kemp,DAL00,AT&T Stadium,1,36.6,21.0,1.0,34.735831130204886,-1.0,0.0,33.0,20.2,-0.2,32.1291711061604,5.0,1.0,0,101.82179487179486,92.54141414141414,1.0,0.0,1.0,1.0
2022_16_LV_PIT,2022,REG,16,2022-12-24,Saturday,20:15,LV,10.0,PIT,13.0,Home,3.0,23.0,0.0,2022122410,59073.0,,202212240pit,,401437928,6114.0,6,6,127.0,-141.0,2.5,-108.0,-102.0,38.5,-110.0,-102.0,0,outdoors,grass,9.0,21.0,00-0031280,00-0038102,Derek Carr,Kenny Pickett,Josh McDaniels,Mike Tomlin,Tra Blake,PIT00,Acrisure Stadium,0,22.2,20.4,0.4,24.342171648303697,1.0,0.0,27.0,22.2,-0.4,30.67756963127077,1.0,0.0,0,76.7281746031746,83.65664348559088,0.0,0.0,1.0,0.0
2022_16_GB_MIA,2022,REG,16,2022-12-25,Sunday,13:00,GB,26.0,MIA,20.0,Home,-6.0,46.0,0.0,2022122500,59074.0,,202212250mia,,401437929,6115.0,6,8,163.0,-182.0,3.5,-107.0,-103.0,49.0,-103.0,-109.0,0,outdoors,grass,45.0,14.0,00-0023459,00-0036212,Aaron Rodgers,Tua Tagovailoa,Matt LaFleur,Mike McDaniel,Land Clark,MIA00,Hard Rock Stadium,0,26.4,24.0,0.2,26.385726359749423,-3.0,0.0,26.6,25.2,0.8,27.86804136874361,2.0,0.0,2,96.19820977633476,103.02384891094569,0.0,0.0,1.0,0.0
2022_16_DEN_LA,2022,REG,16,2022-12-25,Sunday,16:30,DEN,14.0,LA,51.0,Home,37.0,65.0,0.0,2022122501,59075.0,,202212250ram,,401436983,6116.0,7,6,-173.0,155.0,-3.0,-116.0,105.0,36.5,-109.0,-103.0,0,dome,matrixturf,,,00-0029263,00-0034855,Russell Wilson,Baker Mayfield,Nathaniel Hackett,Sean McVay,Ron Torbert,LAX01,SoFi Stadium,1,16.4,24.0,0.0,15.538574108287458,-1.0,0.0,17.4,20.8,0.2,17.608753926543432,1.0,0.0,-1,80.29341029341029,89.21514879982621,3.0,0.0,1.0,0.0
2022_16_TB_ARI,2022,REG,16,2022-12-25,Sunday,20:20,TB,19.0,ARI,16.0,Home,-3.0,35.0,1.0,2022122502,59076.0,,202212250crd,,401437930,6117.0,7,7,-320.0,273.0,-7.5,102.0,-113.0,41.5,-104.0,-108.0,0,open,grass,,,00-0019596,00-0035146,Tom Brady,Trace McSorley,Todd Bowles,Kliff Kingsbury,John Hussey,PHO00,State Farm Stadium,0,17.8,26.2,-0.8,19.03705018939394,-4.0,1.0,17.0,24.8,-1.4,19.71212912119604,-2.0,0.0,0,40.370370370370374,89.69541129912687,2.0,0.0,3.0,0.0
2022_16_LAC_IND,2022,REG,16,2022-12-26,Monday,20:15,LAC,20.0,IND,3.0,Home,-17.0,23.0,0.0,2022122600,59077.0,,202212260clt,,401437931,6118.0,8,9,-185.0,165.0,-3.5,-102.0,-108.0,44.5,-103.0,-109.0,0,closed,fieldturf,,,00-0036355,00-0029567,Justin Herbert,Nick Foles,Brandon Staley,Jeff Saturday,Clay Martin,IND00,Lucas Oil Stadium,1,22.6,30.8,-0.8,22.118017691274122,-4.0,1.0,22.4,22.4,0.2,20.014489404067696,2.0,0.0,1,98.51190476190476,96.51980650416195,1.0,0.0,0.0,0.0
2022_17_DAL_TEN,2022,REG,17,2022-12-29,Thursday,20:15,DAL,27.0,TEN,13.0,Home,-14.0,40.0,0.0,2022122900,59078.0,,202212290oti,,401437932,6119.0,5,5,-741.0,563.0,-14.0,-100.0,-110.0,41.0,-113.0,101.0,0,outdoors,grass,56.0,4.0,00-0033077,00-0033949,Dak Prescott,Joshua Dobbs,Mike McCarthy,Mike Vrabel,Shawn Hochuli,NAS00,Nissan Stadium,0,15.2,25.4,-1.0,13.646036155124056,-5.0,1.0,36.6,27.2,1.4,35.329606021319506,1.0,0.0,0,,98.82417582417582,9.0,1.0,1.0,0.0
2022_17_ARI_ATL,2022,REG,17,2023-01-01,Sunday,13:00,ARI,19.0,ATL,20.0,Home,1.0,39.0,0.0,2023010100,59079.0,,202301010atl,,401437933,6120.0,7,8,241.0,-279.0,7.0,-119.0,108.0,41.0,-113.0,100.0,0,closed,fieldturf,,,00-0035040,00-0038122,David Blough,Desmond Ridder,Kliff Kingsbury,Arthur Smith,Alex Kemp,ATL97,Mercedes-Benz Stadium,1,16.6,20.0,-0.2,18.452616285499424,-4.0,0.0,15.6,26.6,-1.4,16.045964572972306,-5.0,1.0,1,72.2295066045066,,0.0,0.0,2.0,0.0
2022_17_CHI_DET,2022,REG,17,2023-01-01,Sunday,13:00,CHI,10.0,DET,41.0,Home,31.0,51.0,0.0,2023010102,59081.0,,202301010det,,401437935,6122.0,8,8,194.0,-219.0,4.5,-105.0,-105.0,52.5,-111.0,-101.0,1,dome,fieldturf,,,00-0036945,00-0033106,Justin Fields,Jared Goff,Matt Eberflus,Dan Campbell,Adrian Hill,DET00,Ford Field,1,28.4,23.8,0.4,29.920381414556427,-1.0,0.0,17.2,29.2,-0.4,17.82155190186579,-8.0,0.0,0,107.02949059174989,94.21899585921325,1.0,0.0,0.0,0.0
2022_17_JAX_HOU,2022,REG,17,2023-01-01,Sunday,13:00,JAX,31.0,HOU,3.0,Home,-28.0,34.0,0.0,2023010103,59082.0,,202301010htx,,401437936,6123.0,10,8,-187.0,167.0,-3.5,-104.0,-106.0,43.0,102.0,-115.0,1,closed,astroturf,,,00-0036971,00-0036898,Trevor Lawrence,Davis Mills,Doug Pederson,Lovie Smith,Scott Novak,HOU00,NRG Stadium,1,19.0,25.6,0.0,18.85623185758575,1.0,0.0,27.4,25.2,0.8,32.03443046735059,3.0,0.0,-2,76.12691831441832,106.00303068045005,1.0,0.0,0.0,0.0
2022_17_DEN_KC,2022,REG,17,2023-01-01,Sunday,13:00,DEN,24.0,KC,27.0,Home,3.0,51.0,0.0,2023010104,59083.0,,202301010kan,,401437937,6124.0,7,8,544.0,-711.0,13.5,-114.0,104.0,46.0,-104.0,-108.0,1,outdoors,grass,47.0,2.0,00-0029263,00-0033873,Russell Wilson,Patrick Mahomes,Jay Rosburg,Andy Reid,Tra Blake,KAN00,GEHA Field at Arrowhead Stadium,0,27.6,19.8,0.0,26.77932786980192,3.0,0.0,17.0,26.6,-0.6,17.390954496417518,-1.0,0.0,1,98.83350539854605,86.02070435538177,0.0,0.0,2.0,0.0
2022_17_MIA_NE,2022,REG,17,2023-01-01,Sunday,13:00,MIA,21.0,NE,23.0,Home,2.0,44.0,0.0,2023010105,59084.0,,202301010nwe,,401437938,6125.0,7,8,144.0,-160.0,3.0,-106.0,-104.0,41.5,-107.0,-105.0,1,outdoors,fieldturf,53.0,2.0,00-0031237,00-0036972,Teddy Bridgewater,Mac Jones,Mike McDaniel,Bill Belichick,Brad Allen,BOS00,Gillette Stadium,0,21.0,24.4,1.0,19.536383808748123,-2.0,0.0,22.6,25.8,-0.6,22.627830155789308,-4.0,1.0,1,87.53119565619565,64.6572502518794,1.0,0.0,1.0,1.0
2022_17_IND_NYG,2022,REG,17,2023-01-01,Sunday,13:00,IND,10.0,NYG,38.0,Home,28.0,48.0,0.0,2023010106,59085.0,,202301010nyg,,401437939,6126.0,6,8,202.0,-229.0,5.5,-105.0,-105.0,38.5,-103.0,-109.0,0,outdoors,fieldturf,52.0,14.0,00-0029567,00-0035710,Nick Foles,Daniel Jones,Jeff Saturday,Brian Daboll,Craig Wrolstad,NYC01,MetLife Stadium,0,21.2,27.0,0.2,22.802902621722843,-1.0,0.0,18.2,30.8,-0.8,18.190159838918163,-5.0,1.0,2,91.89559865164703,65.27606732348112,1.0,0.0,1.0,0.0
2022_17_NO_PHI,2022,REG,17,2023-01-01,Sunday,13:00,NO,20.0,PHI,10.0,Home,-10.0,30.0,0.0,2023010107,59086.0,,202301010phi,,401437940,6127.0,8,8,198.0,-225.0,5.5,-110.0,-100.0,41.5,101.0,-113.0,0,outdoors,grass,54.0,11.0,00-0027973,00-0035289,Andy Dalton,Gardner Minshew,Dennis Allen,Nick Sirianni,Jerome Boger,PHI00,Lincoln Financial Field,0,36.4,25.0,-0.6,35.685556628433204,-1.0,1.0,16.2,15.6,0.0,17.832458604376107,2.0,0.0,0,91.60391414141414,103.36527657039828,3.0,1.0,2.0,0.0
2022_17_CAR_TB,2022,REG,17,2023-01-01,Sunday,13:00,CAR,24.0,TB,30.0,Home,6.0,54.0,0.0,2023010108,59087.0,,202301010tam,,401437941,6128.0,8,7,164.0,-184.0,3.5,-110.0,-100.0,40.5,-103.0,-109.0,1,outdoors,grass,75.0,2.0,00-0034869,00-0019596,Sam Darnold,Tom Brady,Steve Wilks,Todd Bowles,Brad Rogers,TAM00,Raymond James Stadium,0,16.6,24.8,-1.0,18.272766224237248,1.0,0.0,21.8,18.8,0.8,24.571538103568145,1.0,0.0,-1,81.82005210372458,101.20381652418266,1.0,0.0,1.0,0.0
2022_17_CLE_WAS,2022,REG,17,2023-01-01,Sunday,13:00,CLE,24.0,WAS,10.0,Home,-14.0,34.0,0.0,2023010109,59088.0,,202301010was,,401437942,6129.0,8,8,106.0,-117.0,1.0,-101.0,-110.0,41.5,-109.0,-103.0,0,outdoors,grass,59.0,9.0,00-0033537,00-0032950,Deshaun Watson,Carson Wentz,Kevin Stefanski,Ron Rivera,Bill Vinovich,WAS00,FedExField,0,18.8,20.0,-0.2,18.923809309219088,-2.0,1.0,16.6,14.8,0.2,18.82315074906367,-1.0,0.0,0,82.84243604297919,67.77615585579295,0.0,0.0,0.0,0.0
2022_17_SF_LV,2022,REG,17,2023-01-01,Sunday,16:05,SF,37.0,LV,34.0,Home,-3.0,71.0,1.0,2023010110,59089.0,,202301010rai,,401437943,6130.0,8,8,-453.0,371.0,-10.0,-103.0,-107.0,41.5,-107.0,-105.0,0,dome,grass,,,00-0037834,00-0035264,Brock Purdy,Jarrett Stidham,Kyle Shanahan,Josh McDaniels,Clay Martin,VEG00,Allegiant Stadium,1,24.6,21.6,-0.8,26.81753909808685,-1.0,1.0,27.8,11.4,1.8,29.958984207479197,8.0,0.0,0,76.4423076923077,96.89718564718564,0.0,0.0,2.0,0.0
2022_17_NYJ_SEA,2022,REG,17,2023-01-01,Sunday,16:05,NYJ,6.0,SEA,23.0,Home,17.0,29.0,0.0,2023010111,59090.0,,202301010sea,,401437944,6131.0,10,8,-113.0,102.0,-1.0,-105.0,-105.0,43.0,-103.0,-109.0,0,outdoors,fieldturf,45.0,2.0,00-0034401,00-0030565,Mike White,Geno Smith,Robert Saleh,Pete Carroll,Ron Torbert,SEA00,Lumen Field,0,21.6,27.6,-0.8,23.366669895389386,-3.0,0.0,17.0,19.2,-1.0,14.349487118120285,-4.0,1.0,-2,94.78695697445696,88.48855092276145,0.0,0.0,0.0,0.0
2022_17_MIN_GB,2022,REG,17,2023-01-01,Sunday,16:25,MIN,17.0,GB,41.0,Home,24.0,58.0,0.0,2023010112,59091.0,,202301010gnb,,401437945,6132.0,8,7,155.0,-173.0,3.0,106.0,-117.0,47.5,-103.0,-109.0,1,outdoors,grass,39.0,7.0,00-0029604,00-0023459,Kirk Cousins,Aaron Rodgers,Kevin O'Connell,Matt LaFleur,Carl Cheffers,GNB00,Lambeau Field,0,25.6,23.6,1.0,25.010691652735122,3.0,0.0,29.8,28.4,-0.2,32.48628720012147,2.0,0.0,-1,89.41419978813867,106.01070571878499,0.0,0.0,1.0,0.0
2022_17_LA_LAC,2022,REG,17,2023-01-01,Sunday,16:25,LA,10.0,LAC,31.0,Home,21.0,41.0,0.0,2023010113,59092.0,,202301010sdg,,401437946,6133.0,7,6,244.0,-283.0,6.5,-102.0,-108.0,41.5,-112.0,-100.0,0,dome,matrixturf,,,00-0034855,00-0036355,Baker Mayfield,Justin Herbert,Sean McVay,Brandon Staley,Clete Blakeman,LAX01,SoFi Stadium,1,21.0,17.0,0.6,17.542285461405488,3.0,0.0,22.6,21.4,0.8,21.965742182211997,1.0,0.0,-1,90.82984234645585,92.89592352092352,1.0,0.0,3.0,0.0
2022_17_PIT_BAL,2022,REG,17,2023-01-01,Sunday,20:20,PIT,16.0,BAL,13.0,Home,-3.0,29.0,0.0,2023010101,59080.0,,202301010rav,,401437934,6121.0,8,8,110.0,-121.0,1.0,102.0,-113.0,35.5,-105.0,-107.0,1,outdoors,grass,44.0,2.0,00-0038102,00-0035993,Kenny Pickett,Tyler Huntley,Mike Tomlin,John Harbaugh,Land Clark,BAL00,M&T Bank Stadium,0,14.6,14.6,-0.2,14.540634970176168,1.0,0.0,18.8,15.0,0.4,20.775454055718022,2.0,0.0,0,70.38632919565676,77.09783272283272,2.0,0.0,0.0,0.0
2022_18_KC_LV,2022,REG,18,2023-01-07,Saturday,16:30,KC,31.0,LV,13.0,Home,-18.0,44.0,0.0,2023010700,59107.0,,202301070rai,,401437961,6148.0,6,6,-407.0,338.0,-9.0,-105.0,-105.0,51.5,-108.0,-104.0,1,dome,grass,,,00-0033873,00-0035264,Patrick Mahomes,Jarrett Stidham,Andy Reid,Josh McDaniels,Scott Novak,VEG00,Allegiant Stadium,1,23.4,22.2,-1.0,27.07756521689077,-2.0,1.0,27.8,22.6,0.0,25.99090682900513,4.0,0.0,0,92.26527149321267,102.96048952553016,0.0,0.0,0.0,0.0
2022_18_TEN_JAX,2022,REG,18,2023-01-07,Saturday,20:15,TEN,16.0,JAX,20.0,Home,4.0,36.0,0.0,2023010701,59100.0,,202301070jax,,401437954,6141.0,9,6,227.0,-260.0,6.0,-106.0,-104.0,39.5,-106.0,-106.0,1,outdoors,grass,56.0,4.0,00-0033949,00-0036971,Joshua Dobbs,Trevor Lawrence,Mike Vrabel,Doug Pederson,Bill Vinovich,JAX00,TIAA Bank Stadium,0,28.0,20.4,0.4,29.88931309870224,4.0,0.0,14.6,26.8,-0.8,12.902253565085894,-6.0,0.0,-3,95.43138760880696,67.46794871794873,0.0,0.0,0.0,0.0
2022_18_TB_ATL,2022,REG,18,2023-01-08,Sunday,13:00,TB,17.0,ATL,30.0,Home,13.0,47.0,0.0,2023010800,59094.0,,202301080atl,,401437948,6135.0,7,7,207.0,-235.0,6.0,-110.0,100.0,40.5,-106.0,-106.0,1,closed,fieldturf,,,00-0027948,00-0038122,Blaine Gabbert,Desmond Ridder,Todd Bowles,Arthur Smith,Land Clark,ATL97,Mercedes-Benz Stadium,1,15.2,19.0,-0.6,17.166713483146065,1.0,0.0,19.2,25.0,-0.8,23.41713786492586,2.0,1.0,0,78.17437192437193,73.19444444444444,1.0,0.0,3.0,0.0
2022_18_NE_BUF,2022,REG,18,2023-01-08,Sunday,13:00,NE,23.0,BUF,35.0,Home,12.0,58.0,0.0,2023010801,59095.0,,202301080buf,,401437949,6136.0,7,6,314.0,-373.0,8.0,104.0,-115.0,44.0,-104.0,-108.0,1,outdoors,a_turf,30.0,6.0,00-0036972,00-0034857,Mac Jones,Josh Allen,Bill Belichick,Sean McDermott,Clay Martin,BUF00,New Era Field,0,27.8,17.8,0.0,28.59473173901475,6.0,0.0,20.4,22.0,1.2,18.978201414212464,1.0,0.0,-1,92.74582516249183,83.2771164021164,0.0,0.0,0.0,0.0
2022_18_MIN_CHI,2022,REG,18,2023-01-08,Sunday,13:00,MIN,29.0,CHI,13.0,Home,-16.0,42.0,0.0,2023010802,59096.0,,202301080chi,,401437950,6137.0,7,7,-260.0,227.0,-6.5,-104.0,-106.0,42.5,-103.0,-109.0,1,outdoors,grass,32.0,2.0,00-0029604,00-0033958,Kirk Cousins,Nathan Peterman,Kevin O'Connell,Matt Eberflus,Brad Allen,CHI98,Soldier Field,0,14.4,32.0,-0.6,15.17089761864833,-9.0,1.0,26.6,31.4,-0.8,26.585618226111162,-1.0,0.0,0,36.45833333333333,92.62869467548363,2.0,1.0,2.0,0.0
2022_18_BAL_CIN,2022,REG,18,2023-01-08,Sunday,13:00,BAL,16.0,CIN,27.0,Home,11.0,43.0,0.0,2023010803,59097.0,,202301080cin,,401437951,6138.0,7,6,474.0,-603.0,11.0,105.0,-116.0,39.0,-102.0,-110.0,1,outdoors,fieldturf,38.0,7.0,00-0037175,00-0036442,Anthony Brown,Joe Burrow,John Harbaugh,Zac Taylor,Ron Torbert,CIN00,Paycor Stadium,0,25.2,18.2,0.4,29.58482737274872,7.0,0.0,11.8,12.2,-0.2,12.888579042879186,-1.0,1.0,-1,101.40742860500924,65.41666666666667,0.0,0.0,1.0,0.0
2022_18_HOU_IND,2022,REG,18,2023-01-08,Sunday,13:00,HOU,32.0,IND,31.0,Home,-1.0,63.0,0.0,2023010805,59099.0,,202301080clt,,401437953,6140.0,7,7,128.0,-142.0,3.0,-119.0,108.0,38.0,-111.0,-101.0,1,closed,fieldturf,,,00-0036898,00-0036879,Davis Mills,Sam Ehlinger,Lovie Smith,Jeff Saturday,Jerome Boger,IND00,Lucas Oil Stadium,1,17.0,35.0,-1.0,15.893720003348461,-6.0,1.0,16.6,25.8,0.6,16.0238103812542,-1.0,0.0,0,81.00994145784252,72.85777417027417,0.0,0.0,1.0,0.0
2022_18_NYJ_MIA,2022,REG,18,2023-01-08,Sunday,13:00,NYJ,6.0,MIA,11.0,Home,5.0,17.0,0.0,2023010807,59101.0,,202301080mia,,401437955,6142.0,7,7,178.0,-200.0,3.5,-103.0,-107.0,37.5,-110.0,-103.0,1,outdoors,grass,75.0,9.0,00-0026158,00-0037327,Joe Flacco,Skylar Thompson,Robert Saleh,Mike McDaniel,John Hussey,MIA00,Hard Rock Stadium,0,20.8,27.4,-1.4,21.163326247595908,-5.0,1.0,12.0,21.8,-1.8,10.40911562160203,-5.0,1.0,0,60.03663003663003,76.62597289715934,2.0,1.0,4.0,0.0
2022_18_CAR_NO,2022,REG,18,2023-01-08,Sunday,13:00,CAR,10.0,NO,7.0,Home,-3.0,17.0,0.0,2023010808,59102.0,,202301080nor,,401437956,6143.0,7,7,160.0,-179.0,3.5,-114.0,103.0,41.5,-107.0,-105.0,1,dome,sportturf,,,00-0034869,00-0027973,Sam Darnold,Andy Dalton,Steve Wilks,Dennis Allen,Alex Kemp,NOR00,Mercedes-Benz Superdome,1,14.8,13.6,0.0,15.709546865759904,3.0,0.0,26.0,22.2,0.8,27.754362163080646,-1.0,0.0,0,90.75921596433767,105.35385942422556,2.0,0.0,0.0,0.0
2022_18_CLE_PIT,2022,REG,18,2023-01-08,Sunday,13:00,CLE,14.0,PIT,28.0,Home,14.0,42.0,0.0,2023010810,59104.0,,202301080pit,,401437958,6145.0,7,7,128.0,-142.0,2.5,-101.0,-109.0,40.0,-106.0,-106.0,1,outdoors,grass,36.0,8.0,00-0033537,00-0038102,Deshaun Watson,Kenny Pickett,Kevin Stefanski,Mike Tomlin,Clete Blakeman,PIT00,Acrisure Stadium,0,17.2,14.2,0.2,20.0262799721997,3.0,0.0,16.8,13.4,1.0,18.935864226602973,1.0,0.0,0,77.24553995387329,78.7116654253751,0.0,0.0,2.0,0.0
2022_18_LAC_DEN,2022,REG,18,2023-01-08,Sunday,16:25,LAC,28.0,DEN,31.0,Home,3.0,59.0,0.0,2023010812,59106.0,,202301080den,,401437960,6147.0,7,7,222.0,-254.0,6.0,-104.0,-106.0,38.5,-103.0,-110.0,1,outdoors,grass,43.0,4.0,00-0036355,00-0029263,Justin Herbert,Russell Wilson,Brandon Staley,Jay Rosburg,Shawn Hochuli,DEN00,Empower Field at Mile High,0,19.8,27.4,-0.4,20.66719324388876,-2.0,0.0,22.2,14.2,0.4,19.930394910773302,4.0,0.0,0,82.31102693602693,92.87644822284895,2.0,0.0,0.0,0.0
2022_18_NYG_PHI,2022,REG,18,2023-01-08,Sunday,16:25,NYG,16.0,PHI,22.0,Home,6.0,38.0,0.0,2023010809,59103.0,,202301080phi,,401437957,6144.0,7,7,858.0,-1252.0,16.5,-103.0,-107.0,42.5,-105.0,-107.0,1,outdoors,grass,43.0,12.0,00-0033550,00-0036389,Davis Webb,Jalen Hurts,Brian Daboll,Nick Sirianni,Carl Cheffers,PHI00,Lincoln Financial Field,0,30.4,22.4,-0.8,32.14740352649076,-2.0,1.0,24.8,23.4,-0.2,23.980178351546865,1.0,1.0,0,101.48837587144038,,2.0,0.0,2.0,0.0
2022_18_LA_SEA,2022,REG,18,2023-01-08,Sunday,16:25,LA,16.0,SEA,19.0,Home,3.0,35.0,1.0,2023010814,59108.0,,202301080sea,,401437963,6149.0,7,7,198.0,-224.0,5.5,-112.0,102.0,41.5,-101.0,-111.0,1,outdoors,fieldturf,45.0,4.0,00-0034855,00-0030565,Baker Mayfield,Geno Smith,Sean McVay,Pete Carroll,Craig Wrolstad,SEA00,Lumen Field,0,19.4,20.8,-0.2,21.65034335168983,1.0,0.0,22.6,22.4,1.0,22.87114015746446,-1.0,0.0,0,94.08720549884342,83.54285334548493,0.0,0.0,4.0,0.0
2022_18_ARI_SF,2022,REG,18,2023-01-08,Sunday,16:25,ARI,13.0,SF,38.0,Home,25.0,51.0,0.0,2023010815,59109.0,,202301080sfo,,401437962,6150.0,7,7,753.0,-1061.0,14.0,100.0,-111.0,40.0,-107.0,-105.0,1,outdoors,grass,57.0,2.0,00-0035040,00-0037834,David Blough,Brock Purdy,Kliff Kingsbury,Kyle Shanahan,Adrian Hill,SFO01,Levi's Stadium,0,32.6,18.2,1.6,35.19893199346897,9.0,0.0,17.4,23.0,-0.8,18.469332125960968,-6.0,0.0,0,109.96200046200045,83.54166666666667,3.0,0.0,6.0,0.0
2022_18_DAL_WAS,2022,REG,18,2023-01-08,Sunday,16:25,DAL,6.0,WAS,26.0,Home,20.0,32.0,0.0,2023010811,59105.0,,202301080was,,401437959,6146.0,10,7,-320.0,274.0,-7.5,-100.0,-110.0,40.5,-104.0,-108.0,1,outdoors,grass,42.0,7.0,00-0033077,00-0037077,Dak Prescott,Sam Howell,Mike McCarthy,Ron Rivera,Tra Blake,WAS00,FedExField,0,16.2,22.8,-1.2,17.558639662274363,-3.0,1.0,36.4,25.8,1.6,34.20113247583615,2.0,0.0,-3,,97.725937341791,3.0,0.0,2.0,0.0
2022_18_DET_GB,2022,REG,18,2023-01-08,Sunday,20:20,DET,20.0,GB,16.0,Home,-4.0,36.0,0.0,2023010804,59098.0,,202301080gnb,,401437952,6139.0,7,7,237.0,-273.0,5.5,-110.0,-100.0,49.0,-113.0,101.0,1,outdoors,grass,21.0,4.0,00-0033106,00-0023459,Jared Goff,Aaron Rodgers,Dan Campbell,Matt LaFleur,Brad Rogers,GNB00,Lambeau Field,0,30.4,21.6,1.6,26.288994614312507,4.0,0.0,31.6,20.2,1.0,31.36089087893209,1.0,0.0,0,89.60383654027541,113.9532246706564,0.0,0.0,0.0,0.0
2022_19_SEA_SF,2022,WC,19,2023-01-14,Saturday,16:30,SEA,23.0,SF,41.0,Home,18.0,64.0,0.0,2023011400,59159.0,,202301140sfo,,401438000,6151.0,6,6,367.0,-447.0,10.0,-123.0,112.0,42.0,-102.0,-110.0,1,outdoors,grass,57.0,11.0,00-0030565,00-0037834,Geno Smith,Brock Purdy,Pete Carroll,Kyle Shanahan,Alex Kemp,SFO01,Levi's Stadium,0,33.6,17.4,1.8,35.33284162952734,10.0,0.0,17.8,19.4,-0.4,20.47161405295316,2.0,0.0,0,120.45299145299145,84.00311396313899,1.0,0.0,0.0,0.0
2022_19_LAC_JAX,2022,WC,19,2023-01-14,Saturday,20:15,LAC,30.0,JAX,31.0,Home,1.0,61.0,0.0,2023011401,59160.0,,202301140jax,,401437998,6152.0,6,7,-126.0,114.0,-2.0,-102.0,-108.0,46.5,-105.0,-107.0,0,outdoors,grass,37.0,4.0,00-0036355,00-0036971,Justin Herbert,Trevor Lawrence,Brandon Staley,Doug Pederson,Shawn Smith,JAX00,TIAA Bank Stadium,0,29.2,15.6,0.8,30.1445704866175,5.0,0.0,23.8,15.0,-0.2,20.999577554424157,-1.0,0.0,1,97.35007040450589,96.60272769380929,0.0,0.0,0.0,0.0
2022_19_MIA_BUF,2022,WC,19,2023-01-15,Sunday,13:00,MIA,31.0,BUF,34.0,Home,3.0,65.0,0.0,2023011500,59161.0,,202301150buf,,401438002,6153.0,7,7,649.0,-882.0,14.0,-116.0,105.0,44.0,-105.0,-107.0,1,outdoors,a_turf,27.0,4.0,00-0037327,00-0034857,Skylar Thompson,Josh Allen,Mike McDaniel,Sean McDermott,Brad Allen,BUF00,New Era Field,0,29.2,17.4,0.2,30.1445704866175,7.0,0.0,19.6,22.0,-0.8,19.082780414568003,1.0,0.0,0,97.81814979126807,60.195852534562206,0.0,0.0,3.0,1.0
2022_19_NYG_MIN,2022,WC,19,2023-01-15,Sunday,16:50,NYG,31.0,MIN,24.0,Home,-7.0,55.0,0.0,2023011501,59162.0,,202301150min,,401438001,6154.0,7,7,129.0,-142.0,2.5,103.0,-113.0,48.0,-104.0,-108.0,0,dome,sportturf,,,00-0035710,00-0029604,Daniel Jones,Kirk Cousins,Brian Daboll,Kevin O'Connell,Adrian Hill,MIN01,U.S. Bank Stadium,1,27.0,29.6,-1.2,23.206624211174386,1.0,0.0,24.0,23.8,0.0,22.001085291113384,-1.0,0.0,0,102.2298851516741,99.18032087386925,0.0,0.0,0.0,0.0
2022_19_BAL_CIN,2022,WC,19,2023-01-15,Sunday,20:15,BAL,17.0,CIN,24.0,Home,7.0,41.0,0.0,2023011502,59163.0,,202301150cin,,401437999,6155.0,7,7,311.0,-370.0,7.5,-104.0,-106.0,40.0,-104.0,-108.0,1,outdoors,fieldturf,30.0,4.0,00-0035993,00-0036442,Tyler Huntley,Joe Burrow,John Harbaugh,Zac Taylor,Clay Martin,CIN00,Paycor Stadium,0,26.6,18.2,1.0,31.622893258426963,8.0,0.0,13.0,15.8,-0.4,14.309997645486998,-2.0,0.0,0,99.38844533602598,78.84639063958916,1.0,0.0,1.0,0.0
2022_19_DAL_TB,2022,WC,19,2023-01-16,Monday,20:15,DAL,31.0,TB,14.0,Home,-17.0,45.0,0.0,2023011600,59164.0,,202301160tam,,401438003,6156.0,8,8,-135.0,122.0,-2.5,-108.0,-103.0,45.5,-105.0,-107.0,0,outdoors,grass,58.0,2.0,00-0033077,00-0019596,Dak Prescott,Tom Brady,Mike McCarthy,Todd Bowles,Craig Wrolstad,TAM00,Raymond James Stadium,0,19.2,27.8,-0.4,22.68229044238635,-1.0,0.0,26.8,27.2,1.0,24.76892504459442,-1.0,0.0,0,92.1594189443454,86.74245385830753,1.0,0.0,0.0,0.0
2022_20_JAX_KC,2022,DIV,20,2023-01-21,Saturday,16:30,JAX,20.0,KC,27.0,Home,7.0,47.0,0.0,2023012100,59165.0,,202301210kan,,401438005,6157.0,7,14,377.0,-461.0,10.0,-119.0,108.0,52.5,-116.0,103.0,0,outdoors,grass,36.0,6.0,00-0036971,00-0033873,Trevor Lawrence,Patrick Mahomes,Doug Pederson,Andy Reid,Shawn Hochuli,KAN00,GEHA Field at Arrowhead Stadium,0,29.2,19.8,0.6,27.527679559565563,5.0,0.0,28.2,17.2,-0.6,30.62381833405358,6.0,0.0,7,104.30901754072485,86.99883771284766,0.0,0.0,0.0,0.0
2022_20_NYG_PHI,2022,DIV,20,2023-01-21,Saturday,20:15,NYG,7.0,PHI,38.0,Home,31.0,45.0,0.0,2023012101,59166.0,,202301210phi,,401438004,6158.0,6,13,304.0,-360.0,8.0,101.0,-111.0,48.0,-113.0,101.0,1,outdoors,grass,40.0,6.0,00-0035710,00-0036389,Daniel Jones,Jalen Hurts,Brian Daboll,Nick Sirianni,Clete Blakeman,PHI00,Lincoln Financial Field,0,27.8,23.6,-1.0,27.349316593587286,1.0,1.0,25.8,19.0,0.2,22.209022377706223,1.0,0.0,7,93.08361396667848,101.14153439153439,1.0,0.0,0.0,0.0
2022_20_CIN_BUF,2022,DIV,20,2023-01-22,Sunday,15:00,CIN,27.0,BUF,10.0,Home,-17.0,37.0,0.0,2023012200,59167.0,,202301220buf,,401438007,6159.0,7,7,226.0,-259.0,6.0,-107.0,-103.0,48.5,-107.0,-105.0,0,outdoors,a_turf,32.0,4.0,00-0036442,00-0034857,Joe Burrow,Josh Allen,Zac Taylor,Sean McDermott,Carl Cheffers,BUF00,New Era Field,0,31.2,21.6,0.2,31.01843151606267,8.0,0.0,26.0,16.8,1.0,31.917516487542745,9.0,0.0,0,95.240449713568,93.98773969086469,0.0,0.0,2.0,0.0
2022_20_DAL_SF,2022,DIV,20,2023-01-22,Sunday,18:30,DAL,12.0,SF,19.0,Home,7.0,31.0,0.0,2023012201,59168.0,,202301220sfo,,401438006,6160.0,6,8,164.0,-183.0,3.5,-107.0,-103.0,46.5,-105.0,-107.0,0,outdoors,grass,55.0,19.0,00-0033077,00-0037834,Dak Prescott,Brock Purdy,Mike McCarthy,Kyle Shanahan,Bill Vinovich,SFO01,Levi's Stadium,0,34.8,20.6,1.8,36.45894133955931,11.0,0.0,27.6,25.4,1.0,25.260241199715914,1.0,0.0,2,119.95299145299145,101.22671959257325,1.0,0.0,0.0,0.0
2022_21_SF_PHI,2022,CON,21,2023-01-29,Sunday,15:00,SF,7.0,PHI,31.0,Home,24.0,38.0,0.0,2023012900,59169.0,,202301290phi,,401438009,6161.0,7,8,133.0,-147.0,2.5,105.0,-116.0,45.0,-114.0,101.0,0,outdoors,grass,52.0,14.0,00-0037834,00-0036389,Brock Purdy,Jalen Hurts,Kyle Shanahan,Nick Sirianni,John Hussey,PHI00,Lincoln Financial Field,0,25.8,20.6,-1.0,26.63458625187437,2.0,0.0,34.4,20.4,2.2,36.58284665354746,12.0,0.0,1,96.25821714128165,114.0411877394636,0.0,0.0,1.0,0.0
2022_21_CIN_KC,2022,CON,21,2023-01-29,Sunday,18:30,CIN,20.0,KC,23.0,Home,3.0,43.0,0.0,2023012901,59170.0,,202301290kan,,401438008,6162.0,7,8,119.0,-131.0,2.0,-103.0,-107.0,48.5,-106.0,-106.0,0,outdoors,grass,22.0,13.0,00-0036442,00-0033873,Joe Burrow,Patrick Mahomes,Zac Taylor,Andy Reid,Ron Torbert,KAN00,GEHA Field at Arrowhead Stadium,0,27.8,18.2,1.2,26.339778061609223,6.0,0.0,26.8,16.8,1.2,33.334390313319794,10.0,0.0,1,109.48758896929628,97.30002925315425,0.0,0.0,2.0,0.0
2022_22_KC_PHI,2022,SB,22,2023-02-12,Sunday,18:30,KC,38.0,PHI,35.0,Neutral,-3.0,73.0,0.0,2023021200,59171.0,,202302120phi,,401438030,6163.0,14,14,104.0,-115.0,1.0,-103.0,-107.0,51.0,-104.0,-108.0,0,closed,grass,,,00-0033873,00-0036389,Patrick Mahomes,Jalen Hurts,Andy Reid,Nick Sirianni,Carl Cheffers,PHO00,State Farm Stadium,1,27.0,18.0,0.0,30.677569631270764,3.0,0.0,26.4,17.4,1.6,27.154709277337748,7.0,0.0,0,84.65052483358934,107.14853621830366,0.0,0.0,0.0,0.0
2023_01_DET_KC,2023,REG,1,2023-09-07,Thursday,20:20,DET,21.0,KC,20.0,Home,-1.0,41.0,0.0,2023090700,59173.0,,202309070kan,,401547353,,7,7,164.0,-198.0,4.0,-110.0,-110.0,53.0,-110.0,-110.0,0,outdoors,,,,00-0033106,00-0033873,Jared Goff,Patrick Mahomes,Dan Campbell,Andy Reid,John Hussey,KAN00,GEHA Field at Arrowhead Stadium,0,29.2,22.4,1.6,32.71642868289638,8.0,0.0,27.6,20.6,1.2,27.881160680187325,2.0,0.0,0,112.13751329061407,107.95370291073291,0.0,0.0,0.0,0.0
2023_01_CAR_ATL,2023,REG,1,2023-09-10,Sunday,13:00,CAR,10.0,ATL,24.0,Home,14.0,34.0,0.0,2023091000,59174.0,,202309100atl,,401547403,,7,7,160.0,-192.0,3.5,-108.0,-112.0,40.5,-110.0,-110.0,1,closed,,,,00-0039150,00-0038122,Bryce Young,Desmond Ridder,Frank Reich,Arthur Smith,Brad Rogers,ATL97,Mercedes-Benz Stadium,1,18.6,18.6,-0.6,19.55925161634549,2.0,0.0,23.4,21.6,0.0,26.11433167162588,1.0,1.0,0,85.67939005439004,,0.0,0.0,0.0,0.0
2023_01_HOU_BAL,2023,REG,1,2023-09-10,Sunday,13:00,HOU,9.0,BAL,25.0,Home,16.0,34.0,0.0,2023091001,59175.0,,202309100rav,,401547396,,7,7,380.0,-500.0,9.5,-110.0,-110.0,43.5,-110.0,-110.0,0,outdoors,,,,00-0039163,00-0034796,C.J. Stroud,Lamar Jackson,DeMeco Ryans,John Harbaugh,Tra Blake,BAL00,M&T Bank Stadium,0,13.2,17.8,-1.2,15.243287723168123,-3.0,1.0,20.2,26.6,0.6,17.90711044573404,1.0,1.0,0,86.71758705475811,,1.0,0.0,0.0,0.0
2023_01_CIN_CLE,2023,REG,1,2023-09-10,Sunday,13:00,CIN,3.0,CLE,24.0,Home,21.0,27.0,0.0,2023091002,59176.0,,202309100cle,,401547397,,7,7,-112.0,-108.0,-1.0,-105.0,-115.0,46.5,-110.0,-110.0,1,outdoors,,,,00-0036442,00-0033537,Joe Burrow,Deshaun Watson,Zac Taylor,Kevin Stefanski,Clete Blakeman,CLE00,FirstEnergy Stadium,0,14.2,16.2,0.8,17.8589359000025,-1.0,0.0,24.0,16.8,0.4,30.662146016574304,-1.0,0.0,0,84.82582425505117,90.40509491919553,0.0,0.0,0.0,0.0
2023_01_JAX_IND,2023,REG,1,2023-09-10,Sunday,13:00,JAX,31.0,IND,21.0,Home,-10.0,52.0,0.0,2023091003,59177.0,,202309100clt,,401547404,,7,7,-205.0,170.0,-4.0,-108.0,-112.0,45.5,-110.0,-110.0,1,closed,,,,00-0036971,00-0039164,Trevor Lawrence,Anthony Richardson,Doug Pederson,Shane Steichen,Clay Martin,IND00,Lucas Oil Stadium,1,19.8,36.6,-0.6,18.121477382404894,-7.0,1.0,24.2,15.8,-0.8,26.129268535029112,-1.0,0.0,0,,80.07576078977074,0.0,0.0,0.0,0.0
2023_01_TB_MIN,2023,REG,1,2023-09-10,Sunday,13:00,TB,20.0,MIN,17.0,Home,-3.0,37.0,0.0,2023091004,59178.0,,202309100min,,401547398,,7,7,170.0,-205.0,4.0,-110.0,-110.0,45.0,-110.0,-110.0,0,dome,,,,00-0034855,00-0029604,Baker Mayfield,Kirk Cousins,Todd Bowles,Kevin O'Connell,Scott Novak,MIN01,U.S. Bank Stadium,1,27.2,29.0,-0.8,22.687874462682352,-1.0,0.0,20.6,27.0,-0.2,20.884573003449457,-2.0,1.0,0,99.90681865177832,82.877546430178,0.0,0.0,0.0,0.0
2023_01_TEN_NO,2023,REG,1,2023-09-10,Sunday,13:00,TEN,15.0,NO,16.0,Home,1.0,31.0,0.0,2023091005,59179.0,,202309100nor,,401547399,,7,7,124.0,-148.0,3.0,-118.0,-102.0,41.0,-110.0,-110.0,0,dome,,,,00-0029701,00-0031280,Ryan Tannehill,Derek Carr,Mike Vrabel,Dennis Allen,Ron Torbert,NOR00,Mercedes-Benz Superdome,1,16.2,13.0,0.6,17.227968482193862,-1.0,1.0,15.8,23.8,-1.0,14.16218008739076,-7.0,1.0,0,70.80604288499026,97.66098810603454,0.0,0.0,1.0,0.0
2023_01_SF_PIT,2023,REG,1,2023-09-10,Sunday,13:00,SF,30.0,PIT,7.0,Home,-23.0,37.0,0.0,2023091006,59180.0,,202309100pit,,401547405,,7,7,-120.0,100.0,-1.5,-108.0,-112.0,41.5,-110.0,-110.0,0,outdoors,,,,00-0037834,00-0038102,Brock Purdy,Kenny Pickett,Kyle Shanahan,Mike Tomlin,Alex Kemp,PIT00,Acrisure Stadium,0,19.0,13.8,0.2,24.95161843480533,4.0,0.0,28.4,22.6,1.4,29.15877170582226,-1.0,0.0,0,75.53576983893076,109.24952107279694,0.0,0.0,0.0,0.0
2023_01_ARI_WAS,2023,REG,1,2023-09-10,Sunday,13:00,ARI,16.0,WAS,20.0,Home,4.0,36.0,0.0,2023091007,59181.0,,202309100was,,401547406,,7,7,270.0,-340.0,7.0,-108.0,-112.0,38.0,-110.0,-110.0,0,outdoors,,,,00-0033949,00-0037077,Joshua Dobbs,Sam Howell,Jonathan Gannon,Ron Rivera,Alan Eck,WAS00,FedExField,0,17.6,21.4,-1.4,19.41137420997191,1.0,0.0,15.2,25.6,-1.2,17.132448585974117,-7.0,1.0,0,83.00438596491229,74.93368700265253,0.0,0.0,1.0,0.0
2023_01_GB_CHI,2023,REG,1,2023-09-10,Sunday,16:25,GB,38.0,CHI,20.0,Home,-18.0,58.0,0.0,2023091008,59182.0,,202309100chi,,401547407,,7,7,-102.0,-118.0,1.0,-110.0,-110.0,41.0,-112.0,-108.0,1,outdoors,,,,00-0036264,00-0036945,Jordan Love,Justin Fields,Matt LaFleur,Matt Eberflus,Craig Wrolstad,CHI98,Soldier Field,0,15.0,31.6,-0.4,13.552668539325841,-10.0,0.0,27.0,17.6,1.4,23.13619439566248,-1.0,1.0,0,82.49875776397515,91.17374727668846,0.0,0.0,1.0,0.0
2023_01_LV_DEN,2023,REG,1,2023-09-10,Sunday,16:25,LV,17.0,DEN,16.0,Home,-1.0,33.0,0.0,2023091009,59183.0,,202309100den,,401547400,,7,7,136.0,-162.0,3.0,-105.0,-115.0,43.0,-110.0,-110.0,1,outdoors,,,,00-0031345,00-0029263,Jimmy Garoppolo,Russell Wilson,Josh McDaniels,Sean Payton,Bill Vinovich,DEN00,Empower Field at Mile High,0,24.2,31.0,-0.4,25.9802422886316,1.0,0.0,20.6,24.4,-1.2,24.69789206565043,-3.0,1.0,0,91.2763047138047,109.84520481072207,0.0,0.0,2.0,0.0
2023_01_MIA_LAC,2023,REG,1,2023-09-10,Sunday,16:25,MIA,36.0,LAC,34.0,Home,-2.0,70.0,0.0,2023091010,59184.0,,202309100sdg,,401547401,,7,7,136.0,-162.0,3.0,-110.0,-110.0,50.5,-110.0,-110.0,0,dome,,,,00-0036212,00-0036355,Tua Tagovailoa,Justin Herbert,Mike McDaniel,Brandon Staley,Brad Allen,LAX01,SoFi Stadium,1,25.2,17.8,0.4,23.95673731699012,-2.0,0.0,22.4,24.2,-0.6,23.124602017131238,-1.0,1.0,0,93.08471583790414,85.3596681096681,0.0,0.0,1.0,0.0
2023_01_PHI_NE,2023,REG,1,2023-09-10,Sunday,16:25,PHI,25.0,NE,20.0,Home,-5.0,45.0,0.0,2023091011,59185.0,,202309100nwe,,401547402,,7,7,-185.0,154.0,-3.5,-110.0,-110.0,44.5,-112.0,-108.0,0,outdoors,,,,00-0036389,00-0036972,Jalen Hurts,Mac Jones,Nick Sirianni,Bill Belichick,Shawn Hochuli,BOS00,Gillette Stadium,0,23.0,24.2,0.6,22.47054328175421,-1.0,0.0,27.2,17.6,0.4,32.066160775022865,-1.0,0.0,0,81.37202380952382,83.4889515455305,0.0,0.0,0.0,0.0
2023_01_LA_SEA,2023,REG,1,2023-09-10,Sunday,16:25,LA,30.0,SEA,13.0,Home,-17.0,43.0,0.0,2023091012,59186.0,,202309100sea,,401547408,,7,7,180.0,-218.0,4.5,-110.0,-110.0,45.0,-110.0,-110.0,1,outdoors,,,,00-0026498,00-0030565,Matthew Stafford,Geno Smith,Sean McVay,Pete Carroll,Shawn Smith,SEA00,Lumen Field,0,17.6,21.6,-0.4,21.55883643276706,-1.0,0.0,21.2,20.8,1.2,22.00647771397885,-2.0,1.0,0,86.6009975610226,96.10289401956068,1.0,0.0,0.0,0.0
2023_01_DAL_NYG,2023,REG,1,2023-09-10,Sunday,20:20,DAL,40.0,NYG,0.0,Home,-40.0,40.0,0.0,2023091013,59187.0,,202309100nyg,,401547409,,7,7,-170.0,142.0,-3.5,100.0,-120.0,44.5,-110.0,-110.0,1,outdoors,,,,00-0033077,00-0035710,Dak Prescott,Daniel Jones,Mike McCarthy,Brian Daboll,Adrian Hill,NYC01,MetLife Stadium,0,23.2,24.2,-0.4,18.986830320794656,-1.0,0.0,23.2,21.2,0.2,22.43307007080191,-1.0,0.0,0,92.6847442680776,92.52401688987055,0.0,0.0,2.0,0.0
2023_01_BUF_NYJ,2023,REG,1,2023-09-11,Monday,20:15,BUF,16.0,NYJ,22.0,Home,6.0,38.0,1.0,2023091100,59188.0,,202309110nyj,,401547352,,7,7,-135.0,114.0,-2.5,-110.0,-110.0,44.5,-110.0,-110.0,1,outdoors,,,,00-0034857,00-0023459,Josh Allen,Aaron Rodgers,Sean McDermott,Robert Saleh,Carl Cheffers,NYC01,MetLife Stadium,0,8.8,18.6,-1.4,7.656874880975052,-6.0,1.0,29.2,24.6,-0.4,29.132650275935994,-1.0,0.0,0,87.0575402439791,91.53233683878845,0.0,0.0,0.0,0.0
2023_02_MIN_PHI,2023,REG,2,2023-09-14,Thursday,20:15,MIN,28.0,PHI,34.0,Home,6.0,62.0,0.0,2023091400,59189.0,,202309140phi,,401547410,,4,4,195.0,-238.0,6.0,-110.0,-110.0,49.0,-110.0,-110.0,0,outdoors,,,,00-0029604,00-0036389,Kirk Cousins,Jalen Hurts,Kevin O'Connell,Nick Sirianni,Clay Martin,PHI00,Lincoln Financial Field,0,30.2,17.6,0.6,32.67006624262775,1.0,0.0,22.8,25.8,-1.0,19.18783176208577,-2.0,0.0,0,88.41319396977292,100.61388935884904,1.0,0.0,1.0,0.0
2023_02_GB_ATL,2023,REG,2,2023-09-17,Sunday,13:00,GB,24.0,ATL,25.0,Home,1.0,49.0,0.0,2023091700,59190.0,,202309170atl,,401547417,,7,7,124.0,-148.0,3.0,-115.0,-105.0,40.5,-110.0,-110.0,0,open,,,,00-0036264,00-0038122,Jordan Love,Desmond Ridder,Matt LaFleur,Arthur Smith,Tra Blake,ATL97,Mercedes-Benz Stadium,0,20.2,16.8,0.2,21.522319535721856,3.0,0.0,29.0,17.8,1.2,25.42879060820713,1.0,1.0,0,90.90462315462315,103.02469135802471,1.0,0.0,0.0,0.0
2023_02_LV_BUF,2023,REG,2,2023-09-17,Sunday,13:00,LV,10.0,BUF,38.0,Home,28.0,48.0,0.0,2023091701,59191.0,,202309170buf,,401547411,,7,6,280.0,-355.0,7.5,-110.0,-110.0,47.0,-110.0,-110.0,0,outdoors,,,,00-0031345,00-0034857,Jimmy Garoppolo,Josh Allen,Josh McDaniels,Sean McDermott,Craig Wrolstad,BUF00,New Era Field,0,26.0,23.2,-0.8,27.239438931854657,-2.0,0.0,20.8,24.2,-1.2,23.351185024683364,1.0,1.0,-1,80.22949131033317,104.91571763123488,0.0,0.0,1.0,0.0
2023_02_BAL_CIN,2023,REG,2,2023-09-17,Sunday,13:00,BAL,27.0,CIN,24.0,Home,-3.0,51.0,0.0,2023091702,59192.0,,202309170cin,,401547412,,7,7,145.0,-175.0,3.5,-118.0,-102.0,45.5,-110.0,-110.0,1,outdoors,,,,00-0034796,00-0036442,Lamar Jackson,Joe Burrow,John Harbaugh,Zac Taylor,Shawn Hochuli,CIN00,Paycor Stadium,0,20.2,18.0,1.2,27.159117509363295,-2.0,0.0,17.6,17.0,-1.0,19.95707549298317,1.0,0.0,0,80.96082279347179,81.63983585858585,0.0,0.0,4.0,0.0
2023_02_SEA_DET,2023,REG,2,2023-09-17,Sunday,13:00,SEA,37.0,DET,31.0,Home,-6.0,68.0,1.0,2023091703,59193.0,,202309170det,,401547418,,7,10,180.0,-218.0,4.5,-110.0,-110.0,47.5,-108.0,-112.0,0,dome,,,,00-0030565,00-0033106,Geno Smith,Jared Goff,Pete Carroll,Dan Campbell,Alex Kemp,DET00,Ford Field,1,25.0,20.0,0.8,26.338363921264456,3.0,0.0,17.6,23.4,-0.2,19.29829824370023,-2.0,0.0,3,102.64051609754611,85.24610245612749,1.0,0.0,2.0,0.0
2023_02_IND_HOU,2023,REG,2,2023-09-17,Sunday,13:00,IND,31.0,HOU,20.0,Home,-11.0,51.0,0.0,2023091704,59194.0,,202309170htx,,401547419,,7,7,-110.0,-110.0,-1.0,-105.0,-115.0,40.0,-110.0,-110.0,1,open,,,,00-0039164,00-0039163,Anthony Richardson,C.J. Stroud,Shane Steichen,DeMeco Ryans,Carl Cheffers,HOU00,NRG Stadium,0,17.4,26.2,1.0,15.74628956892826,-1.0,1.0,20.2,32.0,0.0,18.79214061603391,-8.0,0.0,0,78.03030303030303,78.99774774774775,1.0,0.0,0.0,0.0
2023_02_KC_JAX,2023,REG,2,2023-09-17,Sunday,13:00,KC,17.0,JAX,9.0,Home,-8.0,26.0,0.0,2023091705,59195.0,,202309170jax,,401547413,,10,7,-170.0,142.0,-3.5,-102.0,-118.0,50.5,-110.0,-110.0,0,outdoors,,,,00-0033873,00-0036971,Patrick Mahomes,Trevor Lawrence,Andy Reid,Doug Pederson,Adrian Hill,JAX00,TIAA Bank Stadium,0,26.6,19.4,-0.8,24.26635589297707,1.0,0.0,27.8,21.8,1.2,33.11921460911203,-1.0,0.0,-3,83.50570030589977,106.42933258243336,0.0,0.0,0.0,0.0
2023_02_CHI_TB,2023,REG,2,2023-09-17,Sunday,13:00,CHI,17.0,TB,27.0,Home,10.0,44.0,0.0,2023091706,59196.0,,202309170tam,,401547420,,7,7,114.0,-135.0,2.5,-110.0,-110.0,41.0,-110.0,-110.0,0,outdoors,,,,00-0036945,00-0034855,Justin Fields,Baker Mayfield,Matt Eberflus,Todd Bowles,Bill Vinovich,TAM00,Raymond James Stadium,0,20.0,23.6,1.0,18.791831030679205,1.0,0.0,15.2,33.6,-0.2,14.901661009675404,-11.0,0.0,0,83.47628592597633,81.3350941003115,1.0,0.0,0.0,0.0
2023_02_LAC_TEN,2023,REG,2,2023-09-17,Sunday,13:00,LAC,24.0,TEN,27.0,Home,3.0,51.0,1.0,2023091707,59197.0,,202309170oti,,401547414,,7,7,-142.0,120.0,-2.5,-118.0,-102.0,45.5,-110.0,-110.0,0,outdoors,,,,00-0036355,00-0029701,Justin Herbert,Ryan Tannehill,Brandon Staley,Mike Vrabel,Alan Eck,NAS00,Nissan Stadium,0,14.4,19.8,-0.4,14.520716292134832,-8.0,1.0,28.6,22.2,1.0,27.05236740820206,-3.0,0.0,0,77.95782906464021,99.15073315392146,2.0,0.0,0.0,0.0
2023_02_NYG_ARI,2023,REG,2,2023-09-17,Sunday,16:05,NYG,31.0,ARI,28.0,Home,-3.0,59.0,0.0,2023091708,59198.0,,202309170crd,,401547421,,7,7,-225.0,185.0,-5.0,-110.0,-110.0,40.0,-110.0,-110.0,0,closed,,,,00-0035710,00-0033949,Daniel Jones,Joshua Dobbs,Brian Daboll,Jonathan Gannon,Land Clark,PHO00,State Farm Stadium,1,15.8,24.2,-0.8,16.89805578609125,-8.0,1.0,18.4,26.8,-0.6,16.285860836180476,-2.0,0.0,0,76.2057913351017,83.6520061728395,0.0,0.0,0.0,0.0
2023_02_SF_LA,2023,REG,2,2023-09-17,Sunday,16:05,SF,30.0,LA,23.0,Home,-7.0,53.0,0.0,2023091709,59199.0,,202309170ram,,401547422,,7,7,-340.0,270.0,-7.5,-105.0,-115.0,45.0,-110.0,-110.0,1,dome,,,,00-0037834,00-0026498,Brock Purdy,Matthew Stafford,Kyle Shanahan,Sean McVay,Brad Allen,LAX01,SoFi Stadium,1,23.8,20.2,1.0,25.357980443078226,1.0,1.0,27.0,17.2,1.4,29.837088271509923,1.0,0.0,0,97.12837438714632,112.42193486590038,0.0,0.0,0.0,0.0
2023_02_NYJ_DAL,2023,REG,2,2023-09-17,Sunday,16:25,NYJ,10.0,DAL,30.0,Home,20.0,40.0,0.0,2023091710,59200.0,,202309170dal,,401547415,,6,7,300.0,-380.0,8.5,-110.0,-110.0,38.5,-110.0,-110.0,0,open,,,,00-0037013,00-0033077,Zach Wilson,Dak Prescott,Robert Saleh,Mike McCarthy,Clete Blakeman,DAL00,AT&T Stadium,0,23.2,14.4,0.2,21.690253181040255,1.0,0.0,10.8,17.8,-0.4,9.22647631270292,1.0,1.0,1,82.06469149304515,73.0017797017797,2.0,0.0,0.0,0.0
2023_02_WAS_DEN,2023,REG,2,2023-09-17,Sunday,16:25,WAS,35.0,DEN,33.0,Home,-2.0,68.0,0.0,2023091711,59201.0,,202309170den,,401547416,,7,7,164.0,-198.0,4.0,-110.0,-110.0,38.5,-110.0,-110.0,0,outdoors,,,,00-0037077,00-0029263,Sam Howell,Russell Wilson,Ron Rivera,Sean Payton,Brad Rogers,DEN00,Empower Field at Mile High,0,21.8,27.6,-0.4,22.382437436159343,-1.0,0.0,17.6,20.6,-1.6,19.076052966421535,2.0,0.0,0,92.41489651416123,80.31267685342388,1.0,0.0,0.0,0.0
2023_02_MIA_NE,2023,REG,2,2023-09-17,Sunday,20:20,MIA,24.0,NE,17.0,Home,-7.0,41.0,0.0,2023091712,59202.0,,202309170nwe,,401547423,,7,7,-130.0,110.0,-2.0,-112.0,-108.0,46.5,-112.0,-108.0,1,outdoors,,,,00-0036212,00-0036972,Tua Tagovailoa,Mac Jones,Mike McDaniel,Bill Belichick,Shawn Smith,BOS00,Gillette Stadium,0,21.6,26.6,0.2,23.411519549699154,-2.0,0.0,23.8,24.6,-1.2,25.215252598182854,1.0,1.0,0,84.56867283950619,87.99392736892737,0.0,0.0,0.0,0.0
2023_02_NO_CAR,2023,REG,2,2023-09-18,Monday,19:15,NO,20.0,CAR,17.0,Home,-3.0,37.0,0.0,2023091800,59203.0,,202309180car,,401547425,,8,8,-175.0,145.0,-3.0,-118.0,-102.0,39.5,-108.0,-112.0,1,outdoors,,,,00-0031280,00-0039150,Derek Carr,Bryce Young,Dennis Allen,Frank Reich,Scott Novak,CAR00,Bank of America Stadium,0,19.4,21.6,-1.0,22.775621072671633,-1.0,1.0,16.2,12.6,0.4,16.632820480081712,1.0,1.0,0,48.7938596491228,70.29047049441787,0.0,0.0,0.0,0.0
2023_02_CLE_PIT,2023,REG,2,2023-09-18,Monday,20:15,CLE,22.0,PIT,26.0,Home,4.0,48.0,0.0,2023091801,59204.0,,202309180pit,,401547424,,8,8,-148.0,124.0,-2.5,-115.0,-105.0,39.0,-110.0,-110.0,1,outdoors,,,,00-0033537,00-0038102,Deshaun Watson,Kenny Pickett,Kevin Stefanski,Mike Tomlin,Ron Torbert,PIT00,Acrisure Stadium,0,17.6,16.6,0.6,21.236375204071834,-1.0,0.0,17.0,12.2,0.4,23.41416312688408,1.0,0.0,0,71.02878226129101,82.47497586972003,1.0,0.0,0.0,0.0
2023_03_NYG_SF,2023,REG,3,2023-09-21,Thursday,20:15,NYG,12.0,SF,30.0,Home,18.0,42.0,0.0,2023092100,59205.0,,202309210sfo,,401547426,,4,4,400.0,-535.0,10.5,-105.0,-115.0,43.5,-108.0,-112.0,0,outdoors,grass,77.0,13.0,00-0035710,00-0037834,Daniel Jones,Brock Purdy,Brian Daboll,Kyle Shanahan,Shawn Hochuli,SFO01,Levi's Stadium,0,25.4,19.2,1.0,28.85963957904731,2.0,0.0,17.0,30.4,-0.8,15.86744939177268,1.0,0.0,0,102.78860153256706,85.80987833071167,0.0,0.0,3.0,0.0
2023_03_IND_BAL,2023,REG,3,2023-09-24,Sunday,13:00,IND,22.0,BAL,19.0,Home,-3.0,41.0,1.0,2023092400,59206.0,,202309240rav,,401547427,,7,7,300.0,-380.0,7.5,-110.0,-110.0,43.5,-110.0,-110.0,0,outdoors,grass,68.0,3.0,00-0035289,00-0034796,Gardner Minshew,Lamar Jackson,Shane Steichen,John Harbaugh,Clete Blakeman,BAL00,M&T Bank Stadium,0,19.6,20.0,-1.0,23.058359667603,2.0,0.0,19.2,28.2,-0.2,18.501936572458483,1.0,1.0,0,86.6272095959596,77.06295289855072,5.0,0.0,2.0,1.0
2023_03_TEN_CLE,2023,REG,3,2023-09-24,Sunday,13:00,TEN,3.0,CLE,27.0,Home,24.0,30.0,0.0,2023092401,59207.0,,202309240cle,,401547428,,7,6,154.0,-185.0,3.5,-110.0,-110.0,38.0,-110.0,-110.0,0,outdoors,grass,68.0,5.0,00-0029701,00-0033537,Ryan Tannehill,Deshaun Watson,Mike Vrabel,Kevin Stefanski,Craig Wrolstad,CLE00,FirstEnergy Stadium,0,18.8,16.8,-0.4,24.92079113256317,-1.0,0.0,17.0,21.2,-0.6,17.422517027264014,1.0,0.0,-1,78.2339044411486,82.31648919535915,1.0,0.0,0.0,0.0
2023_03_ATL_DET,2023,REG,3,2023-09-24,Sunday,13:00,ATL,6.0,DET,20.0,Home,14.0,26.0,0.0,2023092402,59208.0,,202309240det,,401547433,,7,7,140.0,-166.0,3.0,100.0,-120.0,47.5,-108.0,-112.0,0,dome,fieldturf,,,00-0038122,00-0033106,Desmond Ridder,Jared Goff,Arthur Smith,Dan Campbell,Carl Cheffers,DET00,Ford Field,1,27.2,24.0,0.0,26.99418455401749,-1.0,0.0,21.6,17.4,0.0,23.366669895389386,4.0,0.0,0,109.21257123539071,95.00919046231546,4.0,0.0,0.0,0.0
2023_03_NO_GB,2023,REG,3,2023-09-24,Sunday,13:00,NO,17.0,GB,18.0,Home,1.0,35.0,0.0,2023092403,59209.0,,202309240gnb,,401547434,,6,7,-125.0,105.0,-1.5,-110.0,-110.0,41.5,-110.0,-110.0,0,outdoors,grass,68.0,10.0,00-0031280,00-0036264,Derek Carr,Jordan Love,Dennis Allen,Matt LaFleur,Brad Rogers,GNB00,Lambeau Field,0,29.0,20.4,1.6,27.06800190361222,-1.0,0.0,16.0,12.4,0.4,16.397663084483778,2.0,0.0,1,101.9746913580247,65.47565567960305,1.0,0.0,1.0,0.0
2023_03_HOU_JAX,2023,REG,3,2023-09-24,Sunday,13:00,HOU,37.0,JAX,17.0,Home,-20.0,54.0,0.0,2023092404,59210.0,,202309240jax,,401547435,,7,7,300.0,-380.0,7.5,-110.0,-110.0,43.5,-110.0,-110.0,1,outdoors,grass,84.0,6.0,00-0039163,00-0036971,C.J. Stroud,Trevor Lawrence,DeMeco Ryans,Doug Pederson,Scott Novak,JAX00,TIAA Bank Stadium,0,22.2,22.2,-0.6,20.893697331460675,-1.0,0.0,16.6,26.4,0.6,13.887302330420308,-2.0,0.0,0,81.85887490907437,90.76603803997422,1.0,0.0,4.0,0.0
2023_03_DEN_MIA,2023,REG,3,2023-09-24,Sunday,13:00,DEN,20.0,MIA,70.0,Home,50.0,90.0,0.0,2023092405,59211.0,,202309240mia,,401547429,,7,7,205.0,-250.0,6.0,-110.0,-110.0,47.5,-110.0,-110.0,0,outdoors,grass,86.0,5.0,00-0029263,00-0036212,Russell Wilson,Tua Tagovailoa,Sean Payton,Mike McDaniel,Clay Martin,MIA00,Hard Rock Stadium,0,24.6,22.8,-0.4,25.724972690387016,2.0,0.0,23.6,31.6,-1.0,25.87726355405258,-2.0,0.0,0,90.49140211640211,93.8500816993464,0.0,0.0,1.0,0.0
2023_03_LAC_MIN,2023,REG,3,2023-09-24,Sunday,13:00,LAC,28.0,MIN,24.0,Home,-4.0,52.0,0.0,2023092406,59212.0,,202309240min,,401547436,,7,10,-110.0,-110.0,1.0,-115.0,-105.0,54.0,-110.0,-110.0,0,dome,sportturf,,,00-0036355,00-0029604,Justin Herbert,Kirk Cousins,Brandon Staley,Kevin O'Connell,Shawn Smith,MIN01,U.S. Bank Stadium,1,23.0,27.8,-1.6,20.948345188474082,-3.0,0.0,29.4,27.0,0.8,30.631031292756745,-4.0,0.0,3,104.14766461137428,103.04530435769803,0.0,0.0,0.0,0.0
2023_03_NE_NYJ,2023,REG,3,2023-09-24,Sunday,13:00,NE,15.0,NYJ,10.0,Home,-5.0,25.0,0.0,2023092407,59213.0,,202309240nyj,,401547430,,7,7,-142.0,120.0,-2.5,-112.0,-108.0,35.5,-110.0,-110.0,1,outdoors,fieldturf,64.0,14.0,00-0036972,00-0037013,Mac Jones,Zach Wilson,Bill Belichick,Robert Saleh,Bill Vinovich,NYC01,MetLife Stadium,0,9.4,19.8,-1.0,8.56149759876767,-1.0,0.0,20.2,25.4,0.0,21.44140856002365,-3.0,0.0,0,60.40856982523648,91.05676807760142,0.0,0.0,0.0,0.0
2023_03_BUF_WAS,2023,REG,3,2023-09-24,Sunday,13:00,BUF,37.0,WAS,3.0,Home,-34.0,40.0,0.0,2023092408,59214.0,,202309240was,,401547431,,7,7,-245.0,200.0,-5.5,-115.0,-105.0,44.0,-108.0,-112.0,0,outdoors,grass,65.0,1.0,00-0034857,00-0037077,Josh Allen,Sam Howell,Sean McDermott,Ron Rivera,Land Clark,WAS00,FedExField,0,22.2,23.2,-0.8,24.294996897047298,3.0,0.0,26.6,22.6,0.0,28.997826829638623,1.0,0.0,0,89.81315209031679,90.87658070742256,1.0,0.0,0.0,0.0
2023_03_CAR_SEA,2023,REG,3,2023-09-24,Sunday,16:05,CAR,27.0,SEA,37.0,Home,10.0,64.0,0.0,2023092409,59215.0,,202309240sea,,401547432,,6,7,185.0,-225.0,5.0,-110.0,-110.0,42.5,-110.0,-110.0,0,outdoors,fieldturf,61.0,2.0,00-0027973,00-0030565,Andy Dalton,Geno Smith,Frank Reich,Pete Carroll,Ron Torbert,SEA00,Lumen Field,0,23.0,24.8,0.6,26.028004041791448,1.0,0.0,19.6,20.8,-1.0,24.70538535814607,-2.0,1.0,1,93.60230164311936,92.9189860792802,2.0,0.0,1.0,1.0
2023_03_DAL_ARI,2023,REG,3,2023-09-24,Sunday,16:25,DAL,16.0,ARI,28.0,Home,12.0,44.0,0.0,2023092410,59216.0,,202309240crd,,401547437,,7,7,-650.0,470.0,-11.5,-110.0,-110.0,43.5,-110.0,-110.0,0,open,grass,,,00-0033077,00-0033949,Dak Prescott,Joshua Dobbs,Mike McCarthy,Jonathan Gannon,Alex Kemp,PHO00,State Farm Stadium,0,18.4,25.6,-0.4,18.687732398350978,-9.0,0.0,23.8,13.8,1.2,23.74510536189304,2.0,0.0,0,82.13754242605745,87.37491827952354,0.0,0.0,1.0,0.0
2023_03_CHI_KC,2023,REG,3,2023-09-24,Sunday,16:25,CHI,10.0,KC,41.0,Home,31.0,51.0,0.0,2023092411,59217.0,,202309240kan,,401547438,,7,7,525.0,-750.0,13.0,-110.0,-110.0,48.0,-110.0,-110.0,0,outdoors,grass,,,00-0036945,00-0033873,Justin Fields,Patrick Mahomes,Matt Eberflus,Andy Reid,Alan Eck,KAN00,GEHA Field at Arrowhead Stadium,0,25.0,21.0,0.8,30.68991969956033,1.0,0.0,14.6,34.0,-1.0,14.190258223906863,-12.0,0.0,0,105.05972657868101,78.42877226123103,1.0,0.0,1.0,0.0
2023_03_PIT_LV,2023,REG,3,2023-09-24,Sunday,20:20,PIT,23.0,LV,18.0,Home,-5.0,41.0,0.0,2023092412,59218.0,,202309240rai,,401547439,,6,7,124.0,-148.0,3.0,-110.0,-110.0,43.5,-110.0,-110.0,0,dome,grass,,,00-0038102,00-0031345,Kenny Pickett,Jimmy Garoppolo,Mike Tomlin,Josh McDaniels,Tra Blake,VEG00,Allegiant Stadium,1,16.8,27.0,-1.8,17.471211744987272,-1.0,0.0,18.0,17.8,1.0,23.916473892927954,1.0,0.0,1,99.83139223440948,77.47322670573547,0.0,0.0,0.0,0.0
2023_03_PHI_TB,2023,REG,3,2023-09-25,Monday,19:15,PHI,25.0,TB,11.0,Home,-14.0,36.0,0.0,2023092500,59219.0,,202309250tam,,401547440,,11,8,-258.0,210.0,-6.0,-110.0,-110.0,44.0,-108.0,-112.0,0,outdoors,grass,90.0,4.0,00-0036389,00-0034855,Jalen Hurts,Baker Mayfield,Nick Sirianni,Todd Bowles,Adrian Hill,TAM00,Raymond James Stadium,0,21.6,23.8,1.2,19.118184459864043,2.0,0.0,32.6,20.0,1.0,34.4738603606447,2.0,0.0,-3,92.81685548713412,95.00273848323046,0.0,0.0,0.0,0.0
2023_03_LA_CIN,2023,REG,3,2023-09-25,Monday,20:15,LA,16.0,CIN,19.0,Home,3.0,35.0,0.0,2023092501,59220.0,,202309250cin,,401547441,,8,8,136.0,-162.0,3.0,100.0,-120.0,45.5,-108.0,-112.0,0,outdoors,fieldturf,74.0,7.0,00-0026498,00-0036442,Matthew Stafford,Joe Burrow,Sean McVay,Zac Taylor,John Hussey,CIN00,Paycor Stadium,0,19.6,20.2,0.4,24.927956397408646,-3.0,0.0,26.0,21.4,0.4,30.147962185358654,-1.0,0.0,0,81.894330342833,91.4642329730049,0.0,0.0,0.0,0.0
2023_04_DET_GB,2023,REG,4,2023-09-28,Thursday,20:15,DET,34.0,GB,20.0,Home,-14.0,54.0,0.0,2023092800,59221.0,,202309280gnb,,401547442,,4,4,-142.0,120.0,-2.5,-118.0,-102.0,45.0,-110.0,-110.0,1,outdoors,grass,64.0,8.0,00-0033106,00-0036264,Jared Goff,Jordan Love,Dan Campbell,Matt LaFleur,Alan Eck,GNB00,Lambeau Field,0,27.4,19.8,0.8,28.28634353881231,1.0,0.0,26.6,17.8,0.2,26.352411048689138,1.0,0.0,0,104.00120650953986,104.22880500162447,3.0,0.0,1.0,0.0
2023_04_ATL_JAX,2023,REG,4,2023-10-01,Sunday,09:30,ATL,7.0,JAX,23.0,Neutral,16.0,30.0,0.0,2023100100,59222.0,,202310010jax,,401547227,,7,7,154.0,-185.0,3.5,-110.0,-110.0,42.5,-112.0,-108.0,0,outdoors,,,,00-0038122,00-0036971,Desmond Ridder,Trevor Lawrence,Arthur Smith,Doug Pederson,Craig Wrolstad,LON00,Wembley Stadium,0,21.6,26.4,-1.2,20.39699278493856,-2.0,0.0,21.0,18.0,0.2,20.62362603810454,-1.0,0.0,0,80.48387490907437,92.01144989878543,2.0,0.0,0.0,0.0
2023_04_MIA_BUF,2023,REG,4,2023-10-01,Sunday,13:00,MIA,20.0,BUF,48.0,Home,28.0,68.0,0.0,2023100101,59223.0,,202310010buf,,401547443,,7,7,120.0,-142.0,2.5,100.0,-120.0,53.0,-110.0,-110.0,1,outdoors,a_turf,70.0,2.0,00-0036212,00-0034857,Tua Tagovailoa,Josh Allen,Mike McDaniel,Sean McDermott,Adrian Hill,BUF00,New Era Field,0,27.0,18.6,0.4,29.09685516553735,2.0,0.0,34.4,22.2,0.6,33.72481175873907,3.0,0.0,0,85.643045761186,108.57977207977208,1.0,0.0,1.0,0.0
2023_04_MIN_CAR,2023,REG,4,2023-10-01,Sunday,13:00,MIN,21.0,CAR,13.0,Home,-8.0,34.0,0.0,2023100102,59224.0,,202310010car,,401547448,,7,7,-225.0,185.0,-4.5,-112.0,-108.0,46.5,-110.0,-110.0,0,outdoors,grass,78.0,7.0,00-0029604,00-0039150,Kirk Cousins,Bryce Young,Kevin O'Connell,Frank Reich,Tra Blake,CAR00,Bank of America Stadium,0,17.6,23.6,-1.0,21.056405922681392,-3.0,0.0,24.4,25.2,-1.0,21.630371033460918,-4.0,0.0,0,67.9259702286018,113.84228826728827,1.0,0.0,0.0,0.0
2023_04_DEN_CHI,2023,REG,4,2023-10-01,Sunday,13:00,DEN,31.0,CHI,28.0,Home,-3.0,59.0,0.0,2023100103,59225.0,,202310010chi,,401547444,,7,7,-162.0,136.0,-3.0,-112.0,-108.0,47.0,-110.0,-110.0,0,outdoors,grass,80.0,2.0,00-0029263,00-0036945,Russell Wilson,Justin Fields,Sean Payton,Matt Eberflus,Carl Cheffers,CHI98,Soldier Field,0,14.0,35.2,-1.2,13.468012460999558,-13.0,0.0,24.8,35.4,-0.8,27.513603452462416,-3.0,0.0,0,66.26246634492512,99.79306415548676,2.0,0.0,1.0,0.0
2023_04_BAL_CLE,2023,REG,4,2023-10-01,Sunday,13:00,BAL,28.0,CLE,3.0,Home,-25.0,31.0,0.0,2023100104,59226.0,,202310010cle,,401547445,,7,7,-135.0,114.0,-2.0,-110.0,-110.0,38.5,-110.0,-110.0,1,outdoors,grass,71.0,7.0,00-0034796,00-0038583,Lamar Jackson,Dorian Thompson-Robinson,John Harbaugh,Kevin Stefanski,Brad Allen,CLE00,FirstEnergy Stadium,0,22.2,14.0,-0.6,28.234726123595507,1.0,1.0,20.8,21.2,-1.2,21.512172284644194,-1.0,0.0,0,,89.01153673835127,0.0,0.0,3.0,0.0
2023_04_PIT_HOU,2023,REG,4,2023-10-01,Sunday,13:00,PIT,6.0,HOU,30.0,Home,24.0,36.0,0.0,2023100105,59227.0,,202310010htx,,401547446,,7,7,-162.0,136.0,-3.0,-110.0,-110.0,41.5,-110.0,-110.0,0,open,astroturf,,,00-0038102,00-0039163,Kenny Pickett,C.J. Stroud,Mike Tomlin,DeMeco Ryans,Bill Vinovich,HOU00,NRG Stadium,0,20.2,27.0,0.6,17.25692791820361,1.0,0.0,20.0,19.4,1.2,25.153430845073945,2.0,0.0,0,100.09402535998281,82.85555271306147,4.0,0.0,1.0,0.0
2023_04_LA_IND,2023,REG,4,2023-10-01,Sunday,13:00,LA,29.0,IND,23.0,Home,-6.0,52.0,1.0,2023100106,59228.0,,202310010clt,,401547449,,6,7,-115.0,-105.0,-1.0,-110.0,-110.0,44.5,-110.0,-110.0,0,open,fieldturf,,,00-0026498,00-0039164,Matthew Stafford,Anthony Richardson,Sean McVay,Shane Steichen,Land Clark,IND00,Lucas Oil Stadium,0,23.0,28.0,0.4,22.627132433543434,2.0,0.0,19.0,22.4,-0.6,22.167760179682418,-2.0,0.0,1,77.2072072072072,86.4642329730049,2.0,0.0,0.0,0.0
2023_04_TB_NO,2023,REG,4,2023-10-01,Sunday,13:00,TB,26.0,NO,9.0,Home,-17.0,35.0,0.0,2023100107,59229.0,,202310010nor,,401547450,,6,7,170.0,-205.0,4.0,-110.0,-110.0,41.0,-110.0,-110.0,1,dome,sportturf,,,00-0034855,00-0031280,Baker Mayfield,Derek Carr,Todd Bowles,Dennis Allen,Shawn Hochuli,NOR00,Mercedes-Benz Superdome,1,16.0,14.0,0.6,15.991349308939045,-1.0,0.0,17.8,24.0,0.8,15.608016304347824,-1.0,0.0,1,79.02658160552897,82.4930459633246,2.0,0.0,1.0,0.0
2023_04_WAS_PHI,2023,REG,4,2023-10-01,Sunday,13:00,WAS,31.0,PHI,34.0,Home,3.0,65.0,1.0,2023100108,59230.0,,202310010phi,,401547451,,7,6,350.0,-455.0,9.5,-110.0,-110.0,43.0,-110.0,-110.0,1,outdoors,grass,,,00-0037077,00-0036389,Sam Howell,Jalen Hurts,Ron Rivera,Nick Sirianni,Ron Torbert,PHI00,Lincoln Financial Field,0,30.0,20.8,0.8,30.359920563005918,3.0,0.0,18.8,23.2,-1.4,18.240991447546236,-1.0,0.0,-1,86.88524599073797,77.74061119417436,0.0,0.0,0.0,0.0
2023_04_CIN_TEN,2023,REG,4,2023-10-01,Sunday,13:00,CIN,3.0,TEN,27.0,Home,24.0,30.0,0.0,2023100109,59231.0,,202310010oti,,401547452,,6,7,-162.0,136.0,-2.5,-120.0,100.0,41.5,-108.0,-112.0,0,outdoors,grass,82.0,4.0,00-0036442,00-0029701,Joe Burrow,Ryan Tannehill,Zac Taylor,Mike Vrabel,Shawn Smith,NAS00,Nissan Stadium,0,14.8,22.8,0.0,16.782086210008572,-1.0,0.0,18.6,20.0,0.4,22.25279262283374,1.0,0.0,1,75.47254980141977,73.93674105711871,2.0,0.0,0.0,0.0
2023_04_LV_LAC,2023,REG,4,2023-10-01,Sunday,16:05,LV,17.0,LAC,24.0,Home,7.0,41.0,0.0,2023100110,59232.0,,202310010sdg,,401547447,,7,7,250.0,-310.0,7.0,-115.0,-105.0,49.0,-110.0,-110.0,1,dome,matrixturf,,,00-0038579,00-0036355,Aidan O'Connell,Justin Herbert,Josh McDaniels,Brandon Staley,John Hussey,LAX01,SoFi Stadium,1,28.8,29.8,0.8,28.333104960263082,1.0,0.0,18.4,29.0,-2.0,19.60448908204367,-2.0,1.0,0,103.82671266570205,,2.0,0.0,0.0,0.0
2023_04_NE_DAL,2023,REG,4,2023-10-01,Sunday,16:25,NE,3.0,DAL,38.0,Home,35.0,41.0,0.0,2023100111,59233.0,,202310010dal,,401547453,,7,7,230.0,-285.0,6.5,-108.0,-112.0,43.0,-110.0,-110.0,0,closed,matrixturf,,,00-0036972,00-0033077,Mac Jones,Dak Prescott,Bill Belichick,Mike McCarthy,Scott Novak,DAL00,AT&T Stadium,1,25.8,14.2,0.8,25.119170137543588,-1.0,0.0,19.6,23.0,-0.4,20.96214515236636,1.0,0.0,0,93.82367954078481,87.04509966938129,1.0,0.0,0.0,0.0
2023_04_ARI_SF,2023,REG,4,2023-10-01,Sunday,16:25,ARI,16.0,SF,35.0,Home,19.0,51.0,0.0,2023100112,59234.0,,202310010sfo,,401547454,,7,10,700.0,-1100.0,15.0,-108.0,-112.0,44.0,-105.0,-115.0,1,outdoors,grass,75.0,9.0,00-0033949,00-0037834,Joshua Dobbs,Brock Purdy,Jonathan Gannon,Kyle Shanahan,Clete Blakeman,SFO01,Levi's Stadium,0,23.2,17.0,0.8,23.73353790099332,3.0,0.0,20.8,25.0,0.0,23.44440332817511,1.0,0.0,3,98.74655949052502,89.71797044878247,0.0,0.0,0.0,0.0
2023_04_KC_NYJ,2023,REG,4,2023-10-01,Sunday,20:20,KC,23.0,NYJ,20.0,Home,-3.0,43.0,0.0,2023100113,59235.0,,202310010nyj,,401547455,,7,7,-485.0,370.0,-9.5,-110.0,-110.0,41.5,-105.0,-115.0,0,outdoors,fieldturf,69.0,5.0,00-0033873,00-0037013,Patrick Mahomes,Zach Wilson,Andy Reid,Robert Saleh,Alex Kemp,NYC01,MetLife Stadium,0,10.8,19.0,-0.8,10.215579300999378,-2.0,0.0,27.8,19.0,0.4,28.85755096455717,2.0,0.0,0,62.641313932980594,108.02689829585275,0.0,0.0,1.0,0.0
2023_04_SEA_NYG,2023,REG,4,2023-10-02,Monday,20:15,SEA,24.0,NYG,3.0,Home,-21.0,27.0,0.0,2023100200,59236.0,,202310020nyg,,401547456,,8,11,-142.0,120.0,-2.5,-115.0,-105.0,46.5,-115.0,-105.0,0,outdoors,fieldturf,67.0,8.0,00-0030565,00-0035710,Geno Smith,Daniel Jones,Pete Carroll,Brian Daboll,Brad Rogers,NYC01,MetLife Stadium,0,16.2,32.0,-1.2,15.531496203811447,-1.0,0.0,25.8,29.0,-0.2,28.735934279635664,2.0,0.0,3,73.61369777515611,90.43818925486904,2.0,0.0,2.0,0.0
2023_05_CHI_WAS,2023,REG,5,2023-10-05,Thursday,20:15,CHI,40.0,WAS,20.0,Home,-20.0,60.0,0.0,2023100500,59237.0,,202310050was,,401547457,,4,4,210.0,-258.0,6.0,-110.0,-110.0,45.5,-112.0,-108.0,0,outdoors,grass,70.0,1.0,00-0036945,00-0037077,Justin Fields,Sam Howell,Matt Eberflus,Ron Rivera,Scott Novak,WAS00,FedExField,0,23.0,25.2,-0.8,21.2221797661012,-2.0,0.0,17.6,33.2,-1.2,15.408718752721887,-14.0,0.0,0,81.91809871143705,74.31370858094996,0.0,0.0,3.0,0.0
2023_05_JAX_BUF,2023,REG,5,2023-10-08,Sunday,09:30,JAX,25.0,BUF,20.0,Neutral,-5.0,45.0,0.0,2023100800,59238.0,,202310080buf,,401547228,,7,7,205.0,-250.0,5.5,-110.0,-110.0,48.5,-108.0,-112.0,0,outdoors,,,,00-0036971,00-0034857,Trevor Lawrence,Josh Allen,Doug Pederson,Sean McDermott,Shawn Smith,LON02,Tottenham Stadium,0,29.8,16.4,1.0,32.053136704119844,3.0,0.0,20.0,21.8,0.0,18.423964844107996,1.0,0.0,0,98.6879175560578,87.61685363247864,2.0,0.0,1.0,0.0
2023_05_HOU_ATL,2023,REG,5,2023-10-08,Sunday,13:00,HOU,19.0,ATL,21.0,Home,2.0,40.0,0.0,2023100801,59239.0,,202310080atl,,401547463,,7,7,120.0,-142.0,2.5,-110.0,-110.0,42.0,-110.0,-110.0,0,open,fieldturf,,,00-0039163,00-0038122,C.J. Stroud,Desmond Ridder,DeMeco Ryans,Arthur Smith,Shawn Hochuli,ATL97,Mercedes-Benz Stadium,0,18.4,18.8,-0.2,18.101705946834745,-2.0,0.0,25.6,22.0,0.6,22.873702176077373,2.0,0.0,0,86.53895196661009,102.8830190199871,0.0,0.0,2.0,0.0
2023_05_CAR_DET,2023,REG,5,2023-10-08,Sunday,13:00,CAR,24.0,DET,42.0,Home,18.0,66.0,0.0,2023100802,59240.0,,202310080det,,401547464,,7,10,350.0,-455.0,9.5,-110.0,-110.0,43.5,-110.0,-110.0,0,dome,fieldturf,,,00-0039150,00-0033106,Bryce Young,Jared Goff,Frank Reich,Dan Campbell,Adrian Hill,DET00,Ford Field,1,25.2,19.8,0.0,27.208990375319566,2.0,0.0,15.4,21.8,-0.4,18.346615287062058,-4.0,0.0,3,94.89998726763433,76.36036904129008,2.0,0.0,2.0,0.0
2023_05_TEN_IND,2023,REG,5,2023-10-08,Sunday,13:00,TEN,16.0,IND,23.0,Home,7.0,39.0,0.0,2023100803,59241.0,,202310080clt,,401547458,,7,7,-142.0,120.0,-2.5,-110.0,-110.0,43.5,-110.0,-110.0,1,open,fieldturf,,,00-0029701,00-0039164,Ryan Tannehill,Anthony Richardson,Mike Vrabel,Shane Steichen,Brad Rogers,IND00,Lucas Oil Stadium,0,25.6,26.2,0.4,26.236260935174045,-1.0,0.0,17.6,18.0,-0.2,21.5121722846442,1.0,0.0,0,84.38813813813815,76.95500594177065,3.0,0.0,2.0,0.0
2023_05_NYG_MIA,2023,REG,5,2023-10-08,Sunday,13:00,NYG,16.0,MIA,31.0,Home,15.0,47.0,0.0,2023100804,59242.0,,202310080mia,,401547465,,6,7,525.0,-750.0,12.5,-110.0,-110.0,47.5,-108.0,-112.0,0,outdoors,grass,88.0,8.0,00-0035710,00-0036212,Daniel Jones,Tua Tagovailoa,Brian Daboll,Mike McDaniel,Ron Torbert,MIA00,Hard Rock Stadium,0,36.2,30.6,0.2,36.50346734550562,-1.0,0.0,10.6,32.0,-1.8,10.214610816044788,-2.0,0.0,1,106.33374033374034,64.19913194882558,2.0,0.0,2.0,0.0
2023_05_NO_NE,2023,REG,5,2023-10-08,Sunday,13:00,NO,34.0,NE,0.0,Home,-34.0,34.0,0.0,2023100805,59243.0,,202310080nwe,,401547459,,7,7,114.0,-135.0,2.5,-110.0,-110.0,38.5,-110.0,-110.0,0,outdoors,fieldturf,61.0,10.0,00-0031280,00-0036972,Derek Carr,Mac Jones,Dennis Allen,Bill Belichick,Alex Kemp,BOS00,Gillette Stadium,0,15.6,26.4,-1.4,18.74305223523786,-1.0,0.0,13.8,17.2,0.2,13.915686446629215,-2.0,0.0,0,75.3116941859758,75.3394075894076,0.0,0.0,1.0,0.0
2023_05_BAL_PIT,2023,REG,5,2023-10-08,Sunday,13:00,BAL,10.0,PIT,17.0,Home,7.0,27.0,0.0,2023100806,59244.0,,202310080pit,,401547460,,7,7,-230.0,190.0,-4.5,-112.0,-108.0,38.5,-110.0,-110.0,1,outdoors,grass,53.0,13.0,00-0034796,00-0038102,Lamar Jackson,Kenny Pickett,John Harbaugh,Mike Tomlin,Carl Cheffers,PIT00,Acrisure Stadium,0,18.0,22.8,0.8,19.891392181006616,-1.0,0.0,23.2,16.4,-0.2,24.954119850187265,1.0,0.0,0,77.31878406035078,100.07239200150914,3.0,0.0,1.0,0.0
2023_05_CIN_ARI,2023,REG,5,2023-10-08,Sunday,16:05,CIN,34.0,ARI,20.0,Home,-14.0,54.0,0.0,2023100807,59245.0,,202310080crd,,401547466,,7,7,-170.0,142.0,-3.0,-120.0,100.0,45.5,-110.0,-110.0,0,closed,grass,,,00-0036442,00-0033949,Joe Burrow,Joshua Dobbs,Zac Taylor,Jonathan Gannon,Clay Martin,PHO00,State Farm Stadium,1,20.2,28.0,-0.2,23.470842292042356,-1.0,0.0,13.8,23.4,0.2,16.30289625546519,-1.0,0.0,0,96.66137257511141,69.67748179785944,0.0,0.0,0.0,0.0
2023_05_PHI_LA,2023,REG,5,2023-10-08,Sunday,16:05,PHI,23.0,LA,14.0,Home,-9.0,37.0,0.0,2023100808,59246.0,,202310080ram,,401547467,,7,7,-192.0,160.0,-3.5,-110.0,-110.0,50.5,-110.0,-110.0,0,dome,matrixturf,,,00-0036389,00-0026498,Jalen Hurts,Matthew Stafford,Nick Sirianni,Sean McVay,Bill Vinovich,LAX01,SoFi Stadium,1,22.8,20.8,-0.4,23.88689260178024,1.0,0.0,30.6,25.6,0.2,30.209182495874913,4.0,0.0,0,88.35697988658515,94.9014622069542,1.0,0.0,2.0,0.0
2023_05_NYJ_DEN,2023,REG,5,2023-10-08,Sunday,16:25,NYJ,31.0,DEN,21.0,Home,-10.0,52.0,0.0,2023100809,59247.0,,202310080den,,401547461,,7,7,114.0,-135.0,2.5,-110.0,-110.0,42.5,-110.0,-110.0,0,outdoors,grass,73.0,9.0,00-0037013,00-0029263,Zach Wilson,Russell Wilson,Robert Saleh,Sean Payton,John Hussey,DEN00,Empower Field at Mile High,0,26.2,35.6,0.0,25.24743428116731,1.0,0.0,13.6,19.0,0.0,13.86253701375086,-3.0,0.0,0,110.23949272691534,65.71335300501967,1.0,0.0,1.0,0.0
2023_05_KC_MIN,2023,REG,5,2023-10-08,Sunday,16:25,KC,27.0,MIN,20.0,Home,-7.0,47.0,0.0,2023100810,59248.0,,202310080min,,401547462,,7,7,-180.0,150.0,-3.5,-105.0,-115.0,52.5,-110.0,-110.0,0,dome,sportturf,,,00-0033873,00-0029604,Patrick Mahomes,Kirk Cousins,Andy Reid,Kevin O'Connell,Land Clark,MIN01,U.S. Bank Stadium,1,22.8,25.2,-1.2,21.638714474553865,1.0,0.0,27.8,19.0,0.0,28.285599503998377,3.0,0.0,0,103.9409724778146,99.67353912272611,0.0,0.0,0.0,0.0
2023_05_DAL_SF,2023,REG,5,2023-10-08,Sunday,20:20,DAL,10.0,SF,42.0,Home,32.0,52.0,0.0,2023100811,59249.0,,202310080sfo,,401547354,,7,7,150.0,-180.0,3.5,-115.0,-105.0,45.0,-105.0,-115.0,0,outdoors,grass,78.0,10.0,00-0033077,00-0037834,Dak Prescott,Brock Purdy,Mike McCarthy,Kyle Shanahan,Alan Eck,SFO01,Levi's Stadium,0,26.4,17.8,0.2,27.10533707865168,4.0,0.0,27.2,12.0,1.2,27.62534354538841,1.0,0.0,0,108.18553048122013,86.85323984975687,0.0,0.0,0.0,0.0
2023_05_GB_LV,2023,REG,5,2023-10-09,Monday,20:15,GB,13.0,LV,17.0,Home,4.0,30.0,0.0,2023100900,59250.0,,202310090rai,,401547468,,11,8,-102.0,-118.0,1.0,-110.0,-110.0,45.0,-110.0,-110.0,0,dome,grass,,,00-0036264,00-0031345,Jordan Love,Jimmy Garoppolo,Matt LaFleur,Josh McDaniels,Alan Eck,VEG00,Allegiant Stadium,1,15.0,26.4,-2.2,13.618035107843491,-3.0,0.0,23.2,23.2,-0.2,26.520066642405492,-1.0,0.0,-3,87.95965764715766,88.63083613916947,1.0,0.0,1.0,0.0
2023_06_DEN_KC,2023,REG,6,2023-10-12,Thursday,20:15,DEN,8.0,KC,19.0,Home,11.0,27.0,0.0,2023101200,59251.0,,202310120kan,,401547469,,4,4,470.0,-650.0,10.5,-108.0,-112.0,47.5,-112.0,-108.0,1,outdoors,grass,,,00-0029263,00-0033873,Russell Wilson,Patrick Mahomes,Sean Payton,Andy Reid,Shawn Hochuli,KAN00,GEHA Field at Arrowhead Stadium,0,25.6,16.0,0.0,24.460541074925377,4.0,0.0,24.2,36.2,-0.6,22.402635153803647,-1.0,0.0,0,95.29722174844126,107.2634622609655,0.0,0.0,1.0,0.0
2023_06_BAL_TEN,2023,REG,6,2023-10-15,Sunday,09:30,BAL,24.0,TEN,16.0,Neutral,-8.0,40.0,0.0,2023101500,59252.0,,202310150oti,,401547229,,7,7,-250.0,205.0,-5.5,-112.0,-108.0,42.5,-110.0,-110.0,0,outdoors,,,,00-0034796,00-0029701,Lamar Jackson,Ryan Tannehill,John Harbaugh,Mike Vrabel,Bill Vinovich,LON02,Tottenham Stadium,0,17.6,18.6,-0.2,20.241595917526716,-1.0,0.0,21.8,15.0,-0.8,22.464125164028545,-1.0,0.0,0,78.4233660130719,97.70397094887758,2.0,0.0,0.0,0.0
2023_06_WAS_ATL,2023,REG,6,2023-10-15,Sunday,13:00,WAS,24.0,ATL,16.0,Home,-8.0,40.0,0.0,2023101501,59253.0,,202310150atl,,401547470,,10,7,105.0,-125.0,1.5,-108.0,-112.0,42.0,-110.0,-110.0,0,closed,fieldturf,,,00-0037077,00-0038122,Sam Howell,Desmond Ridder,Ron Rivera,Arthur Smith,Clete Blakeman,ATL97,Mercedes-Benz Stadium,1,16.6,19.2,-0.6,16.769103887359044,1.0,0.0,21.8,32.0,-1.0,18.968167318779106,-3.0,0.0,-3,87.14105406871218,85.1456528910036,0.0,0.0,0.0,0.0
2023_06_MIN_CHI,2023,REG,6,2023-10-15,Sunday,13:00,MIN,19.0,CHI,13.0,Home,-6.0,32.0,0.0,2023101502,59254.0,,202310150chi,,401547475,,7,10,-166.0,140.0,-3.0,-115.0,-105.0,44.5,-112.0,-108.0,1,outdoors,grass,53.0,16.0,00-0029604,00-0036945,Kirk Cousins,Justin Fields,Kevin O'Connell,Matt Eberflus,Brad Allen,CHI98,Soldier Field,0,23.0,31.4,-0.8,21.153052144713246,1.0,0.0,22.0,24.4,-1.4,21.757056907849428,-1.0,0.0,3,91.21641794055589,99.92819742780549,0.0,0.0,0.0,0.0
2023_06_SEA_CIN,2023,REG,6,2023-10-15,Sunday,13:00,SEA,13.0,CIN,17.0,Home,4.0,30.0,0.0,2023101503,59255.0,,202310150cin,,401547471,,13,7,130.0,-155.0,3.0,-112.0,-108.0,45.5,-108.0,-112.0,0,outdoors,fieldturf,57.0,15.0,00-0030565,00-0036442,Geno Smith,Joe Burrow,Pete Carroll,Zac Taylor,Adrian Hill,CIN00,Paycor Stadium,0,16.6,22.8,0.8,17.787341694561118,1.0,0.0,26.8,26.4,0.6,27.268131895940883,3.0,0.0,-6,77.25524779291071,96.47313549142818,0.0,0.0,2.0,0.0
2023_06_SF_CLE,2023,REG,6,2023-10-15,Sunday,13:00,SF,17.0,CLE,19.0,Home,2.0,36.0,0.0,2023101504,59256.0,,202310150cle,,401547476,,7,14,-470.0,360.0,-9.5,-115.0,-105.0,36.0,-110.0,-110.0,0,outdoors,grass,53.0,15.0,00-0037834,00-0033275,Brock Purdy,Phillip Walker,Kyle Shanahan,Kevin Stefanski,John Hussey,CLE00,FirstEnergy Stadium,0,18.0,17.6,-1.6,22.587780898876403,-1.0,1.0,33.4,13.6,1.4,37.20078313720275,5.0,0.0,7,71.80765993265993,118.94941937010904,2.0,1.0,0.0,0.0
2023_06_NO_HOU,2023,REG,6,2023-10-15,Sunday,13:00,NO,13.0,HOU,20.0,Home,7.0,33.0,0.0,2023101505,59257.0,,202310150htx,,401547477,,7,7,-130.0,110.0,-2.0,-110.0,-110.0,42.5,-112.0,-108.0,0,closed,astroturf,,,00-0031280,00-0039163,Derek Carr,C.J. Stroud,Dennis Allen,DeMeco Ryans,Alan Eck,HOU00,NRG Stadium,1,23.0,20.0,1.0,23.571640683945432,-1.0,0.0,19.2,15.2,0.6,18.661161499932312,1.0,0.0,0,100.0802247397992,89.8436810936811,0.0,0.0,1.0,0.0
2023_06_IND_JAX,2023,REG,6,2023-10-15,Sunday,13:00,IND,20.0,JAX,37.0,Home,17.0,57.0,0.0,2023101506,59258.0,,202310150jax,,401547472,,7,7,170.0,-205.0,4.0,-110.0,-110.0,44.0,-110.0,-110.0,1,outdoors,grass,,,00-0035289,00-0036971,Gardner Minshew,Trevor Lawrence,Shane Steichen,Doug Pederson,Alex Kemp,JAX00,TIAA Bank Stadium,0,21.0,20.4,0.4,19.89695465085589,2.0,0.0,24.0,23.0,0.6,26.470055740870784,1.0,1.0,0,93.30869932432432,85.76831004140786,2.0,0.0,1.0,0.0
2023_06_CAR_MIA,2023,REG,6,2023-10-15,Sunday,13:00,CAR,21.0,MIA,42.0,Home,21.0,63.0,0.0,2023101507,59259.0,,202310150mia,,401547473,,7,7,700.0,-1100.0,14.0,-110.0,-110.0,47.5,-112.0,-108.0,0,outdoors,grass,87.0,12.0,00-0039150,00-0036212,Bryce Young,Tua Tagovailoa,Frank Reich,Mike McDaniel,Craig Wrolstad,MIA00,Hard Rock Stadium,0,36.2,27.0,-0.6,32.293746782753786,1.0,0.0,18.2,28.8,-0.8,20.3513669484926,-5.0,0.0,0,110.250407000407,77.78602881348789,2.0,0.0,4.0,0.0
2023_06_NE_LV,2023,REG,6,2023-10-15,Sunday,16:05,NE,17.0,LV,21.0,Home,4.0,38.0,0.0,2023101509,59261.0,,202310150rai,,401547474,,7,6,124.0,-148.0,3.0,-118.0,-102.0,41.5,-110.0,-110.0,0,dome,grass,,,00-0036972,00-0031345,Mac Jones,Jimmy Garoppolo,Bill Belichick,Josh McDaniels,Brad Rogers,VEG00,Allegiant Stadium,1,15.8,22.8,-1.4,14.275477528089887,1.0,0.0,11.0,26.2,-1.6,13.301155775569615,-2.0,0.0,-1,86.32786456375166,66.34767903446064,1.0,0.0,2.0,0.0
2023_06_ARI_LA,2023,REG,6,2023-10-15,Sunday,16:25,ARI,9.0,LA,26.0,Home,17.0,35.0,0.0,2023101510,59262.0,,202310150ram,,401547479,,7,7,270.0,-340.0,7.0,-105.0,-115.0,48.0,-110.0,-110.0,1,dome,matrixturf,,,00-0033949,00-0026498,Joshua Dobbs,Matthew Stafford,Jonathan Gannon,Sean McVay,Ron Torbert,LAX01,SoFi Stadium,1,22.4,21.6,-0.4,22.46741972179536,-1.0,0.0,21.6,27.2,0.2,23.82305016678371,-2.0,0.0,0,81.46633924594451,91.69190418430682,0.0,0.0,1.0,0.0
2023_06_PHI_NYJ,2023,REG,6,2023-10-15,Sunday,16:25,PHI,14.0,NYJ,20.0,Home,6.0,34.0,0.0,2023101511,59263.0,,202310150nyj,,401547480,,7,7,-305.0,245.0,-6.5,-115.0,-105.0,43.0,-105.0,-115.0,0,outdoors,fieldturf,59.0,11.0,00-0036389,00-0037013,Jalen Hurts,Zach Wilson,Nick Sirianni,Robert Saleh,Scott Novak,NYC01,MetLife Stadium,0,18.6,21.0,0.2,17.652635492399206,1.0,0.0,28.2,20.8,0.2,27.036308206634747,5.0,0.0,0,73.1029541446208,91.8093569437963,1.0,0.0,2.0,0.0
2023_06_DET_TB,2023,REG,6,2023-10-15,Sunday,16:25,DET,20.0,TB,6.0,Home,-14.0,26.0,0.0,2023101508,59260.0,,202310150tam,,401547478,,7,14,-162.0,136.0,-3.0,-115.0,-105.0,43.5,-112.0,-108.0,0,outdoors,grass,77.0,13.0,00-0033106,00-0034855,Jared Goff,Baker Mayfield,Dan Campbell,Todd Bowles,Clay Martin,TAM00,Raymond James Stadium,0,19.6,19.8,1.2,17.880472763246264,1.0,0.0,29.6,21.4,0.2,31.89877455184835,3.0,0.0,7,90.02319947209654,104.20670995670996,0.0,0.0,2.0,0.0
2023_06_NYG_BUF,2023,REG,6,2023-10-15,Sunday,20:20,NYG,9.0,BUF,14.0,Home,5.0,23.0,0.0,2023101512,59264.0,,202310150buf,,401547481,,7,7,750.0,-1200.0,15.5,-110.0,-110.0,43.5,-110.0,-110.0,0,outdoors,a_turf,46.0,7.0,00-0028118,00-0034857,Tyrod Taylor,Josh Allen,Brian Daboll,Sean McDermott,Tra Blake,BUF00,New Era Field,0,31.8,16.0,1.2,32.64961057201225,-1.0,0.0,12.4,30.6,-1.0,11.275703830356981,-3.0,1.0,0,105.49248104812129,72.83333333333334,0.0,0.0,3.0,1.0
2023_06_DAL_LAC,2023,REG,6,2023-10-16,Monday,20:15,DAL,20.0,LAC,17.0,Home,-3.0,37.0,0.0,2023101600,59265.0,,202310160sdg,,401547482,,8,15,-130.0,110.0,-1.5,-112.0,-108.0,49.5,-108.0,-112.0,0,dome,matrixturf,,,00-0033077,00-0036355,Dak Prescott,Justin Herbert,Mike McCarthy,Brandon Staley,Land Clark,LAX01,SoFi Stadium,1,28.0,27.0,1.6,27.167434070813545,2.0,0.0,26.8,16.6,1.2,27.922164579791865,-1.0,0.0,7,96.94514359663299,84.4517758857929,1.0,0.0,1.0,0.0
2023_07_JAX_NO,2023,REG,7,2023-10-19,Thursday,20:15,JAX,31.0,NO,24.0,Home,-7.0,55.0,0.0,2023101900,59266.0,,202310190nor,,401547483,,4,4,124.0,-148.0,2.5,-108.0,-112.0,41.0,-110.0,-110.0,0,dome,sportturf,,,00-0036971,00-0031280,Trevor Lawrence,Derek Carr,Doug Pederson,Dennis Allen,Land Clark,NOR00,Mercedes-Benz Superdome,1,18.6,16.2,0.4,18.689178145867487,-1.0,0.0,22.2,20.2,0.8,23.742837876659856,3.0,0.0,0,87.24721644721646,90.77571321321321,3.0,0.0,3.0,0.0
2023_07_DET_BAL,2023,REG,7,2023-10-22,Sunday,13:00,DET,6.0,BAL,38.0,Home,32.0,44.0,0.0,2023102200,59267.0,,202310220rav,,401547489,,7,7,136.0,-162.0,3.0,-105.0,-115.0,43.5,-108.0,-112.0,0,outdoors,grass,62.0,16.0,00-0033106,00-0034796,Jared Goff,Lamar Jackson,Dan Campbell,John Harbaugh,Brad Rogers,BAL00,M&T Bank Stadium,0,21.6,16.4,-0.8,24.010633238963106,1.0,0.0,29.4,18.6,0.4,32.489273895644146,4.0,0.0,0,99.51710226200888,106.88149350649351,1.0,0.0,2.0,0.0
2023_07_LV_CHI,2023,REG,7,2023-10-22,Sunday,13:00,LV,12.0,CHI,30.0,Home,18.0,42.0,0.0,2023102201,59268.0,,202310220chi,,401547490,,7,7,-142.0,120.0,-2.5,-110.0,-110.0,38.5,-110.0,-110.0,0,outdoors,grass,52.0,8.0,00-0026625,00-0038416,Brian Hoyer,Tyson Bagent,Josh McDaniels,Matt Eberflus,Clay Martin,CHI98,Soldier Field,0,21.6,27.6,-0.8,18.82315074906367,-1.0,1.0,16.6,23.0,-1.2,15.59721975546374,2.0,1.0,0,56.54761904761906,115.72222222222221,3.0,1.0,3.0,0.0
2023_07_CLE_IND,2023,REG,7,2023-10-22,Sunday,13:00,CLE,39.0,IND,38.0,Home,-1.0,77.0,0.0,2023102202,59269.0,,202310220clt,,401547484,,7,7,-180.0,150.0,-3.5,-108.0,-112.0,40.0,-110.0,-110.0,0,open,fieldturf,,,00-0033537,00-0035289,Deshaun Watson,Gardner Minshew,Kevin Stefanski,Shane Steichen,Shawn Smith,IND00,Lucas Oil Stadium,0,23.8,24.2,0.2,25.120989971647592,-1.0,1.0,19.0,15.4,-1.6,24.002675451826153,1.0,1.0,0,81.43024185958969,93.48357860211308,1.0,0.0,0.0,0.0
2023_07_BUF_NE,2023,REG,7,2023-10-22,Sunday,13:00,BUF,25.0,NE,29.0,Home,4.0,54.0,0.0,2023102203,59270.0,,202310220nwe,,401547485,,7,7,-395.0,310.0,-7.5,-110.0,-110.0,41.0,-110.0,-110.0,1,outdoors,fieldturf,55.0,13.0,00-0034857,00-0036972,Josh Allen,Mac Jones,Sean McDermott,Bill Belichick,Clete Blakeman,BOS00,Gillette Stadium,0,10.4,25.4,-1.4,11.912419946669095,-3.0,0.0,31.4,13.4,1.4,29.06788197642291,1.0,0.0,0,63.154637508085784,110.29532657657657,0.0,0.0,1.0,0.0
2023_07_WAS_NYG,2023,REG,7,2023-10-22,Sunday,13:00,WAS,7.0,NYG,14.0,Home,7.0,21.0,0.0,2023102204,59271.0,,202310220nyg,,401547486,,7,7,-162.0,136.0,-3.0,-108.0,-112.0,37.0,-112.0,-108.0,1,outdoors,fieldturf,54.0,14.0,00-0037077,00-0028118,Sam Howell,Tyrod Taylor,Ron Rivera,Brian Daboll,John Hussey,NYC01,MetLife Stadium,0,14.2,25.4,0.0,13.476743225380039,-4.0,1.0,22.6,32.0,-0.2,20.684110547593466,1.0,0.0,0,87.87962962962963,93.57073470493536,2.0,0.0,0.0,0.0
2023_07_ATL_TB,2023,REG,7,2023-10-22,Sunday,13:00,ATL,16.0,TB,13.0,Home,-3.0,29.0,0.0,2023102205,59272.0,,202310220tam,,401547491,,7,7,124.0,-148.0,3.0,-115.0,-105.0,37.5,-115.0,-105.0,1,outdoors,grass,79.0,3.0,00-0038122,00-0034855,Desmond Ridder,Baker Mayfield,Arthur Smith,Todd Bowles,Ron Torbert,TAM00,Raymond James Stadium,0,18.0,17.6,1.2,17.227968482193866,-1.0,0.0,15.0,22.0,-1.8,13.86320431600434,-1.0,0.0,0,91.12940182829888,78.08668054625355,0.0,0.0,0.0,0.0
2023_07_PIT_LA,2023,REG,7,2023-10-22,Sunday,16:05,PIT,24.0,LA,17.0,Home,-7.0,41.0,0.0,2023102206,59273.0,,202310220ram,,401547492,,14,7,145.0,-175.0,3.5,-118.0,-102.0,44.0,-112.0,-108.0,0,dome,matrixturf,,,00-0038102,00-0026498,Kenny Pickett,Matthew Stafford,Mike Tomlin,Sean McVay,Craig Wrolstad,LAX01,SoFi Stadium,1,21.6,20.8,0.2,20.63858153196829,1.0,0.0,15.8,22.0,1.4,16.962306948776007,1.0,0.0,-7,84.65712871962873,79.23688750862665,1.0,0.0,1.0,0.0
2023_07_ARI_SEA,2023,REG,7,2023-10-22,Sunday,16:05,ARI,10.0,SEA,20.0,Home,10.0,30.0,0.0,2023102207,59274.0,,202310220sea,,401547493,,7,7,350.0,-455.0,9.5,-112.0,-108.0,43.5,-110.0,-110.0,1,outdoors,fieldturf,56.0,5.0,00-0033949,00-0030565,Joshua Dobbs,Geno Smith,Jonathan Gannon,Pete Carroll,Scott Novak,SEA00,Lumen Field,0,24.8,21.6,0.8,24.06258446272057,-1.0,0.0,20.2,28.4,-0.6,22.23553480298749,-3.0,0.0,0,90.65257800013897,87.63905865585153,0.0,0.0,3.0,0.0
2023_07_GB_DEN,2023,REG,7,2023-10-22,Sunday,16:25,GB,17.0,DEN,19.0,Home,2.0,36.0,0.0,2023102208,59275.0,,202310220den,,401547487,,13,10,-102.0,-118.0,1.5,-112.0,-108.0,44.0,-110.0,-110.0,0,outdoors,grass,72.0,9.0,00-0036264,00-0029263,Jordan Love,Russell Wilson,Matt LaFleur,Sean Payton,Alex Kemp,DEN00,Empower Field at Mile High,0,22.6,36.6,-1.2,22.468479239199237,-2.0,0.0,22.6,22.6,-0.2,24.30875468164794,-2.0,0.0,-3,94.98850682424536,81.04750280583613,1.0,0.0,1.0,0.0
2023_07_LAC_KC,2023,REG,7,2023-10-22,Sunday,16:25,LAC,17.0,KC,31.0,Home,14.0,48.0,0.0,2023102209,59276.0,,202310220kan,,401547488,,6,10,215.0,-265.0,5.5,-105.0,-115.0,48.5,-108.0,-112.0,1,outdoors,grass,72.0,10.0,00-0036355,00-0033873,Justin Herbert,Patrick Mahomes,Brandon Staley,Andy Reid,Tra Blake,KAN00,GEHA Field at Arrowhead Stadium,0,25.4,13.4,0.4,21.439821929426778,5.0,0.0,25.4,24.8,0.6,24.434822607813484,-1.0,0.0,4,98.6700849963045,96.78800971856887,0.0,0.0,1.0,0.0
2023_07_MIA_PHI,2023,REG,7,2023-10-22,Sunday,20:20,MIA,17.0,PHI,31.0,Home,14.0,48.0,0.0,2023102210,59277.0,,202310220phi,,401547494,,7,7,130.0,-155.0,3.0,-112.0,-108.0,52.0,-110.0,-110.0,0,outdoors,grass,55.0,17.0,00-0036212,00-0036389,Tua Tagovailoa,Jalen Hurts,Mike McDaniel,Nick Sirianni,Brad Allen,PHI00,Lincoln Financial Field,0,26.0,20.8,-0.8,25.623137145322275,-1.0,0.0,37.4,24.4,-0.4,30.69705689018813,2.0,0.0,0,85.86659600103536,113.44276064437354,1.0,0.0,0.0,0.0
2023_07_SF_MIN,2023,REG,7,2023-10-23,Monday,20:15,SF,17.0,MIN,22.0,Home,5.0,39.0,0.0,2023102300,59278.0,,202310230min,,401547495,,8,8,-325.0,260.0,-7.0,-105.0,-115.0,44.5,-110.0,-110.0,0,dome,sportturf,,,00-0037834,00-0029604,Brock Purdy,Kirk Cousins,Kyle Shanahan,Kevin O'Connell,Carl Cheffers,MIN01,U.S. Bank Stadium,1,22.4,23.0,-0.4,21.330788032665744,1.0,0.0,30.8,16.0,1.4,33.06576291280386,-1.0,0.0,0,98.08313388919358,107.75848705848708,1.0,0.0,2.0,0.0
2023_08_TB_BUF,2023,REG,8,2023-10-26,Thursday,20:15,TB,18.0,BUF,24.0,Home,6.0,42.0,0.0,2023102600,59279.0,,202310260buf,,401547496,,4,4,370.0,-485.0,10.0,-112.0,-108.0,43.0,-110.0,-110.0,0,outdoors,a_turf,66.0,10.0,00-0034855,00-0034857,Baker Mayfield,Josh Allen,Todd Bowles,Sean McDermott,Scott Novak,BUF00,New Era Field,0,28.8,17.2,0.6,26.40130234933605,-1.0,0.0,16.6,17.4,0.8,16.88996229375443,-2.0,0.0,0,103.38338414634146,88.44732899916724,1.0,0.0,1.0,0.0
2023_08_HOU_CAR,2023,REG,8,2023-10-29,Sunday,13:00,HOU,13.0,CAR,15.0,Home,2.0,28.0,0.0,2023102900,59280.0,,202310290car,,401547504,,14,14,-162.0,136.0,-3.0,-118.0,-102.0,43.0,-110.0,-110.0,0,outdoors,grass,77.0,14.0,00-0039163,00-0039150,C.J. Stroud,Bryce Young,DeMeco Ryans,Frank Reich,John Hussey,CAR00,Bank of America Stadium,0,20.4,32.4,0.0,21.0599054084588,-6.0,0.0,25.2,17.6,0.8,26.450375402029987,1.0,0.0,0,79.24636691043943,100.90934931892379,1.0,0.0,2.0,0.0
2023_08_LA_DAL,2023,REG,8,2023-10-29,Sunday,13:00,LA,20.0,DAL,43.0,Home,23.0,63.0,0.0,2023102901,59281.0,,202310290dal,,401547505,,7,13,250.0,-310.0,6.5,-105.0,-115.0,44.5,-110.0,-110.0,0,closed,matrixturf,,,00-0026498,00-0033077,Matthew Stafford,Dak Prescott,Sean McVay,Mike McCarthy,Adrian Hill,DAL00,AT&T Stadium,1,22.8,20.0,1.0,23.156537971869692,1.0,0.0,20.4,19.6,0.4,18.73133050150726,-1.0,0.0,6,91.90316477468181,85.62996048556394,0.0,0.0,0.0,0.0
2023_08_MIN_GB,2023,REG,8,2023-10-29,Sunday,13:00,MIN,24.0,GB,10.0,Home,-14.0,34.0,0.0,2023102902,59282.0,,202310290gnb,,401547506,,6,7,-112.0,-108.0,-1.0,-108.0,-112.0,41.5,-108.0,-112.0,1,outdoors,grass,39.0,8.0,00-0029604,00-0036264,Kirk Cousins,Jordan Love,Kevin O'Connell,Matt LaFleur,Shawn Hochuli,GNB00,Lambeau Field,0,18.4,22.4,-0.8,18.891598569969354,-3.0,0.0,21.2,19.6,0.2,20.46414337846922,2.0,0.0,1,74.56104322797871,94.41394197000164,0.0,0.0,0.0,0.0
2023_08_NO_IND,2023,REG,8,2023-10-29,Sunday,13:00,NO,38.0,IND,27.0,Home,-11.0,65.0,0.0,2023102903,59283.0,,202310290clt,,401547507,,10,7,-130.0,110.0,-2.0,-110.0,-110.0,43.5,-110.0,-110.0,0,closed,fieldturf,,,00-0031280,00-0035289,Derek Carr,Gardner Minshew,Dennis Allen,Shane Steichen,Craig Wrolstad,IND00,Lucas Oil Stadium,1,25.2,28.0,-0.4,29.584827372748713,-2.0,0.0,19.4,19.0,0.2,19.738871596315413,-2.0,0.0,-3,97.3903867871259,88.81960701960702,2.0,0.0,1.0,0.0
2023_08_NE_MIA,2023,REG,8,2023-10-29,Sunday,13:00,NE,17.0,MIA,31.0,Home,14.0,48.0,0.0,2023102904,59284.0,,202310290mia,,401547497,,7,7,300.0,-380.0,7.5,-110.0,-110.0,46.5,-110.0,-110.0,1,outdoors,grass,83.0,17.0,00-0036972,00-0036212,Mac Jones,Tua Tagovailoa,Bill Belichick,Mike McDaniel,Land Clark,MIA00,Hard Rock Stadium,0,36.0,27.2,-0.4,30.84825919421663,-1.0,0.0,12.8,25.6,-1.0,16.540251459131465,1.0,0.0,0,112.4983161999291,71.5832089366572,0.0,0.0,0.0,0.0
2023_08_NYJ_NYG,2023,REG,8,2023-10-29,Sunday,13:00,NYJ,13.0,NYG,10.0,Home,-3.0,23.0,1.0,2023102905,59285.0,,202310290nyg,,401547498,,14,7,-162.0,136.0,-3.0,-115.0,-105.0,35.0,-112.0,-108.0,0,outdoors,fieldturf,52.0,6.0,00-0037013,00-0028118,Zach Wilson,Tyrod Taylor,Robert Saleh,Brian Daboll,Shawn Smith,NYC01,MetLife Stadium,0,10.8,21.2,0.4,9.61940196008932,1.0,0.0,18.2,20.6,0.4,17.842778314216602,2.0,0.0,-7,82.1727330779055,71.52286756453424,2.0,1.0,1.0,0.0
2023_08_JAX_PIT,2023,REG,8,2023-10-29,Sunday,13:00,JAX,20.0,PIT,10.0,Home,-10.0,30.0,0.0,2023102906,59286.0,,202310290pit,,401547499,,10,7,-135.0,114.0,-2.5,-110.0,-110.0,41.0,-110.0,-110.0,0,outdoors,grass,58.0,2.0,00-0036971,00-0038102,Trevor Lawrence,Kenny Pickett,Doug Pederson,Mike Tomlin,Alan Eck,PIT00,Acrisure Stadium,0,19.2,19.4,1.8,20.971247256210198,2.0,0.0,26.6,21.6,1.0,30.04174859550562,4.0,0.0,-3,84.97601794340925,97.09755229367299,0.0,0.0,1.0,0.0
2023_08_ATL_TEN,2023,REG,8,2023-10-29,Sunday,13:00,ATL,23.0,TEN,28.0,Home,5.0,51.0,0.0,2023102907,59287.0,,202310290oti,,401547500,,7,14,-130.0,110.0,-2.5,-110.0,-110.0,35.0,-110.0,-110.0,0,outdoors,grass,77.0,7.0,00-0038122,00-0039152,Desmond Ridder,Will Levis,Arthur Smith,Mike Vrabel,Clay Martin,NAS00,Nissan Stadium,0,17.8,20.2,0.2,20.06299900199601,-2.0,1.0,13.2,19.8,-1.8,12.219619174801988,1.0,0.0,7,,83.53980554625356,2.0,1.0,0.0,0.0
2023_08_PHI_WAS,2023,REG,8,2023-10-29,Sunday,13:00,PHI,38.0,WAS,31.0,Home,-7.0,69.0,0.0,2023102908,59288.0,,202310290was,,401547508,,7,7,-305.0,245.0,-7.0,-110.0,-110.0,42.5,-110.0,-110.0,1,outdoors,grass,69.0,4.0,00-0036389,00-0037077,Jalen Hurts,Sam Howell,Nick Sirianni,Ron Rivera,Carl Cheffers,WAS00,FedExField,0,17.0,28.2,-0.8,15.841265481885266,-1.0,0.0,25.4,18.6,-1.2,25.341414966053918,1.0,0.0,0,83.91108879528944,88.16030801599564,2.0,0.0,0.0,0.0
2023_08_CLE_SEA,2023,REG,8,2023-10-29,Sunday,16:05,CLE,20.0,SEA,24.0,Home,4.0,44.0,0.0,2023102909,59289.0,,202310290sea,,401547509,,7,7,164.0,-198.0,4.0,-110.0,-110.0,39.5,-112.0,-108.0,0,outdoors,fieldturf,47.0,3.0,00-0033275,00-0030565,Phillip Walker,Geno Smith,Kevin Stefanski,Pete Carroll,Bill Vinovich,SEA00,Lumen Field,0,26.2,17.6,0.6,23.862897562522647,1.0,0.0,22.0,22.4,-0.8,25.667932839632275,2.0,1.0,0,96.42982158988256,51.85083061002179,0.0,0.0,1.0,0.0
2023_08_BAL_ARI,2023,REG,8,2023-10-29,Sunday,16:25,BAL,31.0,ARI,24.0,Home,-7.0,55.0,0.0,2023102910,59290.0,,202310290crd,,401547501,,7,7,-500.0,380.0,-9.5,-110.0,-110.0,44.5,-110.0,-110.0,0,closed,grass,,,00-0034796,00-0033949,Lamar Jackson,Joshua Dobbs,John Harbaugh,Jonathan Gannon,Tra Blake,PHO00,State Farm Stadium,1,16.6,26.2,-0.6,19.24831431834437,-4.0,0.0,23.8,12.8,-1.0,26.30084077266431,2.0,0.0,0,81.35199446556155,108.11137835628497,2.0,0.0,1.0,0.0
2023_08_KC_DEN,2023,REG,8,2023-10-29,Sunday,16:25,KC,9.0,DEN,24.0,Home,15.0,33.0,0.0,2023102911,59291.0,,202310290den,,401547502,,7,7,-340.0,270.0,-7.0,-102.0,-118.0,45.5,-110.0,-110.0,1,outdoors,grass,26.0,7.0,00-0033873,00-0029263,Patrick Mahomes,Russell Wilson,Andy Reid,Sean Payton,Brad Allen,DEN00,Empower Field at Mile High,0,19.8,33.0,-0.6,19.34420682516232,1.0,0.0,28.2,15.0,0.4,22.879864272568767,6.0,0.0,0,93.31465624953272,104.93895839932425,0.0,0.0,1.0,0.0
2023_08_CIN_SF,2023,REG,8,2023-10-29,Sunday,16:25,CIN,31.0,SF,17.0,Home,-14.0,48.0,0.0,2023102912,59292.0,,202310290sfo,,401547503,,14,6,170.0,-205.0,4.0,-105.0,-115.0,44.0,-110.0,-110.0,0,outdoors,grass,74.0,10.0,00-0036442,00-0037834,Joe Burrow,Brock Purdy,Zac Taylor,Kyle Shanahan,Ron Torbert,SFO01,Levi's Stadium,0,28.2,15.8,0.6,29.489602840199744,-2.0,0.0,19.4,20.6,0.6,18.953414768088333,2.0,0.0,-8,105.44737594737595,84.49027083438537,1.0,0.0,0.0,0.0
2023_08_CHI_LAC,2023,REG,8,2023-10-29,Sunday,20:20,CHI,13.0,LAC,30.0,Home,17.0,43.0,0.0,2023102913,59293.0,,202310290sdg,,401547510,,7,7,340.0,-440.0,9.5,-108.0,-112.0,46.0,-112.0,-108.0,0,dome,matrixturf,,,00-0038416,00-0036355,Tyson Bagent,Justin Herbert,Matt Eberflus,Brandon Staley,Brad Rogers,LAX01,SoFi Stadium,1,22.0,23.8,0.2,23.308216687395912,-2.0,0.0,24.2,24.6,0.2,21.186988284992594,1.0,1.0,0,90.6743733549325,76.87294745484401,0.0,0.0,2.0,0.0
2023_08_LV_DET,2023,REG,8,2023-10-30,Monday,20:15,LV,14.0,DET,26.0,Home,12.0,40.0,0.0,2023103000,59294.0,,202310300det,,401547511,,8,8,270.0,-340.0,7.0,-110.0,-110.0,46.0,-110.0,-110.0,0,dome,fieldturf,,,00-0031345,00-0033106,Jimmy Garoppolo,Jared Goff,Josh McDaniels,Dan Campbell,Clete Blakeman,DET00,Ford Field,1,24.4,18.8,1.0,28.946525941837407,-1.0,0.0,17.0,21.4,-1.2,15.40899981062997,-1.0,0.0,0,96.21145756758965,83.56271304860016,3.0,0.0,1.0,0.0
2023_09_TEN_PIT,2023,REG,9,2023-11-02,Thursday,20:15,TEN,16.0,PIT,20.0,Home,4.0,36.0,0.0,2023110200,59295.0,,202311020pit,,401547512,,4,4,145.0,-175.0,3.5,-120.0,100.0,37.0,-108.0,-112.0,0,outdoors,grass,40.0,5.0,00-0039152,00-0038102,Will Levis,Kenny Pickett,Mike Vrabel,Mike Tomlin,John Hussey,PIT00,Acrisure Stadium,0,16.0,19.0,1.6,16.019702765160567,-1.0,0.0,18.0,20.0,0.2,20.786301440683808,1.0,1.0,0,85.2503234989648,130.45977011494253,1.0,0.0,2.0,0.0
2023_09_MIA_KC,2023,REG,9,2023-11-05,Sunday,09:30,MIA,14.0,KC,21.0,Neutral,7.0,35.0,0.0,2023110500,59296.0,,202311050kan,,401547230,,7,7,-105.0,-115.0,1.0,-112.0,-108.0,51.0,-108.0,-112.0,0,outdoors,grass,,,00-0036212,00-0033873,Tua Tagovailoa,Patrick Mahomes,Mike McDaniel,Andy Reid,Clay Martin,FRA00,Deutsche Bank Park,0,21.8,17.8,0.0,17.815254109822927,-1.0,0.0,28.2,26.6,-1.2,25.31698812990121,1.0,0.0,0,91.29196212074902,101.46484041645331,0.0,0.0,1.0,0.0
2023_09_MIN_ATL,2023,REG,9,2023-11-05,Sunday,13:00,MIN,31.0,ATL,28.0,Home,-3.0,59.0,0.0,2023110501,59297.0,,202311050atl,,401547518,,7,7,160.0,-192.0,3.5,-108.0,-112.0,38.5,-112.0,-108.0,0,open,fieldturf,,,00-0038598,00-0031800,Jaren Hall,Taylor Heinicke,Kevin O'Connell,Arthur Smith,Shawn Smith,ATL97,Mercedes-Benz Stadium,0,16.6,21.4,-1.8,15.861132103271926,-1.0,1.0,21.2,16.0,0.4,21.30164390819305,3.0,1.0,0,100.58624215766682,88.54166666666666,1.0,0.0,0.0,0.0
2023_09_SEA_BAL,2023,REG,9,2023-11-05,Sunday,13:00,SEA,3.0,BAL,37.0,Home,34.0,40.0,0.0,2023110502,59298.0,,202311050rav,,401547513,,7,7,220.0,-270.0,6.0,-110.0,-110.0,44.5,-112.0,-108.0,0,outdoors,grass,70.0,6.0,00-0030565,00-0034796,Geno Smith,Lamar Jackson,Pete Carroll,John Harbaugh,Shawn Hochuli,BAL00,M&T Bank Stadium,0,26.2,13.2,-0.2,29.53093111529749,3.0,0.0,23.6,15.4,0.2,21.086694193571326,2.0,0.0,0,109.27923976608186,88.77463591640421,1.0,0.0,0.0,0.0
2023_09_ARI_CLE,2023,REG,9,2023-11-05,Sunday,13:00,ARI,0.0,CLE,27.0,Home,27.0,27.0,0.0,2023110503,59299.0,,202311050cle,,401547514,,7,7,525.0,-750.0,13.0,-112.0,-108.0,38.0,-110.0,-110.0,0,outdoors,grass,56.0,7.0,00-0038582,00-0033537,Clayton Tune,Deshaun Watson,Jonathan Gannon,Kevin Stefanski,Carl Cheffers,CLE00,FirstEnergy Stadium,0,21.6,22.0,-0.6,24.943561728820566,-1.0,1.0,15.8,29.2,-1.2,18.510733309245186,-5.0,1.0,0,68.99283786137235,83.33333333333334,1.0,0.0,0.0,0.0
2023_09_LA_GB,2023,REG,9,2023-11-05,Sunday,13:00,LA,3.0,GB,20.0,Home,17.0,23.0,0.0,2023110504,59300.0,,202311050gnb,,401547519,,7,7,160.0,-198.0,3.5,-108.0,-112.0,38.0,-112.0,-108.0,0,outdoors,grass,51.0,8.0,00-0034955,00-0036264,Brett Rypien,Jordan Love,Sean McVay,Matt LaFleur,Clete Blakeman,GNB00,Lambeau Field,0,15.6,22.2,-1.0,15.619210196031553,-4.0,0.0,21.2,24.4,0.6,19.4975958899096,-2.0,1.0,0,66.28177493529577,59.40405518394648,0.0,0.0,1.0,0.0
2023_09_TB_HOU,2023,REG,9,2023-11-05,Sunday,13:00,TB,37.0,HOU,39.0,Home,2.0,76.0,0.0,2023110505,59301.0,,202311050htx,,401547515,,10,7,124.0,-148.0,2.5,100.0,-120.0,39.5,-110.0,-110.0,0,closed,astroturf,,,00-0034855,00-0039163,Baker Mayfield,C.J. Stroud,Todd Bowles,DeMeco Ryans,Land Clark,HOU00,NRG Stadium,1,23.8,14.4,0.8,24.888388212650852,-1.0,0.0,14.8,18.8,0.6,17.66908865239803,-3.0,0.0,-3,96.5978835978836,83.76945785070785,1.0,0.0,2.0,0.0
2023_09_WAS_NE,2023,REG,9,2023-11-05,Sunday,13:00,WAS,20.0,NE,17.0,Home,-3.0,37.0,0.0,2023110506,59302.0,,202311050nwe,,401547520,,7,7,130.0,-155.0,2.5,100.0,-120.0,40.5,-110.0,-110.0,0,outdoors,fieldturf,62.0,6.0,00-0037077,00-0036972,Sam Howell,Mac Jones,Ron Rivera,Bill Belichick,Adrian Hill,BOS00,Gillette Stadium,0,13.2,29.8,-0.8,15.725670246053191,-1.0,0.0,22.6,28.4,0.2,21.778321173831348,-2.0,0.0,0,72.15792158033537,98.41097827362721,1.0,0.0,1.0,0.0
2023_09_CHI_NO,2023,REG,9,2023-11-05,Sunday,13:00,CHI,17.0,NO,24.0,Home,7.0,41.0,0.0,2023110507,59303.0,,202311050nor,,401547516,,7,7,340.0,-440.0,9.0,-108.0,-112.0,42.0,-110.0,-110.0,0,dome,sportturf,,,00-0038416,00-0031280,Tyson Bagent,Derek Carr,Matt Eberflus,Dennis Allen,Ron Torbert,NOR00,Mercedes-Benz Superdome,1,23.6,20.8,0.0,22.47350882012998,1.0,0.0,24.8,22.4,0.0,21.251023000460346,-1.0,0.0,0,94.54491566158234,71.91304605097709,0.0,0.0,4.0,0.0
2023_09_IND_CAR,2023,REG,9,2023-11-05,Sunday,16:05,IND,27.0,CAR,13.0,Home,-14.0,40.0,0.0,2023110508,59304.0,,202311050car,,401547517,,7,7,-130.0,110.0,-1.5,-108.0,-112.0,45.0,-110.0,-110.0,0,outdoors,grass,75.0,2.0,00-0035289,00-0039150,Gardner Minshew,Bryce Young,Shane Steichen,Frank Reich,Bill Vinovich,CAR00,Bank of America Stadium,0,20.0,31.0,0.2,19.74456372279406,1.0,0.0,26.2,31.8,-0.8,31.08192539656312,-3.0,0.0,0,90.19996057201273,90.27789120564837,1.0,0.0,2.0,0.0
2023_09_NYG_LV,2023,REG,9,2023-11-05,Sunday,16:25,NYG,6.0,LV,30.0,Home,24.0,36.0,0.0,2023110509,59305.0,,202311050rai,,401547521,,7,6,-102.0,-118.0,1.0,-110.0,-110.0,38.5,-112.0,-108.0,0,dome,grass,,,00-0035710,00-0038579,Daniel Jones,Aidan O'Connell,Brian Daboll,Antonio Pierce,Alan Eck,VEG00,Allegiant Stadium,1,16.2,22.0,-0.2,14.566960611536533,-2.0,1.0,10.4,17.8,1.0,9.161970411400727,-1.0,1.0,-1,75.96153846153845,70.48462577598607,1.0,0.0,1.0,0.0
2023_09_DAL_PHI,2023,REG,9,2023-11-05,Sunday,16:25,DAL,23.0,PHI,28.0,Home,5.0,51.0,0.0,2023110510,59306.0,,202311050phi,,401547522,,7,7,145.0,-175.0,3.5,-118.0,-102.0,46.5,-110.0,-110.0,1,outdoors,grass,64.0,6.0,00-0033077,00-0036389,Dak Prescott,Jalen Hurts,Mike McCarthy,Nick Sirianni,Tra Blake,PHI00,Lincoln Financial Field,0,28.0,22.6,-1.4,26.89021535580524,2.0,0.0,25.4,22.0,0.2,25.386267027940733,2.0,0.0,0,100.99636775995012,96.20282521610795,1.0,0.0,0.0,0.0
2023_09_BUF_CIN,2023,REG,9,2023-11-05,Sunday,20:20,BUF,18.0,CIN,24.0,Home,6.0,42.0,0.0,2023110511,59307.0,,202311050cin,,401547523,,10,7,105.0,-125.0,1.5,-108.0,-112.0,51.0,-110.0,-110.0,0,outdoors,fieldturf,51.0,5.0,00-0034857,00-0036442,Josh Allen,Joe Burrow,Sean McDermott,Zac Taylor,Alex Kemp,CIN00,Paycor Stadium,0,20.8,18.6,1.2,20.53434627170582,3.0,0.0,26.2,20.2,-0.4,25.2044233198706,1.0,0.0,-3,94.31941209454797,108.72713414634147,0.0,0.0,0.0,0.0
2023_09_LAC_NYJ,2023,REG,9,2023-11-06,Monday,20:15,LAC,27.0,NYJ,6.0,Home,-21.0,33.0,0.0,2023110600,59308.0,,202311060nyj,,401547524,,8,8,-170.0,142.0,-3.0,-118.0,-102.0,41.0,-110.0,-110.0,0,outdoors,fieldturf,48.0,4.0,00-0036355,00-0037013,Justin Herbert,Zach Wilson,Brandon Staley,Robert Saleh,Craig Wrolstad,NYC01,MetLife Stadium,0,18.8,16.6,0.8,17.403700036839197,3.0,0.0,23.2,21.0,0.4,23.520489984467346,1.0,0.0,0,79.59385521885523,94.37254408663983,1.0,0.0,1.0,0.0
2023_10_CAR_CHI,2023,REG,10,2023-11-09,Thursday,20:15,CAR,13.0,CHI,16.0,Home,3.0,29.0,0.0,2023110900,59309.0,,202311090chi,,401547525,,4,4,150.0,-180.0,3.0,100.0,-120.0,38.0,-105.0,-115.0,0,outdoors,grass,51.0,8.0,00-0039150,00-0038416,Bryce Young,Tyson Bagent,Frank Reich,Matt Eberflus,Clete Blakeman,CHI98,Soldier Field,0,22.6,21.0,-0.6,21.778321173831348,-2.0,0.0,17.2,29.0,-0.8,16.001228643355606,-1.0,0.0,0,70.25422898267726,82.4571478292,3.0,0.0,3.0,0.0
2023_10_IND_NE,2023,REG,10,2023-11-12,Sunday,09:30,IND,10.0,NE,6.0,Neutral,-4.0,16.0,0.0,2023111200,59310.0,,202311120nwe,,401547231,,7,7,-118.0,-102.0,-1.0,-110.0,-110.0,42.0,-110.0,-110.0,0,outdoors,grass,,,00-0035289,00-0036972,Gardner Minshew,Mac Jones,Shane Steichen,Bill Belichick,Tra Blake,FRA00,Deutsche Bank Park,0,16.0,26.2,0.0,16.578187815689102,-2.0,0.0,27.0,28.6,0.0,29.37717168929012,1.0,0.0,0,77.47718564959945,91.76827582103297,2.0,0.0,1.0,0.0
2023_10_CLE_BAL,2023,REG,10,2023-11-12,Sunday,13:00,CLE,33.0,BAL,31.0,Home,-2.0,64.0,0.0,2023111201,59311.0,,202311120rav,,401547531,,7,7,210.0,-258.0,6.0,-112.0,-108.0,38.5,-108.0,-112.0,1,outdoors,grass,49.0,4.0,00-0033537,00-0034796,Deshaun Watson,Lamar Jackson,Kevin Stefanski,John Harbaugh,Land Clark,BAL00,M&T Bank Stadium,0,28.0,13.2,-0.6,31.124894939396615,4.0,0.0,21.6,21.4,0.2,23.057470104713154,1.0,0.0,0,100.09739091318038,73.69686084987809,0.0,0.0,1.0,0.0
2023_10_HOU_CIN,2023,REG,10,2023-11-12,Sunday,13:00,HOU,30.0,CIN,27.0,Home,-3.0,57.0,0.0,2023111202,59312.0,,202311120cin,,401547526,,7,7,205.0,-250.0,5.5,-110.0,-110.0,46.0,-110.0,-110.0,0,outdoors,fieldturf,56.0,6.0,00-0039163,00-0036442,C.J. Stroud,Joe Burrow,DeMeco Ryans,Zac Taylor,Carl Cheffers,CIN00,Paycor Stadium,0,21.8,19.0,1.4,21.749718356691947,4.0,0.0,24.2,18.4,0.4,26.129268535029105,1.0,0.0,0,104.13542941056528,102.41137566137563,2.0,0.0,3.0,0.0
2023_10_SF_JAX,2023,REG,10,2023-11-12,Sunday,13:00,SF,34.0,JAX,3.0,Home,-31.0,37.0,0.0,2023111203,59313.0,,202311120jax,,401547532,,14,14,-170.0,142.0,-3.0,-112.0,-108.0,44.5,-112.0,-108.0,0,outdoors,grass,59.0,11.0,00-0037834,00-0036971,Brock Purdy,Trevor Lawrence,Kyle Shanahan,Doug Pederson,Brad Allen,JAX00,TIAA Bank Stadium,0,27.2,16.2,1.2,33.031593572550435,5.0,0.0,25.6,19.6,0.0,29.44232133458432,-3.0,0.0,0,100.03505229367299,102.01450759515276,1.0,0.0,1.0,0.0
2023_10_NO_MIN,2023,REG,10,2023-11-12,Sunday,13:00,NO,19.0,MIN,27.0,Home,8.0,46.0,0.0,2023111204,59314.0,,202311120min,,401547533,,7,7,-155.0,130.0,-3.0,-105.0,-115.0,41.0,-112.0,-108.0,0,dome,sportturf,,,00-0031280,00-0033949,Derek Carr,Joshua Dobbs,Dennis Allen,Kevin O'Connell,Adrian Hill,MIN01,U.S. Bank Stadium,1,23.2,19.0,0.6,23.77661147250147,4.0,1.0,26.6,19.0,1.4,25.676708201286853,2.0,0.0,0,72.72988891052916,102.67223415654789,0.0,0.0,0.0,0.0
2023_10_GB_PIT,2023,REG,10,2023-11-12,Sunday,13:00,GB,19.0,PIT,23.0,Home,4.0,42.0,0.0,2023111205,59315.0,,202311120pit,,401547527,,7,10,140.0,-166.0,3.0,100.0,-120.0,38.5,-112.0,-108.0,0,outdoors,grass,50.0,5.0,00-0036264,00-0038102,Jordan Love,Kenny Pickett,Matt LaFleur,Mike Tomlin,Scott Novak,PIT00,Acrisure Stadium,0,15.4,18.6,1.2,16.439122204286225,1.0,0.0,16.0,19.4,-0.8,14.479346730048976,1.0,0.0,3,81.19278381642512,76.114234142755,2.0,0.0,2.0,0.0
2023_10_TEN_TB,2023,REG,10,2023-11-12,Sunday,13:00,TEN,6.0,TB,20.0,Home,14.0,26.0,0.0,2023111206,59316.0,,202311120tam,,401547528,,10,7,120.0,-142.0,2.5,-105.0,-115.0,39.5,-110.0,-110.0,0,outdoors,grass,85.0,6.0,00-0039152,00-0034855,Will Levis,Baker Mayfield,Mike Vrabel,Todd Bowles,Alan Eck,TAM00,Raymond James Stadium,0,20.0,21.6,0.6,25.379529099861124,-4.0,0.0,20.6,18.6,-0.2,23.2654143258427,-1.0,0.0,-3,93.04168007293008,98.4296713822576,1.0,0.0,4.0,0.0
2023_10_ATL_ARI,2023,REG,10,2023-11-12,Sunday,16:05,ATL,23.0,ARI,25.0,Home,2.0,48.0,0.0,2023111207,59317.0,,202311120crd,,401547529,,7,7,-130.0,110.0,-2.0,-110.0,-110.0,43.5,-108.0,-112.0,0,closed,grass,,,00-0031800,00-0035228,Taylor Heinicke,Kyler Murray,Arthur Smith,Jonathan Gannon,Craig Wrolstad,PHO00,State Farm Stadium,1,12.6,27.6,-1.8,14.033828369124393,-6.0,1.0,20.8,23.0,-1.2,21.79155114548373,-2.0,1.0,0,98.26783848335573,97.91652438497422,0.0,0.0,0.0,0.0
2023_10_DET_LAC,2023,REG,10,2023-11-12,Sunday,16:05,DET,41.0,LAC,38.0,Home,-3.0,79.0,0.0,2023111208,59318.0,,202311120sdg,,401547530,,13,6,-142.0,120.0,-2.5,-110.0,-110.0,48.5,-110.0,-110.0,0,dome,matrixturf,,,00-0033106,00-0036355,Jared Goff,Justin Herbert,Dan Campbell,Brandon Staley,Shawn Smith,LAX01,SoFi Stadium,1,23.0,17.4,0.8,25.924099834039783,2.0,0.0,25.6,20.4,0.6,29.145523740485675,1.0,0.0,-7,82.68637387387386,96.85642071255279,0.0,0.0,0.0,0.0
2023_10_NYG_DAL,2023,REG,10,2023-11-12,Sunday,16:25,NYG,17.0,DAL,49.0,Home,32.0,66.0,0.0,2023111209,59319.0,,202311120dal,,401547534,,7,7,1100.0,-2100.0,17.5,-108.0,-112.0,38.5,-108.0,-112.0,1,closed,matrixturf,,,00-0038476,00-0033077,Tommy DeVito,Dak Prescott,Brian Daboll,Mike McCarthy,Brad Rogers,DAL00,AT&T Stadium,1,26.8,22.0,0.2,27.516024004085796,-1.0,0.0,11.0,19.0,1.2,10.250230605925761,-2.0,1.0,0,103.6289615797443,58.854166666666664,0.0,0.0,2.0,0.0
2023_10_WAS_SEA,2023,REG,10,2023-11-12,Sunday,16:25,WAS,26.0,SEA,29.0,Home,3.0,55.0,0.0,2023111210,59320.0,,202311120sea,,401547535,,7,7,220.0,-270.0,6.0,-110.0,-110.0,44.0,-112.0,-108.0,0,outdoors,fieldturf,52.0,4.0,00-0037077,00-0030565,Sam Howell,Geno Smith,Ron Rivera,Pete Carroll,Alex Kemp,SEA00,Lumen Field,0,16.8,17.4,0.4,15.971158211326753,-1.0,0.0,20.4,25.0,0.0,18.256368079915948,1.0,0.0,0,81.172122688891,95.49092407308521,1.0,0.0,0.0,0.0
2023_10_NYJ_LV,2023,REG,10,2023-11-12,Sunday,20:20,NYJ,12.0,LV,16.0,Home,4.0,28.0,0.0,2023111211,59321.0,,202311120rai,,401547536,,6,7,-115.0,-105.0,-1.0,-108.0,-112.0,35.5,-112.0,-108.0,0,dome,grass,,,00-0037013,00-0038579,Zach Wilson,Aidan O'Connell,Robert Saleh,Antonio Pierce,Shawn Hochuli,VEG00,Allegiant Stadium,1,18.8,18.4,0.6,18.69059334942238,1.0,0.0,18.0,19.0,0.2,17.286567014446224,-1.0,0.0,1,80.72435897435896,83.32354153782725,1.0,0.0,1.0,0.0
2023_10_DEN_BUF,2023,REG,10,2023-11-13,Monday,20:15,DEN,24.0,BUF,22.0,Home,-2.0,46.0,0.0,2023111300,59322.0,,202311130buf,,401547537,,15,8,310.0,-395.0,7.5,-112.0,-108.0,47.5,-112.0,-108.0,0,outdoors,a_turf,49.0,10.0,00-0029263,00-0034857,Russell Wilson,Josh Allen,Sean Payton,Sean McDermott,Bill Vinovich,BUF00,New Era Field,0,20.2,21.0,-1.2,20.047151764380637,-1.0,0.0,20.6,20.8,0.4,21.582016999854076,2.0,0.0,-7,94.09994116388532,100.39798958286605,2.0,0.0,0.0,0.0
2023_11_CIN_BAL,2023,REG,11,2023-11-16,Thursday,20:15,CIN,20.0,BAL,34.0,Home,14.0,54.0,0.0,2023111600,59323.0,,202311160rav,,401547538,,4,4,170.0,-205.0,4.0,-112.0,-108.0,46.5,-112.0,-108.0,1,outdoors,grass,56.0,1.0,00-0036442,00-0034796,Joe Burrow,Lamar Jackson,Zac Taylor,John Harbaugh,Adrian Hill,BAL00,M&T Bank Stadium,0,32.2,16.4,-0.2,36.293739767655694,-1.0,0.0,26.6,19.6,1.6,27.611901282633834,-1.0,0.0,0,100.61798587885544,106.08681829945417,2.0,0.0,2.0,0.0
2023_11_DAL_CAR,2023,REG,11,2023-11-19,Sunday,13:00,DAL,33.0,CAR,10.0,Home,-23.0,43.0,0.0,2023111900,59324.0,,202311190car,,401547545,,7,10,-650.0,470.0,-11.0,-110.0,-110.0,43.0,-108.0,-112.0,0,outdoors,grass,65.0,2.0,00-0033077,00-0039150,Dak Prescott,Bryce Young,Mike McCarthy,Frank Reich,Clay Martin,CAR00,Bank of America Stadium,0,17.2,28.0,-1.0,16.57465151282739,-2.0,0.0,29.0,24.8,-0.6,30.898379531481872,1.0,0.0,3,77.49552502218243,109.592547013918,2.0,0.0,0.0,0.0
2023_11_PIT_CLE,2023,REG,11,2023-11-19,Sunday,13:00,PIT,10.0,CLE,13.0,Home,3.0,23.0,0.0,2023111901,59325.0,,202311190cle,,401547539,,7,7,120.0,-142.0,2.5,-105.0,-115.0,34.0,-108.0,-112.0,1,outdoors,grass,48.0,11.0,00-0038102,00-0038583,Kenny Pickett,Dorian Thompson-Robinson,Mike Tomlin,Kevin Stefanski,Shawn Hochuli,CLE00,FirstEnergy Stadium,0,27.6,22.0,1.0,31.872328875715176,2.0,1.0,18.8,16.4,1.8,21.62170473008535,2.0,0.0,0,64.75694444444446,84.52611714975845,1.0,0.0,3.0,0.0
2023_11_CHI_DET,2023,REG,11,2023-11-19,Sunday,13:00,CHI,26.0,DET,31.0,Home,5.0,57.0,0.0,2023111902,59326.0,,202311190det,,401547546,,10,7,340.0,-440.0,8.0,-110.0,-110.0,48.0,-110.0,-110.0,1,dome,fieldturf,,,00-0036945,00-0033106,Justin Fields,Jared Goff,Matt Eberflus,Dan Campbell,Scott Novak,DET00,Ford Field,1,27.0,24.0,0.6,31.501553939548696,2.0,0.0,17.8,19.6,-1.0,16.614152892561982,1.0,1.0,-3,103.95779156392364,82.90785938199731,1.0,0.0,0.0,0.0
2023_11_LAC_GB,2023,REG,11,2023-11-19,Sunday,13:00,LAC,20.0,GB,23.0,Home,3.0,43.0,0.0,2023111903,59327.0,,202311190gnb,,401547547,,7,7,-162.0,136.0,-3.0,-110.0,-110.0,44.0,-108.0,-112.0,0,outdoors,grass,45.0,5.0,00-0036355,00-0036264,Justin Herbert,Jordan Love,Brandon Staley,Matt LaFleur,John Hussey,GNB00,Lambeau Field,0,15.8,17.2,-1.0,14.20728257174551,-1.0,0.0,25.8,22.2,0.2,31.810302794269173,-1.0,0.0,0,76.48691932794017,91.11692942942943,1.0,0.0,1.0,0.0
2023_11_ARI_HOU,2023,REG,11,2023-11-19,Sunday,13:00,ARI,16.0,HOU,21.0,Home,5.0,37.0,0.0,2023111904,59328.0,,202311190htx,,401547540,,7,7,205.0,-250.0,5.5,-108.0,-112.0,48.0,-110.0,-110.0,0,closed,astroturf,,,00-0035228,00-0039163,Kyler Murray,C.J. Stroud,Jonathan Gannon,DeMeco Ryans,Alex Kemp,HOU00,NRG Stadium,1,24.2,22.6,0.0,26.229572828829603,2.0,0.0,13.6,25.4,-1.6,15.207614862609857,1.0,0.0,0,97.58658933658931,92.38870773622928,2.0,0.0,1.0,0.0
2023_11_TEN_JAX,2023,REG,11,2023-11-19,Sunday,13:00,TEN,14.0,JAX,34.0,Home,20.0,48.0,0.0,2023111905,59329.0,,202311190jax,,401547541,,7,7,235.0,-290.0,6.5,-105.0,-115.0,40.0,-110.0,-110.0,1,outdoors,grass,75.0,3.0,00-0039152,00-0036971,Will Levis,Trevor Lawrence,Mike Vrabel,Doug Pederson,Brad Rogers,JAX00,TIAA Bank Stadium,0,23.2,21.6,-0.2,27.697490319975298,-1.0,0.0,16.4,22.0,-0.2,18.230295607360873,-2.0,0.0,0,88.62413275344309,83.37262992435406,1.0,0.0,3.0,0.0
2023_11_LV_MIA,2023,REG,11,2023-11-19,Sunday,13:00,LV,13.0,MIA,20.0,Home,7.0,33.0,0.0,2023111906,59330.0,,202311190mia,,401547542,,7,14,700.0,-1100.0,14.0,-110.0,-110.0,44.5,-110.0,-110.0,0,outdoors,grass,82.0,7.0,00-0038579,00-0036212,Aidan O'Connell,Tua Tagovailoa,Antonio Pierce,Mike McDaniel,Bill Vinovich,MIA00,Hard Rock Stadium,0,27.0,21.2,-0.8,24.39480337078652,-1.0,0.0,18.6,18.2,0.0,19.201678460653614,2.0,0.0,7,100.30727739124325,78.54095441595442,1.0,0.0,0.0,0.0
2023_11_NYG_WAS,2023,REG,11,2023-11-19,Sunday,13:00,NYG,31.0,WAS,19.0,Home,-12.0,50.0,0.0,2023111907,59331.0,,202311190was,,401547548,,7,7,310.0,-395.0,7.5,-110.0,-110.0,39.0,-110.0,-110.0,1,outdoors,grass,56.0,7.0,00-0038476,00-0037077,Tommy DeVito,Sam Howell,Brian Daboll,Ron Rivera,Brad Allen,WAS00,FedExField,0,21.6,22.8,0.2,22.096742183683435,-1.0,0.0,11.2,22.6,0.8,11.23370986089768,-3.0,0.0,0,97.5185533065968,61.84413580246913,0.0,0.0,2.0,0.0
2023_11_TB_SF,2023,REG,11,2023-11-19,Sunday,16:05,TB,14.0,SF,27.0,Home,13.0,41.0,0.0,2023111908,59332.0,,202311190sfo,,401547549,,7,7,625.0,-950.0,13.5,-110.0,-110.0,41.5,-108.0,-112.0,0,outdoors,grass,65.0,10.0,00-0034855,00-0037834,Baker Mayfield,Brock Purdy,Todd Bowles,Kyle Shanahan,Craig Wrolstad,SFO01,Levi's Stadium,0,25.4,17.0,0.8,32.087787182967595,1.0,0.0,18.8,21.0,0.2,22.684309877076732,1.0,0.0,0,104.86554544619062,90.1304013372979,1.0,0.0,1.0,0.0
2023_11_NYJ_BUF,2023,REG,11,2023-11-19,Sunday,16:25,NYJ,6.0,BUF,32.0,Home,26.0,38.0,0.0,2023111909,59333.0,,202311190buf,,401547543,,7,6,310.0,-395.0,8.0,-108.0,-112.0,39.5,-112.0,-108.0,1,outdoors,a_turf,40.0,9.0,00-0037013,00-0034857,Zach Wilson,Josh Allen,Robert Saleh,Sean McDermott,Alan Eck,BUF00,New Era Field,0,20.6,20.8,-1.8,20.625367310144235,-2.0,0.0,16.4,17.6,0.2,15.830752424853547,-2.0,0.0,-1,85.56308218952634,76.01584923013495,0.0,0.0,1.0,0.0
2023_11_SEA_LA,2023,REG,11,2023-11-19,Sunday,16:25,SEA,16.0,LA,17.0,Home,1.0,33.0,0.0,2023111910,59334.0,,202311190ram,,401547544,,7,14,114.0,-135.0,2.5,-110.0,-110.0,45.0,-108.0,-112.0,1,dome,matrixturf,,,00-0030565,00-0026498,Geno Smith,Matthew Stafford,Pete Carroll,Sean McVay,Carl Cheffers,LAX01,SoFi Stadium,1,16.0,23.8,0.6,15.444636512052242,-3.0,0.0,17.8,22.0,0.0,17.981328264758496,1.0,0.0,7,88.00369785930131,82.79446311442291,0.0,0.0,0.0,0.0
2023_11_MIN_DEN,2023,REG,11,2023-11-19,Sunday,20:20,MIN,20.0,DEN,21.0,Home,1.0,41.0,0.0,2023111911,59335.0,,202311190den,,401547550,,7,6,120.0,-142.0,2.5,-102.0,-118.0,43.5,-115.0,-105.0,0,outdoors,grass,53.0,3.0,00-0033949,00-0029263,Joshua Dobbs,Russell Wilson,Kevin O'Connell,Sean Payton,Ron Torbert,DEN00,Empower Field at Mile High,0,19.2,19.6,0.6,23.166954768078362,3.0,0.0,24.6,17.4,1.2,25.21140699239381,5.0,0.0,-1,97.17857250569037,81.4400604791566,0.0,0.0,1.0,0.0
2023_11_PHI_KC,2023,REG,11,2023-11-20,Monday,20:15,PHI,21.0,KC,17.0,Home,-4.0,38.0,0.0,2023112000,59336.0,,202311200kan,,401547345,,15,15,124.0,-148.0,2.5,100.0,-120.0,46.0,-108.0,-112.0,0,outdoors,grass,45.0,12.0,00-0036389,00-0033873,Jalen Hurts,Patrick Mahomes,Nick Sirianni,Andy Reid,Shawn Smith,KAN00,GEHA Field at Arrowhead Stadium,0,21.4,16.6,0.2,16.576766503290635,1.0,0.0,26.8,21.0,-1.2,26.00311546777868,3.0,0.0,0,99.6808510096379,104.56276023938605,0.0,0.0,2.0,0.0
2023_12_GB_DET,2023,REG,12,2023-11-23,Thursday,12:30,GB,29.0,DET,22.0,Home,-7.0,51.0,0.0,2023112300,59337.0,,202311230det,,401547552,,4,4,330.0,-425.0,8.5,-105.0,-115.0,47.0,-108.0,-112.0,1,dome,fieldturf,,,00-0036264,00-0033106,Jordan Love,Jared Goff,Matt LaFleur,Dan Campbell,Carl Cheffers,DET00,Ford Field,1,24.8,24.4,-0.6,29.60766206618049,3.0,0.0,17.8,17.8,-0.4,16.55941103789127,1.0,0.0,0,91.1244582305903,91.75080821682907,1.0,0.0,1.0,0.0
2023_12_WAS_DAL,2023,REG,12,2023-11-23,Thursday,16:30,WAS,10.0,DAL,45.0,Home,35.0,55.0,0.0,2023112301,59338.0,,202311230dal,,401547551,,4,4,550.0,-800.0,13.0,-110.0,-110.0,48.0,-112.0,-110.0,1,closed,matrixturf,,,00-0037077,00-0033077,Sam Howell,Dak Prescott,Ron Rivera,Mike McCarthy,Bill Vinovich,DAL00,AT&T Stadium,1,33.6,18.4,0.4,32.657032624881545,2.0,0.0,20.6,25.8,-1.6,20.444125066645604,-2.0,0.0,0,118.31513473321623,86.13409275909275,1.0,0.0,0.0,0.0
2023_12_SF_SEA,2023,REG,12,2023-11-23,Thursday,20:20,SF,31.0,SEA,13.0,Home,-18.0,44.0,0.0,2023112302,59339.0,,202311230sea,,401547553,,4,4,-355.0,280.0,-7.0,-112.0,-108.0,43.5,-115.0,-105.0,1,outdoors,fieldturf,39.0,4.0,00-0037834,00-0030565,Brock Purdy,Geno Smith,Kyle Shanahan,Pete Carroll,Tra Blake,SEA00,Lumen Field,0,18.4,22.0,0.2,18.422658179934654,-1.0,0.0,22.4,17.8,0.6,25.70966931579428,2.0,0.0,0,87.71376010151042,107.6433232239684,0.0,0.0,0.0,0.0
2023_12_MIA_NYJ,2023,REG,12,2023-11-24,Friday,15:00,MIA,34.0,NYJ,13.0,Home,-21.0,47.0,0.0,2023112400,59340.0,,202311240nyj,,401547242,,5,5,-500.0,380.0,-9.5,-120.0,100.0,40.0,-110.0,-110.0,1,outdoors,fieldturf,48.0,11.0,00-0036212,00-0034177,Tua Tagovailoa,Tim Boyle,Mike McDaniel,Robert Saleh,John Hussey,NYC01,MetLife Stadium,0,11.4,19.8,-0.6,12.597881714637523,-3.0,1.0,24.8,20.6,-0.2,25.187813232560018,1.0,0.0,0,42.41366332079248,100.83291841688427,0.0,0.0,0.0,0.0
2023_12_NO_ATL,2023,REG,12,2023-11-26,Sunday,13:00,NO,15.0,ATL,24.0,Home,9.0,39.0,0.0,2023112600,59341.0,,202311260atl,,401547559,,14,14,-130.0,110.0,-2.0,-110.0,-110.0,42.0,-110.0,-110.0,1,closed,fieldturf,,,00-0031280,00-0038122,Derek Carr,Desmond Ridder,Dennis Allen,Arthur Smith,Brad Allen,ATL97,Mercedes-Benz Stadium,1,21.2,24.2,-0.6,21.11379872381745,-3.0,1.0,23.6,24.4,0.4,24.318961186746495,-1.0,0.0,0,90.36717302408792,97.26981250412624,0.0,0.0,1.0,0.0
2023_12_PIT_CIN,2023,REG,12,2023-11-26,Sunday,13:00,PIT,16.0,CIN,10.0,Home,-6.0,26.0,0.0,2023112601,59342.0,,202311260cin,,401547554,,7,10,-135.0,114.0,-2.0,-112.0,-108.0,36.0,-108.0,-112.0,1,outdoors,fieldturf,48.0,9.0,00-0038102,00-0035100,Kenny Pickett,Jake Browning,Mike Tomlin,Zac Taylor,Brad Rogers,CIN00,Paycor Stadium,0,23.8,22.4,1.2,27.65376468072316,-2.0,1.0,17.4,17.0,1.2,18.93195508865363,-1.0,0.0,3,66.66666666666666,79.31778381642512,3.0,1.0,2.0,0.0
2023_12_JAX_HOU,2023,REG,12,2023-11-26,Sunday,13:00,JAX,24.0,HOU,21.0,Home,-3.0,45.0,0.0,2023112602,59343.0,,202311260htx,,401547555,,7,7,-115.0,-105.0,-1.0,-110.0,-110.0,48.0,-108.0,-112.0,1,closed,astroturf,,,00-0036971,00-0039163,Trevor Lawrence,C.J. Stroud,Doug Pederson,DeMeco Ryans,Clay Martin,HOU00,NRG Stadium,1,24.6,21.6,-1.0,25.07488312781406,3.0,0.0,25.0,20.4,-0.2,28.178369384825853,1.0,0.0,0,96.80602305602304,91.95605842911877,2.0,0.0,1.0,0.0
2023_12_TB_IND,2023,REG,12,2023-11-26,Sunday,13:00,TB,20.0,IND,27.0,Home,7.0,47.0,0.0,2023112603,59344.0,,202311260clt,,401547556,,7,14,130.0,-155.0,2.5,-105.0,-115.0,45.0,-112.0,-108.0,0,closed,fieldturf,,,00-0034855,00-0035289,Baker Mayfield,Gardner Minshew,Todd Bowles,Shane Steichen,Clete Blakeman,IND00,Lucas Oil Stadium,1,24.4,26.6,0.0,24.604547050561795,2.0,0.0,20.4,22.4,0.0,25.829076812616513,-1.0,0.0,7,83.1373234400806,94.11038131727787,2.0,0.0,2.0,0.0
2023_12_NE_NYG,2023,REG,12,2023-11-26,Sunday,13:00,NE,7.0,NYG,10.0,Home,3.0,17.0,0.0,2023112604,59345.0,,202311260nyg,,401547560,,14,7,-218.0,180.0,-4.5,-108.0,-112.0,36.5,-105.0,-115.0,0,outdoors,fieldturf,43.0,6.0,00-0036972,00-0038476,Mac Jones,Tommy DeVito,Bill Belichick,Brian Daboll,Scott Novak,NYC01,MetLife Stadium,0,15.6,23.6,1.6,14.755836768110212,1.0,0.0,17.2,21.4,0.4,16.134129213483142,-3.0,0.0,-7,80.79816595441595,87.21203413444792,3.0,0.0,0.0,0.0
2023_12_CAR_TEN,2023,REG,12,2023-11-26,Sunday,13:00,CAR,10.0,TEN,17.0,Home,7.0,27.0,0.0,2023112605,59346.0,,202311260oti,,401547561,,7,7,145.0,-175.0,3.5,-112.0,-105.0,36.0,-112.0,-108.0,0,outdoors,grass,51.0,13.0,00-0039150,00-0039152,Bryce Young,Will Levis,Frank Reich,Mike Vrabel,Ron Torbert,NAS00,Nissan Stadium,0,16.0,24.2,0.0,18.62909764855786,-3.0,0.0,14.4,26.2,-0.8,13.308676143364165,-3.0,0.0,0,98.46697244326555,73.65476247662596,1.0,0.0,2.0,0.0
2023_12_LA_ARI,2023,REG,12,2023-11-26,Sunday,16:05,LA,37.0,ARI,14.0,Home,-23.0,51.0,0.0,2023112606,59347.0,,202311260crd,,401547562,,7,7,-148.0,124.0,-3.0,-105.0,-115.0,45.0,-112.0,-108.0,1,closed,grass,,,00-0026498,00-0035228,Matthew Stafford,Kyler Murray,Sean McVay,Jonathan Gannon,Shawn Smith,PHO00,State Farm Stadium,1,15.0,24.4,-0.4,16.608662425644415,-1.0,0.0,16.6,22.4,0.4,16.53250277430989,1.0,0.0,0,90.21446531198686,84.23420861198949,2.0,0.0,0.0,0.0
2023_12_CLE_DEN,2023,REG,12,2023-11-26,Sunday,16:05,CLE,12.0,DEN,29.0,Home,17.0,41.0,0.0,2023112607,59348.0,,202311260den,,401547563,,7,7,105.0,-125.0,1.5,-110.0,-110.0,37.5,-110.0,-110.0,0,outdoors,grass,40.0,5.0,00-0038583,00-0029263,Dorian Thompson-Robinson,Russell Wilson,Kevin Stefanski,Sean Payton,Adrian Hill,DEN00,Empower Field at Mile High,0,19.2,17.4,1.4,23.569858329262335,4.0,0.0,26.4,20.6,1.0,29.638042531328882,3.0,1.0,0,97.78456328910049,61.46909991386735,0.0,0.0,1.0,0.0
2023_12_KC_LV,2023,REG,12,2023-11-26,Sunday,16:25,KC,31.0,LV,17.0,Home,-14.0,48.0,0.0,2023112608,59349.0,,202311260rai,,401547557,,6,7,-500.0,380.0,-9.0,-110.0,-110.0,42.5,-112.0,-108.0,1,dome,grass,,,00-0033873,00-0038579,Patrick Mahomes,Aidan O'Connell,Andy Reid,Antonio Pierce,Land Clark,VEG00,Allegiant Stadium,1,17.0,18.8,0.0,18.39043463988979,-1.0,0.0,19.4,16.8,-0.2,15.473267988637081,-1.0,0.0,1,74.04211312625947,92.01115919644072,1.0,0.0,0.0,0.0
2023_12_BUF_PHI,2023,REG,12,2023-11-26,Sunday,16:25,BUF,34.0,PHI,37.0,Home,3.0,71.0,1.0,2023112609,59350.0,,202311260phi,,401547558,,7,6,124.0,-148.0,2.5,-105.0,-115.0,49.0,-108.0,-112.0,0,outdoors,grass,47.0,6.0,00-0034857,00-0036389,Josh Allen,Jalen Hurts,Sean McDermott,Nick Sirianni,Shawn Hochuli,PHI00,Lincoln Financial Field,0,26.4,21.6,-0.8,26.573859881031062,4.0,0.0,24.2,20.2,-0.8,27.385986861363172,1.0,0.0,-1,99.89170760780712,89.87037385619301,2.0,0.0,1.0,0.0
2023_12_BAL_LAC,2023,REG,12,2023-11-26,Sunday,20:20,BAL,20.0,LAC,10.0,Home,-10.0,30.0,0.0,2023112610,59351.0,,202311260sdg,,401547564,,10,7,-170.0,142.0,-3.0,-115.0,-105.0,49.0,-110.0,-110.0,0,dome,matrixturf,,,00-0034796,00-0036355,Lamar Jackson,Justin Herbert,John Harbaugh,Brandon Staley,Alan Eck,LAX01,SoFi Stadium,1,26.4,22.8,0.4,32.33825464915059,-2.0,0.0,34.2,17.2,0.0,38.16710013545321,1.0,0.0,-3,94.1875,107.15858416945373,0.0,0.0,1.0,0.0
2023_12_CHI_MIN,2023,REG,12,2023-11-27,Monday,20:15,CHI,12.0,MIN,10.0,Home,-2.0,22.0,0.0,2023112700,59352.0,,202311270min,,401547565,,8,8,140.0,-166.0,3.0,-105.0,-115.0,43.5,-110.0,-110.0,1,dome,sportturf,,,00-0036945,00-0033949,Justin Fields,Joshua Dobbs,Matt Eberflus,Kevin O'Connell,Alex Kemp,MIN01,U.S. Bank Stadium,1,24.8,19.0,0.2,28.464276742486526,-1.0,0.0,20.4,22.0,0.0,19.10409329755716,-1.0,1.0,0,85.81061434094522,91.7134565833966,0.0,0.0,1.0,0.0
2023_13_SEA_DAL,2023,REG,13,2023-11-30,Thursday,20:15,SEA,35.0,DAL,41.0,Home,6.0,76.0,0.0,2023113000,59353.0,,202311300dal,,401547566,,7,7,380.0,-500.0,9.5,-102.0,-118.0,47.5,-110.0,-110.0,0,closed,matrixturf,,,00-0030565,00-0033077,Geno Smith,Dak Prescott,Pete Carroll,Mike McCarthy,Clete Blakeman,DAL00,AT&T Stadium,1,38.6,17.0,0.2,37.90818881289692,3.0,0.0,17.0,26.2,0.6,18.786314837617365,-2.0,0.0,0,124.86548195543844,79.10650701509067,0.0,0.0,1.0,0.0
2023_13_DEN_HOU,2023,REG,13,2023-12-03,Sunday,13:00,DEN,17.0,HOU,22.0,Home,5.0,39.0,0.0,2023120307,59361.0,,202312030htx,,401547571,,7,7,142.0,-170.0,3.5,-122.0,102.0,47.5,-110.0,-110.0,0,closed,astroturf,,,00-0029263,00-0039163,Russell Wilson,C.J. Stroud,Sean Payton,DeMeco Ryans,Shawn Smith,HOU00,NRG Stadium,1,24.8,23.8,-0.8,24.14555889190236,-1.0,0.0,23.4,16.0,2.2,27.357871275036636,5.0,0.0,0,103.5652823152823,106.83759359213079,1.0,0.0,0.0,0.0
2023_13_LAC_NE,2023,REG,13,2023-12-03,Sunday,13:00,LAC,6.0,NE,0.0,Home,-6.0,6.0,0.0,2023120300,59354.0,,202312030nwe,,401547567,,7,7,-225.0,185.0,-4.5,-110.0,-110.0,38.5,-108.0,-112.0,0,outdoors,fieldturf,44.0,8.0,00-0036355,00-0038108,Justin Herbert,Bailey Zappe,Brandon Staley,Bill Belichick,Bill Vinovich,BOS00,Gillette Stadium,0,15.2,19.2,0.0,14.163955019097415,-4.0,1.0,25.0,20.6,-0.4,29.411173045411985,-3.0,0.0,0,46.07082732082732,95.59785353535354,1.0,0.0,1.0,0.0
2023_13_DET_NO,2023,REG,13,2023-12-03,Sunday,13:00,DET,33.0,NO,28.0,Home,-5.0,61.0,0.0,2023120301,59355.0,,202312030nor,,401547572,,10,7,-198.0,164.0,-4.0,-110.0,-110.0,47.5,-108.0,-112.0,0,dome,sportturf,,,00-0033106,00-0031280,Jared Goff,Derek Carr,Dan Campbell,Dennis Allen,Clay Martin,NOR00,Mercedes-Benz Superdome,1,24.0,25.2,0.4,23.81839813589779,-2.0,0.0,25.2,29.0,-1.4,30.73499344771519,-1.0,0.0,-3,96.05314583745958,90.34794307907515,2.0,0.0,1.0,0.0
2023_13_ATL_NYJ,2023,REG,13,2023-12-03,Sunday,13:00,ATL,13.0,NYJ,8.0,Home,-5.0,21.0,0.0,2023120302,59356.0,,202312030nyj,,401547573,,7,9,-125.0,105.0,-2.0,-108.0,-112.0,33.0,-110.0,-110.0,0,outdoors,fieldturf,50.0,8.0,00-0038122,00-0034177,Desmond Ridder,Tim Boyle,Arthur Smith,Robert Saleh,Ron Torbert,NYC01,MetLife Stadium,0,10.0,23.8,-1.2,11.072441617096276,-4.0,1.0,22.8,22.4,0.0,24.3384406660861,1.0,1.0,2,49.13658475481232,80.78491219182709,0.0,0.0,0.0,0.0
2023_13_ARI_PIT,2023,REG,13,2023-12-03,Sunday,13:00,ARI,24.0,PIT,10.0,Home,-14.0,34.0,0.0,2023120303,59357.0,,202312030pit,,401547568,,7,7,230.0,-285.0,6.0,-105.0,-115.0,41.0,-112.0,-108.0,0,outdoors,grass,56.0,12.0,00-0035228,00-0038102,Kyler Murray,Kenny Pickett,Jonathan Gannon,Mike Tomlin,Land Clark,PIT00,Acrisure Stadium,0,15.8,15.6,1.0,16.93012040807624,1.0,0.0,15.8,27.8,-0.4,17.35831411489529,-2.0,0.0,0,79.45919795783927,86.5557351532567,0.0,0.0,3.0,0.0
2023_13_IND_TEN,2023,REG,13,2023-12-03,Sunday,13:00,IND,31.0,TEN,28.0,Home,-3.0,59.0,1.0,2023120305,59359.0,,202312030oti,,401547570,,7,7,-122.0,102.0,-1.5,-110.0,-110.0,42.0,-108.0,-112.0,1,outdoors,grass,53.0,13.0,00-0035289,00-0039152,Gardner Minshew,Will Levis,Shane Steichen,Mike Vrabel,Craig Wrolstad,NAS00,Nissan Stadium,0,16.2,21.4,0.0,16.909521744999893,1.0,0.0,25.8,23.2,0.8,25.55985733293909,3.0,0.0,0,95.4104827165172,84.31101154059796,0.0,0.0,2.0,0.0
2023_13_MIA_WAS,2023,REG,13,2023-12-03,Sunday,13:00,MIA,45.0,WAS,15.0,Home,-30.0,60.0,0.0,2023120306,59360.0,,202312030was,,401547574,,9,10,-455.0,350.0,-8.5,-112.0,-108.0,50.0,-110.0,-110.0,0,outdoors,grass,53.0,2.0,00-0036212,00-0037077,Tua Tagovailoa,Sam Howell,Mike McDaniel,Ron Rivera,Tra Blake,WAS00,FedExField,0,21.2,32.0,-1.6,22.41858403821066,-3.0,0.0,23.2,19.0,-0.2,25.63779436663075,2.0,0.0,1,88.84152421652422,91.13130551365846,0.0,0.0,0.0,0.0
2023_13_CAR_TB,2023,REG,13,2023-12-03,Sunday,16:05,CAR,18.0,TB,21.0,Home,3.0,39.0,0.0,2023120304,59358.0,,202312030tam,,401547569,,7,7,164.0,-198.0,4.0,-110.0,-110.0,37.0,-110.0,-110.0,1,outdoors,grass,81.0,8.0,00-0039150,00-0034855,Bryce Young,Baker Mayfield,Chris Tabor,Todd Bowles,Brad Rogers,TAM00,Raymond James Stadium,0,21.8,24.6,-0.4,26.248060959248697,-2.0,0.0,12.2,21.2,-1.2,11.539821062240037,-4.0,0.0,0,96.64212734902391,71.94635840192306,3.0,0.0,1.0,0.0
2023_13_CLE_LA,2023,REG,13,2023-12-03,Sunday,16:25,CLE,19.0,LA,36.0,Home,17.0,55.0,0.0,2023120308,59362.0,,202312030ram,,401547575,,7,7,160.0,-192.0,3.5,-110.0,-110.0,39.5,-110.0,-110.0,0,dome,matrixturf,,,00-0026158,00-0026498,Joe Flacco,Matthew Stafford,Kevin Stefanski,Sean McVay,John Hussey,LAX01,SoFi Stadium,1,18.8,23.4,-0.4,19.197571469207798,2.0,0.0,21.0,18.8,0.2,25.28482936441388,-1.0,1.0,0,89.97165059943147,69.58634585753231,0.0,0.0,1.0,0.0
2023_13_SF_PHI,2023,REG,13,2023-12-03,Sunday,16:25,SF,42.0,PHI,19.0,Home,-23.0,61.0,0.0,2023120309,59363.0,,202312030phi,,401547276,,10,7,-148.0,124.0,-3.0,-105.0,-115.0,46.5,-108.0,-112.0,0,outdoors,grass,52.0,44.0,00-0037834,00-0036389,Brock Purdy,Jalen Hurts,Kyle Shanahan,Nick Sirianni,Alex Kemp,PHI00,Lincoln Financial Field,0,31.0,24.4,-0.2,31.428240927521035,5.0,0.0,25.2,16.6,0.2,27.68541238578236,3.0,0.0,-3,107.22743042740089,113.9118417424869,3.0,0.0,0.0,0.0
2023_13_KC_GB,2023,REG,13,2023-12-03,Sunday,20:20,KC,19.0,GB,27.0,Home,8.0,46.0,0.0,2023120310,59364.0,,202312030gnb,,401547576,,7,10,-265.0,215.0,-5.5,-118.0,-102.0,43.5,-105.0,-115.0,0,outdoors,grass,31.0,9.0,00-0033873,00-0036264,Patrick Mahomes,Jordan Love,Andy Reid,Matt LaFleur,Brad Allen,GNB00,Lambeau Field,0,20.2,18.4,0.4,20.891628853356384,2.0,0.0,21.8,18.6,-0.6,19.82341479853082,1.0,0.0,3,98.69637273295811,97.69498272585247,1.0,0.0,1.0,0.0
2023_13_CIN_JAX,2023,REG,13,2023-12-04,Monday,20:15,CIN,34.0,JAX,31.0,Home,-3.0,65.0,1.0,2023120400,59365.0,,202312040jax,,401547577,,8,8,410.0,-550.0,10.0,-105.0,-115.0,41.0,-105.0,-115.0,0,outdoors,grass,61.0,4.0,00-0035100,00-0036971,Jake Browning,Trevor Lawrence,Zac Taylor,Doug Pederson,Scott Novak,JAX00,TIAA Bank Stadium,0,22.4,20.6,-1.0,25.60558158577082,2.0,0.0,22.4,23.0,1.0,28.81357016713163,-3.0,1.0,0,91.78208182093164,76.4957264957265,0.0,0.0,1.0,0.0
2023_14_NE_PIT,2023,REG,14,2023-12-07,Thursday,20:15,NE,21.0,PIT,18.0,Home,-3.0,39.0,0.0,2023120700,59366.0,,202312070pit,,401547578,,4,4,220.0,-270.0,6.0,-118.0,-102.0,30.0,-105.0,-115.0,0,outdoors,grass,42.0,5.0,00-0038108,00-0033869,Bailey Zappe,Mitchell Trubisky,Bill Belichick,Mike Tomlin,Clay Martin,PIT00,Acrisure Stadium,0,15.8,16.4,0.6,15.989558163183117,-1.0,1.0,9.4,15.4,-0.4,8.268112945850397,-5.0,1.0,0,79.19285997227175,46.36931216931217,1.0,0.0,2.0,0.0
2023_14_TB_ATL,2023,REG,14,2023-12-10,Sunday,13:00,TB,29.0,ATL,25.0,Home,-4.0,54.0,0.0,2023121000,59367.0,,202312100atl,,401547579,,7,7,105.0,-125.0,1.5,-108.0,-112.0,41.5,-110.0,-110.0,1,closed,fieldturf,,,00-0034855,00-0038122,Baker Mayfield,Desmond Ridder,Todd Bowles,Arthur Smith,Alex Kemp,ATL97,Mercedes-Benz Stadium,1,22.2,21.4,0.8,22.386104283707862,2.0,0.0,22.4,23.4,-0.6,25.867397348406516,1.0,0.0,0,81.50595238095238,92.12037037037038,2.0,0.0,2.0,0.0
2023_14_LA_BAL,2023,REG,14,2023-12-10,Sunday,13:00,LA,31.0,BAL,37.0,Home,6.0,68.0,1.0,2023121001,59368.0,,202312100rav,,401547585,,7,14,285.0,-360.0,7.5,-115.0,-105.0,42.0,-110.0,-110.0,0,outdoors,grass,57.0,5.0,00-0026498,00-0034796,Matthew Stafford,Lamar Jackson,Sean McVay,John Harbaugh,Scott Novak,BAL00,M&T Bank Stadium,0,30.6,18.0,0.8,32.78871420804639,2.0,0.0,22.6,22.4,0.0,23.76554228652732,3.0,0.0,7,92.48555176204633,90.52908303186389,0.0,0.0,1.0,0.0
2023_14_DET_CHI,2023,REG,14,2023-12-10,Sunday,13:00,DET,13.0,CHI,28.0,Home,15.0,41.0,0.0,2023121002,59369.0,,202312100chi,,401547586,,7,13,-170.0,142.0,-3.0,-120.0,100.0,44.5,-110.0,-110.0,1,outdoors,grass,36.0,12.0,00-0033106,00-0036945,Jared Goff,Justin Fields,Dan Campbell,Matt Eberflus,Tra Blake,CHI98,Soldier Field,0,16.8,21.6,-0.2,16.272500819087632,1.0,0.0,30.6,27.0,-1.0,34.08215461073067,1.0,0.0,6,97.4372485571886,100.17750282750282,0.0,0.0,1.0,0.0
2023_14_IND_CIN,2023,REG,14,2023-12-10,Sunday,13:00,IND,14.0,CIN,34.0,Home,20.0,48.0,0.0,2023121003,59370.0,,202312100cin,,401547580,,7,6,124.0,-148.0,3.0,-118.0,-102.0,45.0,-110.0,-110.0,0,outdoors,fieldturf,40.0,9.0,00-0035289,00-0035100,Gardner Minshew,Jake Browning,Shane Steichen,Zac Taylor,Shawn Hochuli,CIN00,Paycor Stadium,0,23.0,25.8,0.4,28.05177973402577,1.0,0.0,24.4,21.0,1.4,22.964243913857675,4.0,0.0,-1,86.25693000693,80.53340629560142,0.0,0.0,2.0,0.0
2023_14_JAX_CLE,2023,REG,14,2023-12-10,Sunday,13:00,JAX,27.0,CLE,31.0,Home,4.0,58.0,0.0,2023121004,59371.0,,202312100cle,,401547581,,6,7,120.0,-142.0,2.5,-108.0,-112.0,37.5,-110.0,-110.0,0,outdoors,grass,39.0,11.0,00-0036971,00-0026158,Trevor Lawrence,Joe Flacco,Doug Pederson,Kevin Stefanski,Ron Torbert,CLE00,FirstEnergy Stadium,0,20.8,21.2,0.2,23.58563467352556,-2.0,1.0,22.4,22.6,-1.0,23.956737316990125,-1.0,0.0,1,69.71153846153847,96.78208182093162,0.0,0.0,1.0,0.0
2023_14_CAR_NO,2023,REG,14,2023-12-10,Sunday,13:00,CAR,6.0,NO,28.0,Home,22.0,34.0,0.0,2023121005,59372.0,,202312100nor,,401547587,,7,7,200.0,-245.0,5.5,-110.0,-110.0,39.0,-110.0,-110.0,1,dome,sportturf,,,00-0039150,00-0031280,Bryce Young,Derek Carr,Chris Tabor,Dennis Allen,Alan Eck,NOR00,Mercedes-Benz Superdome,1,24.8,25.6,0.2,22.845716406693914,-3.0,0.0,12.8,22.8,-1.4,11.436851088038686,-5.0,0.0,0,102.477388261702,61.81194979977253,0.0,0.0,0.0,0.0
2023_14_HOU_NYJ,2023,REG,14,2023-12-10,Sunday,13:00,HOU,6.0,NYJ,30.0,Home,24.0,36.0,0.0,2023121006,59373.0,,202312100nyj,,401547582,,7,7,-175.0,145.0,-3.5,-108.0,-112.0,33.5,-110.0,-110.0,0,outdoors,fieldturf,58.0,7.0,00-0039163,00-0037013,C.J. Stroud,Zach Wilson,DeMeco Ryans,Robert Saleh,Brad Allen,NYC01,MetLife Stadium,0,9.0,24.4,-1.4,9.849323066370522,-5.0,1.0,26.6,24.2,0.0,30.162398188258653,1.0,0.0,0,71.82995179423752,108.39552922886256,0.0,0.0,2.0,0.0
2023_14_MIN_LV,2023,REG,14,2023-12-10,Sunday,16:05,MIN,3.0,LV,0.0,Home,-3.0,3.0,0.0,2023121007,59374.0,,202312100rai,,401547588,,13,14,-155.0,130.0,-3.0,-108.0,-112.0,40.5,-108.0,-112.0,0,dome,grass,,,00-0033949,00-0038579,Joshua Dobbs,Aidan O'Connell,Kevin O'Connell,Antonio Pierce,Craig Wrolstad,VEG00,Allegiant Stadium,1,18.0,19.0,0.6,21.719020095073464,-2.0,0.0,22.4,18.0,-0.6,24.232102113737135,-2.0,0.0,1,80.73597482012117,82.97049439145027,1.0,0.0,0.0,0.0
2023_14_SEA_SF,2023,REG,14,2023-12-10,Sunday,16:05,SEA,16.0,SF,28.0,Home,12.0,44.0,0.0,2023121008,59375.0,,202312100sfo,,401547589,,10,7,650.0,-1000.0,14.5,-110.0,-110.0,44.5,-110.0,-110.0,1,outdoors,grass,63.0,5.0,00-0035704,00-0037834,Drew Lock,Brock Purdy,Pete Carroll,Kyle Shanahan,Brad Rogers,SFO01,Levi's Stadium,0,30.2,16.0,0.6,32.732772703746036,4.0,0.0,19.2,30.4,0.2,22.401105023679076,-3.0,1.0,-3,127.35937260668443,70.47853535353535,2.0,0.0,0.0,0.0
2023_14_BUF_KC,2023,REG,14,2023-12-10,Sunday,16:25,BUF,20.0,KC,17.0,Home,-3.0,37.0,0.0,2023121009,59376.0,,202312100kan,,401547583,,14,7,105.0,-125.0,2.0,-110.0,-110.0,49.5,-110.0,-110.0,0,outdoors,grass,45.0,5.0,00-0034857,00-0033873,Josh Allen,Patrick Mahomes,Sean McDermott,Andy Reid,Carl Cheffers,KAN00,GEHA Field at Arrowhead Stadium,0,19.4,20.6,-0.8,18.599446071230997,-1.0,0.0,26.0,21.8,-0.4,30.587619967228466,-1.0,0.0,-7,87.62283265370242,88.28580506932867,4.0,0.0,0.0,0.0
2023_14_DEN_LAC,2023,REG,14,2023-12-10,Sunday,16:25,DEN,24.0,LAC,7.0,Home,-17.0,31.0,0.0,2023121010,59377.0,,202312100sdg,,401547584,,7,7,136.0,-162.0,3.0,-112.0,-108.0,45.0,-110.0,-110.0,1,dome,matrixturf,,,00-0029263,00-0036355,Russell Wilson,Justin Herbert,Sean Payton,Brandon Staley,Clete Blakeman,LAX01,SoFi Stadium,1,20.2,18.0,-0.4,25.18063875040305,1.0,0.0,23.0,17.0,1.4,26.560274063095978,-1.0,0.0,0,86.15753822003822,97.69413647453575,1.0,0.0,0.0,0.0
2023_14_PHI_DAL,2023,REG,14,2023-12-10,Sunday,20:20,PHI,13.0,DAL,33.0,Home,20.0,46.0,0.0,2023121011,59378.0,,202312100dal,,401547590,,7,10,145.0,-175.0,3.5,-118.0,-102.0,52.5,-110.0,-110.0,1,closed,matrixturf,,,00-0036389,00-0033077,Jalen Hurts,Dak Prescott,Nick Sirianni,Mike McCarthy,John Hussey,DAL00,AT&T Stadium,1,38.2,20.0,0.4,35.4791624316233,4.0,0.0,28.6,29.4,0.0,31.178114561190398,-1.0,0.0,3,121.29218009338756,102.37856543337462,0.0,0.0,0.0,0.0
2023_14_TEN_MIA,2023,REG,14,2023-12-11,Monday,20:15,TEN,28.0,MIA,27.0,Home,-1.0,55.0,0.0,2023121100,59379.0,,202312110mia,,401547592,,8,8,625.0,-950.0,14.0,-110.0,-110.0,45.0,-110.0,-112.0,0,outdoors,grass,64.0,9.0,00-0039152,00-0036212,Will Levis,Tua Tagovailoa,Mike Vrabel,Mike McDaniel,Adrian Hill,MIA00,Hard Rock Stadium,0,28.8,15.8,-0.2,28.68289637952559,3.0,0.0,16.2,23.0,-0.2,16.394357104023197,-1.0,0.0,0,101.82574995810289,85.49277111777113,1.0,0.0,2.0,0.0
2023_14_GB_NYG,2023,REG,14,2023-12-11,Monday,20:15,GB,22.0,NYG,24.0,Home,2.0,46.0,0.0,2023121101,59380.0,,202312110nyg,,401547591,,8,15,-265.0,215.0,-6.0,-112.0,-108.0,37.5,-110.0,-110.0,0,outdoors,fieldturf,39.0,14.0,00-0036264,00-0038476,Jordan Love,Tommy DeVito,Matt LaFleur,Brian Daboll,Land Clark,NYC01,MetLife Stadium,0,14.8,23.6,1.8,15.363012743721084,2.0,0.0,23.6,17.4,0.6,24.63362427049368,3.0,0.0,7,85.4218660968661,108.00249287749288,1.0,0.0,2.0,0.0
2023_15_LAC_LV,2023,REG,15,2023-12-14,Thursday,20:15,LAC,21.0,LV,63.0,Home,42.0,84.0,0.0,2023121400,59381.0,,202312140rai,,401547593,,4,4,136.0,-162.0,3.0,-110.0,-110.0,36.0,-110.0,-110.0,1,dome,grass,,,00-0035282,00-0038579,Easton Stick,Aidan O'Connell,Brandon Staley,Antonio Pierce,Ron Torbert,VEG00,Allegiant Stadium,1,15.2,14.4,-0.4,18.49861366718326,-3.0,0.0,16.2,21.6,-1.2,20.10560717372515,-1.0,1.0,0,77.17627930730066,78.2986111111111,2.0,0.0,1.0,0.0
2023_15_MIN_CIN,2023,REG,15,2023-12-16,Saturday,13:00,MIN,24.0,CIN,27.0,Home,3.0,51.0,1.0,2023121600,59383.0,,202312160cin,,401547604,,6,6,145.0,-175.0,3.0,-105.0,-115.0,41.5,-110.0,-110.0,0,outdoors,fieldturf,53.0,5.0,00-0033319,00-0035100,Nick Mullens,Jake Browning,Kevin O'Connell,Zac Taylor,Bill Vinovich,CIN00,Paycor Stadium,0,25.0,25.0,-0.2,30.229899489930943,2.0,0.0,18.2,16.0,0.0,20.3513669484926,1.0,1.0,0,93.55415511665512,97.88461538461539,0.0,0.0,1.0,0.0
2023_15_PIT_IND,2023,REG,15,2023-12-16,Saturday,16:30,PIT,13.0,IND,30.0,Home,17.0,43.0,0.0,2023121601,59386.0,,202312160clt,,401547607,,9,6,102.0,-122.0,1.5,-110.0,-110.0,41.5,-110.0,-110.0,0,closed,fieldturf,,,00-0033869,00-0035289,Mitchell Trubisky,Gardner Minshew,Mike Tomlin,Shane Steichen,Adrian Hill,IND00,Lucas Oil Stadium,1,21.8,20.2,1.6,19.416940993513627,-1.0,0.0,15.4,17.4,0.4,16.254758216948442,-2.0,1.0,-3,81.4469981238274,79.52222505163682,2.0,0.0,1.0,0.0
2023_15_DEN_DET,2023,REG,15,2023-12-16,Saturday,20:15,DEN,17.0,DET,42.0,Home,25.0,59.0,0.0,2023121602,59385.0,,202312160det,,401547606,,6,6,210.0,-258.0,5.5,-108.0,-112.0,49.0,-108.0,-112.0,0,dome,fieldturf,,,00-0029263,00-0033106,Russell Wilson,Jared Goff,Sean Payton,Dan Campbell,John Hussey,DET00,Ford Field,1,28.0,29.8,-1.2,31.124894939396615,-1.0,0.0,23.0,16.6,1.2,25.76978971598002,1.0,0.0,0,93.29011544011544,92.02893179617317,0.0,0.0,1.0,0.0
2023_15_ATL_CAR,2023,REG,15,2023-12-17,Sunday,13:00,ATL,7.0,CAR,9.0,Home,2.0,16.0,0.0,2023121709,59382.0,,202312170car,,401547603,,7,7,-155.0,130.0,-3.0,-102.0,-118.0,32.0,-110.0,-110.0,1,outdoors,grass,47.0,11.0,00-0038122,00-0039150,Desmond Ridder,Bryce Young,Arthur Smith,Chris Tabor,Land Clark,CAR00,Bank of America Stadium,0,11.4,23.0,-0.8,10.711343687487147,-6.0,0.0,22.6,21.6,0.6,22.156417027543696,-1.0,0.0,0,61.74962786245059,78.15178571428571,0.0,0.0,1.0,0.0
2023_15_CHI_CLE,2023,REG,15,2023-12-17,Sunday,13:00,CHI,17.0,CLE,20.0,Home,3.0,37.0,0.0,2023121710,59384.0,,202312170cle,,401547605,,7,7,124.0,-148.0,3.0,-120.0,100.0,38.0,-110.0,-110.0,0,outdoors,grass,45.0,15.0,00-0036945,00-0026158,Justin Fields,Joe Flacco,Matt Eberflus,Kevin Stefanski,Brad Allen,CLE00,FirstEnergy Stadium,0,21.6,26.6,-0.2,26.230971366437114,1.0,0.0,19.8,18.2,0.6,18.666029290390348,2.0,0.0,0,65.96953509453509,88.55377092371096,2.0,0.0,0.0,0.0
2023_15_TB_GB,2023,REG,15,2023-12-17,Sunday,13:00,TB,34.0,GB,20.0,Home,-14.0,54.0,0.0,2023121700,59387.0,,202312170gnb,,401547598,,7,6,180.0,-218.0,4.0,-110.0,-110.0,41.5,-110.0,-110.0,0,outdoors,grass,42.0,8.0,00-0034855,00-0036264,Baker Mayfield,Jordan Love,Todd Bowles,Matt LaFleur,Tra Blake,GNB00,Lambeau Field,0,24.0,21.6,0.4,25.23774402109096,-1.0,0.0,20.8,20.6,-0.4,22.41535509048803,2.0,0.0,-1,100.2247150997151,85.42975734355045,1.0,0.0,2.0,0.0
2023_15_NYJ_MIA,2023,REG,15,2023-12-17,Sunday,13:00,NYJ,0.0,MIA,30.0,Home,30.0,30.0,0.0,2023121701,59388.0,,202312170mia,,401547594,,7,6,275.0,-345.0,7.5,-115.0,-105.0,36.0,-110.0,-110.0,1,outdoors,grass,76.0,15.0,00-0037013,00-0036212,Zach Wilson,Tua Tagovailoa,Robert Saleh,Mike McDaniel,Brad Rogers,MIA00,Hard Rock Stadium,0,28.0,18.0,0.0,28.540517381251775,-1.0,0.0,13.8,20.2,-1.0,14.648090996451803,1.0,1.0,-1,99.79881393116686,80.7083187976045,2.0,0.0,0.0,0.0
2023_15_KC_NE,2023,REG,15,2023-12-17,Sunday,13:00,KC,27.0,NE,17.0,Home,-10.0,44.0,0.0,2023121711,59396.0,,202312170nwe,,401547608,,7,10,-485.0,370.0,-10.0,-112.0,-108.0,39.5,-110.0,-110.0,0,outdoors,fieldturf,53.0,7.0,00-0033873,00-0038108,Patrick Mahomes,Bailey Zappe,Andy Reid,Bill Belichick,Shawn Hochuli,BOS00,Gillette Stadium,0,10.2,12.8,-0.6,9.795721308186193,1.0,0.0,21.0,19.8,-0.6,22.248752292514283,-2.0,0.0,3,56.303174603174604,90.77358744766406,1.0,0.0,2.0,0.0
2023_15_NYG_NO,2023,REG,15,2023-12-17,Sunday,13:00,NYG,6.0,NO,24.0,Home,18.0,30.0,0.0,2023121702,59389.0,,202312170nor,,401547599,,6,7,205.0,-250.0,6.0,-108.0,-112.0,39.5,-110.0,-110.0,0,dome,sportturf,,,00-0038476,00-0031280,Tommy DeVito,Derek Carr,Brian Daboll,Dennis Allen,Carl Cheffers,NOR00,Mercedes-Benz Superdome,1,22.8,21.4,0.4,21.933620293627857,1.0,0.0,17.6,25.4,1.6,18.82315074906367,3.0,0.0,1,93.51846138610844,100.28297720797721,0.0,0.0,1.0,0.0
2023_15_HOU_TEN,2023,REG,15,2023-12-17,Sunday,13:00,HOU,19.0,TEN,16.0,Home,-3.0,35.0,1.0,2023121703,59390.0,,202312170oti,,401547595,,7,6,142.0,-170.0,3.0,100.0,-120.0,38.0,-108.0,-112.0,1,outdoors,grass,48.0,9.0,00-0028986,00-0039152,Case Keenum,Will Levis,DeMeco Ryans,Mike Vrabel,Clete Blakeman,NAS00,Nissan Stadium,0,18.6,24.4,0.0,19.3788157158257,1.0,0.0,20.0,22.8,0.2,21.471274618703802,-1.0,1.0,-1,89.44969869311974,73.13762626262626,1.0,0.0,4.0,1.0
2023_15_SF_ARI,2023,REG,15,2023-12-17,Sunday,16:05,SF,45.0,ARI,29.0,Home,-16.0,74.0,0.0,2023121704,59391.0,,202312170crd,,401547596,,7,14,-750.0,525.0,-12.5,-110.0,-110.0,48.0,-110.0,-110.0,1,open,grass,,,00-0037834,00-0035228,Brock Purdy,Kyler Murray,Kyle Shanahan,Jonathan Gannon,Scott Novak,PHO00,State Farm Stadium,0,15.8,23.6,0.2,16.89805578609125,1.0,0.0,32.4,13.0,1.0,32.098425487876995,5.0,0.0,7,86.57072765700482,132.94230769230768,0.0,0.0,2.0,0.0
2023_15_WAS_LA,2023,REG,15,2023-12-17,Sunday,16:05,WAS,20.0,LA,28.0,Home,8.0,48.0,0.0,2023121705,59392.0,,202312170ram,,401547597,,14,7,240.0,-298.0,6.5,-108.0,-112.0,48.5,-110.0,-110.0,0,dome,matrixturf,,,00-0037077,00-0026498,Sam Howell,Matthew Stafford,Ron Rivera,Sean McVay,Alan Eck,LAX01,SoFi Stadium,1,24.8,21.2,0.2,26.573859881031062,-1.0,0.0,18.0,33.4,-2.0,18.96362202331041,-4.0,0.0,-7,96.62313966208538,76.12761674718197,0.0,0.0,0.0,0.0
2023_15_DAL_BUF,2023,REG,15,2023-12-17,Sunday,16:25,DAL,10.0,BUF,31.0,Home,21.0,41.0,0.0,2023121706,59393.0,,202312170buf,,401547600,,7,7,114.0,-135.0,2.0,-108.0,-112.0,49.5,-110.0,-110.0,0,outdoors,a_turf,48.0,9.0,00-0033077,00-0034857,Dak Prescott,Josh Allen,Mike McCarthy,Sean McDermott,Craig Wrolstad,BUF00,New Era Field,0,25.2,21.6,0.0,28.690124932040586,1.0,0.0,40.2,17.0,1.0,35.35937664076447,5.0,0.0,0,80.72231300583663,118.14435569556318,1.0,0.0,0.0,0.0
2023_15_BAL_JAX,2023,REG,15,2023-12-17,Sunday,20:20,BAL,23.0,JAX,7.0,Home,-16.0,30.0,0.0,2023121708,59395.0,,202312170jax,,401547602,,7,7,-225.0,185.0,-4.0,-110.0,-110.0,42.5,-108.0,-112.0,0,outdoors,grass,58.0,13.0,00-0034796,00-0036971,Lamar Jackson,Trevor Lawrence,John Harbaugh,Doug Pederson,Shawn Smith,JAX00,TIAA Bank Stadium,0,23.8,26.8,-1.0,25.027429487581863,-2.0,0.0,31.8,19.4,0.2,35.34898782402902,3.0,0.0,0,89.81541515426497,92.19916071984133,2.0,0.0,0.0,0.0
2023_15_PHI_SEA,2023,REG,15,2023-12-18,Monday,20:15,PHI,17.0,SEA,20.0,Home,3.0,37.0,0.0,2023121801,59394.0,,202312180sea,,401547601,,8,8,-238.0,195.0,-5.0,-120.0,100.0,46.0,-112.0,-108.0,0,outdoors,fieldturf,46.0,2.0,00-0036389,00-0035704,Jalen Hurts,Drew Lock,Nick Sirianni,Pete Carroll,Clay Martin,SEA00,Lumen Field,0,21.8,28.6,0.2,24.719559417445062,-4.0,1.0,23.6,29.8,-0.2,27.938764633830353,-2.0,0.0,0,71.30331541218638,92.83746731771511,0.0,0.0,3.0,0.0
2023_16_NO_LA,2023,REG,16,2023-12-21,Thursday,20:15,NO,22.0,LA,30.0,Home,8.0,52.0,0.0,2023122100,59397.0,,202312210ram,,401547609,,4,4,180.0,-218.0,4.0,100.0,-120.0,45.5,-112.0,-108.0,0,dome,matrixturf,,,00-0031280,00-0026498,Derek Carr,Matthew Stafford,Dennis Allen,Sean McVay,Brad Rogers,LAX01,SoFi Stadium,1,29.8,21.2,0.0,28.864316929095917,1.0,0.0,22.8,19.2,-0.6,21.387101515547425,2.0,0.0,0,104.57768511663082,98.71804121804121,0.0,0.0,1.0,0.0
2023_16_CIN_PIT,2023,REG,16,2023-12-23,Saturday,16:30,CIN,11.0,PIT,34.0,Home,23.0,45.0,0.0,2023122300,59398.0,,202312230pit,,401547610,,7,7,-155.0,130.0,-3.0,-105.0,-115.0,39.5,-110.0,-110.0,1,outdoors,grass,49.0,5.0,00-0035100,00-0034771,Jake Browning,Mason Rudolph,Zac Taylor,Mike Tomlin,Craig Wrolstad,PIT00,Acrisure Stadium,0,13.4,19.6,-0.6,14.03878775718663,-3.0,1.0,25.0,23.8,-0.2,31.027171564390667,3.0,0.0,0,71.03935185185185,105.18113924363925,2.0,0.0,1.0,0.0
2023_16_BUF_LAC,2023,REG,16,2023-12-23,Saturday,20:00,BUF,24.0,LAC,22.0,Home,-2.0,46.0,0.0,2023122301,59399.0,,202312230sdg,,401547611,,6,9,-800.0,550.0,-13.0,-105.0,-115.0,44.5,-115.0,-105.0,0,dome,matrixturf,,,00-0034857,00-0035282,Josh Allen,Easton Stick,Sean McDermott,Giff Smith,Adrian Hill,LAX01,SoFi Stadium,1,12.8,26.0,-1.6,17.00727032385988,-2.0,1.0,27.8,18.8,0.6,32.169073206391595,2.0,0.0,3,95.98524305555554,81.5439504327372,2.0,0.0,1.0,0.0
2023_16_IND_ATL,2023,REG,16,2023-12-24,Sunday,13:00,IND,10.0,ATL,29.0,Home,19.0,39.0,0.0,2023122402,59400.0,,202312240atl,,401547616,,8,7,130.0,-155.0,3.0,-115.0,-105.0,44.0,-105.0,-115.0,0,closed,fieldturf,,,00-0035289,00-0031800,Gardner Minshew,Taylor Heinicke,Shane Steichen,Arthur Smith,Alan Eck,ATL97,Mercedes-Benz Stadium,1,18.4,17.2,0.2,17.00553062763199,-2.0,1.0,22.4,20.2,1.4,22.348334458252275,1.0,0.0,-1,94.48834010313139,88.1708992227285,0.0,0.0,1.0,0.0
2023_16_GB_CAR,2023,REG,16,2023-12-24,Sunday,13:00,GB,33.0,CAR,30.0,Home,-3.0,63.0,0.0,2023122403,59401.0,,202312240car,,401547617,,7,7,-198.0,164.0,-3.5,-112.0,-108.0,39.5,-110.0,-110.0,0,outdoors,grass,67.0,1.0,00-0036264,00-0039150,Jordan Love,Bryce Young,Matt LaFleur,Chris Tabor,Alex Kemp,CAR00,Bank of America Stadium,0,10.6,21.2,-0.4,9.910201884440808,1.0,0.0,24.2,23.8,0.8,24.982828964936427,-2.0,0.0,0,66.78069511391257,108.16755698005697,0.0,0.0,4.0,0.0
2023_16_CLE_HOU,2023,REG,16,2023-12-24,Sunday,13:00,CLE,36.0,HOU,22.0,Home,-14.0,58.0,0.0,2023122404,59402.0,,202312240htx,,401547612,,7,7,-162.0,136.0,-3.0,-110.0,-110.0,40.0,-110.0,-110.0,0,closed,astroturf,,,00-0026158,00-0028986,Joe Flacco,Case Keenum,Kevin Stefanski,DeMeco Ryans,Tra Blake,HOU00,NRG Stadium,1,17.8,20.6,0.4,18.176424050632914,1.0,1.0,19.0,23.8,-1.0,21.896318218298553,2.0,0.0,0,70.97222222222221,70.67087542087543,3.0,0.0,1.0,0.0
2023_16_DET_MIN,2023,REG,16,2023-12-24,Sunday,13:00,DET,30.0,MIN,24.0,Home,-6.0,54.0,0.0,2023122405,59403.0,,202312240min,,401547618,,8,8,-148.0,124.0,-2.5,-125.0,105.0,47.5,-102.0,-118.0,1,dome,sportturf,,,00-0033106,00-0033319,Jared Goff,Nick Mullens,Dan Campbell,Kevin O'Connell,Land Clark,MIN01,U.S. Bank Stadium,1,16.8,15.8,-0.2,18.139326916879714,-1.0,1.0,28.2,25.6,-1.2,31.59600304307115,1.0,0.0,0,102.02602952602952,95.71955691367455,1.0,0.0,2.0,0.0
2023_16_WAS_NYJ,2023,REG,16,2023-12-24,Sunday,13:00,WAS,28.0,NYJ,30.0,Home,2.0,58.0,0.0,2023122406,59404.0,,202312240nyj,,401547613,,7,7,140.0,-166.0,3.0,-108.0,-112.0,36.5,-110.0,-110.0,0,outdoors,fieldturf,45.0,2.0,00-0037077,00-0032156,Sam Howell,Trevor Siemian,Ron Rivera,Robert Saleh,Clay Martin,NYC01,MetLife Stadium,0,11.4,23.0,-2.0,12.14625953996184,-1.0,1.0,18.0,35.6,-1.6,20.61764990769651,-5.0,0.0,0,72.39188034188035,69.41821503778026,1.0,1.0,2.0,0.0
2023_16_SEA_TEN,2023,REG,16,2023-12-24,Sunday,13:00,SEA,20.0,TEN,17.0,Home,-3.0,37.0,0.0,2023122407,59405.0,,202312240oti,,401547614,,6,7,-166.0,140.0,-3.0,-110.0,-110.0,42.0,-108.0,-112.0,0,outdoors,grass,61.0,4.0,00-0030565,00-0029701,Geno Smith,Ryan Tannehill,Pete Carroll,Mike Vrabel,Shawn Smith,NAS00,Nissan Stadium,0,20.6,24.2,0.0,21.227567815549907,-1.0,1.0,20.0,26.8,0.4,21.635805458693874,1.0,1.0,1,80.16356209150327,82.91006667230886,4.0,0.0,1.0,0.0
2023_16_JAX_TB,2023,REG,16,2023-12-24,Sunday,16:05,JAX,12.0,TB,30.0,Home,18.0,42.0,0.0,2023122408,59406.0,,202312240tam,,401547615,,7,7,-125.0,105.0,-2.0,-110.0,-110.0,43.0,-108.0,-112.0,0,outdoors,grass,72.0,11.0,00-0036971,00-0034855,Trevor Lawrence,Baker Mayfield,Doug Pederson,Todd Bowles,Brad Allen,TAM00,Raymond James Stadium,0,23.6,23.4,-0.4,24.725029184298855,3.0,0.0,24.6,24.6,-0.4,25.916950098524232,-3.0,0.0,0,96.62228607918263,96.83292384178166,0.0,0.0,0.0,0.0
2023_16_ARI_CHI,2023,REG,16,2023-12-24,Sunday,16:25,ARI,16.0,CHI,27.0,Home,11.0,43.0,0.0,2023122409,59407.0,,202312240chi,,401547619,,7,7,180.0,-218.0,4.5,-110.0,-110.0,42.0,-105.0,-115.0,0,outdoors,grass,52.0,4.0,00-0035228,00-0036945,Kyler Murray,Justin Fields,Jonathan Gannon,Matt Eberflus,John Hussey,CHI98,Soldier Field,0,19.8,17.4,2.0,17.804062969655767,-1.0,0.0,21.6,27.2,0.4,25.25341963849536,-1.0,0.0,0,72.78796632600981,79.20961654589371,1.0,0.0,2.0,0.0
2023_16_DAL_MIA,2023,REG,16,2023-12-24,Sunday,16:25,DAL,20.0,MIA,22.0,Home,2.0,42.0,0.0,2023122410,59408.0,,202312240mia,,401547620,,7,7,102.0,-122.0,1.5,-110.0,-110.0,48.5,100.0,-120.0,0,outdoors,grass,75.0,15.0,00-0033077,00-0036212,Dak Prescott,Tua Tagovailoa,Mike McCarthy,Mike McDaniel,Shawn Hochuli,MIA00,Hard Rock Stadium,0,31.2,13.8,0.8,31.12803728113709,1.0,0.0,32.4,19.8,1.0,27.932980958915856,-1.0,0.0,0,106.28574203574203,102.03371143786009,1.0,0.0,1.0,0.0
2023_16_NE_DEN,2023,REG,16,2023-12-24,Sunday,20:15,NE,26.0,DEN,23.0,Home,-3.0,49.0,0.0,2023122411,59409.0,,202312240den,,401547621,,7,8,270.0,-340.0,7.0,-110.0,-110.0,37.5,-110.0,-110.0,0,outdoors,grass,28.0,9.0,00-0038108,00-0029263,Bailey Zappe,Russell Wilson,Bill Belichick,Sean Payton,Carl Cheffers,DEN00,Empower Field at Mile High,0,21.6,20.6,0.4,22.258032272615438,-1.0,0.0,10.2,14.2,-0.6,10.568594732501799,-1.0,0.0,1,86.23421196858696,64.91428571428571,1.0,0.0,3.0,0.0
2023_16_LV_KC,2023,REG,16,2023-12-25,Monday,13:00,LV,20.0,KC,14.0,Home,-6.0,34.0,0.0,2023122500,59410.0,,202312250kan,,401547351,,11,8,440.0,-600.0,11.0,-102.0,-118.0,40.5,-110.0,-110.0,1,outdoors,grass,38.0,11.0,00-0038579,00-0033873,Aidan O'Connell,Patrick Mahomes,Antonio Pierce,Andy Reid,Clete Blakeman,KAN00,GEHA Field at Arrowhead Stadium,0,22.2,20.4,-0.8,27.017712066543975,1.0,0.0,21.8,17.4,-0.2,25.487247598111058,1.0,0.0,-3,88.20977363385023,83.26843617004576,1.0,0.0,1.0,0.0
2023_16_NYG_PHI,2023,REG,16,2023-12-25,Monday,16:30,NYG,25.0,PHI,33.0,Home,8.0,58.0,0.0,2023122501,59411.0,,202312250phi,,401547241,,8,7,600.0,-900.0,14.0,-112.0,-108.0,41.0,-108.0,-112.0,1,outdoors,grass,51.0,5.0,00-0038476,00-0036389,Tommy DeVito,Jalen Hurts,Brian Daboll,Nick Sirianni,Ron Torbert,PHI00,Lincoln Financial Field,0,21.4,29.2,-0.8,23.69502506058603,-3.0,0.0,17.6,24.2,2.0,18.93071161048689,-1.0,0.0,-1,74.82905217045001,99.21680073738898,4.0,0.0,1.0,0.0
2023_16_BAL_SF,2023,REG,16,2023-12-25,Monday,20:15,BAL,33.0,SF,19.0,Home,-14.0,52.0,0.0,2023122502,59412.0,,202312250sfo,,401547622,,8,8,275.0,-345.0,6.5,-105.0,-115.0,47.5,-112.0,-108.0,0,outdoors,grass,56.0,8.0,00-0034796,00-0037834,Lamar Jackson,Brock Purdy,John Harbaugh,Kyle Shanahan,Bill Vinovich,SFO01,Levi's Stadium,0,34.6,18.2,0.6,32.188518084889765,6.0,0.0,29.0,20.2,0.4,28.984320622452024,4.0,0.0,0,130.23333333333332,88.2541820873627,1.0,0.0,0.0,0.0
2023_17_NYJ_CLE,2023,REG,17,2023-12-28,Thursday,20:15,NYJ,20.0,CLE,37.0,Home,17.0,57.0,0.0,2023122800,59413.0,,202312280cle,,401547623,,4,4,270.0,-345.0,6.5,-105.0,-115.0,33.5,-110.0,-110.0,0,outdoors,grass,47.0,6.0,00-0032156,00-0026158,Trevor Siemian,Joe Flacco,Robert Saleh,Kevin Stefanski,Alex Kemp,CLE00,FirstEnergy Stadium,0,23.6,26.2,-0.8,26.07982530398646,3.0,0.0,16.2,22.2,-1.6,15.145780238485003,1.0,1.0,0,81.42484367484369,63.06478283621141,0.0,0.0,1.0,0.0
2023_17_DET_DAL,2023,REG,17,2023-12-30,Saturday,20:15,DET,19.0,DAL,20.0,Home,1.0,39.0,0.0,2023123000,59414.0,,202312300dal,,401547624,,6,6,195.0,-238.0,5.5,-110.0,-110.0,53.0,-110.0,-110.0,0,closed,matrixturf,,,00-0033106,00-0033077,Jared Goff,Dak Prescott,Dan Campbell,Mike McCarthy,Brad Allen,DAL00,AT&T Stadium,1,29.8,22.2,0.4,28.814891728874862,-2.0,0.0,28.0,25.2,0.0,32.600920884976254,2.0,0.0,0,104.58716538522852,102.00229500891264,0.0,0.0,0.0,0.0
2023_17_MIA_BAL,2023,REG,17,2023-12-31,Sunday,13:00,MIA,19.0,BAL,56.0,Home,37.0,75.0,0.0,2023123101,59415.0,,202312310rav,,401547625,,7,6,150.0,-180.0,3.0,100.0,-120.0,47.0,-108.0,-112.0,0,outdoors,grass,50.0,7.0,00-0036212,00-0034796,Tua Tagovailoa,Lamar Jackson,Mike McDaniel,John Harbaugh,Clete Blakeman,BAL00,M&T Bank Stadium,0,29.4,17.4,1.8,30.24047169521704,5.0,0.0,31.6,15.2,1.0,31.087712386955328,2.0,0.0,-1,95.863912936224,105.30514605514604,0.0,0.0,2.0,0.0
2023_17_NE_BUF,2023,REG,17,2023-12-31,Sunday,13:00,NE,21.0,BUF,27.0,Home,6.0,48.0,0.0,2023123102,59416.0,,202312310buf,,401547626,,7,8,750.0,-1200.0,15.0,-110.0,-110.0,40.0,-108.0,-112.0,1,outdoors,a_turf,35.0,4.0,00-0038108,00-0034857,Bailey Zappe,Josh Allen,Bill Belichick,Sean McDermott,Alan Eck,BUF00,New Era Field,0,28.2,18.4,1.0,30.98129481266121,3.0,0.0,14.2,16.8,-0.2,15.878539047724997,1.0,0.0,1,90.61751575630254,85.84321789321788,0.0,0.0,1.0,0.0
2023_17_ATL_CHI,2023,REG,17,2023-12-31,Sunday,13:00,ATL,17.0,CHI,37.0,Home,20.0,54.0,0.0,2023123103,59417.0,,202312310chi,,401547627,,7,7,130.0,-155.0,3.0,-115.0,-105.0,39.0,-110.0,-110.0,0,outdoors,grass,32.0,5.0,00-0031800,00-0036945,Taylor Heinicke,Justin Fields,Arthur Smith,Matt Eberflus,Adrian Hill,CHI98,Soldier Field,0,22.0,18.0,1.8,20.0699184077254,1.0,0.0,19.6,14.2,0.2,19.28225198684571,1.0,1.0,0,79.76018854823204,94.68339409128883,1.0,0.0,0.0,0.0
2023_17_TEN_HOU,2023,REG,17,2023-12-31,Sunday,13:00,TEN,3.0,HOU,26.0,Home,23.0,29.0,0.0,2023123104,59418.0,,202312310htx,,401547631,,7,7,190.0,-230.0,5.0,-105.0,-115.0,44.0,-108.0,-112.0,1,closed,astroturf,,,00-0039152,00-0039163,Will Levis,C.J. Stroud,Mike Vrabel,DeMeco Ryans,Scott Novak,HOU00,NRG Stadium,1,18.0,24.6,1.0,18.65046129265024,-1.0,1.0,21.2,21.4,0.0,20.85631337352699,-2.0,0.0,0,89.79218209290673,93.28516877858983,1.0,0.0,0.0,0.0
2023_17_LV_IND,2023,REG,17,2023-12-31,Sunday,13:00,LV,20.0,IND,23.0,Home,3.0,43.0,0.0,2023123105,59419.0,,202312310clt,,401547628,,6,7,150.0,-180.0,3.5,-110.0,-110.0,42.5,-105.0,-115.0,0,closed,fieldturf,,,00-0038579,00-0035289,Aidan O'Connell,Gardner Minshew,Antonio Pierce,Shane Steichen,Shawn Smith,IND00,Lucas Oil Stadium,1,22.4,24.8,1.0,24.27861286635467,-1.0,0.0,22.6,17.8,0.4,26.04509430176565,2.0,0.0,1,85.94277824460752,78.9298118314214,0.0,0.0,2.0,0.0
2023_17_CAR_JAX,2023,REG,17,2023-12-31,Sunday,13:00,CAR,0.0,JAX,26.0,Home,26.0,26.0,0.0,2023123106,59420.0,,202312310jax,,401547629,,7,7,160.0,-192.0,3.5,-110.0,-110.0,38.0,-110.0,-110.0,0,outdoors,grass,56.0,8.0,00-0039150,00-0033936,Bryce Young,C.J. Beathard,Chris Tabor,Doug Pederson,Carl Cheffers,JAX00,TIAA Bank Stadium,0,20.2,27.8,-1.2,21.00705221718708,-4.0,1.0,14.6,21.2,0.0,13.763839779782781,-1.0,0.0,0,75.15972222222223,76.19959677419355,1.0,1.0,0.0,0.0
2023_17_LA_NYG,2023,REG,17,2023-12-31,Sunday,13:00,LA,26.0,NYG,25.0,Home,-1.0,51.0,0.0,2023123107,59421.0,,202312310nyg,,401547632,,10,6,-298.0,240.0,-6.0,-112.0,-108.0,43.5,-108.0,-112.0,0,outdoors,fieldturf,41.0,10.0,00-0026498,00-0028118,Matthew Stafford,Tyrod Taylor,Sean McVay,Brian Daboll,Tra Blake,NYC01,MetLife Stadium,0,19.2,21.0,2.0,19.32644354984077,-2.0,1.0,32.4,22.4,0.2,32.15483748346202,2.0,0.0,-4,77.02640371282614,114.59349789335442,0.0,0.0,0.0,0.0
2023_17_ARI_PHI,2023,REG,17,2023-12-31,Sunday,13:00,ARI,35.0,PHI,31.0,Home,-4.0,66.0,0.0,2023123108,59422.0,,202312310phi,,401547633,,7,6,525.0,-750.0,12.0,-110.0,-110.0,48.0,-110.0,-110.0,0,outdoors,grass,45.0,9.0,00-0035228,00-0036389,Kyler Murray,Jalen Hurts,Jonathan Gannon,Nick Sirianni,Bill Vinovich,PHI00,Lincoln Financial Field,0,23.8,30.8,-1.2,24.525054078159595,1.0,0.0,19.8,28.0,0.8,24.57351987899741,-2.0,0.0,-1,79.0176486616781,84.51252224764809,1.0,0.0,2.0,0.0
2023_17_NO_TB,2023,REG,17,2023-12-31,Sunday,13:00,NO,23.0,TB,13.0,Home,-10.0,36.0,0.0,2023123109,59423.0,,202312310tam,,401547634,,10,7,124.0,-148.0,2.5,100.0,-120.0,42.5,-112.0,-108.0,1,outdoors,grass,66.0,5.0,00-0031280,00-0034855,Derek Carr,Baker Mayfield,Dennis Allen,Todd Bowles,Land Clark,TAM00,Raymond James Stadium,0,26.8,20.4,0.8,26.228445757794095,4.0,0.0,23.4,19.8,-0.4,21.55603886760635,-1.0,0.0,-3,104.62493158182812,102.4009115884116,2.0,0.0,1.0,0.0
2023_17_SF_WAS,2023,REG,17,2023-12-31,Sunday,13:00,SF,27.0,WAS,10.0,Home,-17.0,37.0,0.0,2023123110,59424.0,,202312310was,,401547635,,6,7,-1050.0,675.0,-14.0,-115.0,-105.0,49.0,-112.0,-108.0,0,outdoors,grass,48.0,7.0,00-0037834,00-0037077,Brock Purdy,Sam Howell,Kyle Shanahan,Ron Rivera,Ron Torbert,WAS00,FedExField,0,18.4,35.8,-1.2,19.943146283077052,-6.0,0.0,33.0,22.0,-0.8,30.903680334283635,-1.0,0.0,1,47.90306352262874,107.08229166666665,5.0,0.0,2.0,0.0
2023_17_PIT_SEA,2023,REG,17,2023-12-31,Sunday,16:05,PIT,30.0,SEA,23.0,Home,-7.0,53.0,0.0,2023123111,59425.0,,202312310sea,,401547636,,8,7,185.0,-225.0,4.5,-110.0,-110.0,40.5,-108.0,-112.0,0,outdoors,fieldturf,47.0,4.0,00-0034771,00-0030565,Mason Rudolph,Geno Smith,Mike Tomlin,Pete Carroll,Shawn Hochuli,SEA00,Lumen Field,0,20.8,26.8,0.4,22.41535509048803,2.0,1.0,18.2,19.2,-0.2,18.754453118592632,1.0,1.0,-1,94.00795027019245,84.2787422839506,1.0,0.0,2.0,0.0
2023_17_LAC_DEN,2023,REG,17,2023-12-31,Sunday,16:25,LAC,9.0,DEN,16.0,Home,7.0,25.0,0.0,2023123112,59426.0,,202312310den,,401547630,,8,7,164.0,-198.0,3.5,-108.0,-112.0,39.5,-110.0,-110.0,1,outdoors,grass,41.0,6.0,00-0035282,00-0035264,Easton Stick,Jarrett Stidham,Giff Smith,Sean Payton,Craig Wrolstad,DEN00,Empower Field at Mile High,0,22.0,21.8,-0.4,23.352029124778234,-2.0,1.0,13.2,26.2,-1.2,17.21470599683421,-3.0,0.0,-1,86.85740321769732,93.09369739057239,3.0,0.0,4.0,0.0
2023_17_CIN_KC,2023,REG,17,2023-12-31,Sunday,16:25,CIN,17.0,KC,25.0,Home,8.0,42.0,0.0,2023123113,59427.0,,202312310kan,,401547235,,8,6,275.0,-345.0,7.5,-115.0,-105.0,46.0,-112.0,-108.0,0,outdoors,grass,36.0,12.0,00-0035100,00-0033873,Jake Browning,Patrick Mahomes,Zac Taylor,Andy Reid,John Hussey,KAN00,GEHA Field at Arrowhead Stadium,0,21.6,20.2,-1.0,27.3484342721822,-1.0,0.0,23.2,23.8,-0.8,27.815101743839314,-1.0,0.0,-2,88.61366722088336,100.24066305316305,1.0,0.0,0.0,0.0
2023_17_GB_MIN,2023,REG,17,2023-12-31,Sunday,20:20,GB,33.0,MIN,10.0,Home,-23.0,43.0,0.0,2023123114,59428.0,,202312310min,,401547637,,7,7,-108.0,-112.0,1.0,-112.0,-108.0,42.5,-112.0,-108.0,1,dome,sportturf,,,00-0036264,00-0038598,Jordan Love,Jaren Hall,Matt LaFleur,Kevin O'Connell,Clay Martin,MIN01,U.S. Bank Stadium,1,16.2,18.0,-1.2,16.453329611591627,-2.0,1.0,26.2,25.8,0.6,27.297041492184583,1.0,0.0,0,103.64583333333333,108.27469983719985,1.0,0.0,3.0,0.0
2023_18_PIT_BAL,2023,REG,18,2024-01-06,Saturday,16:30,PIT,17.0,BAL,10.0,Home,-7.0,27.0,0.0,2024010600,59430.0,,202401060rav,,401547639,,6,6,-155.0,130.0,-3.0,-105.0,-115.0,34.0,-110.0,-110.0,1,outdoors,grass,38.0,15.0,00-0034771,00-0035993,Mason Rudolph,Tyler Huntley,Mike Tomlin,John Harbaugh,Brad Allen,BAL00,M&T Bank Stadium,0,33.8,17.2,2.2,36.21759935398588,6.0,1.0,21.0,21.8,0.0,20.804535038438793,2.0,0.0,0,98.64326765188835,89.85354938271605,4.0,1.0,0.0,0.0
2023_18_HOU_IND,2023,REG,18,2024-01-06,Saturday,20:15,HOU,23.0,IND,19.0,Home,-4.0,42.0,0.0,2024010601,59435.0,,202401060clt,,401547644,,6,6,-125.0,105.0,-1.5,-110.0,-110.0,47.5,-108.0,-112.0,1,closed,fieldturf,,,00-0039163,00-0035289,C.J. Stroud,Gardner Minshew,DeMeco Ryans,Shane Steichen,Bill Vinovich,IND00,Lucas Oil Stadium,1,21.6,24.8,0.8,24.49277446866116,1.0,0.0,19.0,20.4,1.0,19.507628958120527,1.0,1.0,0,95.0016329635895,92.91384341769306,0.0,0.0,2.0,0.0
2023_18_TB_CAR,2023,REG,18,2024-01-07,Sunday,13:00,TB,9.0,CAR,0.0,Home,-9.0,9.0,0.0,2024010705,59431.0,,202401070car,,401547640,,7,7,-245.0,200.0,-5.0,-105.0,-115.0,36.5,-110.0,-110.0,1,outdoors,grass,54.0,19.0,00-0034855,00-0039150,Baker Mayfield,Bryce Young,Todd Bowles,Chris Tabor,Clete Blakeman,CAR00,Bank of America Stadium,0,12.6,23.0,0.0,11.531849243348569,-2.0,0.0,25.4,19.6,0.2,26.414808233492664,-1.0,0.0,0,71.51545698924731,104.22341643031298,1.0,0.0,0.0,0.0
2023_18_CLE_CIN,2023,REG,18,2024-01-07,Sunday,13:00,CLE,14.0,CIN,31.0,Home,17.0,45.0,0.0,2024010701,59432.0,,202401070cin,,401547641,,10,7,285.0,-360.0,7.5,-115.0,-105.0,37.0,-112.0,-108.0,1,outdoors,fieldturf,38.0,12.0,00-0032436,00-0035100,Jeff Driskel,Jake Browning,Kevin Stefanski,Zac Taylor,Alan Eck,CIN00,Paycor Stadium,0,24.6,25.6,-0.6,28.5246103753778,-2.0,0.0,28.6,24.4,-0.6,30.18740811718996,4.0,1.0,-3,98.01746957996957,91.38888888888889,1.0,0.0,4.0,0.0
2023_18_MIN_DET,2023,REG,18,2024-01-07,Sunday,13:00,MIN,20.0,DET,30.0,Home,10.0,50.0,0.0,2024010703,59433.0,,202401070det,,401547642,,7,8,170.0,-205.0,3.5,-102.0,-118.0,47.5,-110.0,-110.0,1,dome,fieldturf,,,00-0033319,00-0033106,Nick Mullens,Jared Goff,Kevin O'Connell,Dan Campbell,Brad Rogers,DET00,Ford Field,1,27.4,23.4,0.6,30.51800772333399,-1.0,0.0,14.2,20.4,-1.2,13.66041263901384,-3.0,0.0,1,94.7139705882353,85.08789821289822,1.0,0.0,3.0,0.0
2023_18_NYJ_NE,2023,REG,18,2024-01-07,Sunday,13:00,NYJ,17.0,NE,3.0,Home,-14.0,20.0,0.0,2024010704,59439.0,,202401070nwe,,401547648,,10,7,120.0,-142.0,2.5,-112.0,-108.0,28.5,-110.0,-110.0,1,outdoors,fieldturf,33.0,14.0,00-0032156,00-0038108,Trevor Siemian,Bailey Zappe,Robert Saleh,Bill Belichick,Land Clark,BOS00,Gillette Stadium,0,17.0,20.2,-0.4,20.04135048438929,-1.0,0.0,17.6,22.8,-1.6,15.725670246053195,-1.0,0.0,-3,86.90548895548896,62.29626431769289,1.0,0.0,2.0,0.0
2023_18_ATL_NO,2023,REG,18,2024-01-07,Sunday,13:00,ATL,17.0,NO,48.0,Home,31.0,65.0,0.0,2024010700,59440.0,,202401070nor,,401547649,,7,7,145.0,-175.0,3.5,-122.0,102.0,41.5,-108.0,-112.0,1,dome,sportturf,,,00-0038122,00-0031280,Desmond Ridder,Derek Carr,Arthur Smith,Dennis Allen,John Hussey,NOR00,Mercedes-Benz Superdome,1,25.0,17.6,0.4,23.766604481140998,1.0,0.0,18.2,18.6,-0.6,18.962066990754177,-1.0,1.0,0,109.19778658841157,69.20734126984127,0.0,0.0,3.0,0.0
2023_18_JAX_TEN,2023,REG,18,2024-01-07,Sunday,13:00,JAX,20.0,TEN,28.0,Home,8.0,48.0,0.0,2024010702,59443.0,,202401070oti,,401547652,,7,7,-185.0,154.0,-3.5,-102.0,-118.0,41.5,-112.0,-108.0,1,outdoors,grass,41.0,11.0,00-0036971,00-0029701,Trevor Lawrence,Ryan Tannehill,Doug Pederson,Mike Vrabel,Tra Blake,NAS00,Nissan Stadium,0,18.4,24.6,-0.4,18.357560447850084,-3.0,1.0,20.6,23.6,-0.8,21.50223135475295,1.0,0.0,0,80.1210407239819,85.72839797971271,0.0,0.0,0.0,0.0
2023_18_SEA_ARI,2023,REG,18,2024-01-07,Sunday,16:25,SEA,21.0,ARI,20.0,Home,-1.0,41.0,0.0,2024010712,59429.0,,202401070crd,,401547638,,7,7,-155.0,130.0,-2.5,-122.0,102.0,48.0,-110.0,-110.0,1,closed,grass,,,00-0030565,00-0035228,Geno Smith,Kyler Murray,Pete Carroll,Jonathan Gannon,Adrian Hill,PHO00,State Farm Stadium,1,23.6,30.0,0.2,26.86852969826024,1.0,0.0,22.8,26.6,0.0,24.246770456420993,-1.0,0.0,0,90.92918891431478,94.5952058042565,3.0,0.0,2.0,0.0
2023_18_CHI_GB,2023,REG,18,2024-01-07,Sunday,16:25,CHI,9.0,GB,17.0,Home,8.0,26.0,0.0,2024010706,59434.0,,202401070gnb,,401547643,,7,7,124.0,-148.0,2.5,-102.0,-118.0,45.5,-108.0,-112.0,1,outdoors,grass,34.0,7.0,00-0036945,00-0036264,Justin Fields,Jordan Love,Matt Eberflus,Matt LaFleur,Carl Cheffers,GNB00,Lambeau Field,0,27.0,23.4,0.6,29.895592366159946,2.0,0.0,24.2,15.2,2.0,23.974749901438987,2.0,0.0,0,108.23366448366448,78.62341318591318,0.0,0.0,2.0,0.0
2023_18_KC_LAC,2023,REG,18,2024-01-07,Sunday,16:25,KC,13.0,LAC,12.0,Home,-1.0,25.0,0.0,2024010709,59436.0,,202401070sdg,,401547645,,7,7,154.0,-185.0,3.5,-115.0,-105.0,35.0,-108.0,-115.0,1,dome,matrixturf,,,00-0027948,00-0035282,Blaine Gabbert,Easton Stick,Andy Reid,Giff Smith,Scott Novak,LAX01,SoFi Stadium,1,13.0,25.4,-0.6,16.098747351172875,-4.0,0.0,20.4,20.2,-1.2,24.458106705789735,1.0,1.0,0,89.5297028674907,65.27083333333333,4.0,0.0,4.0,1.0
2023_18_DEN_LV,2023,REG,18,2024-01-07,Sunday,16:25,DEN,14.0,LV,27.0,Home,13.0,41.0,0.0,2024010708,59437.0,,202401070rai,,401547646,,7,7,145.0,-175.0,3.5,-118.0,-102.0,37.5,-115.0,-105.0,1,dome,grass,,,00-0035264,00-0038579,Jarrett Stidham,Aidan O'Connell,Sean Payton,Antonio Pierce,Shawn Hochuli,VEG00,Allegiant Stadium,1,24.0,18.4,0.4,26.67848137662567,-1.0,0.0,19.4,21.2,-0.6,19.562631671348313,1.0,1.0,0,86.913724649273,88.580552413273,3.0,0.0,1.0,0.0
2023_18_PHI_NYG,2023,REG,18,2024-01-07,Sunday,16:25,PHI,10.0,NYG,27.0,Home,17.0,37.0,0.0,2024010711,59441.0,,202401070nyg,,401547650,,7,7,-238.0,190.0,-4.5,-112.0,-108.0,43.0,-105.0,-115.0,1,outdoors,fieldturf,36.0,12.0,00-0036389,00-0028118,Jalen Hurts,Tyrod Taylor,Nick Sirianni,Brian Daboll,Craig Wrolstad,NYC01,MetLife Stadium,0,18.0,22.4,1.2,18.18336566099174,-3.0,1.0,22.6,31.0,-1.0,21.741220115613572,-1.0,0.0,0,78.33850850054067,83.4613139258202,2.0,0.0,2.0,0.0
2023_18_LA_SF,2023,REG,18,2024-01-07,Sunday,16:25,LA,21.0,SF,20.0,Home,-1.0,41.0,0.0,2024010710,59442.0,,202401070sfo,,401547651,,7,7,200.0,-245.0,5.5,-108.0,-112.0,40.0,-108.0,-112.0,1,outdoors,grass,52.0,11.0,00-0032950,00-0034869,Carson Wentz,Sam Darnold,Sean McVay,Kyle Shanahan,Clay Martin,SFO01,Levi's Stadium,0,32.2,21.4,-0.2,27.058279201779023,1.0,1.0,30.2,24.6,0.0,30.894519164224068,3.0,1.0,0,58.2936507936508,74.92646151363256,5.0,0.0,6.0,1.0
2023_18_DAL_WAS,2023,REG,18,2024-01-07,Sunday,16:25,DAL,38.0,WAS,10.0,Home,-28.0,48.0,0.0,2024010707,59444.0,,202401070was,,401547653,,8,7,-850.0,575.0,-13.0,-115.0,-105.0,47.5,-110.0,-110.0,1,outdoors,grass,48.0,13.0,00-0033077,00-0037077,Dak Prescott,Sam Howell,Mike McCarthy,Ron Rivera,Shawn Smith,WAS00,FedExField,0,16.6,35.0,-0.4,18.096388171879745,-7.0,0.0,24.8,24.0,0.2,24.104000270745907,1.0,0.0,-1,47.332296326861545,96.87746143786009,2.0,0.0,0.0,0.0
2023_18_BUF_MIA,2023,REG,18,2024-01-07,Sunday,20:20,BUF,21.0,MIA,14.0,Home,-7.0,35.0,0.0,2024010713,59438.0,,202401070mia,,401547647,,7,7,-155.0,130.0,-2.5,-125.0,105.0,47.5,-110.0,-110.0,1,outdoors,grass,63.0,6.0,00-0034857,00-0036212,Josh Allen,Tua Tagovailoa,Sean McDermott,Mike McDaniel,Alex Kemp,MIA00,Hard Rock Stadium,0,28.6,23.8,0.8,28.737123385581192,-1.0,0.0,27.2,21.4,1.0,30.11704119850187,4.0,0.0,0,104.19111096742674,79.6435574229692,2.0,0.0,0.0,0.0
2023_19_CLE_HOU,2023,WC,19,2024-01-13,Saturday,16:30,CLE,14.0,HOU,45.0,Home,31.0,59.0,0.0,2024011300,59494.0,,202401130htx,,401547749,,6,7,-148.0,124.0,-2.5,-110.0,-110.0,45.0,-105.0,-115.0,0,closed,astroturf,,,00-0026158,00-0039163,Joe Flacco,C.J. Stroud,Kevin Stefanski,DeMeco Ryans,Clay Martin,HOU00,NRG Stadium,1,19.2,20.8,0.6,18.252752241516287,2.0,0.0,27.6,23.4,-0.6,28.544997839239414,-1.0,0.0,1,102.7475232513729,92.3931474017681,0.0,0.0,2.0,0.0
2023_19_MIA_KC,2023,WC,19,2024-01-13,Saturday,20:00,MIA,7.0,KC,26.0,Home,19.0,33.0,0.0,2024011301,59495.0,,202401130kan,,401547750,,6,6,190.0,-230.0,4.5,-102.0,-118.0,43.5,-118.0,-102.0,0,outdoors,grass,-4.0,19.0,00-0036212,00-0033873,Tua Tagovailoa,Patrick Mahomes,Mike McDaniel,Andy Reid,Brad Rogers,KAN00,GEHA Field at Arrowhead Stadium,0,19.2,17.2,-1.0,21.427143935693028,2.0,0.0,22.4,25.0,0.8,24.85099666674024,-2.0,0.0,0,85.87955633514976,88.54296281927861,1.0,0.0,1.0,0.0
2023_19_GB_DAL,2023,WC,19,2024-01-14,Sunday,16:30,GB,48.0,DAL,32.0,Home,-16.0,80.0,0.0,2024011401,59497.0,,202401140dal,,401547752,,7,7,275.0,-345.0,7.0,102.0,-122.0,52.5,-105.0,-115.0,0,closed,matrixturf,,,00-0036264,00-0033077,Jordan Love,Dak Prescott,Matt LaFleur,Mike McCarthy,Ron Torbert,DAL00,AT&T Stadium,1,24.2,19.0,0.4,21.864971910112356,2.0,0.0,25.0,21.4,0.2,28.635624871800708,3.0,0.0,0,98.60115159142829,110.2359792984793,0.0,0.0,0.0,0.0
2023_19_LA_DET,2023,WC,19,2024-01-14,Sunday,20:00,LA,23.0,DET,24.0,Home,1.0,47.0,0.0,2024011402,59498.0,,202401140det,,401547753,,7,7,136.0,-162.0,3.5,-122.0,102.0,52.5,-102.0,-118.0,0,dome,fieldturf,,,00-0026498,00-0033106,Matthew Stafford,Jared Goff,Sean McVay,Dan Campbell,Craig Wrolstad,DET00,Ford Field,1,26.8,21.8,0.6,31.3329465885035,1.0,0.0,27.2,24.8,-0.2,27.185293825196375,4.0,0.0,0,96.09313725490196,107.38613009775133,0.0,0.0,0.0,0.0
2023_19_PIT_BUF,2023,WC,19,2024-01-15,Monday,16:30,PIT,17.0,BUF,31.0,Home,14.0,48.0,0.0,2024011501,59496.0,,202401150buf,,401547751,,9,8,370.0,-485.0,10.0,-108.0,-112.0,39.5,-115.0,-105.0,0,outdoors,a_turf,17.0,10.0,00-0034771,00-0034857,Mason Rudolph,Josh Allen,Mike Tomlin,Sean McDermott,Carl Cheffers,BUF00,New Era Field,0,24.6,16.8,0.6,26.663119487157367,5.0,0.0,22.4,19.0,0.2,24.46645513224523,3.0,0.0,-1,83.55910609857979,98.7368827160494,0.0,0.0,1.0,0.0
2023_19_PHI_TB,2023,WC,19,2024-01-15,Monday,20:00,PHI,9.0,TB,32.0,Home,23.0,41.0,0.0,2024011500,59499.0,,202401150tam,,401547754,,8,8,-162.0,136.0,-2.5,-125.0,105.0,43.0,-102.0,-118.0,0,outdoors,grass,65.0,2.0,00-0036389,00-0034855,Jalen Hurts,Baker Mayfield,Nick Sirianni,Todd Bowles,Adrian Hill,TAM00,Raymond James Stadium,0,23.0,16.0,0.6,23.52893843632959,1.0,0.0,20.8,28.0,-1.6,19.067607252298266,-2.0,0.0,0,104.93192936134747,71.77960096285724,0.0,0.0,1.0,0.0
2023_20_HOU_BAL,2023,DIV,20,2024-01-20,Saturday,16:30,HOU,10.0,BAL,34.0,Home,24.0,44.0,0.0,2024012000,59500.0,,202401200rav,,401547755,,7,14,330.0,-425.0,10.0,-115.0,-105.0,44.0,-105.0,-115.0,0,outdoors,grass,27.0,16.0,00-0039163,00-0034796,C.J. Stroud,Lamar Jackson,DeMeco Ryans,John Harbaugh,John Hussey,BAL00,M&T Bank Stadium,0,31.8,18.6,1.4,34.40093067932325,-1.0,0.0,27.0,17.6,0.8,25.88582700635242,3.0,0.0,7,103.26775909007014,111.00149150534116,0.0,0.0,0.0,0.0
2023_20_GB_SF,2023,DIV,20,2024-01-20,Saturday,20:15,GB,21.0,SF,24.0,Home,3.0,45.0,0.0,2024012001,59501.0,,202401200sfo,,401547756,,6,13,360.0,-470.0,10.5,-112.0,-108.0,50.5,-105.0,-115.0,0,outdoors,grass,59.0,8.0,00-0036264,00-0037834,Jordan Love,Brock Purdy,Matt LaFleur,Kyle Shanahan,Alex Kemp,SFO01,Levi's Stadium,0,27.8,21.8,-0.2,23.326163038215604,-1.0,0.0,30.2,23.0,0.8,36.28462676308869,4.0,0.0,7,114.68943452380952,126.35319541569542,0.0,0.0,0.0,0.0
2023_20_TB_DET,2023,DIV,20,2024-01-21,Sunday,15:00,TB,23.0,DET,31.0,Home,8.0,54.0,0.0,2024012100,59502.0,,202401210det,,401547757,,6,7,225.0,-278.0,6.0,-102.0,-118.0,49.5,-105.0,-115.0,0,dome,fieldturf,,,00-0034855,00-0033106,Baker Mayfield,Jared Goff,Todd Bowles,Dan Campbell,Bill Vinovich,DET00,Ford Field,1,29.0,20.8,1.2,32.81791813965008,2.0,0.0,23.6,12.8,0.4,22.780838855277057,2.0,0.0,1,109.52832244008714,111.69198683261183,0.0,0.0,0.0,0.0
2023_20_KC_BUF,2023,DIV,20,2024-01-21,Sunday,18:30,KC,27.0,BUF,24.0,Home,-3.0,51.0,0.0,2024012101,59503.0,,202401210buf,,401547758,,8,6,120.0,-142.0,2.5,-110.0,-110.0,45.5,-108.0,-112.0,0,outdoors,a_turf,25.0,11.0,00-0033873,00-0034857,Patrick Mahomes,Josh Allen,Andy Reid,Sean McDermott,Shawn Hochuli,BUF00,New Era Field,0,26.8,16.8,0.8,29.500610530696278,6.0,0.0,21.0,14.6,-0.8,22.717595731628563,3.0,0.0,-2,94.1781537176274,86.77632893923945,0.0,0.0,0.0,0.0
2023_21_KC_BAL,2023,CON,21,2024-01-28,Sunday,15:00,KC,17.0,BAL,10.0,Home,-7.0,27.0,0.0,2024012800,59504.0,,202401280rav,,401547379,,7,8,180.0,-218.0,4.5,-110.0,-112.0,44.0,-105.0,-115.0,0,outdoors,grass,47.0,7.0,00-0033873,00-0034796,Patrick Mahomes,Lamar Jackson,Andy Reid,John Harbaugh,Shawn Smith,BAL00,M&T Bank Stadium,0,31.2,14.4,1.6,35.37845201028834,1.0,0.0,21.0,16.0,-0.8,21.87930806625482,4.0,0.0,1,111.13944469613075,98.12786247479724,0.0,0.0,0.0,0.0
2023_21_DET_SF,2023,CON,21,2024-01-28,Sunday,18:30,DET,31.0,SF,34.0,Home,3.0,65.0,0.0,2024012801,59505.0,,202401280sfo,,401547380,,7,8,260.0,-325.0,7.5,-120.0,100.0,52.5,-110.0,-110.0,0,outdoors,grass,69.0,5.0,00-0033106,00-0037834,Jared Goff,Brock Purdy,Dan Campbell,Kyle Shanahan,Clete Blakeman,SFO01,Levi's Stadium,0,27.0,22.8,0.2,23.972880670977318,1.0,0.0,26.8,22.0,1.4,31.52877750468165,3.0,0.0,1,102.27609169380003,103.32392207529008,0.0,0.0,0.0,0.0
2023_22_SF_KC,2023,SB,22,2024-02-11,Sunday,18:30,SF,22.0,KC,25.0,Neutral,3.0,47.0,1.0,2024021100,59506.0,,202402110kan,,401547378,,14,14,-120.0,100.0,-1.5,-110.0,-110.0,47.0,-110.0,-110.0,0,dome,grass,,,00-0037834,00-0033873,Brock Purdy,Patrick Mahomes,Kyle Shanahan,Andy Reid,Bill Vinovich,VEG00,Allegiant Stadium,1,21.6,14.0,0.2,23.144974735091573,5.0,0.0,24.8,23.2,-0.2,22.300038467043585,2.0,0.0,0,99.67671902365379,95.67165123183267,0.0,0.0,0.0,0.0
2024_01_BAL_KC,2024,REG,1,2024-09-05,Thursday,20:20,BAL,20.0,KC,27.0,Home,7.0,47.0,0.0,2024090500,59508.0,,202409050kan,,401671789,6449.0,7,7,124.0,-148.0,3.0,-118.0,-102.0,46.0,-110.0,-110.0,0,outdoors,grass,67.0,8.0,00-0034796,00-0033873,Lamar Jackson,Patrick Mahomes,John Harbaugh,Andy Reid,Shawn Hochuli,KAN00,GEHA Field at Arrowhead Stadium,0,21.6,15.0,0.0,23.27748413242988,6.0,0.0,28.6,16.4,0.8,36.374466988055474,-1.0,0.0,0,104.81588239651282,107.68459449709451,0.0,0.0,0.0,0.0
2024_01_GB_PHI,2024,REG,1,2024-09-06,Friday,20:15,GB,29.0,PHI,34.0,Neutral,5.0,63.0,0.0,2024090600,59509.0,,202409060phi,,401671805,6450.0,7,7,110.0,-130.0,2.0,-110.0,-110.0,49.5,-112.0,-108.0,0,outdoors,,,,00-0036264,00-0036389,Jordan Love,Jalen Hurts,Matt LaFleur,Nick Sirianni,Ron Torbert,SAO00,Arena Corinthians,0,20.0,27.8,-1.2,18.949480619862758,-3.0,0.0,30.4,21.0,0.4,36.064524124256444,-1.0,0.0,0,74.35014770007065,118.54148098633394,0.0,0.0,0.0,0.0
2024_01_PIT_ATL,2024,REG,1,2024-09-08,Sunday,13:00,PIT,18.0,ATL,10.0,Home,-8.0,28.0,0.0,2024090800,59510.0,,202409080atl,,401671744,6451.0,7,7,160.0,-192.0,4.0,-110.0,-110.0,43.0,-115.0,-105.0,0,closed,fieldturf,,,00-0036945,00-0029604,Justin Fields,Kirk Cousins,Mike Tomlin,Raheem Morris,Brad Rogers,ATL97,Mercedes-Benz Stadium,1,19.0,26.6,-1.8,20.996469524395877,-2.0,1.0,22.2,21.0,-0.2,23.924080913886264,-1.0,1.0,0,99.3295333678511,80.7405303030303,0.0,0.0,1.0,0.0
2024_01_ARI_BUF,2024,REG,1,2024-09-08,Sunday,13:00,ARI,28.0,BUF,34.0,Home,6.0,62.0,0.0,2024090801,59511.0,,202409080buf,,401671617,6452.0,7,7,250.0,-310.0,6.5,-105.0,-115.0,46.0,-112.0,-108.0,0,outdoors,a_turf,61.0,20.0,00-0035228,00-0034857,Kyler Murray,Josh Allen,Jonathan Gannon,Sean McDermott,Tra Blake,BUF00,New Era Field,0,25.4,20.2,0.8,28.629223294983063,-1.0,0.0,24.8,26.8,0.0,27.08786103927151,-1.0,0.0,0,93.52858106805475,96.42918891431478,0.0,0.0,0.0,0.0
2024_01_TEN_CHI,2024,REG,1,2024-09-08,Sunday,13:00,TEN,17.0,CHI,24.0,Home,7.0,41.0,0.0,2024090802,59512.0,,202409080chi,,401671719,6453.0,7,7,164.0,-198.0,4.0,-108.0,-112.0,43.0,-110.0,-110.0,0,outdoors,grass,67.0,8.0,00-0039152,00-0039918,Will Levis,Caleb Williams,Brian Callahan,Matt Eberflus,Shawn Smith,CHI98,Soldier Field,0,23.6,16.6,1.8,22.511470828272092,-1.0,1.0,18.4,22.4,0.0,18.292921150498497,1.0,1.0,0,,73.00739100081205,0.0,0.0,0.0,0.0
2024_01_NE_CIN,2024,REG,1,2024-09-08,Sunday,13:00,NE,16.0,CIN,10.0,Home,-6.0,26.0,0.0,2024090803,59513.0,,202409080cin,,401671628,6454.0,7,7,295.0,-375.0,8.0,-110.0,-110.0,40.5,-112.0,-108.0,0,outdoors,fieldturf,66.0,5.0,00-0033119,00-0036442,Jacoby Brissett,Joe Burrow,Jerod Mayo,Zac Taylor,Land Clark,CIN00,Paycor Stadium,0,24.0,22.2,-0.2,26.783929919616288,1.0,1.0,17.6,22.4,-0.6,20.28290529695024,-2.0,1.0,0,104.54802887063916,102.59414245389856,1.0,0.0,1.0,0.0
2024_01_HOU_IND,2024,REG,1,2024-09-08,Sunday,13:00,HOU,29.0,IND,27.0,Home,-2.0,56.0,0.0,2024090804,59514.0,,202409080clt,,401671861,6455.0,7,7,-155.0,130.0,-3.0,-108.0,-112.0,49.0,-112.0,-108.0,1,closed,fieldturf,,,00-0039163,00-0039164,C.J. Stroud,Anthony Richardson,DeMeco Ryans,Shane Steichen,John Hussey,IND00,Lucas Oil Stadium,1,19.2,23.8,0.4,21.992159901542948,-1.0,1.0,25.2,21.2,0.8,25.411253511235955,-1.0,0.0,0,87.94388138138139,104.2141738846902,1.0,0.0,0.0,0.0
2024_01_JAX_MIA,2024,REG,1,2024-09-08,Sunday,13:00,JAX,17.0,MIA,20.0,Home,3.0,37.0,0.0,2024090805,59515.0,,202409080mia,,401671849,6456.0,7,7,150.0,-180.0,3.5,-110.0,-110.0,49.5,-112.0,-108.0,0,outdoors,grass,91.0,10.0,00-0036971,00-0036212,Trevor Lawrence,Tua Tagovailoa,Doug Pederson,Mike McDaniel,Craig Wrolstad,MIA00,Hard Rock Stadium,0,18.4,24.6,0.8,21.64662336142322,-3.0,0.0,18.4,22.4,-1.2,18.926009496326312,-1.0,0.0,0,83.23799001430581,83.98829190056135,0.0,0.0,0.0,0.0
2024_01_CAR_NO,2024,REG,1,2024-09-08,Sunday,13:00,CAR,10.0,NO,47.0,Home,37.0,57.0,0.0,2024090806,59516.0,,202409080nor,,401671734,6457.0,7,7,160.0,-192.0,3.5,-108.0,-112.0,41.5,-112.0,-108.0,1,dome,sportturf,,,00-0039150,00-0031280,Bryce Young,Derek Carr,Dave Canales,Dennis Allen,Alan Eck,NOR00,Mercedes-Benz Superdome,1,29.0,14.4,1.4,30.214282567685228,2.0,0.0,9.0,20.6,-0.4,8.58488294298512,-3.0,0.0,0,117.20644459706959,75.89120370370371,0.0,0.0,1.0,0.0
2024_01_MIN_NYG,2024,REG,1,2024-09-08,Sunday,13:00,MIN,28.0,NYG,6.0,Home,-22.0,34.0,0.0,2024090807,59517.0,,202409080nyg,,401671712,6458.0,7,7,-115.0,-105.0,-1.0,-108.0,-112.0,42.5,-108.0,-112.0,0,outdoors,fieldturf,64.0,10.0,00-0034869,00-0035710,Sam Darnold,Daniel Jones,Kevin O'Connell,Brian Daboll,Alex Kemp,NYC01,MetLife Stadium,0,21.4,23.0,1.4,19.90850540510523,1.0,1.0,16.2,24.0,-1.2,15.400759703779366,-4.0,1.0,0,74.32060461196491,77.03296703296704,0.0,0.0,0.0,0.0
2024_01_LV_LAC,2024,REG,1,2024-09-08,Sunday,16:05,LV,10.0,LAC,22.0,Home,12.0,32.0,0.0,2024090808,59518.0,,202409080sdg,,401671659,6459.0,7,7,130.0,-155.0,3.0,-118.0,-102.0,41.0,-108.0,-112.0,1,dome,matrixturf,,,00-0035289,00-0036355,Gardner Minshew,Justin Herbert,Antonio Pierce,Jim Harbaugh,Scott Novak,LAX01,SoFi Stadium,1,14.2,28.0,-0.8,17.394061212800697,-5.0,1.0,26.0,15.0,0.6,27.70199544201823,1.0,1.0,0,82.11832253376372,89.24270439216092,0.0,0.0,0.0,0.0
2024_01_DEN_SEA,2024,REG,1,2024-09-08,Sunday,16:05,DEN,20.0,SEA,26.0,Home,6.0,46.0,0.0,2024090809,59519.0,,202409080sea,,401671664,6460.0,7,7,225.0,-278.0,6.5,-110.0,-110.0,42.0,-108.0,-112.0,0,outdoors,fieldturf,65.0,7.0,00-0039732,00-0030565,Bo Nix,Geno Smith,Sean Payton,Mike Macdonald,Brad Allen,SEA00,Lumen Field,0,20.0,22.4,0.2,18.949480619862754,1.0,0.0,18.8,22.2,-0.2,19.91793062377469,-1.0,1.0,0,96.0500377370296,,1.0,0.0,0.0,0.0
2024_01_DAL_CLE,2024,REG,1,2024-09-08,Sunday,16:25,DAL,33.0,CLE,17.0,Home,-16.0,50.0,0.0,2024090810,59520.0,,202409080cle,,401671761,6461.0,7,7,110.0,-130.0,2.5,-112.0,-108.0,42.0,-108.0,-112.0,0,outdoors,grass,69.0,17.0,00-0033077,00-0033537,Dak Prescott,Deshaun Watson,Mike McCarthy,Kevin Stefanski,Clete Blakeman,CLE00,FirstEnergy Stadium,0,24.2,27.0,-1.2,25.44805855460005,-2.0,1.0,24.0,26.0,-0.4,23.166954768078362,-1.0,0.0,0,75.18519756387403,96.677006292283,1.0,0.0,0.0,0.0
2024_01_WAS_TB,2024,REG,1,2024-09-08,Sunday,16:25,WAS,20.0,TB,37.0,Home,17.0,57.0,0.0,2024090811,59521.0,,202409080tam,,401671770,6462.0,7,7,164.0,-198.0,4.0,-112.0,-108.0,42.0,-110.0,-110.0,0,outdoors,grass,93.0,6.0,00-0039910,00-0034855,Jayden Daniels,Baker Mayfield,Dan Quinn,Todd Bowles,Bill Vinovich,TAM00,Raymond James Stadium,0,21.4,15.0,0.0,20.799419588466222,-1.0,0.0,16.6,33.6,-0.6,17.1683682656295,-8.0,1.0,0,98.9175965887094,,0.0,0.0,0.0,0.0
2024_01_LA_DET,2024,REG,1,2024-09-08,Sunday,20:20,LA,20.0,DET,26.0,Home,6.0,46.0,1.0,2024090812,59522.0,,202409080det,,401671792,6463.0,7,7,185.0,-225.0,5.0,-108.0,-112.0,54.0,-112.0,-108.0,0,dome,fieldturf,,,00-0026498,00-0033106,Matthew Stafford,Jared Goff,Sean McVay,Dan Campbell,Adrian Hill,DET00,Ford Field,1,27.0,24.0,0.8,29.60534389658558,-1.0,0.0,25.6,22.2,-0.4,24.753732491919347,-1.0,0.0,0,101.14048711594049,109.5601791468004,1.0,0.0,0.0,0.0
2024_01_NYJ_SF,2024,REG,1,2024-09-09,Monday,20:15,NYJ,19.0,SF,32.0,Home,13.0,51.0,0.0,2024090900,59523.0,,202409090sfo,,401671696,6464.0,7,7,150.0,-180.0,3.5,-115.0,-105.0,43.0,-108.0,-112.0,0,outdoors,grass,76.0,10.0,00-0023459,00-0037834,Aaron Rodgers,Brock Purdy,Robert Saleh,Kyle Shanahan,Carl Cheffers,SFO01,Levi's Stadium,0,25.4,21.6,1.2,24.02552909679483,-1.0,0.0,19.4,20.8,-0.6,17.641020508784305,1.0,1.0,0,86.45586175814847,77.83711013645225,1.0,0.0,0.0,0.0
2024_02_BUF_MIA,2024,REG,2,2024-09-12,Thursday,20:15,BUF,31.0,MIA,10.0,Home,-21.0,41.0,0.0,2024091200,59524.0,,202409120mia,,401671807,6465.0,4,4,114.0,-135.0,2.5,-110.0,-110.0,48.5,-105.0,-115.0,1,outdoors,grass,86.0,3.0,00-0034857,00-0036212,Josh Allen,Tua Tagovailoa,Sean McDermott,Mike McDaniel,Bill Vinovich,MIA00,Hard Rock Stadium,0,16.4,28.0,0.2,18.861487104968077,1.0,0.0,27.4,21.4,1.0,30.63887112025809,1.0,0.0,0,79.54054256685836,100.13227326957303,0.0,0.0,1.0,0.0
2024_02_LV_BAL,2024,REG,2,2024-09-15,Sunday,13:00,LV,26.0,BAL,23.0,Home,-3.0,49.0,0.0,2024091500,59525.0,,202409150rav,,401671624,6466.0,7,10,350.0,-455.0,9.0,-112.0,-108.0,41.0,-108.0,-112.0,0,outdoors,grass,76.0,10.0,00-0035289,00-0034796,Gardner Minshew,Lamar Jackson,Antonio Pierce,John Harbaugh,Tra Blake,BAL00,M&T Bank Stadium,0,26.0,18.0,-0.2,34.30387286044314,-2.0,0.0,28.0,18.8,0.6,27.261114877954277,-1.0,1.0,3,110.46321915834112,92.04184969130623,0.0,0.0,0.0,0.0
2024_02_LAC_CAR,2024,REG,2,2024-09-15,Sunday,13:00,LAC,26.0,CAR,3.0,Home,-23.0,29.0,0.0,2024091501,59526.0,,202409150car,,401671652,6467.0,7,7,-225.0,185.0,-5.0,-110.0,-110.0,39.0,-112.0,-108.0,0,outdoors,grass,78.0,13.0,00-0036355,00-0039150,Justin Herbert,Bryce Young,Jim Harbaugh,Dave Canales,Brad Rogers,CAR00,Bank of America Stadium,0,9.8,24.4,-1.0,10.324638657135669,-4.0,0.0,17.2,25.2,0.0,21.53602169959391,1.0,1.0,0,72.84027777777777,77.63274561068678,0.0,0.0,1.0,0.0
2024_02_NO_DAL,2024,REG,2,2024-09-15,Sunday,13:00,NO,44.0,DAL,19.0,Home,-25.0,63.0,0.0,2024091502,59527.0,,202409150dal,,401671709,6468.0,7,7,235.0,-290.0,6.5,-112.0,-108.0,47.0,-108.0,-112.0,0,closed,matrixturf,,,00-0031280,00-0033077,Derek Carr,Dak Prescott,Dennis Allen,Mike McCarthy,Adrian Hill,DAL00,AT&T Stadium,1,28.6,23.2,0.2,26.38931918741279,1.0,0.0,32.8,15.2,2.0,34.88131890221968,3.0,0.0,0,102.19018031189083,128.01051371635612,1.0,0.0,0.0,0.0
2024_02_TB_DET,2024,REG,2,2024-09-15,Sunday,13:00,TB,20.0,DET,16.0,Home,-4.0,36.0,0.0,2024091503,59528.0,,202409150det,,401671721,6469.0,7,7,295.0,-375.0,7.5,-108.0,-112.0,51.5,-112.0,-108.0,0,dome,fieldturf,,,00-0034855,00-0033106,Baker Mayfield,Jared Goff,Todd Bowles,Dan Campbell,Clay Martin,DET00,Ford Field,1,28.4,24.0,0.8,31.140435802334455,1.0,0.0,22.8,16.6,-0.8,20.567148741788422,1.0,0.0,0,104.7031621859685,104.85013627124908,1.0,0.0,3.0,0.0
2024_02_IND_GB,2024,REG,2,2024-09-15,Sunday,13:00,IND,10.0,GB,16.0,Home,6.0,26.0,0.0,2024091504,59529.0,,202409150gnb,,401671723,6470.0,7,9,-142.0,120.0,-3.0,-102.0,-118.0,41.5,-110.0,-110.0,0,outdoors,grass,85.0,7.0,00-0039164,00-0038128,Anthony Richardson,Malik Willis,Shane Steichen,Matt LaFleur,Shawn Hochuli,GNB00,Lambeau Field,0,29.6,21.8,0.8,32.838817023906756,-2.0,1.0,21.8,22.8,0.0,26.192214021037536,-2.0,1.0,2,67.73550724637681,90.59633317528053,0.0,0.0,1.0,0.0
2024_02_CLE_JAX,2024,REG,2,2024-09-15,Sunday,13:00,CLE,18.0,JAX,13.0,Home,-5.0,31.0,0.0,2024091505,59530.0,,202409150jax,,401671635,6471.0,7,7,142.0,-170.0,3.0,100.0,-120.0,41.5,-108.0,-112.0,0,outdoors,grass,80.0,12.0,00-0033537,00-0036971,Deshaun Watson,Trevor Lawrence,Kevin Stefanski,Doug Pederson,Adrian Hill,JAX00,TIAA Bank Stadium,0,16.4,20.2,-1.2,16.362173442648984,-2.0,0.0,23.6,30.2,-1.2,23.136789462390762,-3.0,0.0,0,78.46010361375237,71.335660526837,0.0,0.0,2.0,0.0
2024_02_SF_MIN,2024,REG,2,2024-09-15,Sunday,13:00,SF,17.0,MIN,23.0,Home,6.0,40.0,0.0,2024091506,59531.0,,202409150min,,401671645,6472.0,6,7,-218.0,180.0,-4.5,-112.0,-108.0,46.5,-108.0,-112.0,0,dome,sportturf,,,00-0037834,00-0034869,Brock Purdy,Sam Darnold,Kyle Shanahan,Kevin O'Connell,Brad Allen,MIN01,U.S. Bank Stadium,1,21.2,25.2,-1.8,19.497595889909597,1.0,0.0,26.4,23.4,1.2,28.559263205475915,1.0,0.0,1,83.83852258852258,95.91437468918295,1.0,0.0,2.0,0.0
2024_02_SEA_NE,2024,REG,2,2024-09-15,Sunday,13:00,SEA,23.0,NE,20.0,Home,-3.0,43.0,1.0,2024091507,59532.0,,202409150nwe,,401671702,6473.0,7,7,-170.0,142.0,-3.5,-102.0,-118.0,39.0,-110.0,-110.0,0,outdoors,fieldturf,77.0,5.0,00-0030565,00-0033119,Geno Smith,Jacoby Brissett,Mike Macdonald,Jerod Mayo,Carl Cheffers,BOS00,Gillette Stadium,0,16.6,20.8,-0.6,18.061520371933927,1.0,1.0,22.0,20.8,0.8,19.81384289375123,2.0,0.0,0,94.36666955416956,99.50312415678269,1.0,0.0,1.0,0.0
2024_02_NYJ_TEN,2024,REG,2,2024-09-15,Sunday,13:00,NYJ,24.0,TEN,17.0,Home,-7.0,41.0,0.0,2024091508,59533.0,,202409150oti,,401671636,6474.0,6,7,-180.0,150.0,-3.5,-112.0,-108.0,41.5,-112.0,-108.0,0,outdoors,grass,80.0,13.0,00-0023459,00-0039152,Aaron Rodgers,Will Levis,Robert Saleh,Brian Callahan,Alan Eck,NAS00,Nissan Stadium,0,16.2,21.8,-0.4,15.993096615463186,-1.0,0.0,17.2,26.0,-0.8,15.974910833086929,-1.0,1.0,1,66.86527790557396,75.96012600946811,0.0,0.0,0.0,0.0
2024_02_NYG_WAS,2024,REG,2,2024-09-15,Sunday,13:00,NYG,18.0,WAS,21.0,Home,3.0,39.0,0.0,2024091509,59534.0,,202409150was,,401671716,6475.0,7,7,105.0,-125.0,1.5,-108.0,-112.0,42.5,-105.0,-115.0,1,outdoors,grass,82.0,11.0,00-0035710,00-0039910,Daniel Jones,Jayden Daniels,Brian Daboll,Dan Quinn,Scott Novak,WAS00,FedExField,0,17.6,32.0,-0.4,18.89472166445935,-9.0,1.0,17.8,24.2,1.2,15.70556640625,-1.0,1.0,0,93.05555555555557,62.480192771553064,1.0,0.0,0.0,0.0
2024_02_LA_ARI,2024,REG,2,2024-09-15,Sunday,16:05,LA,10.0,ARI,41.0,Home,31.0,51.0,0.0,2024091510,59535.0,,202409150crd,,401671754,6476.0,7,7,-112.0,-108.0,-1.0,-105.0,-115.0,47.5,-118.0,-102.0,1,closed,grass,,,00-0026498,00-0035228,Matthew Stafford,Kyler Murray,Sean McVay,Jonathan Gannon,John Hussey,PHO00,State Farm Stadium,1,25.6,31.6,-0.2,26.770703287557218,-2.0,0.0,24.0,23.4,-0.2,25.237744021090954,-2.0,0.0,0,96.65242407093001,105.97257337278347,0.0,0.0,0.0,0.0
2024_02_PIT_DEN,2024,REG,2,2024-09-15,Sunday,16:25,PIT,13.0,DEN,6.0,Home,-7.0,19.0,0.0,2024091511,59536.0,,202409150den,,401671668,6477.0,7,7,-155.0,130.0,-3.0,-102.0,-118.0,36.5,-112.0,-108.0,0,outdoors,grass,83.0,4.0,00-0036945,00-0039732,Justin Fields,Bo Nix,Mike Tomlin,Sean Payton,Clete Blakeman,DEN00,Empower Field at Mile High,0,18.0,26.0,-1.0,18.31441694503492,-2.0,1.0,23.2,17.0,1.0,23.56279302400776,1.0,1.0,0,47.51984126984127,81.46407004830918,0.0,0.0,1.0,0.0
2024_02_CIN_KC,2024,REG,2,2024-09-15,Sunday,16:25,CIN,25.0,KC,26.0,Home,1.0,51.0,0.0,2024091512,59537.0,,202409150kan,,401671670,6478.0,7,10,235.0,-290.0,6.5,-105.0,-115.0,47.5,-108.0,-112.0,0,outdoors,grass,89.0,8.0,00-0036442,00-0033873,Joe Burrow,Patrick Mahomes,Zac Taylor,Andy Reid,Alex Kemp,KAN00,GEHA Field at Arrowhead Stadium,0,24.4,16.6,0.0,28.76523245994699,7.0,0.0,19.2,22.6,0.0,21.134765753334644,-1.0,1.0,3,103.37807451473941,104.06773330413671,0.0,0.0,1.0,0.0
2024_02_CHI_HOU,2024,REG,2,2024-09-15,Sunday,20:20,CHI,13.0,HOU,19.0,Home,6.0,32.0,0.0,2024091513,59538.0,,202409150htx,,401671786,6479.0,7,7,210.0,-258.0,6.0,-108.0,-112.0,45.5,-105.0,-115.0,0,closed,astroturf,,,00-0039918,00-0039163,Caleb Williams,C.J. Stroud,Matt Eberflus,DeMeco Ryans,Land Clark,HOU00,NRG Stadium,1,26.6,19.4,1.0,26.82298981741573,1.0,0.0,22.8,17.4,1.6,22.6274782291029,1.0,1.0,0,116.43111229048729,55.675287356321846,0.0,0.0,0.0,0.0
2024_02_ATL_PHI,2024,REG,2,2024-09-16,Monday,20:15,ATL,22.0,PHI,21.0,Home,-1.0,43.0,0.0,2024091600,59539.0,,202409160phi,,401671691,6480.0,8,10,215.0,-265.0,5.5,-105.0,-115.0,46.5,-110.0,-110.0,0,outdoors,grass,71.0,9.0,00-0029604,00-0036389,Kirk Cousins,Jalen Hurts,Raheem Morris,Nick Sirianni,Craig Wrolstad,PHI00,Lincoln Financial Field,0,23.4,29.6,-1.2,23.680738039144615,1.0,0.0,16.0,24.4,-2.2,18.1064375942897,-3.0,0.0,2,82.379875720311,94.98405428552992,0.0,0.0,0.0,0.0
2024_03_NE_NYJ,2024,REG,3,2024-09-19,Thursday,20:15,NE,3.0,NYJ,24.0,Home,21.0,27.0,0.0,2024091900,59540.0,,202409190nyj,,401671808,6481.0,4,4,230.0,-285.0,6.5,-110.0,-110.0,39.0,-108.0,-112.0,1,outdoors,fieldturf,75.0,5.0,00-0033119,00-0023459,Jacoby Brissett,Aaron Rodgers,Jerod Mayo,Robert Saleh,John Hussey,NYC01,MetLife Stadium,0,22.0,23.4,0.4,19.813842893751232,1.0,0.0,17.2,20.0,-0.8,18.535774401749716,-1.0,0.0,0,79.9864417989418,96.05419040835707,1.0,0.0,3.0,0.0
2024_03_NYG_CLE,2024,REG,3,2024-09-22,Sunday,13:00,NYG,21.0,CLE,15.0,Home,-6.0,36.0,0.0,2024092200,59541.0,,202409220cle,,401671855,6482.0,7,7,220.0,-270.0,6.5,-112.0,-108.0,38.0,-108.0,-112.0,0,outdoors,grass,76.0,4.0,00-0035710,00-0033537,Daniel Jones,Deshaun Watson,Brian Daboll,Kevin Stefanski,Craig Wrolstad,CLE00,FirstEnergy Stadium,0,20.0,28.4,-1.2,19.67576733351603,1.0,0.0,20.2,23.6,1.0,16.460071217795935,-2.0,0.0,0,62.42374727668846,69.6416511048864,1.0,0.0,0.0,0.0
2024_03_CHI_IND,2024,REG,3,2024-09-22,Sunday,13:00,CHI,16.0,IND,21.0,Home,5.0,37.0,0.0,2024092201,59542.0,,202409220clt,,401671865,6483.0,7,7,105.0,-125.0,1.5,-108.0,-112.0,43.0,-105.0,-115.0,0,closed,fieldturf,,,00-0039918,00-0039164,Caleb Williams,Anthony Richardson,Matt Eberflus,Shane Steichen,Adrian Hill,IND00,Lucas Oil Stadium,1,17.8,23.4,-1.0,20.430005081300813,-3.0,0.0,22.0,17.2,1.0,23.308216687395912,-1.0,0.0,0,83.1546267629859,53.31624728176453,0.0,0.0,0.0,0.0
2024_03_HOU_MIN,2024,REG,3,2024-09-22,Sunday,13:00,HOU,7.0,MIN,34.0,Home,27.0,41.0,0.0,2024092202,59543.0,,202409220min,,401671646,6484.0,7,7,-135.0,114.0,-2.0,-112.0,-108.0,46.0,-108.0,-112.0,0,dome,sportturf,,,00-0039163,00-0034869,C.J. Stroud,Sam Darnold,DeMeco Ryans,Kevin O'Connell,Shawn Hochuli,MIN01,U.S. Bank Stadium,1,21.0,23.2,-1.6,19.568622065858268,2.0,0.0,25.2,21.4,1.0,26.352411048689135,2.0,0.0,0,94.41544566544567,114.8194224756725,2.0,0.0,1.0,0.0
2024_03_PHI_NO,2024,REG,3,2024-09-22,Sunday,13:00,PHI,15.0,NO,12.0,Home,-3.0,27.0,0.0,2024092203,59544.0,,202409220nor,,401671736,6485.0,6,7,120.0,-142.0,2.5,-105.0,-115.0,49.0,-110.0,-110.0,0,dome,sportturf,,,00-0036389,00-0031280,Jalen Hurts,Derek Carr,Nick Sirianni,Dennis Allen,Scott Novak,NOR00,Mercedes-Benz Superdome,1,36.8,17.8,2.2,39.962996974935166,4.0,0.0,21.0,29.0,-1.2,21.213926604490357,-1.0,0.0,1,126.0462280020704,82.99683478463848,0.0,0.0,1.0,0.0
2024_03_LAC_PIT,2024,REG,3,2024-09-22,Sunday,13:00,LAC,10.0,PIT,20.0,Home,10.0,30.0,0.0,2024092204,59545.0,,202409220pit,,401671632,6486.0,7,7,124.0,-148.0,3.0,-118.0,-102.0,36.0,-115.0,-105.0,0,outdoors,grass,72.0,2.0,00-0036355,00-0036945,Justin Herbert,Justin Fields,Jim Harbaugh,Mike Tomlin,Alex Kemp,PIT00,Acrisure Stadium,0,19.0,16.0,0.8,18.922744139270357,2.0,0.0,18.2,13.2,0.4,20.51385291215322,2.0,0.0,0,91.63073671497584,77.77163449957568,1.0,0.0,0.0,0.0
2024_03_DEN_TB,2024,REG,3,2024-09-22,Sunday,13:00,DEN,26.0,TB,7.0,Home,-19.0,33.0,0.0,2024092205,59546.0,,202409220tam,,401671741,6487.0,7,7,200.0,-245.0,6.0,-112.0,-108.0,40.5,-108.0,-112.0,0,outdoors,grass,85.0,6.0,00-0039732,00-0034855,Bo Nix,Baker Mayfield,Sean Payton,Todd Bowles,Alan Eck,TAM00,Raymond James Stadium,0,24.2,15.2,0.2,21.12149527638365,2.0,0.0,15.8,20.2,-1.2,18.17143269868876,-3.0,0.0,0,104.7092537619455,51.34920634920635,4.0,0.0,1.0,0.0
2024_03_GB_TEN,2024,REG,3,2024-09-22,Sunday,13:00,GB,30.0,TEN,14.0,Home,-16.0,44.0,0.0,2024092206,59547.0,,202409220oti,,401671823,6488.0,7,7,136.0,-162.0,3.0,-112.0,-108.0,37.0,-108.0,-112.0,0,outdoors,grass,87.0,7.0,00-0038128,00-0039152,Malik Willis,Will Levis,Matt LaFleur,Brian Callahan,Clay Martin,NAS00,Nissan Stadium,0,16.4,22.8,-0.8,15.749983279828783,-2.0,0.0,26.2,21.8,0.6,27.75796714589877,1.0,1.0,0,67.53627357656964,81.00931677018633,0.0,0.0,1.0,0.0
2024_03_CAR_LV,2024,REG,3,2024-09-22,Sunday,16:05,CAR,36.0,LV,22.0,Home,-14.0,58.0,0.0,2024092207,59548.0,,202409220rai,,401671658,6489.0,7,7,200.0,-245.0,5.5,-110.0,-110.0,40.0,-108.0,-112.0,0,dome,grass,,,00-0027973,00-0035289,Andy Dalton,Gardner Minshew,Dave Canales,Antonio Pierce,Bill Vinovich,VEG00,Allegiant Stadium,1,20.6,19.2,0.0,20.69876719381023,1.0,0.0,8.6,28.2,-1.2,8.766016052813043,-5.0,1.0,0,86.3165990647398,70.54413096482061,1.0,0.0,0.0,0.0
2024_03_MIA_SEA,2024,REG,3,2024-09-22,Sunday,16:05,MIA,3.0,SEA,24.0,Home,21.0,27.0,0.0,2024092208,59549.0,,202409220sea,,401671662,6490.0,10,7,170.0,-205.0,4.0,-110.0,-110.0,41.5,-110.0,-110.0,0,outdoors,fieldturf,64.0,2.0,00-0037327,00-0030565,Skylar Thompson,Geno Smith,Mike McDaniel,Mike Macdonald,Land Clark,SEA00,Lumen Field,0,22.6,21.4,0.4,21.928000357156645,3.0,0.0,14.0,30.2,-0.6,15.843132895003489,-1.0,1.0,-3,100.72771765271764,52.16675200546168,2.0,0.0,0.0,0.0
2024_03_DET_ARI,2024,REG,3,2024-09-22,Sunday,16:25,DET,20.0,ARI,13.0,Home,-7.0,33.0,0.0,2024092209,59550.0,,202409220crd,,401671771,6491.0,7,7,-148.0,124.0,-3.0,-102.0,-118.0,51.5,-112.0,-108.0,0,closed,grass,,,00-0033106,00-0035228,Jared Goff,Kyler Murray,Dan Campbell,Jonathan Gannon,Brad Rogers,PHO00,State Farm Stadium,1,28.0,24.6,0.2,26.708524711509263,1.0,0.0,25.6,24.0,0.2,29.145523740485675,-1.0,0.0,0,114.84686851537444,92.14823794354423,0.0,0.0,1.0,0.0
2024_03_BAL_DAL,2024,REG,3,2024-09-22,Sunday,16:25,BAL,28.0,DAL,25.0,Home,-3.0,53.0,0.0,2024092210,59551.0,,202409220dal,,401671763,6492.0,7,7,-120.0,100.0,-1.5,-110.0,-110.0,47.5,-112.0,-108.0,0,closed,matrixturf,,,00-0034796,00-0033077,Lamar Jackson,Dak Prescott,John Harbaugh,Mike McCarthy,Ron Torbert,DAL00,AT&T Stadium,1,28.4,27.6,0.2,25.908440126336423,-1.0,0.0,19.4,19.4,-0.6,24.56294559631178,-3.0,0.0,0,96.25334804693357,105.55915753369126,0.0,0.0,0.0,0.0
2024_03_SF_LA,2024,REG,3,2024-09-22,Sunday,16:25,SF,24.0,LA,27.0,Home,3.0,51.0,0.0,2024092211,59552.0,,202409220ram,,401671772,6493.0,7,7,-258.0,210.0,-6.0,-108.0,-112.0,44.5,-110.0,-110.0,1,dome,matrixturf,,,00-0037834,00-0026498,Brock Purdy,Matthew Stafford,Kyle Shanahan,Sean McVay,Clete Blakeman,LAX01,SoFi Stadium,1,20.0,27.2,-0.4,18.85457504079833,-3.0,0.0,25.8,23.8,1.2,27.75070224719101,-1.0,0.0,0,101.18581691936035,91.2285281283364,1.0,0.0,1.0,0.0
2024_03_KC_ATL,2024,REG,3,2024-09-22,Sunday,20:20,KC,22.0,ATL,17.0,Home,-5.0,39.0,0.0,2024092212,59553.0,,202409220atl,,401671793,6494.0,7,6,-170.0,142.0,-3.0,-118.0,-102.0,46.0,-108.0,-112.0,0,closed,fieldturf,,,00-0033873,00-0029604,Patrick Mahomes,Kirk Cousins,Andy Reid,Raheem Morris,Tra Blake,ATL97,Mercedes-Benz Stadium,1,19.0,26.8,-1.6,20.16766151685393,1.0,0.0,24.4,20.2,-0.4,29.5043819021726,8.0,0.0,-1,99.84526729604593,102.77726150660934,0.0,0.0,0.0,0.0
2024_03_JAX_BUF,2024,REG,3,2024-09-23,Monday,19:30,JAX,10.0,BUF,47.0,Home,37.0,57.0,0.0,2024092300,59554.0,,202409230buf,,401671682,6495.0,8,11,180.0,-218.0,4.0,-108.0,-112.0,46.5,-110.0,-110.0,0,outdoors,a_turf,68.0,5.0,00-0036971,00-0034857,Trevor Lawrence,Josh Allen,Doug Pederson,Sean McDermott,Shawn Smith,BUF00,New Era Field,0,28.2,19.2,1.0,28.385713963828636,2.0,0.0,17.6,19.2,-1.0,16.030038057267127,-3.0,0.0,3,110.89104519939761,79.73232583597459,2.0,0.0,1.0,0.0
2024_03_WAS_CIN,2024,REG,3,2024-09-23,Monday,20:15,WAS,38.0,CIN,33.0,Home,-5.0,71.0,0.0,2024092301,59555.0,,202409230cin,,401671490,6496.0,8,8,280.0,-355.0,7.5,-115.0,-105.0,46.0,-112.0,-108.0,0,outdoors,fieldturf,69.0,5.0,00-0039910,00-0036442,Jayden Daniels,Joe Burrow,Dan Quinn,Zac Taylor,Brad Allen,CIN00,Paycor Stadium,0,18.8,23.0,0.2,20.574141516418432,-2.0,0.0,17.8,30.0,-0.4,18.57959796672828,1.0,0.0,0,97.85534904487744,96.09674329501917,2.0,0.0,0.0,0.0
2024_04_DAL_NYG,2024,REG,4,2024-09-26,Thursday,20:15,DAL,20.0,NYG,15.0,Home,-5.0,35.0,0.0,2024092600,59556.0,,202409260nyg,,401671812,6497.0,4,4,-250.0,205.0,-5.5,-115.0,-105.0,45.0,-112.0,-108.0,1,outdoors,fieldturf,74.0,3.0,00-0033077,00-0035710,Dak Prescott,Daniel Jones,Mike McCarthy,Brian Daboll,Clay Martin,NYC01,MetLife Stadium,0,19.4,20.0,0.8,15.899961880921703,1.0,0.0,29.4,29.4,0.0,28.13901518758331,-2.0,0.0,0,78.12204326174916,93.9257766675046,2.0,0.0,1.0,0.0
2024_04_NO_ATL,2024,REG,4,2024-09-29,Sunday,13:00,NO,24.0,ATL,26.0,Home,2.0,50.0,0.0,2024092900,59557.0,,202409290atl,,401671727,6498.0,7,7,120.0,-142.0,2.5,-105.0,-115.0,41.5,-112.0,-108.0,1,closed,fieldturf,,,00-0031280,00-0029604,Derek Carr,Kirk Cousins,Dennis Allen,Raheem Morris,John Hussey,ATL97,Mercedes-Benz Stadium,1,16.6,29.2,-1.8,17.62016743051449,-1.0,0.0,34.8,14.8,2.6,35.15450694458402,-1.0,0.0,0,99.06755131532661,118.63372800207041,1.0,0.0,2.0,0.0
2024_04_CIN_CAR,2024,REG,4,2024-09-29,Sunday,13:00,CIN,34.0,CAR,24.0,Home,-10.0,58.0,0.0,2024092901,59558.0,,202409290car,,401671745,6499.0,6,7,-205.0,170.0,-4.5,-112.0,-108.0,47.0,-108.0,-112.0,0,outdoors,grass,78.0,6.0,00-0036442,00-0027973,Joe Burrow,Andy Dalton,Zac Taylor,Dave Canales,Adrian Hill,CAR00,Bank of America Stadium,0,9.8,26.0,-1.0,10.421857476882709,1.0,1.0,23.2,23.8,0.8,23.06498753758506,-3.0,0.0,1,86.40148832217798,101.57943197948669,1.0,0.0,2.0,0.0
2024_04_LA_CHI,2024,REG,4,2024-09-29,Sunday,13:00,LA,18.0,CHI,24.0,Home,6.0,42.0,0.0,2024092902,59559.0,,202409290chi,,401671871,6500.0,7,7,136.0,-162.0,3.0,-112.0,-108.0,40.0,-105.0,-115.0,0,outdoors,grass,70.0,16.0,00-0026498,00-0039918,Matthew Stafford,Caleb Williams,Sean McVay,Matt Eberflus,Brad Rogers,CHI98,Soldier Field,0,19.8,18.2,1.0,21.75282401740043,-2.0,0.0,20.2,27.0,0.2,18.608204492549074,1.0,0.0,0,62.49395117929601,98.16032672328191,0.0,0.0,1.0,0.0
2024_04_MIN_GB,2024,REG,4,2024-09-29,Sunday,13:00,MIN,31.0,GB,29.0,Home,-2.0,60.0,0.0,2024092903,59560.0,,202409290gnb,,401671643,6501.0,7,7,114.0,-135.0,2.5,-102.0,-118.0,44.0,-112.0,-108.0,1,outdoors,grass,71.0,15.0,00-0034869,00-0036264,Sam Darnold,Jordan Love,Kevin O'Connell,Matt LaFleur,Bill Vinovich,GNB00,Lambeau Field,0,28.8,22.8,1.4,28.481965406639254,2.0,1.0,23.0,18.6,-0.6,22.201664986075098,3.0,0.0,0,113.31914205075971,101.17139804639805,1.0,0.0,1.0,0.0
2024_04_JAX_HOU,2024,REG,4,2024-09-29,Sunday,13:00,JAX,20.0,HOU,24.0,Home,4.0,44.0,0.0,2024092904,59561.0,,202409290htx,,401671857,6502.0,6,7,195.0,-238.0,5.5,-108.0,-112.0,44.5,-108.0,-112.0,1,closed,astroturf,,,00-0036971,00-0039163,Trevor Lawrence,C.J. Stroud,Doug Pederson,DeMeco Ryans,Tra Blake,HOU00,NRG Stadium,1,22.0,24.4,0.4,23.352029124778237,-1.0,0.0,17.2,22.6,-0.6,16.214934535086563,-4.0,0.0,1,101.7156176783193,76.05117528517901,2.0,0.0,2.0,0.0
2024_04_PIT_IND,2024,REG,4,2024-09-29,Sunday,13:00,PIT,24.0,IND,27.0,Home,3.0,51.0,0.0,2024092905,59562.0,,202409290clt,,401671867,6503.0,7,7,-130.0,110.0,-2.5,-108.0,-112.0,40.0,-110.0,-110.0,0,closed,fieldturf,,,00-0036945,00-0039164,Justin Fields,Anthony Richardson,Mike Tomlin,Shane Steichen,Land Clark,IND00,Lucas Oil Stadium,1,20.0,20.8,-0.6,22.955061889102033,1.0,0.0,17.0,13.4,0.4,19.238089943932806,3.0,0.0,0,75.86296009631923,96.51788949275361,1.0,0.0,2.0,0.0
2024_04_DEN_NYJ,2024,REG,4,2024-09-29,Sunday,13:00,DEN,10.0,NYJ,9.0,Home,-1.0,19.0,0.0,2024092906,59563.0,,202409290nyj,,401671622,6504.0,7,10,330.0,-425.0,7.5,-108.0,-112.0,39.5,-112.0,-108.0,0,outdoors,fieldturf,67.0,8.0,00-0039732,00-0023459,Bo Nix,Aaron Rodgers,Sean Payton,Robert Saleh,Ron Torbert,NYC01,MetLife Stadium,0,20.8,18.4,0.8,21.394619430629742,2.0,0.0,16.4,16.4,-0.8,18.671351146248636,1.0,0.0,3,84.62830687830687,62.55070546737213,2.0,0.0,0.0,0.0
2024_04_PHI_TB,2024,REG,4,2024-09-29,Sunday,13:00,PHI,16.0,TB,33.0,Home,17.0,49.0,0.0,2024092907,59564.0,,202409290tam,,401671740,6505.0,7,7,-115.0,-105.0,-1.0,-110.0,-110.0,42.0,-108.0,-112.0,0,outdoors,grass,88.0,9.0,00-0036389,00-0034855,Jalen Hurts,Baker Mayfield,Nick Sirianni,Todd Bowles,Carl Cheffers,TAM00,Raymond James Stadium,0,23.8,20.4,-0.4,21.23180037098177,-1.0,0.0,17.8,24.4,-1.4,19.786540354330707,1.0,0.0,0,106.96225249931925,77.08245644749128,3.0,0.0,1.0,0.0
2024_04_WAS_ARI,2024,REG,4,2024-09-29,Sunday,16:05,WAS,42.0,ARI,14.0,Home,-28.0,56.0,0.0,2024092908,59565.0,,202409290crd,,401671755,6506.0,6,7,150.0,-180.0,3.5,-115.0,-105.0,49.0,-112.0,-108.0,0,closed,grass,,,00-0039910,00-0035228,Jayden Daniels,Kyler Murray,Dan Quinn,Jonathan Gannon,Craig Wrolstad,PHO00,State Farm Stadium,1,27.4,23.2,0.0,24.756207865168538,-1.0,0.0,19.8,30.6,-0.6,20.66719324388876,2.0,0.0,1,110.64537212734555,111.286717752235,1.0,0.0,0.0,0.0
2024_04_NE_SF,2024,REG,4,2024-09-29,Sunday,16:05,NE,13.0,SF,30.0,Home,17.0,43.0,0.0,2024092909,59566.0,,202409290sfo,,401671758,6507.0,10,7,410.0,-550.0,10.5,-112.0,-108.0,41.5,-110.0,-110.0,0,outdoors,grass,71.0,5.0,00-0033119,00-0037834,Jacoby Brissett,Brock Purdy,Jerod Mayo,Kyle Shanahan,Scott Novak,SFO01,Levi's Stadium,0,25.8,25.0,0.6,26.68336754537597,-2.0,0.0,12.6,20.2,-1.2,13.225187701014994,-2.0,0.0,-3,101.30545120525947,104.20233855650523,1.0,0.0,2.0,0.0
2024_04_KC_LAC,2024,REG,4,2024-09-29,Sunday,16:25,KC,17.0,LAC,10.0,Home,-7.0,27.0,0.0,2024092910,59567.0,,202409290sdg,,401671674,6508.0,7,7,-345.0,275.0,-7.5,-108.0,-112.0,41.5,-108.0,-112.0,1,dome,matrixturf,,,00-0033873,00-0036355,Patrick Mahomes,Justin Herbert,Andy Reid,Jim Harbaugh,Shawn Smith,LAX01,SoFi Stadium,1,15.8,12.4,0.4,18.320684712641025,-1.0,0.0,23.4,18.8,-0.2,25.558707593506178,9.0,0.0,0,83.65757726051845,93.90137893507459,1.0,0.0,1.0,0.0
2024_04_CLE_LV,2024,REG,4,2024-09-29,Sunday,16:25,CLE,16.0,LV,20.0,Home,4.0,36.0,0.0,2024092911,59568.0,,202409290rai,,401671672,6509.0,7,7,-135.0,114.0,-2.5,-115.0,-105.0,36.5,-108.0,-112.0,0,dome,grass,,,00-0033537,00-0035289,Deshaun Watson,Gardner Minshew,Kevin Stefanski,Antonio Pierce,Brad Allen,VEG00,Allegiant Stadium,1,21.0,23.6,-0.6,19.731422582213163,-1.0,0.0,15.6,28.6,-1.0,15.162193718695002,-1.0,0.0,0,91.52091051905124,80.3178914208326,5.0,0.0,3.0,0.0
2024_04_BUF_BAL,2024,REG,4,2024-09-29,Sunday,20:20,BUF,10.0,BAL,35.0,Home,25.0,45.0,0.0,2024092912,59569.0,,202409290rav,,401671783,6510.0,6,7,114.0,-135.0,2.5,-108.0,-112.0,46.5,-110.0,-110.0,0,outdoors,grass,68.0,8.0,00-0034857,00-0034796,Josh Allen,Lamar Jackson,Sean McDermott,John Harbaugh,Alan Eck,BAL00,M&T Bank Stadium,0,23.0,21.0,-0.4,27.3431031933767,1.0,0.0,33.4,18.4,1.6,35.057243588404816,3.0,0.0,1,101.78137975591349,118.97876449764321,1.0,0.0,2.0,0.0
2024_04_TEN_MIA,2024,REG,4,2024-09-30,Monday,19:30,TEN,31.0,MIA,12.0,Home,-19.0,43.0,0.0,2024093000,59570.0,,202409300mia,,401671683,6511.0,8,8,114.0,-135.0,2.5,-108.0,-112.0,37.0,-110.0,-110.0,0,outdoors,grass,86.0,9.0,00-0039152,00-0035993,Will Levis,Tyler Huntley,Brian Callahan,Mike McDaniel,Clete Blakeman,MIA00,Hard Rock Stadium,0,10.8,23.8,0.2,11.750868675716049,-2.0,1.0,15.8,24.8,-1.4,15.847554982337796,-3.0,0.0,0,98.82183908045977,68.85335303993392,3.0,0.0,1.0,0.0
2024_04_SEA_DET,2024,REG,4,2024-09-30,Monday,20:15,SEA,29.0,DET,42.0,Home,13.0,71.0,0.0,2024093001,59571.0,,202409300det,,401671491,6512.0,8,8,154.0,-185.0,3.5,-108.0,-112.0,46.5,-108.0,-112.0,0,dome,fieldturf,,,00-0030565,00-0033106,Geno Smith,Jared Goff,Mike Macdonald,Dan Campbell,Alex Kemp,DET00,Ford Field,1,24.8,22.0,0.2,28.29176597435024,1.0,0.0,23.4,18.6,0.0,21.591261153337737,4.0,0.0,0,90.51377739604023,97.08256514727103,2.0,0.0,3.0,0.0
2024_05_TB_ATL,2024,REG,5,2024-10-03,Thursday,20:15,TB,30.0,ATL,36.0,Home,6.0,66.0,1.0,2024100300,59572.0,,202410030atl,,401671815,6513.0,4,4,120.0,-142.0,2.5,-102.0,-118.0,44.0,-110.0,-110.0,1,closed,fieldturf,,,00-0034855,00-0029604,Baker Mayfield,Kirk Cousins,Todd Bowles,Raheem Morris,Ron Torbert,ATL97,Mercedes-Benz Stadium,1,18.4,26.6,-1.2,20.136393824579738,1.0,0.0,24.0,21.8,-0.4,22.036859413537954,1.0,0.0,0,91.32548782326312,103.04824540712066,1.0,0.0,4.0,0.0
2024_05_NYJ_MIN,2024,REG,5,2024-10-06,Sunday,09:30,NYJ,17.0,MIN,23.0,Neutral,6.0,40.0,0.0,2024100600,59573.0,,202410060min,,401671804,6514.0,7,7,120.0,-142.0,2.5,-105.0,-115.0,42.0,-112.0,-108.0,0,outdoors,grass,59.0,8.0,00-0023459,00-0034869,Aaron Rodgers,Sam Darnold,Robert Saleh,Kevin O'Connell,Scott Novak,LON02,Tottenham Stadium,0,27.2,17.8,0.6,26.946826335501676,4.0,0.0,18.6,13.0,0.6,21.006636235955057,-1.0,0.0,0,112.27258852258853,82.4126984126984,1.0,0.0,2.0,0.0
2024_05_CAR_CHI,2024,REG,5,2024-10-06,Sunday,13:00,CAR,10.0,CHI,36.0,Home,26.0,46.0,0.0,2024100601,59574.0,,202410060chi,,401671872,6515.0,7,7,164.0,-198.0,4.0,-108.0,-112.0,40.0,-108.0,-112.0,0,outdoors,grass,74.0,7.0,00-0027973,00-0039918,Andy Dalton,Caleb Williams,Dave Canales,Matt Eberflus,Tra Blake,CHI98,Soldier Field,0,17.2,18.4,0.6,16.80405845418141,1.0,0.0,14.6,27.6,-0.8,16.134129213483146,-1.0,0.0,0,73.52354309461694,85.75754892823858,0.0,0.0,2.0,0.0
2024_05_BAL_CIN,2024,REG,5,2024-10-06,Sunday,13:00,BAL,41.0,CIN,38.0,Home,-3.0,79.0,1.0,2024100602,59575.0,,202410060cin,,401671626,6516.0,7,7,-148.0,124.0,-2.5,-118.0,-102.0,48.5,-112.0,-108.0,1,outdoors,fieldturf,81.0,10.0,00-0034796,00-0036442,Lamar Jackson,Joe Burrow,John Harbaugh,Zac Taylor,Bill Vinovich,CIN00,Paycor Stadium,0,26.6,23.6,0.6,25.160593463572543,1.0,0.0,23.2,21.0,-0.4,27.35054889634303,2.0,0.0,0,103.61101800099206,104.50865248318621,1.0,0.0,0.0,0.0
2024_05_BUF_HOU,2024,REG,5,2024-10-06,Sunday,13:00,BUF,20.0,HOU,23.0,Home,3.0,43.0,0.0,2024100603,59576.0,,202410060htx,,401671859,6517.0,7,7,-102.0,-118.0,1.0,-108.0,-112.0,48.0,-110.0,-110.0,0,closed,astroturf,,,00-0034857,00-0039163,Josh Allen,C.J. Stroud,Sean McDermott,DeMeco Ryans,Clay Martin,HOU00,NRG Stadium,1,17.8,25.6,0.2,19.03705018939394,1.0,0.0,29.2,22.0,1.2,30.089562146313455,-1.0,0.0,0,92.4547049799066,109.374358367375,1.0,0.0,3.0,0.0
2024_05_IND_JAX,2024,REG,5,2024-10-06,Sunday,13:00,IND,34.0,JAX,37.0,Home,3.0,71.0,0.0,2024100604,59577.0,,202410060jax,,401671633,6518.0,7,7,154.0,-185.0,3.5,-110.0,-110.0,45.0,-110.0,-110.0,1,outdoors,grass,74.0,4.0,00-0026158,00-0036971,Joe Flacco,Trevor Lawrence,Shane Steichen,Doug Pederson,Carl Cheffers,JAX00,TIAA Bank Stadium,0,16.0,27.4,-1.0,14.691239609025303,-5.0,0.0,20.8,21.6,-0.2,24.990736313650487,2.0,1.0,0,81.06510771290452,96.22832751955691,0.0,0.0,2.0,0.0
2024_05_MIA_NE,2024,REG,5,2024-10-06,Sunday,13:00,MIA,15.0,NE,10.0,Home,-5.0,25.0,0.0,2024100605,59578.0,,202410060nwe,,401671700,6519.0,6,7,-130.0,110.0,-2.0,-112.0,-108.0,37.0,-108.0,-112.0,1,outdoors,fieldturf,65.0,2.0,00-0035993,00-0033119,Tyler Huntley,Jacoby Brissett,Mike McDaniel,Jerod Mayo,Adrian Hill,BOS00,Gillette Stadium,0,11.0,20.8,-0.8,10.878528453924714,-3.0,0.0,10.4,25.8,0.0,10.956759391246017,-3.0,0.0,1,86.78567188983857,95.07575757575758,0.0,0.0,1.0,0.0
2024_05_CLE_WAS,2024,REG,5,2024-10-06,Sunday,13:00,CLE,13.0,WAS,34.0,Home,21.0,47.0,0.0,2024100606,59579.0,,202410060was,,401671718,6520.0,7,7,130.0,-155.0,3.0,-112.0,-108.0,44.0,-112.0,-108.0,0,outdoors,grass,73.0,5.0,00-0033537,00-0039910,Deshaun Watson,Jayden Daniels,Kevin Stefanski,Dan Quinn,Alan Eck,WAS00,FedExField,0,26.2,28.0,-0.2,27.047525573608855,3.0,0.0,16.0,26.4,-0.8,15.823314114799585,-2.0,0.0,0,107.52753831417625,75.79705808749927,0.0,0.0,3.0,0.0
2024_05_LV_DEN,2024,REG,5,2024-10-06,Sunday,16:05,LV,18.0,DEN,34.0,Home,16.0,52.0,0.0,2024100607,59580.0,,202410060den,,401671747,6521.0,7,7,130.0,-155.0,3.0,-112.0,-108.0,36.0,-108.0,-112.0,1,outdoors,grass,73.0,7.0,00-0035289,00-0039732,Gardner Minshew,Bo Nix,Antonio Pierce,Sean Payton,Craig Wrolstad,DEN00,Empower Field at Mile High,0,15.2,16.4,-1.0,18.781962235389567,2.0,0.0,21.0,22.2,-0.6,19.126749954693725,1.0,0.0,0,63.89219576719577,83.87296365914787,0.0,0.0,3.0,0.0
2024_05_ARI_SF,2024,REG,5,2024-10-06,Sunday,16:05,ARI,24.0,SF,23.0,Home,-1.0,47.0,0.0,2024100608,59581.0,,202410060sfo,,401671756,6522.0,7,7,260.0,-325.0,7.0,-105.0,-115.0,48.5,-108.0,-112.0,1,outdoors,grass,89.0,3.0,00-0035228,00-0037834,Kyler Murray,Brock Purdy,Jonathan Gannon,Kyle Shanahan,Land Clark,SFO01,Levi's Stadium,0,25.0,21.4,0.8,26.28931668863641,1.0,0.0,23.2,25.4,0.0,20.995052758571017,-2.0,0.0,0,101.44384228451077,108.25900849098191,0.0,0.0,1.0,0.0
2024_05_GB_LA,2024,REG,5,2024-10-06,Sunday,16:25,GB,24.0,LA,19.0,Home,-5.0,43.0,0.0,2024100609,59582.0,,202410060ram,,401671679,6523.0,7,7,-155.0,130.0,-3.0,-112.0,-108.0,49.5,-112.0,-108.0,0,dome,matrixturf,,,00-0036264,00-0026498,Jordan Love,Matthew Stafford,Matt LaFleur,Sean McVay,Brad Allen,LAX01,SoFi Stadium,1,19.6,27.8,-0.2,18.53938465736924,-1.0,0.0,25.0,22.6,0.4,24.810831391560196,-1.0,1.0,0,96.62466073274776,104.86094900923334,1.0,0.0,1.0,0.0
2024_05_NYG_SEA,2024,REG,5,2024-10-06,Sunday,16:25,NYG,29.0,SEA,20.0,Home,-9.0,49.0,0.0,2024100610,59583.0,,202410060sea,,401671680,6524.0,10,6,250.0,-310.0,7.0,-112.0,-108.0,42.5,-110.0,-110.0,0,outdoors,fieldturf,61.0,3.0,00-0035710,00-0030565,Daniel Jones,Geno Smith,Brian Daboll,Mike Macdonald,Shawn Smith,SEA00,Lumen Field,0,24.6,21.0,-0.2,22.190871010876982,-1.0,0.0,17.4,18.8,0.2,13.571387694766898,-1.0,0.0,-4,93.01285014005603,77.35120992841581,0.0,0.0,2.0,0.0
2024_05_DAL_PIT,2024,REG,5,2024-10-06,Sunday,20:20,DAL,20.0,PIT,17.0,Home,-3.0,37.0,0.0,2024100611,59584.0,,202410060pit,,401671784,6525.0,10,7,114.0,-135.0,2.5,-108.0,-112.0,43.5,-108.0,-112.0,0,outdoors,grass,67.0,6.0,00-0033077,00-0036945,Dak Prescott,Justin Fields,Mike McCarthy,Mike Tomlin,Shawn Hochuli,PIT00,Acrisure Stadium,0,18.4,16.8,0.0,20.097445287201438,-1.0,0.0,25.8,30.4,-0.2,28.289550834515104,1.0,0.0,-3,97.43087968883205,94.13411000083794,1.0,0.0,2.0,0.0
2024_05_NO_KC,2024,REG,5,2024-10-07,Monday,20:15,NO,13.0,KC,26.0,Home,13.0,39.0,0.0,2024100700,59585.0,,202410070kan,,401671687,6526.0,8,8,190.0,-230.0,5.5,-112.0,-108.0,43.0,-110.0,-110.0,0,outdoors,grass,70.0,1.0,00-0031280,00-0033873,Derek Carr,Patrick Mahomes,Dennis Allen,Andy Reid,Brad Rogers,KAN00,GEHA Field at Arrowhead Stadium,0,23.4,18.8,-1.2,26.062824114088155,10.0,0.0,35.0,17.4,2.0,32.77663065757355,-2.0,0.0,0,91.60694922685178,112.97111226132968,0.0,0.0,1.0,0.0
2024_06_SF_SEA,2024,REG,6,2024-10-10,Thursday,20:15,SF,36.0,SEA,24.0,Home,-12.0,60.0,0.0,2024101000,59586.0,,202410100sea,,401671819,6527.0,4,4,-198.0,164.0,-3.5,-118.0,-102.0,49.0,-110.0,-110.0,1,outdoors,fieldturf,59.0,10.0,00-0037834,00-0030565,Brock Purdy,Geno Smith,Kyle Shanahan,Mike Macdonald,Craig Wrolstad,SEA00,Lumen Field,0,24.4,22.8,-0.2,24.172888330376498,-2.0,0.0,25.2,21.2,0.0,23.95673731699012,-1.0,0.0,0,92.35213585434174,96.00963175819497,1.0,0.0,1.0,0.0
2024_06_JAX_CHI,2024,REG,6,2024-10-13,Sunday,09:30,JAX,16.0,CHI,35.0,Neutral,19.0,51.0,0.0,2024101300,59587.0,,202410130chi,,401671802,6528.0,7,7,-120.0,100.0,-1.5,-108.0,-112.0,44.5,-108.0,-112.0,0,outdoors,grass,54.0,3.0,00-0036971,00-0039918,Trevor Lawrence,Caleb Williams,Doug Pederson,Matt Eberflus,Brad Allen,LON02,Tottenham Stadium,0,22.6,17.0,1.0,21.30566979610212,2.0,0.0,19.4,28.6,-1.0,18.258456226591758,1.0,0.0,0,84.06308734925678,88.65402700155023,2.0,0.0,1.0,0.0
2024_06_WAS_BAL,2024,REG,6,2024-10-13,Sunday,13:00,WAS,23.0,BAL,30.0,Home,7.0,53.0,0.0,2024101301,59588.0,,202410130rav,,401671625,6529.0,7,7,230.0,-285.0,6.5,-108.0,-112.0,51.5,-110.0,-110.0,0,outdoors,grass,75.0,8.0,00-0039910,00-0034796,Jayden Daniels,Lamar Jackson,Dan Quinn,John Harbaugh,Land Clark,BAL00,M&T Bank Stadium,0,29.4,25.2,0.2,32.112222361071865,3.0,0.0,31.0,23.0,0.0,31.31579641615243,4.0,0.0,0,113.39539636993008,103.03869731800766,0.0,0.0,0.0,0.0
2024_06_ARI_GB,2024,REG,6,2024-10-13,Sunday,13:00,ARI,13.0,GB,34.0,Home,21.0,47.0,0.0,2024101302,59589.0,,202410130gnb,,401671722,6530.0,7,7,195.0,-238.0,5.5,-110.0,-110.0,47.0,-110.0,-110.0,0,outdoors,grass,50.0,4.0,00-0035228,00-0036264,Kyler Murray,Jordan Love,Jonathan Gannon,Matt LaFleur,Alex Kemp,GNB00,Lambeau Field,0,25.6,21.6,1.0,24.133856052221866,1.0,0.0,24.0,25.8,0.4,22.6633253165984,1.0,0.0,0,98.26639772718204,101.95345293542636,0.0,0.0,0.0,0.0
2024_06_HOU_NE,2024,REG,6,2024-10-13,Sunday,13:00,HOU,41.0,NE,21.0,Home,-20.0,62.0,0.0,2024101303,59590.0,,202410130nwe,,401671619,6531.0,7,7,-265.0,215.0,-6.5,-108.0,-112.0,38.5,-112.0,-108.0,0,outdoors,fieldturf,53.0,5.0,00-0039163,00-0039851,C.J. Stroud,Drake Maye,DeMeco Ryans,Jerod Mayo,Ron Torbert,BOS00,Gillette Stadium,0,12.4,20.4,0.0,11.949167369712772,-4.0,1.0,20.4,22.8,-0.2,21.137189465003605,2.0,0.0,0,56.25,97.54043065773753,0.0,0.0,2.0,0.0
2024_06_TB_NO,2024,REG,6,2024-10-13,Sunday,13:00,TB,51.0,NO,27.0,Home,-24.0,78.0,0.0,2024101304,59591.0,,202410130nor,,401671735,6532.0,10,6,-175.0,145.0,-3.5,-108.0,-112.0,42.5,-110.0,-110.0,1,dome,sportturf,,,00-0034855,00-0039376,Baker Mayfield,Spencer Rattler,Todd Bowles,Dennis Allen,Clete Blakeman,NOR00,Mercedes-Benz Superdome,1,28.0,19.2,1.4,26.177891770220995,-3.0,1.0,25.4,22.8,0.0,22.27211315339521,-1.0,0.0,-4,,111.65596898435642,4.0,1.0,3.0,0.0
2024_06_CLE_PHI,2024,REG,6,2024-10-13,Sunday,13:00,CLE,16.0,PHI,20.0,Home,4.0,36.0,0.0,2024101305,59592.0,,202410130phi,,401671714,6533.0,7,14,330.0,-425.0,8.0,-108.0,-112.0,42.0,-110.0,-110.0,0,outdoors,grass,82.0,10.0,00-0033537,00-0036389,Deshaun Watson,Jalen Hurts,Kevin Stefanski,Nick Sirianni,Shawn Hochuli,PHI00,Lincoln Financial Field,0,19.0,25.6,-0.8,21.544570134470465,-1.0,0.0,15.8,24.2,-0.2,14.698803056105733,-3.0,0.0,7,88.74565089193572,76.29250626677097,0.0,0.0,4.0,0.0
2024_06_IND_TEN,2024,REG,6,2024-10-13,Sunday,13:00,IND,20.0,TEN,17.0,Home,-3.0,37.0,0.0,2024101306,59593.0,,202410130oti,,401671820,6534.0,7,13,114.0,-135.0,2.5,-110.0,-110.0,42.0,-112.0,-108.0,1,outdoors,grass,80.0,12.0,00-0026158,00-0039152,Joe Flacco,Will Levis,Shane Steichen,Brian Callahan,Brad Rogers,NAS00,Nissan Stadium,0,21.4,22.0,-1.2,21.618001396956842,1.0,0.0,23.8,24.4,0.2,26.613326009567253,-1.0,1.0,6,64.57450688608778,105.03514570137509,0.0,0.0,1.0,0.0
2024_06_LAC_DEN,2024,REG,6,2024-10-13,Sunday,16:05,LAC,23.0,DEN,16.0,Home,-7.0,39.0,0.0,2024101307,59594.0,,202410130den,,401671655,6535.0,14,7,-155.0,130.0,-3.0,-105.0,-115.0,37.0,-108.0,-112.0,1,outdoors,grass,65.0,7.0,00-0036355,00-0039732,Justin Herbert,Bo Nix,Jim Harbaugh,Sean Payton,Tra Blake,DEN00,Empower Field at Mile High,0,19.2,14.6,-0.2,22.777594183740913,3.0,0.0,16.0,12.6,1.0,19.14218720243763,-2.0,0.0,-7,74.55511463844798,86.84326294620413,2.0,0.0,1.0,0.0
2024_06_PIT_LV,2024,REG,6,2024-10-13,Sunday,16:05,PIT,32.0,LV,13.0,Home,-19.0,45.0,0.0,2024101308,59595.0,,202410130rai,,401671657,6536.0,7,7,-180.0,150.0,-3.5,-110.0,-110.0,36.5,-108.0,-112.0,0,dome,grass,,,00-0036945,00-0038579,Justin Fields,Aidan O'Connell,Mike Tomlin,Antonio Pierce,Alan Eck,VEG00,Allegiant Stadium,1,19.2,26.2,-1.4,18.19150139506824,-1.0,1.0,18.4,14.6,0.8,17.761331988860075,-2.0,0.0,0,83.9490227800111,96.50495376290613,2.0,0.0,1.0,0.0
2024_06_ATL_CAR,2024,REG,6,2024-10-13,Sunday,16:25,ATL,38.0,CAR,20.0,Home,-18.0,58.0,0.0,2024101309,59596.0,,202410130car,,401671769,6537.0,10,7,-258.0,210.0,-6.0,-112.0,-108.0,45.5,-110.0,-110.0,1,outdoors,grass,79.0,9.0,00-0029604,00-0027973,Kirk Cousins,Andy Dalton,Raheem Morris,Dave Canales,Clay Martin,CAR00,Bank of America Stadium,0,16.6,33.0,-1.0,18.562235788185564,-2.0,0.0,22.2,23.0,-0.6,23.344913219509138,2.0,0.0,-3,79.1765965472862,89.83633320702286,5.0,0.0,1.0,0.0
2024_06_DET_DAL,2024,REG,6,2024-10-13,Sunday,16:25,DET,47.0,DAL,9.0,Home,-38.0,56.0,0.0,2024101310,59597.0,,202410130dal,,401671764,6538.0,13,7,-180.0,150.0,-3.5,-105.0,-115.0,52.5,-110.0,-110.0,0,closed,matrixturf,,,00-0033106,00-0033077,Jared Goff,Dak Prescott,Dan Campbell,Mike McCarthy,John Hussey,DAL00,AT&T Stadium,1,23.4,24.2,-0.2,26.85742241024938,2.0,0.0,27.0,23.2,0.2,29.09685516553735,2.0,0.0,-6,94.29085603258397,100.96382046236235,2.0,0.0,0.0,0.0
2024_06_CIN_NYG,2024,REG,6,2024-10-13,Sunday,20:20,CIN,17.0,NYG,7.0,Home,-10.0,24.0,0.0,2024101311,59598.0,,202410130nyg,,401671791,6539.0,7,7,-230.0,190.0,-4.5,-112.0,-108.0,46.0,-102.0,-118.0,0,outdoors,fieldturf,63.0,2.0,00-0036442,00-0035710,Joe Burrow,Daniel Jones,Zac Taylor,Brian Daboll,Carl Cheffers,NYC01,MetLife Stadium,0,17.8,20.8,-0.4,14.913297477744807,1.0,0.0,28.0,29.0,0.4,27.261114877954277,-1.0,0.0,0,88.93890056022408,110.93065098238976,2.0,0.0,0.0,0.0
2024_06_BUF_NYJ,2024,REG,6,2024-10-14,Monday,20:15,BUF,23.0,NYJ,20.0,Home,-3.0,43.0,0.0,2024101400,59599.0,,202410140nyj,,401671684,6540.0,8,8,-122.0,102.0,-1.0,-112.0,-108.0,42.0,-110.0,-110.0,1,outdoors,fieldturf,49.0,14.0,00-0034857,00-0023459,Josh Allen,Aaron Rodgers,Sean McDermott,Robert Saleh,Adrian Hill,NYC01,MetLife Stadium,0,18.6,17.0,0.0,21.523192864708044,-2.0,0.0,28.4,21.2,1.4,26.595894590716828,-2.0,0.0,0,85.46825396825396,103.44059768361433,0.0,0.0,1.0,0.0
2024_07_DEN_NO,2024,REG,7,2024-10-17,Thursday,20:15,DEN,33.0,NO,10.0,Home,-23.0,43.0,0.0,2024101700,59600.0,,202410170nor,,401671816,6541.0,4,4,-148.0,124.0,-2.5,-118.0,-102.0,37.0,-110.0,-110.0,0,dome,sportturf,,,00-0039732,00-0039376,Bo Nix,Spencer Rattler,Sean Payton,Dennis Allen,Land Clark,NOR00,Mercedes-Benz Superdome,1,24.0,27.4,0.6,22.036859413537954,-4.0,1.0,18.4,14.0,0.0,24.333440780990973,-1.0,0.0,0,60.729166666666664,82.03346961680295,5.0,0.0,1.0,0.0
2024_07_NE_JAX,2024,REG,7,2024-10-20,Sunday,09:30,NE,16.0,JAX,32.0,Neutral,16.0,48.0,0.0,2024102000,59601.0,,202410200jax,,401671801,6542.0,7,7,240.0,-298.0,6.5,-105.0,-115.0,42.0,-108.0,-112.0,0,outdoors,grass,63.0,12.0,00-0039851,00-0036971,Drake Maye,Trevor Lawrence,Jerod Mayo,Doug Pederson,Brad Rogers,LON00,Wembley Stadium,0,19.2,31.6,-1.0,19.292054860250307,-1.0,0.0,13.4,26.6,-0.6,12.847040069819348,-5.0,1.0,0,87.47942382694706,72.28535353535352,0.0,0.0,1.0,0.0
2024_07_SEA_ATL,2024,REG,7,2024-10-20,Sunday,13:00,SEA,34.0,ATL,14.0,Home,-20.0,48.0,0.0,2024102001,59602.0,,202410200atl,,401671730,6543.0,10,7,136.0,-162.0,3.0,-115.0,-105.0,51.5,-110.0,-110.0,0,closed,fieldturf,,,00-0030565,00-0029604,Geno Smith,Kirk Cousins,Mike Macdonald,Raheem Morris,Bill Vinovich,ATL97,Mercedes-Benz Stadium,1,27.8,23.4,0.2,26.29565783035025,3.0,0.0,24.0,26.0,-1.4,23.987023963408568,-3.0,0.0,-3,97.48590585659551,88.01111021331609,1.0,0.0,2.0,0.0
2024_07_TEN_BUF,2024,REG,7,2024-10-20,Sunday,13:00,TEN,10.0,BUF,34.0,Home,24.0,44.0,0.0,2024102002,59603.0,,202410200buf,,401671616,6544.0,7,6,400.0,-535.0,9.5,-110.0,-110.0,41.0,-108.0,-112.0,0,outdoors,a_turf,66.0,12.0,00-0034771,00-0034857,Mason Rudolph,Josh Allen,Brian Callahan,Sean McDermott,John Hussey,BUF00,New Era Field,0,26.2,19.6,1.6,26.705769835314154,1.0,0.0,19.2,22.0,-1.4,19.25778833296745,-1.0,1.0,-1,101.4876991328897,99.63039076029273,0.0,0.0,0.0,0.0
2024_07_CIN_CLE,2024,REG,7,2024-10-20,Sunday,13:00,CIN,21.0,CLE,14.0,Home,-7.0,35.0,0.0,2024102003,59604.0,,202410200cle,,401671853,6545.0,7,7,-230.0,190.0,-5.5,-110.0,-110.0,42.0,-112.0,-108.0,1,outdoors,grass,62.0,8.0,00-0036442,00-0033537,Joe Burrow,Deshaun Watson,Zac Taylor,Kevin Stefanski,Ron Torbert,CLE00,FirstEnergy Stadium,0,15.6,21.6,0.2,14.560718265391401,-4.0,0.0,29.4,27.2,0.4,29.024508672507267,1.0,0.0,0,84.17736939076454,111.64904178698745,1.0,0.0,0.0,0.0
2024_07_HOU_GB,2024,REG,7,2024-10-20,Sunday,13:00,HOU,22.0,GB,24.0,Home,2.0,46.0,0.0,2024102004,59605.0,,202410200gnb,,401671644,6546.0,7,7,142.0,-170.0,3.0,100.0,-120.0,48.0,-108.0,-112.0,0,outdoors,grass,72.0,3.0,00-0039163,00-0036264,C.J. Stroud,Jordan Love,DeMeco Ryans,Matt LaFleur,Scott Novak,GNB00,Lambeau Field,0,26.6,17.4,1.0,25.502333272924975,2.0,0.0,22.8,21.6,0.2,24.384536197650664,3.0,0.0,0,90.72423502876934,94.45743334590958,0.0,0.0,4.0,0.0
2024_07_MIA_IND,2024,REG,7,2024-10-20,Sunday,13:00,MIA,10.0,IND,16.0,Home,6.0,26.0,0.0,2024102005,59606.0,,202410200clt,,401671864,6547.0,14,7,130.0,-155.0,3.0,-120.0,100.0,44.0,-108.0,-112.0,0,closed,fieldturf,,,00-0034177,00-0039164,Tim Boyle,Anthony Richardson,Mike McDaniel,Shane Steichen,Craig Wrolstad,IND00,Lucas Oil Stadium,1,22.4,22.0,0.4,24.850996666740247,1.0,1.0,12.0,22.6,-0.4,12.23165030625076,1.0,1.0,-7,79.44629342965256,45.59287883169462,1.0,0.0,1.0,0.0
2024_07_DET_MIN,2024,REG,7,2024-10-20,Sunday,13:00,DET,31.0,MIN,29.0,Home,-2.0,60.0,0.0,2024102006,59607.0,,202410200min,,401671724,6548.0,7,14,-102.0,-118.0,1.0,-108.0,-112.0,50.5,-112.0,-108.0,1,dome,sportturf,,,00-0033106,00-0034869,Jared Goff,Sam Darnold,Dan Campbell,Kevin O'Connell,Clay Martin,MIN01,U.S. Bank Stadium,1,27.8,15.2,1.2,30.30599946856969,5.0,0.0,30.2,18.2,1.2,32.116336306312014,3.0,0.0,7,103.044921028792,113.95975542171195,1.0,0.0,0.0,0.0
2024_07_PHI_NYG,2024,REG,7,2024-10-20,Sunday,13:00,PHI,28.0,NYG,3.0,Home,-25.0,31.0,0.0,2024102007,59608.0,,202410200nyg,,401671710,6549.0,7,7,-166.0,140.0,-3.0,-120.0,100.0,42.0,-110.0,-110.0,1,outdoors,fieldturf,71.0,4.0,00-0036389,00-0035710,Jalen Hurts,Daniel Jones,Nick Sirianni,Brian Daboll,Tra Blake,NYC01,MetLife Stadium,0,18.0,18.6,-0.4,14.541489849062062,-1.0,0.0,21.2,22.4,-0.8,22.21061943674303,1.0,0.0,0,91.56375538020087,93.78374613003096,0.0,0.0,2.0,0.0
2024_07_LV_LA,2024,REG,7,2024-10-20,Sunday,16:05,LV,15.0,LA,20.0,Home,5.0,35.0,0.0,2024102008,59609.0,,202410200ram,,401671663,6550.0,7,14,280.0,-355.0,7.0,-105.0,-115.0,43.0,-105.0,-115.0,0,dome,matrixturf,,,00-0038579,00-0026498,Aidan O'Connell,Matthew Stafford,Antonio Pierce,Sean McVay,Shawn Hochuli,LAX01,SoFi Stadium,1,18.8,27.8,-0.4,17.664321168838452,-2.0,0.0,19.8,28.2,-1.4,21.13601426265372,-2.0,1.0,7,88.03669776978481,89.86866563715395,0.0,0.0,2.0,0.0
2024_07_CAR_WAS,2024,REG,7,2024-10-20,Sunday,16:05,CAR,7.0,WAS,40.0,Home,33.0,47.0,0.0,2024102009,59610.0,,202410200was,,401671640,6551.0,7,7,400.0,-535.0,10.0,100.0,-120.0,51.0,-110.0,-110.0,0,outdoors,grass,76.0,2.0,00-0027973,00-0039910,Andy Dalton,Jayden Daniels,Dave Canales,Dan Quinn,Carl Cheffers,WAS00,FedExField,0,31.6,21.6,0.2,29.253027721495666,-1.0,0.0,18.6,31.2,-0.4,19.16663890141885,-3.0,0.0,0,106.48711001642036,77.29365643839328,0.0,0.0,4.0,0.0
2024_07_KC_SF,2024,REG,7,2024-10-20,Sunday,16:25,KC,28.0,SF,18.0,Home,-10.0,46.0,0.0,2024102010,59611.0,,202410200sfo,,401671777,6552.0,13,10,120.0,-142.0,2.5,-105.0,-115.0,47.5,-110.0,-110.0,0,outdoors,grass,78.0,3.0,00-0033873,00-0037834,Patrick Mahomes,Brock Purdy,Andy Reid,Kyle Shanahan,Alan Eck,SFO01,Levi's Stadium,0,26.0,22.2,0.2,24.308042358062355,1.0,0.0,23.6,17.0,-0.8,27.880315335433224,11.0,0.0,-3,103.89858906525573,89.07025283145974,1.0,0.0,1.0,0.0
2024_07_NYJ_PIT,2024,REG,7,2024-10-20,Sunday,20:20,NYJ,15.0,PIT,37.0,Home,22.0,52.0,0.0,2024102011,59612.0,,202410200pit,,401671785,6553.0,6,7,-166.0,140.0,-3.0,-108.0,-112.0,40.0,-110.0,-110.0,0,outdoors,grass,60.0,4.0,00-0023459,00-0029263,Aaron Rodgers,Russell Wilson,Robert Saleh,Mike Tomlin,Shawn Smith,PIT00,Acrisure Stadium,0,21.2,15.2,0.8,20.534346271705818,1.0,1.0,18.8,15.2,0.2,21.844150251999814,-3.0,0.0,1,85.53086576524076,88.6984126984127,1.0,0.0,0.0,0.0
2024_07_BAL_TB,2024,REG,7,2024-10-21,Monday,20:15,BAL,41.0,TB,31.0,Home,-10.0,72.0,0.0,2024102100,59613.0,,202410210tam,,401671695,6554.0,8,8,-225.0,185.0,-4.5,-110.0,-110.0,51.0,-110.0,-110.0,0,outdoors,grass,80.0,8.0,00-0034796,00-0034855,Lamar Jackson,Baker Mayfield,John Harbaugh,Todd Bowles,Alex Kemp,TAM00,Raymond James Stadium,0,28.2,24.2,0.0,27.839834849139624,1.0,0.0,31.4,24.4,0.0,31.83376661690839,4.0,0.0,0,101.89208009546755,118.18354521295699,1.0,0.0,0.0,0.0
2024_07_LAC_ARI,2024,REG,7,2024-10-21,Monday,21:00,LAC,15.0,ARI,17.0,Home,2.0,32.0,0.0,2024102101,59614.0,,202410210crd,,401671699,6555.0,8,8,-122.0,102.0,-1.0,-115.0,-105.0,44.0,-108.0,-112.0,0,closed,grass,,,00-0036355,00-0035228,Justin Herbert,Kyler Murray,Jim Harbaugh,Jonathan Gannon,Clete Blakeman,PHO00,State Farm Stadium,1,21.0,25.8,0.0,19.600966895719193,-1.0,0.0,18.2,13.2,1.4,23.14738808330803,1.0,0.0,0,103.2723373440285,96.27953745600806,0.0,0.0,2.0,0.0
2024_08_MIN_LA,2024,REG,8,2024-10-24,Thursday,20:15,MIN,20.0,LA,30.0,Home,10.0,50.0,0.0,2024102400,59615.0,,202410240ram,,401671817,6556.0,4,4,-155.0,130.0,-3.0,-105.0,-115.0,47.5,-110.0,-110.0,0,dome,matrixturf,,,00-0034869,00-0026498,Sam Darnold,Matthew Stafford,Kevin O'Connell,Sean McVay,Tra Blake,LAX01,SoFi Stadium,1,18.8,25.6,0.2,17.06793733516384,1.0,0.0,28.0,20.2,1.2,32.00697698221353,-1.0,0.0,0,83.52250078664373,101.11590868311299,1.0,0.0,1.0,0.0
2024_08_PHI_CIN,2024,REG,8,2024-10-27,Sunday,13:00,PHI,37.0,CIN,17.0,Home,-20.0,54.0,0.0,2024102710,59626.0,,202410270cin,,401671667,6567.0,7,7,124.0,-148.0,2.5,100.0,-120.0,47.5,-108.0,-112.0,0,outdoors,fieldturf,59.0,6.0,00-0036389,00-0036442,Jalen Hurts,Joe Burrow,Nick Sirianni,Zac Taylor,John Hussey,CIN00,Paycor Stadium,0,28.6,24.8,0.4,27.052367408202056,2.0,0.0,20.0,17.2,-0.4,21.430532162121825,2.0,0.0,0,112.69163437958005,101.59887218045112,0.0,0.0,2.0,0.0
2024_08_BAL_CLE,2024,REG,8,2024-10-27,Sunday,13:00,BAL,24.0,CLE,29.0,Home,5.0,53.0,0.0,2024102700,59616.0,,202410270cle,,401671852,6557.0,6,7,-380.0,300.0,-7.5,-110.0,-110.0,44.5,-105.0,-115.0,1,outdoors,grass,52.0,4.0,00-0034796,00-0031503,Lamar Jackson,Jameis Winston,John Harbaugh,Kevin Stefanski,Shawn Smith,CLE00,FirstEnergy Stadium,0,14.8,23.2,-0.2,13.058560832162922,-5.0,1.0,35.0,25.4,0.2,33.842993641295976,5.0,0.0,1,68.61212121212121,133.5378232878233,3.0,0.0,1.0,0.0
2024_08_TEN_DET,2024,REG,8,2024-10-27,Sunday,13:00,TEN,14.0,DET,52.0,Home,38.0,66.0,0.0,2024102701,59617.0,,202410270det,,401671720,6558.0,7,7,550.0,-800.0,12.5,-105.0,-115.0,45.0,-108.0,-112.0,0,dome,fieldturf,,,00-0034771,00-0033106,Mason Rudolph,Jared Goff,Brian Callahan,Dan Campbell,Carl Cheffers,DET00,Ford Field,1,31.2,20.0,1.2,35.52110705871692,4.0,0.0,17.8,24.0,-1.4,17.39024653979239,-2.0,1.0,0,124.96570780266431,89.72684137757668,0.0,0.0,1.0,0.0
2024_08_IND_HOU,2024,REG,8,2024-10-27,Sunday,13:00,IND,20.0,HOU,23.0,Home,3.0,43.0,0.0,2024102702,59618.0,,202410270htx,,401671856,6559.0,7,7,185.0,-225.0,5.0,-112.0,-108.0,45.0,-108.0,-112.0,1,closed,astroturf,,,00-0026158,00-0039163,Joe Flacco,C.J. Stroud,Shane Steichen,DeMeco Ryans,Brad Allen,HOU00,NRG Stadium,1,23.4,23.8,0.2,25.02623451864147,-1.0,0.0,23.6,20.8,1.0,25.978149571807172,2.0,0.0,0,87.28812117659741,,2.0,0.0,0.0,0.0
2024_08_GB_JAX,2024,REG,8,2024-10-27,Sunday,13:00,GB,30.0,JAX,27.0,Home,-3.0,57.0,0.0,2024102703,59619.0,,202410270jax,,401671707,6560.0,7,7,-192.0,160.0,-3.5,-115.0,-105.0,49.0,-112.0,-108.0,0,outdoors,grass,84.0,4.0,00-0036264,00-0036971,Jordan Love,Trevor Lawrence,Matt LaFleur,Doug Pederson,Land Clark,JAX00,TIAA Bank Stadium,0,23.0,31.2,-1.0,23.874952236863844,1.0,0.0,28.2,19.8,0.4,27.314554946325664,3.0,0.0,0,97.46553493805816,95.34247626465765,0.0,0.0,0.0,0.0
2024_08_ARI_MIA,2024,REG,8,2024-10-27,Sunday,13:00,ARI,28.0,MIA,27.0,Home,-1.0,55.0,0.0,2024102704,59620.0,,202410270mia,,401671850,6561.0,6,7,164.0,-198.0,4.0,-108.0,-112.0,46.5,-110.0,-110.0,0,outdoors,grass,82.0,14.0,00-0035228,00-0034177,Kyler Murray,Tim Boyle,Jonathan Gannon,Mike McDaniel,Clay Martin,MIA00,Hard Rock Stadium,0,10.0,22.4,-0.8,10.229973233186778,-1.0,1.0,16.2,26.8,0.0,16.512727913438525,1.0,0.0,1,,85.00310657479776,2.0,0.0,1.0,0.0
2024_08_NYJ_NE,2024,REG,8,2024-10-27,Sunday,13:00,NYJ,22.0,NE,25.0,Home,3.0,47.0,0.0,2024102705,59621.0,,202410270nwe,,401671618,6562.0,7,7,-305.0,245.0,-7.0,-110.0,-110.0,41.0,-110.0,-110.0,1,outdoors,fieldturf,53.0,8.0,00-0023459,00-0039851,Aaron Rodgers,Drake Maye,Robert Saleh,Jerod Mayo,Craig Wrolstad,BOS00,Gillette Stadium,0,12.6,28.4,-0.6,11.065553628531985,-6.0,0.0,17.0,19.2,-0.6,21.19162667113128,-4.0,0.0,0,84.77056602056602,82.95482295482296,2.0,0.0,3.0,0.0
2024_08_ATL_TB,2024,REG,8,2024-10-27,Sunday,13:00,ATL,31.0,TB,26.0,Home,-5.0,57.0,0.0,2024102706,59622.0,,202410270tam,,401671739,6563.0,7,6,-122.0,102.0,-1.5,-110.0,-110.0,47.0,-108.0,-112.0,1,outdoors,grass,79.0,6.0,00-0029604,00-0034855,Kirk Cousins,Baker Mayfield,Raheem Morris,Todd Bowles,Shawn Hochuli,TAM00,Raymond James Stadium,0,30.4,29.2,-0.4,29.90716634694437,-1.0,0.0,26.2,26.0,-0.6,25.55267096505016,-1.0,0.0,-1,103.20299627480479,88.56390257252326,2.0,0.0,2.0,0.0
2024_08_NO_LAC,2024,REG,8,2024-10-27,Sunday,16:05,NO,8.0,LAC,26.0,Home,18.0,34.0,0.0,2024102708,59624.0,,202410270sdg,,401671750,6565.0,10,6,250.0,-310.0,7.0,-110.0,-110.0,41.5,-108.0,-112.0,0,dome,matrixturf,,,00-0039376,00-0036355,Spencer Rattler,Justin Herbert,Dennis Allen,Jim Harbaugh,Alan Eck,LAX01,SoFi Stadium,1,16.8,14.6,0.8,19.04993569784757,-1.0,0.0,17.2,30.2,0.2,17.069851997393414,-5.0,0.0,-4,97.19834087481146,71.40625,1.0,0.0,1.0,0.0
2024_08_BUF_SEA,2024,REG,8,2024-10-27,Sunday,16:05,BUF,31.0,SEA,10.0,Home,-21.0,41.0,0.0,2024102709,59625.0,,202410270sea,,401671760,6566.0,7,7,-170.0,142.0,-3.0,-120.0,100.0,45.5,-105.0,-115.0,0,outdoors,fieldturf,55.0,14.0,00-0034857,00-0030565,Josh Allen,Geno Smith,Sean McDermott,Mike Macdonald,Ron Torbert,SEA00,Lumen Field,0,26.2,24.8,-0.8,25.5968797383461,1.0,0.0,26.8,19.6,1.4,28.881322905051885,2.0,0.0,0,89.43968164188752,103.28195750609544,2.0,0.0,1.0,0.0
2024_08_CAR_DEN,2024,REG,8,2024-10-27,Sunday,16:25,CAR,14.0,DEN,28.0,Home,14.0,42.0,0.0,2024102711,59627.0,,202410270den,,401671600,6568.0,7,10,525.0,-750.0,13.0,-110.0,-110.0,40.5,-112.0,-108.0,0,outdoors,grass,76.0,4.0,00-0039150,00-0039732,Bryce Young,Bo Nix,Dave Canales,Sean Payton,Alex Kemp,DEN00,Empower Field at Mile High,0,23.8,13.4,0.6,28.057890678145018,1.0,0.0,19.4,34.0,-1.0,20.669950445198218,-4.0,1.0,3,86.92724251057584,65.63013838013838,1.0,0.0,5.0,0.0
2024_08_KC_LV,2024,REG,8,2024-10-27,Sunday,16:25,KC,27.0,LV,20.0,Home,-7.0,47.0,0.0,2024102712,59628.0,,202410270rai,,401671671,6569.0,7,7,-440.0,340.0,-9.0,-112.0,-108.0,42.0,-108.0,-112.0,1,dome,grass,,,00-0033873,00-0038579,Patrick Mahomes,Aidan O'Connell,Andy Reid,Antonio Pierce,Adrian Hill,VEG00,Allegiant Stadium,1,17.6,27.6,-2.0,17.194850511255396,-3.0,0.0,23.8,16.6,-0.6,26.50834247501274,12.0,0.0,0,,77.55680485967842,1.0,0.0,1.0,0.0
2024_08_CHI_WAS,2024,REG,8,2024-10-27,Sunday,16:25,CHI,15.0,WAS,18.0,Home,3.0,33.0,0.0,2024102707,59623.0,,202410270was,,401671599,6564.0,14,7,102.0,-122.0,1.5,-110.0,-110.0,46.5,-108.0,-112.0,0,outdoors,grass,58.0,2.0,00-0039918,00-0039910,Caleb Williams,Jayden Daniels,Matt Eberflus,Dan Quinn,Clete Blakeman,WAS00,FedExField,0,35.4,19.4,0.4,30.99253658217925,1.0,0.0,24.8,16.8,0.8,22.229244694132333,3.0,0.0,-7,102.49285714285716,97.79871953316481,0.0,0.0,2.0,0.0
2024_08_DAL_SF,2024,REG,8,2024-10-27,Sunday,20:20,DAL,24.0,SF,30.0,Home,6.0,54.0,0.0,2024102713,59629.0,,202410270sfo,,401671795,6570.0,14,7,195.0,-238.0,5.5,-105.0,-115.0,48.0,-110.0,-110.0,0,outdoors,grass,69.0,9.0,00-0033077,00-0037834,Dak Prescott,Brock Purdy,Mike McCarthy,Kyle Shanahan,Bill Vinovich,SFO01,Levi's Stadium,0,26.2,23.2,0.0,26.278856996028498,-1.0,0.0,18.6,30.2,-1.6,22.20574654963537,-1.0,0.0,-7,90.98266911304545,85.680534062887,1.0,0.0,2.0,0.0
2024_08_NYG_PIT,2024,REG,8,2024-10-28,Monday,20:15,NYG,18.0,PIT,26.0,Home,8.0,44.0,0.0,2024102800,59630.0,,202410280pit,,401671685,6571.0,8,8,220.0,-270.0,6.0,-105.0,-115.0,37.5,-110.0,-110.0,0,outdoors,grass,54.0,7.0,00-0035710,00-0029263,Daniel Jones,Russell Wilson,Brian Daboll,Mike Tomlin,Scott Novak,PIT00,Acrisure Stadium,0,26.0,17.0,0.8,27.75436216308064,2.0,1.0,15.0,20.0,-0.2,13.011394527002537,-2.0,0.0,0,88.9556306555229,87.02010458655006,1.0,0.0,1.0,0.0
2024_09_HOU_NYJ,2024,REG,9,2024-10-31,Thursday,20:15,HOU,13.0,NYJ,21.0,Home,8.0,34.0,0.0,2024103100,59631.0,,202410310nyj,,401671809,6572.0,4,4,124.0,-148.0,2.5,100.0,-120.0,43.5,-105.0,-115.0,0,outdoors,fieldturf,71.0,8.0,00-0039163,00-0023459,C.J. Stroud,Aaron Rodgers,DeMeco Ryans,Robert Saleh,Shawn Hochuli,NYC01,MetLife Stadium,0,16.6,23.6,-0.8,18.937230450573146,-5.0,0.0,26.6,21.0,0.8,29.110221507272882,1.0,0.0,0,81.41315628815629,93.46365154567617,4.0,0.0,2.0,0.0
2024_09_DAL_ATL,2024,REG,9,2024-11-03,Sunday,13:00,DAL,21.0,ATL,27.0,Home,6.0,48.0,0.0,2024110300,59632.0,,202411030atl,,401671728,6573.0,7,7,140.0,-166.0,3.0,-105.0,-115.0,52.0,-112.0,-108.0,0,closed,fieldturf,,,00-0033077,00-0029604,Dak Prescott,Kirk Cousins,Mike McCarthy,Raheem Morris,Scott Novak,ATL97,Mercedes-Benz Stadium,1,29.0,26.8,0.0,26.24381594821377,1.0,0.0,19.6,27.4,-1.8,21.57507337319578,-2.0,0.0,0,99.79953475643131,85.86215799451094,0.0,0.0,2.0,0.0
2024_09_DEN_BAL,2024,REG,9,2024-11-03,Sunday,13:00,DEN,10.0,BAL,41.0,Home,31.0,51.0,0.0,2024110301,59633.0,,202411030rav,,401671623,6574.0,7,7,330.0,-440.0,9.0,-115.0,-105.0,46.5,-110.0,-110.0,0,outdoors,grass,57.0,3.0,00-0039732,00-0034796,Bo Nix,Lamar Jackson,Sean Payton,John Harbaugh,Adrian Hill,BAL00,M&T Bank Stadium,0,34.2,26.2,0.2,34.363972719820865,-1.0,0.0,24.2,14.8,0.4,23.849227650646114,2.0,0.0,0,125.99981159191687,94.76758285091618,0.0,0.0,1.0,0.0
2024_09_MIA_BUF,2024,REG,9,2024-11-03,Sunday,13:00,MIA,27.0,BUF,30.0,Home,3.0,57.0,0.0,2024110302,59634.0,,202411030buf,,401671493,6575.0,7,7,230.0,-285.0,6.5,-110.0,-110.0,49.0,-108.0,-112.0,1,outdoors,a_turf,54.0,9.0,00-0036212,00-0034857,Tua Tagovailoa,Josh Allen,Mike McDaniel,Sean McDermott,Tra Blake,BUF00,New Era Field,0,23.6,19.6,0.8,24.142736830320796,3.0,0.0,13.4,21.8,-0.2,13.068923318002755,-2.0,1.0,0,95.45352613354642,76.44286594286594,0.0,0.0,3.0,0.0
2024_09_NO_CAR,2024,REG,9,2024-11-03,Sunday,13:00,NO,22.0,CAR,23.0,Home,1.0,45.0,0.0,2024110303,59635.0,,202411030car,,401671650,6576.0,7,7,-345.0,275.0,-7.0,-118.0,-102.0,43.5,-108.0,-112.0,1,outdoors,grass,66.0,7.0,00-0031280,00-0039150,Derek Carr,Bryce Young,Dennis Allen,Dave Canales,Ron Torbert,CAR00,Bank of America Stadium,0,15.0,35.2,-1.2,16.907021630895507,-5.0,1.0,16.4,32.4,0.0,18.633783035290392,-6.0,1.0,0,66.0480562980563,101.69135035656775,3.0,0.0,1.0,0.0
2024_09_LV_CIN,2024,REG,9,2024-11-03,Sunday,13:00,LV,24.0,CIN,41.0,Home,17.0,65.0,0.0,2024110304,59636.0,,202411030cin,,401671704,6577.0,7,7,320.0,-410.0,8.0,-110.0,-110.0,45.0,-108.0,-112.0,0,outdoors,fieldturf,67.0,7.0,00-0035289,00-0036442,Gardner Minshew,Joe Burrow,Antonio Pierce,Zac Taylor,Brad Rogers,CIN00,Paycor Stadium,0,25.4,24.6,0.0,26.910395629993463,-1.0,0.0,17.2,25.8,-1.8,18.678357281763176,-4.0,1.0,0,104.13544661286596,74.23401027077497,2.0,0.0,1.0,0.0
2024_09_LAC_CLE,2024,REG,9,2024-11-03,Sunday,13:00,LAC,27.0,CLE,10.0,Home,-17.0,37.0,0.0,2024110305,59637.0,,202411030cle,,401671629,6578.0,7,7,-130.0,110.0,-2.0,-110.0,-110.0,42.5,-108.0,-112.0,0,outdoors,grass,57.0,10.0,00-0036355,00-0031503,Justin Herbert,Jameis Winston,Jim Harbaugh,Kevin Stefanski,Bill Vinovich,CLE00,FirstEnergy Stadium,0,17.6,23.8,-0.4,15.313749761950104,1.0,1.0,16.8,15.6,1.0,18.001647016182332,1.0,0.0,0,91.67106430155211,99.46396587481146,2.0,0.0,1.0,0.0
2024_09_WAS_NYG,2024,REG,9,2024-11-03,Sunday,13:00,WAS,27.0,NYG,22.0,Home,-5.0,49.0,0.0,2024110307,59639.0,,202411030nyg,,401671711,6580.0,7,6,-218.0,180.0,-4.5,-108.0,-112.0,44.5,-110.0,-110.0,1,outdoors,fieldturf,52.0,6.0,00-0032268,00-0035710,Marcus Mariota,Daniel Jones,Dan Quinn,Brian Daboll,Brad Allen,NYC01,MetLife Stadium,0,14.4,22.2,-0.4,13.689564181137214,-3.0,0.0,31.4,15.8,0.6,28.878514667130254,2.0,1.0,-1,79.6723233687998,,0.0,0.0,0.0,0.0
2024_09_NE_TEN,2024,REG,9,2024-11-03,Sunday,13:00,NE,17.0,TEN,20.0,Home,3.0,37.0,1.0,2024110308,59640.0,,202411030oti,,401671822,6581.0,7,7,136.0,-162.0,3.0,-105.0,-115.0,38.5,-110.0,-110.0,0,outdoors,grass,75.0,10.0,00-0039851,00-0034771,Drake Maye,Mason Rudolph,Jerod Mayo,Brian Callahan,Alex Kemp,NAS00,Nissan Stadium,0,17.2,29.6,-1.8,17.723988661527105,-3.0,0.0,17.0,28.0,-0.4,15.433773122222624,1.0,0.0,0,80.56382968167024,78.50848007098007,1.0,0.0,0.0,0.0
2024_09_CHI_ARI,2024,REG,9,2024-11-03,Sunday,16:05,CHI,9.0,ARI,29.0,Home,20.0,38.0,0.0,2024110309,59641.0,,202411030crd,,401671661,6582.0,7,7,100.0,-120.0,1.5,-110.0,-110.0,44.5,-110.0,-110.0,0,closed,grass,,,00-0039918,00-0035228,Caleb Williams,Kyler Murray,Matt Eberflus,Jonathan Gannon,Carl Cheffers,PHO00,State Farm Stadium,1,19.2,28.2,0.0,19.857389801210026,2.0,0.0,25.2,16.6,0.8,22.587780898876403,-1.0,0.0,0,92.97287781662781,99.5170003139456,0.0,0.0,2.0,0.0
2024_09_JAX_PHI,2024,REG,9,2024-11-03,Sunday,16:05,JAX,23.0,PHI,28.0,Home,5.0,51.0,0.0,2024110312,59644.0,,202411030phi,,401671797,6585.0,7,7,270.0,-340.0,7.5,-112.0,-108.0,46.0,-110.0,-110.0,0,outdoors,grass,57.0,6.0,00-0036971,00-0036389,Trevor Lawrence,Jalen Hurts,Doug Pederson,Nick Sirianni,Alan Eck,PHI00,Lincoln Financial Field,0,23.2,16.2,0.2,24.76543085321042,3.0,0.0,26.4,27.8,-0.8,27.253995234476097,-1.0,0.0,0,110.37664995822891,105.31092967490027,2.0,0.0,2.0,0.0
2024_09_DET_GB,2024,REG,9,2024-11-03,Sunday,16:25,DET,24.0,GB,14.0,Home,-10.0,38.0,0.0,2024110310,59642.0,,202411030gnb,,401671767,6583.0,7,7,-155.0,130.0,-2.5,-120.0,100.0,47.5,-108.0,-112.0,1,outdoors,grass,50.0,15.0,00-0033106,00-0036264,Jared Goff,Jordan Love,Dan Campbell,Matt LaFleur,Clete Blakeman,GNB00,Lambeau Field,0,28.2,22.4,0.0,25.479016853932578,4.0,0.0,38.4,18.8,2.2,40.68343276345468,5.0,0.0,0,93.40842991884658,138.59702093397746,1.0,0.0,0.0,0.0
2024_09_LA_SEA,2024,REG,9,2024-11-03,Sunday,16:25,LA,26.0,SEA,20.0,Home,-6.0,46.0,1.0,2024110311,59643.0,,202411030sea,,401671776,6584.0,10,7,-125.0,105.0,-1.5,-112.0,-108.0,48.5,-110.0,-110.0,1,outdoors,fieldturf,52.0,4.0,00-0026498,00-0030565,Matthew Stafford,Geno Smith,Sean McVay,Mike Macdonald,Clay Martin,SEA00,Lumen Field,0,23.4,30.4,-0.2,25.169241573033705,-1.0,0.0,22.8,21.4,0.0,22.78767276523814,2.0,0.0,-3,87.83978306176581,89.61273317589573,2.0,0.0,0.0,0.0
2024_09_IND_MIN,2024,REG,9,2024-11-03,Sunday,20:20,IND,13.0,MIN,21.0,Home,8.0,34.0,0.0,2024110306,59638.0,,202411030min,,401671647,6579.0,7,10,240.0,-298.0,6.5,-110.0,-110.0,47.0,-110.0,-110.0,0,dome,sportturf,,,00-0026158,00-0034869,Joe Flacco,Sam Darnold,Shane Steichen,Kevin O'Connell,Shawn Smith,MIN01,U.S. Bank Stadium,1,27.4,22.8,1.4,30.63887112025809,-2.0,0.0,23.4,22.2,0.6,24.201193820224713,-1.0,0.0,3,105.03898560618991,101.3352710146583,1.0,0.0,1.0,0.0
2024_09_TB_KC,2024,REG,9,2024-11-04,Monday,20:15,TB,24.0,KC,30.0,Home,6.0,54.0,1.0,2024110400,59645.0,,202411040kan,,401671688,6586.0,8,8,330.0,-425.0,9.0,-110.0,-110.0,45.5,-108.0,-112.0,0,outdoors,grass,63.0,6.0,00-0034855,00-0033873,Baker Mayfield,Patrick Mahomes,Todd Bowles,Andy Reid,John Hussey,KAN00,GEHA Field at Arrowhead Stadium,0,24.0,15.6,-0.2,25.474940863394437,13.0,0.0,34.2,30.2,-0.8,32.027450528257596,-2.0,0.0,0,80.76031363160826,105.46562253743105,1.0,0.0,1.0,0.0
2024_10_CIN_BAL,2024,REG,10,2024-11-07,Thursday,20:15,CIN,34.0,BAL,35.0,Home,1.0,69.0,0.0,2024110700,59646.0,,202411070rav,,401671810,6587.0,4,4,220.0,-270.0,6.0,-108.0,-112.0,53.0,-108.0,-112.0,1,outdoors,grass,69.0,6.0,00-0036442,00-0034796,Joe Burrow,Lamar Jackson,Zac Taylor,John Harbaugh,Clete Blakeman,BAL00,M&T Bank Stadium,0,35.4,26.2,0.4,36.74666561673826,1.0,0.0,26.8,24.6,0.2,28.447017297457126,1.0,0.0,0,130.5831449252502,107.13965118965118,1.0,0.0,1.0,0.0
2024_10_NYG_CAR,2024,REG,10,2024-11-10,Sunday,09:30,NYG,17.0,CAR,20.0,Neutral,3.0,37.0,1.0,2024111000,59647.0,,202411100car,,401671803,6588.0,7,7,-298.0,240.0,-6.5,-118.0,-102.0,40.5,-115.0,-105.0,0,outdoors,,,,00-0035710,00-0027973,Daniel Jones,Andy Dalton,Brian Daboll,Dave Canales,Shawn Hochuli,GER00,Allianz Arena,0,14.8,32.8,-1.4,15.36301274372108,1.0,1.0,15.8,23.6,-0.4,16.962306948776007,-4.0,0.0,0,,87.34379772777416,2.0,0.0,1.0,0.0
2024_10_NE_CHI,2024,REG,10,2024-11-10,Sunday,13:00,NE,19.0,CHI,3.0,Home,-16.0,22.0,0.0,2024111001,59648.0,,202411100chi,,401671873,6589.0,7,7,260.0,-325.0,6.5,-110.0,-110.0,37.5,-112.0,-108.0,0,outdoors,grass,60.0,6.0,00-0039851,00-0039918,Drake Maye,Caleb Williams,Jerod Mayo,Matt Eberflus,Land Clark,CHI98,Soldier Field,0,23.8,18.2,1.4,20.550045313197955,-2.0,0.0,17.8,26.0,-0.6,15.583817829457363,-1.0,0.0,0,97.11745372232583,76.76003608930439,3.0,0.0,1.0,0.0
2024_10_BUF_IND,2024,REG,10,2024-11-10,Sunday,13:00,BUF,30.0,IND,20.0,Home,-10.0,50.0,0.0,2024111002,59649.0,,202411100clt,,401671863,6590.0,7,7,-230.0,190.0,-4.5,-115.0,-105.0,46.5,-108.0,-112.0,0,closed,fieldturf,,,00-0034857,00-0026158,Josh Allen,Joe Flacco,Sean McDermott,Shane Steichen,Scott Novak,IND00,Lucas Oil Stadium,1,20.6,21.6,0.4,19.61670685146939,-2.0,0.0,27.6,18.0,0.8,28.03159859752648,4.0,0.0,0,89.82824674901335,99.7822912381736,1.0,0.0,1.0,0.0
2024_10_MIN_JAX,2024,REG,10,2024-11-10,Sunday,13:00,MIN,12.0,JAX,7.0,Home,-5.0,19.0,0.0,2024111003,59650.0,,202411100jax,,401671708,6591.0,7,7,-345.0,280.0,-7.0,-120.0,100.0,42.5,-108.0,-112.0,0,outdoors,grass,79.0,7.0,00-0034869,00-0036972,Sam Darnold,Mac Jones,Kevin O'Connell,Doug Pederson,Adrian Hill,JAX00,TIAA Bank Stadium,0,27.0,28.6,-0.6,30.131921159568325,-2.0,1.0,24.8,24.0,0.8,27.513603452462416,1.0,0.0,0,66.35101010101009,102.62126851935518,1.0,0.0,0.0,0.0
2024_10_DEN_KC,2024,REG,10,2024-11-10,Sunday,13:00,DEN,14.0,KC,16.0,Home,2.0,30.0,0.0,2024111004,59651.0,,202411100kan,,401671637,6592.0,7,6,300.0,-380.0,7.5,-115.0,-105.0,42.5,-110.0,-110.0,1,outdoors,grass,57.0,12.0,00-0039732,00-0033873,Bo Nix,Patrick Mahomes,Sean Payton,Andy Reid,Brad Allen,KAN00,GEHA Field at Arrowhead Stadium,0,25.6,17.0,-0.4,26.331839299236606,14.0,0.0,24.2,21.2,0.2,22.329423927810826,-1.0,0.0,-1,86.66600516229978,94.30293638626972,0.0,0.0,0.0,0.0
2024_10_ATL_NO,2024,REG,10,2024-11-10,Sunday,13:00,ATL,17.0,NO,20.0,Home,3.0,37.0,0.0,2024111005,59652.0,,202411100nor,,401671733,6593.0,7,7,-192.0,160.0,-3.5,-112.0,-108.0,46.5,-112.0,-108.0,1,dome,sportturf,,,00-0029604,00-0031280,Kirk Cousins,Derek Carr,Raheem Morris,Dennis Allen,Carl Cheffers,NOR00,Mercedes-Benz Superdome,1,16.0,31.8,0.0,17.14442572969746,-7.0,1.0,29.2,26.2,0.0,24.001572134177255,2.0,0.0,0,91.78368322239291,115.05548713738372,3.0,0.0,0.0,0.0
2024_10_SF_TB,2024,REG,10,2024-11-10,Sunday,13:00,SF,23.0,TB,20.0,Home,-3.0,43.0,0.0,2024111006,59653.0,,202411100tam,,401671742,6594.0,14,6,-298.0,240.0,-6.5,-118.0,-102.0,50.5,-112.0,-108.0,0,outdoors,grass,85.0,9.0,00-0037834,00-0034855,Brock Purdy,Baker Mayfield,Kyle Shanahan,Todd Bowles,Shawn Smith,TAM00,Raymond James Stadium,0,32.4,33.0,-0.6,32.73005818978513,-3.0,0.0,27.4,22.6,0.6,26.76925590956806,1.0,0.0,-8,107.88097371565114,86.41856654894289,1.0,0.0,1.0,0.0
2024_10_PIT_WAS,2024,REG,10,2024-11-10,Sunday,13:00,PIT,28.0,WAS,27.0,Home,-1.0,55.0,0.0,2024111007,59654.0,,202411100was,,401671641,6595.0,13,7,102.0,-122.0,1.5,-110.0,-110.0,45.0,-108.0,-112.0,0,outdoors,grass,57.0,9.0,00-0029263,00-0032268,Russell Wilson,Marcus Mariota,Mike Tomlin,Dan Quinn,Brad Rogers,WAS00,FedExField,0,28.4,17.4,0.8,26.333866072581685,3.0,1.0,27.2,18.6,1.2,27.281866805037215,3.0,0.0,-6,,101.29079549068773,0.0,0.0,0.0,0.0
2024_10_TEN_LAC,2024,REG,10,2024-11-10,Sunday,16:05,TEN,17.0,LAC,27.0,Home,10.0,44.0,0.0,2024111008,59655.0,,202411100sdg,,401671751,6596.0,7,7,300.0,-380.0,8.0,-108.0,-112.0,40.0,-110.0,-110.0,0,dome,matrixturf,,,00-0034771,00-0036355,Mason Rudolph,Justin Herbert,Brian Callahan,Jim Harbaugh,Craig Wrolstad,LAX01,SoFi Stadium,1,20.2,13.6,1.4,20.153408752531064,2.0,0.0,18.4,27.0,-0.8,17.945387242630645,1.0,0.0,0,103.61520044271269,,1.0,0.0,1.0,0.0
2024_10_NYJ_ARI,2024,REG,10,2024-11-10,Sunday,16:25,NYJ,6.0,ARI,31.0,Home,25.0,37.0,0.0,2024111009,59656.0,,202411100crd,,401671678,6597.0,10,7,-130.0,110.0,-2.0,-110.0,-110.0,45.5,-108.0,-112.0,0,closed,grass,,,00-0023459,00-0035228,Aaron Rodgers,Kyler Murray,Robert Saleh,Jonathan Gannon,John Hussey,PHO00,State Farm Stadium,1,22.2,21.6,-0.4,26.336593274950427,3.0,0.0,19.0,24.2,-0.8,20.712733449741876,1.0,0.0,-3,89.69257478632478,90.62818605006103,0.0,0.0,1.0,0.0
2024_10_PHI_DAL,2024,REG,10,2024-11-10,Sunday,16:25,PHI,34.0,DAL,6.0,Home,-28.0,40.0,0.0,2024111010,59657.0,,202411100dal,,401671676,6598.0,7,7,-360.0,285.0,-7.5,-108.0,-112.0,44.5,-110.0,-110.0,1,closed,matrixturf,,,00-0036389,00-0033662,Jalen Hurts,Cooper Rush,Nick Sirianni,Mike McCarthy,Alex Kemp,DAL00,AT&T Stadium,1,18.8,27.2,-1.4,19.30228549540347,-3.0,1.0,25.8,18.4,0.4,25.16255385107993,4.0,0.0,0,67.36363636363637,119.0718253968254,2.0,1.0,0.0,0.0
2024_10_DET_HOU,2024,REG,10,2024-11-10,Sunday,20:20,DET,26.0,HOU,23.0,Home,-3.0,49.0,0.0,2024111011,59658.0,,202411100htx,,401671787,6599.0,7,10,-230.0,190.0,-4.5,-110.0,-110.0,49.0,-110.0,-112.0,0,closed,astroturf,,,00-0033106,00-0039163,Jared Goff,C.J. Stroud,Dan Campbell,DeMeco Ryans,Bill Vinovich,HOU00,NRG Stadium,1,24.4,21.2,0.6,26.44634615799349,-1.0,0.0,39.2,19.0,2.4,42.40617869903999,6.0,0.0,3,83.1094848790095,137.73569023569024,1.0,0.0,2.0,0.0
2024_10_MIA_LA,2024,REG,10,2024-11-11,Monday,20:15,MIA,23.0,LA,15.0,Home,-8.0,38.0,0.0,2024111100,59659.0,,202411110ram,,401671693,6600.0,8,8,120.0,-142.0,2.5,-102.0,-118.0,49.5,-108.0,-112.0,0,dome,matrixturf,,,00-0036212,00-0026498,Tua Tagovailoa,Matthew Stafford,Mike McDaniel,Sean McVay,Ron Torbert,LAX01,SoFi Stadium,1,22.6,20.6,0.2,21.341298006463497,3.0,0.0,18.2,23.0,-0.6,18.03059703331362,-3.0,1.0,0,85.16273317589571,88.86680774180775,1.0,0.0,1.0,0.0
2024_11_WAS_PHI,2024,REG,11,2024-11-14,Thursday,20:15,WAS,18.0,PHI,26.0,Home,8.0,44.0,0.0,2024111400,59660.0,,202411140phi,,401671813,6601.0,4,4,190.0,-230.0,4.5,-110.0,-110.0,49.5,-110.0,-110.0,1,outdoors,grass,46.0,9.0,00-0032268,00-0036389,Marcus Mariota,Jalen Hurts,Dan Quinn,Nick Sirianni,Adrian Hill,PHI00,Lincoln Financial Field,0,29.4,13.0,1.0,27.083228320838753,5.0,0.0,27.0,20.4,1.6,26.74868790656416,-1.0,0.0,0,125.04404761904762,,0.0,0.0,0.0,0.0
2024_11_GB_CHI,2024,REG,11,2024-11-17,Sunday,13:00,GB,20.0,CHI,19.0,Home,-1.0,39.0,0.0,2024111700,59661.0,,202411170chi,,401671869,6602.0,14,7,-265.0,215.0,-6.0,-115.0,-105.0,41.0,-108.0,-112.0,1,outdoors,grass,54.0,5.0,00-0036264,00-0039918,Jordan Love,Caleb Williams,Matt LaFleur,Matt Eberflus,Bill Vinovich,CHI98,Soldier Field,0,19.6,18.4,1.2,17.053948598535342,-3.0,0.0,25.2,21.0,0.4,22.732111767239832,-1.0,0.0,-7,88.43387884309878,90.74579933954935,1.0,0.0,0.0,0.0
2024_11_JAX_DET,2024,REG,11,2024-11-17,Sunday,13:00,JAX,6.0,DET,52.0,Home,46.0,58.0,0.0,2024111701,59662.0,,202411170det,,401671642,6603.0,7,7,650.0,-1000.0,14.0,-105.0,-115.0,47.5,-110.0,-110.0,0,dome,fieldturf,,,00-0036972,00-0033106,Mac Jones,Jared Goff,Doug Pederson,Dan Campbell,Scott Novak,DET00,Ford Field,1,36.0,17.8,1.4,37.99813609156779,7.0,0.0,21.0,24.2,-0.4,22.893021181293648,-3.0,1.0,0,118.52272727272728,60.70707070707069,2.0,0.0,1.0,1.0
2024_11_LV_MIA,2024,REG,11,2024-11-17,Sunday,13:00,LV,19.0,MIA,34.0,Home,15.0,53.0,0.0,2024111702,59663.0,,202411170mia,,401671851,6604.0,14,6,330.0,-425.0,8.0,-105.0,-115.0,43.5,-112.0,-108.0,0,outdoors,grass,80.0,16.0,00-0035289,00-0036212,Gardner Minshew,Tua Tagovailoa,Antonio Pierce,Mike McDaniel,John Hussey,MIA00,Hard Rock Stadium,0,20.4,19.8,-0.6,20.983184441579173,1.0,0.0,18.0,30.8,-2.0,20.329002808988765,-5.0,1.0,-8,93.96525096525097,73.62826797385621,1.0,0.0,2.0,0.0
2024_11_LA_NE,2024,REG,11,2024-11-17,Sunday,13:00,LA,28.0,NE,22.0,Home,-6.0,50.0,0.0,2024111703,59664.0,,202411170nwe,,401671701,6605.0,6,7,-198.0,164.0,-4.0,-108.0,-112.0,42.5,-112.0,-108.0,0,outdoors,fieldturf,59.0,9.0,00-0026498,00-0039851,Matthew Stafford,Drake Maye,Sean McVay,Jerod Mayo,Shawn Smith,BOS00,Gillette Stadium,0,19.6,23.6,-1.2,18.233958221498245,1.0,0.0,22.0,20.4,0.6,19.97311815817045,-1.0,0.0,1,81.39336942263772,85.19584162167283,0.0,0.0,1.0,0.0
2024_11_CLE_NO,2024,REG,11,2024-11-17,Sunday,13:00,CLE,14.0,NO,35.0,Home,21.0,49.0,0.0,2024111704,59665.0,,202411170nor,,401671746,6606.0,14,7,-115.0,-105.0,-1.0,-110.0,-110.0,44.0,-110.0,-110.0,0,dome,sportturf,,,00-0031503,00-0031280,Jameis Winston,Derek Carr,Kevin Stefanski,Dennis Allen,Alex Kemp,NOR00,Mercedes-Benz Superdome,1,17.4,30.0,0.2,17.42142675711212,1.0,0.0,16.4,25.2,-1.0,15.206880408110552,-1.0,0.0,-7,92.16701655572624,89.96309328705937,1.0,0.0,1.0,0.0
2024_11_IND_NYJ,2024,REG,11,2024-11-17,Sunday,13:00,IND,28.0,NYJ,27.0,Home,-1.0,55.0,0.0,2024111711,59672.0,,202411170nyj,,401671782,6613.0,7,7,170.0,-205.0,4.0,-110.0,-110.0,43.0,-110.0,-110.0,0,outdoors,fieldturf,62.0,4.0,00-0026158,00-0023459,Joe Flacco,Aaron Rodgers,Shane Steichen,Robert Saleh,Tra Blake,NYC01,MetLife Stadium,0,16.8,25.8,-0.8,17.66642081476367,-1.0,0.0,17.8,20.2,-0.2,18.409455128205128,-3.0,0.0,0,94.14405906593406,,2.0,0.0,1.0,0.0
2024_11_BAL_PIT,2024,REG,11,2024-11-17,Sunday,13:00,BAL,16.0,PIT,18.0,Home,2.0,34.0,0.0,2024111705,59666.0,,202411170pit,,401671630,6607.0,10,7,-175.0,145.0,-3.0,-120.0,100.0,48.0,-108.0,-112.0,1,outdoors,grass,52.0,5.0,00-0034796,00-0029263,Lamar Jackson,Russell Wilson,John Harbaugh,Mike Tomlin,Clay Martin,PIT00,Acrisure Stadium,0,28.0,18.6,1.0,28.958693460097955,4.0,0.0,34.2,25.4,0.6,35.177691563823906,2.0,0.0,-3,101.81658914148139,134.87787796998322,1.0,0.0,1.0,0.0
2024_11_MIN_TEN,2024,REG,11,2024-11-17,Sunday,13:00,MIN,23.0,TEN,13.0,Home,-10.0,36.0,0.0,2024111706,59667.0,,202411170oti,,401671824,6608.0,7,7,-290.0,235.0,-6.0,-118.0,-102.0,40.0,-110.0,-110.0,0,outdoors,grass,66.0,7.0,00-0034869,00-0034771,Sam Darnold,Mason Rudolph,Kevin O'Connell,Brian Callahan,Clete Blakeman,NAS00,Nissan Stadium,0,15.6,30.0,-0.8,16.68415634576098,-1.0,0.0,21.0,19.6,0.2,22.041979501691657,2.0,0.0,0,,87.59777227875368,2.0,0.0,0.0,0.0
2024_11_ATL_DEN,2024,REG,11,2024-11-17,Sunday,16:05,ATL,6.0,DEN,38.0,Home,32.0,44.0,0.0,2024111707,59668.0,,202411170den,,401671748,6609.0,7,7,114.0,-135.0,2.0,-108.0,-112.0,44.5,-112.0,-108.0,0,outdoors,grass,55.0,9.0,00-0029604,00-0039732,Kirk Cousins,Bo Nix,Raheem Morris,Sean Payton,Alan Eck,DEN00,Empower Field at Mile High,0,20.2,20.8,-0.4,19.46557910227403,-2.0,0.0,25.4,24.2,-0.2,19.46165654109432,-1.0,0.0,0,93.91713391713392,107.11764684700256,1.0,0.0,2.0,0.0
2024_11_SEA_SF,2024,REG,11,2024-11-17,Sunday,16:05,SEA,20.0,SF,17.0,Home,-3.0,37.0,0.0,2024111708,59669.0,,202411170sfo,,401671757,6610.0,14,7,215.0,-265.0,6.0,-110.0,-110.0,49.0,-112.0,-108.0,1,outdoors,grass,59.0,4.0,00-0030565,00-0037834,Geno Smith,Brock Purdy,Mike Macdonald,Kyle Shanahan,Brad Rogers,SFO01,Levi's Stadium,0,26.0,24.0,0.6,22.869248573628756,2.0,0.0,21.6,27.2,-0.2,23.366669895389382,-2.0,0.0,-7,92.3367764254861,88.670490344679,1.0,0.0,1.0,0.0
2024_11_KC_BUF,2024,REG,11,2024-11-17,Sunday,16:25,KC,21.0,BUF,30.0,Home,9.0,51.0,0.0,2024111709,59670.0,,202411170buf,,401671665,6611.0,7,7,120.0,-142.0,2.5,-108.0,-112.0,46.5,-108.0,-112.0,0,outdoors,a_turf,50.0,3.0,00-0033873,00-0034857,Patrick Mahomes,Josh Allen,Andy Reid,Sean McDermott,Land Clark,BUF00,New Era Field,0,29.6,17.4,0.8,31.184622882777127,5.0,0.0,25.4,17.8,0.0,24.18759000132633,15.0,0.0,0,100.6328918387742,87.25713816722589,3.0,0.0,1.0,0.0
2024_11_CIN_LAC,2024,REG,11,2024-11-17,Sunday,20:20,CIN,27.0,LAC,34.0,Home,7.0,61.0,0.0,2024111710,59671.0,,202411170sdg,,401671675,6612.0,10,7,-110.0,-110.0,1.0,-118.0,-102.0,48.0,-105.0,-115.0,0,dome,matrixturf,,,00-0036442,00-0036355,Joe Burrow,Justin Herbert,Zac Taylor,Jim Harbaugh,Brad Allen,LAX01,SoFi Stadium,1,23.6,13.6,1.0,21.955174185069325,3.0,0.0,26.0,23.4,0.0,26.31193115460513,-1.0,0.0,-3,109.9577930353053,101.41315546315545,0.0,0.0,0.0,0.0
2024_11_HOU_DAL,2024,REG,11,2024-11-18,Monday,20:15,HOU,34.0,DAL,10.0,Home,-24.0,44.0,0.0,2024111800,59673.0,,202411180dal,,401671694,6614.0,8,8,-360.0,285.0,-7.5,100.0,-120.0,41.5,-105.0,-115.0,0,closed,matrixturf,,,00-0039163,00-0033662,C.J. Stroud,Cooper Rush,DeMeco Ryans,Mike McCarthy,Craig Wrolstad,DAL00,AT&T Stadium,1,16.0,31.0,-2.2,16.669949002860815,-4.0,1.0,24.4,22.4,1.6,27.230328751609893,-2.0,0.0,0,64.00614844093106,76.43285011026947,3.0,1.0,1.0,0.0
2024_12_PIT_CLE,2024,REG,12,2024-11-21,Thursday,20:15,PIT,19.0,CLE,24.0,Home,5.0,43.0,0.0,2024112100,59674.0,,202411210cle,,401671875,6615.0,4,4,-205.0,170.0,-3.5,-115.0,-105.0,36.5,-108.0,-112.0,1,outdoors,grass,36.0,13.0,00-0029263,00-0031503,Russell Wilson,Jameis Winston,Mike Tomlin,Kevin Stefanski,Brad Allen,CLE00,FirstEnergy Stadium,0,16.6,25.4,-0.8,15.143665707647349,-2.0,0.0,28.2,17.8,1.0,30.56503941210723,5.0,0.0,0,97.38700633053762,97.62966784518508,1.0,0.0,1.0,0.0
2024_12_KC_CAR,2024,REG,12,2024-11-24,Sunday,13:00,KC,30.0,CAR,27.0,Home,-3.0,57.0,0.0,2024112400,59675.0,,202411240car,,401671651,6616.0,7,14,-700.0,500.0,-11.0,-112.0,-108.0,43.0,-110.0,-110.0,0,outdoors,grass,61.0,5.0,00-0033873,00-0027973,Patrick Mahomes,Andy Dalton,Andy Reid,Dave Canales,Shawn Smith,CAR00,Bank of America Stadium,0,16.8,29.0,-0.4,16.643628030751035,2.0,1.0,24.4,21.2,-0.2,23.23532267843947,-1.0,0.0,7,,87.93118634127407,0.0,0.0,1.0,0.0
2024_12_MIN_CHI,2024,REG,12,2024-11-24,Sunday,13:00,MIN,30.0,CHI,27.0,Home,-3.0,57.0,1.0,2024112401,59676.0,,202411240chi,,401671870,6617.0,7,7,-175.0,145.0,-3.0,-120.0,100.0,39.5,-108.0,-112.0,1,outdoors,grass,47.0,5.0,00-0034869,00-0039918,Sam Darnold,Caleb Williams,Kevin O'Connell,Matt Eberflus,Clay Martin,CHI98,Soldier Field,0,16.2,20.4,0.8,14.850732571501531,-4.0,0.0,21.0,18.8,0.0,19.034646824895844,3.0,0.0,0,82.18156145340653,98.9368179776784,2.0,0.0,1.0,0.0
2024_12_TEN_HOU,2024,REG,12,2024-11-24,Sunday,13:00,TEN,32.0,HOU,27.0,Home,-5.0,59.0,0.0,2024112402,59677.0,,202411240htx,,401671858,6618.0,7,6,295.0,-375.0,8.0,-112.0,-108.0,40.5,-112.0,-108.0,1,closed,astroturf,,,00-0034771,00-0039163,Mason Rudolph,C.J. Stroud,Brian Callahan,DeMeco Ryans,Brad Rogers,HOU00,NRG Stadium,1,23.0,20.2,1.2,23.23430056682277,1.0,0.0,14.8,30.6,-0.8,16.582299469413236,-2.0,0.0,-1,71.8779797750386,,0.0,0.0,3.0,0.0
2024_12_DET_IND,2024,REG,12,2024-11-24,Sunday,13:00,DET,24.0,IND,6.0,Home,-18.0,30.0,0.0,2024112403,59678.0,,202411240clt,,401671866,6619.0,7,7,-375.0,295.0,-7.0,-122.0,102.0,50.5,-110.0,-110.0,0,closed,fieldturf,,,00-0033106,00-0026158,Jared Goff,Joe Flacco,Dan Campbell,Shane Steichen,Shawn Hochuli,IND00,Lucas Oil Stadium,1,19.4,22.2,-0.4,19.38951103708859,1.0,0.0,37.0,17.2,0.6,39.05363987188912,8.0,0.0,0,,119.43939393939395,1.0,0.0,0.0,0.0
2024_12_NE_MIA,2024,REG,12,2024-11-24,Sunday,13:00,NE,15.0,MIA,34.0,Home,19.0,49.0,0.0,2024112404,59679.0,,202411240mia,,401671847,6620.0,7,7,285.0,-360.0,7.5,-115.0,-105.0,46.0,-108.0,-112.0,1,outdoors,grass,77.0,6.0,00-0039851,00-0036212,Drake Maye,Tua Tagovailoa,Jerod Mayo,Mike McDaniel,Alan Eck,MIA00,Hard Rock Stadium,0,24.2,21.6,0.0,22.814035799365982,2.0,0.0,19.8,21.0,-1.0,18.791515201586254,-1.0,0.0,0,99.32936507936509,83.84674937601767,1.0,0.0,0.0,0.0
2024_12_TB_NYG,2024,REG,12,2024-11-24,Sunday,13:00,TB,30.0,NYG,7.0,Home,-23.0,37.0,0.0,2024112405,59680.0,,202411240nyg,,401671638,6621.0,14,14,-298.0,240.0,-6.5,-108.0,-112.0,40.5,-110.0,-110.0,0,outdoors,fieldturf,50.0,13.0,00-0034855,00-0038476,Baker Mayfield,Tommy DeVito,Todd Bowles,Brian Daboll,Adrian Hill,NYC01,MetLife Stadium,0,13.4,23.6,-0.8,12.934883078843752,-5.0,1.0,30.4,30.4,-0.8,31.849190135706994,-4.0,0.0,0,89.94285130718956,96.77465187657067,0.0,0.0,1.0,0.0
2024_12_DAL_WAS,2024,REG,12,2024-11-24,Sunday,13:00,DAL,34.0,WAS,26.0,Home,-8.0,60.0,0.0,2024112406,59681.0,,202411240was,,401671715,6622.0,6,10,455.0,-625.0,10.5,-112.0,-108.0,45.0,-110.0,-110.0,1,outdoors,grass,55.0,5.0,00-0033662,00-0032268,Cooper Rush,Marcus Mariota,Mike McCarthy,Dan Quinn,Tra Blake,WAS00,FedExField,0,26.0,19.6,1.2,28.844906845323496,-2.0,0.0,14.0,34.4,-2.0,13.86969002562586,-5.0,0.0,4,,60.013724198506814,0.0,0.0,2.0,0.0
2024_12_DEN_LV,2024,REG,12,2024-11-24,Sunday,16:05,DEN,29.0,LV,19.0,Home,-10.0,48.0,0.0,2024112407,59682.0,,202411240rai,,401671656,6623.0,7,7,-278.0,225.0,-6.5,-105.0,-115.0,41.5,-108.0,-112.0,1,dome,grass,,,00-0039732,00-0035289,Bo Nix,Gardner Minshew,Sean Payton,Antonio Pierce,Ron Torbert,VEG00,Allegiant Stadium,1,18.2,30.8,-1.6,19.87899479494925,-6.0,0.0,24.6,17.4,0.2,21.57062927454812,1.0,0.0,0,77.64797081623347,105.93733593733596,3.0,0.0,1.0,0.0
2024_12_SF_GB,2024,REG,12,2024-11-24,Sunday,16:25,SF,10.0,GB,38.0,Home,28.0,48.0,0.0,2024112408,59683.0,,202411240gnb,,401671768,6624.0,7,7,235.0,-290.0,6.5,-112.0,-108.0,44.5,-108.0,-112.0,0,outdoors,grass,43.0,11.0,00-0032434,00-0036264,Brandon Allen,Jordan Love,Kyle Shanahan,Matt LaFleur,Craig Wrolstad,GNB00,Lambeau Field,0,24.4,21.0,0.0,23.797143952184115,1.0,0.0,24.8,23.2,1.0,21.512172284644194,-1.0,1.0,0,94.20922317062023,61.77203065134099,1.0,0.0,3.0,1.0
2024_12_ARI_SEA,2024,REG,12,2024-11-24,Sunday,16:25,ARI,6.0,SEA,16.0,Home,10.0,22.0,0.0,2024112409,59684.0,,202411240sea,,401671775,6625.0,14,7,-115.0,-105.0,-1.0,-110.0,-110.0,46.5,-108.0,-112.0,1,outdoors,fieldturf,45.0,5.0,00-0035228,00-0030565,Kyler Murray,Geno Smith,Jonathan Gannon,Mike Macdonald,Scott Novak,SEA00,Lumen Field,0,21.6,24.8,-0.2,22.258032272615438,1.0,0.0,23.6,18.2,-0.6,27.197532102728733,4.0,0.0,-7,85.48819867801231,99.20646367521368,0.0,0.0,1.0,0.0
2024_12_PHI_LA,2024,REG,12,2024-11-24,Sunday,20:20,PHI,37.0,LA,20.0,Home,-17.0,57.0,0.0,2024112410,59685.0,,202411240ram,,401671794,6626.0,10,7,-170.0,142.0,-3.0,-112.0,-108.0,49.0,-108.0,-112.0,0,dome,matrixturf,,,00-0036389,00-0026498,Jalen Hurts,Matthew Stafford,Nick Sirianni,Sean McVay,Land Clark,LAX01,SoFi Stadium,1,23.8,20.0,1.2,21.434975494149057,1.0,0.0,30.6,13.4,1.2,29.09032388491658,6.0,0.0,-3,98.14337248587034,117.53571428571429,1.0,0.0,1.0,0.0
2024_12_BAL_LAC,2024,REG,12,2024-11-25,Monday,20:15,BAL,30.0,LAC,23.0,Home,-7.0,53.0,0.0,2024112500,59686.0,,202411250sdg,,401671689,6627.0,8,8,-166.0,140.0,-3.0,-110.0,-110.0,51.0,-112.0,-108.0,0,dome,matrixturf,,,00-0034796,00-0036355,Lamar Jackson,Justin Herbert,John Harbaugh,Jim Harbaugh,Craig Wrolstad,LAX01,SoFi Stadium,1,25.8,15.8,0.4,22.379598586444363,4.0,0.0,31.4,24.4,0.4,33.645935494531265,-1.0,0.0,0,110.3431416191833,125.14885699096223,0.0,0.0,0.0,0.0
2024_13_CHI_DET,2024,REG,13,2024-11-28,Thursday,12:30,CHI,20.0,DET,23.0,Home,3.0,43.0,0.0,2024112800,59687.0,,202411280det,,401671492,6628.0,4,4,390.0,-520.0,9.5,-102.0,-118.0,47.5,100.0,-120.0,1,dome,fieldturf,,,00-0039918,00-0033106,Caleb Williams,Jared Goff,Matt Eberflus,Dan Campbell,Alan Eck,DET00,Ford Field,1,35.6,12.6,0.6,35.26864035087719,9.0,0.0,14.6,23.2,1.0,14.540634970176168,-5.0,0.0,0,110.1199494949495,77.94030442234758,2.0,0.0,2.0,0.0
2024_13_NYG_DAL,2024,REG,13,2024-11-28,Thursday,16:30,NYG,20.0,DAL,27.0,Home,7.0,47.0,0.0,2024112801,59688.0,,202411280dal,,401671779,6629.0,4,4,185.0,-218.0,4.5,-110.0,-110.0,39.0,-110.0,-110.0,1,closed,matrixturf,,,00-0035704,00-0033662,Drew Lock,Cooper Rush,Brian Daboll,Mike McCarthy,Brad Rogers,DAL00,AT&T Stadium,1,19.0,30.2,-0.6,19.436949143054875,1.0,0.0,13.4,26.2,-0.8,12.78193682622229,-6.0,1.0,0,75.0571269762846,62.756598240469216,3.0,0.0,1.0,0.0
2024_13_MIA_GB,2024,REG,13,2024-11-28,Thursday,20:20,MIA,17.0,GB,30.0,Home,13.0,47.0,0.0,2024112802,59689.0,,202411280gnb,,401671798,6630.0,4,4,145.0,-175.0,3.5,-115.0,-105.0,47.5,-110.0,-110.0,0,outdoors,grass,27.0,10.0,00-0036212,00-0036264,Tua Tagovailoa,Jordan Love,Mike McDaniel,Matt LaFleur,Shawn Smith,GNB00,Lambeau Field,0,25.2,20.4,0.2,25.141876265533803,2.0,0.0,29.0,21.4,0.4,27.56926119812356,3.0,0.0,0,91.842828243084,113.76686507936506,2.0,0.0,2.0,0.0
2024_13_LV_KC,2024,REG,13,2024-11-29,Friday,15:00,LV,17.0,KC,19.0,Home,2.0,36.0,0.0,2024112900,59690.0,,202411290kan,,401671806,6631.0,5,5,550.0,-800.0,13.5,-108.0,-112.0,42.0,-108.0,-112.0,1,outdoors,grass,37.0,5.0,00-0035289,00-0033873,Gardner Minshew,Patrick Mahomes,Antonio Pierce,Andy Reid,Clay Martin,KAN00,GEHA Field at Arrowhead Stadium,0,24.8,23.0,-0.4,22.335604716592297,1.0,0.0,19.4,30.2,-1.4,20.631023984849445,-7.0,0.0,0,103.10052234394338,,0.0,0.0,1.0,0.0
2024_13_LAC_ATL,2024,REG,13,2024-12-01,Sunday,13:00,LAC,17.0,ATL,13.0,Home,-4.0,30.0,0.0,2024120100,59691.0,,202412010atl,,401671649,6632.0,6,14,-118.0,-102.0,-1.0,-108.0,-112.0,47.0,-110.0,-110.0,0,closed,fieldturf,,,00-0036355,00-0029604,Justin Herbert,Kirk Cousins,Jim Harbaugh,Raheem Morris,Clete Blakeman,ATL97,Mercedes-Benz Stadium,1,19.0,27.8,-0.6,15.871591607938301,-2.0,0.0,27.4,18.4,0.4,24.02582285051294,-1.0,0.0,8,101.45406660008899,106.11593364197532,1.0,0.0,3.0,0.0
2024_13_PIT_CIN,2024,REG,13,2024-12-01,Sunday,13:00,PIT,44.0,CIN,38.0,Home,-6.0,82.0,0.0,2024120101,59692.0,,202412010cin,,401671627,6633.0,10,14,130.0,-155.0,3.0,-110.0,-110.0,46.0,-108.0,-112.0,1,outdoors,fieldturf,32.0,9.0,00-0029263,00-0036442,Russell Wilson,Joe Burrow,Mike Tomlin,Zac Taylor,Shawn Hochuli,CIN00,Paycor Stadium,0,28.0,28.8,0.2,30.290127642171427,-2.0,0.0,25.6,20.0,0.8,27.96166300828027,-1.0,0.0,4,103.17982212982213,100.32110928662654,0.0,0.0,1.0,0.0
2024_13_HOU_JAX,2024,REG,13,2024-12-01,Sunday,13:00,HOU,23.0,JAX,20.0,Home,-3.0,43.0,0.0,2024120102,59693.0,,202412010jax,,401671705,6634.0,7,14,-192.0,160.0,-3.5,-110.0,-110.0,44.5,-108.0,-112.0,1,outdoors,grass,,,00-0039163,00-0036971,C.J. Stroud,Trevor Lawrence,DeMeco Ryans,Doug Pederson,Land Clark,JAX00,TIAA Bank Stadium,0,19.0,27.6,-0.4,20.554015185759177,-4.0,1.0,24.0,21.8,0.8,21.684269662921345,-1.0,0.0,7,95.68075698021144,75.85705625411507,0.0,0.0,1.0,0.0
2024_13_ARI_MIN,2024,REG,13,2024-12-01,Sunday,13:00,ARI,22.0,MIN,23.0,Home,1.0,45.0,0.0,2024120103,59694.0,,202412010min,,401671726,6635.0,7,7,154.0,-185.0,3.5,-110.0,-110.0,45.5,-112.0,-108.0,0,dome,sportturf,,,00-0035228,00-0034869,Kyler Murray,Sam Darnold,Jonathan Gannon,Kevin O'Connell,Bill Vinovich,MIN01,U.S. Bank Stadium,1,21.2,18.0,-0.4,18.88252977350866,4.0,0.0,22.2,14.6,-0.2,24.775135175645065,-1.0,0.0,0,101.43772574819403,95.06935781935783,1.0,0.0,0.0,0.0
2024_13_IND_NE,2024,REG,13,2024-12-01,Sunday,13:00,IND,25.0,NE,24.0,Home,-1.0,49.0,0.0,2024120104,59695.0,,202412010nwe,,401671620,6636.0,7,7,-135.0,114.0,-2.5,-115.0,-105.0,41.5,-110.0,-110.0,0,outdoors,fieldturf,36.0,9.0,00-0026158,00-0039851,Joe Flacco,Drake Maye,Shane Steichen,Jerod Mayo,Adrian Hill,BOS00,Gillette Stadium,0,19.6,21.4,-1.2,20.30828007421915,-2.0,0.0,17.4,25.0,-0.6,18.263354444258802,-1.0,0.0,0,76.7746773039456,,1.0,0.0,2.0,0.0
2024_13_SEA_NYJ,2024,REG,13,2024-12-01,Sunday,13:00,SEA,26.0,NYJ,21.0,Home,-5.0,47.0,0.0,2024120105,59696.0,,202412010nyj,,401671703,6637.0,7,14,-105.0,-115.0,1.0,-110.0,-110.0,41.5,-110.0,-110.0,0,outdoors,fieldturf,37.0,12.0,00-0030565,00-0023459,Geno Smith,Aaron Rodgers,Mike Macdonald,Robert Saleh,Carl Cheffers,NYC01,MetLife Stadium,0,18.2,26.8,-0.4,19.31849682140745,-2.0,0.0,20.0,18.8,0.4,21.18928789763265,2.0,0.0,7,97.29184231716559,90.9141705555971,1.0,0.0,2.0,0.0
2024_13_TEN_WAS,2024,REG,13,2024-12-01,Sunday,13:00,TEN,19.0,WAS,42.0,Home,23.0,61.0,0.0,2024120106,59697.0,,202412010was,,401671743,6638.0,7,7,205.0,-250.0,6.0,-112.0,-108.0,45.0,-108.0,-112.0,0,outdoors,grass,42.0,6.0,00-0034771,00-0032268,Mason Rudolph,Marcus Mariota,Brian Callahan,Dan Quinn,Ron Torbert,WAS00,FedExField,0,23.2,25.0,0.4,24.954119850187265,-3.0,0.0,19.2,29.2,-0.2,21.384881324380025,1.0,0.0,0,,,1.0,0.0,2.0,0.0
2024_13_TB_CAR,2024,REG,13,2024-12-01,Sunday,16:05,TB,26.0,CAR,23.0,Home,-3.0,49.0,1.0,2024120107,59698.0,,202412010car,,401671752,6639.0,7,7,-290.0,235.0,-6.5,-115.0,-105.0,46.0,-110.0,-110.0,1,outdoors,grass,51.0,7.0,00-0034855,00-0027973,Baker Mayfield,Andy Dalton,Todd Bowles,Dave Canales,Tra Blake,CAR00,Bank of America Stadium,0,18.2,27.4,-0.2,18.319857948286565,-1.0,0.0,26.2,26.4,-0.8,26.372542760720222,1.0,0.0,0,,98.76076298768177,1.0,0.0,2.0,0.0
2024_13_LA_NO,2024,REG,13,2024-12-01,Sunday,16:05,LA,21.0,NO,14.0,Home,-7.0,35.0,0.0,2024120108,59699.0,,202412010nor,,401671753,6640.0,7,14,-142.0,120.0,-2.5,-115.0,-105.0,48.5,-108.0,-112.0,0,dome,sportturf,,,00-0026498,00-0031280,Matthew Stafford,Derek Carr,Sean McVay,Dennis Allen,Brad Allen,NOR00,Mercedes-Benz Superdome,1,19.0,22.6,-0.2,18.627076262094256,2.0,0.0,23.8,24.4,0.4,24.30330856208221,-1.0,0.0,7,104.2762758149855,106.48173802532285,1.0,0.0,1.0,0.0
2024_13_PHI_BAL,2024,REG,13,2024-12-01,Sunday,16:25,PHI,24.0,BAL,19.0,Home,-5.0,43.0,0.0,2024120109,59700.0,,202412010rav,,401671666,6641.0,7,6,136.0,-162.0,3.0,-110.0,-110.0,50.0,-110.0,-110.0,0,outdoors,grass,41.0,7.0,00-0036389,00-0034796,Jalen Hurts,Lamar Jackson,Nick Sirianni,John Harbaugh,Craig Wrolstad,BAL00,M&T Bank Stadium,0,29.2,22.8,0.2,33.99810320861809,1.0,0.0,32.4,16.8,1.4,30.44276626970031,7.0,0.0,-1,118.82309941520468,115.25757575757575,1.0,0.0,1.0,0.0
2024_13_SF_BUF,2024,REG,13,2024-12-01,Sunday,20:20,SF,10.0,BUF,35.0,Home,25.0,45.0,0.0,2024120110,59701.0,,202412010buf,,401671781,6642.0,7,14,270.0,-340.0,6.5,-102.0,-118.0,45.0,-110.0,-110.0,0,outdoors,a_turf,28.0,11.0,00-0037834,00-0034857,Brock Purdy,Josh Allen,Kyle Shanahan,Sean McDermott,Alex Kemp,BUF00,New Era Field,0,31.0,17.6,0.8,32.41764851227632,6.0,0.0,19.6,26.0,-0.2,17.23989507858168,-2.0,0.0,7,91.75789183877419,96.97368118739087,1.0,0.0,5.0,0.0
2024_13_CLE_DEN,2024,REG,13,2024-12-02,Monday,20:15,CLE,32.0,DEN,41.0,Home,9.0,73.0,0.0,2024120200,59702.0,,202412020den,,401671686,6643.0,11,8,235.0,-290.0,6.5,-108.0,-112.0,41.5,-110.0,-110.0,0,outdoors,grass,48.0,4.0,00-0031503,00-0039732,Jameis Winston,Bo Nix,Kevin Stefanski,Sean Payton,John Hussey,DEN00,Empower Field at Mile High,0,23.8,19.2,0.4,20.33242002243791,2.0,0.0,18.2,25.2,-1.2,17.719724670670285,1.0,0.0,-3,108.9364201864202,88.83762361448824,1.0,0.0,3.0,0.0
2024_14_GB_DET,2024,REG,14,2024-12-05,Thursday,20:15,GB,31.0,DET,34.0,Home,3.0,65.0,0.0,2024120500,59703.0,,202412050det,,401671814,6644.0,7,7,142.0,-170.0,3.0,100.0,-120.0,53.0,-110.0,-110.0,1,dome,fieldturf,,,00-0036264,00-0033106,Jordan Love,Jared Goff,Matt LaFleur,Dan Campbell,John Hussey,DET00,Ford Field,1,29.8,13.8,-0.4,29.731266377496326,10.0,0.0,26.4,19.4,0.2,26.385726359749423,3.0,0.0,0,104.19674688057042,98.57262622288196,2.0,0.0,2.0,0.0
2024_14_NYJ_MIA,2024,REG,14,2024-12-08,Sunday,13:00,NYJ,26.0,MIA,32.0,Home,6.0,58.0,1.0,2024120800,59704.0,,202412080mia,,401671848,6645.0,7,10,240.0,-298.0,6.5,-108.0,-112.0,45.0,-112.0,-108.0,1,outdoors,grass,77.0,12.0,00-0023459,00-0036212,Aaron Rodgers,Tua Tagovailoa,Robert Saleh,Mike McDaniel,Shawn Hochuli,MIA00,Hard Rock Stadium,0,27.0,21.8,0.6,27.129452147226996,-1.0,0.0,19.4,24.6,0.0,19.918315883554644,-3.0,0.0,3,117.02773464458248,97.91150043682372,0.0,0.0,2.0,0.0
2024_14_ATL_MIN,2024,REG,14,2024-12-08,Sunday,13:00,ATL,21.0,MIN,42.0,Home,21.0,63.0,0.0,2024120801,59705.0,,202412080min,,401671648,6646.0,7,7,205.0,-250.0,6.0,-110.0,-110.0,46.5,-108.0,-112.0,0,dome,sportturf,,,00-0029604,00-0034869,Kirk Cousins,Sam Darnold,Raheem Morris,Kevin O'Connell,Alex Kemp,MIN01,U.S. Bank Stadium,1,21.8,16.4,-0.4,21.261382711377617,5.0,0.0,18.8,24.4,-0.6,16.639901289140926,-3.0,0.0,0,98.01299456539832,94.93361482963722,1.0,0.0,0.0,0.0
2024_14_NO_NYG,2024,REG,14,2024-12-08,Sunday,13:00,NO,14.0,NYG,11.0,Home,-3.0,25.0,0.0,2024120802,59706.0,,202412080nyg,,401671601,6647.0,7,10,-245.0,200.0,-5.5,-115.0,-105.0,41.0,-110.0,-110.0,0,outdoors,fieldturf,54.0,13.0,00-0031280,00-0038476,Derek Carr,Tommy DeVito,Dennis Allen,Brian Daboll,Clete Blakeman,NYC01,MetLife Stadium,0,16.8,26.0,-1.2,15.034656065813136,-7.0,1.0,19.8,20.2,0.0,17.804062969655767,-1.0,0.0,3,,104.89877331248299,4.0,0.0,1.0,0.0
2024_14_CAR_PHI,2024,REG,14,2024-12-08,Sunday,13:00,CAR,16.0,PHI,22.0,Home,6.0,38.0,0.0,2024120803,59707.0,,202412080phi,,401671713,6648.0,7,7,625.0,-950.0,14.0,-112.0,-108.0,44.5,-112.0,-108.0,0,outdoors,grass,55.0,16.0,00-0027973,00-0036389,Andy Dalton,Jalen Hurts,Dave Canales,Nick Sirianni,Carl Cheffers,PHI00,Lincoln Financial Field,0,29.8,17.2,1.0,28.47359859503032,8.0,0.0,21.4,24.6,0.4,20.65720133486987,-2.0,0.0,0,107.50757575757575,,1.0,0.0,0.0,0.0
2024_14_CLE_PIT,2024,REG,14,2024-12-08,Sunday,13:00,CLE,14.0,PIT,27.0,Home,13.0,41.0,0.0,2024120804,59708.0,,202412080pit,,401671631,6649.0,6,7,210.0,-258.0,6.0,-112.0,-108.0,43.0,-110.0,-110.0,1,outdoors,grass,49.0,12.0,00-0031503,00-0029263,Jameis Winston,Russell Wilson,Kevin Stefanski,Mike Tomlin,Land Clark,PIT00,Acrisure Stadium,0,27.0,24.6,0.8,26.06282411408816,1.0,0.0,21.8,29.2,-1.0,22.796927018310445,-1.0,0.0,1,103.81021999443053,87.32377826443599,0.0,0.0,2.0,0.0
2024_14_LV_TB,2024,REG,14,2024-12-08,Sunday,13:00,LV,13.0,TB,28.0,Home,15.0,41.0,0.0,2024120805,59709.0,,202412080tam,,401671654,6650.0,9,7,260.0,-325.0,7.0,-115.0,-105.0,47.0,-112.0,-108.0,0,outdoors,grass,71.0,4.0,00-0035289,00-0034855,Gardner Minshew,Baker Mayfield,Antonio Pierce,Todd Bowles,Alan Eck,TAM00,Raymond James Stadium,0,25.2,22.8,-0.8,24.705385358146064,2.0,0.0,19.8,30.0,-1.0,22.053158865766903,-8.0,0.0,-2,93.19678992370872,,2.0,0.0,1.0,0.0
2024_14_JAX_TEN,2024,REG,14,2024-12-08,Sunday,13:00,JAX,10.0,TEN,6.0,Home,-4.0,16.0,0.0,2024120806,59710.0,,202412080oti,,401671821,6651.0,7,7,142.0,-170.0,3.0,-105.0,-115.0,40.0,-108.0,-112.0,1,outdoors,grass,53.0,9.0,00-0036972,00-0034771,Mac Jones,Mason Rudolph,Doug Pederson,Brian Callahan,Tra Blake,NAS00,Nissan Stadium,0,20.2,27.2,0.4,21.44140856002365,-1.0,0.0,16.6,29.0,-0.6,18.82315074906367,-5.0,0.0,0,,71.71670911703238,0.0,0.0,0.0,0.0
2024_14_SEA_ARI,2024,REG,14,2024-12-08,Sunday,16:05,SEA,30.0,ARI,18.0,Home,-12.0,48.0,0.0,2024120807,59711.0,,202412080crd,,401671660,6652.0,7,7,145.0,-175.0,3.0,-105.0,-115.0,45.5,-110.0,-110.0,1,closed,grass,,,00-0030565,00-0035228,Geno Smith,Kyler Murray,Mike Macdonald,Jonathan Gannon,Clay Martin,PHO00,State Farm Stadium,1,23.2,16.2,-0.4,24.718703625185498,-2.0,0.0,18.4,20.2,-0.2,18.891598569969354,3.0,0.0,0,96.16266266266267,87.71812600874611,0.0,0.0,1.0,0.0
2024_14_BUF_LA,2024,REG,14,2024-12-08,Sunday,16:25,BUF,42.0,LA,44.0,Home,2.0,86.0,0.0,2024120808,59712.0,,202412080ram,,401671773,6653.0,7,7,-192.0,160.0,-3.5,-118.0,-102.0,49.5,-108.0,-112.0,0,dome,matrixturf,,,00-0034857,00-0026498,Josh Allen,Matthew Stafford,Sean McDermott,Sean McVay,Craig Wrolstad,LAX01,SoFi Stadium,1,22.0,23.2,0.6,21.988105299791187,1.0,0.0,31.2,17.6,1.0,31.461551966292134,7.0,0.0,0,103.62838835212024,96.79799879064585,1.0,0.0,0.0,0.0
2024_14_CHI_SF,2024,REG,14,2024-12-08,Sunday,16:25,CHI,13.0,SF,38.0,Home,25.0,51.0,0.0,2024120809,59713.0,,202412080sfo,,401671774,6654.0,10,7,136.0,-162.0,3.0,-110.0,-110.0,43.5,-108.0,-112.0,0,outdoors,grass,65.0,4.0,00-0039918,00-0037834,Caleb Williams,Brock Purdy,Matt Eberflus,Kyle Shanahan,Ron Torbert,SFO01,Levi's Stadium,0,18.0,27.4,-0.6,15.758916906192837,-3.0,0.0,15.6,24.2,1.4,16.527644560153465,-6.0,0.0,-3,86.06428965299934,85.59254801209117,3.0,0.0,2.0,0.0
2024_14_LAC_KC,2024,REG,14,2024-12-08,Sunday,20:20,LAC,17.0,KC,19.0,Home,2.0,36.0,0.0,2024120810,59714.0,,202412080kan,,401671788,6655.0,7,9,195.0,-238.0,5.0,-115.0,-105.0,43.5,-110.0,-110.0,1,outdoors,grass,50.0,10.0,00-0036355,00-0033873,Justin Herbert,Patrick Mahomes,Jim Harbaugh,Andy Reid,Bill Vinovich,KAN00,GEHA Field at Arrowhead Stadium,0,23.2,22.4,-0.2,20.47017643960674,2.0,0.0,25.6,19.4,1.0,22.873702176077373,1.0,0.0,2,100.61005705027443,101.18726516371444,0.0,0.0,0.0,0.0
2024_14_CIN_DAL,2024,REG,14,2024-12-09,Monday,20:15,CIN,27.0,DAL,20.0,Home,-7.0,47.0,0.0,2024120900,59715.0,,202412090dal,,401671690,6656.0,8,11,-230.0,190.0,-5.0,-110.0,-110.0,51.0,-112.0,-108.0,0,closed,matrixturf,,,00-0036442,00-0033662,Joe Burrow,Cooper Rush,Zac Taylor,Mike McCarthy,Scott Novak,DAL00,AT&T Stadium,1,19.6,28.2,0.2,19.520304480510475,2.0,0.0,31.4,34.8,-0.6,34.49690273466532,-3.0,0.0,3,83.11478690894452,103.9403484456116,1.0,0.0,1.0,0.0
2024_15_LA_SF,2024,REG,15,2024-12-12,Thursday,20:15,LA,12.0,SF,6.0,Home,-6.0,18.0,0.0,2024121200,59716.0,,202412120sfo,,401671818,6657.0,4,4,130.0,-155.0,3.0,-118.0,-102.0,48.5,-110.0,-110.0,1,outdoors,grass,53.0,4.0,00-0026498,00-0037834,Matthew Stafford,Brock Purdy,Sean McVay,Kyle Shanahan,Clay Martin,SFO01,Levi's Stadium,0,19.6,25.2,-1.0,17.996768521055998,1.0,0.0,25.6,27.6,0.2,28.854650250061674,2.0,0.0,0,107.80891330891332,113.48949946323134,2.0,0.0,2.0,0.0
2024_15_DAL_CAR,2024,REG,15,2024-12-15,Sunday,13:00,DAL,30.0,CAR,14.0,Home,-16.0,44.0,0.0,2024121500,59717.0,,202412150car,,401671731,6658.0,6,7,120.0,-142.0,2.5,100.0,-120.0,42.0,-112.0,-108.0,0,outdoors,grass,45.0,7.0,00-0033662,00-0039150,Cooper Rush,Bryce Young,Mike McCarthy,Dave Canales,Bill Vinovich,CAR00,Bank of America Stadium,0,21.8,23.4,0.2,20.381358592529207,-3.0,1.0,19.4,28.2,0.2,18.047897423319696,-1.0,0.0,1,81.98583841563382,83.08252884442838,1.0,0.0,2.0,0.0
2024_15_KC_CLE,2024,REG,15,2024-12-15,Sunday,13:00,KC,21.0,CLE,7.0,Home,-14.0,28.0,0.0,2024121501,59718.0,,202412150cle,,401671854,6659.0,7,7,-230.0,190.0,-4.5,-110.0,-110.0,41.5,-112.0,-108.0,0,outdoors,grass,40.0,18.0,00-0033873,00-0031503,Patrick Mahomes,Jameis Winston,Andy Reid,Kevin Stefanski,Tra Blake,CLE00,FirstEnergy Stadium,0,18.8,29.8,-0.8,19.806449668790872,-2.0,0.0,21.0,21.0,0.0,20.236493126126472,3.0,0.0,0,77.93353436199695,95.01679333201074,1.0,0.0,0.0,0.0
2024_15_MIA_HOU,2024,REG,15,2024-12-15,Sunday,13:00,MIA,12.0,HOU,20.0,Home,8.0,32.0,0.0,2024121502,59719.0,,202412150htx,,401671860,6660.0,7,14,130.0,-155.0,2.5,-105.0,-115.0,46.5,-112.0,-108.0,0,closed,astroturf,,,00-0036212,00-0039163,Tua Tagovailoa,C.J. Stroud,Mike McDaniel,DeMeco Ryans,Alex Kemp,HOU00,NRG Stadium,1,24.0,21.8,0.8,20.56550612947776,1.0,0.0,28.0,21.0,0.6,26.936024921999117,1.0,0.0,7,75.0515448603684,112.88196463445077,1.0,0.0,1.0,0.0
2024_15_NYJ_JAX,2024,REG,15,2024-12-15,Sunday,13:00,NYJ,32.0,JAX,25.0,Home,-7.0,57.0,0.0,2024121503,59720.0,,202412150jax,,401671706,6661.0,7,7,-175.0,145.0,-3.5,-102.0,-118.0,41.5,-112.0,-108.0,0,outdoors,grass,,,00-0023459,00-0036972,Aaron Rodgers,Mac Jones,Robert Saleh,Doug Pederson,Brad Rogers,JAX00,TIAA Bank Stadium,0,13.2,24.2,-0.8,13.932649900241522,1.0,0.0,20.2,26.0,0.0,22.063499717471146,-4.0,0.0,0,71.70326825681734,96.5874772378005,1.0,0.0,2.0,0.0
2024_15_WAS_NO,2024,REG,15,2024-12-15,Sunday,13:00,WAS,20.0,NO,19.0,Home,-1.0,39.0,0.0,2024121504,59721.0,,202412150nor,,401671737,6662.0,14,7,-375.0,295.0,-7.5,-112.0,-108.0,44.5,-108.0,-112.0,0,dome,sportturf,,,00-0039910,00-0038998,Jayden Daniels,Jake Haener,Dan Quinn,Dennis Allen,Shawn Hochuli,NOR00,Mercedes-Benz Superdome,1,21.0,17.2,0.0,17.311802878700895,1.0,1.0,28.0,25.8,0.4,26.93602492199912,1.0,1.0,-7,74.75490196078431,95.2662133134753,1.0,0.0,1.0,0.0
2024_15_BAL_NYG,2024,REG,15,2024-12-15,Sunday,13:00,BAL,35.0,NYG,14.0,Home,-21.0,49.0,0.0,2024121505,59722.0,,202412150nyg,,401671639,6663.0,14,7,-1800.0,1000.0,-16.5,-112.0,-108.0,43.5,-112.0,-108.0,0,outdoors,fieldturf,36.0,6.0,00-0034796,00-0038476,Lamar Jackson,Tommy DeVito,John Harbaugh,Brian Daboll,Brad Allen,NYC01,MetLife Stadium,0,15.4,23.6,-1.0,13.440951539516869,-8.0,0.0,28.2,21.8,0.0,35.15316894858248,-1.0,0.0,-7,85.94715238245837,118.72685185185185,5.0,0.0,0.0,0.0
2024_15_CIN_TEN,2024,REG,15,2024-12-15,Sunday,13:00,CIN,37.0,TEN,27.0,Home,-10.0,64.0,0.0,2024121506,59723.0,,202412150oti,,401671825,6664.0,6,7,-250.0,205.0,-6.0,-110.0,-110.0,46.5,-112.0,-108.0,0,outdoors,grass,52.0,12.0,00-0036442,00-0039152,Joe Burrow,Will Levis,Zac Taylor,Brian Callahan,Craig Wrolstad,NAS00,Nissan Stadium,0,17.4,25.8,0.4,18.29736441529094,-2.0,1.0,33.4,31.4,-0.4,33.14727073912442,1.0,0.0,1,98.66337015486735,109.54896842923158,0.0,0.0,1.0,0.0
2024_15_NE_ARI,2024,REG,15,2024-12-15,Sunday,16:25,NE,17.0,ARI,30.0,Home,13.0,47.0,0.0,2024121507,59724.0,,202412150crd,,401671677,6665.0,14,7,210.0,-258.0,6.0,-108.0,-112.0,46.5,-110.0,-110.0,0,closed,grass,,,00-0039851,00-0035228,Drake Maye,Kyler Murray,Jerod Mayo,Jonathan Gannon,Ron Torbert,PHO00,State Farm Stadium,1,21.2,16.8,-0.8,23.06651999307224,-3.0,0.0,19.4,22.0,-1.0,19.08549431351055,-3.0,0.0,-7,89.08298430008956,84.21912174839005,0.0,0.0,0.0,0.0
2024_15_IND_DEN,2024,REG,15,2024-12-15,Sunday,16:25,IND,13.0,DEN,31.0,Home,18.0,44.0,0.0,2024121508,59725.0,,202412150den,,401671669,6666.0,14,13,195.0,-238.0,4.5,-105.0,-115.0,43.5,-108.0,-112.0,0,outdoors,grass,55.0,15.0,00-0039164,00-0039732,Anthony Richardson,Bo Nix,Shane Steichen,Sean Payton,Carl Cheffers,DEN00,Empower Field at Mile High,0,26.4,22.8,0.6,24.161969843206524,3.0,0.0,18.4,25.2,-0.6,19.7535726492075,1.0,1.0,-1,97.23629148629149,66.03645833333334,1.0,0.0,1.0,0.0
2024_15_BUF_DET,2024,REG,15,2024-12-15,Sunday,16:25,BUF,48.0,DET,42.0,Home,-6.0,90.0,0.0,2024121509,59726.0,,202412150det,,401671681,6667.0,7,10,110.0,-130.0,2.5,-110.0,-110.0,55.5,-110.0,-110.0,0,dome,fieldturf,,,00-0034857,00-0033106,Josh Allen,Jared Goff,Sean McDermott,Dan Campbell,Adrian Hill,DET00,Ford Field,1,31.8,17.2,-0.6,32.59035538041151,11.0,0.0,33.4,24.4,1.2,34.16811059884383,-1.0,0.0,3,104.2715805834529,99.6444481812129,0.0,0.0,1.0,0.0
2024_15_TB_LAC,2024,REG,15,2024-12-15,Sunday,16:25,TB,40.0,LAC,17.0,Home,-23.0,57.0,0.0,2024121510,59727.0,,202412150sdg,,401671762,6668.0,7,7,136.0,-162.0,3.0,-105.0,-115.0,46.0,-108.0,-112.0,0,dome,matrixturf,,,00-0034855,00-0036355,Baker Mayfield,Justin Herbert,Todd Bowles,Jim Harbaugh,Scott Novak,LAX01,SoFi Stadium,1,23.6,21.2,0.4,21.322865168539327,-1.0,0.0,25.6,19.2,-0.4,24.25533519342433,3.0,0.0,0,96.23973429951691,94.66805429152483,1.0,0.0,3.0,0.0
2024_15_PIT_PHI,2024,REG,15,2024-12-15,Sunday,16:25,PIT,13.0,PHI,27.0,Home,14.0,40.0,0.0,2024121511,59728.0,,202412150phi,,401671766,6669.0,7,7,215.0,-265.0,5.5,-110.0,-110.0,43.0,-110.0,-110.0,0,outdoors,grass,37.0,5.0,00-0029263,00-0036389,Russell Wilson,Jalen Hurts,Mike Tomlin,Nick Sirianni,Alan Eck,PHI00,Lincoln Financial Field,0,28.6,15.8,1.2,28.087414509037615,9.0,0.0,27.2,23.8,0.6,24.3418241065546,2.0,0.0,0,103.21194083694084,101.05838849259901,0.0,0.0,3.0,0.0
2024_15_GB_SEA,2024,REG,15,2024-12-15,Sunday,20:20,GB,30.0,SEA,13.0,Home,-17.0,43.0,0.0,2024121512,59729.0,,202412150sea,,401671796,6670.0,10,7,-162.0,136.0,-3.0,-110.0,-110.0,48.0,-110.0,-110.0,0,outdoors,fieldturf,43.0,3.0,00-0036264,00-0030565,Jordan Love,Geno Smith,Matt LaFleur,Mike Macdonald,Clete Blakeman,SEA00,Lumen Field,0,22.4,17.6,0.0,23.732002445348567,4.0,0.0,26.6,20.8,0.0,31.424423217056084,-1.0,0.0,-3,94.04188079801813,106.24686864712442,2.0,0.0,2.0,0.0
2024_15_CHI_MIN,2024,REG,15,2024-12-16,Monday,20:00,CHI,12.0,MIN,30.0,Home,18.0,42.0,0.0,2024121600,59730.0,,202412160min,,401671489,6671.0,8,8,260.0,-325.0,7.0,-115.0,-105.0,43.5,-110.0,-110.0,1,dome,sportturf,,,00-0039918,00-0034869,Caleb Williams,Sam Darnold,Matt Eberflus,Kevin O'Connell,John Hussey,MIN01,U.S. Bank Stadium,1,26.0,18.0,0.4,24.884843363168915,6.0,0.0,16.4,26.0,1.0,17.506597672097026,-7.0,0.0,0,108.16880689032828,95.20990396825943,0.0,0.0,2.0,0.0
2024_15_ATL_LV,2024,REG,15,2024-12-16,Monday,20:30,ATL,15.0,LV,9.0,Home,-6.0,24.0,0.0,2024121601,59731.0,,202412160rai,,401671697,6672.0,8,8,-345.0,275.0,-6.5,-110.0,-110.0,44.5,-110.0,-110.0,0,dome,grass,,,00-0029604,00-0038579,Kirk Cousins,Aidan O'Connell,Raheem Morris,Antonio Pierce,Shawn Smith,VEG00,Allegiant Stadium,1,18.4,30.2,-0.8,19.312972515767925,-9.0,1.0,16.8,27.6,-1.8,16.527644560153465,-4.0,0.0,0,,79.77285061714886,1.0,0.0,1.0,0.0
2024_16_DEN_LAC,2024,REG,16,2024-12-19,Thursday,20:15,DEN,27.0,LAC,34.0,Home,7.0,61.0,0.0,2024121901,59742.0,,202412190sdg,,401671749,6683.0,4,4,124.0,-148.0,3.0,-120.0,100.0,41.5,-110.0,-110.0,1,dome,matrixturf,,,00-0039732,00-0036355,Bo Nix,Justin Herbert,Sean Payton,Jim Harbaugh,Clay Martin,LAX01,SoFi Stadium,1,21.6,25.8,0.4,20.814678644015796,-2.0,0.0,30.6,17.2,1.2,28.234726123595504,4.0,0.0,0,89.0722258820085,96.40295815295815,3.0,0.0,1.0,0.0
2024_16_HOU_KC,2024,REG,16,2024-12-21,Saturday,13:00,HOU,19.0,KC,27.0,Home,8.0,46.0,0.0,2024122100,59733.0,,202412210kan,,401671780,6674.0,6,6,150.0,-180.0,3.5,-120.0,100.0,42.5,-108.0,-112.0,0,outdoors,grass,30.0,5.0,00-0039163,00-0033873,C.J. Stroud,Patrick Mahomes,DeMeco Ryans,Andy Reid,Carl Cheffers,KAN00,GEHA Field at Arrowhead Stadium,0,22.0,19.6,0.8,19.750841803469033,4.0,0.0,25.4,20.0,1.4,22.203159242703588,2.0,0.0,0,92.3695502242413,84.50026280908634,1.0,0.0,2.0,0.0
2024_16_PIT_BAL,2024,REG,16,2024-12-21,Saturday,16:30,PIT,17.0,BAL,34.0,Home,17.0,51.0,0.0,2024122101,59734.0,,202412210rav,,401671778,6675.0,6,6,275.0,-345.0,7.0,-115.0,-105.0,44.5,-112.0,-108.0,1,outdoors,grass,35.0,15.0,00-0029263,00-0034796,Russell Wilson,Lamar Jackson,Mike Tomlin,John Harbaugh,Bill Vinovich,BAL00,M&T Bank Stadium,0,27.0,22.6,-0.2,30.677569631270764,1.0,0.0,24.2,23.8,1.0,21.935164436308547,-1.0,0.0,0,117.97685185185188,101.23966554887608,0.0,0.0,2.0,0.0
2024_16_NYG_ATL,2024,REG,16,2024-12-22,Sunday,13:00,NYG,7.0,ATL,34.0,Home,27.0,41.0,0.0,2024122202,59735.0,,202412220atl,,401671729,6676.0,7,6,410.0,-550.0,9.5,-110.0,-110.0,42.5,-110.0,-110.0,0,closed,fieldturf,,,00-0038476,00-0039917,Tommy DeVito,Michael Penix Jr.,Brian Daboll,Raheem Morris,Tra Blake,ATL97,Mercedes-Benz Stadium,1,14.4,25.2,-1.2,13.829253611556979,1.0,1.0,13.8,25.2,-0.8,11.510759837684429,-9.0,0.0,-1,93.75,,0.0,0.0,1.0,0.0
2024_16_ARI_CAR,2024,REG,16,2024-12-22,Sunday,13:00,ARI,30.0,CAR,36.0,Home,6.0,66.0,1.0,2024122204,59737.0,,202412220car,,401671732,6678.0,7,7,-245.0,200.0,-5.5,-110.0,-110.0,47.0,-110.0,-110.0,0,outdoors,grass,37.0,10.0,00-0035228,00-0039150,Kyler Murray,Bryce Young,Jonathan Gannon,Dave Canales,Adrian Hill,CAR00,Bank of America Stadium,0,20.0,25.0,-0.2,19.37202478462813,-4.0,1.0,21.4,18.4,-0.2,22.132715715932004,1.0,0.0,0,81.14563695043235,90.83298430008958,1.0,0.0,2.0,0.0
2024_16_DET_CHI,2024,REG,16,2024-12-22,Sunday,13:00,DET,34.0,CHI,17.0,Home,-17.0,51.0,0.0,2024122205,59738.0,,202412220chi,,401671868,6679.0,7,6,-340.0,270.0,-7.0,-110.0,-110.0,47.5,-110.0,-110.0,1,outdoors,grass,29.0,7.0,00-0033106,00-0039918,Jared Goff,Caleb Williams,Dan Campbell,Matt Eberflus,Clete Blakeman,CHI98,Soldier Field,0,18.2,28.2,0.8,21.017260345580294,-8.0,0.0,35.0,22.2,-0.2,34.85768657234013,-1.0,0.0,-1,99.95004733743505,116.10538472657909,1.0,0.0,0.0,0.0
2024_16_CLE_CIN,2024,REG,16,2024-12-22,Sunday,13:00,CLE,6.0,CIN,24.0,Home,18.0,30.0,0.0,2024122214,59732.0,,202412220cin,,401671811,6673.0,7,7,425.0,-575.0,10.0,-108.0,-112.0,46.5,-112.0,-108.0,1,outdoors,fieldturf,33.0,6.0,00-0031503,00-0036442,Jameis Winston,Joe Burrow,Kevin Stefanski,Zac Taylor,Brad Rogers,CIN00,Paycor Stadium,0,32.6,32.0,0.0,32.3533241345945,2.0,0.0,18.2,28.6,-1.0,18.254778523958727,-3.0,0.0,0,105.58356071382386,,0.0,0.0,1.0,0.0
2024_16_TEN_IND,2024,REG,16,2024-12-22,Sunday,13:00,TEN,30.0,IND,38.0,Home,8.0,68.0,0.0,2024122206,59739.0,,202412220clt,,401671862,6680.0,7,7,164.0,-198.0,4.0,-112.0,-108.0,42.5,-108.0,-112.0,1,closed,fieldturf,,,00-0034771,00-0026158,Mason Rudolph,Joe Flacco,Brian Callahan,Shane Steichen,John Hussey,IND00,Lucas Oil Stadium,1,18.4,27.2,-1.2,19.7535726492075,-1.0,0.0,19.4,27.8,-0.2,17.500117789065584,-3.0,0.0,0,,81.61880248664303,2.0,0.0,0.0,0.0
2024_16_LA_NYJ,2024,REG,16,2024-12-22,Sunday,13:00,LA,19.0,NYJ,9.0,Home,-10.0,28.0,0.0,2024122207,59740.0,,202412220nyj,,401671621,6681.0,10,7,-162.0,136.0,-3.0,-105.0,-115.0,47.0,-110.0,-110.0,0,outdoors,fieldturf,23.0,8.0,00-0026498,00-0023459,Matthew Stafford,Aaron Rodgers,Sean McVay,Robert Saleh,Ron Torbert,NYC01,MetLife Stadium,0,22.4,28.4,0.4,23.732002445348567,1.0,0.0,25.0,24.2,0.4,27.572974730073735,3.0,0.0,-3,96.96768557113384,113.21373456790124,0.0,0.0,0.0,0.0
2024_16_PHI_WAS,2024,REG,16,2024-12-22,Sunday,13:00,PHI,33.0,WAS,36.0,Home,3.0,69.0,0.0,2024122208,59741.0,,202412220was,,401671717,6682.0,7,7,-218.0,180.0,-4.0,-115.0,-105.0,47.0,-110.0,-110.0,1,outdoors,grass,32.0,8.0,00-0036389,00-0039910,Jalen Hurts,Jayden Daniels,Nick Sirianni,Dan Quinn,Shawn Smith,WAS00,FedExField,0,26.6,25.2,0.4,26.72753433763845,2.0,1.0,27.2,17.2,0.8,27.526327977125366,10.0,0.0,0,93.21831497525439,105.26402417027415,1.0,0.0,0.0,0.0
2024_16_MIN_SEA,2024,REG,16,2024-12-22,Sunday,16:05,MIN,27.0,SEA,24.0,Home,-3.0,51.0,0.0,2024122210,59743.0,,202412220sea,,401671759,6684.0,6,7,-148.0,124.0,-2.5,-115.0,-105.0,43.0,-115.0,-105.0,0,outdoors,fieldturf,48.0,5.0,00-0034869,00-0030565,Sam Darnold,Geno Smith,Kevin O'Connell,Mike Macdonald,Craig Wrolstad,SEA00,Lumen Field,0,21.0,18.4,0.2,22.374688626245494,-1.0,0.0,29.6,19.0,0.4,28.96873113547407,7.0,0.0,1,91.38708203640822,113.33218408331075,0.0,0.0,0.0,0.0
2024_16_NE_BUF,2024,REG,16,2024-12-22,Sunday,16:25,NE,21.0,BUF,24.0,Home,3.0,45.0,0.0,2024122203,59736.0,,202412220buf,,401671494,6677.0,7,7,700.0,-1100.0,14.0,-110.0,-110.0,48.0,-110.0,-110.0,1,outdoors,a_turf,14.0,2.0,00-0039851,00-0034857,Drake Maye,Josh Allen,Jerod Mayo,Sean McDermott,Brad Allen,BUF00,New Era Field,0,37.0,27.4,1.4,39.496592308999375,1.0,0.0,19.4,24.0,-0.8,21.480536737166773,-4.0,0.0,0,105.01649443561209,90.19340594775376,0.0,0.0,1.0,0.0
2024_16_JAX_LV,2024,REG,16,2024-12-22,Sunday,16:25,JAX,14.0,LV,19.0,Home,5.0,33.0,0.0,2024122211,59744.0,,202412220rai,,401671673,6685.0,7,6,110.0,-130.0,2.5,-110.0,-110.0,41.5,-112.0,-108.0,0,dome,grass,,,00-0036972,00-0038579,Mac Jones,Aidan O'Connell,Doug Pederson,Antonio Pierce,Shawn Hochuli,VEG00,Allegiant Stadium,1,15.4,25.0,-1.0,15.725670246053195,-10.0,1.0,13.6,25.0,-1.2,13.150420386332152,-1.0,0.0,-1,72.74420426065163,69.61993492348401,1.0,0.0,0.0,0.0
2024_16_SF_MIA,2024,REG,16,2024-12-22,Sunday,16:25,SF,17.0,MIA,29.0,Home,12.0,46.0,0.0,2024122212,59745.0,,202412220mia,,401671874,6686.0,10,7,-125.0,105.0,-2.0,-108.0,-112.0,44.0,-108.0,-112.0,0,outdoors,grass,73.0,12.0,00-0037834,00-0036212,Brock Purdy,Tua Tagovailoa,Kyle Shanahan,Mike McDaniel,Scott Novak,MIA00,Hard Rock Stadium,0,25.8,22.0,0.0,24.568496930481086,-1.0,0.0,16.2,23.6,-1.4,15.557910313001601,-1.0,0.0,-3,106.995059872546,94.0289298515105,1.0,0.0,1.0,0.0
2024_16_TB_DAL,2024,REG,16,2024-12-22,Sunday,20:20,TB,24.0,DAL,26.0,Home,2.0,50.0,0.0,2024122213,59746.0,,202412220dal,,401671790,6687.0,7,7,-218.0,180.0,-4.5,-105.0,-115.0,47.5,-110.0,-110.0,0,closed,matrixturf,,,00-0034855,00-0033662,Baker Mayfield,Cooper Rush,Todd Bowles,Mike McCarthy,Land Clark,DAL00,AT&T Stadium,1,24.2,24.2,1.4,21.622796588323137,1.0,0.0,28.8,16.6,-0.6,26.062824114088155,4.0,0.0,0,94.55304358705709,99.26084600797245,1.0,0.0,3.0,0.0
2024_16_NO_GB,2024,REG,16,2024-12-23,Monday,20:15,NO,0.0,GB,34.0,Home,34.0,34.0,0.0,2024122300,59747.0,,202412230gnb,,401671692,6688.0,8,8,625.0,-950.0,14.0,-105.0,-115.0,44.0,-110.0,-110.0,0,outdoors,grass,34.0,12.0,00-0038998,00-0036264,Jake Haener,Jordan Love,Dennis Allen,Matt LaFleur,Alex Kemp,GNB00,Lambeau Field,0,29.8,18.6,0.4,35.65232366454008,1.0,0.0,20.4,16.6,-0.4,18.056063100982705,-1.0,1.0,0,117.07307947333523,,2.0,0.0,3.0,0.0
2024_17_KC_PIT,2024,REG,17,2024-12-25,Wednesday,13:00,KC,29.0,PIT,10.0,Home,-19.0,39.0,0.0,2024122500,59748.0,,202412250pit,,401671799,6689.0,4,4,-162.0,136.0,-3.0,-105.0,-115.0,43.5,-110.0,-110.0,0,outdoors,grass,39.0,2.0,00-0033873,00-0029263,Patrick Mahomes,Russell Wilson,Andy Reid,Mike Tomlin,Craig Wrolstad,PIT00,Acrisure Stadium,0,24.0,27.4,0.4,22.253971328942267,-2.0,0.0,23.2,17.4,1.4,20.40640641954566,5.0,0.0,0,106.26702245123298,93.086475575313,1.0,0.0,1.0,0.0
2024_17_BAL_HOU,2024,REG,17,2024-12-25,Wednesday,16:30,BAL,31.0,HOU,2.0,Home,-29.0,33.0,0.0,2024122501,59749.0,,202412250htx,,401671800,6690.0,4,4,-245.0,200.0,-5.5,-108.0,-112.0,46.5,-112.0,-108.0,0,closed,astroturf,,,00-0034796,00-0039163,Lamar Jackson,C.J. Stroud,John Harbaugh,DeMeco Ryans,Alan Eck,HOU00,NRG Stadium,1,24.6,20.2,0.4,21.40444568999844,-1.0,0.0,26.8,19.2,-0.2,30.69738986257036,2.0,0.0,0,86.26405457287811,112.7737337139511,1.0,0.0,0.0,0.0
2024_17_SEA_CHI,2024,REG,17,2024-12-26,Thursday,20:15,SEA,6.0,CHI,3.0,Home,-3.0,9.0,0.0,2024122600,59750.0,,202412260chi,,401671876,6691.0,4,4,-192.0,160.0,-3.5,-118.0,-102.0,43.5,-112.0,-108.0,0,outdoors,grass,47.0,5.0,00-0030565,00-0039918,Geno Smith,Caleb Williams,Mike Macdonald,Matt Eberflus,Scott Novak,CHI98,Soldier Field,0,17.8,31.0,0.2,20.306186868686865,-9.0,0.0,21.8,20.4,-0.2,24.37691205918345,-2.0,0.0,0,102.49977852023076,94.19534269532295,2.0,0.0,1.0,0.0
2024_17_LAC_NE,2024,REG,17,2024-12-28,Saturday,13:00,LAC,40.0,NE,7.0,Home,-33.0,47.0,0.0,2024122800,59753.0,,202412280nwe,,401671832,6694.0,9,6,-305.0,245.0,-6.0,-118.0,-102.0,42.0,-108.0,-112.0,0,outdoors,fieldturf,40.0,4.0,00-0036355,00-0039851,Justin Herbert,Drake Maye,Jim Harbaugh,Jerod Mayo,John Hussey,BOS00,Gillette Stadium,0,19.8,28.2,-1.0,20.109625080834213,-5.0,0.0,21.6,25.8,0.4,21.977300334041907,1.0,0.0,-3,92.34248002182785,92.23605503374088,1.0,0.0,1.0,0.0
2024_17_DEN_CIN,2024,REG,17,2024-12-28,Saturday,16:30,DEN,24.0,CIN,30.0,Home,6.0,54.0,1.0,2024122801,59751.0,,202412280cin,,401671835,6692.0,9,6,145.0,-175.0,3.5,-115.0,-105.0,50.5,-110.0,-110.0,0,outdoors,fieldturf,60.0,8.0,00-0039732,00-0036442,Bo Nix,Joe Burrow,Sean Payton,Zac Taylor,Adrian Hill,CIN00,Paycor Stadium,0,30.6,26.2,0.6,29.741226140517128,3.0,0.0,33.2,20.8,1.4,28.579052051932038,-1.0,0.0,-3,110.7780051582683,94.6599025974026,0.0,0.0,0.0,0.0
2024_17_ARI_LA,2024,REG,17,2024-12-28,Saturday,20:15,ARI,9.0,LA,13.0,Home,4.0,22.0,0.0,2024122802,59752.0,,202412280ram,,401671829,6693.0,6,6,270.0,-340.0,6.5,100.0,-120.0,48.0,-112.0,-108.0,1,dome,matrixturf,,,00-0035228,00-0026498,Kyler Murray,Matthew Stafford,Jonathan Gannon,Sean McVay,Brad Rogers,LAX01,SoFi Stadium,1,23.2,21.6,-0.2,24.44200171893342,4.0,0.0,21.2,24.4,-0.8,21.76640704800817,-1.0,0.0,0,101.30908869395712,81.058678744534,0.0,0.0,0.0,0.0
2024_17_NYJ_BUF,2024,REG,17,2024-12-29,Sunday,13:00,NYJ,14.0,BUF,40.0,Home,26.0,54.0,0.0,2024122905,59756.0,,202412290buf,,401671495,6697.0,7,7,390.0,-520.0,10.0,-105.0,-115.0,44.5,-112.0,-108.0,1,outdoors,a_turf,54.0,15.0,00-0023459,00-0034857,Aaron Rodgers,Josh Allen,Robert Saleh,Sean McDermott,Clete Blakeman,BUF00,New Era Field,0,35.8,27.6,1.4,37.3679554611726,2.0,0.0,23.0,26.0,0.8,23.787498199366173,-1.0,0.0,0,106.35075973539463,100.67403477748304,0.0,0.0,0.0,0.0
2024_17_TEN_JAX,2024,REG,17,2024-12-29,Sunday,13:00,TEN,13.0,JAX,20.0,Home,7.0,33.0,0.0,2024122906,59757.0,,202412290jax,,401671634,6698.0,7,7,-108.0,-112.0,-1.0,-105.0,-115.0,38.0,-110.0,-110.0,1,outdoors,grass,72.0,16.0,00-0034771,00-0036972,Mason Rudolph,Mac Jones,Brian Callahan,Doug Pederson,Shawn Smith,JAX00,TIAA Bank Stadium,0,15.0,26.4,-1.6,14.381015003529122,-2.0,0.0,22.8,30.8,-0.6,19.390113121023422,-4.0,0.0,0,80.0560266095757,82.64821425134893,2.0,0.0,1.0,0.0
2024_17_LV_NO,2024,REG,17,2024-12-29,Sunday,13:00,LV,25.0,NO,10.0,Home,-15.0,35.0,0.0,2024122908,59759.0,,202412290nor,,401671738,6700.0,7,6,-125.0,105.0,-2.0,-110.0,-110.0,37.5,-112.0,-108.0,0,dome,sportturf,,,00-0038579,00-0038998,Aidan O'Connell,Jake Haener,Antonio Pierce,Dennis Allen,Land Clark,NOR00,Mercedes-Benz Superdome,1,16.4,20.0,-1.0,15.434983614232207,-2.0,0.0,15.4,21.0,-0.4,15.019508887853911,1.0,0.0,-1,,80.82315162907268,4.0,0.0,1.0,0.0
2024_17_IND_NYG,2024,REG,17,2024-12-29,Sunday,13:00,IND,33.0,NYG,45.0,Home,12.0,78.0,0.0,2024122903,59754.0,,202412290nyg,,401671846,6695.0,7,7,-410.0,320.0,-7.5,-112.0,-108.0,40.5,-112.0,-108.0,0,outdoors,fieldturf,54.0,0.0,00-0026158,00-0038476,Joe Flacco,Tommy DeVito,Shane Steichen,Brian Daboll,Bill Vinovich,NYC01,MetLife Stadium,0,11.8,28.0,-0.8,10.427848771781752,-10.0,0.0,22.0,27.2,-0.4,21.60570346849047,1.0,0.0,0,,89.64553453369243,2.0,0.0,0.0,0.0
2024_17_DAL_PHI,2024,REG,17,2024-12-29,Sunday,13:00,DAL,7.0,PHI,41.0,Home,34.0,48.0,0.0,2024122910,59761.0,,202412290phi,,401671765,6702.0,7,7,260.0,-325.0,7.5,-112.0,-108.0,37.5,-108.0,-112.0,1,outdoors,grass,62.0,10.0,00-0033662,00-0036389,Cooper Rush,Jalen Hurts,Mike McCarthy,Nick Sirianni,Brad Allen,PHI00,Lincoln Financial Field,0,28.6,20.8,1.2,27.749593372330978,-1.0,0.0,27.4,22.2,2.0,25.65941942907187,2.0,0.0,0,,101.03356306757655,2.0,1.0,1.0,0.0
2024_17_CAR_TB,2024,REG,17,2024-12-29,Sunday,13:00,CAR,14.0,TB,48.0,Home,34.0,62.0,0.0,2024122909,59760.0,,202412290tam,,401671653,6701.0,7,7,380.0,-500.0,9.5,-105.0,-115.0,47.5,-108.0,-112.0,1,outdoors,grass,76.0,8.0,00-0039150,00-0034855,Bryce Young,Baker Mayfield,Dave Canales,Todd Bowles,Clay Martin,TAM00,Raymond James Stadium,0,29.6,17.2,-0.8,26.44771814108946,-1.0,0.0,23.2,27.6,-0.2,23.520489984467346,1.0,0.0,0,102.3342221106188,85.36871387350928,2.0,0.0,3.0,0.0
2024_17_MIA_CLE,2024,REG,17,2024-12-29,Sunday,16:05,MIA,20.0,CLE,3.0,Home,-17.0,23.0,0.0,2024122911,59762.0,,202412290cle,,401671877,6703.0,7,7,-170.0,142.0,-3.0,-115.0,-105.0,32.5,-112.0,-108.0,0,outdoors,grass,54.0,15.0,00-0035993,00-0031503,Tyler Huntley,Jameis Winston,Mike McDaniel,Kevin Stefanski,Ron Torbert,CLE00,FirstEnergy Stadium,0,16.6,26.4,-1.8,16.359387562013453,-4.0,0.0,24.8,21.6,0.0,25.142592742016824,1.0,1.0,0,,95.11430773527546,3.0,0.0,2.0,0.0
2024_17_GB_MIN,2024,REG,17,2024-12-29,Sunday,16:25,GB,25.0,MIN,27.0,Home,2.0,52.0,0.0,2024122907,59758.0,,202412290min,,401671725,6699.0,6,7,-112.0,-108.0,-1.0,-105.0,-115.0,49.0,-110.0,-110.0,1,dome,sportturf,,,00-0036264,00-0034869,Jordan Love,Sam Darnold,Matt LaFleur,Kevin O'Connell,Carl Cheffers,MIN01,U.S. Bank Stadium,1,30.4,21.2,0.8,33.076519235348876,8.0,0.0,32.6,14.8,1.0,39.7603486664887,2.0,0.0,1,114.39021979759646,112.2131354957442,0.0,0.0,3.0,0.0
2024_17_ATL_WAS,2024,REG,17,2024-12-29,Sunday,20:20,ATL,24.0,WAS,30.0,Home,6.0,54.0,1.0,2024122904,59755.0,,202412290was,,401671842,6696.0,7,7,160.0,-192.0,3.5,-115.0,-105.0,46.5,-110.0,-110.0,0,outdoors,grass,58.0,10.0,00-0039917,00-0039910,Michael Penix Jr.,Jayden Daniels,Raheem Morris,Dan Quinn,Alex Kemp,WAS00,FedExField,0,28.4,26.2,-0.8,28.896080068832873,3.0,0.0,17.8,22.6,-0.6,18.110923423423422,2.0,1.0,0,99.34639441215735,86.95987654320987,2.0,0.0,0.0,0.0
2024_17_DET_SF,2024,REG,17,2024-12-30,Monday,20:15,DET,40.0,SF,34.0,Home,-6.0,74.0,0.0,2024123000,59763.0,,202412300sfo,,401671698,6704.0,8,8,-230.0,190.0,-4.0,-112.0,-108.0,50.5,-110.0,-110.0,0,outdoors,grass,,,00-0033106,00-0037834,Jared Goff,Brock Purdy,Dan Campbell,Kyle Shanahan,Shawn Hochuli,SFO01,Levi's Stadium,0,16.2,25.4,-1.6,16.277671288336197,-2.0,0.0,31.4,24.4,0.0,30.20682794824187,1.0,0.0,0,89.18402244410309,111.83455139324573,2.0,0.0,0.0,0.0
2024_18_CLE_BAL,2024,REG,18,2025-01-04,Saturday,16:30,CLE,10.0,BAL,35.0,Home,25.0,45.0,0.0,2025010400,59766.0,,202501040rav,,401671834,6707.0,6,10,1200.0,-2400.0,19.5,-105.0,-115.0,42.5,-108.0,-112.0,1,outdoors,grass,31.0,16.0,00-0038108,00-0034796,Bailey Zappe,Lamar Jackson,Kevin Stefanski,John Harbaugh,Scott Novak,BAL00,M&T Bank Stadium,0,29.8,16.0,0.4,33.58861630671242,3.0,0.0,12.4,26.6,-1.8,11.828060943668389,-5.0,1.0,4,128.33181452203192,77.1499333999334,0.0,0.0,3.0,0.0
2024_18_CIN_PIT,2024,REG,18,2025-01-04,Saturday,20:00,CIN,19.0,PIT,17.0,Home,-2.0,36.0,0.0,2025010401,59777.0,,202501040pit,,401671836,6718.0,7,10,-148.0,124.0,-2.5,-118.0,-102.0,48.5,-112.0,-108.0,1,outdoors,grass,19.0,10.0,00-0036442,00-0029263,Joe Burrow,Russell Wilson,Zac Taylor,Mike Tomlin,John Hussey,PIT00,Acrisure Stadium,0,22.2,28.4,-0.4,22.032018275705454,-3.0,0.0,31.2,24.2,0.4,28.555055269244075,4.0,0.0,3,96.07558100979153,115.51644053241796,1.0,0.0,0.0,0.0
2024_18_CAR_ATL,2024,REG,18,2025-01-05,Sunday,13:00,CAR,44.0,ATL,38.0,Home,-6.0,82.0,1.0,2025010501,59765.0,,202501050atl,,401671827,6706.0,7,7,300.0,-380.0,7.5,-105.0,-115.0,48.5,-108.0,-112.0,1,closed,fieldturf,,,00-0039150,00-0039917,Bryce Young,Michael Penix Jr.,Dave Canales,Raheem Morris,Land Clark,ATL97,Mercedes-Benz Stadium,1,21.4,21.0,-0.4,20.763681754121777,-1.0,0.0,20.6,31.2,-0.2,21.66239695143641,-1.0,0.0,0,83.09193121693121,86.93419006398545,0.0,0.0,2.0,0.0
2024_18_WAS_DAL,2024,REG,18,2025-01-05,Sunday,13:00,WAS,23.0,DAL,19.0,Home,-4.0,42.0,0.0,2025010503,59767.0,,202501050dal,,401671840,6708.0,7,7,-310.0,250.0,-7.0,-108.0,-112.0,43.5,-118.0,-102.0,1,closed,matrixturf,,,00-0039910,00-0037012,Jayden Daniels,Trey Lance,Dan Quinn,Mike McCarthy,Clete Blakeman,DAL00,AT&T Stadium,1,22.0,25.2,0.8,20.39947371819708,-1.0,1.0,30.8,25.8,-0.6,28.84343497866473,4.0,0.0,0,75.48826777087646,103.04141756030549,0.0,0.0,2.0,0.0
2024_18_CHI_GB,2024,REG,18,2025-01-05,Sunday,13:00,CHI,24.0,GB,22.0,Home,-2.0,46.0,0.0,2025010506,59770.0,,202501050gnb,,401671844,6711.0,10,7,320.0,-410.0,10.0,-115.0,-105.0,41.5,-108.0,-112.0,1,outdoors,grass,16.0,13.0,00-0039918,00-0036264,Caleb Williams,Jordan Love,Matt Eberflus,Matt LaFleur,Clay Martin,GNB00,Lambeau Field,0,30.0,18.2,0.4,37.396988243172856,-1.0,0.0,13.0,26.2,-0.2,14.594490640427102,-10.0,0.0,-3,109.00661375661375,92.46558399135537,3.0,0.0,0.0,0.0
2024_18_JAX_IND,2024,REG,18,2025-01-05,Sunday,13:00,JAX,23.0,IND,26.0,Home,3.0,49.0,1.0,2025010507,59771.0,,202501050clt,,401671837,6712.0,7,7,150.0,-180.0,3.5,-110.0,-110.0,45.5,-105.0,-110.0,1,closed,fieldturf,,,00-0036972,00-0026158,Mac Jones,Joe Flacco,Doug Pederson,Shane Steichen,Alex Kemp,IND00,Lucas Oil Stadium,1,23.0,30.8,-0.8,22.163778185757565,-1.0,0.0,17.8,18.6,-1.2,15.369361620795106,1.0,0.0,0,86.6394616591985,93.20910915920997,1.0,0.0,1.0,0.0
2024_18_BUF_NE,2024,REG,18,2025-01-05,Sunday,13:00,BUF,16.0,NE,23.0,Home,7.0,39.0,0.0,2025010510,59774.0,,202501050nwe,,401671831,6715.0,7,8,-166.0,140.0,-3.0,-112.0,-108.0,36.5,-108.0,-112.0,1,outdoors,fieldturf,33.0,14.0,00-0033869,00-0039398,Mitchell Trubisky,Joe Milton III,Sean McDermott,Jerod Mayo,Alan Eck,BOS00,Gillette Stadium,0,16.8,30.6,-0.8,16.272500819087632,-6.0,1.0,37.8,26.2,1.8,36.676035995598276,3.0,1.0,1,,89.20289855072463,3.0,0.0,1.0,0.0
2024_18_NYG_PHI,2024,REG,18,2025-01-05,Sunday,13:00,NYG,13.0,PHI,20.0,Home,7.0,33.0,0.0,2025010512,59776.0,,202501050phi,,401671841,6717.0,7,7,130.0,-155.0,3.0,-110.0,-110.0,36.5,-118.0,-102.0,1,outdoors,grass,31.0,19.0,00-0035704,00-0038400,Drew Lock,Tanner McKee,Brian Daboll,Nick Sirianni,Ron Torbert,PHI00,Lincoln Financial Field,0,29.4,18.2,1.8,27.996659292873783,1.0,1.0,19.4,28.6,-0.2,17.584388019189493,1.0,1.0,0,156.25,81.74843132626518,11.0,1.0,3.0,0.0
2024_18_NO_TB,2024,REG,18,2025-01-05,Sunday,13:00,NO,19.0,TB,27.0,Home,8.0,46.0,0.0,2025010514,59778.0,,202501050tam,,401671828,6719.0,7,7,675.0,-1050.0,14.5,-102.0,-118.0,44.5,-112.0,-108.0,1,outdoors,grass,68.0,6.0,00-0039376,00-0034855,Spencer Rattler,Baker Mayfield,Dennis Allen,Todd Bowles,Adrian Hill,TAM00,Raymond James Stadium,0,33.2,18.6,-0.8,28.7543836596126,1.0,0.0,11.4,22.2,-1.0,11.118337748151596,-3.0,1.0,0,111.43318044395214,69.63492063492063,4.0,0.0,2.0,0.0
2024_18_HOU_TEN,2024,REG,18,2025-01-05,Sunday,13:00,HOU,23.0,TEN,14.0,Home,-9.0,37.0,0.0,2025010515,59779.0,,202501050oti,,401671826,6720.0,11,7,120.0,-142.0,2.5,-108.0,-112.0,36.5,-108.0,-112.0,1,outdoors,grass,35.0,10.0,00-0036898,00-0034771,Davis Mills,Mason Rudolph,DeMeco Ryans,Brian Callahan,Brad Allen,NAS00,Nissan Stadium,0,19.0,29.4,-1.0,15.437691981246463,-5.0,0.0,18.2,24.4,0.0,17.41939035421824,-2.0,1.0,-4,83.03463898253173,75.65104166666666,3.0,0.0,0.0,0.0
2024_18_SF_ARI,2024,REG,18,2025-01-05,Sunday,16:25,SF,24.0,ARI,47.0,Home,23.0,71.0,0.0,2025010500,59764.0,,202501050crd,,401671845,6705.0,6,8,160.0,-192.0,4.5,-110.0,-110.0,42.5,-110.0,-110.0,1,closed,grass,,,00-0033949,00-0035228,Joshua Dobbs,Kyler Murray,Kyle Shanahan,Jonathan Gannon,Shawn Smith,PHO00,State Farm Stadium,1,21.8,23.8,-1.2,23.05307226570719,-2.0,0.0,21.0,25.8,-1.4,20.48114848343715,-3.0,1.0,2,81.0291179337232,77.51904838022165,0.0,0.0,3.0,1.0
2024_18_KC_DEN,2024,REG,18,2025-01-05,Sunday,16:25,KC,0.0,DEN,38.0,Home,38.0,38.0,0.0,2025010504,59768.0,,202501050den,,401671838,6709.0,11,8,370.0,-485.0,10.5,-115.0,-105.0,40.5,-115.0,-105.0,1,outdoors,grass,28.0,5.0,00-0032950,00-0039732,Carson Wentz,Bo Nix,Andy Reid,Sean Payton,Shawn Hochuli,DEN00,Empower Field at Mile High,0,30.4,25.6,1.2,25.77584607078989,-2.0,0.0,23.0,14.0,1.8,20.485763433523555,6.0,1.0,-3,88.62780745240423,84.65886544011543,0.0,0.0,10.0,1.0
2024_18_SEA_LA,2024,REG,18,2025-01-05,Sunday,16:25,SEA,30.0,LA,25.0,Home,-5.0,55.0,0.0,2025010508,59772.0,,202501050ram,,401671830,6713.0,10,8,-360.0,285.0,-7.5,-110.0,-110.0,38.5,-112.0,-108.0,1,dome,matrixturf,,,00-0030565,00-0031345,Geno Smith,Jimmy Garoppolo,Mike Macdonald,Sean McVay,Bill Vinovich,LAX01,SoFi Stadium,1,21.8,16.0,0.4,20.82967950911614,5.0,1.0,19.8,19.8,-0.2,19.650178462115676,1.0,0.0,-2,65.5090653074524,94.19300515441599,7.0,1.0,2.0,0.0
2024_18_LAC_LV,2024,REG,18,2025-01-05,Sunday,16:25,LAC,34.0,LV,20.0,Home,-14.0,54.0,0.0,2025010509,59773.0,,202501050rai,,401671839,6714.0,8,7,-345.0,275.0,-7.0,-118.0,-102.0,42.5,-112.0,-108.0,1,dome,grass,,,00-0036355,00-0038579,Justin Herbert,Aidan O'Connell,Jim Harbaugh,Antonio Pierce,Carl Cheffers,VEG00,Allegiant Stadium,1,16.6,17.2,0.4,15.834339650394778,2.0,0.0,25.0,21.2,0.6,24.594709166895036,2.0,0.0,-1,84.35588972431077,100.2964838836434,0.0,0.0,1.0,0.0
2024_18_MIA_NYJ,2024,REG,18,2025-01-05,Sunday,16:25,MIA,20.0,NYJ,32.0,Home,12.0,52.0,0.0,2025010511,59775.0,,202501050nyj,,401671833,6716.0,7,7,102.0,-122.0,1.5,-110.0,-110.0,39.5,-112.0,-108.0,1,outdoors,fieldturf,34.0,10.0,00-0036212,00-0023459,Tua Tagovailoa,Aaron Rodgers,Mike McDaniel,Robert Saleh,Tra Blake,NYC01,MetLife Stadium,0,20.4,28.4,0.0,19.759465280320693,-2.0,0.0,22.0,19.2,0.2,21.272738860243184,2.0,0.0,0,86.52492877492878,,0.0,0.0,2.0,0.0
2024_18_MIN_DET,2024,REG,18,2025-01-05,Sunday,20:20,MIN,9.0,DET,31.0,Home,22.0,40.0,0.0,2025010505,59769.0,,202501050det,,401671843,6710.0,7,6,124.0,-148.0,3.0,-118.0,-102.0,56.5,-102.0,-118.0,1,dome,fieldturf,,,00-0034869,00-0033106,Sam Darnold,Jared Goff,Kevin O'Connell,Dan Campbell,Brad Rogers,DET00,Ford Field,1,34.6,30.0,0.4,32.402040592915576,2.0,0.0,29.8,20.8,1.2,34.272702178539554,9.0,0.0,-1,119.62458407298432,114.40617966991746,0.0,0.0,0.0,0.0
2024_19_LAC_HOU,2024,WC,19,2025-01-11,Saturday,16:30,LAC,12.0,HOU,32.0,Home,20.0,44.0,0.0,2025011100,59829.0,,202501110htx,,401671878,,6,6,-162.0,136.0,-3.0,-105.0,-115.0,41.5,-108.0,-112.0,0,closed,astroturf,,,00-0036355,00-0039163,Justin Herbert,C.J. Stroud,Jim Harbaugh,DeMeco Ryans,Land Clark,HOU00,NRG Stadium,1,17.4,20.8,0.2,16.824802553101428,1.0,0.0,28.4,22.6,0.2,30.781812741271104,3.0,0.0,0,95.01573168556091,108.00582365820057,0.0,0.0,1.0,0.0
2024_19_PIT_BAL,2024,WC,19,2025-01-11,Saturday,20:00,PIT,14.0,BAL,28.0,Home,14.0,42.0,0.0,2025011101,59830.0,,202501110rav,,401671879,,7,7,390.0,-520.0,9.5,-112.0,-108.0,44.5,-108.0,-112.0,1,outdoors,grass,32.0,12.0,00-0029263,00-0034796,Russell Wilson,Lamar Jackson,Mike Tomlin,John Harbaugh,Alex Kemp,BAL00,M&T Bank Stadium,0,30.8,13.4,0.8,31.338002328170866,4.0,0.0,16.8,24.6,-0.6,17.37521607605877,-4.0,0.0,0,121.59649255233494,86.47597716146103,1.0,0.0,1.0,0.0
2024_19_DEN_BUF,2024,WC,19,2025-01-12,Sunday,13:00,DEN,7.0,BUF,31.0,Home,24.0,38.0,0.0,2025011200,59831.0,,202501120buf,,401671881,,7,7,330.0,-425.0,7.5,100.0,-120.0,48.5,-102.0,-118.0,0,outdoors,a_turf,32.0,10.0,00-0039732,00-0034857,Bo Nix,Josh Allen,Sean Payton,Sean McDermott,Bill Vinovich,BUF00,New Era Field,0,34.0,28.8,1.4,31.73489878354536,-1.0,0.0,32.2,21.8,0.8,31.242549181435578,1.0,0.0,0,110.49119183416005,100.17337395486727,0.0,0.0,0.0,0.0
2024_19_GB_PHI,2024,WC,19,2025-01-12,Sunday,16:30,GB,10.0,PHI,22.0,Home,12.0,32.0,0.0,2025011201,59832.0,,202501120phi,,401671880,,7,7,205.0,-250.0,5.5,-105.0,-115.0,45.5,-110.0,-110.0,0,outdoors,grass,40.0,6.0,00-0036264,00-0036389,Jordan Love,Jalen Hurts,Matt LaFleur,Nick Sirianni,Brad Allen,PHI00,Lincoln Financial Field,0,28.6,17.0,2.0,25.965053605621588,2.0,0.0,28.4,19.6,0.6,33.62122523732127,-2.0,0.0,0,95.47235750360751,98.10383597883597,0.0,0.0,1.0,0.0
2024_19_WAS_TB,2024,WC,19,2025-01-12,Sunday,20:00,WAS,23.0,TB,20.0,Home,-3.0,43.0,0.0,2025011202,59833.0,,202501120tam,,401671883,,7,7,136.0,-162.0,3.0,-110.0,-110.0,51.5,-105.0,-115.0,0,outdoors,grass,58.0,2.0,00-0039910,00-0034855,Jayden Daniels,Baker Mayfield,Dan Quinn,Todd Bowles,Craig Wrolstad,TAM00,Raymond James Stadium,0,33.4,17.8,-0.8,30.12906877086549,2.0,0.0,30.2,22.8,0.0,30.617189548746296,5.0,0.0,0,116.17828776718447,97.89521872989614,0.0,0.0,0.0,0.0
2024_19_MIN_LA,2024,WC,19,2025-01-13,Monday,20:00,MIN,9.0,LA,27.0,Neutral,18.0,36.0,0.0,2025011300,59834.0,,202501130ram,,401671882,,8,8,-142.0,120.0,-2.5,-118.0,-102.0,47.5,-108.0,-112.0,0,closed,grass,,,00-0034869,00-0026498,Sam Darnold,Matthew Stafford,Kevin O'Connell,Sean McVay,John Hussey,PHO00,State Farm Stadium,1,22.6,19.2,0.2,22.118017691274122,-1.0,0.0,27.0,22.6,1.4,26.842873427361926,-1.0,0.0,0,94.64531554580897,103.18863442994893,0.0,0.0,0.0,0.0
2024_20_HOU_KC,2024,DIV,20,2025-01-18,Saturday,16:30,HOU,14.0,KC,23.0,Home,9.0,37.0,0.0,2025011800,59835.0,,202501180kan,,401671884,,7,13,410.0,-550.0,9.5,-110.0,-110.0,41.5,-112.0,-108.0,0,outdoors,grass,23.0,17.0,00-0039163,00-0033873,C.J. Stroud,Patrick Mahomes,DeMeco Ryans,Andy Reid,Clay Martin,KAN00,GEHA Field at Arrowhead Stadium,0,19.2,18.2,1.6,17.744901524485556,-1.0,0.0,19.2,19.2,0.2,19.39559003839119,2.0,0.0,6,94.46034944918686,94.06653382459834,0.0,0.0,0.0,0.0
2024_20_WAS_DET,2024,DIV,20,2025-01-18,Saturday,20:00,WAS,45.0,DET,31.0,Home,-14.0,76.0,0.0,2025011801,59836.0,,202501180det,,401671885,,6,13,390.0,-520.0,8.5,-105.0,-115.0,55.5,-112.0,-108.0,0,dome,fieldturf,,,00-0039910,00-0033106,Jayden Daniels,Jared Goff,Dan Quinn,Dan Campbell,Ron Torbert,DET00,Ford Field,1,36.2,27.8,0.2,34.58873386376167,3.0,0.0,26.4,23.0,0.0,29.81587078651685,6.0,0.0,7,115.71192810150481,96.986488571166,1.0,0.0,0.0,0.0
2024_20_LA_PHI,2024,DIV,20,2025-01-19,Sunday,15:00,LA,22.0,PHI,28.0,Home,6.0,50.0,0.0,2025011900,59837.0,,202501190phi,,401671937,,6,7,260.0,-325.0,7.0,-112.0,-108.0,43.5,-110.0,-110.0,0,outdoors,grass,34.0,8.0,00-0026498,00-0036389,Matthew Stafford,Jalen Hurts,Sean McVay,Nick Sirianni,Shawn Smith,PHI00,Lincoln Financial Field,0,28.6,15.8,2.6,27.052367408202056,3.0,0.0,19.2,12.6,0.6,18.010190749934672,1.0,0.0,1,96.16319444444443,96.1306550519818,0.0,0.0,1.0,0.0
2024_20_BAL_BUF,2024,DIV,20,2025-01-19,Sunday,18:30,BAL,25.0,BUF,27.0,Home,2.0,52.0,0.0,2025011901,59838.0,,202501190buf,,401671886,,8,7,-118.0,-102.0,-1.5,-102.0,-118.0,51.5,-105.0,-115.0,0,outdoors,a_turf,19.0,4.0,00-0034796,00-0034857,Lamar Jackson,Josh Allen,John Harbaugh,Sean McDermott,Carl Cheffers,BUF00,New Era Field,0,31.8,21.4,1.4,30.028906044492874,1.0,0.0,32.6,11.4,0.8,30.99165224340786,5.0,0.0,-1,109.31472124592476,127.75059308143545,0.0,0.0,1.0,0.0
2024_21_WAS_PHI,2024,CON,21,2025-01-26,Sunday,15:00,WAS,23.0,PHI,55.0,Home,32.0,78.0,0.0,2025012600,59839.0,,202501260phi,,401671888,,8,7,205.0,-250.0,6.0,-110.0,-110.0,46.5,-105.0,-115.0,1,outdoors,grass,40.0,11.0,00-0039910,00-0036389,Jayden Daniels,Jalen Hurts,Dan Quinn,Nick Sirianni,Shawn Hochuli,PHI00,Lincoln Financial Field,0,28.8,17.6,2.8,30.061371991110928,4.0,0.0,31.4,25.4,0.8,32.064028943251316,7.0,0.0,-1,95.66319444444443,97.86014448514449,0.0,0.0,1.0,0.0
2024_21_BUF_KC,2024,CON,21,2025-01-26,Sunday,18:30,BUF,29.0,KC,32.0,Home,3.0,61.0,0.0,2025012601,59840.0,,202501260kan,,401671887,,7,8,-102.0,-118.0,1.5,-115.0,-105.0,49.5,-115.0,-105.0,0,outdoors,grass,31.0,8.0,00-0034857,00-0033873,Josh Allen,Patrick Mahomes,Sean McDermott,Andy Reid,Clete Blakeman,KAN00,GEHA Field at Arrowhead Stadium,0,20.0,17.6,1.6,18.51457450727574,1.0,0.0,27.6,18.0,1.8,27.39115785628246,2.0,0.0,1,97.28063930425932,103.22852140972493,0.0,0.0,1.0,0.0
2024_22_KC_PHI,2024,SB,22,2025-02-09,Sunday,18:30,KC,22.0,PHI,40.0,Neutral,18.0,62.0,0.0,2025020900,59841.0,,202502090phi,,401671889,,14,14,-120.0,100.0,-1.5,-105.0,-115.0,48.5,-105.0,-115.0,0,dome,sportturf,,,00-0033873,00-0036389,Patrick Mahomes,Jalen Hurts,Andy Reid,Nick Sirianni,Ron Torbert,NOR00,Mercedes-Benz Superdome,1,33.2,15.0,3.0,34.59014418093619,5.0,0.0,22.2,22.0,0.6,22.751757529721242,2.0,0.0,0,95.52430555555556,101.8934251670452,0.0,0.0,0.0,0.0
2025_01_DAL_PHI,2025,REG,1,2025-09-04,Thursday,20:20,DAL,20.0,PHI,24.0,Home,4.0,44.0,0.0,2025090400,59843.0,,202509040phi,28418.0,401772510,6734.0,7,7,330.0,-425.0,8.5,-110.0,-110.0,47.5,-110.0,-110.0,1,outdoors,grass,75.0,11.0,00-0033077,00-0036389,Dak Prescott,Jalen Hurts,Brian Schottenheimer,Nick Sirianni,Shawn Smith,PHI00,Lincoln Financial Field,0,33.0,18.0,2.6,34.44532207314793,6.0,0.0,20.4,25.8,0.2,18.978201414212464,-2.0,1.0,0,94.41161616161615,87.80047498797498,0.0,0.0,0.0,0.0
2025_01_KC_LAC,2025,REG,1,2025-09-05,Friday,20:00,KC,21.0,LAC,27.0,Neutral,6.0,48.0,0.0,2025090500,59844.0,,202509050sdg,28419.0,401772714,6735.0,7,7,-175.0,145.0,-3.0,-120.0,100.0,47.5,-110.0,-110.0,1,dome,,,,00-0033873,00-0036355,Patrick Mahomes,Justin Herbert,Andy Reid,Jim Harbaugh,Carl Cheffers,LAX01,SoFi Stadium,1,27.4,25.2,0.0,30.161071960487984,-1.0,0.0,21.2,26.2,-0.2,22.75955109582603,-1.0,0.0,0,95.96068476931168,105.23635279862415,0.0,0.0,0.0,0.0
2025_01_TB_ATL,2025,REG,1,2025-09-07,Sunday,13:00,TB,23.0,ATL,20.0,Home,-3.0,43.0,0.0,2025090700,59845.0,,202509070atl,28420.0,401772830,6736.0,7,7,-115.0,-105.0,-1.5,-102.0,-118.0,47.5,-105.0,-115.0,1,closed,fieldturf,,,00-0034855,00-0039917,Baker Mayfield,Michael Penix,Todd Bowles,Raheem Morris,Land Clark,ATL97,Mercedes-Benz Stadium,1,26.4,26.4,0.0,23.077299370369083,-2.0,0.0,31.8,19.8,-0.8,30.43607765187583,-1.0,0.0,0,84.25863269284322,125.09591228825725,1.0,0.0,3.0,0.0
2025_01_CIN_CLE,2025,REG,1,2025-09-07,Sunday,13:00,CIN,17.0,CLE,16.0,Home,-1.0,33.0,0.0,2025090701,59846.0,,202509070cle,28421.0,401772829,6737.0,7,7,-238.0,195.0,-5.5,-105.0,-115.0,47.5,100.0,-120.0,1,outdoors,grass,63.0,10.0,00-0036442,00-0026158,Joe Burrow,Joe Flacco,Zac Taylor,Kevin Stefanski,Adrian Hill,CLE00,FirstEnergy Stadium,0,8.0,25.4,-2.0,7.842979478776529,-6.0,1.0,27.4,18.8,0.6,23.478952831153773,5.0,0.0,0,79.54476468950153,110.96171131807777,0.0,0.0,0.0,0.0
2025_01_MIA_IND,2025,REG,1,2025-09-07,Sunday,13:00,MIA,8.0,IND,33.0,Home,25.0,41.0,0.0,2025090702,59847.0,,202509070clt,28422.0,401772719,6738.0,7,7,-108.0,-112.0,1.5,-118.0,-102.0,47.5,-120.0,100.0,0,closed,fieldturf,,,00-0036212,00-0035710,Tua Tagovailoa,Daniel Jones,Mike McDaniel,Shane Steichen,Brad Allen,IND00,Lucas Oil Stadium,1,27.0,30.6,-0.6,25.711217717945317,1.0,1.0,22.6,19.6,-0.6,20.45207725619418,-1.0,0.0,0,75.53338437324317,99.87087686601004,0.0,0.0,0.0,0.0
2025_01_CAR_JAX,2025,REG,1,2025-09-07,Sunday,13:00,CAR,10.0,JAX,26.0,Home,16.0,36.0,0.0,2025090703,59848.0,,202509070jax,28423.0,401772828,6739.0,7,7,170.0,-205.0,4.5,-110.0,-110.0,45.5,-108.0,-112.0,0,outdoors,grass,85.0,3.0,00-0039150,00-0036971,Bryce Young,Trevor Lawrence,Dave Canales,Liam Coen,Alex Moore,JAX00,TIAA Bank Stadium,0,18.4,19.2,-1.2,14.864634067930107,-1.0,1.0,24.8,33.6,-0.2,27.459655210398765,1.0,0.0,0,74.36703149001536,94.95528980823099,1.0,0.0,1.0,0.0
2025_01_LV_NE,2025,REG,1,2025-09-07,Sunday,13:00,LV,20.0,NE,13.0,Home,-7.0,33.0,0.0,2025090704,59849.0,,202509070nwe,28424.0,401772720,6740.0,7,7,130.0,-155.0,2.5,100.0,-120.0,44.5,-115.0,-105.0,0,outdoors,fieldturf,62.0,4.0,00-0030565,00-0039851,Geno Smith,Drake Maye,Pete Carroll,Mike Vrabel,Ron Torbert,BOS00,Gillette Stadium,0,18.4,27.0,-0.8,17.145840286275817,1.0,0.0,17.2,20.2,0.4,16.659941314780195,-1.0,1.0,0,82.23519616454398,102.89720666775729,1.0,0.0,0.0,0.0
2025_01_ARI_NO,2025,REG,1,2025-09-07,Sunday,13:00,ARI,20.0,NO,13.0,Home,-7.0,33.0,0.0,2025090705,59850.0,,202509070nor,28425.0,401772718,6741.0,7,7,-270.0,220.0,-6.0,-108.0,-112.0,44.5,-112.0,-108.0,0,dome,sportturf,,,00-0035228,00-0039376,Kyler Murray,Spencer Rattler,Jonathan Gannon,Kellen Moore,Scott Novak,NOR00,Mercedes-Benz Superdome,1,12.4,23.4,-0.8,12.731294688457607,-4.0,1.0,26.8,24.0,-0.4,26.41154136517834,1.0,0.0,0,70.3015873015873,92.2407581453634,1.0,0.0,1.0,0.0
2025_01_PIT_NYJ,2025,REG,1,2025-09-07,Sunday,13:00,PIT,34.0,NYJ,32.0,Home,-2.0,66.0,0.0,2025090706,59851.0,,202509070nyj,28426.0,401772721,6742.0,7,7,-155.0,130.0,-3.0,-110.0,-110.0,37.5,-108.0,-112.0,0,outdoors,fieldturf,67.0,3.0,00-0023459,00-0036945,Aaron Rodgers,Justin Fields,Mike Tomlin,Aaron Glenn,Bill Vinovich,NYC01,MetLife Stadium,0,22.6,27.2,0.6,21.81554907327379,1.0,1.0,14.2,27.4,-0.6,17.170582910280775,-5.0,1.0,0,70.47317538126362,94.39886039886039,1.0,0.0,0.0,0.0
2025_01_NYG_WAS,2025,REG,1,2025-09-07,Sunday,13:00,NYG,6.0,WAS,21.0,Home,15.0,27.0,0.0,2025090707,59852.0,,202509070was,28427.0,401772827,6743.0,7,7,240.0,-298.0,6.0,-108.0,-112.0,45.5,-110.0,-110.0,1,outdoors,grass,68.0,5.0,00-0029263,00-0039910,Russell Wilson,Jayden Daniels,Brian Daboll,Dan Quinn,Clay Martin,WAS00,FedExField,0,28.8,29.8,0.6,29.303067112055874,-1.0,0.0,18.0,27.2,0.0,18.054176562156982,-1.0,1.0,0,92.59705687830687,90.5188595664124,0.0,0.0,1.0,0.0
2025_01_TEN_DEN,2025,REG,1,2025-09-07,Sunday,16:05,TEN,12.0,DEN,20.0,Home,8.0,32.0,0.0,2025090708,59853.0,,202509070den,28428.0,401772832,6744.0,7,7,350.0,-455.0,8.5,-105.0,-115.0,42.5,-108.0,-112.0,0,outdoors,grass,84.0,6.0,00-0040676,00-0039732,Cam Ward,Bo Nix,Brian Callahan,Sean Payton,Alex Kemp,DEN00,Empower Field at Mile High,0,25.4,21.6,0.6,23.90540145131086,-1.0,0.0,18.0,25.6,-0.8,14.688585844645061,-6.0,1.0,0,105.79242157391491,,0.0,0.0,0.0,0.0
2025_01_SF_SEA,2025,REG,1,2025-09-07,Sunday,16:05,SF,17.0,SEA,13.0,Home,-4.0,30.0,0.0,2025090709,59854.0,,202509070sea,28429.0,401772831,6745.0,7,7,-135.0,114.0,-2.5,-105.0,-115.0,43.5,-112.0,-108.0,1,outdoors,fieldturf,67.0,6.0,00-0037834,00-0034869,Brock Purdy,Sam Darnold,Kyle Shanahan,Mike Macdonald,Shawn Hochuli,SEA00,Lumen Field,0,20.6,20.6,0.0,22.587780898876403,2.0,1.0,23.8,28.2,-1.4,22.032343663658132,-4.0,0.0,0,87.13208681090134,95.33283196791261,0.0,0.0,0.0,0.0
2025_01_DET_GB,2025,REG,1,2025-09-07,Sunday,16:25,DET,13.0,GB,27.0,Home,14.0,40.0,0.0,2025090710,59855.0,,202509070gnb,28430.0,401772722,6746.0,7,7,100.0,-120.0,1.5,-115.0,-105.0,48.5,-115.0,-105.0,1,outdoors,grass,60.0,5.0,00-0033106,00-0036264,Jared Goff,Jordan Love,Dan Campbell,Matt LaFleur,Clete Blakeman,GNB00,Lambeau Field,0,24.2,17.2,-0.2,27.719284875903085,-3.0,0.0,35.6,30.6,-0.8,33.01005747126437,-1.0,0.0,0,84.06595719095719,105.71853379256171,0.0,0.0,0.0,0.0
2025_01_HOU_LA,2025,REG,1,2025-09-07,Sunday,16:25,HOU,9.0,LA,14.0,Home,5.0,23.0,0.0,2025090711,59856.0,,202509070ram,28431.0,401772723,6747.0,7,7,140.0,-166.0,3.5,-118.0,-102.0,43.5,-115.0,-105.0,0,dome,matrixturf,,,00-0039163,00-0026498,C.J. Stroud,Matthew Stafford,DeMeco Ryans,Sean McVay,Craig Wrolstad,LAX01,SoFi Stadium,1,21.2,17.0,0.0,21.57031329081891,-1.0,0.0,18.0,21.4,-0.4,18.65046129265024,-1.0,0.0,0,89.0346954560222,91.80233968540419,0.0,0.0,0.0,0.0
2025_01_BAL_BUF,2025,REG,1,2025-09-07,Sunday,20:20,BAL,40.0,BUF,41.0,Home,1.0,81.0,0.0,2025090712,59857.0,,202509070buf,28432.0,401772918,6748.0,7,7,-130.0,110.0,-1.5,-118.0,-102.0,50.5,-105.0,-115.0,0,outdoors,a_turf,58.0,8.0,00-0034796,00-0034857,Lamar Jackson,Josh Allen,John Harbaugh,Sean McDermott,John Hussey,BUF00,New Era Field,0,28.6,20.2,1.6,30.074978291800054,-1.0,0.0,30.6,14.0,0.2,29.639197920481045,-1.0,0.0,0,99.67459984109747,119.71725974810212,1.0,0.0,1.0,0.0
2025_01_MIN_CHI,2025,REG,1,2025-09-08,Monday,20:15,MIN,27.0,CHI,24.0,Home,-3.0,51.0,0.0,2025090800,59858.0,,202509080chi,28433.0,401772810,6749.0,7,7,-112.0,-108.0,-1.5,100.0,-120.0,43.5,-112.0,-108.0,1,outdoors,grass,68.0,6.0,00-0039923,00-0039918,J.J. McCarthy,Caleb Williams,Kevin O'Connell,Ben Johnson,Alan Eck,CHI98,Soldier Field,0,13.8,26.0,-0.4,14.675676855202182,1.0,0.0,20.4,23.8,0.4,21.254184978647537,-2.0,1.0,0,91.94097450122865,,1.0,0.0,1.0,0.0
2025_02_WAS_GB,2025,REG,2,2025-09-11,Thursday,20:15,WAS,18.0,GB,27.0,Home,9.0,45.0,0.0,2025091100,59859.0,,202509110gnb,28434.0,401772936,6750.0,4,4,154.0,-185.0,3.5,-118.0,-102.0,48.5,-105.0,-115.0,0,outdoors,grass,65.0,7.0,00-0039910,00-0036264,Jayden Daniels,Jordan Love,Dan Quinn,Matt LaFleur,Brad Rogers,GNB00,Lambeau Field,0,23.6,17.2,-0.2,23.883137509564655,1.0,0.0,27.0,26.2,0.6,26.378463852494068,1.0,0.0,0,85.01713564213564,92.24057539682539,0.0,0.0,0.0,0.0
2025_02_CLE_BAL,2025,REG,2,2025-09-14,Sunday,13:00,CLE,17.0,BAL,41.0,Home,24.0,58.0,0.0,2025091400,59860.0,,202509140rav,28435.0,401772726,6751.0,7,7,600.0,-900.0,12.5,-105.0,-115.0,46.5,-110.0,-110.0,1,outdoors,grass,82.0,3.0,00-0026158,00-0034796,Joe Flacco,Lamar Jackson,Kevin Stefanski,John Harbaugh,Brad Allen,BAL00,M&T Bank Stadium,0,31.8,18.8,-0.2,31.78280675151635,-2.0,0.0,8.4,23.4,-2.4,8.671725756424213,-7.0,0.0,0,125.51912855054302,79.06474519632414,1.0,0.0,0.0,0.0
2025_02_JAX_CIN,2025,REG,2,2025-09-14,Sunday,13:00,JAX,27.0,CIN,31.0,Home,4.0,58.0,0.0,2025091401,59861.0,,202509140cin,28436.0,401772725,6752.0,7,7,160.0,-192.0,3.5,-115.0,-105.0,49.5,-115.0,-105.0,0,outdoors,fieldturf,85.0,3.0,00-0036971,00-0036442,Trevor Lawrence,Joe Burrow,Liam Coen,Zac Taylor,Alan Eck,CIN00,Paycor Stadium,0,25.4,18.0,1.2,22.237582745405447,6.0,0.0,21.6,20.0,-0.4,16.68591201832183,1.0,1.0,0,,70.87701612903226,0.0,0.0,1.0,0.0
2025_02_NYG_DAL,2025,REG,2,2025-09-14,Sunday,13:00,NYG,37.0,DAL,40.0,Home,3.0,77.0,1.0,2025091402,59862.0,,202509140dal,28437.0,401772834,6753.0,7,10,195.0,-238.0,4.5,100.0,-120.0,44.5,-110.0,-110.0,1,closed,matrixturf,,,00-0029263,00-0033077,Russell Wilson,Dak Prescott,Brian Daboll,Brian Schottenheimer,Bill Vinovich,DAL00,AT&T Stadium,1,20.4,25.2,-0.2,22.026325541925367,-3.0,0.0,17.0,28.6,0.0,15.71163155813825,-2.0,0.0,3,78.02650984636279,83.47545252300536,1.0,0.0,1.0,0.0
2025_02_CHI_DET,2025,REG,2,2025-09-14,Sunday,13:00,CHI,21.0,DET,52.0,Home,31.0,73.0,0.0,2025091403,59863.0,,202509140det,28438.0,401772835,6754.0,6,7,220.0,-270.0,6.0,-110.0,-110.0,46.5,-112.0,-108.0,1,dome,fieldturf,,,00-0039918,00-0033106,Caleb Williams,Jared Goff,Ben Johnson,Dan Campbell,Land Clark,DET00,Ford Field,1,29.8,26.4,-0.8,29.368057189638606,-2.0,0.0,16.0,23.8,-0.4,17.61230479444554,-1.0,0.0,1,99.6539604186663,85.87472191323693,0.0,0.0,1.0,0.0
2025_02_NE_MIA,2025,REG,2,2025-09-14,Sunday,13:00,NE,33.0,MIA,27.0,Home,-6.0,60.0,0.0,2025091404,59864.0,,202509140mia,28439.0,401772728,6755.0,7,7,105.0,-125.0,1.5,-110.0,-110.0,43.5,-115.0,-105.0,1,outdoors,grass,89.0,4.0,00-0039851,00-0036212,Drake Maye,Tua Tagovailoa,Mike Vrabel,Mike McDaniel,Alex Moore,MIA00,Hard Rock Stadium,0,17.8,21.0,-1.2,15.369361620795106,-2.0,0.0,16.2,26.0,-1.0,15.718301140970691,-1.0,0.0,0,84.44424643122744,78.9694956814522,1.0,0.0,2.0,0.0
2025_02_SF_NO,2025,REG,2,2025-09-14,Sunday,13:00,SF,26.0,NO,21.0,Home,-5.0,47.0,0.0,2025091405,59865.0,,202509140nor,28440.0,401772833,6756.0,7,7,-166.0,140.0,-3.0,-110.0,-110.0,40.5,-105.0,-115.0,0,dome,sportturf,,,00-0036972,00-0039376,Mac Jones,Spencer Rattler,Kyle Shanahan,Kellen Moore,Shawn Smith,NOR00,Mercedes-Benz Superdome,1,12.2,25.2,-0.8,12.757913285476485,-5.0,0.0,19.6,28.2,-1.4,18.695967298056484,1.0,1.0,0,70.21100759144237,88.2611924925433,1.0,0.0,1.0,1.0
2025_02_BUF_NYJ,2025,REG,2,2025-09-14,Sunday,13:00,BUF,30.0,NYJ,10.0,Home,-20.0,40.0,0.0,2025091406,59866.0,,202509140nyj,28441.0,401772727,6757.0,7,7,-290.0,235.0,-6.0,-112.0,-108.0,47.5,-110.0,-110.0,1,outdoors,fieldturf,80.0,3.0,00-0034857,00-0036945,Josh Allen,Justin Fields,Sean McDermott,Aaron Glenn,Clete Blakeman,NYC01,MetLife Stadium,0,23.8,27.6,0.4,21.924518164488518,-1.0,1.0,28.8,25.4,1.2,34.094763620945514,1.0,0.0,0,,108.62137645279162,0.0,0.0,1.0,0.0
2025_02_SEA_PIT,2025,REG,2,2025-09-14,Sunday,13:00,SEA,31.0,PIT,17.0,Home,-14.0,48.0,0.0,2025091407,59867.0,,202509140pit,28442.0,401772836,6758.0,7,7,160.0,-192.0,3.5,-110.0,-110.0,40.5,-108.0,-112.0,0,outdoors,grass,79.0,5.0,00-0034869,00-0023459,Sam Darnold,Aaron Rodgers,Mike Macdonald,Mike Tomlin,Scott Novak,PIT00,Acrisure Stadium,0,18.4,28.4,-0.2,19.82896796466249,1.0,1.0,17.2,20.4,-0.4,16.891731802638006,-1.0,1.0,0,100.82407407407406,89.76523898481437,2.0,0.0,1.0,0.0
2025_02_LA_TEN,2025,REG,2,2025-09-14,Sunday,13:00,LA,33.0,TEN,19.0,Home,-14.0,52.0,0.0,2025091408,59868.0,,202509140oti,28443.0,401772724,6759.0,7,7,-250.0,205.0,-5.5,-108.0,-112.0,41.5,-112.0,-108.0,0,outdoors,grass,83.0,3.0,00-0026498,00-0040676,Matthew Stafford,Cam Ward,Sean McVay,Brian Callahan,John Hussey,NAS00,Nissan Stadium,0,19.2,27.6,-1.2,16.55287760528347,-7.0,1.0,20.2,17.0,0.4,21.936210296024196,1.0,0.0,0,54.46428571428571,95.6279266182189,2.0,0.0,1.0,0.0
2025_02_CAR_ARI,2025,REG,2,2025-09-14,Sunday,16:05,CAR,22.0,ARI,27.0,Home,5.0,49.0,0.0,2025091409,59869.0,,202509140crd,28445.0,401772730,6760.0,7,7,250.0,-310.0,7.0,-110.0,-110.0,45.5,-110.0,-110.0,0,closed,grass,,,00-0039150,00-0035228,Bryce Young,Kyler Murray,Dave Canales,Jonathan Gannon,Ron Torbert,PHO00,State Farm Stadium,1,27.2,20.6,0.0,26.07757387306614,2.0,0.0,23.6,34.4,-0.4,25.628443712186687,-1.0,0.0,0,97.82378899835797,90.83134022839904,0.0,0.0,0.0,0.0
2025_02_DEN_IND,2025,REG,2,2025-09-14,Sunday,16:05,DEN,28.0,IND,29.0,Home,1.0,57.0,0.0,2025091410,59870.0,,202509140clt,28444.0,401772729,6761.0,7,7,-130.0,110.0,-2.5,-105.0,-115.0,43.5,-112.0,-108.0,0,closed,fieldturf,,,00-0039732,00-0035710,Bo Nix,Daniel Jones,Sean Payton,Shane Steichen,Craig Wrolstad,IND00,Lucas Oil Stadium,1,28.6,27.4,0.2,27.654560518316153,2.0,1.0,23.2,21.4,0.2,21.762313822837726,1.0,0.0,0,87.2147692905406,105.50706803856137,1.0,0.0,0.0,0.0
2025_02_PHI_KC,2025,REG,2,2025-09-14,Sunday,16:25,PHI,20.0,KC,17.0,Home,-3.0,37.0,0.0,2025091411,59871.0,,202509140kan,28446.0,401772837,6762.0,10,9,-122.0,102.0,-1.5,-110.0,-110.0,46.5,-102.0,-118.0,0,outdoors,grass,88.0,12.0,00-0036389,00-0033873,Jalen Hurts,Patrick Mahomes,Nick Sirianni,Andy Reid,Alex Kemp,KAN00,GEHA Field at Arrowhead Stadium,0,19.6,29.6,-0.6,21.491286680484343,-2.0,0.0,33.8,19.4,2.6,36.21759935398588,7.0,0.0,-1,104.42230235042734,105.33552920509442,1.0,0.0,1.0,0.0
2025_02_ATL_MIN,2025,REG,2,2025-09-14,Sunday,20:20,ATL,22.0,MIN,6.0,Home,-16.0,28.0,0.0,2025091412,59872.0,,202509140min,28447.0,401772919,6763.0,7,6,150.0,-180.0,3.5,-115.0,-105.0,44.5,-110.0,-110.0,0,dome,sportturf,,,00-0039917,00-0039923,Michael Penix,J.J. McCarthy,Raheem Morris,Kevin O'Connell,Adrian Hill,MIN01,U.S. Bank Stadium,1,19.8,26.2,0.4,20.62906189104026,1.0,1.0,26.2,22.6,0.6,22.315228489840184,-3.0,0.0,-1,98.54166666666667,79.1395850737956,2.0,0.0,0.0,0.0
2025_02_TB_HOU,2025,REG,2,2025-09-15,Monday,19:00,TB,20.0,HOU,19.0,Home,-1.0,39.0,0.0,2025091500,59873.0,,202509150htx,28448.0,401772715,6765.0,8,8,114.0,-135.0,2.5,-110.0,-110.0,42.5,-110.0,-110.0,0,closed,astroturf,,,00-0034855,00-0039163,Baker Mayfield,C.J. Stroud,Todd Bowles,DeMeco Ryans,Shawn Hochuli,HOU00,NRG Stadium,1,16.0,18.8,-0.2,16.983293908929628,-2.0,0.0,28.4,20.4,-0.8,26.034617594484168,1.0,0.0,0,92.05874994181445,117.91323481912146,0.0,0.0,2.0,0.0
2025_02_LAC_LV,2025,REG,2,2025-09-15,Monday,22:00,LAC,20.0,LV,9.0,Home,-11.0,29.0,0.0,2025091501,59874.0,,202509150rai,28449.0,401772811,6764.0,10,8,-198.0,164.0,-3.5,-105.0,-115.0,46.5,-102.0,-118.0,1,dome,grass,,,00-0036355,00-0030565,Justin Herbert,Geno Smith,Jim Harbaugh,Pete Carroll,Clay Martin,VEG00,Allegiant Stadium,1,18.6,17.2,0.2,17.389599533075376,1.0,1.0,29.4,21.4,0.0,30.295655037726565,1.0,0.0,-2,101.43315438017558,104.84660277287676,1.0,0.0,1.0,0.0
2025_03_MIA_BUF,2025,REG,3,2025-09-18,Thursday,20:15,MIA,21.0,BUF,31.0,Home,10.0,52.0,0.0,2025091800,59875.0,,202509180buf,28450.0,401772937,6766.0,4,4,550.0,-800.0,12.5,-110.0,-110.0,50.5,-112.0,-108.0,1,outdoors,a_turf,68.0,7.0,00-0036212,00-0034857,Tua Tagovailoa,Josh Allen,Mike McDaniel,Sean McDermott,Alan Eck,BUF00,New Era Field,0,31.6,22.8,1.2,38.624127511065716,2.0,0.0,20.8,23.6,-0.8,17.400957136912194,-3.0,0.0,0,102.4559443540262,84.69900186601005,2.0,0.0,1.0,0.0
2025_03_ATL_CAR,2025,REG,3,2025-09-21,Sunday,13:00,ATL,0.0,CAR,30.0,Home,30.0,30.0,0.0,2025092100,59876.0,,202509210car,28452.0,401772838,6767.0,7,7,-225.0,185.0,-5.5,-105.0,-115.0,44.5,-115.0,-105.0,1,outdoors,grass,83.0,5.0,00-0039917,00-0039150,Michael Penix,Bryce Young,Raheem Morris,Dave Canales,Craig Wrolstad,CAR00,Bank of America Stadium,0,25.2,33.8,0.0,29.523448062846747,-2.0,0.0,27.6,22.0,0.4,24.238831757736733,1.0,0.0,0,94.27235754441638,81.48085491506545,1.0,0.0,1.0,0.0
2025_03_GB_CLE,2025,REG,3,2025-09-21,Sunday,13:00,GB,10.0,CLE,13.0,Home,3.0,23.0,0.0,2025092101,59877.0,,202509210cle,28453.0,401772842,6768.0,10,7,-470.0,360.0,-8.5,-102.0,-118.0,41.5,-115.0,-105.0,0,outdoors,grass,79.0,10.0,00-0036264,00-0026158,Jordan Love,Joe Flacco,Matt LaFleur,Kevin Stefanski,Carl Cheffers,CLE00,FirstEnergy Stadium,0,10.4,27.4,-2.0,10.956759391246017,-8.0,0.0,22.2,20.8,-0.6,20.68682904105017,2.0,0.0,-3,79.3240044555834,90.06129846855654,0.0,0.0,0.0,0.0
2025_03_HOU_JAX,2025,REG,3,2025-09-21,Sunday,13:00,HOU,10.0,JAX,17.0,Home,7.0,27.0,0.0,2025092102,59878.0,,202509210jax,28454.0,401772734,6769.0,6,7,105.0,-125.0,1.5,-108.0,-112.0,43.5,-115.0,-105.0,1,outdoors,grass,85.0,11.0,00-0039163,00-0036971,C.J. Stroud,Trevor Lawrence,DeMeco Ryans,Liam Coen,Alex Kemp,JAX00,TIAA Bank Stadium,0,22.0,19.8,0.2,17.97869680807818,-1.0,0.0,19.4,16.6,0.0,20.362590587277055,-3.0,0.0,1,62.6964605734767,99.62707431457432,0.0,0.0,0.0,0.0
2025_03_CIN_MIN,2025,REG,3,2025-09-21,Sunday,13:00,CIN,10.0,MIN,48.0,Home,38.0,58.0,0.0,2025092103,59879.0,,202509210min,28455.0,401772731,6770.0,7,7,136.0,-162.0,3.0,-110.0,-110.0,41.5,-105.0,-115.0,0,dome,sportturf,,,00-0035100,00-0032950,Jake Browning,Carson Wentz,Zac Taylor,Kevin O'Connell,Ron Torbert,MIN01,U.S. Bank Stadium,1,15.6,25.8,-0.2,15.646953020536053,-1.0,1.0,24.2,18.0,0.4,22.184427668539318,7.0,1.0,0,86.42579948646126,87.12290313852813,3.0,1.0,1.0,0.0
2025_03_PIT_NE,2025,REG,3,2025-09-21,Sunday,13:00,PIT,21.0,NE,14.0,Home,-7.0,35.0,0.0,2025092104,59880.0,,202509210nwe,28456.0,401772732,6771.0,7,7,-120.0,100.0,-1.5,-105.0,-115.0,44.5,-112.0,-108.0,0,outdoors,fieldturf,66.0,5.0,00-0023459,00-0039851,Aaron Rodgers,Drake Maye,Mike Tomlin,Mike Vrabel,Clete Blakeman,BOS00,Gillette Stadium,0,19.4,25.4,-0.6,18.167618135912196,1.0,0.0,18.4,27.8,0.0,20.25415051361237,-1.0,0.0,0,86.50572756551017,88.42760942760943,1.0,0.0,3.0,0.0
2025_03_LA_PHI,2025,REG,3,2025-09-21,Sunday,13:00,LA,26.0,PHI,33.0,Home,7.0,59.0,0.0,2025092105,59881.0,,202509210phi,28457.0,401772839,6772.0,7,7,164.0,-198.0,3.5,-108.0,-112.0,45.5,-108.0,-112.0,0,outdoors,grass,73.0,9.0,00-0026498,00-0036389,Matthew Stafford,Jalen Hurts,Sean McVay,Nick Sirianni,Brad Rogers,PHI00,Lincoln Financial Field,0,33.4,20.8,2.0,32.68768986232547,8.0,0.0,24.2,19.0,0.0,25.495536275783998,2.0,0.0,0,98.659843779409,100.05642209934595,0.0,0.0,1.0,0.0
2025_03_NYJ_TB,2025,REG,3,2025-09-21,Sunday,13:00,NYJ,27.0,TB,29.0,Home,2.0,56.0,0.0,2025092106,59882.0,,202509210tam,28458.0,401772840,6773.0,7,6,275.0,-345.0,6.5,-105.0,-115.0,43.5,-115.0,-105.0,0,outdoors,grass,88.0,5.0,00-0028118,00-0034855,Tyrod Taylor,Baker Mayfield,Aaron Glenn,Todd Bowles,Adrian Hill,TAM00,Raymond James Stadium,0,27.6,19.0,-0.4,26.461067606493582,2.0,0.0,19.4,28.6,-0.2,17.698018959539667,-2.0,1.0,-1,118.0514437134503,101.44644671893148,2.0,0.0,2.0,1.0
2025_03_IND_TEN,2025,REG,3,2025-09-21,Sunday,13:00,IND,41.0,TEN,20.0,Home,-21.0,61.0,0.0,2025092107,59883.0,,202509210oti,28459.0,401772733,6774.0,7,7,-245.0,200.0,-6.0,-108.0,-112.0,43.5,-115.0,-105.0,1,outdoors,grass,84.0,8.0,00-0035710,00-0040676,Daniel Jones,Cam Ward,Shane Steichen,Brian Callahan,Scott Novak,NAS00,Nissan Stadium,0,17.6,26.8,-0.6,17.047381810472757,-8.0,0.0,31.8,26.8,0.8,31.121812503651196,3.0,0.0,0,68.36219336219335,93.15547890772082,2.0,0.0,0.0,0.0
2025_03_LV_WAS,2025,REG,3,2025-09-21,Sunday,13:00,LV,24.0,WAS,41.0,Home,17.0,65.0,0.0,2025092108,59884.0,,202509210was,28460.0,401772841,6775.0,6,10,130.0,-155.0,2.5,100.0,-120.0,43.5,-110.0,-110.0,0,outdoors,grass,72.0,6.0,00-0030565,00-0032268,Geno Smith,Marcus Mariota,Pete Carroll,Dan Quinn,Shawn Hochuli,WAS00,FedExField,0,26.0,27.8,0.4,27.290069859237285,-1.0,1.0,18.6,18.2,0.2,18.33039811165363,-1.0,0.0,4,95.78019323671498,93.34410909253788,2.0,1.0,0.0,0.0
2025_03_DEN_LAC,2025,REG,3,2025-09-21,Sunday,16:05,DEN,20.0,LAC,23.0,Home,3.0,43.0,0.0,2025092109,59885.0,,202509210sdg,28461.0,401772735,6776.0,7,6,130.0,-155.0,2.5,100.0,-120.0,45.5,-110.0,-110.0,1,dome,matrixturf,,,00-0039732,00-0036355,Bo Nix,Justin Herbert,Sean Payton,Jim Harbaugh,Shawn Smith,LAX01,SoFi Stadium,1,26.6,17.8,0.6,27.41035455794308,2.0,0.0,23.4,20.4,-0.2,21.662052173512617,-1.0,0.0,-1,107.3695020162061,106.44456803856137,1.0,0.0,0.0,0.0
2025_03_NO_SEA,2025,REG,3,2025-09-21,Sunday,16:05,NO,13.0,SEA,44.0,Home,31.0,57.0,0.0,2025092110,59886.0,,202509210sea,28462.0,401772736,6777.0,7,7,295.0,-375.0,7.5,-115.0,-105.0,41.5,-108.0,-112.0,0,outdoors,fieldturf,63.0,3.0,00-0039376,00-0034869,Spencer Rattler,Sam Darnold,Kellen Moore,Mike Macdonald,Alex Moore,SEA00,Lumen Field,0,20.8,17.8,-0.2,19.160923437872317,1.0,0.0,12.6,26.4,-0.6,12.889766273815336,-6.0,0.0,0,85.26812498770038,76.9535379369139,3.0,0.0,1.0,0.0
2025_03_DAL_CHI,2025,REG,3,2025-09-21,Sunday,16:25,DAL,14.0,CHI,31.0,Home,17.0,45.0,0.0,2025092111,59887.0,,202509210chi,28463.0,401772844,6778.0,7,7,-125.0,105.0,-1.5,-115.0,-105.0,49.5,100.0,-120.0,0,outdoors,grass,82.0,4.0,00-0033077,00-0039918,Dak Prescott,Caleb Williams,Brian Schottenheimer,Ben Johnson,Clay Martin,CHI98,Soldier Field,0,17.8,28.2,-0.8,18.110923423423422,-2.0,0.0,22.4,29.8,-0.8,23.04035938683203,1.0,0.0,0,86.8845785440613,79.25437919923215,3.0,0.0,1.0,0.0
2025_03_ARI_SF,2025,REG,3,2025-09-21,Sunday,16:25,ARI,15.0,SF,16.0,Home,1.0,31.0,0.0,2025092112,59888.0,,202509210sfo,28464.0,401772843,6779.0,7,7,105.0,-125.0,1.5,-112.0,-108.0,44.5,-112.0,-108.0,1,outdoors,grass,72.0,7.0,00-0035228,00-0036972,Kyler Murray,Mac Jones,Jonathan Gannon,Kyle Shanahan,John Hussey,SFO01,Levi's Stadium,0,23.6,30.0,-1.2,22.97722539713289,2.0,0.0,26.6,21.6,0.0,23.073539627884497,3.0,0.0,0,97.55882138694639,96.82378899835797,0.0,0.0,1.0,0.0
2025_03_KC_NYG,2025,REG,3,2025-09-21,Sunday,20:20,KC,22.0,NYG,9.0,Home,-13.0,31.0,0.0,2025092113,59889.0,,202509210nyg,28465.0,401772920,6780.0,7,7,-325.0,260.0,-6.0,-115.0,-105.0,44.5,-105.0,-115.0,0,outdoors,fieldturf,65.0,5.0,00-0033873,00-0029263,Patrick Mahomes,Russell Wilson,Andy Reid,Brian Daboll,Land Clark,NYC01,MetLife Stadium,0,21.6,29.6,0.0,19.422614148715382,-3.0,0.0,23.0,26.0,-0.8,26.834657059615555,-3.0,0.0,0,89.55638378686345,93.41655522399057,1.0,0.0,0.0,0.0
2025_03_DET_BAL,2025,REG,3,2025-09-22,Monday,20:15,DET,38.0,BAL,30.0,Home,-8.0,68.0,0.0,2025092200,59890.0,,202509220rav,28451.0,401772812,6781.0,8,8,200.0,-245.0,4.5,-105.0,-115.0,53.5,-105.0,-115.0,0,outdoors,grass,74.0,7.0,00-0033106,00-0034796,Jared Goff,Lamar Jackson,Dan Campbell,John Harbaugh,Bill Vinovich,BAL00,M&T Bank Stadium,0,33.8,21.8,0.0,32.85141972383917,1.0,0.0,33.4,27.2,-0.8,34.23012168885988,1.0,0.0,0,122.45974157736293,103.44860327580916,3.0,0.0,1.0,0.0
2025_04_SEA_ARI,2025,REG,4,2025-09-25,Thursday,20:15,SEA,23.0,ARI,20.0,Home,-3.0,43.0,0.0,2025092500,59891.0,,202509250crd,28466.0,401772938,6782.0,4,4,-125.0,105.0,-1.5,-110.0,-110.0,43.5,-108.0,-112.0,1,closed,grass,,,00-0034869,00-0035228,Sam Darnold,Kyler Murray,Mike Macdonald,Jonathan Gannon,Alex Kemp,PHO00,State Farm Stadium,1,23.6,17.6,0.6,19.714187470912837,-1.0,0.0,24.8,15.0,0.2,21.54526793431288,2.0,0.0,0,97.83420566502464,92.87471413498722,1.0,0.0,0.0,0.0
2025_04_MIN_PIT,2025,REG,4,2025-09-28,Sunday,09:30,MIN,21.0,PIT,24.0,Neutral,3.0,45.0,0.0,2025092800,59892.0,,202509280pit,28467.0,401772632,6783.0,7,7,-148.0,124.0,-2.5,-125.0,105.0,41.5,-115.0,-105.0,0,outdoors,grass,61.0,5.0,00-0032950,00-0023459,Carson Wentz,Aaron Rodgers,Kevin O'Connell,Mike Tomlin,Brad Allen,PIT00,Acrisure Stadium,0,20.6,24.8,1.2,21.035636822642587,1.0,0.0,19.8,22.8,0.8,19.310797141526457,1.0,1.0,0,89.45417947591861,88.89454948646126,1.0,0.0,3.0,0.0
2025_04_WAS_ATL,2025,REG,4,2025-09-28,Sunday,13:00,WAS,27.0,ATL,34.0,Home,7.0,61.0,0.0,2025092801,59893.0,,202509280atl,28468.0,401772739,6784.0,7,7,120.0,-142.0,2.5,-110.0,-110.0,43.5,-112.0,-108.0,0,closed,fieldturf,,,00-0039910,00-0039917,Jayden Daniels,Michael Penix,Dan Quinn,Raheem Morris,Scott Novak,ATL97,Mercedes-Benz Stadium,1,20.8,26.6,-0.8,17.121933042880073,-1.0,0.0,29.6,28.6,0.0,30.953625676238033,1.0,0.0,0,74.90678084099137,,1.0,0.0,3.0,1.0
2025_04_NO_BUF,2025,REG,4,2025-09-28,Sunday,13:00,NO,19.0,BUF,31.0,Home,12.0,50.0,0.0,2025092802,59894.0,,202509280buf,28469.0,401772740,6785.0,7,10,800.0,-1350.0,15.5,-115.0,-105.0,48.5,-115.0,-105.0,0,outdoors,a_turf,73.0,7.0,00-0039376,00-0034857,Spencer Rattler,Josh Allen,Kellen Moore,Sean McDermott,Land Clark,BUF00,New Era Field,0,31.6,25.6,1.4,37.88608685798803,3.0,0.0,15.2,28.4,-0.2,15.663059747396048,-7.0,0.0,3,102.18808721116905,83.34456357793954,2.0,0.0,1.0,0.0
2025_04_CLE_DET,2025,REG,4,2025-09-28,Sunday,13:00,CLE,10.0,DET,34.0,Home,24.0,44.0,0.0,2025092803,59895.0,,202509280det,28470.0,401772846,6786.0,7,6,410.0,-550.0,10.0,-108.0,-112.0,44.5,-115.0,-105.0,0,dome,fieldturf,,,00-0026158,00-0033106,Joe Flacco,Jared Goff,Kevin Stefanski,Dan Campbell,Shawn Smith,DET00,Ford Field,1,33.0,26.4,-1.0,34.96232503109387,2.0,0.0,11.8,24.6,-1.6,13.882073677434459,1.0,0.0,-1,97.69230075480075,74.49463937621832,0.0,0.0,0.0,0.0
2025_04_TEN_HOU,2025,REG,4,2025-09-28,Sunday,13:00,TEN,0.0,HOU,26.0,Home,26.0,26.0,0.0,2025092804,59896.0,,202509280htx,28471.0,401772738,6787.0,7,7,340.0,-440.0,7.5,-115.0,-105.0,39.5,-105.0,-115.0,1,closed,astroturf,,,00-0040676,00-0039163,Cam Ward,C.J. Stroud,Brian Callahan,DeMeco Ryans,Brad Rogers,HOU00,NRG Stadium,1,16.8,17.2,-0.4,19.36095505617978,-4.0,0.0,15.6,27.4,-0.4,15.162193718695002,-9.0,0.0,0,84.65631408065619,70.35549732918155,0.0,0.0,1.0,0.0
2025_04_CAR_NE,2025,REG,4,2025-09-28,Sunday,13:00,CAR,13.0,NE,42.0,Home,29.0,55.0,0.0,2025092805,59897.0,,202509280nwe,28472.0,401772847,6788.0,7,7,215.0,-265.0,5.5,-108.0,-112.0,42.5,-108.0,-112.0,0,outdoors,fieldturf,76.0,7.0,00-0039150,00-0039851,Bryce Young,Drake Maye,Dave Canales,Mike Vrabel,Bill Vinovich,BOS00,Gillette Stadium,0,18.0,24.8,-1.0,16.80082876775931,-1.0,0.0,24.0,27.8,0.4,27.105337078651687,1.0,0.0,0,88.88998682476942,88.49511395467279,1.0,0.0,3.0,0.0
2025_04_LAC_NYG,2025,REG,4,2025-09-28,Sunday,13:00,LAC,18.0,NYG,21.0,Home,3.0,39.0,0.0,2025092806,59898.0,,202509280nyg,28473.0,401772737,6789.0,7,7,-285.0,230.0,-6.0,-112.0,-108.0,43.5,-115.0,-105.0,0,outdoors,fieldturf,81.0,4.0,00-0036355,00-0040691,Justin Herbert,Jaxson Dart,Jim Harbaugh,Brian Daboll,Shawn Hochuli,NYC01,MetLife Stadium,0,22.0,27.2,0.0,19.65708780756649,-4.0,1.0,23.2,20.4,0.0,25.738532261980964,3.0,0.0,0,,99.43417166906164,1.0,0.0,1.0,0.0
2025_04_PHI_TB,2025,REG,4,2025-09-28,Sunday,13:00,PHI,31.0,TB,25.0,Home,-6.0,56.0,0.0,2025092807,59899.0,,202509280tam,28474.0,401772845,6790.0,7,7,-185.0,154.0,-3.5,-102.0,-118.0,44.5,-118.0,-102.0,0,outdoors,grass,88.0,6.0,00-0036389,00-0034855,Jalen Hurts,Baker Mayfield,Nick Sirianni,Todd Bowles,Alan Eck,TAM00,Raymond James Stadium,0,23.8,21.6,0.0,22.62580746604623,3.0,0.0,34.4,21.6,1.6,31.89735890481725,9.0,0.0,0,107.7829451502319,103.89942711274232,2.0,0.0,1.0,0.0
2025_04_IND_LA,2025,REG,4,2025-09-28,Sunday,16:05,IND,20.0,LA,27.0,Home,7.0,47.0,0.0,2025092808,59900.0,,202509280ram,28475.0,401772849,6791.0,7,7,154.0,-185.0,3.5,-105.0,-115.0,49.5,-105.0,-115.0,0,dome,matrixturf,,,00-0035710,00-0026498,Daniel Jones,Matthew Stafford,Shane Steichen,Sean McVay,Carl Cheffers,LAX01,SoFi Stadium,1,24.4,19.6,0.2,25.468662381357863,-1.0,0.0,32.4,24.8,0.6,31.986193230926375,4.0,0.0,0,102.34098649328534,101.29933855684362,0.0,0.0,3.0,0.0
2025_04_JAX_SF,2025,REG,4,2025-09-28,Sunday,16:05,JAX,26.0,SF,21.0,Home,-5.0,47.0,0.0,2025092809,59901.0,,202509280sfo,28476.0,401772848,6792.0,7,7,150.0,-180.0,3.5,-120.0,100.0,45.5,-108.0,-112.0,0,outdoors,grass,72.0,7.0,00-0036971,00-0037834,Trevor Lawrence,Brock Purdy,Liam Coen,Kyle Shanahan,Clete Blakeman,SFO01,Levi's Stadium,0,23.4,27.2,-1.2,22.861335338828187,3.0,1.0,22.6,18.0,1.0,19.664246853413204,1.0,0.0,0,98.8196044546851,53.05062724014336,0.0,0.0,0.0,0.0
2025_04_BAL_KC,2025,REG,4,2025-09-28,Sunday,16:25,BAL,20.0,KC,37.0,Home,17.0,57.0,0.0,2025092810,59902.0,,202509280kan,28478.0,401772741,6793.0,6,7,-148.0,124.0,-2.5,-120.0,100.0,48.5,100.0,-120.0,0,outdoors,grass,89.0,10.0,00-0034796,00-0033873,Lamar Jackson,Patrick Mahomes,John Harbaugh,Andy Reid,Clay Martin,KAN00,GEHA Field at Arrowhead Stadium,0,22.8,25.0,-0.4,24.02058789619319,1.0,0.0,32.8,27.4,-0.6,31.715719755271657,-1.0,0.0,1,90.939978647414,133.52166287365924,0.0,0.0,1.0,0.0
2025_04_CHI_LV,2025,REG,4,2025-09-28,Sunday,16:25,CHI,25.0,LV,24.0,Home,-1.0,49.0,0.0,2025092811,59903.0,,202509280rai,28477.0,401772742,6794.0,7,7,105.0,-125.0,1.5,-110.0,-110.0,47.5,-105.0,-115.0,0,dome,grass,,,00-0039918,00-0030565,Caleb Williams,Geno Smith,Ben Johnson,Pete Carroll,Adrian Hill,VEG00,Allegiant Stadium,1,19.6,23.6,0.0,18.855217445399386,-2.0,0.0,20.6,24.2,0.4,19.616706851469395,1.0,0.0,0,100.58882975546223,93.8548166392994,1.0,0.0,3.0,0.0
2025_04_GB_DAL,2025,REG,4,2025-09-28,Sunday,20:20,GB,40.0,DAL,40.0,Home,0.0,80.0,1.0,2025092812,59904.0,,202509280dal,28479.0,401772921,6795.0,7,7,-345.0,275.0,-7.0,-105.0,-115.0,47.5,-115.0,-105.0,0,closed,matrixturf,,,00-0036264,00-0033077,Jordan Love,Dak Prescott,Matt LaFleur,Brian Schottenheimer,Ron Torbert,DAL00,AT&T Stadium,1,20.0,31.2,-2.0,18.60607981785536,-1.0,0.0,19.2,18.0,-0.6,17.02061982960859,-1.0,0.0,0,86.86990950226244,89.57796513522321,2.0,0.0,2.0,0.0
2025_04_NYJ_MIA,2025,REG,4,2025-09-29,Monday,19:15,NYJ,21.0,MIA,27.0,Home,6.0,48.0,0.0,2025092900,59905.0,,202509290mia,28481.0,401772813,6796.0,8,11,124.0,-148.0,2.5,-105.0,-115.0,44.5,-120.0,100.0,1,outdoors,grass,88.0,17.0,00-0036945,00-0036212,Justin Fields,Tua Tagovailoa,Aaron Glenn,Mike McDaniel,Craig Wrolstad,MIA00,Hard Rock Stadium,0,19.2,26.4,-1.2,16.158174115440644,-4.0,0.0,23.0,30.6,-0.8,21.90214842639786,-3.0,0.0,3,80.12453378090366,73.49010942760944,0.0,0.0,1.0,0.0
2025_04_CIN_DEN,2025,REG,4,2025-09-29,Monday,20:15,CIN,3.0,DEN,28.0,Home,25.0,31.0,0.0,2025092901,59906.0,,202509290den,28480.0,401772716,6797.0,8,8,360.0,-470.0,7.5,-115.0,-105.0,44.5,-115.0,-105.0,0,outdoors,grass,66.0,12.0,00-0035100,00-0039732,Jake Browning,Bo Nix,Zac Taylor,Sean Payton,Alex Moore,DEN00,Empower Field at Mile High,0,22.6,19.0,0.2,22.468479239199237,-2.0,0.0,21.4,26.4,-1.0,20.073858440031355,-1.0,1.0,0,100.99080459770114,80.3415980238897,0.0,0.0,0.0,0.0
2025_05_SF_LA,2025,REG,5,2025-10-02,Thursday,20:15,SF,26.0,LA,23.0,Home,-3.0,49.0,1.0,2025100200,59907.0,,202510020ram,28482.0,401772939,6798.0,4,4,340.0,-440.0,8.5,-110.0,-110.0,43.5,-108.0,-112.0,1,dome,matrixturf,,,00-0036972,00-0026498,Mac Jones,Matthew Stafford,Kyle Shanahan,Sean McVay,Bill Vinovich,LAX01,SoFi Stadium,1,24.4,21.8,0.2,24.96113468897573,1.0,0.0,20.8,24.4,-1.6,21.512172284644194,-1.0,0.0,0,103.51232042884695,98.0669514682472,1.0,0.0,3.0,0.0
2025_05_MIN_CLE,2025,REG,5,2025-10-05,Sunday,09:30,MIN,21.0,CLE,17.0,Neutral,-4.0,38.0,0.0,2025100500,59908.0,,202510050cle,28483.0,401772633,6799.0,7,7,-198.0,164.0,-3.5,-110.0,-110.0,35.5,-112.0,-108.0,0,outdoors,grass,61.0,14.0,00-0032950,00-0040704,Carson Wentz,Dillon Gabriel,Kevin O'Connell,Kevin Stefanski,Scott Novak,CLE00,FirstEnergy Stadium,0,13.2,27.4,-1.6,14.789618445692884,-1.0,1.0,22.2,21.4,0.0,22.66947269236239,-1.0,0.0,0,,99.51696149474283,0.0,0.0,5.0,0.0
2025_05_HOU_BAL,2025,REG,5,2025-10-05,Sunday,13:00,HOU,44.0,BAL,10.0,Home,-34.0,54.0,0.0,2025100501,59909.0,,202510050rav,28484.0,401772743,6800.0,7,7,-148.0,124.0,-2.5,-118.0,-102.0,41.5,-115.0,-105.0,0,outdoors,grass,78.0,2.0,00-0039163,00-0033662,C.J. Stroud,Cooper Rush,DeMeco Ryans,John Harbaugh,Land Clark,BAL00,M&T Bank Stadium,0,31.2,32.0,-1.0,30.065646930245038,-2.0,1.0,15.6,14.8,-0.4,17.138588619770033,1.0,0.0,0,87.66674759138608,91.5421365914787,4.0,1.0,0.0,0.0
2025_05_MIA_CAR,2025,REG,5,2025-10-05,Sunday,13:00,MIA,24.0,CAR,27.0,Home,3.0,51.0,0.0,2025100502,59910.0,,202510050car,28485.0,401772852,6801.0,6,7,-120.0,100.0,-1.5,-105.0,-115.0,44.5,-105.0,-115.0,0,outdoors,grass,77.0,8.0,00-0036212,00-0039150,Tua Tagovailoa,Bryce Young,Mike McDaniel,Dave Canales,Clay Martin,CAR00,Bank of America Stadium,0,23.8,26.6,0.4,24.980910101917207,-1.0,0.0,20.6,30.0,-1.0,16.81027046664935,1.0,0.0,1,85.15185998641881,91.107867114237,2.0,0.0,1.0,0.0
2025_05_LV_IND,2025,REG,5,2025-10-05,Sunday,13:00,LV,6.0,IND,40.0,Home,34.0,46.0,0.0,2025100503,59911.0,,202510050clt,28486.0,401772851,6802.0,7,7,285.0,-360.0,7.0,100.0,-120.0,46.5,-108.0,-112.0,0,closed,fieldturf,,,00-0030565,00-0035710,Geno Smith,Daniel Jones,Pete Carroll,Shane Steichen,Alex Kemp,IND00,Lucas Oil Stadium,1,29.8,21.2,0.8,31.75074862200551,-1.0,0.0,19.4,26.6,-1.0,18.018213381505024,-3.0,0.0,0,93.48076823827331,96.65939566298468,2.0,0.0,0.0,0.0
2025_05_NYG_NO,2025,REG,5,2025-10-05,Sunday,13:00,NYG,14.0,NO,26.0,Home,12.0,40.0,0.0,2025100504,59912.0,,202510050nor,28487.0,401772744,6803.0,7,7,100.0,-120.0,1.5,-115.0,-105.0,41.5,-105.0,-115.0,0,dome,sportturf,,,00-0040691,00-0039376,Jaxson Dart,Spencer Rattler,Brian Daboll,Kellen Moore,Alan Eck,NOR00,Mercedes-Benz Superdome,1,17.0,29.6,0.2,16.812271246974557,-8.0,0.0,17.2,24.2,-0.2,16.242049810228853,1.0,1.0,0,89.2859216026309,96.04166666666667,2.0,0.0,1.0,0.0
2025_05_DAL_NYJ,2025,REG,5,2025-10-05,Sunday,13:00,DAL,37.0,NYJ,22.0,Home,-15.0,59.0,0.0,2025100505,59913.0,,202510050nyj,28488.0,401772850,6804.0,7,6,-105.0,-115.0,1.5,-120.0,100.0,48.5,-110.0,-110.0,0,outdoors,fieldturf,82.0,3.0,00-0033077,00-0036945,Dak Prescott,Justin Fields,Brian Schottenheimer,Aaron Glenn,Alex Moore,NYC01,MetLife Stadium,0,24.4,28.0,-0.8,23.472821717742086,-4.0,0.0,26.6,31.0,-1.0,25.33031078879057,0.0,0.0,-1,77.03949214365882,96.01574283559577,0.0,0.0,4.0,0.0
2025_05_DEN_PHI,2025,REG,5,2025-10-05,Sunday,13:00,DEN,21.0,PHI,17.0,Home,-4.0,38.0,0.0,2025100506,59914.0,,202510050phi,28489.0,401772745,6805.0,6,7,180.0,-218.0,3.5,-105.0,-115.0,44.5,-115.0,-105.0,0,outdoors,grass,80.0,6.0,00-0039732,00-0036389,Bo Nix,Jalen Hurts,Sean Payton,Nick Sirianni,Adrian Hill,PHI00,Lincoln Financial Field,0,29.6,22.0,1.2,28.330437059607693,10.0,0.0,20.6,19.6,0.0,18.464614544319602,1.0,0.0,1,102.77839536671058,90.1,1.0,0.0,0.0,0.0
2025_05_TEN_ARI,2025,REG,5,2025-10-05,Sunday,16:05,TEN,22.0,ARI,21.0,Home,-1.0,43.0,0.0,2025100507,59915.0,,202510050crd,28491.0,401772747,6806.0,7,10,330.0,-425.0,7.5,-108.0,-112.0,41.5,-110.0,-110.0,0,closed,grass,,,00-0040676,00-0035228,Cam Ward,Kyler Murray,Brian Callahan,Jonathan Gannon,Shawn Smith,PHO00,State Farm Stadium,1,25.8,19.6,0.6,22.658038382232164,-2.0,0.0,13.0,28.6,-0.4,13.721549144177256,-10.0,0.0,3,97.11393127478073,61.62078966355282,1.0,0.0,1.0,0.0
2025_05_TB_SEA,2025,REG,5,2025-10-05,Sunday,16:05,TB,38.0,SEA,35.0,Home,-3.0,73.0,0.0,2025100508,59916.0,,202510050sea,28490.0,401772746,6807.0,7,10,150.0,-180.0,3.5,-115.0,-105.0,44.5,-110.0,-110.0,0,outdoors,fieldturf,61.0,8.0,00-0034855,00-0034869,Baker Mayfield,Sam Darnold,Todd Bowles,Mike Macdonald,Craig Wrolstad,SEA00,Lumen Field,0,28.2,18.4,0.6,27.314554946325664,3.0,0.0,23.4,24.0,-0.2,22.358463326298978,-1.0,0.0,3,104.04263158339245,105.96523681689857,3.0,0.0,4.0,0.0
2025_05_DET_CIN,2025,REG,5,2025-10-05,Sunday,16:25,DET,37.0,CIN,24.0,Home,-13.0,61.0,0.0,2025100509,59917.0,,202510050cin,28492.0,401772854,6808.0,7,6,-575.0,425.0,-10.5,-102.0,-118.0,49.5,-112.0,-108.0,0,outdoors,fieldturf,84.0,7.0,00-0033106,00-0035100,Jared Goff,Jake Browning,Dan Campbell,Zac Taylor,Carl Cheffers,CIN00,Paycor Stadium,0,16.0,27.2,-0.8,15.236277166189817,-2.0,0.0,33.6,26.6,-0.2,34.37271006350757,3.0,0.0,-1,80.44874088103256,98.88618403201737,0.0,0.0,2.0,0.0
2025_05_WAS_LAC,2025,REG,5,2025-10-05,Sunday,16:25,WAS,27.0,LAC,10.0,Home,-17.0,37.0,0.0,2025100510,59918.0,,202510050sdg,28493.0,401772853,6809.0,7,7,130.0,-155.0,2.5,100.0,-120.0,47.5,-115.0,-105.0,0,dome,matrixturf,,,00-0039910,00-0036355,Jayden Daniels,Justin Herbert,Dan Quinn,Jim Harbaugh,John Hussey,LAX01,SoFi Stadium,1,20.0,20.6,-0.6,20.203739623324154,-1.0,0.0,26.0,29.2,-1.0,27.494489858182884,-1.0,0.0,0,85.84112740528568,97.93501984126983,1.0,0.0,2.0,0.0
2025_05_NE_BUF,2025,REG,5,2025-10-05,Sunday,20:20,NE,23.0,BUF,20.0,Home,-3.0,43.0,0.0,2025100511,59919.0,,202510050buf,28494.0,401772922,6810.0,7,7,310.0,-395.0,7.5,-105.0,-115.0,49.5,-108.0,-112.0,1,outdoors,a_turf,66.0,3.0,00-0039851,00-0034857,Drake Maye,Josh Allen,Mike Vrabel,Sean McDermott,Shawn Hochuli,BUF00,New Era Field,0,32.4,24.4,0.8,32.90665922318325,4.0,0.0,25.0,19.4,-0.8,22.955061889102033,1.0,0.0,0,107.56687508995692,103.04774083546462,0.0,0.0,1.0,0.0
2025_05_KC_JAX,2025,REG,5,2025-10-06,Monday,20:15,KC,28.0,JAX,31.0,Home,3.0,59.0,0.0,2025100600,59920.0,,202510060jax,28495.0,401772814,6811.0,8,8,-198.0,164.0,-3.5,-110.0,-110.0,45.5,-108.0,-112.0,0,outdoors,grass,80.0,12.0,00-0033873,00-0036971,Patrick Mahomes,Trevor Lawrence,Andy Reid,Liam Coen,Brad Rogers,JAX00,TIAA Bank Stadium,0,23.8,19.6,1.6,21.299096093235274,2.0,0.0,23.8,23.2,0.2,23.05270949370748,2.0,0.0,0,63.40008960573478,93.53439999183533,0.0,0.0,0.0,0.0
2025_06_PHI_NYG,2025,REG,6,2025-10-09,Thursday,20:15,PHI,17.0,NYG,34.0,Home,17.0,51.0,0.0,2025100900,59921.0,,202510090nyg,28496.0,401772940,6812.0,4,4,-395.0,310.0,-7.0,-120.0,100.0,40.5,-105.0,-115.0,1,outdoors,fieldturf,53.0,3.0,00-0036389,00-0040691,Jalen Hurts,Jaxson Dart,Nick Sirianni,Brian Daboll,Clete Blakeman,NYC01,MetLife Stadium,0,17.4,25.4,-1.0,15.001045329788145,-1.0,0.0,25.0,21.8,0.8,24.42450356712414,-1.0,0.0,0,84.58333333333334,98.99251019924648,1.0,0.0,1.0,0.0
2025_06_DEN_NYJ,2025,REG,6,2025-10-12,Sunday,09:30,DEN,13.0,NYJ,11.0,Neutral,-2.0,24.0,0.0,2025101200,59922.0,,202510120nyj,28497.0,401772634,6813.0,7,7,-395.0,310.0,-7.5,100.0,-120.0,43.5,-112.0,-108.0,0,outdoors,grass,59.0,6.0,00-0039732,00-0036945,Bo Nix,Justin Fields,Sean Payton,Aaron Glenn,Land Clark,NYC01,MetLife Stadium,0,22.4,31.4,-1.6,19.5807388597071,-5.0,0.0,23.4,16.8,0.0,22.170892325239425,2.0,0.0,0,81.90211291660566,88.9034188034188,0.0,0.0,1.0,0.0
2025_06_LA_BAL,2025,REG,6,2025-10-12,Sunday,13:00,LA,17.0,BAL,3.0,Home,-14.0,20.0,0.0,2025101201,59923.0,,202510120rav,28498.0,401772855,6814.0,10,7,-355.0,280.0,-7.0,-105.0,-115.0,43.5,-108.0,-112.0,0,outdoors,grass,64.0,15.0,00-0026498,00-0033662,Matthew Stafford,Cooper Rush,Sean McVay,John Harbaugh,Alex Kemp,BAL00,M&T Bank Stadium,0,28.2,35.4,-1.0,28.796357203811695,-3.0,1.0,24.6,21.4,0.2,23.347034038334435,-1.0,0.0,-3,82.78711796175646,106.28794905553939,3.0,1.0,2.0,0.0
2025_06_DAL_CAR,2025,REG,6,2025-10-12,Sunday,13:00,DAL,27.0,CAR,30.0,Home,3.0,57.0,0.0,2025101202,59924.0,,202510120car,28499.0,401772858,6815.0,7,7,-175.0,145.0,-3.0,-118.0,-102.0,47.5,-105.0,-115.0,0,outdoors,grass,68.0,15.0,00-0033077,00-0039150,Dak Prescott,Bryce Young,Brian Schottenheimer,Dave Canales,John Hussey,CAR00,Bank of America Stadium,0,20.4,23.8,-0.2,19.759465280320693,1.0,0.0,30.2,30.8,-0.6,28.234726123595504,1.0,0.0,0,78.58486652236653,101.19174858272221,2.0,0.0,3.0,0.0
2025_06_ARI_IND,2025,REG,6,2025-10-12,Sunday,13:00,ARI,27.0,IND,31.0,Home,4.0,58.0,0.0,2025101203,59925.0,,202510120clt,28500.0,401772856,6816.0,7,7,360.0,-470.0,8.5,-110.0,-110.0,46.5,-122.0,102.0,0,closed,fieldturf,,,00-0033119,00-0035710,Jacoby Brissett,Daniel Jones,Jonathan Gannon,Shane Steichen,Shawn Hochuli,IND00,Lucas Oil Stadium,1,32.6,17.8,1.0,32.296563916814506,1.0,0.0,20.6,19.2,0.0,17.705794768525642,-3.0,1.0,0,105.97999159956564,70.0599128540305,1.0,0.0,0.0,0.0
2025_06_SEA_JAX,2025,REG,6,2025-10-12,Sunday,13:00,SEA,20.0,JAX,12.0,Home,-8.0,32.0,0.0,2025101204,59926.0,,202510120jax,28501.0,401772857,6817.0,7,6,-115.0,-105.0,-1.5,100.0,-120.0,47.5,-115.0,-105.0,0,outdoors,grass,76.0,8.0,00-0034869,00-0036971,Sam Darnold,Trevor Lawrence,Mike Macdonald,Liam Coen,Clay Martin,JAX00,TIAA Bank Stadium,0,25.4,20.0,1.6,24.18759000132633,3.0,0.0,29.2,21.0,0.0,26.46722320414089,-1.0,0.0,-1,79.9334229390681,115.60513158339248,1.0,0.0,3.0,0.0
2025_06_LAC_MIA,2025,REG,6,2025-10-12,Sunday,13:00,LAC,29.0,MIA,27.0,Home,-2.0,56.0,0.0,2025101205,59927.0,,202510120mia,28502.0,401772750,6818.0,7,7,-205.0,170.0,-3.5,-115.0,-105.0,45.5,-115.0,-105.0,0,outdoors,grass,85.0,4.0,00-0036355,00-0036212,Justin Herbert,Tua Tagovailoa,Jim Harbaugh,Mike McDaniel,Bill Vinovich,MIA00,Hard Rock Stadium,0,21.4,29.0,0.0,17.693210513761166,-1.0,0.0,19.6,19.6,-0.6,18.415994410065622,-2.0,0.0,0,97.07464271336555,94.9197911983891,1.0,0.0,2.0,0.0
2025_06_NE_NO,2025,REG,6,2025-10-12,Sunday,13:00,NE,25.0,NO,19.0,Home,-6.0,44.0,0.0,2025101210,59932.0,,202510120nor,28507.0,401772751,6823.0,7,7,-192.0,160.0,-3.5,-105.0,-115.0,46.5,-115.0,-105.0,0,dome,sportturf,,,00-0039851,00-0039376,Drake Maye,Spencer Rattler,Mike Vrabel,Kellen Moore,Adrian Hill,NOR00,Mercedes-Benz Superdome,1,18.4,27.0,1.0,17.346209037534464,1.0,0.0,25.0,20.2,-0.2,23.295978649831277,2.0,0.0,0,92.10850224779219,115.35329639102017,1.0,0.0,1.0,0.0
2025_06_CLE_PIT,2025,REG,6,2025-10-12,Sunday,13:00,CLE,9.0,PIT,23.0,Home,14.0,32.0,0.0,2025101206,59928.0,,202510120pit,28503.0,401772748,6819.0,7,14,225.0,-278.0,5.5,100.0,-120.0,37.5,100.0,-120.0,1,outdoors,grass,64.0,8.0,00-0040704,00-0023459,Dillon Gabriel,Aaron Rodgers,Kevin Stefanski,Mike Tomlin,Ron Torbert,PIT00,Acrisure Stadium,0,22.0,25.2,1.4,22.75325914721982,2.0,0.0,14.6,24.6,-0.8,15.526440730866074,-2.0,1.0,7,104.59727711901625,94.2550505050505,0.0,0.0,0.0,0.0
2025_06_TEN_LV,2025,REG,6,2025-10-12,Sunday,16:05,TEN,10.0,LV,20.0,Home,10.0,30.0,0.0,2025101208,59930.0,,202510120rai,28505.0,401772859,6821.0,7,7,154.0,-185.0,3.5,-110.0,-110.0,41.5,-105.0,-115.0,0,dome,grass,,,00-0040676,00-0030565,Cam Ward,Geno Smith,Brian Callahan,Pete Carroll,Carl Cheffers,VEG00,Allegiant Stadium,1,16.6,27.8,-1.2,15.417646501700178,-4.0,0.0,14.6,28.2,-0.4,16.134129213483142,1.0,0.0,0,81.73655615681184,62.21329839750892,1.0,0.0,0.0,0.0
2025_06_CIN_GB,2025,REG,6,2025-10-12,Sunday,16:25,CIN,18.0,GB,27.0,Home,9.0,45.0,0.0,2025101209,59931.0,,202510120gnb,28506.0,401772752,6822.0,7,14,650.0,-1000.0,14.0,-110.0,-110.0,44.5,-110.0,-110.0,0,outdoors,grass,64.0,14.0,00-0026158,00-0036264,Joe Flacco,Jordan Love,Zac Taylor,Matt LaFleur,Brad Allen,GNB00,Lambeau Field,0,22.8,21.2,-0.8,19.44869352320174,0.0,0.0,17.0,31.2,-1.0,16.438025482915187,-3.0,1.0,7,98.26175066493897,64.18246187363835,1.0,0.0,0.0,0.0
2025_06_SF_TB,2025,REG,6,2025-10-12,Sunday,16:25,SF,19.0,TB,30.0,Home,11.0,49.0,0.0,2025101207,59929.0,,202510120tam,28504.0,401772749,6820.0,10,7,160.0,-192.0,3.5,-105.0,-115.0,46.5,-105.0,-115.0,0,outdoors,grass,82.0,10.0,00-0036972,00-0034855,Mac Jones,Baker Mayfield,Kyle Shanahan,Todd Bowles,Brad Rogers,TAM00,Raymond James Stadium,0,27.0,26.4,0.4,26.79569790288501,1.0,0.0,21.2,19.6,-0.6,22.334932605232265,1.0,0.0,-3,103.60412570578744,100.1579160592118,4.0,0.0,2.0,0.0
2025_06_DET_KC,2025,REG,6,2025-10-12,Sunday,20:20,DET,17.0,KC,30.0,Home,13.0,47.0,0.0,2025101211,59933.0,,202510120kan,28508.0,401772923,6824.0,7,6,120.0,-142.0,2.5,-105.0,-115.0,51.5,-105.0,-115.0,0,outdoors,grass,85.0,13.0,00-0033106,00-0033873,Jared Goff,Patrick Mahomes,Dan Campbell,Andy Reid,Craig Wrolstad,KAN00,GEHA Field at Arrowhead Stadium,0,25.0,21.4,0.8,23.295978649831277,-1.0,0.0,34.8,22.4,1.2,34.29558356373904,4.0,0.0,-1,92.7080534471199,117.5465101189739,0.0,0.0,3.0,0.0
2025_06_BUF_ATL,2025,REG,6,2025-10-13,Monday,19:15,BUF,14.0,ATL,24.0,Home,10.0,38.0,0.0,2025101300,59934.0,,202510130atl,28509.0,401772815,6825.0,8,15,-205.0,170.0,-3.5,-120.0,100.0,49.5,-102.0,-118.0,0,closed,fieldturf,,,00-0034857,00-0039917,Josh Allen,Michael Penix,Sean McDermott,Raheem Morris,Shawn Smith,ATL97,Mercedes-Benz Stadium,1,22.8,26.0,-0.8,18.445609043495057,1.0,0.0,30.6,22.6,0.2,30.583455553345924,-1.0,0.0,7,85.80146948568002,107.29410469147497,1.0,0.0,1.0,0.0
2025_06_CHI_WAS,2025,REG,6,2025-10-13,Monday,20:15,CHI,25.0,WAS,24.0,Home,-1.0,49.0,0.0,2025101301,59935.0,,202510130was,28510.0,401772717,6826.0,15,8,210.0,-258.0,5.5,-108.0,-112.0,49.5,-105.0,-115.0,0,outdoors,grass,59.0,12.0,00-0039918,00-0039910,Caleb Williams,Jayden Daniels,Ben Johnson,Dan Quinn,Alex Moore,WAS00,FedExField,0,26.8,20.2,0.0,27.566144266388328,1.0,0.0,25.0,27.8,1.0,23.181220134314863,2.0,0.0,-7,95.89930555555554,97.91047944496219,2.0,0.0,1.0,0.0
2025_07_PIT_CIN,2025,REG,7,2025-10-16,Thursday,20:15,PIT,31.0,CIN,33.0,Home,2.0,64.0,0.0,2025101600,59936.0,,202510160cin,28511.0,401772941,6827.0,4,4,-245.0,200.0,-5.5,-105.0,-115.0,45.5,-115.0,-105.0,1,outdoors,fieldturf,60.0,5.0,00-0023459,00-0026158,Aaron Rodgers,Joe Flacco,Mike Tomlin,Zac Taylor,Clay Martin,CIN00,Paycor Stadium,0,17.2,33.4,-1.2,17.251768714950003,-4.0,1.0,23.8,21.4,1.4,22.325132283773186,3.0,0.0,0,65.1917211328976,105.1528326745718,0.0,0.0,1.0,0.0
2025_07_LA_JAX,2025,REG,7,2025-10-19,Sunday,09:30,LA,35.0,JAX,7.0,Neutral,-28.0,42.0,0.0,2025101900,59937.0,,202510190jax,28512.0,401772635,6828.0,7,7,-166.0,140.0,-3.0,-115.0,-105.0,44.5,-105.0,-115.0,0,outdoors,grass,59.0,9.0,00-0026498,00-0036971,Matthew Stafford,Trevor Lawrence,Sean McVay,Liam Coen,Adrian Hill,JAX00,TIAA Bank Stadium,0,22.6,22.0,1.2,24.07942680729277,-1.0,0.0,25.2,20.2,0.4,21.398950325251327,1.0,0.0,0,84.47899385560677,104.14272359134841,1.0,0.0,2.0,0.0
2025_07_NO_CHI,2025,REG,7,2025-10-19,Sunday,13:00,NO,14.0,CHI,26.0,Home,12.0,40.0,0.0,2025101901,59938.0,,202510190chi,28513.0,401772861,6829.0,7,6,185.0,-225.0,4.5,-120.0,100.0,43.5,-110.0,-110.0,0,outdoors,grass,49.0,8.0,00-0039376,00-0039918,Spencer Rattler,Caleb Williams,Kellen Moore,Ben Johnson,Scott Novak,CHI98,Soldier Field,0,25.2,28.2,1.6,22.989179267030913,3.0,0.0,19.6,28.0,0.8,19.082780414567996,-1.0,0.0,-1,98.60013461737599,98.54523580409095,1.0,0.0,0.0,0.0
2025_07_MIA_CLE,2025,REG,7,2025-10-19,Sunday,13:00,MIA,6.0,CLE,31.0,Home,25.0,37.0,0.0,2025101902,59939.0,,202510190cle,28514.0,401772754,6830.0,7,7,124.0,-148.0,2.5,-102.0,-118.0,34.5,-112.0,-108.0,0,outdoors,grass,65.0,17.0,00-0036212,00-0040704,Tua Tagovailoa,Dillon Gabriel,Mike McDaniel,Kevin Stefanski,Shawn Hochuli,CLE00,FirstEnergy Stadium,0,13.2,25.8,-0.4,13.239729478915118,-3.0,0.0,25.2,28.2,0.2,22.65971650683461,-2.0,0.0,0,80.26053807303808,97.69398148148149,1.0,0.0,0.0,0.0
2025_07_LV_KC,2025,REG,7,2025-10-19,Sunday,13:00,LV,0.0,KC,31.0,Home,31.0,31.0,0.0,2025101903,59940.0,,202510190kan,28515.0,401772753,6831.0,7,7,625.0,-950.0,13.5,-115.0,-105.0,44.5,-115.0,-105.0,1,outdoors,grass,57.0,9.0,00-0030565,00-0033873,Geno Smith,Patrick Mahomes,Pete Carroll,Andy Reid,Clete Blakeman,KAN00,GEHA Field at Arrowhead Stadium,0,26.8,19.4,0.8,25.56387365244458,1.0,0.0,16.6,27.2,-0.8,15.26698546096695,1.0,0.0,0,101.25719874626517,79.4880480579201,1.0,0.0,1.0,0.0
2025_07_PHI_MIN,2025,REG,7,2025-10-19,Sunday,13:00,PHI,28.0,MIN,22.0,Home,-6.0,50.0,0.0,2025101904,59941.0,,202510190min,28516.0,401772862,6832.0,10,14,-148.0,124.0,-2.5,-110.0,-110.0,43.5,-105.0,-115.0,0,dome,sportturf,,,00-0036389,00-0032950,Jalen Hurts,Carson Wentz,Nick Sirianni,Kevin O'Connell,Bill Vinovich,MIN01,U.S. Bank Stadium,1,24.6,19.4,0.0,23.386338809442744,1.0,0.0,23.6,24.6,0.2,23.13678946239076,-2.0,0.0,4,99.9683503836317,99.33122341839449,1.0,0.0,0.0,0.0
2025_07_CAR_NYJ,2025,REG,7,2025-10-19,Sunday,13:00,CAR,13.0,NYJ,6.0,Home,-7.0,19.0,0.0,2025101905,59942.0,,202510190nyj,28517.0,401772860,6833.0,7,7,-108.0,-112.0,1.5,-125.0,105.0,39.5,-102.0,-118.0,0,outdoors,fieldturf,71.0,13.0,00-0039150,00-0036945,Bryce Young,Justin Fields,Dave Canales,Aaron Glenn,Brad Rogers,NYC01,MetLife Stadium,0,18.2,27.2,-1.2,17.331265276540915,-6.0,0.0,24.4,24.0,0.0,21.49539211905554,2.0,0.0,0,,91.75391414141414,1.0,0.0,1.0,0.0
2025_07_NE_TEN,2025,REG,7,2025-10-19,Sunday,13:00,NE,31.0,TEN,13.0,Home,-18.0,44.0,0.0,2025101906,59943.0,,202510190oti,28518.0,401772755,6834.0,7,7,-290.0,235.0,-6.5,-108.0,-112.0,40.5,-108.0,-112.0,0,outdoors,grass,60.0,18.0,00-0039851,00-0040676,Drake Maye,Cam Ward,Mike Vrabel,Brian Callahan,Craig Wrolstad,NAS00,Nissan Stadium,0,14.2,28.2,-0.8,14.794579740038973,-1.0,0.0,27.4,20.0,0.0,24.17598424332865,3.0,0.0,0,67.57044125465178,127.24292849804358,1.0,0.0,0.0,0.0
2025_07_NYG_DEN,2025,REG,7,2025-10-19,Sunday,16:05,NYG,32.0,DEN,33.0,Home,1.0,65.0,0.0,2025101907,59944.0,,202510190den,28519.0,401772757,6835.0,10,7,330.0,-425.0,7.5,-105.0,-115.0,39.5,-105.0,-115.0,0,outdoors,grass,72.0,3.0,00-0040691,00-0039732,Jaxson Dart,Bo Nix,Brian Daboll,Sean Payton,Brad Allen,DEN00,Empower Field at Mile High,0,22.0,16.6,-0.2,19.877247191011236,3.0,0.0,23.0,24.6,-0.6,21.118656937973874,1.0,0.0,-3,94.93119658119659,91.25,0.0,0.0,2.0,0.0
2025_07_IND_LAC,2025,REG,7,2025-10-19,Sunday,16:05,IND,38.0,LAC,24.0,Home,-14.0,62.0,0.0,2025101908,59945.0,,202510190sdg,28520.0,401772756,6836.0,7,7,114.0,-135.0,2.5,-108.0,-112.0,48.5,-110.0,-110.0,0,dome,matrixturf,,,00-0035710,00-0036355,Daniel Jones,Justin Herbert,Shane Steichen,Jim Harbaugh,Alan Eck,LAX01,SoFi Stadium,1,20.0,20.8,-0.2,18.364049511281628,1.0,0.0,32.2,21.6,0.4,32.01261201337237,2.0,0.0,0,91.00596250901863,102.99914868768823,3.0,0.0,1.0,0.0
2025_07_GB_ARI,2025,REG,7,2025-10-19,Sunday,16:25,GB,27.0,ARI,23.0,Home,-4.0,50.0,0.0,2025101909,59946.0,,202510190crd,28521.0,401772863,6837.0,7,7,-395.0,310.0,-7.0,-115.0,-105.0,44.5,-110.0,-110.0,0,closed,grass,,,00-0036264,00-0033119,Jordan Love,Jacoby Brissett,Matt LaFleur,Jonathan Gannon,Alex Moore,PHO00,State Farm Stadium,1,22.0,22.8,0.0,19.750841803469033,-4.0,1.0,26.2,20.4,-0.2,20.18416983460306,1.0,0.0,0,71.83600713012478,110.22270637589467,0.0,0.0,1.0,0.0
2025_07_WAS_DAL,2025,REG,7,2025-10-19,Sunday,16:25,WAS,22.0,DAL,44.0,Home,22.0,66.0,0.0,2025101910,59947.0,,202510190dal,28522.0,401772864,6838.0,6,7,105.0,-125.0,1.5,-108.0,-112.0,54.5,-108.0,-112.0,1,closed,matrixturf,,,00-0039910,00-0033077,Jayden Daniels,Dak Prescott,Dan Quinn,Brian Schottenheimer,Alex Kemp,DAL00,AT&T Stadium,1,31.6,32.0,-0.2,28.190121500967393,-1.0,0.0,27.4,24.0,-0.6,28.03012665893177,-1.0,0.0,1,110.82410152389869,95.16212606837607,1.0,0.0,2.0,0.0
2025_07_ATL_SF,2025,REG,7,2025-10-19,Sunday,20:20,ATL,10.0,SF,20.0,Home,10.0,30.0,0.0,2025101911,59948.0,,202510190sfo,28523.0,401772924,6839.0,6,7,-105.0,-115.0,1.5,-120.0,100.0,46.5,-112.0,-108.0,0,outdoors,grass,74.0,5.0,00-0039917,00-0036972,Michael Penix,Mac Jones,Raheem Morris,Kyle Shanahan,Ron Torbert,SFO01,Levi's Stadium,0,21.6,23.0,-1.0,21.588321567067712,-1.0,0.0,20.0,20.0,-0.2,17.24258083883695,2.0,0.0,1,90.82225172354745,87.4434650997151,3.0,0.0,2.0,0.0
2025_07_TB_DET,2025,REG,7,2025-10-20,Monday,19:00,TB,9.0,DET,24.0,Home,15.0,33.0,0.0,2025102000,59949.0,,202510200det,28524.0,401772816,6841.0,8,8,225.0,-278.0,6.0,-112.0,-108.0,54.5,-115.0,-105.0,0,dome,fieldturf,,,00-0034855,00-0033106,Baker Mayfield,Jared Goff,Todd Bowles,Dan Campbell,John Hussey,DET00,Ford Field,1,35.6,23.0,1.4,33.84364478114478,-1.0,0.0,28.4,26.2,0.8,29.9763073611257,2.0,0.0,0,123.59720272139063,111.54230505361355,2.0,0.0,3.0,0.0
2025_07_HOU_SEA,2025,REG,7,2025-10-20,Monday,22:00,HOU,19.0,SEA,27.0,Home,8.0,46.0,0.0,2025102001,59950.0,,202510200sea,28525.0,401772826,6840.0,15,8,140.0,-166.0,3.0,-110.0,-110.0,41.5,-110.0,-110.0,0,outdoors,fieldturf,56.0,5.0,00-0039163,00-0034869,C.J. Stroud,Sam Darnold,DeMeco Ryans,Mike Macdonald,Carl Cheffers,SEA00,Lumen Field,0,30.6,20.0,0.0,29.690124377389086,1.0,0.0,21.6,12.2,0.2,20.921786767398384,2.0,0.0,-7,122.49589916256585,101.30514364615242,0.0,0.0,1.0,0.0
2025_08_MIN_LAC,2025,REG,8,2025-10-23,Thursday,20:15,MIN,10.0,LAC,37.0,Home,27.0,47.0,0.0,2025102300,59951.0,,202510230sdg,28526.0,401772942,6842.0,4,4,142.0,-170.0,3.0,100.0,-120.0,45.5,-110.0,-110.0,0,dome,matrixturf,,,00-0032950,00-0036355,Carson Wentz,Justin Herbert,Kevin O'Connell,Jim Harbaugh,Clete Blakeman,LAX01,SoFi Stadium,1,20.8,26.6,-1.0,18.43900481540931,-1.0,0.0,23.6,20.2,-0.4,22.70322100568497,-1.0,0.0,0,85.051978221701,91.27787419315553,0.0,0.0,1.0,0.0
2025_08_MIA_ATL,2025,REG,8,2025-10-26,Sunday,13:00,MIA,34.0,ATL,10.0,Home,-24.0,44.0,0.0,2025102600,59952.0,,202510260atl,28527.0,401772760,6843.0,7,7,280.0,-355.0,7.0,-115.0,-105.0,44.5,-115.0,-105.0,0,closed,fieldturf,,,00-0036212,00-0029604,Tua Tagovailoa,Kirk Cousins,Mike McDaniel,Raheem Morris,John Hussey,ATL97,Mercedes-Benz Stadium,1,18.0,19.4,-0.2,15.148288233225609,-1.0,1.0,21.0,27.8,-0.4,18.913213671307993,-3.0,0.0,0,66.52530159754102,79.41386372785828,2.0,0.0,0.0,0.0
2025_08_CHI_BAL,2025,REG,8,2025-10-26,Sunday,13:00,CHI,16.0,BAL,30.0,Home,14.0,46.0,0.0,2025102601,59953.0,,202510260rav,28528.0,401772759,6844.0,7,14,124.0,-148.0,2.5,-102.0,-118.0,45.5,-112.0,-108.0,0,outdoors,grass,60.0,2.0,00-0039918,00-0035993,Caleb Williams,Tyler Huntley,Ben Johnson,John Harbaugh,Shawn Smith,BAL00,M&T Bank Stadium,0,20.8,30.6,-1.2,21.011889208257124,-4.0,1.0,25.6,25.6,2.2,22.587780898876403,4.0,0.0,7,83.88571654326965,93.61844963569101,1.0,1.0,4.0,0.0
2025_08_BUF_CAR,2025,REG,8,2025-10-26,Sunday,13:00,BUF,40.0,CAR,9.0,Home,-31.0,49.0,0.0,2025102602,59954.0,,202510260car,28529.0,401772865,6845.0,13,7,-395.0,310.0,-7.0,-115.0,-105.0,47.5,-108.0,-112.0,0,outdoors,grass,63.0,9.0,00-0034857,00-0039150,Josh Allen,Bryce Young,Sean McDermott,Dave Canales,Craig Wrolstad,CAR00,Bank of America Stadium,0,22.6,19.8,0.6,18.934860842529925,3.0,0.0,25.2,19.4,-0.4,22.768483146067414,-2.0,0.0,-6,,99.40391517085065,1.0,1.0,2.0,0.0
2025_08_NYJ_CIN,2025,REG,8,2025-10-26,Sunday,13:00,NYJ,39.0,CIN,38.0,Home,-1.0,77.0,0.0,2025102603,59955.0,,202510260cin,28530.0,401772758,6846.0,7,10,210.0,-258.0,5.5,-112.0,-108.0,43.5,-102.0,-118.0,0,outdoors,fieldturf,57.0,8.0,00-0036945,00-0026158,Justin Fields,Joe Flacco,Aaron Glenn,Zac Taylor,Scott Novak,CIN00,Paycor Stadium,0,17.6,34.2,-0.6,17.436181746501084,1.0,0.0,17.4,23.8,-1.4,16.7673800187905,-7.0,0.0,3,71.87414824085661,85.72564232837038,0.0,0.0,3.0,0.0
2025_08_SF_HOU,2025,REG,8,2025-10-26,Sunday,13:00,SF,15.0,HOU,26.0,Home,11.0,41.0,0.0,2025102604,59956.0,,202510260htx,28531.0,401772866,6847.0,7,6,130.0,-155.0,2.5,100.0,-120.0,41.5,-112.0,-108.0,0,closed,astroturf,,,00-0036972,00-0039163,Mac Jones,C.J. Stroud,Kyle Shanahan,DeMeco Ryans,Alan Eck,HOU00,NRG Stadium,1,23.6,14.8,1.0,22.285603227988428,-1.0,0.0,20.4,20.8,-1.0,21.372482854224423,1.0,0.0,-1,98.23825022211614,87.63114595431668,2.0,0.0,3.0,0.0
2025_08_CLE_NE,2025,REG,8,2025-10-26,Sunday,13:00,CLE,13.0,NE,32.0,Home,19.0,45.0,0.0,2025102605,59957.0,,202510260nwe,28532.0,401772868,6848.0,7,7,300.0,-380.0,7.0,-115.0,-105.0,40.5,-115.0,-105.0,0,outdoors,fieldturf,53.0,7.0,00-0040704,00-0039851,Dillon Gabriel,Drake Maye,Kevin Stefanski,Mike Vrabel,Alex Moore,BOS00,Gillette Stadium,0,27.0,17.2,0.2,22.55436702180706,4.0,0.0,16.0,18.8,0.8,14.811659605820592,1.0,0.0,0,126.9530734255798,83.21381550548217,0.0,0.0,0.0,0.0
2025_08_NYG_PHI,2025,REG,8,2025-10-26,Sunday,13:00,NYG,20.0,PHI,38.0,Home,18.0,58.0,0.0,2025102606,59958.0,,202510260phi,28533.0,401772867,6849.0,7,7,300.0,-380.0,7.0,-102.0,-118.0,43.5,-108.0,-112.0,1,outdoors,grass,60.0,4.0,00-0040691,00-0036389,Jaxson Dart,Jalen Hurts,Brian Daboll,Nick Sirianni,Brad Rogers,PHI00,Lincoln Financial Field,0,25.2,25.6,0.4,27.105337078651683,1.0,0.0,22.0,23.2,-0.8,21.719020095073464,-1.0,0.0,0,115.39182947900053,91.78030303030303,2.0,0.0,2.0,0.0
2025_08_TB_NO,2025,REG,8,2025-10-26,Sunday,16:05,TB,23.0,NO,3.0,Home,-20.0,26.0,0.0,2025102607,59959.0,,202510260nor,28534.0,401772869,6850.0,6,7,-218.0,180.0,-4.5,-105.0,-115.0,46.5,-110.0,-110.0,1,dome,sportturf,,,00-0034855,00-0039376,Baker Mayfield,Spencer Rattler,Todd Bowles,Kellen Moore,Ron Torbert,NOR00,Mercedes-Benz Superdome,1,18.2,28.0,0.2,17.719724670670278,-2.0,0.0,26.2,27.2,0.8,26.60970591504325,-1.0,0.0,1,88.17299315703214,105.15370856238546,0.0,0.0,4.0,0.0
2025_08_DAL_DEN,2025,REG,8,2025-10-26,Sunday,16:25,DAL,24.0,DEN,44.0,Home,20.0,68.0,0.0,2025102608,59960.0,,202510260den,28535.0,401772762,6851.0,7,7,160.0,-192.0,3.5,-110.0,-110.0,51.5,-110.0,-110.0,0,outdoors,grass,67.0,4.0,00-0033077,00-0039732,Dak Prescott,Bo Nix,Brian Schottenheimer,Sean Payton,Carl Cheffers,DEN00,Empower Field at Mile High,0,23.0,17.2,0.2,21.25691328453999,4.0,0.0,32.4,29.0,0.2,29.9936107017867,1.0,0.0,0,89.41452991452992,117.5644861392833,0.0,0.0,3.0,0.0
2025_08_TEN_IND,2025,REG,8,2025-10-26,Sunday,16:25,TEN,14.0,IND,38.0,Home,24.0,52.0,0.0,2025102609,59961.0,,202510260clt,28536.0,401772761,6852.0,7,7,950.0,-1650.0,15.5,-115.0,-105.0,47.5,-102.0,-118.0,1,closed,fieldturf,,,00-0040676,00-0035710,Cam Ward,Daniel Jones,Brian Callahan,Shane Steichen,Land Clark,IND00,Lucas Oil Stadium,1,34.0,20.8,0.6,33.98161728149547,3.0,0.0,13.0,27.8,-1.2,13.179584905089463,-2.0,0.0,0,104.27365849160981,69.54979360165119,1.0,0.0,2.0,0.0
2025_08_GB_PIT,2025,REG,8,2025-10-26,Sunday,20:20,GB,35.0,PIT,25.0,Home,-10.0,60.0,0.0,2025102610,59962.0,,202510260pit,28537.0,401772925,6853.0,7,10,-155.0,130.0,-3.0,100.0,-120.0,46.5,-115.0,-105.0,0,outdoors,grass,46.0,5.0,00-0036264,00-0023459,Jordan Love,Aaron Rodgers,Matt LaFleur,Mike Tomlin,Shawn Hochuli,PIT00,Acrisure Stadium,0,23.2,21.6,0.8,20.69654489944441,-1.0,0.0,26.2,22.4,-0.2,21.318438744616778,2.0,0.0,3,98.55479345888553,103.28174503838162,0.0,0.0,0.0,0.0
2025_08_WAS_KC,2025,REG,8,2025-10-27,Monday,20:15,WAS,7.0,KC,28.0,Home,21.0,35.0,0.0,2025102700,59963.0,,202510270kan,28538.0,401772817,6854.0,8,8,500.0,-700.0,10.5,-105.0,-115.0,48.5,-115.0,-105.0,0,outdoors,grass,54.0,8.0,00-0039910,00-0033873,Jayden Daniels,Patrick Mahomes,Dan Quinn,Andy Reid,Brad Allen,KAN00,GEHA Field at Arrowhead Stadium,0,29.6,15.4,1.2,26.48963211595648,2.0,0.0,28.2,27.4,-1.0,25.4383155490541,-2.0,0.0,0,112.16770777746387,,2.0,0.0,1.0,1.0
2025_09_BAL_MIA,2025,REG,9,2025-10-30,Thursday,20:15,BAL,28.0,MIA,6.0,Home,-22.0,34.0,0.0,2025103000,59964.0,,202510300mia,28539.0,401772943,6855.0,4,4,-455.0,350.0,-7.5,-120.0,100.0,51.5,-110.0,-110.0,0,outdoors,grass,73.0,5.0,00-0034796,00-0036212,Lamar Jackson,Tua Tagovailoa,John Harbaugh,Mike McDaniel,Scott Novak,MIA00,Hard Rock Stadium,0,23.6,23.6,0.0,21.847197918585376,1.0,0.0,18.6,30.4,-1.4,18.426873891188645,1.0,1.0,0,90.88822270221728,124.48793271492909,1.0,0.0,0.0,0.0
2025_09_CHI_CIN,2025,REG,9,2025-11-02,Sunday,13:00,CHI,47.0,CIN,42.0,Home,-5.0,89.0,0.0,2025110200,59965.0,,202511020cin,28540.0,401772765,6856.0,7,7,-162.0,136.0,-3.0,-105.0,-115.0,51.5,-108.0,-112.0,0,outdoors,fieldturf,50.0,6.0,00-0039918,00-0026158,Caleb Williams,Joe Flacco,Ben Johnson,Zac Taylor,Clete Blakeman,CIN00,Paycor Stadium,0,23.2,32.4,0.4,23.39448735955056,-1.0,0.0,24.6,21.2,2.4,21.015862712267754,-1.0,0.0,0,78.98144671580215,90.6681572380302,2.0,0.0,0.0,0.0
2025_09_MIN_DET,2025,REG,9,2025-11-02,Sunday,13:00,MIN,27.0,DET,24.0,Home,-3.0,51.0,0.0,2025110201,59966.0,,202511020det,28541.0,401772871,6857.0,10,13,410.0,-550.0,9.5,-108.0,-112.0,47.5,-105.0,-115.0,1,dome,fieldturf,,,00-0039923,00-0033106,J.J. McCarthy,Jared Goff,Kevin O'Connell,Dan Campbell,Clay Martin,DET00,Ford Field,1,30.0,20.6,1.0,27.955174379797526,1.0,0.0,24.4,23.2,-0.2,22.69941737778354,-2.0,1.0,3,110.668220783788,68.02083333333334,1.0,0.0,0.0,0.0
2025_09_CAR_GB,2025,REG,9,2025-11-02,Sunday,13:00,CAR,16.0,GB,13.0,Home,-3.0,29.0,0.0,2025110202,59967.0,,202511020gnb,28542.0,401772872,6858.0,7,7,650.0,-1000.0,12.5,-102.0,-118.0,43.5,-115.0,-105.0,0,outdoors,grass,47.0,15.0,00-0039150,00-0036264,Bryce Young,Jordan Love,Dave Canales,Matt LaFleur,Land Clark,GNB00,Lambeau Field,0,27.8,23.8,0.0,23.39568960464844,3.0,0.0,18.4,27.8,-0.8,15.719181866086453,-1.0,0.0,0,107.34633382071233,91.32361111111112,0.0,0.0,1.0,0.0
2025_09_DEN_HOU,2025,REG,9,2025-11-02,Sunday,13:00,DEN,18.0,HOU,15.0,Home,-3.0,33.0,0.0,2025110203,59968.0,,202511020htx,28543.0,401772870,6859.0,7,7,105.0,-125.0,1.5,-110.0,-110.0,40.5,-105.0,-115.0,0,closed,astroturf,,,00-0039732,00-0039163,Bo Nix,C.J. Stroud,Sean Payton,DeMeco Ryans,Ron Torbert,HOU00,NRG Stadium,1,25.0,13.8,1.0,23.528938436329586,1.0,0.0,27.8,17.4,0.0,23.535993590283507,5.0,0.0,0,,95.37487474211613,0.0,0.0,0.0,0.0
2025_09_ATL_NE,2025,REG,9,2025-11-02,Sunday,13:00,ATL,23.0,NE,24.0,Home,1.0,47.0,0.0,2025110204,59969.0,,202511020nwe,28544.0,401772763,6860.0,7,7,205.0,-250.0,5.5,-110.0,-110.0,45.5,-112.0,-108.0,0,outdoors,fieldturf,52.0,7.0,00-0039917,00-0039851,Michael Penix,Drake Maye,Raheem Morris,Mike Vrabel,Brad Allen,BOS00,Gillette Stadium,0,30.6,15.6,1.0,27.384552119873927,5.0,0.0,15.6,25.0,-0.6,12.973835862388507,-2.0,0.0,0,133.6891845366909,85.47917938542938,0.0,0.0,1.0,0.0
2025_09_SF_NYG,2025,REG,9,2025-11-02,Sunday,13:00,SF,34.0,NYG,24.0,Home,-10.0,58.0,0.0,2025110205,59970.0,,202511020nyg,28545.0,401772767,6861.0,7,7,-148.0,124.0,-2.5,-120.0,100.0,47.5,-108.0,-112.0,0,outdoors,fieldturf,56.0,5.0,00-0036972,00-0040691,Mac Jones,Jaxson Dart,Kyle Shanahan,Brian Daboll,John Hussey,NYC01,MetLife Stadium,0,24.2,26.4,-0.4,23.974749901438987,-2.0,0.0,20.2,23.0,-0.8,22.58778089887641,-1.0,0.0,0,93.042297979798,81.91466625346199,3.0,0.0,2.0,0.0
2025_09_IND_PIT,2025,REG,9,2025-11-02,Sunday,13:00,IND,20.0,PIT,27.0,Home,7.0,47.0,0.0,2025110206,59971.0,,202511020pit,28546.0,401772766,6862.0,7,7,-185.0,154.0,-3.5,100.0,-120.0,51.5,-105.0,-115.0,0,outdoors,grass,56.0,2.0,00-0035710,00-0023459,Daniel Jones,Aaron Rodgers,Shane Steichen,Mike Tomlin,Craig Wrolstad,PIT00,Acrisure Stadium,0,24.8,22.4,0.6,21.779819840285175,-2.0,0.0,33.4,19.6,0.6,33.08911763256455,4.0,0.0,0,107.2521840312761,108.78860102034545,0.0,0.0,0.0,0.0
2025_09_LAC_TEN,2025,REG,9,2025-11-02,Sunday,13:00,LAC,27.0,TEN,20.0,Home,-7.0,47.0,0.0,2025110207,59972.0,,202511020oti,28547.0,401772764,6863.0,10,7,-650.0,470.0,-10.0,-112.0,-108.0,44.5,-110.0,-110.0,0,outdoors,grass,46.0,5.0,00-0036355,00-0040676,Justin Herbert,Cam Ward,Jim Harbaugh,Brian Callahan,Alex Kemp,NAS00,Nissan Stadium,0,11.8,27.2,-1.2,12.644013975651877,-3.0,0.0,23.6,24.6,-0.6,20.954073475372763,1.0,0.0,-3,69.98839009287926,94.3083612004244,3.0,0.0,2.0,0.0
2025_09_NO_LA,2025,REG,9,2025-11-02,Sunday,16:05,NO,10.0,LA,34.0,Home,24.0,44.0,0.0,2025110208,59973.0,,202511020ram,28548.0,401772874,6864.0,7,14,750.0,-1200.0,14.0,-105.0,-115.0,44.5,-105.0,-115.0,0,dome,matrixturf,,,00-0040743,00-0026498,Tyler Shough,Matthew Stafford,Kellen Moore,Sean McVay,Shawn Smith,LAX01,SoFi Stadium,1,25.6,17.8,0.4,22.69415977281146,2.0,0.0,16.2,23.8,-0.4,14.59019340358045,-3.0,1.0,7,106.6048448034696,53.19444444444444,0.0,0.0,0.0,0.0
2025_09_JAX_LV,2025,REG,9,2025-11-02,Sunday,16:05,JAX,30.0,LV,29.0,Home,-1.0,59.0,1.0,2025110209,59974.0,,202511020rai,28549.0,401772873,6865.0,14,14,-130.0,110.0,-2.5,-105.0,-115.0,43.5,-105.0,-115.0,0,dome,grass,,,00-0036971,00-0030565,Trevor Lawrence,Geno Smith,Liam Coen,Pete Carroll,Alan Eck,VEG00,Allegiant Stadium,1,14.8,29.4,-0.6,13.836885649973954,-1.0,0.0,18.6,22.8,1.0,19.414636077592473,-2.0,0.0,0,86.4175538718736,83.29843830005122,1.0,0.0,2.0,0.0
2025_09_KC_BUF,2025,REG,9,2025-11-02,Sunday,16:25,KC,21.0,BUF,28.0,Home,7.0,49.0,0.0,2025110210,59975.0,,202511020buf,28550.0,401772768,6866.0,6,7,-135.0,114.0,-2.5,-105.0,-115.0,53.5,-115.0,-105.0,0,outdoors,a_turf,54.0,6.0,00-0033873,00-0034857,Patrick Mahomes,Josh Allen,Andy Reid,Sean McDermott,Carl Cheffers,BUF00,New Era Field,0,27.2,19.2,0.0,26.211076810982853,1.0,0.0,30.8,15.0,0.8,28.052566600217467,3.0,0.0,1,106.32145903049977,115.9746765109032,1.0,0.0,1.0,0.0
2025_09_SEA_WAS,2025,REG,9,2025-11-02,Sunday,20:20,SEA,38.0,WAS,14.0,Home,-24.0,52.0,0.0,2025110211,59976.0,,202511020was,28551.0,401772926,6867.0,13,6,-148.0,124.0,-2.5,-120.0,100.0,47.5,-115.0,-105.0,0,outdoors,grass,53.0,3.0,00-0034869,00-0039910,Sam Darnold,Jayden Daniels,Mike Macdonald,Dan Quinn,Bill Vinovich,WAS00,FedExField,0,21.4,28.2,-0.8,19.745854217155024,-3.0,0.0,29.8,20.4,-0.6,33.58861630671242,2.0,0.0,-7,99.04312354312354,119.27335110130812,1.0,0.0,1.0,0.0
2025_09_ARI_DAL,2025,REG,9,2025-11-03,Monday,20:15,ARI,27.0,DAL,17.0,Home,-10.0,44.0,0.0,2025110300,59977.0,,202511030dal,28552.0,401772818,6868.0,15,8,145.0,-175.0,3.5,-115.0,-105.0,53.5,-105.0,-115.0,0,closed,matrixturf,,,00-0033119,00-0033077,Jacoby Brissett,Dak Prescott,Jonathan Gannon,Brian Schottenheimer,Adrian Hill,DAL00,AT&T Stadium,1,34.4,31.6,0.8,35.000885717177844,-1.0,0.0,21.2,23.8,-0.4,21.415964000723605,-5.0,0.0,-7,111.81112592422953,79.8221182412359,3.0,0.0,0.0,0.0
2025_10_LV_DEN,2025,REG,10,2025-11-06,Thursday,20:15,LV,7.0,DEN,10.0,Home,3.0,17.0,0.0,2025110600,59978.0,,202511060den,28553.0,401772944,6869.0,4,4,380.0,-500.0,9.5,-112.0,-108.0,42.5,-110.0,-110.0,1,outdoors,grass,60.0,10.0,00-0030565,00-0039732,Geno Smith,Bo Nix,Pete Carroll,Sean Payton,Bill Vinovich,DEN00,Empower Field at Mile High,0,25.8,19.8,0.2,24.12105741684649,6.0,0.0,15.8,27.2,-0.8,15.409626001824144,-2.0,0.0,0,89.56406393130531,83.45925737909434,0.0,0.0,1.0,0.0
2025_10_ATL_IND,2025,REG,10,2025-11-09,Sunday,09:30,ATL,25.0,IND,31.0,Neutral,6.0,56.0,1.0,2025110900,59979.0,,202511090clt,28554.0,401772636,6870.0,7,7,250.0,-310.0,6.5,-112.0,-108.0,48.5,-112.0,-108.0,0,closed,grass,46.0,2.0,00-0039917,00-0035710,Michael Penix,Daniel Jones,Raheem Morris,Shane Steichen,Clete Blakeman,IND00,Lucas Oil Stadium,1,33.4,19.6,0.4,32.295885360551026,-1.0,0.0,20.2,23.8,0.6,19.399369649545207,-3.0,0.0,0,105.4481969799414,90.097369003619,1.0,0.0,1.0,0.0
2025_10_NO_CAR,2025,REG,10,2025-11-09,Sunday,13:00,NO,17.0,CAR,7.0,Home,-10.0,24.0,0.0,2025110901,59980.0,,202511090car,28555.0,401772877,6871.0,7,7,200.0,-245.0,5.5,-112.0,-108.0,38.5,-105.0,-115.0,1,outdoors,grass,73.0,15.0,00-0040743,00-0039150,Tyler Shough,Bryce Young,Kellen Moore,Dave Canales,Brad Allen,CAR00,Bank of America Stadium,0,19.0,22.0,-0.6,16.3554815959852,1.0,0.0,14.4,24.4,-0.8,13.82925361155698,-4.0,1.0,0,85.2611111111111,67.22222222222223,0.0,0.0,1.0,0.0
2025_10_NYG_CHI,2025,REG,10,2025-11-09,Sunday,13:00,NYG,20.0,CHI,24.0,Home,4.0,44.0,0.0,2025110902,59981.0,,202511090chi,28556.0,401772875,6872.0,7,7,180.0,-218.0,4.5,-108.0,-112.0,45.5,-112.0,-108.0,0,outdoors,grass,33.0,10.0,00-0040691,00-0039918,Jaxson Dart,Caleb Williams,Brian Daboll,Ben Johnson,Adrian Hill,CHI98,Soldier Field,0,27.8,26.8,2.2,23.2915544877138,1.0,0.0,24.8,29.6,-0.6,24.021310732938886,-3.0,0.0,0,85.12193875063524,95.23547979797979,1.0,0.0,3.0,0.0
2025_10_JAX_HOU,2025,REG,10,2025-11-09,Sunday,13:00,JAX,29.0,HOU,36.0,Home,7.0,65.0,0.0,2025110903,59982.0,,202511090htx,28557.0,401772770,6873.0,7,7,-115.0,-105.0,-1.5,100.0,-120.0,37.5,-112.0,-108.0,1,closed,astroturf,,,00-0036971,00-0036898,Trevor Lawrence,Davis Mills,Liam Coen,DeMeco Ryans,Alex Moore,HOU00,NRG Stadium,1,26.0,14.0,1.4,24.96948568753344,-1.0,1.0,21.2,26.6,0.6,19.787642770916516,1.0,0.0,0,69.06439393939394,86.63912457456101,4.0,1.0,3.0,0.0
2025_10_BUF_MIA,2025,REG,10,2025-11-09,Sunday,13:00,BUF,13.0,MIA,30.0,Home,17.0,43.0,0.0,2025110904,59983.0,,202511090mia,28558.0,401772771,6874.0,7,10,-455.0,350.0,-8.5,-105.0,-115.0,50.5,-115.0,-105.0,1,outdoors,grass,84.0,6.0,00-0034857,00-0036212,Josh Allen,Tua Tagovailoa,Sean McDermott,Mike McDaniel,Ron Torbert,MIA00,Hard Rock Stadium,0,19.4,25.0,-1.2,17.98862682422833,-1.0,0.0,26.6,19.2,0.0,27.66275192956319,2.0,0.0,3,82.09238936888394,104.15341873745949,1.0,0.0,0.0,0.0
2025_10_BAL_MIN,2025,REG,10,2025-11-09,Sunday,13:00,BAL,27.0,MIN,19.0,Home,-8.0,46.0,0.0,2025110905,59984.0,,202511090min,28559.0,401772876,6875.0,10,7,-230.0,190.0,-4.5,-105.0,-115.0,48.5,-105.0,-115.0,0,dome,sportturf,,,00-0034796,00-0039923,Lamar Jackson,J.J. McCarthy,John Harbaugh,Kevin O'Connell,Shawn Hochuli,MIN01,U.S. Bank Stadium,1,20.2,26.0,-1.2,18.398111861181583,1.0,1.0,18.2,24.0,-0.6,18.61855128439993,2.0,0.0,-3,72.875,130.24590372942185,0.0,0.0,0.0,0.0
2025_10_CLE_NYJ,2025,REG,10,2025-11-09,Sunday,13:00,CLE,20.0,NYJ,27.0,Home,7.0,47.0,0.0,2025110906,59985.0,,202511090nyj,28560.0,401772769,6876.0,14,14,-130.0,110.0,-1.5,-115.0,-105.0,37.5,-115.0,-105.0,0,outdoors,fieldturf,62.0,12.0,00-0040704,00-0028118,Dillon Gabriel,Tyrod Taylor,Kevin Stefanski,Aaron Glenn,Shawn Smith,NYC01,MetLife Stadium,0,19.8,25.6,-1.0,16.889654901727823,1.0,1.0,16.0,23.2,0.8,15.262014120862435,-1.0,0.0,0,,78.88357591482591,0.0,0.0,2.0,0.0
2025_10_NE_TB,2025,REG,10,2025-11-09,Sunday,13:00,NE,28.0,TB,23.0,Home,-5.0,51.0,0.0,2025110907,59986.0,,202511090tam,28561.0,401772772,6877.0,7,14,124.0,-148.0,2.5,100.0,-120.0,48.5,-105.0,-115.0,0,outdoors,grass,82.0,11.0,00-0039851,00-0034855,Drake Maye,Baker Mayfield,Mike Vrabel,Todd Bowles,Alex Kemp,TAM00,Raymond James Stadium,0,25.0,22.4,1.0,25.52868546437207,1.0,0.0,27.0,17.6,0.6,24.71110552146122,6.0,0.0,7,100.93435990338165,123.06460711951715,3.0,0.0,0.0,0.0
2025_10_ARI_SEA,2025,REG,10,2025-11-09,Sunday,16:05,ARI,22.0,SEA,44.0,Home,22.0,66.0,0.0,2025110908,59987.0,,202511090sea,28562.0,401772773,6878.0,6,7,270.0,-340.0,7.0,-115.0,-105.0,44.5,-102.0,-118.0,1,outdoors,fieldturf,59.0,5.0,00-0033119,00-0034869,Jacoby Brissett,Sam Darnold,Jonathan Gannon,Mike Macdonald,Alan Eck,SEA00,Lumen Field,0,28.6,20.6,-0.4,31.66718302489535,3.0,0.0,23.6,24.0,0.0,23.504040088777916,1.0,0.0,1,,89.68454708374063,2.0,0.0,3.0,0.0
2025_10_LA_SF,2025,REG,10,2025-11-09,Sunday,16:25,LA,42.0,SF,26.0,Home,-16.0,68.0,0.0,2025110909,59988.0,,202511090sfo,28563.0,401772879,6879.0,7,7,-258.0,210.0,-5.5,-115.0,-105.0,49.5,-110.0,-110.0,1,outdoors,grass,77.0,3.0,00-0026498,00-0036972,Matthew Stafford,Mac Jones,Sean McVay,Kyle Shanahan,Land Clark,SFO01,Levi's Stadium,0,22.8,22.6,-0.2,23.537541338865722,1.0,0.0,27.2,13.2,0.8,23.557808299441646,3.0,0.0,0,92.20514728327228,118.27861374286354,2.0,0.0,0.0,0.0
2025_10_DET_WAS,2025,REG,10,2025-11-09,Sunday,16:25,DET,44.0,WAS,22.0,Home,-22.0,66.0,0.0,2025110910,59989.0,,202511090was,28564.0,401772878,6880.0,7,7,-455.0,350.0,-8.5,-105.0,-115.0,49.5,-112.0,-108.0,0,outdoors,grass,64.0,9.0,00-0033106,00-0032268,Jared Goff,Marcus Mariota,Dan Campbell,Dan Quinn,Scott Novak,WAS00,FedExField,0,18.8,29.0,-1.0,18.272387302017055,-4.0,1.0,27.2,20.0,0.8,25.056592187986872,-1.0,0.0,0,110.0892761291312,111.63186299743022,2.0,0.0,1.0,0.0
2025_10_PIT_LAC,2025,REG,10,2025-11-09,Sunday,20:20,PIT,10.0,LAC,25.0,Home,15.0,35.0,0.0,2025110911,59990.0,,202511090sdg,28565.0,401772927,6881.0,7,7,136.0,-162.0,3.0,-118.0,-102.0,45.5,-115.0,-105.0,0,dome,matrixturf,,,00-0023459,00-0036355,Aaron Rodgers,Justin Herbert,Mike Tomlin,Jim Harbaugh,Brad Rogers,LAX01,SoFi Stadium,1,25.4,24.4,-0.4,22.55226552010458,2.0,0.0,26.0,23.6,0.4,23.912145902719317,1.0,0.0,0,103.09936204146732,107.09069334804629,2.0,0.0,1.0,0.0
2025_10_PHI_GB,2025,REG,10,2025-11-10,Monday,20:15,PHI,10.0,GB,7.0,Home,-3.0,17.0,0.0,2025111000,59991.0,,202511100gnb,28566.0,401772630,6882.0,15,8,-110.0,-110.0,1.5,-122.0,102.0,45.5,-108.0,-112.0,0,outdoors,grass,33.0,9.0,00-0036389,00-0036264,Jalen Hurts,Jordan Love,Nick Sirianni,Matt LaFleur,Clay Martin,GNB00,Lambeau Field,0,28.4,24.4,-0.2,23.829605405946868,-1.0,0.0,26.2,24.4,0.4,27.09706316623451,2.0,0.0,-7,105.52110859548709,120.19391281233386,1.0,0.0,1.0,0.0
2025_11_NYJ_NE,2025,REG,11,2025-11-13,Thursday,20:15,NYJ,14.0,NE,27.0,Home,13.0,41.0,0.0,2025111300,59992.0,,202511130nwe,28567.0,401772945,6883.0,4,4,625.0,-950.0,12.5,-105.0,-115.0,43.5,-115.0,-105.0,1,outdoors,fieldturf,39.0,9.0,00-0028118,00-0039851,Tyrod Taylor,Drake Maye,Aaron Glenn,Mike Vrabel,Alan Eck,BOS00,Gillette Stadium,0,28.0,18.2,0.0,26.048511744997498,7.0,0.0,21.0,24.2,-0.6,18.356942680975408,2.0,1.0,0,120.73216984353148,,1.0,0.0,1.0,0.0
2025_11_WAS_MIA,2025,REG,11,2025-11-16,Sunday,09:30,WAS,13.0,MIA,16.0,Neutral,3.0,29.0,1.0,2025111600,59993.0,,202511160mia,28568.0,401772631,6884.0,7,7,124.0,-148.0,2.5,100.0,-120.0,47.5,-110.0,-110.0,0,outdoors,grass,,,00-0032268,00-0036212,Marcus Mariota,Tua Tagovailoa,Dan Quinn,Mike McDaniel,Shawn Smith,MIA00,Hard Rock Stadium,0,20.6,22.2,-1.4,20.33690063447788,1.0,0.0,17.8,35.8,-1.2,17.39024653979239,-5.0,1.0,0,75.3132888397834,110.19797178130511,1.0,0.0,3.0,0.0
2025_11_CAR_ATL,2025,REG,11,2025-11-16,Sunday,13:00,CAR,30.0,ATL,27.0,Home,-3.0,57.0,1.0,2025111601,59994.0,,202511160atl,28569.0,401772882,6885.0,7,7,180.0,-218.0,4.5,-118.0,-102.0,42.5,-110.0,-110.0,1,closed,fieldturf,,,00-0039150,00-0039917,Bryce Young,Michael Penix,Dave Canales,Raheem Morris,Clay Martin,ATL97,Mercedes-Benz Stadium,1,18.4,24.6,0.8,19.135136673081302,-4.0,0.0,15.0,20.6,-0.8,13.487926492163458,-1.0,0.0,0,97.20385048510049,81.00555555555556,1.0,0.0,1.0,0.0
2025_11_TB_BUF,2025,REG,11,2025-11-16,Sunday,13:00,TB,32.0,BUF,44.0,Home,12.0,76.0,0.0,2025111602,59995.0,,202511160buf,28570.0,401772776,6886.0,7,7,230.0,-285.0,6.0,-108.0,-112.0,46.5,-112.0,-108.0,0,outdoors,a_turf,38.0,20.0,00-0034855,00-0034857,Baker Mayfield,Josh Allen,Todd Bowles,Sean McDermott,Alex Moore,BUF00,New Era Field,0,23.0,21.4,-0.2,24.691965811509373,-1.0,0.0,24.6,21.8,1.6,26.06282411408816,-1.0,0.0,0,101.13447934352008,105.29143354679249,0.0,0.0,4.0,0.0
2025_11_LAC_JAX,2025,REG,11,2025-11-16,Sunday,13:00,LAC,6.0,JAX,35.0,Home,29.0,41.0,0.0,2025111603,59996.0,,202511160jax,28571.0,401772775,6887.0,7,7,-155.0,130.0,-3.0,-105.0,-115.0,43.5,-110.0,-110.0,0,outdoors,grass,74.0,9.0,00-0036355,00-0036971,Justin Herbert,Trevor Lawrence,Jim Harbaugh,Liam Coen,Craig Wrolstad,JAX00,TIAA Bank Stadium,0,21.8,29.6,-0.2,22.83922187363198,-1.0,0.0,28.4,21.0,0.0,26.377178352306323,3.0,0.0,0,82.941134859741,103.93704925846487,3.0,0.0,0.0,0.0
2025_11_CHI_MIN,2025,REG,11,2025-11-16,Sunday,13:00,CHI,19.0,MIN,17.0,Home,-2.0,36.0,0.0,2025111604,59997.0,,202511160min,28573.0,401772880,6888.0,7,7,124.0,-148.0,3.0,-115.0,-105.0,47.5,-102.0,-118.0,1,dome,sportturf,,,00-0039918,00-0039923,Caleb Williams,J.J. McCarthy,Ben Johnson,Kevin O'Connell,Brad Rogers,MIN01,U.S. Bank Stadium,1,19.8,26.6,-1.4,18.15089536516854,-1.0,0.0,27.6,26.0,1.8,22.138592074182835,2.0,0.0,0,68.27232142857143,87.0914082201047,2.0,0.0,1.0,0.0
2025_11_GB_NYG,2025,REG,11,2025-11-16,Sunday,13:00,GB,27.0,NYG,20.0,Home,-7.0,47.0,0.0,2025111605,59998.0,,202511160nyg,28574.0,401772883,6889.0,6,7,-440.0,340.0,-7.5,-110.0,-110.0,41.5,-110.0,-110.0,0,outdoors,fieldturf,55.0,17.0,00-0036264,00-0031503,Jordan Love,Jameis Winston,Matt LaFleur,Brian Daboll,Scott Novak,NYC01,MetLife Stadium,0,26.0,29.2,0.2,25.803264647222605,-4.0,1.0,21.8,18.4,-0.2,19.265008747867984,-2.0,0.0,1,75.85817204315637,95.65676751021579,5.0,1.0,1.0,0.0
2025_11_CIN_PIT,2025,REG,11,2025-11-16,Sunday,13:00,CIN,12.0,PIT,34.0,Home,22.0,46.0,0.0,2025111606,59999.0,,202511160pit,28575.0,401772774,6890.0,14,7,205.0,-250.0,5.5,-108.0,-112.0,48.5,-110.0,-110.0,1,outdoors,grass,46.0,17.0,00-0026158,00-0023459,Joe Flacco,Aaron Rodgers,Zac Taylor,Mike Tomlin,Bill Vinovich,PIT00,Acrisure Stadium,0,23.2,24.4,-0.2,21.06256096679793,-1.0,0.0,31.0,36.2,-0.4,30.657671097424195,-2.0,0.0,-7,93.27226715058782,89.74090298057757,1.0,0.0,2.0,0.0
2025_11_HOU_TEN,2025,REG,11,2025-11-16,Sunday,13:00,HOU,16.0,TEN,13.0,Home,-3.0,29.0,0.0,2025111607,60000.0,,202511160oti,28576.0,401772881,6891.0,7,14,-265.0,215.0,-5.5,-108.0,-112.0,37.5,-118.0,-102.0,1,outdoors,grass,64.0,8.0,00-0036898,00-0040676,Davis Mills,Cam Ward,DeMeco Ryans,Brian Callahan,Shawn Hochuli,NAS00,Nissan Stadium,0,15.8,27.4,-0.8,15.81945648059606,-4.0,0.0,28.0,19.8,1.2,27.07439491303679,1.0,1.0,7,78.59950120399037,70.37457912457913,1.0,0.0,2.0,1.0
2025_11_SF_ARI,2025,REG,11,2025-11-16,Sunday,16:05,SF,41.0,ARI,22.0,Home,-19.0,63.0,0.0,2025111608,60001.0,,202511160crd,28577.0,401772885,6892.0,7,7,-192.0,160.0,-3.5,-105.0,-115.0,48.5,-112.0,-108.0,1,closed,grass,,,00-0037834,00-0033119,Brock Purdy,Jacoby Brissett,Kyle Shanahan,Jonathan Gannon,Carl Cheffers,PHO00,State Farm Stadium,1,24.0,28.2,0.6,22.77759418374091,-1.0,0.0,22.8,26.4,-1.0,25.545704588014978,-1.0,1.0,0,90.93454708374063,85.70118340205353,4.0,0.0,0.0,0.0
2025_11_SEA_LA,2025,REG,11,2025-11-16,Sunday,16:05,SEA,19.0,LA,21.0,Home,2.0,40.0,0.0,2025111609,60002.0,,202511160ram,28578.0,401772884,6893.0,7,7,145.0,-175.0,3.0,100.0,-120.0,49.5,-105.0,-115.0,1,dome,matrixturf,,,00-0034869,00-0026498,Sam Darnold,Matthew Stafford,Mike Macdonald,Sean McVay,John Hussey,LAX01,SoFi Stadium,1,30.2,14.4,0.8,26.604952540798262,4.0,0.0,32.8,21.0,-1.0,34.173395455864664,4.0,0.0,0,118.98999585668469,116.63446221241921,0.0,0.0,1.0,0.0
2025_11_BAL_CLE,2025,REG,11,2025-11-16,Sunday,16:25,BAL,23.0,CLE,16.0,Home,-7.0,39.0,0.0,2025111610,60003.0,,202511160cle,28579.0,401772777,6894.0,7,7,-440.0,340.0,-7.5,-105.0,-115.0,37.5,-105.0,-115.0,1,outdoors,grass,44.0,20.0,00-0034796,00-0040704,Lamar Jackson,Dillon Gabriel,John Harbaugh,Kevin Stefanski,Land Clark,CLE00,FirstEnergy Stadium,0,18.0,21.8,1.4,17.286567014446227,-2.0,0.0,19.6,20.4,0.4,19.87075877998104,3.0,0.0,0,,118.90742823032929,0.0,0.0,2.0,0.0
2025_11_KC_DEN,2025,REG,11,2025-11-16,Sunday,16:25,KC,19.0,DEN,22.0,Home,3.0,41.0,0.0,2025111611,60004.0,,202511160den,28580.0,401772778,6895.0,14,10,-218.0,180.0,-3.5,-120.0,100.0,44.5,-110.0,-110.0,1,outdoors,grass,70.0,6.0,00-0033873,00-0039732,Patrick Mahomes,Bo Nix,Andy Reid,Sean Payton,Adrian Hill,DEN00,Empower Field at Mile High,0,23.6,17.8,0.0,21.153636079900124,7.0,0.0,27.6,16.6,0.2,26.918080863945974,-1.0,0.0,-4,82.84397846121985,102.45453872605954,1.0,0.0,0.0,0.0
2025_11_DET_PHI,2025,REG,11,2025-11-16,Sunday,20:20,DET,9.0,PHI,16.0,Home,7.0,25.0,0.0,2025111612,60005.0,,202511160phi,28581.0,401772928,6896.0,7,6,130.0,-155.0,2.5,-102.0,-118.0,46.5,-108.0,-112.0,0,outdoors,grass,45.0,15.0,00-0033106,00-0036389,Jared Goff,Jalen Hurts,Dan Campbell,Nick Sirianni,Alex Kemp,PHI00,Lincoln Financial Field,0,22.0,20.8,0.2,22.184427668539325,3.0,0.0,29.2,22.4,0.4,25.967055206582323,1.0,0.0,-1,117.75267349609456,121.48595951819343,0.0,0.0,5.0,0.0
2025_11_DAL_LV,2025,REG,11,2025-11-17,Monday,20:15,DAL,33.0,LV,16.0,Home,-17.0,49.0,0.0,2025111700,60006.0,,202511170rai,28572.0,401772819,6897.0,14,11,-198.0,164.0,-3.5,-115.0,-105.0,48.5,-115.0,-105.0,0,dome,grass,,,00-0033077,00-0030565,Dak Prescott,Geno Smith,Brian Schottenheimer,Pete Carroll,Brad Allen,VEG00,Allegiant Stadium,1,12.4,24.2,0.0,12.571296371008414,-3.0,0.0,29.8,29.0,0.0,28.814891728874862,-2.0,0.0,-3,80.90736482720179,102.4195660951697,1.0,0.0,0.0,0.0
2025_12_BUF_HOU,2025,REG,12,2025-11-20,Thursday,20:15,BUF,19.0,HOU,23.0,Home,4.0,42.0,0.0,2025112000,60007.0,,202511200htx,28582.0,401772946,6898.0,4,4,-258.0,210.0,-5.5,-108.0,-112.0,43.5,-105.0,-115.0,0,closed,astroturf,,,00-0034857,00-0036898,Josh Allen,Davis Mills,Sean McDermott,DeMeco Ryans,Adrian Hill,HOU00,NRG Stadium,1,22.4,20.4,0.8,22.547517474814235,2.0,0.0,27.8,23.2,0.4,29.17938238795372,1.0,0.0,0,80.63880676685555,101.36476608187134,2.0,0.0,0.0,0.0
2025_12_NYJ_BAL,2025,REG,12,2025-11-23,Sunday,13:00,NYJ,10.0,BAL,23.0,Home,13.0,33.0,0.0,2025112300,60008.0,,202511230rav,28583.0,401772782,6899.0,10,7,675.0,-1050.0,14.0,-110.0,-110.0,44.5,-102.0,-118.0,0,outdoors,grass,54.0,3.0,00-0028118,00-0034796,Tyrod Taylor,Lamar Jackson,Aaron Glenn,John Harbaugh,Clete Blakeman,BAL00,M&T Bank Stadium,0,22.2,14.8,1.0,21.176044592696627,4.0,0.0,19.4,22.2,-0.6,18.823150749063668,-1.0,0.0,-3,102.70570409239824,93.97535624098126,1.0,0.0,0.0,0.0
2025_12_PIT_CHI,2025,REG,12,2025-11-23,Sunday,13:00,PIT,28.0,CHI,31.0,Home,3.0,59.0,0.0,2025112301,60009.0,,202511230chi,28584.0,401772780,6900.0,7,7,130.0,-155.0,3.0,-115.0,-105.0,46.5,-108.0,-112.0,0,outdoors,grass,51.0,3.0,00-0034771,00-0039918,Mason Rudolph,Caleb Williams,Mike Tomlin,Ben Johnson,John Hussey,CHI98,Soldier Field,0,26.4,24.6,1.6,20.25534700170982,3.0,0.0,25.4,25.0,0.2,21.093001280568405,1.0,1.0,0,81.1404383925185,95.18639226092975,2.0,0.0,0.0,0.0
2025_12_NE_CIN,2025,REG,12,2025-11-23,Sunday,13:00,NE,26.0,CIN,20.0,Home,-6.0,46.0,0.0,2025112302,60010.0,,202511230cin,28585.0,401772781,6901.0,10,7,-395.0,310.0,-7.5,-108.0,-112.0,50.5,-102.0,-118.0,0,outdoors,fieldturf,54.0,7.0,00-0039851,00-0026158,Drake Maye,Joe Flacco,Mike Vrabel,Zac Taylor,Land Clark,CIN00,Paycor Stadium,0,28.6,35.6,-0.4,28.839755969101123,-3.0,0.0,28.4,17.2,0.0,27.044391969986922,8.0,0.0,-3,95.6024225884207,114.23895717384823,2.0,0.0,0.0,0.0
2025_12_NYG_DET,2025,REG,12,2025-11-23,Sunday,13:00,NYG,27.0,DET,34.0,Home,7.0,61.0,1.0,2025112303,60011.0,,202511230det,28586.0,401772888,6902.0,7,7,675.0,-1050.0,14.0,-115.0,-105.0,50.5,100.0,-120.0,0,dome,fieldturf,,,00-0031503,00-0033106,Jameis Winston,Jared Goff,Brian Daboll,Dan Campbell,Craig Wrolstad,DET00,Ford Field,1,23.6,20.8,-0.2,22.10081381482103,-1.0,0.0,23.2,31.2,-0.6,23.73353790099332,-5.0,1.0,0,102.90389919700267,68.75609808013789,3.0,0.0,3.0,0.0
2025_12_MIN_GB,2025,REG,12,2025-11-23,Sunday,13:00,MIN,6.0,GB,23.0,Home,17.0,29.0,0.0,2025112304,60012.0,,202511230gnb,28587.0,401772887,6903.0,7,7,235.0,-290.0,6.5,-112.0,-108.0,41.5,-112.0,-108.0,1,outdoors,grass,43.0,10.0,00-0039923,00-0036264,J.J. McCarthy,Jordan Love,Kevin O'Connell,Matt LaFleur,Carl Cheffers,GNB00,Lambeau Field,0,21.8,18.8,0.4,19.571288696164768,1.0,0.0,19.0,27.0,-1.4,17.617727302079295,-2.0,0.0,0,96.4420239204722,64.14910714285715,2.0,0.0,0.0,0.0
2025_12_IND_KC,2025,REG,12,2025-11-23,Sunday,13:00,IND,20.0,KC,23.0,Home,3.0,43.0,1.0,2025112305,60013.0,,202511230kan,28588.0,401772779,6904.0,14,7,180.0,-218.0,3.5,100.0,-120.0,50.5,-112.0,-108.0,0,outdoors,grass,,,00-0035710,00-0033873,Daniel Jones,Patrick Mahomes,Shane Steichen,Andy Reid,Alex Moore,KAN00,GEHA Field at Arrowhead Stadium,0,25.8,14.8,-0.2,25.55985733293909,-2.0,0.0,31.6,23.4,-0.2,31.30587177212695,1.0,0.0,-7,100.09049175225645,102.97582739550285,0.0,0.0,0.0,0.0
2025_12_SEA_TEN,2025,REG,12,2025-11-23,Sunday,13:00,SEA,30.0,TEN,24.0,Home,-6.0,54.0,0.0,2025112306,60014.0,,202511230oti,28589.0,401772886,6905.0,7,7,-950.0,625.0,-12.5,-115.0,-105.0,41.5,-110.0,-110.0,0,outdoors,grass,55.0,1.0,00-0034869,00-0040676,Sam Darnold,Cam Ward,Mike Macdonald,Brian Callahan,Ron Torbert,NAS00,Nissan Stadium,0,14.0,26.4,-1.0,13.992430645321667,-5.0,0.0,29.6,17.6,-1.2,33.835947095482865,-1.0,0.0,0,83.08148318597235,103.46866967162666,2.0,0.0,0.0,0.0
2025_12_JAX_ARI,2025,REG,12,2025-11-23,Sunday,16:05,JAX,27.0,ARI,24.0,Home,-3.0,51.0,1.0,2025112307,60015.0,,202511230crd,28590.0,401772783,6906.0,7,7,-135.0,114.0,-2.5,-108.0,-112.0,47.5,-115.0,-105.0,0,closed,grass,,,00-0036971,00-0033119,Trevor Lawrence,Jacoby Brissett,Liam Coen,Jonathan Gannon,Scott Novak,PHO00,State Farm Stadium,1,24.2,32.0,0.0,23.400012746267503,-2.0,0.0,22.6,25.2,0.0,24.170636757320395,1.0,0.0,0,99.04127222993947,79.8850742536804,1.0,0.0,2.0,0.0
2025_12_CLE_LV,2025,REG,12,2025-11-23,Sunday,16:05,CLE,24.0,LV,10.0,Home,-14.0,34.0,0.0,2025112308,60016.0,,202511230rai,28591.0,401772784,6907.0,7,6,136.0,-162.0,3.0,-105.0,-115.0,35.5,-102.0,-118.0,0,dome,grass,,,00-0040668,00-0030565,Shedeur Sanders,Geno Smith,Kevin Stefanski,Pete Carroll,Shawn Hochuli,VEG00,Allegiant Stadium,1,14.4,22.8,0.4,13.643626046301186,-4.0,0.0,17.8,22.2,1.0,17.24110205831904,-3.0,1.0,-1,83.7248251446621,13.541666666666666,0.0,0.0,1.0,1.0
2025_12_PHI_DAL,2025,REG,12,2025-11-23,Sunday,16:25,PHI,21.0,DAL,24.0,Home,3.0,45.0,0.0,2025112309,60017.0,,202511230dal,28592.0,401772890,6908.0,7,6,-162.0,136.0,-3.0,-105.0,-115.0,47.5,100.0,-120.0,1,closed,matrixturf,,,00-0036389,00-0033077,Jalen Hurts,Dak Prescott,Nick Sirianni,Brian Schottenheimer,Bill Vinovich,DAL00,AT&T Stadium,1,29.0,27.8,-0.2,28.984320622452017,1.0,0.0,21.8,18.4,0.4,21.446586393532474,4.0,0.0,-1,104.658333075316,110.36702186702186,0.0,0.0,1.0,0.0
2025_12_ATL_NO,2025,REG,12,2025-11-23,Sunday,16:25,ATL,24.0,NO,10.0,Home,-14.0,34.0,0.0,2025112310,60018.0,,202511230nor,28593.0,401772889,6909.0,7,14,102.0,-122.0,1.5,-112.0,-108.0,41.5,-118.0,-102.0,1,dome,sportturf,,,00-0029604,00-0040743,Kirk Cousins,Tyler Shough,Raheem Morris,Kellen Moore,Brad Rogers,NOR00,Mercedes-Benz Superdome,1,12.6,23.0,-1.2,12.331284199559908,1.0,0.0,19.0,27.8,0.2,20.129823502751016,-5.0,1.0,7,87.7932098765432,67.86089865470005,0.0,0.0,2.0,0.0
2025_12_TB_LA,2025,REG,12,2025-11-23,Sunday,20:20,TB,7.0,LA,34.0,Home,27.0,41.0,0.0,2025112311,60019.0,,202511230ram,28594.0,401772929,6910.0,7,7,295.0,-375.0,7.0,-110.0,-110.0,49.5,100.0,-120.0,0,dome,matrixturf,,,00-0034855,00-0026498,Baker Mayfield,Matthew Stafford,Todd Bowles,Sean McVay,Clay Martin,LAX01,SoFi Stadium,1,29.8,13.0,1.8,26.96778328471622,5.0,0.0,23.4,23.6,1.0,24.11286829533339,-2.0,0.0,0,114.7587395243645,92.84103672139568,0.0,0.0,4.0,0.0
2025_12_CAR_SF,2025,REG,12,2025-11-24,Monday,20:15,CAR,9.0,SF,20.0,Home,11.0,29.0,0.0,2025112400,60020.0,,202511240sfo,28595.0,401772820,6911.0,8,8,310.0,-395.0,7.5,-115.0,-105.0,48.5,-105.0,-115.0,0,outdoors,grass,58.0,3.0,00-0039150,00-0037834,Bryce Young,Brock Purdy,Dave Canales,Kyle Shanahan,Alex Kemp,SFO01,Levi's Stadium,0,27.2,24.8,0.0,29.940918150557415,1.0,1.0,15.0,20.6,-0.4,14.188304584721362,1.0,0.0,0,103.32732070561019,87.50555555555556,1.0,0.0,3.0,0.0
2025_13_GB_DET,2025,REG,13,2025-11-27,Thursday,13:00,GB,31.0,DET,24.0,Home,-7.0,55.0,0.0,2025112700,60021.0,,202511270det,28596.0,401772891,6912.0,4,4,130.0,-155.0,2.5,105.0,-125.0,48.5,-110.0,-110.0,1,dome,fieldturf,,,00-0036264,00-0033106,Jordan Love,Jared Goff,Matt LaFleur,Dan Campbell,Ron Torbert,DET00,Ford Field,1,27.0,20.2,-0.2,23.38458912076928,1.0,0.0,21.0,15.4,0.4,18.243976879861712,2.0,0.0,0,97.39349963487896,94.70693908193908,2.0,0.0,0.0,0.0
2025_13_KC_DAL,2025,REG,13,2025-11-27,Thursday,16:30,KC,28.0,DAL,31.0,Home,3.0,59.0,0.0,2025112701,60022.0,,202511270dal,28597.0,401772694,6913.0,4,4,-185.0,154.0,-3.5,-105.0,-115.0,53.5,-110.0,-110.0,0,closed,matrixturf,,,00-0033873,00-0033077,Patrick Mahomes,Dak Prescott,Andy Reid,Brian Schottenheimer,John Hussey,DAL00,AT&T Stadium,1,28.4,26.0,-0.8,29.80915323085919,2.0,0.0,24.4,15.4,-0.6,23.962689301416702,1.0,0.0,0,100.3555008313073,89.13517774259462,1.0,0.0,1.0,0.0
2025_13_CIN_BAL,2025,REG,13,2025-11-27,Thursday,20:20,CIN,32.0,BAL,14.0,Home,-18.0,46.0,0.0,2025112702,60023.0,,202511270rav,28598.0,401772930,6914.0,4,4,295.0,-375.0,7.0,100.0,-120.0,52.5,-115.0,-105.0,1,outdoors,grass,38.0,11.0,00-0036442,00-0034796,Joe Burrow,Lamar Jackson,Zac Taylor,John Harbaugh,Craig Wrolstad,BAL00,M&T Bank Stadium,0,26.2,13.4,1.8,24.82381961202021,5.0,0.0,29.0,35.4,-0.6,30.32618731793591,-4.0,1.0,0,88.4565092453773,105.95924096234656,0.0,0.0,2.0,0.0
2025_13_CHI_PHI,2025,REG,13,2025-11-28,Friday,15:00,CHI,24.0,PHI,15.0,Home,-9.0,39.0,0.0,2025112800,60024.0,,202511280phi,28599.0,401772621,6915.0,5,5,270.0,-340.0,7.0,-105.0,-115.0,43.5,-115.0,-105.0,0,outdoors,grass,42.0,18.0,00-0039918,00-0036389,Caleb Williams,Jalen Hurts,Ben Johnson,Nick Sirianni,Carl Cheffers,PHI00,Lincoln Financial Field,0,22.6,16.4,1.2,21.778321173831344,-1.0,0.0,27.4,27.4,1.0,21.459958274244574,4.0,0.0,0,111.02747252747251,89.66974242182252,1.0,0.0,2.0,0.0
2025_13_LA_CAR,2025,REG,13,2025-11-30,Sunday,13:00,LA,28.0,CAR,31.0,Home,3.0,59.0,0.0,2025113000,60025.0,,202511300car,28600.0,401772894,6916.0,7,6,-575.0,425.0,-10.0,-110.0,-110.0,44.5,-105.0,-115.0,0,outdoors,grass,45.0,3.0,00-0026498,00-0039150,Matthew Stafford,Bryce Young,Sean McVay,Dave Canales,Scott Novak,CAR00,Bank of America Stadium,0,14.2,23.4,-0.6,13.707114904446364,-1.0,0.0,33.2,13.8,1.8,33.18204981604852,6.0,0.0,-1,76.70842911877396,119.61496663059162,3.0,0.0,0.0,0.0
2025_13_SF_CLE,2025,REG,13,2025-11-30,Sunday,13:00,SF,26.0,CLE,8.0,Home,-18.0,34.0,0.0,2025113001,60026.0,,202511300cle,28601.0,401772785,6917.0,6,7,-250.0,205.0,-5.5,-108.0,-112.0,35.5,-112.0,-108.0,0,outdoors,grass,35.0,20.0,00-0037834,00-0040668,Brock Purdy,Shedeur Sanders,Kyle Shanahan,Kevin Stefanski,Brad Allen,CLE00,FirstEnergy Stadium,0,20.8,19.6,0.8,20.570308349239458,1.0,1.0,27.2,24.6,-0.2,29.76684304503091,2.0,0.0,1,50.41666666666667,95.99919570561018,0.0,0.0,2.0,0.0
2025_13_HOU_IND,2025,REG,13,2025-11-30,Sunday,13:00,HOU,20.0,IND,16.0,Home,-4.0,36.0,0.0,2025113002,60027.0,,202511300clt,28602.0,401772787,6918.0,10,7,142.0,-170.0,3.0,-105.0,-115.0,44.5,-112.0,-108.0,1,closed,fieldturf,,,00-0039163,00-0035710,C.J. Stroud,Daniel Jones,DeMeco Ryans,Shane Steichen,Clay Martin,IND00,Lucas Oil Stadium,1,29.4,22.6,0.2,30.295655037726565,-1.0,0.0,23.2,18.8,0.8,22.705221700776967,3.0,1.0,-3,102.57977004783261,100.14263056399649,0.0,0.0,0.0,0.0
2025_13_NO_MIA,2025,REG,13,2025-11-30,Sunday,13:00,NO,17.0,MIA,21.0,Home,4.0,38.0,0.0,2025113003,60028.0,,202511300mia,28603.0,401772892,6919.0,7,14,205.0,-250.0,5.5,-110.0,-110.0,41.5,-105.0,-115.0,0,outdoors,grass,76.0,10.0,00-0040743,00-0036212,Tyler Shough,Tua Tagovailoa,Kellen Moore,Mike McDaniel,Alan Eck,MIA00,Hard Rock Stadium,0,18.4,19.0,-1.0,15.911759898136516,2.0,0.0,10.8,22.8,-1.2,9.91658673609208,-1.0,0.0,7,83.55808050645007,84.36477174849267,0.0,0.0,1.0,0.0
2025_13_ATL_NYJ,2025,REG,13,2025-11-30,Sunday,13:00,ATL,24.0,NYJ,27.0,Home,3.0,51.0,0.0,2025113004,60029.0,,202511300nyj,28604.0,401772893,6920.0,7,7,-166.0,140.0,-3.0,-112.0,-108.0,38.5,-105.0,-115.0,0,outdoors,fieldturf,43.0,8.0,00-0029604,00-0028118,Kirk Cousins,Tyrod Taylor,Raheem Morris,Aaron Glenn,Shawn Hochuli,NYC01,MetLife Stadium,0,19.2,24.2,-1.2,18.954781173882296,-2.0,0.0,21.8,25.8,0.4,23.096323808419587,1.0,1.0,0,90.91360028860029,75.47496199340107,1.0,0.0,1.0,0.0
2025_13_ARI_TB,2025,REG,13,2025-11-30,Sunday,13:00,ARI,17.0,TB,20.0,Home,3.0,37.0,0.0,2025113005,60030.0,,202511300tam,28605.0,401772895,6921.0,7,7,164.0,-198.0,4.5,-115.0,-105.0,44.5,-108.0,-112.0,0,outdoors,grass,80.0,8.0,00-0033119,00-0034855,Jacoby Brissett,Baker Mayfield,Jonathan Gannon,Todd Bowles,Bill Vinovich,TAM00,Raymond James Stadium,0,18.8,26.6,0.2,20.614091305770696,-3.0,0.0,23.6,31.2,0.8,21.460210515840707,-3.0,0.0,0,71.43657447883274,99.59322028188751,0.0,0.0,1.0,0.0
2025_13_JAX_TEN,2025,REG,13,2025-11-30,Sunday,13:00,JAX,25.0,TEN,3.0,Home,-22.0,28.0,0.0,2025113006,60031.0,,202511300oti,28606.0,401772786,6922.0,7,7,-270.0,220.0,-6.0,-108.0,-112.0,42.5,-105.0,-115.0,1,outdoors,grass,38.0,7.0,00-0036971,00-0040676,Trevor Lawrence,Cam Ward,Liam Coen,Brian Callahan,Brad Rogers,NAS00,Nissan Stadium,0,16.8,28.4,-0.6,18.456941590521573,-6.0,0.0,25.6,26.0,-0.8,24.79619172432401,2.0,0.0,0,85.02592763041679,76.738248856855,2.0,0.0,2.0,0.0
2025_13_MIN_SEA,2025,REG,13,2025-11-30,Sunday,16:05,MIN,0.0,SEA,26.0,Home,26.0,26.0,0.0,2025113007,60032.0,,202511300sea,28608.0,401772896,6923.0,7,7,600.0,-900.0,12.5,-110.0,-110.0,42.5,-110.0,-110.0,0,outdoors,fieldturf,45.0,2.0,00-0040494,00-0034869,Max Brosmer,Sam Darnold,Kevin O'Connell,Mike Macdonald,Clete Blakeman,SEA00,Lumen Field,0,31.6,20.0,-1.2,33.924613897552014,1.0,0.0,15.8,26.0,-1.2,15.383057681131344,-3.0,1.0,0,100.0071312100882,,0.0,0.0,2.0,1.0
2025_13_LV_LAC,2025,REG,13,2025-11-30,Sunday,16:25,LV,14.0,LAC,31.0,Home,17.0,45.0,0.0,2025113008,60033.0,,202511300sdg,28607.0,401772788,6924.0,7,14,440.0,-600.0,10.0,-115.0,-105.0,40.5,-108.0,-112.0,1,dome,matrixturf,,,00-0030565,00-0036355,Geno Smith,Justin Herbert,Pete Carroll,Jim Harbaugh,Alex Moore,LAX01,SoFi Stadium,1,23.8,22.6,-0.4,21.996284181393555,-1.0,0.0,12.4,25.6,0.2,12.371399432246793,-5.0,0.0,7,90.29913502844536,84.10278957153957,1.0,0.0,1.0,0.0
2025_13_BUF_PIT,2025,REG,13,2025-11-30,Sunday,16:25,BUF,26.0,PIT,7.0,Home,-19.0,33.0,0.0,2025113009,60034.0,,202511300pit,28609.0,401772789,6925.0,10,7,-166.0,140.0,-3.0,-115.0,-105.0,44.5,-112.0,-108.0,0,outdoors,grass,34.0,16.0,00-0034857,00-0023459,Josh Allen,Aaron Rodgers,Sean McDermott,Mike Tomlin,Alex Kemp,PIT00,Acrisure Stadium,0,24.8,24.6,0.6,22.019534838527306,-1.0,0.0,28.8,23.0,0.2,31.888631857237275,-1.0,0.0,-3,91.52226715058785,100.32592746950333,1.0,0.0,3.0,0.0
2025_13_DEN_WAS,2025,REG,13,2025-11-30,Sunday,20:20,DEN,27.0,WAS,26.0,Home,-1.0,53.0,1.0,2025113010,60035.0,,202511300was,28610.0,401772931,6926.0,14,14,-310.0,250.0,-6.5,-105.0,-115.0,43.5,-112.0,-108.0,0,outdoors,grass,40.0,13.0,00-0039732,00-0032268,Bo Nix,Marcus Mariota,Sean Payton,Dan Quinn,Land Clark,WAS00,FedExField,0,15.6,34.0,-0.6,16.016790091930538,-6.0,0.0,25.4,19.4,0.4,25.797195810767114,8.0,0.0,0,98.89241622574956,82.68782230506369,2.0,0.0,0.0,0.0
2025_13_NYG_NE,2025,REG,13,2025-12-01,Monday,20:15,NYG,15.0,NE,33.0,Home,18.0,48.0,0.0,2025120100,60036.0,,202512010nwe,28611.0,401772821,6927.0,8,8,295.0,-375.0,7.0,-105.0,-115.0,46.5,-105.0,-115.0,0,outdoors,fieldturf,30.0,5.0,00-0040691,00-0039851,Jaxson Dart,Drake Maye,Brian Daboll,Mike Vrabel,Alex Kemp,BOS00,Gillette Stadium,0,27.4,18.6,-0.4,24.559730024968786,9.0,0.0,22.2,31.4,-0.4,21.878217101005937,-6.0,1.0,0,104.48171079703665,98.90070968303726,1.0,0.0,1.0,0.0
2025_14_DAL_DET,2025,REG,14,2025-12-04,Thursday,20:15,DAL,30.0,DET,44.0,Home,14.0,74.0,0.0,2025120400,60037.0,,202512040det,28612.0,401772947,6928.0,7,7,160.0,-192.0,3.5,-110.0,-110.0,55.5,-110.0,-110.0,0,dome,fieldturf,,,00-0033077,00-0033106,Dak Prescott,Jared Goff,Brian Schottenheimer,Dan Campbell,Shawn Hochuli,DET00,Ford Field,1,27.0,24.6,-0.2,25.496240981173194,-1.0,0.0,25.8,27.2,-1.4,29.432562989445007,3.0,0.0,0,105.70251820251822,94.34695382276028,2.0,0.0,2.0,0.0
2025_14_SEA_ATL,2025,REG,14,2025-12-07,Sunday,13:00,SEA,37.0,ATL,9.0,Home,-28.0,46.0,0.0,2025120700,60038.0,,202512070atl,28613.0,401772900,6929.0,7,7,-355.0,280.0,-7.0,100.0,-120.0,44.5,-108.0,-112.0,0,closed,fieldturf,,,00-0034869,00-0029604,Sam Darnold,Kirk Cousins,Mike Macdonald,Raheem Morris,Alex Kemp,ATL97,Mercedes-Benz Stadium,1,24.6,24.4,0.8,26.973757772444635,-1.0,0.0,31.4,16.2,0.2,29.80068572372769,2.0,0.0,0,86.43552920396829,89.16430120059152,1.0,0.0,0.0,0.0
2025_14_PIT_BAL,2025,REG,14,2025-12-07,Sunday,13:00,PIT,27.0,BAL,22.0,Home,-5.0,49.0,0.0,2025120701,60039.0,,202512070rav,28614.0,401772791,6930.0,7,10,220.0,-270.0,5.5,100.0,-120.0,43.5,-105.0,-115.0,1,outdoors,grass,44.0,6.0,00-0023459,00-0034796,Aaron Rodgers,Lamar Jackson,Mike Tomlin,John Harbaugh,Alex Moore,BAL00,M&T Bank Stadium,0,23.0,16.6,0.8,20.136393824579738,-1.0,0.0,21.2,22.8,0.8,18.734779149302803,-2.0,0.0,3,84.15442591204399,83.78300477897251,2.0,0.0,1.0,0.0
2025_14_CIN_BUF,2025,REG,14,2025-12-07,Sunday,13:00,CIN,34.0,BUF,39.0,Home,5.0,73.0,0.0,2025120710,60048.0,,202512070buf,28623.0,401772902,6939.0,10,7,230.0,-285.0,6.0,-108.0,-112.0,54.5,-108.0,-112.0,0,outdoors,a_turf,31.0,12.0,00-0036442,00-0034857,Joe Burrow,Josh Allen,Zac Taylor,Sean McDermott,Brad Rogers,BUF00,New Era Field,0,26.0,22.6,-0.4,27.49448985818289,1.0,0.0,28.8,32.0,-0.2,32.526404494382014,1.0,1.0,-3,93.74316621854985,103.56548851424627,2.0,0.0,1.0,0.0
2025_14_TEN_CLE,2025,REG,14,2025-12-07,Sunday,13:00,TEN,31.0,CLE,29.0,Home,-2.0,60.0,0.0,2025120702,60040.0,,202512070cle,28615.0,401772898,6931.0,7,7,170.0,-205.0,4.5,-120.0,100.0,33.5,-105.0,-115.0,0,outdoors,grass,33.0,6.0,00-0040676,00-0040668,Cam Ward,Shedeur Sanders,Brian Callahan,Kevin Stefanski,Carl Cheffers,CLE00,FirstEnergy Stadium,0,16.2,23.6,0.0,16.5425881809131,-1.0,0.0,14.8,27.2,-0.6,15.36301274372108,-7.0,0.0,0,64.80555555555556,80.62964280069542,3.0,0.0,2.0,0.0
2025_14_IND_JAX,2025,REG,14,2025-12-07,Sunday,13:00,IND,19.0,JAX,36.0,Home,17.0,55.0,0.0,2025120704,60042.0,,202512070jax,28617.0,401772793,6933.0,7,7,-135.0,114.0,-2.5,-112.0,-108.0,44.5,-105.0,-115.0,1,outdoors,grass,61.0,7.0,00-0035710,00-0036971,Daniel Jones,Trevor Lawrence,Shane Steichen,Liam Coen,John Hussey,JAX00,TIAA Bank Stadium,0,29.2,19.6,-0.4,26.42480778233938,3.0,0.0,25.0,21.8,0.0,26.240451787728166,-2.0,0.0,0,84.10707601734882,,2.0,0.0,1.0,0.0
2025_14_WAS_MIN,2025,REG,14,2025-12-07,Sunday,13:00,WAS,0.0,MIN,31.0,Home,31.0,31.0,0.0,2025120705,60043.0,,202512070min,28618.0,401772899,6934.0,7,7,-115.0,-105.0,-1.5,-102.0,-118.0,43.5,-102.0,-118.0,0,dome,sportturf,,,00-0032268,00-0039923,Marcus Mariota,J.J. McCarthy,Dan Quinn,Kevin O'Connell,Brad Allen,MIN01,U.S. Bank Stadium,1,13.8,23.8,-2.0,14.24640659983978,-4.0,0.0,16.4,30.6,-0.2,19.01640691691853,-7.0,0.0,0,51.2828790726817,,0.0,0.0,0.0,0.0
2025_14_MIA_NYJ,2025,REG,14,2025-12-07,Sunday,13:00,MIA,34.0,NYJ,10.0,Home,-24.0,44.0,0.0,2025120706,60044.0,,202512070nyj,28619.0,401772790,6935.0,7,7,-148.0,124.0,-2.5,-115.0,-105.0,41.5,-112.0,-108.0,1,outdoors,fieldturf,41.0,6.0,00-0036212,00-0028118,Tua Tagovailoa,Tyrod Taylor,Mike McDaniel,Aaron Glenn,Bill Vinovich,NYC01,MetLife Stadium,0,23.4,26.4,-1.0,22.743290578042505,1.0,0.0,21.4,16.2,0.0,18.941164233383816,3.0,0.0,0,,89.916776158624,3.0,0.0,0.0,0.0
2025_14_NO_TB,2025,REG,14,2025-12-07,Sunday,13:00,NO,24.0,TB,20.0,Home,-4.0,44.0,0.0,2025120707,60045.0,,202512070tam,28620.0,401772792,6936.0,7,7,330.0,-425.0,7.5,-102.0,-118.0,41.5,-105.0,-115.0,1,outdoors,grass,73.0,6.0,00-0040743,00-0034855,Tyler Shough,Baker Mayfield,Kellen Moore,Todd Bowles,Clete Blakeman,TAM00,Raymond James Stadium,0,21.0,25.2,0.6,21.328390237248403,1.0,0.0,11.4,21.8,-0.8,11.313739114551451,-2.0,0.0,0,77.50562209788036,85.86901038125028,2.0,0.0,3.0,0.0
2025_14_DEN_LV,2025,REG,14,2025-12-07,Sunday,16:05,DEN,24.0,LV,17.0,Home,-7.0,41.0,0.0,2025120708,60046.0,,202512070rai,28621.0,401772794,6937.0,7,7,-470.0,360.0,-8.5,-110.0,-110.0,40.5,-115.0,-105.0,1,dome,grass,,,00-0039732,00-0030565,Bo Nix,Geno Smith,Sean Payton,Pete Carroll,Shawn Smith,VEG00,Allegiant Stadium,1,15.2,25.6,0.4,14.748035638441637,-6.0,0.0,24.2,18.2,0.2,22.662698911808004,9.0,0.0,0,91.26538015124972,82.68597045321184,1.0,0.0,0.0,0.0
2025_14_LA_ARI,2025,REG,14,2025-12-07,Sunday,16:25,LA,45.0,ARI,17.0,Home,-28.0,62.0,0.0,2025120709,60047.0,,202512070crd,28622.0,401772901,6938.0,7,7,-500.0,380.0,-9.5,-110.0,-110.0,49.5,-110.0,-110.0,1,closed,grass,,,00-0026498,00-0033119,Matthew Stafford,Jacoby Brissett,Sean McVay,Jonathan Gannon,Ron Torbert,PHO00,State Farm Stadium,1,22.4,29.8,0.6,19.400548011304885,-4.0,0.0,31.8,18.6,1.2,31.393856319242552,-1.0,0.0,0,97.46127583744307,113.25223214285714,3.0,0.0,0.0,0.0
2025_14_CHI_GB,2025,REG,14,2025-12-07,Sunday,16:25,CHI,21.0,GB,28.0,Home,7.0,49.0,0.0,2025120703,60041.0,,202512070gnb,28616.0,401772897,6932.0,9,10,245.0,-305.0,6.5,-105.0,-115.0,44.5,-115.0,-105.0,1,outdoors,grass,16.0,9.0,00-0039918,00-0036264,Caleb Williams,Jordan Love,Ben Johnson,Matt LaFleur,Craig Wrolstad,GNB00,Lambeau Field,0,20.2,15.2,0.2,17.740014547329057,3.0,0.0,29.0,24.4,1.4,25.19406331028522,5.0,0.0,1,92.69342556842557,85.62003481948334,1.0,0.0,2.0,0.0
2025_14_HOU_KC,2025,REG,14,2025-12-07,Sunday,20:20,HOU,20.0,KC,10.0,Home,-10.0,30.0,0.0,2025120711,60049.0,,202512070kan,28624.0,401772932,6940.0,7,10,180.0,-218.0,4.5,-115.0,-105.0,41.5,-110.0,-110.0,0,outdoors,grass,27.0,8.0,00-0039163,00-0033873,C.J. Stroud,Patrick Mahomes,DeMeco Ryans,Andy Reid,Alan Eck,KAN00,GEHA Field at Arrowhead Stadium,0,23.8,21.6,-0.6,23.61991148476531,-1.0,0.0,22.0,19.0,0.6,21.200135655942013,4.0,1.0,3,89.74512172018567,102.0022796868035,2.0,0.0,0.0,0.0
2025_14_PHI_LAC,2025,REG,14,2025-12-08,Monday,20:15,PHI,19.0,LAC,22.0,Home,3.0,41.0,1.0,2025120800,60050.0,,202512080sdg,28625.0,401772822,6941.0,10,8,-120.0,100.0,-1.5,-105.0,-115.0,41.5,-105.0,-115.0,0,dome,matrixturf,,,00-0036389,00-0036355,Jalen Hurts,Justin Herbert,Nick Sirianni,Jim Harbaugh,Scott Novak,LAX01,SoFi Stadium,1,25.2,17.8,0.0,22.551984098719704,1.0,0.0,20.0,16.8,0.6,18.041358545428437,-2.0,0.0,-2,93.40898351329386,96.1990411549235,0.0,0.0,2.0,0.0
2025_15_ATL_TB,2025,REG,15,2025-12-11,Thursday,20:15,ATL,29.0,TB,28.0,Home,-1.0,57.0,0.0,2025121100,60051.0,,202512110tam,28626.0,401772948,6942.0,4,4,225.0,-278.0,6.0,-112.0,-108.0,43.5,-110.0,-110.0,1,outdoors,grass,56.0,5.0,00-0029604,00-0034855,Kirk Cousins,Baker Mayfield,Raheem Morris,Todd Bowles,Carl Cheffers,TAM00,Raymond James Stadium,0,20.4,29.4,0.0,21.942415730337075,-1.0,0.0,21.8,27.0,0.0,23.765136273914358,-2.0,0.0,0,72.42228876454703,80.10970337814244,3.0,0.0,1.0,0.0
2025_15_CLE_CHI,2025,REG,15,2025-12-14,Sunday,13:00,CLE,3.0,CHI,31.0,Home,28.0,34.0,0.0,2025121400,60052.0,,202512140chi,28627.0,401772904,6943.0,7,7,295.0,-375.0,7.5,-112.0,-108.0,38.5,-115.0,-105.0,0,outdoors,grass,8.0,6.0,00-0040668,00-0039918,Shedeur Sanders,Caleb Williams,Kevin Stefanski,Ben Johnson,Ron Torbert,CHI98,Soldier Field,0,23.8,21.6,0.8,23.82930786317635,-1.0,0.0,19.4,23.4,-0.2,18.167618135912196,-2.0,0.0,0,77.97577711640213,73.03373015873017,1.0,0.0,4.0,0.0
2025_15_BAL_CIN,2025,REG,15,2025-12-14,Sunday,13:00,BAL,24.0,CIN,0.0,Home,-24.0,24.0,0.0,2025121401,60053.0,,202512140cin,28628.0,401772796,6944.0,7,7,-162.0,136.0,-2.5,-125.0,105.0,51.5,-110.0,-110.0,1,outdoors,fieldturf,10.0,7.0,00-0034796,00-0036442,Lamar Jackson,Joe Burrow,John Harbaugh,Zac Taylor,Brad Allen,CIN00,Paycor Stadium,0,28.0,32.0,-0.4,32.00697698221352,-1.0,0.0,21.8,20.8,0.0,19.204899516205366,-2.0,0.0,0,98.04696999572776,,1.0,0.0,0.0,0.0
2025_15_ARI_HOU,2025,REG,15,2025-12-14,Sunday,13:00,ARI,20.0,HOU,40.0,Home,20.0,60.0,0.0,2025121402,60054.0,,202512140htx,28629.0,401772903,6945.0,7,7,455.0,-625.0,10.5,-110.0,-110.0,42.5,-112.0,-108.0,0,closed,astroturf,,,00-0033119,00-0039163,Jacoby Brissett,C.J. Stroud,Jonathan Gannon,DeMeco Ryans,Clete Blakeman,HOU00,NRG Stadium,1,23.0,17.4,1.2,21.39699179053366,5.0,0.0,20.4,35.4,-0.2,19.6248181574565,-5.0,0.0,0,93.06122745946097,90.59238531935901,0.0,0.0,5.0,0.0
2025_15_NYJ_JAX,2025,REG,15,2025-12-14,Sunday,13:00,NYJ,20.0,JAX,48.0,Home,28.0,68.0,0.0,2025121403,60055.0,,202512140jax,28630.0,401772797,6946.0,7,7,675.0,-1050.0,13.5,-105.0,-115.0,40.5,-115.0,-105.0,0,outdoors,grass,70.0,11.0,00-0040398,00-0036971,Brady Cook,Trevor Lawrence,Aaron Glenn,Liam Coen,Shawn Smith,JAX00,TIAA Bank Stadium,0,30.4,17.6,0.0,29.2947329063926,4.0,0.0,17.6,25.6,-1.6,20.241595917526716,-1.0,1.0,0,90.55805640950568,35.83333333333334,0.0,0.0,4.0,0.0
2025_15_LAC_KC,2025,REG,15,2025-12-14,Sunday,13:00,LAC,16.0,KC,13.0,Home,-3.0,29.0,0.0,2025121404,60056.0,,202512140kan,28631.0,401772798,6947.0,6,7,210.0,-258.0,5.5,100.0,-120.0,41.5,-108.0,-112.0,1,outdoors,grass,,,00-0036355,00-0033873,Justin Herbert,Patrick Mahomes,Jim Harbaugh,Andy Reid,Shawn Hochuli,KAN00,GEHA Field at Arrowhead Stadium,0,20.2,24.2,-1.2,21.644837483743043,-2.0,0.0,22.2,19.6,0.4,20.417293809244956,2.0,0.0,1,72.71674976534311,80.7653937697041,2.0,0.0,2.0,0.0
2025_15_BUF_NE,2025,REG,15,2025-12-14,Sunday,13:00,BUF,35.0,NE,31.0,Home,-4.0,66.0,0.0,2025121405,60057.0,,202512140nwe,28632.0,401772795,6948.0,7,13,-142.0,120.0,-2.5,-110.0,-110.0,49.5,-105.0,-115.0,1,outdoors,fieldturf,32.0,6.0,00-0034857,00-0039851,Josh Allen,Drake Maye,Sean McDermott,Mike Vrabel,John Hussey,BOS00,Gillette Stadium,0,27.6,19.0,-0.2,22.48999829758257,10.0,0.0,28.2,25.2,-0.4,25.72598632262983,2.0,0.0,6,102.53054592248468,97.04215889254253,0.0,0.0,0.0,0.0
2025_15_WAS_NYG,2025,REG,15,2025-12-14,Sunday,13:00,WAS,29.0,NYG,21.0,Home,-8.0,50.0,0.0,2025121406,60058.0,,202512140nyg,28633.0,401772905,6949.0,7,13,124.0,-148.0,2.5,-105.0,-115.0,46.5,-115.0,-105.0,1,outdoors,fieldturf,27.0,13.0,00-0032268,00-0040691,Marcus Mariota,Jaxson Dart,Dan Quinn,Brian Daboll,Bill Vinovich,NYC01,MetLife Stadium,0,21.2,30.4,-0.6,22.251903115993482,-7.0,1.0,15.0,31.2,-0.8,16.01213201716191,-8.0,0.0,6,97.81043190525949,90.83209876543211,1.0,0.0,2.0,0.0
2025_15_LV_PHI,2025,REG,15,2025-12-14,Sunday,13:00,LV,0.0,PHI,31.0,Home,31.0,31.0,0.0,2025121407,60059.0,,202512140phi,28634.0,401772906,6950.0,7,6,650.0,-1000.0,12.5,-108.0,-112.0,37.5,-118.0,-102.0,0,outdoors,grass,30.0,20.0,00-0038102,00-0036389,Kenny Pickett,Jalen Hurts,Pete Carroll,Nick Sirianni,Clay Martin,PHI00,Lincoln Financial Field,0,16.2,17.2,0.2,15.272205783046648,-3.0,0.0,12.8,24.4,0.4,12.930393358927459,-7.0,1.0,-1,74.15737448825685,65.40972222222221,2.0,0.0,2.0,1.0
2025_15_GB_DEN,2025,REG,15,2025-12-14,Sunday,16:25,GB,26.0,DEN,34.0,Home,8.0,60.0,0.0,2025121408,60060.0,,202512140den,28635.0,401772800,6951.0,7,7,-122.0,102.0,-1.5,-108.0,-112.0,42.5,-115.0,-105.0,0,outdoors,grass,65.0,3.0,00-0036264,00-0039732,Jordan Love,Bo Nix,Matt LaFleur,Sean Payton,Brad Rogers,DEN00,Empower Field at Mile High,0,20.2,16.8,0.0,19.465579102274035,10.0,0.0,23.2,16.2,0.4,20.927975912696986,4.0,0.0,0,77.19141509930985,100.80198412698412,1.0,0.0,0.0,0.0
2025_15_DET_LA,2025,REG,15,2025-12-14,Sunday,16:25,DET,34.0,LA,41.0,Home,7.0,75.0,0.0,2025121409,60061.0,,202512140ram,28638.0,401772909,6952.0,10,7,200.0,-245.0,5.5,-105.0,-115.0,54.5,-105.0,-115.0,0,dome,matrixturf,,,00-0033106,00-0026498,Jared Goff,Matthew Stafford,Dan Campbell,Sean McVay,Alan Eck,LAX01,SoFi Stadium,1,34.0,20.0,1.0,31.89304611967599,1.0,0.0,31.0,25.2,0.4,28.32610064179484,1.0,0.0,-3,111.35119047619048,106.23047262753146,0.0,0.0,4.0,0.0
2025_15_CAR_NO,2025,REG,15,2025-12-14,Sunday,16:25,CAR,17.0,NO,20.0,Home,3.0,37.0,0.0,2025121410,60062.0,,202512140nor,28636.0,401772908,6953.0,14,7,-148.0,124.0,-2.5,-118.0,-102.0,41.5,-108.0,-112.0,1,dome,sportturf,,,00-0039150,00-0040743,Bryce Young,Tyler Shough,Dave Canales,Kellen Moore,Alex Moore,NOR00,Mercedes-Benz Superdome,1,15.6,21.2,-0.2,15.75891690619284,1.0,0.0,18.6,21.0,0.6,18.856944556512616,1.0,0.0,-7,88.31345482569472,88.44176245210728,1.0,0.0,0.0,0.0
2025_15_IND_SEA,2025,REG,15,2025-12-14,Sunday,16:25,IND,16.0,SEA,18.0,Home,2.0,34.0,0.0,2025121411,60063.0,,202512140sea,28637.0,401772799,6954.0,7,7,650.0,-1000.0,13.5,-105.0,-115.0,41.5,-108.0,-112.0,0,outdoors,fieldturf,51.0,9.0,00-0022942,00-0034869,Philip Rivers,Sam Darnold,Shane Steichen,Mike Macdonald,Adrian Hill,SEA00,Lumen Field,0,31.2,15.2,0.4,30.587619967228463,3.0,0.0,21.2,26.2,-0.6,24.087573191960747,-3.0,1.0,0,96.75301087801088,,0.0,0.0,3.0,0.0
2025_15_TEN_SF,2025,REG,15,2025-12-14,Sunday,16:25,TEN,24.0,SF,37.0,Home,13.0,61.0,0.0,2025121412,60064.0,,202512140sfo,28639.0,401772907,6955.0,7,14,600.0,-900.0,12.5,-108.0,-112.0,44.5,-112.0,-108.0,0,outdoors,grass,54.0,4.0,00-0040676,00-0037834,Cam Ward,Brock Purdy,Brian Callahan,Kyle Shanahan,Craig Wrolstad,SFO01,Levi's Stadium,0,29.4,21.0,-0.2,30.744479556803988,3.0,0.0,18.2,25.4,-0.2,18.41835180822359,1.0,0.0,7,89.53532050035567,79.34048239969292,2.0,0.0,1.0,0.0
2025_15_MIN_DAL,2025,REG,15,2025-12-14,Sunday,20:20,MIN,34.0,DAL,26.0,Home,-8.0,60.0,0.0,2025121413,60065.0,,202512140dal,28640.0,401772933,6956.0,7,10,215.0,-265.0,5.5,-110.0,-110.0,47.5,-102.0,-118.0,0,closed,matrixturf,,,00-0039923,00-0033077,J.J. McCarthy,Dak Prescott,Kevin O'Connell,Brian Schottenheimer,Scott Novak,DAL00,AT&T Stadium,1,27.0,27.2,-1.8,28.65930847131874,-1.0,0.0,14.6,19.0,-1.4,13.809949795795454,1.0,0.0,3,99.98639559809773,69.61621240601504,1.0,0.0,0.0,0.0
2025_15_MIA_PIT,2025,REG,15,2025-12-15,Monday,20:15,MIA,15.0,PIT,28.0,Home,13.0,43.0,0.0,2025121500,60066.0,,202512150pit,28641.0,401772823,6957.0,8,8,145.0,-175.0,3.0,-102.0,-118.0,42.5,-105.0,-115.0,0,outdoors,grass,17.0,7.0,00-0036212,00-0023459,Tua Tagovailoa,Aaron Rodgers,Mike McDaniel,Mike Tomlin,Land Clark,PIT00,Acrisure Stadium,0,21.2,23.2,0.4,19.18513441731489,1.0,0.0,21.4,16.2,0.4,17.9561111157487,4.0,0.0,0,84.0948239510858,81.1408298826777,2.0,0.0,0.0,0.0
2025_16_LA_SEA,2025,REG,16,2025-12-18,Thursday,20:15,LA,37.0,SEA,38.0,Home,1.0,75.0,1.0,2025121800,60067.0,,202512180sea,28642.0,401772949,6958.0,4,4,102.0,-122.0,1.5,-110.0,-110.0,42.5,-105.0,-115.0,1,outdoors,fieldturf,51.0,17.0,00-0026498,00-0034869,Matthew Stafford,Sam Darnold,Sean McVay,Mike Macdonald,Brad Allen,SEA00,Lumen Field,0,26.0,14.0,0.8,25.01202314185633,4.0,0.0,33.8,21.6,0.4,31.03524367406595,2.0,0.0,0,85.43356643356643,106.26347117794487,1.0,0.0,1.0,0.0
2025_16_PHI_WAS,2025,REG,16,2025-12-20,Saturday,17:00,PHI,29.0,WAS,18.0,Home,-11.0,47.0,0.0,2025122001,60069.0,,202512200was,28644.0,401772612,6960.0,6,6,-380.0,300.0,-7.0,-120.0,100.0,43.5,-110.0,-110.0,1,outdoors,grass,42.0,7.0,00-0036389,00-0032268,Jalen Hurts,Marcus Mariota,Nick Sirianni,Dan Quinn,Craig Wrolstad,WAS00,FedExField,0,18.0,27.8,-0.8,17.555270128660414,1.0,0.0,20.4,15.8,0.2,19.231666541614302,1.0,0.0,0,,86.6680582489406,2.0,0.0,2.0,0.0
2025_16_GB_CHI,2025,REG,16,2025-12-20,Saturday,20:20,GB,16.0,CHI,22.0,Home,6.0,38.0,1.0,2025122000,60068.0,,202512200chi,28643.0,401772613,6959.0,6,6,-102.0,-118.0,1.5,-115.0,-105.0,45.5,-115.0,-105.0,1,outdoors,grass,37.0,6.0,00-0036264,00-0039918,Jordan Love,Caleb Williams,Matt LaFleur,Ben Johnson,Alex Kemp,CHI98,Soldier Field,0,25.2,18.2,1.2,26.698502751017138,1.0,0.0,27.0,21.0,0.4,25.929850521669337,-1.0,0.0,0,83.85540674603176,,1.0,0.0,0.0,0.0
2025_16_TB_CAR,2025,REG,16,2025-12-21,Sunday,13:00,TB,20.0,CAR,23.0,Home,3.0,43.0,0.0,2025122103,60071.0,,202512210car,28646.0,401772912,6962.0,10,7,-155.0,130.0,-3.0,100.0,-120.0,44.5,-108.0,-112.0,1,outdoors,grass,61.0,8.0,00-0034855,00-0039150,Baker Mayfield,Bryce Young,Todd Bowles,Dave Canales,Shawn Smith,CAR00,Bank of America Stadium,0,18.8,22.4,0.2,19.51517835013219,-1.0,0.0,21.4,29.6,-0.2,21.12668318338964,-2.0,0.0,-3,98.04592911877394,69.20124453290089,2.0,0.0,0.0,0.0
2025_16_BUF_CLE,2025,REG,16,2025-12-21,Sunday,13:00,BUF,23.0,CLE,20.0,Home,-3.0,43.0,0.0,2025122104,60072.0,,202512210cle,28647.0,401772802,6963.0,7,7,-575.0,425.0,-10.5,-110.0,-110.0,41.5,-118.0,-102.0,0,outdoors,grass,25.0,16.0,00-0034857,00-0040668,Josh Allen,Shedeur Sanders,Sean McDermott,Kevin Stefanski,Bill Vinovich,CLE00,FirstEnergy Stadium,0,16.0,24.2,-1.0,15.497619827702504,-3.0,0.0,32.6,25.4,0.0,31.254739274336615,3.0,0.0,0,64.48650793650793,101.94692079730444,3.0,0.0,0.0,0.0
2025_16_LAC_DAL,2025,REG,16,2025-12-21,Sunday,13:00,LAC,34.0,DAL,17.0,Home,-17.0,51.0,0.0,2025122105,60073.0,,202512210dal,28648.0,401772910,6964.0,7,7,102.0,-122.0,1.5,-115.0,-105.0,50.5,-102.0,-118.0,0,closed,matrixturf,,,00-0036355,00-0033077,Justin Herbert,Dak Prescott,Jim Harbaugh,Brian Schottenheimer,Alan Eck,DAL00,AT&T Stadium,1,28.8,28.6,-1.0,32.0141776519508,-2.0,0.0,20.0,18.2,0.8,18.85457504079833,3.0,0.0,0,101.3505431464558,77.31711790763515,2.0,0.0,1.0,0.0
2025_16_CIN_MIA,2025,REG,16,2025-12-21,Sunday,13:00,CIN,45.0,MIA,21.0,Home,-24.0,66.0,0.0,2025122113,60081.0,,202512210mia,28656.0,401772934,6972.0,7,6,-205.0,170.0,-3.5,-120.0,100.0,48.5,-112.0,-108.0,0,outdoors,grass,81.0,7.0,00-0036442,00-0040234,Joe Burrow,Quinn Ewers,Zac Taylor,Mike McDaniel,John Hussey,MIA00,Hard Rock Stadium,0,23.2,16.2,0.8,20.566582294110386,-1.0,1.0,19.6,27.4,0.0,22.495960651319997,-2.0,0.0,-1,,85.25981667286015,1.0,0.0,1.0,0.0
2025_16_NYJ_NO,2025,REG,16,2025-12-21,Sunday,13:00,NYJ,6.0,NO,29.0,Home,23.0,35.0,0.0,2025122106,60074.0,,202512210nor,28649.0,401772801,6965.0,7,7,240.0,-298.0,6.5,-105.0,-115.0,39.5,-105.0,-115.0,0,dome,sportturf,,,00-0028118,00-0040743,Tyrod Taylor,Tyler Shough,Aaron Glenn,Kellen Moore,Clay Martin,NOR00,Mercedes-Benz Superdome,1,17.6,17.8,0.4,17.284562774792377,2.0,0.0,16.2,31.2,-1.8,19.758210073531192,-2.0,0.0,0,94.14678815902805,,2.0,0.0,1.0,0.0
2025_16_MIN_NYG,2025,REG,16,2025-12-21,Sunday,13:00,MIN,16.0,NYG,13.0,Home,-3.0,29.0,0.0,2025122107,60075.0,,202512210nyg,28650.0,401772911,6966.0,7,7,-148.0,124.0,-2.5,-118.0,-102.0,41.5,-115.0,-105.0,0,outdoors,fieldturf,46.0,20.0,00-0039923,00-0040691,J.J. McCarthy,Jaxson Dart,Kevin O'Connell,Brian Daboll,Alex Moore,NYC01,MetLife Stadium,0,20.6,29.4,-0.6,20.091031369466922,-8.0,0.0,17.6,18.8,-1.0,16.213089062815037,2.0,0.0,0,,,2.0,0.0,1.0,0.0
2025_16_KC_TEN,2025,REG,16,2025-12-21,Sunday,13:00,KC,9.0,TEN,26.0,Home,17.0,35.0,0.0,2025122108,60076.0,,202512210oti,28651.0,401772803,6967.0,7,7,-185.0,154.0,-3.5,100.0,-120.0,37.5,-110.0,-110.0,0,outdoors,grass,51.0,8.0,00-0035289,00-0040676,Gardner Minshew,Cam Ward,Andy Reid,Brian Callahan,Clete Blakeman,NAS00,Nissan Stadium,0,19.0,27.4,-0.2,19.86888134623387,-1.0,0.0,18.6,21.8,-1.2,19.855043701280767,-3.0,1.0,0,83.8902908288117,,2.0,0.0,3.0,0.0
2025_16_ATL_ARI,2025,REG,16,2025-12-21,Sunday,16:05,ATL,26.0,ARI,19.0,Home,-7.0,45.0,0.0,2025122109,60077.0,,202512210crd,28652.0,401772914,6968.0,10,7,-148.0,124.0,-2.5,-115.0,-105.0,48.5,-105.0,-115.0,0,closed,grass,,,00-0029604,00-0033119,Kirk Cousins,Jacoby Brissett,Raheem Morris,Jonathan Gannon,Land Clark,PHO00,State Farm Stadium,1,20.0,34.6,-0.8,19.77914264349948,-6.0,0.0,22.6,26.4,-0.2,22.508106186711057,1.0,0.0,-3,93.69655198602567,87.78907057956846,4.0,0.0,1.0,0.0
2025_16_JAX_DEN,2025,REG,16,2025-12-21,Sunday,16:05,JAX,34.0,DEN,20.0,Home,-14.0,54.0,0.0,2025122110,60078.0,,202512210den,28653.0,401772913,6969.0,7,7,145.0,-175.0,3.5,-120.0,100.0,46.5,-108.0,-112.0,0,outdoors,grass,62.0,3.0,00-0036971,00-0039732,Trevor Lawrence,Bo Nix,Liam Coen,Sean Payton,Shawn Hochuli,DEN00,Empower Field at Mile High,0,23.4,19.0,0.2,22.096742183683435,11.0,0.0,34.2,14.4,0.4,29.98843582071324,5.0,0.0,0,90.35516708659125,103.06484988776656,0.0,0.0,0.0,0.0
2025_16_PIT_DET,2025,REG,16,2025-12-21,Sunday,16:25,PIT,29.0,DET,24.0,Home,-5.0,53.0,0.0,2025122111,60079.0,,202512210det,28654.0,401772806,6970.0,6,7,330.0,-425.0,7.5,-105.0,-115.0,52.5,-115.0,-105.0,0,dome,fieldturf,,,00-0023459,00-0033106,Aaron Rodgers,Jared Goff,Mike Tomlin,Dan Campbell,Carl Cheffers,DET00,Ford Field,1,29.0,29.0,0.6,28.579652969782533,-1.0,0.0,24.8,21.2,0.8,24.021310732938886,2.0,0.0,1,101.37336496554575,90.22048532674718,1.0,0.0,4.0,0.0
2025_16_LV_HOU,2025,REG,16,2025-12-21,Sunday,16:25,LV,21.0,HOU,23.0,Home,2.0,44.0,0.0,2025122112,60080.0,,202512210htx,28655.0,401772805,6971.0,7,7,900.0,-1600.0,14.5,-115.0,-105.0,39.5,-110.0,-110.0,0,closed,astroturf,,,00-0030565,00-0039163,Geno Smith,C.J. Stroud,Pete Carroll,DeMeco Ryans,Scott Novak,HOU00,NRG Stadium,1,23.8,15.6,1.6,20.644745982844025,6.0,0.0,11.4,28.6,0.0,11.790325194468451,-8.0,0.0,0,91.70852418147032,86.19822508409466,0.0,0.0,1.0,0.0
2025_16_NE_BAL,2025,REG,16,2025-12-21,Sunday,20:20,NE,28.0,BAL,24.0,Home,-4.0,52.0,0.0,2025122102,60070.0,,202512210rav,28645.0,401772804,6961.0,7,7,154.0,-185.0,3.5,-115.0,-105.0,48.5,-112.0,-108.0,0,outdoors,grass,40.0,2.0,00-0039851,00-0034796,Drake Maye,Lamar Jackson,Mike Vrabel,John Harbaugh,Brad Rogers,BAL00,M&T Bank Stadium,0,21.2,17.0,-0.4,17.841317252465714,1.0,0.0,29.0,21.4,0.0,23.596745175339183,-1.0,0.0,0,,94.58202018535323,1.0,0.0,1.0,0.0
2025_16_SF_IND,2025,REG,16,2025-12-22,Monday,20:15,SF,48.0,IND,27.0,Home,-21.0,75.0,0.0,2025122200,60082.0,,202512220clt,28657.0,401772824,6973.0,8,8,-225.0,185.0,-4.5,-105.0,-115.0,46.5,-118.0,-102.0,0,closed,fieldturf,,,00-0037834,00-0022942,Brock Purdy,Philip Rivers,Kyle Shanahan,Shane Steichen,Ron Torbert,IND00,Lucas Oil Stadium,1,20.4,24.4,-0.2,24.988651319798183,-4.0,1.0,30.0,21.0,-0.2,31.665113409639822,4.0,0.0,0,73.070987654321,99.15039986543503,3.0,0.0,2.0,0.0
2025_17_DAL_WAS,2025,REG,17,2025-12-25,Thursday,13:00,DAL,30.0,WAS,23.0,Home,-7.0,53.0,0.0,2025122500,60083.0,,202512250was,28658.0,401772710,6974.0,4,5,-500.0,380.0,-8.5,-120.0,100.0,50.5,-108.0,-112.0,1,outdoors,grass,50.0,7.0,00-0033077,00-0026300,Dak Prescott,Josh Johnson,Brian Schottenheimer,Dan Quinn,Brad Rogers,WAS00,FedExField,0,17.2,24.8,-0.8,17.406354456123395,-1.0,1.0,25.6,32.2,-1.2,30.243053923181794,-3.0,0.0,1,77.96794871794872,96.92882597473861,3.0,1.0,2.0,0.0
2025_17_DET_MIN,2025,REG,17,2025-12-25,Thursday,16:30,DET,10.0,MIN,23.0,Home,13.0,33.0,0.0,2025122501,60084.0,,202512250min,28659.0,401772711,6975.0,4,4,-360.0,285.0,-7.0,-120.0,100.0,45.5,-115.0,-105.0,1,dome,sportturf,,,00-0033106,00-0040494,Jared Goff,Max Brosmer,Dan Campbell,Kevin O'Connell,Shawn Smith,MIN01,U.S. Bank Stadium,1,17.4,17.6,-0.8,15.59632490636704,3.0,1.0,32.0,31.6,1.0,31.426477772349777,-2.0,0.0,0,32.77777777777778,109.58908068126148,3.0,1.0,0.0,0.0
2025_17_DEN_KC,2025,REG,17,2025-12-25,Thursday,20:15,DEN,20.0,KC,13.0,Home,-7.0,33.0,0.0,2025122502,60085.0,,202512250kan,28660.0,401772622,6976.0,4,4,-1100.0,700.0,-13.5,-105.0,-115.0,37.5,100.0,-120.0,1,outdoors,grass,,,00-0039732,00-0037324,Bo Nix,Chris Oladokun,Sean Payton,Andy Reid,Bill Vinovich,KAN00,GEHA Field at Arrowhead Stadium,0,16.6,22.6,-1.0,16.245977596245595,-4.0,1.0,25.4,24.4,0.0,26.860001630686355,-1.0,0.0,0,88.28125,95.754103256804,0.0,0.0,2.0,0.0
2025_17_HOU_LAC,2025,REG,17,2025-12-27,Saturday,16:30,HOU,20.0,LAC,16.0,Home,-4.0,36.0,0.0,2025122700,60089.0,,202512270sdg,28664.0,401772951,6982.0,6,6,-102.0,-118.0,1.5,-115.0,-105.0,40.5,-105.0,-115.0,0,dome,matrixturf,,,00-0039163,00-0036355,C.J. Stroud,Justin Herbert,DeMeco Ryans,Jim Harbaugh,Craig Wrolstad,LAX01,SoFi Stadium,1,21.8,19.6,0.8,19.72810991969173,4.0,0.0,25.2,17.2,1.6,21.659515930429425,7.0,0.0,0,85.77540770213184,97.64049697058597,2.0,0.0,1.0,0.0
2025_17_BAL_GB,2025,REG,17,2025-12-27,Saturday,20:00,BAL,41.0,GB,24.0,Home,-17.0,65.0,0.0,2025122701,60088.0,,202512270gnb,28663.0,401772953,6980.0,6,7,120.0,-142.0,2.5,-108.0,-112.0,38.5,-115.0,-105.0,0,outdoors,grass,36.0,10.0,00-0035993,00-0038128,Tyler Huntley,Malik Willis,John Harbaugh,Matt LaFleur,Alan Eck,GNB00,Lambeau Field,0,24.8,21.4,-0.2,26.274716993064487,-2.0,1.0,21.4,19.4,-0.4,18.06347201928083,-1.0,1.0,1,121.25086755349915,94.63596092254629,1.0,1.0,1.0,1.0
2025_17_SEA_CAR,2025,REG,17,2025-12-28,Sunday,13:00,SEA,27.0,CAR,10.0,Home,-17.0,37.0,0.0,2025122800,60086.0,,202512280car,28661.0,401772952,6977.0,10,7,-305.0,245.0,-6.5,-118.0,-102.0,42.5,-110.0,-110.0,0,outdoors,grass,43.0,2.0,00-0034869,00-0039150,Sam Darnold,Bryce Young,Mike Macdonald,Dave Canales,Carl Cheffers,CAR00,Bank of America Stadium,0,22.0,23.0,1.0,21.795227183126354,1.0,0.0,29.8,17.2,0.8,27.01107025628077,5.0,0.0,-3,105.99072078544062,93.16195324283561,2.0,0.0,2.0,0.0
2025_17_ARI_CIN,2025,REG,17,2025-12-28,Sunday,13:00,ARI,14.0,CIN,37.0,Home,23.0,51.0,0.0,2025122801,60087.0,,202512280cin,28662.0,401772954,6978.0,7,7,275.0,-345.0,7.0,-110.0,-110.0,52.5,-105.0,-115.0,0,outdoors,fieldturf,65.0,9.0,00-0033119,00-0036442,Jacoby Brissett,Joe Burrow,Jonathan Gannon,Zac Taylor,Clay Martin,CIN00,Paycor Stadium,0,26.2,24.8,1.0,32.80487026333491,1.0,0.0,19.4,31.6,0.0,19.185768364194487,-7.0,0.0,0,96.56756123807754,88.27799888283758,1.0,0.0,3.0,0.0
2025_17_PIT_CLE,2025,REG,17,2025-12-28,Sunday,13:00,PIT,6.0,CLE,13.0,Home,7.0,19.0,0.0,2025122805,60091.0,,202512280cle,28666.0,401772807,6979.0,7,7,-205.0,170.0,-4.5,-108.0,-112.0,35.5,-112.0,-108.0,1,outdoors,grass,45.0,14.0,00-0023459,00-0040668,Aaron Rodgers,Shedeur Sanders,Mike Tomlin,Kevin Stefanski,John Hussey,CLE00,FirstEnergy Stadium,0,16.8,24.2,-1.4,15.603401278829093,-4.0,0.0,23.8,23.6,0.2,24.569889643201936,3.0,0.0,0,74.7523125342091,98.52431433277918,0.0,0.0,2.0,0.0
2025_17_JAX_IND,2025,REG,17,2025-12-28,Sunday,13:00,JAX,23.0,IND,17.0,Home,-6.0,40.0,0.0,2025122806,60092.0,,202512280clt,28667.0,401772915,6981.0,7,6,-225.0,185.0,-3.5,-115.0,-105.0,48.5,-108.0,-112.0,1,closed,fieldturf,,,00-0036971,00-0022942,Trevor Lawrence,Philip Rivers,Liam Coen,Shane Steichen,Brad Allen,IND00,Lucas Oil Stadium,1,19.6,29.0,-0.2,24.760654676620664,-5.0,0.0,34.0,17.2,0.8,30.283302466947855,6.0,0.0,-1,85.01763668430335,110.08294753086417,3.0,0.0,1.0,0.0
2025_17_TB_MIA,2025,REG,17,2025-12-28,Sunday,13:00,TB,17.0,MIA,20.0,Home,3.0,37.0,0.0,2025122807,60093.0,,202512280mia,28668.0,401772916,6984.0,7,7,-250.0,205.0,-5.5,-108.0,-112.0,44.5,-118.0,-102.0,0,outdoors,grass,80.0,3.0,00-0034855,00-0040234,Baker Mayfield,Quinn Ewers,Todd Bowles,Mike McDaniel,Scott Novak,MIA00,Hard Rock Stadium,0,21.4,22.6,0.0,17.823691417254977,-2.0,1.0,19.0,25.4,-0.2,18.594793634257,-3.0,0.0,0,65.97222222222221,70.66873537539172,1.0,0.0,2.0,0.0
2025_17_NE_NYJ,2025,REG,17,2025-12-28,Sunday,13:00,NE,42.0,NYJ,10.0,Home,-32.0,52.0,0.0,2025122808,60094.0,,202512280nyj,28669.0,401772808,6985.0,7,7,-950.0,625.0,-12.5,-120.0,100.0,42.5,-112.0,-108.0,1,outdoors,fieldturf,29.0,4.0,00-0039851,00-0028118,Drake Maye,Tyrod Taylor,Mike Vrabel,Aaron Glenn,Alex Kemp,NYC01,MetLife Stadium,0,14.6,31.6,-1.8,17.88403476809086,-3.0,0.0,29.0,21.6,0.2,24.551935759648266,1.0,0.0,0,,97.18465948154092,2.0,0.0,6.0,0.0
2025_17_NO_TEN,2025,REG,17,2025-12-28,Sunday,13:00,NO,34.0,TEN,26.0,Home,-8.0,60.0,0.0,2025122809,60095.0,,202512280oti,28670.0,401772809,6986.0,7,7,-120.0,100.0,-1.5,-110.0,-110.0,39.5,-118.0,-102.0,0,outdoors,grass,71.0,14.0,00-0040743,00-0040676,Tyler Shough,Cam Ward,Kellen Moore,Brian Callahan,Adrian Hill,NAS00,Nissan Stadium,0,21.6,26.0,0.0,22.177093973442286,1.0,0.0,20.0,17.6,0.0,18.186619081220936,3.0,0.0,0,90.95592789444876,86.2594109859366,2.0,0.0,3.0,0.0
2025_17_NYG_LV,2025,REG,17,2025-12-28,Sunday,16:05,NYG,34.0,LV,10.0,Home,-24.0,44.0,0.0,2025122804,60090.0,,202512280rai,28665.0,401772950,6983.0,7,7,-162.0,136.0,-3.0,-102.0,-118.0,40.5,-112.0,-108.0,0,dome,grass,,,00-0040691,00-0030565,Jaxson Dart,Geno Smith,Brian Daboll,Pete Carroll,Land Clark,VEG00,Allegiant Stadium,1,12.4,26.6,-0.2,14.618396823907485,-9.0,0.0,19.2,27.8,-0.2,20.115277980446518,-9.0,0.0,0,95.61433433716043,95.89544874027634,2.0,0.0,5.0,0.0
2025_17_PHI_BUF,2025,REG,17,2025-12-28,Sunday,16:25,PHI,13.0,BUF,12.0,Home,-1.0,25.0,0.0,2025122810,60096.0,,202512280buf,28671.0,401772917,6987.0,8,7,142.0,-170.0,3.0,-108.0,-112.0,45.5,-115.0,-105.0,0,outdoors,a_turf,38.0,6.0,00-0036389,00-0034857,Jalen Hurts,Josh Allen,Nick Sirianni,Sean McDermott,Ron Torbert,BUF00,New Era Field,0,28.4,23.0,0.2,26.684400063564468,4.0,0.0,23.0,17.6,0.0,20.747562327242704,2.0,0.0,-1,97.7027687505208,96.12242332830567,2.0,0.0,2.0,0.0
2025_17_CHI_SF,2025,REG,17,2025-12-28,Sunday,20:20,CHI,38.0,SF,42.0,Home,4.0,80.0,0.0,2025122811,60097.0,,202512280sfo,28672.0,401772935,6988.0,8,6,170.0,-205.0,3.5,-105.0,-115.0,51.5,-112.0,-108.0,0,outdoors,grass,53.0,5.0,00-0039918,00-0037834,Caleb Williams,Brock Purdy,Ben Johnson,Kyle Shanahan,Alex Moore,SFO01,Levi's Stadium,0,34.4,18.0,0.4,32.86885206943097,5.0,0.0,25.8,18.0,1.0,28.849739959951055,2.0,0.0,-2,108.55313464355682,89.85877684407096,1.0,0.0,1.0,0.0
2025_17_LA_ATL,2025,REG,17,2025-12-29,Monday,20:15,LA,24.0,ATL,27.0,Home,3.0,51.0,0.0,2025122900,60098.0,,202512290atl,28673.0,401772825,6989.0,11,8,-380.0,300.0,-7.5,-102.0,-118.0,48.5,-105.0,-115.0,0,closed,fieldturf,,,00-0026498,00-0029604,Matthew Stafford,Kirk Cousins,Sean McVay,Raheem Morris,Clete Blakeman,ATL97,Mercedes-Benz Stadium,1,22.4,24.2,-0.2,19.857389801210022,2.0,0.0,37.0,25.4,0.4,36.0236160887253,-1.0,0.0,-3,87.96725798356233,110.42163444325097,1.0,0.0,3.0,0.0
2025_18_CAR_TB,2025,REG,18,2026-01-03,Saturday,16:30,CAR,14.0,TB,16.0,Home,2.0,30.0,0.0,2026010300,60114.0,,202601030tam,28688.0,401772969,7005.0,6,6,130.0,-155.0,3.0,-115.0,-105.0,43.5,-118.0,-102.0,1,outdoors,grass,69.0,11.0,00-0039150,00-0034855,Bryce Young,Baker Mayfield,Dave Canales,Todd Bowles,Brad Allen,TAM00,Raymond James Stadium,0,21.0,22.6,-0.4,18.973735955056178,-4.0,0.0,18.0,23.0,0.8,19.070359107869386,-1.0,0.0,0,82.97734781558312,90.51849856321839,1.0,0.0,0.0,0.0
2025_18_SEA_SF,2025,REG,18,2026-01-03,Saturday,20:00,SEA,13.0,SF,3.0,Home,-10.0,16.0,0.0,2026010301,60113.0,,202601030sfo,28687.0,401772961,7004.0,6,6,-148.0,124.0,-2.5,-120.0,100.0,47.5,-105.0,-115.0,1,outdoors,grass,57.0,8.0,00-0034869,00-0037834,Sam Darnold,Brock Purdy,Mike Macdonald,Kyle Shanahan,Bill Vinovich,SFO01,Levi's Stadium,0,34.6,21.2,-0.4,36.182278662089054,6.0,0.0,29.2,14.4,0.8,27.20970306300293,6.0,0.0,0,105.57916416958633,84.98768923523826,0.0,0.0,2.0,0.0
2025_18_NO_ATL,2025,REG,18,2026-01-04,Sunday,13:00,NO,17.0,ATL,19.0,Home,2.0,36.0,0.0,2026010400,60099.0,,202601040atl,28689.0,401772966,6990.0,7,6,170.0,-205.0,4.5,-115.0,-105.0,43.5,-112.0,-108.0,1,closed,fieldturf,,,00-0040743,00-0029604,Tyler Shough,Kirk Cousins,Kellen Moore,Raheem Morris,Ron Torbert,ATL97,Mercedes-Benz Stadium,1,23.0,27.0,0.2,20.012286620730247,3.0,0.0,24.8,18.0,0.2,22.883046008665637,4.0,0.0,-1,86.40566378066379,99.99290222911777,0.0,0.0,3.0,0.0
2025_18_CLE_CIN,2025,REG,18,2026-01-04,Sunday,13:00,CLE,20.0,CIN,18.0,Home,-2.0,38.0,0.0,2026010403,60102.0,,202601040cin,28676.0,401772964,6993.0,7,7,350.0,-455.0,9.5,-112.0,-108.0,47.5,-118.0,-102.0,1,outdoors,fieldturf,37.0,0.0,00-0040668,00-0036442,Shedeur Sanders,Joe Burrow,Kevin Stefanski,Zac Taylor,Alex Kemp,CIN00,Paycor Stadium,0,29.6,22.4,1.0,31.959766472597593,2.0,0.0,14.6,23.4,-1.6,13.471470634133802,1.0,0.0,0,104.83310588510885,72.42079079507866,1.0,0.0,2.0,0.0
2025_18_IND_HOU,2025,REG,18,2026-01-04,Sunday,13:00,IND,30.0,HOU,38.0,Home,8.0,68.0,0.0,2026010405,60104.0,,202601040htx,28678.0,401772962,6995.0,7,8,400.0,-535.0,9.5,-110.0,-110.0,37.5,-108.0,-112.0,1,closed,astroturf,,,00-0040206,00-0039163,Riley Leonard,C.J. Stroud,Shane Steichen,DeMeco Ryans,Land Clark,HOU00,NRG Stadium,1,24.6,16.6,0.8,21.73941354117213,8.0,0.0,19.0,29.0,-0.6,23.375154524981024,-6.0,1.0,1,92.33829916838816,60.272988505747136,1.0,0.0,1.0,0.0
2025_18_TEN_JAX,2025,REG,18,2026-01-04,Sunday,13:00,TEN,7.0,JAX,41.0,Home,34.0,48.0,0.0,2026010406,60105.0,,202601040jax,28679.0,401772970,6996.0,7,7,525.0,-750.0,12.5,-110.0,-110.0,46.5,-112.0,-108.0,1,outdoors,grass,55.0,8.0,00-0040676,00-0036971,Cam Ward,Trevor Lawrence,Brian Callahan,Liam Coen,Scott Novak,JAX00,TIAA Bank Stadium,0,33.2,15.8,1.6,30.28733141529469,7.0,0.0,22.0,26.8,0.0,22.5877808988764,-1.0,0.0,0,108.25336795128462,,1.0,0.0,6.0,0.0
2025_18_GB_MIN,2025,REG,18,2026-01-04,Sunday,13:00,GB,3.0,MIN,16.0,Home,13.0,19.0,0.0,2026010409,60108.0,,202601040min,28682.0,401772968,6999.0,8,10,470.0,-650.0,12.5,-108.0,-112.0,37.5,-118.0,-102.0,1,dome,sportturf,,,00-0038582,00-0039923,Clayton Tune,J.J. McCarthy,Matt LaFleur,Kevin O'Connell,John Hussey,MIN01,U.S. Bank Stadium,1,20.8,15.0,0.6,16.924562056795,4.0,0.0,25.0,28.4,-0.8,28.519925377369194,-3.0,1.0,2,74.6967679615706,,1.0,0.0,0.0,0.0
2025_18_DAL_NYG,2025,REG,18,2026-01-04,Sunday,13:00,DAL,17.0,NYG,34.0,Home,17.0,51.0,0.0,2026010411,60110.0,,202601040nyg,28684.0,401772963,7001.0,10,7,-166.0,140.0,-3.0,-115.0,-105.0,50.5,-115.0,-105.0,1,outdoors,fieldturf,33.0,7.0,00-0033077,00-0040691,Dak Prescott,Jaxson Dart,Brian Schottenheimer,Brian Daboll,Adrian Hill,NYC01,MetLife Stadium,0,22.0,24.4,0.6,21.419447404106933,1.0,0.0,26.8,32.6,-0.8,29.67414353381802,1.0,0.0,-3,94.66628207360966,,5.0,0.0,3.0,0.0
2025_18_NYJ_BUF,2025,REG,18,2026-01-04,Sunday,16:25,NYJ,8.0,BUF,35.0,Home,27.0,43.0,0.0,2026010401,60100.0,,202601040buf,28674.0,401772967,6991.0,7,7,550.0,-800.0,12.5,-112.0,-108.0,39.5,-115.0,-105.0,1,outdoors,a_turf,27.0,13.0,00-0040398,00-0033869,Brady Cook,Mitchell Trubisky,Aaron Glenn,Sean McDermott,Alan Eck,BUF00,New Era Field,0,27.0,21.0,0.6,25.97402403192772,-1.0,1.0,14.6,35.4,-1.6,16.65563642038361,-4.0,1.0,0,94.92063492063491,52.37148268398269,3.0,0.0,3.0,0.0
2025_18_DET_CHI,2025,REG,18,2026-01-04,Sunday,16:25,DET,19.0,CHI,16.0,Home,-3.0,35.0,0.0,2026010402,60101.0,,202601040chi,28675.0,401772965,6992.0,10,7,150.0,-180.0,3.5,-110.0,-110.0,51.5,-115.0,-105.0,1,outdoors,grass,33.0,4.0,00-0033106,00-0039918,Jared Goff,Caleb Williams,Dan Campbell,Ben Johnson,Brad Rogers,CHI98,Soldier Field,0,27.2,20.8,1.2,32.680193640927556,-1.0,0.0,27.2,30.8,-0.2,30.2952485428717,-3.0,0.0,-3,89.04925303454715,104.3092503583277,0.0,0.0,4.0,0.0
2025_18_LAC_DEN,2025,REG,18,2026-01-04,Sunday,16:25,LAC,3.0,DEN,19.0,Home,16.0,22.0,0.0,2026010404,60103.0,,202601040den,28677.0,401772956,6994.0,8,10,900.0,-1600.0,14.5,-108.0,-112.0,37.5,-105.0,-115.0,1,outdoors,grass,66.0,8.0,00-0037012,00-0039732,Trey Lance,Bo Nix,Jim Harbaugh,Sean Payton,Clete Blakeman,DEN00,Empower Field at Mile High,0,25.0,23.2,-0.4,25.030785570563385,1.0,0.0,23.8,16.6,1.0,23.914109670518606,-1.0,1.0,2,93.25528865272624,68.48272642390289,1.0,0.0,2.0,0.0
2025_18_ARI_LA,2025,REG,18,2026-01-04,Sunday,16:25,ARI,20.0,LA,37.0,Home,17.0,57.0,0.0,2026010407,60106.0,,202601040ram,28681.0,401772955,6997.0,7,6,800.0,-1350.0,14.5,-115.0,-105.0,49.5,-108.0,-112.0,1,dome,matrixturf,,,00-0033119,00-0026498,Jacoby Brissett,Matthew Stafford,Jonathan Gannon,Sean McVay,Carl Cheffers,LAX01,SoFi Stadium,1,35.0,29.4,-0.6,33.901043373099235,-2.0,0.0,17.4,33.6,-0.8,17.268338648525898,-8.0,0.0,-1,98.78065699964195,88.13964624448495,3.0,0.0,1.0,0.0
2025_18_KC_LV,2025,REG,18,2026-01-04,Sunday,16:25,KC,12.0,LV,14.0,Home,2.0,26.0,0.0,2026010408,60107.0,,202601040rai,28680.0,401772957,6998.0,10,7,-225.0,185.0,-3.5,-112.0,-108.0,36.5,-118.0,-102.0,1,dome,grass,,,00-0037324,00-0038102,Chris Oladokun,Kenny Pickett,Andy Reid,Pete Carroll,Craig Wrolstad,VEG00,Allegiant Stadium,1,12.4,28.6,-0.8,13.811069188662103,-10.0,1.0,14.6,22.6,-0.4,14.165876336924203,-5.0,0.0,-3,,83.62926136363637,3.0,0.0,2.0,0.0
2025_18_MIA_NE,2025,REG,18,2026-01-04,Sunday,16:25,MIA,10.0,NE,38.0,Home,28.0,48.0,0.0,2026010410,60109.0,,202601040nwe,28683.0,401772958,7000.0,7,7,650.0,-1000.0,14.0,-112.0,-108.0,44.5,-112.0,-108.0,1,outdoors,fieldturf,29.0,6.0,00-0040234,00-0039851,Quinn Ewers,Drake Maye,Mike McDaniel,Mike Vrabel,Clay Martin,BOS00,Gillette Stadium,0,32.0,20.8,0.2,25.66793283963227,2.0,0.0,22.2,23.4,0.6,20.02590798542556,1.0,0.0,0,107.07378179713382,91.98232323232324,3.0,0.0,2.0,0.0
2025_18_WAS_PHI,2025,REG,18,2026-01-04,Sunday,16:25,WAS,24.0,PHI,17.0,Home,-7.0,41.0,0.0,2026010412,60111.0,,202601040phi,28685.0,401772959,7002.0,10,7,150.0,-180.0,3.0,-105.0,-115.0,38.5,-108.0,-112.0,1,outdoors,grass,35.0,9.0,00-0026300,00-0038400,Josh Johnson,Tanner McKee,Dan Quinn,Nick Sirianni,Shawn Hochuli,PHI00,Lincoln Financial Field,0,21.4,15.2,-0.2,20.073858440031355,3.0,1.0,19.2,27.6,-0.8,17.832458604376107,-2.0,1.0,-3,128.40447154471545,76.76142697881829,5.0,0.0,3.0,1.0
2025_18_BAL_PIT,2025,REG,18,2026-01-04,Sunday,20:20,BAL,24.0,PIT,26.0,Home,2.0,50.0,0.0,2026010413,60112.0,,202601040pit,28686.0,401772960,7003.0,8,7,-225.0,185.0,-4.5,-105.0,-115.0,41.5,-110.0,-110.0,1,outdoors,grass,25.0,3.0,00-0034796,00-0023459,Lamar Jackson,Aaron Rodgers,John Harbaugh,Mike Tomlin,Shawn Smith,PIT00,Acrisure Stadium,0,19.4,20.0,0.6,20.101052726523033,-1.0,0.0,25.0,22.2,-0.4,21.229117386162034,1.0,0.0,-1,90.19952800799285,69.71550251659885,0.0,0.0,0.0,0.0
2025_19_LA_CAR,2025,WC,19,2026-01-10,Saturday,16:30,LA,34.0,CAR,31.0,Home,-3.0,65.0,0.0,2026011000,60164.0,,202601100car,,401772979,7006.0,6,7,-550.0,410.0,-10.0,-108.0,-112.0,44.5,-108.0,-112.0,0,outdoors,grass,72.0,16.0,00-0026498,00-0039150,Matthew Stafford,Bryce Young,Sean McVay,Dave Canales,Clete Blakeman,CAR00,Bank of America Stadium,0,19.0,22.2,0.2,20.554015185759177,-2.0,0.0,36.8,27.2,0.4,32.777221493637676,1.0,0.0,1,97.95610119047618,104.50387128535624,0.0,0.0,1.0,0.0
2025_19_GB_CHI,2025,WC,19,2026-01-10,Saturday,20:00,GB,27.0,CHI,31.0,Home,4.0,58.0,0.0,2026011001,60165.0,,202601100chi,,401772981,7007.0,6,6,-135.0,114.0,-2.5,-108.0,-112.0,45.5,-115.0,-105.0,1,outdoors,grass,32.0,6.0,00-0036264,00-0039918,Jordan Love,Caleb Williams,Matt LaFleur,Ben Johnson,Adrian Hill,CHI98,Soldier Field,0,25.6,21.6,1.0,26.671918404577305,-2.0,0.0,19.4,26.8,-0.6,23.35836617474425,-4.0,1.0,0,95.0467277820219,100.7186507936508,1.0,0.0,0.0,0.0
2025_19_BUF_JAX,2025,WC,19,2026-01-11,Sunday,13:00,BUF,27.0,JAX,24.0,Home,-3.0,51.0,0.0,2026011100,60166.0,,202601110jax,,401772977,7008.0,7,7,102.0,-122.0,1.5,-110.0,-110.0,51.5,-112.0,-108.0,0,outdoors,grass,62.0,6.0,00-0034857,00-0036971,Josh Allen,Trevor Lawrence,Sean McDermott,Liam Coen,Brad Allen,JAX00,TIAA Bank Stadium,0,36.4,16.6,1.4,33.641375806837196,8.0,0.0,28.8,21.2,0.6,25.371610370032773,1.0,0.0,0,112.34287412412414,101.82951945080092,0.0,0.0,1.0,0.0
2025_19_SF_PHI,2025,WC,19,2026-01-11,Sunday,16:30,SF,23.0,PHI,19.0,Home,-4.0,42.0,0.0,2026011101,60167.0,,202601110phi,,401772980,7009.0,8,7,215.0,-265.0,6.0,-115.0,-105.0,44.5,-115.0,-105.0,0,outdoors,grass,46.0,22.0,00-0037834,00-0036389,Brock Purdy,Jalen Hurts,Kyle Shanahan,Nick Sirianni,Alan Eck,PHI00,Lincoln Financial Field,0,21.8,15.2,0.2,20.415158523860104,-1.0,0.0,31.2,22.0,-0.4,34.6138882143882,-1.0,0.0,-1,90.58823529411764,106.86485089798138,0.0,0.0,0.0,0.0
2025_19_LAC_NE,2025,WC,19,2026-01-11,Sunday,20:00,LAC,3.0,NE,16.0,Home,13.0,19.0,0.0,2026011102,60168.0,,202601110nwe,,401772978,7010.0,7,7,164.0,-198.0,3.5,-105.0,-115.0,45.5,-108.0,-112.0,0,outdoors,fieldturf,35.0,10.0,00-0036355,00-0039851,Justin Herbert,Drake Maye,Jim Harbaugh,Mike Vrabel,Ron Torbert,BOS00,Gillette Stadium,0,34.4,18.8,0.6,30.210717842976216,3.0,0.0,18.2,17.6,0.6,18.686255107252293,-2.0,0.0,0,115.53674476009678,93.95827807250221,0.0,0.0,0.0,0.0
2025_19_HOU_PIT,2025,WC,19,2026-01-12,Monday,20:00,HOU,30.0,PIT,6.0,Home,-24.0,36.0,0.0,2026011200,60169.0,,202601120pit,,401772976,7011.0,8,8,-155.0,130.0,-3.0,-105.0,-115.0,38.5,-115.0,-105.0,0,outdoors,grass,32.0,9.0,00-0039163,00-0023459,C.J. Stroud,Aaron Rodgers,DeMeco Ryans,Mike Tomlin,Craig Wrolstad,PIT00,Acrisure Stadium,0,23.2,19.6,0.8,24.216105215061575,1.0,0.0,28.2,19.4,1.6,23.73231823205345,9.0,0.0,0,95.24427640380509,96.83829916838815,0.0,0.0,0.0,0.0
2025_20_BUF_DEN,2025,DIV,20,2026-01-17,Saturday,16:30,BUF,30.0,DEN,33.0,Home,3.0,63.0,1.0,2026011700,60170.0,,202601170den,,401772982,,6,13,100.0,-120.0,1.5,-112.0,-108.0,45.5,-112.0,-108.0,0,outdoors,grass,36.0,5.0,00-0034857,00-0039732,Josh Allen,Bo Nix,Sean McDermott,Sean Payton,Carl Cheffers,DEN00,Empower Field at Mile High,0,23.4,18.6,0.0,27.701995442018227,2.0,0.0,26.4,19.2,0.6,26.432509562514934,2.0,0.0,7,92.19409702631722,108.54949874686716,0.0,0.0,1.0,0.0
2025_20_SF_SEA,2025,DIV,20,2026-01-17,Saturday,20:00,SF,6.0,SEA,41.0,Home,35.0,47.0,0.0,2026011701,60171.0,,202601170sea,,401772984,,6,14,245.0,-305.0,6.5,-102.0,-118.0,44.5,-118.0,-102.0,1,outdoors,fieldturf,46.0,5.0,00-0037834,00-0034869,Brock Purdy,Sam Darnold,Kyle Shanahan,Mike Macdonald,John Hussey,SEA00,Lumen Field,0,26.6,15.0,0.2,25.80906236727287,7.0,0.0,30.6,24.2,-0.8,35.48183241815288,1.0,0.0,8,91.07743282498184,106.18817310784421,0.0,0.0,2.0,0.0
2025_20_HOU_NE,2025,DIV,20,2026-01-18,Sunday,15:00,HOU,16.0,NE,28.0,Home,12.0,44.0,0.0,2026011801,60173.0,,202601180nwe,,401772983,,6,7,150.0,-180.0,3.0,102.0,-122.0,40.5,-105.0,-115.0,0,outdoors,fieldturf,35.0,2.0,00-0039163,00-0039851,C.J. Stroud,Drake Maye,DeMeco Ryans,Mike Vrabel,Shawn Smith,BOS00,Gillette Stadium,0,31.0,16.4,0.2,30.497439366949845,4.0,0.0,30.2,18.6,0.8,25.79996154107668,10.0,0.0,1,107.64835024767558,98.0933394909688,0.0,0.0,1.0,0.0
2025_20_LA_CHI,2025,DIV,20,2026-01-18,Sunday,18:30,LA,20.0,CHI,17.0,Home,-3.0,37.0,1.0,2026011800,60172.0,,202601180chi,,401772985,,8,8,-205.0,170.0,-3.5,-118.0,-102.0,49.5,-110.0,-110.0,0,outdoors,grass,19.0,6.0,00-0026498,00-0039918,Matthew Stafford,Caleb Williams,Sean McVay,Ben Johnson,Shawn Hochuli,CHI98,Soldier Field,0,27.6,21.4,0.6,25.975948033707862,1.0,0.0,34.6,30.0,0.0,32.782601472362565,2.0,0.0,0,94.04821587725999,97.00387128535625,0.0,0.0,0.0,0.0
2025_21_NE_DEN,2025,CON,21,2026-01-25,Sunday,15:00,NE,10.0,DEN,7.0,Home,-3.0,17.0,0.0,2026012500,60174.0,,202601250den,,401772986,,7,8,-205.0,170.0,-3.5,-115.0,-105.0,43.5,-118.0,-102.0,0,outdoors,grass,26.0,10.0,00-0039851,00-0035264,Drake Maye,Jarrett Stidham,Mike Vrabel,Sean Payton,Alex Kemp,DEN00,Empower Field at Mile High,0,25.2,21.2,0.8,31.97820666582501,3.0,1.0,30.4,12.6,0.8,31.73144821283931,5.0,0.0,1,87.26150075414782,115.23289131047753,1.0,1.0,1.0,0.0
2025_21_LA_SEA,2025,CON,21,2026-01-25,Sunday,18:30,LA,27.0,SEA,31.0,Home,4.0,58.0,0.0,2026012501,60175.0,,202601250sea,,401772987,,7,8,120.0,-142.0,2.5,-115.0,-105.0,45.5,-105.0,-115.0,1,outdoors,fieldturf,41.0,2.0,00-0026498,00-0034869,Matthew Stafford,Sam Darnold,Sean McVay,Mike Macdonald,Clay Martin,SEA00,Lumen Field,0,27.4,14.4,0.4,26.63103255719507,8.0,0.0,30.4,26.6,0.8,29.751669814811205,3.0,0.0,1,90.92547204066813,90.14714613915741,0.0,0.0,1.0,0.0
2025_22_SEA_NE,2025,SB,22,2026-02-08,Sunday,18:30,SEA,29.0,NE,13.0,Neutral,-16.0,42.0,0.0,2026020800,60176.0,,202602080nwe,,401772988,,14,14,-238.0,195.0,-4.5,-115.0,-105.0,45.5,-115.0,-105.0,0,outdoors,grass,67.0,7.0,00-0034869,00-0039851,Sam Darnold,Drake Maye,Mike Macdonald,Mike Vrabel,Shawn Smith,SFO01,Levi's Stadium,0,26.8,9.2,1.2,26.92849324243273,6.0,0.0,30.0,16.6,0.0,29.0580371769422,9.0,0.0,0,106.50634008392629,99.60602759622367,0.0,0.0,0.0,0.0
