pfr_player_id,pfr_player_name,team,opponent,season,week,def_sacks,def_pressures,position,defense_pct,position_group,def_sacks_last5,def_pressures_last5,opponent_oline_sacks_allowed_last5,is_dome,spread_line,total_line
AlleZa01,Zach Allen,ARI,KC,2022,1,0.0,4.0,DE,0.83,edge,,,,1,-6.0,54.0
CollZa00,Zaven Collins,ARI,KC,2022,1,0.0,2.0,LB,0.96,edge,,,,1,-6.0,54.0
SimmIs00,Isaiah Simmons,ARI,KC,2022,1,0.0,1.0,LB,0.87,edge,,,,1,-6.0,54.0
CartLo01,Lorenzo Carter,ATL,NO,2022,1,0.5,2.0,LB,0.84,edge,,,,1,-6.0,43.5
EvanRa01,Rashaan Evans,ATL,NO,2022,1,0.0,0.0,LB,0.98,edge,,,,1,-6.0,43.5
GrahTa00,Ta'Quon Graham,ATL,NO,2022,1,0.0,0.0,DE,0.61,edge,,,,1,-6.0,43.5
JarrGr00,Grady Jarrett,ATL,NO,2022,1,1.5,4.0,DT,0.74,interior,,,,1,-6.0,43.5
WalkMy00,Mykal Walker,ATL,NO,2022,1,1.0,1.0,LB,1.0,edge,,,,1,-6.0,43.5
HousJu00,Justin Houston,BAL,NYJ,2022,1,1.0,3.0,LB,0.64,edge,,,,0,6.5,44.0
OwehJa00,Odafe Oweh,BAL,NYJ,2022,1,0.0,1.0,LB,0.81,edge,,,,0,6.5,44.0
QueePa00,Patrick Queen,BAL,NYJ,2022,1,0.5,3.0,LB,1.0,edge,,,,0,6.5,44.0
EdmuTr01,Tremaine Edmunds,BUF,LA,2022,1,0.0,0.0,LB,0.99,edge,,,,1,1.0,51.5
JoneDa04,DaQuan Jones,BUF,LA,2022,1,0.0,1.0,DT,0.69,interior,,,,1,1.0,51.5
MilaMa00,Matt Milano,BUF,LA,2022,1,0.0,0.0,LB,0.99,edge,,,,1,1.0,51.5
RousGr00,Gregory Rousseau,BUF,LA,2022,1,1.0,2.0,DE,0.67,edge,,,,1,1.0,51.5
BurnBr00,Brian Burns,CAR,CLE,2022,1,0.0,2.0,DE,0.81,edge,,,,0,2.5,42.5
GrosYe00,Yetur Gross-Matos,CAR,CLE,2022,1,0.0,1.0,DE,0.7,edge,,,,0,2.5,42.5
IoanMa01,Matthew Ioannidis,CAR,CLE,2022,1,0.0,1.0,DT,0.6,interior,,,,0,2.5,42.5
LuvuFr00,Frankie Luvu,CAR,CLE,2022,1,0.0,1.0,LB,0.85,edge,,,,0,2.5,42.5
ThomSh01,Shaq Thompson,CAR,CLE,2022,1,0.0,1.0,LB,0.75,edge,,,,0,2.5,42.5
JoneJu03,Justin Jones,CHI,SF,2022,1,0.0,1.0,DT,0.63,interior,,,,0,-6.5,38.0
MorrNi00,Nicholas Morrow,CHI,SF,2022,1,0.0,0.0,LB,1.0,edge,,,,0,-6.5,38.0
MuhaAl00,Al-Quadin Muhammad,CHI,SF,2022,1,0.0,2.0,DE,0.63,edge,,,,0,-6.5,38.0
QuinRo00,Robert Quinn,CHI,SF,2022,1,0.0,0.0,LB,0.72,edge,,,,0,-6.5,38.0
SmitRo07,Roquan Smith,CHI,SF,2022,1,0.5,1.0,LB,1.0,edge,,,,0,-6.5,38.0
HendTr00,Trey Hendrickson,CIN,PIT,2022,1,0.0,1.0,DE,0.94,edge,,,,0,7.5,44.5
HillB.00,B.J. Hill,CIN,PIT,2022,1,1.0,1.0,DT,0.81,interior,,,,0,7.5,44.5
HubbSa00,Sam Hubbard,CIN,PIT,2022,1,0.0,2.0,DE,0.94,edge,,,,0,7.5,44.5
PratGe00,Germaine Pratt,CIN,PIT,2022,1,0.0,0.0,LB,0.71,edge,,,,0,7.5,44.5
ReadD.00,D.J. Reader,CIN,PIT,2022,1,0.0,1.0,NT,0.67,interior,,,,0,7.5,44.5
WilsLo00,Logan Wilson,CIN,PIT,2022,1,0.0,0.0,LB,1.0,edge,,,,0,7.5,44.5
ClowJa00,Jadeveon Clowney,CLE,CAR,2022,1,0.5,1.0,DE,0.83,edge,,,,0,-2.5,42.5
ElliJo02,Jordan Elliott,CLE,CAR,2022,1,0.0,1.0,DT,0.77,interior,,,,0,-2.5,42.5
GarrMy00,Myles Garrett,CLE,CAR,2022,1,2.0,2.0,DE,0.85,edge,,,,0,-2.5,42.5
OwusJe00,Jeremiah Owusu-Koramoah,CLE,CAR,2022,1,0.0,0.0,LB,0.85,edge,,,,0,-2.5,42.5
WalkAn01,Anthony Walker,CLE,CAR,2022,1,0.0,1.0,LB,0.68,edge,,,,0,-2.5,42.5
ParsMi00,Micah Parsons,DAL,TB,2022,1,2.0,3.0,LB,1.0,edge,,,,1,-2.5,49.5
VandLe00,Leighton Vander Esch,DAL,TB,2022,1,0.0,1.0,LB,0.85,edge,,,,1,-2.5,49.5
BrowBa01,Baron Browning,DEN,SEA,2022,1,0.0,1.0,LB,0.6,edge,,,,0,6.0,44.0
ChubBr00,Bradley Chubb,DEN,SEA,2022,1,2.0,2.0,LB,0.84,edge,,,,0,6.0,44.0
JoneD.01,D.J. Jones,DEN,SEA,2022,1,0.0,1.0,DT,0.78,interior,,,,0,6.0,44.0
SingAl00,Alex Singleton,DEN,SEA,2022,1,0.0,2.0,LB,0.96,edge,,,,0,6.0,44.0
WillDe04,DeShawn Williams,DEN,SEA,2022,1,0.0,1.0,DT,0.62,interior,,,,0,6.0,44.0
AnzaAl00,Alex Anzalone,DET,PHI,2022,1,0.0,0.0,LB,0.92,edge,,,,1,-6.0,49.0
HutcAi00,Aidan Hutchinson,DET,PHI,2022,1,0.0,1.0,DE,0.9,edge,,,,1,-6.0,49.0
RodrMa00,Malcolm Rodriguez,DET,PHI,2022,1,0.0,1.0,LB,0.6,edge,,,,1,-6.0,49.0
CampDe00,De'Vondre Campbell,GB,MIN,2022,1,0.0,0.0,LB,1.0,edge,,,,1,-2.5,47.0
ClarKe01,Kenny Clark,GB,MIN,2022,1,0.0,3.0,NT,0.69,interior,,,,1,-2.5,47.0
GaryRa00,Rashan Gary,GB,MIN,2022,1,1.0,2.0,LB,0.79,edge,,,,1,-2.5,47.0
LowrDe00,Dean Lowry,GB,MIN,2022,1,0.0,2.0,DE,0.61,edge,,,,1,-2.5,47.0
ReedJa02,Jarran Reed,GB,MIN,2022,1,0.0,1.0,DT,0.68,interior,,,,1,-2.5,47.0
SmitPr00,Preston Smith,GB,MIN,2022,1,0.0,3.0,LB,0.85,edge,,,,1,-2.5,47.0
WalkQu00,Quay Walker,GB,MIN,2022,1,0.0,0.0,LB,0.61,edge,,,,1,-2.5,47.0
GreeJo04,Jonathan Greenard,HOU,IND,2022,1,0.0,1.0,DE,0.67,edge,,,,1,-7.0,46.0
GrugKa00,Kamu Grugier-Hill,HOU,IND,2022,1,0.0,1.0,LB,1.0,edge,,,,1,-7.0,46.0
HughJe99,Jerry Hughes,HOU,IND,2022,1,2.0,4.0,DE,0.6,edge,,,,1,-7.0,46.0
KirkCh00,Christian Kirksey,HOU,IND,2022,1,0.0,2.0,LB,1.0,edge,,,,1,-7.0,46.0
BuckDe00,DeForest Buckner,IND,HOU,2022,1,0.0,2.0,DT,0.86,interior,,,,1,7.0,46.0
FranZa00,Zaire Franklin,IND,HOU,2022,1,0.0,0.0,LB,1.0,edge,,,,1,7.0,46.0
NgakYa00,Yannick Ngakoue,IND,HOU,2022,1,0.0,1.0,DE,0.81,edge,,,,1,7.0,46.0
OkerBo00,Bobby Okereke,IND,HOU,2022,1,0.0,0.0,LB,1.0,edge,,,,1,7.0,46.0
PayeKw00,Kwity Paye,IND,HOU,2022,1,2.0,2.0,DE,0.79,edge,,,,1,7.0,46.0
AlleJo03,Josh Allen,JAX,WAS,2022,1,0.0,1.0,LB,0.82,edge,,,,0,-3.0,43.5
LloyDe00,Devin Lloyd,JAX,WAS,2022,1,0.0,0.0,LB,0.9,edge,,,,0,-3.0,43.5
OluoFo00,Foyesade Oluokun,JAX,WAS,2022,1,0.0,0.0,LB,1.0,edge,,,,0,-3.0,43.5
WalkTr03,Travon Walker,JAX,WAS,2022,1,1.0,1.0,LB,0.83,edge,,,,0,-3.0,43.5
BoltNi00,Nick Bolton,KC,ARI,2022,1,0.0,1.0,LB,0.77,edge,,,,1,6.0,54.0
GayJWi00,Willie Gay Jr.,KC,ARI,2022,1,0.0,0.0,LB,0.65,edge,,,,1,6.0,54.0
JoneCh09,Chris Jones,KC,ARI,2022,1,0.0,5.0,DT,0.65,interior,,,,1,6.0,54.0
KarlGe00,George Karlaftis III,KC,ARI,2022,1,0.0,5.0,DE,0.78,edge,,,,1,6.0,54.0
DonaAa00,Aaron Donald,LA,BUF,2022,1,1.0,1.0,DT,0.86,interior,,,,1,-1.0,51.5
FloyLe00,Leonard Floyd,LA,BUF,2022,1,0.0,0.0,LB,0.86,edge,,,,1,-1.0,51.5
RobiAS00,A'Shawn Robinson,LA,BUF,2022,1,0.0,0.0,DT,0.64,interior,,,,1,-1.0,51.5
WagnBo00,Bobby Wagner,LA,BUF,2022,1,1.0,1.0,LB,1.0,edge,,,,1,-1.0,51.5
BosaJo00,Joey Bosa,LAC,LV,2022,1,1.5,3.0,LB,0.92,edge,,,,1,3.5,52.5
MackKh00,Khalil Mack,LAC,LV,2022,1,3.0,4.0,LB,0.85,edge,,,,1,3.5,52.5
MurrKe00,Kenneth Murray,LAC,LV,2022,1,0.0,0.0,LB,0.71,edge,,,,1,3.5,52.5
TranDr00,Drue Tranquill,LAC,LV,2022,1,0.0,0.0,LB,0.6,edge,,,,1,3.5,52.5
BrowJa06,Jayon Brown,LV,LAC,2022,1,0.0,0.0,LB,0.66,edge,,,,1,-3.5,52.5
CrosMa00,Maxx Crosby,LV,LAC,2022,1,0.0,4.0,DE,0.96,edge,,,,1,-3.5,52.5
DeabDi00,Divine Deablo,LV,LAC,2022,1,0.0,0.0,LB,0.94,edge,,,,1,-3.5,52.5
JoneCh03,Chandler Jones,LV,LAC,2022,1,0.0,2.0,DE,0.9,edge,,,,1,-3.5,52.5
BakeJe00,Jerome Baker,MIA,NE,2022,1,0.0,0.0,LB,1.0,edge,,,,0,3.0,47.0
OgbaEm00,Emmanuel Ogbah,MIA,NE,2022,1,1.0,3.0,DE,0.7,edge,,,,0,3.0,47.0
PhilJa02,Jaelan Phillips,MIA,NE,2022,1,0.0,0.0,LB,0.7,edge,,,,0,3.0,47.0
RobeEl00,Elandon Roberts,MIA,NE,2022,1,0.0,0.0,LB,0.63,edge,,,,0,3.0,47.0
HickJo00,Jordan Hicks,MIN,GB,2022,1,1.0,1.0,LB,0.97,edge,,,,1,2.5,47.0
HuntDa01,Danielle Hunter,MIN,GB,2022,1,1.0,2.0,DE,0.79,edge,,,,1,2.5,47.0
KendEr00,Eric Kendricks,MIN,GB,2022,1,0.0,1.0,LB,1.0,edge,,,,1,2.5,47.0
SmitZa00,Za'Darius Smith,MIN,GB,2022,1,1.0,2.0,LB,0.74,edge,,,,1,2.5,47.0
TomlDa00,Dalvin Tomlinson,MIN,GB,2022,1,0.0,1.0,DT,0.64,interior,,,,1,2.5,47.0
BentJa00,Ja'Whaun Bentley,NE,MIA,2022,1,1.0,1.0,LB,0.72,edge,,,,0,-3.0,47.0
JudoMa00,Matt Judon,NE,MIA,2022,1,1.0,5.0,LB,0.82,edge,,,,0,-3.0,47.0
McMiRa02,Raekwon McMillan,NE,MIA,2022,1,0.0,0.0,LB,0.7,edge,,,,0,-3.0,47.0
WiseDe00,Deatrich Wise Jr.,NE,MIA,2022,1,1.0,3.0,DE,0.83,edge,,,,0,-3.0,47.0
DaveMa00,Marcus Davenport,NO,ATL,2022,1,0.0,1.0,DE,0.6,edge,,,,1,6.0,43.5
DaviDe00,Demario Davis,NO,ATL,2022,1,0.0,1.0,LB,1.0,edge,,,,1,6.0,43.5
WernPe00,Pete Werner,NO,ATL,2022,1,0.0,0.0,LB,0.81,edge,,,,1,6.0,43.5
CaliAu00,Austin Calitro,NYG,TEN,2022,1,0.0,0.0,LB,0.68,edge,,,,0,-5.5,43.5
CrowTa00,Tae Crowder,NYG,TEN,2022,1,0.0,1.0,LB,1.0,edge,,,,0,-5.5,43.5
LawrDe03,Dexter Lawrence,NYG,TEN,2022,1,0.0,2.0,DT,0.68,interior,,,,0,-5.5,43.5
WardJi02,Jihad Ward,NYG,TEN,2022,1,0.0,0.0,LB,0.88,edge,,,,0,-5.5,43.5
WillLe02,Leonard Williams,NYG,TEN,2022,1,0.0,2.0,DT,0.82,interior,,,,0,-5.5,43.5
XimiOs00,Oshane Ximines,NYG,TEN,2022,1,0.0,2.0,LB,0.66,edge,,,,0,-5.5,43.5
AlexKw00,Kwon Alexander,NYJ,BAL,2022,1,0.0,0.0,LB,0.66,edge,,,,0,-6.5,44.0
MoslC.00,C.J. Mosley,NYJ,BAL,2022,1,0.0,0.0,LB,1.0,edge,,,,0,-6.5,44.0
WillQu01,Quincy Williams,NYJ,BAL,2022,1,1.0,1.0,LB,0.91,edge,,,,0,-6.5,44.0
EdwaTJ02,T.J. Edwards,PHI,DET,2022,1,0.0,0.0,LB,1.0,edge,,,,1,6.0,49.0
ReddHa00,Haason Reddick,PHI,DET,2022,1,0.0,0.0,LB,0.68,edge,,,,1,6.0,49.0
SweaJo00,Josh Sweat,PHI,DET,2022,1,0.0,2.0,DE,0.71,edge,,,,1,6.0,49.0
WhitKy00,Kyzir White,PHI,DET,2022,1,0.0,0.0,LB,0.74,edge,,,,1,6.0,49.0
HighAl02,Alex Highsmith,PIT,CIN,2022,1,3.0,6.0,LB,0.83,edge,,,,0,-7.5,44.5
JackMy00,Myles Jack,PIT,CIN,2022,1,0.0,0.0,LB,0.87,edge,,,,0,-7.5,44.5
WattT.00,T.J. Watt,PIT,CIN,2022,1,1.0,1.0,LB,0.66,edge,,,,0,-7.5,44.5
BartCo00,Cody Barton,SEA,DEN,2022,1,1.0,1.0,LB,0.94,edge,,,,0,-6.0,44.0
BrooJo01,Jordyn Brooks,SEA,DEN,2022,1,0.0,0.0,LB,1.0,edge,,,,0,-6.0,44.0
HarrSh00,Shelby Harris,SEA,DEN,2022,1,0.0,2.0,DE,0.68,edge,,,,0,-6.0,44.0
NwosUc00,Uchenna Nwosu,SEA,DEN,2022,1,1.0,3.0,LB,0.89,edge,,,,0,-6.0,44.0
TaylDa00,Darrell Taylor,SEA,DEN,2022,1,0.0,4.0,DE,0.82,edge,,,,0,-6.0,44.0
ArmsAr01,Arik Armstead,SF,CHI,2022,1,0.0,1.0,DE,0.72,edge,,,,0,6.5,38.0
BosaNi00,Nick Bosa,SF,CHI,2022,1,1.0,3.0,DE,0.78,edge,,,,0,6.5,38.0
GreeDr00,Dre Greenlaw,SF,CHI,2022,1,0.0,0.0,LB,1.0,edge,,,,0,6.5,38.0
KinlJa00,Javon Kinlaw,SF,CHI,2022,1,0.0,1.0,DT,0.67,interior,,,,0,6.5,38.0
WarnFr00,Fred Warner,SF,CHI,2022,1,0.0,1.0,LB,1.0,edge,,,,0,6.5,38.0
BarrSh00,Shaquil Barrett,TB,DAL,2022,1,0.0,5.0,LB,0.71,edge,,,,1,2.5,49.5
DaviLa00,Lavonte David,TB,DAL,2022,1,0.0,0.0,LB,1.0,edge,,,,1,2.5,49.5
TryoJo00,Joe Tryon-Shoyinka,TB,DAL,2022,1,0.0,0.0,LB,0.7,edge,,,,1,2.5,49.5
VeaxVi00,Vita Vea,TB,DAL,2022,1,1.0,3.0,NT,0.61,interior,,,,1,2.5,49.5
WhitDe02,Devin White,TB,DAL,2022,1,2.0,3.0,LB,1.0,edge,,,,1,2.5,49.5
AutrDe00,Denico Autry,TEN,NYG,2022,1,0.0,1.0,DE,0.62,edge,,,,0,5.5,43.5
CunnZa00,Zach Cunningham,TEN,NYG,2022,1,0.0,0.0,LB,0.78,edge,,,,0,5.5,43.5
DuprAl00,Bud Dupree,TEN,NYG,2022,1,1.0,2.0,LB,0.78,edge,,,,0,5.5,43.5
LongDa04,David Long,TEN,NYG,2022,1,0.0,2.0,LB,1.0,edge,,,,0,5.5,43.5
SimmJe01,Jeffery Simmons,TEN,NYG,2022,1,2.0,5.0,DT,0.87,interior,,,,0,5.5,43.5
AlleJo01,Jonathan Allen,WAS,JAX,2022,1,1.0,1.0,DT,0.77,interior,,,,0,3.0,43.5
DaviJa11,Jamin Davis,WAS,JAX,2022,1,0.0,0.0,LB,0.93,edge,,,,0,3.0,43.5
HolcCo00,Cole Holcomb,WAS,JAX,2022,1,0.0,0.0,LB,1.0,edge,,,,0,3.0,43.5
PaynDa00,Daron Payne,WAS,JAX,2022,1,1.0,3.0,DT,0.79,interior,,,,0,3.0,43.5
SweaMo00,Montez Sweat,WAS,JAX,2022,1,0.0,3.0,DE,0.73,edge,,,,0,3.0,43.5
AlleZa01,Zach Allen,ARI,LV,2022,2,0.0,2.0,DE,0.84,edge,0.0,4.0,6.0,1,-5.5,51.5
CollZa00,Zaven Collins,ARI,LV,2022,2,0.0,0.0,LB,1.0,edge,0.0,2.0,6.0,1,-5.5,51.5
GoldMa00,Markus Golden,ARI,LV,2022,2,0.0,1.0,LB,0.75,edge,,,6.0,1,-5.5,51.5
WattJ.00,J.J. Watt,ARI,LV,2022,2,1.0,2.0,DE,0.63,edge,,,6.0,1,-5.5,51.5
CartLo01,Lorenzo Carter,ATL,LA,2022,2,0.0,0.0,LB,0.83,edge,0.5,2.0,7.0,1,-10.5,46.5
WalkMy00,Mykal Walker,ATL,LA,2022,2,0.0,0.0,LB,0.98,edge,1.0,1.0,7.0,1,-10.5,46.5
HousJu00,Justin Houston,BAL,MIA,2022,2,1.0,5.0,LB,0.69,edge,1.0,3.0,3.0,0,3.0,44.0
OwehJa00,Odafe Oweh,BAL,MIA,2022,2,0.0,1.0,LB,0.82,edge,0.0,1.0,3.0,0,3.0,44.0
QueePa00,Patrick Queen,BAL,MIA,2022,2,0.0,0.0,LB,1.0,edge,0.5,3.0,3.0,0,3.0,44.0
EdmuTr01,Tremaine Edmunds,BUF,TEN,2022,2,1.0,1.0,LB,0.8,edge,0.0,0.0,1.0,0,10.0,47.5
MilaMa00,Matt Milano,BUF,TEN,2022,2,0.0,0.0,LB,0.8,edge,0.0,0.0,1.0,0,10.0,47.5
BrowDe05,Derrick Brown,CAR,NYG,2022,2,0.0,2.0,DT,0.7,interior,,,5.0,0,1.0,44.0
BurnBr00,Brian Burns,CAR,NYG,2022,2,2.0,4.0,DE,0.77,edge,0.0,2.0,5.0,0,1.0,44.0
IoanMa01,Matthew Ioannidis,CAR,NYG,2022,2,1.0,2.0,DT,0.74,interior,0.0,1.0,5.0,0,1.0,44.0
LuvuFr00,Frankie Luvu,CAR,NYG,2022,2,0.0,0.0,LB,0.96,edge,0.0,1.0,5.0,0,1.0,44.0
ThomSh01,Shaq Thompson,CAR,NYG,2022,2,0.0,0.0,LB,0.92,edge,0.0,1.0,5.0,0,1.0,44.0
MorrNi00,Nicholas Morrow,CHI,GB,2022,2,0.0,0.0,LB,1.0,edge,0.0,0.0,4.0,0,-10.5,42.0
QuinRo00,Robert Quinn,CHI,GB,2022,2,1.0,2.0,LB,0.76,edge,0.0,0.0,4.0,0,-10.5,42.0
SmitRo07,Roquan Smith,CHI,GB,2022,2,0.0,0.0,LB,1.0,edge,0.5,1.0,4.0,0,-10.5,42.0
HendTr00,Trey Hendrickson,CIN,DAL,2022,2,0.0,1.0,DE,0.85,edge,0.0,1.0,4.0,1,7.5,42.0
HubbSa00,Sam Hubbard,CIN,DAL,2022,2,1.0,2.0,DE,0.9,edge,0.0,2.0,4.0,1,7.5,42.0
PratGe00,Germaine Pratt,CIN,DAL,2022,2,0.0,1.0,LB,0.7,edge,0.0,0.0,4.0,1,7.5,42.0
ReadD.00,D.J. Reader,CIN,DAL,2022,2,0.0,3.0,NT,0.61,interior,0.0,1.0,4.0,1,7.5,42.0
WilsLo00,Logan Wilson,CIN,DAL,2022,2,0.0,1.0,LB,1.0,edge,0.0,0.0,4.0,1,7.5,42.0
GarrMy00,Myles Garrett,CLE,NYJ,2022,2,1.0,4.0,DE,0.81,edge,2.0,2.0,3.0,0,6.5,38.5
OwusJe00,Jeremiah Owusu-Koramoah,CLE,NYJ,2022,2,0.0,0.0,LB,0.77,edge,0.0,0.0,3.0,0,6.5,38.5
WalkAn01,Anthony Walker,CLE,NYJ,2022,2,0.0,1.0,LB,0.74,edge,0.0,1.0,3.0,0,6.5,38.5
BarrAn00,Anthony Barr,DAL,CIN,2022,2,0.0,0.0,LB,0.87,edge,,,7.0,1,-7.5,42.0
ParsMi00,Micah Parsons,DAL,CIN,2022,2,2.0,5.0,LB,0.84,edge,2.0,3.0,7.0,1,-7.5,42.0
VandLe00,Leighton Vander Esch,DAL,CIN,2022,2,1.0,1.0,LB,0.9,edge,0.0,1.0,7.0,1,-7.5,42.0
ChubBr00,Bradley Chubb,DEN,HOU,2022,2,0.0,4.0,LB,0.76,edge,2.0,2.0,3.0,0,10.5,46.0
GregRa00,Randy Gregory,DEN,HOU,2022,2,1.0,3.0,DE,0.68,edge,,,3.0,0,10.5,46.0
JoneD.01,D.J. Jones,DEN,HOU,2022,2,0.0,1.0,DT,0.68,interior,0.0,1.0,3.0,0,10.5,46.0
JoneDr00,Dre'Mont Jones,DEN,HOU,2022,2,2.0,3.0,DE,0.84,edge,,,3.0,0,10.5,46.0
SingAl00,Alex Singleton,DEN,HOU,2022,2,0.0,0.0,LB,0.97,edge,0.0,2.0,3.0,0,10.5,46.0
AnzaAl00,Alex Anzalone,DET,WAS,2022,2,0.0,0.0,LB,0.91,edge,0.0,0.0,1.0,1,-1.0,48.5
HarrCh03,Charles Harris,DET,WAS,2022,2,1.0,2.0,LB,0.7,edge,,,1.0,1,-1.0,48.5
HutcAi00,Aidan Hutchinson,DET,WAS,2022,2,3.0,3.0,DE,0.81,edge,0.0,1.0,1.0,1,-1.0,48.5
RodrMa00,Malcolm Rodriguez,DET,WAS,2022,2,0.0,1.0,LB,0.73,edge,0.0,1.0,1.0,1,-1.0,48.5
CampDe00,De'Vondre Campbell,GB,CHI,2022,2,0.0,1.0,LB,1.0,edge,0.0,0.0,2.0,0,10.5,42.0
ClarKe01,Kenny Clark,GB,CHI,2022,2,0.0,1.0,NT,0.88,interior,0.0,3.0,2.0,0,10.5,42.0
GaryRa00,Rashan Gary,GB,CHI,2022,2,1.0,2.0,LB,0.88,edge,1.0,2.0,2.0,0,10.5,42.0
LowrDe00,Dean Lowry,GB,CHI,2022,2,0.0,0.0,DE,0.61,edge,0.0,2.0,2.0,0,10.5,42.0
ReedJa02,Jarran Reed,GB,CHI,2022,2,0.0,0.0,DT,0.71,interior,0.0,1.0,2.0,0,10.5,42.0
SmitPr00,Preston Smith,GB,CHI,2022,2,2.0,4.0,LB,0.9,edge,0.0,3.0,2.0,0,10.5,42.0
WalkQu00,Quay Walker,GB,CHI,2022,2,0.0,0.0,LB,0.78,edge,0.0,0.0,2.0,0,10.5,42.0
GrugKa00,Kamu Grugier-Hill,HOU,DEN,2022,2,0.0,0.0,LB,0.99,edge,0.0,1.0,2.0,0,-10.5,46.0
KirkCh00,Christian Kirksey,HOU,DEN,2022,2,0.5,1.0,LB,1.0,edge,0.0,2.0,2.0,0,-10.5,46.0
LopeRo00,Roy Lopez,HOU,DEN,2022,2,0.0,1.0,DT,0.6,interior,,,2.0,0,-10.5,46.0
BuckDe00,DeForest Buckner,IND,JAX,2022,2,0.0,0.0,DT,0.7,interior,0.0,2.0,2.0,0,3.0,43.5
FranZa00,Zaire Franklin,IND,JAX,2022,2,0.0,0.0,LB,1.0,edge,0.0,0.0,2.0,0,3.0,43.5
NgakYa00,Yannick Ngakoue,IND,JAX,2022,2,0.0,1.0,DE,0.69,edge,0.0,1.0,2.0,0,3.0,43.5
OkerBo00,Bobby Okereke,IND,JAX,2022,2,0.0,0.0,LB,0.93,edge,0.0,0.0,2.0,0,3.0,43.5
StewGr00,Grover Stewart,IND,JAX,2022,2,0.0,1.0,DT,0.68,interior,,,2.0,0,3.0,43.5
AlleJo03,Josh Allen,JAX,IND,2022,2,2.0,3.0,LB,0.86,edge,0.0,1.0,2.0,0,-3.0,43.5
LloyDe00,Devin Lloyd,JAX,IND,2022,2,0.0,0.0,LB,1.0,edge,0.0,0.0,2.0,0,-3.0,43.5
OluoFo00,Foyesade Oluokun,JAX,IND,2022,2,0.0,2.0,LB,1.0,edge,0.0,0.0,2.0,0,-3.0,43.5
WalkTr03,Travon Walker,JAX,IND,2022,2,0.0,3.0,LB,0.9,edge,1.0,1.0,2.0,0,-3.0,43.5
BoltNi00,Nick Bolton,KC,LAC,2022,2,0.0,0.0,LB,0.96,edge,0.0,1.0,0.0,0,4.0,52.5
ClarFr01,Frank Clark,KC,LAC,2022,2,0.0,2.0,DE,0.65,edge,,,0.0,0,4.0,52.5
GayJWi00,Willie Gay Jr.,KC,LAC,2022,2,0.0,1.0,LB,0.92,edge,0.0,0.0,0.0,0,4.0,52.5
JoneCh09,Chris Jones,KC,LAC,2022,2,2.0,3.0,DT,0.75,interior,0.0,5.0,0.0,0,4.0,52.5
KarlGe00,George Karlaftis III,KC,LAC,2022,2,0.0,1.0,DE,0.77,edge,0.0,5.0,0.0,0,4.0,52.5
DonaAa00,Aaron Donald,LA,ATL,2022,2,0.0,2.0,DT,0.9,interior,1.0,1.0,0.0,1,10.5,46.5
FloyLe00,Leonard Floyd,LA,ATL,2022,2,0.0,2.0,LB,0.7,edge,0.0,0.0,0.0,1,10.5,46.5
JoneEr01,Ernest Jones,LA,ATL,2022,2,0.0,0.0,LB,0.79,edge,,,0.0,1,10.5,46.5
WagnBo00,Bobby Wagner,LA,ATL,2022,2,1.0,1.0,LB,1.0,edge,1.0,1.0,0.0,1,10.5,46.5
BosaJo00,Joey Bosa,LAC,KC,2022,2,0.0,1.0,LB,0.91,edge,1.5,3.0,0.0,0,-4.0,52.5
JohnAu01,Austin Johnson,LAC,KC,2022,2,0.0,0.0,NT,0.61,interior,,,0.0,0,-4.0,52.5
JoseSe00,Sebastian Joseph-Day,LAC,KC,2022,2,0.0,0.0,NT,0.7,interior,,,0.0,0,-4.0,52.5
MackKh00,Khalil Mack,LAC,KC,2022,2,1.0,1.0,LB,0.91,edge,3.0,4.0,0.0,0,-4.0,52.5
TranDr00,Drue Tranquill,LAC,KC,2022,2,0.0,0.0,LB,0.84,edge,0.0,0.0,0.0,0,-4.0,52.5
BrowJa06,Jayon Brown,LV,ARI,2022,2,0.0,0.0,LB,0.77,edge,0.0,0.0,3.0,1,5.5,51.5
CrosMa00,Maxx Crosby,LV,ARI,2022,2,1.0,4.0,DE,0.94,edge,0.0,4.0,3.0,1,5.5,51.5
DeabDi00,Divine Deablo,LV,ARI,2022,2,0.0,0.0,LB,1.0,edge,0.0,0.0,3.0,1,5.5,51.5
JoneCh03,Chandler Jones,LV,ARI,2022,2,0.0,2.0,DE,0.9,edge,0.0,2.0,3.0,1,5.5,51.5
VickKe00,Kendal Vickers,LV,ARI,2022,2,0.0,0.0,DT,0.67,interior,,,3.0,1,5.5,51.5
BakeJe00,Jerome Baker,MIA,BAL,2022,2,0.0,0.0,LB,1.0,edge,0.0,0.0,2.0,0,-3.0,44.0
PhilJa02,Jaelan Phillips,MIA,BAL,2022,2,0.0,1.0,LB,0.76,edge,0.0,0.0,2.0,0,-3.0,44.0
RobeEl00,Elandon Roberts,MIA,BAL,2022,2,0.0,0.0,LB,0.68,edge,0.0,0.0,2.0,0,-3.0,44.0
SielZa00,Zach Sieler,MIA,BAL,2022,2,0.0,1.0,DT,0.78,interior,,,2.0,0,-3.0,44.0
HickJo00,Jordan Hicks,MIN,PHI,2022,2,0.0,0.0,LB,0.78,edge,1.0,1.0,1.0,0,-2.5,49.5
HuntDa01,Danielle Hunter,MIN,PHI,2022,2,0.0,0.0,DE,0.75,edge,1.0,2.0,1.0,0,-2.5,49.5
KendEr00,Eric Kendricks,MIN,PHI,2022,2,0.0,1.0,LB,1.0,edge,0.0,1.0,1.0,0,-2.5,49.5
PhilHa00,Harrison Phillips,MIN,PHI,2022,2,0.5,1.0,DT,0.64,interior,,,1.0,0,-2.5,49.5
SmitZa00,Za'Darius Smith,MIN,PHI,2022,2,1.0,3.0,LB,0.74,edge,1.0,2.0,1.0,0,-2.5,49.5
TomlDa00,Dalvin Tomlinson,MIN,PHI,2022,2,0.5,1.0,DT,0.73,interior,0.0,1.0,1.0,0,-2.5,49.5
JudoMa00,Matt Judon,NE,PIT,2022,2,1.0,1.0,LB,0.81,edge,1.0,5.0,1.0,0,3.0,40.0
WilsMa03,Mack Wilson,NE,PIT,2022,2,0.0,0.0,LB,0.65,edge,,,1.0,0,3.0,40.0
DaviDe00,Demario Davis,NO,TB,2022,2,0.0,0.0,LB,1.0,edge,0.0,1.0,2.0,1,-2.5,44.0
OnyeDa00,David Onyemata,NO,TB,2022,2,0.5,1.0,DT,0.64,interior,,,2.0,1,-2.5,44.0
TuttSh00,Shy Tuttle,NO,TB,2022,2,0.5,1.0,DT,0.61,interior,,,2.0,1,-2.5,44.0
WernPe00,Pete Werner,NO,TB,2022,2,0.0,0.0,LB,0.81,edge,0.0,0.0,2.0,1,-2.5,44.0
CrowTa00,Tae Crowder,NYG,CAR,2022,2,0.0,0.0,LB,0.83,edge,0.0,1.0,4.0,0,-1.0,44.0
LawrDe03,Dexter Lawrence,NYG,CAR,2022,2,0.0,2.0,DT,0.79,interior,0.0,2.0,4.0,0,-1.0,44.0
WardJi02,Jihad Ward,NYG,CAR,2022,2,0.0,0.0,LB,0.91,edge,0.0,0.0,4.0,0,-1.0,44.0
XimiOs00,Oshane Ximines,NYG,CAR,2022,2,1.0,2.0,LB,0.6,edge,0.0,2.0,4.0,0,-1.0,44.0
MoslC.00,C.J. Mosley,NYJ,CLE,2022,2,0.0,0.0,LB,1.0,edge,0.0,0.0,1.0,0,-6.5,38.5
WillQu01,Quincy Williams,NYJ,CLE,2022,2,0.0,0.0,LB,0.99,edge,1.0,1.0,1.0,0,-6.5,38.5
CoxxFl00,Fletcher Cox,PHI,MIN,2022,2,1.0,2.0,DT,0.66,interior,,,1.0,0,2.5,49.5
EdwaTJ02,T.J. Edwards,PHI,MIN,2022,2,0.0,2.0,LB,0.92,edge,0.0,0.0,1.0,0,2.5,49.5
HargJa00,Javon Hargrave,PHI,MIN,2022,2,0.0,1.0,DT,0.62,interior,,,1.0,0,2.5,49.5
ReddHa00,Haason Reddick,PHI,MIN,2022,2,0.0,0.0,LB,0.67,edge,0.0,0.0,1.0,0,2.5,49.5
WhitKy00,Kyzir White,PHI,MIN,2022,2,0.0,0.0,LB,0.74,edge,0.0,0.0,1.0,0,2.5,49.5
HeywCa01,Cameron Heyward,PIT,NE,2022,2,0.0,0.0,DT,0.76,interior,,,2.0,0,-3.0,40.0
HighAl02,Alex Highsmith,PIT,NE,2022,2,0.0,2.0,LB,0.84,edge,3.0,6.0,2.0,0,-3.0,40.0
JackMy00,Myles Jack,PIT,NE,2022,2,0.0,0.0,LB,0.87,edge,0.0,0.0,2.0,0,-3.0,40.0
ReedMa01,Malik Reed,PIT,NE,2022,2,0.0,1.0,LB,0.66,edge,,,2.0,0,-3.0,40.0
BartCo00,Cody Barton,SEA,SF,2022,2,0.0,0.0,LB,0.96,edge,1.0,1.0,2.0,0,-8.5,40.0
BrooJo01,Jordyn Brooks,SEA,SF,2022,2,0.0,0.0,LB,1.0,edge,0.0,0.0,2.0,0,-8.5,40.0
NwosUc00,Uchenna Nwosu,SEA,SF,2022,2,0.0,3.0,LB,0.72,edge,1.0,3.0,2.0,0,-8.5,40.0
TaylDa00,Darrell Taylor,SEA,SF,2022,2,0.0,0.0,DE,0.7,edge,0.0,4.0,2.0,0,-8.5,40.0
BosaNi00,Nick Bosa,SF,SEA,2022,2,2.0,6.0,DE,0.73,edge,1.0,3.0,2.0,0,8.5,40.0
GreeDr00,Dre Greenlaw,SF,SEA,2022,2,0.0,0.0,LB,1.0,edge,0.0,0.0,2.0,0,8.5,40.0
WarnFr00,Fred Warner,SF,SEA,2022,2,0.0,0.0,LB,1.0,edge,0.0,1.0,2.0,0,8.5,40.0
BarrSh00,Shaquil Barrett,TB,NO,2022,2,2.0,5.0,LB,0.85,edge,0.0,5.0,4.0,1,2.5,44.0
DaviLa00,Lavonte David,TB,NO,2022,2,1.0,1.0,LB,1.0,edge,0.0,0.0,4.0,1,2.5,44.0
TryoJo00,Joe Tryon-Shoyinka,TB,NO,2022,2,0.5,1.0,LB,0.74,edge,0.0,0.0,4.0,1,2.5,44.0
VeaxVi00,Vita Vea,TB,NO,2022,2,0.5,1.0,NT,0.63,interior,1.0,3.0,4.0,1,2.5,44.0
WhitDe02,Devin White,TB,NO,2022,2,1.0,2.0,LB,1.0,edge,2.0,3.0,4.0,1,2.5,44.0
CunnZa00,Zach Cunningham,TEN,BUF,2022,2,0.0,0.0,LB,0.69,edge,0.0,0.0,2.0,0,-10.0,47.5
LongDa04,David Long,TEN,BUF,2022,2,0.0,0.0,LB,0.81,edge,0.0,2.0,2.0,0,-10.0,47.5
SimmJe01,Jeffery Simmons,TEN,BUF,2022,2,0.0,1.0,DT,0.66,interior,2.0,5.0,2.0,0,-10.0,47.5
WeavRa00,Rashad Weaver,TEN,BUF,2022,2,0.0,0.0,LB,0.84,edge,,,2.0,0,-10.0,47.5
DaviJa11,Jamin Davis,WAS,DET,2022,2,1.0,2.0,LB,0.62,edge,0.0,0.0,1.0,1,1.0,48.5
HolcCo00,Cole Holcomb,WAS,DET,2022,2,0.0,0.0,LB,1.0,edge,0.0,0.0,1.0,1,1.0,48.5
PaynDa00,Daron Payne,WAS,DET,2022,2,1.0,2.0,DT,0.87,interior,1.0,3.0,1.0,1,1.0,48.5
SmitJa08,James Smith-Williams,WAS,DET,2022,2,1.0,2.0,DE,0.7,edge,,,1.0,1,1.0,48.5
SweaMo00,Montez Sweat,WAS,DET,2022,2,0.0,2.0,DE,0.85,edge,0.0,3.0,1.0,1,1.0,48.5
AlleZa01,Zach Allen,ARI,LA,2022,3,0.0,0.0,DE,0.83,edge,0.0,3.0,4.0,1,-3.5,49.0
CollZa00,Zaven Collins,ARI,LA,2022,3,0.0,0.0,LB,0.73,edge,0.0,1.0,4.0,1,-3.5,49.0
GoldMa00,Markus Golden,ARI,LA,2022,3,0.0,2.0,LB,0.67,edge,0.0,1.0,4.0,1,-3.5,49.0
WattJ.00,J.J. Watt,ARI,LA,2022,3,1.0,1.0,DE,0.63,edge,1.0,2.0,4.0,1,-3.5,49.0
CartLo01,Lorenzo Carter,ATL,SEA,2022,3,1.0,1.0,LB,0.82,edge,0.25,1.0,2.0,0,-1.0,43.0
EbikAr00,Arnold Ebiketie,ATL,SEA,2022,3,0.0,0.0,LB,0.61,edge,,,2.0,0,-1.0,43.0
EvanRa01,Rashaan Evans,ATL,SEA,2022,3,0.0,0.0,LB,1.0,edge,0.0,0.0,2.0,0,-1.0,43.0
JarrGr00,Grady Jarrett,ATL,SEA,2022,3,1.0,2.0,DT,0.85,interior,1.5,4.0,2.0,0,-1.0,43.0
WalkMy00,Mykal Walker,ATL,SEA,2022,3,0.0,0.0,LB,1.0,edge,0.5,0.5,2.0,0,-1.0,43.0
ByneJo00,Josh Bynes,BAL,NE,2022,3,0.0,0.0,LB,0.71,edge,,,1.0,0,2.5,45.5
CampCa99,Calais Campbell,BAL,NE,2022,3,0.0,1.0,DE,0.89,edge,,,1.0,0,2.5,45.5
MaduJu00,Justin Madubuike,BAL,NE,2022,3,1.0,1.0,DT,0.61,interior,,,1.0,0,2.5,45.5
OwehJa00,Odafe Oweh,BAL,NE,2022,3,0.0,2.0,LB,0.86,edge,0.0,1.0,1.0,0,2.5,45.5
QueePa00,Patrick Queen,BAL,NE,2022,3,1.0,1.0,LB,0.89,edge,0.25,1.5,1.0,0,2.5,45.5
EdmuTr01,Tremaine Edmunds,BUF,MIA,2022,3,0.0,0.0,LB,1.0,edge,0.5,0.5,2.0,0,4.0,54.0
MilaMa00,Matt Milano,BUF,MIA,2022,3,0.0,0.0,LB,1.0,edge,0.0,0.0,2.0,0,4.0,54.0
MillVo00,Von Miller,BUF,MIA,2022,3,0.0,3.0,LB,0.74,edge,,,2.0,0,4.0,54.0
RousGr00,Gregory Rousseau,BUF,MIA,2022,3,1.5,3.0,DE,0.63,edge,1.0,2.0,2.0,0,4.0,54.0
BurnBr00,Brian Burns,CAR,NO,2022,3,0.0,2.0,DE,0.81,edge,1.0,3.0,5.0,0,-2.0,41.0
LuvuFr00,Frankie Luvu,CAR,NO,2022,3,0.0,1.0,LB,1.0,edge,0.0,0.5,5.0,0,-2.0,41.0
ThomSh01,Shaq Thompson,CAR,NO,2022,3,0.0,0.0,LB,0.74,edge,0.0,0.5,5.0,0,-2.0,41.0
BlacAn00,Angelo Blackson,CHI,HOU,2022,3,0.0,1.0,DT,0.61,interior,,,3.0,0,3.0,40.0
JoneJu03,Justin Jones,CHI,HOU,2022,3,1.0,2.0,DT,0.73,interior,0.0,1.0,3.0,0,3.0,40.0
MorrNi00,Nicholas Morrow,CHI,HOU,2022,3,0.0,0.0,LB,1.0,edge,0.0,0.0,3.0,0,3.0,40.0
MuhaAl00,Al-Quadin Muhammad,CHI,HOU,2022,3,0.0,2.0,DE,0.61,edge,0.0,2.0,3.0,0,3.0,40.0
QuinRo00,Robert Quinn,CHI,HOU,2022,3,0.0,0.0,LB,0.71,edge,0.5,1.0,3.0,0,3.0,40.0
SmitRo07,Roquan Smith,CHI,HOU,2022,3,0.0,0.0,LB,1.0,edge,0.25,0.5,3.0,0,3.0,40.0
DaviAk01,Akeem Davis-Gaither,CIN,NYJ,2022,3,0.0,0.0,LB,0.69,edge,,,2.5,0,6.5,46.0
HillB.00,B.J. Hill,CIN,NYJ,2022,3,0.5,1.0,DT,0.68,interior,1.0,1.0,2.5,0,6.5,46.0
HubbSa00,Sam Hubbard,CIN,NYJ,2022,3,0.0,2.0,DE,0.73,edge,0.5,2.0,2.5,0,6.5,46.0
WilsLo00,Logan Wilson,CIN,NYJ,2022,3,0.0,0.0,LB,1.0,edge,0.0,0.5,2.5,0,6.5,46.0
ElliJo02,Jordan Elliott,CLE,PIT,2022,3,0.0,1.0,DT,0.68,interior,0.0,1.0,2.0,0,4.5,38.0
GarrMy00,Myles Garrett,CLE,PIT,2022,3,0.0,2.0,DE,0.91,edge,1.5,3.0,2.0,0,4.5,38.0
PhilJa01,Jacob Phillips,CLE,PIT,2022,3,1.0,2.0,LB,0.78,edge,,,2.0,0,4.5,38.0
ArmsDo00,Dorance Armstrong Jr.,DAL,NYG,2022,3,1.0,3.0,DE,0.64,edge,,,4.0,0,-1.0,38.5
BarrAn00,Anthony Barr,DAL,NYG,2022,3,0.0,3.0,LB,0.61,edge,0.0,0.0,4.0,0,-1.0,38.5
ParsMi00,Micah Parsons,DAL,NYG,2022,3,0.0,3.0,LB,0.83,edge,2.0,4.0,4.0,0,-1.0,38.5
VandLe00,Leighton Vander Esch,DAL,NYG,2022,3,0.0,0.0,LB,0.83,edge,0.5,1.0,4.0,0,-1.0,38.5
ChubBr00,Bradley Chubb,DEN,SF,2022,3,1.0,2.0,LB,0.79,edge,1.0,3.0,1.5,0,-1.0,44.0
GregRa00,Randy Gregory,DEN,SF,2022,3,1.0,2.0,DE,0.71,edge,1.0,3.0,1.5,0,-1.0,44.0
JeweJo00,Josey Jewell,DEN,SF,2022,3,1.0,2.0,LB,0.95,edge,,,1.5,0,-1.0,44.0
JoneDr00,Dre'Mont Jones,DEN,SF,2022,3,0.0,1.0,DE,0.84,edge,2.0,3.0,1.5,0,-1.0,44.0
AnzaAl00,Alex Anzalone,DET,MIN,2022,3,1.0,3.0,LB,0.99,edge,0.0,0.0,1.5,1,-6.5,52.0
HarrCh03,Charles Harris,DET,MIN,2022,3,0.0,2.0,LB,0.92,edge,1.0,2.0,1.5,1,-6.5,52.0
HutcAi00,Aidan Hutchinson,DET,MIN,2022,3,0.0,2.0,DE,0.79,edge,1.5,2.0,1.5,1,-6.5,52.0
McNeAl00,Alim McNeill,DET,MIN,2022,3,0.0,3.0,NT,0.81,interior,,,1.5,1,-6.5,52.0
RodrMa00,Malcolm Rodriguez,DET,MIN,2022,3,0.0,0.0,LB,0.76,edge,0.0,1.0,1.5,1,-6.5,52.0
CampDe00,De'Vondre Campbell,GB,TB,2022,3,0.0,0.0,LB,1.0,edge,0.0,0.5,1.5,0,-1.0,41.5
ClarKe01,Kenny Clark,GB,TB,2022,3,2.0,3.0,NT,0.77,interior,0.0,2.0,1.5,0,-1.0,41.5
GaryRa00,Rashan Gary,GB,TB,2022,3,1.0,2.0,LB,0.66,edge,1.0,2.0,1.5,0,-1.0,41.5
WalkQu00,Quay Walker,GB,TB,2022,3,0.0,0.0,LB,0.85,edge,0.0,0.0,1.5,0,-1.0,41.5
CollMa00,Maliek Collins,HOU,CHI,2022,3,0.0,1.0,DT,0.68,interior,,,2.5,0,-3.0,40.0
GrugKa00,Kamu Grugier-Hill,HOU,CHI,2022,3,0.0,0.0,LB,0.87,edge,0.0,0.5,2.5,0,-3.0,40.0
HughJe99,Jerry Hughes,HOU,CHI,2022,3,2.0,2.0,DE,0.71,edge,2.0,4.0,2.5,0,-3.0,40.0
KirkCh00,Christian Kirksey,HOU,CHI,2022,3,0.0,0.0,LB,1.0,edge,0.25,1.5,2.5,0,-3.0,40.0
BuckDe00,DeForest Buckner,IND,KC,2022,3,0.0,3.0,DT,0.78,interior,0.0,1.0,0.5,0,-4.5,51.0
FranZa00,Zaire Franklin,IND,KC,2022,3,0.0,1.0,LB,1.0,edge,0.0,0.0,0.5,0,-4.5,51.0
NgakYa00,Yannick Ngakoue,IND,KC,2022,3,1.0,3.0,DE,0.68,edge,0.0,1.0,0.5,0,-4.5,51.0
OkerBo00,Bobby Okereke,IND,KC,2022,3,0.0,0.0,LB,0.89,edge,0.0,0.0,0.5,0,-4.5,51.0
PayeKw00,Kwity Paye,IND,KC,2022,3,0.0,1.0,DE,0.63,edge,2.0,2.0,0.5,0,-4.5,51.0
StewGr00,Grover Stewart,IND,KC,2022,3,0.0,2.0,DT,0.63,interior,0.0,1.0,0.5,0,-4.5,51.0
AlleJo03,Josh Allen,JAX,LAC,2022,3,0.0,5.0,LB,0.84,edge,1.0,2.0,1.0,1,-6.5,46.0
LloyDe00,Devin Lloyd,JAX,LAC,2022,3,0.0,0.0,LB,1.0,edge,0.0,0.0,1.0,1,-6.5,46.0
OluoFo00,Foyesade Oluokun,JAX,LAC,2022,3,0.0,1.0,LB,1.0,edge,0.0,1.0,1.0,1,-6.5,46.0
WalkTr03,Travon Walker,JAX,LAC,2022,3,0.0,1.0,LB,0.84,edge,0.5,2.0,1.0,1,-6.5,46.0
BoltNi00,Nick Bolton,KC,IND,2022,3,2.0,2.0,LB,1.0,edge,0.0,0.5,3.5,0,4.5,51.0
ClarFr01,Frank Clark,KC,IND,2022,3,1.0,1.0,DE,0.72,edge,0.0,2.0,3.5,0,4.5,51.0
HarrDa07,Darius Harris,KC,IND,2022,3,0.0,0.0,LB,0.87,edge,,,3.5,0,4.5,51.0
JoneCh09,Chris Jones,KC,IND,2022,3,0.0,1.0,DT,0.8,interior,1.0,4.0,3.5,0,4.5,51.0
KarlGe00,George Karlaftis III,KC,IND,2022,3,0.0,1.0,DE,0.8,edge,0.0,3.0,3.5,0,4.5,51.0
DonaAa00,Aaron Donald,LA,ARI,2022,3,1.0,1.0,DT,0.96,interior,0.5,1.5,2.0,1,3.5,49.0
FloyLe00,Leonard Floyd,LA,ARI,2022,3,0.0,1.0,LB,0.76,edge,0.0,1.0,2.0,1,3.5,49.0
GainGr00,Greg Gaines,LA,ARI,2022,3,0.0,1.0,NT,0.94,interior,,,2.0,1,3.5,49.0
JoneEr01,Ernest Jones,LA,ARI,2022,3,0.0,0.0,LB,0.63,edge,0.0,0.0,2.0,1,3.5,49.0
WagnBo00,Bobby Wagner,LA,ARI,2022,3,0.0,0.0,LB,0.99,edge,1.0,1.0,2.0,1,3.5,49.0
JohnAu01,Austin Johnson,LAC,JAX,2022,3,0.0,0.0,NT,0.67,interior,0.0,0.0,1.0,1,6.5,46.0
MackKh00,Khalil Mack,LAC,JAX,2022,3,0.0,0.0,LB,0.84,edge,2.0,2.5,1.0,1,6.5,46.0
MurrKe00,Kenneth Murray,LAC,JAX,2022,3,0.0,0.0,LB,0.63,edge,0.0,0.0,1.0,1,6.5,46.0
TranDr00,Drue Tranquill,LAC,JAX,2022,3,0.0,0.0,LB,0.78,edge,0.0,0.0,1.0,1,6.5,46.0
BrowJa06,Jayon Brown,LV,TEN,2022,3,0.0,0.0,LB,0.9,edge,0.0,0.0,1.5,0,1.5,45.5
CrosMa00,Maxx Crosby,LV,TEN,2022,3,1.0,1.0,DE,0.91,edge,0.5,4.0,1.5,0,1.5,45.5
DeabDi00,Divine Deablo,LV,TEN,2022,3,0.0,0.0,LB,1.0,edge,0.0,0.0,1.5,0,1.5,45.5
JoneCh03,Chandler Jones,LV,TEN,2022,3,0.0,2.0,DE,0.69,edge,0.0,2.0,1.5,0,1.5,45.5
NichBi00,Bilal Nichols,LV,TEN,2022,3,0.0,1.0,DE,0.76,edge,,,1.5,0,1.5,45.5
BakeJe00,Jerome Baker,MIA,BUF,2022,3,0.5,1.0,LB,0.9,edge,0.0,0.0,1.5,0,-4.0,54.0
IngrMe00,Melvin Ingram,MIA,BUF,2022,3,2.0,3.0,LB,0.62,edge,,,1.5,0,-4.0,54.0
OgbaEm00,Emmanuel Ogbah,MIA,BUF,2022,3,0.0,3.0,DE,0.76,edge,1.0,3.0,1.5,0,-4.0,54.0
PhilJa02,Jaelan Phillips,MIA,BUF,2022,3,0.0,0.0,LB,0.67,edge,0.0,0.5,1.5,0,-4.0,54.0
HickJo00,Jordan Hicks,MIN,DET,2022,3,0.0,0.0,LB,0.87,edge,0.5,0.5,2.0,1,6.5,52.0
HuntDa01,Danielle Hunter,MIN,DET,2022,3,0.0,2.0,DE,0.83,edge,0.5,1.0,2.0,1,6.5,52.0
KendEr00,Eric Kendricks,MIN,DET,2022,3,0.0,1.0,LB,1.0,edge,0.0,1.0,2.0,1,6.5,52.0
SmitZa00,Za'Darius Smith,MIN,DET,2022,3,0.0,1.0,LB,0.81,edge,1.0,2.5,2.0,1,6.5,52.0
TomlDa00,Dalvin Tomlinson,MIN,DET,2022,3,0.0,1.0,DT,0.74,interior,0.25,1.0,2.0,1,6.5,52.0
BentJa00,Ja'Whaun Bentley,NE,BAL,2022,3,0.0,1.0,LB,0.93,edge,1.0,1.0,1.0,0,-2.5,45.5
JudoMa00,Matt Judon,NE,BAL,2022,3,1.0,4.0,LB,0.8,edge,1.0,3.0,1.0,0,-2.5,45.5
WilsMa03,Mack Wilson,NE,BAL,2022,3,0.0,0.0,LB,0.68,edge,0.0,0.0,1.0,0,-2.5,45.5
WiseDe00,Deatrich Wise Jr.,NE,BAL,2022,3,3.0,3.0,DE,0.75,edge,1.0,3.0,1.0,0,-2.5,45.5
DaviDe00,Demario Davis,NO,CAR,2022,3,1.0,2.0,LB,1.0,edge,0.0,0.5,3.0,0,2.0,41.0
JordCa00,Cameron Jordan,NO,CAR,2022,3,1.0,1.0,DE,0.8,edge,,,3.0,0,2.0,41.0
WernPe00,Pete Werner,NO,CAR,2022,3,0.0,0.0,LB,0.97,edge,0.0,0.0,3.0,0,2.0,41.0
CrowTa00,Tae Crowder,NYG,DAL,2022,3,0.0,0.0,LB,1.0,edge,0.0,0.5,2.5,0,1.0,38.5
LawrDe03,Dexter Lawrence,NYG,DAL,2022,3,0.0,2.0,DT,0.81,interior,0.0,2.0,2.5,0,1.0,38.5
WardJi02,Jihad Ward,NYG,DAL,2022,3,0.0,0.0,LB,0.66,edge,0.0,0.0,2.5,0,1.0,38.5
LawsCa00,Carl Lawson,NYJ,CIN,2022,3,0.0,3.0,DE,0.66,edge,,,6.5,0,-6.5,46.0
MoslC.00,C.J. Mosley,NYJ,CIN,2022,3,0.0,0.0,LB,1.0,edge,0.0,0.0,6.5,0,-6.5,46.0
WillQu00,Quinnen Williams,NYJ,CIN,2022,3,1.0,3.0,NT,0.68,interior,,,6.5,0,-6.5,46.0
WillQu01,Quincy Williams,NYJ,CIN,2022,3,0.0,1.0,LB,0.69,edge,0.5,0.5,6.5,0,-6.5,46.0
EdwaTJ02,T.J. Edwards,PHI,WAS,2022,3,1.0,4.0,LB,0.96,edge,0.0,1.0,3.0,0,6.0,47.0
SweaJo00,Josh Sweat,PHI,WAS,2022,3,1.5,4.0,DE,0.61,edge,0.0,2.0,3.0,0,6.0,47.0
WhitKy00,Kyzir White,PHI,WAS,2022,3,0.0,0.0,LB,0.78,edge,0.0,0.0,3.0,0,6.0,47.0
BushDe01,Devin Bush Jr.,PIT,CLE,2022,3,0.0,0.0,LB,0.76,edge,,,1.0,0,-4.5,38.0
HighAl02,Alex Highsmith,PIT,CLE,2022,3,1.5,2.0,LB,0.94,edge,1.5,4.0,1.0,0,-4.5,38.0
JackMy00,Myles Jack,PIT,CLE,2022,3,0.0,0.0,LB,0.92,edge,0.0,0.0,1.0,0,-4.5,38.0
OgunLa00,Larry Ogunjobi,PIT,CLE,2022,3,0.5,2.0,DT,0.67,interior,,,1.0,0,-4.5,38.0
ReedMa01,Malik Reed,PIT,CLE,2022,3,0.0,0.0,LB,0.79,edge,0.0,1.0,1.0,0,-4.5,38.0
BartCo00,Cody Barton,SEA,ATL,2022,3,0.0,0.0,LB,1.0,edge,0.5,0.5,1.5,0,1.0,43.0
BrooJo01,Jordyn Brooks,SEA,ATL,2022,3,0.0,0.0,LB,0.96,edge,0.0,0.0,1.5,0,1.0,43.0
FordPo00,Poona Ford,SEA,ATL,2022,3,0.0,1.0,NT,0.61,interior,,,1.5,0,1.0,43.0
NwosUc00,Uchenna Nwosu,SEA,ATL,2022,3,0.0,0.0,LB,0.72,edge,0.5,3.0,1.5,0,1.0,43.0
TaylDa00,Darrell Taylor,SEA,ATL,2022,3,1.0,1.0,DE,0.67,edge,0.0,2.0,1.5,0,1.0,43.0
WoodAl99,Al Woods,SEA,ATL,2022,3,0.0,1.0,DT,0.6,interior,,,1.5,0,1.0,43.0
BosaNi00,Nick Bosa,SF,DEN,2022,3,1.0,5.0,DE,0.77,edge,1.5,4.5,2.5,0,1.0,44.0
GreeDr00,Dre Greenlaw,SF,DEN,2022,3,0.0,0.0,LB,1.0,edge,0.0,0.0,2.5,0,1.0,44.0
WarnFr00,Fred Warner,SF,DEN,2022,3,0.0,0.0,LB,1.0,edge,0.0,0.5,2.5,0,1.0,44.0
BarrSh00,Shaquil Barrett,TB,GB,2022,3,0.0,0.0,LB,0.82,edge,1.0,5.0,3.5,0,1.0,41.5
DaviLa00,Lavonte David,TB,GB,2022,3,0.0,0.0,LB,1.0,edge,0.5,0.5,3.5,0,1.0,41.5
TryoJo00,Joe Tryon-Shoyinka,TB,GB,2022,3,0.0,2.0,LB,0.74,edge,0.25,0.5,3.5,0,1.0,41.5
VeaxVi00,Vita Vea,TB,GB,2022,3,0.0,1.0,NT,0.63,interior,0.75,2.0,3.5,0,1.0,41.5
WhitDe02,Devin White,TB,GB,2022,3,0.0,0.0,LB,1.0,edge,1.5,2.5,3.5,0,1.0,41.5
AutrDe00,Denico Autry,TEN,LV,2022,3,0.0,2.0,DE,0.67,edge,0.0,1.0,3.5,0,-1.5,45.5
LongDa04,David Long,TEN,LV,2022,3,0.0,0.0,LB,1.0,edge,0.0,1.0,3.5,0,-1.5,45.5
SimmJe01,Jeffery Simmons,TEN,LV,2022,3,0.0,2.0,DT,0.91,interior,1.0,3.0,3.5,0,-1.5,45.5
WeavRa00,Rashad Weaver,TEN,LV,2022,3,1.0,3.0,LB,0.81,edge,0.0,0.0,3.5,0,-1.5,45.5
AlleJo01,Jonathan Allen,WAS,PHI,2022,3,0.0,1.0,DT,0.73,interior,1.0,1.0,2.0,0,-6.0,47.0
DaviJa11,Jamin Davis,WAS,PHI,2022,3,2.0,2.0,LB,0.79,edge,0.5,1.0,2.0,0,-6.0,47.0
HolcCo00,Cole Holcomb,WAS,PHI,2022,3,0.0,1.0,LB,0.91,edge,0.0,0.0,2.0,0,-6.0,47.0
PaynDa00,Daron Payne,WAS,PHI,2022,3,0.0,3.0,DT,0.81,interior,1.0,2.5,2.0,0,-6.0,47.0
AlleZa01,Zach Allen,ARI,CAR,2022,4,1.0,2.0,DE,0.94,edge,0.0,2.0,3.0,0,-1.0,44.0
CollZa00,Zaven Collins,ARI,CAR,2022,4,0.0,0.0,LB,1.0,edge,0.0,0.6666666666666666,3.0,0,-1.0,44.0
SimmIs00,Isaiah Simmons,ARI,CAR,2022,4,0.0,0.0,LB,0.83,edge,0.0,1.0,3.0,0,-1.0,44.0
WattJ.00,J.J. Watt,ARI,CAR,2022,4,0.0,0.0,DE,0.79,edge,1.0,1.5,3.0,0,-1.0,44.0
CartLo01,Lorenzo Carter,ATL,CLE,2022,4,0.0,1.0,LB,0.97,edge,0.5,1.0,1.3333333333333333,0,-1.0,48.0
EvanRa01,Rashaan Evans,ATL,CLE,2022,4,0.0,0.0,LB,1.0,edge,0.0,0.0,1.3333333333333333,0,-1.0,48.0
GrahTa00,Ta'Quon Graham,ATL,CLE,2022,4,0.0,1.0,DE,0.79,edge,0.0,0.0,1.3333333333333333,0,-1.0,48.0
JarrGr00,Grady Jarrett,ATL,CLE,2022,4,1.0,2.0,DT,0.82,interior,1.25,3.0,1.3333333333333333,0,-1.0,48.0
WalkMy00,Mykal Walker,ATL,CLE,2022,4,0.0,0.0,LB,1.0,edge,0.3333333333333333,0.3333333333333333,1.3333333333333333,0,-1.0,48.0
ByneJo00,Josh Bynes,BAL,BUF,2022,4,0.0,0.0,LB,0.61,edge,0.0,0.0,2.3333333333333335,0,-3.0,50.0
OwehJa00,Odafe Oweh,BAL,BUF,2022,4,1.0,4.0,LB,0.95,edge,0.0,1.3333333333333333,2.3333333333333335,0,-3.0,50.0
QueePa00,Patrick Queen,BAL,BUF,2022,4,0.0,3.0,LB,0.98,edge,0.5,1.3333333333333333,2.3333333333333335,0,-3.0,50.0
EdmuTr01,Tremaine Edmunds,BUF,BAL,2022,4,0.0,1.0,LB,1.0,edge,0.3333333333333333,0.3333333333333333,2.0,0,3.0,50.0
JoneDa04,DaQuan Jones,BUF,BAL,2022,4,0.5,2.0,DT,0.7,interior,0.0,1.0,2.0,0,3.0,50.0
MilaMa00,Matt Milano,BUF,BAL,2022,4,0.0,1.0,LB,1.0,edge,0.0,0.0,2.0,0,3.0,50.0
MillVo00,Von Miller,BUF,BAL,2022,4,1.0,4.0,LB,0.61,edge,0.0,3.0,2.0,0,3.0,50.0
BurnBr00,Brian Burns,CAR,ARI,2022,4,1.0,2.0,DE,0.89,edge,0.6666666666666666,2.6666666666666665,2.0,0,1.0,44.0
IoanMa01,Matthew Ioannidis,CAR,ARI,2022,4,0.0,1.0,DT,0.79,interior,0.5,1.5,2.0,0,1.0,44.0
LuvuFr00,Frankie Luvu,CAR,ARI,2022,4,0.0,0.0,LB,0.92,edge,0.0,0.6666666666666666,2.0,0,1.0,44.0
ThomSh01,Shaq Thompson,CAR,ARI,2022,4,0.0,0.0,LB,0.82,edge,0.0,0.3333333333333333,2.0,0,1.0,44.0
JoneJu03,Justin Jones,CHI,NYG,2022,4,0.0,0.0,DT,0.62,interior,0.5,1.5,4.333333333333333,0,-3.0,39.0
MorrNi00,Nicholas Morrow,CHI,NYG,2022,4,0.0,1.0,LB,1.0,edge,0.0,0.0,4.333333333333333,0,-3.0,39.0
QuinRo00,Robert Quinn,CHI,NYG,2022,4,0.0,1.0,LB,0.66,edge,0.3333333333333333,0.6666666666666666,4.333333333333333,0,-3.0,39.0
SmitRo07,Roquan Smith,CHI,NYG,2022,4,0.0,0.0,LB,1.0,edge,0.16666666666666666,0.3333333333333333,4.333333333333333,0,-3.0,39.0
ThomJo04,Joe Thomas,CHI,NYG,2022,4,0.0,0.0,LB,0.62,edge,,,4.333333333333333,0,-3.0,39.0
HendTr00,Trey Hendrickson,CIN,MIA,2022,4,0.0,4.0,DE,0.83,edge,0.0,1.0,2.0,0,4.0,48.5
HillB.00,B.J. Hill,CIN,MIA,2022,4,0.0,2.0,DT,0.89,interior,0.75,1.0,2.0,0,4.0,48.5
HubbSa00,Sam Hubbard,CIN,MIA,2022,4,0.0,4.0,DE,0.88,edge,0.3333333333333333,2.0,2.0,0,4.0,48.5
PratGe00,Germaine Pratt,CIN,MIA,2022,4,0.0,0.0,LB,0.66,edge,0.0,0.5,2.0,0,4.0,48.5
TupoJo00,Josh Tupou,CIN,MIA,2022,4,1.0,1.0,NT,0.64,interior,,,2.0,0,4.0,48.5
WilsLo00,Logan Wilson,CIN,MIA,2022,4,0.0,0.0,LB,1.0,edge,0.0,0.3333333333333333,2.0,0,4.0,48.5
ElliJo02,Jordan Elliott,CLE,ATL,2022,4,1.0,2.0,DT,0.91,interior,0.0,1.0,2.0,0,1.0,48.0
OwusJe00,Jeremiah Owusu-Koramoah,CLE,ATL,2022,4,0.0,0.0,LB,0.78,edge,0.0,0.0,2.0,0,1.0,48.0
PhilJa01,Jacob Phillips,CLE,ATL,2022,4,0.0,1.0,LB,1.0,edge,1.0,2.0,2.0,0,1.0,48.0
RochIs00,Isaac Rochell,CLE,ATL,2022,4,0.0,1.0,DE,0.89,edge,,,2.0,0,1.0,48.0
TakiSi00,Sione Takitaki,CLE,ATL,2022,4,0.0,0.0,LB,0.78,edge,,,2.0,0,1.0,48.0
BarrAn00,Anthony Barr,DAL,WAS,2022,4,0.0,1.0,LB,0.7,edge,0.0,1.5,5.0,1,3.0,40.5
LawrDe00,DeMarcus Lawrence,DAL,WAS,2022,4,0.0,2.0,DE,0.69,edge,,,5.0,1,3.0,40.5
ParsMi00,Micah Parsons,DAL,WAS,2022,4,0.0,1.0,LB,0.85,edge,1.3333333333333333,3.6666666666666665,5.0,1,3.0,40.5
VandLe00,Leighton Vander Esch,DAL,WAS,2022,4,0.0,0.0,LB,0.92,edge,0.3333333333333333,0.6666666666666666,5.0,1,3.0,40.5
ChubBr00,Bradley Chubb,DEN,LV,2022,4,0.0,0.0,LB,0.71,edge,1.0,2.6666666666666665,2.6666666666666665,1,-2.5,45.5
GregRa00,Randy Gregory,DEN,LV,2022,4,0.0,2.0,DE,0.61,edge,1.0,2.5,2.6666666666666665,1,-2.5,45.5
GrifJo01,Jonas Griffith,DEN,LV,2022,4,0.0,0.0,LB,0.63,edge,,,2.6666666666666665,1,-2.5,45.5
JeweJo00,Josey Jewell,DEN,LV,2022,4,0.0,0.0,LB,1.0,edge,1.0,2.0,2.6666666666666665,1,-2.5,45.5
JoneD.01,D.J. Jones,DEN,LV,2022,4,1.0,2.0,DT,0.64,interior,0.0,1.0,2.6666666666666665,1,-2.5,45.5
AnzaAl00,Alex Anzalone,DET,SEA,2022,4,0.0,0.0,LB,1.0,edge,0.3333333333333333,1.0,2.0,1,3.0,48.5
HarrCh03,Charles Harris,DET,SEA,2022,4,0.0,0.0,LB,0.79,edge,0.5,2.0,2.0,1,3.0,48.5
HutcAi00,Aidan Hutchinson,DET,SEA,2022,4,0.0,2.0,DE,0.81,edge,1.0,2.0,2.0,1,3.0,48.5
McNeAl00,Alim McNeill,DET,SEA,2022,4,0.0,0.0,NT,0.77,interior,0.0,3.0,2.0,1,3.0,48.5
RodrMa00,Malcolm Rodriguez,DET,SEA,2022,4,0.0,1.0,LB,0.79,edge,0.0,0.6666666666666666,2.0,1,3.0,48.5
CampDe00,De'Vondre Campbell,GB,NE,2022,4,0.0,0.0,LB,1.0,edge,0.0,0.3333333333333333,1.6666666666666667,0,10.0,40.5
GaryRa00,Rashan Gary,GB,NE,2022,4,2.0,3.0,LB,0.74,edge,1.0,2.0,1.6666666666666667,0,10.0,40.5
LowrDe00,Dean Lowry,GB,NE,2022,4,0.5,1.0,DE,0.69,edge,0.0,1.0,1.6666666666666667,0,10.0,40.5
ReedJa02,Jarran Reed,GB,NE,2022,4,1.0,1.0,DT,0.71,interior,0.0,0.5,1.6666666666666667,0,10.0,40.5
SmitPr00,Preston Smith,GB,NE,2022,4,0.5,1.0,LB,0.84,edge,1.0,3.5,1.6666666666666667,0,10.0,40.5
WalkQu00,Quay Walker,GB,NE,2022,4,0.0,0.0,LB,0.86,edge,0.0,0.0,1.6666666666666667,0,10.0,40.5
GrugKa00,Kamu Grugier-Hill,HOU,LAC,2022,4,0.0,1.0,LB,0.97,edge,0.0,0.3333333333333333,1.0,1,-5.5,45.0
KirkCh00,Christian Kirksey,HOU,LAC,2022,4,0.0,0.0,LB,1.0,edge,0.16666666666666666,1.0,1.0,1,-5.5,45.0
FranZa00,Zaire Franklin,IND,TEN,2022,4,0.0,1.0,LB,1.0,edge,0.0,0.3333333333333333,1.3333333333333333,0,4.5,43.0
LewiTy00,Tyquan Lewis,IND,TEN,2022,4,0.0,1.0,DE,0.74,edge,,,1.3333333333333333,0,4.5,43.0
OkerBo00,Bobby Okereke,IND,TEN,2022,4,0.0,0.0,LB,0.7,edge,0.0,0.0,1.3333333333333333,0,4.5,43.0
PayeKw00,Kwity Paye,IND,TEN,2022,4,1.0,2.0,DE,0.78,edge,1.0,1.5,1.3333333333333333,0,4.5,43.0
StewGr00,Grover Stewart,IND,TEN,2022,4,1.0,1.0,DT,0.7,interior,0.0,1.5,1.3333333333333333,0,4.5,43.0
AlleJo03,Josh Allen,JAX,PHI,2022,4,1.0,4.0,LB,0.9,edge,0.6666666666666666,3.0,2.3333333333333335,0,-6.5,44.0
GotsAd00,Adam Gotsis,JAX,PHI,2022,4,0.5,3.0,DE,0.71,edge,,,2.3333333333333335,0,-6.5,44.0
HamiDa02,DaVon Hamilton,JAX,PHI,2022,4,0.0,0.0,DT,0.61,interior,,,2.3333333333333335,0,-6.5,44.0
LloyDe00,Devin Lloyd,JAX,PHI,2022,4,0.0,0.0,LB,1.0,edge,0.0,0.0,2.3333333333333335,0,-6.5,44.0
OluoFo00,Foyesade Oluokun,JAX,PHI,2022,4,0.0,0.0,LB,1.0,edge,0.0,1.0,2.3333333333333335,0,-6.5,44.0
RobeRo00,Roy Robertson-Harris,JAX,PHI,2022,4,0.0,1.0,DT,0.8,interior,,,2.3333333333333335,0,-6.5,44.0
WalkTr03,Travon Walker,JAX,PHI,2022,4,0.0,2.0,LB,0.87,edge,0.3333333333333333,1.6666666666666667,2.3333333333333335,0,-6.5,44.0
BoltNi00,Nick Bolton,KC,TB,2022,4,0.0,0.0,LB,1.0,edge,0.6666666666666666,1.0,2.0,0,-1.0,46.5
ClarFr01,Frank Clark,KC,TB,2022,4,0.0,0.0,DE,0.88,edge,0.5,1.5,2.0,0,-1.0,46.5
JoneCh09,Chris Jones,KC,TB,2022,4,0.0,1.0,DT,0.91,interior,0.6666666666666666,3.0,2.0,0,-1.0,46.5
KarlGe00,George Karlaftis III,KC,TB,2022,4,0.0,0.0,DE,0.61,edge,0.0,2.3333333333333335,2.0,0,-1.0,46.5
WharTe00,Tershawn Wharton,KC,TB,2022,4,0.0,2.0,DT,0.66,interior,,,2.0,0,-1.0,46.5
DonaAa00,Aaron Donald,LA,SF,2022,4,0.0,1.0,DT,0.94,interior,0.6666666666666666,1.3333333333333333,2.3333333333333335,0,-1.0,42.0
FloyLe00,Leonard Floyd,LA,SF,2022,4,0.0,0.0,LB,0.88,edge,0.0,1.0,2.3333333333333335,0,-1.0,42.0
HollJu00,Justin Hollins,LA,SF,2022,4,0.0,0.0,LB,0.66,edge,,,2.3333333333333335,0,-1.0,42.0
JoneEr01,Ernest Jones,LA,SF,2022,4,0.0,0.0,LB,0.72,edge,0.0,0.0,2.3333333333333335,0,-1.0,42.0
RobiAS00,A'Shawn Robinson,LA,SF,2022,4,0.0,1.0,DT,0.64,interior,0.0,0.0,2.3333333333333335,0,-1.0,42.0
WagnBo00,Bobby Wagner,LA,SF,2022,4,0.0,0.0,LB,1.0,edge,0.6666666666666666,0.6666666666666666,2.3333333333333335,0,-1.0,42.0
JoseSe00,Sebastian Joseph-Day,LAC,HOU,2022,4,1.0,3.0,NT,0.67,interior,0.0,0.0,2.3333333333333335,1,5.5,45.0
MackKh00,Khalil Mack,LAC,HOU,2022,4,1.0,2.0,LB,0.79,edge,1.3333333333333333,1.6666666666666667,2.3333333333333335,1,5.5,45.0
MurrKe00,Kenneth Murray,LAC,HOU,2022,4,0.0,1.0,LB,0.63,edge,0.0,0.0,2.3333333333333335,1,5.5,45.0
TranDr00,Drue Tranquill,LAC,HOU,2022,4,0.0,1.0,LB,1.0,edge,0.0,0.0,2.3333333333333335,1,5.5,45.0
VanNKy00,Kyle Van Noy,LAC,HOU,2022,4,0.0,0.0,LB,0.61,edge,,,2.3333333333333335,1,5.5,45.0
CrosMa00,Maxx Crosby,LV,DEN,2022,4,2.0,2.0,DE,0.96,edge,0.6666666666666666,3.0,3.0,1,2.5,45.5
DeabDi00,Divine Deablo,LV,DEN,2022,4,0.0,0.0,LB,1.0,edge,0.0,0.0,3.0,1,2.5,45.5
JoneCh03,Chandler Jones,LV,DEN,2022,4,0.0,0.0,DE,0.89,edge,0.0,2.0,3.0,1,2.5,45.5
BakeJe00,Jerome Baker,MIA,CIN,2022,4,0.0,0.0,LB,0.97,edge,0.16666666666666666,0.3333333333333333,5.0,0,-4.0,48.5
PhilJa02,Jaelan Phillips,MIA,CIN,2022,4,1.0,2.0,LB,0.66,edge,0.0,0.3333333333333333,5.0,0,-4.0,48.5
WilkCh00,Christian Wilkins,MIA,CIN,2022,4,0.0,1.0,DT,0.84,interior,,,5.0,0,-4.0,48.5
HickJo00,Jordan Hicks,MIN,NO,2022,4,0.0,0.0,LB,0.88,edge,0.3333333333333333,0.3333333333333333,3.6666666666666665,0,4.0,42.0
HuntDa01,Danielle Hunter,MIN,NO,2022,4,0.0,0.0,DE,0.85,edge,0.3333333333333333,1.3333333333333333,3.6666666666666665,0,4.0,42.0
KendEr00,Eric Kendricks,MIN,NO,2022,4,0.0,0.0,LB,0.92,edge,0.0,1.0,3.6666666666666665,0,4.0,42.0
TomlDa00,Dalvin Tomlinson,MIN,NO,2022,4,1.0,2.0,DT,0.73,interior,0.16666666666666666,1.0,3.6666666666666665,0,4.0,42.0
WonnDJ00,D.J. Wonnum,MIN,NO,2022,4,0.0,0.0,DE,0.7,edge,,,3.6666666666666665,0,4.0,42.0
BarmCh00,Christian Barmore,NE,GB,2022,4,0.0,1.0,DT,0.63,interior,,,2.6666666666666665,0,-10.0,40.5
BentJa00,Ja'Whaun Bentley,NE,GB,2022,4,0.0,0.0,LB,0.93,edge,0.5,1.0,2.6666666666666665,0,-10.0,40.5
JudoMa00,Matt Judon,NE,GB,2022,4,1.0,2.0,LB,0.78,edge,1.0,3.3333333333333335,2.6666666666666665,0,-10.0,40.5
TavaJa00,Jahlani Tavai,NE,GB,2022,4,0.0,0.0,LB,0.75,edge,,,2.6666666666666665,0,-10.0,40.5
DaveMa00,Marcus Davenport,NO,MIN,2022,4,0.5,4.0,DE,0.78,edge,0.0,1.0,1.3333333333333333,0,-4.0,42.0
DaviDe00,Demario Davis,NO,MIN,2022,4,1.0,1.0,LB,1.0,edge,0.3333333333333333,1.0,1.3333333333333333,0,-4.0,42.0
JordCa00,Cameron Jordan,NO,MIN,2022,4,0.5,3.0,DE,0.83,edge,1.0,1.0,1.3333333333333333,0,-4.0,42.0
WernPe00,Pete Werner,NO,MIN,2022,4,0.0,0.0,LB,0.83,edge,0.0,0.0,1.3333333333333333,0,-4.0,42.0
CrowTa00,Tae Crowder,NYG,CHI,2022,4,1.0,2.0,LB,1.0,edge,0.0,0.3333333333333333,3.3333333333333335,0,3.0,39.0
LawrDe03,Dexter Lawrence,NYG,CHI,2022,4,2.0,3.0,DT,0.94,interior,0.0,2.0,3.3333333333333335,0,3.0,39.0
ThibKa00,Kayvon Thibodeaux,NYG,CHI,2022,4,0.0,1.0,LB,0.74,edge,,,3.3333333333333335,0,3.0,39.0
WardJi02,Jihad Ward,NYG,CHI,2022,4,1.0,2.0,LB,0.6,edge,0.0,0.0,3.3333333333333335,0,3.0,39.0
AlexKw00,Kwon Alexander,NYJ,PIT,2022,4,0.0,0.0,LB,0.92,edge,0.0,0.0,1.6666666666666667,0,-3.0,41.0
MoslC.00,C.J. Mosley,NYJ,PIT,2022,4,0.0,0.0,LB,1.0,edge,0.0,0.0,1.6666666666666667,0,-3.0,41.0
WillQu00,Quinnen Williams,NYJ,PIT,2022,4,1.0,2.0,NT,0.61,interior,1.0,3.0,1.6666666666666667,0,-3.0,41.0
CoxxFl00,Fletcher Cox,PHI,JAX,2022,4,0.0,4.0,DT,0.74,interior,1.0,2.0,0.6666666666666666,0,6.5,44.0
EdwaTJ02,T.J. Edwards,PHI,JAX,2022,4,1.0,1.0,LB,0.96,edge,0.3333333333333333,2.0,0.6666666666666666,0,6.5,44.0
HargJa00,Javon Hargrave,PHI,JAX,2022,4,0.0,0.0,DT,0.7,interior,0.0,1.0,0.6666666666666666,0,6.5,44.0
ReddHa00,Haason Reddick,PHI,JAX,2022,4,2.0,4.0,LB,0.83,edge,0.0,0.0,0.6666666666666666,0,6.5,44.0
SweaJo00,Josh Sweat,PHI,JAX,2022,4,0.0,0.0,DE,0.66,edge,0.75,3.0,0.6666666666666666,0,6.5,44.0
WhitKy00,Kyzir White,PHI,JAX,2022,4,0.0,0.0,LB,0.77,edge,0.0,0.0,0.6666666666666666,0,6.5,44.0
BushDe01,Devin Bush Jr.,PIT,NYJ,2022,4,0.0,2.0,LB,0.83,edge,0.0,0.0,3.0,0,3.0,41.0
HeywCa01,Cameron Heyward,PIT,NYJ,2022,4,0.0,1.0,DT,0.67,interior,0.0,0.0,3.0,0,3.0,41.0
HighAl02,Alex Highsmith,PIT,NYJ,2022,4,1.0,3.0,LB,0.89,edge,1.5,3.3333333333333335,3.0,0,3.0,41.0
JackMy00,Myles Jack,PIT,NYJ,2022,4,0.0,1.0,LB,0.96,edge,0.0,0.0,3.0,0,3.0,41.0
OgunLa00,Larry Ogunjobi,PIT,NYJ,2022,4,0.0,2.0,DT,0.73,interior,0.5,2.0,3.0,0,3.0,41.0
BartCo00,Cody Barton,SEA,DET,2022,4,0.0,0.0,LB,0.62,edge,0.3333333333333333,0.3333333333333333,1.3333333333333333,1,-3.0,48.5
BrooJo01,Jordyn Brooks,SEA,DET,2022,4,0.0,1.0,LB,1.0,edge,0.0,0.0,1.3333333333333333,1,-3.0,48.5
NwosUc00,Uchenna Nwosu,SEA,DET,2022,4,1.0,1.0,LB,0.81,edge,0.3333333333333333,2.0,1.3333333333333333,1,-3.0,48.5
BosaNi00,Nick Bosa,SF,LA,2022,4,2.0,8.0,DE,0.78,edge,1.3333333333333333,4.666666666666667,3.0,0,1.0,42.0
GreeDr00,Dre Greenlaw,SF,LA,2022,4,0.0,1.0,LB,1.0,edge,0.0,0.0,3.0,0,1.0,42.0
WarnFr00,Fred Warner,SF,LA,2022,4,0.0,0.0,LB,1.0,edge,0.0,0.3333333333333333,3.0,0,1.0,42.0
BarrSh00,Shaquil Barrett,TB,KC,2022,4,0.0,1.0,LB,0.74,edge,0.6666666666666666,3.3333333333333335,0.6666666666666666,0,1.0,46.5
DaviLa00,Lavonte David,TB,KC,2022,4,0.0,0.0,LB,1.0,edge,0.3333333333333333,0.3333333333333333,0.6666666666666666,0,1.0,46.5
TryoJo00,Joe Tryon-Shoyinka,TB,KC,2022,4,0.0,0.0,LB,0.61,edge,0.16666666666666666,1.0,0.6666666666666666,0,1.0,46.5
WhitDe02,Devin White,TB,KC,2022,4,0.0,2.0,LB,1.0,edge,1.0,1.6666666666666667,0.6666666666666666,0,1.0,46.5
AutrDe00,Denico Autry,TEN,IND,2022,4,2.0,4.0,DE,0.71,edge,0.0,1.5,4.0,0,-4.5,43.0
LongDa04,David Long,TEN,IND,2022,4,0.0,0.0,LB,1.0,edge,0.0,0.6666666666666666,4.0,0,-4.5,43.0
WeavRa00,Rashad Weaver,TEN,IND,2022,4,1.0,3.0,LB,0.7,edge,0.5,1.5,4.0,0,-4.5,43.0
AlleJo01,Jonathan Allen,WAS,DAL,2022,4,1.0,2.0,DT,0.8,interior,0.5,1.0,1.6666666666666667,1,-3.0,40.5
DaviJa11,Jamin Davis,WAS,DAL,2022,4,0.0,0.0,LB,0.8,edge,1.0,1.3333333333333333,1.6666666666666667,1,-3.0,40.5
HolcCo00,Cole Holcomb,WAS,DAL,2022,4,0.0,0.0,LB,1.0,edge,0.0,0.3333333333333333,1.6666666666666667,1,-3.0,40.5
SweaMo00,Montez Sweat,WAS,DAL,2022,4,0.0,1.0,DE,0.72,edge,0.0,2.5,1.6666666666666667,1,-3.0,40.5
AlleZa01,Zach Allen,ARI,PHI,2022,5,1.0,2.0,DE,0.8,edge,0.25,2.0,2.25,1,-5.5,48.5
CollZa00,Zaven Collins,ARI,PHI,2022,5,0.0,0.0,LB,1.0,edge,0.0,0.5,2.25,1,-5.5,48.5
NiemBe00,Ben Niemann,ARI,PHI,2022,5,0.0,0.0,LB,0.62,edge,,,2.25,1,-5.5,48.5
SimmIs00,Isaiah Simmons,ARI,PHI,2022,5,0.0,0.0,LB,0.92,edge,0.0,0.5,2.25,1,-5.5,48.5
WattJ.00,J.J. Watt,ARI,PHI,2022,5,0.5,2.0,DE,0.75,edge,0.6666666666666666,1.0,2.25,1,-5.5,48.5
CartLo01,Lorenzo Carter,ATL,TB,2022,5,0.0,1.0,LB,0.7,edge,0.375,1.0,1.75,0,-10.5,46.0
EvanRa01,Rashaan Evans,ATL,TB,2022,5,0.0,0.0,LB,1.0,edge,0.0,0.0,1.75,0,-10.5,46.0
JarrGr00,Grady Jarrett,ATL,TB,2022,5,0.0,2.0,DT,0.74,interior,1.1666666666666667,2.6666666666666665,1.75,0,-10.5,46.0
ByneJo00,Josh Bynes,BAL,CIN,2022,5,1.0,1.0,LB,0.68,edge,0.0,0.0,4.0,0,3.0,47.5
CampCa99,Calais Campbell,BAL,CIN,2022,5,0.0,2.0,DE,0.63,edge,0.0,1.0,4.0,0,3.0,47.5
OwehJa00,Odafe Oweh,BAL,CIN,2022,5,0.0,0.0,LB,0.87,edge,0.25,2.0,4.0,0,3.0,47.5
PierJa99,Jason Pierre-Paul,BAL,CIN,2022,5,1.0,1.0,DE,0.71,edge,,,4.0,0,3.0,47.5
QueePa00,Patrick Queen,BAL,CIN,2022,5,0.0,0.0,LB,0.81,edge,0.375,1.75,4.0,0,3.0,47.5
DodsTy01,Tyrel Dodson,BUF,PIT,2022,5,1.0,2.0,LB,0.84,edge,,,2.0,0,14.0,44.0
MilaMa00,Matt Milano,BUF,PIT,2022,5,0.0,0.0,LB,0.67,edge,0.0,0.25,2.0,0,14.0,44.0
BurnBr00,Brian Burns,CAR,SF,2022,5,1.0,1.0,DE,0.93,edge,0.75,2.5,1.75,0,-6.0,40.0
IoanMa01,Matthew Ioannidis,CAR,SF,2022,5,0.0,1.0,DT,0.73,interior,0.3333333333333333,1.3333333333333333,1.75,0,-6.0,40.0
LittCo01,Cory Littleton,CAR,SF,2022,5,0.0,0.0,LB,1.0,edge,,,1.75,0,-6.0,40.0
ThomSh01,Shaq Thompson,CAR,SF,2022,5,0.0,0.0,LB,1.0,edge,0.0,0.25,1.75,0,-6.0,40.0
WilsDa02,Damien Wilson,CAR,SF,2022,5,1.0,1.0,LB,0.67,edge,,,1.75,0,-6.0,40.0
JoneJu03,Justin Jones,CHI,MIN,2022,5,1.0,1.0,DT,0.62,interior,0.3333333333333333,1.0,1.75,1,-10.0,44.0
MorrNi00,Nicholas Morrow,CHI,MIN,2022,5,0.0,0.0,LB,1.0,edge,0.0,0.25,1.75,1,-10.0,44.0
QuinRo00,Robert Quinn,CHI,MIN,2022,5,0.0,2.0,LB,0.63,edge,0.25,0.75,1.75,1,-10.0,44.0
SmitRo07,Roquan Smith,CHI,MIN,2022,5,0.0,2.0,LB,1.0,edge,0.125,0.25,1.75,1,-10.0,44.0
HendTr00,Trey Hendrickson,CIN,BAL,2022,5,0.0,4.0,DE,0.63,edge,0.0,2.0,2.0,0,-3.0,47.5
HillB.00,B.J. Hill,CIN,BAL,2022,5,0.0,1.0,DT,0.86,interior,0.5,1.3333333333333333,2.0,0,-3.0,47.5
HubbSa00,Sam Hubbard,CIN,BAL,2022,5,0.0,1.0,DE,0.91,edge,0.25,2.5,2.0,0,-3.0,47.5
PratGe00,Germaine Pratt,CIN,BAL,2022,5,1.0,1.0,LB,0.81,edge,0.0,0.3333333333333333,2.0,0,-3.0,47.5
WilsLo00,Logan Wilson,CIN,BAL,2022,5,0.0,2.0,LB,1.0,edge,0.0,0.25,2.0,0,-3.0,47.5
ClowJa00,Jadeveon Clowney,CLE,LAC,2022,5,0.0,1.0,DE,0.73,edge,0.5,1.0,1.0,0,-1.0,47.0
GarrMy00,Myles Garrett,CLE,LAC,2022,5,0.0,1.0,DE,0.82,edge,1.0,2.6666666666666665,1.0,0,-1.0,47.0
OwusJe00,Jeremiah Owusu-Koramoah,CLE,LAC,2022,5,0.0,0.0,LB,0.75,edge,0.0,0.0,1.0,0,-1.0,47.0
PhilJa01,Jacob Phillips,CLE,LAC,2022,5,1.0,1.0,LB,1.0,edge,0.5,1.5,1.0,0,-1.0,47.0
TakiSi00,Sione Takitaki,CLE,LAC,2022,5,0.0,0.0,LB,0.65,edge,0.0,0.0,1.0,0,-1.0,47.0
BarrAn00,Anthony Barr,DAL,LA,2022,5,0.0,0.0,LB,0.65,edge,0.0,1.3333333333333333,4.0,1,-5.5,42.0
ParsMi00,Micah Parsons,DAL,LA,2022,5,2.0,4.0,LB,0.71,edge,1.0,3.0,4.0,1,-5.5,42.0
VandLe00,Leighton Vander Esch,DAL,LA,2022,5,0.0,1.0,LB,0.69,edge,0.25,0.5,4.0,1,-5.5,42.0
ChubBr00,Bradley Chubb,DEN,IND,2022,5,2.5,6.0,LB,0.72,edge,0.75,2.0,3.75,0,3.5,42.0
JoneDr00,Dre'Mont Jones,DEN,IND,2022,5,0.5,1.0,DE,0.73,edge,1.0,2.0,3.75,0,3.5,42.0
AnzaAl00,Alex Anzalone,DET,NE,2022,5,0.0,1.0,LB,0.88,edge,0.25,0.75,2.25,0,-3.0,46.5
HutcAi00,Aidan Hutchinson,DET,NE,2022,5,0.0,1.0,DE,0.95,edge,0.75,2.0,2.25,0,-3.0,46.5
McNeAl00,Alim McNeill,DET,NE,2022,5,0.0,0.0,NT,0.83,interior,0.0,1.5,2.25,0,-3.0,46.5
RodrMa00,Malcolm Rodriguez,DET,NE,2022,5,0.0,1.0,LB,0.83,edge,0.0,0.75,2.25,0,-3.0,46.5
CampDe00,De'Vondre Campbell,GB,NYG,2022,5,0.0,0.0,LB,1.0,edge,0.0,0.25,3.5,0,8.5,42.0
ClarKe01,Kenny Clark,GB,NYG,2022,5,0.0,2.0,NT,0.84,interior,0.6666666666666666,2.3333333333333335,3.5,0,8.5,42.0
GaryRa00,Rashan Gary,GB,NYG,2022,5,0.0,0.0,LB,0.7,edge,1.25,2.25,3.5,0,8.5,42.0
SmitPr00,Preston Smith,GB,NYG,2022,5,1.0,3.0,LB,0.8,edge,0.8333333333333334,2.6666666666666665,3.5,0,8.5,42.0
WalkQu00,Quay Walker,GB,NYG,2022,5,0.0,0.0,LB,0.85,edge,0.0,0.0,3.5,0,8.5,42.0
AddiMa00,Mario Addison,HOU,JAX,2022,5,0.0,2.0,DE,0.64,edge,,,1.25,0,-7.0,44.0
CollMa00,Maliek Collins,HOU,JAX,2022,5,0.0,2.0,DT,0.6,interior,0.0,1.0,1.25,0,-7.0,44.0
GrugKa00,Kamu Grugier-Hill,HOU,JAX,2022,5,0.0,0.0,LB,0.79,edge,0.0,0.5,1.25,0,-7.0,44.0
KirkCh00,Christian Kirksey,HOU,JAX,2022,5,0.0,0.0,LB,0.84,edge,0.125,0.75,1.25,0,-7.0,44.0
BuckDe00,DeForest Buckner,IND,DEN,2022,5,2.0,2.0,DT,0.81,interior,0.0,1.6666666666666667,3.0,0,-3.5,42.0
FranZa00,Zaire Franklin,IND,DEN,2022,5,0.0,0.0,LB,1.0,edge,0.0,0.5,3.0,0,-3.5,42.0
NgakYa00,Yannick Ngakoue,IND,DEN,2022,5,1.5,2.0,DE,0.67,edge,0.3333333333333333,1.6666666666666667,3.0,0,-3.5,42.0
OkerBo00,Bobby Okereke,IND,DEN,2022,5,0.0,0.0,LB,1.0,edge,0.0,0.0,3.0,0,-3.5,42.0
StewGr00,Grover Stewart,IND,DEN,2022,5,0.0,1.0,DT,0.67,interior,0.3333333333333333,1.3333333333333333,3.0,0,-3.5,42.0
AlleJo03,Josh Allen,JAX,HOU,2022,5,0.0,0.0,LB,0.72,edge,0.75,3.25,2.75,0,7.0,44.0
HamiDa02,DaVon Hamilton,JAX,HOU,2022,5,0.0,1.0,DT,0.69,interior,0.0,0.0,2.75,0,7.0,44.0
LloyDe00,Devin Lloyd,JAX,HOU,2022,5,0.0,0.0,LB,1.0,edge,0.0,0.0,2.75,0,7.0,44.0
OluoFo00,Foyesade Oluokun,JAX,HOU,2022,5,1.0,2.0,LB,1.0,edge,0.0,0.75,2.75,0,7.0,44.0
RobeRo00,Roy Robertson-Harris,JAX,HOU,2022,5,0.0,0.0,DT,0.74,interior,0.0,1.0,2.75,0,7.0,44.0
WalkTr03,Travon Walker,JAX,HOU,2022,5,0.0,0.0,LB,0.81,edge,0.25,1.75,2.75,0,7.0,44.0
BoltNi00,Nick Bolton,KC,LV,2022,5,0.0,1.0,LB,1.0,edge,0.5,0.75,2.5,0,7.5,51.5
HarrDa07,Darius Harris,KC,LV,2022,5,1.0,1.0,LB,0.69,edge,0.0,0.0,2.5,0,7.5,51.5
JoneCh09,Chris Jones,KC,LV,2022,5,0.0,5.0,DT,0.91,interior,0.5,2.5,2.5,0,7.5,51.5
KarlGe00,George Karlaftis III,KC,LV,2022,5,0.5,1.0,DE,0.86,edge,0.0,1.75,2.5,0,7.5,51.5
DonaAa00,Aaron Donald,LA,DAL,2022,5,2.0,2.0,DT,0.71,interior,0.5,1.25,1.5,1,5.5,42.0
FloyLe00,Leonard Floyd,LA,DAL,2022,5,0.0,1.0,LB,0.89,edge,0.0,0.75,1.5,1,5.5,42.0
JoneEr01,Ernest Jones,LA,DAL,2022,5,0.0,0.0,LB,0.76,edge,0.0,0.0,1.5,1,5.5,42.0
WagnBo00,Bobby Wagner,LA,DAL,2022,5,0.0,1.0,LB,1.0,edge,0.5,0.5,1.5,1,5.5,42.0
JoseSe00,Sebastian Joseph-Day,LAC,CLE,2022,5,0.0,1.0,NT,0.75,interior,0.5,1.5,1.25,0,1.0,47.0
MackKh00,Khalil Mack,LAC,CLE,2022,5,0.0,0.0,LB,0.85,edge,1.25,1.75,1.25,0,1.0,47.0
MurrKe00,Kenneth Murray,LAC,CLE,2022,5,0.0,0.0,LB,0.72,edge,0.0,0.3333333333333333,1.25,0,1.0,47.0
TranDr00,Drue Tranquill,LAC,CLE,2022,5,0.0,0.0,LB,1.0,edge,0.0,0.25,1.25,0,1.0,47.0
CrosMa00,Maxx Crosby,LV,KC,2022,5,2.0,3.0,DE,0.9,edge,1.0,2.75,1.25,0,-7.5,51.5
DeabDi00,Divine Deablo,LV,KC,2022,5,0.0,0.0,LB,1.0,edge,0.0,0.0,1.25,0,-7.5,51.5
JoneCh03,Chandler Jones,LV,KC,2022,5,0.0,2.0,DE,0.85,edge,0.0,1.5,1.25,0,-7.5,51.5
NichBi00,Bilal Nichols,LV,KC,2022,5,0.0,1.0,DT,0.71,interior,0.0,1.0,1.25,0,-7.5,51.5
PerrDe00,Denzel Perryman,LV,KC,2022,5,1.0,1.0,LB,0.68,edge,,,1.25,0,-7.5,51.5
BakeJe00,Jerome Baker,MIA,NYJ,2022,5,1.0,1.0,LB,1.0,edge,0.125,0.25,2.5,0,3.0,46.0
IngrMe00,Melvin Ingram,MIA,NYJ,2022,5,0.0,1.0,LB,0.61,edge,2.0,3.0,2.5,0,3.0,46.0
OgbaEm00,Emmanuel Ogbah,MIA,NYJ,2022,5,0.0,1.0,DE,0.64,edge,0.5,3.0,2.5,0,3.0,46.0
RobeEl00,Elandon Roberts,MIA,NYJ,2022,5,0.0,0.0,LB,0.66,edge,0.0,0.0,2.5,0,3.0,46.0
SielZa00,Zach Sieler,MIA,NYJ,2022,5,0.0,1.0,DT,0.68,interior,0.0,1.0,2.5,0,3.0,46.0
HickJo00,Jordan Hicks,MIN,CHI,2022,5,0.0,0.0,LB,0.88,edge,0.25,0.25,3.75,1,10.0,44.0
HuntDa01,Danielle Hunter,MIN,CHI,2022,5,1.0,1.0,LB,0.8,edge,0.25,1.0,3.75,1,10.0,44.0
KendEr00,Eric Kendricks,MIN,CHI,2022,5,0.0,0.0,LB,1.0,edge,0.0,0.75,3.75,1,10.0,44.0
SmitZa00,Za'Darius Smith,MIN,CHI,2022,5,0.5,2.0,LB,0.74,edge,0.6666666666666666,2.0,3.75,1,10.0,44.0
BentJa00,Ja'Whaun Bentley,NE,DET,2022,5,0.0,1.0,LB,0.61,edge,0.3333333333333333,0.6666666666666666,1.25,0,3.0,46.5
TavaJa00,Jahlani Tavai,NE,DET,2022,5,0.0,1.0,LB,0.79,edge,0.0,0.0,1.25,0,3.0,46.5
WiseDe00,Deatrich Wise Jr.,NE,DET,2022,5,0.0,2.0,DE,0.88,edge,2.0,3.0,1.25,0,3.0,46.5
DaveMa00,Marcus Davenport,NO,SEA,2022,5,0.0,1.0,DE,0.62,edge,0.25,2.5,1.5,1,5.5,45.5
DaviDe00,Demario Davis,NO,SEA,2022,5,0.0,0.0,LB,1.0,edge,0.5,1.0,1.5,1,5.5,45.5
JordCa00,Cameron Jordan,NO,SEA,2022,5,2.0,3.0,DE,0.67,edge,0.75,2.0,1.5,1,5.5,45.5
OnyeDa00,David Onyemata,NO,SEA,2022,5,0.0,2.0,DT,0.65,interior,0.5,1.0,1.5,1,5.5,45.5
WernPe00,Pete Werner,NO,SEA,2022,5,0.0,1.0,LB,0.88,edge,0.0,0.0,1.5,1,5.5,45.5
CrowTa00,Tae Crowder,NYG,GB,2022,5,0.0,0.0,LB,0.79,edge,0.25,0.75,2.25,0,-8.5,42.0
LawrDe03,Dexter Lawrence,NYG,GB,2022,5,1.0,2.0,DT,0.9,interior,0.5,2.25,2.25,0,-8.5,42.0
SmitJa05,Jaylon Smith,NYG,GB,2022,5,0.0,0.0,LB,0.65,edge,,,2.25,0,-8.5,42.0
ThibKa00,Kayvon Thibodeaux,NYG,GB,2022,5,0.0,1.0,LB,0.81,edge,0.0,1.0,2.25,0,-8.5,42.0
WardJi02,Jihad Ward,NYG,GB,2022,5,0.0,3.0,LB,0.73,edge,0.25,0.5,2.25,0,-8.5,42.0
AlexKw00,Kwon Alexander,NYJ,MIA,2022,5,0.0,0.0,LB,0.94,edge,0.0,0.0,1.75,0,-3.0,46.0
FranJo02,John Franklin-Myers,NYJ,MIA,2022,5,0.5,5.0,DE,0.66,edge,,,1.75,0,-3.0,46.0
LawsCa00,Carl Lawson,NYJ,MIA,2022,5,1.0,7.0,DE,0.73,edge,0.0,3.0,1.75,0,-3.0,46.0
MoslC.00,C.J. Mosley,NYJ,MIA,2022,5,0.0,0.0,LB,1.0,edge,0.0,0.0,1.75,0,-3.0,46.0
WillQu00,Quinnen Williams,NYJ,MIA,2022,5,0.5,2.0,NT,0.7,interior,1.0,2.5,1.75,0,-3.0,46.0
CoxxFl00,Fletcher Cox,PHI,ARI,2022,5,0.0,1.0,DT,0.7,interior,0.5,3.0,1.75,1,5.5,48.5
EdwaTJ02,T.J. Edwards,PHI,ARI,2022,5,0.0,0.0,LB,0.96,edge,0.5,1.75,1.75,1,5.5,48.5
ReddHa00,Haason Reddick,PHI,ARI,2022,5,1.0,3.0,LB,0.7,edge,0.6666666666666666,1.3333333333333333,1.75,1,5.5,48.5
SweaJo00,Josh Sweat,PHI,ARI,2022,5,0.0,1.0,DE,0.67,edge,0.5,2.0,1.75,1,5.5,48.5
BushDe01,Devin Bush Jr.,PIT,BUF,2022,5,0.0,0.0,LB,0.66,edge,0.0,1.0,2.0,0,-14.0,44.0
HighAl02,Alex Highsmith,PIT,BUF,2022,5,0.0,0.0,LB,0.86,edge,1.375,3.25,2.0,0,-14.0,44.0
JackMy00,Myles Jack,PIT,BUF,2022,5,0.0,0.0,LB,0.95,edge,0.0,0.25,2.0,0,-14.0,44.0
BartCo00,Cody Barton,SEA,NO,2022,5,0.0,0.0,LB,0.77,edge,0.25,0.25,3.25,1,-5.5,45.5
BrooJo01,Jordyn Brooks,SEA,NO,2022,5,0.0,2.0,LB,1.0,edge,0.0,0.25,3.25,1,-5.5,45.5
NwosUc00,Uchenna Nwosu,SEA,NO,2022,5,0.0,0.0,LB,0.84,edge,0.5,1.75,3.25,1,-5.5,45.5
EbukSa00,Samson Ebukam,SF,CAR,2022,5,0.5,2.0,DE,0.71,edge,,,2.75,0,6.0,40.0
GreeDr00,Dre Greenlaw,SF,CAR,2022,5,0.0,0.0,LB,0.87,edge,0.0,0.25,2.75,0,6.0,40.0
OmenCh00,Charles Omenihu,SF,CAR,2022,5,1.0,2.0,DE,0.67,edge,,,2.75,0,6.0,40.0
WarnFr00,Fred Warner,SF,CAR,2022,5,0.5,2.0,LB,0.88,edge,0.0,0.25,2.75,0,6.0,40.0
BarrSh00,Shaquil Barrett,TB,ATL,2022,5,0.0,1.0,LB,0.74,edge,0.5,2.75,1.75,0,10.5,46.0
DaviLa00,Lavonte David,TB,ATL,2022,5,0.0,0.0,LB,1.0,edge,0.25,0.25,1.75,0,10.5,46.0
TryoJo00,Joe Tryon-Shoyinka,TB,ATL,2022,5,1.0,2.0,LB,0.61,edge,0.125,0.75,1.75,0,10.5,46.0
VeaxVi00,Vita Vea,TB,ATL,2022,5,1.0,1.0,NT,0.61,interior,0.5,1.6666666666666667,1.75,0,10.5,46.0
WhitDe02,Devin White,TB,ATL,2022,5,0.0,2.0,LB,1.0,edge,0.75,1.75,1.75,0,10.5,46.0
AutrDe00,Denico Autry,TEN,WAS,2022,5,1.0,1.0,DE,0.68,edge,0.6666666666666666,2.3333333333333335,4.25,0,1.0,43.0
LongDa04,David Long,TEN,WAS,2022,5,0.0,0.0,LB,1.0,edge,0.0,0.5,4.25,0,1.0,43.0
SimmJe01,Jeffery Simmons,TEN,WAS,2022,5,1.5,3.0,DT,0.84,interior,0.6666666666666666,2.6666666666666665,4.25,0,1.0,43.0
WeavRa00,Rashad Weaver,TEN,WAS,2022,5,0.0,1.0,LB,0.7,edge,0.6666666666666666,2.0,4.25,0,1.0,43.0
AlleJo01,Jonathan Allen,WAS,TEN,2022,5,0.5,3.0,DT,0.83,interior,0.6666666666666666,1.3333333333333333,1.75,0,-1.0,43.0
HolcCo00,Cole Holcomb,WAS,TEN,2022,5,0.0,0.0,LB,1.0,edge,0.0,0.25,1.75,0,-1.0,43.0
PaynDa00,Daron Payne,WAS,TEN,2022,5,0.5,1.0,DT,0.91,interior,0.6666666666666666,2.6666666666666665,1.75,0,-1.0,43.0
SweaMo00,Montez Sweat,WAS,TEN,2022,5,2.0,5.0,DE,0.66,edge,0.0,2.0,1.75,0,-1.0,43.0
CollZa00,Zaven Collins,ARI,SEA,2022,6,2.0,2.0,LB,1.0,edge,0.0,0.4,1.8,0,2.5,50.0
GoldMa00,Markus Golden,ARI,SEA,2022,6,1.0,2.0,LB,0.81,edge,0.0,1.5,1.8,0,2.5,50.0
SimmIs00,Isaiah Simmons,ARI,SEA,2022,6,0.0,0.0,LB,0.63,edge,0.0,0.3333333333333333,1.8,0,2.5,50.0
WattJ.00,J.J. Watt,ARI,SEA,2022,6,0.0,1.0,DE,0.78,edge,0.625,1.25,1.8,0,2.5,50.0
AndeTr00,Troy Andersen,ATL,SF,2022,6,0.0,0.0,LB,1.0,edge,,,1.8,0,-3.5,46.0
CartLo01,Lorenzo Carter,ATL,SF,2022,6,0.0,0.0,LB,0.82,edge,0.3,1.0,1.8,0,-3.5,46.0
EbikAr00,Arnold Ebiketie,ATL,SF,2022,6,0.0,2.0,LB,0.82,edge,0.0,0.0,1.8,0,-3.5,46.0
EvanRa01,Rashaan Evans,ATL,SF,2022,6,0.0,0.0,LB,1.0,edge,0.0,0.0,1.8,0,-3.5,46.0
GrahTa00,Ta'Quon Graham,ATL,SF,2022,6,0.0,1.0,DE,0.67,edge,0.0,0.5,1.8,0,-3.5,46.0
JarrGr00,Grady Jarrett,ATL,SF,2022,6,0.0,0.0,DT,0.8,interior,0.875,2.5,1.8,0,-3.5,46.0
ByneJo00,Josh Bynes,BAL,NYG,2022,6,0.0,0.0,LB,0.61,edge,0.3333333333333333,0.3333333333333333,3.0,0,5.5,46.0
CampCa99,Calais Campbell,BAL,NYG,2022,6,1.0,2.0,DE,0.66,edge,0.0,1.5,3.0,0,5.5,46.0
MaduJu00,Justin Madubuike,BAL,NYG,2022,6,1.0,1.0,DT,0.69,interior,1.0,1.0,3.0,0,5.5,46.0
QueePa00,Patrick Queen,BAL,NYG,2022,6,1.0,1.0,LB,0.84,edge,0.3,1.4,3.0,0,5.5,46.0
EdmuTr01,Tremaine Edmunds,BUF,KC,2022,6,0.0,0.0,LB,1.0,edge,0.25,0.5,1.6,0,2.5,54.0
MilaMa00,Matt Milano,BUF,KC,2022,6,0.0,2.0,LB,0.97,edge,0.0,0.2,1.6,0,2.5,54.0
MillVo00,Von Miller,BUF,KC,2022,6,2.0,2.0,LB,0.78,edge,0.5,3.5,1.6,0,2.5,54.0
OlivEd00,Ed Oliver,BUF,KC,2022,6,0.0,2.0,DT,0.63,interior,,,1.6,0,2.5,54.0
BrowDe05,Derrick Brown,CAR,LA,2022,6,0.5,3.0,DT,0.78,interior,0.0,2.0,4.2,1,-10.0,41.5
BurnBr00,Brian Burns,CAR,LA,2022,6,0.0,0.0,DE,0.78,edge,0.8,2.2,4.2,1,-10.0,41.5
IoanMa01,Matthew Ioannidis,CAR,LA,2022,6,0.0,0.0,DT,0.82,interior,0.25,1.25,4.2,1,-10.0,41.5
LittCo01,Cory Littleton,CAR,LA,2022,6,0.5,1.0,LB,0.69,edge,0.0,0.0,4.2,1,-10.0,41.5
ThomSh01,Shaq Thompson,CAR,LA,2022,6,0.0,0.0,LB,1.0,edge,0.0,0.2,4.2,1,-10.0,41.5
MorrNi00,Nicholas Morrow,CHI,WAS,2022,6,0.0,0.0,LB,1.0,edge,0.0,0.2,4.0,0,-1.0,38.5
MuhaAl00,Al-Quadin Muhammad,CHI,WAS,2022,6,1.0,1.0,DE,0.65,edge,0.0,2.0,4.0,0,-1.0,38.5
SmitRo07,Roquan Smith,CHI,WAS,2022,6,1.0,1.0,LB,1.0,edge,0.1,0.6,4.0,0,-1.0,38.5
HendTr00,Trey Hendrickson,CIN,NO,2022,6,0.0,3.0,DE,0.76,edge,0.0,2.5,2.8,1,3.0,42.5
HillB.00,B.J. Hill,CIN,NO,2022,6,0.5,1.0,DT,0.92,interior,0.375,1.25,2.8,1,3.0,42.5
HubbSa00,Sam Hubbard,CIN,NO,2022,6,0.5,1.0,DE,0.97,edge,0.2,2.2,2.8,1,3.0,42.5
PratGe00,Germaine Pratt,CIN,NO,2022,6,0.0,0.0,LB,0.81,edge,0.25,0.5,2.8,1,3.0,42.5
WilsLo00,Logan Wilson,CIN,NO,2022,6,0.0,1.0,LB,0.83,edge,0.0,0.6,2.8,1,3.0,42.5
GarrMy00,Myles Garrett,CLE,NE,2022,6,2.0,3.0,DE,0.71,edge,0.75,2.25,1.8,0,2.5,43.0
PhilJa01,Jacob Phillips,CLE,NE,2022,6,0.0,0.0,LB,1.0,edge,0.6666666666666666,1.3333333333333333,1.8,0,2.5,43.0
TakiSi00,Sione Takitaki,CLE,NE,2022,6,0.0,0.0,LB,0.73,edge,0.0,0.0,1.8,0,2.5,43.0
LawrDe00,DeMarcus Lawrence,DAL,PHI,2022,6,0.0,1.0,DE,0.62,edge,0.0,2.0,2.2,0,-6.5,42.5
ParsMi00,Micah Parsons,DAL,PHI,2022,6,0.0,0.0,LB,0.94,edge,1.2,3.2,2.2,0,-6.5,42.5
VandLe00,Leighton Vander Esch,DAL,PHI,2022,6,0.0,0.0,LB,0.76,edge,0.2,0.6,2.2,0,-6.5,42.5
BrowBa01,Baron Browning,DEN,LAC,2022,6,1.0,2.0,LB,0.72,edge,0.0,1.0,1.0,1,-3.5,45.5
ChubBr00,Bradley Chubb,DEN,LAC,2022,6,0.0,0.0,LB,0.72,edge,1.1,2.8,1.0,1,-3.5,45.5
GrifJo01,Jonas Griffith,DEN,LAC,2022,6,0.0,1.0,LB,0.76,edge,0.0,0.0,1.0,1,-3.5,45.5
JoneDr00,Dre'Mont Jones,DEN,LAC,2022,6,0.0,2.0,DE,0.75,edge,0.8333333333333334,1.6666666666666667,1.0,1,-3.5,45.5
SingAl00,Alex Singleton,DEN,LAC,2022,6,0.0,3.0,LB,1.0,edge,0.0,1.0,1.0,1,-3.5,45.5
CampDe00,De'Vondre Campbell,GB,NYJ,2022,6,0.0,0.0,LB,1.0,edge,0.0,0.2,2.4,0,7.5,44.5
ClarKe01,Kenny Clark,GB,NYJ,2022,6,0.0,0.0,NT,0.84,interior,0.5,2.25,2.4,0,7.5,44.5
GaryRa00,Rashan Gary,GB,NYJ,2022,6,1.0,1.0,LB,0.84,edge,1.0,1.8,2.4,0,7.5,44.5
SmitPr00,Preston Smith,GB,NYJ,2022,6,0.0,1.0,LB,0.78,edge,0.875,2.75,2.4,0,7.5,44.5
WalkQu00,Quay Walker,GB,NYJ,2022,6,0.0,0.0,LB,0.69,edge,0.0,0.0,2.4,0,7.5,44.5
BuckDe00,DeForest Buckner,IND,JAX,2022,6,1.0,1.0,DT,0.81,interior,0.5,1.75,1.0,0,1.0,41.0
FranZa00,Zaire Franklin,IND,JAX,2022,6,0.0,0.0,LB,1.0,edge,0.0,0.4,1.0,0,1.0,41.0
LewiTy00,Tyquan Lewis,IND,JAX,2022,6,1.0,3.0,DE,0.65,edge,0.0,1.0,1.0,0,1.0,41.0
OkerBo00,Bobby Okereke,IND,JAX,2022,6,0.0,0.0,LB,0.89,edge,0.0,0.0,1.0,0,1.0,41.0
StewGr00,Grover Stewart,IND,JAX,2022,6,1.0,1.0,DT,0.65,interior,0.25,1.25,1.0,0,1.0,41.0
AlleJo03,Josh Allen,JAX,IND,2022,6,0.0,2.0,LB,0.83,edge,0.6,2.6,4.2,0,-1.0,41.0
LloyDe00,Devin Lloyd,JAX,IND,2022,6,0.0,0.0,LB,0.96,edge,0.0,0.0,4.2,0,-1.0,41.0
OluoFo00,Foyesade Oluokun,JAX,IND,2022,6,0.0,1.0,LB,1.0,edge,0.2,1.0,4.2,0,-1.0,41.0
RobeRo00,Roy Robertson-Harris,JAX,IND,2022,6,0.0,1.0,DT,0.6,interior,0.0,0.5,4.2,0,-1.0,41.0
WalkTr03,Travon Walker,JAX,IND,2022,6,0.0,2.0,LB,0.84,edge,0.2,1.4,4.2,0,-1.0,41.0
BoltNi00,Nick Bolton,KC,BUF,2022,6,0.0,0.0,LB,1.0,edge,0.4,0.8,1.6,0,-2.5,54.0
ClarFr01,Frank Clark,KC,BUF,2022,6,0.0,1.0,DE,0.84,edge,0.3333333333333333,1.0,1.6,0,-2.5,54.0
HarrDa07,Darius Harris,KC,BUF,2022,6,0.0,0.0,LB,0.77,edge,0.5,0.5,1.6,0,-2.5,54.0
JoneCh09,Chris Jones,KC,BUF,2022,6,1.0,1.0,DT,0.96,interior,0.4,3.0,1.6,0,-2.5,54.0
FloyLe00,Leonard Floyd,LA,CAR,2022,6,0.0,0.0,LB,0.77,edge,0.0,0.8,3.4,1,10.0,41.5
JoneEr01,Ernest Jones,LA,CAR,2022,6,0.0,0.0,LB,0.75,edge,0.0,0.0,3.4,1,10.0,41.5
WagnBo00,Bobby Wagner,LA,CAR,2022,6,0.0,0.0,LB,1.0,edge,0.4,0.6,3.4,1,10.0,41.5
JoseSe00,Sebastian Joseph-Day,LAC,DEN,2022,6,0.0,0.0,NT,0.62,interior,0.3333333333333333,1.3333333333333333,3.2,1,3.5,45.5
MackKh00,Khalil Mack,LAC,DEN,2022,6,1.0,2.0,LB,0.84,edge,1.0,1.4,3.2,1,3.5,45.5
MurrKe00,Kenneth Murray,LAC,DEN,2022,6,0.0,0.0,LB,0.74,edge,0.0,0.25,3.2,1,3.5,45.5
TranDr00,Drue Tranquill,LAC,DEN,2022,6,2.0,4.0,LB,1.0,edge,0.0,0.2,3.2,1,3.5,45.5
VanNKy00,Kyle Van Noy,LAC,DEN,2022,6,0.0,0.0,LB,0.72,edge,0.0,0.0,3.2,1,3.5,45.5
BakeJe00,Jerome Baker,MIA,MIN,2022,6,0.0,0.0,LB,1.0,edge,0.3,0.4,1.6,0,-3.0,45.0
DaviRa03,Raekwon Davis,MIA,MIN,2022,6,1.0,1.0,NT,0.77,interior,,,1.6,0,-3.0,45.0
PhilJa02,Jaelan Phillips,MIA,MIN,2022,6,0.5,4.0,LB,0.73,edge,0.25,0.75,1.6,0,-3.0,45.0
RobeEl00,Elandon Roberts,MIA,MIN,2022,6,1.5,2.0,LB,0.75,edge,0.0,0.0,1.6,0,-3.0,45.0
HickJo00,Jordan Hicks,MIN,MIA,2022,6,1.0,2.0,LB,0.97,edge,0.2,0.2,1.8,0,3.0,45.0
HuntDa01,Danielle Hunter,MIN,MIA,2022,6,1.0,4.0,LB,0.82,edge,0.4,1.0,1.8,0,3.0,45.0
KendEr00,Eric Kendricks,MIN,MIA,2022,6,0.0,0.0,LB,1.0,edge,0.0,0.6,1.8,0,3.0,45.0
SmitZa00,Za'Darius Smith,MIN,MIA,2022,6,2.0,4.0,LB,0.77,edge,0.625,2.0,1.8,0,3.0,45.0
JudoMa00,Matt Judon,NE,CLE,2022,6,0.0,2.0,LB,0.7,edge,1.0,3.0,1.0,0,-2.5,43.0
TavaJa00,Jahlani Tavai,NE,CLE,2022,6,0.0,0.0,LB,0.63,edge,0.0,0.5,1.0,0,-2.5,43.0
WiseDe00,Deatrich Wise Jr.,NE,CLE,2022,6,1.0,3.0,DE,0.84,edge,1.3333333333333333,2.6666666666666665,1.0,0,-2.5,43.0
DaveMa00,Marcus Davenport,NO,CIN,2022,6,0.0,2.0,DE,0.6,edge,0.16666666666666666,2.0,3.8,1,-3.0,42.5
DaviDe00,Demario Davis,NO,CIN,2022,6,2.0,2.0,LB,1.0,edge,0.4,0.8,3.8,1,-3.0,42.5
OnyeDa00,David Onyemata,NO,CIN,2022,6,0.0,1.0,DT,0.61,interior,0.25,1.5,3.8,1,-3.0,42.5
WernPe00,Pete Werner,NO,CIN,2022,6,0.0,1.0,LB,0.95,edge,0.0,0.2,3.8,1,-3.0,42.5
CrowTa00,Tae Crowder,NYG,BAL,2022,6,0.0,1.0,LB,0.68,edge,0.2,0.6,1.8,0,-5.5,46.0
LawrDe03,Dexter Lawrence,NYG,BAL,2022,6,1.0,2.0,DT,0.97,interior,0.6,2.2,1.8,0,-5.5,46.0
ThibKa00,Kayvon Thibodeaux,NYG,BAL,2022,6,1.0,1.0,LB,0.83,edge,0.0,1.0,1.8,0,-5.5,46.0
FranJo02,John Franklin-Myers,NYJ,GB,2022,6,1.0,2.0,DE,0.63,edge,0.5,5.0,2.2,0,-7.5,44.5
LawsCa00,Carl Lawson,NYJ,GB,2022,6,0.0,0.0,DE,0.74,edge,0.5,5.0,2.2,0,-7.5,44.5
MoslC.00,C.J. Mosley,NYJ,GB,2022,6,0.0,0.0,LB,1.0,edge,0.0,0.0,2.2,0,-7.5,44.5
RankSh00,Sheldon Rankins,NYJ,GB,2022,6,1.0,1.0,DT,0.6,interior,,,2.2,0,-7.5,44.5
WillQu00,Quinnen Williams,NYJ,GB,2022,6,2.0,3.0,NT,0.67,interior,0.8333333333333334,2.3333333333333335,2.2,0,-7.5,44.5
WillQu01,Quincy Williams,NYJ,GB,2022,6,0.0,0.0,LB,0.81,edge,0.3333333333333333,0.6666666666666666,2.2,0,-7.5,44.5
EdwaTJ02,T.J. Edwards,PHI,DAL,2022,6,0.0,0.0,LB,0.97,edge,0.4,1.4,1.8,0,6.5,42.5
HargJa00,Javon Hargrave,PHI,DAL,2022,6,0.0,1.0,DT,0.72,interior,0.0,0.5,1.8,0,6.5,42.5
ReddHa00,Haason Reddick,PHI,DAL,2022,6,0.0,2.0,LB,0.73,edge,0.75,1.75,1.8,0,6.5,42.5
WhitKy00,Kyzir White,PHI,DAL,2022,6,0.0,0.0,LB,0.88,edge,0.0,0.0,1.8,0,6.5,42.5
BushDe01,Devin Bush Jr.,PIT,TB,2022,6,0.0,0.0,LB,0.64,edge,0.0,0.6666666666666666,1.4,0,-10.0,47.0
HeywCa01,Cameron Heyward,PIT,TB,2022,6,1.0,2.0,DT,0.75,interior,0.0,0.5,1.4,0,-10.0,47.0
HighAl02,Alex Highsmith,PIT,TB,2022,6,1.0,1.0,LB,0.86,edge,1.1,2.6,1.4,0,-10.0,47.0
JackMy00,Myles Jack,PIT,TB,2022,6,0.0,0.0,LB,0.74,edge,0.0,0.2,1.4,0,-10.0,47.0
OgunLa00,Larry Ogunjobi,PIT,TB,2022,6,0.0,2.0,DT,0.64,interior,0.25,2.0,1.4,0,-10.0,47.0
SpilRo00,Robert Spillane,PIT,TB,2022,6,0.0,0.0,LB,0.71,edge,,,1.4,0,-10.0,47.0
BrooJo01,Jordyn Brooks,SEA,ARI,2022,6,0.0,0.0,LB,1.0,edge,0.0,0.6,1.6,0,-2.5,50.0
HarrSh00,Shelby Harris,SEA,ARI,2022,6,1.0,1.0,DE,0.62,edge,0.0,2.0,1.6,0,-2.5,50.0
NwosUc00,Uchenna Nwosu,SEA,ARI,2022,6,1.0,1.0,LB,0.83,edge,0.4,1.4,1.6,0,-2.5,50.0
GreeDr00,Dre Greenlaw,SF,ATL,2022,6,0.0,0.0,LB,1.0,edge,0.0,0.2,2.4,0,3.5,46.0
OmenCh00,Charles Omenihu,SF,ATL,2022,6,1.0,1.0,DE,0.71,edge,1.0,2.0,2.4,0,3.5,46.0
WarnFr00,Fred Warner,SF,ATL,2022,6,0.0,0.0,LB,1.0,edge,0.1,0.6,2.4,0,3.5,46.0
BarrSh00,Shaquil Barrett,TB,PIT,2022,6,0.0,1.0,LB,0.77,edge,0.4,2.4,2.2,0,10.0,47.0
DaviLa00,Lavonte David,TB,PIT,2022,6,0.0,0.0,LB,1.0,edge,0.2,0.2,2.2,0,10.0,47.0
TryoJo00,Joe Tryon-Shoyinka,TB,PIT,2022,6,0.0,0.0,LB,0.84,edge,0.3,1.0,2.2,0,10.0,47.0
VeaxVi00,Vita Vea,TB,PIT,2022,6,0.0,1.0,NT,0.64,interior,0.625,1.5,2.2,0,10.0,47.0
WhitDe02,Devin White,TB,PIT,2022,6,0.0,0.0,LB,1.0,edge,0.6,1.8,2.2,0,10.0,47.0
AlleJo01,Jonathan Allen,WAS,CHI,2022,6,1.0,1.0,DT,0.86,interior,0.625,1.75,3.4,0,1.0,38.5
DaviJa11,Jamin Davis,WAS,CHI,2022,6,0.0,2.0,LB,0.67,edge,0.75,1.0,3.4,0,1.0,38.5
HolcCo00,Cole Holcomb,WAS,CHI,2022,6,0.0,0.0,LB,1.0,edge,0.0,0.2,3.4,0,1.0,38.5
PaynDa00,Daron Payne,WAS,CHI,2022,6,1.0,2.0,DT,0.81,interior,0.625,2.25,3.4,0,1.0,38.5
SweaMo00,Montez Sweat,WAS,CHI,2022,6,1.0,4.0,DE,0.68,edge,0.5,2.75,3.4,0,1.0,38.5
AlleZa01,Zach Allen,ARI,NO,2022,7,0.0,1.0,DE,0.83,edge,0.4,2.0,2.2,0,2.5,44.0
CollZa00,Zaven Collins,ARI,NO,2022,7,0.0,0.0,LB,1.0,edge,0.4,0.4,2.2,0,2.5,44.0
GoldMa00,Markus Golden,ARI,NO,2022,7,0.0,2.0,LB,0.74,edge,0.3333333333333333,1.6666666666666667,2.2,0,2.5,44.0
SimmIs00,Isaiah Simmons,ARI,NO,2022,7,0.0,0.0,LB,0.75,edge,0.0,0.25,2.2,0,2.5,44.0
CartLo01,Lorenzo Carter,ATL,CIN,2022,7,1.0,1.0,LB,0.72,edge,0.2,0.6,3.0,0,-6.5,47.5
EvanRa01,Rashaan Evans,ATL,CIN,2022,7,0.0,0.0,LB,1.0,edge,0.0,0.0,3.0,0,-6.5,47.5
JarrGr00,Grady Jarrett,ATL,CIN,2022,7,1.0,4.0,DT,0.74,interior,0.7,2.0,3.0,0,-6.5,47.5
WalkMy00,Mykal Walker,ATL,CIN,2022,7,0.0,0.0,LB,1.0,edge,0.25,0.25,3.0,0,-6.5,47.5
CampCa99,Calais Campbell,BAL,CLE,2022,7,1.0,1.0,DE,0.67,edge,0.3333333333333333,1.6666666666666667,1.4,0,6.5,46.0
QueePa00,Patrick Queen,BAL,CLE,2022,7,1.0,2.0,LB,0.98,edge,0.4,1.0,1.4,0,6.5,46.0
BrowDe05,Derrick Brown,CAR,TB,2022,7,0.0,2.0,DT,0.79,interior,0.25,2.5,1.4,0,-13.0,39.5
BurnBr00,Brian Burns,CAR,TB,2022,7,1.0,4.0,DE,0.96,edge,0.8,1.8,1.4,0,-13.0,39.5
GrosYe00,Yetur Gross-Matos,CAR,TB,2022,7,0.0,1.0,DE,0.82,edge,0.0,1.0,1.4,0,-13.0,39.5
LuvuFr00,Frankie Luvu,CAR,TB,2022,7,0.0,0.0,LB,0.66,edge,0.0,0.5,1.4,0,-13.0,39.5
ThomSh01,Shaq Thompson,CAR,TB,2022,7,0.0,0.0,LB,1.0,edge,0.0,0.0,1.4,0,-13.0,39.5
JoneJu03,Justin Jones,CHI,NE,2022,7,0.0,0.0,DT,0.67,interior,0.5,1.0,1.8,0,-9.5,40.0
MorrNi00,Nicholas Morrow,CHI,NE,2022,7,0.0,0.0,LB,0.98,edge,0.0,0.2,1.8,0,-9.5,40.0
QuinRo00,Robert Quinn,CHI,NE,2022,7,0.0,2.0,LB,0.62,edge,0.2,1.0,1.8,0,-9.5,40.0
SmitRo07,Roquan Smith,CHI,NE,2022,7,1.0,1.0,LB,1.0,edge,0.2,0.6,1.8,0,-9.5,40.0
DaviAk01,Akeem Davis-Gaither,CIN,ATL,2022,7,0.0,0.0,LB,0.68,edge,0.0,0.0,2.8,0,6.5,47.5
HubbSa00,Sam Hubbard,CIN,ATL,2022,7,1.0,2.0,DE,0.83,edge,0.3,2.0,2.8,0,6.5,47.5
PratGe00,Germaine Pratt,CIN,ATL,2022,7,0.0,0.0,LB,0.98,edge,0.2,0.4,2.8,0,6.5,47.5
BryaTa00,Taven Bryan,CLE,BAL,2022,7,1.0,1.0,DT,0.84,interior,,,1.8,0,-6.5,46.0
ElliJo02,Jordan Elliott,CLE,BAL,2022,7,0.0,1.0,DT,0.77,interior,0.3333333333333333,1.3333333333333333,1.8,0,-6.5,46.0
GarrMy00,Myles Garrett,CLE,BAL,2022,7,1.0,1.0,DE,0.8,edge,1.0,2.4,1.8,0,-6.5,46.0
OwusJe00,Jeremiah Owusu-Koramoah,CLE,BAL,2022,7,0.0,1.0,LB,0.8,edge,0.0,0.0,1.8,0,-6.5,46.0
BarrAn00,Anthony Barr,DAL,DET,2022,7,0.0,0.0,LB,0.88,edge,0.0,1.0,1.4,1,7.0,49.5
ParsMi00,Micah Parsons,DAL,DET,2022,7,2.0,4.0,LB,0.71,edge,0.8,2.6,1.4,1,7.0,49.5
VandLe00,Leighton Vander Esch,DAL,DET,2022,7,0.0,0.0,LB,0.9,edge,0.2,0.4,1.4,1,7.0,49.5
ChubBr00,Bradley Chubb,DEN,NYJ,2022,7,0.0,1.0,LB,0.73,edge,0.7,2.4,2.2,0,-2.0,37.0
GrifJo01,Jonas Griffith,DEN,NYJ,2022,7,0.0,2.0,LB,0.83,edge,0.0,0.5,2.2,0,-2.0,37.0
JoneDr00,Dre'Mont Jones,DEN,NYJ,2022,7,2.0,3.0,DE,0.64,edge,0.625,1.75,2.2,0,-2.0,37.0
SingAl00,Alex Singleton,DEN,NYJ,2022,7,0.0,0.0,LB,1.0,edge,0.0,1.6666666666666667,2.2,0,-2.0,37.0
AnzaAl00,Alex Anzalone,DET,DAL,2022,7,0.5,1.0,LB,0.89,edge,0.2,0.8,1.0,1,-7.0,49.5
BuggIs00,Isaiah Buggs,DET,DAL,2022,7,0.0,1.0,DT,0.84,interior,,,1.0,1,-7.0,49.5
HutcAi00,Aidan Hutchinson,DET,DAL,2022,7,1.5,3.0,DE,0.89,edge,0.6,1.8,1.0,1,-7.0,49.5
McNeAl00,Alim McNeill,DET,DAL,2022,7,0.0,1.0,NT,0.83,interior,0.0,1.0,1.0,1,-7.0,49.5
RodrMa00,Malcolm Rodriguez,DET,DAL,2022,7,0.0,0.0,LB,0.73,edge,0.0,0.8,1.0,1,-7.0,49.5
CampDe00,De'Vondre Campbell,GB,WAS,2022,7,0.0,1.0,LB,1.0,edge,0.0,0.2,4.4,0,4.0,41.5
ClarKe01,Kenny Clark,GB,WAS,2022,7,0.0,2.0,NT,0.81,interior,0.4,1.8,4.4,0,4.0,41.5
GaryRa00,Rashan Gary,GB,WAS,2022,7,0.0,6.0,LB,0.61,edge,1.0,1.6,4.4,0,4.0,41.5
SmitPr00,Preston Smith,GB,WAS,2022,7,0.0,1.0,LB,0.78,edge,0.7,2.4,4.4,0,4.0,41.5
WalkQu00,Quay Walker,GB,WAS,2022,7,0.0,2.0,LB,0.73,edge,0.0,0.0,4.4,0,4.0,41.5
HarrCh06,Christian Harris,HOU,LV,2022,7,0.0,0.0,LB,0.68,edge,,,2.4,1,-7.0,46.0
KirkCh00,Christian Kirksey,HOU,LV,2022,7,0.0,0.0,LB,1.0,edge,0.1,0.6,2.4,1,-7.0,46.0
LopeRo00,Roy Lopez,HOU,LV,2022,7,0.0,1.0,DT,0.64,interior,0.0,1.0,2.4,1,-7.0,46.0
BuckDe00,DeForest Buckner,IND,TEN,2022,7,0.0,4.0,DT,0.85,interior,0.6,1.6,2.4,0,-2.5,43.0
FranZa00,Zaire Franklin,IND,TEN,2022,7,0.0,0.0,LB,1.0,edge,0.0,0.4,2.4,0,-2.5,43.0
LewiTy00,Tyquan Lewis,IND,TEN,2022,7,0.0,0.0,DE,0.8,edge,0.5,2.0,2.4,0,-2.5,43.0
NgakYa00,Yannick Ngakoue,IND,TEN,2022,7,1.0,3.0,DE,0.68,edge,0.625,1.75,2.4,0,-2.5,43.0
OkerBo00,Bobby Okereke,IND,TEN,2022,7,0.0,0.0,LB,1.0,edge,0.0,0.0,2.4,0,-2.5,43.0
AlleJo03,Josh Allen,JAX,NYG,2022,7,0.0,1.0,LB,0.73,edge,0.6,2.8,2.8,0,3.0,44.0
HamiDa02,DaVon Hamilton,JAX,NYG,2022,7,0.0,0.0,DT,0.61,interior,0.0,0.5,2.8,0,3.0,44.0
LloyDe00,Devin Lloyd,JAX,NYG,2022,7,0.0,0.0,LB,1.0,edge,0.0,0.0,2.8,0,3.0,44.0
OluoFo00,Foyesade Oluokun,JAX,NYG,2022,7,0.0,0.0,LB,1.0,edge,0.2,1.2,2.8,0,3.0,44.0
RobeRo00,Roy Robertson-Harris,JAX,NYG,2022,7,0.0,1.0,DT,0.67,interior,0.0,0.6666666666666666,2.8,0,3.0,44.0
WalkTr03,Travon Walker,JAX,NYG,2022,7,1.0,1.0,LB,0.87,edge,0.0,1.6,2.8,0,3.0,44.0
BoltNi00,Nick Bolton,KC,SF,2022,7,0.0,1.0,LB,0.87,edge,0.4,0.6,1.4,0,1.0,49.0
ClarFr01,Frank Clark,KC,SF,2022,7,1.5,2.0,DE,0.7,edge,0.25,1.0,1.4,0,1.0,49.0
JoneCh09,Chris Jones,KC,SF,2022,7,2.0,2.0,DT,0.75,interior,0.6,2.2,1.4,0,1.0,49.0
KarlGe00,George Karlaftis III,KC,SF,2022,7,0.0,1.0,DE,0.64,edge,0.1,1.6,1.4,0,1.0,49.0
MackKh00,Khalil Mack,LAC,SEA,2022,7,0.0,0.0,LB,0.87,edge,0.6,1.0,2.4,1,5.5,51.5
MurrKe00,Kenneth Murray,LAC,SEA,2022,7,0.0,0.0,LB,0.89,edge,0.0,0.2,2.4,1,5.5,51.5
TranDr00,Drue Tranquill,LAC,SEA,2022,7,0.0,0.0,LB,0.99,edge,0.4,1.0,2.4,1,5.5,51.5
VanNKy00,Kyle Van Noy,LAC,SEA,2022,7,0.0,1.0,LB,0.89,edge,0.0,0.0,2.4,1,5.5,51.5
CrosMa00,Maxx Crosby,LV,HOU,2022,7,0.0,2.0,DE,0.94,edge,1.2,2.8,2.4,1,7.0,46.0
DeabDi00,Divine Deablo,LV,HOU,2022,7,0.0,0.0,LB,1.0,edge,0.0,0.0,2.4,1,7.0,46.0
FerrCl00,Clelin Ferrell,LV,HOU,2022,7,0.5,2.0,DE,0.63,edge,,,2.4,1,7.0,46.0
JoneCh03,Chandler Jones,LV,HOU,2022,7,0.5,1.0,DE,0.66,edge,0.0,1.6,2.4,1,7.0,46.0
NichBi00,Bilal Nichols,LV,HOU,2022,7,0.0,3.0,DT,0.71,interior,0.0,1.0,2.4,1,7.0,46.0
BakeJe00,Jerome Baker,MIA,PIT,2022,7,0.0,0.0,LB,0.92,edge,0.3,0.4,2.4,0,7.5,44.5
DaviRa03,Raekwon Davis,MIA,PIT,2022,7,0.0,1.0,NT,0.6,interior,1.0,1.0,2.4,0,7.5,44.5
PhilJa02,Jaelan Phillips,MIA,PIT,2022,7,1.5,3.0,LB,0.8,edge,0.3,1.4,2.4,0,7.5,44.5
WilkCh00,Christian Wilkins,MIA,PIT,2022,7,0.5,2.0,DT,0.81,interior,0.0,1.0,2.4,0,7.5,44.5
BentJa00,Ja'Whaun Bentley,NE,CHI,2022,7,0.0,0.0,LB,0.9,edge,0.25,0.75,4.0,0,9.5,40.0
GuyxLa00,Lawrence Guy,NE,CHI,2022,7,0.0,1.0,DT,0.79,interior,,,4.0,0,9.5,40.0
JudoMa00,Matt Judon,NE,CHI,2022,7,2.5,5.0,LB,0.7,edge,0.8,2.8,4.0,0,9.5,40.0
TavaJa00,Jahlani Tavai,NE,CHI,2022,7,0.0,1.0,LB,0.69,edge,0.0,0.3333333333333333,4.0,0,9.5,40.0
DaveMa00,Marcus Davenport,NO,ARI,2022,7,0.0,1.0,DE,0.73,edge,0.125,2.0,2.2,0,-2.5,44.0
DaviDe00,Demario Davis,NO,ARI,2022,7,1.0,1.0,LB,1.0,edge,0.8,1.0,2.2,0,-2.5,44.0
JordCa00,Cameron Jordan,NO,ARI,2022,7,1.0,1.0,DE,0.74,edge,1.1666666666666667,2.3333333333333335,2.2,0,-2.5,44.0
WernPe00,Pete Werner,NO,ARI,2022,7,0.0,0.0,LB,0.85,edge,0.0,0.4,2.2,0,-2.5,44.0
CrowTa00,Tae Crowder,NYG,JAX,2022,7,0.0,0.0,LB,0.68,edge,0.2,0.6,1.4,0,-3.0,44.0
LawrDe03,Dexter Lawrence,NYG,JAX,2022,7,0.0,0.0,DT,0.7,interior,0.8,2.2,1.4,0,-3.0,44.0
SmitJa05,Jaylon Smith,NYG,JAX,2022,7,0.0,0.0,LB,0.66,edge,0.0,0.0,1.4,0,-3.0,44.0
ThibKa00,Kayvon Thibodeaux,NYG,JAX,2022,7,0.0,2.0,LB,0.89,edge,0.3333333333333333,1.0,1.4,0,-3.0,44.0
WardJi02,Jihad Ward,NYG,JAX,2022,7,0.0,0.0,LB,0.66,edge,0.2,1.0,1.4,0,-3.0,44.0
WillLe02,Leonard Williams,NYG,JAX,2022,7,0.0,1.0,DT,0.86,interior,0.0,2.0,1.4,0,-3.0,44.0
AlexKw00,Kwon Alexander,NYJ,DEN,2022,7,0.0,0.0,LB,0.65,edge,0.0,0.0,3.6,0,2.0,37.0
LawsCa00,Carl Lawson,NYJ,DEN,2022,7,0.5,1.0,DE,0.63,edge,0.3333333333333333,3.3333333333333335,3.6,0,2.0,37.0
MoslC.00,C.J. Mosley,NYJ,DEN,2022,7,0.0,0.0,LB,1.0,edge,0.0,0.0,3.6,0,2.0,37.0
WillQu00,Quinnen Williams,NYJ,DEN,2022,7,0.0,2.0,NT,0.62,interior,1.125,2.5,3.6,0,2.0,37.0
BushDe01,Devin Bush Jr.,PIT,MIA,2022,7,0.0,0.0,LB,0.74,edge,0.0,0.5,2.4,0,-7.5,44.5
HighAl02,Alex Highsmith,PIT,MIA,2022,7,0.0,0.0,LB,0.87,edge,0.7,1.6,2.4,0,-7.5,44.5
JackMy00,Myles Jack,PIT,MIA,2022,7,0.0,0.0,LB,0.84,edge,0.0,0.2,2.4,0,-7.5,44.5
OgunLa00,Larry Ogunjobi,PIT,MIA,2022,7,0.0,0.0,DT,0.63,interior,0.16666666666666666,2.0,2.4,0,-7.5,44.5
BartCo00,Cody Barton,SEA,LAC,2022,7,0.0,0.0,LB,0.63,edge,0.2,0.2,1.4,1,-5.5,51.5
BrooJo01,Jordyn Brooks,SEA,LAC,2022,7,0.0,1.0,LB,1.0,edge,0.0,0.6,1.4,1,-5.5,51.5
JeffQu00,Quinton Jefferson,SEA,LAC,2022,7,1.0,1.0,DE,0.63,edge,,,1.4,1,-5.5,51.5
NwosUc00,Uchenna Nwosu,SEA,LAC,2022,7,0.0,2.0,LB,0.75,edge,0.4,1.0,1.4,1,-5.5,51.5
BosaNi00,Nick Bosa,SF,KC,2022,7,1.0,1.0,DE,0.66,edge,1.5,5.5,2.2,0,-1.0,49.0
EbukSa00,Samson Ebukam,SF,KC,2022,7,0.0,1.0,DE,0.73,edge,0.5,2.0,2.2,0,-1.0,49.0
WarnFr00,Fred Warner,SF,KC,2022,7,0.0,1.0,LB,1.0,edge,0.1,0.4,2.2,0,-1.0,49.0
BarrSh00,Shaquil Barrett,TB,CAR,2022,7,0.0,1.0,LB,0.64,edge,0.4,1.6,3.0,0,13.0,39.5
DaviLa00,Lavonte David,TB,CAR,2022,7,0.0,0.0,LB,1.0,edge,0.2,0.2,3.0,0,13.0,39.5
TryoJo00,Joe Tryon-Shoyinka,TB,CAR,2022,7,0.0,1.0,LB,0.64,edge,0.3,1.0,3.0,0,13.0,39.5
VeaxVi00,Vita Vea,TB,CAR,2022,7,1.0,1.0,NT,0.7,interior,0.5,1.4,3.0,0,13.0,39.5
WhitDe02,Devin White,TB,CAR,2022,7,0.0,1.0,LB,1.0,edge,0.2,1.2,3.0,0,13.0,39.5
AutrDe00,Denico Autry,TEN,IND,2022,7,1.0,1.0,DE,0.72,edge,0.75,2.0,3.8,0,2.5,43.0
DuprAl00,Bud Dupree,TEN,IND,2022,7,1.0,3.0,LB,0.75,edge,1.0,2.0,3.8,0,2.5,43.0
LongDa04,David Long,TEN,IND,2022,7,0.0,3.0,LB,0.95,edge,0.0,0.4,3.8,0,2.5,43.0
SimmJe01,Jeffery Simmons,TEN,IND,2022,7,1.0,2.0,DT,0.81,interior,0.875,2.75,3.8,0,2.5,43.0
HolcCo00,Cole Holcomb,WAS,GB,2022,7,0.0,0.0,LB,1.0,edge,0.0,0.2,2.2,0,-4.0,41.5
PaynDa00,Daron Payne,WAS,GB,2022,7,0.0,1.0,DT,0.85,interior,0.7,2.2,2.2,0,-4.0,41.5
SweaMo00,Montez Sweat,WAS,GB,2022,7,0.0,1.0,DE,0.83,edge,0.6,3.0,2.2,0,-4.0,41.5
AlleZa01,Zach Allen,ARI,MIN,2022,8,0.0,1.0,DE,0.77,edge,0.4,1.4,2.0,1,-4.0,48.5
CollZa00,Zaven Collins,ARI,MIN,2022,8,0.0,0.0,LB,1.0,edge,0.4,0.4,2.0,1,-4.0,48.5
GoldMa00,Markus Golden,ARI,MIN,2022,8,0.0,2.0,LB,0.83,edge,0.25,1.75,2.0,1,-4.0,48.5
SimmIs00,Isaiah Simmons,ARI,MIN,2022,8,1.0,2.0,LB,0.8,edge,0.0,0.2,2.0,1,-4.0,48.5
WattJ.00,J.J. Watt,ARI,MIN,2022,8,2.0,5.0,DE,0.77,edge,0.5,1.2,2.0,1,-4.0,48.5
CartLo01,Lorenzo Carter,ATL,CAR,2022,8,0.0,0.0,LB,0.89,edge,0.4,0.8,2.8,1,4.5,41.0
EbikAr00,Arnold Ebiketie,ATL,CAR,2022,8,0.0,1.0,LB,0.68,edge,0.0,1.0,2.8,1,4.5,41.0
EvanRa01,Rashaan Evans,ATL,CAR,2022,8,1.0,1.0,LB,0.98,edge,0.0,0.0,2.8,1,4.5,41.0
WalkMy00,Mykal Walker,ATL,CAR,2022,8,0.0,0.0,LB,1.0,edge,0.2,0.2,2.8,1,4.5,41.0
MaduJu00,Justin Madubuike,BAL,TB,2022,8,1.0,2.0,DT,0.66,interior,1.0,1.0,1.4,0,-2.0,46.0
QueePa00,Patrick Queen,BAL,TB,2022,8,0.0,0.0,LB,0.94,edge,0.6,1.4,1.4,0,-2.0,46.0
EdmuTr01,Tremaine Edmunds,BUF,GB,2022,8,0.0,0.0,LB,1.0,edge,0.2,0.4,1.6,0,10.5,47.0
MilaMa00,Matt Milano,BUF,GB,2022,8,0.0,0.0,LB,1.0,edge,0.0,0.6,1.6,0,10.5,47.0
MillVo00,Von Miller,BUF,GB,2022,8,0.0,0.0,LB,0.7,edge,1.0,3.0,1.6,0,10.5,47.0
BrowDe05,Derrick Brown,CAR,ATL,2022,8,0.5,1.0,DT,0.9,interior,0.16666666666666666,2.3333333333333335,2.8,1,-4.5,41.0
BurnBr00,Brian Burns,CAR,ATL,2022,8,0.0,1.0,DE,0.97,edge,0.6,1.8,2.8,1,-4.5,41.0
GrosYe00,Yetur Gross-Matos,CAR,ATL,2022,8,0.5,2.0,DE,0.78,edge,0.0,1.0,2.8,1,-4.5,41.0
IoanMa01,Matthew Ioannidis,CAR,ATL,2022,8,0.0,1.0,DT,0.82,interior,0.2,1.0,2.8,1,-4.5,41.0
LuvuFr00,Frankie Luvu,CAR,ATL,2022,8,1.0,1.0,LB,0.75,edge,0.0,0.4,2.8,1,-4.5,41.0
ThomSh01,Shaq Thompson,CAR,ATL,2022,8,0.0,0.0,LB,1.0,edge,0.0,0.0,2.8,1,-4.5,41.0
GipsTr00,Trevis Gipson,CHI,DAL,2022,8,0.0,1.0,LB,0.67,edge,,,1.2,0,-10.5,43.0
MorrNi00,Nicholas Morrow,CHI,DAL,2022,8,0.0,0.0,LB,1.0,edge,0.0,0.2,1.2,0,-10.5,43.0
MuhaAl00,Al-Quadin Muhammad,CHI,DAL,2022,8,0.0,0.0,DE,0.83,edge,0.3333333333333333,1.6666666666666667,1.2,0,-10.5,43.0
SmitRo07,Roquan Smith,CHI,DAL,2022,8,0.0,0.0,LB,1.0,edge,0.4,0.8,1.2,0,-10.5,43.0
HillB.00,B.J. Hill,CIN,CLE,2022,8,0.0,1.0,DT,0.85,interior,0.4,1.2,2.2,0,3.0,45.0
HubbSa00,Sam Hubbard,CIN,CLE,2022,8,1.0,4.0,DE,0.72,edge,0.3,2.0,2.2,0,3.0,45.0
PratGe00,Germaine Pratt,CIN,CLE,2022,8,0.0,1.0,LB,0.82,edge,0.2,0.4,2.2,0,3.0,45.0
WilsLo00,Logan Wilson,CIN,CLE,2022,8,0.0,1.0,LB,1.0,edge,0.0,0.8,2.2,0,3.0,45.0
BryaTa00,Taven Bryan,CLE,CIN,2022,8,0.5,1.0,DT,0.68,interior,1.0,1.0,2.4,0,-3.0,45.0
ClowJa00,Jadeveon Clowney,CLE,CIN,2022,8,0.0,1.0,DE,0.68,edge,0.25,1.0,2.4,0,-3.0,45.0
GarrMy00,Myles Garrett,CLE,CIN,2022,8,1.5,4.0,DE,0.79,edge,0.8,2.2,2.4,0,-3.0,45.0
JoneDe01,Deion Jones,CLE,CIN,2022,8,1.0,1.0,LB,0.77,edge,,,2.4,0,-3.0,45.0
TakiSi00,Sione Takitaki,CLE,CIN,2022,8,1.0,1.0,LB,0.85,edge,0.0,0.0,2.4,0,-3.0,45.0
LawrDe00,DeMarcus Lawrence,DAL,CHI,2022,8,1.0,1.0,DE,0.61,edge,0.0,1.5,4.2,0,10.5,43.0
ParsMi00,Micah Parsons,DAL,CHI,2022,8,0.0,0.0,LB,0.72,edge,0.8,2.4,4.2,0,10.5,43.0
VandLe00,Leighton Vander Esch,DAL,CHI,2022,8,0.0,0.0,LB,0.87,edge,0.0,0.2,4.2,0,10.5,43.0
ChubBr00,Bradley Chubb,DEN,JAX,2022,8,0.0,1.0,LB,0.71,edge,0.7,1.8,1.4,0,-1.0,41.0
JeweJo00,Josey Jewell,DEN,JAX,2022,8,0.0,0.0,LB,1.0,edge,0.5,1.0,1.4,0,-1.0,41.0
JoneDr00,Dre'Mont Jones,DEN,JAX,2022,8,1.0,1.0,DE,0.76,edge,0.9,2.0,1.4,0,-1.0,41.0
AnzaAl00,Alex Anzalone,DET,MIA,2022,8,0.0,0.0,LB,0.97,edge,0.3,1.0,2.2,1,-3.5,52.0
HutcAi00,Aidan Hutchinson,DET,MIA,2022,8,0.0,1.0,DE,0.85,edge,0.9,2.2,2.2,1,-3.5,52.0
RodrMa00,Malcolm Rodriguez,DET,MIA,2022,8,1.0,1.0,LB,0.68,edge,0.0,0.6,2.2,1,-3.5,52.0
GaryRa00,Rashan Gary,GB,BUF,2022,8,0.0,0.0,LB,0.76,edge,0.8,2.4,1.4,0,-10.5,47.0
McDuIs00,Isaiah McDuffie,GB,BUF,2022,8,0.0,0.0,LB,0.68,edge,,,1.4,0,-10.5,47.0
ReedJa02,Jarran Reed,GB,BUF,2022,8,0.0,2.0,DT,0.68,interior,0.3333333333333333,0.6666666666666666,1.4,0,-10.5,47.0
GreeRa01,Rasheem Green,HOU,TEN,2022,8,0.0,1.0,DE,0.66,edge,,,2.6,1,-1.0,39.0
HarrCh06,Christian Harris,HOU,TEN,2022,8,0.0,0.0,LB,1.0,edge,0.0,0.0,2.6,1,-1.0,39.0
KirkCh00,Christian Kirksey,HOU,TEN,2022,8,0.0,0.0,LB,0.83,edge,0.1,0.2,2.6,1,-1.0,39.0
BuckDe00,DeForest Buckner,IND,WAS,2022,8,1.0,2.0,DT,0.8,interior,0.6,2.0,3.6,1,3.0,40.5
FranZa00,Zaire Franklin,IND,WAS,2022,8,0.0,0.0,LB,1.0,edge,0.0,0.4,3.6,1,3.0,40.5
LewiTy00,Tyquan Lewis,IND,WAS,2022,8,0.0,2.0,DE,0.61,edge,0.3333333333333333,1.3333333333333333,3.6,1,3.0,40.5
NgakYa00,Yannick Ngakoue,IND,WAS,2022,8,0.5,2.0,DE,0.7,edge,0.7,2.0,3.6,1,3.0,40.5
OkerBo00,Bobby Okereke,IND,WAS,2022,8,0.0,0.0,LB,0.61,edge,0.0,0.0,3.6,1,3.0,40.5
AlleJo03,Josh Allen,JAX,DEN,2022,8,0.0,2.0,LB,0.82,edge,0.2,2.4,3.2,0,1.0,41.0
LloyDe00,Devin Lloyd,JAX,DEN,2022,8,0.0,1.0,LB,1.0,edge,0.0,0.0,3.2,0,1.0,41.0
OluoFo00,Foyesade Oluokun,JAX,DEN,2022,8,0.0,0.0,LB,1.0,edge,0.2,0.8,3.2,0,1.0,41.0
WalkTr03,Travon Walker,JAX,DEN,2022,8,0.5,1.0,LB,0.85,edge,0.2,1.2,3.2,0,1.0,41.0
DonaAa00,Aaron Donald,LA,SF,2022,8,0.0,1.0,DT,1.0,interior,0.8,1.4,2.2,1,-1.0,42.0
FloyLe00,Leonard Floyd,LA,SF,2022,8,2.0,2.0,LB,0.83,edge,0.0,0.8,2.2,1,-1.0,42.0
HollJu00,Justin Hollins,LA,SF,2022,8,0.0,0.0,LB,0.62,edge,0.0,0.0,2.2,1,-1.0,42.0
JoneEr01,Ernest Jones,LA,SF,2022,8,0.0,0.0,LB,0.91,edge,0.0,0.0,2.2,1,-1.0,42.0
WagnBo00,Bobby Wagner,LA,SF,2022,8,0.0,1.0,LB,1.0,edge,0.2,0.4,2.2,1,-1.0,42.0
DeabDi00,Divine Deablo,LV,NO,2022,8,0.0,0.0,LB,1.0,edge,0.0,0.0,1.0,1,1.0,48.5
PerrDe00,Denzel Perryman,LV,NO,2022,8,0.0,0.0,LB,0.69,edge,1.0,1.0,1.0,1,1.0,48.5
BakeJe00,Jerome Baker,MIA,DET,2022,8,0.0,0.0,LB,1.0,edge,0.3,0.4,2.2,1,3.5,52.0
PhilJa02,Jaelan Phillips,MIA,DET,2022,8,0.0,2.0,LB,0.82,edge,0.6,2.0,2.2,1,3.5,52.0
SielZa00,Zach Sieler,MIA,DET,2022,8,1.0,1.0,DT,0.83,interior,0.0,1.0,2.2,1,3.5,52.0
HickJo00,Jordan Hicks,MIN,ARI,2022,8,0.0,0.0,LB,0.9,edge,0.2,0.4,2.4,1,4.0,48.5
HuntDa01,Danielle Hunter,MIN,ARI,2022,8,0.0,2.0,LB,0.86,edge,0.4,1.4,2.4,1,4.0,48.5
KendEr00,Eric Kendricks,MIN,ARI,2022,8,0.0,0.0,LB,1.0,edge,0.0,0.4,2.4,1,4.0,48.5
PhilHa00,Harrison Phillips,MIN,ARI,2022,8,1.0,2.0,DT,0.61,interior,0.5,1.0,2.4,1,4.0,48.5
SmitZa00,Za'Darius Smith,MIN,ARI,2022,8,3.0,4.0,LB,0.69,edge,0.9,2.4,2.4,1,4.0,48.5
BentJa00,Ja'Whaun Bentley,NE,NYJ,2022,8,0.0,0.0,LB,0.64,edge,0.2,0.6,2.4,0,3.0,40.0
JudoMa00,Matt Judon,NE,NYJ,2022,8,0.0,4.0,LB,0.85,edge,1.1,2.8,2.4,0,3.0,40.0
WiseDe00,Deatrich Wise Jr.,NE,NYJ,2022,8,0.0,5.0,DE,0.92,edge,1.25,2.75,2.4,0,3.0,40.0
DaviDe00,Demario Davis,NO,LV,2022,8,0.0,0.0,LB,1.0,edge,1.0,1.2,1.4,1,-1.0,48.5
JordCa00,Cameron Jordan,NO,LV,2022,8,0.5,2.0,DE,0.71,edge,1.125,2.0,1.4,1,-1.0,48.5
WernPe00,Pete Werner,NO,LV,2022,8,0.0,0.0,LB,0.98,edge,0.0,0.4,1.4,1,-1.0,48.5
LawrDe03,Dexter Lawrence,NYG,SEA,2022,8,0.0,1.0,DT,0.86,interior,0.8,1.8,2.4,0,-3.0,44.5
SmitJa05,Jaylon Smith,NYG,SEA,2022,8,0.0,0.0,LB,0.84,edge,0.0,0.0,2.4,0,-3.0,44.5
ThibKa00,Kayvon Thibodeaux,NYG,SEA,2022,8,0.0,2.0,LB,0.78,edge,0.25,1.25,2.4,0,-3.0,44.5
WardJi02,Jihad Ward,NYG,SEA,2022,8,0.0,0.0,LB,0.81,edge,0.2,1.0,2.4,0,-3.0,44.5
WillLe02,Leonard Williams,NYG,SEA,2022,8,1.0,6.0,DT,0.92,interior,0.0,1.5,2.4,0,-3.0,44.5
FranJo02,John Franklin-Myers,NYJ,NE,2022,8,1.0,2.0,DE,0.63,edge,0.75,3.5,2.0,0,-3.0,40.0
MoslC.00,C.J. Mosley,NYJ,NE,2022,8,0.0,0.0,LB,1.0,edge,0.0,0.0,2.0,0,-3.0,40.0
WillQu00,Quinnen Williams,NYJ,NE,2022,8,1.0,4.0,NT,0.72,interior,0.9,2.4,2.0,0,-3.0,40.0
WillQu01,Quincy Williams,NYJ,NE,2022,8,0.0,0.0,LB,0.74,edge,0.25,0.5,2.0,0,-3.0,40.0
EdwaTJ02,T.J. Edwards,PHI,PIT,2022,8,0.0,1.0,LB,0.99,edge,0.4,1.4,2.2,0,11.0,43.0
HargJa00,Javon Hargrave,PHI,PIT,2022,8,2.0,3.0,DT,0.61,interior,0.0,0.6666666666666666,2.2,0,11.0,43.0
ReddHa00,Haason Reddick,PHI,PIT,2022,8,1.0,1.0,LB,0.63,edge,0.6,1.8,2.2,0,11.0,43.0
WhitKy00,Kyzir White,PHI,PIT,2022,8,0.0,0.0,LB,0.75,edge,0.0,0.0,2.2,0,11.0,43.0
BushDe01,Devin Bush Jr.,PIT,PHI,2022,8,0.0,0.0,LB,0.74,edge,0.0,0.4,2.8,0,-11.0,43.0
HeywCa01,Cameron Heyward,PIT,PHI,2022,8,1.0,2.0,DT,0.68,interior,0.3333333333333333,1.0,2.8,0,-11.0,43.0
HighAl02,Alex Highsmith,PIT,PHI,2022,8,0.0,0.0,LB,0.88,edge,0.7,1.2,2.8,0,-11.0,43.0
JackMy00,Myles Jack,PIT,PHI,2022,8,0.0,0.0,LB,0.89,edge,0.0,0.2,2.8,0,-11.0,43.0
BrooJo01,Jordyn Brooks,SEA,NYG,2022,8,0.0,0.0,LB,1.0,edge,0.0,0.8,2.4,0,3.0,44.5
IrviBr00,Bruce Irvin,SEA,NYG,2022,8,0.0,2.0,LB,0.72,edge,,,2.4,0,3.0,44.5
NwosUc00,Uchenna Nwosu,SEA,NYG,2022,8,2.0,2.0,LB,0.8,edge,0.4,0.8,2.4,0,3.0,44.5
BosaNi00,Nick Bosa,SF,LA,2022,8,1.5,3.0,DE,0.83,edge,1.4,4.6,3.0,1,1.0,42.0
BurkOr00,Oren Burks,SF,LA,2022,8,0.0,0.0,LB,1.0,edge,,,3.0,1,1.0,42.0
EbukSa00,Samson Ebukam,SF,LA,2022,8,0.0,0.0,DE,0.72,edge,0.25,1.5,3.0,1,1.0,42.0
WarnFr00,Fred Warner,SF,LA,2022,8,0.5,1.0,LB,1.0,edge,0.1,0.6,3.0,1,1.0,42.0
DaviLa00,Lavonte David,TB,BAL,2022,8,0.0,0.0,LB,1.0,edge,0.0,0.0,2.4,0,2.0,46.0
TryoJo00,Joe Tryon-Shoyinka,TB,BAL,2022,8,1.0,2.0,LB,0.62,edge,0.2,1.0,2.4,0,2.0,46.0
VeaxVi00,Vita Vea,TB,BAL,2022,8,1.0,1.0,NT,0.63,interior,0.5,1.0,2.4,0,2.0,46.0
WhitDe02,Devin White,TB,BAL,2022,8,0.0,0.0,LB,1.0,edge,0.0,1.0,2.4,0,2.0,46.0
AutrDe00,Denico Autry,TEN,HOU,2022,8,0.0,3.0,DE,0.72,edge,0.8,1.8,2.0,1,1.0,39.0
CunnZa00,Zach Cunningham,TEN,HOU,2022,8,0.0,0.0,LB,0.61,edge,0.0,0.0,2.0,1,1.0,39.0
DuprAl00,Bud Dupree,TEN,HOU,2022,8,1.0,2.0,LB,0.8,edge,1.0,2.5,2.0,1,1.0,39.0
LongDa04,David Long,TEN,HOU,2022,8,0.0,0.0,LB,1.0,edge,0.0,0.6,2.0,1,1.0,39.0
SimmJe01,Jeffery Simmons,TEN,HOU,2022,8,1.0,2.0,DT,0.7,interior,0.9,2.6,2.0,1,1.0,39.0
AlleJo01,Jonathan Allen,WAS,IND,2022,8,1.0,1.0,DT,0.79,interior,0.7,1.6,3.4,1,-3.0,40.5
DaviJa11,Jamin Davis,WAS,IND,2022,8,0.0,0.0,LB,1.0,edge,0.6,1.2,3.4,1,-3.0,40.5
PaynDa00,Daron Payne,WAS,IND,2022,8,1.0,1.0,DT,0.91,interior,0.5,1.8,3.4,1,-3.0,40.5
SmitJa08,James Smith-Williams,WAS,IND,2022,8,0.0,3.0,DE,0.67,edge,1.0,2.0,3.4,1,-3.0,40.5
SweaMo00,Montez Sweat,WAS,IND,2022,8,0.0,2.0,DE,0.71,edge,0.6,2.6,3.4,1,-3.0,40.5
AlleZa01,Zach Allen,ARI,SEA,2022,9,0.5,2.0,DE,0.77,edge,0.4,1.2,2.6,0,1.5,49.5
CollZa00,Zaven Collins,ARI,SEA,2022,9,0.0,0.0,LB,0.97,edge,0.4,0.4,2.6,0,1.5,49.5
GoldMa00,Markus Golden,ARI,SEA,2022,9,0.5,4.0,LB,0.66,edge,0.2,1.8,2.6,0,1.5,49.5
SimmIs00,Isaiah Simmons,ARI,SEA,2022,9,1.0,1.0,LB,0.81,edge,0.2,0.4,2.6,0,1.5,49.5
CartLo01,Lorenzo Carter,ATL,LAC,2022,9,0.0,0.0,LB,0.81,edge,0.2,0.6,1.6,0,-2.5,49.5
EvanRa01,Rashaan Evans,ATL,LAC,2022,9,0.0,0.0,LB,1.0,edge,0.2,0.2,1.6,0,-2.5,49.5
GrahTa00,Ta'Quon Graham,ATL,LAC,2022,9,0.0,1.0,DE,0.61,edge,0.0,0.6666666666666666,1.6,0,-2.5,49.5
WalkMy00,Mykal Walker,ATL,LAC,2022,9,0.0,0.0,LB,1.0,edge,0.0,0.0,1.6,0,-2.5,49.5
BowsTy00,Tyus Bowser,BAL,NO,2022,9,0.0,2.0,LB,0.67,edge,,,0.8,1,1.0,46.0
CampCa99,Calais Campbell,BAL,NO,2022,9,0.5,2.0,DE,0.63,edge,0.5,1.5,0.8,1,1.0,46.0
HousJu00,Justin Houston,BAL,NO,2022,9,2.5,3.0,LB,0.65,edge,1.0,4.0,0.8,1,1.0,46.0
QueePa00,Patrick Queen,BAL,NO,2022,9,0.0,0.0,LB,0.96,edge,0.4,1.2,0.8,1,1.0,46.0
SmitRo07,Roquan Smith,BAL,NO,2022,9,0.0,0.0,LB,0.76,edge,0.4,0.8,0.8,1,1.0,46.0
BernTe00,Terrel Bernard,BUF,NYJ,2022,9,0.0,0.0,LB,0.98,edge,,,2.0,0,11.0,46.0
EdmuTr01,Tremaine Edmunds,BUF,NYJ,2022,9,0.0,0.0,LB,1.0,edge,0.2,0.4,2.0,0,11.0,46.0
MillVo00,Von Miller,BUF,NYJ,2022,9,1.0,2.0,LB,0.73,edge,0.75,2.25,2.0,0,11.0,46.0
BurnBr00,Brian Burns,CAR,CIN,2022,9,1.0,1.0,DE,0.66,edge,0.6,1.6,3.0,0,-7.0,43.0
IoanMa01,Matthew Ioannidis,CAR,CIN,2022,9,0.0,1.0,DT,0.74,interior,0.2,1.0,3.0,0,-7.0,43.0
LuvuFr00,Frankie Luvu,CAR,CIN,2022,9,0.0,0.0,LB,0.73,edge,0.2,0.4,3.0,0,-7.0,43.0
ThomSh01,Shaq Thompson,CAR,CIN,2022,9,0.0,0.0,LB,0.89,edge,0.0,0.0,3.0,0,-7.0,43.0
GipsTr00,Trevis Gipson,CHI,MIA,2022,9,0.0,0.0,LB,0.74,edge,0.0,1.0,2.2,0,-4.0,46.0
JoneJu03,Justin Jones,CHI,MIA,2022,9,0.0,1.0,DT,0.75,interior,0.4,0.8,2.2,0,-4.0,46.0
MorrNi00,Nicholas Morrow,CHI,MIA,2022,9,0.0,0.0,LB,1.0,edge,0.0,0.2,2.2,0,-4.0,46.0
MuhaAl00,Al-Quadin Muhammad,CHI,MIA,2022,9,0.0,0.0,DE,0.77,edge,0.25,1.25,2.2,0,-4.0,46.0
SanbJa00,Jack Sanborn,CHI,MIA,2022,9,0.0,0.0,LB,0.88,edge,,,2.2,0,-4.0,46.0
AnzaAl00,Alex Anzalone,DET,GB,2022,9,0.0,0.0,LB,0.95,edge,0.3,1.0,1.8,1,-4.0,49.5
BarnDe02,Derrick Barnes,DET,GB,2022,9,1.0,1.0,LB,0.68,edge,,,1.8,1,-4.0,49.5
BuggIs00,Isaiah Buggs,DET,GB,2022,9,0.0,2.0,DT,0.8,interior,0.0,1.0,1.8,1,-4.0,49.5
HutcAi00,Aidan Hutchinson,DET,GB,2022,9,0.0,1.0,DE,0.88,edge,0.3,1.8,1.8,1,-4.0,49.5
McNeAl00,Alim McNeill,DET,GB,2022,9,0.0,0.0,NT,0.7,interior,0.0,1.0,1.8,1,-4.0,49.5
PascJo00,Josh Paschal,DET,GB,2022,9,0.0,2.0,DT,0.81,interior,,,1.8,1,-4.0,49.5
LowrDe00,Dean Lowry,GB,DET,2022,9,0.0,0.0,DE,0.6,edge,0.16666666666666666,1.0,1.8,1,4.0,49.5
ReedJa02,Jarran Reed,GB,DET,2022,9,0.0,1.0,DT,0.73,interior,0.25,1.0,1.8,1,4.0,49.5
SmitPr00,Preston Smith,GB,DET,2022,9,0.0,1.0,LB,0.81,edge,0.7,2.0,1.8,1,4.0,49.5
WalkQu00,Quay Walker,GB,DET,2022,9,0.0,0.0,LB,1.0,edge,0.0,0.4,1.8,1,4.0,49.5
GreeRa01,Rasheem Green,HOU,PHI,2022,9,0.0,0.0,DE,0.74,edge,0.0,1.0,2.8,1,-14.0,45.5
HarrCh06,Christian Harris,HOU,PHI,2022,9,0.0,0.0,LB,0.88,edge,0.0,0.0,2.8,1,-14.0,45.5
HiniKu00,Kurt Hinish,HOU,PHI,2022,9,1.0,1.0,DT,0.62,interior,,,2.8,1,-14.0,45.5
HughJe99,Jerry Hughes,HOU,PHI,2022,9,2.0,3.0,DE,0.65,edge,2.0,3.0,2.8,1,-14.0,45.5
KirkCh00,Christian Kirksey,HOU,PHI,2022,9,0.0,1.0,LB,0.88,edge,0.0,0.0,2.8,1,-14.0,45.5
BuckDe00,DeForest Buckner,IND,NE,2022,9,1.0,3.0,DT,0.76,interior,0.8,2.4,2.6,0,-5.0,40.0
FranZa00,Zaire Franklin,IND,NE,2022,9,0.5,1.0,LB,1.0,edge,0.0,0.2,2.6,0,-5.0,40.0
NgakYa00,Yannick Ngakoue,IND,NE,2022,9,0.5,3.0,DE,0.73,edge,0.8,2.2,2.6,0,-5.0,40.0
PayeKw00,Kwity Paye,IND,NE,2022,9,1.0,3.0,DE,0.73,edge,1.0,1.6666666666666667,2.6,0,-5.0,40.0
StewGr00,Grover Stewart,IND,NE,2022,9,0.0,1.0,DT,0.75,interior,0.4,1.2,2.6,0,-5.0,40.0
AlleJo03,Josh Allen,JAX,LV,2022,9,0.0,2.0,LB,0.78,edge,0.2,1.8,2.0,0,-2.5,47.5
LloyDe00,Devin Lloyd,JAX,LV,2022,9,0.0,1.0,LB,0.92,edge,0.0,0.2,2.0,0,-2.5,47.5
OluoFo00,Foyesade Oluokun,JAX,LV,2022,9,0.0,0.0,LB,1.0,edge,0.2,0.6,2.0,0,-2.5,47.5
WalkTr03,Travon Walker,JAX,LV,2022,9,0.0,2.0,LB,0.78,edge,0.3,1.2,2.0,0,-2.5,47.5
BoltNi00,Nick Bolton,KC,TEN,2022,9,0.0,0.0,LB,1.0,edge,0.4,0.8,2.8,0,14.0,45.0
DannMi00,Michael Danna,KC,TEN,2022,9,0.0,1.0,DE,0.84,edge,,,2.8,0,14.0,45.0
DunlCa99,Carlos Dunlap,KC,TEN,2022,9,1.5,3.0,LB,0.61,edge,,,2.8,0,14.0,45.0
GayJWi00,Willie Gay Jr.,KC,TEN,2022,9,0.0,0.0,LB,0.73,edge,0.0,0.5,2.8,0,14.0,45.0
JoneCh09,Chris Jones,KC,TEN,2022,9,0.5,3.0,DT,0.96,interior,0.6,2.0,2.8,0,14.0,45.0
KarlGe00,George Karlaftis III,KC,TEN,2022,9,0.0,2.0,DE,0.65,edge,0.1,0.8,2.8,0,14.0,45.0
DonaAa00,Aaron Donald,LA,TB,2022,9,1.0,3.0,DT,0.89,interior,0.6,1.4,1.4,0,-3.0,43.0
FloyLe00,Leonard Floyd,LA,TB,2022,9,0.0,2.0,LB,0.86,edge,0.4,0.8,1.4,0,-3.0,43.0
LewiTe00,Terrell Lewis,LA,TB,2022,9,0.0,0.0,LB,0.64,edge,,,1.4,0,-3.0,43.0
WagnBo00,Bobby Wagner,LA,TB,2022,9,0.0,0.0,LB,1.0,edge,0.0,0.4,1.4,0,-3.0,43.0
MackKh00,Khalil Mack,LAC,ATL,2022,9,0.0,0.0,LB,0.77,edge,0.4,0.8,2.6,0,2.5,49.5
MurrKe00,Kenneth Murray,LAC,ATL,2022,9,0.0,0.0,LB,0.66,edge,0.0,0.2,2.6,0,2.5,49.5
TranDr00,Drue Tranquill,LAC,ATL,2022,9,1.0,1.0,LB,1.0,edge,0.4,1.0,2.6,0,2.5,49.5
VanNKy00,Kyle Van Noy,LAC,ATL,2022,9,0.0,0.0,LB,0.7,edge,0.0,0.3333333333333333,2.6,0,2.5,49.5
CrosMa00,Maxx Crosby,LV,JAX,2022,9,0.0,1.0,DE,0.97,edge,1.2,2.4,1.8,0,2.5,47.5
JoneCh03,Chandler Jones,LV,JAX,2022,9,0.0,1.0,DE,0.77,edge,0.1,1.4,1.8,0,2.5,47.5
MartBl01,Blake Martinez,LV,JAX,2022,9,0.0,0.0,LB,0.91,edge,,,1.8,0,2.5,47.5
NichBi00,Bilal Nichols,LV,JAX,2022,9,0.0,1.0,DT,0.78,interior,0.0,1.6666666666666667,1.8,0,2.5,47.5
PerrDe00,Denzel Perryman,LV,JAX,2022,9,0.0,3.0,LB,0.75,edge,0.5,0.5,1.8,0,2.5,47.5
BakeJe00,Jerome Baker,MIA,CHI,2022,9,0.0,0.0,LB,0.61,edge,0.2,0.2,4.0,0,4.0,46.0
ChubBr00,Bradley Chubb,MIA,CHI,2022,9,0.0,0.0,LB,0.73,edge,0.5,1.6,4.0,0,4.0,46.0
PhilJa02,Jaelan Phillips,MIA,CHI,2022,9,0.0,2.0,LB,0.82,edge,0.6,2.2,4.0,0,4.0,46.0
RobeEl00,Elandon Roberts,MIA,CHI,2022,9,0.0,0.0,LB,0.77,edge,0.375,0.5,4.0,0,4.0,46.0
WilkCh00,Christian Wilkins,MIA,CHI,2022,9,0.0,0.0,DT,0.86,interior,0.25,1.5,4.0,0,4.0,46.0
HickJo00,Jordan Hicks,MIN,WAS,2022,9,0.0,0.0,LB,0.91,edge,0.2,0.4,2.2,0,3.0,43.5
HuntDa01,Danielle Hunter,MIN,WAS,2022,9,2.0,3.0,LB,0.83,edge,0.4,1.8,2.2,0,3.0,43.5
KendEr00,Eric Kendricks,MIN,WAS,2022,9,0.0,0.0,LB,1.0,edge,0.0,0.2,2.2,0,3.0,43.5
PhilHa00,Harrison Phillips,MIN,WAS,2022,9,0.0,1.0,DT,0.66,interior,0.75,1.5,2.2,0,3.0,43.5
SmitZa00,Za'Darius Smith,MIN,WAS,2022,9,0.0,3.0,LB,0.73,edge,1.3,2.8,2.2,0,3.0,43.5
BentJa00,Ja'Whaun Bentley,NE,IND,2022,9,1.0,2.0,LB,0.73,edge,0.0,0.4,2.8,0,5.0,40.0
JudoMa00,Matt Judon,NE,IND,2022,9,3.0,4.0,LB,0.68,edge,0.9,3.4,2.8,0,5.0,40.0
WiseDe00,Deatrich Wise Jr.,NE,IND,2022,9,0.5,4.0,DE,0.73,edge,1.0,3.2,2.8,0,5.0,40.0
DaviDe00,Demario Davis,NO,BAL,2022,9,1.0,2.0,LB,1.0,edge,0.8,0.8,2.2,1,-1.0,46.0
WernPe00,Pete Werner,NO,BAL,2022,9,0.0,0.0,LB,0.6,edge,0.0,0.4,2.2,1,-1.0,46.0
LawsCa00,Carl Lawson,NYJ,BUF,2022,9,0.0,0.0,DE,0.6,edge,0.375,2.75,1.6,0,-11.0,46.0
MoslC.00,C.J. Mosley,NYJ,BUF,2022,9,1.0,1.0,LB,0.85,edge,0.0,0.0,1.6,0,-11.0,46.0
WillQu00,Quinnen Williams,NYJ,BUF,2022,9,1.0,1.0,NT,0.74,interior,0.9,2.6,1.6,0,-11.0,46.0
WillQu01,Quincy Williams,NYJ,BUF,2022,9,0.0,0.0,LB,0.74,edge,0.2,0.4,1.6,0,-11.0,46.0
CoxxFl00,Fletcher Cox,PHI,HOU,2022,9,0.0,1.0,DT,0.7,interior,0.3333333333333333,2.3333333333333335,2.0,1,14.0,45.5
EdwaTJ02,T.J. Edwards,PHI,HOU,2022,9,0.0,0.0,LB,0.93,edge,0.4,1.2,2.0,1,14.0,45.5
HargJa00,Javon Hargrave,PHI,HOU,2022,9,3.0,3.0,DT,0.68,interior,0.5,1.25,2.0,1,14.0,45.5
ReddHa00,Haason Reddick,PHI,HOU,2022,9,0.0,1.0,LB,0.68,edge,0.8,2.0,2.0,1,14.0,45.5
WhitKy00,Kyzir White,PHI,HOU,2022,9,0.0,0.0,LB,0.88,edge,0.0,0.0,2.0,1,14.0,45.5
BrooJo01,Jordyn Brooks,SEA,ARI,2022,9,0.0,0.0,LB,1.0,edge,0.0,0.8,2.8,0,-1.5,49.5
NwosUc00,Uchenna Nwosu,SEA,ARI,2022,9,2.0,3.0,LB,0.78,edge,0.8,1.2,2.8,0,-1.5,49.5
DaviLa00,Lavonte David,TB,LA,2022,9,0.0,0.0,LB,1.0,edge,0.0,0.0,3.2,0,3.0,43.0
TryoJo00,Joe Tryon-Shoyinka,TB,LA,2022,9,0.0,1.0,LB,0.89,edge,0.4,1.0,3.2,0,3.0,43.0
VeaxVi00,Vita Vea,TB,LA,2022,9,2.0,4.0,NT,0.61,interior,0.6,1.0,3.2,0,3.0,43.0
WhitDe02,Devin White,TB,LA,2022,9,0.0,1.0,LB,1.0,edge,0.0,1.0,3.2,0,3.0,43.0
AutrDe00,Denico Autry,TEN,KC,2022,9,2.0,3.0,DE,0.76,edge,0.8,2.2,2.2,0,-14.0,45.0
LongDa04,David Long,TEN,KC,2022,9,0.0,1.0,LB,1.0,edge,0.0,0.6,2.2,0,-14.0,45.0
SimmJe01,Jeffery Simmons,TEN,KC,2022,9,0.0,0.0,DT,0.81,interior,0.7,2.0,2.2,0,-14.0,45.0
AlleJo01,Jonathan Allen,WAS,MIN,2022,9,0.0,4.0,DT,0.94,interior,0.7,1.6,2.2,0,-3.0,43.5
BostJo00,Jonathan Bostic,WAS,MIN,2022,9,0.0,0.0,LB,0.65,edge,,,2.2,0,-3.0,43.5
DaviJa11,Jamin Davis,WAS,MIN,2022,9,0.0,2.0,LB,0.82,edge,0.6,1.2,2.2,0,-3.0,43.5
PaynDa00,Daron Payne,WAS,MIN,2022,9,1.0,2.0,DT,0.94,interior,0.5,1.6,2.2,0,-3.0,43.5
SmitJa08,James Smith-Williams,WAS,MIN,2022,9,0.0,1.0,DE,0.7,edge,0.5,2.5,2.2,0,-3.0,43.5
SweaMo00,Montez Sweat,WAS,MIN,2022,9,0.0,3.0,DE,0.7,edge,0.6,2.6,2.2,0,-3.0,43.5
AlleZa01,Zach Allen,ARI,LA,2022,10,1.0,4.0,DE,0.7,edge,0.5,1.6,3.8,1,-3.5,38.0
CollZa00,Zaven Collins,ARI,LA,2022,10,0.0,3.0,LB,1.0,edge,0.4,0.4,3.8,1,-3.5,38.0
GoldMa00,Markus Golden,ARI,LA,2022,10,0.0,1.0,LB,0.78,edge,0.3,2.4,3.8,1,-3.5,38.0
NiemBe00,Ben Niemann,ARI,LA,2022,10,0.0,0.0,LB,0.68,edge,0.0,0.0,3.8,1,-3.5,38.0
SimmIs00,Isaiah Simmons,ARI,LA,2022,10,0.0,0.0,LB,1.0,edge,0.4,0.6,3.8,1,-3.5,38.0
WattJ.00,J.J. Watt,ARI,LA,2022,10,1.0,5.0,DE,0.73,edge,0.7,1.8,3.8,1,-3.5,38.0
CartLo01,Lorenzo Carter,ATL,CAR,2022,10,0.0,0.0,LB,0.76,edge,0.2,0.4,2.0,0,2.5,41.5
EvanRa01,Rashaan Evans,ATL,CAR,2022,10,0.0,0.0,LB,0.91,edge,0.2,0.2,2.0,0,2.5,41.5
GrahTa00,Ta'Quon Graham,ATL,CAR,2022,10,0.0,0.0,DE,0.77,edge,0.0,0.75,2.0,0,2.5,41.5
JarrGr00,Grady Jarrett,ATL,CAR,2022,10,0.0,1.0,DT,0.82,interior,0.6,2.0,2.0,0,2.5,41.5
WalkMy00,Mykal Walker,ATL,CAR,2022,10,0.0,0.0,LB,0.89,edge,0.0,0.0,2.0,0,2.5,41.5
DodsTy01,Tyrel Dodson,BUF,MIN,2022,10,0.0,0.0,LB,0.64,edge,1.0,2.0,2.4,0,6.5,47.0
EpenAJ00,A.J. Epenesa,BUF,MIN,2022,10,1.0,1.0,DE,0.6,edge,,,2.4,0,6.5,47.0
MilaMa00,Matt Milano,BUF,MIN,2022,10,0.0,0.0,LB,1.0,edge,0.0,0.6,2.4,0,6.5,47.0
MillVo00,Von Miller,BUF,MIN,2022,10,1.0,3.0,LB,0.7,edge,0.8,2.2,2.4,0,6.5,47.0
OlivEd00,Ed Oliver,BUF,MIN,2022,10,0.5,5.0,DT,0.76,interior,0.0,2.0,2.4,0,6.5,47.0
BrowDe05,Derrick Brown,CAR,ATL,2022,10,0.0,1.0,DT,0.84,interior,0.25,2.0,2.8,0,-2.5,41.5
BurnBr00,Brian Burns,CAR,ATL,2022,10,1.0,2.0,DE,0.95,edge,0.6,1.4,2.8,0,-2.5,41.5
GrosYe00,Yetur Gross-Matos,CAR,ATL,2022,10,0.0,1.0,DE,0.67,edge,0.16666666666666666,1.3333333333333333,2.8,0,-2.5,41.5
IoanMa01,Matthew Ioannidis,CAR,ATL,2022,10,0.0,2.0,DT,0.78,interior,0.0,0.8,2.8,0,-2.5,41.5
LuvuFr00,Frankie Luvu,CAR,ATL,2022,10,2.0,3.0,LB,1.0,edge,0.2,0.4,2.8,0,-2.5,41.5
ThomSh01,Shaq Thompson,CAR,ATL,2022,10,0.0,0.0,LB,1.0,edge,0.0,0.0,2.8,0,-2.5,41.5
GipsTr00,Trevis Gipson,CHI,DET,2022,10,0.0,2.0,LB,0.89,edge,0.0,0.5,1.8,0,3.0,48.5
JoneJu03,Justin Jones,CHI,DET,2022,10,0.0,1.0,DT,0.66,interior,0.4,0.8,1.8,0,3.0,48.5
MorrNi00,Nicholas Morrow,CHI,DET,2022,10,0.0,2.0,LB,1.0,edge,0.0,0.0,1.8,0,3.0,48.5
RobiDo00,Dominique Robinson,CHI,DET,2022,10,0.0,1.0,DE,0.87,edge,,,1.8,0,3.0,48.5
SanbJa00,Jack Sanborn,CHI,DET,2022,10,2.0,2.0,LB,0.9,edge,0.0,0.0,1.8,0,3.0,48.5
ClowJa00,Jadeveon Clowney,CLE,MIA,2022,10,0.0,2.0,DE,0.64,edge,0.16666666666666666,1.0,2.0,0,-3.0,49.0
GarrMy00,Myles Garrett,CLE,MIA,2022,10,0.0,2.0,DE,0.64,edge,0.9,2.2,2.0,0,-3.0,49.0
JoneDe01,Deion Jones,CLE,MIA,2022,10,0.5,1.0,LB,0.74,edge,1.0,1.0,2.0,0,-3.0,49.0
TakiSi00,Sione Takitaki,CLE,MIA,2022,10,0.0,1.0,LB,0.96,edge,0.25,0.25,2.0,0,-3.0,49.0
LawrDe00,DeMarcus Lawrence,DAL,GB,2022,10,1.0,1.0,DE,0.72,edge,0.3333333333333333,1.3333333333333333,1.8,0,3.5,44.5
ParsMi00,Micah Parsons,DAL,GB,2022,10,0.0,1.0,LB,0.95,edge,0.8,1.8,1.8,0,3.5,44.5
VandLe00,Leighton Vander Esch,DAL,GB,2022,10,0.0,0.0,LB,0.95,edge,0.0,0.2,1.8,0,3.5,44.5
JeweJo00,Josey Jewell,DEN,TEN,2022,10,0.0,0.0,LB,1.0,edge,0.3333333333333333,0.6666666666666666,3.2,0,-2.5,40.0
JoneD.01,D.J. Jones,DEN,TEN,2022,10,0.0,0.0,DT,0.61,interior,0.3333333333333333,1.3333333333333333,3.2,0,-2.5,40.0
JoneDr00,Dre'Mont Jones,DEN,TEN,2022,10,0.0,1.0,DE,0.82,edge,0.7,1.6,3.2,0,-2.5,40.0
AnzaAl00,Alex Anzalone,DET,CHI,2022,10,0.0,0.0,LB,0.98,edge,0.1,0.4,3.4,0,-3.0,48.5
BarnDe02,Derrick Barnes,DET,CHI,2022,10,0.0,0.0,LB,0.69,edge,1.0,1.0,3.4,0,-3.0,48.5
BuggIs00,Isaiah Buggs,DET,CHI,2022,10,0.0,1.0,DT,0.92,interior,0.0,1.5,3.4,0,-3.0,48.5
ComiJo00,John Cominsky,DET,CHI,2022,10,0.0,1.0,DT,0.7,interior,,,3.4,0,-3.0,48.5
HutcAi00,Aidan Hutchinson,DET,CHI,2022,10,1.0,3.0,DE,0.89,edge,0.3,1.6,3.4,0,-3.0,48.5
ClarKe01,Kenny Clark,GB,DAL,2022,10,1.0,1.0,NT,0.77,interior,0.4,1.6,1.4,0,-3.5,44.5
EnagKi00,Kingsley Enagbare,GB,DAL,2022,10,0.0,1.0,LB,0.75,edge,,,1.4,0,-3.5,44.5
McDuIs00,Isaiah McDuffie,GB,DAL,2022,10,0.0,0.0,LB,0.82,edge,0.0,0.0,1.4,0,-3.5,44.5
ReedJa02,Jarran Reed,GB,DAL,2022,10,0.0,4.0,DT,0.69,interior,0.2,1.0,1.4,0,-3.5,44.5
SmitPr00,Preston Smith,GB,DAL,2022,10,0.0,1.0,LB,0.86,edge,0.3,1.4,1.4,0,-3.5,44.5
WalkQu00,Quay Walker,GB,DAL,2022,10,0.0,1.0,LB,1.0,edge,0.0,0.4,1.4,0,-3.5,44.5
HarrCh06,Christian Harris,HOU,NYG,2022,10,0.0,0.0,LB,1.0,edge,0.0,0.0,2.4,0,-5.5,41.5
HughJe99,Jerry Hughes,HOU,NYG,2022,10,1.0,1.0,DE,0.61,edge,2.0,3.0,2.4,0,-5.5,41.5
KirkCh00,Christian Kirksey,HOU,NYG,2022,10,0.5,1.0,LB,1.0,edge,0.0,0.2,2.4,0,-5.5,41.5
BuckDe00,DeForest Buckner,IND,LV,2022,10,0.5,1.0,DT,0.86,interior,1.0,2.4,2.2,1,-4.5,41.0
FranZa00,Zaire Franklin,IND,LV,2022,10,0.0,0.0,LB,0.96,edge,0.1,0.2,2.2,1,-4.5,41.0
NgakYa00,Yannick Ngakoue,IND,LV,2022,10,0.5,1.0,DE,0.84,edge,0.9,2.6,2.2,1,-4.5,41.0
OdeyDa00,Dayo Odeyingbo,IND,LV,2022,10,0.0,2.0,DE,0.6,edge,,,2.2,1,-4.5,41.0
OkerBo00,Bobby Okereke,IND,LV,2022,10,0.0,0.0,LB,1.0,edge,0.0,0.0,2.2,1,-4.5,41.0
StewGr00,Grover Stewart,IND,LV,2022,10,1.0,1.0,DT,0.7,interior,0.4,1.2,2.2,1,-4.5,41.0
AlleJo03,Josh Allen,JAX,KC,2022,10,0.0,1.0,LB,0.62,edge,0.0,1.4,2.8,0,-10.0,51.5
LloyDe00,Devin Lloyd,JAX,KC,2022,10,0.0,0.0,LB,0.6,edge,0.0,0.4,2.8,0,-10.0,51.5
OluoFo00,Foyesade Oluokun,JAX,KC,2022,10,0.0,0.0,LB,1.0,edge,0.2,0.6,2.8,0,-10.0,51.5
RobeRo00,Roy Robertson-Harris,JAX,KC,2022,10,0.0,1.0,DT,0.6,interior,0.0,0.75,2.8,0,-10.0,51.5
WalkTr03,Travon Walker,JAX,KC,2022,10,0.0,1.0,LB,0.71,edge,0.3,1.2,2.8,0,-10.0,51.5
BoltNi00,Nick Bolton,KC,JAX,2022,10,0.0,0.0,LB,1.0,edge,0.0,0.4,1.2,0,10.0,51.5
DunlCa99,Carlos Dunlap,KC,JAX,2022,10,0.5,1.0,LB,0.75,edge,1.5,3.0,1.2,0,10.0,51.5
GayJWi00,Willie Gay Jr.,KC,JAX,2022,10,1.0,1.0,LB,0.67,edge,0.0,0.3333333333333333,1.2,0,10.0,51.5
JoneCh09,Chris Jones,KC,JAX,2022,10,1.5,2.0,DT,0.88,interior,0.7,2.4,1.2,0,10.0,51.5
DonaAa00,Aaron Donald,LA,ARI,2022,10,0.0,1.0,DT,0.96,interior,0.8,1.6,3.4,1,3.5,38.0
FloyLe00,Leonard Floyd,LA,ARI,2022,10,1.0,1.0,LB,0.82,edge,0.4,1.0,3.4,1,3.5,38.0
JoneEr01,Ernest Jones,LA,ARI,2022,10,0.0,0.0,LB,0.75,edge,0.0,0.0,3.4,1,3.5,38.0
LewiTe00,Terrell Lewis,LA,ARI,2022,10,0.0,1.0,LB,0.62,edge,0.0,0.0,3.4,1,3.5,38.0
RobiAS00,A'Shawn Robinson,LA,ARI,2022,10,0.0,2.0,DT,0.81,interior,0.0,0.5,3.4,1,3.5,38.0
WagnBo00,Bobby Wagner,LA,ARI,2022,10,1.0,1.0,LB,1.0,edge,0.0,0.4,3.4,1,3.5,38.0
FoxxMo00,Morgan Fox,LAC,SF,2022,10,0.0,0.0,DE,0.68,edge,,,2.0,0,-8.5,45.5
MackKh00,Khalil Mack,LAC,SF,2022,10,1.0,1.0,LB,0.76,edge,0.4,0.8,2.0,0,-8.5,45.5
MurrKe00,Kenneth Murray,LAC,SF,2022,10,0.0,0.0,LB,0.66,edge,0.0,0.2,2.0,0,-8.5,45.5
TranDr00,Drue Tranquill,LAC,SF,2022,10,0.0,0.0,LB,1.0,edge,0.6,1.2,2.0,0,-8.5,45.5
VanNKy00,Kyle Van Noy,LAC,SF,2022,10,0.0,0.0,LB,0.82,edge,0.0,0.25,2.0,0,-8.5,45.5
BrowJa06,Jayon Brown,LV,IND,2022,10,0.0,0.0,LB,1.0,edge,0.0,0.0,4.0,1,4.5,41.0
CrosMa00,Maxx Crosby,LV,IND,2022,10,1.0,1.0,DE,0.97,edge,1.0,1.8,4.0,1,4.5,41.0
JoneCh03,Chandler Jones,LV,IND,2022,10,0.0,0.0,DE,0.71,edge,0.1,1.2,4.0,1,4.5,41.0
MastLu00,Luke Masterson,LV,IND,2022,10,0.0,0.0,LB,0.72,edge,,,4.0,1,4.5,41.0
BakeJe00,Jerome Baker,MIA,CLE,2022,10,0.0,0.0,LB,0.78,edge,0.2,0.2,2.2,0,3.0,49.0
ChubBr00,Bradley Chubb,MIA,CLE,2022,10,0.5,5.0,LB,0.66,edge,0.5,1.6,2.2,0,3.0,49.0
PhilJa02,Jaelan Phillips,MIA,CLE,2022,10,0.5,2.0,LB,0.63,edge,0.6,2.6,2.2,0,3.0,49.0
SielZa00,Zach Sieler,MIA,CLE,2022,10,0.0,2.0,DT,0.79,interior,0.3333333333333333,1.0,2.2,0,3.0,49.0
WilkCh00,Christian Wilkins,MIA,CLE,2022,10,1.0,6.0,DT,0.82,interior,0.16666666666666666,1.0,2.2,0,3.0,49.0
HickJo00,Jordan Hicks,MIN,BUF,2022,10,0.0,0.0,LB,0.96,edge,0.2,0.4,1.8,0,-6.5,47.0
HuntDa01,Danielle Hunter,MIN,BUF,2022,10,1.0,3.0,LB,0.8,edge,0.8,2.0,1.8,0,-6.5,47.0
KendEr00,Eric Kendricks,MIN,BUF,2022,10,0.0,1.0,LB,1.0,edge,0.0,0.0,1.8,0,-6.5,47.0
PhilHa00,Harrison Phillips,MIN,BUF,2022,10,0.0,2.0,DT,0.72,interior,0.5,1.3333333333333333,1.8,0,-6.5,47.0
SmitZa00,Za'Darius Smith,MIN,BUF,2022,10,1.0,5.0,LB,0.75,edge,1.1,2.8,1.8,0,-6.5,47.0
DaviDe00,Demario Davis,NO,PIT,2022,10,0.0,0.0,LB,1.0,edge,0.8,1.0,3.2,0,-1.0,39.5
ElliKa00,Kaden Elliss,NO,PIT,2022,10,1.0,1.0,LB,0.96,edge,,,3.2,0,-1.0,39.5
LawrDe03,Dexter Lawrence,NYG,HOU,2022,10,1.0,5.0,DT,0.91,interior,0.8,1.6,2.4,0,5.5,41.5
SmitJa05,Jaylon Smith,NYG,HOU,2022,10,0.0,1.0,LB,0.64,edge,0.0,0.0,2.4,0,5.5,41.5
WardJi02,Jihad Ward,NYG,HOU,2022,10,1.0,2.0,LB,0.64,edge,0.2,1.0,2.4,0,5.5,41.5
WillLe02,Leonard Williams,NYG,HOU,2022,10,0.5,1.0,DT,0.92,interior,0.3333333333333333,3.0,2.4,0,5.5,41.5
XimiOs00,Oshane Ximines,NYG,HOU,2022,10,0.0,1.0,LB,0.73,edge,0.5,2.0,2.4,0,5.5,41.5
CoxxFl00,Fletcher Cox,PHI,WAS,2022,10,0.0,2.0,DT,0.85,interior,0.25,2.0,2.4,0,11.0,43.0
EdwaTJ02,T.J. Edwards,PHI,WAS,2022,10,0.0,0.0,LB,0.94,edge,0.2,0.4,2.4,0,11.0,43.0
HargJa00,Javon Hargrave,PHI,WAS,2022,10,1.0,1.0,DT,0.8,interior,1.0,1.6,2.4,0,11.0,43.0
ReddHa00,Haason Reddick,PHI,WAS,2022,10,1.0,2.0,LB,0.7,edge,0.8,2.2,2.4,0,11.0,43.0
WhitKy00,Kyzir White,PHI,WAS,2022,10,0.0,0.0,LB,0.75,edge,0.0,0.0,2.4,0,11.0,43.0
BushDe01,Devin Bush Jr.,PIT,NO,2022,10,0.0,0.0,LB,0.85,edge,0.0,0.4,1.2,0,1.0,39.5
HighAl02,Alex Highsmith,PIT,NO,2022,10,2.0,2.0,LB,0.91,edge,0.4,0.8,1.2,0,1.0,39.5
SpilRo00,Robert Spillane,PIT,NO,2022,10,0.0,0.0,LB,1.0,edge,0.0,0.0,1.2,0,1.0,39.5
WattT.00,T.J. Watt,PIT,NO,2022,10,0.0,1.0,LB,0.79,edge,1.0,1.0,1.2,0,1.0,39.5
BartCo00,Cody Barton,SEA,TB,2022,10,0.0,0.0,LB,0.8,edge,0.0,0.0,1.4,0,-2.5,45.0
BrooJo01,Jordyn Brooks,SEA,TB,2022,10,0.0,0.0,LB,0.97,edge,0.0,0.6,1.4,0,-2.5,45.0
IrviBr00,Bruce Irvin,SEA,TB,2022,10,0.0,0.0,LB,0.63,edge,0.0,2.0,1.4,0,-2.5,45.0
NwosUc00,Uchenna Nwosu,SEA,TB,2022,10,0.0,0.0,LB,0.63,edge,1.0,1.6,1.4,0,-2.5,45.0
BosaNi00,Nick Bosa,SF,LAC,2022,10,1.0,4.0,DE,0.97,edge,1.5,4.6,1.4,0,8.5,45.5
GreeDr00,Dre Greenlaw,SF,LAC,2022,10,0.0,0.0,LB,0.6,edge,0.0,0.2,1.4,0,8.5,45.5
OmenCh00,Charles Omenihu,SF,LAC,2022,10,1.0,3.0,DE,0.78,edge,1.0,1.5,1.4,0,8.5,45.5
WarnFr00,Fred Warner,SF,LAC,2022,10,0.0,1.0,LB,1.0,edge,0.2,0.8,1.4,0,8.5,45.5
DaviLa00,Lavonte David,TB,SEA,2022,10,0.0,0.0,LB,1.0,edge,0.0,0.0,3.0,0,2.5,45.0
HickAk00,Akiem Hicks,TB,SEA,2022,10,0.0,1.0,DT,0.63,interior,,,3.0,0,2.5,45.0
TryoJo00,Joe Tryon-Shoyinka,TB,SEA,2022,10,1.0,3.0,LB,0.92,edge,0.4,1.2,3.0,0,2.5,45.0
WhitDe02,Devin White,TB,SEA,2022,10,2.0,4.0,LB,1.0,edge,0.0,0.8,3.0,0,2.5,45.0
AutrDe00,Denico Autry,TEN,DEN,2022,10,0.0,2.0,DE,0.65,edge,1.2,2.4,3.0,0,2.5,40.0
EdwaMa01,Mario Edwards,TEN,DEN,2022,10,1.0,5.0,DT,0.74,interior,,,3.0,0,2.5,40.0
LongDa04,David Long,TEN,DEN,2022,10,0.0,0.0,LB,0.76,edge,0.0,0.8,3.0,0,2.5,40.0
AlleJo01,Jonathan Allen,WAS,PHI,2022,10,0.0,1.0,DT,0.84,interior,0.7,2.2,3.0,0,-11.0,43.0
BostJo00,Jonathan Bostic,WAS,PHI,2022,10,0.0,0.0,LB,0.86,edge,0.0,0.0,3.0,0,-11.0,43.0
DaviJa11,Jamin Davis,WAS,PHI,2022,10,0.0,0.0,LB,1.0,edge,0.4,1.2,3.0,0,-11.0,43.0
PaynDa00,Daron Payne,WAS,PHI,2022,10,0.0,1.0,DT,0.88,interior,0.7,1.4,3.0,0,-11.0,43.0
SweaMo00,Montez Sweat,WAS,PHI,2022,10,1.0,2.0,DE,0.7,edge,0.6,3.0,3.0,0,-11.0,43.0
AlleZa01,Zach Allen,ARI,SF,2022,11,0.0,1.0,DE,0.78,edge,0.5,2.0,2.2,0,-10.0,43.5
CollZa00,Zaven Collins,ARI,SF,2022,11,0.0,1.0,LB,0.98,edge,0.4,1.0,2.2,0,-10.0,43.5
GoldMa00,Markus Golden,ARI,SF,2022,11,0.0,1.0,LB,0.62,edge,0.3,2.2,2.2,0,-10.0,43.5
SimmIs00,Isaiah Simmons,ARI,SF,2022,11,0.0,0.0,LB,0.69,edge,0.4,0.6,2.2,0,-10.0,43.5
VallTa00,Tanner Vallejo,ARI,SF,2022,11,0.0,0.0,LB,0.62,edge,,,2.2,0,-10.0,43.5
CartLo01,Lorenzo Carter,ATL,CHI,2022,11,1.0,4.0,LB,0.77,edge,0.2,0.2,3.6,1,3.0,48.5
EvanRa01,Rashaan Evans,ATL,CHI,2022,11,0.0,0.0,LB,1.0,edge,0.2,0.2,3.6,1,3.0,48.5
JarrGr00,Grady Jarrett,ATL,CHI,2022,11,1.0,1.0,DT,0.72,interior,0.4,1.8,3.6,1,3.0,48.5
WalkMy00,Mykal Walker,ATL,CHI,2022,11,0.0,1.0,LB,0.74,edge,0.0,0.0,3.6,1,3.0,48.5
BowsTy00,Tyus Bowser,BAL,CAR,2022,11,0.0,0.0,LB,0.72,edge,0.0,2.0,1.0,0,13.0,42.0
CampCa99,Calais Campbell,BAL,CAR,2022,11,1.0,2.0,DE,0.63,edge,0.5,1.6,1.0,0,13.0,42.0
QueePa00,Patrick Queen,BAL,CAR,2022,11,0.5,1.0,LB,1.0,edge,0.4,0.6,1.0,0,13.0,42.0
SmitRo07,Roquan Smith,BAL,CAR,2022,11,1.0,1.0,LB,1.0,edge,0.4,0.8,1.0,0,13.0,42.0
DodsTy01,Tyrel Dodson,BUF,CLE,2022,11,0.0,1.0,LB,1.0,edge,0.5,1.0,2.6,1,7.5,50.5
MilaMa00,Matt Milano,BUF,CLE,2022,11,1.0,1.0,LB,1.0,edge,0.0,0.6,2.6,1,7.5,50.5
MillVo00,Von Miller,BUF,CLE,2022,11,0.0,6.0,LB,0.73,edge,1.0,2.2,2.6,1,7.5,50.5
OlivEd00,Ed Oliver,BUF,CLE,2022,11,0.0,2.0,DT,0.75,interior,0.25,3.5,2.6,1,7.5,50.5
BurnBr00,Brian Burns,CAR,BAL,2022,11,1.0,2.0,DE,0.99,edge,0.6,1.6,2.4,0,-13.0,42.0
GrosYe00,Yetur Gross-Matos,CAR,BAL,2022,11,1.0,1.0,DE,0.78,edge,0.125,1.25,2.4,0,-13.0,42.0
LuvuFr00,Frankie Luvu,CAR,BAL,2022,11,1.0,1.0,LB,0.97,edge,0.6,0.8,2.4,0,-13.0,42.0
ThomSh01,Shaq Thompson,CAR,BAL,2022,11,0.0,0.0,LB,1.0,edge,0.0,0.0,2.4,0,-13.0,42.0
GipsTr00,Trevis Gipson,CHI,ATL,2022,11,0.0,0.0,LB,0.64,edge,0.0,1.0,2.8,1,-3.0,48.5
MorrNi00,Nicholas Morrow,CHI,ATL,2022,11,0.0,0.0,LB,1.0,edge,0.0,0.4,2.8,1,-3.0,48.5
SanbJa00,Jack Sanborn,CHI,ATL,2022,11,0.0,1.0,LB,0.95,edge,1.0,1.0,2.8,1,-3.0,48.5
HendTr00,Trey Hendrickson,CIN,PIT,2022,11,2.0,5.0,DE,0.7,edge,0.0,2.6,3.8,0,3.5,39.0
HillB.00,B.J. Hill,CIN,PIT,2022,11,0.0,2.0,DT,0.82,interior,0.2,1.2,3.8,0,3.5,39.0
HubbSa00,Sam Hubbard,CIN,PIT,2022,11,0.0,3.0,DE,0.92,edge,0.5,2.4,3.8,0,3.5,39.0
PratGe00,Germaine Pratt,CIN,PIT,2022,11,0.0,0.0,LB,0.64,edge,0.2,0.4,3.8,0,3.5,39.0
WilsLo00,Logan Wilson,CIN,PIT,2022,11,0.0,0.0,LB,1.0,edge,0.0,0.8,3.8,0,3.5,39.0
BryaTa00,Taven Bryan,CLE,BUF,2022,11,1.0,1.0,DT,0.66,interior,0.75,1.0,2.0,1,-7.5,50.5
ClowJa00,Jadeveon Clowney,CLE,BUF,2022,11,0.0,0.0,DE,0.66,edge,0.125,1.25,2.0,1,-7.5,50.5
GarrMy00,Myles Garrett,CLE,BUF,2022,11,1.0,4.0,DE,0.75,edge,0.9,2.2,2.0,1,-7.5,50.5
OwusJe00,Jeremiah Owusu-Koramoah,CLE,BUF,2022,11,0.0,1.0,LB,0.95,edge,0.0,0.2,2.0,1,-7.5,50.5
TakiSi00,Sione Takitaki,CLE,BUF,2022,11,0.0,0.0,LB,0.89,edge,0.2,0.4,2.0,1,-7.5,50.5
ClarDa02,Damone Clark,DAL,MIN,2022,11,0.0,0.0,LB,0.75,edge,,,2.6,1,1.5,48.5
ParsMi00,Micah Parsons,DAL,MIN,2022,11,2.0,5.0,LB,0.67,edge,0.8,1.8,2.6,1,1.5,48.5
VandLe00,Leighton Vander Esch,DAL,MIN,2022,11,0.0,0.0,LB,0.74,edge,0.0,0.2,2.6,1,1.5,48.5
BrowBa01,Baron Browning,DEN,LV,2022,11,0.0,0.0,LB,0.64,edge,0.5,1.5,2.2,0,2.5,41.5
JeweJo00,Josey Jewell,DEN,LV,2022,11,1.0,1.0,LB,1.0,edge,0.25,0.5,2.2,0,2.5,41.5
JoneDr00,Dre'Mont Jones,DEN,LV,2022,11,0.0,1.0,DE,0.86,edge,0.7,1.6,2.2,0,2.5,41.5
SingAl00,Alex Singleton,DEN,LV,2022,11,0.0,2.0,LB,0.65,edge,0.0,1.25,2.2,0,2.5,41.5
AnzaAl00,Alex Anzalone,DET,NYG,2022,11,0.0,2.0,LB,0.95,edge,0.1,0.4,2.8,0,-3.0,44.0
BuggIs00,Isaiah Buggs,DET,NYG,2022,11,0.0,1.0,DT,0.64,interior,0.0,1.3333333333333333,2.8,0,-3.0,44.0
ComiJo00,John Cominsky,DET,NYG,2022,11,1.0,1.0,DT,0.75,interior,0.0,1.0,2.8,0,-3.0,44.0
HutcAi00,Aidan Hutchinson,DET,NYG,2022,11,0.0,1.0,DE,0.86,edge,0.5,1.8,2.8,0,-3.0,44.0
McNeAl00,Alim McNeill,DET,NYG,2022,11,1.0,5.0,NT,0.62,interior,0.0,0.8,2.8,0,-3.0,44.0
BarnKr00,Krys Barnes,GB,TEN,2022,11,1.0,1.0,LB,0.67,edge,,,2.8,0,3.0,40.5
LowrDe00,Dean Lowry,GB,TEN,2022,11,0.0,1.0,DE,0.76,edge,0.125,0.75,2.8,0,3.0,40.5
ReedJa02,Jarran Reed,GB,TEN,2022,11,0.0,1.0,DT,0.8,interior,0.2,1.6,2.8,0,3.0,40.5
SmitPr00,Preston Smith,GB,TEN,2022,11,1.5,3.0,LB,0.86,edge,0.2,1.4,2.8,0,3.0,40.5
WalkQu00,Quay Walker,GB,TEN,2022,11,0.5,1.0,LB,0.86,edge,0.0,0.6,2.8,0,3.0,40.5
HarrCh06,Christian Harris,HOU,WAS,2022,11,0.0,0.0,LB,1.0,edge,0.0,0.0,2.4,1,-3.0,41.0
KirkCh00,Christian Kirksey,HOU,WAS,2022,11,0.0,1.0,LB,1.0,edge,0.1,0.4,2.4,1,-3.0,41.0
FranZa00,Zaire Franklin,IND,PHI,2022,11,0.5,1.0,LB,1.0,edge,0.1,0.2,2.8,1,-6.5,45.5
NgakYa00,Yannick Ngakoue,IND,PHI,2022,11,1.5,3.0,DE,0.85,edge,0.8,2.2,2.8,1,-6.5,45.5
OdeyDa00,Dayo Odeyingbo,IND,PHI,2022,11,0.0,1.0,DE,0.68,edge,0.0,2.0,2.8,1,-6.5,45.5
OkerBo00,Bobby Okereke,IND,PHI,2022,11,0.0,1.0,LB,1.0,edge,0.0,0.0,2.8,1,-6.5,45.5
StewGr00,Grover Stewart,IND,PHI,2022,11,0.0,0.0,DT,0.76,interior,0.6,1.0,2.8,1,-6.5,45.5
BoltNi00,Nick Bolton,KC,LAC,2022,11,0.0,0.0,LB,1.0,edge,0.0,0.4,1.8,1,5.5,52.5
ClarFr01,Frank Clark,KC,LAC,2022,11,0.0,1.0,DE,0.8,edge,0.5,1.2,1.8,1,5.5,52.5
GayJWi00,Willie Gay Jr.,KC,LAC,2022,11,1.0,1.0,LB,0.82,edge,0.25,0.5,1.8,1,5.5,52.5
JoneCh09,Chris Jones,KC,LAC,2022,11,2.0,4.0,DT,0.88,interior,1.0,2.6,1.8,1,5.5,52.5
DonaAa00,Aaron Donald,LA,NO,2022,11,0.0,2.0,DT,0.98,interior,0.6,1.6,1.4,1,-2.5,39.5
FloyLe00,Leonard Floyd,LA,NO,2022,11,2.0,2.0,LB,0.89,edge,0.6,1.2,1.4,1,-2.5,39.5
GainGr00,Greg Gaines,LA,NO,2022,11,2.0,2.0,NT,0.91,interior,0.0,1.0,1.4,1,-2.5,39.5
JoneEr01,Ernest Jones,LA,NO,2022,11,0.0,0.0,LB,0.84,edge,0.0,0.0,1.4,1,-2.5,39.5
WagnBo00,Bobby Wagner,LA,NO,2022,11,0.0,0.0,LB,1.0,edge,0.2,0.6,1.4,1,-2.5,39.5
JoseSe00,Sebastian Joseph-Day,LAC,KC,2022,11,0.0,1.0,NT,0.6,interior,0.25,1.0,2.2,1,-5.5,52.5
MackKh00,Khalil Mack,LAC,KC,2022,11,0.0,1.0,LB,0.75,edge,0.4,0.6,2.2,1,-5.5,52.5
TranDr00,Drue Tranquill,LAC,KC,2022,11,0.0,0.0,LB,1.0,edge,0.6,1.0,2.2,1,-5.5,52.5
VanNKy00,Kyle Van Noy,LAC,KC,2022,11,0.0,2.0,LB,0.68,edge,0.0,0.2,2.2,1,-5.5,52.5
BrowJa06,Jayon Brown,LV,DEN,2022,11,0.0,1.0,LB,0.97,edge,0.0,0.0,3.6,0,-2.5,41.5
CrosMa00,Maxx Crosby,LV,DEN,2022,11,2.0,4.0,DE,1.0,edge,1.0,1.8,3.6,0,-2.5,41.5
JoneCh03,Chandler Jones,LV,DEN,2022,11,0.0,0.0,DE,0.75,edge,0.1,0.8,3.6,0,-2.5,41.5
NichBi00,Bilal Nichols,LV,DEN,2022,11,0.0,2.0,DT,0.61,interior,0.0,1.5,3.6,0,-2.5,41.5
PerrDe00,Denzel Perryman,LV,DEN,2022,11,0.0,2.0,LB,0.69,edge,0.3333333333333333,1.3333333333333333,3.6,0,-2.5,41.5
HickJo00,Jordan Hicks,MIN,DAL,2022,11,0.0,0.0,LB,0.78,edge,0.2,0.4,1.6,1,-1.5,48.5
HuntDa01,Danielle Hunter,MIN,DAL,2022,11,0.0,1.0,LB,0.69,edge,1.0,2.6,1.6,1,-1.5,48.5
KendEr00,Eric Kendricks,MIN,DAL,2022,11,0.0,0.0,LB,0.89,edge,0.0,0.2,1.6,1,-1.5,48.5
BentJa00,Ja'Whaun Bentley,NE,NYJ,2022,11,0.0,2.0,LB,0.92,edge,0.2,0.6,2.2,0,3.5,38.5
JudoMa00,Matt Judon,NE,NYJ,2022,11,1.5,2.0,LB,0.82,edge,1.3,3.4,2.2,0,3.5,38.5
WiseDe00,Deatrich Wise Jr.,NE,NYJ,2022,11,1.0,2.0,DE,0.78,edge,0.9,3.4,2.2,0,3.5,38.5
DaviDe00,Demario Davis,NO,LA,2022,11,0.5,1.0,LB,1.0,edge,0.8,1.0,3.0,1,2.5,39.5
ElliKa00,Kaden Elliss,NO,LA,2022,11,1.5,2.0,LB,0.92,edge,1.0,1.0,3.0,1,2.5,39.5
GranCa01,Carl Granderson,NO,LA,2022,11,1.5,3.0,DE,0.77,edge,,,3.0,1,2.5,39.5
KpasTa00,Tanoh Kpassagnon,NO,LA,2022,11,0.5,1.0,DE,0.64,edge,,,3.0,1,2.5,39.5
LawrDe03,Dexter Lawrence,NYG,DET,2022,11,0.0,2.0,DT,0.88,interior,0.6,2.0,2.0,0,3.0,44.0
SmitJa05,Jaylon Smith,NYG,DET,2022,11,0.0,1.0,LB,0.87,edge,0.0,0.25,2.0,0,3.0,44.0
ThibKa00,Kayvon Thibodeaux,NYG,DET,2022,11,0.0,0.0,LB,0.69,edge,0.2,1.4,2.0,0,3.0,44.0
WardJi02,Jihad Ward,NYG,DET,2022,11,0.0,1.0,LB,0.64,edge,0.4,1.4,2.0,0,3.0,44.0
WillLe02,Leonard Williams,NYG,DET,2022,11,0.0,1.0,DT,0.85,interior,0.375,2.5,2.0,0,3.0,44.0
MoslC.00,C.J. Mosley,NYJ,NE,2022,11,0.0,0.0,LB,1.0,edge,0.2,0.2,2.6,0,-3.5,38.5
WillQu00,Quinnen Williams,NYJ,NE,2022,11,1.0,1.0,NT,0.68,interior,0.9,2.4,2.6,0,-3.5,38.5
WillQu01,Quincy Williams,NYJ,NE,2022,11,1.0,2.0,LB,0.65,edge,0.0,0.2,2.6,0,-3.5,38.5
CoxxFl00,Fletcher Cox,PHI,IND,2022,11,0.0,1.0,DT,0.74,interior,0.2,2.0,3.0,1,6.5,45.5
EdwaTJ02,T.J. Edwards,PHI,IND,2022,11,0.0,1.0,LB,0.97,edge,0.0,0.2,3.0,1,6.5,45.5
ReddHa00,Haason Reddick,PHI,IND,2022,11,1.0,2.0,LB,0.77,edge,0.6,1.8,3.0,1,6.5,45.5
WhitKy00,Kyzir White,PHI,IND,2022,11,0.0,0.0,LB,0.86,edge,0.0,0.0,3.0,1,6.5,45.5
HeywCa01,Cameron Heyward,PIT,CIN,2022,11,1.0,2.0,DT,0.79,interior,0.5,1.25,3.2,0,-3.5,39.0
HighAl02,Alex Highsmith,PIT,CIN,2022,11,0.5,3.0,LB,0.85,edge,0.6,0.6,3.2,0,-3.5,39.0
JackMy00,Myles Jack,PIT,CIN,2022,11,0.0,0.0,LB,0.62,edge,0.0,0.2,3.2,0,-3.5,39.0
WattT.00,T.J. Watt,PIT,CIN,2022,11,0.5,2.0,LB,0.82,edge,0.5,1.0,3.2,0,-3.5,39.0
BosaNi00,Nick Bosa,SF,ARI,2022,11,1.0,3.0,DE,0.7,edge,1.3,4.2,3.6,0,10.0,43.5
GreeDr00,Dre Greenlaw,SF,ARI,2022,11,0.0,0.0,LB,0.82,edge,0.0,0.2,3.6,0,10.0,43.5
WarnFr00,Fred Warner,SF,ARI,2022,11,1.0,1.0,LB,0.86,edge,0.2,1.0,3.6,0,10.0,43.5
LongDa04,David Long,TEN,GB,2022,11,0.0,0.0,LB,1.0,edge,0.0,0.8,1.8,0,-3.0,40.5
SimmJe01,Jeffery Simmons,TEN,GB,2022,11,1.0,1.0,DT,0.89,interior,0.7,1.8,1.8,0,-3.0,40.5
AlleJo01,Jonathan Allen,WAS,HOU,2022,11,2.0,5.0,DT,0.8,interior,0.5,2.0,2.4,1,3.0,41.0
BostJo00,Jonathan Bostic,WAS,HOU,2022,11,0.0,0.0,LB,0.75,edge,0.0,0.0,2.4,1,3.0,41.0
DaviJa11,Jamin Davis,WAS,HOU,2022,11,0.0,1.0,LB,1.0,edge,0.0,0.8,2.4,1,3.0,41.0
PaynDa00,Daron Payne,WAS,HOU,2022,11,1.0,1.0,DT,0.75,interior,0.6,1.4,2.4,1,3.0,41.0
AlleZa01,Zach Allen,ARI,LAC,2022,12,1.0,5.0,DE,0.79,edge,0.3,1.8,2.6,1,-2.5,48.5
CollZa00,Zaven Collins,ARI,LAC,2022,12,0.0,0.0,LB,1.0,edge,0.0,0.8,2.6,1,-2.5,48.5
GoldMa00,Markus Golden,ARI,LAC,2022,12,0.0,3.0,LB,0.76,edge,0.1,2.0,2.6,1,-2.5,48.5
SimmIs00,Isaiah Simmons,ARI,LAC,2022,12,1.0,1.0,LB,0.99,edge,0.4,0.6,2.6,1,-2.5,48.5
WattJ.00,J.J. Watt,ARI,LAC,2022,12,1.0,3.0,DE,0.8,edge,0.7,2.6,2.6,1,-2.5,48.5
CartLo01,Lorenzo Carter,ATL,WAS,2022,12,0.0,0.0,LB,0.85,edge,0.4,1.0,1.8,0,-3.5,40.5
EvanRa01,Rashaan Evans,ATL,WAS,2022,12,0.0,0.0,LB,1.0,edge,0.2,0.2,1.8,0,-3.5,40.5
JarrGr00,Grady Jarrett,ATL,WAS,2022,12,0.0,1.0,DT,0.76,interior,0.4,1.6,1.8,0,-3.5,40.5
WalkMy00,Mykal Walker,ATL,WAS,2022,12,0.0,0.0,LB,0.68,edge,0.0,0.2,1.8,0,-3.5,40.5
BowsTy00,Tyus Bowser,BAL,JAX,2022,12,1.0,1.0,LB,0.6,edge,0.0,1.0,2.2,0,3.5,43.0
CampCa99,Calais Campbell,BAL,JAX,2022,12,1.0,3.0,DE,0.62,edge,0.7,1.8,2.2,0,3.5,43.0
MaduJu00,Justin Madubuike,BAL,JAX,2022,12,0.0,1.0,DT,0.71,interior,1.0,1.3333333333333333,2.2,0,3.5,43.0
QueePa00,Patrick Queen,BAL,JAX,2022,12,0.0,1.0,LB,1.0,edge,0.5,0.8,2.2,0,3.5,43.0
SmitRo07,Roquan Smith,BAL,JAX,2022,12,0.0,0.0,LB,1.0,edge,0.6,0.6,2.2,0,3.5,43.0
BashCa00,Boogie Basham,BUF,DET,2022,12,0.0,1.0,DE,0.76,edge,,,1.6,1,10.0,54.0
KleiAJ00,A.J. Klein,BUF,DET,2022,12,0.0,0.0,LB,1.0,edge,,,1.6,1,10.0,54.0
MilaMa00,Matt Milano,BUF,DET,2022,12,0.0,3.0,LB,1.0,edge,0.2,0.6,1.6,1,10.0,54.0
OlivEd00,Ed Oliver,BUF,DET,2022,12,1.0,2.0,DT,0.65,interior,0.16666666666666666,3.0,1.6,1,10.0,54.0
BrowDe05,Derrick Brown,CAR,DEN,2022,12,0.0,2.0,DT,0.85,interior,0.2,1.8,3.4,0,-1.0,36.5
BurnBr00,Brian Burns,CAR,DEN,2022,12,2.0,4.0,DE,0.92,edge,0.8,2.0,3.4,0,-1.0,36.5
GrosYe00,Yetur Gross-Matos,CAR,DEN,2022,12,0.0,2.0,DE,0.65,edge,0.3,1.2,3.4,0,-1.0,36.5
LuvuFr00,Frankie Luvu,CAR,DEN,2022,12,0.0,1.0,LB,1.0,edge,0.8,1.0,3.4,0,-1.0,36.5
ThomSh01,Shaq Thompson,CAR,DEN,2022,12,0.0,1.0,LB,1.0,edge,0.0,0.0,3.4,0,-1.0,36.5
MorrNi00,Nicholas Morrow,CHI,NYJ,2022,12,0.0,0.0,LB,1.0,edge,0.0,0.4,2.6,0,-8.5,36.5
SanbJa00,Jack Sanborn,CHI,NYJ,2022,12,0.0,0.0,LB,1.0,edge,0.6666666666666666,1.0,2.6,0,-8.5,36.5
HendTr00,Trey Hendrickson,CIN,TEN,2022,12,0.0,2.0,DE,0.72,edge,0.4,3.4,2.4,0,1.0,43.0
HillB.00,B.J. Hill,CIN,TEN,2022,12,0.0,0.0,DT,0.79,interior,0.1,1.4,2.4,0,1.0,43.0
HubbSa00,Sam Hubbard,CIN,TEN,2022,12,1.0,2.0,DE,0.93,edge,0.5,2.2,2.4,0,1.0,43.0
PratGe00,Germaine Pratt,CIN,TEN,2022,12,0.0,0.0,LB,0.72,edge,0.2,0.4,2.4,0,1.0,43.0
ReadD.00,D.J. Reader,CIN,TEN,2022,12,0.0,1.0,NT,0.74,interior,0.0,2.0,2.4,0,1.0,43.0
WilsLo00,Logan Wilson,CIN,TEN,2022,12,0.0,0.0,LB,1.0,edge,0.0,0.8,2.4,0,1.0,43.0
BryaTa00,Taven Bryan,CLE,TB,2022,12,0.0,1.0,DT,0.74,interior,0.8333333333333334,1.0,1.4,0,-3.0,42.0
ClowJa00,Jadeveon Clowney,CLE,TB,2022,12,0.5,1.0,DE,0.77,edge,0.1,1.0,1.4,0,-3.0,42.0
GarrMy00,Myles Garrett,CLE,TB,2022,12,1.5,3.0,DE,0.94,edge,1.1,2.8,1.4,0,-3.0,42.0
OwusJe00,Jeremiah Owusu-Koramoah,CLE,TB,2022,12,0.0,0.0,LB,0.96,edge,0.0,0.4,1.4,0,-3.0,42.0
TakiSi00,Sione Takitaki,CLE,TB,2022,12,0.0,0.0,LB,0.72,edge,0.2,0.4,1.4,0,-3.0,42.0
ClarDa02,Damone Clark,DAL,NYG,2022,12,0.0,0.0,LB,0.72,edge,0.0,0.0,3.0,1,10.5,45.5
LawrDe00,DeMarcus Lawrence,DAL,NYG,2022,12,0.0,2.0,DE,0.63,edge,0.5,1.25,3.0,1,10.5,45.5
ParsMi00,Micah Parsons,DAL,NYG,2022,12,2.0,3.0,LB,0.67,edge,0.8,2.0,3.0,1,10.5,45.5
VandLe00,Leighton Vander Esch,DAL,NYG,2022,12,0.0,0.0,LB,0.88,edge,0.0,0.0,3.0,1,10.5,45.5
BrowBa01,Baron Browning,DEN,CAR,2022,12,0.0,1.0,LB,0.68,edge,0.3333333333333333,1.0,1.4,0,1.0,36.5
JeweJo00,Josey Jewell,DEN,CAR,2022,12,0.0,0.0,LB,1.0,edge,0.4,0.6,1.4,0,1.0,36.5
JoneDr00,Dre'Mont Jones,DEN,CAR,2022,12,0.0,1.0,DE,0.89,edge,0.6,1.6,1.4,0,1.0,36.5
AnzaAl00,Alex Anzalone,DET,BUF,2022,12,0.0,0.0,LB,1.0,edge,0.1,0.6,2.4,1,-10.0,54.0
ComiJo00,John Cominsky,DET,BUF,2022,12,0.0,4.0,DT,0.82,interior,0.5,1.0,2.4,1,-10.0,54.0
HutcAi00,Aidan Hutchinson,DET,BUF,2022,12,0.0,2.0,DE,0.79,edge,0.5,1.8,2.4,1,-10.0,54.0
BarnKr00,Krys Barnes,GB,PHI,2022,12,0.0,0.0,LB,0.64,edge,1.0,1.0,3.0,0,-6.5,46.0
EnagKi00,Kingsley Enagbare,GB,PHI,2022,12,0.0,1.0,LB,0.66,edge,0.0,1.0,3.0,0,-6.5,46.0
SmitPr00,Preston Smith,GB,PHI,2022,12,0.5,1.0,LB,0.74,edge,0.3,1.4,3.0,0,-6.5,46.0
WalkQu00,Quay Walker,GB,PHI,2022,12,0.0,1.0,LB,1.0,edge,0.1,0.8,3.0,0,-6.5,46.0
KirkCh00,Christian Kirksey,HOU,MIA,2022,12,1.0,2.0,LB,1.0,edge,0.1,0.6,1.8,0,-14.0,47.0
ReevJa00,Jalen Reeves-Maybin,HOU,MIA,2022,12,0.0,0.0,LB,0.67,edge,,,1.8,0,-14.0,47.0
BuckDe00,DeForest Buckner,IND,PIT,2022,12,0.0,0.0,DT,0.75,interior,0.7,2.2,3.6,1,2.5,40.0
FranZa00,Zaire Franklin,IND,PIT,2022,12,0.0,0.0,LB,1.0,edge,0.2,0.4,3.6,1,2.5,40.0
NgakYa00,Yannick Ngakoue,IND,PIT,2022,12,2.0,3.0,DE,0.77,edge,0.8,2.4,3.6,1,2.5,40.0
OdeyDa00,Dayo Odeyingbo,IND,PIT,2022,12,0.0,1.0,DE,0.75,edge,0.0,1.5,3.6,1,2.5,40.0
OkerBo00,Bobby Okereke,IND,PIT,2022,12,0.0,0.0,LB,0.8,edge,0.0,0.2,3.6,1,2.5,40.0
StewGr00,Grover Stewart,IND,PIT,2022,12,0.0,0.0,DT,0.71,interior,0.4,0.8,3.6,1,2.5,40.0
AlleJo03,Josh Allen,JAX,BAL,2022,12,0.0,6.0,LB,0.69,edge,0.0,1.6,2.8,0,-3.5,43.0
MumaCh00,Chad Muma,JAX,BAL,2022,12,0.0,0.0,LB,1.0,edge,,,2.8,0,-3.5,43.0
OluoFo00,Foyesade Oluokun,JAX,BAL,2022,12,0.0,0.0,LB,1.0,edge,0.0,0.2,2.8,0,-3.5,43.0
WalkTr03,Travon Walker,JAX,BAL,2022,12,0.0,1.0,LB,0.75,edge,0.3,1.4,2.8,0,-3.5,43.0
BoltNi00,Nick Bolton,KC,LA,2022,12,0.0,0.0,LB,1.0,edge,0.0,0.2,2.8,0,16.5,42.0
ClarFr01,Frank Clark,KC,LA,2022,12,0.0,5.0,DE,0.8,edge,0.5,1.0,2.8,0,16.5,42.0
DannMi00,Michael Danna,KC,LA,2022,12,0.0,3.0,DE,0.61,edge,0.0,1.0,2.8,0,16.5,42.0
GayJWi00,Willie Gay Jr.,KC,LA,2022,12,0.0,0.0,LB,0.87,edge,0.4,0.6,2.8,0,16.5,42.0
JoneCh09,Chris Jones,KC,LA,2022,12,1.0,1.0,DT,0.87,interior,1.4,2.4,2.8,0,16.5,42.0
KarlGe00,George Karlaftis III,KC,LA,2022,12,1.0,1.0,DE,0.69,edge,0.1,1.0,2.8,0,16.5,42.0
DonaAa00,Aaron Donald,LA,KC,2022,12,0.0,2.0,DT,0.79,interior,0.6,1.8,1.8,0,-16.5,42.0
FloyLe00,Leonard Floyd,LA,KC,2022,12,0.0,3.0,LB,0.97,edge,1.0,1.4,1.8,0,-16.5,42.0
GainGr00,Greg Gaines,LA,KC,2022,12,0.0,1.0,NT,0.88,interior,1.0,1.5,1.8,0,-16.5,42.0
HoecMi00,Michael Hoecht,LA,KC,2022,12,0.0,1.0,DT,0.84,interior,,,1.8,0,-16.5,42.0
JoneEr01,Ernest Jones,LA,KC,2022,12,0.0,1.0,LB,0.64,edge,0.0,0.0,1.8,0,-16.5,42.0
WagnBo00,Bobby Wagner,LA,KC,2022,12,0.0,1.0,LB,1.0,edge,0.2,0.4,1.8,0,-16.5,42.0
MackKh00,Khalil Mack,LAC,ARI,2022,12,0.0,1.0,LB,0.92,edge,0.4,0.8,3.0,1,2.5,48.5
MurrKe00,Kenneth Murray,LAC,ARI,2022,12,0.0,0.0,LB,0.85,edge,0.0,0.0,3.0,1,2.5,48.5
TranDr00,Drue Tranquill,LAC,ARI,2022,12,0.0,0.0,LB,1.0,edge,0.6,1.0,3.0,1,2.5,48.5
VanNKy00,Kyle Van Noy,LAC,ARI,2022,12,0.0,0.0,LB,0.92,edge,0.0,0.6,3.0,1,2.5,48.5
BrowJa06,Jayon Brown,LV,SEA,2022,12,0.0,0.0,LB,0.85,edge,0.0,0.2,3.0,0,-4.0,47.5
CrosMa00,Maxx Crosby,LV,SEA,2022,12,1.5,6.0,DE,1.0,edge,1.0,2.2,3.0,0,-4.0,47.5
NichBi00,Bilal Nichols,LV,SEA,2022,12,0.5,1.0,DT,0.68,interior,0.0,1.6,3.0,0,-4.0,47.5
PerrDe00,Denzel Perryman,LV,SEA,2022,12,0.0,0.0,LB,0.83,edge,0.25,1.5,3.0,0,-4.0,47.5
ChubBr00,Bradley Chubb,MIA,HOU,2022,12,1.0,2.0,LB,0.62,edge,0.1,1.4,3.2,0,14.0,47.0
PhilJa02,Jaelan Phillips,MIA,HOU,2022,12,1.0,2.0,LB,0.62,edge,0.5,2.6,3.2,0,14.0,47.0
HickJo00,Jordan Hicks,MIN,NE,2022,12,1.0,1.0,LB,0.96,edge,0.2,0.4,3.8,1,2.5,42.5
HuntDa01,Danielle Hunter,MIN,NE,2022,12,1.0,2.0,LB,0.91,edge,0.8,2.6,3.8,1,2.5,42.5
KendEr00,Eric Kendricks,MIN,NE,2022,12,0.0,0.0,LB,1.0,edge,0.0,0.2,3.8,1,2.5,42.5
SmitZa00,Za'Darius Smith,MIN,NE,2022,12,0.0,1.0,LB,0.85,edge,1.3,3.6,3.8,1,2.5,42.5
BentJa00,Ja'Whaun Bentley,NE,MIN,2022,12,0.0,0.0,LB,0.81,edge,0.2,1.0,3.8,1,-2.5,42.5
GodcDa00,Davon Godchaux,NE,MIN,2022,12,0.0,1.0,NT,0.67,interior,,,3.8,1,-2.5,42.5
GuyxLa00,Lawrence Guy,NE,MIN,2022,12,0.0,0.0,DT,0.72,interior,0.0,1.0,3.8,1,-2.5,42.5
JudoMa00,Matt Judon,NE,MIN,2022,12,0.0,2.0,LB,0.87,edge,1.4,3.4,3.8,1,-2.5,42.5
DaviDe00,Demario Davis,NO,SF,2022,12,0.0,0.0,LB,1.0,edge,0.5,0.8,1.8,0,-9.5,44.0
ElliKa00,Kaden Elliss,NO,SF,2022,12,0.0,0.0,LB,1.0,edge,1.25,1.5,1.8,0,-9.5,44.0
LawrDe03,Dexter Lawrence,NYG,DAL,2022,12,0.0,1.0,DT,0.84,interior,0.4,2.0,1.0,1,-10.5,45.5
McFaMi01,Micah McFadden,NYG,DAL,2022,12,0.0,0.0,LB,0.64,edge,,,1.0,1,-10.5,45.5
SmitJa05,Jaylon Smith,NYG,DAL,2022,12,0.0,0.0,LB,0.91,edge,0.0,0.4,1.0,1,-10.5,45.5
ThibKa00,Kayvon Thibodeaux,NYG,DAL,2022,12,0.0,6.0,LB,0.73,edge,0.2,1.2,1.0,1,-10.5,45.5
WardJi02,Jihad Ward,NYG,DAL,2022,12,0.0,1.0,LB,0.64,edge,0.2,1.2,1.0,1,-10.5,45.5
WillLe02,Leonard Williams,NYG,DAL,2022,12,0.0,1.0,DT,0.84,interior,0.3,2.2,1.0,1,-10.5,45.5
XimiOs00,Oshane Ximines,NYG,DAL,2022,12,0.0,1.0,LB,0.6,edge,0.3333333333333333,1.6666666666666667,1.0,1,-10.5,45.5
MoslC.00,C.J. Mosley,NYJ,CHI,2022,12,0.0,1.0,LB,1.0,edge,0.2,0.2,3.4,0,8.5,36.5
WillQu00,Quinnen Williams,NYJ,CHI,2022,12,0.0,1.0,NT,0.68,interior,1.0,2.2,3.4,0,8.5,36.5
WillQu01,Quincy Williams,NYJ,CHI,2022,12,0.0,0.0,LB,0.75,edge,0.2,0.6,3.4,0,8.5,36.5
CoxxFl00,Fletcher Cox,PHI,GB,2022,12,1.0,1.0,DT,0.63,interior,0.0,1.8,1.2,0,6.5,46.0
EdwaTJ02,T.J. Edwards,PHI,GB,2022,12,0.0,0.0,LB,1.0,edge,0.0,0.4,1.2,0,6.5,46.0
ReddHa00,Haason Reddick,PHI,GB,2022,12,0.5,2.0,LB,0.76,edge,0.6,1.6,1.2,0,6.5,46.0
WhitKy00,Kyzir White,PHI,GB,2022,12,0.0,0.0,LB,0.67,edge,0.0,0.0,1.2,0,6.5,46.0
BushDe01,Devin Bush Jr.,PIT,IND,2022,12,0.0,0.0,LB,1.0,edge,0.0,0.0,3.8,1,-2.5,40.0
HeywCa01,Cameron Heyward,PIT,IND,2022,12,0.0,4.0,DT,0.69,interior,0.6,1.4,3.8,1,-2.5,40.0
HighAl02,Alex Highsmith,PIT,IND,2022,12,1.0,2.0,LB,0.8,edge,0.7,1.2,3.8,1,-2.5,40.0
JackMy00,Myles Jack,PIT,IND,2022,12,0.0,0.0,LB,0.69,edge,0.0,0.0,3.8,1,-2.5,40.0
WattT.00,T.J. Watt,PIT,IND,2022,12,0.0,1.0,LB,0.86,edge,0.5,1.3333333333333333,3.8,1,-2.5,40.0
BartCo00,Cody Barton,SEA,LV,2022,12,0.0,0.0,LB,0.73,edge,0.0,0.0,2.0,0,4.0,47.5
BrooJo01,Jordyn Brooks,SEA,LV,2022,12,0.0,0.0,LB,1.0,edge,0.0,0.2,2.0,0,4.0,47.5
IrviBr00,Bruce Irvin,SEA,LV,2022,12,0.0,1.0,LB,0.69,edge,0.0,1.0,2.0,0,4.0,47.5
NwosUc00,Uchenna Nwosu,SEA,LV,2022,12,0.0,1.0,LB,0.73,edge,1.0,1.6,2.0,0,4.0,47.5
BosaNi00,Nick Bosa,SF,NO,2022,12,1.0,2.0,DE,0.79,edge,1.3,3.8,2.0,0,9.5,44.0
EbukSa00,Samson Ebukam,SF,NO,2022,12,0.0,2.0,DE,0.61,edge,0.16666666666666666,1.0,2.0,0,9.5,44.0
GreeDr00,Dre Greenlaw,SF,NO,2022,12,0.0,0.0,LB,1.0,edge,0.0,0.2,2.0,0,9.5,44.0
WarnFr00,Fred Warner,SF,NO,2022,12,0.0,1.0,LB,1.0,edge,0.3,0.8,2.0,0,9.5,44.0
DaviLa00,Lavonte David,TB,CLE,2022,12,0.0,0.0,LB,1.0,edge,0.0,0.0,2.8,0,3.0,42.0
HickAk00,Akiem Hicks,TB,CLE,2022,12,0.0,0.0,DT,0.72,interior,0.0,1.0,2.8,0,3.0,42.0
TryoJo00,Joe Tryon-Shoyinka,TB,CLE,2022,12,0.0,0.0,LB,0.77,edge,0.4,1.4,2.8,0,3.0,42.0
VeaxVi00,Vita Vea,TB,CLE,2022,12,0.0,1.0,NT,0.61,interior,1.0,1.6,2.8,0,3.0,42.0
WhitDe02,Devin White,TB,CLE,2022,12,0.5,1.0,LB,1.0,edge,0.4,1.2,2.8,0,3.0,42.0
ColeDy00,Dylan Cole,TEN,CIN,2022,12,0.0,0.0,LB,0.79,edge,,,3.0,0,-1.0,43.0
DuprAl00,Bud Dupree,TEN,CIN,2022,12,0.0,2.0,LB,0.81,edge,1.0,2.3333333333333335,3.0,0,-1.0,43.0
LongDa04,David Long,TEN,CIN,2022,12,0.0,0.0,LB,0.94,edge,0.0,0.8,3.0,0,-1.0,43.0
SimmJe01,Jeffery Simmons,TEN,CIN,2022,12,0.0,0.0,DT,0.9,interior,0.9,1.6,3.0,0,-1.0,43.0
AlleJo01,Jonathan Allen,WAS,ATL,2022,12,0.0,1.0,DT,0.9,interior,0.8,2.4,2.4,0,3.5,40.5
DaviJa11,Jamin Davis,WAS,ATL,2022,12,0.0,0.0,LB,1.0,edge,0.0,1.0,2.4,0,3.5,40.5
PaynDa00,Daron Payne,WAS,ATL,2022,12,0.0,0.0,DT,0.88,interior,0.6,1.2,2.4,0,3.5,40.5
SmitJa08,James Smith-Williams,WAS,ATL,2022,12,0.0,1.0,DE,0.63,edge,0.3333333333333333,2.0,2.4,0,3.5,40.5
SweaMo00,Montez Sweat,WAS,ATL,2022,12,1.0,2.0,DE,0.72,edge,0.4,2.4,2.4,0,3.5,40.5
CartLo01,Lorenzo Carter,ATL,PIT,2022,13,0.0,2.0,LB,0.74,edge,0.2,0.8,3.8,1,-1.0,43.0
EvanRa01,Rashaan Evans,ATL,PIT,2022,13,0.0,1.0,LB,1.0,edge,0.2,0.2,3.8,1,-1.0,43.0
JarrGr00,Grady Jarrett,ATL,PIT,2022,13,0.0,1.0,DT,0.71,interior,0.4,1.4,3.8,1,-1.0,43.0
OgunAd01,Adetokunbo Ogundeji,ATL,PIT,2022,13,0.0,0.0,LB,0.6,edge,,,3.8,1,-1.0,43.0
WalkMy00,Mykal Walker,ATL,PIT,2022,13,0.0,0.0,LB,0.74,edge,0.0,0.2,3.8,1,-1.0,43.0
BowsTy00,Tyus Bowser,BAL,DEN,2022,13,0.0,1.0,LB,0.64,edge,0.3333333333333333,1.0,3.2,0,9.5,40.5
CampCa99,Calais Campbell,BAL,DEN,2022,13,0.0,0.0,DE,0.64,edge,0.9,2.0,3.2,0,9.5,40.5
HousJu00,Justin Houston,BAL,DEN,2022,13,0.0,1.0,LB,0.72,edge,1.5,3.6666666666666665,3.2,0,9.5,40.5
QueePa00,Patrick Queen,BAL,DEN,2022,13,0.0,0.0,LB,0.83,edge,0.3,0.8,3.2,0,9.5,40.5
SmitRo07,Roquan Smith,BAL,DEN,2022,13,0.0,2.0,LB,0.96,edge,0.4,0.4,3.2,0,9.5,40.5
EdmuTr01,Tremaine Edmunds,BUF,NE,2022,13,0.0,0.0,LB,1.0,edge,0.0,0.2,4.0,0,3.5,43.5
LawsSh00,Shaq Lawson,BUF,NE,2022,13,0.0,1.0,DE,0.61,edge,,,4.0,0,3.5,43.5
MilaMa00,Matt Milano,BUF,NE,2022,13,0.0,0.0,LB,1.0,edge,0.2,1.2,4.0,0,3.5,43.5
RousGr00,Gregory Rousseau,BUF,NE,2022,13,0.0,2.0,DE,0.63,edge,1.25,2.5,4.0,0,3.5,43.5
MorrNi00,Nicholas Morrow,CHI,GB,2022,13,0.0,0.0,LB,1.0,edge,0.0,0.4,1.8,0,-4.0,45.0
SanbJa00,Jack Sanborn,CHI,GB,2022,13,0.0,0.0,LB,1.0,edge,0.5,0.75,1.8,0,-4.0,45.0
HendTr00,Trey Hendrickson,CIN,KC,2022,13,0.0,4.0,DE,0.71,edge,0.4,3.6,1.2,0,-2.5,53.0
HillB.00,B.J. Hill,CIN,KC,2022,13,0.0,2.0,DT,0.71,interior,0.1,1.0,1.2,0,-2.5,53.0
HubbSa00,Sam Hubbard,CIN,KC,2022,13,1.0,2.0,DE,0.93,edge,0.7,2.4,1.2,0,-2.5,53.0
PratGe00,Germaine Pratt,CIN,KC,2022,13,0.0,0.0,LB,0.78,edge,0.0,0.2,1.2,0,-2.5,53.0
WilsLo00,Logan Wilson,CIN,KC,2022,13,0.0,1.0,LB,1.0,edge,0.0,0.8,1.2,0,-2.5,53.0
GarrMy00,Myles Garrett,CLE,HOU,2022,13,0.0,1.0,DE,0.71,edge,1.0,2.8,4.0,1,7.5,47.0
OwusJe00,Jeremiah Owusu-Koramoah,CLE,HOU,2022,13,0.0,0.0,LB,0.78,edge,0.0,0.4,4.0,1,7.5,47.0
TakiSi00,Sione Takitaki,CLE,HOU,2022,13,0.0,0.0,LB,0.72,edge,0.2,0.4,4.0,1,7.5,47.0
LawrDe00,DeMarcus Lawrence,DAL,IND,2022,13,0.0,2.0,DE,0.68,edge,0.4,1.4,3.8,1,11.0,44.5
ParsMi00,Micah Parsons,DAL,IND,2022,13,0.0,3.0,LB,0.71,edge,1.2,2.6,3.8,1,11.0,44.5
VandLe00,Leighton Vander Esch,DAL,IND,2022,13,0.0,0.0,LB,0.85,edge,0.0,0.0,3.8,1,11.0,44.5
BrowBa01,Baron Browning,DEN,BAL,2022,13,1.0,2.0,LB,0.69,edge,0.25,1.0,2.6,0,-9.5,40.5
JeweJo00,Josey Jewell,DEN,BAL,2022,13,0.0,1.0,LB,1.0,edge,0.2,0.2,2.6,0,-9.5,40.5
JoneDr00,Dre'Mont Jones,DEN,BAL,2022,13,0.0,1.0,DE,0.83,edge,0.6,1.4,2.6,0,-9.5,40.5
SingAl00,Alex Singleton,DEN,BAL,2022,13,0.0,0.0,LB,0.88,edge,0.0,1.4,2.6,0,-9.5,40.5
AnzaAl00,Alex Anzalone,DET,JAX,2022,13,0.0,0.0,LB,1.0,edge,0.0,0.4,2.2,1,1.0,51.5
HutcAi00,Aidan Hutchinson,DET,JAX,2022,13,0.5,1.0,DE,0.86,edge,0.2,1.6,2.2,1,1.0,51.5
CampDe00,De'Vondre Campbell,GB,CHI,2022,13,0.0,0.0,LB,1.0,edge,0.0,0.2,3.0,0,4.0,45.0
ReedJa02,Jarran Reed,GB,CHI,2022,13,0.0,1.0,DT,0.69,interior,0.2,1.8,3.0,0,4.0,45.0
SmitPr00,Preston Smith,GB,CHI,2022,13,0.0,0.0,LB,0.79,edge,0.4,1.4,3.0,0,4.0,45.0
WalkQu00,Quay Walker,GB,CHI,2022,13,0.0,0.0,LB,1.0,edge,0.1,1.0,3.0,0,4.0,45.0
HarrCh06,Christian Harris,HOU,CLE,2022,13,0.0,0.0,LB,1.0,edge,0.0,0.0,3.0,1,-7.5,47.0
KirkCh00,Christian Kirksey,HOU,CLE,2022,13,0.0,0.0,LB,1.0,edge,0.3,1.0,3.0,1,-7.5,47.0
FranZa00,Zaire Franklin,IND,DAL,2022,13,0.0,0.0,LB,1.0,edge,0.2,0.4,1.0,1,-11.0,44.5
NgakYa00,Yannick Ngakoue,IND,DAL,2022,13,0.0,2.0,DE,0.76,edge,1.0,2.4,1.0,1,-11.0,44.5
OkerBo00,Bobby Okereke,IND,DAL,2022,13,0.0,0.0,LB,0.84,edge,0.0,0.2,1.0,1,-11.0,44.5
PayeKw00,Kwity Paye,IND,DAL,2022,13,1.0,2.0,DE,0.68,edge,1.0,2.0,1.0,1,-11.0,44.5
AlleJo03,Josh Allen,JAX,DET,2022,13,0.0,0.0,LB,0.67,edge,0.0,2.4,1.0,1,-1.0,51.5
MumaCh00,Chad Muma,JAX,DET,2022,13,1.5,2.0,LB,0.76,edge,0.0,0.0,1.0,1,-1.0,51.5
OluoFo00,Foyesade Oluokun,JAX,DET,2022,13,0.0,1.0,LB,1.0,edge,0.0,0.0,1.0,1,-1.0,51.5
WalkTr03,Travon Walker,JAX,DET,2022,13,0.0,2.0,LB,0.72,edge,0.3,1.2,1.0,1,-1.0,51.5
BoltNi00,Nick Bolton,KC,CIN,2022,13,0.0,0.0,LB,1.0,edge,0.0,0.2,2.6,0,2.5,53.0
GayJWi00,Willie Gay Jr.,KC,CIN,2022,13,0.0,0.0,LB,0.72,edge,0.4,0.6,2.6,0,2.5,53.0
FloyLe00,Leonard Floyd,LA,SEA,2022,13,0.0,3.0,LB,0.94,edge,1.0,2.0,2.6,1,-7.0,41.0
GainGr00,Greg Gaines,LA,SEA,2022,13,0.0,2.0,NT,0.75,interior,0.6666666666666666,1.3333333333333333,2.6,1,-7.0,41.0
HoecMi00,Michael Hoecht,LA,SEA,2022,13,2.0,3.0,DT,0.84,interior,0.0,1.0,2.6,1,-7.0,41.0
JoneEr01,Ernest Jones,LA,SEA,2022,13,0.0,1.0,LB,0.69,edge,0.0,0.2,2.6,1,-7.0,41.0
WagnBo00,Bobby Wagner,LA,SEA,2022,13,2.0,2.0,LB,1.0,edge,0.2,0.6,2.6,1,-7.0,41.0
FoxxMo00,Morgan Fox,LAC,LV,2022,13,0.0,2.0,DE,0.66,edge,0.0,0.0,2.0,1,-2.5,49.0
JoseSe00,Sebastian Joseph-Day,LAC,LV,2022,13,0.0,1.0,NT,0.7,interior,0.2,1.0,2.0,1,-2.5,49.0
MackKh00,Khalil Mack,LAC,LV,2022,13,0.0,1.0,LB,0.87,edge,0.2,0.6,2.0,1,-2.5,49.0
MurrKe00,Kenneth Murray,LAC,LV,2022,13,0.0,0.0,LB,0.75,edge,0.0,0.0,2.0,1,-2.5,49.0
TranDr00,Drue Tranquill,LAC,LV,2022,13,0.0,0.0,LB,0.95,edge,0.2,0.2,2.0,1,-2.5,49.0
VanNKy00,Kyle Van Noy,LAC,LV,2022,13,0.0,0.0,LB,0.82,edge,0.0,0.6,2.0,1,-2.5,49.0
BrowJa06,Jayon Brown,LV,LAC,2022,13,0.0,0.0,LB,0.67,edge,0.0,0.2,3.0,1,2.5,49.0
CrosMa00,Maxx Crosby,LV,LAC,2022,13,0.0,3.0,DE,0.97,edge,0.9,2.8,3.0,1,2.5,49.0
JoneCh03,Chandler Jones,LV,LAC,2022,13,3.0,5.0,DE,0.88,edge,0.1,0.8,3.0,1,2.5,49.0
NichBi00,Bilal Nichols,LV,LAC,2022,13,0.0,1.0,DT,0.75,interior,0.1,1.6,3.0,1,2.5,49.0
PerrDe00,Denzel Perryman,LV,LAC,2022,13,0.0,1.0,LB,0.8,edge,0.2,1.2,3.0,1,2.5,49.0
TillJe00,Jerry Tillery,LV,LAC,2022,13,0.0,3.0,DT,0.73,interior,,,3.0,1,2.5,49.0
BakeJe00,Jerome Baker,MIA,SF,2022,13,0.5,2.0,LB,0.88,edge,0.0,0.0,2.0,0,-4.5,46.0
PhilJa02,Jaelan Phillips,MIA,SF,2022,13,0.5,3.0,LB,0.65,edge,0.6,2.2,2.0,0,-4.5,46.0
RobeEl00,Elandon Roberts,MIA,SF,2022,13,0.0,0.0,LB,0.67,edge,0.3,0.4,2.0,0,-4.5,46.0
SielZa00,Zach Sieler,MIA,SF,2022,13,0.5,2.0,DT,0.9,interior,0.25,1.25,2.0,0,-4.5,46.0
HickJo00,Jordan Hicks,MIN,NYJ,2022,13,0.0,0.0,LB,0.8,edge,0.2,0.2,2.4,1,3.0,44.0
HuntDa01,Danielle Hunter,MIN,NYJ,2022,13,0.0,1.0,LB,0.79,edge,0.8,2.2,2.4,1,3.0,44.0
KendEr00,Eric Kendricks,MIN,NYJ,2022,13,0.0,0.0,LB,1.0,edge,0.0,0.2,2.4,1,3.0,44.0
PhilHa00,Harrison Phillips,MIN,NYJ,2022,13,0.0,1.0,DT,0.62,interior,0.375,1.5,2.4,1,3.0,44.0
SmitZa00,Za'Darius Smith,MIN,NYJ,2022,13,0.0,2.0,LB,0.75,edge,1.2,3.4,2.4,1,3.0,44.0
TomlDa00,Dalvin Tomlinson,MIN,NYJ,2022,13,0.0,2.0,DT,0.68,interior,0.375,1.25,2.4,1,3.0,44.0
BentJa00,Ja'Whaun Bentley,NE,BUF,2022,13,0.0,0.0,LB,0.87,edge,0.2,0.8,2.8,0,-3.5,43.5
GodcDa00,Davon Godchaux,NE,BUF,2022,13,0.0,1.0,NT,0.73,interior,0.0,1.0,2.8,0,-3.5,43.5
JudoMa00,Matt Judon,NE,BUF,2022,13,0.0,1.0,LB,0.8,edge,1.4,3.4,2.8,0,-3.5,43.5
DaviDe00,Demario Davis,NO,TB,2022,13,0.0,0.0,LB,1.0,edge,0.3,0.6,1.6,0,-3.5,41.0
ElliKa00,Kaden Elliss,NO,TB,2022,13,0.0,0.0,LB,0.95,edge,0.8333333333333334,1.0,1.6,0,-3.5,41.0
LawrDe03,Dexter Lawrence,NYG,WAS,2022,13,1.0,3.0,DT,0.91,interior,0.2,1.8,1.6,0,-2.5,40.0
McFaMi01,Micah McFadden,NYG,WAS,2022,13,0.0,0.0,LB,0.67,edge,0.0,0.0,1.6,0,-2.5,40.0
SmitJa05,Jaylon Smith,NYG,WAS,2022,13,0.0,0.0,LB,0.74,edge,0.0,0.4,1.6,0,-2.5,40.0
ThibKa00,Kayvon Thibodeaux,NYG,WAS,2022,13,1.0,2.0,LB,0.87,edge,0.2,2.2,1.6,0,-2.5,40.0
FranJo02,John Franklin-Myers,NYJ,MIN,2022,13,0.0,0.0,DE,0.63,edge,0.8333333333333334,3.0,3.4,1,-3.0,44.0
MoslC.00,C.J. Mosley,NYJ,MIN,2022,13,0.0,0.0,LB,1.0,edge,0.2,0.4,3.4,1,-3.0,44.0
WillQu00,Quinnen Williams,NYJ,MIN,2022,13,1.0,2.0,NT,0.72,interior,0.6,1.8,3.4,1,-3.0,44.0
WillQu01,Quincy Williams,NYJ,MIN,2022,13,0.0,2.0,LB,0.85,edge,0.2,0.4,3.4,1,-3.0,44.0
EdwaTJ02,T.J. Edwards,PHI,TEN,2022,13,0.0,0.0,LB,0.78,edge,0.0,0.4,2.2,0,5.0,44.5
ReddHa00,Haason Reddick,PHI,TEN,2022,13,1.0,4.0,LB,0.78,edge,0.7,1.6,2.2,0,5.0,44.5
WhitKy00,Kyzir White,PHI,TEN,2022,13,0.0,0.0,LB,0.73,edge,0.0,0.0,2.2,0,5.0,44.5
BushDe01,Devin Bush Jr.,PIT,ATL,2022,13,0.0,1.0,LB,0.87,edge,0.0,0.0,2.0,1,1.0,43.0
HeywCa01,Cameron Heyward,PIT,ATL,2022,13,1.0,3.0,DT,0.61,interior,0.6,2.2,2.0,1,1.0,43.0
HighAl02,Alex Highsmith,PIT,ATL,2022,13,0.0,0.0,LB,0.81,edge,0.7,1.4,2.0,1,1.0,43.0
WattT.00,T.J. Watt,PIT,ATL,2022,13,0.0,0.0,LB,0.87,edge,0.375,1.25,2.0,1,1.0,43.0
BartCo00,Cody Barton,SEA,LA,2022,13,0.0,0.0,LB,0.89,edge,0.0,0.0,3.2,1,7.0,41.0
BrooJo01,Jordyn Brooks,SEA,LA,2022,13,1.0,1.0,LB,0.98,edge,0.0,0.2,3.2,1,7.0,41.0
IrviBr00,Bruce Irvin,SEA,LA,2022,13,0.0,2.0,LB,0.69,edge,0.0,1.0,3.2,1,7.0,41.0
NwosUc00,Uchenna Nwosu,SEA,LA,2022,13,2.0,3.0,LB,0.84,edge,0.8,1.6,3.2,1,7.0,41.0
BosaNi00,Nick Bosa,SF,MIA,2022,13,3.0,5.0,DE,0.83,edge,1.1,2.6,1.6,0,4.5,46.0
GreeDr00,Dre Greenlaw,SF,MIA,2022,13,0.0,0.0,LB,1.0,edge,0.0,0.0,1.6,0,4.5,46.0
WarnFr00,Fred Warner,SF,MIA,2022,13,0.0,0.0,LB,1.0,edge,0.3,1.0,1.6,0,4.5,46.0
DaviLa00,Lavonte David,TB,NO,2022,13,1.0,1.0,LB,0.98,edge,0.0,0.0,2.2,0,3.5,41.0
NelsAn01,Anthony Nelson,TB,NO,2022,13,0.0,0.0,LB,0.69,edge,,,2.2,0,3.5,41.0
VeaxVi00,Vita Vea,TB,NO,2022,13,0.0,0.0,NT,0.63,interior,0.8,1.6,2.2,0,3.5,41.0
WhitDe02,Devin White,TB,NO,2022,13,0.0,0.0,LB,1.0,edge,0.5,1.4,2.2,0,3.5,41.0
ColeDy00,Dylan Cole,TEN,PHI,2022,13,0.0,0.0,LB,0.77,edge,0.0,0.0,2.6,0,-5.0,44.5
DuprAl00,Bud Dupree,TEN,PHI,2022,13,1.0,3.0,LB,0.62,edge,0.75,2.25,2.6,0,-5.0,44.5
SimmJe01,Jeffery Simmons,TEN,PHI,2022,13,0.0,1.0,DT,0.73,interior,0.6,1.0,2.6,0,-5.0,44.5
AlleJo01,Jonathan Allen,WAS,NYG,2022,13,1.0,1.0,DT,0.98,interior,0.6,2.4,2.8,0,2.5,40.0
DaviJa11,Jamin Davis,WAS,NYG,2022,13,0.0,0.0,LB,1.0,edge,0.0,0.6,2.8,0,2.5,40.0
PaynDa00,Daron Payne,WAS,NYG,2022,13,2.0,3.0,DT,0.89,interior,0.6,1.0,2.8,0,2.5,40.0
CollZa00,Zaven Collins,ARI,NE,2022,14,0.0,0.0,LB,1.0,edge,0.0,0.8,4.0,1,-2.0,44.0
GoldMa00,Markus Golden,ARI,NE,2022,14,0.0,0.0,LB,0.69,edge,0.1,2.2,4.0,1,-2.0,44.0
NiemBe00,Ben Niemann,ARI,NE,2022,14,0.0,0.0,LB,0.75,edge,0.0,0.0,4.0,1,-2.0,44.0
SimmIs00,Isaiah Simmons,ARI,NE,2022,14,0.0,0.0,LB,1.0,edge,0.6,0.8,4.0,1,-2.0,44.0
WattJ.00,J.J. Watt,ARI,NE,2022,14,0.0,1.0,DE,0.75,edge,0.9,3.2,4.0,1,-2.0,44.0
BowsTy00,Tyus Bowser,BAL,PIT,2022,14,1.0,2.0,LB,0.67,edge,0.25,1.0,3.4,0,-1.5,37.0
QueePa00,Patrick Queen,BAL,PIT,2022,14,0.0,1.0,LB,0.91,edge,0.1,0.4,3.4,0,-1.5,37.0
SmitRo07,Roquan Smith,BAL,PIT,2022,14,1.0,1.0,LB,0.95,edge,0.2,0.6,3.4,0,-1.5,37.0
EdmuTr01,Tremaine Edmunds,BUF,NYJ,2022,14,0.0,0.0,LB,1.0,edge,0.0,0.2,2.0,0,10.0,43.5
JoneDa04,DaQuan Jones,BUF,NYJ,2022,14,0.0,2.0,DT,0.73,interior,0.25,1.5,2.0,0,10.0,43.5
MilaMa00,Matt Milano,BUF,NYJ,2022,14,0.0,1.0,LB,1.0,edge,0.2,0.8,2.0,0,10.0,43.5
OlivEd00,Ed Oliver,BUF,NYJ,2022,14,0.0,1.0,DT,0.67,interior,0.375,2.75,2.0,0,10.0,43.5
BrowDe05,Derrick Brown,CAR,SEA,2022,14,0.0,0.0,DT,0.93,interior,0.2,1.8,3.0,0,-3.5,44.5
BurnBr00,Brian Burns,CAR,SEA,2022,14,0.5,1.0,DE,0.96,edge,1.0,2.0,3.0,0,-3.5,44.5
GrosYe00,Yetur Gross-Matos,CAR,SEA,2022,14,0.0,0.0,DE,0.89,edge,0.3,1.4,3.0,0,-3.5,44.5
LuvuFr00,Frankie Luvu,CAR,SEA,2022,14,1.0,3.0,LB,0.98,edge,0.8,1.2,3.0,0,-3.5,44.5
ThomSh01,Shaq Thompson,CAR,SEA,2022,14,0.5,1.0,LB,1.0,edge,0.0,0.2,3.0,0,-3.5,44.5
HillB.00,B.J. Hill,CIN,CLE,2022,14,0.0,1.0,DT,0.75,interior,0.1,1.2,2.2,0,4.5,47.0
HubbSa00,Sam Hubbard,CIN,CLE,2022,14,1.0,4.0,DE,0.88,edge,0.8,2.6,2.2,0,4.5,47.0
PratGe00,Germaine Pratt,CIN,CLE,2022,14,0.0,0.0,LB,0.81,edge,0.0,0.2,2.2,0,4.5,47.0
ReadD.00,D.J. Reader,CIN,CLE,2022,14,0.0,1.0,NT,0.61,interior,0.0,1.6666666666666667,2.2,0,4.5,47.0
WilsLo00,Logan Wilson,CIN,CLE,2022,14,0.5,1.0,LB,0.97,edge,0.0,0.6,2.2,0,4.5,47.0
ClowJa00,Jadeveon Clowney,CLE,CIN,2022,14,0.0,2.0,DE,0.7,edge,0.1,1.0,2.2,0,-4.5,47.0
ElliJo02,Jordan Elliott,CLE,CIN,2022,14,0.0,1.0,DT,0.61,interior,0.25,1.25,2.2,0,-4.5,47.0
GarrMy00,Myles Garrett,CLE,CIN,2022,14,2.0,3.0,DE,0.76,edge,0.8,2.8,2.2,0,-4.5,47.0
JoneDe01,Deion Jones,CLE,CIN,2022,14,0.0,0.0,LB,0.88,edge,0.75,1.0,2.2,0,-4.5,47.0
OwusJe00,Jeremiah Owusu-Koramoah,CLE,CIN,2022,14,0.0,0.0,LB,0.81,edge,0.0,0.4,2.2,0,-4.5,47.0
LawrDe00,DeMarcus Lawrence,DAL,HOU,2022,14,0.0,0.0,DE,0.65,edge,0.4,1.4,3.4,1,17.0,44.5
ParsMi00,Micah Parsons,DAL,HOU,2022,14,0.0,0.0,LB,0.73,edge,0.8,2.4,3.4,1,17.0,44.5
BrowBa01,Baron Browning,DEN,KC,2022,14,0.0,2.0,LB,0.66,edge,0.4,1.2,1.4,0,-8.5,44.5
JeweJo00,Josey Jewell,DEN,KC,2022,14,0.0,0.0,LB,1.0,edge,0.2,0.4,1.4,0,-8.5,44.5
JoneDr00,Dre'Mont Jones,DEN,KC,2022,14,1.0,1.0,DE,0.81,edge,0.2,1.0,1.4,0,-8.5,44.5
SingAl00,Alex Singleton,DEN,KC,2022,14,0.0,0.0,LB,0.87,edge,0.0,1.0,1.4,0,-8.5,44.5
AnzaAl00,Alex Anzalone,DET,MIN,2022,14,0.0,0.0,LB,0.97,edge,0.0,0.4,3.2,1,2.5,51.5
ComiJo00,John Cominsky,DET,MIN,2022,14,0.0,2.0,DT,0.83,interior,0.3333333333333333,2.0,3.2,1,2.5,51.5
HutcAi00,Aidan Hutchinson,DET,MIN,2022,14,1.0,3.0,DE,0.91,edge,0.3,1.6,3.2,1,2.5,51.5
HarrCh06,Christian Harris,HOU,DAL,2022,14,0.0,1.0,LB,0.99,edge,0.0,0.0,0.8,1,-17.0,44.5
KirkCh00,Christian Kirksey,HOU,DAL,2022,14,0.0,0.0,LB,1.0,edge,0.3,1.0,0.8,1,-17.0,44.5
AlleJo03,Josh Allen,JAX,TEN,2022,14,1.0,4.0,LB,0.72,edge,0.0,2.2,2.8,0,-3.0,42.0
LloyDe00,Devin Lloyd,JAX,TEN,2022,14,0.0,0.0,LB,1.0,edge,0.0,0.4,2.8,0,-3.0,42.0
OluoFo00,Foyesade Oluokun,JAX,TEN,2022,14,0.0,0.0,LB,1.0,edge,0.0,0.2,2.8,0,-3.0,42.0
BoltNi00,Nick Bolton,KC,DEN,2022,14,0.0,1.0,LB,1.0,edge,0.0,0.0,3.4,0,8.5,44.5
ClarFr01,Frank Clark,KC,DEN,2022,14,1.0,2.0,DE,0.82,edge,0.3,1.8,3.4,0,8.5,44.5
GayJWi00,Willie Gay Jr.,KC,DEN,2022,14,0.0,0.0,LB,0.63,edge,0.4,0.4,3.4,0,8.5,44.5
JoneCh09,Chris Jones,KC,DEN,2022,14,1.0,2.0,DT,0.69,interior,1.4,2.4,3.4,0,8.5,44.5
KarlGe00,George Karlaftis III,KC,DEN,2022,14,1.0,1.0,DE,0.61,edge,0.3,1.0,3.4,0,8.5,44.5
CopeMa01,Marquise Copeland,LA,LV,2022,14,0.0,1.0,DT,0.6,interior,,,1.2,1,-6.5,42.5
FloyLe00,Leonard Floyd,LA,LV,2022,14,0.0,0.0,LB,0.92,edge,0.6,2.2,1.2,1,-6.5,42.5
GainGr00,Greg Gaines,LA,LV,2022,14,0.0,1.0,NT,0.83,interior,0.5,1.5,1.2,1,-6.5,42.5
HoecMi00,Michael Hoecht,LA,LV,2022,14,0.0,1.0,DT,0.83,interior,1.0,2.0,1.2,1,-6.5,42.5
JoneEr01,Ernest Jones,LA,LV,2022,14,0.0,0.0,LB,0.7,edge,0.0,0.4,1.2,1,-6.5,42.5
WagnBo00,Bobby Wagner,LA,LV,2022,14,0.0,0.0,LB,1.0,edge,0.6,0.8,1.2,1,-6.5,42.5
FoxxMo00,Morgan Fox,LAC,MIA,2022,14,1.0,1.0,DE,0.73,edge,0.0,1.0,2.2,1,-3.0,54.5
MackKh00,Khalil Mack,LAC,MIA,2022,14,0.0,1.0,LB,0.9,edge,0.2,0.8,2.2,1,-3.0,54.5
MurrKe00,Kenneth Murray,LAC,MIA,2022,14,0.0,1.0,LB,0.96,edge,0.0,0.0,2.2,1,-3.0,54.5
TranDr00,Drue Tranquill,LAC,MIA,2022,14,0.0,1.0,LB,1.0,edge,0.2,0.2,2.2,1,-3.0,54.5
VanNKy00,Kyle Van Noy,LAC,MIA,2022,14,1.0,2.0,LB,0.92,edge,0.0,0.4,2.2,1,-3.0,54.5
CrosMa00,Maxx Crosby,LV,LA,2022,14,1.0,3.0,DE,0.97,edge,0.9,3.0,3.6,1,6.5,42.5
JoneCh03,Chandler Jones,LV,LA,2022,14,1.0,2.0,DE,0.88,edge,0.7,1.4,3.6,1,6.5,42.5
NichBi00,Bilal Nichols,LV,LA,2022,14,1.0,1.0,DT,0.77,interior,0.1,1.6,3.6,1,6.5,42.5
PerrDe00,Denzel Perryman,LV,LA,2022,14,0.0,0.0,LB,1.0,edge,0.0,1.2,3.6,1,6.5,42.5
BakeJe00,Jerome Baker,MIA,LAC,2022,14,1.0,1.0,LB,0.95,edge,0.1,0.4,3.4,1,3.0,54.5
ChubBr00,Bradley Chubb,MIA,LAC,2022,14,0.0,4.0,LB,0.63,edge,0.3,1.8,3.4,1,3.0,54.5
PhilJa02,Jaelan Phillips,MIA,LAC,2022,14,1.0,3.0,LB,0.74,edge,0.4,2.2,3.4,1,3.0,54.5
SielZa00,Zach Sieler,MIA,LAC,2022,14,0.0,1.0,DT,0.84,interior,0.3,1.4,3.4,1,3.0,54.5
WilkCh00,Christian Wilkins,MIA,LAC,2022,14,1.0,2.0,DT,0.83,interior,0.375,2.25,3.4,1,3.0,54.5
HickJo00,Jordan Hicks,MIN,DET,2022,14,0.0,0.0,LB,0.67,edge,0.2,0.2,1.2,1,-2.5,51.5
HuntDa01,Danielle Hunter,MIN,DET,2022,14,0.0,1.0,LB,0.67,edge,0.8,2.0,1.2,1,-2.5,51.5
KendEr00,Eric Kendricks,MIN,DET,2022,14,0.0,0.0,LB,1.0,edge,0.0,0.2,1.2,1,-2.5,51.5
SmitZa00,Za'Darius Smith,MIN,DET,2022,14,0.0,3.0,LB,0.64,edge,0.8,3.0,1.2,1,-2.5,51.5
TomlDa00,Dalvin Tomlinson,MIN,DET,2022,14,0.0,1.0,DT,0.61,interior,0.3,1.4,1.2,1,-2.5,51.5
BentJa00,Ja'Whaun Bentley,NE,ARI,2022,14,0.0,0.0,LB,0.8,edge,0.2,0.8,2.8,1,2.0,44.0
JudoMa00,Matt Judon,NE,ARI,2022,14,1.5,2.0,LB,0.72,edge,0.9,2.6,2.8,1,2.0,44.0
UcheJo00,Josh Uche,NE,ARI,2022,14,3.0,4.0,LB,0.64,edge,,,2.8,1,2.0,44.0
WiseDe00,Deatrich Wise Jr.,NE,ARI,2022,14,0.0,1.0,DE,0.64,edge,0.5,3.2,2.8,1,2.0,44.0
LawrDe03,Dexter Lawrence,NYG,PHI,2022,14,0.0,1.0,DT,0.72,interior,0.4,2.4,2.4,0,-7.5,44.5
OjulAz00,Azeez Ojulari,NYG,PHI,2022,14,2.0,2.0,LB,0.6,edge,,,2.4,0,-7.5,44.5
SmitJa05,Jaylon Smith,NYG,PHI,2022,14,0.0,0.0,LB,0.84,edge,0.0,0.4,2.4,0,-7.5,44.5
ThibKa00,Kayvon Thibodeaux,NYG,PHI,2022,14,0.0,0.0,LB,0.81,edge,0.2,2.4,2.4,0,-7.5,44.5
MoslC.00,C.J. Mosley,NYJ,BUF,2022,14,0.0,0.0,LB,1.0,edge,0.2,0.4,2.8,0,-10.0,43.5
RankSh00,Sheldon Rankins,NYJ,BUF,2022,14,1.0,1.0,DT,0.75,interior,1.0,1.0,2.8,0,-10.0,43.5
WillQu01,Quincy Williams,NYJ,BUF,2022,14,0.0,0.0,LB,0.86,edge,0.2,0.8,2.8,0,-10.0,43.5
EdwaTJ02,T.J. Edwards,PHI,NYG,2022,14,0.0,0.0,LB,0.75,edge,0.0,0.2,3.4,0,7.5,44.5
ReddHa00,Haason Reddick,PHI,NYG,2022,14,1.0,2.0,LB,0.86,edge,0.7,2.2,3.4,0,7.5,44.5
BushDe01,Devin Bush Jr.,PIT,BAL,2022,14,0.0,0.0,LB,0.84,edge,0.0,0.2,2.8,0,1.5,37.0
HeywCa01,Cameron Heyward,PIT,BAL,2022,14,0.0,2.0,DT,0.89,interior,0.8,2.6,2.8,0,1.5,37.0
HighAl02,Alex Highsmith,PIT,BAL,2022,14,0.0,2.0,LB,0.92,edge,0.7,1.4,2.8,0,1.5,37.0
OgunLa00,Larry Ogunjobi,PIT,BAL,2022,14,0.0,0.0,DT,0.62,interior,0.125,1.5,2.8,0,1.5,37.0
WattT.00,T.J. Watt,PIT,BAL,2022,14,1.0,1.0,LB,0.89,edge,0.3,1.0,2.8,0,1.5,37.0
BartCo00,Cody Barton,SEA,CAR,2022,14,0.0,0.0,LB,0.96,edge,0.0,0.0,1.2,0,3.5,44.5
BrooJo01,Jordyn Brooks,SEA,CAR,2022,14,0.0,0.0,LB,1.0,edge,0.2,0.2,1.2,0,3.5,44.5
IrviBr00,Bruce Irvin,SEA,CAR,2022,14,1.0,1.0,LB,0.78,edge,0.0,1.25,1.2,0,3.5,44.5
NwosUc00,Uchenna Nwosu,SEA,CAR,2022,14,0.0,2.0,LB,0.81,edge,1.2,1.8,1.2,0,3.5,44.5
ArmsAr01,Arik Armstead,SF,TB,2022,14,0.0,1.0,DT,0.67,interior,0.0,1.0,1.6,0,3.5,38.0
BosaNi00,Nick Bosa,SF,TB,2022,14,0.0,1.0,DE,0.71,edge,1.5,3.4,1.6,0,3.5,38.0
GreeDr00,Dre Greenlaw,SF,TB,2022,14,0.0,0.0,LB,0.93,edge,0.0,0.0,1.6,0,3.5,38.0
WarnFr00,Fred Warner,SF,TB,2022,14,0.0,0.0,LB,0.95,edge,0.3,0.8,1.6,0,3.5,38.0
DaviLa00,Lavonte David,TB,SF,2022,14,0.0,0.0,LB,1.0,edge,0.2,0.2,1.8,0,-3.5,38.0
GholWi00,William Gholston,TB,SF,2022,14,0.0,0.0,DE,0.65,edge,,,1.8,0,-3.5,38.0
NelsAn01,Anthony Nelson,TB,SF,2022,14,0.0,0.0,LB,0.83,edge,0.0,0.0,1.8,0,-3.5,38.0
WhitDe02,Devin White,TB,SF,2022,14,0.0,1.0,LB,1.0,edge,0.5,1.2,1.8,0,-3.5,38.0
ColeDy00,Dylan Cole,TEN,JAX,2022,14,0.0,1.0,LB,0.82,edge,0.0,0.0,2.6,0,3.0,42.0
DuprAl00,Bud Dupree,TEN,JAX,2022,14,0.0,1.0,LB,0.82,edge,0.8,2.4,2.6,0,3.0,42.0
RiceMo00,Monty Rice,TEN,JAX,2022,14,0.0,0.0,LB,0.71,edge,,,2.6,0,3.0,42.0
SimmJe01,Jeffery Simmons,TEN,JAX,2022,14,0.0,2.0,DT,0.83,interior,0.4,0.8,2.6,0,3.0,42.0
CollZa00,Zaven Collins,ARI,DEN,2022,15,0.0,0.0,LB,1.0,edge,0.0,0.8,4.0,0,-1.5,37.5
GoldMa00,Markus Golden,ARI,DEN,2022,15,1.0,2.0,LB,0.71,edge,0.1,1.8,4.0,0,-1.5,37.5
SimmIs00,Isaiah Simmons,ARI,DEN,2022,15,0.0,0.0,LB,0.88,edge,0.4,0.4,4.0,0,-1.5,37.5
WattJ.00,J.J. Watt,ARI,DEN,2022,15,3.0,5.0,DE,0.84,edge,0.8,3.0,4.0,0,-1.5,37.5
AndeTr00,Troy Andersen,ATL,NO,2022,15,0.0,0.0,LB,0.82,edge,0.0,0.0,2.6,1,-5.0,43.5
CartLo01,Lorenzo Carter,ATL,NO,2022,15,0.5,1.0,LB,0.85,edge,0.2,1.2,2.6,1,-5.0,43.5
EvanRa01,Rashaan Evans,ATL,NO,2022,15,1.0,1.0,LB,1.0,edge,0.0,0.2,2.6,1,-5.0,43.5
JarrGr00,Grady Jarrett,ATL,NO,2022,15,0.5,1.0,DT,0.75,interior,0.4,1.6,2.6,1,-5.0,43.5
BowsTy00,Tyus Bowser,BAL,CLE,2022,15,0.0,0.0,LB,0.7,edge,0.4,1.2,2.2,0,-2.5,39.5
QueePa00,Patrick Queen,BAL,CLE,2022,15,0.5,1.0,LB,0.97,edge,0.1,0.6,2.2,0,-2.5,39.5
SmitRo07,Roquan Smith,BAL,CLE,2022,15,0.0,1.0,LB,0.98,edge,0.4,0.8,2.2,0,-2.5,39.5
EdmuTr01,Tremaine Edmunds,BUF,MIA,2022,15,0.0,0.0,LB,1.0,edge,0.0,0.0,2.2,0,7.0,44.0
JoneDa04,DaQuan Jones,BUF,MIA,2022,15,0.5,2.0,DT,0.76,interior,0.16666666666666666,1.6666666666666667,2.2,0,7.0,44.0
MilaMa00,Matt Milano,BUF,MIA,2022,15,0.5,1.0,LB,1.0,edge,0.2,1.0,2.2,0,7.0,44.0
OlivEd00,Ed Oliver,BUF,MIA,2022,15,0.0,1.0,DT,0.69,interior,0.3,2.4,2.2,0,7.0,44.0
RousGr00,Gregory Rousseau,BUF,MIA,2022,15,0.0,2.0,DE,0.71,edge,0.8333333333333334,2.3333333333333335,2.2,0,7.0,44.0
BrowDe05,Derrick Brown,CAR,PIT,2022,15,0.0,1.0,DT,0.87,interior,0.1,1.2,2.6,0,2.5,36.5
LuvuFr00,Frankie Luvu,CAR,PIT,2022,15,1.0,1.0,LB,1.0,edge,0.8,1.6,2.6,0,2.5,36.5
ThomSh01,Shaq Thompson,CAR,PIT,2022,15,0.0,0.0,LB,1.0,edge,0.1,0.4,2.6,0,2.5,36.5
GipsTr00,Trevis Gipson,CHI,PHI,2022,15,0.0,1.0,LB,0.67,edge,0.0,0.75,2.4,0,-8.5,48.0
MorrNi00,Nicholas Morrow,CHI,PHI,2022,15,0.0,0.0,LB,1.0,edge,0.0,0.4,2.4,0,-8.5,48.0
HillB.00,B.J. Hill,CIN,TB,2022,15,0.0,2.0,DT,0.64,interior,0.0,1.2,1.0,0,3.5,47.0
PratGe00,Germaine Pratt,CIN,TB,2022,15,0.0,0.0,LB,0.76,edge,0.0,0.2,1.0,0,3.5,47.0
SampCa00,Cameron Sample,CIN,TB,2022,15,0.0,0.0,DE,0.76,edge,,,1.0,0,3.5,47.0
WilsLo00,Logan Wilson,CIN,TB,2022,15,1.0,2.0,LB,1.0,edge,0.1,0.6,1.0,0,3.5,47.0
GarrMy00,Myles Garrett,CLE,BAL,2022,15,1.5,3.0,DE,0.78,edge,0.9,2.6,2.6,0,2.5,39.5
JoneDe01,Deion Jones,CLE,BAL,2022,15,1.0,1.0,LB,0.97,edge,0.5,0.6666666666666666,2.6,0,2.5,39.5
WrigAl01,Alex Wright,CLE,BAL,2022,15,0.0,0.0,DE,0.65,edge,,,2.6,0,2.5,39.5
BarrAn00,Anthony Barr,DAL,JAX,2022,15,0.0,0.0,LB,0.93,edge,0.0,0.8,2.2,0,4.0,48.5
ClarDa02,Damone Clark,DAL,JAX,2022,15,0.0,0.0,LB,0.74,edge,0.0,0.0,2.2,0,4.0,48.5
LawrDe00,DeMarcus Lawrence,DAL,JAX,2022,15,0.0,1.0,DE,0.69,edge,0.4,1.2,2.2,0,4.0,48.5
OdigOs00,Osa Odighizuwa,DAL,JAX,2022,15,0.0,1.0,DT,0.6,interior,,,2.2,0,4.0,48.5
ParsMi00,Micah Parsons,DAL,JAX,2022,15,1.0,2.0,LB,0.84,edge,0.8,2.4,2.2,0,4.0,48.5
BrowBa01,Baron Browning,DEN,ARI,2022,15,0.5,1.0,LB,0.69,edge,0.4,1.4,3.2,0,1.5,37.5
JeweJo00,Josey Jewell,DEN,ARI,2022,15,0.0,0.0,LB,1.0,edge,0.2,0.4,3.2,0,1.5,37.5
SingAl00,Alex Singleton,DEN,ARI,2022,15,0.0,1.0,LB,0.74,edge,0.0,1.0,3.2,0,1.5,37.5
WillDe04,DeShawn Williams,DEN,ARI,2022,15,2.5,4.0,DT,0.62,interior,0.0,1.0,3.2,0,1.5,37.5
AnzaAl00,Alex Anzalone,DET,NYJ,2022,15,0.0,2.0,LB,0.98,edge,0.0,0.4,2.4,0,-2.0,44.0
ComiJo00,John Cominsky,DET,NYJ,2022,15,1.0,3.0,DT,0.81,interior,0.25,2.0,2.4,0,-2.0,44.0
HutcAi00,Aidan Hutchinson,DET,NYJ,2022,15,0.0,1.0,DE,0.86,edge,0.5,2.0,2.4,0,-2.0,44.0
CampDe00,De'Vondre Campbell,GB,LA,2022,15,0.0,0.0,LB,1.0,edge,0.0,0.2,3.6,0,8.0,39.5
ClarKe01,Kenny Clark,GB,LA,2022,15,0.0,2.0,NT,0.71,interior,0.6,1.6,3.6,0,8.0,39.5
EnagKi00,Kingsley Enagbare,GB,LA,2022,15,1.0,2.0,LB,0.69,edge,0.0,1.0,3.6,0,8.0,39.5
SmitPr00,Preston Smith,GB,LA,2022,15,2.0,4.0,LB,0.73,edge,0.4,1.2,3.6,0,8.0,39.5
WalkQu00,Quay Walker,GB,LA,2022,15,1.0,2.0,LB,0.96,edge,0.1,0.6,3.6,0,8.0,39.5
HarrCh06,Christian Harris,HOU,KC,2022,15,0.0,1.0,LB,1.0,edge,0.0,0.2,1.0,1,-14.5,48.5
KirkCh00,Christian Kirksey,HOU,KC,2022,15,1.0,1.0,LB,0.99,edge,0.3,0.8,1.0,1,-14.5,48.5
BuckDe00,DeForest Buckner,IND,MIN,2022,15,1.0,3.0,DT,0.81,interior,0.5,2.0,3.6,1,-3.5,46.5
FranZa00,Zaire Franklin,IND,MIN,2022,15,0.0,0.0,LB,1.0,edge,0.2,0.4,3.6,1,-3.5,46.5
NgakYa00,Yannick Ngakoue,IND,MIN,2022,15,1.0,1.0,DE,0.69,edge,0.9,2.4,3.6,1,-3.5,46.5
OkerBo00,Bobby Okereke,IND,MIN,2022,15,0.0,0.0,LB,0.96,edge,0.0,0.2,3.6,1,-3.5,46.5
PayeKw00,Kwity Paye,IND,MIN,2022,15,1.0,2.0,DE,0.73,edge,1.0,2.0,3.6,1,-3.5,46.5
StewGr00,Grover Stewart,IND,MIN,2022,15,1.0,2.0,DT,0.62,interior,0.4,0.6,3.6,1,-3.5,46.5
AlleJo03,Josh Allen,JAX,DAL,2022,15,1.0,2.0,LB,0.69,edge,0.2,2.6,0.8,0,-4.0,48.5
HamiDa02,DaVon Hamilton,JAX,DAL,2022,15,0.0,0.0,DT,0.73,interior,0.0,0.3333333333333333,0.8,0,-4.0,48.5
LloyDe00,Devin Lloyd,JAX,DAL,2022,15,0.0,1.0,LB,0.91,edge,0.0,0.4,0.8,0,-4.0,48.5
OluoFo00,Foyesade Oluokun,JAX,DAL,2022,15,0.0,0.0,LB,1.0,edge,0.0,0.2,0.8,0,-4.0,48.5
SmooDa00,Dawuane Smoot,JAX,DAL,2022,15,0.0,3.0,DE,0.63,edge,,,0.8,0,-4.0,48.5
BoltNi00,Nick Bolton,KC,HOU,2022,15,0.0,1.0,LB,1.0,edge,0.0,0.2,2.8,1,14.5,48.5
ClarFr01,Frank Clark,KC,HOU,2022,15,1.0,1.0,DE,0.7,edge,0.5,2.2,2.8,1,14.5,48.5
GayJWi00,Willie Gay Jr.,KC,HOU,2022,15,0.0,0.0,LB,0.73,edge,0.4,0.4,2.8,1,14.5,48.5
BrowBo04,Bobby Brown,LA,GB,2022,15,0.0,1.0,NT,0.63,interior,,,1.4,0,-8.0,39.5
FloyLe00,Leonard Floyd,LA,GB,2022,15,2.0,4.0,LB,0.93,edge,0.6,1.8,1.4,0,-8.0,39.5
GainGr00,Greg Gaines,LA,GB,2022,15,1.0,1.0,NT,0.97,interior,0.4,1.4,1.4,0,-8.0,39.5
HoecMi00,Michael Hoecht,LA,GB,2022,15,0.0,1.0,DT,0.77,interior,0.6666666666666666,1.6666666666666667,1.4,0,-8.0,39.5
WagnBo00,Bobby Wagner,LA,GB,2022,15,0.0,0.0,LB,1.0,edge,0.6,0.8,1.4,0,-8.0,39.5
WillJo16,Jonah Williams,LA,GB,2022,15,0.0,1.0,DT,0.93,interior,,,1.4,0,-8.0,39.5
MurrKe00,Kenneth Murray,LAC,TEN,2022,15,0.0,0.0,LB,0.77,edge,0.0,0.2,3.0,1,3.0,46.5
TranDr00,Drue Tranquill,LAC,TEN,2022,15,1.0,1.0,LB,1.0,edge,0.0,0.2,3.0,1,3.0,46.5
VanNKy00,Kyle Van Noy,LAC,TEN,2022,15,1.0,1.0,LB,0.92,edge,0.2,0.8,3.0,1,3.0,46.5
CrosMa00,Maxx Crosby,LV,NE,2022,15,0.0,3.0,DE,0.98,edge,1.1,3.4,3.0,1,1.0,45.0
JoneCh03,Chandler Jones,LV,NE,2022,15,0.0,2.0,DE,0.92,edge,0.8,1.6,3.0,1,1.0,45.0
MastLu00,Luke Masterson,LV,NE,2022,15,0.0,0.0,LB,0.68,edge,0.0,0.0,3.0,1,1.0,45.0
PerrDe00,Denzel Perryman,LV,NE,2022,15,0.0,0.0,LB,1.0,edge,0.0,1.2,3.0,1,1.0,45.0
BakeJe00,Jerome Baker,MIA,BUF,2022,15,0.0,0.0,LB,0.88,edge,0.3,0.6,2.4,0,-7.0,44.0
ChubBr00,Bradley Chubb,MIA,BUF,2022,15,0.0,1.0,LB,0.72,edge,0.3,2.4,2.4,0,-7.0,44.0
PhilJa02,Jaelan Phillips,MIA,BUF,2022,15,1.0,6.0,LB,0.77,edge,0.6,2.4,2.4,0,-7.0,44.0
SielZa00,Zach Sieler,MIA,BUF,2022,15,1.0,3.0,DT,0.83,interior,0.3,1.4,2.4,0,-7.0,44.0
WilkCh00,Christian Wilkins,MIA,BUF,2022,15,0.0,1.0,DT,0.88,interior,0.5,2.2,2.4,0,-7.0,44.0
HickJo00,Jordan Hicks,MIN,IND,2022,15,0.0,1.0,LB,0.65,edge,0.2,0.2,4.0,1,3.5,46.5
HuntDa01,Danielle Hunter,MIN,IND,2022,15,1.5,5.0,LB,0.92,edge,0.4,1.6,4.0,1,3.5,46.5
KendEr00,Eric Kendricks,MIN,IND,2022,15,1.0,1.0,LB,0.94,edge,0.0,0.2,4.0,1,3.5,46.5
SmitZa00,Za'Darius Smith,MIN,IND,2022,15,0.5,2.0,LB,0.8,edge,0.2,2.8,4.0,1,3.5,46.5
TomlDa00,Dalvin Tomlinson,MIN,IND,2022,15,0.0,1.0,DT,0.65,interior,0.3,1.4,4.0,1,3.5,46.5
BentJa00,Ja'Whaun Bentley,NE,LV,2022,15,1.0,3.0,LB,0.91,edge,0.2,0.8,0.8,1,-1.0,45.0
JudoMa00,Matt Judon,NE,LV,2022,15,0.0,0.0,LB,0.76,edge,1.2,2.2,0.8,1,-1.0,45.0
DaviDe00,Demario Davis,NO,ATL,2022,15,0.0,0.0,LB,1.0,edge,0.3,0.6,1.8,1,5.0,43.5
ElliKa00,Kaden Elliss,NO,ATL,2022,15,1.0,1.0,LB,0.64,edge,0.625,0.75,1.8,1,5.0,43.5
JordCa00,Cameron Jordan,NO,ATL,2022,15,0.0,1.0,DE,0.74,edge,1.0,2.0,1.8,1,5.0,43.5
WernPe00,Pete Werner,NO,ATL,2022,15,0.0,0.0,LB,0.74,edge,0.0,0.4,1.8,1,5.0,43.5
LawrDe03,Dexter Lawrence,NYG,WAS,2022,15,0.5,4.0,DT,0.73,interior,0.4,2.4,2.2,0,-4.5,40.5
OjulAz00,Azeez Ojulari,NYG,WAS,2022,15,0.5,4.0,LB,0.81,edge,2.0,2.0,2.2,0,-4.5,40.5
SmitJa05,Jaylon Smith,NYG,WAS,2022,15,0.0,0.0,LB,0.78,edge,0.0,0.4,2.2,0,-4.5,40.5
ThibKa00,Kayvon Thibodeaux,NYG,WAS,2022,15,1.0,1.0,LB,0.79,edge,0.2,2.0,2.2,0,-4.5,40.5
WillLe02,Leonard Williams,NYG,WAS,2022,15,0.0,1.0,DT,0.84,interior,0.3,2.0,2.2,0,-4.5,40.5
LawsCa00,Carl Lawson,NYJ,DET,2022,15,0.0,2.0,DE,0.6,edge,0.3,2.2,1.2,0,2.0,44.0
MoslC.00,C.J. Mosley,NYJ,DET,2022,15,0.0,0.0,LB,1.0,edge,0.2,0.4,1.2,0,2.0,44.0
RankSh00,Sheldon Rankins,NYJ,DET,2022,15,0.0,1.0,DT,0.71,interior,1.0,1.0,1.2,0,2.0,44.0
WillQu01,Quincy Williams,NYJ,DET,2022,15,0.0,0.0,LB,0.68,edge,0.2,0.8,1.2,0,2.0,44.0
EdwaTJ02,T.J. Edwards,PHI,CHI,2022,15,0.0,0.0,LB,0.97,edge,0.0,0.2,2.2,0,8.5,48.0
HargJa00,Javon Hargrave,PHI,CHI,2022,15,2.0,2.0,DT,0.63,interior,1.2,1.6,2.2,0,8.5,48.0
ReddHa00,Haason Reddick,PHI,CHI,2022,15,2.0,2.0,LB,0.75,edge,0.9,2.4,2.2,0,8.5,48.0
SweaJo00,Josh Sweat,PHI,CHI,2022,15,2.0,2.0,DE,0.75,edge,0.375,1.75,2.2,0,8.5,48.0
WhitKy00,Kyzir White,PHI,CHI,2022,15,0.0,0.0,LB,0.69,edge,0.0,0.0,2.2,0,8.5,48.0
HeywCa01,Cameron Heyward,PIT,CAR,2022,15,1.5,5.0,DT,0.85,interior,0.6,2.6,1.4,0,-2.5,36.5
HighAl02,Alex Highsmith,PIT,CAR,2022,15,1.0,1.0,LB,0.98,edge,0.7,1.8,1.4,0,-2.5,36.5
OgunLa00,Larry Ogunjobi,PIT,CAR,2022,15,0.0,1.0,DT,0.67,interior,0.1,1.2,1.4,0,-2.5,36.5
SpilRo00,Robert Spillane,PIT,CAR,2022,15,0.0,0.0,LB,1.0,edge,0.0,0.0,1.4,0,-2.5,36.5
WattT.00,T.J. Watt,PIT,CAR,2022,15,1.5,2.0,LB,0.83,edge,0.3,1.0,1.4,0,-2.5,36.5
BartCo00,Cody Barton,SEA,SF,2022,15,0.0,0.0,LB,0.88,edge,0.0,0.0,1.2,0,-3.0,43.0
BrooJo01,Jordyn Brooks,SEA,SF,2022,15,0.0,0.0,LB,0.67,edge,0.2,0.2,1.2,0,-3.0,43.0
FordPo00,Poona Ford,SEA,SF,2022,15,0.0,1.0,DE,0.7,edge,0.0,1.0,1.2,0,-3.0,43.0
HarrSh00,Shelby Harris,SEA,SF,2022,15,0.0,0.0,DE,0.66,edge,0.5,1.5,1.2,0,-3.0,43.0
NwosUc00,Uchenna Nwosu,SEA,SF,2022,15,0.0,1.0,LB,0.84,edge,0.8,1.8,1.2,0,-3.0,43.0
ArmsAr01,Arik Armstead,SF,SEA,2022,15,0.0,2.0,DT,0.73,interior,0.0,1.0,3.0,0,3.0,43.0
BosaNi00,Nick Bosa,SF,SEA,2022,15,1.0,3.0,DE,0.8,edge,1.2,3.0,3.0,0,3.0,43.0
GreeDr00,Dre Greenlaw,SF,SEA,2022,15,0.0,1.0,LB,1.0,edge,0.0,0.0,3.0,0,3.0,43.0
WarnFr00,Fred Warner,SF,SEA,2022,15,0.0,0.0,LB,1.0,edge,0.2,0.6,3.0,0,3.0,43.0
DaviLa00,Lavonte David,TB,CIN,2022,15,1.0,1.0,LB,1.0,edge,0.2,0.2,1.6,0,-3.5,47.0
NelsAn01,Anthony Nelson,TB,CIN,2022,15,0.5,2.0,LB,1.0,edge,0.0,0.0,1.6,0,-3.5,47.0
TryoJo00,Joe Tryon-Shoyinka,TB,CIN,2022,15,0.5,2.0,LB,1.0,edge,0.4,1.4,1.6,0,-3.5,47.0
WhitDe02,Devin White,TB,CIN,2022,15,0.0,1.0,LB,1.0,edge,0.5,1.4,1.6,0,-3.5,47.0
DuprAl00,Bud Dupree,TEN,LAC,2022,15,0.0,1.0,LB,0.85,edge,0.6,2.2,4.2,1,-3.0,46.5
RiceMo00,Monty Rice,TEN,LAC,2022,15,0.0,1.0,LB,0.9,edge,0.0,0.0,4.2,1,-3.0,46.5
SimmJe01,Jeffery Simmons,TEN,LAC,2022,15,1.0,1.0,DT,0.93,interior,0.2,0.8,4.2,1,-3.0,46.5
BostJo00,Jonathan Bostic,WAS,NYG,2022,15,0.0,0.0,LB,0.71,edge,0.0,0.0,3.8,0,4.5,40.5
DaviJa11,Jamin Davis,WAS,NYG,2022,15,0.0,0.0,LB,1.0,edge,0.0,0.6,3.8,0,4.5,40.5
PaynDa00,Daron Payne,WAS,NYG,2022,15,0.0,0.0,DT,0.92,interior,0.8,1.4,3.8,0,4.5,40.5
SmitJa08,James Smith-Williams,WAS,NYG,2022,15,0.0,2.0,DE,0.62,edge,0.25,1.75,3.8,0,4.5,40.5
SweaMo00,Montez Sweat,WAS,NYG,2022,15,0.0,2.0,DE,0.75,edge,0.4,2.0,3.8,0,4.5,40.5
CollZa00,Zaven Collins,ARI,TB,2022,16,0.0,0.0,LB,0.96,edge,0.0,0.8,1.0,0,-7.5,41.5
GoldMa00,Markus Golden,ARI,TB,2022,16,0.0,0.0,LB,0.78,edge,0.2,1.4,1.0,0,-7.5,41.5
SimmIs00,Isaiah Simmons,ARI,TB,2022,16,0.0,0.0,LB,0.95,edge,0.2,0.2,1.0,0,-7.5,41.5
WattJ.00,J.J. Watt,ARI,TB,2022,16,0.0,2.0,DE,0.95,edge,1.4,3.8,1.0,0,-7.5,41.5
AndeTr00,Troy Andersen,ATL,BAL,2022,16,0.0,0.0,LB,0.88,edge,0.0,0.0,2.6,0,-6.5,35.0
EvanRa01,Rashaan Evans,ATL,BAL,2022,16,0.0,0.0,LB,1.0,edge,0.2,0.4,2.6,0,-6.5,35.0
BowsTy00,Tyus Bowser,BAL,ATL,2022,16,0.0,0.0,LB,0.7,edge,0.4,0.8,2.2,0,6.5,35.0
MaduJu00,Justin Madubuike,BAL,ATL,2022,16,1.0,1.0,DT,0.7,interior,0.75,1.25,2.2,0,6.5,35.0
QueePa00,Patrick Queen,BAL,ATL,2022,16,0.5,2.0,LB,0.94,edge,0.2,0.8,2.2,0,6.5,35.0
SmitRo07,Roquan Smith,BAL,ATL,2022,16,0.0,0.0,LB,1.0,edge,0.4,1.0,2.2,0,6.5,35.0
EdmuTr01,Tremaine Edmunds,BUF,CHI,2022,16,0.0,0.0,LB,0.92,edge,0.0,0.0,3.0,0,8.0,40.0
MilaMa00,Matt Milano,BUF,CHI,2022,16,0.0,1.0,LB,0.92,edge,0.3,1.2,3.0,0,8.0,40.0
OlivEd00,Ed Oliver,BUF,CHI,2022,16,1.0,1.0,DT,0.68,interior,0.3,2.2,3.0,0,8.0,40.0
RousGr00,Gregory Rousseau,BUF,CHI,2022,16,0.0,0.0,DE,0.68,edge,0.625,2.25,3.0,0,8.0,40.0
BrowDe05,Derrick Brown,CAR,DET,2022,16,0.0,1.0,DT,0.77,interior,0.1,1.0,0.8,0,-2.5,43.5
BurnBr00,Brian Burns,CAR,DET,2022,16,2.0,3.0,DE,0.86,edge,1.1,2.0,0.8,0,-2.5,43.5
GrosYe00,Yetur Gross-Matos,CAR,DET,2022,16,0.0,1.0,DE,0.76,edge,0.3,1.2,0.8,0,-2.5,43.5
LuvuFr00,Frankie Luvu,CAR,DET,2022,16,0.0,0.0,LB,1.0,edge,1.0,1.8,0.8,0,-2.5,43.5
ThomSh01,Shaq Thompson,CAR,DET,2022,16,0.0,0.0,LB,1.0,edge,0.1,0.4,0.8,0,-2.5,43.5
GipsTr00,Trevis Gipson,CHI,BUF,2022,16,0.0,1.0,LB,0.73,edge,0.0,0.8,2.4,0,-8.0,40.0
JoneJu03,Justin Jones,CHI,BUF,2022,16,0.0,2.0,DT,0.69,interior,0.2,0.6,2.4,0,-8.0,40.0
MorrNi00,Nicholas Morrow,CHI,BUF,2022,16,0.0,2.0,LB,0.98,edge,0.0,0.4,2.4,0,-8.0,40.0
ThomJo04,Joe Thomas,CHI,BUF,2022,16,0.0,0.0,LB,1.0,edge,0.0,0.0,2.4,0,-8.0,40.0
OssaJo00,Joseph Ossai,CIN,NE,2022,16,0.5,1.0,DE,0.63,edge,,,2.2,0,3.0,42.0
PratGe00,Germaine Pratt,CIN,NE,2022,16,0.0,0.0,LB,0.84,edge,0.0,0.0,2.2,0,3.0,42.0
ReadD.00,D.J. Reader,CIN,NE,2022,16,0.0,1.0,NT,0.64,interior,0.0,1.5,2.2,0,3.0,42.0
SampCa00,Cameron Sample,CIN,NE,2022,16,1.0,2.0,DE,0.95,edge,0.0,0.0,2.2,0,3.0,42.0
WilsLo00,Logan Wilson,CIN,NE,2022,16,1.0,1.0,LB,1.0,edge,0.3,0.8,2.2,0,3.0,42.0
FielTo00,Tony Fields,CLE,NO,2022,16,0.0,0.0,LB,0.78,edge,,,2.2,0,3.0,32.0
RaglRe00,Reggie Ragland,CLE,NO,2022,16,0.0,0.0,LB,0.61,edge,,,2.2,0,3.0,32.0
BarrAn00,Anthony Barr,DAL,PHI,2022,16,0.0,0.0,LB,0.77,edge,0.0,0.8,2.4,1,4.0,48.0
ClarDa02,Damone Clark,DAL,PHI,2022,16,0.0,0.0,LB,0.69,edge,0.0,0.0,2.4,1,4.0,48.0
ParsMi00,Micah Parsons,DAL,PHI,2022,16,0.0,1.0,LB,0.96,edge,1.0,2.6,2.4,1,4.0,48.0
BrowBa01,Baron Browning,DEN,LA,2022,16,0.0,0.0,LB,0.71,edge,0.3,1.2,4.0,1,3.0,36.5
CoopJo02,Jonathon Cooper,DEN,LA,2022,16,0.0,0.0,LB,0.63,edge,,,4.0,1,3.0,36.5
JeweJo00,Josey Jewell,DEN,LA,2022,16,0.0,0.0,LB,1.0,edge,0.2,0.4,4.0,1,3.0,36.5
SingAl00,Alex Singleton,DEN,LA,2022,16,0.0,0.0,LB,0.88,edge,0.0,0.6,4.0,1,3.0,36.5
AnzaAl00,Alex Anzalone,DET,CAR,2022,16,0.0,0.0,LB,1.0,edge,0.0,0.8,2.2,0,2.5,43.5
RodrMa00,Malcolm Rodriguez,DET,CAR,2022,16,0.0,0.0,LB,0.62,edge,0.2,0.6,2.2,0,2.5,43.5
CampDe00,De'Vondre Campbell,GB,MIA,2022,16,0.0,0.0,LB,1.0,edge,0.0,0.2,2.6,0,-3.5,49.0
EnagKi00,Kingsley Enagbare,GB,MIA,2022,16,0.0,1.0,LB,0.72,edge,0.3333333333333333,1.3333333333333333,2.6,0,-3.5,49.0
ReedJa02,Jarran Reed,GB,MIA,2022,16,1.0,2.0,DT,0.68,interior,0.0,1.8,2.6,0,-3.5,49.0
SmitPr00,Preston Smith,GB,MIA,2022,16,1.0,2.0,LB,0.76,edge,0.8,1.8,2.6,0,-3.5,49.0
WalkQu00,Quay Walker,GB,MIA,2022,16,0.0,0.0,LB,0.96,edge,0.3,1.0,2.6,0,-3.5,49.0
HarrCh06,Christian Harris,HOU,TEN,2022,16,0.0,0.0,LB,1.0,edge,0.0,0.4,3.6,0,-3.0,34.0
KirkCh00,Christian Kirksey,HOU,TEN,2022,16,0.0,0.0,LB,1.0,edge,0.4,0.8,3.6,0,-3.0,34.0
BuckDe00,DeForest Buckner,IND,LAC,2022,16,1.5,4.0,DT,0.71,interior,0.7,1.8,4.2,1,-3.5,44.5
FranZa00,Zaire Franklin,IND,LAC,2022,16,1.0,1.0,LB,1.0,edge,0.1,0.2,4.2,1,-3.5,44.5
NgakYa00,Yannick Ngakoue,IND,LAC,2022,16,0.0,2.0,DE,0.71,edge,1.0,2.0,4.2,1,-3.5,44.5
OkerBo00,Bobby Okereke,IND,LAC,2022,16,0.0,0.0,LB,0.74,edge,0.0,0.2,4.2,1,-3.5,44.5
PayeKw00,Kwity Paye,IND,LAC,2022,16,0.0,3.0,DE,0.68,edge,0.8,2.0,4.2,1,-3.5,44.5
AlleJo03,Josh Allen,JAX,NYJ,2022,16,0.0,0.0,LB,0.81,edge,0.4,2.6,2.8,0,-2.5,36.5
KeyxAr00,Arden Key,JAX,NYJ,2022,16,0.0,1.0,LB,0.65,edge,,,2.8,0,-2.5,36.5
LloyDe00,Devin Lloyd,JAX,NYJ,2022,16,0.0,0.0,LB,0.7,edge,0.0,0.6,2.8,0,-2.5,36.5
OluoFo00,Foyesade Oluokun,JAX,NYJ,2022,16,0.0,1.0,LB,1.0,edge,0.0,0.2,2.8,0,-2.5,36.5
RobeRo00,Roy Robertson-Harris,JAX,NYJ,2022,16,1.0,2.0,DT,0.83,interior,0.0,0.8,2.8,0,-2.5,36.5
BoltNi00,Nick Bolton,KC,SEA,2022,16,0.0,0.0,LB,1.0,edge,0.0,0.4,3.2,0,10.5,50.5
DannMi00,Michael Danna,KC,SEA,2022,16,0.0,1.0,DE,0.62,edge,0.0,2.0,3.2,0,10.5,50.5
DunlCa99,Carlos Dunlap,KC,SEA,2022,16,0.0,1.0,LB,0.71,edge,1.0,2.0,3.2,0,10.5,50.5
GayJWi00,Willie Gay Jr.,KC,SEA,2022,16,0.0,0.0,LB,0.61,edge,0.2,0.2,3.2,0,10.5,50.5
JoneCh09,Chris Jones,KC,SEA,2022,16,1.0,5.0,DT,0.8,interior,1.2,2.4,3.2,0,10.5,50.5
FloyLe00,Leonard Floyd,LA,DEN,2022,16,1.0,2.0,LB,0.73,edge,0.8,2.4,4.2,1,-3.0,36.5
HoecMi00,Michael Hoecht,LA,DEN,2022,16,1.5,3.0,DT,0.75,interior,0.5,1.5,4.2,1,-3.0,36.5
WagnBo00,Bobby Wagner,LA,DEN,2022,16,1.0,1.0,LB,0.88,edge,0.4,0.6,4.2,1,-3.0,36.5
FoxxMo00,Morgan Fox,LAC,IND,2022,16,2.0,2.0,DE,0.6,edge,0.3333333333333333,1.0,2.8,1,3.5,44.5
MackKh00,Khalil Mack,LAC,IND,2022,16,1.0,1.0,LB,0.81,edge,0.2,1.0,2.8,1,3.5,44.5
MurrKe00,Kenneth Murray,LAC,IND,2022,16,1.0,2.0,LB,0.83,edge,0.0,0.2,2.8,1,3.5,44.5
TranDr00,Drue Tranquill,LAC,IND,2022,16,1.0,1.0,LB,1.0,edge,0.2,0.4,2.8,1,3.5,44.5
VanNKy00,Kyle Van Noy,LAC,IND,2022,16,1.0,3.0,LB,0.77,edge,0.4,1.0,2.8,1,3.5,44.5
CrosMa00,Maxx Crosby,LV,PIT,2022,16,0.0,5.0,DE,1.0,edge,0.9,3.8,1.6,0,-2.5,38.5
FerrCl00,Clelin Ferrell,LV,PIT,2022,16,0.0,1.0,DE,0.72,edge,0.5,2.0,1.6,0,-2.5,38.5
MastLu00,Luke Masterson,LV,PIT,2022,16,0.0,0.0,LB,0.84,edge,0.0,0.0,1.6,0,-2.5,38.5
NichBi00,Bilal Nichols,LV,PIT,2022,16,0.0,2.0,DT,0.71,interior,0.3,1.2,1.6,0,-2.5,38.5
PerrDe00,Denzel Perryman,LV,PIT,2022,16,0.0,0.0,LB,0.72,edge,0.0,0.6,1.6,0,-2.5,38.5
BakeJe00,Jerome Baker,MIA,GB,2022,16,0.0,0.0,LB,0.97,edge,0.3,0.6,1.8,0,3.5,49.0
PhilJa02,Jaelan Phillips,MIA,GB,2022,16,0.0,0.0,LB,0.83,edge,0.8,3.2,1.8,0,3.5,49.0
RobeEl00,Elandon Roberts,MIA,GB,2022,16,1.0,1.0,LB,0.77,edge,0.3,0.4,1.8,0,3.5,49.0
HickJo00,Jordan Hicks,MIN,NYG,2022,16,0.0,0.0,LB,0.67,edge,0.2,0.4,3.2,1,4.5,48.0
HuntDa01,Danielle Hunter,MIN,NYG,2022,16,2.0,5.0,LB,0.83,edge,0.5,2.0,3.2,1,4.5,48.0
KendEr00,Eric Kendricks,MIN,NYG,2022,16,0.0,0.0,LB,0.81,edge,0.2,0.2,3.2,1,4.5,48.0
SmitZa00,Za'Darius Smith,MIN,NYG,2022,16,0.0,3.0,LB,0.78,edge,0.3,2.6,3.2,1,4.5,48.0
TomlDa00,Dalvin Tomlinson,MIN,NYG,2022,16,0.0,2.0,DT,0.65,interior,0.2,1.4,3.2,1,4.5,48.0
BentJa00,Ja'Whaun Bentley,NE,CIN,2022,16,0.0,0.0,LB,1.0,edge,0.2,1.0,1.6,0,-3.0,42.0
JudoMa00,Matt Judon,NE,CIN,2022,16,1.0,2.0,LB,0.82,edge,0.6,1.4,1.6,0,-3.0,42.0
DaviDe00,Demario Davis,NO,CLE,2022,16,0.0,0.0,LB,1.0,edge,0.1,0.2,2.2,0,-3.0,32.0
ElliKa00,Kaden Elliss,NO,CLE,2022,16,0.0,0.0,LB,0.77,edge,0.7,0.8,2.2,0,-3.0,32.0
GranCa01,Carl Granderson,NO,CLE,2022,16,1.0,2.0,DE,0.71,edge,1.5,3.0,2.2,0,-3.0,32.0
JordCa00,Cameron Jordan,NO,CLE,2022,16,0.0,0.0,DE,0.87,edge,0.8,2.0,2.2,0,-3.0,32.0
OnyeDa00,David Onyemata,NO,CLE,2022,16,0.5,1.0,DT,0.74,interior,0.16666666666666666,1.3333333333333333,2.2,0,-3.0,32.0
LawrDe03,Dexter Lawrence,NYG,MIN,2022,16,0.0,3.0,DT,0.75,interior,0.3,2.2,4.2,1,-4.5,48.0
SmitJa05,Jaylon Smith,NYG,MIN,2022,16,1.0,1.0,LB,0.68,edge,0.0,0.2,4.2,1,-4.5,48.0
ThibKa00,Kayvon Thibodeaux,NYG,MIN,2022,16,0.0,1.0,LB,0.97,edge,0.4,1.8,4.2,1,-4.5,48.0
WardJi02,Jihad Ward,NYG,MIN,2022,16,0.0,3.0,LB,0.63,edge,0.2,0.8,4.2,1,-4.5,48.0
WillLe02,Leonard Williams,NYG,MIN,2022,16,1.0,2.0,DT,0.63,interior,0.3,2.0,4.2,1,-4.5,48.0
MoslC.00,C.J. Mosley,NYJ,JAX,2022,16,0.0,1.0,LB,1.0,edge,0.0,0.2,2.4,0,2.5,36.5
WillQu00,Quinnen Williams,NYJ,JAX,2022,16,1.0,2.0,NT,0.6,interior,0.8,1.8,2.4,0,2.5,36.5
WillQu01,Quincy Williams,NYJ,JAX,2022,16,0.0,0.0,LB,0.82,edge,0.2,0.8,2.4,0,2.5,36.5
CoxxFl00,Fletcher Cox,PHI,DAL,2022,16,0.0,1.0,DT,0.68,interior,0.2,1.2,1.0,1,-4.0,48.0
EdwaTJ02,T.J. Edwards,PHI,DAL,2022,16,0.0,0.0,LB,0.95,edge,0.0,0.2,1.0,1,-4.0,48.0
ReddHa00,Haason Reddick,PHI,DAL,2022,16,2.0,4.0,LB,0.81,edge,1.1,2.4,1.0,1,-4.0,48.0
SweaJo00,Josh Sweat,PHI,DAL,2022,16,1.5,2.0,DE,0.68,edge,0.7,1.8,1.0,1,-4.0,48.0
WhitKy00,Kyzir White,PHI,DAL,2022,16,0.5,1.0,LB,0.68,edge,0.0,0.0,1.0,1,-4.0,48.0
HeywCa01,Cameron Heyward,PIT,LV,2022,16,2.0,2.0,DT,0.89,interior,0.7,3.2,1.0,0,2.5,38.5
HighAl02,Alex Highsmith,PIT,LV,2022,16,1.0,1.0,LB,0.91,edge,0.5,1.6,1.0,0,2.5,38.5
OgunLa00,Larry Ogunjobi,PIT,LV,2022,16,0.0,1.0,DT,0.81,interior,0.0,1.0,1.0,0,2.5,38.5
SpilRo00,Robert Spillane,PIT,LV,2022,16,0.0,0.0,LB,1.0,edge,0.0,0.0,1.0,0,2.5,38.5
WattT.00,T.J. Watt,PIT,LV,2022,16,0.0,1.0,LB,0.87,edge,0.6,1.2,1.0,0,2.5,38.5
BartCo00,Cody Barton,SEA,KC,2022,16,0.0,0.0,LB,0.83,edge,0.0,0.0,1.4,0,-10.5,50.5
BrooJo01,Jordyn Brooks,SEA,KC,2022,16,0.0,0.0,LB,1.0,edge,0.2,0.2,1.4,0,-10.5,50.5
HarrSh00,Shelby Harris,SEA,KC,2022,16,0.0,1.0,DE,0.64,edge,0.3333333333333333,1.0,1.4,0,-10.5,50.5
NwosUc00,Uchenna Nwosu,SEA,KC,2022,16,0.0,0.0,LB,0.75,edge,0.4,1.4,1.4,0,-10.5,50.5
ArmsAr01,Arik Armstead,SF,WAS,2022,16,0.0,1.0,DT,0.66,interior,0.0,1.3333333333333333,2.2,0,6.5,37.5
BosaNi00,Nick Bosa,SF,WAS,2022,16,2.0,4.0,DE,0.75,edge,1.2,2.8,2.2,0,6.5,37.5
EbukSa00,Samson Ebukam,SF,WAS,2022,16,0.0,1.0,DE,0.67,edge,0.125,1.25,2.2,0,6.5,37.5
GreeDr00,Dre Greenlaw,SF,WAS,2022,16,0.0,0.0,LB,0.9,edge,0.0,0.2,2.2,0,6.5,37.5
WarnFr00,Fred Warner,SF,WAS,2022,16,0.0,0.0,LB,0.92,edge,0.2,0.4,2.2,0,6.5,37.5
DaviLa00,Lavonte David,TB,ARI,2022,16,0.0,0.0,LB,1.0,edge,0.4,0.4,3.0,0,7.5,41.5
NelsAn01,Anthony Nelson,TB,ARI,2022,16,1.0,2.0,LB,1.0,edge,0.16666666666666666,0.6666666666666666,3.0,0,7.5,41.5
TryoJo00,Joe Tryon-Shoyinka,TB,ARI,2022,16,0.0,3.0,LB,1.0,edge,0.5,1.6,3.0,0,7.5,41.5
WhitDe02,Devin White,TB,ARI,2022,16,0.0,3.0,LB,1.0,edge,0.5,1.4,3.0,0,7.5,41.5
AutrDe00,Denico Autry,TEN,HOU,2022,16,1.0,1.0,DE,0.64,edge,0.8,2.0,2.2,0,3.0,34.0
GibbJa00,Jack Gibbens,TEN,HOU,2022,16,0.0,0.0,LB,0.72,edge,,,2.2,0,3.0,34.0
RiceMo00,Monty Rice,TEN,HOU,2022,16,0.0,0.0,LB,0.91,edge,0.0,0.5,2.2,0,3.0,34.0
SimmJe01,Jeffery Simmons,TEN,HOU,2022,16,0.0,1.0,DT,0.91,interior,0.4,1.0,2.2,0,3.0,34.0
TartTe00,Teair Tart,TEN,HOU,2022,16,0.0,1.0,DT,0.6,interior,,,2.2,0,3.0,34.0
DaviJa11,Jamin Davis,WAS,SF,2022,16,0.0,0.0,LB,1.0,edge,0.0,0.2,1.2,0,-6.5,37.5
MayoDa00,David Mayo,WAS,SF,2022,16,0.0,0.0,LB,0.88,edge,,,1.2,0,-6.5,37.5
PaynDa00,Daron Payne,WAS,SF,2022,16,1.0,1.0,DT,0.96,interior,0.6,1.0,1.2,0,-6.5,37.5
CollZa00,Zaven Collins,ARI,ATL,2022,17,0.0,0.0,LB,0.95,edge,0.0,0.2,1.6,1,-7.0,41.0
FotuLe00,Leki Fotu,ARI,ATL,2022,17,0.0,0.0,DT,0.65,interior,,,1.6,1,-7.0,41.0
GoldMa00,Markus Golden,ARI,ATL,2022,17,0.0,0.0,LB,0.79,edge,0.2,1.2,1.6,1,-7.0,41.0
SimmIs00,Isaiah Simmons,ARI,ATL,2022,17,0.0,0.0,LB,0.95,edge,0.2,0.2,1.6,1,-7.0,41.0
WattJ.00,J.J. Watt,ARI,ATL,2022,17,1.0,2.0,DE,0.9,edge,1.0,3.2,1.6,1,-7.0,41.0
AndeTr00,Troy Andersen,ATL,ARI,2022,17,0.0,0.0,LB,0.86,edge,0.0,0.0,2.8,1,7.0,41.0
CartLo01,Lorenzo Carter,ATL,ARI,2022,17,0.0,1.0,LB,0.8,edge,0.3,1.4,2.8,1,7.0,41.0
EvanRa01,Rashaan Evans,ATL,ARI,2022,17,0.0,1.0,LB,1.0,edge,0.2,0.4,2.8,1,7.0,41.0
JarrGr00,Grady Jarrett,ATL,ARI,2022,17,0.0,2.0,DT,0.68,interior,0.3,1.0,2.8,1,7.0,41.0
MaduJu00,Justin Madubuike,BAL,PIT,2022,17,1.0,1.0,DT,0.64,interior,0.8,1.2,1.2,0,1.0,35.5
QueePa00,Patrick Queen,BAL,PIT,2022,17,0.0,1.0,LB,0.94,edge,0.2,1.0,1.2,0,1.0,35.5
SmitRo07,Roquan Smith,BAL,PIT,2022,17,0.0,0.0,LB,1.0,edge,0.2,0.8,1.2,0,1.0,35.5
BrowDe05,Derrick Brown,CAR,TB,2022,17,0.0,2.0,DT,0.73,interior,0.0,1.0,1.0,0,-3.5,40.5
BurnBr00,Brian Burns,CAR,TB,2022,17,0.0,1.0,DE,0.83,edge,1.3,2.4,1.0,0,-3.5,40.5
GrosYe00,Yetur Gross-Matos,CAR,TB,2022,17,1.0,2.0,DE,0.78,edge,0.2,1.0,1.0,0,-3.5,40.5
IoanMa01,Matthew Ioannidis,CAR,TB,2022,17,0.0,1.0,DT,0.69,interior,0.0,1.0,1.0,0,-3.5,40.5
LuvuFr00,Frankie Luvu,CAR,TB,2022,17,1.0,1.0,LB,1.0,edge,0.6,1.2,1.0,0,-3.5,40.5
ThomSh01,Shaq Thompson,CAR,TB,2022,17,0.0,0.0,LB,1.0,edge,0.1,0.4,1.0,0,-3.5,40.5
GipsTr00,Trevis Gipson,CHI,DET,2022,17,1.0,2.0,LB,0.72,edge,0.0,0.8,1.2,1,-4.5,52.5
JoneJu03,Justin Jones,CHI,DET,2022,17,1.0,1.0,DT,0.66,interior,0.2,1.0,1.2,1,-4.5,52.5
MorrNi00,Nicholas Morrow,CHI,DET,2022,17,0.0,0.0,LB,1.0,edge,0.0,0.4,1.2,1,-4.5,52.5
RobiDo00,Dominique Robinson,CHI,DET,2022,17,0.0,0.0,DE,0.66,edge,0.0,1.0,1.2,1,-4.5,52.5
ThomJo04,Joe Thomas,CHI,DET,2022,17,0.0,0.0,LB,0.99,edge,0.0,0.0,1.2,1,-4.5,52.5
ClowJa00,Jadeveon Clowney,CLE,WAS,2022,17,0.0,1.0,DE,0.74,edge,0.1,1.2,2.0,0,-1.0,41.5
FielTo00,Tony Fields,CLE,WAS,2022,17,0.0,0.0,LB,0.78,edge,0.0,0.0,2.0,0,-1.0,41.5
GarrMy00,Myles Garrett,CLE,WAS,2022,17,1.5,2.0,DE,0.75,edge,1.2,2.8,2.0,0,-1.0,41.5
JoneDe01,Deion Jones,CLE,WAS,2022,17,0.0,0.0,LB,0.65,edge,0.625,0.75,2.0,0,-1.0,41.5
BarrAn00,Anthony Barr,DAL,TEN,2022,17,0.0,1.0,LB,0.66,edge,0.0,0.2,3.8,0,14.0,41.0
ClarDa02,Damone Clark,DAL,TEN,2022,17,0.0,0.0,LB,0.65,edge,0.0,0.0,3.8,0,14.0,41.0
ParsMi00,Micah Parsons,DAL,TEN,2022,17,0.0,5.0,LB,0.75,edge,0.6,1.8,3.8,0,14.0,41.0
BoniNi00,Nik Bonitto,DEN,KC,2022,17,0.0,1.0,LB,0.62,edge,,,1.4,0,-13.5,46.0
CoopJo02,Jonathon Cooper,DEN,KC,2022,17,0.0,1.0,LB,0.77,edge,0.0,0.0,1.4,0,-13.5,46.0
HarrJo05,Jonathan Harris,DEN,KC,2022,17,0.0,0.0,DE,0.7,edge,,,1.4,0,-13.5,46.0
JeweJo00,Josey Jewell,DEN,KC,2022,17,0.0,0.0,LB,1.0,edge,0.0,0.2,1.4,0,-13.5,46.0
PurcMi00,Mike Purcell,DEN,KC,2022,17,0.0,1.0,NT,0.6,interior,,,1.4,0,-13.5,46.0
SingAl00,Alex Singleton,DEN,KC,2022,17,0.0,0.0,LB,0.67,edge,0.0,0.6,1.4,0,-13.5,46.0
WillDe04,DeShawn Williams,DEN,KC,2022,17,0.0,1.0,DT,0.72,interior,1.25,2.5,1.4,0,-13.5,46.0
AnzaAl00,Alex Anzalone,DET,CHI,2022,17,0.0,0.0,LB,0.73,edge,0.0,0.4,2.8,1,4.5,52.5
BuggIs00,Isaiah Buggs,DET,CHI,2022,17,0.0,2.0,DT,0.6,interior,0.0,1.25,2.8,1,4.5,52.5
ComiJo00,John Cominsky,DET,CHI,2022,17,1.0,1.0,DT,0.63,interior,0.4,2.2,2.8,1,4.5,52.5
HousJa01,James Houston,DET,CHI,2022,17,3.0,3.0,LB,0.63,edge,,,2.8,1,4.5,52.5
HutcAi00,Aidan Hutchinson,DET,CHI,2022,17,0.5,3.0,DE,0.71,edge,0.3,1.6,2.8,1,4.5,52.5
CampDe00,De'Vondre Campbell,GB,MIN,2022,17,0.0,0.0,LB,0.79,edge,0.0,0.2,3.6,0,3.0,47.5
ClarKe01,Kenny Clark,GB,MIN,2022,17,1.0,2.0,NT,0.62,interior,0.2,1.4,3.6,0,3.0,47.5
WalkQu00,Quay Walker,GB,MIN,2022,17,0.0,0.0,LB,0.71,edge,0.3,0.8,3.6,0,3.0,47.5
HarrCh06,Christian Harris,HOU,JAX,2022,17,0.0,0.0,LB,1.0,edge,0.0,0.4,1.6,1,-3.5,43.0
KirkCh00,Christian Kirksey,HOU,JAX,2022,17,0.0,0.0,LB,1.0,edge,0.4,0.6,1.6,1,-3.5,43.0
BuckDe00,DeForest Buckner,IND,NYG,2022,17,0.0,1.0,DT,0.76,interior,0.8,2.2,3.4,0,-5.5,38.5
FranZa00,Zaire Franklin,IND,NYG,2022,17,0.0,0.0,LB,1.0,edge,0.3,0.4,3.4,0,-5.5,38.5
OdeyDa00,Dayo Odeyingbo,IND,NYG,2022,17,0.0,1.0,DE,0.75,edge,0.0,1.3333333333333333,3.4,0,-5.5,38.5
OkerBo00,Bobby Okereke,IND,NYG,2022,17,0.0,0.0,LB,0.97,edge,0.0,0.2,3.4,0,-5.5,38.5
AlleJo03,Josh Allen,JAX,HOU,2022,17,1.0,4.0,LB,0.77,edge,0.4,2.4,1.4,1,3.5,43.0
LloyDe00,Devin Lloyd,JAX,HOU,2022,17,0.0,0.0,LB,0.6,edge,0.0,0.4,1.4,1,3.5,43.0
OluoFo00,Foyesade Oluokun,JAX,HOU,2022,17,0.0,0.0,LB,0.74,edge,0.0,0.4,1.4,1,3.5,43.0
BoltNi00,Nick Bolton,KC,DEN,2022,17,0.0,0.0,LB,0.99,edge,0.0,0.4,4.8,0,13.5,46.0
ClarFr01,Frank Clark,KC,DEN,2022,17,0.0,2.0,DE,0.76,edge,0.7,2.2,4.8,0,13.5,46.0
GayJWi00,Willie Gay Jr.,KC,DEN,2022,17,0.0,0.0,LB,0.63,edge,0.0,0.0,4.8,0,13.5,46.0
JoneCh09,Chris Jones,KC,DEN,2022,17,1.0,2.0,DT,0.7,interior,1.3,2.8,4.8,0,13.5,46.0
FloyLe00,Leonard Floyd,LA,LAC,2022,17,0.0,4.0,LB,0.84,edge,0.6,2.4,4.0,1,-6.5,41.5
HoecMi00,Michael Hoecht,LA,LAC,2022,17,0.0,1.0,DT,0.86,interior,0.7,1.8,4.0,1,-6.5,41.5
JoneEr01,Ernest Jones,LA,LAC,2022,17,0.0,0.0,LB,0.66,edge,0.0,0.4,4.0,1,-6.5,41.5
WagnBo00,Bobby Wagner,LA,LAC,2022,17,0.0,0.0,LB,1.0,edge,0.6,0.8,4.0,1,-6.5,41.5
JoseSe00,Sebastian Joseph-Day,LAC,LA,2022,17,1.0,1.0,NT,0.71,interior,0.2,1.2,3.2,1,6.5,41.5
MackKh00,Khalil Mack,LAC,LA,2022,17,0.0,3.0,LB,0.71,edge,0.2,1.0,3.2,1,6.5,41.5
MurrKe00,Kenneth Murray,LAC,LA,2022,17,0.0,1.0,LB,0.67,edge,0.2,0.6,3.2,1,6.5,41.5
TranDr00,Drue Tranquill,LAC,LA,2022,17,0.0,0.0,LB,0.88,edge,0.4,0.6,3.2,1,6.5,41.5
CrosMa00,Maxx Crosby,LV,SF,2022,17,0.0,1.0,DE,0.97,edge,0.5,4.0,1.8,1,-10.0,41.5
FerrCl00,Clelin Ferrell,LV,SF,2022,17,0.0,1.0,DE,0.97,edge,0.25,1.5,1.8,1,-10.0,41.5
LangHa00,Harvey Langi,LV,SF,2022,17,0.0,1.0,LB,0.67,edge,,,1.8,1,-10.0,41.5
MastLu00,Luke Masterson,LV,SF,2022,17,0.0,0.0,LB,1.0,edge,0.0,0.0,1.8,1,-10.0,41.5
BakeJe00,Jerome Baker,MIA,NE,2022,17,0.0,0.0,LB,0.82,edge,0.3,0.6,1.8,0,-3.0,41.5
PhilJa02,Jaelan Phillips,MIA,NE,2022,17,0.0,1.0,LB,0.88,edge,0.7,2.8,1.8,0,-3.0,41.5
RobeEl00,Elandon Roberts,MIA,NE,2022,17,1.0,1.0,LB,0.68,edge,0.5,0.6,1.8,0,-3.0,41.5
SielZa00,Zach Sieler,MIA,NE,2022,17,1.0,1.0,DT,0.9,interior,0.5,1.8,1.8,0,-3.0,41.5
VanGAn00,Andrew Van Ginkel,MIA,NE,2022,17,0.0,1.0,LB,0.63,edge,,,1.8,0,-3.0,41.5
WilkCh00,Christian Wilkins,MIA,NE,2022,17,1.0,2.0,DT,0.9,interior,0.5,2.2,1.8,0,-3.0,41.5
HickJo00,Jordan Hicks,MIN,GB,2022,17,0.0,0.0,LB,0.6,edge,0.2,0.4,1.8,0,-3.0,47.5
KendEr00,Eric Kendricks,MIN,GB,2022,17,0.0,0.0,LB,0.89,edge,0.2,0.2,1.8,0,-3.0,47.5
TongKh00,Khyiris Tonga,MIN,GB,2022,17,0.0,1.0,NT,0.6,interior,,,1.8,0,-3.0,47.5
WonnDJ00,D.J. Wonnum,MIN,GB,2022,17,0.0,0.0,LB,0.6,edge,0.0,0.0,1.8,0,-3.0,47.5
BentJa00,Ja'Whaun Bentley,NE,MIA,2022,17,0.0,0.0,LB,0.77,edge,0.2,0.6,2.8,0,3.0,41.5
JudoMa00,Matt Judon,NE,MIA,2022,17,0.0,1.0,LB,0.79,edge,0.5,1.4,2.8,0,3.0,41.5
WiseDe00,Deatrich Wise Jr.,NE,MIA,2022,17,0.0,1.0,DE,0.72,edge,0.5,3.0,2.8,0,3.0,41.5
DaviDe00,Demario Davis,NO,PHI,2022,17,0.0,0.0,LB,1.0,edge,0.1,0.2,1.8,0,-5.5,41.5
ElliKa00,Kaden Elliss,NO,PHI,2022,17,1.5,3.0,LB,0.67,edge,0.5,0.6,1.8,0,-5.5,41.5
GranCa01,Carl Granderson,NO,PHI,2022,17,1.5,3.0,DE,0.73,edge,1.25,2.5,1.8,0,-5.5,41.5
JordCa00,Cameron Jordan,NO,PHI,2022,17,3.0,4.0,DE,0.82,edge,0.7,1.4,1.8,0,-5.5,41.5
LawrDe03,Dexter Lawrence,NYG,IND,2022,17,1.0,3.0,DT,0.67,interior,0.3,2.4,4.0,0,5.5,38.5
SmitJa05,Jaylon Smith,NYG,IND,2022,17,0.0,1.0,LB,0.62,edge,0.2,0.2,4.0,0,5.5,38.5
ThibKa00,Kayvon Thibodeaux,NYG,IND,2022,17,1.0,1.0,LB,0.72,edge,0.4,2.0,4.0,0,5.5,38.5
MoslC.00,C.J. Mosley,NYJ,SEA,2022,17,0.0,0.0,LB,0.92,edge,0.0,0.4,3.0,0,1.0,43.0
WillQu00,Quinnen Williams,NYJ,SEA,2022,17,0.0,4.0,NT,0.68,interior,0.8,1.4,3.0,0,1.0,43.0
WillQu01,Quincy Williams,NYJ,SEA,2022,17,0.0,0.0,LB,0.94,edge,0.0,0.4,3.0,0,1.0,43.0
CoxxFl00,Fletcher Cox,PHI,NO,2022,17,1.0,2.0,DT,0.65,interior,0.2,1.2,1.8,0,5.5,41.5
EdwaTJ02,T.J. Edwards,PHI,NO,2022,17,0.0,0.0,LB,0.94,edge,0.0,0.0,1.8,0,5.5,41.5
GrahBr99,Brandon Graham,PHI,NO,2022,17,2.0,3.0,DE,0.74,edge,,,1.8,0,5.5,41.5
HargJa00,Javon Hargrave,PHI,NO,2022,17,1.0,2.0,DT,0.65,interior,1.6,2.0,1.8,0,5.5,41.5
ReddHa00,Haason Reddick,PHI,NO,2022,17,2.0,3.0,LB,0.94,edge,1.3,2.8,1.8,0,5.5,41.5
WhitKy00,Kyzir White,PHI,NO,2022,17,0.0,0.0,LB,0.96,edge,0.1,0.2,1.8,0,5.5,41.5
HeywCa01,Cameron Heyward,PIT,BAL,2022,17,0.0,0.0,DT,0.88,interior,0.9,3.2,2.0,0,-1.0,35.5
HighAl02,Alex Highsmith,PIT,BAL,2022,17,0.0,0.0,LB,1.0,edge,0.6,1.2,2.0,0,-1.0,35.5
SpilRo00,Robert Spillane,PIT,BAL,2022,17,0.0,0.0,LB,1.0,edge,0.0,0.0,2.0,0,-1.0,35.5
WattT.00,T.J. Watt,PIT,BAL,2022,17,1.0,2.0,LB,0.94,edge,0.5,1.0,2.0,0,-1.0,35.5
BartCo00,Cody Barton,SEA,NYJ,2022,17,0.0,0.0,LB,0.88,edge,0.0,0.0,2.6,0,-1.0,43.0
NwosUc00,Uchenna Nwosu,SEA,NYJ,2022,17,0.0,2.0,LB,0.86,edge,0.4,1.4,2.6,0,-1.0,43.0
TaylDa00,Darrell Taylor,SEA,NYJ,2022,17,2.5,3.0,LB,0.61,edge,0.3333333333333333,1.6666666666666667,2.6,0,-1.0,43.0
AlShAz00,Azeez Al-Shaair,SF,LV,2022,17,0.0,0.0,LB,0.66,edge,,,1.4,1,10.0,41.5
ArmsAr01,Arik Armstead,SF,LV,2022,17,0.0,0.0,DT,0.78,interior,0.0,1.25,1.4,1,10.0,41.5
BosaNi00,Nick Bosa,SF,LV,2022,17,0.0,6.0,DE,0.86,edge,1.4,3.0,1.4,1,10.0,41.5
GreeDr00,Dre Greenlaw,SF,LV,2022,17,0.0,0.0,LB,0.61,edge,0.0,0.2,1.4,1,10.0,41.5
WarnFr00,Fred Warner,SF,LV,2022,17,0.0,0.0,LB,1.0,edge,0.0,0.2,1.4,1,10.0,41.5
DaviLa00,Lavonte David,TB,CAR,2022,17,0.0,0.0,LB,1.0,edge,0.4,0.4,2.0,0,3.5,40.5
NelsAn01,Anthony Nelson,TB,CAR,2022,17,1.0,3.0,LB,1.0,edge,0.375,1.0,2.0,0,3.5,40.5
TryoJo00,Joe Tryon-Shoyinka,TB,CAR,2022,17,0.0,3.0,LB,0.98,edge,0.3,1.8,2.0,0,3.5,40.5
WhitDe02,Devin White,TB,CAR,2022,17,0.0,1.0,LB,1.0,edge,0.1,1.2,2.0,0,3.5,40.5
GibbJa00,Jack Gibbens,TEN,DAL,2022,17,0.0,0.0,LB,1.0,edge,0.0,0.0,2.2,0,-14.0,41.0
RiceMo00,Monty Rice,TEN,DAL,2022,17,0.0,1.0,LB,0.81,edge,0.0,0.3333333333333333,2.2,0,-14.0,41.0
WalkDe03,DeMarcus Walker,TEN,DAL,2022,17,0.5,1.0,DE,0.69,edge,,,2.2,0,-14.0,41.0
WeavRa00,Rashad Weaver,TEN,DAL,2022,17,0.0,1.0,LB,0.71,edge,0.5,1.75,2.2,0,-14.0,41.0
DaviJa11,Jamin Davis,WAS,CLE,2022,17,0.0,0.0,LB,1.0,edge,0.0,0.2,2.4,0,1.0,41.5
MayoDa00,David Mayo,WAS,CLE,2022,17,1.0,1.0,LB,0.91,edge,0.0,0.0,2.4,0,1.0,41.5
PaynDa00,Daron Payne,WAS,CLE,2022,17,2.0,2.0,DT,0.91,interior,0.8,1.0,2.4,0,1.0,41.5
SweaMo00,Montez Sweat,WAS,CLE,2022,17,1.0,2.0,DE,0.67,edge,0.4,2.2,2.4,0,1.0,41.5
YounCh04,Chase Young,WAS,CLE,2022,17,0.0,1.0,DE,0.67,edge,,,2.4,0,1.0,41.5
NiemBe00,Ben Niemann,ARI,SF,2022,18,0.0,1.0,LB,1.0,edge,0.0,0.0,1.6,0,-14.0,40.0
SimmIs00,Isaiah Simmons,ARI,SF,2022,18,1.0,1.0,LB,0.97,edge,0.2,0.2,1.6,0,-14.0,40.0
TurnZe00,Zeke Turner,ARI,SF,2022,18,0.0,0.0,LB,0.61,edge,,,1.6,0,-14.0,40.0
WattJ.00,J.J. Watt,ARI,SF,2022,18,2.0,2.0,DE,0.84,edge,1.0,2.6,1.6,0,-14.0,40.0
AndeTr00,Troy Andersen,ATL,TB,2022,18,0.0,2.0,LB,0.95,edge,0.0,0.0,1.0,1,6.0,40.5
CartLo01,Lorenzo Carter,ATL,TB,2022,18,0.0,1.0,LB,0.76,edge,0.3,1.6,1.0,1,6.0,40.5
EvanRa01,Rashaan Evans,ATL,TB,2022,18,0.0,0.0,LB,1.0,edge,0.2,0.6,1.0,1,6.0,40.5
JarrGr00,Grady Jarrett,ATL,TB,2022,18,0.0,1.0,DT,0.71,interior,0.3,1.2,1.0,1,6.0,40.5
QueePa00,Patrick Queen,BAL,CIN,2022,18,0.0,0.0,LB,0.91,edge,0.2,1.0,1.6,0,-11.0,39.0
SmitRo07,Roquan Smith,BAL,CIN,2022,18,0.0,0.0,LB,0.98,edge,0.2,0.8,1.6,0,-11.0,39.0
EdmuTr01,Tremaine Edmunds,BUF,NE,2022,18,0.0,1.0,LB,1.0,edge,0.0,0.0,1.8,0,8.0,44.0
MilaMa00,Matt Milano,BUF,NE,2022,18,0.0,0.0,LB,1.0,edge,0.1,1.2,1.8,0,8.0,44.0
RousGr00,Gregory Rousseau,BUF,NE,2022,18,1.0,2.0,DE,0.63,edge,0.5,1.8,1.8,0,8.0,44.0
BrowDe05,Derrick Brown,CAR,NO,2022,18,0.0,2.0,DT,0.87,interior,0.0,1.2,2.4,1,-3.5,41.5
HaynMa01,Marquis Haynes,CAR,NO,2022,18,0.0,1.0,DE,0.63,edge,,,2.4,1,-3.5,41.5
LuvuFr00,Frankie Luvu,CAR,NO,2022,18,0.0,0.0,LB,1.0,edge,0.6,1.2,2.4,1,-3.5,41.5
ThomSh01,Shaq Thompson,CAR,NO,2022,18,0.0,0.0,LB,1.0,edge,0.1,0.4,2.4,1,-3.5,41.5
GipsTr00,Trevis Gipson,CHI,MIN,2022,18,0.0,1.0,LB,0.76,edge,0.2,1.2,3.8,0,-6.5,42.5
MorrNi00,Nicholas Morrow,CHI,MIN,2022,18,0.0,0.0,LB,1.0,edge,0.0,0.4,3.8,0,-6.5,42.5
RobiDo00,Dominique Robinson,CHI,MIN,2022,18,0.0,1.0,DE,0.66,edge,0.0,0.5,3.8,0,-6.5,42.5
ThomJo04,Joe Thomas,CHI,MIN,2022,18,0.0,0.0,LB,1.0,edge,0.0,0.0,3.8,0,-6.5,42.5
HillB.00,B.J. Hill,CIN,BAL,2022,18,1.0,2.0,DT,0.78,interior,0.0,1.4,2.0,0,11.0,39.0
HubbSa00,Sam Hubbard,CIN,BAL,2022,18,0.0,1.0,DE,0.85,edge,0.8,3.0,2.0,0,11.0,39.0
PratGe00,Germaine Pratt,CIN,BAL,2022,18,0.0,0.0,LB,0.85,edge,0.0,0.0,2.0,0,11.0,39.0
WilsLo00,Logan Wilson,CIN,BAL,2022,18,0.0,0.0,LB,1.0,edge,0.5,1.0,2.0,0,11.0,39.0
FielTo00,Tony Fields,CLE,PIT,2022,18,0.0,0.0,LB,0.7,edge,0.0,0.0,1.0,0,-2.5,40.0
GarrMy00,Myles Garrett,CLE,PIT,2022,18,1.0,3.0,DE,0.93,edge,1.3,2.4,1.0,0,-2.5,40.0
JoneDe01,Deion Jones,CLE,PIT,2022,18,0.0,0.0,LB,0.88,edge,0.5,0.6,1.0,0,-2.5,40.0
ClarDa02,Damone Clark,DAL,WAS,2022,18,0.0,0.0,LB,0.83,edge,0.0,0.0,2.6,0,7.5,40.5
OdigOs00,Osa Odighizuwa,DAL,WAS,2022,18,1.0,1.0,DT,0.65,interior,0.0,1.0,2.6,0,7.5,40.5
ParsMi00,Micah Parsons,DAL,WAS,2022,18,0.5,1.0,LB,0.7,edge,0.2,2.2,2.6,0,7.5,40.5
BrowBa01,Baron Browning,DEN,LAC,2022,18,1.0,1.0,LB,0.6,edge,0.3,1.2,3.2,0,6.0,38.5
JeweJo00,Josey Jewell,DEN,LAC,2022,18,0.0,0.0,LB,1.0,edge,0.0,0.2,3.2,0,6.0,38.5
SingAl00,Alex Singleton,DEN,LAC,2022,18,0.0,0.0,LB,0.99,edge,0.0,0.2,3.2,0,6.0,38.5
AnzaAl00,Alex Anzalone,DET,GB,2022,18,0.0,1.0,LB,1.0,edge,0.0,0.4,1.8,0,-5.5,49.0
ComiJo00,John Cominsky,DET,GB,2022,18,0.0,2.0,DT,0.77,interior,0.6,2.2,1.8,0,-5.5,49.0
HutcAi00,Aidan Hutchinson,DET,GB,2022,18,2.0,2.0,DE,0.82,edge,0.4,2.0,1.8,0,-5.5,49.0
McNeAl00,Alim McNeill,DET,GB,2022,18,0.0,2.0,NT,0.68,interior,0.2,1.2,1.8,0,-5.5,49.0
CampDe00,De'Vondre Campbell,GB,DET,2022,18,0.0,1.0,LB,1.0,edge,0.0,0.2,1.2,0,5.5,49.0
ClarKe01,Kenny Clark,GB,DET,2022,18,0.0,1.0,NT,0.87,interior,0.4,1.4,1.2,0,5.5,49.0
ReedJa02,Jarran Reed,GB,DET,2022,18,0.0,1.0,DT,0.79,interior,0.2,1.8,1.2,0,5.5,49.0
SmitPr00,Preston Smith,GB,DET,2022,18,0.0,1.0,LB,0.92,edge,1.0,2.0,1.2,0,5.5,49.0
WalkQu00,Quay Walker,GB,DET,2022,18,0.0,0.0,LB,0.74,edge,0.2,0.6,1.2,0,5.5,49.0
HarrCh06,Christian Harris,HOU,IND,2022,18,1.0,1.0,LB,1.0,edge,0.0,0.4,3.6,1,-3.0,38.0
KirkCh00,Christian Kirksey,HOU,IND,2022,18,0.0,0.0,LB,1.0,edge,0.2,0.2,3.6,1,-3.0,38.0
OkorOg00,Ogbonnia Okoronkwo,HOU,IND,2022,18,0.0,1.0,DE,0.6,edge,,,3.6,1,-3.0,38.0
BuckDe00,DeForest Buckner,IND,HOU,2022,18,0.0,3.0,DT,0.78,interior,0.6,1.8,0.8,1,3.0,38.0
FranZa00,Zaire Franklin,IND,HOU,2022,18,1.0,1.0,LB,0.98,edge,0.2,0.2,0.8,1,3.0,38.0
OdeyDa00,Dayo Odeyingbo,IND,HOU,2022,18,0.0,2.0,DE,0.8,edge,0.0,1.25,0.8,1,3.0,38.0
PayeKw00,Kwity Paye,IND,HOU,2022,18,0.0,2.0,DE,0.78,edge,0.8,2.4,0.8,1,3.0,38.0
SpeeEJ00,E.J. Speed,IND,HOU,2022,18,0.0,0.0,LB,0.63,edge,,,0.8,1,3.0,38.0
StewGr00,Grover Stewart,IND,HOU,2022,18,0.0,1.0,DT,0.68,interior,0.4,0.8,0.8,1,3.0,38.0
AlleJo03,Josh Allen,JAX,TEN,2022,18,1.0,3.0,LB,0.8,edge,0.6,2.0,4.0,0,6.0,39.5
OluoFo00,Foyesade Oluokun,JAX,TEN,2022,18,1.0,1.0,LB,1.0,edge,0.0,0.4,4.0,0,6.0,39.5
RobeRo00,Roy Robertson-Harris,JAX,TEN,2022,18,1.0,2.0,DT,0.69,interior,0.2,1.0,4.0,0,6.0,39.5
WalkTr03,Travon Walker,JAX,TEN,2022,18,0.0,1.0,LB,0.84,edge,0.1,1.4,4.0,0,6.0,39.5
BoltNi00,Nick Bolton,KC,LV,2022,18,0.0,0.0,LB,1.0,edge,0.0,0.4,1.2,1,9.0,51.5
DannMi00,Michael Danna,KC,LV,2022,18,2.0,2.0,DE,0.64,edge,0.0,1.6666666666666667,1.2,1,9.0,51.5
DunlCa99,Carlos Dunlap,KC,LV,2022,18,0.0,3.0,LB,0.73,edge,0.6666666666666666,1.6666666666666667,1.2,1,9.0,51.5
JoneCh09,Chris Jones,KC,LV,2022,18,2.5,9.0,DT,0.66,interior,1.2,2.8,1.2,1,9.0,51.5
KarlGe00,George Karlaftis III,KC,LV,2022,18,0.5,2.0,DE,0.64,edge,0.5,1.2,1.2,1,9.0,51.5
BrowEa00,Earnest Brown IV,LA,SEA,2022,18,0.0,1.0,DE,0.77,edge,,,3.0,0,-5.5,41.5
FloyLe00,Leonard Floyd,LA,SEA,2022,18,1.0,4.0,LB,0.93,edge,0.6,2.6,3.0,0,-5.5,41.5
HoecMi00,Michael Hoecht,LA,SEA,2022,18,1.0,1.0,DT,0.9,interior,0.7,1.8,3.0,0,-5.5,41.5
WagnBo00,Bobby Wagner,LA,SEA,2022,18,0.0,1.0,LB,1.0,edge,0.6,0.6,3.0,0,-5.5,41.5
MackKh00,Khalil Mack,LAC,DEN,2022,18,0.0,0.0,LB,0.65,edge,0.2,1.4,5.0,0,-6.0,38.5
TranDr00,Drue Tranquill,LAC,DEN,2022,18,0.0,0.0,LB,0.85,edge,0.4,0.6,5.0,0,-6.0,38.5
CrosMa00,Maxx Crosby,LV,KC,2022,18,1.0,4.0,DE,1.0,edge,0.2,3.0,1.4,1,-9.0,51.5
FerrCl00,Clelin Ferrell,LV,KC,2022,18,1.0,2.0,DE,0.98,edge,0.16666666666666666,1.3333333333333333,1.4,1,-9.0,51.5
MastLu00,Luke Masterson,LV,KC,2022,18,0.0,1.0,LB,0.95,edge,0.0,0.0,1.4,1,-9.0,51.5
NichBi00,Bilal Nichols,LV,KC,2022,18,0.0,1.0,DT,0.78,interior,0.3,1.4,1.4,1,-9.0,51.5
BakeJe00,Jerome Baker,MIA,NYJ,2022,18,0.0,2.0,LB,0.89,edge,0.3,0.6,3.2,0,3.5,37.5
PhilJa02,Jaelan Phillips,MIA,NYJ,2022,18,0.0,5.0,LB,0.86,edge,0.5,2.6,3.2,0,3.5,37.5
RobeEl00,Elandon Roberts,MIA,NYJ,2022,18,0.0,0.0,LB,0.61,edge,0.7,0.8,3.2,0,3.5,37.5
SielZa00,Zach Sieler,MIA,NYJ,2022,18,0.0,3.0,DT,0.8,interior,0.5,1.8,3.2,0,3.5,37.5
WilkCh00,Christian Wilkins,MIA,NYJ,2022,18,0.0,1.0,DT,0.89,interior,0.6,2.2,3.2,0,3.5,37.5
JonePa00,Patrick Jones II,MIN,CHI,2022,18,1.0,2.0,LB,0.71,edge,,,3.4,0,6.5,42.5
OtomEs00,Esezi Otomewo,MIN,CHI,2022,18,0.0,0.0,DE,0.61,edge,,,3.4,0,6.5,42.5
WonnDJ00,D.J. Wonnum,MIN,CHI,2022,18,0.0,1.0,LB,0.73,edge,0.0,0.0,3.4,0,6.5,42.5
BentJa00,Ja'Whaun Bentley,NE,BUF,2022,18,0.0,0.0,LB,1.0,edge,0.2,0.6,2.2,0,-8.0,44.0
DaviDe00,Demario Davis,NO,CAR,2022,18,0.0,0.0,LB,1.0,edge,0.0,0.0,1.6,1,3.5,41.5
ElliKa00,Kaden Elliss,NO,CAR,2022,18,0.0,1.0,LB,0.68,edge,0.5,0.8,1.6,1,3.5,41.5
OnyeDa00,David Onyemata,NO,CAR,2022,18,1.0,2.0,DT,0.69,interior,0.25,1.25,1.6,1,3.5,41.5
AndeRy01,Ryder Anderson,NYG,PHI,2022,18,0.0,2.0,DT,0.71,interior,,,2.6,0,-16.5,42.5
DaviJa01,Jarrad Davis,NYG,PHI,2022,18,0.5,2.0,LB,0.96,edge,,,2.6,0,-16.5,42.5
FoxxTo00,Tomon Fox,NYG,PHI,2022,18,0.0,2.0,LB,1.0,edge,,,2.6,0,-16.5,42.5
XimiOs00,Oshane Ximines,NYG,PHI,2022,18,0.0,0.0,LB,1.0,edge,0.25,1.5,2.6,0,-16.5,42.5
MoslC.00,C.J. Mosley,NYJ,MIA,2022,18,0.0,1.0,LB,0.86,edge,0.0,0.2,2.2,0,-3.5,37.5
WillQu00,Quinnen Williams,NYJ,MIA,2022,18,0.0,1.0,NT,0.68,interior,0.6,2.0,2.2,0,-3.5,37.5
WillQu01,Quincy Williams,NYJ,MIA,2022,18,1.0,1.0,LB,0.91,edge,0.0,0.4,2.2,0,-3.5,37.5
CoxxFl00,Fletcher Cox,PHI,NYG,2022,18,0.0,3.0,DT,0.62,interior,0.4,1.4,2.8,0,16.5,42.5
EdwaTJ02,T.J. Edwards,PHI,NYG,2022,18,0.0,0.0,LB,1.0,edge,0.0,0.0,2.8,0,16.5,42.5
GrahBr99,Brandon Graham,PHI,NYG,2022,18,0.0,0.0,DE,0.7,edge,2.0,3.0,2.8,0,16.5,42.5
HargJa00,Javon Hargrave,PHI,NYG,2022,18,0.0,1.0,DT,0.65,interior,1.8,2.2,2.8,0,16.5,42.5
ReddHa00,Haason Reddick,PHI,NYG,2022,18,0.0,5.0,LB,0.79,edge,1.6,3.0,2.8,0,16.5,42.5
WhitKy00,Kyzir White,PHI,NYG,2022,18,1.0,1.0,LB,0.95,edge,0.1,0.2,2.8,0,16.5,42.5
HeywCa01,Cameron Heyward,PIT,CLE,2022,18,2.0,4.0,DT,0.84,interior,0.9,2.4,2.6,0,2.5,40.0
HighAl02,Alex Highsmith,PIT,CLE,2022,18,2.5,3.0,LB,0.97,edge,0.4,0.8,2.6,0,2.5,40.0
OgunLa00,Larry Ogunjobi,PIT,CLE,2022,18,1.0,1.0,DT,0.69,interior,0.0,0.8,2.6,0,2.5,40.0
SpilRo00,Robert Spillane,PIT,CLE,2022,18,0.0,0.0,LB,1.0,edge,0.0,0.0,2.6,0,2.5,40.0
WattT.00,T.J. Watt,PIT,CLE,2022,18,0.5,2.0,LB,0.88,edge,0.7,1.2,2.6,0,2.5,40.0
BartCo00,Cody Barton,SEA,LA,2022,18,0.0,0.0,LB,1.0,edge,0.0,0.0,3.2,0,5.5,41.5
MuseTa00,Tanner Muse,SEA,LA,2022,18,0.0,0.0,LB,0.62,edge,,,3.2,0,5.5,41.5
NwosUc00,Uchenna Nwosu,SEA,LA,2022,18,0.5,4.0,LB,0.69,edge,0.4,1.6,3.2,0,5.5,41.5
AlShAz00,Azeez Al-Shaair,SF,ARI,2022,18,0.0,1.0,LB,0.92,edge,0.0,0.0,2.6,0,14.0,40.0
OmenCh00,Charles Omenihu,SF,ARI,2022,18,0.5,2.0,DE,0.67,edge,1.0,2.0,2.6,0,14.0,40.0
WarnFr00,Fred Warner,SF,ARI,2022,18,0.0,0.0,LB,0.67,edge,0.0,0.0,2.6,0,14.0,40.0
BritKJ00,K.J. Britt,TB,ATL,2022,18,0.0,0.0,LB,0.66,edge,,,1.8,1,-6.0,40.5
HallLo00,Logan Hall,TB,ATL,2022,18,0.0,1.0,DE,0.69,edge,,,1.8,1,-6.0,40.5
NelsAn01,Anthony Nelson,TB,ATL,2022,18,0.0,0.0,LB,0.75,edge,0.5,1.4,1.8,1,-6.0,40.5
RussJJ00,J.J. Russell,TB,ATL,2022,18,0.0,0.0,LB,0.66,edge,,,1.8,1,-6.0,40.5
TryoJo00,Joe Tryon-Shoyinka,TB,ATL,2022,18,0.0,1.0,LB,0.72,edge,0.3,2.2,1.8,1,-6.0,40.5
AutrDe00,Denico Autry,TEN,JAX,2022,18,0.0,1.0,DE,0.86,edge,0.8,2.0,1.2,0,-6.0,39.5
GibbJa00,Jack Gibbens,TEN,JAX,2022,18,0.0,0.0,LB,0.96,edge,0.0,0.0,1.2,0,-6.0,39.5
HudsKh00,Khaleke Hudson,WAS,DAL,2022,18,0.0,1.0,LB,1.0,edge,,,2.4,0,-7.5,40.5
MayoDa00,David Mayo,WAS,DAL,2022,18,0.0,1.0,LB,0.82,edge,0.5,0.5,2.4,0,-7.5,40.5
ObadEf00,Efe Obada,WAS,DAL,2022,18,1.0,1.0,DE,0.63,edge,,,2.4,0,-7.5,40.5
PaynDa00,Daron Payne,WAS,DAL,2022,18,0.0,2.0,DT,0.84,interior,1.0,1.2,2.4,0,-7.5,40.5
SweaMo00,Montez Sweat,WAS,DAL,2022,18,0.0,0.0,DE,0.69,edge,0.6,2.2,2.4,0,-7.5,40.5
BowsTy00,Tyus Bowser,BAL,CIN,2022,19,1.0,3.0,LB,0.6,edge,0.4,0.8,1.8,0,-7.5,40.0
CampCa99,Calais Campbell,BAL,CIN,2022,19,0.0,1.0,DE,0.6,edge,0.7,1.6,1.8,0,-7.5,40.0
QueePa00,Patrick Queen,BAL,CIN,2022,19,0.0,0.0,LB,1.0,edge,0.2,1.0,1.8,0,-7.5,40.0
SmitRo07,Roquan Smith,BAL,CIN,2022,19,0.0,0.0,LB,0.95,edge,0.2,0.4,1.8,0,-7.5,40.0
EdmuTr01,Tremaine Edmunds,BUF,MIA,2022,19,0.0,1.0,LB,1.0,edge,0.0,0.2,1.8,0,14.0,44.0
JoneDa04,DaQuan Jones,BUF,MIA,2022,19,0.0,2.0,DT,0.69,interior,0.25,1.75,1.8,0,14.0,44.0
MilaMa00,Matt Milano,BUF,MIA,2022,19,2.0,2.0,LB,0.99,edge,0.1,0.6,1.8,0,14.0,44.0
OlivEd00,Ed Oliver,BUF,MIA,2022,19,1.0,3.0,DT,0.7,interior,0.4,1.4,1.8,0,14.0,44.0
HillB.00,B.J. Hill,CIN,BAL,2022,19,1.0,2.0,DT,0.87,interior,0.2,1.4,2.0,0,7.5,40.0
HubbSa00,Sam Hubbard,CIN,BAL,2022,19,0.0,1.0,DE,0.87,edge,0.6,2.4,2.0,0,7.5,40.0
PratGe00,Germaine Pratt,CIN,BAL,2022,19,0.0,0.0,LB,0.91,edge,0.0,0.0,2.0,0,7.5,40.0
WilsLo00,Logan Wilson,CIN,BAL,2022,19,0.0,0.0,LB,1.0,edge,0.5,1.0,2.0,0,7.5,40.0
ArmsDo00,Dorance Armstrong Jr.,DAL,TB,2022,19,0.0,2.0,DE,0.6,edge,1.0,3.0,0.8,0,2.5,45.5
BarrAn00,Anthony Barr,DAL,TB,2022,19,0.0,0.0,LB,0.68,edge,0.0,0.2,0.8,0,2.5,45.5
ParsMi00,Micah Parsons,DAL,TB,2022,19,1.0,3.0,LB,0.96,edge,0.3,1.8,0.8,0,2.5,45.5
VandLe00,Leighton Vander Esch,DAL,TB,2022,19,0.0,0.0,LB,0.88,edge,0.0,0.0,0.8,0,2.5,45.5
AlleJo03,Josh Allen,JAX,LAC,2022,19,1.0,4.0,LB,0.76,edge,0.8,2.6,2.4,0,-2.0,46.5
HamiDa02,DaVon Hamilton,JAX,LAC,2022,19,0.0,0.0,DT,0.69,interior,0.0,0.25,2.4,0,-2.0,46.5
LloyDe00,Devin Lloyd,JAX,LAC,2022,19,0.0,0.0,LB,0.7,edge,0.0,0.2,2.4,0,-2.0,46.5
OluoFo00,Foyesade Oluokun,JAX,LAC,2022,19,0.0,1.0,LB,1.0,edge,0.2,0.4,2.4,0,-2.0,46.5
RobeRo00,Roy Robertson-Harris,JAX,LAC,2022,19,1.0,2.0,DT,0.77,interior,0.4,1.4,2.4,0,-2.0,46.5
WalkTr03,Travon Walker,JAX,LAC,2022,19,0.5,3.0,LB,0.8,edge,0.0,1.4,2.4,0,-2.0,46.5
JoseSe00,Sebastian Joseph-Day,LAC,JAX,2022,19,0.5,2.0,NT,0.76,interior,0.2,0.8,1.0,0,2.0,46.5
MackKh00,Khalil Mack,LAC,JAX,2022,19,1.0,4.0,LB,0.82,edge,0.2,1.2,1.0,0,2.0,46.5
MurrKe00,Kenneth Murray,LAC,JAX,2022,19,0.5,1.0,LB,0.89,edge,0.2,0.8,1.0,0,2.0,46.5
TranDr00,Drue Tranquill,LAC,JAX,2022,19,0.0,0.0,LB,1.0,edge,0.4,0.6,1.0,0,2.0,46.5
VanNKy00,Kyle Van Noy,LAC,JAX,2022,19,0.0,1.0,LB,0.69,edge,0.6,1.2,1.0,0,2.0,46.5
BakeJe00,Jerome Baker,MIA,BUF,2022,19,1.0,1.0,LB,0.96,edge,0.2,0.6,2.0,0,-14.0,44.0
PhilJa02,Jaelan Phillips,MIA,BUF,2022,19,0.5,3.0,LB,0.85,edge,0.4,3.0,2.0,0,-14.0,44.0
RobeEl00,Elandon Roberts,MIA,BUF,2022,19,0.0,2.0,LB,0.61,edge,0.4,0.4,2.0,0,-14.0,44.0
SielZa00,Zach Sieler,MIA,BUF,2022,19,2.0,4.0,DT,0.95,interior,0.5,2.0,2.0,0,-14.0,44.0
WilkCh00,Christian Wilkins,MIA,BUF,2022,19,1.0,2.0,DT,0.95,interior,0.6,2.4,2.0,0,-14.0,44.0
HickJo00,Jordan Hicks,MIN,NYG,2022,19,0.0,1.0,LB,0.79,edge,0.0,0.2,2.4,1,2.5,48.0
HuntDa01,Danielle Hunter,MIN,NYG,2022,19,1.0,2.0,LB,0.85,edge,0.9,2.8,2.4,1,2.5,48.0
KendEr00,Eric Kendricks,MIN,NYG,2022,19,1.0,1.0,LB,1.0,edge,0.2,0.2,2.4,1,2.5,48.0
SmitZa00,Za'Darius Smith,MIN,NYG,2022,19,0.0,1.0,LB,0.72,edge,0.1,2.2,2.4,1,2.5,48.0
LawrDe03,Dexter Lawrence,NYG,MIN,2022,19,0.0,4.0,DT,0.89,interior,0.5,2.8,3.4,1,-2.5,48.0
SmitJa05,Jaylon Smith,NYG,MIN,2022,19,0.0,0.0,LB,0.61,edge,0.2,0.4,3.4,1,-2.5,48.0
ThibKa00,Kayvon Thibodeaux,NYG,MIN,2022,19,0.0,1.0,LB,0.93,edge,0.6,1.0,3.4,1,-2.5,48.0
WillLe02,Leonard Williams,NYG,MIN,2022,19,0.0,4.0,DT,0.91,interior,0.3,1.2,3.4,1,-2.5,48.0
BartCo00,Cody Barton,SEA,SF,2022,19,0.0,0.0,LB,1.0,edge,0.0,0.0,1.6,0,-10.0,42.0
MuseTa00,Tanner Muse,SEA,SF,2022,19,0.0,0.0,LB,0.68,edge,0.0,0.0,1.6,0,-10.0,42.0
NwosUc00,Uchenna Nwosu,SEA,SF,2022,19,0.0,1.0,LB,0.74,edge,0.1,1.8,1.6,0,-10.0,42.0
GreeDr00,Dre Greenlaw,SF,SEA,2022,19,0.0,0.0,LB,0.72,edge,0.0,0.2,2.8,0,10.0,42.0
WarnFr00,Fred Warner,SF,SEA,2022,19,0.0,0.0,LB,0.74,edge,0.0,0.0,2.8,0,10.0,42.0
DaviLa00,Lavonte David,TB,DAL,2022,19,0.0,1.0,LB,1.0,edge,0.4,0.4,2.4,0,-2.5,45.5
HickAk00,Akiem Hicks,TB,DAL,2022,19,0.0,0.0,DT,0.64,interior,0.0,0.5,2.4,0,-2.5,45.5
NelsAn01,Anthony Nelson,TB,DAL,2022,19,0.0,0.0,LB,0.87,edge,0.5,1.4,2.4,0,-2.5,45.5
VeaxVi00,Vita Vea,TB,DAL,2022,19,1.0,1.0,NT,0.62,interior,0.8,1.4,2.4,0,-2.5,45.5
WhitDe02,Devin White,TB,DAL,2022,19,0.0,0.0,LB,1.0,edge,0.0,1.2,2.4,0,-2.5,45.5
EdmuTr01,Tremaine Edmunds,BUF,CIN,2022,20,0.0,0.0,LB,1.0,edge,0.0,0.4,2.4,0,6.0,48.5
MilaMa00,Matt Milano,BUF,CIN,2022,20,1.0,1.0,LB,1.0,edge,0.5,1.0,2.4,0,6.0,48.5
OlivEd00,Ed Oliver,BUF,CIN,2022,20,0.0,1.0,DT,0.75,interior,0.6,1.6,2.4,0,6.0,48.5
RousGr00,Gregory Rousseau,BUF,CIN,2022,20,0.0,2.0,DE,0.65,edge,0.5,1.8,2.4,0,6.0,48.5
HillB.00,B.J. Hill,CIN,BUF,2022,20,0.0,3.0,DT,0.78,interior,0.4,1.8,3.0,0,-6.0,48.5
HubbSa00,Sam Hubbard,CIN,BUF,2022,20,0.0,3.0,DE,0.79,edge,0.6,2.0,3.0,0,-6.0,48.5
PratGe00,Germaine Pratt,CIN,BUF,2022,20,0.0,0.0,LB,0.9,edge,0.0,0.0,3.0,0,-6.0,48.5
WilsLo00,Logan Wilson,CIN,BUF,2022,20,0.0,1.0,LB,1.0,edge,0.5,0.8,3.0,0,-6.0,48.5
BarrAn00,Anthony Barr,DAL,SF,2022,20,0.0,0.0,LB,0.65,edge,0.0,0.2,1.8,0,-3.5,46.5
LawrDe00,DeMarcus Lawrence,DAL,SF,2022,20,1.0,2.0,DE,0.68,edge,0.2,1.2,1.8,0,-3.5,46.5
OdigOs00,Osa Odighizuwa,DAL,SF,2022,20,1.0,1.0,DT,0.68,interior,0.5,1.0,1.8,0,-3.5,46.5
ParsMi00,Micah Parsons,DAL,SF,2022,20,0.0,1.0,LB,1.0,edge,0.5,2.4,1.8,0,-3.5,46.5
VandLe00,Leighton Vander Esch,DAL,SF,2022,20,0.0,0.0,LB,0.98,edge,0.0,0.0,1.8,0,-3.5,46.5
AlleJo03,Josh Allen,JAX,KC,2022,20,0.0,0.0,LB,0.84,edge,0.8,2.6,1.4,0,-10.0,52.5
HamiDa02,DaVon Hamilton,JAX,KC,2022,20,0.0,1.0,DT,0.76,interior,0.0,0.2,1.4,0,-10.0,52.5
LloyDe00,Devin Lloyd,JAX,KC,2022,20,0.0,2.0,LB,0.82,edge,0.0,0.2,1.4,0,-10.0,52.5
OluoFo00,Foyesade Oluokun,JAX,KC,2022,20,0.0,1.0,LB,1.0,edge,0.2,0.6,1.4,0,-10.0,52.5
WalkTr03,Travon Walker,JAX,KC,2022,20,0.0,1.0,LB,0.78,edge,0.1,1.6,1.4,0,-10.0,52.5
BoltNi00,Nick Bolton,KC,JAX,2022,20,0.0,0.0,LB,1.0,edge,0.0,0.4,1.4,0,10.0,52.5
ClarFr01,Frank Clark,KC,JAX,2022,20,1.0,2.0,DE,0.87,edge,0.4,2.2,1.4,0,10.0,52.5
GayJWi00,Willie Gay Jr.,KC,JAX,2022,20,0.0,1.0,LB,0.64,edge,0.0,0.0,1.4,0,10.0,52.5
JoneCh09,Chris Jones,KC,JAX,2022,20,0.0,1.0,DT,0.82,interior,1.3,3.8,1.4,0,10.0,52.5
DaviJa01,Jarrad Davis,NYG,PHI,2022,20,0.0,1.0,LB,0.9,edge,0.5,2.0,2.8,0,-8.0,48.0
LawrDe03,Dexter Lawrence,NYG,PHI,2022,20,0.0,0.0,DT,0.89,interior,0.3,3.0,2.8,0,-8.0,48.0
SmitJa05,Jaylon Smith,NYG,PHI,2022,20,0.0,0.0,LB,0.9,edge,0.2,0.4,2.8,0,-8.0,48.0
ThibKa00,Kayvon Thibodeaux,NYG,PHI,2022,20,0.0,0.0,LB,0.94,edge,0.4,0.8,2.8,0,-8.0,48.0
WardJi02,Jihad Ward,NYG,PHI,2022,20,0.0,0.0,LB,0.74,edge,0.2,1.4,2.8,0,-8.0,48.0
WillLe02,Leonard Williams,NYG,PHI,2022,20,0.0,1.0,DT,0.96,interior,0.2,1.8,2.8,0,-8.0,48.0
EdwaTJ02,T.J. Edwards,PHI,NYG,2022,20,0.0,0.0,LB,0.9,edge,0.0,0.0,1.6,0,8.0,48.0
ReddHa00,Haason Reddick,PHI,NYG,2022,20,1.5,3.0,LB,0.69,edge,1.4,3.2,1.6,0,8.0,48.0
SweaJo00,Josh Sweat,PHI,NYG,2022,20,1.5,3.0,DE,0.65,edge,1.0,1.8,1.6,0,8.0,48.0
WhitKy00,Kyzir White,PHI,NYG,2022,20,0.0,0.0,LB,0.6,edge,0.3,0.4,1.6,0,8.0,48.0
BosaNi00,Nick Bosa,SF,DAL,2022,20,0.0,1.0,DE,0.89,edge,1.2,3.8,2.4,0,3.5,46.5
EbukSa00,Samson Ebukam,SF,DAL,2022,20,1.0,2.0,DE,0.74,edge,0.1,1.2,2.4,0,3.5,46.5
GreeDr00,Dre Greenlaw,SF,DAL,2022,20,0.0,0.0,LB,1.0,edge,0.0,0.2,2.4,0,3.5,46.5
WarnFr00,Fred Warner,SF,DAL,2022,20,0.0,0.0,LB,1.0,edge,0.0,0.0,2.4,0,3.5,46.5
HubbSa00,Sam Hubbard,CIN,KC,2022,21,1.0,1.0,DE,0.74,edge,0.4,2.2,1.0,0,-2.0,48.5
PratGe00,Germaine Pratt,CIN,KC,2022,21,0.0,0.0,LB,0.83,edge,0.0,0.0,1.0,0,-2.0,48.5
ReadD.00,D.J. Reader,CIN,KC,2022,21,0.0,1.0,NT,0.64,interior,0.0,1.4,1.0,0,-2.0,48.5
WilsLo00,Logan Wilson,CIN,KC,2022,21,0.0,0.0,LB,1.0,edge,0.4,0.8,1.0,0,-2.0,48.5
BoltNi00,Nick Bolton,KC,CIN,2022,21,0.0,0.0,LB,1.0,edge,0.0,0.2,2.2,0,2.0,48.5
ClarFr01,Frank Clark,KC,CIN,2022,21,1.5,3.0,DE,0.86,edge,0.6,2.4,2.2,0,2.0,48.5
DunlCa99,Carlos Dunlap,KC,CIN,2022,21,0.0,2.0,LB,0.61,edge,0.5,2.0,2.2,0,2.0,48.5
JoneCh09,Chris Jones,KC,CIN,2022,21,2.0,5.0,DT,0.82,interior,1.1,3.8,2.2,0,2.0,48.5
EdwaTJ02,T.J. Edwards,PHI,SF,2022,21,0.0,0.0,LB,0.91,edge,0.0,0.0,2.0,0,2.5,45.0
ReddHa00,Haason Reddick,PHI,SF,2022,21,2.0,2.0,LB,0.63,edge,1.5,3.4,2.0,0,2.5,45.0
SweaJo00,Josh Sweat,PHI,SF,2022,21,0.0,1.0,DE,0.63,edge,1.0,1.6,2.0,0,2.5,45.0
WhitKy00,Kyzir White,PHI,SF,2022,21,0.0,0.0,LB,0.85,edge,0.3,0.4,2.0,0,2.5,45.0
ArmsAr01,Arik Armstead,SF,PHI,2022,21,1.0,2.0,DT,0.73,interior,0.0,1.0,2.2,0,-2.5,45.0
BosaNi00,Nick Bosa,SF,PHI,2022,21,0.0,1.0,DE,0.8,edge,0.6,3.0,2.2,0,-2.5,45.0
EbukSa00,Samson Ebukam,SF,PHI,2022,21,0.0,0.0,DE,0.61,edge,0.2,1.2,2.2,0,-2.5,45.0
GreeDr00,Dre Greenlaw,SF,PHI,2022,21,0.0,1.0,LB,1.0,edge,0.0,0.2,2.2,0,-2.5,45.0
WarnFr00,Fred Warner,SF,PHI,2022,21,0.0,0.0,LB,0.97,edge,0.0,0.0,2.2,0,-2.5,45.0
BoltNi00,Nick Bolton,KC,PHI,2022,22,0.0,1.0,LB,1.0,edge,0.0,0.0,2.2,1,-1.0,51.0
ClarFr01,Frank Clark,KC,PHI,2022,22,0.0,2.0,DE,0.79,edge,0.9,2.0,2.2,1,-1.0,51.0
GayJWi00,Willie Gay Jr.,KC,PHI,2022,22,0.0,0.0,LB,0.88,edge,0.0,0.2,2.2,1,-1.0,51.0
JoneCh09,Chris Jones,KC,PHI,2022,22,0.0,1.0,DT,0.81,interior,1.3,4.4,2.2,1,-1.0,51.0
CoxxFl00,Fletcher Cox,PHI,KC,2022,22,0.0,0.0,DT,0.82,interior,0.4,1.6,1.0,1,1.0,51.0
EdwaTJ02,T.J. Edwards,PHI,KC,2022,22,0.0,0.0,LB,1.0,edge,0.0,0.0,1.0,1,1.0,51.0
ReddHa00,Haason Reddick,PHI,KC,2022,22,0.0,4.0,LB,0.84,edge,1.5,3.4,1.0,1,1.0,51.0
SweaJo00,Josh Sweat,PHI,KC,2022,22,0.0,1.0,DE,0.82,edge,1.0,1.8,1.0,1,1.0,51.0
WhitKy00,Kyzir White,PHI,KC,2022,22,0.0,0.0,LB,0.75,edge,0.3,0.4,1.0,1,1.0,51.0
WhitKy00,Kyzir White,ARI,WAS,2023,1,0.0,0.0,LB,1.0,edge,0.2,0.2,3.2,0,-7.0,38.0
AndeTr00,Troy Andersen,ATL,CAR,2023,1,0.5,1.0,LB,0.99,edge,0.0,0.4,2.0,1,3.5,40.5
CampCa99,Calais Campbell,ATL,CAR,2023,1,0.0,1.0,DE,0.66,edge,0.5,1.6,2.0,1,3.5,40.5
DuprAl00,Bud Dupree,ATL,CAR,2023,1,0.0,2.0,LB,0.65,edge,0.4,1.8,2.0,1,3.5,40.5
ElliKa00,Kaden Elliss,ATL,CAR,2023,1,0.0,0.0,LB,1.0,edge,0.5,1.0,2.0,1,3.5,40.5
JarrGr00,Grady Jarrett,ATL,CAR,2023,1,0.5,3.0,DT,0.64,interior,0.1,1.2,2.0,1,3.5,40.5
ClowJa00,Jadeveon Clowney,BAL,HOU,2023,1,0.0,2.0,LB,0.6,edge,0.1,1.2,1.0,0,9.5,43.5
MaduJu00,Justin Madubuike,BAL,HOU,2023,1,1.0,1.0,DT,0.74,interior,0.8,1.2,1.0,0,9.5,43.5
OwehJa00,Odafe Oweh,BAL,HOU,2023,1,0.0,3.0,LB,0.64,edge,0.2,1.6,1.0,0,9.5,43.5
QueePa00,Patrick Queen,BAL,HOU,2023,1,1.0,1.0,LB,1.0,edge,0.2,0.8,1.0,0,9.5,43.5
SmitRo07,Roquan Smith,BAL,HOU,2023,1,1.0,2.0,LB,1.0,edge,0.0,0.2,1.0,0,9.5,43.5
BernTe00,Terrel Bernard,BUF,NYJ,2023,1,0.0,1.0,LB,1.0,edge,0.0,0.0,3.0,0,2.5,44.5
MilaMa00,Matt Milano,BUF,NYJ,2023,1,0.0,1.0,LB,1.0,edge,0.7,1.0,3.0,0,2.5,44.5
OlivEd00,Ed Oliver,BUF,NYJ,2023,1,0.5,3.0,DT,0.7,interior,0.4,1.4,3.0,0,2.5,44.5
RousGr00,Gregory Rousseau,BUF,NYJ,2023,1,0.0,3.0,DE,0.65,edge,0.2,1.6,3.0,0,2.5,44.5
BrowDe05,Derrick Brown,CAR,ATL,2023,1,1.0,1.0,DE,0.96,edge,0.0,1.2,1.8,1,-3.5,40.5
BurnBr00,Brian Burns,CAR,ATL,2023,1,1.5,2.0,LB,0.96,edge,1.1,2.2,1.8,1,-3.5,40.5
LuvuFr00,Frankie Luvu,CAR,ATL,2023,1,1.0,3.0,LB,1.0,edge,0.6,1.0,1.8,1,-3.5,40.5
ThomSh01,Shaq Thompson,CAR,ATL,2023,1,0.0,1.0,LB,1.0,edge,0.1,0.2,1.8,1,-3.5,40.5
TuttSh00,Shy Tuttle,CAR,ATL,2023,1,0.5,1.0,DT,0.63,interior,0.5,1.0,1.8,1,-3.5,40.5
WillDe04,DeShawn Williams,CAR,ATL,2023,1,0.0,0.0,DE,0.65,edge,0.8333333333333334,2.0,1.8,1,-3.5,40.5
EdmuTr01,Tremaine Edmunds,CHI,GB,2023,1,0.0,0.0,LB,1.0,edge,0.0,0.4,1.6,0,1.0,41.0
EdwaTJ02,T.J. Edwards,CHI,GB,2023,1,0.0,0.0,LB,0.98,edge,0.0,0.0,1.6,0,1.0,41.0
NgakYa00,Yannick Ngakoue,CHI,GB,2023,1,1.0,2.0,DE,0.68,edge,0.9,2.2,1.6,0,1.0,41.0
WalkDe03,DeMarcus Walker,CHI,GB,2023,1,0.0,1.0,DE,0.78,edge,0.5,1.0,1.6,0,1.0,41.0
HillB.00,B.J. Hill,CIN,CLE,2023,1,1.0,2.0,DT,0.76,interior,0.4,2.0,3.8,0,1.0,46.5
HubbSa00,Sam Hubbard,CIN,CLE,2023,1,0.0,0.0,DE,0.82,edge,0.4,2.0,3.8,0,1.0,46.5
PratGe00,Germaine Pratt,CIN,CLE,2023,1,1.0,1.0,LB,0.89,edge,0.0,0.0,3.8,0,1.0,46.5
ReadD.00,D.J. Reader,CIN,CLE,2023,1,0.0,1.0,NT,0.69,interior,0.0,1.4,3.8,0,1.0,46.5
WilsLo00,Logan Wilson,CIN,CLE,2023,1,0.0,0.0,LB,1.0,edge,0.2,0.4,3.8,0,1.0,46.5
GarrMy00,Myles Garrett,CLE,CIN,2023,1,1.0,4.0,DE,0.77,edge,1.2,2.4,2.8,0,-1.0,46.5
OkorOg00,Ogbonnia Okoronkwo,CLE,CIN,2023,1,1.0,1.0,DE,0.61,edge,0.0,1.0,2.8,0,-1.0,46.5
OwusJe00,Jeremiah Owusu-Koramoah,CLE,CIN,2023,1,0.0,0.0,LB,0.77,edge,0.0,0.4,2.8,0,-1.0,46.5
SmitZa00,Za'Darius Smith,CLE,CIN,2023,1,0.0,4.0,DE,0.66,edge,0.1,2.2,2.8,0,-1.0,46.5
ClarDa02,Damone Clark,DAL,NYG,2023,1,0.0,0.0,LB,0.66,edge,0.0,0.0,2.6,0,3.5,44.5
VandLe00,Leighton Vander Esch,DAL,NYG,2023,1,0.0,0.0,LB,0.69,edge,0.0,0.0,2.6,0,3.5,44.5
JeweJo00,Josey Jewell,DEN,LV,2023,1,0.0,0.0,LB,0.95,edge,0.0,0.0,2.4,0,3.0,43.0
SingAl00,Alex Singleton,DEN,LV,2023,1,0.0,1.0,LB,0.9,edge,0.0,0.2,2.4,0,3.0,43.0
AnzaAl00,Alex Anzalone,DET,KC,2023,1,0.0,1.0,LB,0.94,edge,0.0,0.6,0.8,0,-4.0,53.0
HarrCh03,Charles Harris,DET,KC,2023,1,0.0,1.0,DE,0.8,edge,0.3333333333333333,1.3333333333333333,0.8,0,-4.0,53.0
HutcAi00,Aidan Hutchinson,DET,KC,2023,1,0.0,4.0,DE,0.91,edge,0.8,2.0,0.8,0,-4.0,53.0
McNeAl00,Alim McNeill,DET,KC,2023,1,0.0,0.0,DT,0.66,interior,0.2,1.6,0.8,0,-4.0,53.0
CampDe00,De'Vondre Campbell,GB,CHI,2023,1,0.0,0.0,LB,0.74,edge,0.0,0.2,3.2,0,-1.0,41.0
WalkQu00,Quay Walker,GB,CHI,2023,1,0.0,0.0,LB,0.66,edge,0.2,0.4,3.2,0,-1.0,41.0
AndeWi01,Will Anderson,HOU,BAL,2023,1,1.0,2.0,DE,0.75,edge,,,2.0,0,-9.5,43.5
CollMa00,Maliek Collins,HOU,BAL,2023,1,0.0,1.0,DT,0.66,interior,0.0,1.5,2.0,0,-9.5,43.5
GreeJo04,Jonathan Greenard,HOU,BAL,2023,1,1.0,1.0,DE,0.77,edge,0.0,1.0,2.0,0,-9.5,43.5
HarrCh06,Christian Harris,HOU,BAL,2023,1,1.0,1.0,LB,0.72,edge,0.2,0.6,2.0,0,-9.5,43.5
PerrDe00,Denzel Perryman,HOU,BAL,2023,1,0.0,0.0,LB,0.95,edge,0.0,0.2,2.0,0,-9.5,43.5
BuckDe00,DeForest Buckner,IND,JAX,2023,1,1.0,3.0,DT,0.67,interior,0.5,2.2,1.6,1,-4.0,45.5
FranZa00,Zaire Franklin,IND,JAX,2023,1,0.0,0.0,LB,1.0,edge,0.4,0.4,1.6,1,-4.0,45.5
LeonDa00,Shaquille Leonard,IND,JAX,2023,1,0.0,0.0,LB,0.86,edge,,,1.6,1,-4.0,45.5
PayeKw00,Kwity Paye,IND,JAX,2023,1,1.0,1.0,DE,0.66,edge,0.6,2.4,1.6,1,-4.0,45.5
AlleJo03,Josh Allen,JAX,IND,2023,1,3.0,5.0,LB,0.79,edge,0.6,2.2,3.4,1,4.0,45.5
LloyDe00,Devin Lloyd,JAX,IND,2023,1,0.0,0.0,LB,1.0,edge,0.0,0.6,3.4,1,4.0,45.5
OluoFo00,Foyesade Oluokun,JAX,IND,2023,1,0.0,0.0,LB,1.0,edge,0.2,0.8,3.4,1,4.0,45.5
WalkTr03,Travon Walker,JAX,IND,2023,1,1.0,2.0,LB,0.85,edge,0.1,1.6,3.4,1,4.0,45.5
BoltNi00,Nick Bolton,KC,DET,2023,1,0.0,0.0,LB,0.96,edge,0.0,0.2,1.0,0,4.0,53.0
DannMi00,Michael Danna,KC,DET,2023,1,1.0,1.0,DE,0.86,edge,0.5,1.75,1.0,0,4.0,53.0
GayJWi00,Willie Gay Jr.,KC,DET,2023,1,0.0,0.0,LB,0.67,edge,0.0,0.2,1.0,0,4.0,53.0
KarlGe00,George Karlaftis III,KC,DET,2023,1,0.0,0.0,DE,0.84,edge,0.5,1.4,1.0,0,4.0,53.0
DonaAa00,Aaron Donald,LA,SEA,2023,1,0.5,2.0,DT,0.82,interior,0.2,1.8,2.8,0,-4.5,45.0
HoecMi00,Michael Hoecht,LA,SEA,2023,1,0.5,1.0,LB,0.92,edge,0.5,1.4,2.8,0,-4.5,45.0
JoneEr01,Ernest Jones,LA,SEA,2023,1,0.0,0.0,LB,1.0,edge,0.0,0.4,2.8,0,-4.5,45.0
RozeCh00,Christian Rozeboom,LA,SEA,2023,1,0.0,0.0,LB,0.67,edge,,,2.8,0,-4.5,45.0
YounBy01,Byron Young,LA,SEA,2023,1,0.5,5.0,LB,0.84,edge,,,2.8,0,-4.5,45.0
BosaJo00,Joey Bosa,LAC,MIA,2023,1,0.0,2.0,DE,0.87,edge,0.75,2.0,2.2,1,3.0,50.5
KendEr00,Eric Kendricks,LAC,MIA,2023,1,0.0,0.0,LB,1.0,edge,0.4,0.4,2.2,1,3.0,50.5
MackKh00,Khalil Mack,LAC,MIA,2023,1,0.0,0.0,DE,0.75,edge,0.4,1.8,2.2,1,3.0,50.5
MurrKe00,Kenneth Murray,LAC,MIA,2023,1,0.0,0.0,LB,0.9,edge,0.3,1.0,2.2,1,3.0,50.5
CrosMa00,Maxx Crosby,LV,DEN,2023,1,1.0,3.0,DE,0.98,edge,0.4,3.2,5.0,0,-3.0,43.0
DeabDi00,Divine Deablo,LV,DEN,2023,1,0.0,0.0,LB,0.94,edge,0.0,0.0,5.0,0,-3.0,43.0
SpilRo00,Robert Spillane,LV,DEN,2023,1,0.0,0.0,LB,1.0,edge,0.0,0.0,5.0,0,-3.0,43.0
BakeJe00,Jerome Baker,MIA,LAC,2023,1,0.0,0.0,LB,1.0,edge,0.2,0.6,2.2,1,-3.0,50.5
ChubBr00,Bradley Chubb,MIA,LAC,2023,1,0.0,0.0,LB,0.88,edge,0.3,2.4,2.2,1,-3.0,50.5
PhilJa02,Jaelan Phillips,MIA,LAC,2023,1,0.5,4.0,LB,0.9,edge,0.3,3.0,2.2,1,-3.0,50.5
SielZa00,Zach Sieler,MIA,LAC,2023,1,1.0,2.0,DE,0.8,edge,0.8,2.4,2.2,1,-3.0,50.5
VanGAn00,Andrew Van Ginkel,MIA,LAC,2023,1,0.0,0.0,LB,0.63,edge,0.0,1.0,2.2,1,-3.0,50.5
WilkCh00,Christian Wilkins,MIA,LAC,2023,1,0.0,1.0,DE,0.84,edge,0.6,1.6,2.2,1,-3.0,50.5
HickJo00,Jordan Hicks,MIN,TB,2023,1,0.0,1.0,LB,0.97,edge,0.0,0.4,1.2,1,4.0,45.0
HuntDa01,Danielle Hunter,MIN,TB,2023,1,1.0,3.0,LB,0.85,edge,0.9,2.8,1.2,1,4.0,45.0
LowrDe00,Dean Lowry,MIN,TB,2023,1,0.0,0.0,DE,0.68,edge,0.1,0.8,1.2,1,4.0,45.0
PaceIv00,Ivan Pace,MIN,TB,2023,1,0.0,1.0,LB,0.68,edge,,,1.2,1,4.0,45.0
PhilHa00,Harrison Phillips,MIN,TB,2023,1,0.0,1.0,DT,0.88,interior,0.3,1.4,1.2,1,4.0,45.0
WonnDJ00,D.J. Wonnum,MIN,TB,2023,1,0.0,0.0,LB,0.79,edge,0.0,0.3333333333333333,1.2,1,4.0,45.0
BentJa00,Ja'Whaun Bentley,NE,PHI,2023,1,0.0,0.0,LB,1.0,edge,0.2,0.6,2.6,0,-3.5,44.5
JudoMa00,Matt Judon,NE,PHI,2023,1,1.0,4.0,LB,0.76,edge,0.5,1.2,2.6,0,-3.5,44.5
WiseDe00,Deatrich Wise Jr.,NE,PHI,2023,1,0.0,1.0,DE,0.62,edge,0.3,2.6,2.6,0,-3.5,44.5
DaviDe00,Demario Davis,NO,TEN,2023,1,0.0,0.0,LB,1.0,edge,0.0,0.0,3.6,1,3.0,41.0
GranCa01,Carl Granderson,NO,TEN,2023,1,1.5,4.0,DE,0.75,edge,1.3333333333333333,2.6666666666666665,3.6,1,3.0,41.0
JordCa00,Cameron Jordan,NO,TEN,2023,1,0.5,1.0,DE,0.86,edge,0.9,1.6,3.6,1,3.0,41.0
WernPe00,Pete Werner,NO,TEN,2023,1,0.5,1.0,LB,1.0,edge,0.0,0.2,3.6,1,3.0,41.0
LawrDe03,Dexter Lawrence,NYG,DAL,2023,1,0.0,2.0,NT,0.64,interior,0.3,2.8,2.0,0,-3.5,44.5
McFaMi01,Micah McFadden,NYG,DAL,2023,1,0.0,0.0,LB,0.74,edge,0.0,0.0,2.0,0,-3.5,44.5
OkerBo00,Bobby Okereke,NYG,DAL,2023,1,0.0,0.0,LB,1.0,edge,0.0,0.0,2.0,0,-3.5,44.5
ThibKa00,Kayvon Thibodeaux,NYG,DAL,2023,1,0.0,0.0,LB,0.72,edge,0.4,0.8,2.0,0,-3.5,44.5
JohnJe07,Jermaine Johnson II,NYJ,BUF,2023,1,1.0,1.0,LB,0.71,edge,,,2.6,0,-2.5,44.5
MoslC.00,C.J. Mosley,NYJ,BUF,2023,1,0.0,0.0,LB,1.0,edge,0.0,0.4,2.6,0,-2.5,44.5
WillQu00,Quinnen Williams,NYJ,BUF,2023,1,0.0,2.0,NT,0.75,interior,0.4,2.0,2.6,0,-2.5,44.5
WillQu01,Quincy Williams,NYJ,BUF,2023,1,0.0,0.0,LB,1.0,edge,0.2,0.2,2.6,0,-2.5,44.5
CoxxFl00,Fletcher Cox,PHI,NE,2023,1,0.0,3.0,DT,0.63,interior,0.4,1.4,1.8,0,3.5,44.5
CunnZa00,Zach Cunningham,PHI,NE,2023,1,0.0,0.0,LB,0.88,edge,0.0,0.0,1.8,0,3.5,44.5
DeanNa00,Nakobe Dean,PHI,NE,2023,1,0.0,0.0,LB,0.61,edge,,,1.8,0,3.5,44.5
ReddHa00,Haason Reddick,PHI,NE,2023,1,0.0,4.0,LB,0.73,edge,1.1,3.4,1.8,0,3.5,44.5
SweaJo00,Josh Sweat,PHI,NE,2023,1,0.5,5.0,DE,0.74,edge,1.0,1.8,1.8,0,3.5,44.5
AlexKw00,Kwon Alexander,PIT,SF,2023,1,0.0,0.0,LB,0.69,edge,0.0,0.0,2.0,0,-1.5,41.5
HighAl02,Alex Highsmith,PIT,SF,2023,1,0.0,1.0,LB,0.72,edge,0.9,1.4,2.0,0,-1.5,41.5
HolcCo00,Cole Holcomb,PIT,SF,2023,1,0.0,0.0,LB,0.78,edge,0.0,0.2,2.0,0,-1.5,41.5
OgunLa00,Larry Ogunjobi,PIT,SF,2023,1,0.0,2.0,DT,0.63,interior,0.2,0.6,2.0,0,-1.5,41.5
WattT.00,T.J. Watt,PIT,SF,2023,1,3.0,9.0,LB,0.71,edge,0.8,1.6,2.0,0,-1.5,41.5
BrooJo01,Jordyn Brooks,SEA,LA,2023,1,0.0,0.0,LB,0.64,edge,0.2,0.2,3.4,0,4.5,45.0
NwosUc00,Uchenna Nwosu,SEA,LA,2023,1,0.0,0.0,LB,0.77,edge,0.1,1.6,3.4,0,4.5,45.0
ReedJa02,Jarran Reed,SEA,LA,2023,1,0.0,1.0,NT,0.73,interior,0.2,1.8,3.4,0,4.5,45.0
WagnBo00,Bobby Wagner,SEA,LA,2023,1,0.0,0.0,LB,1.0,edge,0.2,0.4,3.4,0,4.5,45.0
ArmsAr01,Arik Armstead,SF,PIT,2023,1,0.0,4.0,DT,0.65,interior,0.2,1.2,1.2,0,1.5,41.5
GreeDr00,Dre Greenlaw,SF,PIT,2023,1,0.0,1.0,LB,0.97,edge,0.0,0.2,1.2,0,1.5,41.5
HargJa00,Javon Hargrave,SF,PIT,2023,1,1.0,2.0,DT,0.67,interior,1.4,1.8,1.2,0,1.5,41.5
WarnFr00,Fred Warner,SF,PIT,2023,1,0.0,1.0,LB,1.0,edge,0.0,0.0,1.2,0,1.5,41.5
BarrSh00,Shaquil Barrett,TB,MIN,2023,1,0.0,3.0,LB,0.61,edge,0.0,0.8,2.6,1,-4.0,45.0
DaviLa00,Lavonte David,TB,MIN,2023,1,0.0,0.0,LB,0.95,edge,0.2,0.4,2.6,1,-4.0,45.0
TryoJo00,Joe Tryon-Shoyinka,TB,MIN,2023,1,0.0,1.0,LB,0.61,edge,0.1,1.8,2.6,1,-4.0,45.0
WhitDe02,Devin White,TB,MIN,2023,1,0.0,1.0,LB,0.98,edge,0.0,1.2,2.6,1,-4.0,45.0
AlShAz00,Azeez Al-Shaair,TEN,NO,2023,1,0.0,0.0,LB,0.98,edge,0.0,0.5,2.4,1,-3.0,41.0
LandHa00,Harold Landry,TEN,NO,2023,1,0.0,1.0,LB,0.88,edge,,,2.4,1,-3.0,41.0
SimmJe01,Jeffery Simmons,TEN,NO,2023,1,1.0,1.0,DT,0.95,interior,0.2,1.0,2.4,1,-3.0,41.0
AlleJo01,Jonathan Allen,WAS,ARI,2023,1,1.0,2.0,DT,0.92,interior,0.6,2.4,3.0,0,7.0,38.0
BartCo00,Cody Barton,WAS,ARI,2023,1,0.0,0.0,LB,1.0,edge,0.0,0.0,3.0,0,7.0,38.0
DaviJa11,Jamin Davis,WAS,ARI,2023,1,0.0,0.0,LB,0.65,edge,0.0,0.0,3.0,0,7.0,38.0
PaynDa00,Daron Payne,WAS,ARI,2023,1,0.0,0.0,DT,0.81,interior,1.0,1.6,3.0,0,7.0,38.0
SmitJa08,James Smith-Williams,WAS,ARI,2023,1,0.0,1.0,DE,0.68,edge,0.2,1.8,3.0,0,7.0,38.0
SweaMo00,Montez Sweat,WAS,ARI,2023,1,1.5,2.0,DE,0.82,edge,0.6,1.6,3.0,0,7.0,38.0
BarnKr00,Krys Barnes,ARI,NYG,2023,2,0.0,0.0,LB,0.82,edge,0.5,0.5,3.4,1,-5.0,40.0
LedbJo01,Jonathan Ledbetter,ARI,NYG,2023,2,0.0,1.0,DE,0.74,edge,,,3.4,1,-5.0,40.0
WhitKy00,Kyzir White,ARI,NYG,2023,2,1.0,1.0,LB,1.0,edge,0.2,0.2,3.4,1,-5.0,40.0
DuprAl00,Bud Dupree,ATL,GB,2023,2,0.0,0.0,LB,0.64,edge,0.2,1.8,1.8,0,3.0,40.5
EbikAr00,Arnold Ebiketie,ATL,GB,2023,2,0.0,1.0,LB,0.62,edge,0.0,1.0,1.8,0,3.0,40.5
ElliKa00,Kaden Elliss,ATL,GB,2023,2,1.0,1.0,LB,1.0,edge,0.5,1.0,1.8,0,3.0,40.5
JarrGr00,Grady Jarrett,ATL,GB,2023,2,0.0,1.0,DT,0.72,interior,0.2,1.6,1.8,0,3.0,40.5
LandNa01,Nathan Landman,ATL,GB,2023,2,0.0,0.0,LB,0.98,edge,,,1.8,0,3.0,40.5
OnyeDa00,David Onyemata,ATL,GB,2023,2,0.0,0.0,DT,0.62,interior,0.4,1.4,1.8,0,3.0,40.5
ClowJa00,Jadeveon Clowney,BAL,CIN,2023,2,1.0,2.0,LB,0.78,edge,0.1,1.2,2.8,0,-3.5,45.5
QueePa00,Patrick Queen,BAL,CIN,2023,2,0.0,1.0,LB,0.98,edge,0.3,0.8,2.8,0,-3.5,45.5
SmitRo07,Roquan Smith,BAL,CIN,2023,2,0.0,0.0,LB,1.0,edge,0.2,0.4,2.8,0,-3.5,45.5
BernTe00,Terrel Bernard,BUF,LV,2023,2,0.0,0.0,LB,0.85,edge,0.0,0.5,2.4,0,7.5,47.0
MilaMa00,Matt Milano,BUF,LV,2023,2,0.0,0.0,LB,0.85,edge,0.6,1.0,2.4,0,7.5,47.0
OlivEd00,Ed Oliver,BUF,LV,2023,2,0.0,1.0,DT,0.6,interior,0.5,1.8,2.4,0,7.5,47.0
BrowDe05,Derrick Brown,CAR,NO,2023,2,0.0,0.0,DE,0.94,edge,0.2,1.4,2.8,0,-3.0,39.5
BurnBr00,Brian Burns,CAR,NO,2023,2,0.0,0.0,LB,0.79,edge,1.2,2.2,2.8,0,-3.0,39.5
GrugKa00,Kamu Grugier-Hill,CAR,NO,2023,2,1.0,1.0,LB,0.78,edge,0.0,0.4,2.8,0,-3.0,39.5
HousJu00,Justin Houston,CAR,NO,2023,2,0.5,2.0,LB,0.6,edge,1.125,3.0,2.8,0,-3.0,39.5
LuvuFr00,Frankie Luvu,CAR,NO,2023,2,2.0,2.0,LB,1.0,edge,0.6,1.0,2.8,0,-3.0,39.5
WillDe04,DeShawn Williams,CAR,NO,2023,2,0.0,1.0,DE,0.61,edge,0.625,1.5,2.8,0,-3.0,39.5
EdmuTr01,Tremaine Edmunds,CHI,TB,2023,2,0.0,0.0,LB,1.0,edge,0.0,0.4,1.2,0,-2.5,41.0
EdwaTJ02,T.J. Edwards,CHI,TB,2023,2,0.0,0.0,LB,0.87,edge,0.0,0.0,1.2,0,-2.5,41.0
NgakYa00,Yannick Ngakoue,CHI,TB,2023,2,0.0,1.0,DE,0.73,edge,0.8,2.0,1.2,0,-2.5,41.0
HubbSa00,Sam Hubbard,CIN,BAL,2023,2,0.0,1.0,DE,0.77,edge,0.2,1.2,2.0,0,3.5,45.5
PratGe00,Germaine Pratt,CIN,BAL,2023,2,0.0,0.0,LB,0.95,edge,0.2,0.2,2.0,0,3.5,45.5
WilsLo00,Logan Wilson,CIN,BAL,2023,2,0.0,0.0,LB,0.99,edge,0.0,0.2,2.0,0,3.5,45.5
GarrMy00,Myles Garrett,CLE,PIT,2023,2,0.0,2.0,DE,0.76,edge,1.4,3.0,1.8,0,2.5,39.0
OkorOg00,Ogbonnia Okoronkwo,CLE,PIT,2023,2,0.0,2.0,DE,0.61,edge,0.5,1.0,1.8,0,2.5,39.0
OwusJe00,Jeremiah Owusu-Koramoah,CLE,PIT,2023,2,0.0,0.0,LB,0.61,edge,0.0,0.2,1.8,0,2.5,39.0
SmitZa00,Za'Darius Smith,CLE,PIT,2023,2,0.0,1.0,DE,0.66,edge,0.1,2.6,1.8,0,2.5,39.0
TomlDa00,Dalvin Tomlinson,CLE,PIT,2023,2,0.0,2.0,DT,0.65,interior,0.2,1.6,1.8,0,2.5,39.0
WalkAn01,Anthony Walker,CLE,PIT,2023,2,0.0,1.0,LB,0.74,edge,0.0,1.0,1.8,0,2.5,39.0
ParsMi00,Micah Parsons,DAL,NYJ,2023,2,2.0,6.0,LB,0.87,edge,0.3,2.2,2.8,0,8.5,38.5
VandLe00,Leighton Vander Esch,DAL,NYJ,2023,2,0.0,0.0,LB,1.0,edge,0.0,0.0,2.8,0,8.5,38.5
AlleZa01,Zach Allen,DEN,WAS,2023,2,0.0,2.0,DE,0.81,edge,0.5,2.6,3.4,0,4.0,38.5
BoniNi00,Nik Bonitto,DEN,WAS,2023,2,1.0,2.0,LB,0.62,edge,0.0,1.0,3.4,0,4.0,38.5
CoopJo02,Jonathon Cooper,DEN,WAS,2023,2,2.0,3.0,LB,0.71,edge,0.0,0.5,3.4,0,4.0,38.5
GregRa00,Randy Gregory,DEN,WAS,2023,2,1.0,1.0,LB,0.64,edge,0.6666666666666666,2.3333333333333335,3.4,0,4.0,38.5
JeweJo00,Josey Jewell,DEN,WAS,2023,2,0.0,0.0,LB,0.89,edge,0.0,0.0,3.4,0,4.0,38.5
SingAl00,Alex Singleton,DEN,WAS,2023,2,0.0,0.0,LB,0.64,edge,0.0,0.4,3.4,0,4.0,38.5
AnzaAl00,Alex Anzalone,DET,SEA,2023,2,1.0,1.0,LB,0.9,edge,0.0,0.8,2.6,1,4.5,47.5
HutcAi00,Aidan Hutchinson,DET,SEA,2023,2,0.0,6.0,DE,0.94,edge,0.7,2.6,2.6,1,4.5,47.5
JoneBe03,Benito Jones,DET,SEA,2023,2,0.0,0.0,DT,0.67,interior,,,2.6,1,4.5,47.5
McNeAl00,Alim McNeill,DET,SEA,2023,2,0.0,0.0,DT,0.76,interior,0.2,1.6,2.6,1,4.5,47.5
CampDe00,De'Vondre Campbell,GB,ATL,2023,2,0.0,0.0,LB,0.83,edge,0.0,0.2,2.4,0,-3.0,40.5
ClarKe01,Kenny Clark,GB,ATL,2023,2,0.5,4.0,DE,0.74,edge,0.4,1.6,2.4,0,-3.0,40.5
SlatTe00,Tedarrell Slaton,GB,ATL,2023,2,0.0,1.0,NT,0.61,interior,,,2.4,0,-3.0,40.5
SmitPr00,Preston Smith,GB,ATL,2023,2,0.0,1.0,LB,0.71,edge,0.7,1.6,2.4,0,-3.0,40.5
WalkQu00,Quay Walker,GB,ATL,2023,2,0.0,1.0,LB,1.0,edge,0.2,0.4,2.4,0,-3.0,40.5
AndeWi01,Will Anderson,HOU,IND,2023,2,0.0,1.0,DE,0.72,edge,1.0,2.0,3.6,0,-1.0,40.0
CollMa00,Maliek Collins,HOU,IND,2023,2,0.0,1.0,DT,0.61,interior,0.0,1.3333333333333333,3.6,0,-1.0,40.0
GreeJo04,Jonathan Greenard,HOU,IND,2023,2,0.0,1.0,DE,0.72,edge,0.5,1.0,3.6,0,-1.0,40.0
PerrDe00,Denzel Perryman,HOU,IND,2023,2,0.0,1.0,LB,1.0,edge,0.0,0.2,3.6,0,-1.0,40.0
RankSh00,Sheldon Rankins,HOU,IND,2023,2,0.0,1.0,DT,0.6,interior,0.6666666666666666,1.0,3.6,0,-1.0,40.0
TooTHe00,Henry To'oTo'o,HOU,IND,2023,2,0.0,3.0,LB,0.81,edge,,,3.6,0,-1.0,40.0
BuckDe00,DeForest Buckner,IND,HOU,2023,2,1.0,1.0,DT,0.73,interior,0.7,2.8,2.0,0,1.0,40.0
EbukSa00,Samson Ebukam,IND,HOU,2023,2,1.0,3.0,DE,0.62,edge,0.2,1.0,2.0,0,1.0,40.0
FranZa00,Zaire Franklin,IND,HOU,2023,2,0.0,0.0,LB,1.0,edge,0.4,0.4,2.0,0,1.0,40.0
LeonDa00,Shaquille Leonard,IND,HOU,2023,2,0.0,1.0,LB,0.71,edge,0.0,0.0,2.0,0,1.0,40.0
PayeKw00,Kwity Paye,IND,HOU,2023,2,1.0,3.0,DE,0.65,edge,0.6,2.0,2.0,0,1.0,40.0
LloyDe00,Devin Lloyd,JAX,KC,2023,2,0.0,0.0,LB,0.99,edge,0.0,0.4,0.8,0,-3.5,50.5
OluoFo00,Foyesade Oluokun,JAX,KC,2023,2,0.0,1.0,LB,1.0,edge,0.2,0.6,0.8,0,-3.5,50.5
RobeRo00,Roy Robertson-Harris,JAX,KC,2023,2,0.0,1.0,DT,0.61,interior,0.6,1.6,0.8,0,-3.5,50.5
WalkTr03,Travon Walker,JAX,KC,2023,2,0.0,3.0,LB,0.84,edge,0.3,1.8,0.8,0,-3.5,50.5
BoltNi00,Nick Bolton,KC,JAX,2023,2,0.0,0.0,LB,0.79,edge,0.0,0.2,1.8,0,3.5,50.5
DannMi00,Michael Danna,KC,JAX,2023,2,0.5,1.0,DE,0.78,edge,0.6,1.6,1.8,0,3.5,50.5
KarlGe00,George Karlaftis III,KC,JAX,2023,2,1.5,4.0,DE,0.8,edge,0.5,1.2,1.8,0,3.5,50.5
DonaAa00,Aaron Donald,LA,SF,2023,2,0.0,1.0,DT,0.95,interior,0.3,2.0,2.6,1,-7.5,45.0
HoecMi00,Michael Hoecht,LA,SF,2023,2,0.0,1.0,LB,0.91,edge,0.6,1.4,2.6,1,-7.5,45.0
JoneEr01,Ernest Jones,LA,SF,2023,2,0.0,0.0,LB,1.0,edge,0.0,0.4,2.6,1,-7.5,45.0
RozeCh00,Christian Rozeboom,LA,SF,2023,2,0.0,0.0,LB,0.72,edge,0.0,0.0,2.6,1,-7.5,45.0
YounBy01,Byron Young,LA,SF,2023,2,1.0,2.0,LB,0.91,edge,0.5,5.0,2.6,1,-7.5,45.0
MackKh00,Khalil Mack,LAC,TEN,2023,2,0.0,0.0,DE,0.91,edge,0.4,1.6,3.4,0,2.5,45.5
MurrKe00,Kenneth Murray,LAC,TEN,2023,2,1.0,1.0,LB,1.0,edge,0.3,0.8,3.4,0,2.5,45.5
NiemNi00,Nick Niemann,LAC,TEN,2023,2,0.0,0.0,LB,0.77,edge,,,3.4,0,2.5,45.5
TuipTu00,Tuli Tuipulotu,LAC,TEN,2023,2,1.0,1.0,DE,0.77,edge,,,3.4,0,2.5,45.5
CrosMa00,Maxx Crosby,LV,BUF,2023,2,0.0,1.0,DE,0.91,edge,0.4,3.2,3.2,0,-7.5,47.0
DeabDi00,Divine Deablo,LV,BUF,2023,2,1.0,1.0,LB,0.94,edge,0.0,0.0,3.2,0,-7.5,47.0
SpilRo00,Robert Spillane,LV,BUF,2023,2,1.0,2.0,LB,1.0,edge,0.0,0.0,3.2,0,-7.5,47.0
BakeJe00,Jerome Baker,MIA,NE,2023,2,0.0,0.0,LB,1.0,edge,0.2,0.6,2.0,0,2.0,46.5
ChubBr00,Bradley Chubb,MIA,NE,2023,2,1.0,2.0,LB,0.91,edge,0.3,2.4,2.0,0,2.0,46.5
LongDa04,David Long,MIA,NE,2023,2,1.0,1.0,LB,0.84,edge,0.0,0.2,2.0,0,2.0,46.5
SielZa00,Zach Sieler,MIA,NE,2023,2,0.0,0.0,DE,0.7,edge,1.0,2.6,2.0,0,2.0,46.5
VanGAn00,Andrew Van Ginkel,MIA,NE,2023,2,1.0,1.0,LB,0.88,edge,0.0,0.5,2.0,0,2.0,46.5
WilkCh00,Christian Wilkins,MIA,NE,2023,2,1.0,1.0,DE,0.7,edge,0.4,1.4,2.0,0,2.0,46.5
HickJo00,Jordan Hicks,MIN,PHI,2023,2,0.0,0.0,LB,0.94,edge,0.0,0.6,2.0,0,-6.0,49.0
HuntDa01,Danielle Hunter,MIN,PHI,2023,2,3.0,3.0,LB,0.94,edge,1.1,3.2,2.0,0,-6.0,49.0
PaceIv00,Ivan Pace,MIN,PHI,2023,2,0.5,1.0,LB,0.79,edge,0.0,1.0,2.0,0,-6.0,49.0
PhilHa00,Harrison Phillips,MIN,PHI,2023,2,0.5,1.0,DT,0.78,interior,0.2,1.4,2.0,0,-6.0,49.0
WonnDJ00,D.J. Wonnum,MIN,PHI,2023,2,0.0,0.0,LB,0.68,edge,0.0,0.25,2.0,0,-6.0,49.0
BentJa00,Ja'Whaun Bentley,NE,MIA,2023,2,0.0,0.0,LB,1.0,edge,0.2,0.6,1.8,0,-2.0,46.5
JudoMa00,Matt Judon,NE,MIA,2023,2,1.0,2.0,LB,0.81,edge,0.7,1.8,1.8,0,-2.0,46.5
TavaJa00,Jahlani Tavai,NE,MIA,2023,2,0.0,0.0,LB,0.73,edge,0.0,0.5,1.8,0,-2.0,46.5
DaviDe00,Demario Davis,NO,CAR,2023,2,1.0,1.0,LB,1.0,edge,0.0,0.0,2.0,0,3.0,39.5
GranCa01,Carl Granderson,NO,CAR,2023,2,1.0,3.0,DE,0.73,edge,1.375,3.0,2.0,0,3.0,39.5
JordCa00,Cameron Jordan,NO,CAR,2023,2,0.0,4.0,DE,0.77,edge,0.8,1.6,2.0,0,3.0,39.5
WernPe00,Pete Werner,NO,CAR,2023,2,0.0,0.0,LB,0.98,edge,0.1,0.2,2.0,0,3.0,39.5
LawrDe03,Dexter Lawrence,NYG,ARI,2023,2,0.0,2.0,NT,0.71,interior,0.2,2.4,2.4,1,5.0,40.0
McFaMi01,Micah McFadden,NYG,ARI,2023,2,0.0,1.0,LB,0.75,edge,0.0,0.0,2.4,1,5.0,40.0
OkerBo00,Bobby Okereke,NYG,ARI,2023,2,0.0,0.0,LB,1.0,edge,0.0,0.0,2.4,1,5.0,40.0
ThibKa00,Kayvon Thibodeaux,NYG,ARI,2023,2,0.0,1.0,LB,0.92,edge,0.2,0.6,2.4,1,5.0,40.0
MoslC.00,C.J. Mosley,NYJ,DAL,2023,2,0.0,0.0,LB,1.0,edge,0.0,0.4,0.8,0,-8.5,38.5
WillQu01,Quincy Williams,NYJ,DAL,2023,2,0.0,0.0,LB,0.97,edge,0.2,0.2,0.8,0,-8.5,38.5
CoxxFl00,Fletcher Cox,PHI,MIN,2023,2,0.0,2.0,DT,0.76,interior,0.2,1.8,1.6,0,6.0,49.0
CunnZa00,Zach Cunningham,PHI,MIN,2023,2,0.0,0.0,LB,0.91,edge,0.0,0.0,1.6,0,6.0,49.0
MorrNi00,Nicholas Morrow,PHI,MIN,2023,2,0.0,1.0,LB,0.95,edge,0.0,0.4,1.6,0,6.0,49.0
ReddHa00,Haason Reddick,PHI,MIN,2023,2,0.0,0.0,LB,0.67,edge,0.7,3.6,1.6,0,6.0,49.0
SweaJo00,Josh Sweat,PHI,MIN,2023,2,1.0,5.0,DE,0.69,edge,0.7,2.4,1.6,0,6.0,49.0
AdamMo00,Montravius Adams,PIT,CLE,2023,2,0.0,1.0,NT,0.6,interior,,,4.0,0,-2.5,39.0
AlexKw00,Kwon Alexander,PIT,CLE,2023,2,0.0,0.0,LB,0.6,edge,0.0,0.0,4.0,0,-2.5,39.0
HighAl02,Alex Highsmith,PIT,CLE,2023,2,1.0,2.0,LB,0.78,edge,0.9,1.2,4.0,0,-2.5,39.0
HolcCo00,Cole Holcomb,PIT,CLE,2023,2,0.0,0.0,LB,0.9,edge,0.0,0.0,4.0,0,-2.5,39.0
WattT.00,T.J. Watt,PIT,CLE,2023,2,1.0,4.0,LB,0.8,edge,1.2,3.2,4.0,0,-2.5,39.0
BrooJo01,Jordyn Brooks,SEA,DET,2023,2,0.0,1.0,LB,0.86,edge,0.2,0.2,1.2,1,-4.5,47.5
JoneDr00,Dre'Mont Jones,SEA,DET,2023,2,1.0,2.0,DE,0.79,edge,0.2,1.0,1.2,1,-4.5,47.5
NwosUc00,Uchenna Nwosu,SEA,DET,2023,2,0.0,1.0,LB,0.8,edge,0.1,1.4,1.2,1,-4.5,47.5
ReedJa02,Jarran Reed,SEA,DET,2023,2,0.0,2.0,NT,0.64,interior,0.2,1.2,1.2,1,-4.5,47.5
TaylDa00,Darrell Taylor,SEA,DET,2023,2,0.0,1.0,LB,0.7,edge,0.875,2.0,1.2,1,-4.5,47.5
WagnBo00,Bobby Wagner,SEA,DET,2023,2,0.0,0.0,LB,1.0,edge,0.2,0.4,1.2,1,-4.5,47.5
BosaNi00,Nick Bosa,SF,LA,2023,2,0.0,3.0,DE,0.79,edge,0.6,3.0,2.6,1,7.5,45.0
GreeDr00,Dre Greenlaw,SF,LA,2023,2,0.0,0.0,LB,0.99,edge,0.0,0.4,2.6,1,7.5,45.0
HargJa00,Javon Hargrave,SF,LA,2023,2,0.0,0.0,DT,0.64,interior,1.0,1.6,2.6,1,7.5,45.0
WarnFr00,Fred Warner,SF,LA,2023,2,1.0,2.0,LB,1.0,edge,0.0,0.2,2.6,1,7.5,45.0
DaviLa00,Lavonte David,TB,CHI,2023,2,0.0,0.0,LB,1.0,edge,0.2,0.4,4.0,0,2.5,41.0
HallLo00,Logan Hall,TB,CHI,2023,2,0.5,1.0,DE,0.64,edge,0.0,1.0,4.0,0,2.5,41.0
VeaxVi00,Vita Vea,TB,CHI,2023,2,1.5,4.0,NT,0.64,interior,0.8,1.4,4.0,0,2.5,41.0
WhitDe02,Devin White,TB,CHI,2023,2,0.0,1.0,LB,1.0,edge,0.0,1.2,4.0,0,2.5,41.0
AlShAz00,Azeez Al-Shaair,TEN,LAC,2023,2,0.0,0.0,LB,0.99,edge,0.0,0.3333333333333333,2.2,0,-2.5,45.5
AutrDe00,Denico Autry,TEN,LAC,2023,2,1.0,1.0,DE,0.66,edge,0.6,2.0,2.2,0,-2.5,45.5
GibbJa00,Jack Gibbens,TEN,LAC,2023,2,0.0,0.0,LB,0.66,edge,0.0,0.0,2.2,0,-2.5,45.5
KeyxAr00,Arden Key,TEN,LAC,2023,2,0.0,1.0,LB,0.72,edge,0.0,1.0,2.2,0,-2.5,45.5
LandHa00,Harold Landry,TEN,LAC,2023,2,1.0,1.0,LB,0.8,edge,0.0,1.0,2.2,0,-2.5,45.5
SimmJe01,Jeffery Simmons,TEN,LAC,2023,2,1.0,2.0,DT,0.88,interior,0.4,1.2,2.2,0,-2.5,45.5
AlleJo01,Jonathan Allen,WAS,DEN,2023,2,0.0,0.0,DT,0.86,interior,0.8,2.0,4.2,0,-4.0,38.5
BartCo00,Cody Barton,WAS,DEN,2023,2,0.0,1.0,LB,1.0,edge,0.0,0.0,4.2,0,-4.0,38.5
DaviJa11,Jamin Davis,WAS,DEN,2023,2,1.0,2.0,LB,0.62,edge,0.0,0.0,4.2,0,-4.0,38.5
PaynDa00,Daron Payne,WAS,DEN,2023,2,1.0,3.0,DT,0.77,interior,0.6,1.0,4.2,0,-4.0,38.5
SweaMo00,Montez Sweat,WAS,DEN,2023,2,1.5,4.0,DE,0.73,edge,0.7,1.6,4.2,0,-4.0,38.5
YounCh04,Chase Young,WAS,DEN,2023,2,1.5,3.0,DE,0.71,edge,0.0,1.0,4.2,0,-4.0,38.5
BarnKr00,Krys Barnes,ARI,DAL,2023,3,0.0,0.0,LB,0.72,edge,0.3333333333333333,0.3333333333333333,0.8,0,-11.5,43.5
WhitKy00,Kyzir White,ARI,DAL,2023,3,0.0,0.0,LB,1.0,edge,0.2,0.2,0.8,0,-11.5,43.5
AndeTr00,Troy Andersen,ATL,DET,2023,3,0.0,0.0,LB,0.9,edge,0.1,0.6,1.6,1,-3.0,47.5
CampCa99,Calais Campbell,ATL,DET,2023,3,0.0,1.0,DE,0.66,edge,0.4,1.4,1.6,1,-3.0,47.5
DuprAl00,Bud Dupree,ATL,DET,2023,3,0.0,2.0,LB,0.76,edge,0.2,1.4,1.6,1,-3.0,47.5
ElliKa00,Kaden Elliss,ATL,DET,2023,3,0.0,1.0,LB,1.0,edge,0.5,1.0,1.6,1,-3.0,47.5
JarrGr00,Grady Jarrett,ATL,DET,2023,3,0.0,3.0,DT,0.74,interior,0.2,1.6,1.6,1,-3.0,47.5
OnyeDa00,David Onyemata,ATL,DET,2023,3,0.0,3.0,DT,0.61,interior,0.3,1.2,1.6,1,-3.0,47.5
PierMi00,Michael Pierce,BAL,IND,2023,3,0.0,1.0,NT,0.64,interior,,,3.0,0,7.5,43.5
QueePa00,Patrick Queen,BAL,IND,2023,3,0.0,0.0,LB,1.0,edge,0.2,0.6,3.0,0,7.5,43.5
RobiTa00,Tavius Robinson,BAL,IND,2023,3,0.0,0.0,LB,0.65,edge,,,3.0,0,7.5,43.5
SmitRo07,Roquan Smith,BAL,IND,2023,3,0.5,1.0,LB,1.0,edge,0.2,0.4,3.0,0,7.5,43.5
BernTe00,Terrel Bernard,BUF,WAS,2023,3,2.0,2.0,LB,0.87,edge,0.0,0.3333333333333333,3.6,0,5.5,44.0
MilaMa00,Matt Milano,BUF,WAS,2023,3,0.0,0.0,LB,0.87,edge,0.6,0.8,3.6,0,5.5,44.0
OlivEd00,Ed Oliver,BUF,WAS,2023,3,1.5,2.0,DT,0.63,interior,0.5,1.8,3.6,0,5.5,44.0
BrowDe05,Derrick Brown,CAR,SEA,2023,3,0.0,3.0,DE,0.83,edge,0.2,1.2,2.4,0,-5.0,42.5
BurnBr00,Brian Burns,CAR,SEA,2023,3,1.0,3.0,LB,0.68,edge,0.8,1.4,2.4,0,-5.0,42.5
GrugKa00,Kamu Grugier-Hill,CAR,SEA,2023,3,0.0,0.0,LB,0.67,edge,0.2,0.4,2.4,0,-5.0,42.5
JoneDe01,Deion Jones,CAR,SEA,2023,3,0.0,0.0,LB,0.69,edge,0.3,0.4,2.4,0,-5.0,42.5
EdmuTr01,Tremaine Edmunds,CHI,KC,2023,3,0.0,0.0,LB,0.73,edge,0.0,0.4,0.6,0,-13.0,48.0
EdwaTJ02,T.J. Edwards,CHI,KC,2023,3,0.0,0.0,LB,0.97,edge,0.0,0.0,0.6,0,-13.0,48.0
JoneJu03,Justin Jones,CHI,KC,2023,3,0.0,1.0,DT,0.65,interior,0.2,1.0,0.6,0,-13.0,48.0
NgakYa00,Yannick Ngakoue,CHI,KC,2023,3,0.0,2.0,DE,0.62,edge,0.4,1.6,0.6,0,-13.0,48.0
HendTr00,Trey Hendrickson,CIN,LA,2023,3,2.0,2.0,DE,0.84,edge,0.4,3.6,1.8,0,3.0,45.5
HillB.00,B.J. Hill,CIN,LA,2023,3,1.0,2.0,DT,0.78,interior,0.6,2.2,1.8,0,3.0,45.5
HubbSa00,Sam Hubbard,CIN,LA,2023,3,1.0,2.0,DE,0.84,edge,0.2,1.2,1.8,0,3.0,45.5
PratGe00,Germaine Pratt,CIN,LA,2023,3,0.0,0.0,LB,0.8,edge,0.2,0.2,1.8,0,3.0,45.5
WilsLo00,Logan Wilson,CIN,LA,2023,3,0.0,0.0,LB,1.0,edge,0.0,0.2,1.8,0,3.0,45.5
GarrMy00,Myles Garrett,CLE,TEN,2023,3,3.5,6.0,DE,0.77,edge,1.0,2.8,3.6,0,3.5,38.0
OwusJe00,Jeremiah Owusu-Koramoah,CLE,TEN,2023,3,0.0,0.0,LB,0.67,edge,0.0,0.0,3.6,0,3.5,38.0
SmitZa00,Za'Darius Smith,CLE,TEN,2023,3,0.0,2.0,DE,0.63,edge,0.1,2.2,3.6,0,3.5,38.0
WalkAn01,Anthony Walker,CLE,TEN,2023,3,0.0,0.0,LB,0.77,edge,0.0,1.0,3.6,0,3.5,38.0
ClarDa02,Damone Clark,DAL,ARI,2023,3,0.0,0.0,LB,0.69,edge,0.0,0.0,1.8,0,11.5,43.5
LawrDe00,DeMarcus Lawrence,DAL,ARI,2023,3,1.0,2.0,DE,0.67,edge,0.2,1.4,1.8,0,11.5,43.5
ParsMi00,Micah Parsons,DAL,ARI,2023,3,1.0,2.0,LB,0.9,edge,0.7,3.2,1.8,0,11.5,43.5
VandLe00,Leighton Vander Esch,DAL,ARI,2023,3,0.0,0.0,LB,1.0,edge,0.0,0.0,1.8,0,11.5,43.5
AlleZa01,Zach Allen,DEN,MIA,2023,3,0.0,0.0,DE,0.7,edge,0.5,2.8,1.6,0,-6.0,47.5
BoniNi00,Nik Bonitto,DEN,MIA,2023,3,0.0,1.0,LB,0.64,edge,0.5,1.5,1.6,0,-6.0,47.5
CoopJo02,Jonathon Cooper,DEN,MIA,2023,3,0.0,0.0,LB,0.75,edge,0.6666666666666666,1.3333333333333333,1.6,0,-6.0,47.5
SandDr00,Drew Sanders,DEN,MIA,2023,3,0.0,0.0,LB,0.6,edge,,,1.6,0,-6.0,47.5
SingAl00,Alex Singleton,DEN,MIA,2023,3,0.0,0.0,LB,0.89,edge,0.0,0.2,1.6,0,-6.0,47.5
AnzaAl00,Alex Anzalone,DET,ATL,2023,3,0.0,0.0,LB,1.0,edge,0.2,0.6,1.8,1,3.0,47.5
BarnDe02,Derrick Barnes,DET,ATL,2023,3,1.0,1.0,LB,0.72,edge,0.5,0.5,1.8,1,3.0,47.5
ComiJo00,John Cominsky,DET,ATL,2023,3,0.0,1.0,DE,0.66,edge,0.4,2.4,1.8,1,3.0,47.5
HarrCh03,Charles Harris,DET,ATL,2023,3,1.0,3.0,DE,0.61,edge,0.25,1.25,1.8,1,3.0,47.5
HutcAi00,Aidan Hutchinson,DET,ATL,2023,3,2.0,5.0,DE,0.84,edge,0.5,3.2,1.8,1,3.0,47.5
McNeAl00,Alim McNeill,DET,ATL,2023,3,1.0,2.0,DT,0.6,interior,0.2,1.4,1.8,1,3.0,47.5
ClarKe01,Kenny Clark,GB,NO,2023,3,1.0,2.0,DE,0.84,edge,0.5,2.0,3.2,0,-1.5,41.5
McDuIs00,Isaiah McDuffie,GB,NO,2023,3,0.0,0.0,LB,0.61,edge,0.0,0.0,3.2,0,-1.5,41.5
WalkQu00,Quay Walker,GB,NO,2023,3,0.0,0.0,LB,1.0,edge,0.0,0.2,3.2,0,-1.5,41.5
AndeWi01,Will Anderson,HOU,JAX,2023,3,0.0,3.0,DE,0.6,edge,0.5,1.5,2.2,0,-7.5,43.5
CashBl00,Blake Cashman,HOU,JAX,2023,3,0.0,0.0,LB,0.63,edge,,,2.2,0,-7.5,43.5
HarrCh06,Christian Harris,HOU,JAX,2023,3,0.0,0.0,LB,0.62,edge,0.4,0.6,2.2,0,-7.5,43.5
TooTHe00,Henry To'oTo'o,HOU,JAX,2023,3,0.0,0.0,LB,0.95,edge,0.0,3.0,2.2,0,-7.5,43.5
BuckDe00,DeForest Buckner,IND,BAL,2023,3,0.0,0.0,DT,0.79,interior,0.7,2.4,2.0,0,-7.5,43.5
EbukSa00,Samson Ebukam,IND,BAL,2023,3,1.0,1.0,DE,0.64,edge,0.4,1.6,2.0,0,-7.5,43.5
FranZa00,Zaire Franklin,IND,BAL,2023,3,1.0,1.0,LB,1.0,edge,0.4,0.4,2.0,0,-7.5,43.5
LeonDa00,Shaquille Leonard,IND,BAL,2023,3,0.0,0.0,LB,0.69,edge,0.0,0.5,2.0,0,-7.5,43.5
PayeKw00,Kwity Paye,IND,BAL,2023,3,1.0,2.0,DE,0.68,edge,0.6,2.2,2.0,0,-7.5,43.5
AlleJo03,Josh Allen,JAX,HOU,2023,3,0.0,3.0,LB,0.7,edge,1.2,3.2,3.0,0,7.5,43.5
LloyDe00,Devin Lloyd,JAX,HOU,2023,3,0.0,0.0,LB,0.75,edge,0.0,0.4,3.0,0,7.5,43.5
OluoFo00,Foyesade Oluokun,JAX,HOU,2023,3,0.0,0.0,LB,1.0,edge,0.2,0.8,3.0,0,7.5,43.5
ChenLe00,Leo Chenal,KC,CHI,2023,3,0.0,2.0,LB,0.67,edge,,,4.0,0,13.0,48.0
KarlGe00,George Karlaftis III,KC,CHI,2023,3,0.5,4.0,DE,0.65,edge,0.8,1.6,4.0,0,13.0,48.0
TranDr00,Drue Tranquill,KC,CHI,2023,3,0.5,1.0,LB,0.82,edge,0.4,0.4,4.0,0,13.0,48.0
WharTe00,Tershawn Wharton,KC,CHI,2023,3,0.0,1.0,DT,0.76,interior,0.0,2.0,4.0,0,13.0,48.0
DonaAa00,Aaron Donald,LA,CIN,2023,3,1.0,2.0,DT,0.82,interior,0.1,1.6,2.6,0,-3.0,45.5
HoecMi00,Michael Hoecht,LA,CIN,2023,3,0.0,2.0,LB,0.92,edge,0.6,1.4,2.6,0,-3.0,45.5
JoneEr01,Ernest Jones,LA,CIN,2023,3,0.0,0.0,LB,1.0,edge,0.0,0.2,2.6,0,-3.0,45.5
RozeCh00,Christian Rozeboom,LA,CIN,2023,3,0.0,0.0,LB,0.64,edge,0.0,0.0,2.6,0,-3.0,45.5
TurnKo00,Kobie Turner,LA,CIN,2023,3,0.5,1.0,NT,0.62,interior,,,2.6,0,-3.0,45.5
YounBy01,Byron Young,LA,CIN,2023,3,0.5,3.0,LB,0.92,edge,0.75,3.5,2.6,0,-3.0,45.5
MackKh00,Khalil Mack,LAC,MIN,2023,3,0.0,2.0,DE,0.79,edge,0.2,1.4,1.2,1,-1.0,54.0
MurrKe00,Kenneth Murray,LAC,MIN,2023,3,0.0,0.0,LB,1.0,edge,0.5,1.0,1.2,1,-1.0,54.0
NiemNi00,Nick Niemann,LAC,MIN,2023,3,0.0,0.0,LB,0.76,edge,0.0,0.0,1.2,1,-1.0,54.0
TuipTu00,Tuli Tuipulotu,LAC,MIN,2023,3,1.0,7.0,DE,0.77,edge,1.0,1.0,1.2,1,-1.0,54.0
CrosMa00,Maxx Crosby,LV,PIT,2023,3,1.0,3.0,DE,0.95,edge,0.4,2.8,2.0,1,3.0,43.5
DeabDi00,Divine Deablo,LV,PIT,2023,3,0.0,0.0,LB,0.84,edge,0.2,0.2,2.0,1,3.0,43.5
JenkJo00,John Jenkins,LV,PIT,2023,3,0.0,1.0,DT,0.68,interior,,,2.0,1,3.0,43.5
SpilRo00,Robert Spillane,LV,PIT,2023,3,0.0,0.0,LB,1.0,edge,0.2,0.4,2.0,1,3.0,43.5
BakeJe00,Jerome Baker,MIA,DEN,2023,3,0.0,2.0,LB,0.75,edge,0.2,0.6,4.2,0,6.0,47.5
ChubBr00,Bradley Chubb,MIA,DEN,2023,3,0.0,1.0,LB,0.68,edge,0.4,1.8,4.2,0,6.0,47.5
HickJo00,Jordan Hicks,MIN,LAC,2023,3,0.0,0.0,LB,1.0,edge,0.0,0.4,2.0,1,1.0,54.0
HuntDa01,Danielle Hunter,MIN,LAC,2023,3,1.0,1.0,LB,0.92,edge,1.7,3.6,2.0,1,1.0,54.0
PaceIv00,Ivan Pace,MIN,LAC,2023,3,0.0,1.0,LB,0.62,edge,0.25,1.0,2.0,1,1.0,54.0
PhilHa00,Harrison Phillips,MIN,LAC,2023,3,0.0,1.0,DT,0.77,interior,0.1,1.2,2.0,1,1.0,54.0
WonnDJ00,D.J. Wonnum,MIN,LAC,2023,3,0.0,2.0,LB,0.89,edge,0.0,0.2,2.0,1,1.0,54.0
BarmCh00,Christian Barmore,NE,NYJ,2023,3,1.0,2.0,DT,0.65,interior,0.0,1.0,2.6,0,2.5,35.5
BentJa00,Ja'Whaun Bentley,NE,NYJ,2023,3,0.0,3.0,LB,1.0,edge,0.0,0.0,2.6,0,2.5,35.5
JudoMa00,Matt Judon,NE,NYJ,2023,3,2.0,3.0,LB,0.67,edge,0.6,1.8,2.6,0,2.5,35.5
TavaJa00,Jahlani Tavai,NE,NYJ,2023,3,0.0,0.0,LB,0.6,edge,0.0,0.4,2.6,0,2.5,35.5
WiseDe00,Deatrich Wise Jr.,NE,NYJ,2023,3,0.0,2.0,DE,0.63,edge,0.3,1.8,2.6,0,2.5,35.5
DaviDe00,Demario Davis,NO,GB,2023,3,0.0,2.0,LB,1.0,edge,0.2,0.2,1.4,0,1.5,41.5
JordCa00,Cameron Jordan,NO,GB,2023,3,0.0,3.0,DE,0.86,edge,0.7,2.0,1.4,0,1.5,41.5
WernPe00,Pete Werner,NO,GB,2023,3,0.0,0.0,LB,0.99,edge,0.1,0.2,1.4,0,1.5,41.5
McFaMi01,Micah McFadden,NYG,SF,2023,3,0.0,0.0,LB,0.72,edge,0.0,0.25,2.0,0,-10.5,43.5
OkerBo00,Bobby Okereke,NYG,SF,2023,3,0.0,1.0,LB,1.0,edge,0.0,0.0,2.0,0,-10.5,43.5
ThibKa00,Kayvon Thibodeaux,NYG,SF,2023,3,1.0,1.0,LB,0.87,edge,0.2,0.6,2.0,0,-10.5,43.5
WardJi02,Jihad Ward,NYG,SF,2023,3,0.0,0.0,DE,0.6,edge,0.2,1.4,2.0,0,-10.5,43.5
WillLe02,Leonard Williams,NYG,SF,2023,3,0.5,2.0,DT,0.75,interior,0.2,1.8,2.0,0,-10.5,43.5
FranJo02,John Franklin-Myers,NYJ,NE,2023,3,0.0,2.0,DE,0.65,edge,0.625,2.25,2.8,0,-2.5,35.5
JohnJe07,Jermaine Johnson II,NYJ,NE,2023,3,0.0,1.0,LB,0.61,edge,1.0,1.0,2.8,0,-2.5,35.5
MoslC.00,C.J. Mosley,NYJ,NE,2023,3,0.0,0.0,LB,1.0,edge,0.0,0.4,2.8,0,-2.5,35.5
WillQu00,Quinnen Williams,NYJ,NE,2023,3,0.0,4.0,NT,0.68,interior,0.4,2.2,2.8,0,-2.5,35.5
WillQu01,Quincy Williams,NYJ,NE,2023,3,0.0,0.0,LB,0.96,edge,0.2,0.2,2.8,0,-2.5,35.5
CoxxFl00,Fletcher Cox,PHI,TB,2023,3,0.5,2.0,DT,0.68,interior,0.2,2.0,1.2,0,6.0,44.0
CunnZa00,Zach Cunningham,PHI,TB,2023,3,0.0,0.0,LB,0.77,edge,0.0,0.0,1.2,0,6.0,44.0
MorrNi00,Nicholas Morrow,PHI,TB,2023,3,0.0,0.0,LB,1.0,edge,0.0,0.6,1.2,0,6.0,44.0
ReddHa00,Haason Reddick,PHI,TB,2023,3,0.0,0.0,LB,0.66,edge,0.7,2.6,1.2,0,6.0,44.0
AlexKw00,Kwon Alexander,PIT,LV,2023,3,0.0,1.0,LB,0.65,edge,0.0,0.0,1.8,1,-3.0,43.5
HighAl02,Alex Highsmith,PIT,LV,2023,3,0.0,2.0,LB,0.72,edge,0.9,1.4,1.8,1,-3.0,43.5
HolcCo00,Cole Holcomb,PIT,LV,2023,3,0.0,0.0,LB,0.74,edge,0.0,0.0,1.8,1,-3.0,43.5
WattT.00,T.J. Watt,PIT,LV,2023,3,2.0,3.0,LB,0.82,edge,1.1,3.6,1.8,1,-3.0,43.5
BrooJo01,Jordyn Brooks,SEA,CAR,2023,3,0.5,1.0,LB,0.8,edge,0.0,0.2,2.0,0,5.0,42.5
MafeBo00,Boye Mafe,SEA,CAR,2023,3,1.0,3.0,LB,0.73,edge,,,2.0,0,5.0,42.5
NwosUc00,Uchenna Nwosu,SEA,CAR,2023,3,0.0,1.0,LB,0.73,edge,0.1,1.6,2.0,0,5.0,42.5
WagnBo00,Bobby Wagner,SEA,CAR,2023,3,0.0,0.0,LB,1.0,edge,0.2,0.4,2.0,0,5.0,42.5
ArmsAr01,Arik Armstead,SF,NYG,2023,3,0.0,1.0,DT,0.72,interior,0.2,1.8,4.0,0,10.5,43.5
BosaNi00,Nick Bosa,SF,NYG,2023,3,1.0,3.0,DE,0.78,edge,0.4,3.0,4.0,0,10.5,43.5
GreeDr00,Dre Greenlaw,SF,NYG,2023,3,0.0,1.0,LB,0.84,edge,0.0,0.4,4.0,0,10.5,43.5
HargJa00,Javon Hargrave,SF,NYG,2023,3,1.0,2.0,DT,0.68,interior,0.8,1.4,4.0,0,10.5,43.5
JackDr01,Drake Jackson,SF,NYG,2023,3,0.0,0.0,DE,0.6,edge,,,4.0,0,10.5,43.5
WarnFr00,Fred Warner,SF,NYG,2023,3,0.0,0.0,LB,1.0,edge,0.2,0.6,4.0,0,10.5,43.5
DaviLa00,Lavonte David,TB,PHI,2023,3,1.0,1.0,LB,1.0,edge,0.0,0.2,2.2,0,-6.0,44.0
TryoJo00,Joe Tryon-Shoyinka,TB,PHI,2023,3,0.0,1.0,LB,0.63,edge,0.1,2.0,2.2,0,-6.0,44.0
WhitDe02,Devin White,TB,PHI,2023,3,0.0,0.0,LB,0.95,edge,0.0,1.2,2.2,0,-6.0,44.0
AlShAz00,Azeez Al-Shaair,TEN,CLE,2023,3,1.0,1.0,LB,0.92,edge,0.0,0.25,4.6,0,-3.5,38.0
GibbJa00,Jack Gibbens,TEN,CLE,2023,3,0.0,2.0,LB,0.8,edge,0.0,0.0,4.6,0,-3.5,38.0
SimmJe01,Jeffery Simmons,TEN,CLE,2023,3,0.0,0.0,DT,0.79,interior,0.6,1.4,4.6,0,-3.5,38.0
AlleJo01,Jonathan Allen,WAS,BUF,2023,3,0.0,0.0,DT,0.82,interior,0.8,1.8,3.4,0,-5.5,44.0
BartCo00,Cody Barton,WAS,BUF,2023,3,0.0,0.0,LB,1.0,edge,0.0,0.2,3.4,0,-5.5,44.0
DaviJa11,Jamin Davis,WAS,BUF,2023,3,0.0,0.0,LB,0.78,edge,0.2,0.4,3.4,0,-5.5,44.0
SweaMo00,Montez Sweat,WAS,BUF,2023,3,0.0,2.0,DE,0.72,edge,0.8,2.0,3.4,0,-5.5,44.0
YounCh04,Chase Young,WAS,BUF,2023,3,0.0,0.0,DE,0.8,edge,0.75,2.0,3.4,0,-5.5,44.0
TurnZe00,Zeke Turner,ARI,SF,2023,4,0.0,0.0,LB,0.69,edge,0.0,0.0,2.2,0,-15.0,44.0
WhitKy00,Kyzir White,ARI,SF,2023,4,0.0,0.0,LB,1.0,edge,0.2,0.2,2.2,0,-15.0,44.0
DuprAl00,Bud Dupree,ATL,JAX,2023,4,0.5,3.0,LB,0.74,edge,0.0,1.2,2.0,0,-3.5,42.5
ElliKa00,Kaden Elliss,ATL,JAX,2023,4,0.0,2.0,LB,1.0,edge,0.5,1.2,2.0,0,-3.5,42.5
LandNa01,Nathan Landman,ATL,JAX,2023,4,0.0,0.0,LB,0.82,edge,0.0,0.0,2.0,0,-3.5,42.5
OnyeDa00,David Onyemata,ATL,JAX,2023,4,1.5,2.0,DT,0.67,interior,0.3,1.4,2.0,0,-3.5,42.5
QueePa00,Patrick Queen,BAL,CLE,2023,4,1.0,1.0,LB,0.91,edge,0.2,0.4,4.8,0,2.0,38.5
SmitRo07,Roquan Smith,BAL,CLE,2023,4,0.0,1.0,LB,0.87,edge,0.3,0.6,4.8,0,2.0,38.5
BernTe00,Terrel Bernard,BUF,MIA,2023,4,0.0,0.0,LB,1.0,edge,0.5,0.75,1.2,0,2.5,53.0
MilaMa00,Matt Milano,BUF,MIA,2023,4,0.0,0.0,LB,1.0,edge,0.6,0.8,1.2,0,2.5,53.0
OlivEd00,Ed Oliver,BUF,MIA,2023,4,1.0,1.0,DT,0.71,interior,0.6,2.0,1.2,0,2.5,53.0
BurnBr00,Brian Burns,CAR,MIN,2023,4,0.0,1.0,LB,0.9,edge,0.9,1.8,1.6,0,-4.5,46.5
GrosYe00,Yetur Gross-Matos,CAR,MIN,2023,4,1.0,2.0,LB,0.69,edge,0.4,1.2,1.6,0,-4.5,46.5
LuvuFr00,Frankie Luvu,CAR,MIN,2023,4,0.0,1.0,LB,1.0,edge,0.8,1.2,1.6,0,-4.5,46.5
BillAn00,Andrew Billings,CHI,DEN,2023,4,0.0,0.0,DT,0.6,interior,,,3.2,0,-3.0,47.0
EdmuTr01,Tremaine Edmunds,CHI,DEN,2023,4,0.0,0.0,LB,1.0,edge,0.0,0.2,3.2,0,-3.0,47.0
EdwaTJ02,T.J. Edwards,CHI,DEN,2023,4,0.0,2.0,LB,1.0,edge,0.0,0.0,3.2,0,-3.0,47.0
JoneJu03,Justin Jones,CHI,DEN,2023,4,0.0,0.0,DT,0.79,interior,0.2,1.2,3.2,0,-3.0,47.0
SanbJa00,Jack Sanborn,CHI,DEN,2023,4,0.0,0.0,LB,0.65,edge,0.4,0.6,3.2,0,-3.0,47.0
HendTr00,Trey Hendrickson,CIN,TEN,2023,4,0.5,1.0,DE,0.61,edge,0.8,3.2,3.8,0,2.5,41.5
HillB.00,B.J. Hill,CIN,TEN,2023,4,0.5,2.0,DT,0.62,interior,0.8,2.2,3.8,0,2.5,41.5
HubbSa00,Sam Hubbard,CIN,TEN,2023,4,1.0,2.0,DE,0.7,edge,0.4,1.4,3.8,0,2.5,41.5
PratGe00,Germaine Pratt,CIN,TEN,2023,4,0.0,0.0,LB,0.94,edge,0.2,0.2,3.8,0,2.5,41.5
WilsLo00,Logan Wilson,CIN,TEN,2023,4,0.0,0.0,LB,1.0,edge,0.0,0.2,3.8,0,2.5,41.5
GarrMy00,Myles Garrett,CLE,BAL,2023,4,1.0,3.0,DE,0.79,edge,1.4,3.4,2.6,0,-2.0,38.5
OwusJe00,Jeremiah Owusu-Koramoah,CLE,BAL,2023,4,0.0,0.0,LB,0.79,edge,0.0,0.0,2.6,0,-2.0,38.5
TomlDa00,Dalvin Tomlinson,CLE,BAL,2023,4,0.5,1.0,DT,0.6,interior,0.0,1.6,2.6,0,-2.0,38.5
WalkAn01,Anthony Walker,CLE,BAL,2023,4,0.0,1.0,LB,0.71,edge,0.0,0.75,2.6,0,-2.0,38.5
ParsMi00,Micah Parsons,DAL,NE,2023,4,0.0,1.0,LB,0.8,edge,0.9,2.6,2.0,1,6.5,43.0
VandLe00,Leighton Vander Esch,DAL,NE,2023,4,0.0,0.0,LB,1.0,edge,0.0,0.0,2.0,1,6.5,43.0
AlleZa01,Zach Allen,DEN,CHI,2023,4,0.5,2.0,DE,0.86,edge,0.4,2.4,4.2,0,3.0,47.0
BoniNi00,Nik Bonitto,DEN,CHI,2023,4,2.5,3.0,LB,0.67,edge,0.3333333333333333,1.3333333333333333,4.2,0,3.0,47.0
CoopJo02,Jonathon Cooper,DEN,CHI,2023,4,1.0,2.0,LB,0.86,edge,0.5,1.0,4.2,0,3.0,47.0
JoneD.01,D.J. Jones,DEN,CHI,2023,4,0.0,1.0,NT,0.65,interior,0.25,1.0,4.2,0,3.0,47.0
SandDr00,Drew Sanders,DEN,CHI,2023,4,0.0,0.0,LB,0.79,edge,0.0,0.0,4.2,0,3.0,47.0
SingAl00,Alex Singleton,DEN,CHI,2023,4,0.0,0.0,LB,1.0,edge,0.0,0.2,4.2,0,3.0,47.0
AnzaAl00,Alex Anzalone,DET,GB,2023,4,0.0,0.0,LB,1.0,edge,0.2,0.6,1.2,0,2.5,45.0
BarnDe02,Derrick Barnes,DET,GB,2023,4,0.0,0.0,LB,0.74,edge,0.6666666666666666,0.6666666666666666,1.2,0,2.5,45.0
CampJa04,Jack Campbell,DET,GB,2023,4,0.0,0.0,LB,0.61,edge,,,1.2,0,2.5,45.0
ComiJo00,John Cominsky,DET,GB,2023,4,1.0,3.0,DE,0.63,edge,0.4,1.8,1.2,0,2.5,45.0
HarrCh03,Charles Harris,DET,GB,2023,4,0.5,2.0,DE,0.67,edge,0.4,1.6,1.2,0,2.5,45.0
HutcAi00,Aidan Hutchinson,DET,GB,2023,4,1.5,4.0,DE,0.95,edge,0.9,4.0,1.2,0,2.5,45.0
McNeAl00,Alim McNeill,DET,GB,2023,4,1.0,3.0,DT,0.6,interior,0.4,1.8,1.2,0,2.5,45.0
McDuIs00,Isaiah McDuffie,GB,DET,2023,4,0.0,1.0,LB,0.61,edge,0.0,0.0,1.2,0,-2.5,45.0
SmitPr00,Preston Smith,GB,DET,2023,4,0.0,1.0,LB,0.67,edge,0.6,1.6,1.2,0,-2.5,45.0
WalkQu00,Quay Walker,GB,DET,2023,4,0.0,0.0,LB,1.0,edge,0.0,0.2,1.2,0,-2.5,45.0
CollMa00,Maliek Collins,HOU,PIT,2023,4,0.0,2.0,DT,0.63,interior,0.0,1.25,2.2,0,-3.0,41.5
HarrCh06,Christian Harris,HOU,PIT,2023,4,0.0,0.0,LB,0.9,edge,0.4,0.4,2.2,0,-3.0,41.5
TooTHe00,Henry To'oTo'o,HOU,PIT,2023,4,0.0,0.0,LB,0.95,edge,0.0,1.5,2.2,0,-3.0,41.5
EbukSa00,Samson Ebukam,IND,LA,2023,4,0.0,3.0,DE,0.62,edge,0.6,1.4,3.0,0,-1.0,44.5
FranZa00,Zaire Franklin,IND,LA,2023,4,0.5,1.0,LB,0.91,edge,0.4,0.4,3.0,0,-1.0,44.5
PayeKw00,Kwity Paye,IND,LA,2023,4,0.0,1.0,DE,0.63,edge,0.6,2.2,3.0,0,-1.0,44.5
AlleJo03,Josh Allen,JAX,ATL,2023,4,3.0,3.0,LB,0.76,edge,1.0,3.0,2.8,0,3.5,42.5
MumaCh00,Chad Muma,JAX,ATL,2023,4,0.0,0.0,LB,0.98,edge,0.75,1.0,2.8,0,3.5,42.5
OluoFo00,Foyesade Oluokun,JAX,ATL,2023,4,0.0,0.0,LB,1.0,edge,0.0,0.6,2.8,0,3.5,42.5
RobeRo00,Roy Robertson-Harris,JAX,ATL,2023,4,0.0,2.0,DT,0.66,interior,0.6,1.6,2.8,0,3.5,42.5
WalkTr03,Travon Walker,JAX,ATL,2023,4,1.0,2.0,LB,0.74,edge,0.3,2.0,2.8,0,3.5,42.5
DannMi00,Michael Danna,KC,NYJ,2023,4,0.0,2.0,DE,0.85,edge,0.7,1.6,2.6,0,9.5,41.5
GayJWi00,Willie Gay Jr.,KC,NYJ,2023,4,0.0,1.0,LB,0.76,edge,0.0,0.2,2.6,0,9.5,41.5
JoneCh09,Chris Jones,KC,NYJ,2023,4,1.0,2.0,DT,0.75,interior,1.1,3.6,2.6,0,9.5,41.5
KarlGe00,George Karlaftis III,KC,NYJ,2023,4,0.0,4.0,DE,0.86,edge,0.7,2.2,2.6,0,9.5,41.5
TranDr00,Drue Tranquill,KC,NYJ,2023,4,0.0,1.0,LB,1.0,edge,0.3,0.4,2.6,0,9.5,41.5
DonaAa00,Aaron Donald,LA,IND,2023,4,1.0,4.0,DT,0.81,interior,0.3,1.8,2.4,0,1.0,44.5
HoecMi00,Michael Hoecht,LA,IND,2023,4,0.0,0.0,LB,0.95,edge,0.3,1.2,2.4,0,1.0,44.5
JoneEr01,Ernest Jones,LA,IND,2023,4,1.0,1.0,LB,1.0,edge,0.0,0.0,2.4,0,1.0,44.5
YounBy01,Byron Young,LA,IND,2023,4,0.0,4.0,LB,0.95,edge,0.6666666666666666,3.3333333333333335,2.4,0,1.0,44.5
KendEr00,Eric Kendricks,LAC,LV,2023,4,0.0,0.0,LB,0.68,edge,0.4,0.4,2.0,1,7.0,49.0
MackKh00,Khalil Mack,LAC,LV,2023,4,6.0,6.0,DE,0.86,edge,0.2,1.2,2.0,1,7.0,49.0
MurrKe00,Kenneth Murray,LAC,LV,2023,4,0.0,0.0,LB,1.0,edge,0.3,0.6,2.0,1,7.0,49.0
TuipTu00,Tuli Tuipulotu,LAC,LV,2023,4,0.0,0.0,DE,0.86,edge,1.0,4.0,2.0,1,7.0,49.0
ButlAd00,Adam Butler,LV,LAC,2023,4,0.0,1.0,DT,0.6,interior,,,2.2,1,-7.0,49.0
CrosMa00,Maxx Crosby,LV,LAC,2023,4,2.0,4.0,DE,1.0,edge,0.6,2.4,2.2,1,-7.0,49.0
DeabDi00,Divine Deablo,LV,LAC,2023,4,0.0,1.0,LB,0.71,edge,0.2,0.2,2.2,1,-7.0,49.0
JenkJo00,John Jenkins,LV,LAC,2023,4,0.0,0.0,DT,0.71,interior,0.0,1.0,2.2,1,-7.0,49.0
SpilRo00,Robert Spillane,LV,LAC,2023,4,0.0,0.0,LB,1.0,edge,0.2,0.4,2.2,1,-7.0,49.0
BakeJe00,Jerome Baker,MIA,BUF,2023,4,0.0,1.0,LB,0.76,edge,0.2,1.0,3.0,0,-2.5,53.0
ChubBr00,Bradley Chubb,MIA,BUF,2023,4,0.0,4.0,LB,0.83,edge,0.2,1.6,3.0,0,-2.5,53.0
LongDa04,David Long,MIA,BUF,2023,4,0.0,0.0,LB,0.93,edge,0.2,0.4,3.0,0,-2.5,53.0
SielZa00,Zach Sieler,MIA,BUF,2023,4,0.0,1.0,DE,0.74,edge,0.8,2.0,3.0,0,-2.5,53.0
VanGAn00,Andrew Van Ginkel,MIA,BUF,2023,4,2.0,3.0,LB,0.76,edge,0.3333333333333333,0.6666666666666666,3.0,0,-2.5,53.0
DaveMa00,Marcus Davenport,MIN,CAR,2023,4,1.0,2.0,LB,0.63,edge,0.1,1.8,2.6,0,4.5,46.5
HickJo00,Jordan Hicks,MIN,CAR,2023,4,0.0,0.0,LB,0.96,edge,0.0,0.4,2.6,0,4.5,46.5
HuntDa01,Danielle Hunter,MIN,CAR,2023,4,0.0,0.0,LB,0.78,edge,1.6,2.8,2.6,0,4.5,46.5
WonnDJ00,D.J. Wonnum,MIN,CAR,2023,4,1.0,2.0,LB,0.63,edge,0.0,0.6,2.6,0,4.5,46.5
BentJa00,Ja'Whaun Bentley,NE,DAL,2023,4,0.0,0.0,LB,0.9,edge,0.0,0.6,1.0,1,-6.5,43.0
TavaJa00,Jahlani Tavai,NE,DAL,2023,4,1.0,1.0,LB,0.66,edge,0.0,0.4,1.0,1,-6.5,43.0
WiseDe00,Deatrich Wise Jr.,NE,DAL,2023,4,1.0,1.0,DE,0.61,edge,0.2,1.4,1.0,1,-6.5,43.0
DaviDe00,Demario Davis,NO,TB,2023,4,0.0,0.0,LB,1.0,edge,0.2,0.6,1.0,1,4.0,41.0
GranCa01,Carl Granderson,NO,TB,2023,4,0.0,0.0,DE,0.79,edge,1.3,3.0,1.0,1,4.0,41.0
JordCa00,Cameron Jordan,NO,TB,2023,4,0.0,1.0,DE,0.86,edge,0.7,2.4,1.0,1,4.0,41.0
SaunKh00,Khalen Saunders,NO,TB,2023,4,0.0,0.0,DT,0.61,interior,,,1.0,1,4.0,41.0
WernPe00,Pete Werner,NO,TB,2023,4,0.0,0.0,LB,0.94,edge,0.1,0.2,1.0,1,4.0,41.0
LawrDe03,Dexter Lawrence,NYG,SEA,2023,4,0.0,1.0,NT,0.65,interior,0.2,2.2,2.2,0,-2.5,46.5
McFaMi01,Micah McFadden,NYG,SEA,2023,4,0.0,0.0,LB,0.67,edge,0.0,0.2,2.2,0,-2.5,46.5
OjulAz00,Azeez Ojulari,NYG,SEA,2023,4,0.0,3.0,DE,0.73,edge,1.25,3.0,2.2,0,-2.5,46.5
OkerBo00,Bobby Okereke,NYG,SEA,2023,4,0.0,0.0,LB,1.0,edge,0.0,0.2,2.2,0,-2.5,46.5
ThibKa00,Kayvon Thibodeaux,NYG,SEA,2023,4,2.0,4.0,LB,0.82,edge,0.2,0.6,2.2,0,-2.5,46.5
JeffQu00,Quinton Jefferson,NYJ,KC,2023,4,0.5,1.0,DE,0.63,edge,1.0,1.0,0.6,0,-9.5,41.5
MoslC.00,C.J. Mosley,NYJ,KC,2023,4,0.0,0.0,LB,1.0,edge,0.0,0.2,0.6,0,-9.5,41.5
WillQu00,Quinnen Williams,NYJ,KC,2023,4,0.5,4.0,NT,0.66,interior,0.2,2.6,0.6,0,-9.5,41.5
WillQu01,Quincy Williams,NYJ,KC,2023,4,0.0,2.0,LB,0.96,edge,0.2,0.2,0.6,0,-9.5,41.5
CoxxFl00,Fletcher Cox,PHI,WAS,2023,4,0.0,3.0,DT,0.74,interior,0.1,2.0,5.0,0,9.5,43.0
CunnZa00,Zach Cunningham,PHI,WAS,2023,4,0.0,0.0,LB,0.85,edge,0.0,0.0,5.0,0,9.5,43.0
MorrNi00,Nicholas Morrow,PHI,WAS,2023,4,3.0,3.0,LB,0.99,edge,0.0,0.6,5.0,0,9.5,43.0
ReddHa00,Haason Reddick,PHI,WAS,2023,4,1.0,1.0,LB,0.67,edge,0.4,2.0,5.0,0,9.5,43.0
SweaJo00,Josh Sweat,PHI,WAS,2023,4,1.0,2.0,DE,0.67,edge,0.6,3.0,5.0,0,9.5,43.0
HighAl02,Alex Highsmith,PIT,HOU,2023,4,0.0,4.0,LB,0.89,edge,0.7,1.6,2.8,0,3.0,41.5
HolcCo00,Cole Holcomb,PIT,HOU,2023,4,0.0,0.0,LB,0.89,edge,0.0,0.0,2.8,0,3.0,41.5
OgunLa00,Larry Ogunjobi,PIT,HOU,2023,4,0.0,0.0,DT,0.65,interior,0.2,1.0,2.8,0,3.0,41.5
WattT.00,T.J. Watt,PIT,HOU,2023,4,0.0,2.0,LB,0.87,edge,1.5,4.0,2.8,0,3.0,41.5
BrooJo01,Jordyn Brooks,SEA,NYG,2023,4,2.0,2.0,LB,0.77,edge,0.1,0.4,4.0,0,2.5,46.5
NwosUc00,Uchenna Nwosu,SEA,NYG,2023,4,2.0,3.0,LB,0.6,edge,0.1,1.4,4.0,0,2.5,46.5
WagnBo00,Bobby Wagner,SEA,NYG,2023,4,2.0,2.0,LB,0.89,edge,0.0,0.2,4.0,0,2.5,46.5
ArmsAr01,Arik Armstead,SF,ARI,2023,4,0.0,1.0,DT,0.61,interior,0.2,1.6,2.0,0,15.0,44.0
BosaNi00,Nick Bosa,SF,ARI,2023,4,0.0,5.0,DE,0.68,edge,0.2,2.8,2.0,0,15.0,44.0
GreeDr00,Dre Greenlaw,SF,ARI,2023,4,0.0,0.0,LB,0.82,edge,0.0,0.6,2.0,0,15.0,44.0
WarnFr00,Fred Warner,SF,ARI,2023,4,0.0,0.0,LB,0.85,edge,0.2,0.6,2.0,0,15.0,44.0
BarrSh00,Shaquil Barrett,TB,NO,2023,4,0.0,1.0,LB,0.66,edge,0.0,1.4,4.0,1,-4.0,41.0
DaviLa00,Lavonte David,TB,NO,2023,4,0.0,0.0,LB,1.0,edge,0.2,0.4,4.0,1,-4.0,41.0
HallLo00,Logan Hall,TB,NO,2023,4,0.0,0.0,DE,0.63,edge,0.25,1.0,4.0,1,-4.0,41.0
VeaxVi00,Vita Vea,TB,NO,2023,4,2.0,2.0,NT,0.68,interior,0.9,2.0,4.0,1,-4.0,41.0
WhitDe02,Devin White,TB,NO,2023,4,0.0,0.0,LB,1.0,edge,0.0,0.6,4.0,1,-4.0,41.0
AlShAz00,Azeez Al-Shaair,TEN,CIN,2023,4,0.0,2.0,LB,1.0,edge,0.2,0.4,2.2,0,-2.5,41.5
GibbJa00,Jack Gibbens,TEN,CIN,2023,4,0.0,0.0,LB,0.77,edge,0.0,0.4,2.2,0,-2.5,41.5
KeyxAr00,Arden Key,TEN,CIN,2023,4,1.0,2.0,LB,0.7,edge,0.0,1.0,2.2,0,-2.5,41.5
LandHa00,Harold Landry,TEN,CIN,2023,4,0.0,0.0,LB,0.64,edge,0.5,1.0,2.2,0,-2.5,41.5
SimmJe01,Jeffery Simmons,TEN,CIN,2023,4,1.0,3.0,DT,0.87,interior,0.6,1.0,2.2,0,-2.5,41.5
AlleJo01,Jonathan Allen,WAS,PHI,2023,4,1.0,2.0,DT,0.8,interior,0.4,0.8,2.2,0,-9.5,43.0
BartCo00,Cody Barton,WAS,PHI,2023,4,0.0,1.0,LB,1.0,edge,0.0,0.2,2.2,0,-9.5,43.0
DaviJa11,Jamin Davis,WAS,PHI,2023,4,0.0,0.0,LB,0.8,edge,0.2,0.4,2.2,0,-9.5,43.0
PaynDa00,Daron Payne,WAS,PHI,2023,4,0.0,2.0,DT,0.94,interior,0.8,1.6,2.2,0,-9.5,43.0
SweaMo00,Montez Sweat,WAS,PHI,2023,4,0.0,2.0,DE,0.82,edge,0.8,2.0,2.2,0,-9.5,43.0
YounCh04,Chase Young,WAS,PHI,2023,4,1.0,4.0,DE,0.89,edge,0.5,1.3333333333333333,2.2,0,-9.5,43.0
WhitKy00,Kyzir White,ARI,CIN,2023,5,0.0,0.0,LB,1.0,edge,0.2,0.2,2.6,1,-3.0,45.5
WoodJo02,Josh Woods,ARI,CIN,2023,5,0.0,1.0,LB,0.83,edge,,,2.6,1,-3.0,45.5
DuprAl00,Bud Dupree,ATL,HOU,2023,5,0.0,0.0,LB,0.72,edge,0.1,1.6,2.4,0,2.5,42.0
ElliKa00,Kaden Elliss,ATL,HOU,2023,5,0.0,0.0,LB,1.0,edge,0.2,1.0,2.4,0,2.5,42.0
JarrGr00,Grady Jarrett,ATL,HOU,2023,5,0.0,1.0,DT,0.79,interior,0.1,2.0,2.4,0,2.5,42.0
LandNa01,Nathan Landman,ATL,HOU,2023,5,0.0,2.0,LB,1.0,edge,0.0,0.0,2.4,0,2.5,42.0
MaduJu00,Justin Madubuike,BAL,PIT,2023,5,0.5,1.0,DT,0.73,interior,0.8,1.2,2.4,0,4.5,38.5
QueePa00,Patrick Queen,BAL,PIT,2023,5,0.5,1.0,LB,1.0,edge,0.4,0.6,2.4,0,4.5,38.5
SmitRo07,Roquan Smith,BAL,PIT,2023,5,0.0,0.0,LB,1.0,edge,0.3,0.8,2.4,0,4.5,38.5
BernTe00,Terrel Bernard,BUF,JAX,2023,5,0.0,1.0,LB,1.0,edge,0.4,0.6,2.0,0,5.5,48.5
DodsTy01,Tyrel Dodson,BUF,JAX,2023,5,0.0,1.0,LB,0.63,edge,0.3333333333333333,1.0,2.0,0,5.5,48.5
EpenAJ00,A.J. Epenesa,BUF,JAX,2023,5,2.0,4.0,DE,0.67,edge,1.0,1.0,2.0,0,5.5,48.5
OlivEd00,Ed Oliver,BUF,JAX,2023,5,1.0,3.0,DT,0.81,interior,0.6,1.6,2.0,0,5.5,48.5
BrowDe05,Derrick Brown,CAR,DET,2023,5,0.0,3.0,DE,0.87,edge,0.2,1.6,1.2,1,-9.5,43.5
BurnBr00,Brian Burns,CAR,DET,2023,5,1.0,3.0,LB,0.77,edge,0.5,1.4,1.2,1,-9.5,43.5
GrosYe00,Yetur Gross-Matos,CAR,DET,2023,5,0.0,1.0,LB,0.6,edge,0.4,1.4,1.2,1,-9.5,43.5
LuvuFr00,Frankie Luvu,CAR,DET,2023,5,0.0,0.0,LB,1.0,edge,0.8,1.4,1.2,1,-9.5,43.5
TuttSh00,Shy Tuttle,CAR,DET,2023,5,0.0,0.0,DT,0.75,interior,0.5,1.0,1.2,1,-9.5,43.5
WootCh00,Chandler Wooten,CAR,DET,2023,5,0.0,0.0,LB,0.6,edge,,,1.2,1,-9.5,43.5
EdmuTr01,Tremaine Edmunds,CHI,WAS,2023,5,0.0,0.0,LB,0.94,edge,0.0,0.0,5.4,0,-6.0,45.5
EdwaTJ02,T.J. Edwards,CHI,WAS,2023,5,1.0,2.0,LB,1.0,edge,0.0,0.4,5.4,0,-6.0,45.5
JoneJu03,Justin Jones,CHI,WAS,2023,5,0.0,3.0,DT,0.74,interior,0.2,1.0,5.4,0,-6.0,45.5
NgakYa00,Yannick Ngakoue,CHI,WAS,2023,5,1.0,1.0,DE,0.83,edge,0.4,1.6,5.4,0,-6.0,45.5
WalkDe03,DeMarcus Walker,CHI,WAS,2023,5,1.0,3.0,DE,0.73,edge,0.25,1.0,5.4,0,-6.0,45.5
HendTr00,Trey Hendrickson,CIN,ARI,2023,5,2.5,5.0,DE,0.7,edge,0.9,2.8,1.8,1,3.0,45.5
HillB.00,B.J. Hill,CIN,ARI,2023,5,0.0,2.0,DT,0.7,interior,0.7,2.2,1.8,1,3.0,45.5
HubbSa00,Sam Hubbard,CIN,ARI,2023,5,0.0,2.0,DE,0.72,edge,0.6,1.2,1.8,1,3.0,45.5
PratGe00,Germaine Pratt,CIN,ARI,2023,5,0.0,0.0,LB,0.93,edge,0.2,0.2,1.8,1,3.0,45.5
ReadD.00,D.J. Reader,CIN,ARI,2023,5,0.0,1.0,NT,0.63,interior,0.0,1.0,1.8,1,3.0,45.5
WilsLo00,Logan Wilson,CIN,ARI,2023,5,0.0,0.0,LB,1.0,edge,0.0,0.0,1.8,1,3.0,45.5
ClarDa02,Damone Clark,DAL,SF,2023,5,0.0,0.0,LB,0.65,edge,0.0,0.0,2.0,0,-3.5,45.0
ParsMi00,Micah Parsons,DAL,SF,2023,5,0.0,0.0,LB,0.83,edge,0.8,2.6,2.0,0,-3.5,45.0
VandLe00,Leighton Vander Esch,DAL,SF,2023,5,0.0,0.0,LB,0.82,edge,0.0,0.0,2.0,0,-3.5,45.0
AlleZa01,Zach Allen,DEN,NYJ,2023,5,1.0,2.0,DE,0.86,edge,0.3,2.0,2.2,0,2.5,42.5
BoniNi00,Nik Bonitto,DEN,NYJ,2023,5,2.0,2.0,LB,0.74,edge,0.875,1.75,2.2,0,2.5,42.5
CoopJo02,Jonathon Cooper,DEN,NYJ,2023,5,0.0,1.0,LB,0.86,edge,0.6,1.2,2.2,0,2.5,42.5
JeweJo00,Josey Jewell,DEN,NYJ,2023,5,0.0,0.0,LB,0.86,edge,0.0,0.0,2.2,0,2.5,42.5
SingAl00,Alex Singleton,DEN,NYJ,2023,5,0.0,0.0,LB,1.0,edge,0.0,0.2,2.2,0,2.5,42.5
AnzaAl00,Alex Anzalone,DET,CAR,2023,5,0.0,2.0,LB,0.97,edge,0.2,0.6,3.2,1,9.5,43.5
BarnDe02,Derrick Barnes,DET,CAR,2023,5,0.0,0.0,LB,0.63,edge,0.5,0.5,3.2,1,9.5,43.5
HutcAi00,Aidan Hutchinson,DET,CAR,2023,5,1.0,3.0,DE,0.86,edge,1.1,4.2,3.2,1,9.5,43.5
ClarKe01,Kenny Clark,GB,LV,2023,5,1.0,1.0,DE,0.73,edge,0.5,2.2,3.2,1,-1.0,45.0
McDuIs00,Isaiah McDuffie,GB,LV,2023,5,0.0,0.0,LB,0.95,edge,0.0,0.25,3.2,1,-1.0,45.0
SmitPr00,Preston Smith,GB,LV,2023,5,1.0,2.0,LB,0.67,edge,0.6,1.8,3.2,1,-1.0,45.0
WilsEr00,Eric Wilson,GB,LV,2023,5,0.0,1.0,LB,0.67,edge,,,3.2,1,-1.0,45.0
AndeWi01,Will Anderson,HOU,ATL,2023,5,0.0,2.0,DE,0.67,edge,0.3333333333333333,2.0,3.4,0,-2.5,42.0
CashBl00,Blake Cashman,HOU,ATL,2023,5,0.0,1.0,LB,0.96,edge,0.0,0.0,3.4,0,-2.5,42.0
CollMa00,Maliek Collins,HOU,ATL,2023,5,0.0,5.0,DT,0.67,interior,0.0,1.4,3.4,0,-2.5,42.0
GreeJo04,Jonathan Greenard,HOU,ATL,2023,5,0.0,1.0,DE,0.74,edge,0.3333333333333333,1.0,3.4,0,-2.5,42.0
RankSh00,Sheldon Rankins,HOU,ATL,2023,5,0.0,0.0,DT,0.67,interior,0.5,1.0,3.4,0,-2.5,42.0
TooTHe00,Henry To'oTo'o,HOU,ATL,2023,5,0.0,0.0,LB,0.97,edge,0.0,1.0,3.4,0,-2.5,42.0
BuckDe00,DeForest Buckner,IND,TEN,2023,5,0.0,1.0,DT,0.8,interior,0.4,1.6,4.0,0,-2.5,43.5
EbukSa00,Samson Ebukam,IND,TEN,2023,5,1.0,1.0,DE,0.68,edge,0.6,1.8,4.0,0,-2.5,43.5
FranZa00,Zaire Franklin,IND,TEN,2023,5,0.0,0.0,LB,1.0,edge,0.5,0.6,4.0,0,-2.5,43.5
OdeyDa00,Dayo Odeyingbo,IND,TEN,2023,5,0.0,0.0,DE,0.68,edge,0.0,1.4,4.0,0,-2.5,43.5
SpeeEJ00,E.J. Speed,IND,TEN,2023,5,0.0,0.0,LB,0.98,edge,0.0,0.0,4.0,0,-2.5,43.5
StewGr00,Grover Stewart,IND,TEN,2023,5,0.0,1.0,DT,0.67,interior,0.4,0.8,4.0,0,-2.5,43.5
AlleJo03,Josh Allen,JAX,BUF,2023,5,0.0,2.0,LB,0.85,edge,1.4,3.0,2.0,0,-5.5,48.5
MumaCh00,Chad Muma,JAX,BUF,2023,5,0.0,0.0,LB,0.83,edge,0.5,0.6666666666666666,2.0,0,-5.5,48.5
OluoFo00,Foyesade Oluokun,JAX,BUF,2023,5,0.0,2.0,LB,1.0,edge,0.0,0.4,2.0,0,-5.5,48.5
WalkTr03,Travon Walker,JAX,BUF,2023,5,0.0,2.0,LB,0.88,edge,0.5,2.2,2.0,0,-5.5,48.5
DannMi00,Michael Danna,KC,MIN,2023,5,1.0,2.0,DE,0.79,edge,0.7,1.4,2.0,1,3.5,52.5
GayJWi00,Willie Gay Jr.,KC,MIN,2023,5,0.0,1.0,LB,0.71,edge,0.0,0.4,2.0,1,3.5,52.5
JoneCh09,Chris Jones,KC,MIN,2023,5,1.0,4.0,DT,0.78,interior,1.1,3.6,2.0,1,3.5,52.5
KarlGe00,George Karlaftis III,KC,MIN,2023,5,0.0,0.0,DE,0.79,edge,0.5,2.8,2.0,1,3.5,52.5
TranDr00,Drue Tranquill,KC,MIN,2023,5,0.0,0.0,LB,1.0,edge,0.1,0.4,2.0,1,3.5,52.5
HoecMi00,Michael Hoecht,LA,PHI,2023,5,0.0,0.0,LB,0.82,edge,0.3,1.0,2.6,1,-3.5,50.5
JoneEr01,Ernest Jones,LA,PHI,2023,5,0.0,0.0,LB,1.0,edge,0.2,0.2,2.6,1,-3.5,50.5
YounBy01,Byron Young,LA,PHI,2023,5,0.0,1.0,LB,0.73,edge,0.5,3.5,2.6,1,-3.5,50.5
CrosMa00,Maxx Crosby,LV,GB,2023,5,1.0,3.0,DE,1.0,edge,1.0,3.0,2.0,1,1.0,45.0
DeabDi00,Divine Deablo,LV,GB,2023,5,0.0,0.0,LB,0.84,edge,0.2,0.4,2.0,1,1.0,45.0
NichBi00,Bilal Nichols,LV,GB,2023,5,0.0,0.0,DT,0.64,interior,0.3,1.2,2.0,1,1.0,45.0
SpilRo00,Robert Spillane,LV,GB,2023,5,0.0,0.0,LB,1.0,edge,0.2,0.4,2.0,1,1.0,45.0
BakeJe00,Jerome Baker,MIA,NYG,2023,5,1.5,2.0,LB,1.0,edge,0.2,0.8,5.6,0,12.5,47.5
ChubBr00,Bradley Chubb,MIA,NYG,2023,5,0.0,1.0,LB,0.78,edge,0.2,1.6,5.6,0,12.5,47.5
LongDa04,David Long,MIA,NYG,2023,5,0.0,0.0,LB,0.92,edge,0.2,0.2,5.6,0,12.5,47.5
SielZa00,Zach Sieler,MIA,NYG,2023,5,2.0,3.0,DE,0.64,edge,0.6,2.0,5.6,0,12.5,47.5
VanGAn00,Andrew Van Ginkel,MIA,NYG,2023,5,1.0,2.0,LB,0.82,edge,0.75,1.25,5.6,0,12.5,47.5
WilkCh00,Christian Wilkins,MIA,NYG,2023,5,0.5,4.0,DE,0.68,edge,0.6,1.4,5.6,0,12.5,47.5
DaveMa00,Marcus Davenport,MIN,KC,2023,5,1.0,4.0,LB,0.79,edge,0.3,2.0,0.4,1,-3.5,52.5
HickJo00,Jordan Hicks,MIN,KC,2023,5,0.0,1.0,LB,1.0,edge,0.0,0.4,0.4,1,-3.5,52.5
HuntDa01,Danielle Hunter,MIN,KC,2023,5,1.0,3.0,LB,0.77,edge,1.2,1.8,0.4,1,-3.5,52.5
PhilHa00,Harrison Phillips,MIN,KC,2023,5,0.0,0.0,DT,0.7,interior,0.1,1.2,0.4,1,-3.5,52.5
BentJa00,Ja'Whaun Bentley,NE,NO,2023,5,1.0,1.0,LB,0.78,edge,0.0,0.6,3.2,0,2.5,38.5
JennAn00,Anfernee Jennings,NE,NO,2023,5,0.0,0.0,LB,0.64,edge,,,3.2,0,2.5,38.5
TavaJa00,Jahlani Tavai,NE,NO,2023,5,0.0,0.0,LB,0.69,edge,0.2,0.4,3.2,0,2.5,38.5
DaviDe00,Demario Davis,NO,NE,2023,5,0.0,0.0,LB,0.87,edge,0.2,0.6,1.8,0,-2.5,38.5
GranCa01,Carl Granderson,NO,NE,2023,5,1.0,2.0,DE,0.65,edge,1.0,2.4,1.8,0,-2.5,38.5
JordCa00,Cameron Jordan,NO,NE,2023,5,0.5,1.0,DE,0.67,edge,0.7,2.6,1.8,0,-2.5,38.5
OkerBo00,Bobby Okereke,NYG,MIA,2023,5,0.0,0.0,LB,1.0,edge,0.0,0.2,1.8,0,-12.5,47.5
SimmIs00,Isaiah Simmons,NYG,MIA,2023,5,0.0,0.0,LB,1.0,edge,0.2,0.2,1.8,0,-12.5,47.5
ThibKa00,Kayvon Thibodeaux,NYG,MIA,2023,5,1.0,2.0,LB,0.92,edge,0.6,1.2,1.8,0,-12.5,47.5
WillLe02,Leonard Williams,NYG,MIA,2023,5,0.0,2.0,DT,0.65,interior,0.3,2.0,1.8,0,-12.5,47.5
JohnJe07,Jermaine Johnson II,NYJ,DEN,2023,5,1.0,2.0,LB,0.64,edge,0.5,1.0,2.6,0,-2.5,42.5
MoslC.00,C.J. Mosley,NYJ,DEN,2023,5,0.0,0.0,LB,1.0,edge,0.0,0.2,2.6,0,-2.5,42.5
WillQu00,Quinnen Williams,NYJ,DEN,2023,5,0.0,1.0,NT,0.65,interior,0.1,3.0,2.6,0,-2.5,42.5
WillQu01,Quincy Williams,NYJ,DEN,2023,5,2.0,3.0,LB,1.0,edge,0.2,0.6,2.6,0,-2.5,42.5
CartJa05,Jalen Carter,PHI,LA,2023,5,2.0,2.0,DT,0.7,interior,,,2.8,1,3.5,50.5
CunnZa00,Zach Cunningham,PHI,LA,2023,5,0.0,1.0,LB,0.86,edge,0.0,0.0,2.8,1,3.5,50.5
MorrNi00,Nicholas Morrow,PHI,LA,2023,5,0.0,0.0,LB,1.0,edge,0.6,0.8,2.8,1,3.5,50.5
ReddHa00,Haason Reddick,PHI,LA,2023,5,2.0,3.0,LB,0.68,edge,0.2,1.8,2.8,1,3.5,50.5
SweaJo00,Josh Sweat,PHI,LA,2023,5,0.0,2.0,DE,0.71,edge,0.5,2.8,2.8,1,3.5,50.5
AdamMo00,Montravius Adams,PIT,BAL,2023,5,0.0,0.0,NT,0.8,interior,0.0,1.0,2.4,0,-4.5,38.5
HighAl02,Alex Highsmith,PIT,BAL,2023,5,1.0,1.0,LB,0.87,edge,0.7,2.4,2.4,0,-4.5,38.5
HolcCo00,Cole Holcomb,PIT,BAL,2023,5,0.0,1.0,LB,0.91,edge,0.0,0.0,2.4,0,-4.5,38.5
OgunLa00,Larry Ogunjobi,PIT,BAL,2023,5,0.0,0.0,DT,0.69,interior,0.2,1.0,2.4,0,-4.5,38.5
WattT.00,T.J. Watt,PIT,BAL,2023,5,2.0,2.0,LB,0.86,edge,1.3,4.0,2.4,0,-4.5,38.5
BosaNi00,Nick Bosa,SF,DAL,2023,5,0.5,4.0,DE,0.7,edge,0.2,2.6,1.4,0,3.5,45.0
GreeDr00,Dre Greenlaw,SF,DAL,2023,5,1.0,1.0,LB,0.74,edge,0.0,0.6,1.4,0,3.5,45.0
WarnFr00,Fred Warner,SF,DAL,2023,5,1.0,1.0,LB,0.74,edge,0.2,0.6,1.4,0,3.5,45.0
AlShAz00,Azeez Al-Shaair,TEN,IND,2023,5,0.0,0.0,LB,1.0,edge,0.2,0.8,2.4,0,2.5,43.5
GibbJa00,Jack Gibbens,TEN,IND,2023,5,0.0,0.0,LB,0.79,edge,0.0,0.4,2.4,0,2.5,43.5
LandHa00,Harold Landry,TEN,IND,2023,5,0.0,0.0,LB,0.68,edge,0.3333333333333333,0.6666666666666666,2.4,0,2.5,43.5
AlleJo01,Jonathan Allen,WAS,CHI,2023,5,1.0,3.0,DT,0.89,interior,0.6,1.0,3.6,0,6.0,45.5
BartCo00,Cody Barton,WAS,CHI,2023,5,0.0,1.0,LB,1.0,edge,0.0,0.4,3.6,0,6.0,45.5
DaviJa11,Jamin Davis,WAS,CHI,2023,5,0.0,0.0,LB,0.8,edge,0.2,0.4,3.6,0,6.0,45.5
PaynDa00,Daron Payne,WAS,CHI,2023,5,0.0,2.0,DT,0.91,interior,0.6,1.8,3.6,0,6.0,45.5
SweaMo00,Montez Sweat,WAS,CHI,2023,5,1.5,4.0,DE,0.75,edge,0.6,2.0,3.6,0,6.0,45.5
YounCh04,Chase Young,WAS,CHI,2023,5,0.5,8.0,DE,0.89,edge,0.625,2.0,3.6,0,6.0,45.5
CollZa00,Zaven Collins,ARI,LA,2023,6,0.0,0.0,LB,0.65,edge,0.0,0.0,2.6,1,-7.0,48.0
WhitKy00,Kyzir White,ARI,LA,2023,6,1.0,1.0,LB,1.0,edge,0.2,0.2,2.6,1,-7.0,48.0
WoodJo02,Josh Woods,ARI,LA,2023,6,0.0,0.0,LB,0.6,edge,0.0,1.0,2.6,1,-7.0,48.0
CampCa99,Calais Campbell,ATL,WAS,2023,6,1.0,3.0,DE,0.71,edge,0.2,1.2,5.8,1,1.5,42.0
DuprAl00,Bud Dupree,ATL,WAS,2023,6,1.5,2.0,LB,0.76,edge,0.1,1.4,5.8,1,1.5,42.0
ElliKa00,Kaden Elliss,ATL,WAS,2023,6,0.0,0.0,LB,1.0,edge,0.2,0.8,5.8,1,1.5,42.0
JarrGr00,Grady Jarrett,ATL,WAS,2023,6,1.0,2.0,DT,0.8,interior,0.1,1.8,5.8,1,1.5,42.0
LandNa01,Nathan Landman,ATL,WAS,2023,6,0.0,0.0,LB,0.76,edge,0.0,0.6666666666666666,5.8,1,1.5,42.0
OnyeDa00,David Onyemata,ATL,WAS,2023,6,0.0,2.0,DT,0.71,interior,0.6,1.6,5.8,1,1.5,42.0
MaduJu00,Justin Madubuike,BAL,TEN,2023,6,2.0,4.0,DT,0.78,interior,0.7,1.0,3.4,0,5.5,42.5
QueePa00,Patrick Queen,BAL,TEN,2023,6,1.0,1.0,LB,1.0,edge,0.5,0.8,3.4,0,5.5,42.5
SmitRo07,Roquan Smith,BAL,TEN,2023,6,0.0,0.0,LB,1.0,edge,0.3,0.8,3.4,0,5.5,42.5
BernTe00,Terrel Bernard,BUF,NYG,2023,6,0.0,0.0,LB,1.0,edge,0.4,0.8,6.0,0,15.5,43.5
RousGr00,Gregory Rousseau,BUF,NYG,2023,6,0.0,3.0,DE,0.7,edge,0.2,1.8,6.0,0,15.5,43.5
WillDo04,Dorian Williams,BUF,NYG,2023,6,0.0,1.0,LB,0.84,edge,,,6.0,0,15.5,43.5
BurnBr00,Brian Burns,CAR,MIA,2023,6,0.0,1.0,LB,0.79,edge,0.7,1.8,1.2,0,-14.0,47.5
LuvuFr00,Frankie Luvu,CAR,MIA,2023,6,0.0,0.0,LB,0.76,edge,0.6,1.2,1.2,0,-14.0,47.5
EdmuTr01,Tremaine Edmunds,CHI,MIN,2023,6,0.0,0.0,LB,1.0,edge,0.0,0.0,2.6,0,-3.0,44.5
EdwaTJ02,T.J. Edwards,CHI,MIN,2023,6,1.0,1.0,LB,0.89,edge,0.2,0.8,2.6,0,-3.0,44.5
JoneJu03,Justin Jones,CHI,MIN,2023,6,0.0,2.0,DT,0.75,interior,0.2,1.4,2.6,0,-3.0,44.5
WalkDe03,DeMarcus Walker,CHI,MIN,2023,6,0.5,1.0,DE,0.74,edge,0.5,1.6666666666666667,2.6,0,-3.0,44.5
HendTr00,Trey Hendrickson,CIN,SEA,2023,6,1.0,2.0,DE,0.66,edge,1.0,2.8,2.0,0,3.0,45.5
HillB.00,B.J. Hill,CIN,SEA,2023,6,0.0,2.0,DT,0.74,interior,0.5,2.2,2.0,0,3.0,45.5
HubbSa00,Sam Hubbard,CIN,SEA,2023,6,1.0,7.0,DE,0.88,edge,0.4,1.4,2.0,0,3.0,45.5
PratGe00,Germaine Pratt,CIN,SEA,2023,6,0.0,0.0,LB,0.95,edge,0.2,0.2,2.0,0,3.0,45.5
ReadD.00,D.J. Reader,CIN,SEA,2023,6,0.0,1.0,NT,0.69,interior,0.0,1.0,2.0,0,3.0,45.5
WilsLo00,Logan Wilson,CIN,SEA,2023,6,1.0,1.0,LB,1.0,edge,0.0,0.0,2.0,0,3.0,45.5
GarrMy00,Myles Garrett,CLE,SF,2023,6,0.0,1.0,DE,0.82,edge,1.3,3.6,1.6,0,-9.5,36.0
OwusJe00,Jeremiah Owusu-Koramoah,CLE,SF,2023,6,1.0,1.0,LB,0.79,edge,0.0,0.0,1.6,0,-9.5,36.0
SmitZa00,Za'Darius Smith,CLE,SF,2023,6,0.0,1.0,DE,0.68,edge,0.0,2.2,1.6,0,-9.5,36.0
TakiSi00,Sione Takitaki,CLE,SF,2023,6,1.0,1.0,LB,0.63,edge,0.2,0.4,1.6,0,-9.5,36.0
ClarDa02,Damone Clark,DAL,LAC,2023,6,0.0,1.0,LB,0.99,edge,0.0,0.0,2.4,1,1.5,49.5
OdigOs00,Osa Odighizuwa,DAL,LAC,2023,6,0.0,1.0,DT,0.62,interior,0.6666666666666666,1.0,2.4,1,1.5,49.5
ParsMi00,Micah Parsons,DAL,LAC,2023,6,1.0,4.0,LB,0.93,edge,0.6,2.0,2.4,1,1.5,49.5
AlleZa01,Zach Allen,DEN,KC,2023,6,1.0,3.0,DE,0.89,edge,0.5,2.2,0.8,0,-10.5,47.5
BoniNi00,Nik Bonitto,DEN,KC,2023,6,0.0,2.0,LB,0.77,edge,1.1,1.8,0.8,0,-10.5,47.5
CoopJo02,Jonathon Cooper,DEN,KC,2023,6,1.0,5.0,LB,0.66,edge,0.6,1.4,0.8,0,-10.5,47.5
JeweJo00,Josey Jewell,DEN,KC,2023,6,0.0,0.0,LB,0.76,edge,0.0,0.0,0.8,0,-10.5,47.5
SingAl00,Alex Singleton,DEN,KC,2023,6,0.0,0.0,LB,1.0,edge,0.0,0.2,0.8,0,-10.5,47.5
AnzaAl00,Alex Anzalone,DET,TB,2023,6,0.0,0.0,LB,1.0,edge,0.2,0.8,1.2,0,3.0,43.5
BarnDe02,Derrick Barnes,DET,TB,2023,6,0.0,0.0,LB,0.79,edge,0.4,0.4,1.2,0,3.0,43.5
ComiJo00,John Cominsky,DET,TB,2023,6,0.0,1.0,DE,0.75,edge,0.6,2.0,1.2,0,3.0,43.5
HutcAi00,Aidan Hutchinson,DET,TB,2023,6,0.0,2.0,DE,0.89,edge,0.9,4.4,1.2,0,3.0,43.5
McNeAl00,Alim McNeill,DET,TB,2023,6,0.0,1.0,DT,0.7,interior,0.4,1.4,1.2,0,3.0,43.5
AndeWi01,Will Anderson,HOU,NO,2023,6,0.0,2.0,DE,0.7,edge,0.25,2.0,3.4,1,-2.0,42.5
CashBl00,Blake Cashman,HOU,NO,2023,6,0.0,1.0,LB,1.0,edge,0.0,0.5,3.4,1,-2.0,42.5
CollMa00,Maliek Collins,HOU,NO,2023,6,0.5,1.0,DT,0.68,interior,0.0,2.2,3.4,1,-2.0,42.5
GreeJo04,Jonathan Greenard,HOU,NO,2023,6,0.5,3.0,DE,0.62,edge,0.25,1.0,3.4,1,-2.0,42.5
TooTHe00,Henry To'oTo'o,HOU,NO,2023,6,0.0,0.0,LB,0.99,edge,0.0,0.75,3.4,1,-2.0,42.5
BuckDe00,DeForest Buckner,IND,JAX,2023,6,1.0,1.0,DT,0.7,interior,0.4,1.6,2.6,0,-4.0,44.0
FranZa00,Zaire Franklin,IND,JAX,2023,6,0.0,0.0,LB,0.99,edge,0.3,0.4,2.6,0,-4.0,44.0
LeonDa00,Shaquille Leonard,IND,JAX,2023,6,0.0,0.0,LB,0.81,edge,0.0,0.3333333333333333,2.6,0,-4.0,44.0
PayeKw00,Kwity Paye,IND,JAX,2023,6,0.0,0.0,DE,0.62,edge,0.6,1.8,2.6,0,-4.0,44.0
StewGr00,Grover Stewart,IND,JAX,2023,6,0.0,1.0,DT,0.71,interior,0.2,0.8,2.6,0,-4.0,44.0
AlleJo03,Josh Allen,JAX,IND,2023,6,1.0,3.0,LB,0.85,edge,1.2,2.6,2.2,0,4.0,44.0
LloyDe00,Devin Lloyd,JAX,IND,2023,6,0.0,0.0,LB,0.97,edge,0.0,0.4,2.2,0,4.0,44.0
OluoFo00,Foyesade Oluokun,JAX,IND,2023,6,0.0,0.0,LB,1.0,edge,0.0,0.6,2.2,0,4.0,44.0
WalkTr03,Travon Walker,JAX,IND,2023,6,0.5,2.0,LB,0.81,edge,0.4,2.0,2.2,0,4.0,44.0
BoltNi00,Nick Bolton,KC,DEN,2023,6,0.0,0.0,LB,0.88,edge,0.0,0.2,3.0,0,10.5,47.5
DannMi00,Michael Danna,KC,DEN,2023,6,0.0,1.0,DE,0.9,edge,0.9,1.6,3.0,0,10.5,47.5
GayJWi00,Willie Gay Jr.,KC,DEN,2023,6,0.0,0.0,LB,0.69,edge,0.0,0.6,3.0,0,10.5,47.5
JoneCh09,Chris Jones,KC,DEN,2023,6,1.0,4.0,DT,0.88,interior,0.8,2.6,3.0,0,10.5,47.5
KarlGe00,George Karlaftis III,KC,DEN,2023,6,0.5,3.0,DE,0.62,edge,0.4,2.4,3.0,0,10.5,47.5
DonaAa00,Aaron Donald,LA,ARI,2023,6,0.0,2.0,DT,0.8,interior,0.5,2.2,1.8,1,7.0,48.0
HoecMi00,Michael Hoecht,LA,ARI,2023,6,0.0,1.0,LB,0.71,edge,0.1,0.8,1.8,1,7.0,48.0
JoneEr01,Ernest Jones,LA,ARI,2023,6,0.0,0.0,LB,0.78,edge,0.2,0.2,1.8,1,7.0,48.0
TurnKo00,Kobie Turner,LA,ARI,2023,6,0.0,1.0,NT,0.74,interior,0.5,1.0,1.8,1,7.0,48.0
YounBy01,Byron Young,LA,ARI,2023,6,1.0,3.0,LB,0.86,edge,0.4,3.0,1.8,1,7.0,48.0
KendEr00,Eric Kendricks,LAC,DAL,2023,6,0.0,1.0,LB,0.83,edge,0.2,0.2,2.0,1,-1.5,49.5
MackKh00,Khalil Mack,LAC,DAL,2023,6,1.0,1.0,DE,0.88,edge,1.4,2.4,2.0,1,-1.5,49.5
MurrKe00,Kenneth Murray,LAC,DAL,2023,6,0.0,0.0,LB,1.0,edge,0.3,0.4,2.0,1,-1.5,49.5
TuipTu00,Tuli Tuipulotu,LAC,DAL,2023,6,0.0,1.0,DE,0.69,edge,0.6666666666666666,2.6666666666666665,2.0,1,-1.5,49.5
CrosMa00,Maxx Crosby,LV,NE,2023,6,0.5,3.0,DE,1.0,edge,1.0,2.8,2.0,1,3.0,41.5
DeabDi00,Divine Deablo,LV,NE,2023,6,0.0,0.0,LB,0.92,edge,0.2,0.4,2.0,1,3.0,41.5
SpilRo00,Robert Spillane,LV,NE,2023,6,0.0,0.0,LB,1.0,edge,0.2,0.4,2.0,1,3.0,41.5
BakeJe00,Jerome Baker,MIA,CAR,2023,6,0.0,0.0,LB,0.68,edge,0.3,1.0,3.0,0,14.0,47.5
ChubBr00,Bradley Chubb,MIA,CAR,2023,6,1.0,1.0,LB,0.71,edge,0.2,1.6,3.0,0,14.0,47.5
LongDa04,David Long,MIA,CAR,2023,6,0.0,1.0,LB,0.74,edge,0.2,0.2,3.0,0,14.0,47.5
SielZa00,Zach Sieler,MIA,CAR,2023,6,1.0,1.0,DE,0.67,edge,1.0,2.0,3.0,0,14.0,47.5
VanGAn00,Andrew Van Ginkel,MIA,CAR,2023,6,0.0,1.0,LB,0.61,edge,0.8,1.4,3.0,0,14.0,47.5
WilkCh00,Christian Wilkins,MIA,CAR,2023,6,2.0,3.0,DE,0.71,edge,0.5,1.8,3.0,0,14.0,47.5
HickJo00,Jordan Hicks,MIN,CHI,2023,6,0.0,0.0,LB,1.0,edge,0.0,0.4,4.0,0,3.0,44.5
HuntDa01,Danielle Hunter,MIN,CHI,2023,6,2.0,2.0,LB,0.85,edge,1.2,2.0,4.0,0,3.0,44.5
PhilHa00,Harrison Phillips,MIN,CHI,2023,6,1.0,1.0,DT,0.82,interior,0.1,0.8,4.0,0,3.0,44.5
WonnDJ00,D.J. Wonnum,MIN,CHI,2023,6,1.0,3.0,LB,0.71,edge,0.2,1.0,4.0,0,3.0,44.5
BentJa00,Ja'Whaun Bentley,NE,LV,2023,6,0.0,2.0,LB,1.0,edge,0.2,0.8,2.8,1,-3.0,41.5
JennAn00,Anfernee Jennings,NE,LV,2023,6,0.0,0.0,LB,0.82,edge,0.0,0.0,2.8,1,-3.0,41.5
TavaJa00,Jahlani Tavai,NE,LV,2023,6,0.0,1.0,LB,0.76,edge,0.2,0.4,2.8,1,-3.0,41.5
DaviDe00,Demario Davis,NO,HOU,2023,6,1.0,2.0,LB,1.0,edge,0.2,0.6,2.2,1,2.0,42.5
GranCa01,Carl Granderson,NO,HOU,2023,6,1.0,1.0,DE,0.79,edge,1.0,2.4,2.2,1,2.0,42.5
WernPe00,Pete Werner,NO,HOU,2023,6,0.0,0.0,LB,0.97,edge,0.1,0.2,2.2,1,2.0,42.5
McFaMi01,Micah McFadden,NYG,BUF,2023,6,0.0,1.0,LB,0.79,edge,0.0,0.2,1.8,0,-15.5,43.5
OkerBo00,Bobby Okereke,NYG,BUF,2023,6,0.0,1.0,LB,1.0,edge,0.0,0.2,1.8,0,-15.5,43.5
ThibKa00,Kayvon Thibodeaux,NYG,BUF,2023,6,0.0,2.0,LB,0.92,edge,0.8,1.6,1.8,0,-15.5,43.5
WillLe02,Leonard Williams,NYG,BUF,2023,6,0.0,2.0,DT,0.9,interior,0.3,2.2,1.8,0,-15.5,43.5
FranJo02,John Franklin-Myers,NYJ,PHI,2023,6,0.0,3.0,DE,0.61,edge,0.5,2.2,2.4,0,-6.5,43.0
JohnJe07,Jermaine Johnson II,NYJ,PHI,2023,6,0.0,3.0,LB,0.71,edge,0.6666666666666666,1.3333333333333333,2.4,0,-6.5,43.0
MoslC.00,C.J. Mosley,NYJ,PHI,2023,6,0.0,0.0,LB,1.0,edge,0.0,0.0,2.4,0,-6.5,43.0
WillQu00,Quinnen Williams,NYJ,PHI,2023,6,0.0,1.0,NT,0.73,interior,0.1,2.4,2.4,0,-6.5,43.0
WillQu01,Quincy Williams,NYJ,PHI,2023,6,0.0,0.0,LB,0.97,edge,0.4,1.0,2.4,0,-6.5,43.0
CoxxFl00,Fletcher Cox,PHI,NYJ,2023,6,0.0,1.0,DT,0.78,interior,0.1,2.0,3.0,0,6.5,43.0
CunnZa00,Zach Cunningham,PHI,NYJ,2023,6,0.0,0.0,LB,0.75,edge,0.0,0.2,3.0,0,6.5,43.0
DaviJo03,Jordan Davis,PHI,NYJ,2023,6,0.5,1.0,DT,0.68,interior,,,3.0,0,6.5,43.0
ReddHa00,Haason Reddick,PHI,NYJ,2023,6,2.5,5.0,LB,0.72,edge,0.6,1.6,3.0,0,6.5,43.0
SweaJo00,Josh Sweat,PHI,NYJ,2023,6,1.0,4.0,DE,0.75,edge,0.5,3.0,3.0,0,6.5,43.0
WillMi08,Milton Williams,PHI,NYJ,2023,6,0.5,3.0,DT,0.63,interior,,,3.0,0,6.5,43.0
BrooJo01,Jordyn Brooks,SEA,CIN,2023,6,0.0,0.0,LB,0.81,edge,0.5,0.8,2.2,0,-3.0,45.5
JoneDr00,Dre'Mont Jones,SEA,CIN,2023,6,1.0,1.0,DE,0.7,edge,0.4,1.2,2.2,0,-3.0,45.5
NwosUc00,Uchenna Nwosu,SEA,CIN,2023,6,0.0,2.0,LB,0.78,edge,0.4,1.2,2.2,0,-3.0,45.5
ReedJa02,Jarran Reed,SEA,CIN,2023,6,1.0,1.0,NT,0.74,interior,0.2,1.4,2.2,0,-3.0,45.5
WagnBo00,Bobby Wagner,SEA,CIN,2023,6,0.0,0.0,LB,1.0,edge,0.4,0.6,2.2,0,-3.0,45.5
BosaNi00,Nick Bosa,SF,CLE,2023,6,1.0,2.0,DE,0.89,edge,0.3,3.2,4.4,0,9.5,36.0
BurkOr00,Oren Burks,SF,CLE,2023,6,0.0,1.0,LB,1.0,edge,0.0,0.0,4.4,0,9.5,36.0
HargJa00,Javon Hargrave,SF,CLE,2023,6,0.0,1.0,DT,0.64,interior,0.6,1.4,4.4,0,9.5,36.0
WarnFr00,Fred Warner,SF,CLE,2023,6,0.0,0.0,LB,1.0,edge,0.4,0.8,4.4,0,9.5,36.0
BarrSh00,Shaquil Barrett,TB,DET,2023,6,0.0,0.0,LB,0.64,edge,0.0,1.4,1.4,0,-3.0,43.5
DaviLa00,Lavonte David,TB,DET,2023,6,1.0,1.0,LB,1.0,edge,0.2,0.4,1.4,0,-3.0,43.5
TryoJo00,Joe Tryon-Shoyinka,TB,DET,2023,6,1.0,2.0,LB,0.73,edge,0.0,1.8,1.4,0,-3.0,43.5
WhitDe02,Devin White,TB,DET,2023,6,0.0,1.0,LB,1.0,edge,0.0,0.4,1.4,0,-3.0,43.5
AlShAz00,Azeez Al-Shaair,TEN,BAL,2023,6,0.0,1.0,LB,1.0,edge,0.2,0.6,2.8,0,-5.5,42.5
AutrDe00,Denico Autry,TEN,BAL,2023,6,0.0,0.0,DE,0.76,edge,0.8,1.6,2.8,0,-5.5,42.5
GibbJa00,Jack Gibbens,TEN,BAL,2023,6,0.0,0.0,LB,0.68,edge,0.0,0.4,2.8,0,-5.5,42.5
KeyxAr00,Arden Key,TEN,BAL,2023,6,0.0,1.0,LB,0.68,edge,0.3333333333333333,1.3333333333333333,2.8,0,-5.5,42.5
LandHa00,Harold Landry,TEN,BAL,2023,6,1.0,1.0,LB,0.66,edge,0.25,0.5,2.8,0,-5.5,42.5
SimmJe01,Jeffery Simmons,TEN,BAL,2023,6,0.0,1.0,DT,0.9,interior,0.6,1.4,2.8,0,-5.5,42.5
AlleJo01,Jonathan Allen,WAS,ATL,2023,6,0.0,1.0,DT,0.83,interior,0.6,1.4,3.2,1,-1.5,42.0
BartCo00,Cody Barton,WAS,ATL,2023,6,0.0,1.0,LB,1.0,edge,0.0,0.6,3.2,1,-1.5,42.0
DaviJa11,Jamin Davis,WAS,ATL,2023,6,1.0,1.0,LB,0.9,edge,0.2,0.4,3.2,1,-1.5,42.0
PaynDa00,Daron Payne,WAS,ATL,2023,6,0.0,0.0,DT,0.83,interior,0.2,1.8,3.2,1,-1.5,42.0
YounCh04,Chase Young,WAS,ATL,2023,6,0.0,1.0,DE,0.9,edge,0.6,3.2,3.2,1,-1.5,42.0
CollZa00,Zaven Collins,ARI,SEA,2023,7,1.0,2.0,LB,0.63,edge,0.0,0.0,2.2,0,-9.5,43.5
LedbJo01,Jonathan Ledbetter,ARI,SEA,2023,7,0.5,1.0,DE,0.73,edge,0.0,1.0,2.2,0,-9.5,43.5
WhitKy00,Kyzir White,ARI,SEA,2023,7,0.0,0.0,LB,1.0,edge,0.4,0.4,2.2,0,-9.5,43.5
WoodJo02,Josh Woods,ARI,SEA,2023,7,0.0,0.0,LB,0.87,edge,0.0,0.5,2.2,0,-9.5,43.5
CampCa99,Calais Campbell,ATL,TB,2023,7,1.0,2.0,DE,0.68,edge,0.2,1.2,1.0,0,-3.0,37.5
DuprAl00,Bud Dupree,ATL,TB,2023,7,0.0,0.0,LB,0.66,edge,0.4,1.4,1.0,0,-3.0,37.5
ElliKa00,Kaden Elliss,ATL,TB,2023,7,0.0,0.0,LB,1.0,edge,0.2,0.8,1.0,0,-3.0,37.5
LandNa01,Nathan Landman,ATL,TB,2023,7,0.0,0.0,LB,0.77,edge,0.0,0.5,1.0,0,-3.0,37.5
QueePa00,Patrick Queen,BAL,DET,2023,7,0.0,0.0,LB,0.89,edge,0.5,0.8,1.8,0,3.0,43.5
SmitRo07,Roquan Smith,BAL,DET,2023,7,0.0,0.0,LB,0.89,edge,0.1,0.4,1.8,0,3.0,43.5
BernTe00,Terrel Bernard,BUF,NE,2023,7,0.0,0.0,LB,1.0,edge,0.4,0.6,2.4,0,7.5,41.0
EdmuTr01,Tremaine Edmunds,CHI,LV,2023,7,0.0,0.0,LB,1.0,edge,0.0,0.0,2.8,0,-2.5,38.5
EdwaTJ02,T.J. Edwards,CHI,LV,2023,7,0.0,0.0,LB,0.92,edge,0.4,1.0,2.8,0,-2.5,38.5
JoneJu03,Justin Jones,CHI,LV,2023,7,1.0,1.0,DT,0.66,interior,0.2,1.4,2.8,0,-2.5,38.5
GarrMy00,Myles Garrett,CLE,IND,2023,7,2.0,3.0,DE,0.77,edge,1.1,3.2,2.0,0,3.5,40.0
SmitZa00,Za'Darius Smith,CLE,IND,2023,7,1.0,2.0,DE,0.73,edge,0.0,1.8,2.0,0,3.5,40.0
WalkAn01,Anthony Walker,CLE,IND,2023,7,0.0,0.0,LB,1.0,edge,0.0,0.8,2.0,0,3.5,40.0
AlleZa01,Zach Allen,DEN,GB,2023,7,0.0,1.0,DE,0.77,edge,0.5,1.8,2.0,0,1.5,44.0
BoniNi00,Nik Bonitto,DEN,GB,2023,7,0.0,0.0,LB,0.63,edge,1.1,2.0,2.0,0,1.5,44.0
CoopJo02,Jonathon Cooper,DEN,GB,2023,7,0.0,1.0,LB,0.69,edge,0.8,2.2,2.0,0,1.5,44.0
JeweJo00,Josey Jewell,DEN,GB,2023,7,0.0,0.0,LB,0.84,edge,0.0,0.0,2.0,0,1.5,44.0
SingAl00,Alex Singleton,DEN,GB,2023,7,0.0,0.0,LB,1.0,edge,0.0,0.0,2.0,0,1.5,44.0
AnzaAl00,Alex Anzalone,DET,BAL,2023,7,0.0,0.0,LB,1.0,edge,0.2,0.6,2.4,0,-3.0,43.5
BarnDe02,Derrick Barnes,DET,BAL,2023,7,0.0,0.0,LB,0.68,edge,0.2,0.2,2.4,0,-3.0,43.5
CampJa04,Jack Campbell,DET,BAL,2023,7,0.0,0.0,LB,0.9,edge,0.0,0.0,2.4,0,-3.0,43.5
HutcAi00,Aidan Hutchinson,DET,BAL,2023,7,0.0,0.0,DE,0.9,edge,0.9,4.0,2.4,0,-3.0,43.5
GaryRa00,Rashan Gary,GB,DEN,2023,7,0.0,1.0,LB,0.68,edge,0.6,2.0,3.4,0,-1.5,44.0
McDuIs00,Isaiah McDuffie,GB,DEN,2023,7,0.0,0.0,LB,0.66,edge,0.0,0.2,3.4,0,-1.5,44.0
SmitPr00,Preston Smith,GB,DEN,2023,7,1.0,2.0,LB,0.71,edge,0.4,1.4,3.4,0,-1.5,44.0
WalkQu00,Quay Walker,GB,DEN,2023,7,0.0,1.0,LB,1.0,edge,0.0,0.2,3.4,0,-1.5,44.0
BuckDe00,DeForest Buckner,IND,CLE,2023,7,0.0,3.0,DT,0.92,interior,0.6,1.2,3.4,0,-3.5,40.0
EbukSa00,Samson Ebukam,IND,CLE,2023,7,0.0,1.0,DE,0.65,edge,0.6,1.6,3.4,0,-3.5,40.0
FranZa00,Zaire Franklin,IND,CLE,2023,7,0.0,1.0,LB,1.0,edge,0.3,0.4,3.4,0,-3.5,40.0
LeonDa00,Shaquille Leonard,IND,CLE,2023,7,0.0,0.0,LB,0.72,edge,0.0,0.25,3.4,0,-3.5,40.0
PayeKw00,Kwity Paye,IND,CLE,2023,7,0.0,3.0,DE,0.69,edge,0.6,1.4,3.4,0,-3.5,40.0
AlleJo03,Josh Allen,JAX,NO,2023,7,0.0,3.0,LB,0.8,edge,1.4,3.2,3.0,1,-2.5,41.0
LloyDe00,Devin Lloyd,JAX,NO,2023,7,0.0,0.0,LB,0.99,edge,0.0,0.4,3.0,1,-2.5,41.0
OluoFo00,Foyesade Oluokun,JAX,NO,2023,7,0.0,3.0,LB,1.0,edge,0.0,0.6,3.0,1,-2.5,41.0
WalkTr03,Travon Walker,JAX,NO,2023,7,0.0,1.0,LB,0.73,edge,0.5,2.2,3.0,1,-2.5,41.0
BoltNi00,Nick Bolton,KC,LAC,2023,7,0.0,0.0,LB,0.75,edge,0.0,0.2,2.0,0,5.5,48.5
DannMi00,Michael Danna,KC,LAC,2023,7,1.0,1.0,DE,0.73,edge,0.5,1.4,2.0,0,5.5,48.5
JoneCh09,Chris Jones,KC,LAC,2023,7,0.0,1.0,DT,0.86,interior,1.0,3.2,2.0,0,5.5,48.5
KarlGe00,George Karlaftis III,KC,LAC,2023,7,1.0,1.0,DE,0.78,edge,0.5,3.0,2.0,0,5.5,48.5
DonaAa00,Aaron Donald,LA,PIT,2023,7,0.0,2.0,DT,0.86,interior,0.5,2.2,2.8,1,3.5,44.0
HoecMi00,Michael Hoecht,LA,PIT,2023,7,2.0,2.0,LB,0.93,edge,0.0,0.8,2.8,1,3.5,44.0
JoneEr01,Ernest Jones,LA,PIT,2023,7,0.0,0.0,LB,0.81,edge,0.2,0.2,2.8,1,3.5,44.0
TurnKo00,Kobie Turner,LA,PIT,2023,7,0.0,1.0,NT,0.78,interior,0.25,1.0,2.8,1,3.5,44.0
YounBy01,Byron Young,LA,PIT,2023,7,0.0,2.0,LB,0.95,edge,0.5,2.6,2.8,1,3.5,44.0
KendEr00,Eric Kendricks,LAC,KC,2023,7,0.0,0.0,LB,0.87,edge,0.2,0.4,1.2,0,-5.5,48.5
MackKh00,Khalil Mack,LAC,KC,2023,7,0.0,1.0,DE,0.66,edge,1.4,1.8,1.2,0,-5.5,48.5
MurrKe00,Kenneth Murray,LAC,KC,2023,7,1.0,1.0,LB,1.0,edge,0.2,0.2,1.2,0,-5.5,48.5
CrosMa00,Maxx Crosby,LV,CHI,2023,7,1.0,1.0,DE,0.97,edge,0.9,2.8,4.2,0,2.5,38.5
MastLu00,Luke Masterson,LV,CHI,2023,7,0.0,0.0,LB,0.62,edge,0.0,0.2,4.2,0,2.5,38.5
SpilRo00,Robert Spillane,LV,CHI,2023,7,0.0,0.0,LB,0.86,edge,0.2,0.4,4.2,0,2.5,38.5
BakeJe00,Jerome Baker,MIA,PHI,2023,7,0.0,0.0,LB,1.0,edge,0.3,1.0,2.2,0,-3.0,52.0
ChubBr00,Bradley Chubb,MIA,PHI,2023,7,2.0,2.0,LB,0.9,edge,0.4,1.8,2.2,0,-3.0,52.0
PhilJa02,Jaelan Phillips,MIA,PHI,2023,7,1.0,2.0,LB,0.69,edge,0.2,2.6,2.2,0,-3.0,52.0
VanGAn00,Andrew Van Ginkel,MIA,PHI,2023,7,0.0,1.0,LB,0.6,edge,0.8,1.4,2.2,0,-3.0,52.0
WilkCh00,Christian Wilkins,MIA,PHI,2023,7,0.0,1.0,DE,0.96,edge,0.9,2.2,2.2,0,-3.0,52.0
HickJo00,Jordan Hicks,MIN,SF,2023,7,0.0,1.0,LB,1.0,edge,0.0,0.2,1.4,1,-7.0,44.5
HuntDa01,Danielle Hunter,MIN,SF,2023,7,1.0,4.0,LB,0.89,edge,1.4,1.8,1.4,1,-7.0,44.5
LowrDe00,Dean Lowry,MIN,SF,2023,7,0.0,1.0,DE,0.75,edge,0.1,0.4,1.4,1,-7.0,44.5
WonnDJ00,D.J. Wonnum,MIN,SF,2023,7,0.0,2.0,LB,0.89,edge,0.4,1.4,1.4,1,-7.0,44.5
BarmCh00,Christian Barmore,NE,BUF,2023,7,1.0,2.0,DT,0.63,interior,0.5,1.5,0.8,0,-7.5,41.0
BentJa00,Ja'Whaun Bentley,NE,BUF,2023,7,0.0,3.0,LB,0.99,edge,0.2,1.2,0.8,0,-7.5,41.0
JennAn00,Anfernee Jennings,NE,BUF,2023,7,0.0,0.0,LB,0.97,edge,0.0,0.0,0.8,0,-7.5,41.0
TavaJa00,Jahlani Tavai,NE,BUF,2023,7,0.0,1.0,LB,0.61,edge,0.2,0.4,0.8,0,-7.5,41.0
WiseDe00,Deatrich Wise Jr.,NE,BUF,2023,7,0.0,3.0,DE,0.96,edge,0.2,1.2,0.8,0,-7.5,41.0
DaviDe00,Demario Davis,NO,JAX,2023,7,0.0,1.0,LB,0.73,edge,0.4,1.0,2.8,1,2.5,41.0
GranCa01,Carl Granderson,NO,JAX,2023,7,0.0,0.0,DE,0.88,edge,0.9,2.0,2.8,1,2.5,41.0
JordCa00,Cameron Jordan,NO,JAX,2023,7,0.0,0.0,DE,0.95,edge,0.2,2.0,2.8,1,2.5,41.0
WernPe00,Pete Werner,NO,JAX,2023,7,0.0,0.0,LB,1.0,edge,0.1,0.2,2.8,1,2.5,41.0
LawrDe03,Dexter Lawrence,NYG,WAS,2023,7,2.0,4.0,NT,0.75,interior,0.0,1.8,5.6,0,-3.0,37.0
McFaMi01,Micah McFadden,NYG,WAS,2023,7,0.5,2.0,LB,0.62,edge,0.0,0.4,5.6,0,-3.0,37.0
OkerBo00,Bobby Okereke,NYG,WAS,2023,7,0.0,0.0,LB,1.0,edge,0.0,0.4,5.6,0,-3.0,37.0
ThibKa00,Kayvon Thibodeaux,NYG,WAS,2023,7,1.5,4.0,LB,0.99,edge,0.8,2.0,5.6,0,-3.0,37.0
WardJi02,Jihad Ward,NYG,WAS,2023,7,0.0,2.0,DE,0.74,edge,0.0,1.0,5.6,0,-3.0,37.0
WillLe02,Leonard Williams,NYG,WAS,2023,7,1.0,2.0,DT,0.78,interior,0.1,2.2,5.6,0,-3.0,37.0
CoxxFl00,Fletcher Cox,PHI,MIA,2023,7,0.5,1.0,DT,0.76,interior,0.1,2.2,1.2,0,3.0,52.0
CunnZa00,Zach Cunningham,PHI,MIA,2023,7,0.0,0.0,LB,1.0,edge,0.0,0.2,1.2,0,3.0,52.0
ReddHa00,Haason Reddick,PHI,MIA,2023,7,0.0,0.0,LB,0.76,edge,1.1,1.8,1.2,0,3.0,52.0
SweaJo00,Josh Sweat,PHI,MIA,2023,7,2.0,3.0,DE,0.78,edge,0.7,3.6,1.2,0,3.0,52.0
AlexKw00,Kwon Alexander,PIT,LA,2023,7,0.0,0.0,LB,0.69,edge,0.0,0.2,3.2,1,-3.5,44.0
HighAl02,Alex Highsmith,PIT,LA,2023,7,0.0,1.0,LB,0.78,edge,0.4,2.0,3.2,1,-3.5,44.0
HolcCo00,Cole Holcomb,PIT,LA,2023,7,0.0,0.0,LB,0.82,edge,0.0,0.2,3.2,1,-3.5,44.0
OgunLa00,Larry Ogunjobi,PIT,LA,2023,7,1.0,1.0,DT,0.72,interior,0.2,0.8,3.2,1,-3.5,44.0
WattT.00,T.J. Watt,PIT,LA,2023,7,0.0,1.0,LB,0.84,edge,1.6,4.0,3.2,1,-3.5,44.0
BrooJo01,Jordyn Brooks,SEA,ARI,2023,7,0.5,1.0,LB,0.7,edge,0.5,0.8,1.6,0,9.5,43.5
JoneDr00,Dre'Mont Jones,SEA,ARI,2023,7,0.0,2.0,DE,0.77,edge,0.6,1.2,1.6,0,9.5,43.5
MafeBo00,Boye Mafe,SEA,ARI,2023,7,1.0,1.0,LB,0.79,edge,1.0,3.0,1.6,0,9.5,43.5
ReedJa02,Jarran Reed,SEA,ARI,2023,7,1.0,1.0,NT,0.71,interior,0.4,1.4,1.6,0,9.5,43.5
WagnBo00,Bobby Wagner,SEA,ARI,2023,7,0.0,0.0,LB,1.0,edge,0.4,0.4,1.6,0,9.5,43.5
ArmsAr01,Arik Armstead,SF,MIN,2023,7,0.0,1.0,DT,0.77,interior,0.2,1.6,2.6,1,7.0,44.5
BosaNi00,Nick Bosa,SF,MIN,2023,7,0.0,3.0,DE,0.91,edge,0.5,3.4,2.6,1,7.0,44.5
GreeDr00,Dre Greenlaw,SF,MIN,2023,7,0.0,2.0,LB,0.94,edge,0.2,0.6,2.6,1,7.0,44.5
WarnFr00,Fred Warner,SF,MIN,2023,7,0.0,0.0,LB,0.99,edge,0.4,0.6,2.6,1,7.0,44.5
BarrSh00,Shaquil Barrett,TB,ATL,2023,7,1.0,2.0,LB,0.66,edge,0.0,1.2,3.0,0,3.0,37.5
DaviLa00,Lavonte David,TB,ATL,2023,7,0.0,0.0,LB,1.0,edge,0.4,0.4,3.0,0,3.0,37.5
HallLo00,Logan Hall,TB,ATL,2023,7,0.0,0.0,DE,0.68,edge,0.16666666666666666,0.6666666666666666,3.0,0,3.0,37.5
TryoJo00,Joe Tryon-Shoyinka,TB,ATL,2023,7,0.0,0.0,LB,0.69,edge,0.2,1.6,3.0,0,3.0,37.5
WhitDe02,Devin White,TB,ATL,2023,7,0.0,0.0,LB,1.0,edge,0.0,0.6,3.0,0,3.0,37.5
AlleJo01,Jonathan Allen,WAS,NYG,2023,7,0.0,1.0,DT,0.76,interior,0.4,1.2,5.0,0,3.0,37.0
DaviJa11,Jamin Davis,WAS,NYG,2023,7,0.0,0.0,LB,0.99,edge,0.4,0.6,5.0,0,3.0,37.0
MayoDa00,David Mayo,WAS,NYG,2023,7,0.0,0.0,LB,0.6,edge,0.3333333333333333,0.6666666666666666,5.0,0,3.0,37.0
PaynDa00,Daron Payne,WAS,NYG,2023,7,0.0,0.0,DT,0.85,interior,0.2,1.4,5.0,0,3.0,37.0
SweaMo00,Montez Sweat,WAS,NYG,2023,7,1.0,3.0,DE,0.71,edge,0.9,2.8,5.0,0,3.0,37.0
YounCh04,Chase Young,WAS,NYG,2023,7,2.0,3.0,DE,0.9,edge,0.6,3.2,5.0,0,3.0,37.0
CollZa00,Zaven Collins,ARI,BAL,2023,8,0.0,1.0,LB,0.65,edge,0.2,0.4,2.4,1,-9.5,44.5
WhitKy00,Kyzir White,ARI,BAL,2023,8,0.0,1.0,LB,1.0,edge,0.2,0.2,2.4,1,-9.5,44.5
WoodJo02,Josh Woods,ARI,BAL,2023,8,0.0,0.0,LB,0.69,edge,0.0,0.3333333333333333,2.4,1,-9.5,44.5
CampCa99,Calais Campbell,ATL,TEN,2023,8,0.0,2.0,DE,0.66,edge,0.4,1.6,4.0,0,2.5,35.0
DuprAl00,Bud Dupree,ATL,TEN,2023,8,1.0,1.0,LB,0.62,edge,0.4,1.4,4.0,0,2.5,35.0
ElliKa00,Kaden Elliss,ATL,TEN,2023,8,0.0,1.0,LB,0.96,edge,0.0,0.6,4.0,0,2.5,35.0
LandNa01,Nathan Landman,ATL,TEN,2023,8,0.0,1.0,LB,0.82,edge,0.0,0.4,4.0,0,2.5,35.0
LondLa00,LaCale London,ATL,TEN,2023,8,0.0,0.0,DT,0.6,interior,,,4.0,0,2.5,35.0
OnyeDa00,David Onyemata,ATL,TEN,2023,8,0.0,2.0,DT,0.78,interior,0.5,1.8,4.0,0,2.5,35.0
PierMi00,Michael Pierce,BAL,ARI,2023,8,1.0,1.0,NT,0.6,interior,0.0,1.0,2.4,1,9.5,44.5
QueePa00,Patrick Queen,BAL,ARI,2023,8,0.0,1.0,LB,1.0,edge,0.5,0.6,2.4,1,9.5,44.5
SmitRo07,Roquan Smith,BAL,ARI,2023,8,0.0,0.0,LB,1.0,edge,0.1,0.4,2.4,1,9.5,44.5
BernTe00,Terrel Bernard,BUF,TB,2023,8,0.0,1.0,LB,1.0,edge,0.4,0.6,1.4,0,10.0,43.0
DodsTy01,Tyrel Dodson,BUF,TB,2023,8,0.0,0.0,LB,0.62,edge,0.25,1.0,1.4,0,10.0,43.0
FloyLe00,Leonard Floyd,BUF,TB,2023,8,0.0,2.0,DE,0.62,edge,0.8,2.8,1.4,0,10.0,43.0
BrowDe05,Derrick Brown,CAR,HOU,2023,8,0.0,0.0,DE,0.9,edge,0.2,1.8,1.6,0,-3.0,43.0
BurnBr00,Brian Burns,CAR,HOU,2023,8,1.0,1.0,LB,0.83,edge,0.4,1.6,1.6,0,-3.0,43.0
LuvuFr00,Frankie Luvu,CAR,HOU,2023,8,1.0,1.0,LB,1.0,edge,0.6,1.2,1.6,0,-3.0,43.0
EdmuTr01,Tremaine Edmunds,CHI,LAC,2023,8,0.0,0.0,LB,0.64,edge,0.0,0.0,2.4,1,-9.5,46.0
EdwaTJ02,T.J. Edwards,CHI,LAC,2023,8,0.0,2.0,LB,0.93,edge,0.4,1.0,2.4,1,-9.5,46.0
NgakYa00,Yannick Ngakoue,CHI,LAC,2023,8,0.0,1.0,DE,0.78,edge,0.4,1.6,2.4,1,-9.5,46.0
WalkDe03,DeMarcus Walker,CHI,LAC,2023,8,0.0,2.0,DE,0.68,edge,0.5,1.5,2.4,1,-9.5,46.0
HendTr00,Trey Hendrickson,CIN,SF,2023,8,1.0,3.0,DE,0.66,edge,1.2,2.8,1.4,0,-4.0,44.0
HubbSa00,Sam Hubbard,CIN,SF,2023,8,1.0,2.0,DE,0.83,edge,0.6,2.8,1.4,0,-4.0,44.0
PratGe00,Germaine Pratt,CIN,SF,2023,8,0.0,0.0,LB,0.92,edge,0.0,0.0,1.4,0,-4.0,44.0
WilsLo00,Logan Wilson,CIN,SF,2023,8,0.0,0.0,LB,1.0,edge,0.2,0.2,1.4,0,-4.0,44.0
GarrMy00,Myles Garrett,CLE,SEA,2023,8,1.0,2.0,DE,0.91,edge,1.3,3.0,2.2,0,-4.0,39.5
SmitZa00,Za'Darius Smith,CLE,SEA,2023,8,0.0,3.0,DE,0.62,edge,0.2,2.0,2.2,0,-4.0,39.5
TomlDa00,Dalvin Tomlinson,CLE,SEA,2023,8,0.0,1.0,DT,0.6,interior,0.1,1.4,2.2,0,-4.0,39.5
WalkAn01,Anthony Walker,CLE,SEA,2023,8,0.0,0.0,LB,0.74,edge,0.0,0.6,2.2,0,-4.0,39.5
ClarDa02,Damone Clark,DAL,LA,2023,8,0.0,0.0,LB,0.81,edge,0.0,0.2,3.4,1,6.5,44.5
OdigOs00,Osa Odighizuwa,DAL,LA,2023,8,0.0,1.0,DT,0.63,interior,0.5,1.0,3.4,1,6.5,44.5
ParsMi00,Micah Parsons,DAL,LA,2023,8,1.0,3.0,LB,0.77,edge,0.8,2.6,3.4,1,6.5,44.5
AlleZa01,Zach Allen,DEN,KC,2023,8,0.5,1.0,DE,0.8,edge,0.5,1.6,1.2,0,-7.0,45.5
CoopJo02,Jonathon Cooper,DEN,KC,2023,8,0.5,1.0,LB,0.61,edge,0.4,1.8,1.2,0,-7.0,45.5
JeweJo00,Josey Jewell,DEN,KC,2023,8,0.0,0.0,LB,0.77,edge,0.0,0.0,1.2,0,-7.0,45.5
SingAl00,Alex Singleton,DEN,KC,2023,8,0.0,0.0,LB,1.0,edge,0.0,0.0,1.2,0,-7.0,45.5
AnzaAl00,Alex Anzalone,DET,LV,2023,8,2.0,2.0,LB,1.0,edge,0.0,0.4,3.0,1,7.0,46.0
CampJa04,Jack Campbell,DET,LV,2023,8,0.0,0.0,LB,0.67,edge,0.0,0.0,3.0,1,7.0,46.0
HutcAi00,Aidan Hutchinson,DET,LV,2023,8,0.0,4.0,DE,0.93,edge,0.9,2.8,3.0,1,7.0,46.0
McNeAl00,Alim McNeill,DET,LV,2023,8,2.0,3.0,DT,0.72,interior,0.4,1.2,3.0,1,7.0,46.0
CampDe00,De'Vondre Campbell,GB,MIN,2023,8,0.0,1.0,LB,0.93,edge,0.0,0.2,2.2,0,-1.0,41.5
ClarKe01,Kenny Clark,GB,MIN,2023,8,1.0,2.0,DE,0.76,edge,0.7,2.0,2.2,0,-1.0,41.5
GaryRa00,Rashan Gary,GB,MIN,2023,8,0.0,0.0,LB,0.64,edge,0.2,1.6,2.2,0,-1.0,41.5
SlatTe00,Tedarrell Slaton,GB,MIN,2023,8,0.0,0.0,NT,0.65,interior,0.0,1.0,2.2,0,-1.0,41.5
SmitPr00,Preston Smith,GB,MIN,2023,8,2.0,4.0,LB,0.65,edge,0.4,1.4,2.2,0,-1.0,41.5
WalkQu00,Quay Walker,GB,MIN,2023,8,0.0,0.0,LB,1.0,edge,0.0,0.4,2.2,0,-1.0,41.5
AndeWi01,Will Anderson,HOU,CAR,2023,8,0.0,0.0,DE,0.73,edge,0.2,2.0,3.4,0,3.0,43.0
CashBl00,Blake Cashman,HOU,CAR,2023,8,1.0,1.0,LB,0.91,edge,0.0,0.6666666666666666,3.4,0,3.0,43.0
CollMa00,Maliek Collins,HOU,CAR,2023,8,2.0,3.0,DT,0.72,interior,0.1,2.0,3.4,0,3.0,43.0
GreeJo04,Jonathan Greenard,HOU,CAR,2023,8,2.5,5.0,DE,0.66,edge,0.3,1.4,3.4,0,3.0,43.0
BuckDe00,DeForest Buckner,IND,NO,2023,8,1.0,1.0,DT,0.77,interior,0.4,1.2,2.4,1,-2.0,43.5
FranZa00,Zaire Franklin,IND,NO,2023,8,0.0,0.0,LB,0.97,edge,0.3,0.6,2.4,1,-2.0,43.5
LeonDa00,Shaquille Leonard,IND,NO,2023,8,0.0,0.0,LB,0.83,edge,0.0,0.2,2.4,1,-2.0,43.5
AlleJo03,Josh Allen,JAX,PIT,2023,8,2.0,3.0,LB,0.82,edge,0.8,2.8,2.2,0,2.5,41.0
LloyDe00,Devin Lloyd,JAX,PIT,2023,8,0.0,0.0,LB,1.0,edge,0.0,0.0,2.2,0,2.5,41.0
OluoFo00,Foyesade Oluokun,JAX,PIT,2023,8,0.0,1.0,LB,1.0,edge,0.0,1.0,2.2,0,2.5,41.0
RobeRo00,Roy Robertson-Harris,JAX,PIT,2023,8,0.0,1.0,DT,0.61,interior,0.6,1.8,2.2,0,2.5,41.0
WalkTr03,Travon Walker,JAX,PIT,2023,8,1.0,2.0,LB,0.73,edge,0.3,2.0,2.2,0,2.5,41.0
ChenLe00,Leo Chenal,KC,DEN,2023,8,1.0,1.0,LB,0.69,edge,0.0,2.0,2.2,0,7.0,45.5
DannMi00,Michael Danna,KC,DEN,2023,8,1.0,1.0,DE,0.68,edge,0.5,1.4,2.2,0,7.0,45.5
KarlGe00,George Karlaftis III,KC,DEN,2023,8,2.5,3.0,DE,0.73,edge,0.4,2.4,2.2,0,7.0,45.5
TranDr00,Drue Tranquill,KC,DEN,2023,8,1.0,1.0,LB,0.99,edge,0.1,0.4,2.2,0,7.0,45.5
DonaAa00,Aaron Donald,LA,DAL,2023,8,2.0,2.0,DT,0.66,interior,0.4,2.2,3.0,1,-6.5,44.5
HoecMi00,Michael Hoecht,LA,DAL,2023,8,1.0,1.0,LB,0.8,edge,0.4,1.0,3.0,1,-6.5,44.5
JoneEr01,Ernest Jones,LA,DAL,2023,8,0.0,0.0,LB,0.98,edge,0.2,0.2,3.0,1,-6.5,44.5
RozeCh00,Christian Rozeboom,LA,DAL,2023,8,0.0,0.0,LB,0.62,edge,0.0,0.0,3.0,1,-6.5,44.5
YounBy01,Byron Young,LA,DAL,2023,8,0.0,0.0,LB,0.85,edge,0.3,2.6,3.0,1,-6.5,44.5
KendEr00,Eric Kendricks,LAC,CHI,2023,8,0.0,0.0,LB,0.79,edge,0.2,0.4,3.4,1,9.5,46.0
MackKh00,Khalil Mack,LAC,CHI,2023,8,0.0,1.0,DE,0.61,edge,1.4,2.0,3.4,1,9.5,46.0
MurrKe00,Kenneth Murray,LAC,CHI,2023,8,0.0,1.0,LB,0.82,edge,0.4,0.4,3.4,1,9.5,46.0
CrosMa00,Maxx Crosby,LV,DET,2023,8,0.0,4.0,DE,1.0,edge,1.1,2.8,2.4,1,-7.0,46.0
SpilRo00,Robert Spillane,LV,DET,2023,8,0.0,1.0,LB,1.0,edge,0.0,0.0,2.4,1,-7.0,46.0
TillJe00,Jerry Tillery,LV,DET,2023,8,0.0,2.0,DT,0.63,interior,0.0,3.0,2.4,1,-7.0,46.0
BakeJe00,Jerome Baker,MIA,NE,2023,8,0.0,1.0,LB,1.0,edge,0.3,1.0,1.8,0,7.5,46.5
ChubBr00,Bradley Chubb,MIA,NE,2023,8,1.0,2.0,LB,0.81,edge,0.6,1.8,1.8,0,7.5,46.5
LongDa04,David Long,MIA,NE,2023,8,0.0,0.0,LB,0.89,edge,0.2,0.4,1.8,0,7.5,46.5
PhilJa02,Jaelan Phillips,MIA,NE,2023,8,1.0,1.0,LB,0.85,edge,0.4,3.0,1.8,0,7.5,46.5
SielZa00,Zach Sieler,MIA,NE,2023,8,0.0,2.0,DE,0.85,edge,0.8,1.4,1.8,0,7.5,46.5
WilkCh00,Christian Wilkins,MIA,NE,2023,8,1.0,1.0,DE,0.87,edge,0.7,2.0,1.8,0,7.5,46.5
HickJo00,Jordan Hicks,MIN,GB,2023,8,0.0,0.0,LB,1.0,edge,0.0,0.4,1.8,0,1.0,41.5
HuntDa01,Danielle Hunter,MIN,GB,2023,8,1.0,1.0,LB,0.91,edge,1.0,2.0,1.8,0,1.0,41.5
PhilHa00,Harrison Phillips,MIN,GB,2023,8,0.5,2.0,DT,0.68,interior,0.3,0.8,1.8,0,1.0,41.5
WonnDJ00,D.J. Wonnum,MIN,GB,2023,8,2.0,3.0,LB,0.93,edge,0.4,1.8,1.8,0,1.0,41.5
BarmCh00,Christian Barmore,NE,MIA,2023,8,1.0,1.0,DT,0.64,interior,0.6666666666666666,1.6666666666666667,1.8,0,-7.5,46.5
GodcDa00,Davon Godchaux,NE,MIA,2023,8,0.0,1.0,NT,0.66,interior,0.0,1.0,1.8,0,-7.5,46.5
JennAn00,Anfernee Jennings,NE,MIA,2023,8,0.0,0.0,LB,0.82,edge,0.0,0.0,1.8,0,-7.5,46.5
TavaJa00,Jahlani Tavai,NE,MIA,2023,8,0.0,1.0,LB,0.94,edge,0.2,0.6,1.8,0,-7.5,46.5
WhitKe03,Keion White,NE,MIA,2023,8,0.0,2.0,DE,0.81,edge,,,1.8,0,-7.5,46.5
DaviDe00,Demario Davis,NO,IND,2023,8,0.0,1.0,LB,1.0,edge,0.2,1.0,2.8,1,2.0,43.5
GranCa01,Carl Granderson,NO,IND,2023,8,1.0,4.0,DE,0.82,edge,0.6,1.2,2.8,1,2.0,43.5
JordCa00,Cameron Jordan,NO,IND,2023,8,0.0,3.0,DE,0.82,edge,0.1,1.8,2.8,1,2.0,43.5
WernPe00,Pete Werner,NO,IND,2023,8,0.0,0.0,LB,0.85,edge,0.0,0.0,2.8,1,2.0,43.5
LawrDe03,Dexter Lawrence,NYG,NYJ,2023,8,1.0,8.0,NT,0.83,interior,0.4,1.8,3.4,0,-3.0,35.0
OkerBo00,Bobby Okereke,NYG,NYJ,2023,8,0.0,0.0,LB,1.0,edge,0.0,0.4,3.4,0,-3.0,35.0
ThibKa00,Kayvon Thibodeaux,NYG,NYJ,2023,8,3.0,5.0,LB,0.97,edge,1.1,2.6,3.4,0,-3.0,35.0
WardJi02,Jihad Ward,NYG,NYJ,2023,8,0.0,0.0,DE,0.81,edge,0.0,1.2,3.4,0,-3.0,35.0
FranJo02,John Franklin-Myers,NYJ,NYG,2023,8,0.0,1.0,DE,0.63,edge,0.4,1.8,5.2,0,3.0,35.0
JohnJe07,Jermaine Johnson II,NYJ,NYG,2023,8,2.0,4.0,LB,0.73,edge,0.5,1.75,5.2,0,3.0,35.0
MoslC.00,C.J. Mosley,NYJ,NYG,2023,8,0.5,1.0,LB,1.0,edge,0.0,0.0,5.2,0,3.0,35.0
WillQu00,Quinnen Williams,NYJ,NYG,2023,8,0.0,1.0,NT,0.77,interior,0.1,2.4,5.2,0,3.0,35.0
WillQu01,Quincy Williams,NYJ,NYG,2023,8,0.0,0.0,LB,0.97,edge,0.4,1.0,5.2,0,3.0,35.0
CoxxFl00,Fletcher Cox,PHI,WAS,2023,8,0.0,0.0,DT,0.78,interior,0.2,1.8,6.0,0,7.0,42.5
CunnZa00,Zach Cunningham,PHI,WAS,2023,8,0.0,0.0,LB,0.71,edge,0.0,0.2,6.0,0,7.0,42.5
DeanNa00,Nakobe Dean,PHI,WAS,2023,8,0.0,0.0,LB,0.69,edge,0.0,0.0,6.0,0,7.0,42.5
ReddHa00,Haason Reddick,PHI,WAS,2023,8,1.0,2.0,LB,0.82,edge,1.1,1.8,6.0,0,7.0,42.5
SweaJo00,Josh Sweat,PHI,WAS,2023,8,0.0,2.0,DE,0.85,edge,1.0,3.2,6.0,0,7.0,42.5
HighAl02,Alex Highsmith,PIT,JAX,2023,8,0.5,2.0,LB,0.89,edge,0.4,2.0,2.0,0,-2.5,41.0
HolcCo00,Cole Holcomb,PIT,JAX,2023,8,0.0,0.0,LB,0.9,edge,0.0,0.2,2.0,0,-2.5,41.0
WattT.00,T.J. Watt,PIT,JAX,2023,8,0.5,1.0,LB,0.79,edge,1.0,2.4,2.0,0,-2.5,41.0
BrooJo01,Jordyn Brooks,SEA,CLE,2023,8,1.0,3.0,LB,0.95,edge,0.6,1.0,3.2,0,4.0,39.5
JoneDr00,Dre'Mont Jones,SEA,CLE,2023,8,0.0,4.0,DE,0.65,edge,0.6,1.4,3.2,0,4.0,39.5
MafeBo00,Boye Mafe,SEA,CLE,2023,8,1.0,4.0,LB,0.74,edge,1.0,2.0,3.2,0,4.0,39.5
ReedJa02,Jarran Reed,SEA,CLE,2023,8,0.0,1.0,NT,0.74,interior,0.4,1.2,3.2,0,4.0,39.5
WagnBo00,Bobby Wagner,SEA,CLE,2023,8,0.0,0.0,LB,1.0,edge,0.4,0.4,3.2,0,4.0,39.5
ArmsAr01,Arik Armstead,SF,CIN,2023,8,2.0,2.0,DT,0.76,interior,0.2,1.8,2.4,0,4.0,44.0
BosaNi00,Nick Bosa,SF,CIN,2023,8,0.5,2.0,DE,1.0,edge,0.5,3.4,2.4,0,4.0,44.0
GreeDr00,Dre Greenlaw,SF,CIN,2023,8,0.0,0.0,LB,0.95,edge,0.2,0.8,2.4,0,4.0,44.0
WarnFr00,Fred Warner,SF,CIN,2023,8,0.0,1.0,LB,1.0,edge,0.2,0.2,2.4,0,4.0,44.0
BarrSh00,Shaquil Barrett,TB,BUF,2023,8,0.0,1.0,LB,0.65,edge,0.2,1.4,0.6,0,-10.0,43.0
DaviLa00,Lavonte David,TB,BUF,2023,8,0.0,0.0,LB,1.0,edge,0.4,0.4,0.6,0,-10.0,43.0
GainGr00,Greg Gaines,TB,BUF,2023,8,0.0,0.0,NT,0.7,interior,0.6,1.4,0.6,0,-10.0,43.0
WhitDe02,Devin White,TB,BUF,2023,8,0.0,0.0,LB,1.0,edge,0.0,0.4,0.6,0,-10.0,43.0
AlShAz00,Azeez Al-Shaair,TEN,ATL,2023,8,0.0,1.0,LB,0.99,edge,0.2,0.8,3.0,0,-2.5,35.0
AutrDe00,Denico Autry,TEN,ATL,2023,8,1.0,1.0,DE,0.74,edge,0.4,1.0,3.0,0,-2.5,35.0
GibbJa00,Jack Gibbens,TEN,ATL,2023,8,1.0,1.0,LB,0.75,edge,0.0,0.4,3.0,0,-2.5,35.0
KeyxAr00,Arden Key,TEN,ATL,2023,8,0.0,1.0,LB,0.75,edge,0.25,1.25,3.0,0,-2.5,35.0
LandHa00,Harold Landry,TEN,ATL,2023,8,2.0,3.0,LB,0.69,edge,0.4,0.6,3.0,0,-2.5,35.0
SimmJe01,Jeffery Simmons,TEN,ATL,2023,8,2.0,3.0,DT,0.79,interior,0.6,1.4,3.0,0,-2.5,35.0
AlleJo01,Jonathan Allen,WAS,PHI,2023,8,0.0,3.0,DT,0.75,interior,0.4,1.4,2.0,0,-7.0,42.5
DaviJa11,Jamin Davis,WAS,PHI,2023,8,0.0,0.0,LB,1.0,edge,0.2,0.2,2.0,0,-7.0,42.5
MayoDa00,David Mayo,WAS,PHI,2023,8,0.0,0.0,LB,0.87,edge,0.25,0.5,2.0,0,-7.0,42.5
SweaMo00,Montez Sweat,WAS,PHI,2023,8,1.0,2.0,DE,0.67,edge,0.8,3.0,2.0,0,-7.0,42.5
YounCh04,Chase Young,WAS,PHI,2023,8,0.0,0.0,DE,0.79,edge,0.7,3.2,2.0,0,-7.0,42.5
CollZa00,Zaven Collins,ARI,CLE,2023,9,0.0,0.0,LB,0.62,edge,0.2,0.6,2.6,0,-13.0,38.0
LedbJo01,Jonathan Ledbetter,ARI,CLE,2023,9,0.0,0.0,DE,0.67,edge,0.25,1.0,2.6,0,-13.0,38.0
WhitKy00,Kyzir White,ARI,CLE,2023,9,0.0,0.0,LB,1.0,edge,0.2,0.4,2.6,0,-13.0,38.0
WoodJo02,Josh Woods,ARI,CLE,2023,9,0.5,1.0,LB,0.85,edge,0.0,0.25,2.6,0,-13.0,38.0
ElliKa00,Kaden Elliss,ATL,MIN,2023,9,0.0,0.0,LB,1.0,edge,0.0,0.6,2.0,0,3.5,38.5
LandNa01,Nathan Landman,ATL,MIN,2023,9,1.0,1.0,LB,0.99,edge,0.0,0.6,2.0,0,3.5,38.5
OnyeDa00,David Onyemata,ATL,MIN,2023,9,1.0,1.0,DT,0.68,interior,0.3,1.8,2.0,0,3.5,38.5
OwehJa00,Odafe Oweh,BAL,SEA,2023,9,1.0,1.0,LB,0.61,edge,0.2,2.0,2.2,0,6.0,44.5
QueePa00,Patrick Queen,BAL,SEA,2023,9,0.0,0.0,LB,0.98,edge,0.5,0.8,2.2,0,6.0,44.5
SmitRo07,Roquan Smith,BAL,SEA,2023,9,0.0,0.0,LB,0.92,edge,0.0,0.2,2.2,0,6.0,44.5
DodsTy01,Tyrel Dodson,BUF,CIN,2023,9,0.0,1.0,LB,0.96,edge,0.2,0.8,2.8,0,-1.5,51.0
BrowDe05,Derrick Brown,CAR,IND,2023,9,0.0,1.0,DE,0.87,edge,0.2,1.4,2.4,0,-1.5,45.0
BurnBr00,Brian Burns,CAR,IND,2023,9,0.0,1.0,LB,0.75,edge,0.6,1.8,2.4,0,-1.5,45.0
JohnDJ00,DJ Johnson,CAR,IND,2023,9,0.0,0.0,LB,0.7,edge,,,2.4,0,-1.5,45.0
LuvuFr00,Frankie Luvu,CAR,IND,2023,9,0.0,0.0,LB,1.0,edge,0.6,0.8,2.4,0,-1.5,45.0
EdwaTJ02,T.J. Edwards,CHI,NO,2023,9,0.0,1.0,LB,1.0,edge,0.4,1.4,1.8,1,-9.0,42.0
JoneJu03,Justin Jones,CHI,NO,2023,9,0.0,1.0,DT,0.79,interior,0.2,1.4,1.8,1,-9.0,42.0
NgakYa00,Yannick Ngakoue,CHI,NO,2023,9,0.0,0.0,DE,0.65,edge,0.4,1.4,1.8,1,-9.0,42.0
SanbJa00,Jack Sanborn,CHI,NO,2023,9,0.0,0.0,LB,0.98,edge,0.4,0.6,1.8,1,-9.0,42.0
WalkDe03,DeMarcus Walker,CHI,NO,2023,9,0.0,0.0,DE,0.67,edge,0.4,1.6,1.8,1,-9.0,42.0
HendTr00,Trey Hendrickson,CIN,BUF,2023,9,0.0,1.0,DE,0.84,edge,1.4,2.6,1.0,0,1.5,51.0
HillB.00,B.J. Hill,CIN,BUF,2023,9,1.0,2.0,DT,0.69,interior,0.5,2.0,1.0,0,1.5,51.0
HubbSa00,Sam Hubbard,CIN,BUF,2023,9,0.0,1.0,DE,0.69,edge,0.8,3.0,1.0,0,1.5,51.0
PratGe00,Germaine Pratt,CIN,BUF,2023,9,0.0,0.0,LB,0.97,edge,0.0,0.0,1.0,0,1.5,51.0
WilsLo00,Logan Wilson,CIN,BUF,2023,9,0.0,0.0,LB,1.0,edge,0.2,0.2,1.0,0,1.5,51.0
GarrMy00,Myles Garrett,CLE,ARI,2023,9,1.0,1.0,DE,0.71,edge,1.5,3.0,2.4,0,13.0,38.0
OkorOg00,Ogbonnia Okoronkwo,CLE,ARI,2023,9,0.0,0.0,DE,0.63,edge,0.3333333333333333,1.3333333333333333,2.4,0,13.0,38.0
TomlDa00,Dalvin Tomlinson,CLE,ARI,2023,9,2.5,3.0,DT,0.63,interior,0.1,1.4,2.4,0,13.0,38.0
ClarDa02,Damone Clark,DAL,PHI,2023,9,0.0,0.0,LB,0.92,edge,0.0,0.2,2.2,0,-3.5,46.5
LawrDe00,DeMarcus Lawrence,DAL,PHI,2023,9,0.0,1.0,DE,0.61,edge,0.4,1.4,2.2,0,-3.5,46.5
OdigOs00,Osa Odighizuwa,DAL,PHI,2023,9,0.0,0.0,DT,0.65,interior,0.4,1.0,2.2,0,-3.5,46.5
ParsMi00,Micah Parsons,DAL,PHI,2023,9,1.5,5.0,LB,0.82,edge,0.6,2.0,2.2,0,-3.5,46.5
CampDe00,De'Vondre Campbell,GB,LA,2023,9,0.0,0.0,LB,1.0,edge,0.0,0.4,2.6,0,3.5,38.0
GaryRa00,Rashan Gary,GB,LA,2023,9,0.0,2.0,LB,0.62,edge,0.2,1.6,2.6,0,3.5,38.0
McDuIs00,Isaiah McDuffie,GB,LA,2023,9,0.0,0.0,LB,0.93,edge,0.0,0.2,2.6,0,3.5,38.0
AndeWi01,Will Anderson,HOU,TB,2023,9,1.0,3.0,DE,0.61,edge,0.0,1.6,2.0,1,2.5,39.5
CashBl00,Blake Cashman,HOU,TB,2023,9,0.0,0.0,LB,0.82,edge,0.25,0.75,2.0,1,2.5,39.5
CollMa00,Maliek Collins,HOU,TB,2023,9,0.0,2.0,DT,0.73,interior,0.5,2.4,2.0,1,2.5,39.5
GreeJo04,Jonathan Greenard,HOU,TB,2023,9,0.0,4.0,DE,0.71,edge,0.8,2.2,2.0,1,2.5,39.5
HarrCh06,Christian Harris,HOU,TB,2023,9,0.0,0.0,LB,0.62,edge,0.4,0.4,2.0,1,2.5,39.5
PerrDe00,Denzel Perryman,HOU,TB,2023,9,0.0,1.0,LB,0.65,edge,0.0,0.2,2.0,1,2.5,39.5
BuckDe00,DeForest Buckner,IND,CAR,2023,9,1.0,2.0,DT,0.68,interior,0.4,1.2,3.8,0,1.5,45.0
OlubSe00,Segun Olubi,IND,CAR,2023,9,0.0,0.0,LB,1.0,edge,,,3.8,0,1.5,45.0
PayeKw00,Kwity Paye,IND,CAR,2023,9,0.5,1.0,DE,0.65,edge,0.4,1.8,3.8,0,1.5,45.0
DannMi00,Michael Danna,KC,MIA,2023,9,0.0,1.0,DE,0.76,edge,0.6,1.4,2.2,0,1.0,51.0
JoneCh09,Chris Jones,KC,MIA,2023,9,0.0,2.0,DT,0.84,interior,0.6,2.4,2.2,0,1.0,51.0
KarlGe00,George Karlaftis III,KC,MIA,2023,9,0.0,4.0,DE,0.76,edge,0.8,2.2,2.2,0,1.0,51.0
OmenCh00,Charles Omenihu,KC,MIA,2023,9,0.0,1.0,DE,0.73,edge,0.875,2.0,2.2,0,1.0,51.0
TranDr00,Drue Tranquill,KC,MIA,2023,9,0.0,0.0,LB,0.95,edge,0.3,0.6,2.2,0,1.0,51.0
DonaAa00,Aaron Donald,LA,GB,2023,9,1.0,2.0,DT,0.78,interior,0.8,2.4,2.4,0,-3.5,38.0
HoecMi00,Michael Hoecht,LA,GB,2023,9,0.0,2.0,LB,0.88,edge,0.6,0.8,2.4,0,-3.5,38.0
ReedTr01,Troy Reeder,LA,GB,2023,9,0.0,0.0,LB,0.61,edge,,,2.4,0,-3.5,38.0
RozeCh00,Christian Rozeboom,LA,GB,2023,9,0.0,0.0,LB,0.74,edge,0.0,0.0,2.4,0,-3.5,38.0
TurnKo00,Kobie Turner,LA,GB,2023,9,1.0,1.0,NT,0.86,interior,0.16666666666666666,1.0,2.4,0,-3.5,38.0
YounBy01,Byron Young,LA,GB,2023,9,2.0,2.0,LB,0.85,edge,0.2,2.0,2.4,0,-3.5,38.0
KendEr00,Eric Kendricks,LAC,NYJ,2023,9,0.0,0.0,LB,0.75,edge,0.0,0.2,3.6,0,3.0,41.0
MackKh00,Khalil Mack,LAC,NYJ,2023,9,2.0,2.0,DE,0.7,edge,1.4,2.2,3.6,0,3.0,41.0
MurrKe00,Kenneth Murray,LAC,NYJ,2023,9,0.0,0.0,LB,0.81,edge,0.2,0.4,3.6,0,3.0,41.0
TuipTu00,Tuli Tuipulotu,LAC,NYJ,2023,9,2.0,4.0,DE,0.62,edge,0.5,2.25,3.6,0,3.0,41.0
CrosMa00,Maxx Crosby,LV,NYG,2023,9,3.0,4.0,DE,1.0,edge,0.9,3.0,5.6,1,1.0,38.5
SpilRo00,Robert Spillane,LV,NYG,2023,9,0.5,1.0,LB,1.0,edge,0.0,0.2,5.6,1,1.0,38.5
BakeJe00,Jerome Baker,MIA,KC,2023,9,0.0,0.0,LB,1.0,edge,0.3,0.8,1.8,0,-1.0,51.0
ChubBr00,Bradley Chubb,MIA,KC,2023,9,1.0,2.0,LB,0.82,edge,0.8,2.0,1.8,0,-1.0,51.0
LongDa04,David Long,MIA,KC,2023,9,0.0,1.0,LB,0.77,edge,0.2,0.4,1.8,0,-1.0,51.0
PhilJa02,Jaelan Phillips,MIA,KC,2023,9,1.0,2.0,LB,0.85,edge,0.6,3.0,1.8,0,-1.0,51.0
SielZa00,Zach Sieler,MIA,KC,2023,9,0.0,3.0,DE,0.93,edge,0.6,1.4,1.8,0,-1.0,51.0
WilkCh00,Christian Wilkins,MIA,KC,2023,9,0.0,2.0,DE,0.95,edge,0.9,2.0,1.8,0,-1.0,51.0
HickJo00,Jordan Hicks,MIN,ATL,2023,9,1.0,1.0,LB,1.0,edge,0.0,0.4,2.8,0,-3.5,38.5
HuntDa01,Danielle Hunter,MIN,ATL,2023,9,0.0,0.0,LB,0.93,edge,1.0,2.0,2.8,0,-3.5,38.5
WonnDJ00,D.J. Wonnum,MIN,ATL,2023,9,0.0,1.0,LB,0.94,edge,0.8,2.4,2.8,0,-3.5,38.5
BarmCh00,Christian Barmore,NE,WAS,2023,9,0.0,3.0,DT,0.71,interior,0.75,1.5,4.4,0,2.5,40.5
BentJa00,Ja'Whaun Bentley,NE,WAS,2023,9,2.0,2.0,LB,1.0,edge,0.2,1.8,4.4,0,2.5,40.5
JennAn00,Anfernee Jennings,NE,WAS,2023,9,0.0,1.0,LB,0.71,edge,0.0,0.0,4.4,0,2.5,40.5
TavaJa00,Jahlani Tavai,NE,WAS,2023,9,0.0,0.0,LB,0.68,edge,0.2,0.8,4.4,0,2.5,40.5
WiseDe00,Deatrich Wise Jr.,NE,WAS,2023,9,1.0,2.0,DE,0.69,edge,0.2,1.6,4.4,0,2.5,40.5
DaviDe00,Demario Davis,NO,CHI,2023,9,1.0,2.0,LB,1.0,edge,0.2,0.8,3.0,1,9.0,42.0
GranCa01,Carl Granderson,NO,CHI,2023,9,0.0,1.0,DE,0.82,edge,0.6,1.4,3.0,1,9.0,42.0
JordCa00,Cameron Jordan,NO,CHI,2023,9,1.0,3.0,DE,0.82,edge,0.1,1.6,3.0,1,9.0,42.0
WernPe00,Pete Werner,NO,CHI,2023,9,0.0,0.0,LB,0.99,edge,0.0,0.0,3.0,1,9.0,42.0
McFaMi01,Micah McFadden,NYG,LV,2023,9,0.0,1.0,LB,0.8,edge,0.1,0.8,3.4,1,-1.0,38.5
OkerBo00,Bobby Okereke,NYG,LV,2023,9,0.0,0.0,LB,1.0,edge,0.0,0.2,3.4,1,-1.0,38.5
ThibKa00,Kayvon Thibodeaux,NYG,LV,2023,9,0.0,0.0,LB,0.85,edge,1.5,3.4,3.4,1,-1.0,38.5
WardJi02,Jihad Ward,NYG,LV,2023,9,0.0,0.0,DE,0.72,edge,0.0,1.0,3.4,1,-1.0,38.5
FranJo02,John Franklin-Myers,NYJ,LAC,2023,9,1.0,4.0,DE,0.62,edge,0.2,1.6,1.8,0,-3.0,41.0
JohnJe07,Jermaine Johnson II,NYJ,LAC,2023,9,0.5,3.0,LB,0.72,edge,0.8,2.2,1.8,0,-3.0,41.0
MoslC.00,C.J. Mosley,NYJ,LAC,2023,9,0.0,0.0,LB,1.0,edge,0.1,0.2,1.8,0,-3.0,41.0
WillQu00,Quinnen Williams,NYJ,LAC,2023,9,0.0,1.0,NT,0.71,interior,0.1,2.2,1.8,0,-3.0,41.0
WillQu01,Quincy Williams,NYJ,LAC,2023,9,0.0,0.0,LB,0.97,edge,0.4,1.0,1.8,0,-3.0,41.0
CartJa05,Jalen Carter,PHI,DAL,2023,9,0.5,1.0,DT,0.68,interior,2.0,2.0,3.4,0,3.5,46.5
CoxxFl00,Fletcher Cox,PHI,DAL,2023,9,0.5,4.0,DT,0.73,interior,0.2,1.4,3.4,0,3.5,46.5
CunnZa00,Zach Cunningham,PHI,DAL,2023,9,0.0,0.0,LB,1.0,edge,0.0,0.2,3.4,0,3.5,46.5
MorrNi00,Nicholas Morrow,PHI,DAL,2023,9,0.0,1.0,LB,0.72,edge,0.6,0.8,3.4,0,3.5,46.5
ReddHa00,Haason Reddick,PHI,DAL,2023,9,1.0,5.0,LB,0.8,edge,1.3,2.2,3.4,0,3.5,46.5
SweaJo00,Josh Sweat,PHI,DAL,2023,9,1.0,3.0,DE,0.84,edge,0.8,2.6,3.4,0,3.5,46.5
AlexKw00,Kwon Alexander,PIT,TEN,2023,9,0.0,0.0,LB,0.86,edge,0.0,0.2,3.4,0,3.5,37.0
BentKe00,Keeanu Benton,PIT,TEN,2023,9,0.0,1.0,DT,0.65,interior,,,3.4,0,3.5,37.0
HighAl02,Alex Highsmith,PIT,TEN,2023,9,2.0,6.0,LB,0.85,edge,0.3,2.0,3.4,0,3.5,37.0
OgunLa00,Larry Ogunjobi,PIT,TEN,2023,9,0.0,2.0,DT,0.68,interior,0.4,0.8,3.4,0,3.5,37.0
WattT.00,T.J. Watt,PIT,TEN,2023,9,1.0,4.0,LB,0.93,edge,0.9,1.8,3.4,0,3.5,37.0
BrooJo01,Jordyn Brooks,SEA,BAL,2023,9,0.0,0.0,LB,0.71,edge,0.8,1.4,2.4,0,-6.0,44.5
WagnBo00,Bobby Wagner,SEA,BAL,2023,9,0.0,0.0,LB,0.86,edge,0.4,0.4,2.4,0,-6.0,44.5
BarrSh00,Shaquil Barrett,TB,HOU,2023,9,1.0,5.0,LB,0.78,edge,0.2,1.4,0.8,1,-2.5,39.5
DaviLa00,Lavonte David,TB,HOU,2023,9,0.0,0.0,LB,0.99,edge,0.4,0.4,0.8,1,-2.5,39.5
KancCa00,Calijah Kancey,TB,HOU,2023,9,1.0,2.0,DE,0.82,edge,,,0.8,1,-2.5,39.5
TryoJo00,Joe Tryon-Shoyinka,TB,HOU,2023,9,0.0,1.0,LB,0.67,edge,0.2,1.0,0.8,1,-2.5,39.5
VeaxVi00,Vita Vea,TB,HOU,2023,9,0.0,1.0,NT,0.69,interior,0.9,1.6,0.8,1,-2.5,39.5
WhitDe02,Devin White,TB,HOU,2023,9,1.0,4.0,LB,1.0,edge,0.0,0.2,0.8,1,-2.5,39.5
AlShAz00,Azeez Al-Shaair,TEN,PIT,2023,9,0.0,0.0,LB,1.0,edge,0.2,1.0,2.4,0,-3.5,37.0
AutrDe00,Denico Autry,TEN,PIT,2023,9,0.0,1.0,DE,0.65,edge,0.6,0.8,2.4,0,-3.5,37.0
GibbJa00,Jack Gibbens,TEN,PIT,2023,9,0.0,0.0,LB,0.82,edge,0.2,0.6,2.4,0,-3.5,37.0
KeyxAr00,Arden Key,TEN,PIT,2023,9,0.0,1.0,LB,0.6,edge,0.2,1.2,2.4,0,-3.5,37.0
LandHa00,Harold Landry,TEN,PIT,2023,9,0.0,1.0,LB,0.6,edge,0.8,1.0,2.4,0,-3.5,37.0
SimmJe01,Jeffery Simmons,TEN,PIT,2023,9,0.0,1.0,DT,0.86,interior,0.8,1.8,2.4,0,-3.5,37.0
AlleJo01,Jonathan Allen,WAS,NE,2023,9,0.0,1.0,DT,0.77,interior,0.4,2.0,2.4,0,-2.5,40.5
DaviJa11,Jamin Davis,WAS,NE,2023,9,0.0,0.0,LB,1.0,edge,0.2,0.2,2.4,0,-2.5,40.5
MayoDa00,David Mayo,WAS,NE,2023,9,0.0,0.0,LB,0.77,edge,0.2,0.4,2.4,0,-2.5,40.5
SmitJa08,James Smith-Williams,WAS,NE,2023,9,0.0,1.0,DE,0.69,edge,0.0,1.6,2.4,0,-2.5,40.5
WhitKy00,Kyzir White,ARI,ATL,2023,10,0.0,0.0,LB,1.0,edge,0.2,0.4,2.2,1,-2.0,43.5
CampCa99,Calais Campbell,ATL,ARI,2023,10,0.0,0.0,DE,0.62,edge,0.4,1.8,3.6,1,2.0,43.5
DuprAl00,Bud Dupree,ATL,ARI,2023,10,0.0,1.0,LB,0.65,edge,0.6,1.2,3.6,1,2.0,43.5
ElliKa00,Kaden Elliss,ATL,ARI,2023,10,1.0,1.0,LB,0.98,edge,0.0,0.2,3.6,1,2.0,43.5
LandNa01,Nathan Landman,ATL,ARI,2023,10,1.0,1.0,LB,1.0,edge,0.2,0.8,3.6,1,2.0,43.5
MaduJu00,Justin Madubuike,BAL,CLE,2023,10,1.0,4.0,DT,0.74,interior,1.1,1.6,2.2,0,6.0,38.5
OwehJa00,Odafe Oweh,BAL,CLE,2023,10,1.0,3.0,LB,0.6,edge,0.4,2.0,2.2,0,6.0,38.5
QueePa00,Patrick Queen,BAL,CLE,2023,10,0.0,0.0,LB,1.0,edge,0.3,0.6,2.2,0,6.0,38.5
SmitRo07,Roquan Smith,BAL,CLE,2023,10,0.0,0.0,LB,1.0,edge,0.0,0.0,2.2,0,6.0,38.5
VanNKy00,Kyle Van Noy,BAL,CLE,2023,10,0.0,0.0,LB,0.6,edge,0.6,1.4,2.2,0,6.0,38.5
BernTe00,Terrel Bernard,BUF,DEN,2023,10,1.0,1.0,LB,1.0,edge,0.0,0.4,3.2,0,7.5,47.5
DodsTy01,Tyrel Dodson,BUF,DEN,2023,10,0.0,1.0,LB,0.64,edge,0.0,0.6,3.2,0,7.5,47.5
OlivEd00,Ed Oliver,BUF,DEN,2023,10,0.0,1.0,DT,0.73,interior,0.8,2.0,3.2,0,7.5,47.5
BarnAm00,Amare Barno,CAR,CHI,2023,10,0.0,0.0,LB,0.75,edge,,,2.6,0,-3.0,38.0
BrowDe05,Derrick Brown,CAR,CHI,2023,10,0.0,2.0,DE,0.9,edge,0.0,1.4,2.6,0,-3.0,38.0
LuvuFr00,Frankie Luvu,CAR,CHI,2023,10,0.0,0.0,LB,1.0,edge,0.2,0.4,2.6,0,-3.0,38.0
EdwaTJ02,T.J. Edwards,CHI,CAR,2023,10,0.0,0.0,LB,1.0,edge,0.4,1.2,4.0,0,3.0,38.0
JoneJu03,Justin Jones,CHI,CAR,2023,10,1.0,3.0,DT,0.68,interior,0.2,1.4,4.0,0,3.0,38.0
NgakYa00,Yannick Ngakoue,CHI,CAR,2023,10,1.0,1.0,DE,0.8,edge,0.2,1.0,4.0,0,3.0,38.0
SanbJa00,Jack Sanborn,CHI,CAR,2023,10,0.0,0.0,LB,0.95,edge,0.0,0.2,4.0,0,3.0,38.0
SweaMo00,Montez Sweat,CHI,CAR,2023,10,0.0,4.0,DE,0.73,edge,0.7,2.6,4.0,0,3.0,38.0
HendTr00,Trey Hendrickson,CIN,HOU,2023,10,0.5,4.0,DE,0.75,edge,1.0,2.4,1.4,0,5.5,46.0
HillB.00,B.J. Hill,CIN,HOU,2023,10,0.0,1.0,DT,0.76,interior,0.5,2.0,1.4,0,5.5,46.0
PratGe00,Germaine Pratt,CIN,HOU,2023,10,0.0,0.0,LB,0.93,edge,0.0,0.0,1.4,0,5.5,46.0
ReadD.00,D.J. Reader,CIN,HOU,2023,10,0.0,2.0,NT,0.65,interior,0.0,1.0,1.4,0,5.5,46.0
SampCa00,Cameron Sample,CIN,HOU,2023,10,0.0,1.0,DE,0.67,edge,0.5,1.0,1.4,0,5.5,46.0
WilsLo00,Logan Wilson,CIN,HOU,2023,10,0.5,1.0,LB,1.0,edge,0.2,0.2,1.4,0,5.5,46.0
GarrMy00,Myles Garrett,CLE,BAL,2023,10,1.5,3.0,DE,0.94,edge,1.0,2.0,2.0,0,-6.0,38.5
OwusJe00,Jeremiah Owusu-Koramoah,CLE,BAL,2023,10,0.5,1.0,LB,0.81,edge,0.2,0.2,2.0,0,-6.0,38.5
WalkAn01,Anthony Walker,CLE,BAL,2023,10,0.0,0.0,LB,0.74,edge,0.0,0.4,2.0,0,-6.0,38.5
ParsMi00,Micah Parsons,DAL,NYG,2023,10,0.0,1.0,LB,0.68,edge,0.7,2.6,5.0,1,17.5,38.5
AlleZa01,Zach Allen,DEN,BUF,2023,10,0.0,2.0,DE,0.81,edge,0.6,1.8,0.8,0,-7.5,47.5
BrowBa01,Baron Browning,DEN,BUF,2023,10,0.0,0.0,LB,0.65,edge,0.5,1.2,0.8,0,-7.5,47.5
CoopJo02,Jonathon Cooper,DEN,BUF,2023,10,0.0,0.0,LB,0.65,edge,0.5,2.0,0.8,0,-7.5,47.5
JeweJo00,Josey Jewell,DEN,BUF,2023,10,0.0,1.0,LB,0.61,edge,0.0,0.0,0.8,0,-7.5,47.5
JoneD.01,D.J. Jones,DEN,BUF,2023,10,0.0,0.0,NT,0.61,interior,0.2,1.0,0.8,0,-7.5,47.5
SingAl00,Alex Singleton,DEN,BUF,2023,10,0.0,0.0,LB,1.0,edge,0.0,0.0,0.8,0,-7.5,47.5
AnzaAl00,Alex Anzalone,DET,LAC,2023,10,0.0,2.0,LB,1.0,edge,0.4,0.8,2.6,1,2.5,48.5
HutcAi00,Aidan Hutchinson,DET,LAC,2023,10,0.0,4.0,DE,0.82,edge,0.5,2.6,2.6,1,2.5,48.5
McNeAl00,Alim McNeill,DET,LAC,2023,10,0.0,1.0,DT,0.69,interior,0.8,1.8,2.6,1,2.5,48.5
CampDe00,De'Vondre Campbell,GB,PIT,2023,10,0.0,1.0,LB,1.0,edge,0.0,0.4,2.2,0,-3.0,38.5
ClarKe01,Kenny Clark,GB,PIT,2023,10,0.0,0.0,DE,0.75,edge,0.7,2.0,2.2,0,-3.0,38.5
GaryRa00,Rashan Gary,GB,PIT,2023,10,0.0,1.0,LB,0.68,edge,0.0,1.8,2.2,0,-3.0,38.5
McDuIs00,Isaiah McDuffie,GB,PIT,2023,10,0.0,1.0,LB,0.89,edge,0.0,0.2,2.2,0,-3.0,38.5
SmitPr00,Preston Smith,GB,PIT,2023,10,1.0,1.0,LB,0.71,edge,0.8,2.0,2.2,0,-3.0,38.5
AndeWi01,Will Anderson,HOU,CIN,2023,10,0.0,3.0,DE,0.7,edge,0.2,2.0,2.6,0,-5.5,46.0
CollMa00,Maliek Collins,HOU,CIN,2023,10,0.0,2.0,DT,0.7,interior,0.5,2.6,2.6,0,-5.5,46.0
GreeJo04,Jonathan Greenard,HOU,CIN,2023,10,1.0,3.0,DE,0.67,edge,0.6,2.8,2.6,0,-5.5,46.0
HarrCh06,Christian Harris,HOU,CIN,2023,10,0.0,0.0,LB,0.64,edge,0.4,0.4,2.6,0,-5.5,46.0
PerrDe00,Denzel Perryman,HOU,CIN,2023,10,0.0,0.0,LB,0.86,edge,0.0,0.4,2.6,0,-5.5,46.0
RankSh00,Sheldon Rankins,HOU,CIN,2023,10,3.0,5.0,DT,0.64,interior,0.4,0.8,2.6,0,-5.5,46.0
BuckDe00,DeForest Buckner,IND,NE,2023,10,0.0,4.0,DT,0.68,interior,0.6,1.6,2.0,0,1.0,42.0
FranZa00,Zaire Franklin,IND,NE,2023,10,0.0,0.0,LB,1.0,edge,0.1,0.4,2.0,0,1.0,42.0
LeonDa00,Shaquille Leonard,IND,NE,2023,10,0.0,0.0,LB,0.7,edge,0.0,0.2,2.0,0,1.0,42.0
AlleJo03,Josh Allen,JAX,SF,2023,10,0.0,1.0,LB,0.79,edge,1.2,2.8,1.4,0,-3.0,44.5
LloyDe00,Devin Lloyd,JAX,SF,2023,10,0.0,0.0,LB,1.0,edge,0.0,0.0,1.4,0,-3.0,44.5
OluoFo00,Foyesade Oluokun,JAX,SF,2023,10,2.0,2.0,LB,1.0,edge,0.0,1.2,1.4,0,-3.0,44.5
WalkTr03,Travon Walker,JAX,SF,2023,10,0.0,2.0,LB,0.69,edge,0.5,1.8,1.4,0,-3.0,44.5
JohnAu01,Austin Johnson,LAC,DET,2023,10,0.0,1.0,DT,0.62,interior,0.0,0.0,2.6,1,-2.5,48.5
KendEr00,Eric Kendricks,LAC,DET,2023,10,0.0,0.0,LB,0.71,edge,0.0,0.2,2.6,1,-2.5,48.5
MackKh00,Khalil Mack,LAC,DET,2023,10,0.0,1.0,DE,0.82,edge,1.8,2.2,2.6,1,-2.5,48.5
MurrKe00,Kenneth Murray,LAC,DET,2023,10,0.0,0.0,LB,0.88,edge,0.2,0.4,2.6,1,-2.5,48.5
CrosMa00,Maxx Crosby,LV,NYJ,2023,10,0.0,2.0,DE,1.0,edge,1.1,3.0,4.6,1,-1.0,35.5
DeabDi00,Divine Deablo,LV,NYJ,2023,10,0.0,0.0,LB,0.67,edge,0.2,0.4,4.6,1,-1.0,35.5
NichBi00,Bilal Nichols,LV,NYJ,2023,10,0.0,0.0,DT,0.79,interior,0.2,1.0,4.6,1,-1.0,35.5
SpilRo00,Robert Spillane,LV,NYJ,2023,10,1.0,1.0,LB,1.0,edge,0.1,0.4,4.6,1,-1.0,35.5
HuntDa01,Danielle Hunter,MIN,NO,2023,10,1.0,3.0,LB,0.91,edge,1.0,2.0,1.2,1,-3.0,41.0
PaceIv00,Ivan Pace,MIN,NO,2023,10,0.0,0.0,LB,0.84,edge,0.16666666666666666,1.0,1.2,1,-3.0,41.0
WonnDJ00,D.J. Wonnum,MIN,NO,2023,10,1.0,1.0,LB,0.93,edge,0.8,2.2,1.2,1,-3.0,41.0
BarmCh00,Christian Barmore,NE,IND,2023,10,0.0,1.0,DT,0.68,interior,0.6,1.8,2.2,0,-1.0,42.0
JennAn00,Anfernee Jennings,NE,IND,2023,10,0.0,0.0,LB,0.7,edge,0.0,0.2,2.2,0,-1.0,42.0
TavaJa00,Jahlani Tavai,NE,IND,2023,10,0.0,0.0,LB,1.0,edge,0.0,0.6,2.2,0,-1.0,42.0
DaviDe00,Demario Davis,NO,MIN,2023,10,1.0,2.0,LB,1.0,edge,0.4,1.2,2.4,1,3.0,41.0
GranCa01,Carl Granderson,NO,MIN,2023,10,0.0,2.0,DE,0.88,edge,0.6,1.6,2.4,1,3.0,41.0
JordCa00,Cameron Jordan,NO,MIN,2023,10,0.0,1.0,DE,0.82,edge,0.3,1.6,2.4,1,3.0,41.0
WernPe00,Pete Werner,NO,MIN,2023,10,0.0,0.0,LB,0.99,edge,0.0,0.0,2.4,1,3.0,41.0
LawrDe03,Dexter Lawrence,NYG,DAL,2023,10,0.0,2.0,NT,0.72,interior,0.6,3.4,4.0,1,-17.5,38.5
McFaMi01,Micah McFadden,NYG,DAL,2023,10,0.0,0.0,LB,0.86,edge,0.1,0.8,4.0,1,-17.5,38.5
OkerBo00,Bobby Okereke,NYG,DAL,2023,10,0.0,1.0,LB,1.0,edge,0.0,0.2,4.0,1,-17.5,38.5
WardJi02,Jihad Ward,NYG,DAL,2023,10,0.0,2.0,DE,0.69,edge,0.0,0.4,4.0,1,-17.5,38.5
MoslC.00,C.J. Mosley,NYJ,LV,2023,10,0.0,0.0,LB,0.94,edge,0.1,0.2,2.2,1,1.0,35.5
WillQu00,Quinnen Williams,NYJ,LV,2023,10,0.5,3.0,NT,0.67,interior,0.1,1.6,2.2,1,1.0,35.5
WillQu01,Quincy Williams,NYJ,LV,2023,10,0.0,0.0,LB,0.98,edge,0.4,1.0,2.2,1,1.0,35.5
BentKe00,Keeanu Benton,PIT,GB,2023,10,0.0,1.0,DT,0.66,interior,0.0,1.0,3.0,0,3.0,38.5
HighAl02,Alex Highsmith,PIT,GB,2023,10,0.0,1.0,LB,0.93,edge,0.7,2.8,3.0,0,3.0,38.5
RobeEl00,Elandon Roberts,PIT,GB,2023,10,0.0,0.0,LB,0.96,edge,0.4,0.8,3.0,0,3.0,38.5
RobiMa03,Mark Robinson,PIT,GB,2023,10,0.0,0.0,LB,0.6,edge,,,3.0,0,3.0,38.5
WattT.00,T.J. Watt,PIT,GB,2023,10,1.0,2.0,LB,0.97,edge,0.7,2.0,3.0,0,3.0,38.5
BrooJo01,Jordyn Brooks,SEA,WAS,2023,10,0.0,0.0,LB,0.8,edge,0.7,1.2,4.0,0,6.0,44.0
MafeBo00,Boye Mafe,SEA,WAS,2023,10,1.0,3.0,LB,0.75,edge,1.0,2.6666666666666665,4.0,0,6.0,44.0
ReedJa02,Jarran Reed,SEA,WAS,2023,10,0.0,2.0,NT,0.78,interior,0.4,1.2,4.0,0,6.0,44.0
WagnBo00,Bobby Wagner,SEA,WAS,2023,10,0.5,2.0,LB,0.99,edge,0.4,0.4,4.0,0,6.0,44.0
WillLe02,Leonard Williams,SEA,WAS,2023,10,1.0,2.0,DT,0.68,interior,0.3,1.8,4.0,0,6.0,44.0
ArmsAr01,Arik Armstead,SF,JAX,2023,10,0.5,1.0,DT,0.6,interior,0.4,1.8,2.6,0,3.0,44.5
BosaNi00,Nick Bosa,SF,JAX,2023,10,1.5,3.0,DE,0.65,edge,0.4,3.2,2.6,0,3.0,44.5
GreeDr00,Dre Greenlaw,SF,JAX,2023,10,0.0,0.0,LB,0.91,edge,0.2,0.8,2.6,0,3.0,44.5
HargJa00,Javon Hargrave,SF,JAX,2023,10,1.5,3.0,DT,0.65,interior,0.4,1.2,2.6,0,3.0,44.5
WarnFr00,Fred Warner,SF,JAX,2023,10,0.0,1.0,LB,0.95,edge,0.2,0.4,2.6,0,3.0,44.5
YounCh04,Chase Young,SF,JAX,2023,10,0.5,2.0,DE,0.61,edge,0.7,3.2,2.6,0,3.0,44.5
DaviLa00,Lavonte David,TB,TEN,2023,10,0.0,0.0,LB,1.0,edge,0.2,0.2,3.2,0,2.5,39.5
KancCa00,Calijah Kancey,TB,TEN,2023,10,0.0,2.0,DE,0.73,edge,1.0,2.0,3.2,0,2.5,39.5
VeaxVi00,Vita Vea,TB,TEN,2023,10,1.0,2.0,NT,0.62,interior,0.9,1.6,3.2,0,2.5,39.5
WhitDe02,Devin White,TB,TEN,2023,10,1.0,2.0,LB,0.98,edge,0.2,1.0,3.2,0,2.5,39.5
AlShAz00,Azeez Al-Shaair,TEN,TB,2023,10,0.0,0.0,LB,0.94,edge,0.0,0.8,2.0,0,-2.5,39.5
AutrDe00,Denico Autry,TEN,TB,2023,10,1.0,1.0,DE,0.6,edge,0.4,0.8,2.0,0,-2.5,39.5
LandHa00,Harold Landry,TEN,TB,2023,10,1.0,2.0,LB,0.82,edge,0.6,1.0,2.0,0,-2.5,39.5
SimmJe01,Jeffery Simmons,TEN,TB,2023,10,0.0,1.0,DT,0.78,interior,0.6,1.6,2.0,0,-2.5,39.5
AlleJo01,Jonathan Allen,WAS,SEA,2023,10,1.0,3.0,DT,0.83,interior,0.2,1.8,2.6,0,-6.0,44.0
DaviJa11,Jamin Davis,WAS,SEA,2023,10,0.0,0.0,LB,1.0,edge,0.2,0.2,2.6,0,-6.0,44.0
MayoDa00,David Mayo,WAS,SEA,2023,10,0.0,0.0,LB,0.78,edge,0.2,0.4,2.6,0,-6.0,44.0
PaynDa00,Daron Payne,WAS,SEA,2023,10,0.0,1.0,DT,0.79,interior,0.2,1.4,2.6,0,-6.0,44.0
ToohCa00,Casey Toohill,WAS,SEA,2023,10,0.0,2.0,DE,0.75,edge,,,2.6,0,-6.0,44.0
LopeRo00,Roy Lopez,ARI,HOU,2023,11,0.0,2.0,DT,0.6,interior,0.0,1.0,1.6,1,-5.5,48.0
StilDa01,Dante Stills,ARI,HOU,2023,11,1.0,1.0,DE,0.82,edge,,,1.6,1,-5.5,48.0
WoodJo02,Josh Woods,ARI,HOU,2023,11,0.0,0.0,LB,0.82,edge,0.1,0.4,1.6,1,-5.5,48.0
MaduJu00,Justin Madubuike,BAL,CIN,2023,11,1.0,1.0,DT,0.64,interior,1.1,2.2,2.8,0,4.0,46.5
QueePa00,Patrick Queen,BAL,CIN,2023,11,0.0,1.0,LB,1.0,edge,0.2,0.4,2.8,0,4.0,46.5
SmitRo07,Roquan Smith,BAL,CIN,2023,11,0.0,0.0,LB,1.0,edge,0.0,0.0,2.8,0,4.0,46.5
BernTe00,Terrel Bernard,BUF,NYJ,2023,11,0.5,2.0,LB,0.82,edge,0.2,0.6,4.6,0,8.0,39.5
DodsTy01,Tyrel Dodson,BUF,NYJ,2023,11,1.0,1.0,LB,0.68,edge,0.0,0.8,4.6,0,8.0,39.5
BrowDe05,Derrick Brown,CAR,DAL,2023,11,0.0,1.0,DE,0.85,edge,0.0,1.8,3.4,0,-11.0,43.0
BurnBr00,Brian Burns,CAR,DAL,2023,11,0.0,3.0,LB,0.82,edge,0.4,1.4,3.4,0,-11.0,43.0
LuvuFr00,Frankie Luvu,CAR,DAL,2023,11,0.0,1.0,LB,1.0,edge,0.2,0.2,3.4,0,-11.0,43.0
EdmuTr01,Tremaine Edmunds,CHI,DET,2023,11,0.0,0.0,LB,0.66,edge,0.0,0.0,2.2,1,-8.0,48.0
EdwaTJ02,T.J. Edwards,CHI,DET,2023,11,0.0,0.0,LB,0.98,edge,0.2,0.8,2.2,1,-8.0,48.0
JoneJu03,Justin Jones,CHI,DET,2023,11,0.0,1.0,DT,0.6,interior,0.4,2.0,2.2,1,-8.0,48.0
NgakYa00,Yannick Ngakoue,CHI,DET,2023,11,0.0,1.0,DE,0.73,edge,0.4,1.0,2.2,1,-8.0,48.0
SweaMo00,Montez Sweat,CHI,DET,2023,11,1.0,1.0,DE,0.63,edge,0.7,3.0,2.2,1,-8.0,48.0
WalkDe03,DeMarcus Walker,CHI,DET,2023,11,0.0,1.0,DE,0.61,edge,0.3,1.4,2.2,1,-8.0,48.0
HendTr00,Trey Hendrickson,CIN,BAL,2023,11,1.0,1.0,DE,0.68,edge,1.0,3.0,1.8,0,-4.0,46.5
HillB.00,B.J. Hill,CIN,BAL,2023,11,0.0,1.0,DT,0.64,interior,0.3,1.8,1.8,0,-4.0,46.5
PratGe00,Germaine Pratt,CIN,BAL,2023,11,0.0,0.0,LB,0.85,edge,0.0,0.0,1.8,0,-4.0,46.5
WilsLo00,Logan Wilson,CIN,BAL,2023,11,0.0,1.0,LB,1.0,edge,0.3,0.4,1.8,0,-4.0,46.5
GarrMy00,Myles Garrett,CLE,PIT,2023,11,2.0,3.0,DE,0.84,edge,1.1,2.0,1.8,0,2.5,34.0
OwusJe00,Jeremiah Owusu-Koramoah,CLE,PIT,2023,11,0.0,0.0,LB,0.79,edge,0.3,0.4,1.8,0,2.5,34.0
TakiSi00,Sione Takitaki,CLE,PIT,2023,11,0.0,0.0,LB,0.88,edge,0.2,0.4,1.8,0,2.5,34.0
TomlDa00,Dalvin Tomlinson,CLE,PIT,2023,11,0.0,1.0,DT,0.71,interior,0.6,1.8,1.8,0,2.5,34.0
ClarDa02,Damone Clark,DAL,CAR,2023,11,0.0,0.0,LB,0.75,edge,0.0,0.2,3.6,0,11.0,43.0
ParsMi00,Micah Parsons,DAL,CAR,2023,11,2.5,3.0,LB,0.73,edge,0.7,2.6,3.6,0,11.0,43.0
AlleZa01,Zach Allen,DEN,MIN,2023,11,0.0,2.0,DE,0.85,edge,0.5,1.8,2.0,0,2.5,43.5
BrowBa01,Baron Browning,DEN,MIN,2023,11,1.0,1.0,LB,0.66,edge,0.3,0.8,2.0,0,2.5,43.5
CoopJo02,Jonathon Cooper,DEN,MIN,2023,11,1.0,1.0,LB,0.8,edge,0.3,1.6,2.0,0,2.5,43.5
JeweJo00,Josey Jewell,DEN,MIN,2023,11,0.0,1.0,LB,0.74,edge,0.0,0.2,2.0,0,2.5,43.5
JoneD.01,D.J. Jones,DEN,MIN,2023,11,0.0,1.0,NT,0.62,interior,0.2,0.8,2.0,0,2.5,43.5
SingAl00,Alex Singleton,DEN,MIN,2023,11,0.0,1.0,LB,1.0,edge,0.0,0.0,2.0,0,2.5,43.5
AnzaAl00,Alex Anzalone,DET,CHI,2023,11,0.0,0.0,LB,1.0,edge,0.4,1.2,2.0,1,8.0,48.0
BarnDe02,Derrick Barnes,DET,CHI,2023,11,0.0,0.0,LB,0.95,edge,0.2,0.2,2.0,1,8.0,48.0
CampJa04,Jack Campbell,DET,CHI,2023,11,0.0,0.0,LB,0.61,edge,0.0,0.0,2.0,1,8.0,48.0
HutcAi00,Aidan Hutchinson,DET,CHI,2023,11,1.0,1.0,DE,0.92,edge,0.2,2.6,2.0,1,8.0,48.0
McNeAl00,Alim McNeill,DET,CHI,2023,11,1.0,2.0,DT,0.72,interior,0.8,2.0,2.0,1,8.0,48.0
CampDe00,De'Vondre Campbell,GB,LAC,2023,11,0.0,0.0,LB,0.63,edge,0.0,0.4,2.2,0,-3.0,44.0
ClarKe01,Kenny Clark,GB,LAC,2023,11,0.0,2.0,DE,0.77,edge,0.7,1.8,2.2,0,-3.0,44.0
GaryRa00,Rashan Gary,GB,LAC,2023,11,1.0,3.0,LB,0.69,edge,0.0,0.8,2.2,0,-3.0,44.0
SmitPr00,Preston Smith,GB,LAC,2023,11,0.0,2.0,LB,0.78,edge,1.0,2.0,2.2,0,-3.0,44.0
WalkQu00,Quay Walker,GB,LAC,2023,11,0.0,1.0,LB,1.0,edge,0.0,0.4,2.2,0,-3.0,44.0
AndeWi01,Will Anderson,HOU,ARI,2023,11,1.0,2.0,DE,0.66,edge,0.2,2.0,3.4,1,5.5,48.0
CashBl00,Blake Cashman,HOU,ARI,2023,11,1.0,2.0,LB,1.0,edge,0.2,0.6,3.4,1,5.5,48.0
GreeJo04,Jonathan Greenard,HOU,ARI,2023,11,0.0,1.0,DE,0.72,edge,0.8,3.2,3.4,1,5.5,48.0
HarrCh06,Christian Harris,HOU,ARI,2023,11,0.0,0.0,LB,1.0,edge,0.2,0.2,3.4,1,5.5,48.0
AlleJo03,Josh Allen,JAX,TEN,2023,11,0.5,2.0,LB,0.7,edge,0.6,2.4,3.4,0,6.5,40.0
LloyDe00,Devin Lloyd,JAX,TEN,2023,11,0.0,0.0,LB,0.98,edge,0.0,0.0,3.4,0,6.5,40.0
OluoFo00,Foyesade Oluokun,JAX,TEN,2023,11,0.5,1.0,LB,0.98,edge,0.4,1.6,3.4,0,6.5,40.0
WalkTr03,Travon Walker,JAX,TEN,2023,11,0.5,2.0,LB,0.7,edge,0.3,1.8,3.4,0,6.5,40.0
DannMi00,Michael Danna,KC,PHI,2023,11,0.0,0.0,DE,0.63,edge,0.6,1.2,2.2,0,2.5,46.0
GayJWi00,Willie Gay Jr.,KC,PHI,2023,11,0.0,0.0,LB,0.82,edge,0.0,0.4,2.2,0,2.5,46.0
JoneCh09,Chris Jones,KC,PHI,2023,11,2.0,2.0,DT,0.82,interior,0.6,2.6,2.2,0,2.5,46.0
KarlGe00,George Karlaftis III,KC,PHI,2023,11,1.0,1.0,DE,0.79,edge,0.8,2.2,2.2,0,2.5,46.0
NnadDe00,Derrick Nnadi,KC,PHI,2023,11,0.0,1.0,DT,0.61,interior,,,2.2,0,2.5,46.0
TranDr00,Drue Tranquill,KC,PHI,2023,11,0.0,1.0,LB,0.98,edge,0.3,0.6,2.2,0,2.5,46.0
DonaAa00,Aaron Donald,LA,SEA,2023,11,0.0,3.0,DT,0.89,interior,0.8,2.4,2.4,1,2.5,45.0
HoecMi00,Michael Hoecht,LA,SEA,2023,11,0.0,0.0,LB,0.82,edge,0.6,1.2,2.4,1,2.5,45.0
JoneEr01,Ernest Jones,LA,SEA,2023,11,0.5,3.0,LB,0.97,edge,0.2,0.2,2.4,1,2.5,45.0
YounBy01,Byron Young,LA,SEA,2023,11,0.0,0.0,LB,0.91,edge,0.6,1.6,2.4,1,2.5,45.0
KendEr00,Eric Kendricks,LAC,GB,2023,11,0.0,1.0,LB,0.78,edge,0.0,0.2,2.2,0,3.0,44.0
MackKh00,Khalil Mack,LAC,GB,2023,11,2.0,5.0,DE,0.92,edge,0.6,1.2,2.2,0,3.0,44.0
MurrKe00,Kenneth Murray,LAC,GB,2023,11,0.0,1.0,LB,1.0,edge,0.2,0.4,2.2,0,3.0,44.0
TuipTu00,Tuli Tuipulotu,LAC,GB,2023,11,0.0,3.0,DE,0.92,edge,0.8,2.6,2.2,0,3.0,44.0
CrosMa00,Maxx Crosby,LV,MIA,2023,11,1.0,4.0,DE,1.0,edge,0.9,2.8,2.0,0,-14.0,44.5
SpilRo00,Robert Spillane,LV,MIA,2023,11,0.0,0.0,LB,1.0,edge,0.3,0.6,2.0,0,-14.0,44.5
BakeJe00,Jerome Baker,MIA,LV,2023,11,0.0,0.0,LB,1.0,edge,0.3,0.6,2.0,0,14.0,44.5
ChubBr00,Bradley Chubb,MIA,LV,2023,11,0.0,0.0,LB,0.85,edge,1.0,1.6,2.0,0,14.0,44.5
PhilJa02,Jaelan Phillips,MIA,LV,2023,11,2.0,4.0,LB,0.89,edge,0.8,2.4,2.0,0,14.0,44.5
VanGAn00,Andrew Van Ginkel,MIA,LV,2023,11,0.0,0.0,LB,0.69,edge,0.8,1.6,2.0,0,14.0,44.5
WilkCh00,Christian Wilkins,MIA,LV,2023,11,0.0,2.0,DE,0.95,edge,0.7,2.2,2.0,0,14.0,44.5
HuntDa01,Danielle Hunter,MIN,DEN,2023,11,1.0,2.0,LB,0.95,edge,1.0,2.0,3.8,0,-2.5,43.5
PaceIv00,Ivan Pace,MIN,DEN,2023,11,0.0,0.0,LB,1.0,edge,0.125,0.75,3.8,0,-2.5,43.5
WonnDJ00,D.J. Wonnum,MIN,DEN,2023,11,1.0,1.0,LB,0.93,edge,0.8,2.0,3.8,0,-2.5,43.5
LawrDe03,Dexter Lawrence,NYG,WAS,2023,11,1.0,2.0,NT,0.79,interior,0.6,3.4,3.6,0,-7.5,39.0
McFaMi01,Micah McFadden,NYG,WAS,2023,11,0.0,0.0,LB,0.62,edge,0.1,0.8,3.6,0,-7.5,39.0
OjulAz00,Azeez Ojulari,NYG,WAS,2023,11,0.0,0.0,DE,0.6,edge,0.8333333333333334,3.0,3.6,0,-7.5,39.0
OkerBo00,Bobby Okereke,NYG,WAS,2023,11,0.0,0.0,LB,1.0,edge,0.0,0.4,3.6,0,-7.5,39.0
ThibKa00,Kayvon Thibodeaux,NYG,WAS,2023,11,2.0,5.0,LB,0.89,edge,1.1,2.6,3.6,0,-7.5,39.0
WardJi02,Jihad Ward,NYG,WAS,2023,11,1.0,2.0,DE,0.73,edge,0.0,0.8,3.6,0,-7.5,39.0
JohnJe07,Jermaine Johnson II,NYJ,BUF,2023,11,0.0,0.0,LB,0.64,edge,0.7,2.6,0.8,0,-8.0,39.5
MoslC.00,C.J. Mosley,NYJ,BUF,2023,11,0.0,0.0,LB,1.0,edge,0.1,0.2,0.8,0,-8.0,39.5
WillQu00,Quinnen Williams,NYJ,BUF,2023,11,1.0,1.0,NT,0.72,interior,0.1,1.4,0.8,0,-8.0,39.5
WillQu01,Quincy Williams,NYJ,BUF,2023,11,0.0,0.0,LB,0.96,edge,0.4,0.6,0.8,0,-8.0,39.5
CoxxFl00,Fletcher Cox,PHI,KC,2023,11,0.0,4.0,DT,0.73,interior,0.2,1.8,2.0,0,-2.5,46.0
CunnZa00,Zach Cunningham,PHI,KC,2023,11,0.0,0.0,LB,0.91,edge,0.0,0.2,2.0,0,-2.5,46.0
MorrNi00,Nicholas Morrow,PHI,KC,2023,11,0.0,0.0,LB,0.7,edge,0.6,1.0,2.0,0,-2.5,46.0
ReddHa00,Haason Reddick,PHI,KC,2023,11,1.0,5.0,LB,0.86,edge,1.3,3.0,2.0,0,-2.5,46.0
SweaJo00,Josh Sweat,PHI,KC,2023,11,0.0,5.0,DE,0.85,edge,0.8,2.8,2.0,0,-2.5,46.0
OgunLa00,Larry Ogunjobi,PIT,CLE,2023,11,0.0,1.0,DT,0.71,interior,0.2,1.0,2.4,0,-2.5,34.0
RobeEl00,Elandon Roberts,PIT,CLE,2023,11,0.0,0.0,LB,1.0,edge,0.4,0.8,2.4,0,-2.5,34.0
WalkMy00,Mykal Walker,PIT,CLE,2023,11,0.0,0.0,LB,0.84,edge,0.0,0.2,2.4,0,-2.5,34.0
WattT.00,T.J. Watt,PIT,CLE,2023,11,1.0,5.0,LB,0.97,edge,0.9,2.0,2.4,0,-2.5,34.0
BrooJo01,Jordyn Brooks,SEA,LA,2023,11,0.0,1.0,LB,0.99,edge,0.3,0.8,2.4,1,-2.5,45.0
MafeBo00,Boye Mafe,SEA,LA,2023,11,0.0,1.0,LB,0.66,edge,1.0,2.75,2.4,1,-2.5,45.0
ReedJa02,Jarran Reed,SEA,LA,2023,11,0.0,1.0,NT,0.67,interior,0.4,1.4,2.4,1,-2.5,45.0
WagnBo00,Bobby Wagner,SEA,LA,2023,11,0.0,0.0,LB,1.0,edge,0.1,0.4,2.4,1,-2.5,45.0
WillLe02,Leonard Williams,SEA,LA,2023,11,0.0,1.0,DT,0.75,interior,0.5,2.0,2.4,1,-2.5,45.0
ArmsAr01,Arik Armstead,SF,TB,2023,11,1.0,2.0,DT,0.75,interior,0.5,1.2,2.4,0,13.5,41.5
BosaNi00,Nick Bosa,SF,TB,2023,11,1.0,3.0,DE,0.87,edge,0.7,2.8,2.4,0,13.5,41.5
GreeDr00,Dre Greenlaw,SF,TB,2023,11,0.5,1.0,LB,1.0,edge,0.2,0.6,2.4,0,13.5,41.5
WarnFr00,Fred Warner,SF,TB,2023,11,0.5,1.0,LB,1.0,edge,0.2,0.6,2.4,0,13.5,41.5
YounCh04,Chase Young,SF,TB,2023,11,1.0,1.0,DE,0.68,edge,0.6,2.8,2.4,0,13.5,41.5
BarrSh00,Shaquil Barrett,TB,SF,2023,11,0.0,0.0,LB,0.65,edge,0.4,1.8,1.6,0,-13.5,41.5
DaviLa00,Lavonte David,TB,SF,2023,11,1.0,1.0,LB,0.72,edge,0.2,0.2,1.6,0,-13.5,41.5
VeaxVi00,Vita Vea,TB,SF,2023,11,1.0,1.0,NT,0.63,interior,1.1,2.0,1.6,0,-13.5,41.5
WhitDe02,Devin White,TB,SF,2023,11,0.0,0.0,LB,1.0,edge,0.4,1.4,1.6,0,-13.5,41.5
AlShAz00,Azeez Al-Shaair,TEN,JAX,2023,11,0.0,0.0,LB,0.7,edge,0.0,0.4,3.2,0,-6.5,40.0
AutrDe00,Denico Autry,TEN,JAX,2023,11,0.0,2.0,DE,0.63,edge,0.6,0.8,3.2,0,-6.5,40.0
LandHa00,Harold Landry,TEN,JAX,2023,11,0.0,1.0,LB,0.77,edge,0.8,1.4,3.2,0,-6.5,40.0
SimmJe01,Jeffery Simmons,TEN,JAX,2023,11,0.0,2.0,DT,0.68,interior,0.6,1.8,3.2,0,-6.5,40.0
AlleJo01,Jonathan Allen,WAS,NYG,2023,11,1.5,2.0,DT,0.73,interior,0.2,1.8,4.6,0,7.5,39.0
DaviJa11,Jamin Davis,WAS,NYG,2023,11,1.0,1.0,LB,1.0,edge,0.2,0.2,4.6,0,7.5,39.0
HenrKJ00,K.J. Henry,WAS,NYG,2023,11,1.5,2.0,DE,0.67,edge,,,4.6,0,7.5,39.0
MayoDa00,David Mayo,WAS,NYG,2023,11,2.0,3.0,LB,0.64,edge,0.0,0.2,4.6,0,7.5,39.0
PaynDa00,Daron Payne,WAS,NYG,2023,11,1.0,2.0,DT,0.73,interior,0.0,1.0,4.6,0,7.5,39.0
ToohCa00,Casey Toohill,WAS,NYG,2023,11,1.0,1.0,DE,0.84,edge,0.0,2.0,4.6,0,7.5,39.0
LedbJo01,Jonathan Ledbetter,ARI,LA,2023,12,0.0,1.0,DE,0.61,edge,0.16666666666666666,0.6666666666666666,1.8,1,-3.0,45.0
StilDa01,Dante Stills,ARI,LA,2023,12,0.0,0.0,DE,0.61,edge,1.0,1.0,1.8,1,-3.0,45.0
WoodJo02,Josh Woods,ARI,LA,2023,12,0.0,0.0,LB,1.0,edge,0.1,0.2,1.8,1,-3.0,45.0
CampCa99,Calais Campbell,ATL,NO,2023,12,0.0,1.0,DE,0.64,edge,0.4,1.6,1.4,1,-2.0,42.0
DuprAl00,Bud Dupree,ATL,NO,2023,12,0.0,0.0,LB,0.69,edge,0.5,0.8,1.4,1,-2.0,42.0
ElliKa00,Kaden Elliss,ATL,NO,2023,12,0.0,0.0,LB,1.0,edge,0.2,0.4,1.4,1,-2.0,42.0
LandNa01,Nathan Landman,ATL,NO,2023,12,0.0,0.0,LB,0.74,edge,0.4,0.6,1.4,1,-2.0,42.0
MaduJu00,Justin Madubuike,BAL,LAC,2023,12,0.5,4.0,DT,0.61,interior,1.1,2.2,2.4,1,3.0,49.0
OwehJa00,Odafe Oweh,BAL,LAC,2023,12,0.0,1.0,LB,0.62,edge,0.6,2.2,2.4,1,3.0,49.0
QueePa00,Patrick Queen,BAL,LAC,2023,12,0.0,1.0,LB,0.94,edge,0.0,0.4,2.4,1,3.0,49.0
SmitRo07,Roquan Smith,BAL,LAC,2023,12,0.0,0.0,LB,1.0,edge,0.0,0.0,2.4,1,3.0,49.0
VanNKy00,Kyle Van Noy,BAL,LAC,2023,12,0.0,0.0,LB,0.71,edge,0.6,1.4,2.4,1,3.0,49.0
BernTe00,Terrel Bernard,BUF,PHI,2023,12,0.0,0.0,LB,1.0,edge,0.3,0.8,3.0,0,-2.5,49.0
DodsTy01,Tyrel Dodson,BUF,PHI,2023,12,0.0,0.0,LB,0.74,edge,0.2,0.8,3.0,0,-2.5,49.0
BurnBr00,Brian Burns,CAR,TEN,2023,12,1.0,2.0,LB,0.92,edge,0.4,1.8,3.6,0,-3.5,36.0
LuvuFr00,Frankie Luvu,CAR,TEN,2023,12,0.0,0.0,LB,1.0,edge,0.2,0.4,3.6,0,-3.5,36.0
EdmuTr01,Tremaine Edmunds,CHI,MIN,2023,12,0.0,0.0,LB,1.0,edge,0.0,0.0,2.0,1,-3.0,43.5
EdwaTJ02,T.J. Edwards,CHI,MIN,2023,12,0.0,1.0,LB,1.0,edge,0.0,0.6,2.0,1,-3.0,43.5
JoneJu03,Justin Jones,CHI,MIN,2023,12,0.0,1.0,DT,0.71,interior,0.4,1.6,2.0,1,-3.0,43.5
SweaMo00,Montez Sweat,CHI,MIN,2023,12,1.5,4.0,DE,0.71,edge,0.9,2.8,2.0,1,-3.0,43.5
HendTr00,Trey Hendrickson,CIN,PIT,2023,12,1.0,1.0,DE,0.69,edge,0.7,2.2,1.8,0,-2.0,36.0
HillB.00,B.J. Hill,CIN,PIT,2023,12,0.0,1.0,DT,0.69,interior,0.2,1.6,1.8,0,-2.0,36.0
HubbSa00,Sam Hubbard,CIN,PIT,2023,12,0.0,0.0,DE,0.76,edge,0.6,2.8,1.8,0,-2.0,36.0
PratGe00,Germaine Pratt,CIN,PIT,2023,12,0.0,0.0,LB,0.85,edge,0.0,0.0,1.8,0,-2.0,36.0
WilsLo00,Logan Wilson,CIN,PIT,2023,12,0.0,0.0,LB,0.96,edge,0.3,0.6,1.8,0,-2.0,36.0
GarrMy00,Myles Garrett,CLE,DEN,2023,12,0.0,1.0,DE,0.69,edge,1.5,2.4,3.4,0,-1.5,37.5
OwusJe00,Jeremiah Owusu-Koramoah,CLE,DEN,2023,12,1.0,1.0,LB,0.9,edge,0.3,0.4,3.4,0,-1.5,37.5
TakiSi00,Sione Takitaki,CLE,DEN,2023,12,0.0,0.0,LB,0.81,edge,0.2,0.2,3.4,0,-1.5,37.5
ParsMi00,Micah Parsons,DAL,WAS,2023,12,1.5,2.0,LB,0.82,edge,1.2,3.2,3.4,1,13.0,48.0
AlleZa01,Zach Allen,DEN,CLE,2023,12,0.5,1.0,DE,0.75,edge,0.3,1.8,2.2,0,1.5,37.5
BrowBa01,Baron Browning,DEN,CLE,2023,12,0.0,0.0,LB,0.67,edge,0.5,0.6,2.2,0,1.5,37.5
CoopJo02,Jonathon Cooper,DEN,CLE,2023,12,0.0,3.0,LB,0.68,edge,0.5,1.6,2.2,0,1.5,37.5
JeweJo00,Josey Jewell,DEN,CLE,2023,12,1.0,1.0,LB,0.64,edge,0.0,0.4,2.2,0,1.5,37.5
SingAl00,Alex Singleton,DEN,CLE,2023,12,0.0,0.0,LB,1.0,edge,0.0,0.2,2.2,0,1.5,37.5
CashBl00,Blake Cashman,HOU,JAX,2023,12,0.0,0.0,LB,0.97,edge,0.4,1.0,2.4,1,-1.0,48.0
GreeJo04,Jonathan Greenard,HOU,JAX,2023,12,0.0,1.0,DE,0.61,edge,0.8,3.2,2.4,1,-1.0,48.0
HarrCh06,Christian Harris,HOU,JAX,2023,12,0.0,1.0,LB,0.97,edge,0.0,0.0,2.4,1,-1.0,48.0
EbukSa00,Samson Ebukam,IND,TB,2023,12,2.0,3.0,DE,0.63,edge,0.6,1.8,3.0,1,2.5,45.0
FranZa00,Zaire Franklin,IND,TB,2023,12,0.0,0.0,LB,1.0,edge,0.0,0.2,3.0,1,2.5,45.0
OdeyDa00,Dayo Odeyingbo,IND,TB,2023,12,0.5,1.0,DE,0.6,edge,0.0,1.0,3.0,1,2.5,45.0
SpeeEJ00,E.J. Speed,IND,TB,2023,12,0.0,0.0,LB,0.95,edge,0.0,0.0,3.0,1,2.5,45.0
AlleJo03,Josh Allen,JAX,HOU,2023,12,2.5,5.0,LB,0.8,edge,0.7,2.4,2.4,1,1.0,48.0
LloyDe00,Devin Lloyd,JAX,HOU,2023,12,0.0,0.0,LB,1.0,edge,0.0,0.0,2.4,1,1.0,48.0
OluoFo00,Foyesade Oluokun,JAX,HOU,2023,12,0.0,0.0,LB,1.0,edge,0.5,1.4,2.4,1,1.0,48.0
WalkTr03,Travon Walker,JAX,HOU,2023,12,0.5,1.0,LB,0.8,edge,0.4,1.8,2.4,1,1.0,48.0
DannMi00,Michael Danna,KC,LV,2023,12,0.0,0.0,DE,0.69,edge,0.4,0.8,2.4,1,9.0,42.5
KarlGe00,George Karlaftis III,KC,LV,2023,12,1.0,1.0,DE,0.81,edge,1.0,2.4,2.4,1,9.0,42.5
OmenCh00,Charles Omenihu,KC,LV,2023,12,0.0,0.0,DE,0.67,edge,0.7,1.8,2.4,1,9.0,42.5
TranDr00,Drue Tranquill,KC,LV,2023,12,0.0,0.0,LB,1.0,edge,0.2,0.6,2.4,1,9.0,42.5
HoecMi00,Michael Hoecht,LA,ARI,2023,12,1.0,1.0,LB,0.72,edge,0.6,1.2,3.4,1,3.0,45.0
JoneEr01,Ernest Jones,LA,ARI,2023,12,0.0,0.0,LB,0.63,edge,0.1,0.6,3.4,1,3.0,45.0
YounBy01,Byron Young,LA,ARI,2023,12,0.0,2.0,LB,0.75,edge,0.6,1.4,3.4,1,3.0,45.0
JohnAu01,Austin Johnson,LAC,BAL,2023,12,0.0,1.0,DT,0.63,interior,0.0,0.3333333333333333,2.2,1,-3.0,49.0
JoseSe00,Sebastian Joseph-Day,LAC,BAL,2023,12,0.0,1.0,DT,0.66,interior,0.3,1.0,2.2,1,-3.0,49.0
KendEr00,Eric Kendricks,LAC,BAL,2023,12,0.0,0.0,LB,0.86,edge,0.0,0.2,2.2,1,-3.0,49.0
MackKh00,Khalil Mack,LAC,BAL,2023,12,2.0,4.0,DE,0.82,edge,0.8,2.0,2.2,1,-3.0,49.0
MurrKe00,Kenneth Murray,LAC,BAL,2023,12,0.0,0.0,LB,1.0,edge,0.2,0.6,2.2,1,-3.0,49.0
TuipTu00,Tuli Tuipulotu,LAC,BAL,2023,12,0.0,1.0,DE,0.9,edge,0.6,3.0,2.2,1,-3.0,49.0
CrosMa00,Maxx Crosby,LV,KC,2023,12,1.0,1.0,DE,0.82,edge,1.0,3.0,1.8,1,-9.0,42.5
DeabDi00,Divine Deablo,LV,KC,2023,12,0.0,0.0,LB,0.8,edge,0.0,0.2,1.8,1,-9.0,42.5
NichBi00,Bilal Nichols,LV,KC,2023,12,0.0,0.0,DT,0.62,interior,0.2,0.8,1.8,1,-9.0,42.5
SpilRo00,Robert Spillane,LV,KC,2023,12,0.0,1.0,LB,1.0,edge,0.3,0.6,1.8,1,-9.0,42.5
PhilJa02,Jaelan Phillips,MIA,NYJ,2023,12,1.0,1.0,LB,0.6,edge,1.1,2.6,5.0,0,9.5,40.0
WilkCh00,Christian Wilkins,MIA,NYJ,2023,12,2.0,2.0,DE,0.64,edge,0.6,1.8,5.0,0,9.5,40.0
BullJo00,Jonathan Bullard,MIN,CHI,2023,12,0.0,1.0,DE,0.61,edge,,,1.4,1,3.0,43.5
HuntDa01,Danielle Hunter,MIN,CHI,2023,12,1.5,5.0,LB,0.93,edge,0.8,2.0,1.4,1,3.0,43.5
PaceIv00,Ivan Pace,MIN,CHI,2023,12,1.0,1.0,LB,1.0,edge,0.1,0.6,1.4,1,3.0,43.5
PhilHa00,Harrison Phillips,MIN,CHI,2023,12,0.0,0.0,DT,0.7,interior,0.4,1.0,1.4,1,3.0,43.5
WonnDJ00,D.J. Wonnum,MIN,CHI,2023,12,0.0,3.0,LB,0.99,edge,0.8,1.6,1.4,1,3.0,43.5
BarmCh00,Christian Barmore,NE,NYG,2023,12,1.0,2.0,DT,0.63,interior,0.6,1.8,6.0,0,4.5,36.5
BentJa00,Ja'Whaun Bentley,NE,NYG,2023,12,1.0,1.0,LB,0.98,edge,0.6,1.6,6.0,0,4.5,36.5
JennAn00,Anfernee Jennings,NE,NYG,2023,12,1.5,3.0,LB,0.65,edge,0.0,0.2,6.0,0,4.5,36.5
TavaJa00,Jahlani Tavai,NE,NYG,2023,12,0.0,0.0,LB,0.67,edge,0.0,0.6,6.0,0,4.5,36.5
DaviDe00,Demario Davis,NO,ATL,2023,12,0.0,0.0,LB,1.0,edge,0.6,1.6,2.8,1,2.0,42.0
WernPe00,Pete Werner,NO,ATL,2023,12,0.0,0.0,LB,0.95,edge,0.0,0.0,2.8,1,2.0,42.0
McFaMi01,Micah McFadden,NYG,NE,2023,12,0.0,0.0,LB,0.66,edge,0.1,0.8,2.6,0,-4.5,36.5
OkerBo00,Bobby Okereke,NYG,NE,2023,12,0.0,1.0,LB,1.0,edge,0.0,0.2,2.6,0,-4.5,36.5
RobiAS00,A'Shawn Robinson,NYG,NE,2023,12,0.0,1.0,DT,0.66,interior,0.0,1.0,2.6,0,-4.5,36.5
ThibKa00,Kayvon Thibodeaux,NYG,NE,2023,12,0.5,2.0,LB,1.0,edge,1.3,3.2,2.6,0,-4.5,36.5
MorrNi00,Nicholas Morrow,PHI,BUF,2023,12,0.0,0.0,LB,0.92,edge,0.6,0.8,1.0,0,2.5,49.0
ReddHa00,Haason Reddick,PHI,BUF,2023,12,0.0,1.0,LB,0.87,edge,1.1,3.4,1.0,0,2.5,49.0
SweaJo00,Josh Sweat,PHI,BUF,2023,12,0.0,1.0,DE,0.85,edge,0.8,3.4,1.0,0,2.5,49.0
HeywCa01,Cameron Heyward,PIT,CIN,2023,12,1.0,2.0,DT,0.82,interior,1.1,2.6,3.2,0,2.0,36.0
HighAl02,Alex Highsmith,PIT,CIN,2023,12,0.0,0.0,LB,0.93,edge,0.7,2.2,3.2,0,2.0,36.0
OgunLa00,Larry Ogunjobi,PIT,CIN,2023,12,0.0,1.0,DT,0.7,interior,0.2,0.8,3.2,0,2.0,36.0
RobeEl00,Elandon Roberts,PIT,CIN,2023,12,0.0,0.0,LB,1.0,edge,0.2,0.6,3.2,0,2.0,36.0
WalkMy00,Mykal Walker,PIT,CIN,2023,12,0.0,0.0,LB,0.77,edge,0.0,0.2,3.2,0,2.0,36.0
WattT.00,T.J. Watt,PIT,CIN,2023,12,2.0,2.0,LB,0.91,edge,0.7,2.6,3.2,0,2.0,36.0
BosaNi00,Nick Bosa,SF,SEA,2023,12,2.0,3.0,DE,0.88,edge,0.8,2.6,2.0,0,7.0,43.5
HargJa00,Javon Hargrave,SF,SEA,2023,12,1.5,2.0,DT,0.71,interior,0.7,1.6,2.0,0,7.0,43.5
BarrSh00,Shaquil Barrett,TB,IND,2023,12,0.0,0.0,LB,0.6,edge,0.4,1.6,2.0,1,-2.5,45.0
DennSi00,SirVocea Dennis,TB,IND,2023,12,0.0,0.0,LB,0.9,edge,,,2.0,1,-2.5,45.0
DiabYa00,YaYa Diaby,TB,IND,2023,12,0.0,0.0,LB,0.66,edge,,,2.0,1,-2.5,45.0
KancCa00,Calijah Kancey,TB,IND,2023,12,1.0,1.0,DE,0.63,edge,0.5,2.0,2.0,1,-2.5,45.0
WhitDe02,Devin White,TB,IND,2023,12,0.0,1.0,LB,1.0,edge,0.4,1.2,2.0,1,-2.5,45.0
AlShAz00,Azeez Al-Shaair,TEN,CAR,2023,12,0.0,0.0,LB,0.86,edge,0.0,0.4,4.6,0,3.5,36.0
AutrDe00,Denico Autry,TEN,CAR,2023,12,2.0,3.0,DE,0.69,edge,0.4,1.0,4.6,0,3.5,36.0
KeyxAr00,Arden Key,TEN,CAR,2023,12,1.0,2.0,LB,0.62,edge,0.2,1.2,4.6,0,3.5,36.0
LandHa00,Harold Landry,TEN,CAR,2023,12,0.0,1.0,LB,0.76,edge,0.8,1.6,4.6,0,3.5,36.0
SimmJe01,Jeffery Simmons,TEN,CAR,2023,12,1.0,3.0,DT,0.84,interior,0.4,1.6,4.6,0,3.5,36.0
BarnKr00,Krys Barnes,ARI,PIT,2023,13,0.0,0.0,LB,0.61,edge,0.25,0.25,1.8,0,-6.0,41.0
LedbJo01,Jonathan Ledbetter,ARI,PIT,2023,13,0.0,1.0,DE,0.67,edge,0.125,0.75,1.8,0,-6.0,41.0
WoodJo02,Josh Woods,ARI,PIT,2023,13,0.0,0.0,LB,0.98,edge,0.1,0.2,1.8,0,-6.0,41.0
DuprAl00,Bud Dupree,ATL,NYJ,2023,13,2.0,5.0,LB,0.74,edge,0.5,0.8,5.4,0,2.0,33.0
ElliKa00,Kaden Elliss,ATL,NYJ,2023,13,0.0,0.0,LB,1.0,edge,0.2,0.4,5.4,0,2.0,33.0
BrowDe05,Derrick Brown,CAR,TB,2023,13,0.0,2.0,DT,0.95,interior,0.0,1.4,3.6,0,-4.0,37.0
BurnBr00,Brian Burns,CAR,TB,2023,13,0.0,0.0,LB,0.63,edge,0.4,1.6,3.6,0,-4.0,37.0
HaynMa01,Marquis Haynes,CAR,TB,2023,13,1.0,1.0,LB,0.68,edge,0.0,1.0,3.6,0,-4.0,37.0
LuvuFr00,Frankie Luvu,CAR,TB,2023,13,0.0,0.0,LB,1.0,edge,0.2,0.4,3.6,0,-4.0,37.0
HendTr00,Trey Hendrickson,CIN,JAX,2023,13,1.0,4.0,DE,0.83,edge,0.7,2.0,1.8,0,-10.0,41.0
HillB.00,B.J. Hill,CIN,JAX,2023,13,0.0,1.0,DT,0.77,interior,0.2,1.4,1.8,0,-10.0,41.0
HubbSa00,Sam Hubbard,CIN,JAX,2023,13,1.0,1.0,DE,0.84,edge,0.4,2.4,1.8,0,-10.0,41.0
PratGe00,Germaine Pratt,CIN,JAX,2023,13,0.0,1.0,LB,0.91,edge,0.0,0.0,1.8,0,-10.0,41.0
WilsLo00,Logan Wilson,CIN,JAX,2023,13,0.0,0.0,LB,1.0,edge,0.1,0.4,1.8,0,-10.0,41.0
GarrMy00,Myles Garrett,CLE,LA,2023,13,0.0,0.0,DE,0.89,edge,1.1,2.0,1.2,1,-3.5,39.5
OwusJe00,Jeremiah Owusu-Koramoah,CLE,LA,2023,13,0.0,1.0,LB,0.86,edge,0.5,0.6,1.2,1,-3.5,39.5
ClarDa02,Damone Clark,DAL,SEA,2023,13,0.0,1.0,LB,0.71,edge,0.0,0.2,2.8,1,9.5,47.5
LawrDe00,DeMarcus Lawrence,DAL,SEA,2023,13,0.0,3.0,DE,0.68,edge,0.4,1.2,2.8,1,9.5,47.5
OdigOs00,Osa Odighizuwa,DAL,SEA,2023,13,0.0,1.0,DT,0.62,interior,0.4,0.8,2.8,1,9.5,47.5
ParsMi00,Micah Parsons,DAL,SEA,2023,13,0.0,3.0,LB,0.91,edge,1.3,2.8,2.8,1,9.5,47.5
AlleZa01,Zach Allen,DEN,HOU,2023,13,0.5,3.0,DE,0.87,edge,0.2,1.4,2.8,1,-3.5,47.5
BrowBa01,Baron Browning,DEN,HOU,2023,13,0.5,2.0,LB,0.72,edge,0.4,0.4,2.8,1,-3.5,47.5
CoopJo02,Jonathon Cooper,DEN,HOU,2023,13,0.0,1.0,LB,0.78,edge,0.3,1.2,2.8,1,-3.5,47.5
JeweJo00,Josey Jewell,DEN,HOU,2023,13,0.0,0.0,LB,0.75,edge,0.2,0.6,2.8,1,-3.5,47.5
SingAl00,Alex Singleton,DEN,HOU,2023,13,1.0,1.0,LB,1.0,edge,0.0,0.2,2.8,1,-3.5,47.5
BarnDe02,Derrick Barnes,DET,NO,2023,13,0.0,0.0,LB,0.84,edge,0.0,0.0,1.2,1,4.0,47.5
CampJa04,Jack Campbell,DET,NO,2023,13,0.0,0.0,LB,0.79,edge,0.0,0.0,1.2,1,4.0,47.5
HutcAi00,Aidan Hutchinson,DET,NO,2023,13,0.0,1.0,DE,0.91,edge,0.2,2.2,1.2,1,4.0,47.5
JoneBe03,Benito Jones,DET,NO,2023,13,0.0,1.0,DT,0.67,interior,0.0,0.0,1.2,1,4.0,47.5
CampDe00,De'Vondre Campbell,GB,KC,2023,13,0.0,0.0,LB,0.82,edge,0.0,0.4,1.6,0,-5.5,43.5
ClarKe01,Kenny Clark,GB,KC,2023,13,0.5,2.0,DE,0.81,edge,0.6,1.4,1.6,0,-5.5,43.5
GaryRa00,Rashan Gary,GB,KC,2023,13,0.5,1.0,LB,0.6,edge,0.2,1.4,1.6,0,-5.5,43.5
SmitPr00,Preston Smith,GB,KC,2023,13,0.5,1.0,LB,0.63,edge,1.0,2.2,1.6,0,-5.5,43.5
WalkQu00,Quay Walker,GB,KC,2023,13,0.0,0.0,LB,1.0,edge,0.0,0.4,1.6,0,-5.5,43.5
AndeWi01,Will Anderson,HOU,DEN,2023,13,2.0,6.0,DE,0.7,edge,0.4,2.0,2.8,1,3.5,47.5
CashBl00,Blake Cashman,HOU,DEN,2023,13,0.0,1.0,LB,1.0,edge,0.4,0.8,2.8,1,3.5,47.5
CollMa00,Maliek Collins,HOU,DEN,2023,13,0.0,3.0,DT,0.68,interior,0.5,2.6,2.8,1,3.5,47.5
GreeJo04,Jonathan Greenard,HOU,DEN,2023,13,1.0,3.0,DE,0.68,edge,0.7,2.8,2.8,1,3.5,47.5
HarrCh06,Christian Harris,HOU,DEN,2023,13,0.0,0.0,LB,0.6,edge,0.0,0.2,2.8,1,3.5,47.5
PerrDe00,Denzel Perryman,HOU,DEN,2023,13,0.0,0.0,LB,0.65,edge,0.0,0.4,2.8,1,3.5,47.5
RankSh00,Sheldon Rankins,HOU,DEN,2023,13,0.0,1.0,DT,0.68,interior,0.8,1.6,2.8,1,3.5,47.5
BuckDe00,DeForest Buckner,IND,TEN,2023,13,0.5,3.0,DT,0.76,interior,0.6,2.2,2.6,0,1.5,42.0
FranZa00,Zaire Franklin,IND,TEN,2023,13,0.0,0.0,LB,1.0,edge,0.0,0.2,2.6,0,1.5,42.0
PayeKw00,Kwity Paye,IND,TEN,2023,13,2.0,2.0,DE,0.62,edge,0.3,1.4,2.6,0,1.5,42.0
SpeeEJ00,E.J. Speed,IND,TEN,2023,13,0.0,0.0,LB,0.92,edge,0.0,0.0,2.6,0,1.5,42.0
AlleJo03,Josh Allen,JAX,CIN,2023,13,1.5,3.0,LB,0.84,edge,1.0,2.8,3.4,0,10.0,41.0
LloyDe00,Devin Lloyd,JAX,CIN,2023,13,0.0,0.0,LB,0.99,edge,0.0,0.0,3.4,0,10.0,41.0
OluoFo00,Foyesade Oluokun,JAX,CIN,2023,13,0.0,1.0,LB,0.99,edge,0.5,1.4,3.4,0,10.0,41.0
RobeRo00,Roy Robertson-Harris,JAX,CIN,2023,13,0.0,2.0,DT,0.66,interior,0.4,1.6,3.4,0,10.0,41.0
WalkTr03,Travon Walker,JAX,CIN,2023,13,0.5,3.0,LB,0.78,edge,0.4,1.6,3.4,0,10.0,41.0
CochJa00,Jack Cochrane,KC,GB,2023,13,0.0,0.0,LB,0.89,edge,,,2.4,0,5.5,43.5
GayJWi00,Willie Gay Jr.,KC,GB,2023,13,0.0,2.0,LB,0.89,edge,0.0,0.4,2.4,0,5.5,43.5
JoneCh09,Chris Jones,KC,GB,2023,13,0.0,3.0,DT,0.83,interior,0.8,2.6,2.4,0,5.5,43.5
KarlGe00,George Karlaftis III,KC,GB,2023,13,0.0,2.0,DE,0.75,edge,1.1,2.0,2.4,0,5.5,43.5
OmenCh00,Charles Omenihu,KC,GB,2023,13,1.0,1.0,DE,0.69,edge,0.5,1.4,2.4,0,5.5,43.5
DonaAa00,Aaron Donald,LA,CLE,2023,13,0.5,4.0,DT,0.92,interior,0.6,2.2,2.6,1,3.5,39.5
HoecMi00,Michael Hoecht,LA,CLE,2023,13,0.0,2.0,LB,0.89,edge,0.8,1.2,2.6,1,3.5,39.5
JoneEr01,Ernest Jones,LA,CLE,2023,13,0.0,2.0,LB,0.97,edge,0.1,0.6,2.6,1,3.5,39.5
WillJo16,Jonah Williams,LA,CLE,2023,13,0.0,1.0,DE,0.69,edge,0.0,1.0,2.6,1,3.5,39.5
YounBy01,Byron Young,LA,CLE,2023,13,0.0,1.0,LB,0.9,edge,0.4,1.2,2.6,1,3.5,39.5
KendEr00,Eric Kendricks,LAC,NE,2023,13,1.0,1.0,LB,0.89,edge,0.0,0.2,2.2,0,4.5,38.5
MackKh00,Khalil Mack,LAC,NE,2023,13,2.0,4.0,DE,0.91,edge,1.2,2.6,2.2,0,4.5,38.5
MurrKe00,Kenneth Murray,LAC,NE,2023,13,0.0,0.0,LB,1.0,edge,0.0,0.4,2.2,0,4.5,38.5
TuipTu00,Tuli Tuipulotu,LAC,NE,2023,13,0.0,1.0,DE,0.92,edge,0.4,1.8,2.2,0,4.5,38.5
ChubBr00,Bradley Chubb,MIA,WAS,2023,13,0.5,1.0,LB,0.87,edge,1.0,1.4,3.0,0,8.5,50.0
LongDa04,David Long,MIA,WAS,2023,13,0.0,1.0,LB,0.82,edge,0.0,0.4,3.0,0,8.5,50.0
SielZa00,Zach Sieler,MIA,WAS,2023,13,1.5,3.0,DE,0.8,edge,0.6,2.0,3.0,0,8.5,50.0
VanGAn00,Andrew Van Ginkel,MIA,WAS,2023,13,0.0,2.0,LB,0.84,edge,0.6,1.4,3.0,0,8.5,50.0
WilkCh00,Christian Wilkins,MIA,WAS,2023,13,0.0,0.0,DE,0.82,edge,0.6,1.6,3.0,0,8.5,50.0
BentJa00,Ja'Whaun Bentley,NE,LAC,2023,13,0.0,0.0,LB,0.85,edge,0.8,1.8,2.0,0,-4.5,38.5
JennAn00,Anfernee Jennings,NE,LAC,2023,13,0.0,0.0,LB,0.69,edge,0.3,0.8,2.0,0,-4.5,38.5
TavaJa00,Jahlani Tavai,NE,LAC,2023,13,0.0,0.0,LB,0.69,edge,0.0,0.4,2.0,0,-4.5,38.5
WhitKe03,Keion White,NE,LAC,2023,13,0.0,1.0,DE,0.87,edge,0.0,2.0,2.0,0,-4.5,38.5
DaviDe00,Demario Davis,NO,DET,2023,13,0.0,0.0,LB,1.0,edge,0.4,1.2,2.2,1,-4.0,47.5
GranCa01,Carl Granderson,NO,DET,2023,13,0.0,2.0,DE,0.93,edge,0.4,1.6,2.2,1,-4.0,47.5
SeweNe00,Nephi Sewell,NO,DET,2023,13,0.0,0.0,LB,0.72,edge,,,2.2,1,-4.0,47.5
FranJo02,John Franklin-Myers,NYJ,ATL,2023,13,0.0,2.0,DE,0.62,edge,0.2,2.0,2.2,0,-2.0,33.0
JohnJe07,Jermaine Johnson II,NYJ,ATL,2023,13,1.5,4.0,LB,0.6,edge,0.7,2.4,2.2,0,-2.0,33.0
MoslC.00,C.J. Mosley,NYJ,ATL,2023,13,0.0,0.0,LB,1.0,edge,0.1,0.2,2.2,0,-2.0,33.0
WillQu00,Quinnen Williams,NYJ,ATL,2023,13,0.0,2.0,NT,0.65,interior,0.3,1.4,2.2,0,-2.0,33.0
WillQu01,Quincy Williams,NYJ,ATL,2023,13,0.0,0.0,LB,0.97,edge,0.0,0.0,2.2,0,-2.0,33.0
CoxxFl00,Fletcher Cox,PHI,SF,2023,13,1.0,1.0,DT,0.64,interior,0.2,2.0,2.0,0,-3.0,46.5
ElliCh00,Christian Elliss,PHI,SF,2023,13,0.0,0.0,LB,0.75,edge,,,2.0,0,-3.0,46.5
MorrNi00,Nicholas Morrow,PHI,SF,2023,13,0.0,0.0,LB,1.0,edge,0.6,0.8,2.0,0,-3.0,46.5
ReddHa00,Haason Reddick,PHI,SF,2023,13,1.0,2.0,LB,0.71,edge,0.6,2.6,2.0,0,-3.0,46.5
SweaJo00,Josh Sweat,PHI,SF,2023,13,0.0,1.0,DE,0.69,edge,0.6,2.8,2.0,0,-3.0,46.5
HighAl02,Alex Highsmith,PIT,ARI,2023,13,1.5,2.0,LB,0.9,edge,0.5,2.0,3.4,0,6.0,41.0
RobiMa03,Mark Robinson,PIT,ARI,2023,13,0.0,0.0,LB,0.65,edge,0.0,0.0,3.4,0,6.0,41.0
WalkMy00,Mykal Walker,PIT,ARI,2023,13,0.0,0.0,LB,0.96,edge,0.0,0.2,3.4,0,6.0,41.0
WattT.00,T.J. Watt,PIT,ARI,2023,13,0.5,2.0,LB,0.79,edge,1.1,2.8,3.4,0,6.0,41.0
BushDe01,Devin Bush Jr.,SEA,DAL,2023,13,0.0,0.0,LB,0.65,edge,0.0,0.2,2.6,1,-9.5,47.5
JoneDr00,Dre'Mont Jones,SEA,DAL,2023,13,0.0,0.0,DE,0.62,edge,0.6,2.0,2.6,1,-9.5,47.5
MafeBo00,Boye Mafe,SEA,DAL,2023,13,0.0,1.0,LB,0.7,edge,0.8,2.4,2.6,1,-9.5,47.5
ReedJa02,Jarran Reed,SEA,DAL,2023,13,1.0,1.0,NT,0.76,interior,0.4,1.2,2.6,1,-9.5,47.5
WagnBo00,Bobby Wagner,SEA,DAL,2023,13,0.0,0.0,LB,1.0,edge,0.1,0.4,2.6,1,-9.5,47.5
WillLe02,Leonard Williams,SEA,DAL,2023,13,1.0,1.0,DT,0.79,interior,0.4,1.8,2.6,1,-9.5,47.5
BosaNi00,Nick Bosa,SF,PHI,2023,13,0.0,2.0,DE,0.72,edge,1.0,2.8,3.0,0,3.0,46.5
HargJa00,Javon Hargrave,SF,PHI,2023,13,0.0,1.0,DT,0.69,interior,0.8,1.6,3.0,0,3.0,46.5
WarnFr00,Fred Warner,SF,PHI,2023,13,0.0,1.0,LB,0.85,edge,0.1,0.6,3.0,0,3.0,46.5
DiabYa00,YaYa Diaby,TB,CAR,2023,13,1.0,1.0,LB,0.65,edge,0.0,0.0,4.6,0,4.0,37.0
KancCa00,Calijah Kancey,TB,CAR,2023,13,0.0,2.0,DE,0.65,edge,0.6666666666666666,1.6666666666666667,4.6,0,4.0,37.0
RussJJ00,J.J. Russell,TB,CAR,2023,13,1.0,1.0,LB,0.99,edge,0.0,0.0,4.6,0,4.0,37.0
AlShAz00,Azeez Al-Shaair,TEN,IND,2023,13,1.0,1.0,LB,0.96,edge,0.0,0.2,1.8,0,-1.5,42.0
AutrDe00,Denico Autry,TEN,IND,2023,13,1.0,1.0,DE,0.66,edge,0.8,1.6,1.8,0,-1.5,42.0
KeyxAr00,Arden Key,TEN,IND,2023,13,0.5,1.0,LB,0.73,edge,0.4,1.4,1.8,0,-1.5,42.0
LandHa00,Harold Landry,TEN,IND,2023,13,0.5,2.0,LB,0.66,edge,0.6,1.6,1.8,0,-1.5,42.0
AlleJo01,Jonathan Allen,WAS,MIA,2023,13,0.0,0.0,DT,0.66,interior,0.5,2.0,2.4,0,-8.5,50.0
BartCo00,Cody Barton,WAS,MIA,2023,13,0.0,0.0,LB,1.0,edge,0.0,0.8,2.4,0,-8.5,50.0
DaviJa11,Jamin Davis,WAS,MIA,2023,13,0.0,0.0,LB,0.9,edge,0.2,0.2,2.4,0,-8.5,50.0
PaynDa00,Daron Payne,WAS,MIA,2023,13,0.0,0.0,DT,0.8,interior,0.2,1.0,2.4,0,-8.5,50.0
ToohCa00,Casey Toohill,WAS,MIA,2023,13,0.0,0.0,DE,0.66,edge,0.5,1.5,2.4,0,-8.5,50.0
ElliKa00,Kaden Elliss,ATL,TB,2023,14,0.0,0.0,LB,1.0,edge,0.2,0.4,3.2,1,1.5,41.5
SmitAn04,Andre Smith,ATL,TB,2023,14,0.0,0.0,LB,0.76,edge,,,3.2,1,1.5,41.5
MaduJu00,Justin Madubuike,BAL,LA,2023,14,1.0,5.0,DT,0.75,interior,1.0,2.8,0.8,0,7.5,42.0
PierMi00,Michael Pierce,BAL,LA,2023,14,0.0,0.0,NT,0.64,interior,0.5,1.0,0.8,0,7.5,42.0
QueePa00,Patrick Queen,BAL,LA,2023,14,0.0,0.0,LB,1.0,edge,0.0,0.6,0.8,0,7.5,42.0
SmitRo07,Roquan Smith,BAL,LA,2023,14,0.0,1.0,LB,1.0,edge,0.0,0.0,0.8,0,7.5,42.0
BernTe00,Terrel Bernard,BUF,KC,2023,14,0.0,1.0,LB,1.0,edge,0.3,0.8,2.0,0,-2.0,49.5
DodsTy01,Tyrel Dodson,BUF,KC,2023,14,0.0,1.0,LB,0.73,edge,0.2,0.6,2.0,0,-2.0,49.5
FloyLe00,Leonard Floyd,BUF,KC,2023,14,0.0,1.0,DE,0.62,edge,0.8,3.2,2.0,0,-2.0,49.5
OlivEd00,Ed Oliver,BUF,KC,2023,14,0.5,1.0,DT,0.79,interior,0.7,1.6,2.0,0,-2.0,49.5
RousGr00,Gregory Rousseau,BUF,KC,2023,14,0.5,2.0,DE,0.7,edge,0.2,2.0,2.0,0,-2.0,49.5
BrowDe05,Derrick Brown,CAR,NO,2023,14,0.0,1.0,DT,0.96,interior,0.0,1.2,1.4,1,-5.5,39.0
BurnBr00,Brian Burns,CAR,NO,2023,14,0.0,0.0,LB,0.85,edge,0.4,1.4,1.4,1,-5.5,39.0
GrosYe00,Yetur Gross-Matos,CAR,NO,2023,14,0.0,2.0,LB,0.71,edge,0.4,1.2,1.4,1,-5.5,39.0
LuvuFr00,Frankie Luvu,CAR,NO,2023,14,1.0,3.0,LB,1.0,edge,0.0,0.2,1.4,1,-5.5,39.0
EdmuTr01,Tremaine Edmunds,CHI,DET,2023,14,0.0,0.0,LB,1.0,edge,0.0,0.0,1.4,0,-3.0,44.5
EdwaTJ02,T.J. Edwards,CHI,DET,2023,14,0.0,0.0,LB,1.0,edge,0.0,0.8,1.4,0,-3.0,44.5
JoneJu03,Justin Jones,CHI,DET,2023,14,1.5,2.0,DT,0.71,interior,0.4,1.4,1.4,0,-3.0,44.5
SweaMo00,Montez Sweat,CHI,DET,2023,14,1.0,6.0,DE,0.74,edge,0.9,2.8,1.4,0,-3.0,44.5
HendTr00,Trey Hendrickson,CIN,IND,2023,14,2.0,2.0,DE,0.61,edge,0.7,2.2,1.6,0,3.0,45.0
PratGe00,Germaine Pratt,CIN,IND,2023,14,0.5,1.0,LB,0.83,edge,0.0,0.2,1.6,0,3.0,45.0
WilsLo00,Logan Wilson,CIN,IND,2023,14,0.0,0.0,LB,0.95,edge,0.1,0.4,1.6,0,3.0,45.0
GarrMy00,Myles Garrett,CLE,JAX,2023,14,0.0,3.0,DE,0.88,edge,0.9,1.6,2.6,0,2.5,37.5
OwusJe00,Jeremiah Owusu-Koramoah,CLE,JAX,2023,14,0.0,0.0,LB,0.93,edge,0.5,0.8,2.6,0,2.5,37.5
SmitZa00,Za'Darius Smith,CLE,JAX,2023,14,1.0,1.0,DE,0.62,edge,0.2,1.8,2.6,0,2.5,37.5
TomlDa00,Dalvin Tomlinson,CLE,JAX,2023,14,0.0,4.0,DT,0.66,interior,0.6,1.6,2.6,0,2.5,37.5
WalkAn01,Anthony Walker,CLE,JAX,2023,14,0.0,0.0,LB,0.68,edge,0.0,0.2,2.6,0,2.5,37.5
ClarDa02,Damone Clark,DAL,PHI,2023,14,0.0,0.0,LB,0.87,edge,0.0,0.4,3.0,1,3.5,52.5
LawrDe00,DeMarcus Lawrence,DAL,PHI,2023,14,0.0,2.0,DE,0.62,edge,0.4,1.8,3.0,1,3.5,52.5
ParsMi00,Micah Parsons,DAL,PHI,2023,14,1.0,1.0,LB,0.76,edge,1.1,2.8,3.0,1,3.5,52.5
AlleZa01,Zach Allen,DEN,LAC,2023,14,1.0,3.0,DE,0.75,edge,0.3,1.8,2.0,1,-3.0,45.0
BrowBa01,Baron Browning,DEN,LAC,2023,14,0.0,1.0,LB,0.71,edge,0.5,0.8,2.0,1,-3.0,45.0
CoopJo02,Jonathon Cooper,DEN,LAC,2023,14,0.0,0.0,LB,0.74,edge,0.3,1.2,2.0,1,-3.0,45.0
JeweJo00,Josey Jewell,DEN,LAC,2023,14,1.0,1.0,LB,0.93,edge,0.2,0.6,2.0,1,-3.0,45.0
SingAl00,Alex Singleton,DEN,LAC,2023,14,1.0,1.0,LB,1.0,edge,0.2,0.4,2.0,1,-3.0,45.0
AnzaAl00,Alex Anzalone,DET,CHI,2023,14,0.0,1.0,LB,0.96,edge,0.4,0.8,1.6,0,3.0,44.5
BarnDe02,Derrick Barnes,DET,CHI,2023,14,0.0,1.0,LB,0.87,edge,0.0,0.0,1.6,0,3.0,44.5
BuggIs00,Isaiah Buggs,DET,CHI,2023,14,0.0,0.0,DT,0.61,interior,0.0,1.4,1.6,0,3.0,44.5
ComiJo00,John Cominsky,DET,CHI,2023,14,1.0,2.0,DE,0.7,edge,0.4,1.6,1.6,0,3.0,44.5
HutcAi00,Aidan Hutchinson,DET,CHI,2023,14,1.0,6.0,DE,0.9,edge,0.2,2.0,1.6,0,3.0,44.5
JoneBe03,Benito Jones,DET,CHI,2023,14,0.0,1.0,DT,0.63,interior,0.0,0.5,1.6,0,3.0,44.5
CampDe00,De'Vondre Campbell,GB,NYG,2023,14,0.0,0.0,LB,1.0,edge,0.0,0.4,6.4,0,6.0,37.5
ClarKe01,Kenny Clark,GB,NYG,2023,14,0.0,1.0,DE,0.84,edge,0.5,1.4,6.4,0,6.0,37.5
GaryRa00,Rashan Gary,GB,NYG,2023,14,0.0,3.0,LB,0.7,edge,0.3,1.4,6.4,0,6.0,37.5
McDuIs00,Isaiah McDuffie,GB,NYG,2023,14,0.0,1.0,LB,0.71,edge,0.0,0.4,6.4,0,6.0,37.5
SmitPr00,Preston Smith,GB,NYG,2023,14,0.0,1.0,LB,0.7,edge,0.9,2.0,6.4,0,6.0,37.5
AndeWi01,Will Anderson,HOU,NYJ,2023,14,0.0,3.0,DE,0.6,edge,0.8,2.8,5.4,0,3.5,33.5
CollMa00,Maliek Collins,HOU,NYJ,2023,14,1.0,2.0,DT,0.66,interior,0.5,2.2,5.4,0,3.5,33.5
GreeJo04,Jonathan Greenard,HOU,NYJ,2023,14,2.0,3.0,DE,0.63,edge,0.4,2.4,5.4,0,3.5,33.5
HarrCh06,Christian Harris,HOU,NYJ,2023,14,0.0,0.0,LB,0.93,edge,0.0,0.2,5.4,0,3.5,33.5
PerrDe00,Denzel Perryman,HOU,NYJ,2023,14,0.0,1.0,LB,0.84,edge,0.0,0.4,5.4,0,3.5,33.5
RankSh00,Sheldon Rankins,HOU,NYJ,2023,14,1.0,1.0,DT,0.65,interior,0.6,1.6,5.4,0,3.5,33.5
EbukSa00,Samson Ebukam,IND,CIN,2023,14,0.0,0.0,DE,0.63,edge,0.8,1.8,3.2,0,-3.0,45.0
FranZa00,Zaire Franklin,IND,CIN,2023,14,0.0,0.0,LB,1.0,edge,0.0,0.2,3.2,0,-3.0,45.0
HarrRo02,Ronnie Harrison,IND,CIN,2023,14,0.0,0.0,LB,0.97,edge,,,3.2,0,-3.0,45.0
OdeyDa00,Dayo Odeyingbo,IND,CIN,2023,14,0.0,1.0,DE,0.6,edge,0.1,1.0,3.2,0,-3.0,45.0
PayeKw00,Kwity Paye,IND,CIN,2023,14,0.0,1.0,DE,0.67,edge,0.5,1.4,3.2,0,-3.0,45.0
StewGr00,Grover Stewart,IND,CIN,2023,14,0.0,0.0,DT,0.65,interior,0.2,1.0,3.2,0,-3.0,45.0
AlleJo03,Josh Allen,JAX,CLE,2023,14,0.0,1.0,LB,0.86,edge,1.3,2.8,2.4,0,-2.5,37.5
LloyDe00,Devin Lloyd,JAX,CLE,2023,14,0.0,0.0,LB,1.0,edge,0.0,0.0,2.4,0,-2.5,37.5
OluoFo00,Foyesade Oluokun,JAX,CLE,2023,14,0.0,0.0,LB,1.0,edge,0.5,1.0,2.4,0,-2.5,37.5
RobeRo00,Roy Robertson-Harris,JAX,CLE,2023,14,0.0,2.0,DT,0.7,interior,0.2,1.6,2.4,0,-2.5,37.5
WalkTr03,Travon Walker,JAX,CLE,2023,14,0.0,1.0,LB,0.82,edge,0.5,2.0,2.4,0,-2.5,37.5
BoltNi00,Nick Bolton,KC,BUF,2023,14,0.0,1.0,LB,0.92,edge,0.0,0.2,1.0,0,2.0,49.5
DannMi00,Michael Danna,KC,BUF,2023,14,0.0,5.0,DE,0.7,edge,0.4,0.6,1.0,0,2.0,49.5
GayJWi00,Willie Gay Jr.,KC,BUF,2023,14,0.0,0.0,LB,0.77,edge,0.0,0.8,1.0,0,2.0,49.5
JoneCh09,Chris Jones,KC,BUF,2023,14,0.0,6.0,DT,0.69,interior,0.6,2.4,1.0,0,2.0,49.5
KarlGe00,George Karlaftis III,KC,BUF,2023,14,1.0,3.0,DE,0.73,edge,0.9,2.2,1.0,0,2.0,49.5
DonaAa00,Aaron Donald,LA,BAL,2023,14,0.0,1.0,DT,0.88,interior,0.7,2.6,2.6,0,-7.5,42.0
HoecMi00,Michael Hoecht,LA,BAL,2023,14,0.0,0.0,LB,0.81,edge,0.4,1.2,2.6,0,-7.5,42.0
JoneEr01,Ernest Jones,LA,BAL,2023,14,1.0,1.0,LB,0.99,edge,0.1,1.0,2.6,0,-7.5,42.0
WillJo16,Jonah Williams,LA,BAL,2023,14,0.0,0.0,DE,0.61,edge,0.0,1.0,2.6,0,-7.5,42.0
YounBy01,Byron Young,LA,BAL,2023,14,1.0,1.0,LB,0.82,edge,0.4,1.0,2.6,0,-7.5,42.0
JohnAu01,Austin Johnson,LAC,DEN,2023,14,0.0,0.0,DT,0.67,interior,0.0,0.5,3.2,1,3.0,45.0
KendEr00,Eric Kendricks,LAC,DEN,2023,14,1.0,1.0,LB,0.84,edge,0.2,0.4,3.2,1,3.0,45.0
MackKh00,Khalil Mack,LAC,DEN,2023,14,0.0,1.0,DE,0.85,edge,1.6,3.2,3.2,1,3.0,45.0
MurrKe00,Kenneth Murray,LAC,DEN,2023,14,1.0,1.0,LB,1.0,edge,0.0,0.2,3.2,1,3.0,45.0
TuipTu00,Tuli Tuipulotu,LAC,DEN,2023,14,0.0,0.0,DE,0.87,edge,0.4,2.0,3.2,1,3.0,45.0
CrosMa00,Maxx Crosby,LV,MIN,2023,14,2.0,5.0,DE,0.97,edge,1.0,3.0,2.4,1,-3.0,40.5
DeabDi00,Divine Deablo,LV,MIN,2023,14,0.0,0.0,LB,0.96,edge,0.0,0.2,2.4,1,-3.0,40.5
KoonMa00,Malcolm Koonce,LV,MIN,2023,14,0.0,2.0,DE,0.61,edge,,,2.4,1,-3.0,40.5
SpilRo00,Robert Spillane,LV,MIN,2023,14,1.0,1.0,LB,1.0,edge,0.3,0.8,2.4,1,-3.0,40.5
ChubBr00,Bradley Chubb,MIA,TEN,2023,14,0.0,4.0,LB,0.82,edge,0.9,1.4,3.4,0,14.0,45.0
LongDa04,David Long,MIA,TEN,2023,14,0.0,0.0,LB,0.89,edge,0.0,0.6,3.4,0,14.0,45.0
RileDu00,Duke Riley,MIA,TEN,2023,14,0.0,0.0,LB,1.0,edge,,,3.4,0,14.0,45.0
SielZa00,Zach Sieler,MIA,TEN,2023,14,0.0,0.0,DE,0.86,edge,0.9,2.4,3.4,0,14.0,45.0
VanGAn00,Andrew Van Ginkel,MIA,TEN,2023,14,0.0,0.0,LB,0.77,edge,0.2,1.2,3.4,0,14.0,45.0
WilkCh00,Christian Wilkins,MIA,TEN,2023,14,1.0,2.0,DE,0.87,edge,0.6,1.4,3.4,0,14.0,45.0
HuntDa01,Danielle Hunter,MIN,LV,2023,14,0.0,3.0,LB,0.91,edge,0.9,2.2,2.4,1,3.0,40.5
PaceIv00,Ivan Pace,MIN,LV,2023,14,1.0,1.0,LB,1.0,edge,0.3,0.6,2.4,1,3.0,40.5
PhilHa00,Harrison Phillips,MIN,LV,2023,14,1.0,1.0,DT,0.67,interior,0.3,0.8,2.4,1,3.0,40.5
WonnDJ00,D.J. Wonnum,MIN,LV,2023,14,1.0,1.0,LB,0.94,edge,0.8,1.8,2.4,1,3.0,40.5
BarmCh00,Christian Barmore,NE,PIT,2023,14,0.5,2.0,DT,0.69,interior,0.6,1.8,1.2,0,-6.0,30.0
BentJa00,Ja'Whaun Bentley,NE,PIT,2023,14,0.0,1.0,LB,1.0,edge,0.6,1.6,1.2,0,-6.0,30.0
JennAn00,Anfernee Jennings,NE,PIT,2023,14,0.0,0.0,LB,0.64,edge,0.3,0.8,1.2,0,-6.0,30.0
TavaJa00,Jahlani Tavai,NE,PIT,2023,14,0.0,0.0,LB,0.71,edge,0.0,0.2,1.2,0,-6.0,30.0
DaviDe00,Demario Davis,NO,CAR,2023,14,1.5,3.0,LB,1.0,edge,0.4,1.0,4.0,1,5.5,39.0
GranCa01,Carl Granderson,NO,CAR,2023,14,1.0,3.0,DE,0.68,edge,0.2,1.8,4.0,1,5.5,39.0
WernPe00,Pete Werner,NO,CAR,2023,14,0.0,0.0,LB,0.76,edge,0.0,0.0,4.0,1,5.5,39.0
McFaMi01,Micah McFadden,NYG,GB,2023,14,0.5,1.0,LB,0.74,edge,0.1,0.6,2.8,0,-6.0,37.5
OjulAz00,Azeez Ojulari,NYG,GB,2023,14,0.5,3.0,DE,0.72,edge,0.625,2.25,2.8,0,-6.0,37.5
OkerBo00,Bobby Okereke,NYG,GB,2023,14,0.0,0.0,LB,1.0,edge,0.0,0.4,2.8,0,-6.0,37.5
ThibKa00,Kayvon Thibodeaux,NYG,GB,2023,14,0.5,5.0,LB,0.99,edge,1.4,3.2,2.8,0,-6.0,37.5
JeffQu00,Quinton Jefferson,NYJ,HOU,2023,14,0.0,2.0,DE,0.7,edge,0.75,1.0,3.4,0,-3.5,33.5
JohnJe07,Jermaine Johnson II,NYJ,HOU,2023,14,0.0,0.0,LB,0.71,edge,0.8,2.8,3.4,0,-3.5,33.5
MoslC.00,C.J. Mosley,NYJ,HOU,2023,14,0.0,0.0,LB,0.96,edge,0.1,0.2,3.4,0,-3.5,33.5
WillQu00,Quinnen Williams,NYJ,HOU,2023,14,1.0,2.0,NT,0.68,interior,0.3,1.6,3.4,0,-3.5,33.5
WillQu01,Quincy Williams,NYJ,HOU,2023,14,0.0,0.0,LB,0.96,edge,0.0,0.0,3.4,0,-3.5,33.5
CunnZa00,Zach Cunningham,PHI,DAL,2023,14,0.0,0.0,LB,0.74,edge,0.0,0.0,2.4,1,-3.5,52.5
MorrNi00,Nicholas Morrow,PHI,DAL,2023,14,0.0,0.0,LB,0.78,edge,0.0,0.2,2.4,1,-3.5,52.5
ReddHa00,Haason Reddick,PHI,DAL,2023,14,2.0,2.0,LB,0.72,edge,0.8,3.0,2.4,1,-3.5,52.5
SweaJo00,Josh Sweat,PHI,DAL,2023,14,0.0,1.0,DE,0.65,edge,0.2,2.4,2.4,1,-3.5,52.5
HerbNi00,Nick Herbig,PIT,NE,2023,14,0.0,0.0,LB,0.79,edge,,,3.0,0,6.0,30.0
HeywCa01,Cameron Heyward,PIT,NE,2023,14,1.0,1.0,DT,0.75,interior,1.3,2.6,3.0,0,6.0,30.0
RobeEl00,Elandon Roberts,PIT,NE,2023,14,1.0,1.0,LB,0.81,edge,0.0,0.4,3.0,0,6.0,30.0
WattT.00,T.J. Watt,PIT,NE,2023,14,0.0,0.0,LB,0.91,edge,1.1,3.0,3.0,0,6.0,30.0
BrooJo01,Jordyn Brooks,SEA,SF,2023,14,0.0,0.0,LB,0.85,edge,0.3,1.0,2.2,0,-14.5,44.5
MafeBo00,Boye Mafe,SEA,SF,2023,14,0.0,0.0,LB,0.83,edge,0.6,2.0,2.2,0,-14.5,44.5
ReedJa02,Jarran Reed,SEA,SF,2023,14,1.0,1.0,NT,0.8,interior,0.4,1.2,2.2,0,-14.5,44.5
WagnBo00,Bobby Wagner,SEA,SF,2023,14,0.0,0.0,LB,1.0,edge,0.1,0.4,2.2,0,-14.5,44.5
WillLe02,Leonard Williams,SEA,SF,2023,14,1.0,4.0,DT,0.76,interior,0.6,1.6,2.2,0,-14.5,44.5
BosaNi00,Nick Bosa,SF,SEA,2023,14,1.5,2.0,DE,0.85,edge,1.0,2.6,2.8,0,14.5,44.5
GreeDr00,Dre Greenlaw,SF,SEA,2023,14,0.0,0.0,LB,0.95,edge,0.3,0.8,2.8,0,14.5,44.5
WarnFr00,Fred Warner,SF,SEA,2023,14,0.0,0.0,LB,1.0,edge,0.1,0.8,2.8,0,14.5,44.5
BarrSh00,Shaquil Barrett,TB,ATL,2023,14,0.0,0.0,LB,0.63,edge,0.4,1.6,2.6,1,-1.5,41.5
BritKJ00,K.J. Britt,TB,ATL,2023,14,0.0,0.0,LB,0.9,edge,0.0,0.0,2.6,1,-1.5,41.5
DaviLa00,Lavonte David,TB,ATL,2023,14,0.0,0.0,LB,1.0,edge,0.2,0.2,2.6,1,-1.5,41.5
GainGr00,Greg Gaines,TB,ATL,2023,14,1.0,1.0,NT,0.72,interior,0.2,1.0,2.6,1,-1.5,41.5
KancCa00,Calijah Kancey,TB,ATL,2023,14,1.0,1.0,DE,0.79,edge,0.5,1.75,2.6,1,-1.5,41.5
AlShAz00,Azeez Al-Shaair,TEN,MIA,2023,14,0.0,0.0,LB,1.0,edge,0.2,0.2,1.6,0,-14.0,45.0
AutrDe00,Denico Autry,TEN,MIA,2023,14,0.0,1.0,DE,0.74,edge,0.8,1.6,1.6,0,-14.0,45.0
GibbJa00,Jack Gibbens,TEN,MIA,2023,14,0.0,0.0,LB,0.72,edge,0.2,0.2,1.6,0,-14.0,45.0
KeyxAr00,Arden Key,TEN,MIA,2023,14,1.0,1.0,LB,0.61,edge,0.3,1.2,1.6,0,-14.0,45.0
LandHa00,Harold Landry,TEN,MIA,2023,14,3.0,6.0,LB,0.71,edge,0.3,1.4,1.6,0,-14.0,45.0
GardDe01,Dennis Gardeck,ARI,SF,2023,15,0.0,0.0,LB,0.66,edge,,,2.4,0,-12.5,48.0
LedbJo01,Jonathan Ledbetter,ARI,SF,2023,15,0.0,0.0,DE,0.68,edge,0.1,0.8,2.4,0,-12.5,48.0
WoodJo02,Josh Woods,ARI,SF,2023,15,0.0,0.0,LB,0.96,edge,0.1,0.2,2.4,0,-12.5,48.0
CampCa99,Calais Campbell,ATL,CAR,2023,15,1.0,1.0,DE,0.62,edge,0.4,1.6,4.0,0,3.0,32.0
CartLo01,Lorenzo Carter,ATL,CAR,2023,15,0.0,1.0,LB,0.65,edge,0.1,1.0,4.0,0,3.0,32.0
ElliKa00,Kaden Elliss,ATL,CAR,2023,15,0.0,0.0,LB,1.0,edge,0.2,0.2,4.0,0,3.0,32.0
LandNa01,Nathan Landman,ATL,CAR,2023,15,0.0,0.0,LB,0.89,edge,0.4,0.6,4.0,0,3.0,32.0
LondLa00,LaCale London,ATL,CAR,2023,15,0.0,0.0,DT,0.61,interior,0.0,0.0,4.0,0,3.0,32.0
ClowJa00,Jadeveon Clowney,BAL,JAX,2023,15,0.0,0.0,LB,0.66,edge,0.3,1.6,2.8,0,4.0,42.5
MaduJu00,Justin Madubuike,BAL,JAX,2023,15,1.0,3.0,DT,0.71,interior,1.1,3.6,2.8,0,4.0,42.5
QueePa00,Patrick Queen,BAL,JAX,2023,15,0.0,0.0,LB,1.0,edge,0.0,0.4,2.8,0,4.0,42.5
SmitRo07,Roquan Smith,BAL,JAX,2023,15,0.0,0.0,LB,1.0,edge,0.0,0.2,2.8,0,4.0,42.5
VanNKy00,Kyle Van Noy,BAL,JAX,2023,15,0.0,0.0,LB,0.61,edge,0.4,1.0,2.8,0,4.0,42.5
BernTe00,Terrel Bernard,BUF,DAL,2023,15,0.0,0.0,LB,0.88,edge,0.3,1.0,2.4,0,2.0,49.5
RousGr00,Gregory Rousseau,BUF,DAL,2023,15,0.5,2.0,DE,0.68,edge,0.3,2.4,2.4,0,2.0,49.5
BurnBr00,Brian Burns,CAR,ATL,2023,15,0.0,1.0,LB,0.88,edge,0.2,1.2,2.0,0,-3.0,32.0
LuvuFr00,Frankie Luvu,CAR,ATL,2023,15,0.0,0.0,LB,1.0,edge,0.2,0.8,2.0,0,-3.0,32.0
EdmuTr01,Tremaine Edmunds,CHI,CLE,2023,15,0.0,0.0,LB,1.0,edge,0.0,0.0,2.4,0,-3.0,38.0
EdwaTJ02,T.J. Edwards,CHI,CLE,2023,15,0.5,1.0,LB,1.0,edge,0.0,0.4,2.4,0,-3.0,38.0
JoneJu03,Justin Jones,CHI,CLE,2023,15,0.0,1.0,DT,0.7,interior,0.5,1.6,2.4,0,-3.0,38.0
SweaMo00,Montez Sweat,CHI,CLE,2023,15,2.5,5.0,DE,0.7,edge,0.9,3.4,2.4,0,-3.0,38.0
WalkDe03,DeMarcus Walker,CHI,CLE,2023,15,0.5,2.0,DE,0.78,edge,0.3,1.4,2.4,0,-3.0,38.0
CartZa00,Zachary Carter,CIN,MIN,2023,15,0.0,1.0,DT,0.63,interior,,,2.8,0,3.0,41.5
HendTr00,Trey Hendrickson,CIN,MIN,2023,15,1.5,2.0,DE,0.6,edge,1.1,2.4,2.8,0,3.0,41.5
HillB.00,B.J. Hill,CIN,MIN,2023,15,0.0,1.0,DT,0.87,interior,0.2,1.2,2.8,0,3.0,41.5
HubbSa00,Sam Hubbard,CIN,MIN,2023,15,0.0,3.0,DE,0.79,edge,0.6,2.2,2.8,0,3.0,41.5
PratGe00,Germaine Pratt,CIN,MIN,2023,15,0.5,1.0,LB,0.94,edge,0.1,0.4,2.8,0,3.0,41.5
WilsLo00,Logan Wilson,CIN,MIN,2023,15,0.0,1.0,LB,1.0,edge,0.1,0.4,2.8,0,3.0,41.5
OwusJe00,Jeremiah Owusu-Koramoah,CLE,CHI,2023,15,1.0,1.0,LB,0.86,edge,0.3,0.6,2.0,0,3.0,38.0
TakiSi00,Sione Takitaki,CLE,CHI,2023,15,0.0,0.0,LB,0.97,edge,0.2,0.2,2.0,0,3.0,38.0
TomlDa00,Dalvin Tomlinson,CLE,CHI,2023,15,0.0,2.0,DT,0.63,interior,0.6,2.0,2.0,0,3.0,38.0
WrigAl01,Alex Wright,CLE,CHI,2023,15,1.0,1.0,DE,0.71,edge,0.0,0.0,2.0,0,3.0,38.0
ClarDa02,Damone Clark,DAL,BUF,2023,15,0.0,0.0,LB,0.93,edge,0.0,0.2,1.2,0,-2.0,49.5
ParsMi00,Micah Parsons,DAL,BUF,2023,15,0.0,2.0,LB,0.72,edge,1.0,2.0,1.2,0,-2.0,49.5
AlleZa01,Zach Allen,DEN,DET,2023,15,0.0,1.0,DE,0.73,edge,0.4,2.2,2.0,1,-5.5,49.0
BrowBa01,Baron Browning,DEN,DET,2023,15,0.0,1.0,LB,0.91,edge,0.3,0.8,2.0,1,-5.5,49.0
CoopJo02,Jonathon Cooper,DEN,DET,2023,15,1.0,2.0,LB,0.85,edge,0.2,1.0,2.0,1,-5.5,49.0
JeweJo00,Josey Jewell,DEN,DET,2023,15,0.0,0.0,LB,0.71,edge,0.4,0.8,2.0,1,-5.5,49.0
SingAl00,Alex Singleton,DEN,DET,2023,15,0.0,1.0,LB,1.0,edge,0.4,0.6,2.0,1,-5.5,49.0
AnzaAl00,Alex Anzalone,DET,DEN,2023,15,0.0,3.0,LB,1.0,edge,0.4,1.0,2.4,1,5.5,49.0
ComiJo00,John Cominsky,DET,DEN,2023,15,0.0,0.0,DE,0.72,edge,0.4,1.8,2.4,1,5.5,49.0
HutcAi00,Aidan Hutchinson,DET,DEN,2023,15,0.0,3.0,DE,0.92,edge,0.4,3.2,2.4,1,5.5,49.0
PascJo00,Josh Paschal,DET,DEN,2023,15,1.0,1.0,DE,0.67,edge,0.0,2.0,2.4,1,5.5,49.0
CampDe00,De'Vondre Campbell,GB,TB,2023,15,0.0,0.0,LB,0.98,edge,0.0,0.2,3.0,0,4.0,41.5
ClarKe01,Kenny Clark,GB,TB,2023,15,2.0,3.0,DE,0.71,edge,0.3,1.4,3.0,0,4.0,41.5
GaryRa00,Rashan Gary,GB,TB,2023,15,0.0,2.0,LB,0.6,edge,0.3,2.0,3.0,0,4.0,41.5
SmitPr00,Preston Smith,GB,TB,2023,15,0.0,0.0,LB,0.6,edge,0.7,1.8,3.0,0,4.0,41.5
WalkQu00,Quay Walker,GB,TB,2023,15,0.0,0.0,LB,0.82,edge,0.0,0.4,3.0,0,4.0,41.5
WyatDe00,Devonte Wyatt,GB,TB,2023,15,1.0,1.0,DE,0.6,edge,,,3.0,0,4.0,41.5
CollMa00,Maliek Collins,HOU,TEN,2023,15,1.5,2.0,DT,0.7,interior,0.6,2.4,2.8,0,-3.0,38.0
GreeJo04,Jonathan Greenard,HOU,TEN,2023,15,2.5,4.0,DE,0.76,edge,0.8,2.2,2.8,0,-3.0,38.0
HarrCh06,Christian Harris,HOU,TEN,2023,15,0.0,0.0,LB,0.95,edge,0.0,0.2,2.8,0,-3.0,38.0
PerrDe00,Denzel Perryman,HOU,TEN,2023,15,0.0,0.0,LB,0.92,edge,0.0,0.6,2.8,0,-3.0,38.0
RankSh00,Sheldon Rankins,HOU,TEN,2023,15,0.0,1.0,DT,0.67,interior,0.8,1.6,2.8,0,-3.0,38.0
BuckDe00,DeForest Buckner,IND,PIT,2023,15,0.5,2.0,DT,0.72,interior,0.5,2.6,1.6,1,1.5,41.5
FranZa00,Zaire Franklin,IND,PIT,2023,15,0.0,0.0,LB,0.97,edge,0.0,0.0,1.6,1,1.5,41.5
PayeKw00,Kwity Paye,IND,PIT,2023,15,0.0,0.0,DE,0.6,edge,0.5,1.4,1.6,1,1.5,41.5
SpeeEJ00,E.J. Speed,IND,PIT,2023,15,0.0,0.0,LB,0.9,edge,0.0,0.0,1.6,1,1.5,41.5
AlleJo03,Josh Allen,JAX,BAL,2023,15,0.0,2.0,LB,0.76,edge,0.9,2.4,2.2,0,-4.0,42.5
LloyDe00,Devin Lloyd,JAX,BAL,2023,15,0.0,0.0,LB,0.97,edge,0.0,0.0,2.2,0,-4.0,42.5
OluoFo00,Foyesade Oluokun,JAX,BAL,2023,15,0.0,1.0,LB,1.0,edge,0.5,0.8,2.2,0,-4.0,42.5
WalkTr03,Travon Walker,JAX,BAL,2023,15,1.0,1.0,LB,0.74,edge,0.3,1.8,2.2,0,-4.0,42.5
BoltNi00,Nick Bolton,KC,NE,2023,15,0.0,0.0,LB,0.81,edge,0.0,0.2,2.8,0,10.0,39.5
OmenCh00,Charles Omenihu,KC,NE,2023,15,1.0,1.0,DE,0.64,edge,0.5,1.4,2.8,0,10.0,39.5
HoecMi00,Michael Hoecht,LA,WAS,2023,15,0.0,0.0,LB,0.82,edge,0.2,1.0,3.4,1,6.5,48.5
JoneEr01,Ernest Jones,LA,WAS,2023,15,1.0,1.0,LB,0.88,edge,0.3,1.2,3.4,1,6.5,48.5
YounBy01,Byron Young,LA,WAS,2023,15,0.0,0.0,LB,0.8,edge,0.6,1.2,3.4,1,6.5,48.5
KendEr00,Eric Kendricks,LAC,LV,2023,15,1.0,1.0,LB,0.88,edge,0.4,0.6,2.0,1,-3.0,36.0
MackKh00,Khalil Mack,LAC,LV,2023,15,0.0,0.0,DE,0.8,edge,1.2,3.0,2.0,1,-3.0,36.0
MurrKe00,Kenneth Murray,LAC,LV,2023,15,0.0,0.0,LB,0.84,edge,0.2,0.4,2.0,1,-3.0,36.0
CrosMa00,Maxx Crosby,LV,LAC,2023,15,0.0,1.0,DE,0.6,edge,1.4,3.2,2.2,1,3.0,36.0
DeabDi00,Divine Deablo,LV,LAC,2023,15,0.0,0.0,LB,0.66,edge,0.0,0.0,2.2,1,3.0,36.0
SpilRo00,Robert Spillane,LV,LAC,2023,15,0.0,1.0,LB,0.66,edge,0.5,0.8,2.2,1,3.0,36.0
WilsTy01,Tyree Wilson,LV,LAC,2023,15,0.0,0.0,DE,0.69,edge,,,2.2,1,3.0,36.0
ChubBr00,Bradley Chubb,MIA,NYJ,2023,15,3.0,5.0,LB,0.71,edge,0.5,1.8,4.6,0,7.5,36.0
LongDa04,David Long,MIA,NYJ,2023,15,0.0,2.0,LB,0.93,edge,0.0,0.6,4.6,0,7.5,36.0
RileDu00,Duke Riley,MIA,NYJ,2023,15,0.5,1.0,LB,0.81,edge,0.0,0.0,4.6,0,7.5,36.0
SielZa00,Zach Sieler,MIA,NYJ,2023,15,1.0,2.0,DE,0.71,edge,0.5,1.8,4.6,0,7.5,36.0
VanGAn00,Andrew Van Ginkel,MIA,NYJ,2023,15,0.5,2.0,LB,0.88,edge,0.0,0.8,4.6,0,7.5,36.0
WilkCh00,Christian Wilkins,MIA,NYJ,2023,15,0.5,2.0,DE,0.72,edge,0.6,1.6,4.6,0,7.5,36.0
BullJo00,Jonathan Bullard,MIN,CIN,2023,15,1.0,1.0,DE,0.61,edge,0.0,1.0,3.0,0,-3.0,41.5
HuntDa01,Danielle Hunter,MIN,CIN,2023,15,2.0,5.0,LB,0.94,edge,0.7,2.6,3.0,0,-3.0,41.5
PaceIv00,Ivan Pace,MIN,CIN,2023,15,0.0,1.0,LB,1.0,edge,0.4,0.6,3.0,0,-3.0,41.5
PhilHa00,Harrison Phillips,MIN,CIN,2023,15,0.0,1.0,DT,0.77,interior,0.5,0.8,3.0,0,-3.0,41.5
WonnDJ00,D.J. Wonnum,MIN,CIN,2023,15,1.0,2.0,LB,0.94,edge,0.6,1.4,3.0,0,-3.0,41.5
BarmCh00,Christian Barmore,NE,KC,2023,15,1.0,1.0,DT,0.65,interior,0.5,1.8,1.6,0,-10.0,39.5
BentJa00,Ja'Whaun Bentley,NE,KC,2023,15,0.0,0.0,LB,0.94,edge,0.6,1.4,1.6,0,-10.0,39.5
GodcDa00,Davon Godchaux,NE,KC,2023,15,0.0,0.0,NT,0.62,interior,0.0,1.0,1.6,0,-10.0,39.5
JennAn00,Anfernee Jennings,NE,KC,2023,15,0.0,0.0,LB,0.6,edge,0.3,0.8,1.6,0,-10.0,39.5
TavaJa00,Jahlani Tavai,NE,KC,2023,15,0.0,0.0,LB,0.71,edge,0.0,0.0,1.6,0,-10.0,39.5
BresBr00,Bryan Bresee,NO,NYG,2023,15,2.0,2.0,DT,0.6,interior,,,5.6,1,6.0,39.5
DaviDe00,Demario Davis,NO,NYG,2023,15,1.0,1.0,LB,1.0,edge,0.7,1.4,5.6,1,6.0,39.5
GranCa01,Carl Granderson,NO,NYG,2023,15,1.0,2.0,DE,0.82,edge,0.4,2.4,5.6,1,6.0,39.5
WernPe00,Pete Werner,NO,NYG,2023,15,0.0,0.0,LB,0.73,edge,0.0,0.0,5.6,1,6.0,39.5
McFaMi01,Micah McFadden,NYG,NO,2023,15,0.0,0.0,LB,0.77,edge,0.1,0.4,1.4,1,-6.0,39.5
NuneRa00,Rakeem Nunez-Roches,NYG,NO,2023,15,0.0,0.0,NT,0.6,interior,,,1.4,1,-6.0,39.5
OjulAz00,Azeez Ojulari,NYG,NO,2023,15,0.0,1.0,DE,0.69,edge,0.6,2.4,1.4,1,-6.0,39.5
OkerBo00,Bobby Okereke,NYG,NO,2023,15,0.0,1.0,LB,1.0,edge,0.0,0.4,1.4,1,-6.0,39.5
ThibKa00,Kayvon Thibodeaux,NYG,NO,2023,15,0.0,0.0,LB,0.9,edge,1.2,3.4,1.4,1,-6.0,39.5
JohnJe07,Jermaine Johnson II,NYJ,MIA,2023,15,0.0,1.0,LB,0.69,edge,0.8,2.2,2.2,0,-7.5,36.0
MoslC.00,C.J. Mosley,NYJ,MIA,2023,15,0.0,0.0,LB,0.95,edge,0.0,0.0,2.2,0,-7.5,36.0
ThomSo00,Solomon Thomas,NYJ,MIA,2023,15,1.0,1.0,DT,0.66,interior,,,2.2,0,-7.5,36.0
WillQu00,Quinnen Williams,NYJ,MIA,2023,15,0.5,2.0,NT,0.66,interior,0.5,1.8,2.2,0,-7.5,36.0
WillQu01,Quincy Williams,NYJ,MIA,2023,15,0.0,0.0,LB,0.84,edge,0.0,0.0,2.2,0,-7.5,36.0
CoxxFl00,Fletcher Cox,PHI,SEA,2023,15,1.0,2.0,DT,0.72,interior,0.4,2.0,2.8,0,5.0,46.0
MorrNi00,Nicholas Morrow,PHI,SEA,2023,15,0.0,0.0,LB,1.0,edge,0.0,0.2,2.8,0,5.0,46.0
ReddHa00,Haason Reddick,PHI,SEA,2023,15,0.0,0.0,LB,0.84,edge,1.0,3.0,2.8,0,5.0,46.0
SweaJo00,Josh Sweat,PHI,SEA,2023,15,0.0,1.0,DE,0.75,edge,0.2,2.2,2.8,0,5.0,46.0
HeywCa01,Cameron Heyward,PIT,IND,2023,15,0.0,0.0,DT,0.75,interior,1.2,1.8,1.8,1,-1.5,41.5
HighAl02,Alex Highsmith,PIT,IND,2023,15,0.0,0.0,LB,0.78,edge,0.8,2.2,1.8,1,-1.5,41.5
RobeEl00,Elandon Roberts,PIT,IND,2023,15,0.0,2.0,LB,1.0,edge,0.2,0.6,1.8,1,-1.5,41.5
WattT.00,T.J. Watt,PIT,IND,2023,15,2.0,2.0,LB,0.7,edge,0.9,2.2,1.8,1,-1.5,41.5
BrooJo01,Jordyn Brooks,SEA,PHI,2023,15,0.0,0.0,LB,0.91,edge,0.2,0.8,2.8,0,-5.0,46.0
JoneDr00,Dre'Mont Jones,SEA,PHI,2023,15,0.0,2.0,DE,0.8,edge,0.4,1.8,2.8,0,-5.0,46.0
MafeBo00,Boye Mafe,SEA,PHI,2023,15,0.0,1.0,LB,0.8,edge,0.4,1.8,2.8,0,-5.0,46.0
ReedJa02,Jarran Reed,SEA,PHI,2023,15,0.0,0.0,NT,0.78,interior,0.4,1.2,2.8,0,-5.0,46.0
WagnBo00,Bobby Wagner,SEA,PHI,2023,15,0.0,0.0,LB,1.0,edge,0.1,0.4,2.8,0,-5.0,46.0
WillLe02,Leonard Williams,SEA,PHI,2023,15,0.0,1.0,DT,0.74,interior,0.8,2.0,2.8,0,-5.0,46.0
BosaNi00,Nick Bosa,SF,ARI,2023,15,1.0,2.0,DE,0.64,edge,1.2,2.6,3.4,0,12.5,48.0
GreeDr00,Dre Greenlaw,SF,ARI,2023,15,0.0,0.0,LB,0.84,edge,0.1,0.6,3.4,0,12.5,48.0
KinlJa00,Javon Kinlaw,SF,ARI,2023,15,1.0,1.0,DT,0.61,interior,0.0,1.0,3.4,0,12.5,48.0
WarnFr00,Fred Warner,SF,ARI,2023,15,0.5,1.0,LB,0.84,edge,0.1,0.8,3.4,0,12.5,48.0
BritKJ00,K.J. Britt,TB,GB,2023,15,0.0,0.0,LB,0.92,edge,0.0,0.0,2.4,0,-4.0,41.5
DaviLa00,Lavonte David,TB,GB,2023,15,0.5,2.0,LB,1.0,edge,0.2,0.2,2.4,0,-4.0,41.5
DiabYa00,YaYa Diaby,TB,GB,2023,15,0.0,1.0,LB,0.6,edge,0.5,0.5,2.4,0,-4.0,41.5
AlShAz00,Azeez Al-Shaair,TEN,HOU,2023,15,0.0,1.0,LB,0.97,edge,0.2,0.2,3.6,0,3.0,38.0
AutrDe00,Denico Autry,TEN,HOU,2023,15,2.0,2.0,DE,0.69,edge,0.8,1.6,3.6,0,3.0,38.0
GibbJa00,Jack Gibbens,TEN,HOU,2023,15,0.0,0.0,LB,0.7,edge,0.2,0.2,3.6,0,3.0,38.0
KeyxAr00,Arden Key,TEN,HOU,2023,15,0.0,1.0,LB,0.62,edge,0.5,1.2,3.6,0,3.0,38.0
LandHa00,Harold Landry,TEN,HOU,2023,15,0.0,1.0,LB,0.81,edge,0.9,2.4,3.6,0,3.0,38.0
AlleJo01,Jonathan Allen,WAS,LA,2023,15,0.0,1.0,DT,0.8,interior,0.5,1.8,0.8,1,-6.5,48.5
BartCo00,Cody Barton,WAS,LA,2023,15,0.0,0.0,LB,1.0,edge,0.0,0.6,0.8,1,-6.5,48.5
HudsKh00,Khaleke Hudson,WAS,LA,2023,15,0.0,0.0,LB,0.85,edge,0.0,1.0,0.8,1,-6.5,48.5
PaynDa00,Daron Payne,WAS,LA,2023,15,2.0,3.0,DT,0.72,interior,0.2,0.6,0.8,1,-6.5,48.5
ToohCa00,Casey Toohill,WAS,LA,2023,15,0.0,0.0,DE,0.8,edge,0.3333333333333333,1.0,0.8,1,-6.5,48.5
BarnKr00,Krys Barnes,ARI,CHI,2023,16,0.0,0.0,LB,0.99,edge,0.2,0.2,2.2,0,-4.5,42.0
StilDa01,Dante Stills,ARI,CHI,2023,16,0.0,0.0,DE,0.63,edge,0.5,0.5,2.2,0,-4.5,42.0
DuprAl00,Bud Dupree,ATL,IND,2023,16,0.0,1.0,LB,0.75,edge,0.6,1.4,2.2,1,3.0,44.0
ElliKa00,Kaden Elliss,ATL,IND,2023,16,1.0,1.0,LB,1.0,edge,0.2,0.2,2.2,1,3.0,44.0
LandNa01,Nathan Landman,ATL,IND,2023,16,0.0,0.0,LB,1.0,edge,0.4,0.6,2.2,1,3.0,44.0
MaduJu00,Justin Madubuike,BAL,SF,2023,16,0.0,1.0,DT,0.69,interior,0.9,3.4,2.0,0,-6.5,47.5
QueePa00,Patrick Queen,BAL,SF,2023,16,0.0,2.0,LB,1.0,edge,0.0,0.4,2.0,0,-6.5,47.5
SmitRo07,Roquan Smith,BAL,SF,2023,16,0.0,1.0,LB,0.97,edge,0.0,0.2,2.0,0,-6.5,47.5
VanNKy00,Kyle Van Noy,BAL,SF,2023,16,1.0,1.0,LB,0.64,edge,0.2,0.8,2.0,0,-6.5,47.5
BernTe00,Terrel Bernard,BUF,LAC,2023,16,1.0,1.0,LB,0.96,edge,0.3,0.8,2.8,1,13.0,44.5
OlivEd00,Ed Oliver,BUF,LAC,2023,16,2.0,2.0,DT,0.76,interior,0.8,1.6,2.8,1,13.0,44.5
BurnBr00,Brian Burns,CAR,GB,2023,16,0.0,0.0,LB,0.95,edge,0.2,1.2,2.0,0,-3.5,39.5
GrosYe00,Yetur Gross-Matos,CAR,GB,2023,16,0.0,0.0,LB,0.83,edge,0.4,1.6,2.0,0,-3.5,39.5
LuvuFr00,Frankie Luvu,CAR,GB,2023,16,1.0,1.0,LB,0.98,edge,0.2,0.8,2.0,0,-3.5,39.5
EdmuTr01,Tremaine Edmunds,CHI,ARI,2023,16,0.0,0.0,LB,1.0,edge,0.0,0.0,2.6,0,4.5,42.0
EdwaTJ02,T.J. Edwards,CHI,ARI,2023,16,0.0,1.0,LB,1.0,edge,0.1,0.4,2.6,0,4.5,42.0
JoneJu03,Justin Jones,CHI,ARI,2023,16,1.0,3.0,DT,0.7,interior,0.5,1.6,2.6,0,4.5,42.0
WalkDe03,DeMarcus Walker,CHI,ARI,2023,16,0.0,2.0,DE,0.77,edge,0.2,1.2,2.6,0,4.5,42.0
CartZa00,Zachary Carter,CIN,PIT,2023,16,0.0,0.0,DT,0.73,interior,0.0,1.0,2.2,0,3.0,39.5
HillB.00,B.J. Hill,CIN,PIT,2023,16,0.0,1.0,DT,0.73,interior,0.0,1.0,2.2,0,3.0,39.5
PratGe00,Germaine Pratt,CIN,PIT,2023,16,0.0,1.0,LB,0.93,edge,0.2,0.6,2.2,0,3.0,39.5
WilsLo00,Logan Wilson,CIN,PIT,2023,16,0.0,0.0,LB,1.0,edge,0.0,0.4,2.2,0,3.0,39.5
OwusJe00,Jeremiah Owusu-Koramoah,CLE,HOU,2023,16,0.0,0.0,LB,0.72,edge,0.4,0.6,4.2,1,3.0,40.0
TakiSi00,Sione Takitaki,CLE,HOU,2023,16,0.0,0.0,LB,0.64,edge,0.2,0.2,4.2,1,3.0,40.0
WrigAl01,Alex Wright,CLE,HOU,2023,16,1.0,1.0,DE,0.63,edge,0.5,0.5,4.2,1,3.0,40.0
ClarDa02,Damone Clark,DAL,MIA,2023,16,0.0,0.0,LB,0.66,edge,0.0,0.2,2.2,0,-1.5,48.5
LawrDe00,DeMarcus Lawrence,DAL,MIA,2023,16,0.0,1.0,DE,0.82,edge,0.4,2.0,2.2,0,-1.5,48.5
OdigOs00,Osa Odighizuwa,DAL,MIA,2023,16,0.0,1.0,DT,0.75,interior,0.2,0.8,2.2,0,-1.5,48.5
ParsMi00,Micah Parsons,DAL,MIA,2023,16,0.5,3.0,LB,0.91,edge,1.0,2.2,2.2,0,-1.5,48.5
AlleZa01,Zach Allen,DEN,NE,2023,16,0.0,2.0,DE,0.78,edge,0.4,2.0,3.6,0,7.0,37.5
BrowBa01,Baron Browning,DEN,NE,2023,16,0.0,0.0,LB,0.67,edge,0.3,1.0,3.6,0,7.0,37.5
CoopJo02,Jonathon Cooper,DEN,NE,2023,16,1.0,1.0,LB,0.78,edge,0.4,1.4,3.6,0,7.0,37.5
JeweJo00,Josey Jewell,DEN,NE,2023,16,0.0,0.0,LB,0.78,edge,0.4,0.6,3.6,0,7.0,37.5
JoneD.01,D.J. Jones,DEN,NE,2023,16,1.0,1.0,NT,0.67,interior,0.2,0.8,3.6,0,7.0,37.5
SingAl00,Alex Singleton,DEN,NE,2023,16,0.0,1.0,LB,1.0,edge,0.4,0.8,3.6,0,7.0,37.5
AnzaAl00,Alex Anzalone,DET,MIN,2023,16,0.0,2.0,LB,1.0,edge,0.4,1.6,2.6,1,2.5,47.5
CampJa04,Jack Campbell,DET,MIN,2023,16,0.0,0.0,LB,0.85,edge,0.0,0.0,2.6,1,2.5,47.5
HutcAi00,Aidan Hutchinson,DET,MIN,2023,16,0.0,5.0,DE,0.98,edge,0.4,3.0,2.6,1,2.5,47.5
ClarKe01,Kenny Clark,GB,CAR,2023,16,0.0,1.0,DE,0.8,edge,0.5,1.6,4.0,0,3.5,39.5
GaryRa00,Rashan Gary,GB,CAR,2023,16,0.0,2.0,LB,0.62,edge,0.3,2.0,4.0,0,3.5,39.5
McDuIs00,Isaiah McDuffie,GB,CAR,2023,16,0.0,0.0,LB,0.76,edge,0.0,0.4,4.0,0,3.5,39.5
SmitPr00,Preston Smith,GB,CAR,2023,16,1.5,3.0,LB,0.62,edge,0.3,1.0,4.0,0,3.5,39.5
WalkQu00,Quay Walker,GB,CAR,2023,16,0.5,1.0,LB,1.0,edge,0.0,0.4,4.0,0,3.5,39.5
BarnDe01,Derek Barnett,HOU,CLE,2023,16,0.0,3.0,DE,0.73,edge,,,2.4,1,-3.0,40.0
HarrCh06,Christian Harris,HOU,CLE,2023,16,0.0,0.0,LB,0.99,edge,0.0,0.2,2.4,1,-3.0,40.0
HughJe99,Jerry Hughes,HOU,CLE,2023,16,1.0,1.0,DE,0.72,edge,1.75,2.5,2.4,1,-3.0,40.0
PerrDe00,Denzel Perryman,HOU,CLE,2023,16,0.0,0.0,LB,0.98,edge,0.0,0.4,2.4,1,-3.0,40.0
BuckDe00,DeForest Buckner,IND,ATL,2023,16,0.0,1.0,DT,0.73,interior,0.6,2.4,1.8,1,-3.0,44.0
FranZa00,Zaire Franklin,IND,ATL,2023,16,0.0,0.0,LB,1.0,edge,0.0,0.0,1.8,1,-3.0,44.0
SpeeEJ00,E.J. Speed,IND,ATL,2023,16,0.0,0.0,LB,0.95,edge,0.0,0.0,1.8,1,-3.0,44.0
StewGr00,Grover Stewart,IND,ATL,2023,16,0.0,1.0,DT,0.61,interior,0.2,1.0,1.8,1,-3.0,44.0
AlleJo03,Josh Allen,JAX,TB,2023,16,0.0,1.0,LB,0.8,edge,0.9,2.6,3.4,0,2.0,43.0
LloyDe00,Devin Lloyd,JAX,TB,2023,16,0.0,1.0,LB,1.0,edge,0.0,0.0,3.4,0,2.0,43.0
OluoFo00,Foyesade Oluokun,JAX,TB,2023,16,0.0,1.0,LB,1.0,edge,0.1,0.6,3.4,0,2.0,43.0
WalkTr03,Travon Walker,JAX,TB,2023,16,1.0,1.0,LB,0.76,edge,0.5,1.6,3.4,0,2.0,43.0
BoltNi00,Nick Bolton,KC,LV,2023,16,0.0,0.0,LB,0.91,edge,0.0,0.2,2.2,0,11.0,40.5
ChenLe00,Leo Chenal,KC,LV,2023,16,0.0,1.0,LB,0.6,edge,0.5,1.5,2.2,0,11.0,40.5
JoneCh09,Chris Jones,KC,LV,2023,16,1.0,3.0,DT,0.78,interior,0.4,2.8,2.2,0,11.0,40.5
KarlGe00,George Karlaftis III,KC,LV,2023,16,0.0,1.0,DE,0.71,edge,0.6,2.2,2.2,0,11.0,40.5
DonaAa00,Aaron Donald,LA,NO,2023,16,0.0,1.0,DT,0.88,interior,0.7,2.4,1.6,1,4.0,45.5
HoecMi00,Michael Hoecht,LA,NO,2023,16,0.0,1.0,LB,0.85,edge,0.2,0.6,1.6,1,4.0,45.5
JoneEr01,Ernest Jones,LA,NO,2023,16,1.0,1.0,LB,1.0,edge,0.5,1.4,1.6,1,4.0,45.5
TurnKo00,Kobie Turner,LA,NO,2023,16,1.0,1.0,NT,0.6,interior,0.375,1.0,1.6,1,4.0,45.5
YounBy01,Byron Young,LA,NO,2023,16,0.0,0.0,LB,0.82,edge,0.2,0.8,1.6,1,4.0,45.5
KendEr00,Eric Kendricks,LAC,BUF,2023,16,0.5,1.0,LB,0.84,edge,0.6,0.8,1.2,1,-13.0,44.5
TuipTu00,Tuli Tuipulotu,LAC,BUF,2023,16,0.5,1.0,DE,0.96,edge,0.4,1.8,1.2,1,-13.0,44.5
CrosMa00,Maxx Crosby,LV,KC,2023,16,0.0,2.0,DE,1.0,edge,0.8,2.6,1.8,0,-11.0,40.5
DeabDi00,Divine Deablo,LV,KC,2023,16,0.0,1.0,LB,0.87,edge,0.0,0.0,1.8,0,-11.0,40.5
KoonMa00,Malcolm Koonce,LV,KC,2023,16,3.0,5.0,DE,0.66,edge,0.0,2.0,1.8,0,-11.0,40.5
SpilRo00,Robert Spillane,LV,KC,2023,16,0.0,0.0,LB,1.0,edge,0.4,0.8,1.8,0,-11.0,40.5
ChubBr00,Bradley Chubb,MIA,DAL,2023,16,1.5,4.0,LB,0.8,edge,0.9,2.4,2.0,0,1.5,48.5
LongDa04,David Long,MIA,DAL,2023,16,0.0,1.0,LB,0.92,edge,0.0,0.8,2.0,0,1.5,48.5
RileDu00,Duke Riley,MIA,DAL,2023,16,0.0,2.0,LB,1.0,edge,0.25,0.5,2.0,0,1.5,48.5
SielZa00,Zach Sieler,MIA,DAL,2023,16,1.0,3.0,DE,0.85,edge,0.5,2.0,2.0,0,1.5,48.5
VanGAn00,Andrew Van Ginkel,MIA,DAL,2023,16,1.5,4.0,LB,0.82,edge,0.1,1.0,2.0,0,1.5,48.5
WilkCh00,Christian Wilkins,MIA,DAL,2023,16,0.0,1.0,DE,0.92,edge,0.7,1.6,2.0,0,1.5,48.5
HickJo00,Jordan Hicks,MIN,DET,2023,16,0.0,1.0,LB,1.0,edge,0.2,0.6,2.4,1,-2.5,47.5
HuntDa01,Danielle Hunter,MIN,DET,2023,16,0.0,3.0,LB,0.94,edge,1.1,3.6,2.4,1,-2.5,47.5
JonePa00,Patrick Jones II,MIN,DET,2023,16,1.0,2.0,LB,0.69,edge,1.0,2.0,2.4,1,-2.5,47.5
PhilHa00,Harrison Phillips,MIN,DET,2023,16,0.0,0.0,DT,0.74,interior,0.5,1.0,2.4,1,-2.5,47.5
WonnDJ00,D.J. Wonnum,MIN,DET,2023,16,0.0,0.0,LB,0.76,edge,0.8,1.6,2.4,1,-2.5,47.5
BarmCh00,Christian Barmore,NE,DEN,2023,16,3.0,3.0,DT,0.87,interior,0.5,1.8,2.0,0,-7.0,37.5
BentJa00,Ja'Whaun Bentley,NE,DEN,2023,16,0.0,0.0,LB,0.99,edge,0.6,0.8,2.0,0,-7.0,37.5
TavaJa00,Jahlani Tavai,NE,DEN,2023,16,0.0,1.0,LB,0.8,edge,0.0,0.0,2.0,0,-7.0,37.5
DaviDe00,Demario Davis,NO,LA,2023,16,0.0,0.0,LB,0.96,edge,0.7,1.2,1.2,1,-4.0,45.5
GranCa01,Carl Granderson,NO,LA,2023,16,1.0,2.0,DE,0.79,edge,0.4,2.0,1.2,1,-4.0,45.5
JordCa00,Cameron Jordan,NO,LA,2023,16,0.0,0.0,DE,0.7,edge,0.3,1.6,1.2,1,-4.0,45.5
SaunKh00,Khalen Saunders,NO,LA,2023,16,0.0,0.0,DT,0.7,interior,0.0,0.0,1.2,1,-4.0,45.5
ShepNa00,Nathan Shepherd,NO,LA,2023,16,0.0,1.0,DT,0.64,interior,,,1.2,1,-4.0,45.5
WernPe00,Pete Werner,NO,LA,2023,16,0.0,0.0,LB,0.87,edge,0.0,0.0,1.2,1,-4.0,45.5
McFaMi01,Micah McFadden,NYG,PHI,2023,16,0.0,1.0,LB,0.68,edge,0.1,0.2,2.2,0,-14.0,41.0
OjulAz00,Azeez Ojulari,NYG,PHI,2023,16,0.0,2.0,DE,0.76,edge,0.2,2.2,2.2,0,-14.0,41.0
OkerBo00,Bobby Okereke,NYG,PHI,2023,16,0.0,0.0,LB,1.0,edge,0.0,0.6,2.2,0,-14.0,41.0
ThibKa00,Kayvon Thibodeaux,NYG,PHI,2023,16,0.0,2.0,LB,0.88,edge,0.6,2.4,2.2,0,-14.0,41.0
JohnJe07,Jermaine Johnson II,NYJ,WAS,2023,16,0.0,2.0,LB,0.69,edge,0.4,1.6,3.0,0,3.0,36.5
MoslC.00,C.J. Mosley,NYJ,WAS,2023,16,0.0,0.0,LB,1.0,edge,0.0,0.0,3.0,0,3.0,36.5
WillQu01,Quincy Williams,NYJ,WAS,2023,16,0.0,0.0,LB,0.93,edge,0.0,0.0,3.0,0,3.0,36.5
CoxxFl00,Fletcher Cox,PHI,NYG,2023,16,0.0,1.0,DT,0.73,interior,0.5,2.2,5.4,0,14.0,41.0
LeonDa00,Shaquille Leonard,PHI,NYG,2023,16,1.0,1.0,LB,0.86,edge,0.0,0.0,5.4,0,14.0,41.0
ReddHa00,Haason Reddick,PHI,NYG,2023,16,0.0,5.0,LB,0.84,edge,0.8,2.0,5.4,0,14.0,41.0
HeywCa01,Cameron Heyward,PIT,CIN,2023,16,0.0,1.0,DT,0.61,interior,0.8,1.4,3.2,0,-3.0,39.5
HighAl02,Alex Highsmith,PIT,CIN,2023,16,1.0,2.0,LB,0.73,edge,0.7,1.8,3.2,0,-3.0,39.5
JackMy00,Myles Jack,PIT,CIN,2023,16,1.0,2.0,LB,0.73,edge,0.0,0.0,3.2,0,-3.0,39.5
WattT.00,T.J. Watt,PIT,CIN,2023,16,1.0,5.0,LB,0.7,edge,1.1,2.2,3.2,0,-3.0,39.5
BushDe01,Devin Bush Jr.,SEA,TEN,2023,16,0.0,0.0,LB,0.61,edge,0.0,0.2,3.4,0,3.0,42.0
JoneDr00,Dre'Mont Jones,SEA,TEN,2023,16,1.0,3.0,DE,0.71,edge,0.2,1.8,3.4,0,3.0,42.0
MafeBo00,Boye Mafe,SEA,TEN,2023,16,2.0,5.0,LB,0.82,edge,0.2,1.2,3.4,0,3.0,42.0
ReedJa02,Jarran Reed,SEA,TEN,2023,16,1.0,2.0,NT,0.8,interior,0.4,1.0,3.4,0,3.0,42.0
WagnBo00,Bobby Wagner,SEA,TEN,2023,16,1.0,1.0,LB,1.0,edge,0.1,0.4,3.4,0,3.0,42.0
GreeDr00,Dre Greenlaw,SF,BAL,2023,16,0.0,0.0,LB,1.0,edge,0.1,0.2,2.6,0,6.5,47.5
HargJa00,Javon Hargrave,SF,BAL,2023,16,1.0,1.0,DT,0.66,interior,0.8,1.8,2.6,0,6.5,47.5
WarnFr00,Fred Warner,SF,BAL,2023,16,0.0,0.0,LB,1.0,edge,0.2,0.8,2.6,0,6.5,47.5
DaviLa00,Lavonte David,TB,JAX,2023,16,1.0,1.0,LB,1.0,edge,0.3,0.6,2.0,0,-2.0,43.0
WhitDe02,Devin White,TB,JAX,2023,16,0.5,2.0,LB,0.95,edge,0.4,1.4,2.0,0,-2.0,43.0
AlShAz00,Azeez Al-Shaair,TEN,SEA,2023,16,0.0,0.0,LB,1.0,edge,0.2,0.4,3.0,0,-3.0,42.0
AutrDe00,Denico Autry,TEN,SEA,2023,16,0.5,4.0,DE,0.81,edge,1.0,1.8,3.0,0,-3.0,42.0
DaviMa01,Marlon Davidson,TEN,SEA,2023,16,0.0,1.0,DT,0.77,interior,,,3.0,0,-3.0,42.0
KeyxAr00,Arden Key,TEN,SEA,2023,16,1.0,2.0,LB,0.71,edge,0.5,1.2,3.0,0,-3.0,42.0
LandHa00,Harold Landry,TEN,SEA,2023,16,1.0,1.0,LB,0.76,edge,0.7,2.2,3.0,0,-3.0,42.0
AlleJo01,Jonathan Allen,WAS,NYJ,2023,16,0.0,3.0,DT,0.73,interior,0.5,1.4,5.4,0,-3.0,36.5
BartCo00,Cody Barton,WAS,NYJ,2023,16,0.0,0.0,LB,1.0,edge,0.0,0.6,5.4,0,-3.0,36.5
HudsKh00,Khaleke Hudson,WAS,NYJ,2023,16,0.0,0.0,LB,0.92,edge,0.0,0.5,5.4,0,-3.0,36.5
PaynDa00,Daron Payne,WAS,NYJ,2023,16,0.0,0.0,DT,0.78,interior,0.6,1.2,5.4,0,-3.0,36.5
ToohCa00,Casey Toohill,WAS,NYJ,2023,16,0.0,0.0,DE,0.67,edge,0.25,0.75,5.4,0,-3.0,36.5
BarnKr00,Krys Barnes,ARI,PHI,2023,17,0.0,1.0,LB,1.0,edge,0.0,0.0,1.4,0,-12.0,48.0
CollZa00,Zaven Collins,ARI,PHI,2023,17,0.0,1.0,LB,0.63,edge,0.2,0.6,1.4,0,-12.0,48.0
OjulBJ00,BJ Ojulari,ARI,PHI,2023,17,0.0,0.0,LB,0.65,edge,,,1.4,0,-12.0,48.0
PappOw00,Owen Pappoe,ARI,PHI,2023,17,0.0,0.0,LB,0.76,edge,,,1.4,0,-12.0,48.0
CampCa99,Calais Campbell,ATL,CHI,2023,17,0.0,3.0,DE,0.65,edge,0.4,1.2,2.4,0,-3.0,39.0
DuprAl00,Bud Dupree,ATL,CHI,2023,17,0.5,2.0,LB,0.64,edge,0.6,1.6,2.4,0,-3.0,39.0
ElliKa00,Kaden Elliss,ATL,CHI,2023,17,1.0,2.0,LB,1.0,edge,0.2,0.2,2.4,0,-3.0,39.0
LandNa01,Nathan Landman,ATL,CHI,2023,17,0.0,0.0,LB,0.81,edge,0.4,0.4,2.4,0,-3.0,39.0
OnyeDa00,David Onyemata,ATL,CHI,2023,17,0.5,1.0,DT,0.66,interior,0.5,2.0,2.4,0,-3.0,39.0
MaduJu00,Justin Madubuike,BAL,MIA,2023,17,1.0,1.0,DT,0.65,interior,0.7,2.8,2.2,0,3.0,47.0
QueePa00,Patrick Queen,BAL,MIA,2023,17,0.0,0.0,LB,0.93,edge,0.0,0.8,2.2,0,3.0,47.0
SmitRo07,Roquan Smith,BAL,MIA,2023,17,0.0,1.0,LB,0.93,edge,0.0,0.4,2.2,0,3.0,47.0
BernTe00,Terrel Bernard,BUF,NE,2023,17,2.0,3.0,LB,1.0,edge,0.3,0.8,3.0,0,15.0,40.0
DodsTy01,Tyrel Dodson,BUF,NE,2023,17,0.0,0.0,LB,0.87,edge,0.2,0.8,3.0,0,15.0,40.0
OlivEd00,Ed Oliver,BUF,NE,2023,17,1.0,1.0,DT,0.68,interior,0.9,1.6,3.0,0,15.0,40.0
RousGr00,Gregory Rousseau,BUF,NE,2023,17,0.0,2.0,DE,0.6,edge,0.2,2.4,3.0,0,15.0,40.0
BrowDe05,Derrick Brown,CAR,JAX,2023,17,0.0,0.0,DT,0.89,interior,0.0,1.4,2.6,0,-3.5,38.0
BurnBr00,Brian Burns,CAR,JAX,2023,17,1.0,2.0,LB,0.86,edge,0.2,0.6,2.6,0,-3.5,38.0
GrosYe00,Yetur Gross-Matos,CAR,JAX,2023,17,1.0,2.0,LB,0.83,edge,0.4,1.4,2.6,0,-3.5,38.0
LuvuFr00,Frankie Luvu,CAR,JAX,2023,17,0.0,1.0,LB,0.83,edge,0.4,0.8,2.6,0,-3.5,38.0
EdmuTr01,Tremaine Edmunds,CHI,ATL,2023,17,0.0,0.0,LB,0.97,edge,0.0,0.0,1.4,0,3.0,39.0
EdwaTJ02,T.J. Edwards,CHI,ATL,2023,17,0.0,1.0,LB,0.98,edge,0.1,0.6,1.4,0,3.0,39.0
JoneJu03,Justin Jones,CHI,ATL,2023,17,0.0,1.0,DT,0.76,interior,0.5,1.6,1.4,0,3.0,39.0
SweaMo00,Montez Sweat,CHI,ATL,2023,17,0.0,1.0,DE,0.69,edge,1.2,4.0,1.4,0,3.0,39.0
WalkDe03,DeMarcus Walker,CHI,ATL,2023,17,0.5,3.0,DE,0.63,edge,0.1,1.4,1.4,0,3.0,39.0
HendTr00,Trey Hendrickson,CIN,KC,2023,17,1.0,2.0,DE,0.72,edge,1.3,2.0,2.4,0,-7.5,46.0
HillB.00,B.J. Hill,CIN,KC,2023,17,0.0,2.0,DT,0.78,interior,0.0,1.0,2.4,0,-7.5,46.0
PratGe00,Germaine Pratt,CIN,KC,2023,17,0.0,0.0,LB,0.91,edge,0.2,0.8,2.4,0,-7.5,46.0
WilsLo00,Logan Wilson,CIN,KC,2023,17,0.0,0.0,LB,1.0,edge,0.0,0.2,2.4,0,-7.5,46.0
GarrMy00,Myles Garrett,CLE,NYJ,2023,17,1.0,5.0,DE,0.9,edge,0.7,2.0,4.2,0,6.5,33.5
OwusJe00,Jeremiah Owusu-Koramoah,CLE,NYJ,2023,17,0.0,0.0,LB,0.97,edge,0.4,0.6,4.2,0,6.5,33.5
SmitZa00,Za'Darius Smith,CLE,NYJ,2023,17,0.0,0.0,DE,0.62,edge,0.4,1.8,4.2,0,6.5,33.5
TakiSi00,Sione Takitaki,CLE,NYJ,2023,17,0.0,0.0,LB,0.92,edge,0.2,0.2,4.2,0,6.5,33.5
TomlDa00,Dalvin Tomlinson,CLE,NYJ,2023,17,0.0,0.0,DT,0.63,interior,0.5,2.2,4.2,0,6.5,33.5
ClarDa02,Damone Clark,DAL,DET,2023,17,0.0,0.0,LB,0.71,edge,0.0,0.2,2.2,1,5.5,53.0
LawrDe00,DeMarcus Lawrence,DAL,DET,2023,17,0.0,1.0,DE,0.74,edge,0.2,1.8,2.2,1,5.5,53.0
OdigOs00,Osa Odighizuwa,DAL,DET,2023,17,0.0,2.0,DT,0.65,interior,0.0,0.8,2.2,1,5.5,53.0
ParsMi00,Micah Parsons,DAL,DET,2023,17,0.0,3.0,LB,0.97,edge,0.6,2.2,2.2,1,5.5,53.0
AlleZa01,Zach Allen,DEN,LAC,2023,17,0.0,1.0,DE,0.74,edge,0.4,2.0,3.4,0,3.5,39.5
BoniNi00,Nik Bonitto,DEN,LAC,2023,17,0.0,0.0,LB,0.62,edge,0.9,1.6,3.4,0,3.5,39.5
CoopJo02,Jonathon Cooper,DEN,LAC,2023,17,1.0,1.0,LB,0.69,edge,0.4,1.4,3.4,0,3.5,39.5
JeweJo00,Josey Jewell,DEN,LAC,2023,17,0.0,0.0,LB,0.83,edge,0.4,0.4,3.4,0,3.5,39.5
SingAl00,Alex Singleton,DEN,LAC,2023,17,0.0,0.0,LB,1.0,edge,0.4,0.8,3.4,0,3.5,39.5
AnzaAl00,Alex Anzalone,DET,DAL,2023,17,0.0,1.0,LB,1.0,edge,0.0,1.6,2.8,1,-5.5,53.0
BarnDe02,Derrick Barnes,DET,DAL,2023,17,0.0,3.0,LB,0.71,edge,0.0,0.2,2.8,1,-5.5,53.0
CampJa04,Jack Campbell,DET,DAL,2023,17,0.0,1.0,LB,0.62,edge,0.0,0.0,2.8,1,-5.5,53.0
HutcAi00,Aidan Hutchinson,DET,DAL,2023,17,3.0,6.0,DE,0.88,edge,0.4,3.2,2.8,1,-5.5,53.0
ClarKe01,Kenny Clark,GB,MIN,2023,17,0.0,1.0,DE,0.81,edge,0.5,1.8,3.2,1,-1.0,42.5
WalkQu00,Quay Walker,GB,MIN,2023,17,1.0,3.0,LB,1.0,edge,0.1,0.4,3.2,1,-1.0,42.5
WilsEr00,Eric Wilson,GB,MIN,2023,17,0.0,0.0,LB,0.7,edge,0.0,1.0,3.2,1,-1.0,42.5
BarnDe01,Derek Barnett,HOU,TEN,2023,17,1.5,4.0,DE,0.69,edge,0.0,3.0,4.2,1,5.0,44.0
DaviKh00,Khalil Davis,HOU,TEN,2023,17,0.0,2.0,DT,0.87,interior,,,4.2,1,5.0,44.0
HarrCh06,Christian Harris,HOU,TEN,2023,17,0.0,0.0,LB,0.91,edge,0.0,0.2,4.2,1,5.0,44.0
BuckDe00,DeForest Buckner,IND,LV,2023,17,1.0,2.0,DT,0.72,interior,0.4,2.4,2.0,1,3.5,42.5
FranZa00,Zaire Franklin,IND,LV,2023,17,0.0,0.0,LB,1.0,edge,0.0,0.0,2.0,1,3.5,42.5
HarrRo02,Ronnie Harrison,IND,LV,2023,17,0.0,0.0,LB,0.97,edge,0.0,0.0,2.0,1,3.5,42.5
SpeeEJ00,E.J. Speed,IND,LV,2023,17,0.0,2.0,LB,0.92,edge,0.0,0.0,2.0,1,3.5,42.5
AlleJo03,Josh Allen,JAX,CAR,2023,17,3.0,3.0,LB,0.85,edge,0.8,2.4,3.2,0,3.5,38.0
LloyDe00,Devin Lloyd,JAX,CAR,2023,17,0.0,0.0,LB,0.91,edge,0.0,0.2,3.2,0,3.5,38.0
OluoFo00,Foyesade Oluokun,JAX,CAR,2023,17,0.0,1.0,LB,1.0,edge,0.0,0.6,3.2,0,3.5,38.0
WalkTr03,Travon Walker,JAX,CAR,2023,17,2.0,2.0,LB,0.72,edge,0.6,1.4,3.2,0,3.5,38.0
BoltNi00,Nick Bolton,KC,CIN,2023,17,0.0,1.0,LB,0.88,edge,0.0,0.2,2.8,0,7.5,46.0
DannMi00,Michael Danna,KC,CIN,2023,17,0.0,3.0,DE,0.76,edge,0.2,1.4,2.8,0,7.5,46.0
JoneCh09,Chris Jones,KC,CIN,2023,17,1.0,3.0,DT,0.74,interior,0.6,3.2,2.8,0,7.5,46.0
KarlGe00,George Karlaftis III,KC,CIN,2023,17,1.5,4.0,DE,0.69,edge,0.6,1.6,2.8,0,7.5,46.0
OmenCh00,Charles Omenihu,KC,CIN,2023,17,0.5,1.0,DE,0.65,edge,0.5,1.0,2.8,0,7.5,46.0
DonaAa00,Aaron Donald,LA,NYG,2023,17,2.0,2.0,DT,0.86,interior,0.3,2.2,4.6,0,6.0,43.5
HoecMi00,Michael Hoecht,LA,NYG,2023,17,0.5,1.0,LB,0.91,edge,0.2,0.8,4.6,0,6.0,43.5
JoneEr01,Ernest Jones,LA,NYG,2023,17,0.0,3.0,LB,1.0,edge,0.6,1.0,4.6,0,6.0,43.5
TurnKo00,Kobie Turner,LA,NYG,2023,17,2.5,3.0,NT,0.82,interior,0.5,1.0,4.6,0,6.0,43.5
YounBy01,Byron Young,LA,NYG,2023,17,1.0,3.0,LB,0.93,edge,0.2,0.8,4.6,0,6.0,43.5
KendEr00,Eric Kendricks,LAC,DEN,2023,17,0.0,1.0,LB,1.0,edge,0.7,0.8,2.6,0,-3.5,39.5
MackKh00,Khalil Mack,LAC,DEN,2023,17,1.0,1.0,DE,0.83,edge,1.2,2.8,2.6,0,-3.5,39.5
NiemNi00,Nick Niemann,LAC,DEN,2023,17,0.0,0.0,LB,0.68,edge,0.0,0.0,2.6,0,-3.5,39.5
TuipTu00,Tuli Tuipulotu,LAC,DEN,2023,17,0.0,0.0,DE,0.86,edge,0.1,1.2,2.6,0,-3.5,39.5
CrosMa00,Maxx Crosby,LV,IND,2023,17,0.0,3.0,DE,1.0,edge,0.8,2.6,3.4,1,-3.5,42.5
DeabDi00,Divine Deablo,LV,IND,2023,17,0.0,0.0,LB,0.88,edge,0.0,0.2,3.4,1,-3.5,42.5
SpilRo00,Robert Spillane,LV,IND,2023,17,0.0,0.0,LB,1.0,edge,0.2,0.6,3.4,1,-3.5,42.5
ChubBr00,Bradley Chubb,MIA,BAL,2023,17,0.0,2.0,LB,0.84,edge,1.0,2.8,2.4,0,-3.0,47.0
LongDa04,David Long,MIA,BAL,2023,17,0.0,0.0,LB,0.84,edge,0.0,1.0,2.4,0,-3.0,47.0
RileDu00,Duke Riley,MIA,BAL,2023,17,0.0,0.0,LB,1.0,edge,0.16666666666666666,1.0,2.4,0,-3.0,47.0
SielZa00,Zach Sieler,MIA,BAL,2023,17,1.0,2.0,DE,0.81,edge,0.7,2.2,2.4,0,-3.0,47.0
VanGAn00,Andrew Van Ginkel,MIA,BAL,2023,17,0.0,0.0,LB,0.79,edge,0.4,1.6,2.4,0,-3.0,47.0
WilkCh00,Christian Wilkins,MIA,BAL,2023,17,0.0,0.0,DE,0.93,edge,0.7,1.4,2.4,0,-3.0,47.0
HickJo00,Jordan Hicks,MIN,GB,2023,17,0.0,0.0,LB,0.89,edge,0.2,0.6,2.0,1,1.0,42.5
HuntDa01,Danielle Hunter,MIN,GB,2023,17,0.0,1.0,LB,0.85,edge,0.9,3.6,2.0,1,1.0,42.5
JonePa00,Patrick Jones II,MIN,GB,2023,17,0.0,1.0,LB,0.95,edge,1.0,2.0,2.0,1,1.0,42.5
PaceIv00,Ivan Pace,MIN,GB,2023,17,0.0,2.0,LB,1.0,edge,0.4,0.6,2.0,1,1.0,42.5
BentJa00,Ja'Whaun Bentley,NE,BUF,2023,17,0.0,1.0,LB,1.0,edge,0.2,0.4,1.4,0,-15.0,40.0
GodcDa00,Davon Godchaux,NE,BUF,2023,17,0.0,0.0,NT,0.65,interior,0.0,0.75,1.4,0,-15.0,40.0
JennAn00,Anfernee Jennings,NE,BUF,2023,17,0.0,0.0,LB,0.67,edge,0.3,0.6,1.4,0,-15.0,40.0
TavaJa00,Jahlani Tavai,NE,BUF,2023,17,0.0,0.0,LB,0.83,edge,0.0,0.2,1.4,0,-15.0,40.0
WhitKe03,Keion White,NE,BUF,2023,17,0.0,1.0,DE,0.61,edge,0.0,1.5,1.4,0,-15.0,40.0
DaviDe00,Demario Davis,NO,TB,2023,17,0.0,0.0,LB,1.0,edge,0.5,0.8,3.0,0,-2.5,42.5
GranCa01,Carl Granderson,NO,TB,2023,17,0.0,1.0,DE,0.82,edge,0.6,2.2,3.0,0,-2.5,42.5
WernPe00,Pete Werner,NO,TB,2023,17,0.0,0.0,LB,0.77,edge,0.0,0.0,3.0,0,-2.5,42.5
OjulAz00,Azeez Ojulari,NYG,LA,2023,17,0.0,2.0,DE,0.6,edge,0.1,1.8,1.2,0,-6.0,43.5
OkerBo00,Bobby Okereke,NYG,LA,2023,17,1.5,2.0,LB,1.0,edge,0.0,0.4,1.2,0,-6.0,43.5
ThibKa00,Kayvon Thibodeaux,NYG,LA,2023,17,0.0,0.0,LB,0.84,edge,0.6,2.8,1.2,0,-6.0,43.5
JohnJe07,Jermaine Johnson II,NYJ,CLE,2023,17,0.0,2.0,LB,0.68,edge,0.3,1.4,2.4,0,-6.5,33.5
MoslC.00,C.J. Mosley,NYJ,CLE,2023,17,0.0,0.0,LB,1.0,edge,0.0,0.0,2.4,0,-6.5,33.5
WillQu00,Quinnen Williams,NYJ,CLE,2023,17,0.0,2.0,NT,0.68,interior,0.6,2.0,2.4,0,-6.5,33.5
WillQu01,Quincy Williams,NYJ,CLE,2023,17,0.0,0.0,LB,0.95,edge,0.0,0.0,2.4,0,-6.5,33.5
MorrNi00,Nicholas Morrow,PHI,ARI,2023,17,0.0,0.0,LB,0.99,edge,0.0,0.0,2.6,0,12.0,48.0
ReddHa00,Haason Reddick,PHI,ARI,2023,17,0.0,0.0,LB,0.78,edge,0.6,2.0,2.6,0,12.0,48.0
WillMi08,Milton Williams,PHI,ARI,2023,17,0.0,2.0,DT,0.63,interior,0.5,3.0,2.6,0,12.0,48.0
HeywCa01,Cameron Heyward,PIT,SEA,2023,17,0.0,0.0,DT,0.84,interior,0.8,1.6,3.2,0,-4.5,40.5
HighAl02,Alex Highsmith,PIT,SEA,2023,17,0.0,2.0,LB,0.88,edge,0.5,1.0,3.2,0,-4.5,40.5
JackMy00,Myles Jack,PIT,SEA,2023,17,0.0,0.0,LB,1.0,edge,0.2,0.4,3.2,0,-4.5,40.5
OgunLa00,Larry Ogunjobi,PIT,SEA,2023,17,0.0,1.0,DT,0.8,interior,0.2,1.0,3.2,0,-4.5,40.5
WattT.00,T.J. Watt,PIT,SEA,2023,17,0.0,4.0,LB,0.9,edge,1.1,2.2,3.2,0,-4.5,40.5
BushDe01,Devin Bush Jr.,SEA,PIT,2023,17,0.0,0.0,LB,0.9,edge,0.0,0.2,1.8,0,4.5,40.5
JoneDr00,Dre'Mont Jones,SEA,PIT,2023,17,0.0,0.0,DE,0.76,edge,0.2,2.2,1.8,0,4.5,40.5
MafeBo00,Boye Mafe,SEA,PIT,2023,17,0.0,0.0,LB,0.9,edge,0.4,1.6,1.8,0,4.5,40.5
ReedJa02,Jarran Reed,SEA,PIT,2023,17,0.0,1.0,NT,0.9,interior,0.6,1.0,1.8,0,4.5,40.5
WagnBo00,Bobby Wagner,SEA,PIT,2023,17,0.0,0.0,LB,1.0,edge,0.2,0.2,1.8,0,4.5,40.5
WillLe02,Leonard Williams,SEA,PIT,2023,17,1.0,3.0,DT,0.9,interior,0.6,1.8,1.8,0,4.5,40.5
BosaNi00,Nick Bosa,SF,WAS,2023,17,0.0,2.0,DE,0.83,edge,1.1,2.4,2.6,0,14.0,49.0
GreeDr00,Dre Greenlaw,SF,WAS,2023,17,0.0,0.0,LB,0.91,edge,0.1,0.2,2.6,0,14.0,49.0
KinlJa00,Javon Kinlaw,SF,WAS,2023,17,0.0,0.0,DT,0.63,interior,0.5,1.0,2.6,0,14.0,49.0
WarnFr00,Fred Warner,SF,WAS,2023,17,0.0,0.0,LB,0.91,edge,0.2,0.6,2.6,0,14.0,49.0
DaviLa00,Lavonte David,TB,NO,2023,17,0.0,0.0,LB,1.0,edge,0.5,0.8,1.4,0,2.5,42.5
DiabYa00,YaYa Diaby,TB,NO,2023,17,0.0,1.0,LB,0.66,edge,0.3333333333333333,0.6666666666666666,1.4,0,2.5,42.5
WhitDe02,Devin White,TB,NO,2023,17,0.0,0.0,LB,0.73,edge,0.5,1.8,1.4,0,2.5,42.5
AlShAz00,Azeez Al-Shaair,TEN,HOU,2023,17,0.0,0.0,LB,1.0,edge,0.2,0.4,4.0,1,-5.0,44.0
LandHa00,Harold Landry,TEN,HOU,2023,17,1.0,2.0,LB,0.77,edge,0.9,2.2,4.0,1,-5.0,44.0
AlleJo01,Jonathan Allen,WAS,SF,2023,17,0.0,0.0,DT,0.71,interior,0.5,1.8,2.0,0,-14.0,49.0
BartCo00,Cody Barton,WAS,SF,2023,17,0.0,0.0,LB,1.0,edge,0.0,0.4,2.0,0,-14.0,49.0
HudsKh00,Khaleke Hudson,WAS,SF,2023,17,0.0,0.0,LB,0.99,edge,0.0,0.3333333333333333,2.0,0,-14.0,49.0
MayoDa00,David Mayo,WAS,SF,2023,17,0.0,0.0,LB,0.67,edge,0.4,0.6,2.0,0,-14.0,49.0
PaynDa00,Daron Payne,WAS,SF,2023,17,0.0,0.0,DT,0.77,interior,0.6,1.2,2.0,0,-14.0,49.0
SmitJa08,James Smith-Williams,WAS,SF,2023,17,0.0,1.0,DE,0.66,edge,0.0,1.2,2.0,0,-14.0,49.0
BarnKr00,Krys Barnes,ARI,SEA,2023,18,0.0,0.0,LB,1.0,edge,0.0,0.2,2.2,1,-2.5,48.0
CollZa00,Zaven Collins,ARI,SEA,2023,18,0.0,2.0,LB,0.89,edge,0.2,0.8,2.2,1,-2.5,48.0
OjulBJ00,BJ Ojulari,ARI,SEA,2023,18,0.0,0.0,LB,0.73,edge,0.0,0.0,2.2,1,-2.5,48.0
CampCa99,Calais Campbell,ATL,NO,2023,18,1.0,3.0,DE,0.61,edge,0.2,1.4,1.4,1,-3.5,41.5
DuprAl00,Bud Dupree,ATL,NO,2023,18,1.0,3.0,LB,0.67,edge,0.5,1.8,1.4,1,-3.5,41.5
LandNa01,Nathan Landman,ATL,NO,2023,18,0.0,0.0,LB,0.99,edge,0.2,0.2,1.4,1,-3.5,41.5
SmitAn04,Andre Smith,ATL,NO,2023,18,0.0,0.0,LB,0.72,edge,0.0,0.0,1.4,1,-3.5,41.5
JoneTr00,Travis Jones,BAL,PIT,2023,18,0.0,0.0,DT,0.65,interior,,,1.6,0,-3.0,34.0
PhilDe00,Del'Shawn Phillips,BAL,PIT,2023,18,0.0,0.0,LB,0.76,edge,,,1.6,0,-3.0,34.0
QueePa00,Patrick Queen,BAL,PIT,2023,18,0.0,0.0,LB,0.82,edge,0.0,0.6,1.6,0,-3.0,34.0
BernTe00,Terrel Bernard,BUF,MIA,2023,18,0.0,0.0,LB,1.0,edge,0.6,1.0,2.4,0,2.5,47.5
FloyLe00,Leonard Floyd,BUF,MIA,2023,18,0.0,3.0,DE,0.67,edge,0.4,2.6,2.4,0,2.5,47.5
JoneDa04,DaQuan Jones,BUF,MIA,2023,18,0.0,1.0,DT,0.63,interior,0.2,1.8,2.4,0,2.5,47.5
OlivEd00,Ed Oliver,BUF,MIA,2023,18,0.0,2.0,DT,0.88,interior,0.9,1.6,2.4,0,2.5,47.5
RousGr00,Gregory Rousseau,BUF,MIA,2023,18,0.0,2.0,DE,0.6,edge,0.2,2.4,2.4,0,2.5,47.5
BrowDe05,Derrick Brown,CAR,TB,2023,18,1.0,3.0,DT,0.98,interior,0.0,1.2,2.2,0,-5.0,36.5
BurnBr00,Brian Burns,CAR,TB,2023,18,1.0,1.0,LB,0.95,edge,0.2,0.6,2.2,0,-5.0,36.5
GrosYe00,Yetur Gross-Matos,CAR,TB,2023,18,1.0,1.0,LB,0.88,edge,0.4,1.4,2.2,0,-5.0,36.5
LuvuFr00,Frankie Luvu,CAR,TB,2023,18,0.0,1.0,LB,1.0,edge,0.4,1.0,2.2,0,-5.0,36.5
EdmuTr01,Tremaine Edmunds,CHI,GB,2023,18,0.0,0.0,LB,1.0,edge,0.0,0.0,1.4,0,-2.5,45.5
EdwaTJ02,T.J. Edwards,CHI,GB,2023,18,0.0,0.0,LB,1.0,edge,0.1,0.8,1.4,0,-2.5,45.5
JoneJu03,Justin Jones,CHI,GB,2023,18,0.0,0.0,DT,0.68,interior,0.5,1.6,1.4,0,-2.5,45.5
SweaMo00,Montez Sweat,CHI,GB,2023,18,0.0,0.0,DE,0.67,edge,1.2,3.4,1.4,0,-2.5,45.5
WalkDe03,DeMarcus Walker,CHI,GB,2023,18,1.0,1.0,DE,0.72,edge,0.2,1.6,1.4,0,-2.5,45.5
WilsLo00,Logan Wilson,CIN,CLE,2023,18,0.0,0.0,LB,0.62,edge,0.0,0.2,1.6,0,7.5,37.0
AdamMa00,Matthew Adams,CLE,CIN,2023,18,0.0,0.0,LB,0.76,edge,,,3.2,0,-7.5,37.0
ElliJo02,Jordan Elliott,CLE,CIN,2023,18,0.0,0.0,DT,0.69,interior,0.2,1.2,3.2,0,-7.5,37.0
FielTo00,Tony Fields,CLE,CIN,2023,18,0.0,0.0,LB,0.83,edge,0.0,0.0,3.2,0,-7.5,37.0
IkaxSi00,Siaki Ika,CLE,CIN,2023,18,0.0,1.0,DT,0.61,interior,,,3.2,0,-7.5,37.0
KunaJo00,Jordan Kunaszyk,CLE,CIN,2023,18,0.0,0.0,LB,0.66,edge,,,3.2,0,-7.5,37.0
McGuIs00,Isaiah McGuire,CLE,CIN,2023,18,1.0,3.0,DE,0.78,edge,,,3.2,0,-7.5,37.0
WrigAl01,Alex Wright,CLE,CIN,2023,18,1.0,2.0,DE,0.73,edge,0.6666666666666666,0.6666666666666666,3.2,0,-7.5,37.0
ClarDa02,Damone Clark,DAL,WAS,2023,18,0.0,0.0,LB,0.78,edge,0.0,0.2,2.0,0,13.0,47.5
OdigOs00,Osa Odighizuwa,DAL,WAS,2023,18,0.0,1.0,DT,0.61,interior,0.0,1.0,2.0,0,13.0,47.5
ParsMi00,Micah Parsons,DAL,WAS,2023,18,1.0,1.0,LB,0.65,edge,0.3,2.4,2.0,0,13.0,47.5
AlleZa01,Zach Allen,DEN,LV,2023,18,0.0,1.0,DE,0.85,edge,0.3,2.0,2.0,1,-3.5,37.5
BrowBa01,Baron Browning,DEN,LV,2023,18,1.0,1.0,LB,0.79,edge,0.1,0.8,2.0,1,-3.5,37.5
CoopJo02,Jonathon Cooper,DEN,LV,2023,18,0.0,0.0,LB,0.79,edge,0.6,1.0,2.0,1,-3.5,37.5
JeweJo00,Josey Jewell,DEN,LV,2023,18,1.0,1.0,LB,0.76,edge,0.2,0.2,2.0,1,-3.5,37.5
SingAl00,Alex Singleton,DEN,LV,2023,18,0.0,0.0,LB,1.0,edge,0.4,0.8,2.0,1,-3.5,37.5
AnzaAl00,Alex Anzalone,DET,MIN,2023,18,0.0,0.0,LB,1.0,edge,0.0,1.4,3.6,1,3.5,47.5
BarnDe02,Derrick Barnes,DET,MIN,2023,18,0.0,2.0,LB,0.74,edge,0.0,0.8,3.6,1,3.5,47.5
HutcAi00,Aidan Hutchinson,DET,MIN,2023,18,2.0,6.0,DE,0.92,edge,0.8,4.2,3.6,1,3.5,47.5
PascJo00,Josh Paschal,DET,MIN,2023,18,0.0,2.0,DE,0.82,edge,0.5,1.5,3.6,1,3.5,47.5
CampDe00,De'Vondre Campbell,GB,CHI,2023,18,0.0,1.0,LB,0.79,edge,0.0,0.2,2.6,0,2.5,45.5
ClarKe01,Kenny Clark,GB,CHI,2023,18,1.0,1.0,DE,0.83,edge,0.5,1.6,2.6,0,2.5,45.5
GaryRa00,Rashan Gary,GB,CHI,2023,18,0.0,0.0,LB,0.73,edge,0.3,2.2,2.6,0,2.5,45.5
SmitPr00,Preston Smith,GB,CHI,2023,18,0.0,1.0,LB,0.75,edge,0.4,1.4,2.6,0,2.5,45.5
WalkQu00,Quay Walker,GB,CHI,2023,18,1.0,1.0,LB,1.0,edge,0.3,1.0,2.6,0,2.5,45.5
BarnDe01,Derek Barnett,HOU,IND,2023,18,0.0,1.0,DE,0.71,edge,0.75,3.5,3.2,1,1.5,47.5
CashBl00,Blake Cashman,HOU,IND,2023,18,0.0,0.0,LB,0.77,edge,0.4,0.8,3.2,1,1.5,47.5
HarrCh06,Christian Harris,HOU,IND,2023,18,1.0,1.0,LB,0.94,edge,0.0,0.0,3.2,1,1.5,47.5
BuckDe00,DeForest Buckner,IND,HOU,2023,18,1.0,2.0,DT,0.77,interior,0.4,2.4,3.4,1,-1.5,47.5
FranZa00,Zaire Franklin,IND,HOU,2023,18,0.0,0.0,LB,1.0,edge,0.0,0.0,3.4,1,-1.5,47.5
HarrRo02,Ronnie Harrison,IND,HOU,2023,18,1.0,1.0,LB,0.98,edge,0.0,0.0,3.4,1,-1.5,47.5
SpeeEJ00,E.J. Speed,IND,HOU,2023,18,0.0,0.0,LB,0.98,edge,0.0,0.4,3.4,1,-1.5,47.5
AlleJo03,Josh Allen,JAX,TEN,2023,18,1.0,2.0,LB,0.89,edge,0.9,2.0,5.2,0,3.5,41.5
LloyDe00,Devin Lloyd,JAX,TEN,2023,18,0.0,1.0,LB,0.98,edge,0.0,0.2,5.2,0,3.5,41.5
OluoFo00,Foyesade Oluokun,JAX,TEN,2023,18,0.0,0.0,LB,1.0,edge,0.0,0.8,5.2,0,3.5,41.5
WalkTr03,Travon Walker,JAX,TEN,2023,18,1.0,3.0,LB,0.84,edge,0.9,1.6,5.2,0,3.5,41.5
AnudFe00,Felix Anudike-Uzomah,KC,LAC,2023,18,0.0,1.0,DE,0.73,edge,,,3.0,1,-3.5,35.0
CochJa00,Jack Cochrane,KC,LAC,2023,18,0.0,0.0,LB,1.0,edge,0.0,0.0,3.0,1,-3.5,35.0
HerrMa02,Malik Herring,KC,LAC,2023,18,1.0,1.0,DE,0.66,edge,,,3.0,1,-3.5,35.0
JoneCa04,Cam Jones,KC,LAC,2023,18,0.0,1.0,LB,0.95,edge,,,3.0,1,-3.5,35.0
WharTe00,Tershawn Wharton,KC,LAC,2023,18,0.0,1.0,DT,0.65,interior,0.0,1.5,3.0,1,-3.5,35.0
HoecMi00,Michael Hoecht,LA,SF,2023,18,1.0,1.0,LB,0.82,edge,0.1,0.8,1.8,0,-5.5,40.0
RozeCh00,Christian Rozeboom,LA,SF,2023,18,0.0,0.0,LB,0.7,edge,0.0,0.0,1.8,0,-5.5,40.0
TurnKo00,Kobie Turner,LA,SF,2023,18,0.0,1.0,NT,0.61,interior,0.9,1.4,1.8,0,-5.5,40.0
YounBy01,Byron Young,LA,SF,2023,18,1.0,1.0,LB,0.75,edge,0.4,1.0,1.8,0,-5.5,40.0
KendEr00,Eric Kendricks,LAC,KC,2023,18,0.0,0.0,LB,1.0,edge,0.7,1.0,2.6,1,3.5,35.0
MackKh00,Khalil Mack,LAC,KC,2023,18,1.0,5.0,DE,0.78,edge,1.0,2.0,2.6,1,3.5,35.0
TuipTu00,Tuli Tuipulotu,LAC,KC,2023,18,0.0,1.0,DE,0.81,edge,0.1,0.6,2.6,1,3.5,35.0
CrosMa00,Maxx Crosby,LV,DEN,2023,18,1.0,6.0,DE,1.0,edge,0.6,2.4,2.8,1,3.5,37.5
DeabDi00,Divine Deablo,LV,DEN,2023,18,0.0,0.0,LB,0.97,edge,0.0,0.2,2.8,1,3.5,37.5
KoonMa00,Malcolm Koonce,LV,DEN,2023,18,1.0,1.0,DE,0.72,edge,1.5,3.5,2.8,1,3.5,37.5
SpilRo00,Robert Spillane,LV,DEN,2023,18,0.0,0.0,LB,1.0,edge,0.2,0.6,2.8,1,3.5,37.5
IngrMe00,Melvin Ingram,MIA,BUF,2023,18,1.5,3.0,LB,0.74,edge,1.0,2.0,1.4,0,-2.5,47.5
LongDa04,David Long,MIA,BUF,2023,18,0.0,1.0,LB,0.88,edge,0.0,0.8,1.4,0,-2.5,47.5
SielZa00,Zach Sieler,MIA,BUF,2023,18,0.5,2.0,DE,0.87,edge,0.9,2.0,1.4,0,-2.5,47.5
WilkCh00,Christian Wilkins,MIA,BUF,2023,18,1.0,5.0,DE,0.91,edge,0.3,1.0,1.4,0,-2.5,47.5
HickJo00,Jordan Hicks,MIN,DET,2023,18,0.0,1.0,LB,0.79,edge,0.2,0.6,1.8,1,-3.5,47.5
HuntDa01,Danielle Hunter,MIN,DET,2023,18,1.0,2.0,LB,0.86,edge,0.7,3.4,1.8,1,-3.5,47.5
JonePa00,Patrick Jones II,MIN,DET,2023,18,0.0,0.0,LB,0.95,edge,0.6666666666666666,1.6666666666666667,1.8,1,-3.5,47.5
TongKh00,Khyiris Tonga,MIN,DET,2023,18,0.0,1.0,NT,0.63,interior,0.0,1.0,1.8,1,-3.5,47.5
BarmCh00,Christian Barmore,NE,NYJ,2023,18,0.0,1.0,DT,0.82,interior,1.1,1.8,3.2,0,2.5,28.5
BentJa00,Ja'Whaun Bentley,NE,NYJ,2023,18,0.5,2.0,LB,1.0,edge,0.0,0.4,3.2,0,2.5,28.5
JennAn00,Anfernee Jennings,NE,NYJ,2023,18,0.0,1.0,LB,0.86,edge,0.3,0.6,3.2,0,2.5,28.5
TavaJa00,Jahlani Tavai,NE,NYJ,2023,18,0.0,0.0,LB,0.88,edge,0.0,0.2,3.2,0,2.5,28.5
WhitKe03,Keion White,NE,NYJ,2023,18,0.0,0.0,DE,0.66,edge,0.0,1.3333333333333333,3.2,0,2.5,28.5
DaviDe00,Demario Davis,NO,ATL,2023,18,0.0,0.0,LB,0.89,edge,0.5,0.8,1.8,1,3.5,41.5
GranCa01,Carl Granderson,NO,ATL,2023,18,0.0,1.0,DE,0.62,edge,0.6,2.0,1.8,1,3.5,41.5
ShepNa00,Nathan Shepherd,NO,ATL,2023,18,1.0,1.0,DT,0.62,interior,0.0,1.0,1.8,1,3.5,41.5
WernPe00,Pete Werner,NO,ATL,2023,18,0.0,1.0,LB,0.61,edge,0.0,0.0,1.8,1,3.5,41.5
OkerBo00,Bobby Okereke,NYG,PHI,2023,18,1.0,2.0,LB,1.0,edge,0.3,0.8,1.0,0,-4.5,43.0
ThibKa00,Kayvon Thibodeaux,NYG,PHI,2023,18,0.0,2.0,LB,0.82,edge,0.2,1.8,1.0,0,-4.5,43.0
WardJi02,Jihad Ward,NYG,PHI,2023,18,1.0,2.0,DE,0.71,edge,0.2,1.2,1.0,0,-4.5,43.0
JohnJe07,Jermaine Johnson II,NYJ,NE,2023,18,1.0,2.0,LB,0.6,edge,0.3,1.8,3.2,0,-2.5,28.5
MoslC.00,C.J. Mosley,NYJ,NE,2023,18,0.0,0.0,LB,1.0,edge,0.0,0.0,3.2,0,-2.5,28.5
WillQu01,Quincy Williams,NYJ,NE,2023,18,0.0,0.0,LB,0.98,edge,0.0,0.0,3.2,0,-2.5,28.5
MorrNi00,Nicholas Morrow,PHI,NYG,2023,18,0.0,0.0,LB,0.93,edge,0.0,0.0,4.0,0,4.5,43.0
SmitNo02,Nolan Smith,PHI,NYG,2023,18,0.0,1.0,LB,0.61,edge,,,4.0,0,4.5,43.0
HighAl02,Alex Highsmith,PIT,BAL,2023,18,0.0,0.0,LB,0.86,edge,0.5,1.2,2.0,0,3.0,34.0
JackMy00,Myles Jack,PIT,BAL,2023,18,0.0,0.0,LB,0.61,edge,0.2,0.4,2.0,0,3.0,34.0
JoneDr00,Dre'Mont Jones,SEA,ARI,2023,18,0.0,1.0,DE,0.84,edge,0.2,1.8,2.4,1,2.5,48.0
MafeBo00,Boye Mafe,SEA,ARI,2023,18,0.0,1.0,LB,0.87,edge,0.4,1.4,2.4,1,2.5,48.0
WagnBo00,Bobby Wagner,SEA,ARI,2023,18,0.0,0.0,LB,1.0,edge,0.2,0.2,2.4,1,2.5,48.0
WillLe02,Leonard Williams,SEA,ARI,2023,18,0.0,1.0,DT,0.83,interior,0.6,2.0,2.4,1,2.5,48.0
BurkOr00,Oren Burks,SF,LA,2023,18,1.0,1.0,LB,0.79,edge,0.0,0.5,2.0,0,5.5,40.0
FlanDe00,Demetrius Flannigan-Fowles,SF,LA,2023,18,0.0,0.0,LB,0.82,edge,,,2.0,0,5.5,40.0
GiveKe01,Kevin Givens,SF,LA,2023,18,0.0,1.0,DT,0.66,interior,,,2.0,0,5.5,40.0
YounCh04,Chase Young,SF,LA,2023,18,0.0,0.0,DE,0.85,edge,0.7,1.4,2.0,0,5.5,40.0
BarrSh00,Shaquil Barrett,TB,CAR,2023,18,0.0,0.0,LB,0.62,edge,0.2,1.2,3.6,0,5.0,36.5
DaviLa00,Lavonte David,TB,CAR,2023,18,0.0,3.0,LB,0.94,edge,0.5,0.8,3.6,0,5.0,36.5
DiabYa00,YaYa Diaby,TB,CAR,2023,18,1.0,2.0,LB,0.62,edge,0.25,0.75,3.6,0,5.0,36.5
VeaxVi00,Vita Vea,TB,CAR,2023,18,0.0,1.0,NT,0.73,interior,1.1,2.0,3.6,0,5.0,36.5
WhitDe02,Devin White,TB,CAR,2023,18,0.0,1.0,LB,1.0,edge,0.3,1.0,3.6,0,5.0,36.5
AlShAz00,Azeez Al-Shaair,TEN,JAX,2023,18,0.0,0.0,LB,1.0,edge,0.2,0.4,3.2,0,-3.5,41.5
KeyxAr00,Arden Key,TEN,JAX,2023,18,0.0,1.0,LB,0.75,edge,0.7,1.4,3.2,0,-3.5,41.5
LandHa00,Harold Landry,TEN,JAX,2023,18,0.0,3.0,LB,0.82,edge,1.1,2.4,3.2,0,-3.5,41.5
BartCo00,Cody Barton,WAS,DAL,2023,18,0.0,0.0,LB,1.0,edge,0.0,0.2,3.4,0,-13.0,47.5
HenrKJ00,K.J. Henry,WAS,DAL,2023,18,0.0,0.0,DE,0.67,edge,1.5,2.0,3.4,0,-13.0,47.5
HudsKh00,Khaleke Hudson,WAS,DAL,2023,18,0.0,0.0,LB,0.93,edge,0.0,0.25,3.4,0,-13.0,47.5
KleiAJ00,A.J. Klein,BUF,PIT,2023,19,0.0,0.0,LB,0.66,edge,0.0,0.0,2.2,0,10.0,39.5
OlivEd00,Ed Oliver,BUF,PIT,2023,19,0.0,2.0,DT,0.71,interior,0.7,1.4,2.2,0,10.0,39.5
RousGr00,Gregory Rousseau,BUF,PIT,2023,19,1.0,2.0,DE,0.65,edge,0.2,2.2,2.2,0,10.0,39.5
ClarDa02,Damone Clark,DAL,GB,2023,19,0.0,1.0,LB,0.93,edge,0.0,0.0,1.2,1,7.0,52.5
OdigOs00,Osa Odighizuwa,DAL,GB,2023,19,0.0,1.0,DT,0.73,interior,0.0,1.0,1.2,1,7.0,52.5
ParsMi00,Micah Parsons,DAL,GB,2023,19,0.0,1.0,LB,0.86,edge,0.5,2.0,1.2,1,7.0,52.5
AnzaAl00,Alex Anzalone,DET,LA,2023,19,0.0,0.0,LB,0.93,edge,0.0,1.4,2.4,1,3.5,52.5
HutcAi00,Aidan Hutchinson,DET,LA,2023,19,2.0,5.0,DE,0.76,edge,1.2,5.2,2.4,1,3.5,52.5
McNeAl00,Alim McNeill,DET,LA,2023,19,0.0,1.0,DT,0.74,interior,0.8,2.0,2.4,1,3.5,52.5
CampDe00,De'Vondre Campbell,GB,DAL,2023,19,1.0,1.0,LB,0.79,edge,0.0,0.2,2.6,1,-7.0,52.5
WalkQu00,Quay Walker,GB,DAL,2023,19,0.0,0.0,LB,0.71,edge,0.5,1.0,2.6,1,-7.0,52.5
BarnDe01,Derek Barnett,HOU,CLE,2023,19,1.0,1.0,DE,0.66,edge,0.5,2.6666666666666665,1.8,1,-2.5,45.0
HarrCh06,Christian Harris,HOU,CLE,2023,19,1.0,1.0,LB,0.72,edge,0.2,0.2,1.8,1,-2.5,45.0
JoneCh09,Chris Jones,KC,MIA,2023,19,0.5,1.0,DT,0.72,interior,0.8,3.4,2.6,0,4.5,43.5
KarlGe00,George Karlaftis III,KC,MIA,2023,19,1.5,2.0,DE,0.74,edge,0.7,2.2,2.6,0,4.5,43.5
HoecMi00,Michael Hoecht,LA,DET,2023,19,0.5,3.0,LB,1.0,edge,0.3,0.6,1.8,1,-3.5,52.5
JoneEr01,Ernest Jones,LA,DET,2023,19,2.0,2.0,LB,1.0,edge,0.6,1.6,1.8,1,-3.5,52.5
TurnKo00,Kobie Turner,LA,DET,2023,19,0.5,2.0,NT,0.61,interior,0.9,1.4,1.8,1,-3.5,52.5
WillJo16,Jonah Williams,LA,DET,2023,19,0.0,0.0,DE,0.7,edge,0.0,0.6666666666666666,1.8,1,-3.5,52.5
YounBy01,Byron Young,LA,DET,2023,19,0.0,0.0,LB,0.97,edge,0.6,1.0,1.8,1,-3.5,52.5
CunnZa00,Zach Cunningham,PHI,TB,2023,19,0.0,0.0,LB,1.0,edge,0.0,0.0,2.6,0,2.5,43.0
MorrNi00,Nicholas Morrow,PHI,TB,2023,19,0.0,0.0,LB,0.91,edge,0.0,0.0,2.6,0,2.5,43.0
ReddHa00,Haason Reddick,PHI,TB,2023,19,0.0,0.0,LB,0.7,edge,0.6,1.8,2.6,0,2.5,43.0
SweaJo00,Josh Sweat,PHI,TB,2023,19,1.0,1.0,DE,0.67,edge,0.0,1.8,2.6,0,2.5,43.0
GoldMa00,Markus Golden,PIT,BUF,2023,19,1.0,1.0,LB,0.76,edge,0.2,1.0,1.8,0,-10.0,39.5
HeywCa01,Cameron Heyward,PIT,BUF,2023,19,0.0,1.0,DT,0.82,interior,0.4,0.8,1.8,0,-10.0,39.5
HighAl02,Alex Highsmith,PIT,BUF,2023,19,1.0,2.0,LB,0.97,edge,0.5,1.2,1.8,0,-10.0,39.5
OgunLa00,Larry Ogunjobi,PIT,BUF,2023,19,0.0,0.0,DT,0.75,interior,0.2,1.2,1.8,0,-10.0,39.5
RobeEl00,Elandon Roberts,PIT,BUF,2023,19,0.0,1.0,LB,0.61,edge,0.2,0.6,1.8,0,-10.0,39.5
BarrSh00,Shaquil Barrett,TB,PHI,2023,19,0.0,2.0,LB,0.75,edge,0.2,1.0,1.4,0,-2.5,43.0
DaviLa00,Lavonte David,TB,PHI,2023,19,0.0,1.0,LB,0.97,edge,0.3,1.2,1.4,0,-2.5,43.0
KancCa00,Calijah Kancey,TB,PHI,2023,19,0.5,2.0,DE,0.63,edge,0.6,1.6,1.4,0,-2.5,43.0
VeaxVi00,Vita Vea,TB,PHI,2023,19,0.5,1.0,NT,0.63,interior,0.8,1.4,1.4,0,-2.5,43.0
MaduJu00,Justin Madubuike,BAL,HOU,2023,20,0.0,2.0,DT,0.69,interior,0.7,2.8,2.8,0,10.0,44.0
QueePa00,Patrick Queen,BAL,HOU,2023,20,0.0,0.0,LB,0.94,edge,0.0,0.4,2.8,0,10.0,44.0
SmitRo07,Roquan Smith,BAL,HOU,2023,20,0.0,0.0,LB,0.94,edge,0.0,0.6,2.8,0,10.0,44.0
DodsTy01,Tyrel Dodson,BUF,KC,2023,20,0.0,0.0,LB,0.78,edge,0.2,0.6,2.2,0,2.5,45.5
JoneDa04,DaQuan Jones,BUF,KC,2023,20,0.0,1.0,DT,0.6,interior,0.2,1.8,2.2,0,2.5,45.5
KleiAJ00,A.J. Klein,BUF,KC,2023,20,0.0,0.0,LB,0.98,edge,0.0,0.0,2.2,0,2.5,45.5
OlivEd00,Ed Oliver,BUF,KC,2023,20,0.0,0.0,DT,0.8,interior,0.7,1.6,2.2,0,2.5,45.5
RousGr00,Gregory Rousseau,BUF,KC,2023,20,0.0,3.0,DE,0.64,edge,0.4,2.0,2.2,0,2.5,45.5
AnzaAl00,Alex Anzalone,DET,TB,2023,20,0.0,1.0,LB,1.0,edge,0.0,1.2,3.2,1,6.0,49.5
BarnDe02,Derrick Barnes,DET,TB,2023,20,0.0,0.0,LB,0.75,edge,0.0,1.2,3.2,1,6.0,49.5
HutcAi00,Aidan Hutchinson,DET,TB,2023,20,1.0,5.0,DE,0.91,edge,1.4,5.0,3.2,1,6.0,49.5
CampDe00,De'Vondre Campbell,GB,SF,2023,20,0.0,1.0,LB,0.63,edge,0.2,0.4,2.0,0,-10.5,50.5
ClarKe01,Kenny Clark,GB,SF,2023,20,0.5,2.0,DE,0.88,edge,0.6,1.4,2.0,0,-10.5,50.5
GaryRa00,Rashan Gary,GB,SF,2023,20,0.0,2.0,LB,0.66,edge,0.1,1.6,2.0,0,-10.5,50.5
SmitPr00,Preston Smith,GB,SF,2023,20,0.5,2.0,LB,0.83,edge,0.4,1.2,2.0,0,-10.5,50.5
WalkQu00,Quay Walker,GB,SF,2023,20,0.0,0.0,LB,0.91,edge,0.5,1.0,2.0,0,-10.5,50.5
WyatDe00,Devonte Wyatt,GB,SF,2023,20,0.0,0.0,DE,0.66,edge,1.0,1.0,2.0,0,-10.5,50.5
BarnDe01,Derek Barnett,HOU,BAL,2023,20,0.0,0.0,DE,0.72,edge,0.625,2.25,2.4,0,-10.0,44.0
CashBl00,Blake Cashman,HOU,BAL,2023,20,1.0,1.0,LB,0.68,edge,0.2,0.6,2.4,0,-10.0,44.0
GreeJo04,Jonathan Greenard,HOU,BAL,2023,20,0.0,0.0,DE,0.74,edge,1.1,2.4,2.4,0,-10.0,44.0
HarrCh06,Christian Harris,HOU,BAL,2023,20,0.0,3.0,LB,0.93,edge,0.4,0.4,2.4,0,-10.0,44.0
RankSh00,Sheldon Rankins,HOU,BAL,2023,20,0.0,0.0,DT,0.65,interior,0.8,1.6,2.4,0,-10.0,44.0
BoltNi00,Nick Bolton,KC,BUF,2023,20,0.0,0.0,LB,0.99,edge,0.0,0.4,1.6,0,-2.5,45.5
JoneCh09,Chris Jones,KC,BUF,2023,20,0.0,1.0,DT,0.78,interior,0.5,3.2,1.6,0,-2.5,45.5
KarlGe00,George Karlaftis III,KC,BUF,2023,20,0.0,0.0,DE,0.83,edge,0.8,2.4,1.6,0,-2.5,45.5
TranDr00,Drue Tranquill,KC,BUF,2023,20,0.0,0.0,LB,0.71,edge,0.2,0.4,1.6,0,-2.5,45.5
BosaNi00,Nick Bosa,SF,GB,2023,20,0.0,5.0,DE,0.94,edge,0.9,2.2,0.8,0,10.5,50.5
GreeDr00,Dre Greenlaw,SF,GB,2023,20,0.0,0.0,LB,1.0,edge,0.1,0.2,0.8,0,10.5,50.5
HargJa00,Javon Hargrave,SF,GB,2023,20,0.0,1.0,DT,0.66,interior,0.8,1.6,0.8,0,10.5,50.5
WarnFr00,Fred Warner,SF,GB,2023,20,0.0,1.0,LB,1.0,edge,0.1,0.4,0.8,0,10.5,50.5
YounCh04,Chase Young,SF,GB,2023,20,0.0,1.0,DE,0.67,edge,0.7,1.2,0.8,0,10.5,50.5
BarrSh00,Shaquil Barrett,TB,DET,2023,20,0.0,1.0,LB,0.7,edge,0.0,0.4,1.6,1,-6.0,49.5
BritKJ00,K.J. Britt,TB,DET,2023,20,0.0,0.0,LB,0.81,edge,0.0,0.0,1.6,1,-6.0,49.5
DaviLa00,Lavonte David,TB,DET,2023,20,1.0,1.0,LB,1.0,edge,0.3,1.4,1.6,1,-6.0,49.5
DiabYa00,YaYa Diaby,TB,DET,2023,20,0.0,0.0,LB,0.62,edge,0.4,1.0,1.6,1,-6.0,49.5
KancCa00,Calijah Kancey,TB,DET,2023,20,1.0,1.0,DE,0.67,edge,0.5,1.6,1.6,1,-6.0,49.5
VeaxVi00,Vita Vea,TB,DET,2023,20,0.0,2.0,NT,0.66,interior,0.5,1.2,1.6,1,-6.0,49.5
ClowJa00,Jadeveon Clowney,BAL,KC,2023,21,1.0,4.0,LB,0.75,edge,0.2,1.4,2.0,0,4.5,44.0
MaduJu00,Justin Madubuike,BAL,KC,2023,21,0.5,4.0,DT,0.73,interior,0.6,2.4,2.0,0,4.5,44.0
QueePa00,Patrick Queen,BAL,KC,2023,21,0.0,1.0,LB,1.0,edge,0.0,0.4,2.0,0,4.5,44.0
SmitRo07,Roquan Smith,BAL,KC,2023,21,0.0,1.0,LB,1.0,edge,0.0,0.6,2.0,0,4.5,44.0
VanNKy00,Kyle Van Noy,BAL,KC,2023,21,0.0,2.0,LB,0.6,edge,0.2,0.4,2.0,0,4.5,44.0
AluaTy99,Tyson Alualu,DET,SF,2023,21,0.5,1.0,NT,0.65,interior,,,1.6,0,-7.5,52.5
AnzaAl00,Alex Anzalone,DET,SF,2023,21,0.0,1.0,LB,1.0,edge,0.0,0.8,1.6,0,-7.5,52.5
CampJa04,Jack Campbell,DET,SF,2023,21,0.0,0.0,LB,0.89,edge,0.0,0.2,1.6,0,-7.5,52.5
HutcAi00,Aidan Hutchinson,DET,SF,2023,21,0.0,0.0,DE,0.88,edge,1.6,5.4,1.6,0,-7.5,52.5
McNeAl00,Alim McNeill,DET,SF,2023,21,1.0,2.0,DT,0.7,interior,0.6,1.6,1.6,0,-7.5,52.5
RodrMa00,Malcolm Rodriguez,DET,SF,2023,21,0.0,0.0,LB,0.62,edge,0.2,0.6,1.6,0,-7.5,52.5
BoltNi00,Nick Bolton,KC,BAL,2023,21,0.0,0.0,LB,1.0,edge,0.0,0.4,2.6,0,-4.5,44.0
DannMi00,Michael Danna,KC,BAL,2023,21,0.0,2.0,DE,0.76,edge,0.0,1.8,2.6,0,-4.5,44.0
JoneCh09,Chris Jones,KC,BAL,2023,21,0.0,1.0,DT,0.84,interior,0.5,2.8,2.6,0,-4.5,44.0
KarlGe00,George Karlaftis III,KC,BAL,2023,21,1.0,2.0,DE,0.81,edge,0.8,2.0,2.6,0,-4.5,44.0
TranDr00,Drue Tranquill,KC,BAL,2023,21,0.0,1.0,LB,0.69,edge,0.2,0.4,2.6,0,-4.5,44.0
WharTe00,Tershawn Wharton,KC,BAL,2023,21,1.0,1.0,DT,0.64,interior,0.0,1.3333333333333333,2.6,0,-4.5,44.0
ArmsAr01,Arik Armstead,SF,DET,2023,21,0.0,2.0,DT,0.74,interior,0.7,1.4,1.6,0,7.5,52.5
BosaNi00,Nick Bosa,SF,DET,2023,21,2.0,4.0,DE,0.97,edge,0.5,2.6,1.6,0,7.5,52.5
GreeDr00,Dre Greenlaw,SF,DET,2023,21,0.0,1.0,LB,1.0,edge,0.0,0.0,1.6,0,7.5,52.5
WarnFr00,Fred Warner,SF,DET,2023,21,0.0,0.0,LB,1.0,edge,0.1,0.4,1.6,0,7.5,52.5
BoltNi00,Nick Bolton,KC,SF,2023,22,0.0,2.0,LB,0.99,edge,0.0,0.2,2.0,1,-1.5,47.0
JoneCh09,Chris Jones,KC,SF,2023,22,0.0,2.0,DT,0.73,interior,0.5,1.8,2.0,1,-1.5,47.0
KarlGe00,George Karlaftis III,KC,SF,2023,22,0.5,3.0,DE,0.83,edge,0.8,1.8,2.0,1,-1.5,47.0
ArmsAr01,Arik Armstead,SF,KC,2023,22,1.0,1.0,DT,0.67,interior,0.7,1.6,1.8,1,1.5,47.0
BosaNi00,Nick Bosa,SF,KC,2023,22,0.0,5.0,DE,0.86,edge,0.9,3.0,1.8,1,1.5,47.0
BurkOr00,Oren Burks,SF,KC,2023,22,0.0,0.0,LB,0.9,edge,0.3333333333333333,0.6666666666666666,1.8,1,1.5,47.0
HargJa00,Javon Hargrave,SF,KC,2023,22,1.0,1.0,DT,0.61,interior,0.8,1.6,1.8,1,1.5,47.0
WarnFr00,Fred Warner,SF,KC,2023,22,0.0,0.0,LB,1.0,edge,0.1,0.4,1.8,1,1.5,47.0
YounCh04,Chase Young,SF,KC,2023,22,1.0,2.0,DE,0.7,edge,0.3,0.8,1.8,1,1.5,47.0
CollZa00,Zaven Collins,ARI,BUF,2024,1,0.0,0.0,LB,0.69,edge,0.2,1.2,1.4,0,-6.5,46.0
GardDe01,Dennis Gardeck,ARI,BUF,2024,1,0.0,0.0,LB,0.64,edge,0.0,0.0,1.4,0,-6.5,46.0
WhitKy00,Kyzir White,ARI,BUF,2024,1,0.0,1.0,LB,1.0,edge,0.2,0.4,1.4,0,-6.5,46.0
WilsMa03,Mack Wilson,ARI,BUF,2024,1,0.0,0.0,LB,0.63,edge,0.0,0.0,1.4,0,-6.5,46.0
ElliKa00,Kaden Elliss,ATL,PIT,2024,1,0.0,0.0,LB,1.0,edge,0.4,0.6,2.0,1,4.0,43.0
JarrGr00,Grady Jarrett,ATL,PIT,2024,1,1.5,2.0,DT,0.68,interior,0.3,2.0,2.0,1,4.0,43.0
JudoMa00,Matt Judon,ATL,PIT,2024,1,0.5,1.0,LB,0.68,edge,1.0,2.4,2.0,1,4.0,43.0
JoneTr00,Travis Jones,BAL,KC,2024,1,0.0,1.0,DT,0.61,interior,0.0,0.0,1.6,0,-3.0,46.0
MaduJu00,Nnamdi Madubuike,BAL,KC,2024,1,0.5,2.0,DT,0.74,interior,0.5,2.2,1.6,0,-3.0,46.0
OwehJa00,Odafe Oweh,BAL,KC,2024,1,0.0,1.0,LB,0.85,edge,0.4,1.6,1.6,0,-3.0,46.0
SimpTr00,Trenton Simpson,BAL,KC,2024,1,0.5,1.0,LB,0.7,edge,,,1.6,0,-3.0,46.0
SmitRo07,Roquan Smith,BAL,KC,2024,1,0.0,0.0,LB,1.0,edge,0.0,0.6,1.6,0,-3.0,46.0
BernTe00,Terrel Bernard,BUF,ARI,2024,1,0.0,0.0,LB,1.0,edge,0.6,1.0,1.8,0,6.5,46.0
EpenAJ00,A.J. Epenesa,BUF,ARI,2024,1,0.0,2.0,DE,0.62,edge,1.5,2.5,1.8,0,6.5,46.0
JoneDa04,DaQuan Jones,BUF,ARI,2024,1,0.0,1.0,DT,0.74,interior,0.1,1.6,1.8,0,6.5,46.0
RousGr00,Gregory Rousseau,BUF,ARI,2024,1,3.0,4.0,DE,0.79,edge,0.3,2.2,1.8,0,6.5,46.0
WillDo04,Dorian Williams,BUF,ARI,2024,1,0.0,0.0,LB,0.85,edge,0.0,1.0,1.8,0,6.5,46.0
ClowJa00,Jadeveon Clowney,CAR,NO,2024,1,0.0,1.0,LB,0.62,edge,0.4,1.8,1.6,1,-3.5,41.5
JeweJo00,Josey Jewell,CAR,NO,2024,1,0.0,0.0,LB,0.94,edge,0.4,0.4,1.6,1,-3.5,41.5
RobiAS00,A'Shawn Robinson,CAR,NO,2024,1,0.0,0.0,DE,0.77,edge,0.0,1.0,1.6,1,-3.5,41.5
ThomSh01,Shaq Thompson,CAR,NO,2024,1,0.0,0.0,LB,1.0,edge,0.0,0.2,1.6,1,-3.5,41.5
BillAn00,Andrew Billings,CHI,TEN,2024,1,0.0,3.0,DT,0.7,interior,0.0,0.0,4.4,0,4.0,43.0
DextGe00,Gervon Dexter,CHI,TEN,2024,1,1.0,3.0,DT,0.66,interior,,,4.4,0,4.0,43.0
EdmuTr01,Tremaine Edmunds,CHI,TEN,2024,1,0.0,0.0,LB,1.0,edge,0.0,0.0,4.4,0,4.0,43.0
EdwaTJ02,T.J. Edwards,CHI,TEN,2024,1,0.0,0.0,LB,1.0,edge,0.1,0.6,4.4,0,4.0,43.0
SweaMo00,Montez Sweat,CHI,TEN,2024,1,0.0,2.0,DE,0.69,edge,1.0,3.2,4.4,0,4.0,43.0
WalkDe03,DeMarcus Walker,CHI,TEN,2024,1,0.0,4.0,DE,0.83,edge,0.4,1.8,4.4,0,4.0,43.0
HendTr00,Trey Hendrickson,CIN,NE,2024,1,0.0,3.0,DE,0.75,edge,1.3,2.2,3.6,0,8.0,40.5
HillB.00,B.J. Hill,CIN,NE,2024,1,0.0,0.0,DT,0.8,interior,0.0,1.2,3.6,0,8.0,40.5
HubbSa00,Sam Hubbard,CIN,NE,2024,1,0.0,1.0,DE,0.77,edge,0.4,1.4,3.6,0,8.0,40.5
PratGe00,Germaine Pratt,CIN,NE,2024,1,0.0,0.0,LB,0.97,edge,0.2,0.8,3.6,0,8.0,40.5
WilsLo00,Logan Wilson,CIN,NE,2024,1,0.0,3.0,LB,1.0,edge,0.0,0.2,3.6,0,8.0,40.5
GarrMy00,Myles Garrett,CLE,DAL,2024,1,1.0,4.0,DE,0.76,edge,0.6,2.4,2.8,0,2.5,42.0
HickJo00,Jordan Hicks,CLE,DAL,2024,1,0.0,1.0,LB,0.71,edge,0.2,0.6,2.8,0,2.5,42.0
OwusJe00,Jeremiah Owusu-Koramoah,CLE,DAL,2024,1,0.0,0.0,LB,1.0,edge,0.2,0.4,2.8,0,2.5,42.0
SmitZa00,Za'Darius Smith,CLE,DAL,2024,1,1.0,1.0,DE,0.7,edge,0.4,1.4,2.8,0,2.5,42.0
KendEr00,Eric Kendricks,DAL,CLE,2024,1,2.0,2.0,LB,0.67,edge,0.5,0.8,2.4,0,-2.5,42.0
LawrDe00,DeMarcus Lawrence,DAL,CLE,2024,1,2.0,7.0,DE,0.68,edge,0.0,1.6,2.4,0,-2.5,42.0
OdigOs00,Osa Odighizuwa,DAL,CLE,2024,1,0.0,2.0,DT,0.8,interior,0.0,1.2,2.4,0,-2.5,42.0
ParsMi00,Micah Parsons,DAL,CLE,2024,1,1.0,6.0,LB,0.91,edge,0.3,2.0,2.4,0,-2.5,42.0
AlleZa01,Zach Allen,DEN,SEA,2024,1,0.0,2.0,DE,0.97,edge,0.2,1.6,2.0,0,-6.5,42.0
BrowBa01,Baron Browning,DEN,SEA,2024,1,0.0,0.0,LB,0.69,edge,0.3,1.0,2.0,0,-6.5,42.0
CoopJo02,Jonathon Cooper,DEN,SEA,2024,1,2.0,4.0,LB,0.7,edge,0.6,0.8,2.0,0,-6.5,42.0
SingAl00,Alex Singleton,DEN,SEA,2024,1,0.0,0.0,LB,1.0,edge,0.2,0.6,2.0,0,-6.5,42.0
AnzaAl00,Alex Anzalone,DET,LA,2024,1,0.0,0.0,LB,1.0,edge,0.0,0.6,2.4,1,5.0,54.0
BarnDe02,Derrick Barnes,DET,LA,2024,1,0.0,0.0,LB,0.82,edge,0.0,1.2,2.4,1,5.0,54.0
DaveMa00,Marcus Davenport,DET,LA,2024,1,0.5,6.0,LB,0.63,edge,0.4,2.0,2.4,1,5.0,54.0
HutcAi00,Aidan Hutchinson,DET,LA,2024,1,1.0,7.0,DE,0.9,edge,1.6,4.4,2.4,1,5.0,54.0
OnwuLe00,Levi Onwuzurike,DET,LA,2024,1,0.5,2.0,DE,0.64,edge,,,2.4,1,5.0,54.0
ClarKe01,Kenny Clark,GB,PHI,2024,1,0.0,1.0,DT,0.74,interior,0.7,1.6,1.8,0,-2.0,49.5
GaryRa00,Rashan Gary,GB,PHI,2024,1,1.0,3.0,DE,0.64,edge,0.0,1.8,1.8,0,-2.0,49.5
McDuIs00,Isaiah McDuffie,GB,PHI,2024,1,0.0,2.0,LB,0.97,edge,0.0,0.4,1.8,0,-2.0,49.5
SmitPr00,Preston Smith,GB,PHI,2024,1,0.0,1.0,DE,0.71,edge,0.4,1.4,1.8,0,-2.0,49.5
WalkQu00,Quay Walker,GB,PHI,2024,1,0.0,0.0,LB,1.0,edge,0.5,1.0,1.8,0,-2.0,49.5
AlShAz00,Azeez Al-Shaair,HOU,IND,2024,1,0.0,0.0,LB,1.0,edge,0.0,0.2,2.8,1,3.0,49.0
EdwaMa01,Mario Edwards,HOU,IND,2024,1,1.0,1.0,DT,0.69,interior,1.0,5.0,2.8,1,3.0,49.0
FatuFo00,Folorunso Fatukasi,HOU,IND,2024,1,1.0,1.0,DT,0.62,interior,,,2.8,1,3.0,49.0
HuntDa01,Danielle Hunter,HOU,IND,2024,1,0.0,2.0,DE,0.8,edge,0.6,2.8,2.8,1,3.0,49.0
TooTHe00,Henry To'oTo'o,HOU,IND,2024,1,0.0,0.0,LB,0.89,edge,0.0,0.6,2.8,1,3.0,49.0
BuckDe00,DeForest Buckner,IND,HOU,2024,1,1.5,3.0,DT,0.68,interior,0.6,2.0,2.0,1,-3.0,49.0
FranZa00,Zaire Franklin,IND,HOU,2024,1,0.0,1.0,LB,1.0,edge,0.0,0.0,2.0,1,-3.0,49.0
LewiTy00,Tyquan Lewis,IND,HOU,2024,1,1.0,2.0,DE,0.66,edge,0.25,1.5,2.0,1,-3.0,49.0
PayeKw00,Kwity Paye,IND,HOU,2024,1,1.0,3.0,DE,0.66,edge,0.5,1.4,2.0,1,-3.0,49.0
SpeeEJ00,E.J. Speed,IND,HOU,2024,1,0.0,1.0,LB,0.97,edge,0.0,0.4,2.0,1,-3.0,49.0
AlleJo03,Josh Hines-Allen,JAX,MIA,2024,1,0.0,1.0,DE,0.82,edge,0.8,1.8,2.0,0,-3.5,49.5
LloyDe00,Devin Lloyd,JAX,MIA,2024,1,0.0,0.0,LB,0.75,edge,0.0,0.4,2.0,0,-3.5,49.5
OluoFo00,Foyesade Oluokun,JAX,MIA,2024,1,0.0,1.0,LB,0.85,edge,0.0,0.6,2.0,0,-3.5,49.5
WalkTr03,Travon Walker,JAX,MIA,2024,1,2.0,2.0,DE,0.73,edge,1.0,1.6,2.0,0,-3.5,49.5
BoltNi00,Nick Bolton,KC,BAL,2024,1,0.0,0.0,LB,1.0,edge,0.0,0.6,2.8,0,3.0,46.0
ChenLe00,Leo Chenal,KC,BAL,2024,1,0.0,3.0,LB,0.6,edge,0.3333333333333333,1.3333333333333333,2.8,0,3.0,46.0
JoneCh09,Chris Jones,KC,BAL,2024,1,1.0,6.0,DT,0.71,interior,0.3,1.6,2.8,0,3.0,46.0
KarlGe00,George Karlaftis III,KC,BAL,2024,1,0.0,4.0,DE,0.8,edge,0.9,2.2,2.8,0,3.0,46.0
TranDr00,Drue Tranquill,KC,BAL,2024,1,0.0,0.0,LB,0.84,edge,0.0,0.4,2.8,0,3.0,46.0
WharTe00,Tershawn Wharton,KC,BAL,2024,1,0.0,3.0,DT,0.76,interior,0.25,1.25,2.8,0,3.0,46.0
BrowBo04,Bobby Brown,LA,DET,2024,1,0.0,0.0,NT,0.61,interior,0.0,1.0,1.8,1,-5.0,54.0
FiskBr00,Braden Fiske,LA,DET,2024,1,0.0,1.0,DT,0.77,interior,,,1.8,1,-5.0,54.0
ReedTr01,Troy Reeder,LA,DET,2024,1,0.0,0.0,LB,1.0,edge,0.0,0.0,1.8,1,-5.0,54.0
RozeCh00,Christian Rozeboom,LA,DET,2024,1,0.0,0.0,LB,0.74,edge,0.0,0.0,1.8,1,-5.0,54.0
TurnKo00,Kobie Turner,LA,DET,2024,1,0.0,0.0,NT,0.92,interior,1.0,1.6,1.8,1,-5.0,54.0
VersJa00,Jared Verse,LA,DET,2024,1,1.0,2.0,DE,0.7,edge,,,1.8,1,-5.0,54.0
YounBy01,Byron Young,LA,DET,2024,1,1.0,1.0,LB,0.8,edge,0.4,0.8,1.8,1,-5.0,54.0
BosaJo00,Joey Bosa,LAC,LV,2024,1,1.0,3.0,DE,0.67,edge,0.5,2.0,2.4,1,3.0,41.0
HenlDa00,Daiyan Henley,LAC,LV,2024,1,0.0,0.0,LB,0.67,edge,,,2.4,1,3.0,41.0
MackKh00,Khalil Mack,LAC,LV,2024,1,1.5,2.0,DE,0.72,edge,0.8,2.2,2.4,1,3.0,41.0
ButlAd00,Adam Butler,LV,LAC,2024,1,0.0,1.0,DT,0.93,interior,0.0,1.0,3.6,1,-3.0,41.0
CrosMa00,Maxx Crosby,LV,LAC,2024,1,1.0,4.0,DE,1.0,edge,0.6,3.4,3.6,1,-3.0,41.0
DeabDi00,Divine Deablo,LV,LAC,2024,1,0.0,0.0,LB,0.74,edge,0.0,0.2,3.6,1,-3.0,41.0
SpilRo00,Robert Spillane,LV,LAC,2024,1,0.0,0.0,LB,1.0,edge,0.2,0.4,3.6,1,-3.0,41.0
WilkCh00,Christian Wilkins,LV,LAC,2024,1,0.0,0.0,DT,0.95,interior,0.5,2.0,3.6,1,-3.0,41.0
BrooJo01,Jordyn Brooks,MIA,JAX,2024,1,0.0,0.0,LB,1.0,edge,0.0,0.2,2.4,0,3.5,49.5
CampCa99,Calais Campbell,MIA,JAX,2024,1,1.0,1.0,DE,0.66,edge,0.4,1.6,2.4,0,3.5,49.5
LongDa04,David Long,MIA,JAX,2024,1,0.0,0.0,LB,1.0,edge,0.0,0.8,2.4,0,3.5,49.5
OgbaEm00,Emmanuel Ogbah,MIA,JAX,2024,1,1.0,2.0,DE,0.75,edge,0.3333333333333333,2.3333333333333335,2.4,0,3.5,49.5
PhilJa02,Jaelan Phillips,MIA,JAX,2024,1,1.0,1.0,LB,0.64,edge,1.2,2.0,2.4,0,3.5,49.5
CashBl00,Blake Cashman,MIN,NYG,2024,1,0.0,0.0,LB,0.89,edge,0.4,0.8,3.2,0,1.0,42.5
GreeJo04,Jonathan Greenard,MIN,NYG,2024,1,0.0,3.0,LB,0.73,edge,1.1,2.2,3.2,0,1.0,42.5
BentJa00,Ja'Whaun Bentley,NE,CIN,2024,1,0.5,1.0,LB,1.0,edge,0.1,0.8,3.4,0,-8.0,40.5
TavaJa00,Jahlani Tavai,NE,CIN,2024,1,0.0,0.0,LB,0.73,edge,0.0,0.2,3.4,0,-8.0,40.5
WhitKe03,Keion White,NE,CIN,2024,1,2.5,3.0,DE,0.8,edge,0.0,1.0,3.4,0,-8.0,40.5
DaviDe00,Demario Davis,NO,CAR,2024,1,1.0,1.0,LB,0.68,edge,0.5,0.8,3.6,1,3.5,41.5
GranCa01,Carl Granderson,NO,CAR,2024,1,0.0,3.0,DE,0.68,edge,0.6,1.8,3.6,1,3.5,41.5
WernPe00,Pete Werner,NO,CAR,2024,1,0.0,0.0,LB,0.69,edge,0.0,0.2,3.6,1,3.5,41.5
YounCh04,Chase Young,NO,CAR,2024,1,0.0,2.0,DE,0.63,edge,0.5,1.2,3.6,1,3.5,41.5
BurnBr00,Brian Burns,NYG,MIN,2024,1,0.0,1.0,LB,0.87,edge,0.4,0.8,4.0,0,-1.0,42.5
LawrDe03,Dexter Lawrence,NYG,MIN,2024,1,1.0,3.0,NT,0.67,interior,0.8,3.4,4.0,0,-1.0,42.5
MuasDa00,Darius Muasau,NYG,MIN,2024,1,0.0,0.0,LB,0.82,edge,,,4.0,0,-1.0,42.5
OkerBo00,Bobby Okereke,NYG,MIN,2024,1,0.0,0.0,LB,1.0,edge,0.5,1.0,4.0,0,-1.0,42.5
ThibKa00,Kayvon Thibodeaux,NYG,MIN,2024,1,0.0,1.0,LB,0.75,edge,0.1,1.8,4.0,0,-1.0,42.5
JohnJe07,Jermaine Johnson II,NYJ,SF,2024,1,0.0,1.0,LB,0.69,edge,0.2,1.4,1.4,0,-3.5,43.0
MoslC.00,C.J. Mosley,NYJ,SF,2024,1,0.0,0.0,LB,0.88,edge,0.0,0.0,1.4,0,-3.5,43.0
WillQu00,Quinnen Williams,NYJ,SF,2024,1,0.0,2.0,NT,0.67,interior,0.5,1.8,1.4,0,-3.5,43.0
WillQu01,Quincy Williams,NYJ,SF,2024,1,0.0,0.0,LB,1.0,edge,0.0,0.0,1.4,0,-3.5,43.0
BaunZa00,Zack Baun,PHI,GB,2024,1,2.0,3.0,LB,1.0,edge,,,0.4,0,2.0,49.5
CartJa05,Jalen Carter,PHI,GB,2024,1,0.0,1.0,DT,0.76,interior,1.25,1.5,0.4,0,2.0,49.5
DeanNa00,Nakobe Dean,PHI,GB,2024,1,0.0,0.0,LB,0.96,edge,0.0,0.0,0.4,0,2.0,49.5
SweaJo00,Josh Sweat,PHI,GB,2024,1,0.0,1.0,LB,0.61,edge,0.2,1.0,0.4,0,2.0,49.5
HeywCa01,Cameron Heyward,PIT,ATL,2024,1,0.0,1.0,DT,0.63,interior,0.2,0.6,1.4,1,-4.0,43.0
HighAl02,Alex Highsmith,PIT,ATL,2024,1,0.0,0.0,LB,0.88,edge,0.4,1.2,1.4,1,-4.0,43.0
OgunLa00,Larry Ogunjobi,PIT,ATL,2024,1,0.0,3.0,DT,0.61,interior,0.0,1.0,1.4,1,-4.0,43.0
QueePa00,Patrick Queen,PIT,ATL,2024,1,0.0,0.0,LB,1.0,edge,0.0,0.6,1.4,1,-4.0,43.0
WattT.00,T.J. Watt,PIT,ATL,2024,1,1.0,3.0,LB,0.89,edge,0.7,2.6,1.4,1,-4.0,43.0
BakeJe00,Jerome Baker,SEA,DEN,2024,1,0.0,0.0,LB,0.99,edge,0.0,0.2,3.2,0,6.5,42.0
DodsTy01,Tyrel Dodson,SEA,DEN,2024,1,0.0,0.0,LB,1.0,edge,0.2,0.4,3.2,0,6.5,42.0
MafeBo00,Boye Mafe,SEA,DEN,2024,1,1.0,4.0,LB,0.87,edge,0.4,1.4,3.2,0,6.5,42.0
WillLe02,Leonard Williams,SEA,DEN,2024,1,0.0,4.0,DT,0.65,interior,0.6,2.0,3.2,0,6.5,42.0
BosaNi00,Nick Bosa,SF,NYJ,2024,1,0.0,3.0,DE,0.94,edge,0.6,3.6,2.6,0,3.5,43.0
CampDe00,De'Vondre Campbell,SF,NYJ,2024,1,0.0,0.0,LB,1.0,edge,0.2,0.6,2.6,0,3.5,43.0
FloyLe00,Leonard Floyd,SF,NYJ,2024,1,1.0,2.0,DE,0.67,edge,0.2,2.8,2.6,0,3.5,43.0
WarnFr00,Fred Warner,SF,NYJ,2024,1,0.0,0.0,LB,1.0,edge,0.0,0.2,2.6,0,3.5,43.0
BritKJ00,K.J. Britt,TB,WAS,2024,1,0.0,1.0,LB,0.66,edge,0.0,0.0,2.0,0,4.0,42.0
DaviLa00,Lavonte David,TB,WAS,2024,1,0.0,1.0,LB,0.98,edge,0.4,1.2,2.0,0,4.0,42.0
LandHa00,Harold Landry,TEN,CHI,2024,1,1.0,2.0,LB,0.93,edge,1.0,2.6,3.0,0,-4.0,43.0
MurrKe00,Kenneth Murray,TEN,CHI,2024,1,0.0,0.0,LB,1.0,edge,0.2,0.4,3.0,0,-4.0,43.0
SweaTV01,T'Vondre Sweat,TEN,CHI,2024,1,0.0,1.0,NT,0.68,interior,,,3.0,0,-4.0,43.0
AlleJo01,Jonathan Allen,WAS,TB,2024,1,0.0,2.0,DT,0.64,interior,0.3,1.2,3.0,0,-4.0,42.0
LuvuFr00,Frankie Luvu,WAS,TB,2024,1,0.0,2.0,LB,0.92,edge,0.4,1.2,3.0,0,-4.0,42.0
PaynDa00,Daron Payne,WAS,TB,2024,1,0.0,2.0,DT,0.62,interior,0.6,1.0,3.0,0,-4.0,42.0
WagnBo00,Bobby Wagner,WAS,TB,2024,1,0.0,1.0,LB,1.0,edge,0.2,0.2,3.0,0,-4.0,42.0
JoneJu03,Justin Jones,ARI,LA,2024,2,0.0,1.0,DT,0.67,interior,0.5,1.4,2.2,1,-1.0,47.5
WhitKy00,Kyzir White,ARI,LA,2024,2,0.0,0.0,LB,0.85,edge,0.0,0.4,2.2,1,-1.0,47.5
AndeTr00,Troy Andersen,ATL,PHI,2024,2,0.0,0.0,LB,0.94,edge,0.1,0.6,2.2,0,-5.5,46.5
ElliKa00,Kaden Elliss,ATL,PHI,2024,2,0.0,1.0,LB,1.0,edge,0.4,0.6,2.2,0,-5.5,46.5
JarrGr00,Grady Jarrett,ATL,PHI,2024,2,0.0,3.0,DT,0.68,interior,0.5,1.8,2.2,0,-5.5,46.5
JoneTr00,Travis Jones,BAL,LV,2024,2,0.0,1.0,DT,0.63,interior,0.0,0.5,2.2,0,9.0,41.0
MaduJu00,Nnamdi Madubuike,BAL,LV,2024,2,0.0,1.0,DT,0.65,interior,0.4,2.0,2.2,0,9.0,41.0
OwehJa00,Odafe Oweh,BAL,LV,2024,2,2.5,4.0,LB,0.67,edge,0.4,1.8,2.2,0,9.0,41.0
SimpTr00,Trenton Simpson,BAL,LV,2024,2,0.0,0.0,LB,1.0,edge,0.5,1.0,2.2,0,9.0,41.0
SmitRo07,Roquan Smith,BAL,LV,2024,2,0.0,0.0,LB,1.0,edge,0.0,0.6,2.2,0,9.0,41.0
EpenAJ00,A.J. Epenesa,BUF,MIA,2024,2,0.0,1.0,DE,0.66,edge,1.0,2.3333333333333335,2.0,0,-2.5,48.5
OlivEd00,Ed Oliver,BUF,MIA,2024,2,1.0,1.0,DT,0.61,interior,0.6,1.4,2.0,0,-2.5,48.5
SpecBa00,Baylon Spector,BUF,MIA,2024,2,0.0,0.0,LB,0.82,edge,,,2.0,0,-2.5,48.5
WillDo04,Dorian Williams,BUF,MIA,2024,2,0.0,0.0,LB,0.7,edge,0.0,0.5,2.0,0,-2.5,48.5
JeweJo00,Josey Jewell,CAR,LAC,2024,2,0.0,0.0,LB,1.0,edge,0.2,0.2,2.6,0,-5.0,39.0
ThomSh01,Shaq Thompson,CAR,LAC,2024,2,0.0,0.0,LB,1.0,edge,0.0,0.2,2.6,0,-5.0,39.0
BillAn00,Andrew Billings,CHI,HOU,2024,2,0.0,1.0,DT,0.68,interior,0.0,1.5,2.0,1,-6.0,45.5
DextGe00,Gervon Dexter,CHI,HOU,2024,2,1.0,2.0,DT,0.69,interior,1.0,3.0,2.0,1,-6.0,45.5
EdmuTr01,Tremaine Edmunds,CHI,HOU,2024,2,1.0,1.0,LB,1.0,edge,0.0,0.0,2.0,1,-6.0,45.5
EdwaTJ02,T.J. Edwards,CHI,HOU,2024,2,0.0,0.0,LB,1.0,edge,0.1,0.6,2.0,1,-6.0,45.5
SweaMo00,Montez Sweat,CHI,HOU,2024,2,0.0,1.0,DE,0.66,edge,0.7,2.8,2.0,1,-6.0,45.5
WalkDe03,DeMarcus Walker,CHI,HOU,2024,2,0.0,1.0,DE,0.84,edge,0.4,2.4,2.0,1,-6.0,45.5
HendTr00,Trey Hendrickson,CIN,KC,2024,2,2.0,3.0,DE,0.72,edge,1.1,2.6,1.6,0,-6.5,47.5
PratGe00,Germaine Pratt,CIN,KC,2024,2,0.0,1.0,LB,0.94,edge,0.2,0.6,1.6,0,-6.5,47.5
WilsLo00,Logan Wilson,CIN,KC,2024,2,0.0,0.0,LB,1.0,edge,0.0,0.8,1.6,0,-6.5,47.5
GarrMy00,Myles Garrett,CLE,JAX,2024,2,1.0,2.0,DE,0.68,edge,0.4,2.6,2.2,0,-3.0,41.5
HickJo00,Jordan Hicks,CLE,JAX,2024,2,1.0,2.0,LB,0.88,edge,0.2,0.8,2.2,0,-3.0,41.5
OwusJe00,Jeremiah Owusu-Koramoah,CLE,JAX,2024,2,0.0,0.0,LB,0.98,edge,0.2,0.2,2.2,0,-3.0,41.5
SmitZa00,Za'Darius Smith,CLE,JAX,2024,2,0.0,1.0,DE,0.62,edge,0.6,1.4,2.2,0,-3.0,41.5
ClarDa02,Damone Clark,DAL,NO,2024,2,0.0,0.0,LB,0.69,edge,0.0,0.2,1.6,1,6.5,47.0
KendEr00,Eric Kendricks,DAL,NO,2024,2,0.0,0.0,LB,0.95,edge,0.7,1.0,1.6,1,6.5,47.0
LiufMa00,Marist Liufau,DAL,NO,2024,2,0.0,0.0,LB,0.66,edge,,,1.6,1,6.5,47.0
OdigOs00,Osa Odighizuwa,DAL,NO,2024,2,0.0,1.0,DT,0.68,interior,0.0,1.4,1.6,1,6.5,47.0
ParsMi00,Micah Parsons,DAL,NO,2024,2,0.0,4.0,LB,0.75,edge,0.5,2.8,1.6,1,6.5,47.0
AlleZa01,Zach Allen,DEN,PIT,2024,2,1.0,4.0,DE,0.92,edge,0.0,1.4,1.6,0,-3.0,36.5
BartCo00,Cody Barton,DEN,PIT,2024,2,0.0,0.0,LB,0.71,edge,0.0,0.0,1.6,0,-3.0,36.5
BoniNi00,Nik Bonitto,DEN,PIT,2024,2,0.0,0.0,LB,0.62,edge,0.9,1.4,1.6,0,-3.0,36.5
CoopJo02,Jonathon Cooper,DEN,PIT,2024,2,0.0,0.0,LB,0.83,edge,1.0,1.6,1.6,0,-3.0,36.5
RoacMa01,Malcolm Roach,DEN,PIT,2024,2,0.0,0.0,DT,0.61,interior,,,1.6,0,-3.0,36.5
SingAl00,Alex Singleton,DEN,PIT,2024,2,0.0,1.0,LB,1.0,edge,0.0,0.4,1.6,0,-3.0,36.5
AnzaAl00,Alex Anzalone,DET,TB,2024,2,0.0,0.0,LB,0.83,edge,0.0,0.4,2.8,1,7.5,51.5
BarnDe02,Derrick Barnes,DET,TB,2024,2,0.0,0.0,LB,0.94,edge,0.0,1.2,2.8,1,7.5,51.5
CampJa04,Jack Campbell,DET,TB,2024,2,0.0,0.0,LB,0.73,edge,0.0,0.2,2.8,1,7.5,51.5
HutcAi00,Aidan Hutchinson,DET,TB,2024,2,4.5,7.0,DE,0.9,edge,1.2,4.6,2.8,1,7.5,51.5
McNeAl00,Alim McNeill,DET,TB,2024,2,0.0,1.0,DT,0.73,interior,0.8,1.8,2.8,1,7.5,51.5
OnwuLe00,Levi Onwuzurike,DET,TB,2024,2,0.5,2.0,DE,0.75,edge,0.5,2.0,2.8,1,7.5,51.5
ClarKe01,Kenny Clark,GB,IND,2024,2,0.0,1.0,DT,0.63,interior,0.3,1.2,2.6,0,-3.0,41.5
McDuIs00,Isaiah McDuffie,GB,IND,2024,2,0.0,1.0,LB,0.89,edge,0.0,0.8,2.6,0,-3.0,41.5
WalkQu00,Quay Walker,GB,IND,2024,2,0.0,0.0,LB,1.0,edge,0.4,0.8,2.6,0,-3.0,41.5
AlShAz00,Azeez Al-Shaair,HOU,CHI,2024,2,1.0,2.0,LB,1.0,edge,0.0,0.2,2.8,1,6.0,45.5
AndeWi01,Will Anderson,HOU,CHI,2024,2,1.5,3.0,DE,0.71,edge,0.8,3.4,2.8,1,6.0,45.5
HuntDa01,Danielle Hunter,HOU,CHI,2024,2,1.5,4.0,DE,0.83,edge,0.6,2.6,2.8,1,6.0,45.5
TooTHe00,Henry To'oTo'o,HOU,CHI,2024,2,1.0,1.0,LB,0.73,edge,0.0,0.0,2.8,1,6.0,45.5
FranZa00,Zaire Franklin,IND,GB,2024,2,0.0,1.0,LB,1.0,edge,0.0,0.2,0.6,0,3.0,41.5
LewiTy00,Tyquan Lewis,IND,GB,2024,2,0.0,0.0,DE,0.63,edge,0.4,1.6,0.6,0,3.0,41.5
SpeeEJ00,E.J. Speed,IND,GB,2024,2,0.0,0.0,LB,0.99,edge,0.0,0.6,0.6,0,3.0,41.5
AlleJo03,Josh Hines-Allen,JAX,CLE,2024,2,1.0,5.0,DE,0.74,edge,0.8,1.8,2.8,0,3.0,41.5
LloyDe00,Devin Lloyd,JAX,CLE,2024,2,0.0,1.0,LB,0.67,edge,0.0,0.4,2.8,0,3.0,41.5
OluoFo00,Foyesade Oluokun,JAX,CLE,2024,2,1.0,2.0,LB,0.82,edge,0.0,0.8,2.8,0,3.0,41.5
RobeRo00,Roy Robertson-Harris,JAX,CLE,2024,2,0.0,0.0,DT,0.68,interior,0.0,1.6,2.8,0,3.0,41.5
WalkTr03,Travon Walker,JAX,CLE,2024,2,0.0,2.0,DE,0.76,edge,1.4,1.8,2.8,0,3.0,41.5
BoltNi00,Nick Bolton,KC,CIN,2024,2,0.0,0.0,LB,0.95,edge,0.0,0.6,4.0,0,6.5,47.5
DannMi00,Michael Danna,KC,CIN,2024,2,0.5,1.0,DE,0.7,edge,0.0,2.0,4.0,0,6.5,47.5
JoneCh09,Chris Jones,KC,CIN,2024,2,0.5,3.0,DT,0.8,interior,0.3,2.2,4.0,0,6.5,47.5
KarlGe00,George Karlaftis III,KC,CIN,2024,2,0.5,2.0,DE,0.86,edge,0.6,2.2,4.0,0,6.5,47.5
TranDr00,Drue Tranquill,KC,CIN,2024,2,0.0,0.0,LB,0.8,edge,0.0,0.4,4.0,0,6.5,47.5
WharTe00,Tershawn Wharton,KC,CIN,2024,2,0.5,1.0,DT,0.69,interior,0.2,1.6,4.0,0,6.5,47.5
FiskBr00,Braden Fiske,LA,ARI,2024,2,0.0,1.0,DT,0.79,interior,0.0,1.0,2.2,1,1.0,47.5
HoecMi00,Michael Hoecht,LA,ARI,2024,2,0.0,0.0,LB,0.64,edge,0.4,1.2,2.2,1,1.0,47.5
ReedTr01,Troy Reeder,LA,ARI,2024,2,0.0,0.0,LB,0.98,edge,0.0,0.0,2.2,1,1.0,47.5
RozeCh00,Christian Rozeboom,LA,ARI,2024,2,0.0,0.0,LB,0.79,edge,0.0,0.0,2.2,1,1.0,47.5
TurnKo00,Kobie Turner,LA,ARI,2024,2,1.0,2.0,NT,0.83,interior,0.8,1.4,2.2,1,1.0,47.5
VersJa00,Jared Verse,LA,ARI,2024,2,0.0,2.0,LB,0.73,edge,1.0,2.0,2.2,1,1.0,47.5
YounBy01,Byron Young,LA,ARI,2024,2,0.0,0.0,LB,0.64,edge,0.6,1.0,2.2,1,1.0,47.5
DuprAl00,Bud Dupree,LAC,CAR,2024,2,0.0,0.0,LB,0.65,edge,0.7,2.2,3.6,0,5.0,39.0
HenlDa00,Daiyan Henley,LAC,CAR,2024,2,0.0,0.0,LB,0.9,edge,0.0,0.0,3.6,0,5.0,39.0
JameDe00,Derwin James,LAC,CAR,2024,2,0.0,0.0,LB,0.92,edge,,,3.6,0,5.0,39.0
PerrDe00,Denzel Perryman,LAC,CAR,2024,2,1.0,1.0,LB,0.65,edge,0.0,0.2,3.6,0,5.0,39.0
ButlAd00,Adam Butler,LV,BAL,2024,2,0.0,0.0,DT,0.82,interior,0.0,1.0,2.6,0,-9.0,41.0
CrosMa00,Maxx Crosby,LV,BAL,2024,2,2.0,3.0,DE,1.0,edge,0.4,3.2,2.6,0,-9.0,41.0
DeabDi00,Divine Deablo,LV,BAL,2024,2,0.0,0.0,LB,0.66,edge,0.0,0.2,2.6,0,-9.0,41.0
SpilRo00,Robert Spillane,LV,BAL,2024,2,0.0,0.0,LB,1.0,edge,0.0,0.2,2.6,0,-9.0,41.0
WilkCh00,Christian Wilkins,LV,BAL,2024,2,0.0,1.0,DT,0.95,interior,0.3,1.6,2.6,0,-9.0,41.0
BrooJo01,Jordyn Brooks,MIA,BUF,2024,2,0.0,1.0,LB,1.0,edge,0.0,0.2,1.6,0,2.5,48.5
LongDa04,David Long,MIA,BUF,2024,2,0.0,1.0,LB,1.0,edge,0.0,0.8,1.6,0,2.5,48.5
CashBl00,Blake Cashman,MIN,SF,2024,2,1.0,1.0,LB,0.99,edge,0.2,0.4,2.0,1,-4.5,46.5
GreeJo04,Jonathan Greenard,MIN,SF,2024,2,1.0,3.0,LB,0.67,edge,1.1,2.6,2.0,1,-4.5,46.5
PaceIv00,Ivan Pace,MIN,SF,2024,2,0.0,0.0,LB,0.69,edge,0.4,1.0,2.0,1,-4.5,46.5
PhilHa00,Harrison Phillips,MIN,SF,2024,2,0.0,1.0,NT,0.63,interior,0.3,0.8,2.0,1,-4.5,46.5
VanGAn00,Andrew Van Ginkel,MIN,SF,2024,2,1.0,1.0,LB,0.81,edge,0.4,1.6,2.0,1,-4.5,46.5
EkuaDa00,Daniel Ekuale,NE,SEA,2024,2,0.5,1.0,DT,0.77,interior,,,1.6,0,-3.5,39.0
JennAn00,Anfernee Jennings,NE,SEA,2024,2,0.0,0.0,LB,0.63,edge,0.0,0.2,1.6,0,-3.5,39.0
TavaJa00,Jahlani Tavai,NE,SEA,2024,2,0.0,0.0,LB,0.99,edge,0.0,0.2,1.6,0,-3.5,39.0
WhitKe03,Keion White,NE,SEA,2024,2,1.5,2.0,DE,0.83,edge,0.5,1.4,1.6,0,-3.5,39.0
BresBr00,Bryan Bresee,NO,DAL,2024,2,1.0,2.0,DT,0.69,interior,2.0,2.0,2.8,1,-6.5,47.0
DaviDe00,Demario Davis,NO,DAL,2024,2,0.0,0.0,LB,0.96,edge,0.4,0.4,2.8,1,-6.5,47.0
GranCa01,Carl Granderson,NO,DAL,2024,2,1.5,6.0,DE,0.77,edge,0.4,1.8,2.8,1,-6.5,47.0
WernPe00,Pete Werner,NO,DAL,2024,2,0.0,0.0,LB,0.73,edge,0.0,0.2,2.8,1,-6.5,47.0
YounCh04,Chase Young,NO,DAL,2024,2,0.5,2.0,DE,0.71,edge,0.4,1.2,2.8,1,-6.5,47.0
BurnBr00,Brian Burns,NYG,WAS,2024,2,0.0,1.0,LB,0.89,edge,0.4,1.0,1.8,0,-1.5,42.5
McFaMi01,Micah McFadden,NYG,WAS,2024,2,1.0,3.0,LB,0.79,edge,0.1,0.4,1.8,0,-1.5,42.5
OkerBo00,Bobby Okereke,NYG,WAS,2024,2,1.0,1.0,LB,1.0,edge,0.5,1.0,1.8,0,-1.5,42.5
ThibKa00,Kayvon Thibodeaux,NYG,WAS,2024,2,0.0,2.0,LB,0.78,edge,0.0,1.0,1.8,0,-1.5,42.5
SherJa00,Jamien Sherwood,NYJ,TEN,2024,2,0.0,0.0,LB,0.82,edge,,,4.8,0,3.5,41.5
WillQu00,Quinnen Williams,NYJ,TEN,2024,2,0.0,1.0,NT,0.74,interior,0.3,2.0,4.8,0,3.5,41.5
WillQu01,Quincy Williams,NYJ,TEN,2024,2,0.0,0.0,LB,1.0,edge,0.0,0.0,4.8,0,3.5,41.5
BaunZa00,Zack Baun,PHI,ATL,2024,2,0.0,0.0,LB,0.98,edge,2.0,3.0,1.2,0,5.5,46.5
CartJa05,Jalen Carter,PHI,ATL,2024,2,0.0,2.0,DT,0.75,interior,0.8333333333333334,1.3333333333333333,1.2,0,5.5,46.5
DeanNa00,Nakobe Dean,PHI,ATL,2024,2,0.0,0.0,LB,0.98,edge,0.0,0.0,1.2,0,5.5,46.5
SweaJo00,Josh Sweat,PHI,ATL,2024,2,0.0,1.0,LB,0.66,edge,0.2,1.0,1.2,0,5.5,46.5
HeywCa01,Cameron Heyward,PIT,DEN,2024,2,0.0,2.0,DT,0.67,interior,0.0,0.6,3.2,0,3.0,36.5
HighAl02,Alex Highsmith,PIT,DEN,2024,2,1.0,1.0,LB,0.8,edge,0.4,1.2,3.2,0,3.0,36.5
QueePa00,Patrick Queen,PIT,DEN,2024,2,0.0,0.0,LB,1.0,edge,0.0,0.2,3.2,0,3.0,36.5
WattT.00,T.J. Watt,PIT,DEN,2024,2,1.0,2.0,LB,0.9,edge,0.8,2.8,3.2,0,3.0,36.5
DodsTy01,Tyrel Dodson,SEA,NE,2024,2,0.0,0.0,LB,1.0,edge,0.0,0.2,3.4,0,3.5,39.0
HallDe04,Derick Hall,SEA,NE,2024,2,0.0,2.0,LB,0.66,edge,,,3.4,0,3.5,39.0
KnigTy00,Tyrice Knight,SEA,NE,2024,2,0.0,0.0,LB,0.65,edge,,,3.4,0,3.5,39.0
MafeBo00,Boye Mafe,SEA,NE,2024,2,1.0,5.0,LB,0.74,edge,0.6,2.2,3.4,0,3.5,39.0
WillLe02,Leonard Williams,SEA,NE,2024,2,1.5,6.0,DT,0.77,interior,0.4,2.6,3.4,0,3.5,39.0
BosaNi00,Nick Bosa,SF,MIN,2024,2,2.0,3.0,DE,0.85,edge,0.4,3.8,3.2,1,4.5,46.5
CampDe00,De'Vondre Campbell,SF,MIN,2024,2,0.0,0.0,LB,0.94,edge,0.2,0.6,3.2,1,4.5,46.5
CollMa00,Maliek Collins,SF,MIN,2024,2,0.0,1.0,DT,0.67,interior,0.5,2.2,3.2,1,4.5,46.5
HargJa00,Javon Hargrave,SF,MIN,2024,2,0.0,2.0,DT,0.61,interior,0.7,1.2,3.2,1,4.5,46.5
WarnFr00,Fred Warner,SF,MIN,2024,2,1.0,1.0,LB,1.0,edge,0.0,0.2,3.2,1,4.5,46.5
DaviLa00,Lavonte David,TB,DET,2024,2,0.0,0.0,LB,1.0,edge,0.2,1.2,2.0,1,-7.5,51.5
DiabYa00,YaYa Diaby,TB,DET,2024,2,0.0,3.0,LB,0.76,edge,0.4,1.0,2.0,1,-7.5,51.5
GainGr00,Greg Gaines,TB,DET,2024,2,0.0,2.0,NT,0.78,interior,0.4,1.0,2.0,1,-7.5,51.5
TryoJo00,Joe Tryon-Shoyinka,TB,DET,2024,2,0.0,1.0,LB,0.71,edge,0.2,1.0,2.0,1,-7.5,51.5
JoneEr01,Ernest Jones,TEN,NYJ,2024,2,0.0,0.0,LB,1.0,edge,1.0,1.6,2.0,0,-3.5,41.5
LandHa00,Harold Landry,TEN,NYJ,2024,2,2.0,2.0,LB,0.88,edge,0.6,1.8,2.0,0,-3.5,41.5
MurrKe00,Kenneth Murray,TEN,NYJ,2024,2,0.0,1.0,LB,0.95,edge,0.2,0.2,2.0,0,-3.5,41.5
SimmJe01,Jeffery Simmons,TEN,NYJ,2024,2,0.0,0.0,DT,0.77,interior,0.6,2.0,2.0,0,-3.5,41.5
AlleJo01,Jonathan Allen,WAS,NYG,2024,2,0.0,1.0,DT,0.73,interior,0.0,1.2,4.2,0,1.5,42.5
ArmsDo00,Dorance Armstrong Jr.,WAS,NYG,2024,2,0.0,2.0,DE,0.63,edge,0.5,2.5,4.2,0,1.5,42.5
FerrCl00,Clelin Ferrell,WAS,NYG,2024,2,1.0,2.0,DE,0.66,edge,0.375,1.5,4.2,0,1.5,42.5
LuvuFr00,Frankie Luvu,WAS,NYG,2024,2,0.0,0.0,LB,0.98,edge,0.2,1.0,4.2,0,1.5,42.5
WagnBo00,Bobby Wagner,WAS,NYG,2024,2,0.0,0.0,LB,1.0,edge,0.2,0.4,4.2,0,1.5,42.5
LopeRo00,Roy Lopez,ARI,DET,2024,3,0.0,0.0,NT,0.6,interior,0.0,1.3333333333333333,1.8,1,-3.0,51.5
WhitKy00,Kyzir White,ARI,DET,2024,3,0.0,0.0,LB,1.0,edge,0.0,0.4,1.8,1,-3.0,51.5
WilsMa03,Mack Wilson,ARI,DET,2024,3,1.0,1.0,LB,0.87,edge,0.0,0.0,1.8,1,-3.0,51.5
AndeTr00,Troy Andersen,ATL,KC,2024,3,0.0,0.0,LB,0.99,edge,0.1,0.6,1.8,1,-3.0,46.0
ElliKa00,Kaden Elliss,ATL,KC,2024,3,0.0,1.0,LB,1.0,edge,0.4,0.8,1.8,1,-3.0,46.0
JarrGr00,Grady Jarrett,ATL,KC,2024,3,0.0,2.0,DT,0.65,interior,0.5,2.2,1.8,1,-3.0,46.0
OnyeDa00,David Onyemata,ATL,KC,2024,3,0.0,0.0,DT,0.64,interior,0.6,1.6,1.8,1,-3.0,46.0
MaduJu00,Nnamdi Madubuike,BAL,DAL,2024,3,0.0,1.0,DT,0.73,interior,0.4,2.0,2.6,1,1.5,47.5
OwehJa00,Odafe Oweh,BAL,DAL,2024,3,0.0,1.0,LB,0.61,edge,0.9,2.0,2.6,1,1.5,47.5
SmitRo07,Roquan Smith,BAL,DAL,2024,3,0.0,1.0,LB,1.0,edge,0.0,0.4,2.6,1,1.5,47.5
OlivEd00,Ed Oliver,BUF,JAX,2024,3,0.0,1.0,DT,0.62,interior,0.4,1.2,2.8,0,4.0,46.5
SpecBa00,Baylon Spector,BUF,JAX,2024,3,0.0,0.0,LB,0.8,edge,0.0,0.0,2.8,0,4.0,46.5
ClowJa00,Jadeveon Clowney,CAR,LV,2024,3,1.0,2.0,LB,0.78,edge,0.4,1.8,3.0,1,-5.5,40.0
HarrCh03,Charles Harris,CAR,LV,2024,3,0.0,1.0,DE,0.7,edge,0.3,1.6,3.0,1,-5.5,40.0
JeweJo00,Josey Jewell,CAR,LV,2024,3,0.0,0.0,LB,0.69,edge,0.2,0.2,3.0,1,-5.5,40.0
ThomSh01,Shaq Thompson,CAR,LV,2024,3,0.0,2.0,LB,1.0,edge,0.0,0.2,3.0,1,-5.5,40.0
DextGe00,Gervon Dexter,CHI,IND,2024,3,0.0,2.0,DT,0.88,interior,1.0,2.5,2.2,1,-1.5,43.0
EdmuTr01,Tremaine Edmunds,CHI,IND,2024,3,0.0,1.0,LB,1.0,edge,0.2,0.2,2.2,1,-1.5,43.0
EdwaTJ02,T.J. Edwards,CHI,IND,2024,3,0.0,0.0,LB,1.0,edge,0.0,0.4,2.2,1,-1.5,43.0
SweaMo00,Montez Sweat,CHI,IND,2024,3,1.0,2.0,DE,0.86,edge,0.5,1.8,2.2,1,-1.5,43.0
WalkDe03,DeMarcus Walker,CHI,IND,2024,3,0.0,1.0,DE,0.91,edge,0.3,2.2,2.2,1,-1.5,43.0
CartZa00,Zachary Carter,CIN,WAS,2024,3,0.5,1.0,DT,0.69,interior,0.0,0.5,2.6,0,7.5,46.0
HendTr00,Trey Hendrickson,CIN,WAS,2024,3,1.0,2.0,DE,0.64,edge,1.3,2.4,2.6,0,7.5,46.0
HubbSa00,Sam Hubbard,CIN,WAS,2024,3,0.0,0.0,DE,0.75,edge,0.2,1.2,2.6,0,7.5,46.0
PratGe00,Germaine Pratt,CIN,WAS,2024,3,0.0,0.0,LB,0.98,edge,0.1,0.6,2.6,0,7.5,46.0
WilsLo00,Logan Wilson,CIN,WAS,2024,3,0.0,0.0,LB,1.0,edge,0.0,0.6,2.6,0,7.5,46.0
HarrSh00,Shelby Harris,CLE,NYG,2024,3,0.0,0.0,DT,0.61,interior,0.25,1.0,3.0,0,6.5,38.0
HickJo00,Jordan Hicks,CLE,NYG,2024,3,0.0,1.0,LB,0.86,edge,0.2,1.0,3.0,0,6.5,38.0
OwusJe00,Jeremiah Owusu-Koramoah,CLE,NYG,2024,3,0.0,0.0,LB,0.99,edge,0.2,0.2,3.0,0,6.5,38.0
KendEr00,Eric Kendricks,DAL,BAL,2024,3,0.0,0.0,LB,1.0,edge,0.5,0.8,2.8,1,-1.5,47.5
OverDe00,DeMarvion Overshown,DAL,BAL,2024,3,0.0,0.0,LB,0.78,edge,,,2.8,1,-1.5,47.5
ParsMi00,Micah Parsons,DAL,BAL,2024,3,0.0,2.0,DE,0.9,edge,0.4,3.0,2.8,1,-1.5,47.5
AlleZa01,Zach Allen,DEN,TB,2024,3,1.0,3.0,DE,0.86,edge,0.2,2.0,3.4,0,-6.0,40.5
BoniNi00,Nik Bonitto,DEN,TB,2024,3,1.0,3.0,LB,0.61,edge,0.4,0.8,3.4,0,-6.0,40.5
CoopJo02,Jonathon Cooper,DEN,TB,2024,3,1.0,1.0,LB,0.65,edge,0.8,1.2,3.4,0,-6.0,40.5
SingAl00,Alex Singleton,DEN,TB,2024,3,0.0,0.0,LB,1.0,edge,0.0,0.4,3.4,0,-6.0,40.5
CampJa04,Jack Campbell,DET,ARI,2024,3,0.0,0.0,LB,1.0,edge,0.0,0.2,1.8,1,3.0,51.5
HutcAi00,Aidan Hutchinson,DET,ARI,2024,3,1.0,4.0,DE,0.97,edge,1.7,4.8,1.8,1,3.0,51.5
OnwuLe00,Levi Onwuzurike,DET,ARI,2024,3,0.0,3.0,DE,0.61,edge,0.5,2.0,1.8,1,3.0,51.5
RodrMa00,Malcolm Rodriguez,DET,ARI,2024,3,0.0,0.0,LB,0.86,edge,0.2,0.4,1.8,1,3.0,51.5
McDuIs00,Isaiah McDuffie,GB,TEN,2024,3,0.5,1.0,LB,0.78,edge,0.0,1.0,4.2,0,-3.0,37.0
SmitPr00,Preston Smith,GB,TEN,2024,3,2.0,2.0,DE,0.61,edge,0.4,1.4,4.2,0,-3.0,37.0
WalkQu00,Quay Walker,GB,TEN,2024,3,0.5,1.0,LB,1.0,edge,0.2,0.2,4.2,0,-3.0,37.0
AlShAz00,Azeez Al-Shaair,HOU,MIN,2024,3,0.0,1.0,LB,0.98,edge,0.2,0.4,3.4,1,2.0,46.0
AndeWi01,Will Anderson,HOU,MIN,2024,3,1.0,3.0,DE,0.76,edge,0.9,3.4,3.4,1,2.0,46.0
HuntDa01,Danielle Hunter,HOU,MIN,2024,3,0.0,3.0,DE,0.81,edge,0.5,2.4,3.4,1,2.0,46.0
SettTi00,Tim Settle,HOU,MIN,2024,3,2.0,2.0,DT,0.62,interior,,,3.4,1,2.0,46.0
TooTHe00,Henry To'oTo'o,HOU,MIN,2024,3,0.0,0.0,LB,0.87,edge,0.2,0.2,3.4,1,2.0,46.0
FranZa00,Zaire Franklin,IND,CHI,2024,3,0.0,1.0,LB,1.0,edge,0.0,0.4,3.6,1,1.5,43.0
LewiTy00,Tyquan Lewis,IND,CHI,2024,3,0.0,2.0,DE,0.72,edge,0.4,1.4,3.6,1,1.5,43.0
PayeKw00,Kwity Paye,IND,CHI,2024,3,0.5,4.0,DE,0.74,edge,0.7,1.4,3.6,1,1.5,43.0
SpeeEJ00,E.J. Speed,IND,CHI,2024,3,0.0,0.0,LB,1.0,edge,0.0,0.6,3.6,1,1.5,43.0
AlleJo03,Josh Hines-Allen,JAX,BUF,2024,3,0.0,0.0,DE,0.7,edge,1.0,2.4,1.4,0,-4.0,46.5
LloyDe00,Devin Lloyd,JAX,BUF,2024,3,0.0,0.0,LB,0.66,edge,0.0,0.6,1.4,0,-4.0,46.5
BoltNi00,Nick Bolton,KC,ATL,2024,3,0.0,0.0,LB,0.79,edge,0.0,0.4,1.4,1,3.0,46.0
DannMi00,Michael Danna,KC,ATL,2024,3,0.0,2.0,DE,0.72,edge,0.1,2.2,1.4,1,3.0,46.0
JoneCh09,Chris Jones,KC,ATL,2024,3,0.0,1.0,DT,0.8,interior,0.3,2.6,1.4,1,3.0,46.0
KarlGe00,George Karlaftis III,KC,ATL,2024,3,0.0,2.0,DE,0.8,edge,0.4,2.2,1.4,1,3.0,46.0
TranDr00,Drue Tranquill,KC,ATL,2024,3,0.0,3.0,LB,0.89,edge,0.0,0.2,1.4,1,3.0,46.0
WharTe00,Tershawn Wharton,KC,ATL,2024,3,0.0,2.0,DT,0.79,interior,0.3,1.4,1.4,1,3.0,46.0
FiskBr00,Braden Fiske,LA,SF,2024,3,0.0,4.0,DT,0.63,interior,0.0,1.0,2.4,1,-6.0,44.5
HoecMi00,Michael Hoecht,LA,SF,2024,3,0.0,0.0,LB,0.61,edge,0.4,1.2,2.4,1,-6.0,44.5
ReedTr01,Troy Reeder,LA,SF,2024,3,0.0,0.0,LB,0.97,edge,0.0,0.0,2.4,1,-6.0,44.5
RozeCh00,Christian Rozeboom,LA,SF,2024,3,0.0,0.0,LB,0.77,edge,0.0,0.0,2.4,1,-6.0,44.5
TurnKo00,Kobie Turner,LA,SF,2024,3,0.0,3.0,NT,0.8,interior,0.8,1.6,2.4,1,-6.0,44.5
VersJa00,Jared Verse,LA,SF,2024,3,0.0,2.0,LB,0.66,edge,0.5,2.0,2.4,1,-6.0,44.5
YounBy01,Byron Young,LA,SF,2024,3,1.0,3.0,LB,0.76,edge,0.6,1.0,2.4,1,-6.0,44.5
FordPo00,Poona Ford,LAC,PIT,2024,3,0.0,1.0,DE,0.69,edge,0.0,1.0,1.8,0,-3.0,36.0
HenlDa00,Daiyan Henley,LAC,PIT,2024,3,0.0,0.0,LB,1.0,edge,0.0,0.0,1.8,0,-3.0,36.0
JameDe00,Derwin James,LAC,PIT,2024,3,1.0,1.0,LB,1.0,edge,0.0,0.0,1.8,0,-3.0,36.0
MackKh00,Khalil Mack,LAC,PIT,2024,3,1.0,2.0,DE,0.75,edge,0.7,1.8,1.8,0,-3.0,36.0
PerrDe00,Denzel Perryman,LAC,PIT,2024,3,0.0,0.0,LB,0.81,edge,0.2,0.4,1.8,0,-3.0,36.0
TuipTu00,Tuli Tuipulotu,LAC,PIT,2024,3,0.0,0.0,DE,0.71,edge,0.1,0.6,1.8,0,-3.0,36.0
CrosMa00,Maxx Crosby,LV,CAR,2024,3,0.0,2.0,DE,0.82,edge,0.8,3.6,3.4,1,5.5,40.0
MastLu00,Luke Masterson,LV,CAR,2024,3,0.0,0.0,LB,0.7,edge,0.0,0.2,3.4,1,5.5,40.0
SpilRo00,Robert Spillane,LV,CAR,2024,3,1.0,2.0,LB,1.0,edge,0.0,0.0,3.4,1,5.5,40.0
WilkCh00,Christian Wilkins,LV,CAR,2024,3,0.5,2.0,DT,0.76,interior,0.2,1.4,3.4,1,5.5,40.0
BrooJo01,Jordyn Brooks,MIA,SEA,2024,3,0.0,1.0,LB,1.0,edge,0.0,0.4,1.8,0,-4.0,41.5
LongDa04,David Long,MIA,SEA,2024,3,0.0,0.0,LB,0.75,edge,0.0,0.6,1.8,0,-4.0,41.5
OgbaEm00,Emmanuel Ogbah,MIA,SEA,2024,3,0.0,1.0,DE,0.64,edge,0.5,2.25,1.8,0,-4.0,41.5
PhilJa02,Jaelan Phillips,MIA,SEA,2024,3,0.0,1.0,LB,0.7,edge,1.2,1.8,1.8,0,-4.0,41.5
SielZa00,Zach Sieler,MIA,SEA,2024,3,1.0,3.0,DE,0.69,edge,0.7,1.8,1.8,0,-4.0,41.5
CashBl00,Blake Cashman,MIN,HOU,2024,3,0.0,1.0,LB,0.81,edge,0.4,0.6,2.0,1,-2.0,46.0
GreeJo04,Jonathan Greenard,MIN,HOU,2024,3,3.0,3.0,LB,0.69,edge,1.1,2.6,2.0,1,-2.0,46.0
VanGAn00,Andrew Van Ginkel,MIN,HOU,2024,3,1.0,2.0,LB,0.61,edge,0.6,1.4,2.0,1,-2.0,46.0
McMiRa02,Raekwon McMillan,NE,NYJ,2024,3,0.0,0.0,LB,0.73,edge,0.0,0.0,1.2,0,-6.5,39.0
TavaJa00,Jahlani Tavai,NE,NYJ,2024,3,0.0,0.0,LB,1.0,edge,0.0,0.2,1.2,0,-6.5,39.0
WhitKe03,Keion White,NE,NYJ,2024,3,0.0,2.0,DE,0.84,edge,0.8,1.4,1.2,0,-6.5,39.0
BresBr00,Bryan Bresee,NO,PHI,2024,3,2.0,2.0,DT,0.68,interior,1.5,2.0,2.2,1,2.5,49.0
DaviDe00,Demario Davis,NO,PHI,2024,3,0.0,0.0,LB,0.89,edge,0.2,0.2,2.2,1,2.5,49.0
GranCa01,Carl Granderson,NO,PHI,2024,3,1.5,5.0,DE,0.78,edge,0.5,2.6,2.2,1,2.5,49.0
ShepNa00,Nathan Shepherd,NO,PHI,2024,3,0.0,1.0,DT,0.68,interior,0.5,1.0,2.2,1,2.5,49.0
WernPe00,Pete Werner,NO,PHI,2024,3,0.0,0.0,LB,0.98,edge,0.0,0.2,2.2,1,2.5,49.0
YounCh04,Chase Young,NO,PHI,2024,3,0.0,3.0,DE,0.75,edge,0.3,1.4,2.2,1,2.5,49.0
BurnBr00,Brian Burns,NYG,CLE,2024,3,1.0,2.0,LB,0.81,edge,0.4,1.0,3.0,0,-6.5,38.0
LawrDe03,Dexter Lawrence,NYG,CLE,2024,3,2.0,4.0,NT,0.79,interior,1.0,3.8,3.0,0,-6.5,38.0
McFaMi01,Micah McFadden,NYG,CLE,2024,3,0.5,3.0,LB,0.72,edge,0.3,1.0,3.0,0,-6.5,38.0
NuneRa00,Rakeem Nunez-Roches,NYG,CLE,2024,3,0.5,1.0,NT,0.66,interior,0.0,0.0,3.0,0,-6.5,38.0
OkerBo00,Bobby Okereke,NYG,CLE,2024,3,0.5,1.0,LB,1.0,edge,0.7,1.0,3.0,0,-6.5,38.0
ThibKa00,Kayvon Thibodeaux,NYG,CLE,2024,3,0.5,2.0,LB,0.78,edge,0.0,1.4,3.0,0,-6.5,38.0
SherJa00,Jamien Sherwood,NYJ,NE,2024,3,0.0,0.0,LB,0.98,edge,0.0,0.0,3.2,0,6.5,39.0
WillQu01,Quincy Williams,NYJ,NE,2024,3,0.0,1.0,LB,1.0,edge,0.0,0.0,3.2,0,6.5,39.0
BaunZa00,Zack Baun,PHI,NO,2024,3,0.0,0.0,LB,1.0,edge,1.0,1.5,1.6,1,-2.5,49.0
CartJa05,Jalen Carter,PHI,NO,2024,3,0.0,2.0,DT,0.89,interior,0.625,1.5,1.6,1,-2.5,49.0
DeanNa00,Nakobe Dean,PHI,NO,2024,3,0.0,0.0,LB,0.98,edge,0.0,0.0,1.6,1,-2.5,49.0
GrahBr99,Brandon Graham,PHI,NO,2024,3,0.0,1.0,DE,0.63,edge,1.0,1.5,1.6,1,-2.5,49.0
SweaJo00,Josh Sweat,PHI,NO,2024,3,0.0,2.0,LB,0.61,edge,0.2,1.0,1.6,1,-2.5,49.0
HeywCa01,Cameron Heyward,PIT,LAC,2024,3,1.0,1.0,DT,0.74,interior,0.0,1.0,2.2,0,3.0,36.0
QueePa00,Patrick Queen,PIT,LAC,2024,3,0.0,0.0,LB,1.0,edge,0.0,0.2,2.2,0,3.0,36.0
WattT.00,T.J. Watt,PIT,LAC,2024,3,1.0,2.0,LB,0.96,edge,1.0,3.2,2.2,0,3.0,36.0
DodsTy01,Tyrel Dodson,SEA,MIA,2024,3,1.0,1.0,LB,0.9,edge,0.0,0.2,2.2,0,4.0,41.5
HallDe04,Derick Hall,SEA,MIA,2024,3,2.0,4.0,LB,0.66,edge,0.0,2.0,2.2,0,4.0,41.5
JoneDr00,Dre'Mont Jones,SEA,MIA,2024,3,1.0,3.0,DE,0.67,edge,0.2,1.2,2.2,0,4.0,41.5
MafeBo00,Boye Mafe,SEA,MIA,2024,3,1.0,2.0,LB,0.66,edge,0.8,3.0,2.2,0,4.0,41.5
ReedJa02,Jarran Reed,SEA,MIA,2024,3,1.0,2.0,NT,0.8,interior,0.6,1.0,2.2,0,4.0,41.5
BosaNi00,Nick Bosa,SF,LA,2024,3,0.0,2.0,DE,1.0,edge,0.8,4.0,3.0,1,6.0,44.5
CampDe00,De'Vondre Campbell,SF,LA,2024,3,0.0,1.0,LB,0.83,edge,0.2,0.6,3.0,1,6.0,44.5
CollMa00,Maliek Collins,SF,LA,2024,3,1.0,2.0,DT,0.72,interior,0.5,2.0,3.0,1,6.0,44.5
HargJa00,Javon Hargrave,SF,LA,2024,3,1.0,1.0,DT,0.67,interior,0.4,1.2,3.0,1,6.0,44.5
WarnFr00,Fred Warner,SF,LA,2024,3,0.0,0.0,LB,0.98,edge,0.2,0.4,3.0,1,6.0,44.5
DaviLa00,Lavonte David,TB,DEN,2024,3,0.0,0.0,LB,1.0,edge,0.2,1.2,3.2,0,6.0,40.5
DiabYa00,YaYa Diaby,TB,DEN,2024,3,0.0,4.0,LB,0.66,edge,0.2,1.4,3.2,0,6.0,40.5
TryoJo00,Joe Tryon-Shoyinka,TB,DEN,2024,3,0.0,1.0,LB,0.63,edge,0.2,1.0,3.2,0,6.0,40.5
JoneEr01,Ernest Jones,TEN,GB,2024,3,0.0,0.0,LB,1.0,edge,0.8,1.4,0.6,0,3.0,37.0
KeyxAr00,Arden Key,TEN,GB,2024,3,0.0,0.0,LB,0.68,edge,0.5,1.2,0.6,0,3.0,37.0
LandHa00,Harold Landry,TEN,GB,2024,3,0.0,0.0,LB,0.73,edge,1.0,2.0,0.6,0,3.0,37.0
MurrKe00,Kenneth Murray,TEN,GB,2024,3,2.0,2.0,LB,1.0,edge,0.2,0.4,0.6,0,3.0,37.0
SimmJe01,Jeffery Simmons,TEN,GB,2024,3,1.0,1.0,DT,0.79,interior,0.2,1.4,0.6,0,3.0,37.0
AlleJo01,Jonathan Allen,WAS,CIN,2024,3,0.0,1.0,DT,0.74,interior,0.0,1.4,3.6,0,-7.5,46.0
FowlDa00,Dante Fowler,WAS,CIN,2024,3,0.5,1.0,LB,0.63,edge,,,3.6,0,-7.5,46.0
LuvuFr00,Frankie Luvu,WAS,CIN,2024,3,0.0,0.0,LB,0.85,edge,0.2,1.0,3.6,0,-7.5,46.0
PaynDa00,Daron Payne,WAS,CIN,2024,3,0.0,1.0,DT,0.73,interior,0.4,1.0,3.6,0,-7.5,46.0
WagnBo00,Bobby Wagner,WAS,CIN,2024,3,0.0,0.0,LB,1.0,edge,0.2,0.4,3.6,0,-7.5,46.0
WhitKy00,Kyzir White,ARI,WAS,2024,4,0.0,0.0,LB,1.0,edge,0.0,0.2,2.8,1,3.5,49.0
WilsMa03,Mack Wilson,ARI,WAS,2024,4,0.0,0.0,LB,0.85,edge,0.25,0.25,2.8,1,3.5,49.0
AndeTr00,Troy Andersen,ATL,NO,2024,4,0.0,0.0,LB,0.76,edge,0.1,0.6,1.4,1,2.5,41.5
ElliKa00,Kaden Elliss,ATL,NO,2024,4,0.0,1.0,LB,1.0,edge,0.4,1.0,1.4,1,2.5,41.5
SmitRo07,Roquan Smith,BAL,BUF,2024,4,0.0,0.0,LB,0.92,edge,0.0,0.4,0.8,0,2.5,46.5
RousGr00,Gregory Rousseau,BUF,BAL,2024,4,0.0,0.0,DE,0.72,edge,0.8,2.6,2.0,0,-2.5,46.5
SpecBa00,Baylon Spector,BUF,BAL,2024,4,1.0,1.0,LB,0.96,edge,0.0,0.0,2.0,0,-2.5,46.5
WillDo04,Dorian Williams,BUF,BAL,2024,4,0.0,1.0,LB,0.86,edge,0.0,0.3333333333333333,2.0,0,-2.5,46.5
ClowJa00,Jadeveon Clowney,CAR,CIN,2024,4,0.0,2.0,LB,0.63,edge,0.6,1.8,3.4,0,-4.5,47.0
HarrCh03,Charles Harris,CAR,CIN,2024,4,0.0,1.0,DE,0.6,edge,0.3,1.4,3.4,0,-4.5,47.0
JeweJo00,Josey Jewell,CAR,CIN,2024,4,0.0,0.0,LB,0.64,edge,0.2,0.2,3.4,0,-4.5,47.0
ThomSh01,Shaq Thompson,CAR,CIN,2024,4,0.0,0.0,LB,0.69,edge,0.0,0.6,3.4,0,-4.5,47.0
DextGe00,Gervon Dexter,CHI,LA,2024,4,1.0,2.0,DT,0.69,interior,0.6666666666666666,2.3333333333333335,2.8,0,3.0,40.0
EdmuTr01,Tremaine Edmunds,CHI,LA,2024,4,0.0,0.0,LB,1.0,edge,0.2,0.4,2.8,0,3.0,40.0
EdwaTJ02,T.J. Edwards,CHI,LA,2024,4,0.0,0.0,LB,1.0,edge,0.0,0.2,2.8,0,3.0,40.0
SweaMo00,Montez Sweat,CHI,LA,2024,4,1.0,3.0,DE,0.64,edge,0.2,1.2,2.8,0,3.0,40.0
PratGe00,Germaine Pratt,CIN,CAR,2024,4,0.0,0.0,LB,0.91,edge,0.0,0.4,3.4,0,4.5,47.0
WilsLo00,Logan Wilson,CIN,CAR,2024,4,0.0,1.0,LB,1.0,edge,0.0,0.6,3.4,0,4.5,47.0
BushDe01,Devin Bush Jr.,CLE,LV,2024,4,0.0,1.0,LB,0.86,edge,0.0,0.2,3.2,1,2.5,36.5
GarrMy00,Myles Garrett,CLE,LV,2024,4,2.0,3.0,DE,0.75,edge,0.6,2.8,3.2,1,2.5,36.5
OwusJe00,Jeremiah Owusu-Koramoah,CLE,LV,2024,4,0.0,0.0,LB,0.98,edge,0.0,0.0,3.2,1,2.5,36.5
KendEr00,Eric Kendricks,DAL,NYG,2024,4,0.0,0.0,LB,0.99,edge,0.4,0.6,3.2,0,5.5,45.0
OdigOs00,Osa Odighizuwa,DAL,NYG,2024,4,0.0,1.0,DT,0.77,interior,0.0,1.4,3.2,0,5.5,45.0
OverDe00,DeMarvion Overshown,DAL,NYG,2024,4,0.0,0.0,LB,0.86,edge,0.0,0.0,3.2,0,5.5,45.0
ParsMi00,Micah Parsons,DAL,NYG,2024,4,0.0,0.0,DE,0.83,edge,0.4,2.8,3.2,0,5.5,45.0
AlleZa01,Zach Allen,DEN,NYJ,2024,4,0.0,3.0,DE,1.0,edge,0.4,2.2,1.6,0,-7.5,39.5
BartCo00,Cody Barton,DEN,NYJ,2024,4,0.0,0.0,LB,1.0,edge,0.0,0.0,1.6,0,-7.5,39.5
BoniNi00,Nik Bonitto,DEN,NYJ,2024,4,1.0,3.0,LB,0.74,edge,0.2,1.0,1.6,0,-7.5,39.5
CoopJo02,Jonathon Cooper,DEN,NYJ,2024,4,0.0,3.0,LB,0.8,edge,0.8,1.2,1.6,0,-7.5,39.5
StrnJu00,Justin Strnad,DEN,NYJ,2024,4,1.0,1.0,LB,0.77,edge,,,1.6,0,-7.5,39.5
AnzaAl00,Alex Anzalone,DET,SEA,2024,4,0.0,2.0,LB,1.0,edge,0.0,0.4,1.8,1,3.5,46.5
CampJa04,Jack Campbell,DET,SEA,2024,4,0.0,0.0,LB,0.68,edge,0.0,0.2,1.8,1,3.5,46.5
HutcAi00,Aidan Hutchinson,DET,SEA,2024,4,0.0,5.0,DE,0.87,edge,1.5,4.6,1.8,1,3.5,46.5
McNeAl00,Alim McNeill,DET,SEA,2024,4,0.5,1.0,DT,0.7,interior,0.4,1.4,1.8,1,3.5,46.5
OnwuLe00,Levi Onwuzurike,DET,SEA,2024,4,0.5,2.0,DE,0.62,edge,0.3333333333333333,2.3333333333333335,1.8,1,3.5,46.5
ClarKe01,Kenny Clark,GB,MIN,2024,4,0.0,1.0,DT,0.81,interior,0.3,1.2,3.4,0,2.5,44.0
GaryRa00,Rashan Gary,GB,MIN,2024,4,0.0,1.0,DE,0.66,edge,0.2,1.8,3.4,0,2.5,44.0
McDuIs00,Isaiah McDuffie,GB,MIN,2024,4,0.0,0.0,LB,0.77,edge,0.1,1.0,3.4,0,2.5,44.0
SmitPr00,Preston Smith,GB,MIN,2024,4,0.0,1.0,DE,0.65,edge,0.8,1.8,3.4,0,2.5,44.0
WalkQu00,Quay Walker,GB,MIN,2024,4,1.0,1.0,LB,1.0,edge,0.1,0.2,3.4,0,2.5,44.0
AlShAz00,Azeez Al-Shaair,HOU,JAX,2024,4,0.0,1.0,LB,1.0,edge,0.2,0.6,3.0,1,5.5,44.5
AndeWi01,Will Anderson,HOU,JAX,2024,4,0.0,3.0,DE,0.78,edge,1.1,3.4,3.0,1,5.5,44.5
HuntDa01,Danielle Hunter,HOU,JAX,2024,4,0.0,1.0,DE,0.76,edge,0.5,2.4,3.0,1,5.5,44.5
TooTHe00,Henry To'oTo'o,HOU,JAX,2024,4,0.0,0.0,LB,0.98,edge,0.2,0.2,3.0,1,5.5,44.5
FranZa00,Zaire Franklin,IND,PIT,2024,4,0.0,0.0,LB,1.0,edge,0.0,0.6,2.0,1,-2.5,40.0
LatuLa00,Laiatu Latu,IND,PIT,2024,4,0.0,3.0,DE,0.66,edge,,,2.0,1,-2.5,40.0
OdeyDa00,Dayo Odeyingbo,IND,PIT,2024,4,1.5,3.0,DE,0.74,edge,0.1,1.0,2.0,1,-2.5,40.0
SpeeEJ00,E.J. Speed,IND,PIT,2024,4,0.0,0.0,LB,1.0,edge,0.0,0.6,2.0,1,-2.5,40.0
MillVe00,Ventrell Miller,JAX,HOU,2024,4,0.0,0.0,LB,0.84,edge,,,2.8,1,-5.5,44.5
MumaCh00,Chad Muma,JAX,HOU,2024,4,0.0,0.0,LB,0.95,edge,0.375,0.5,2.8,1,-5.5,44.5
WalkTr03,Travon Walker,JAX,HOU,2024,4,0.0,2.0,DE,0.81,edge,1.2,2.0,2.8,1,-5.5,44.5
BoltNi00,Nick Bolton,KC,LAC,2024,4,0.0,0.0,LB,0.96,edge,0.0,0.4,2.2,1,7.5,41.5
JoneCh09,Chris Jones,KC,LAC,2024,4,2.0,3.0,DT,0.79,interior,0.3,2.6,2.2,1,7.5,41.5
KarlGe00,George Karlaftis III,KC,LAC,2024,4,0.0,1.0,DE,0.91,edge,0.4,2.6,2.2,1,7.5,41.5
TranDr00,Drue Tranquill,KC,LAC,2024,4,0.0,1.0,LB,0.88,edge,0.0,0.8,2.2,1,7.5,41.5
WharTe00,Tershawn Wharton,KC,LAC,2024,4,0.0,2.0,DT,0.66,interior,0.3,1.6,2.2,1,7.5,41.5
ReedTr01,Troy Reeder,LA,CHI,2024,4,0.0,0.0,LB,0.93,edge,0.0,0.0,4.2,0,-3.0,40.0
RozeCh00,Christian Rozeboom,LA,CHI,2024,4,0.0,0.0,LB,0.62,edge,0.0,0.0,4.2,0,-3.0,40.0
VersJa00,Jared Verse,LA,CHI,2024,4,0.0,3.0,LB,0.68,edge,0.3333333333333333,2.0,4.2,0,-3.0,40.0
YounBy01,Byron Young,LA,CHI,2024,4,0.0,0.0,LB,0.82,edge,0.6,1.0,4.2,0,-3.0,40.0
HenlDa00,Daiyan Henley,LAC,KC,2024,4,0.0,0.0,LB,0.95,edge,0.0,0.0,1.8,1,-7.5,41.5
PerrDe00,Denzel Perryman,LAC,KC,2024,4,0.0,0.0,LB,0.69,edge,0.2,0.4,1.8,1,-7.5,41.5
TuipTu00,Tuli Tuipulotu,LAC,KC,2024,4,0.0,2.0,DE,0.81,edge,0.1,0.4,1.8,1,-7.5,41.5
ButlAd00,Adam Butler,LV,CLE,2024,4,0.0,1.0,DT,0.85,interior,0.0,0.6666666666666666,4.6,1,-2.5,36.5
ChaiKL00,K'Lavon Chaisson,LV,CLE,2024,4,0.0,0.0,LB,0.69,edge,,,4.6,1,-2.5,36.5
SpilRo00,Robert Spillane,LV,CLE,2024,4,0.0,0.0,LB,1.0,edge,0.2,0.4,4.6,1,-2.5,36.5
WilkCh00,Christian Wilkins,LV,CLE,2024,4,0.5,3.0,DT,0.9,interior,0.3,1.6,4.6,1,-2.5,36.5
WilsTy01,Tyree Wilson,LV,CLE,2024,4,0.0,2.0,DE,0.71,edge,0.0,0.0,4.6,1,-2.5,36.5
BrooJo01,Jordyn Brooks,MIA,TEN,2024,4,1.0,1.0,LB,1.0,edge,0.0,0.4,4.6,0,2.5,37.0
OgbaEm00,Emmanuel Ogbah,MIA,TEN,2024,4,0.0,2.0,DE,0.83,edge,0.4,2.0,4.6,0,2.5,37.0
SielZa00,Zach Sieler,MIA,TEN,2024,4,0.0,1.0,DE,0.78,edge,0.9,2.4,4.6,0,2.5,37.0
WalkAn01,Anthony Walker,MIA,TEN,2024,4,0.0,1.0,LB,0.91,edge,0.0,0.2,4.6,0,2.5,37.0
CashBl00,Blake Cashman,MIN,GB,2024,4,0.0,3.0,LB,1.0,edge,0.4,0.6,1.0,0,-2.5,44.0
GreeJo04,Jonathan Greenard,MIN,GB,2024,4,0.0,5.0,LB,0.8,edge,1.3,2.6,1.0,0,-2.5,44.0
PhilHa00,Harrison Phillips,MIN,GB,2024,4,0.0,1.0,NT,0.61,interior,0.2,0.6,1.0,0,-2.5,44.0
VanGAn00,Andrew Van Ginkel,MIN,GB,2024,4,0.0,1.0,LB,0.83,edge,0.8,1.8,1.0,0,-2.5,44.0
EkuaDa00,Daniel Ekuale,NE,SF,2024,4,0.0,0.0,DT,0.73,interior,0.5,1.0,2.4,0,-10.5,41.5
McMiRa02,Raekwon McMillan,NE,SF,2024,4,0.0,1.0,LB,0.78,edge,0.0,0.0,2.4,0,-10.5,41.5
TavaJa00,Jahlani Tavai,NE,SF,2024,4,0.0,1.0,LB,0.89,edge,0.0,0.0,2.4,0,-10.5,41.5
UcheJo00,Josh Uche,NE,SF,2024,4,0.0,1.0,LB,0.63,edge,3.0,4.0,2.4,0,-10.5,41.5
WhitKe03,Keion White,NE,SF,2024,4,0.0,2.0,DE,0.84,edge,0.8,1.6,2.4,0,-10.5,41.5
WiseDe00,Deatrich Wise Jr.,NE,SF,2024,4,1.0,1.0,DE,0.7,edge,0.4,1.8,2.4,0,-10.5,41.5
BresBr00,Bryan Bresee,NO,ATL,2024,4,0.0,1.0,DT,0.71,interior,1.6666666666666667,2.0,1.6,1,-2.5,41.5
JackDM00,D'Marco Jackson,NO,ATL,2024,4,0.0,0.0,LB,0.71,edge,,,1.6,1,-2.5,41.5
WernPe00,Pete Werner,NO,ATL,2024,4,0.0,0.0,LB,1.0,edge,0.0,0.2,1.6,1,-2.5,41.5
YounCh04,Chase Young,NO,ATL,2024,4,0.0,1.0,DE,0.75,edge,0.3,2.0,1.6,1,-2.5,41.5
BurnBr00,Brian Burns,NYG,DAL,2024,4,0.0,1.0,LB,0.84,edge,0.6,1.4,2.4,0,-5.5,45.0
LawrDe03,Dexter Lawrence,NYG,DAL,2024,4,0.0,1.0,NT,0.82,interior,1.0,3.8,2.4,0,-5.5,45.0
McFaMi01,Micah McFadden,NYG,DAL,2024,4,0.0,0.0,LB,0.75,edge,0.4,1.6,2.4,0,-5.5,45.0
OkerBo00,Bobby Okereke,NYG,DAL,2024,4,0.0,0.0,LB,1.0,edge,0.8,1.2,2.4,0,-5.5,45.0
ThibKa00,Kayvon Thibodeaux,NYG,DAL,2024,4,1.0,1.0,LB,0.82,edge,0.1,1.4,2.4,0,-5.5,45.0
ClemMi03,Micheal Clemons,NYJ,DEN,2024,4,0.0,1.0,DE,0.72,edge,,,2.2,0,7.5,39.5
SherJa00,Jamien Sherwood,NYJ,DEN,2024,4,0.0,0.0,LB,0.95,edge,0.0,0.0,2.2,0,7.5,39.5
WillQu00,Quinnen Williams,NYJ,DEN,2024,4,0.0,0.0,NT,0.82,interior,0.3,1.8,2.2,0,7.5,39.5
WillQu01,Quincy Williams,NYJ,DEN,2024,4,0.0,0.0,LB,0.98,edge,0.0,0.2,2.2,0,7.5,39.5
BaunZa00,Zack Baun,PHI,TB,2024,4,0.0,0.0,LB,0.92,edge,0.6666666666666666,1.0,4.2,0,1.0,42.0
CartJa05,Jalen Carter,PHI,TB,2024,4,0.0,1.0,DT,0.68,interior,0.5,1.6,4.2,0,1.0,42.0
DeanNa00,Nakobe Dean,PHI,TB,2024,4,0.0,0.0,LB,0.97,edge,0.0,0.0,4.2,0,1.0,42.0
HerbNi00,Nick Herbig,PIT,IND,2024,4,0.0,0.0,LB,0.73,edge,0.0,0.0,1.2,1,2.5,40.0
HeywCa01,Cameron Heyward,PIT,IND,2024,4,1.0,3.0,DT,0.73,interior,0.2,1.0,1.2,1,2.5,40.0
OgunLa00,Larry Ogunjobi,PIT,IND,2024,4,0.5,1.0,DT,0.7,interior,0.0,1.2,1.2,1,2.5,40.0
QueePa00,Patrick Queen,PIT,IND,2024,4,0.0,1.0,LB,1.0,edge,0.0,0.2,1.2,1,2.5,40.0
WattT.00,T.J. Watt,PIT,IND,2024,4,0.0,0.0,LB,0.94,edge,0.8,3.2,1.2,1,2.5,40.0
DodsTy01,Tyrel Dodson,SEA,DET,2024,4,0.0,0.0,LB,1.0,edge,0.2,0.2,1.6,1,-3.5,46.5
HallDe04,Derick Hall,SEA,DET,2024,4,1.0,2.0,LB,0.81,edge,1.0,3.0,1.6,1,-3.5,46.5
JoneDr00,Dre'Mont Jones,SEA,DET,2024,4,1.0,1.0,DE,0.79,edge,0.4,1.8,1.6,1,-3.5,46.5
KnigTy00,Tyrice Knight,SEA,DET,2024,4,0.0,0.0,LB,0.74,edge,0.0,0.0,1.6,1,-3.5,46.5
ReedJa02,Jarran Reed,SEA,DET,2024,4,1.0,2.0,NT,0.76,interior,0.6,1.2,1.6,1,-3.5,46.5
BosaNi00,Nick Bosa,SF,NE,2024,4,1.0,7.0,DE,0.7,edge,0.8,3.4,4.2,0,10.5,41.5
CampDe00,De'Vondre Campbell,SF,NE,2024,4,0.0,0.0,LB,1.0,edge,0.2,0.6,4.2,0,10.5,41.5
CollMa00,Maliek Collins,SF,NE,2024,4,1.5,3.0,DT,0.75,interior,0.7,2.0,4.2,0,10.5,41.5
FlanDe00,Demetrius Flannigan-Fowles,SF,NE,2024,4,0.0,0.0,LB,0.72,edge,0.0,0.0,4.2,0,10.5,41.5
FloyLe00,Leonard Floyd,SF,NE,2024,4,0.0,3.0,DE,0.64,edge,0.4,2.4,4.2,0,10.5,41.5
BritKJ00,K.J. Britt,TB,PHI,2024,4,0.0,0.0,LB,0.89,edge,0.0,0.2,3.0,0,-1.0,42.0
DaviLa00,Lavonte David,TB,PHI,2024,4,2.0,2.0,LB,1.0,edge,0.2,0.6,3.0,0,-1.0,42.0
DiabYa00,YaYa Diaby,TB,PHI,2024,4,1.0,2.0,LB,0.63,edge,0.2,2.0,3.0,0,-1.0,42.0
HallLo00,Logan Hall,TB,PHI,2024,4,1.0,1.0,DE,0.63,edge,0.125,0.5,3.0,0,-1.0,42.0
TryoJo00,Joe Tryon-Shoyinka,TB,PHI,2024,4,0.0,1.0,LB,0.6,edge,0.2,1.0,3.0,0,-1.0,42.0
VeaxVi00,Vita Vea,TB,PHI,2024,4,1.0,1.0,NT,0.68,interior,0.5,1.4,3.0,0,-1.0,42.0
JoneEr01,Ernest Jones,TEN,MIA,2024,4,0.0,0.0,LB,0.97,edge,0.6,1.2,2.8,0,-2.5,37.0
JoseSe00,Sebastian Joseph-Day,TEN,MIA,2024,4,1.0,2.0,DT,0.82,interior,0.3,1.2,2.8,0,-2.5,37.0
KeyxAr00,Arden Key,TEN,MIA,2024,4,0.0,1.0,LB,0.68,edge,0.4,1.0,2.8,0,-2.5,37.0
LandHa00,Harold Landry,TEN,MIA,2024,4,1.0,2.0,LB,0.8,edge,0.8,1.8,2.8,0,-2.5,37.0
MurrKe00,Kenneth Murray,TEN,MIA,2024,4,0.0,0.0,LB,1.0,edge,0.6,0.8,2.8,0,-2.5,37.0
SweaTV01,T'Vondre Sweat,TEN,MIA,2024,4,0.0,1.0,NT,0.78,interior,0.0,1.0,2.8,0,-2.5,37.0
FowlDa00,Dante Fowler,WAS,ARI,2024,4,0.0,0.0,LB,0.61,edge,0.5,1.0,1.6,1,-3.5,49.0
LuvuFr00,Frankie Luvu,WAS,ARI,2024,4,0.5,1.0,LB,1.0,edge,0.0,0.8,1.6,1,-3.5,49.0
PaynDa00,Daron Payne,WAS,ARI,2024,4,0.5,1.0,DT,0.61,interior,0.4,1.2,1.6,1,-3.5,49.0
WagnBo00,Bobby Wagner,WAS,ARI,2024,4,0.5,2.0,LB,0.93,edge,0.0,0.2,1.6,1,-3.5,49.0
WhitKy00,Kyzir White,ARI,SF,2024,5,0.0,1.0,LB,1.0,edge,0.0,0.2,2.2,0,-7.0,48.5
WilsMa03,Mack Wilson,ARI,SF,2024,5,0.0,0.0,LB,0.84,edge,0.2,0.2,2.2,0,-7.0,48.5
BertJD00,JD Bertrand,ATL,TB,2024,5,0.0,0.0,LB,0.72,edge,,,3.8,1,2.5,44.0
CartLo01,Lorenzo Carter,ATL,TB,2024,5,0.0,0.0,LB,0.62,edge,0.1,1.2,3.8,1,2.5,44.0
ElliKa00,Kaden Elliss,ATL,TB,2024,5,0.0,0.0,LB,1.0,edge,0.2,1.0,3.8,1,2.5,44.0
OnyeDa00,David Onyemata,ATL,TB,2024,5,1.0,1.0,DT,0.64,interior,0.3,1.2,3.8,1,2.5,44.0
JoneTr00,Travis Jones,BAL,CIN,2024,5,0.0,1.0,DT,0.67,interior,0.0,0.6666666666666666,2.2,0,2.5,48.5
MaduJu00,Nnamdi Madubuike,BAL,CIN,2024,5,1.0,2.0,DT,0.7,interior,0.2,2.0,2.2,0,2.5,48.5
SimpTr00,Trenton Simpson,BAL,CIN,2024,5,0.0,1.0,LB,0.67,edge,0.25,0.5,2.2,0,2.5,48.5
SmitRo07,Roquan Smith,BAL,CIN,2024,5,0.0,0.0,LB,1.0,edge,0.0,0.4,2.2,0,2.5,48.5
VanNKy00,Kyle Van Noy,BAL,CIN,2024,5,0.0,0.0,LB,0.64,edge,0.2,0.6,2.2,0,2.5,48.5
BernTe00,Terrel Bernard,BUF,HOU,2024,5,0.0,0.0,LB,1.0,edge,0.6,0.8,2.8,1,-1.0,48.0
EpenAJ00,A.J. Epenesa,BUF,HOU,2024,5,0.0,1.0,DE,0.69,edge,0.75,2.0,2.8,1,-1.0,48.0
RousGr00,Gregory Rousseau,BUF,HOU,2024,5,0.0,4.0,DE,0.76,edge,0.8,2.2,2.8,1,-1.0,48.0
WillDo04,Dorian Williams,BUF,HOU,2024,5,0.0,0.0,LB,0.78,edge,0.0,0.5,2.8,1,-1.0,48.0
CherCl00,Claudin Cherelus,CAR,CHI,2024,5,0.0,0.0,LB,0.65,edge,,,4.2,0,-4.0,40.0
HarrCh03,Charles Harris,CAR,CHI,2024,5,1.0,1.0,DE,0.8,edge,0.3,1.6,4.2,0,-4.0,40.0
RobiAS00,A'Shawn Robinson,CAR,CHI,2024,5,0.0,0.0,DE,0.95,edge,0.0,0.8,4.2,0,-4.0,40.0
WallTr00,Trevin Wallace,CAR,CHI,2024,5,0.0,0.0,LB,1.0,edge,,,4.2,0,-4.0,40.0
BillAn00,Andrew Billings,CHI,CAR,2024,5,1.0,1.0,DT,0.6,interior,0.0,1.3333333333333333,2.2,0,4.0,40.0
EdmuTr01,Tremaine Edmunds,CHI,CAR,2024,5,0.0,0.0,LB,0.85,edge,0.2,0.4,2.2,0,4.0,40.0
EdwaTJ02,T.J. Edwards,CHI,CAR,2024,5,0.0,0.0,LB,0.85,edge,0.0,0.0,2.2,0,4.0,40.0
WalkDe03,DeMarcus Walker,CHI,CAR,2024,5,0.5,2.0,DE,0.73,edge,0.3,2.0,2.2,0,4.0,40.0
HendTr00,Trey Hendrickson,CIN,BAL,2024,5,0.0,2.0,DE,0.6,edge,1.1,2.4,1.6,0,-2.5,48.5
HillB.00,B.J. Hill,CIN,BAL,2024,5,0.0,1.0,DT,0.72,interior,0.0,1.0,1.6,0,-2.5,48.5
HubbSa00,Sam Hubbard,CIN,BAL,2024,5,1.0,2.0,DE,0.65,edge,0.2,1.0,1.6,0,-2.5,48.5
PratGe00,Germaine Pratt,CIN,BAL,2024,5,0.0,1.0,LB,0.98,edge,0.0,0.2,1.6,0,-2.5,48.5
WilsLo00,Logan Wilson,CIN,BAL,2024,5,0.0,0.0,LB,1.0,edge,0.0,0.8,1.6,0,-2.5,48.5
BushDe01,Devin Bush Jr.,CLE,WAS,2024,5,0.0,1.0,LB,0.93,edge,0.0,0.2,2.6,0,-3.0,44.0
OwusJe00,Jeremiah Owusu-Koramoah,CLE,WAS,2024,5,1.0,1.0,LB,0.84,edge,0.0,0.0,2.6,0,-3.0,44.0
TomlDa00,Dalvin Tomlinson,CLE,WAS,2024,5,0.5,1.0,DT,0.6,interior,0.5,2.0,2.6,0,-3.0,44.0
GolsCh00,Chauncey Golston,DAL,PIT,2024,5,0.5,3.0,DE,0.9,edge,,,2.2,0,-2.5,43.5
KendEr00,Eric Kendricks,DAL,PIT,2024,5,0.0,1.0,LB,1.0,edge,0.4,0.4,2.2,0,-2.5,43.5
OdigOs00,Osa Odighizuwa,DAL,PIT,2024,5,0.5,3.0,DT,0.72,interior,0.0,1.2,2.2,0,-2.5,43.5
OverDe00,DeMarvion Overshown,DAL,PIT,2024,5,0.0,0.0,LB,1.0,edge,0.0,0.0,2.2,0,-2.5,43.5
WheaTy02,Tyrus Wheat,DAL,PIT,2024,5,0.5,2.0,DE,0.6,edge,,,2.2,0,-2.5,43.5
AlleZa01,Zach Allen,DEN,LV,2024,5,1.0,6.0,DE,0.9,edge,0.4,2.6,3.2,0,3.0,36.0
BartCo00,Cody Barton,DEN,LV,2024,5,0.0,0.0,LB,1.0,edge,0.0,0.0,3.2,0,3.0,36.0
CoopJo02,Jonathon Cooper,DEN,LV,2024,5,1.0,3.0,LB,0.76,edge,0.6,1.6,3.2,0,3.0,36.0
StrnJu00,Justin Strnad,DEN,LV,2024,5,0.0,0.0,LB,0.73,edge,1.0,1.0,3.2,0,3.0,36.0
ClarKe01,Kenny Clark,GB,LA,2024,5,0.0,2.0,DT,0.65,interior,0.3,1.2,3.0,1,3.0,49.5
GaryRa00,Rashan Gary,GB,LA,2024,5,0.0,0.0,DE,0.63,edge,0.2,1.6,3.0,1,3.0,49.5
WalkQu00,Quay Walker,GB,LA,2024,5,0.0,2.0,LB,1.0,edge,0.3,0.4,3.0,1,3.0,49.5
AlShAz00,Azeez Al-Shaair,HOU,BUF,2024,5,0.0,2.0,LB,1.0,edge,0.2,0.8,1.0,1,1.0,48.0
AndeWi01,Will Anderson,HOU,BUF,2024,5,0.0,2.0,DE,0.74,edge,0.9,3.6,1.0,1,1.0,48.0
HuntDa01,Danielle Hunter,HOU,BUF,2024,5,0.0,1.0,DE,0.8,edge,0.5,2.4,1.0,1,1.0,48.0
TooTHe00,Henry To'oTo'o,HOU,BUF,2024,5,0.0,1.0,LB,1.0,edge,0.2,0.2,1.0,1,1.0,48.0
FranZa00,Zaire Franklin,IND,JAX,2024,5,0.0,0.0,LB,1.0,edge,0.0,0.6,2.6,0,-3.5,45.0
LatuLa00,Laiatu Latu,IND,JAX,2024,5,0.0,0.0,DE,0.74,edge,0.0,3.0,2.6,0,-3.5,45.0
OdeyDa00,Dayo Odeyingbo,IND,JAX,2024,5,0.0,0.0,DE,0.84,edge,0.4,1.4,2.6,0,-3.5,45.0
SpeeEJ00,E.J. Speed,IND,JAX,2024,5,0.0,0.0,LB,1.0,edge,0.0,0.2,2.6,0,-3.5,45.0
StewGr00,Grover Stewart,IND,JAX,2024,5,0.0,0.0,DT,0.67,interior,0.0,0.8,2.6,0,-3.5,45.0
AlleJo03,Josh Hines-Allen,JAX,IND,2024,5,1.0,2.0,DE,0.74,edge,1.0,2.2,1.4,0,3.5,45.0
LloyDe00,Devin Lloyd,JAX,IND,2024,5,0.0,0.0,LB,0.97,edge,0.0,0.4,1.4,0,3.5,45.0
WalkTr03,Travon Walker,JAX,IND,2024,5,3.0,4.0,DE,0.74,edge,1.0,2.2,1.4,0,3.5,45.0
BoltNi00,Nick Bolton,KC,NO,2024,5,0.0,2.0,LB,0.92,edge,0.0,0.4,1.4,0,5.5,43.0
DannMi00,Michael Danna,KC,NO,2024,5,0.0,1.0,DE,0.77,edge,0.1,2.6,1.4,0,5.5,43.0
JoneCh09,Chris Jones,KC,NO,2024,5,0.0,6.0,DT,0.83,interior,0.7,3.0,1.4,0,5.5,43.0
KarlGe00,George Karlaftis III,KC,NO,2024,5,0.0,2.0,DE,0.87,edge,0.2,2.4,1.4,0,5.5,43.0
TranDr00,Drue Tranquill,KC,NO,2024,5,0.0,1.0,LB,0.72,edge,0.0,1.0,1.4,0,5.5,43.0
WharTe00,Tershawn Wharton,KC,NO,2024,5,1.0,2.0,DT,0.72,interior,0.3,1.8,1.4,0,5.5,43.0
HoecMi00,Michael Hoecht,LA,GB,2024,5,0.0,1.0,LB,0.64,edge,0.4,1.0,1.2,1,-3.0,49.5
ReedTr01,Troy Reeder,LA,GB,2024,5,0.0,0.0,LB,0.86,edge,0.0,0.0,1.2,1,-3.0,49.5
RozeCh00,Christian Rozeboom,LA,GB,2024,5,0.0,0.0,LB,0.71,edge,0.0,0.0,1.2,1,-3.0,49.5
TurnKo00,Kobie Turner,LA,GB,2024,5,2.0,2.0,NT,0.81,interior,0.3,1.6,1.2,1,-3.0,49.5
VersJa00,Jared Verse,LA,GB,2024,5,0.0,1.0,LB,0.69,edge,0.25,2.25,1.2,1,-3.0,49.5
YounBy01,Byron Young,LA,GB,2024,5,0.0,2.0,LB,0.8,edge,0.4,0.8,1.2,1,-3.0,49.5
ButlAd00,Adam Butler,LV,DEN,2024,5,0.0,0.0,DT,0.85,interior,0.0,0.75,1.8,0,-3.0,36.0
CrosMa00,Maxx Crosby,LV,DEN,2024,5,2.0,3.0,DE,0.82,edge,0.8,3.6,1.8,0,-3.0,36.0
EichTo00,Tommy Eichenberg,LV,DEN,2024,5,0.0,1.0,LB,0.71,edge,,,1.8,0,-3.0,36.0
JenkJo00,John Jenkins,LV,DEN,2024,5,0.0,1.0,DT,0.6,interior,0.0,0.5,1.8,0,-3.0,36.0
SpilRo00,Robert Spillane,LV,DEN,2024,5,0.0,0.0,LB,1.0,edge,0.2,0.4,1.8,0,-3.0,36.0
BrooJo01,Jordyn Brooks,MIA,NE,2024,5,0.0,0.0,LB,1.0,edge,0.2,0.6,4.8,0,2.0,37.0
OgbaEm00,Emmanuel Ogbah,MIA,NE,2024,5,1.0,1.0,DE,0.75,edge,0.2,1.8,4.8,0,2.0,37.0
RobiCh00,Chop Robinson,MIA,NE,2024,5,0.0,1.0,LB,0.67,edge,,,4.8,0,2.0,37.0
SielZa00,Zach Sieler,MIA,NE,2024,5,1.0,3.0,DE,0.82,edge,0.7,2.2,4.8,0,2.0,37.0
CashBl00,Blake Cashman,MIN,NYJ,2024,5,0.0,2.0,LB,1.0,edge,0.4,1.2,2.2,0,2.5,42.0
GreeJo04,Jonathan Greenard,MIN,NYJ,2024,5,0.0,4.0,LB,0.85,edge,0.8,2.8,2.2,0,2.5,42.0
VanGAn00,Andrew Van Ginkel,MIN,NYJ,2024,5,0.0,1.0,LB,0.85,edge,0.7,1.6,2.2,0,2.5,42.0
EkuaDa00,Daniel Ekuale,NE,MIA,2024,5,0.5,1.0,DT,0.68,interior,0.25,0.5,3.0,0,-2.0,37.0
JennAn00,Anfernee Jennings,NE,MIA,2024,5,0.5,1.0,LB,0.69,edge,0.0,0.2,3.0,0,-2.0,37.0
MapuMa00,Marte Mapu,NE,MIA,2024,5,0.0,0.0,LB,1.0,edge,,,3.0,0,-2.0,37.0
McMiRa02,Raekwon McMillan,NE,MIA,2024,5,0.0,0.0,LB,0.65,edge,0.0,0.3333333333333333,3.0,0,-2.0,37.0
TavaJa00,Jahlani Tavai,NE,MIA,2024,5,0.0,0.0,LB,0.85,edge,0.0,0.2,3.0,0,-2.0,37.0
WhitKe03,Keion White,NE,MIA,2024,5,0.0,2.0,DE,0.73,edge,0.8,1.8,3.0,0,-2.0,37.0
BresBr00,Bryan Bresee,NO,KC,2024,5,1.0,2.0,DT,0.63,interior,1.25,1.75,2.0,0,-5.5,43.0
DaviDe00,Demario Davis,NO,KC,2024,5,0.0,0.0,LB,1.0,edge,0.2,0.2,2.0,0,-5.5,43.0
GranCa01,Carl Granderson,NO,KC,2024,5,0.0,1.0,DE,0.73,edge,0.6,3.2,2.0,0,-5.5,43.0
OrjiAn00,Anfernee Orji,NO,KC,2024,5,0.0,0.0,LB,0.87,edge,,,2.0,0,-5.5,43.0
YounCh04,Chase Young,NO,KC,2024,5,1.0,3.0,DE,0.68,edge,0.3,2.0,2.0,0,-5.5,43.0
BurnBr00,Brian Burns,NYG,SEA,2024,5,1.0,1.0,LB,0.81,edge,0.4,1.2,2.2,0,-7.0,42.5
LawrDe03,Dexter Lawrence,NYG,SEA,2024,5,3.0,4.0,NT,0.76,interior,0.8,2.4,2.2,0,-7.0,42.5
OkerBo00,Bobby Okereke,NYG,SEA,2024,5,0.0,0.0,LB,1.0,edge,0.5,0.8,2.2,0,-7.0,42.5
ThibKa00,Kayvon Thibodeaux,NYG,SEA,2024,5,0.5,1.0,LB,0.81,edge,0.3,1.6,2.2,0,-7.0,42.5
ClemMi03,Micheal Clemons,NYJ,MIN,2024,5,1.0,3.0,DE,0.62,edge,0.0,1.0,3.0,0,-2.5,42.0
KinlJa00,Javon Kinlaw,NYJ,MIN,2024,5,0.0,1.0,DT,0.62,interior,0.3333333333333333,0.6666666666666666,3.0,0,-2.5,42.0
McDoWi00,Will McDonald,NYJ,MIN,2024,5,1.0,5.0,LB,0.68,edge,,,3.0,0,-2.5,42.0
SherJa00,Jamien Sherwood,NYJ,MIN,2024,5,0.0,0.0,LB,0.97,edge,0.0,0.0,3.0,0,-2.5,42.0
WillQu00,Quinnen Williams,NYJ,MIN,2024,5,0.0,2.0,NT,0.73,interior,0.1,1.4,3.0,0,-2.5,42.0
WillQu01,Quincy Williams,NYJ,MIN,2024,5,0.0,0.0,LB,1.0,edge,0.0,0.2,3.0,0,-2.5,42.0
HeywCa01,Cameron Heyward,PIT,DAL,2024,5,0.0,2.0,DT,0.72,interior,0.4,1.6,2.6,0,2.5,43.5
QueePa00,Patrick Queen,PIT,DAL,2024,5,0.0,1.0,LB,1.0,edge,0.0,0.4,2.6,0,2.5,43.5
WattT.00,T.J. Watt,PIT,DAL,2024,5,1.5,3.0,LB,0.92,edge,0.6,2.2,2.6,0,2.5,43.5
BakeJe00,Jerome Baker,SEA,NYG,2024,5,1.0,2.0,LB,1.0,edge,0.0,0.2,2.2,0,7.0,42.5
DodsTy01,Tyrel Dodson,SEA,NYG,2024,5,1.0,1.0,LB,1.0,edge,0.2,0.2,2.2,0,7.0,42.5
HallDe04,Derick Hall,SEA,NYG,2024,5,1.0,4.0,LB,0.64,edge,1.0,2.6666666666666665,2.2,0,7.0,42.5
JoneDr00,Dre'Mont Jones,SEA,NYG,2024,5,0.0,1.0,DE,0.83,edge,0.6,1.6,2.2,0,7.0,42.5
ReedJa02,Jarran Reed,SEA,NYG,2024,5,0.0,3.0,NT,0.69,interior,0.6,1.4,2.2,0,7.0,42.5
BosaNi00,Nick Bosa,SF,ARI,2024,5,0.0,1.0,DE,0.78,edge,0.6,4.0,2.2,0,7.0,48.5
CampDe00,De'Vondre Campbell,SF,ARI,2024,5,0.0,0.0,LB,1.0,edge,0.0,0.4,2.2,0,7.0,48.5
FloyLe00,Leonard Floyd,SF,ARI,2024,5,1.0,2.0,DE,0.62,edge,0.2,2.2,2.2,0,7.0,48.5
WarnFr00,Fred Warner,SF,ARI,2024,5,0.0,0.0,LB,1.0,edge,0.2,0.2,2.2,0,7.0,48.5
BritKJ00,K.J. Britt,TB,ATL,2024,5,0.0,0.0,LB,0.93,edge,0.0,0.2,1.4,1,-2.5,44.0
DaviLa00,Lavonte David,TB,ATL,2024,5,0.0,0.0,LB,0.99,edge,0.6,0.8,1.4,1,-2.5,44.0
HallLo00,Logan Hall,TB,ATL,2024,5,2.0,5.0,DE,0.67,edge,0.3,0.6,1.4,1,-2.5,44.0
VeaxVi00,Vita Vea,TB,ATL,2024,5,1.0,1.0,NT,0.62,interior,0.5,1.2,1.4,1,-2.5,44.0
LuvuFr00,Frankie Luvu,WAS,CLE,2024,5,2.5,3.0,LB,0.95,edge,0.1,0.8,4.6,0,3.0,44.0
WagnBo00,Bobby Wagner,WAS,CLE,2024,5,1.5,2.0,LB,0.94,edge,0.1,0.6,4.6,0,3.0,44.0
BarnKr00,Krys Barnes,ARI,GB,2024,6,0.0,0.0,LB,0.74,edge,0.0,0.2,1.6,0,-5.5,47.0
CollLJ00,L.J. Collier,ARI,GB,2024,6,0.0,1.0,DT,0.67,interior,,,1.6,0,-5.5,47.0
WilsMa03,Mack Wilson,ARI,GB,2024,6,0.0,0.0,LB,0.92,edge,0.2,0.2,1.6,0,-5.5,47.0
ElliKa00,Kaden Elliss,ATL,CAR,2024,6,0.0,0.0,LB,1.0,edge,0.0,0.6,2.4,0,6.0,45.5
JarrGr00,Grady Jarrett,ATL,CAR,2024,6,0.0,0.0,DT,0.68,interior,0.5,2.0,2.4,0,6.0,45.5
JudoMa00,Matt Judon,ATL,CAR,2024,6,0.0,0.0,LB,0.74,edge,0.9,2.2,2.4,0,6.0,45.5
LandNa01,Nathan Landman,ATL,CAR,2024,6,0.0,0.0,LB,0.79,edge,0.0,0.0,2.4,0,6.0,45.5
JoneTr00,Travis Jones,BAL,WAS,2024,6,1.0,1.0,DT,0.71,interior,0.0,0.75,2.4,0,6.5,51.5
MaduJu00,Nnamdi Madubuike,BAL,WAS,2024,6,0.5,2.0,DT,0.76,interior,0.4,2.0,2.4,0,6.5,51.5
OwehJa00,Odafe Oweh,BAL,WAS,2024,6,0.0,2.0,LB,0.64,edge,0.7,2.0,2.4,0,6.5,51.5
SimpTr00,Trenton Simpson,BAL,WAS,2024,6,0.0,0.0,LB,0.63,edge,0.16666666666666666,0.6666666666666666,2.4,0,6.5,51.5
SmitRo07,Roquan Smith,BAL,WAS,2024,6,0.0,1.0,LB,1.0,edge,0.0,0.2,2.4,0,6.5,51.5
VanNKy00,Kyle Van Noy,BAL,WAS,2024,6,0.0,0.0,LB,0.69,edge,0.2,0.6,2.4,0,6.5,51.5
BernTe00,Terrel Bernard,BUF,NYJ,2024,6,0.0,1.0,LB,1.0,edge,0.6,0.8,2.6,0,1.0,42.0
JoneDa04,DaQuan Jones,BUF,NYJ,2024,6,1.0,1.0,DT,0.71,interior,0.1,1.4,2.6,0,1.0,42.0
RousGr00,Gregory Rousseau,BUF,NYJ,2024,6,0.0,1.0,DE,0.75,edge,0.8,2.6,2.6,0,1.0,42.0
WillDo04,Dorian Williams,BUF,NYJ,2024,6,0.0,0.0,LB,0.95,edge,0.0,0.4,2.6,0,1.0,42.0
CherCl00,Claudin Cherelus,CAR,ATL,2024,6,0.0,1.0,LB,0.67,edge,0.0,0.0,2.0,0,-6.0,45.5
HarrCh03,Charles Harris,CAR,ATL,2024,6,0.0,1.0,DE,0.76,edge,0.5,1.6,2.0,0,-6.0,45.5
JohnDJ00,DJ Johnson,CAR,ATL,2024,6,0.0,0.0,LB,0.9,edge,0.0,0.0,2.0,0,-6.0,45.5
RobiAS00,A'Shawn Robinson,CAR,ATL,2024,6,0.0,1.0,DE,0.64,edge,0.0,0.8,2.0,0,-6.0,45.5
WallTr00,Trevin Wallace,CAR,ATL,2024,6,0.0,0.0,LB,1.0,edge,0.0,0.0,2.0,0,-6.0,45.5
DextGe00,Gervon Dexter,CHI,JAX,2024,6,0.0,1.0,DT,0.68,interior,0.75,2.25,2.6,0,-1.5,44.5
EdmuTr01,Tremaine Edmunds,CHI,JAX,2024,6,0.0,0.0,LB,0.95,edge,0.2,0.4,2.6,0,-1.5,44.5
EdwaTJ02,T.J. Edwards,CHI,JAX,2024,6,0.0,0.0,LB,0.95,edge,0.0,0.0,2.6,0,-1.5,44.5
SweaMo00,Montez Sweat,CHI,JAX,2024,6,0.5,1.0,DE,0.65,edge,0.4,1.6,2.6,0,-1.5,44.5
WalkDe03,DeMarcus Walker,CHI,JAX,2024,6,1.0,2.0,DE,0.74,edge,0.3,1.8,2.6,0,-1.5,44.5
HillB.00,B.J. Hill,CIN,NYG,2024,6,0.0,2.0,DT,0.7,interior,0.0,1.0,2.4,0,4.5,46.0
PratGe00,Germaine Pratt,CIN,NYG,2024,6,0.0,0.0,LB,0.96,edge,0.0,0.4,2.4,0,4.5,46.0
WilsLo00,Logan Wilson,CIN,NYG,2024,6,0.0,0.0,LB,1.0,edge,0.0,0.8,2.4,0,4.5,46.0
DiabMo00,Mohamoud Diabate,CLE,PHI,2024,6,0.0,0.0,LB,0.74,edge,,,3.2,0,-8.0,42.0
GarrMy00,Myles Garrett,CLE,PHI,2024,6,0.0,1.0,DE,0.79,edge,1.0,3.4,3.2,0,-8.0,42.0
OwusJe00,Jeremiah Owusu-Koramoah,CLE,PHI,2024,6,1.0,1.0,LB,1.0,edge,0.2,0.2,3.2,0,-8.0,42.0
ClarDa02,Damone Clark,DAL,DET,2024,6,0.5,1.0,LB,0.81,edge,0.0,0.2,1.8,1,-3.5,52.5
GolsCh00,Chauncey Golston,DAL,DET,2024,6,0.5,1.0,DE,0.66,edge,0.5,3.0,1.8,1,-3.5,52.5
OverDe00,DeMarvion Overshown,DAL,DET,2024,6,0.0,0.0,LB,0.93,edge,0.0,0.0,1.8,1,-3.5,52.5
WheaTy02,Tyrus Wheat,DAL,DET,2024,6,0.0,1.0,DE,0.6,edge,0.5,2.0,1.8,1,-3.5,52.5
AlleZa01,Zach Allen,DEN,LAC,2024,6,0.5,2.0,DE,0.76,edge,0.6,3.6,2.4,0,-3.0,37.0
BartCo00,Cody Barton,DEN,LAC,2024,6,0.0,0.0,LB,1.0,edge,0.0,0.0,2.4,0,-3.0,37.0
BoniNi00,Nik Bonitto,DEN,LAC,2024,6,1.0,2.0,LB,0.64,edge,0.4,1.2,2.4,0,-3.0,37.0
CoopJo02,Jonathon Cooper,DEN,LAC,2024,6,0.5,1.0,LB,0.79,edge,0.8,2.2,2.4,0,-3.0,37.0
StrnJu00,Justin Strnad,DEN,LAC,2024,6,1.0,3.0,LB,0.76,edge,0.5,0.5,2.4,0,-3.0,37.0
AnzaAl00,Alex Anzalone,DET,DAL,2024,6,0.0,1.0,LB,0.74,edge,0.0,0.8,2.2,1,3.5,52.5
CampJa04,Jack Campbell,DET,DAL,2024,6,0.0,1.0,LB,0.7,edge,0.0,0.2,2.2,1,3.5,52.5
ClarKe01,Kenny Clark,GB,ARI,2024,6,0.0,1.0,DT,0.76,interior,0.1,1.4,2.2,0,5.5,47.0
CoopEd00,Edgerrin Cooper,GB,ARI,2024,6,0.0,0.0,LB,0.66,edge,,,2.2,0,5.5,47.0
GaryRa00,Rashan Gary,GB,ARI,2024,6,0.0,3.0,DE,0.66,edge,0.2,1.2,2.2,0,5.5,47.0
WalkQu00,Quay Walker,GB,ARI,2024,6,0.0,1.0,LB,1.0,edge,0.3,0.8,2.2,0,5.5,47.0
EdwaMa01,Mario Edwards,HOU,NE,2024,6,0.0,2.0,DT,0.64,interior,1.0,3.0,3.8,0,6.5,38.5
TooTHe00,Henry To'oTo'o,HOU,NE,2024,6,0.0,0.0,LB,0.83,edge,0.2,0.4,3.8,0,6.5,38.5
FranZa00,Zaire Franklin,IND,TEN,2024,6,0.0,0.0,LB,1.0,edge,0.0,0.6,3.6,0,-2.5,42.0
LatuLa00,Laiatu Latu,IND,TEN,2024,6,0.0,2.0,DE,0.66,edge,0.0,1.5,3.6,0,-2.5,42.0
OdeyDa00,Dayo Odeyingbo,IND,TEN,2024,6,0.0,2.0,DE,0.64,edge,0.4,1.0,3.6,0,-2.5,42.0
SpeeEJ00,E.J. Speed,IND,TEN,2024,6,0.0,0.0,LB,1.0,edge,0.0,0.2,3.6,0,-2.5,42.0
StewGr00,Grover Stewart,IND,TEN,2024,6,0.0,0.0,DT,0.62,interior,0.0,0.6,3.6,0,-2.5,42.0
AlleJo03,Josh Hines-Allen,JAX,CHI,2024,6,0.5,2.0,DE,0.71,edge,0.6,2.0,3.4,0,1.5,44.5
LloyDe00,Devin Lloyd,JAX,CHI,2024,6,0.0,0.0,LB,1.0,edge,0.0,0.4,3.4,0,1.5,44.5
MillVe00,Ventrell Miller,JAX,CHI,2024,6,0.0,1.0,LB,0.7,edge,0.0,0.0,3.4,0,1.5,44.5
WalkTr03,Travon Walker,JAX,CHI,2024,6,0.0,0.0,DE,0.68,edge,1.2,2.6,3.4,0,1.5,44.5
DuprAl00,Bud Dupree,LAC,DEN,2024,6,0.0,0.0,LB,0.65,edge,0.7,2.2,1.4,0,3.0,37.0
FoxxMo00,Morgan Fox,LAC,DEN,2024,6,1.0,2.0,DT,0.62,interior,0.75,1.25,1.4,0,3.0,37.0
HenlDa00,Daiyan Henley,LAC,DEN,2024,6,0.0,0.0,LB,0.76,edge,0.0,0.0,1.4,0,3.0,37.0
MackKh00,Khalil Mack,LAC,DEN,2024,6,0.0,1.0,DE,0.8,edge,0.9,2.0,1.4,0,3.0,37.0
ButlAd00,Adam Butler,LV,PIT,2024,6,0.0,0.0,DT,0.84,interior,0.0,0.6,2.6,1,-3.5,36.5
CrosMa00,Maxx Crosby,LV,PIT,2024,6,0.5,3.0,DE,0.94,edge,1.2,3.6,2.6,1,-3.5,36.5
DeabDi00,Divine Deablo,LV,PIT,2024,6,1.0,2.0,LB,0.93,edge,0.0,0.2,2.6,1,-3.5,36.5
JenkJo00,John Jenkins,LV,PIT,2024,6,0.5,1.0,DT,0.63,interior,0.0,0.6666666666666666,2.6,1,-3.5,36.5
SpilRo00,Robert Spillane,LV,PIT,2024,6,0.0,0.0,LB,1.0,edge,0.2,0.4,2.6,1,-3.5,36.5
EkuaDa00,Daniel Ekuale,NE,HOU,2024,6,0.0,0.0,DT,0.71,interior,0.3333333333333333,0.6666666666666666,3.0,0,-6.5,38.5
JennAn00,Anfernee Jennings,NE,HOU,2024,6,0.0,1.0,LB,0.73,edge,0.1,0.4,3.0,0,-6.5,38.5
MapuMa00,Marte Mapu,NE,HOU,2024,6,0.5,2.0,LB,0.88,edge,0.0,0.0,3.0,0,-6.5,38.5
TavaJa00,Jahlani Tavai,NE,HOU,2024,6,0.0,1.0,LB,0.79,edge,0.0,0.2,3.0,0,-6.5,38.5
WhitKe03,Keion White,NE,HOU,2024,6,0.0,4.0,DE,0.74,edge,0.8,2.2,3.0,0,-6.5,38.5
WiseDe00,Deatrich Wise Jr.,NE,HOU,2024,6,0.0,1.0,DE,0.61,edge,0.6,1.8,3.0,0,-6.5,38.5
DaviDe00,Demario Davis,NO,TB,2024,6,0.0,0.0,LB,1.0,edge,0.2,0.2,3.2,1,-3.5,42.5
GayJWi00,Willie Gay Jr.,NO,TB,2024,6,1.0,1.0,LB,0.69,edge,0.0,0.6,3.2,1,-3.5,42.5
GranCa01,Carl Granderson,NO,TB,2024,6,0.0,2.0,DE,0.75,edge,0.6,3.2,3.2,1,-3.5,42.5
YounCh04,Chase Young,NO,TB,2024,6,0.0,1.0,DE,0.74,edge,0.3,2.2,3.2,1,-3.5,42.5
BurnBr00,Brian Burns,NYG,CIN,2024,6,1.0,2.0,LB,0.85,edge,0.4,1.2,2.2,0,-4.5,46.0
LawrDe03,Dexter Lawrence,NYG,CIN,2024,6,1.0,1.0,NT,0.85,interior,1.4,2.8,2.2,0,-4.5,46.0
McFaMi01,Micah McFadden,NYG,CIN,2024,6,0.0,0.0,LB,0.77,edge,0.3,1.4,2.2,0,-4.5,46.0
NuneRa00,Rakeem Nunez-Roches,NYG,CIN,2024,6,0.0,1.0,NT,0.77,interior,0.25,0.5,2.2,0,-4.5,46.0
OjulAz00,Azeez Ojulari,NYG,CIN,2024,6,2.0,3.0,DE,0.77,edge,0.1,1.6,2.2,0,-4.5,46.0
OkerBo00,Bobby Okereke,NYG,CIN,2024,6,0.0,0.0,LB,1.0,edge,0.3,0.4,2.2,0,-4.5,46.0
ClemMi03,Micheal Clemons,NYJ,BUF,2024,6,0.0,1.0,DE,0.77,edge,0.5,2.0,1.2,0,-1.0,42.0
KinlJa00,Javon Kinlaw,NYJ,BUF,2024,6,0.0,1.0,DT,0.67,interior,0.25,0.75,1.2,0,-1.0,42.0
McDoWi00,Will McDonald,NYJ,BUF,2024,6,1.0,1.0,LB,0.72,edge,1.0,5.0,1.2,0,-1.0,42.0
SherJa00,Jamien Sherwood,NYJ,BUF,2024,6,0.0,1.0,LB,0.99,edge,0.0,0.0,1.2,0,-1.0,42.0
WillQu00,Quinnen Williams,NYJ,BUF,2024,6,1.0,1.0,NT,0.68,interior,0.0,1.4,1.2,0,-1.0,42.0
WillQu01,Quincy Williams,NYJ,BUF,2024,6,0.0,0.0,LB,0.99,edge,0.0,0.2,1.2,0,-1.0,42.0
BaunZa00,Zack Baun,PHI,CLE,2024,6,0.0,0.0,LB,1.0,edge,0.5,0.75,5.2,0,8.0,42.0
CartJa05,Jalen Carter,PHI,CLE,2024,6,1.0,2.0,DT,0.75,interior,0.1,1.4,5.2,0,8.0,42.0
DeanNa00,Nakobe Dean,PHI,CLE,2024,6,0.0,0.0,LB,0.96,edge,0.0,0.0,5.2,0,8.0,42.0
SweaJo00,Josh Sweat,PHI,CLE,2024,6,1.0,1.0,LB,0.68,edge,0.2,1.2,5.2,0,8.0,42.0
BentKe00,Keeanu Benton,PIT,LV,2024,6,0.0,0.0,DT,0.63,interior,0.0,1.0,3.2,1,3.5,36.5
HeywCa01,Cameron Heyward,PIT,LV,2024,6,1.0,2.0,DT,0.63,interior,0.4,1.8,3.2,1,3.5,36.5
QueePa00,Patrick Queen,PIT,LV,2024,6,0.0,0.0,LB,1.0,edge,0.0,0.4,3.2,1,3.5,36.5
WattT.00,T.J. Watt,PIT,LV,2024,6,0.0,1.0,LB,0.83,edge,0.9,2.0,3.2,1,3.5,36.5
BakeJe00,Jerome Baker,SEA,SF,2024,6,0.0,0.0,LB,0.98,edge,0.2,0.6,2.4,0,-3.5,49.0
DodsTy01,Tyrel Dodson,SEA,SF,2024,6,0.0,0.0,LB,1.0,edge,0.4,0.4,2.4,0,-3.5,49.0
HallDe04,Derick Hall,SEA,SF,2024,6,0.0,0.0,LB,0.72,edge,1.0,3.0,2.4,0,-3.5,49.0
JoneDr00,Dre'Mont Jones,SEA,SF,2024,6,0.0,0.0,DE,0.68,edge,0.4,1.2,2.4,0,-3.5,49.0
ReedJa02,Jarran Reed,SEA,SF,2024,6,0.0,1.0,NT,0.82,interior,0.6,2.0,2.4,0,-3.5,49.0
WillLe02,Leonard Williams,SEA,SF,2024,6,0.0,2.0,DT,0.91,interior,0.5,3.0,2.4,0,-3.5,49.0
BosaNi00,Nick Bosa,SF,SEA,2024,6,0.0,2.0,DE,0.87,edge,0.6,3.2,3.6,0,3.5,49.0
CampDe00,De'Vondre Campbell,SF,SEA,2024,6,0.0,0.0,LB,0.94,edge,0.0,0.2,3.6,0,3.5,49.0
CollMa00,Maliek Collins,SF,SEA,2024,6,0.0,1.0,DT,0.76,interior,1.0,2.0,3.6,0,3.5,49.0
FloyLe00,Leonard Floyd,SF,SEA,2024,6,0.0,2.0,DE,0.65,edge,0.4,2.2,3.6,0,3.5,49.0
WarnFr00,Fred Warner,SF,SEA,2024,6,0.0,0.0,LB,1.0,edge,0.2,0.2,3.6,0,3.5,49.0
BritKJ00,K.J. Britt,TB,NO,2024,6,0.5,1.0,LB,1.0,edge,0.0,0.2,1.0,1,3.5,42.5
DaviLa00,Lavonte David,TB,NO,2024,6,1.0,1.0,LB,0.87,edge,0.4,0.6,1.0,1,3.5,42.5
KancCa00,Calijah Kancey,TB,NO,2024,6,1.0,1.0,DE,0.63,edge,0.7,1.4,1.0,1,3.5,42.5
VeaxVi00,Vita Vea,TB,NO,2024,6,1.0,1.0,NT,0.6,interior,0.5,1.2,1.0,1,3.5,42.5
JoneEr01,Ernest Jones,TEN,IND,2024,6,0.0,0.0,LB,1.0,edge,0.4,1.0,2.0,0,2.5,42.0
KeyxAr00,Arden Key,TEN,IND,2024,6,0.0,0.0,LB,0.76,edge,0.2,1.0,2.0,0,2.5,42.0
LandHa00,Harold Landry,TEN,IND,2024,6,0.0,5.0,LB,0.89,edge,0.8,1.8,2.0,0,2.5,42.0
MurrKe00,Kenneth Murray,TEN,IND,2024,6,0.0,0.0,LB,1.0,edge,0.4,0.6,2.0,0,2.5,42.0
LuvuFr00,Frankie Luvu,WAS,BAL,2024,6,0.0,1.0,LB,1.0,edge,0.6,1.2,1.0,0,-6.5,51.5
PaynDa00,Daron Payne,WAS,BAL,2024,6,0.0,2.0,DT,0.63,interior,0.1,0.8,1.0,0,-6.5,51.5
WagnBo00,Bobby Wagner,WAS,BAL,2024,6,0.0,1.0,LB,1.0,edge,0.4,1.0,1.0,0,-6.5,51.5
WhitKy00,Kyzir White,ARI,LAC,2024,7,0.0,1.0,LB,1.0,edge,0.0,0.4,2.4,1,-1.0,44.0
WilsMa03,Mack Wilson,ARI,LAC,2024,7,0.0,0.0,LB,0.89,edge,0.2,0.2,2.4,1,-1.0,44.0
ElliKa00,Kaden Elliss,ATL,SEA,2024,7,0.0,4.0,LB,1.0,edge,0.0,0.6,3.4,1,3.0,51.5
JarrGr00,Grady Jarrett,ATL,SEA,2024,7,0.0,2.0,DT,0.62,interior,0.5,1.8,3.4,1,3.0,51.5
LandNa01,Nathan Landman,ATL,SEA,2024,7,0.0,1.0,LB,1.0,edge,0.0,0.0,3.4,1,3.0,51.5
SimpTr00,Trenton Simpson,BAL,TB,2024,7,0.0,0.0,LB,0.62,edge,0.125,0.5,3.2,0,4.5,51.0
SmitRo07,Roquan Smith,BAL,TB,2024,7,0.0,0.0,LB,1.0,edge,0.0,0.4,3.2,0,4.5,51.0
VanNKy00,Kyle Van Noy,BAL,TB,2024,7,1.0,2.0,LB,0.61,edge,0.2,0.6,3.2,0,4.5,51.0
BernTe00,Terrel Bernard,BUF,TEN,2024,7,0.0,1.0,LB,0.74,edge,0.4,0.8,3.2,0,9.5,41.0
EpenAJ00,A.J. Epenesa,BUF,TEN,2024,7,1.0,1.0,DE,0.73,edge,0.6,1.8,3.2,0,9.5,41.0
RousGr00,Gregory Rousseau,BUF,TEN,2024,7,0.5,8.0,DE,0.77,edge,0.6,2.4,3.2,0,9.5,41.0
WillDo04,Dorian Williams,BUF,TEN,2024,7,0.0,0.0,LB,0.7,edge,0.0,0.2,3.2,0,9.5,41.0
HarrCh03,Charles Harris,CAR,WAS,2024,7,1.0,1.0,DE,0.7,edge,0.3,1.2,2.6,0,-10.0,51.0
TuttSh00,Shy Tuttle,CAR,WAS,2024,7,0.0,0.0,DT,0.62,interior,0.3333333333333333,0.6666666666666666,2.6,0,-10.0,51.0
WallTr00,Trevin Wallace,CAR,WAS,2024,7,0.0,0.0,LB,1.0,edge,0.0,0.0,2.6,0,-10.0,51.0
WootCh00,Chandler Wooten,CAR,WAS,2024,7,0.0,0.0,LB,0.74,edge,0.0,0.0,2.6,0,-10.0,51.0
HendTr00,Trey Hendrickson,CIN,CLE,2024,7,2.0,7.0,DE,0.7,edge,0.8,2.4,5.0,0,5.5,42.0
PratGe00,Germaine Pratt,CIN,CLE,2024,7,0.0,1.0,LB,0.98,edge,0.0,0.4,5.0,0,5.5,42.0
RankSh00,Sheldon Rankins,CIN,CLE,2024,7,1.0,1.0,DT,0.6,interior,0.8,1.6,5.0,0,5.5,42.0
WilsLo00,Logan Wilson,CIN,CLE,2024,7,0.0,1.0,LB,1.0,edge,0.0,0.2,5.0,0,5.5,42.0
GarrMy00,Myles Garrett,CLE,CIN,2024,7,0.0,1.0,DE,0.8,edge,1.0,3.0,2.4,0,-5.5,42.0
HickJo00,Jordan Hicks,CLE,CIN,2024,7,0.0,0.0,LB,0.6,edge,0.2,1.0,2.4,0,-5.5,42.0
OwusJe00,Jeremiah Owusu-Koramoah,CLE,CIN,2024,7,0.0,0.0,LB,0.95,edge,0.4,0.4,2.4,0,-5.5,42.0
AlleZa01,Zach Allen,DEN,NO,2024,7,0.5,3.0,DE,0.87,edge,0.7,3.6,1.8,1,2.5,37.0
BartCo00,Cody Barton,DEN,NO,2024,7,1.0,1.0,LB,1.0,edge,0.0,0.0,1.8,1,2.5,37.0
StrnJu00,Justin Strnad,DEN,NO,2024,7,1.0,1.0,LB,0.6,edge,0.6666666666666666,1.3333333333333333,1.8,1,2.5,37.0
AnzaAl00,Alex Anzalone,DET,MIN,2024,7,0.0,0.0,LB,1.0,edge,0.0,0.8,3.0,1,-1.0,50.5
CampJa04,Jack Campbell,DET,MIN,2024,7,1.0,1.0,LB,0.78,edge,0.0,0.2,3.0,1,-1.0,50.5
McNeAl00,Alim McNeill,DET,MIN,2024,7,0.0,0.0,DT,0.83,interior,0.5,1.4,3.0,1,-1.0,50.5
PascJo00,Josh Paschal,DET,MIN,2024,7,1.0,1.0,DE,0.87,edge,0.3333333333333333,1.6666666666666667,3.0,1,-1.0,50.5
ClarKe01,Kenny Clark,GB,HOU,2024,7,0.0,0.0,DT,0.73,interior,0.0,1.2,2.6,0,3.0,48.0
CoopEd00,Edgerrin Cooper,GB,HOU,2024,7,0.0,0.0,LB,0.64,edge,0.0,0.0,2.6,0,3.0,48.0
McDuIs00,Isaiah McDuffie,GB,HOU,2024,7,0.0,0.0,LB,0.69,edge,0.1,0.8,2.6,0,3.0,48.0
WilsEr00,Eric Wilson,GB,HOU,2024,7,2.0,2.0,LB,0.89,edge,0.0,0.5,2.6,0,3.0,48.0
AndeWi01,Will Anderson,HOU,GB,2024,7,1.0,1.0,DE,0.72,edge,0.5,2.8,1.2,0,-3.0,48.0
HansJa01,Jake Hansen,HOU,GB,2024,7,0.0,0.0,LB,1.0,edge,,,1.2,0,-3.0,48.0
HewiNe00,Neville Hewitt,HOU,GB,2024,7,0.0,0.0,LB,1.0,edge,,,1.2,0,-3.0,48.0
HuntDa01,Danielle Hunter,HOU,GB,2024,7,1.0,2.0,DE,0.78,edge,0.3,2.2,1.2,0,-3.0,48.0
SettTi00,Tim Settle,HOU,GB,2024,7,1.0,1.0,DT,0.72,interior,2.0,2.0,1.2,0,-3.0,48.0
FranZa00,Zaire Franklin,IND,MIA,2024,7,0.0,0.0,LB,1.0,edge,0.0,0.4,3.2,1,3.0,44.0
LatuLa00,Laiatu Latu,IND,MIA,2024,7,1.0,2.0,DE,0.67,edge,0.0,1.6666666666666667,3.2,1,3.0,44.0
OdeyDa00,Dayo Odeyingbo,IND,MIA,2024,7,0.0,1.0,DE,0.68,edge,0.4,1.4,3.2,1,3.0,44.0
PayeKw00,Kwity Paye,IND,MIA,2024,7,0.0,1.0,DE,0.65,edge,0.7,2.0,3.2,1,3.0,44.0
StewGr00,Grover Stewart,IND,MIA,2024,7,0.0,2.0,DT,0.61,interior,0.0,0.4,3.2,1,3.0,44.0
StuaGr00,Grant Stuard,IND,MIA,2024,7,0.0,0.0,LB,0.93,edge,,,3.2,1,3.0,44.0
AlleJo03,Josh Hines-Allen,JAX,NE,2024,7,0.0,0.0,DE,0.85,edge,0.5,2.0,4.4,0,6.5,42.0
LloyDe00,Devin Lloyd,JAX,NE,2024,7,1.0,1.0,LB,0.97,edge,0.0,0.2,4.4,0,6.5,42.0
WalkTr03,Travon Walker,JAX,NE,2024,7,1.0,1.0,DE,0.82,edge,1.0,2.0,4.4,0,6.5,42.0
BoltNi00,Nick Bolton,KC,SF,2024,7,0.0,0.0,LB,0.94,edge,0.0,0.4,1.8,0,-2.5,47.5
ChenLe00,Leo Chenal,KC,SF,2024,7,0.0,0.0,LB,0.6,edge,0.25,1.75,1.8,0,-2.5,47.5
KarlGe00,George Karlaftis III,KC,SF,2024,7,1.0,2.0,DE,0.89,edge,0.1,2.2,1.8,0,-2.5,47.5
TranDr00,Drue Tranquill,KC,SF,2024,7,0.0,0.0,LB,0.79,edge,0.0,1.0,1.8,0,-2.5,47.5
ReedTr01,Troy Reeder,LA,LV,2024,7,0.0,0.0,LB,0.89,edge,0.0,0.0,2.8,1,7.0,43.0
TurnKo00,Kobie Turner,LA,LV,2024,7,0.0,1.0,NT,0.78,interior,0.7,1.8,2.8,1,7.0,43.0
VersJa00,Jared Verse,LA,LV,2024,7,0.0,6.0,LB,0.78,edge,0.2,2.0,2.8,1,7.0,43.0
YounBy01,Byron Young,LA,LV,2024,7,0.0,5.0,LB,0.85,edge,0.4,1.2,2.8,1,7.0,43.0
HenlDa00,Daiyan Henley,LAC,ARI,2024,7,0.0,0.0,LB,0.81,edge,0.0,0.0,1.4,1,1.0,44.0
MackKh00,Khalil Mack,LAC,ARI,2024,7,0.0,1.0,DE,0.81,edge,0.9,2.2,1.4,1,1.0,44.0
TuipTu00,Tuli Tuipulotu,LAC,ARI,2024,7,0.0,0.0,DE,0.77,edge,0.1,0.8,1.4,1,1.0,44.0
ButlAd00,Adam Butler,LV,LA,2024,7,0.0,0.0,DT,0.65,interior,0.0,0.4,3.2,1,-7.0,43.0
CrosMa00,Maxx Crosby,LV,LA,2024,7,1.0,1.0,DE,1.0,edge,1.1,3.0,3.2,1,-7.0,43.0
DeabDi00,Divine Deablo,LV,LA,2024,7,0.0,0.0,LB,0.93,edge,0.2,0.4,3.2,1,-7.0,43.0
SpilRo00,Robert Spillane,LV,LA,2024,7,0.0,0.0,LB,1.0,edge,0.2,0.4,3.2,1,-7.0,43.0
BowsTy00,Tyus Bowser,MIA,IND,2024,7,0.0,0.0,LB,0.6,edge,0.4,1.2,1.6,1,-3.0,44.0
BrooJo01,Jordyn Brooks,MIA,IND,2024,7,0.0,1.0,LB,1.0,edge,0.2,0.6,1.6,1,-3.0,44.0
CampCa99,Calais Campbell,MIA,IND,2024,7,0.0,0.0,DE,0.6,edge,0.6,1.8,1.6,1,-3.0,44.0
HandDa00,Da'Shawn Hand,MIA,IND,2024,7,0.0,1.0,DE,0.6,edge,,,1.6,1,-3.0,44.0
LongDa04,David Long,MIA,IND,2024,7,0.0,0.0,LB,0.68,edge,0.0,0.4,1.6,1,-3.0,44.0
RobiCh00,Chop Robinson,MIA,IND,2024,7,0.0,0.0,LB,0.61,edge,0.0,1.0,1.6,1,-3.0,44.0
BullJo00,Jonathan Bullard,MIN,DET,2024,7,0.0,0.0,DE,0.81,edge,0.5,1.0,2.0,1,1.0,50.5
GreeJo04,Jonathan Greenard,MIN,DET,2024,7,1.0,2.0,LB,0.82,edge,0.8,3.6,2.0,1,1.0,50.5
PaceIv00,Ivan Pace,MIN,DET,2024,7,1.0,1.0,LB,1.0,edge,0.4,1.0,2.0,1,1.0,50.5
TillJe00,Jerry Tillery,MIN,DET,2024,7,0.0,1.0,DE,0.6,edge,0.0,2.5,2.0,1,1.0,50.5
VanGAn00,Andrew Van Ginkel,MIN,DET,2024,7,2.0,3.0,LB,0.96,edge,0.4,1.0,2.0,1,1.0,50.5
ElliCh00,Christian Elliss,NE,JAX,2024,7,0.0,0.0,LB,0.69,edge,0.0,0.0,2.8,0,-6.5,42.0
MapuMa00,Marte Mapu,NE,JAX,2024,7,0.0,0.0,LB,0.98,edge,0.25,1.0,2.8,0,-6.5,42.0
TavaJa00,Jahlani Tavai,NE,JAX,2024,7,0.0,0.0,LB,0.85,edge,0.0,0.4,2.8,0,-6.5,42.0
WhitKe03,Keion White,NE,JAX,2024,7,0.0,0.0,DE,0.69,edge,0.3,2.4,2.8,0,-6.5,42.0
DaviDe00,Demario Davis,NO,DEN,2024,7,0.0,1.0,LB,1.0,edge,0.2,0.2,1.4,1,-2.5,37.0
GayJWi00,Willie Gay Jr.,NO,DEN,2024,7,0.0,0.0,LB,0.77,edge,0.2,0.6,1.4,1,-2.5,37.0
BurnBr00,Brian Burns,NYG,PHI,2024,7,1.0,3.0,LB,0.65,edge,0.6,1.4,2.8,0,-3.0,42.0
McFaMi01,Micah McFadden,NYG,PHI,2024,7,0.0,0.0,LB,0.77,edge,0.3,1.4,2.8,0,-3.0,42.0
NuneRa00,Rakeem Nunez-Roches,NYG,PHI,2024,7,0.0,0.0,NT,0.71,interior,0.16666666666666666,0.6666666666666666,2.8,0,-3.0,42.0
OjulAz00,Azeez Ojulari,NYG,PHI,2024,7,1.0,1.0,DE,0.83,edge,0.5,2.2,2.8,0,-3.0,42.0
OkerBo00,Bobby Okereke,NYG,PHI,2024,7,0.0,0.0,LB,0.86,edge,0.3,0.4,2.8,0,-3.0,42.0
ClemMi03,Micheal Clemons,NYJ,PIT,2024,7,0.0,1.0,DE,0.75,edge,0.3333333333333333,1.6666666666666667,2.8,0,3.0,40.0
KinlJa00,Javon Kinlaw,NYJ,PIT,2024,7,0.0,1.0,DT,0.65,interior,0.2,0.8,2.8,0,3.0,40.0
McDoWi00,Will McDonald,NYJ,PIT,2024,7,1.0,4.0,LB,0.66,edge,1.0,3.0,2.8,0,3.0,40.0
SherJa00,Jamien Sherwood,NYJ,PIT,2024,7,0.0,0.0,LB,1.0,edge,0.0,0.2,2.8,0,3.0,40.0
WillQu00,Quinnen Williams,NYJ,PIT,2024,7,0.0,1.0,NT,0.79,interior,0.2,1.2,2.8,0,3.0,40.0
WillQu01,Quincy Williams,NYJ,PIT,2024,7,0.0,0.0,LB,0.99,edge,0.0,0.2,2.8,0,3.0,40.0
BaunZa00,Zack Baun,PHI,NYG,2024,7,0.0,0.0,LB,0.83,edge,0.4,0.6,1.8,0,3.0,42.0
CartJa05,Jalen Carter,PHI,NYG,2024,7,2.0,2.0,DT,0.79,interior,0.2,1.6,1.8,0,3.0,42.0
DeanNa00,Nakobe Dean,PHI,NYG,2024,7,2.0,4.0,LB,0.84,edge,0.0,0.0,1.8,0,3.0,42.0
SweaJo00,Josh Sweat,PHI,NYG,2024,7,1.0,1.0,LB,0.62,edge,0.4,1.2,1.8,0,3.0,42.0
BentKe00,Keeanu Benton,PIT,NYJ,2024,7,0.0,0.0,DT,0.68,interior,0.0,0.6666666666666666,3.0,0,-3.0,40.0
HighAl02,Alex Highsmith,PIT,NYJ,2024,7,0.0,2.0,LB,0.74,edge,0.4,1.0,3.0,0,-3.0,40.0
QueePa00,Patrick Queen,PIT,NYJ,2024,7,0.0,0.0,LB,0.98,edge,0.0,0.4,3.0,0,-3.0,40.0
WattT.00,T.J. Watt,PIT,NYJ,2024,7,0.0,2.0,LB,0.93,edge,0.7,1.6,3.0,0,-3.0,40.0
BakeJe00,Jerome Baker,SEA,ATL,2024,7,0.0,0.0,LB,0.9,edge,0.2,0.4,1.6,1,-3.0,51.5
DodsTy01,Tyrel Dodson,SEA,ATL,2024,7,0.0,0.0,LB,0.95,edge,0.4,0.4,1.6,1,-3.0,51.5
JoneDr00,Dre'Mont Jones,SEA,ATL,2024,7,1.0,4.0,DE,0.63,edge,0.4,1.2,1.6,1,-3.0,51.5
WillLe02,Leonard Williams,SEA,ATL,2024,7,1.0,2.0,DT,0.62,interior,0.5,3.2,1.6,1,-3.0,51.5
BosaNi00,Nick Bosa,SF,KC,2024,7,0.5,3.0,DE,0.8,edge,0.6,3.0,1.8,0,2.5,47.5
CampDe00,De'Vondre Campbell,SF,KC,2024,7,0.0,0.0,LB,0.7,edge,0.0,0.2,1.8,0,2.5,47.5
CollMa00,Maliek Collins,SF,KC,2024,7,0.5,2.0,DT,0.63,interior,0.8,1.8,1.8,0,2.5,47.5
FloyLe00,Leonard Floyd,SF,KC,2024,7,1.0,2.0,DE,0.61,edge,0.4,2.4,1.8,0,2.5,47.5
WarnFr00,Fred Warner,SF,KC,2024,7,0.0,0.0,LB,1.0,edge,0.2,0.2,1.8,0,2.5,47.5
BritKJ00,K.J. Britt,TB,BAL,2024,7,0.0,0.0,LB,1.0,edge,0.1,0.4,1.2,0,-4.5,51.0
DaviLa00,Lavonte David,TB,BAL,2024,7,0.0,0.0,LB,1.0,edge,0.6,0.6,1.2,0,-4.5,51.0
KancCa00,Calijah Kancey,TB,BAL,2024,7,0.0,0.0,DE,0.73,edge,0.7,1.4,1.2,0,-4.5,51.0
NelsAn01,Anthony Nelson,TB,BAL,2024,7,0.0,0.0,LB,0.61,edge,0.5,1.4,1.2,0,-4.5,51.0
TryoJo00,Joe Tryon-Shoyinka,TB,BAL,2024,7,0.0,0.0,LB,0.66,edge,0.0,0.8,1.2,0,-4.5,51.0
JoneEr01,Ernest Jones,TEN,BUF,2024,7,0.0,1.0,LB,0.98,edge,0.4,0.4,1.2,0,-9.5,41.0
KeyxAr00,Arden Key,TEN,BUF,2024,7,1.0,1.0,LB,0.6,edge,0.2,0.8,1.2,0,-9.5,41.0
LandHa00,Harold Landry,TEN,BUF,2024,7,0.0,0.0,LB,0.78,edge,0.8,2.2,1.2,0,-9.5,41.0
MurrKe00,Kenneth Murray,TEN,BUF,2024,7,0.0,0.0,LB,0.78,edge,0.4,0.6,1.2,0,-9.5,41.0
SimmJe01,Jeffery Simmons,TEN,BUF,2024,7,0.0,1.0,DT,0.73,interior,0.4,1.4,1.2,0,-9.5,41.0
LuvuFr00,Frankie Luvu,WAS,CAR,2024,7,1.0,1.0,LB,0.93,edge,0.6,1.0,1.6,0,10.0,51.0
WagnBo00,Bobby Wagner,WAS,CAR,2024,7,0.0,0.0,LB,0.93,edge,0.4,1.0,1.6,0,10.0,51.0
WhitKy00,Kyzir White,ARI,MIA,2024,8,0.0,0.0,LB,1.0,edge,0.0,0.4,3.0,0,-4.0,46.5
WilsMa03,Mack Wilson,ARI,MIA,2024,8,0.0,1.0,LB,0.83,edge,0.2,0.2,3.0,0,-4.0,46.5
ElliKa00,Kaden Elliss,ATL,TB,2024,8,0.0,0.0,LB,0.96,edge,0.0,1.2,2.8,0,1.5,47.0
JarrGr00,Grady Jarrett,ATL,TB,2024,8,0.0,0.0,DT,0.67,interior,0.3,1.8,2.8,0,1.5,47.0
JudoMa00,Matt Judon,ATL,TB,2024,8,0.0,0.0,LB,0.62,edge,0.9,2.0,2.8,0,1.5,47.0
LandNa01,Nathan Landman,ATL,TB,2024,8,0.0,0.0,LB,0.75,edge,0.0,0.2,2.8,0,1.5,47.0
OwehJa00,Odafe Oweh,BAL,CLE,2024,8,0.0,2.0,LB,0.65,edge,0.5,1.8,5.4,0,7.5,44.5
SimpTr00,Trenton Simpson,BAL,CLE,2024,8,0.0,0.0,LB,0.96,edge,0.1,0.4,5.4,0,7.5,44.5
SmitRo07,Roquan Smith,BAL,CLE,2024,8,0.0,1.0,LB,1.0,edge,0.0,0.4,5.4,0,7.5,44.5
OlivEd00,Ed Oliver,BUF,SEA,2024,8,0.0,1.0,DT,0.75,interior,0.2,1.2,3.0,0,3.0,45.5
RousGr00,Gregory Rousseau,BUF,SEA,2024,8,0.0,2.0,DE,0.75,edge,0.7,3.4,3.0,0,3.0,45.5
SpecBa00,Baylon Spector,BUF,SEA,2024,8,0.0,0.0,LB,1.0,edge,0.3333333333333333,0.3333333333333333,3.0,0,3.0,45.5
WillDo04,Dorian Williams,BUF,SEA,2024,8,0.0,0.0,LB,0.63,edge,0.0,0.2,3.0,0,3.0,45.5
HarrCh03,Charles Harris,CAR,DEN,2024,8,0.0,0.0,DE,0.62,edge,0.4,1.0,1.0,0,-13.0,40.5
JeweJo00,Josey Jewell,CAR,DEN,2024,8,0.0,0.0,LB,1.0,edge,0.2,0.2,1.0,0,-13.0,40.5
RobiAS00,A'Shawn Robinson,CAR,DEN,2024,8,2.0,2.0,DE,0.73,edge,0.0,0.8,1.0,0,-13.0,40.5
WallTr00,Trevin Wallace,CAR,DEN,2024,8,0.0,0.0,LB,0.89,edge,0.0,0.0,1.0,0,-13.0,40.5
DextGe00,Gervon Dexter,CHI,WAS,2024,8,0.0,1.0,DT,0.73,interior,0.6,2.0,1.8,0,-1.5,46.5
EdmuTr01,Tremaine Edmunds,CHI,WAS,2024,8,0.0,0.0,LB,1.0,edge,0.2,0.4,1.8,0,-1.5,46.5
EdwaTJ02,T.J. Edwards,CHI,WAS,2024,8,1.0,1.0,LB,1.0,edge,0.0,0.0,1.8,0,-1.5,46.5
WalkDe03,DeMarcus Walker,CHI,WAS,2024,8,0.0,2.0,DE,0.76,edge,0.3,2.0,1.8,0,-1.5,46.5
HillB.00,B.J. Hill,CIN,PHI,2024,8,0.0,0.0,DT,0.77,interior,0.0,1.2,3.4,0,2.5,47.5
PratGe00,Germaine Pratt,CIN,PHI,2024,8,0.0,0.0,LB,0.92,edge,0.0,0.4,3.4,0,2.5,47.5
RankSh00,Sheldon Rankins,CIN,PHI,2024,8,0.0,0.0,DT,0.7,interior,0.4,0.8,3.4,0,2.5,47.5
WilsLo00,Logan Wilson,CIN,PHI,2024,8,0.0,0.0,LB,1.0,edge,0.0,0.4,3.4,0,2.5,47.5
DiabMo00,Mohamoud Diabate,CLE,BAL,2024,8,0.0,1.0,LB,0.87,edge,0.0,0.0,1.2,0,-7.5,44.5
GarrMy00,Myles Garrett,CLE,BAL,2024,8,0.0,5.0,DE,0.81,edge,0.8,2.2,1.2,0,-7.5,44.5
HarrSh00,Shelby Harris,CLE,BAL,2024,8,0.0,2.0,DT,0.6,interior,0.2,0.8,1.2,0,-7.5,44.5
OwusJe00,Jeremiah Owusu-Koramoah,CLE,BAL,2024,8,1.0,2.0,LB,0.62,edge,0.4,0.4,1.2,0,-7.5,44.5
SmitZa00,Za'Darius Smith,CLE,BAL,2024,8,1.0,2.0,DE,0.75,edge,0.4,1.2,1.2,0,-7.5,44.5
KendEr00,Eric Kendricks,DAL,SF,2024,8,0.0,0.0,LB,1.0,edge,0.4,0.6,1.0,0,-5.5,48.0
OdigOs00,Osa Odighizuwa,DAL,SF,2024,8,0.0,0.0,DT,0.79,interior,0.1,1.6,1.0,0,-5.5,48.0
OverDe00,DeMarvion Overshown,DAL,SF,2024,8,1.0,1.0,LB,1.0,edge,0.0,0.0,1.0,0,-5.5,48.0
AlleZa01,Zach Allen,DEN,CAR,2024,8,0.0,1.0,DE,0.97,edge,0.6,3.4,1.6,0,13.0,40.5
BartCo00,Cody Barton,DEN,CAR,2024,8,0.0,0.0,LB,1.0,edge,0.2,0.2,1.6,0,13.0,40.5
StrnJu00,Justin Strnad,DEN,CAR,2024,8,0.0,1.0,LB,0.61,edge,0.75,1.25,1.6,0,13.0,40.5
AnzaAl00,Alex Anzalone,DET,TEN,2024,8,1.0,1.0,LB,0.95,edge,0.0,0.6,3.2,1,12.5,45.0
CampJa04,Jack Campbell,DET,TEN,2024,8,0.0,0.0,LB,0.95,edge,0.2,0.4,3.2,1,12.5,45.0
MuhaAl00,Al-Quadin Muhammad,DET,TEN,2024,8,0.0,2.0,DE,0.64,edge,0.2,1.0,3.2,1,12.5,45.0
CoopEd00,Edgerrin Cooper,GB,JAX,2024,8,1.0,1.0,LB,0.6,edge,0.0,0.0,2.0,0,3.5,49.0
GaryRa00,Rashan Gary,GB,JAX,2024,8,0.0,2.0,DE,0.63,edge,0.2,1.8,2.0,0,3.5,49.0
McDuIs00,Isaiah McDuffie,GB,JAX,2024,8,0.0,0.0,LB,0.67,edge,0.1,0.8,2.0,0,3.5,49.0
WilsEr00,Eric Wilson,GB,JAX,2024,8,0.0,0.0,LB,1.0,edge,0.6666666666666666,1.0,2.0,0,3.5,49.0
AndeWi01,Will Anderson,HOU,IND,2024,8,1.0,3.0,DE,0.78,edge,0.7,2.4,1.4,1,5.0,45.0
FatuFo00,Folorunso Fatukasi,HOU,IND,2024,8,0.0,3.0,DT,0.61,interior,1.0,1.0,1.4,1,5.0,45.0
HewiNe00,Neville Hewitt,HOU,IND,2024,8,0.0,0.0,LB,1.0,edge,0.0,0.0,1.4,1,5.0,45.0
HuntDa01,Danielle Hunter,HOU,IND,2024,8,2.0,4.0,DE,0.83,edge,0.5,2.2,1.4,1,5.0,45.0
BuckDe00,DeForest Buckner,IND,HOU,2024,8,1.0,2.0,DT,0.61,interior,0.8,2.0,2.8,1,-5.0,45.0
FranZa00,Zaire Franklin,IND,HOU,2024,8,0.0,0.0,LB,1.0,edge,0.0,0.2,2.8,1,-5.0,45.0
OdeyDa00,Dayo Odeyingbo,IND,HOU,2024,8,1.0,3.0,DE,0.68,edge,0.3,1.4,2.8,1,-5.0,45.0
PayeKw00,Kwity Paye,IND,HOU,2024,8,0.0,3.0,DE,0.63,edge,0.3,1.8,2.8,1,-5.0,45.0
SpeeEJ00,E.J. Speed,IND,HOU,2024,8,0.0,1.0,LB,1.0,edge,0.0,0.0,2.8,1,-5.0,45.0
StewGr00,Grover Stewart,IND,HOU,2024,8,0.0,2.0,DT,0.63,interior,0.0,0.6,2.8,1,-5.0,45.0
AlleJo03,Josh Hines-Allen,JAX,GB,2024,8,0.5,1.0,DE,0.86,edge,0.5,1.8,1.8,0,-3.5,49.0
MillVe00,Ventrell Miller,JAX,GB,2024,8,0.0,0.0,LB,0.6,edge,0.0,0.5,1.8,0,-3.5,49.0
OluoFo00,Foyesade Oluokun,JAX,GB,2024,8,0.0,0.0,LB,0.91,edge,0.2,1.0,1.8,0,-3.5,49.0
WalkTr03,Travon Walker,JAX,GB,2024,8,0.5,2.0,DE,0.77,edge,0.8,1.8,1.8,0,-3.5,49.0
AnudFe00,Felix Anudike-Uzomah,KC,LV,2024,8,0.0,0.0,DE,0.64,edge,0.0,1.0,2.2,1,9.0,42.0
BoltNi00,Nick Bolton,KC,LV,2024,8,0.0,0.0,LB,0.93,edge,0.0,0.4,2.2,1,9.0,42.0
JoneCh09,Chris Jones,KC,LV,2024,8,0.0,1.0,DT,0.83,interior,0.7,3.8,2.2,1,9.0,42.0
KarlGe00,George Karlaftis III,KC,LV,2024,8,1.0,1.0,DE,0.9,edge,0.3,1.8,2.2,1,9.0,42.0
TranDr00,Drue Tranquill,KC,LV,2024,8,1.0,1.0,LB,0.69,edge,0.0,1.0,2.2,1,9.0,42.0
WharTe00,Tershawn Wharton,KC,LV,2024,8,1.0,1.0,DT,0.74,interior,0.3,2.0,2.2,1,9.0,42.0
HoecMi00,Michael Hoecht,LA,MIN,2024,8,0.5,2.0,LB,0.62,edge,0.3,1.0,3.6,1,-3.0,47.5
RozeCh00,Christian Rozeboom,LA,MIN,2024,8,0.0,0.0,LB,0.94,edge,0.0,0.0,3.6,1,-3.0,47.5
VersJa00,Jared Verse,LA,MIN,2024,8,1.5,5.0,LB,0.84,edge,0.0,2.8,3.6,1,-3.0,47.5
YounBy01,Byron Young,LA,MIN,2024,8,1.0,2.0,LB,0.78,edge,0.2,2.0,3.6,1,-3.0,47.5
HenlDa00,Daiyan Henley,LAC,NO,2024,8,0.0,0.0,LB,1.0,edge,0.0,0.0,2.8,1,7.0,41.5
MackKh00,Khalil Mack,LAC,NO,2024,8,1.0,2.0,DE,0.68,edge,0.7,2.2,2.8,1,7.0,41.5
TuipTu00,Tuli Tuipulotu,LAC,NO,2024,8,1.0,1.0,DE,0.66,edge,0.0,0.6,2.8,1,7.0,41.5
ButlAd00,Adam Butler,LV,KC,2024,8,0.0,1.0,DT,0.78,interior,0.0,0.2,1.8,1,-9.0,42.0
CrosMa00,Maxx Crosby,LV,KC,2024,8,0.0,1.0,DE,1.0,edge,1.1,2.4,1.8,1,-9.0,42.0
DeabDi00,Divine Deablo,LV,KC,2024,8,0.0,0.0,LB,0.85,edge,0.2,0.4,1.8,1,-9.0,42.0
SpilRo00,Robert Spillane,LV,KC,2024,8,0.0,0.0,LB,0.99,edge,0.2,0.4,1.8,1,-9.0,42.0
BowsTy00,Tyus Bowser,MIA,ARI,2024,8,0.0,0.0,LB,0.65,edge,0.4,1.0,1.2,0,4.0,46.5
BrooJo01,Jordyn Brooks,MIA,ARI,2024,8,0.0,3.0,LB,1.0,edge,0.2,0.8,1.2,0,4.0,46.5
LongDa04,David Long,MIA,ARI,2024,8,0.0,0.0,LB,0.97,edge,0.0,0.4,1.2,0,4.0,46.5
OgbaEm00,Emmanuel Ogbah,MIA,ARI,2024,8,0.0,1.0,DE,0.65,edge,0.4,1.4,1.2,0,4.0,46.5
GreeJo04,Jonathan Greenard,MIN,LA,2024,8,0.0,2.0,LB,0.9,edge,1.0,3.4,3.0,1,3.0,47.5
JonePa00,Patrick Jones II,MIN,LA,2024,8,0.0,0.0,LB,0.61,edge,0.5,1.25,3.0,1,3.0,47.5
PaceIv00,Ivan Pace,MIN,LA,2024,8,0.0,1.0,LB,1.0,edge,0.4,1.0,3.0,1,3.0,47.5
PhilHa00,Harrison Phillips,MIN,LA,2024,8,0.0,0.0,NT,0.82,interior,0.2,0.8,3.0,1,3.0,47.5
VanGAn00,Andrew Van Ginkel,MIN,LA,2024,8,0.0,1.0,LB,1.0,edge,0.8,1.6,3.0,1,3.0,47.5
ElliCh00,Christian Elliss,NE,NYJ,2024,8,1.0,2.0,LB,0.84,edge,0.0,0.0,2.8,0,-7.0,41.0
GodcDa00,Davon Godchaux,NE,NYJ,2024,8,0.0,1.0,NT,0.76,interior,0.0,0.6,2.8,0,-7.0,41.0
JennAn00,Anfernee Jennings,NE,NYJ,2024,8,0.0,1.0,LB,0.97,edge,0.1,0.6,2.8,0,-7.0,41.0
MapuMa00,Marte Mapu,NE,NYJ,2024,8,0.0,0.0,LB,1.0,edge,0.16666666666666666,0.6666666666666666,2.8,0,-7.0,41.0
TavaJa00,Jahlani Tavai,NE,NYJ,2024,8,0.0,1.0,LB,0.79,edge,0.0,0.4,2.8,0,-7.0,41.0
WhitKe03,Keion White,NE,NYJ,2024,8,0.0,2.0,DE,0.68,edge,0.0,2.0,2.8,0,-7.0,41.0
DaviDe00,Demario Davis,NO,LAC,2024,8,0.0,0.0,LB,1.0,edge,0.0,0.2,2.8,1,-7.0,41.5
GranCa01,Carl Granderson,NO,LAC,2024,8,0.0,1.0,DE,0.76,edge,0.6,3.4,2.8,1,-7.0,41.5
WernPe00,Pete Werner,NO,LAC,2024,8,0.0,0.0,LB,0.98,edge,0.0,0.2,2.8,1,-7.0,41.5
YounCh04,Chase Young,NO,LAC,2024,8,0.5,2.0,DE,0.65,edge,0.3,2.0,2.8,1,-7.0,41.5
BurnBr00,Brian Burns,NYG,PIT,2024,8,1.0,3.0,LB,0.86,edge,0.8,1.8,2.6,0,-6.0,37.5
LawrDe03,Dexter Lawrence,NYG,PIT,2024,8,0.0,1.0,NT,0.73,interior,1.4,2.6,2.6,0,-6.0,37.5
McFaMi01,Micah McFadden,NYG,PIT,2024,8,0.5,1.0,LB,0.61,edge,0.3,1.2,2.6,0,-6.0,37.5
NuneRa00,Rakeem Nunez-Roches,NYG,PIT,2024,8,0.0,1.0,NT,0.61,interior,0.125,0.5,2.6,0,-6.0,37.5
OjulAz00,Azeez Ojulari,NYG,PIT,2024,8,2.0,2.0,DE,0.91,edge,0.6,1.8,2.6,0,-6.0,37.5
OkerBo00,Bobby Okereke,NYG,PIT,2024,8,0.5,1.0,LB,1.0,edge,0.1,0.2,2.6,0,-6.0,37.5
McDoWi00,Will McDonald,NYJ,NE,2024,8,0.0,1.0,LB,0.61,edge,1.0,3.3333333333333335,4.2,0,7.0,41.0
SherJa00,Jamien Sherwood,NYJ,NE,2024,8,0.0,0.0,LB,0.97,edge,0.0,0.2,4.2,0,7.0,41.0
WillQu00,Quinnen Williams,NYJ,NE,2024,8,1.5,3.0,NT,0.72,interior,0.2,1.0,4.2,0,7.0,41.0
WillQu01,Quincy Williams,NYJ,NE,2024,8,0.0,0.0,LB,1.0,edge,0.0,0.2,4.2,0,7.0,41.0
BaunZa00,Zack Baun,PHI,CIN,2024,8,0.0,0.0,LB,0.95,edge,0.0,0.0,2.4,0,-2.5,47.5
CartJa05,Jalen Carter,PHI,CIN,2024,8,0.0,1.0,DT,0.78,interior,0.6,1.8,2.4,0,-2.5,47.5
DeanNa00,Nakobe Dean,PHI,CIN,2024,8,0.0,1.0,LB,0.88,edge,0.4,0.8,2.4,0,-2.5,47.5
SweaJo00,Josh Sweat,PHI,CIN,2024,8,0.0,1.0,LB,0.66,edge,0.4,1.2,2.4,0,-2.5,47.5
HeywCa01,Cameron Heyward,PIT,NYG,2024,8,0.0,3.0,DT,0.68,interior,0.6,2.0,3.2,0,6.0,37.5
HighAl02,Alex Highsmith,PIT,NYG,2024,8,2.0,7.0,LB,0.89,edge,0.4,1.0,3.2,0,6.0,37.5
OgunLa00,Larry Ogunjobi,PIT,NYG,2024,8,0.0,0.0,DT,0.67,interior,0.1,1.2,3.2,0,6.0,37.5
QueePa00,Patrick Queen,PIT,NYG,2024,8,0.0,0.0,LB,1.0,edge,0.0,0.4,3.2,0,6.0,37.5
WattT.00,T.J. Watt,PIT,NYG,2024,8,2.0,3.0,LB,0.96,edge,0.5,1.6,3.2,0,6.0,37.5
DodsTy01,Tyrel Dodson,SEA,BUF,2024,8,0.0,0.0,LB,1.0,edge,0.4,0.4,1.4,0,-3.0,45.5
JoneEr01,Ernest Jones,SEA,BUF,2024,8,0.0,0.0,LB,1.0,edge,0.0,0.2,1.4,0,-3.0,45.5
MafeBo00,Boye Mafe,SEA,BUF,2024,8,0.0,0.0,LB,0.61,edge,0.6,2.4,1.4,0,-3.0,45.5
BosaNi00,Nick Bosa,SF,DAL,2024,8,1.0,4.0,DE,0.97,edge,0.3,3.0,2.4,0,5.5,48.0
CampDe00,De'Vondre Campbell,SF,DAL,2024,8,0.0,0.0,LB,1.0,edge,0.0,0.2,2.4,0,5.5,48.0
CollMa00,Maliek Collins,SF,DAL,2024,8,0.0,2.0,DT,0.76,interior,0.6,1.8,2.4,0,5.5,48.0
WarnFr00,Fred Warner,SF,DAL,2024,8,0.0,1.0,LB,1.0,edge,0.2,0.2,2.4,0,5.5,48.0
BritKJ00,K.J. Britt,TB,ATL,2024,8,0.0,0.0,LB,0.97,edge,0.1,0.4,2.0,0,-1.5,47.0
DaviLa00,Lavonte David,TB,ATL,2024,8,0.0,1.0,LB,0.87,edge,0.6,0.6,2.0,0,-1.5,47.0
DiabYa00,YaYa Diaby,TB,ATL,2024,8,0.0,1.0,LB,0.61,edge,0.4,2.2,2.0,0,-1.5,47.0
TryoJo00,Joe Tryon-Shoyinka,TB,ATL,2024,8,0.0,1.0,LB,0.63,edge,0.0,0.8,2.0,0,-1.5,47.0
VeaxVi00,Vita Vea,TB,ATL,2024,8,0.0,0.0,NT,0.73,interior,0.7,1.2,2.0,0,-1.5,47.0
GibbJa00,Jack Gibbens,TEN,DET,2024,8,0.0,0.0,LB,1.0,edge,0.2,0.2,2.4,1,-12.5,45.0
LandHa00,Harold Landry,TEN,DET,2024,8,0.0,0.0,LB,0.77,edge,0.6,1.8,2.4,1,-12.5,45.0
MurrKe00,Kenneth Murray,TEN,DET,2024,8,0.0,0.0,LB,1.0,edge,0.4,0.6,2.4,1,-12.5,45.0
SimmJe01,Jeffery Simmons,TEN,DET,2024,8,1.0,1.0,DT,0.77,interior,0.4,1.4,2.4,1,-12.5,45.0
ArmsDo00,Dorance Armstrong Jr.,WAS,CHI,2024,8,0.0,2.0,DE,0.73,edge,0.3333333333333333,2.3333333333333335,3.6,0,1.5,46.5
LuvuFr00,Frankie Luvu,WAS,CHI,2024,8,0.0,1.0,LB,1.0,edge,0.8,1.2,3.6,0,1.5,46.5
PaynDa00,Daron Payne,WAS,CHI,2024,8,1.0,1.0,DT,0.78,interior,0.1,1.2,3.6,0,1.5,46.5
WagnBo00,Bobby Wagner,WAS,CHI,2024,8,0.0,2.0,LB,1.0,edge,0.4,1.0,3.6,0,1.5,46.5
StilBe00,Ben Stille,ARI,CHI,2024,9,0.0,0.0,DT,0.62,interior,,,2.6,1,1.5,44.5
WhitKy00,Kyzir White,ARI,CHI,2024,9,0.5,1.0,LB,0.92,edge,0.0,0.4,2.6,1,1.5,44.5
WilsMa03,Mack Wilson,ARI,CHI,2024,9,0.0,1.0,LB,0.69,edge,0.0,0.2,2.6,1,1.5,44.5
EbikAr00,Arnold Ebiketie,ATL,DAL,2024,9,1.0,4.0,LB,0.7,edge,0.0,1.0,2.2,1,3.0,52.0
ElliKa00,Kaden Elliss,ATL,DAL,2024,9,1.0,4.0,LB,0.99,edge,0.0,1.0,2.2,1,3.0,52.0
LandNa01,Nathan Landman,ATL,DAL,2024,9,0.0,0.0,LB,0.95,edge,0.0,0.2,2.2,1,3.0,52.0
OwehJa00,Odafe Oweh,BAL,DEN,2024,9,0.0,0.0,LB,0.6,edge,0.5,2.0,1.4,0,9.0,46.5
SimpTr00,Trenton Simpson,BAL,DEN,2024,9,1.0,1.0,LB,0.97,edge,0.0,0.2,1.4,0,9.0,46.5
SmitRo07,Roquan Smith,BAL,DEN,2024,9,0.0,0.0,LB,0.75,edge,0.0,0.4,1.4,0,9.0,46.5
VanNKy00,Kyle Van Noy,BAL,DEN,2024,9,0.0,0.0,LB,0.67,edge,0.4,1.0,1.4,0,9.0,46.5
WashBr01,Broderick Washington Jr.,BAL,DEN,2024,9,0.0,0.0,DE,0.6,edge,,,1.4,0,9.0,46.5
BernTe00,Terrel Bernard,BUF,MIA,2024,9,0.0,0.0,LB,1.0,edge,0.0,0.4,2.8,0,6.5,49.0
OlivEd00,Ed Oliver,BUF,MIA,2024,9,0.0,1.0,DT,0.72,interior,0.2,1.0,2.8,0,6.5,49.0
RousGr00,Gregory Rousseau,BUF,MIA,2024,9,1.0,2.0,DE,0.74,edge,0.1,3.0,2.8,0,6.5,49.0
WillDo04,Dorian Williams,BUF,MIA,2024,9,0.0,0.0,LB,0.87,edge,0.0,0.2,2.8,0,6.5,49.0
ClowJa00,Jadeveon Clowney,CAR,NO,2024,9,0.0,1.0,LB,0.73,edge,0.4,1.8,3.6,0,-7.0,43.5
HarrCh03,Charles Harris,CAR,NO,2024,9,1.0,2.0,DE,0.78,edge,0.4,0.8,3.6,0,-7.0,43.5
JeweJo00,Josey Jewell,CAR,NO,2024,9,0.0,0.0,LB,1.0,edge,0.0,0.0,3.6,0,-7.0,43.5
RobiAS00,A'Shawn Robinson,CAR,NO,2024,9,0.0,1.0,DE,0.63,edge,0.4,0.8,3.6,0,-7.0,43.5
WallTr00,Trevin Wallace,CAR,NO,2024,9,0.0,0.0,LB,0.87,edge,0.0,0.0,3.6,0,-7.0,43.5
DextGe00,Gervon Dexter,CHI,ARI,2024,9,0.0,0.0,DT,0.79,interior,0.4,1.6,1.0,1,-1.5,44.5
EdmuTr01,Tremaine Edmunds,CHI,ARI,2024,9,0.0,0.0,LB,1.0,edge,0.0,0.2,1.0,1,-1.5,44.5
EdwaTJ02,T.J. Edwards,CHI,ARI,2024,9,0.0,0.0,LB,1.0,edge,0.2,0.2,1.0,1,-1.5,44.5
WalkDe03,DeMarcus Walker,CHI,ARI,2024,9,0.0,1.0,DE,0.6,edge,0.3,1.6,1.0,1,-1.5,44.5
HendTr00,Trey Hendrickson,CIN,LV,2024,9,4.0,9.0,DE,0.74,edge,1.0,3.4,2.6,0,8.0,45.0
PratGe00,Germaine Pratt,CIN,LV,2024,9,0.0,1.0,LB,0.82,edge,0.0,0.4,2.6,0,8.0,45.0
WilsLo00,Logan Wilson,CIN,LV,2024,9,0.0,0.0,LB,0.89,edge,0.0,0.4,2.6,0,8.0,45.0
BushDe01,Devin Bush Jr.,CLE,LAC,2024,9,1.0,1.0,LB,0.81,edge,0.0,0.4,3.2,0,-2.0,42.5
DiabMo00,Mohamoud Diabate,CLE,LAC,2024,9,0.0,0.0,LB,0.91,edge,0.0,0.5,3.2,0,-2.0,42.5
GarrMy00,Myles Garrett,CLE,LAC,2024,9,3.0,6.0,DE,0.77,edge,0.6,2.4,3.2,0,-2.0,42.5
GolsCh00,Chauncey Golston,DAL,ATL,2024,9,0.0,0.0,DE,0.93,edge,0.5,2.0,2.0,1,-3.0,52.0
KendEr00,Eric Kendricks,DAL,ATL,2024,9,0.0,0.0,LB,1.0,edge,0.0,0.2,2.0,1,-3.0,52.0
LawsCa00,Carl Lawson,DAL,ATL,2024,9,2.0,2.0,DE,0.63,edge,0.3,2.0,2.0,1,-3.0,52.0
OdigOs00,Osa Odighizuwa,DAL,ATL,2024,9,0.0,2.0,DT,0.74,interior,0.1,1.4,2.0,1,-3.0,52.0
OverDe00,DeMarvion Overshown,DAL,ATL,2024,9,0.0,1.0,LB,0.98,edge,0.2,0.2,2.0,1,-3.0,52.0
AlleZa01,Zach Allen,DEN,BAL,2024,9,0.0,0.0,DE,0.88,edge,0.4,3.0,1.8,0,-9.0,46.5
CoopJo02,Jonathon Cooper,DEN,BAL,2024,9,0.0,0.0,LB,0.65,edge,0.5,1.6,1.8,0,-9.0,46.5
AnzaAl00,Alex Anzalone,DET,GB,2024,9,0.0,1.0,LB,1.0,edge,0.2,0.8,1.4,0,2.5,47.5
CampJa04,Jack Campbell,DET,GB,2024,9,0.0,0.0,LB,0.92,edge,0.2,0.4,1.4,0,2.5,47.5
McNeAl00,Alim McNeill,DET,GB,2024,9,0.0,3.0,DT,0.83,interior,0.3,1.0,1.4,0,2.5,47.5
CoopEd00,Edgerrin Cooper,GB,DET,2024,9,0.0,0.0,LB,0.67,edge,0.3333333333333333,0.3333333333333333,3.2,0,-2.5,47.5
GaryRa00,Rashan Gary,GB,DET,2024,9,0.5,2.0,DE,0.63,edge,0.2,1.8,3.2,0,-2.5,47.5
WalkQu00,Quay Walker,GB,DET,2024,9,0.0,0.0,LB,1.0,edge,0.3,1.0,3.2,0,-2.5,47.5
WilsEr00,Eric Wilson,GB,DET,2024,9,0.0,0.0,LB,0.74,edge,0.5,0.75,3.2,0,-2.5,47.5
AutrDe00,Denico Autry,HOU,NYJ,2024,9,2.0,2.0,DE,0.6,edge,1.1,2.2,2.6,0,-2.5,43.5
HewiNe00,Neville Hewitt,HOU,NYJ,2024,9,0.0,1.0,LB,0.86,edge,0.0,0.0,2.6,0,-2.5,43.5
HuntDa01,Danielle Hunter,HOU,NYJ,2024,9,0.0,1.0,DE,0.72,edge,0.6,2.2,2.6,0,-2.5,43.5
TooTHe00,Henry To'oTo'o,HOU,NYJ,2024,9,0.0,0.0,LB,1.0,edge,0.2,0.4,2.6,0,-2.5,43.5
BuckDe00,DeForest Buckner,IND,MIN,2024,9,1.0,5.0,DT,0.75,interior,0.9,2.0,3.4,1,-6.5,47.0
FranZa00,Zaire Franklin,IND,MIN,2024,9,0.0,0.0,LB,1.0,edge,0.0,0.0,3.4,1,-6.5,47.0
OdeyDa00,Dayo Odeyingbo,IND,MIN,2024,9,0.0,0.0,DE,0.75,edge,0.5,1.8,3.4,1,-6.5,47.0
PayeKw00,Kwity Paye,IND,MIN,2024,9,1.0,1.0,DE,0.71,edge,0.3,2.2,3.4,1,-6.5,47.0
SpeeEJ00,E.J. Speed,IND,MIN,2024,9,0.0,0.0,LB,0.96,edge,0.0,0.2,3.4,1,-6.5,47.0
AlleJo03,Josh Hines-Allen,JAX,PHI,2024,9,2.0,4.0,DE,0.71,edge,0.4,1.0,3.2,0,-7.5,46.0
HamiDa02,DaVon Hamilton,JAX,PHI,2024,9,0.0,0.0,DT,0.68,interior,0.0,0.4,3.2,0,-7.5,46.0
LloyDe00,Devin Lloyd,JAX,PHI,2024,9,0.0,1.0,LB,0.77,edge,0.2,0.4,3.2,0,-7.5,46.0
OluoFo00,Foyesade Oluokun,JAX,PHI,2024,9,0.0,0.0,LB,0.9,edge,0.2,0.8,3.2,0,-7.5,46.0
WalkTr03,Travon Walker,JAX,PHI,2024,9,0.0,0.0,DE,0.73,edge,0.9,1.8,3.2,0,-7.5,46.0
AnudFe00,Felix Anudike-Uzomah,KC,TB,2024,9,0.5,1.0,DE,0.62,edge,0.0,0.5,1.4,0,9.0,45.5
BoltNi00,Nick Bolton,KC,TB,2024,9,0.0,0.0,LB,0.93,edge,0.0,0.4,1.4,0,9.0,45.5
JoneCh09,Chris Jones,KC,TB,2024,9,0.0,1.0,DT,0.89,interior,0.5,2.8,1.4,0,9.0,45.5
KarlGe00,George Karlaftis III,KC,TB,2024,9,1.0,1.0,DE,0.62,edge,0.4,1.6,1.4,0,9.0,45.5
TranDr00,Drue Tranquill,KC,TB,2024,9,0.5,1.0,LB,0.71,edge,0.2,1.2,1.4,0,9.0,45.5
WharTe00,Tershawn Wharton,KC,TB,2024,9,0.0,1.0,DT,0.69,interior,0.5,1.6,1.4,0,9.0,45.5
FiskBr00,Braden Fiske,LA,SEA,2024,9,2.0,2.0,DT,0.61,interior,0.0,2.0,2.6,0,1.5,48.5
RozeCh00,Christian Rozeboom,LA,SEA,2024,9,0.0,0.0,LB,0.98,edge,0.0,0.0,2.6,0,1.5,48.5
TurnKo00,Kobie Turner,LA,SEA,2024,9,1.0,3.0,NT,0.74,interior,0.6,1.6,2.6,0,1.5,48.5
VersJa00,Jared Verse,LA,SEA,2024,9,1.0,1.0,LB,0.86,edge,0.3,3.4,2.6,0,1.5,48.5
YounBy01,Byron Young,LA,SEA,2024,9,1.0,3.0,LB,0.81,edge,0.4,2.4,2.6,0,1.5,48.5
HenlDa00,Daiyan Henley,LAC,CLE,2024,9,0.0,0.0,LB,0.85,edge,0.0,0.0,4.2,0,2.0,42.5
TuipTu00,Tuli Tuipulotu,LAC,CLE,2024,9,2.5,3.0,DE,0.75,edge,0.2,0.8,4.2,0,2.0,42.5
ButlAd00,Adam Butler,LV,CIN,2024,9,0.0,3.0,DT,0.68,interior,0.0,0.4,2.2,0,-8.0,45.0
CrosMa00,Maxx Crosby,LV,CIN,2024,9,0.0,6.0,DE,1.0,edge,0.7,2.0,2.2,0,-8.0,45.0
DeabDi00,Divine Deablo,LV,CIN,2024,9,0.0,0.0,LB,0.95,edge,0.2,0.4,2.2,0,-8.0,45.0
JenkJo00,John Jenkins,LV,CIN,2024,9,0.5,2.0,DT,0.66,interior,0.125,0.75,2.2,0,-8.0,45.0
SpilRo00,Robert Spillane,LV,CIN,2024,9,0.0,1.0,LB,0.76,edge,0.0,0.0,2.2,0,-8.0,45.0
BrooJo01,Jordyn Brooks,MIA,BUF,2024,9,0.0,0.0,LB,1.0,edge,0.2,1.2,1.4,0,-6.5,49.0
HandDa00,Da'Shawn Hand,MIA,BUF,2024,9,0.0,1.0,DE,0.86,edge,0.0,1.0,1.4,0,-6.5,49.0
WalkAn01,Anthony Walker,MIA,BUF,2024,9,0.0,0.0,LB,1.0,edge,0.0,0.2,1.4,0,-6.5,49.0
GreeJo04,Jonathan Greenard,MIN,IND,2024,9,2.0,3.0,LB,0.89,edge,0.8,3.2,2.2,1,6.5,47.0
PaceIv00,Ivan Pace,MIN,IND,2024,9,0.0,0.0,LB,0.96,edge,0.2,1.0,2.2,1,6.5,47.0
VanGAn00,Andrew Van Ginkel,MIN,IND,2024,9,0.0,1.0,LB,0.72,edge,0.6,1.6,2.2,1,6.5,47.0
EkuaDa00,Daniel Ekuale,NE,TEN,2024,9,0.0,1.0,DT,0.68,interior,0.25,0.5,2.6,0,-3.0,38.5
JennAn00,Anfernee Jennings,NE,TEN,2024,9,0.0,2.0,LB,0.99,edge,0.1,0.8,2.6,0,-3.0,38.5
MapuMa00,Marte Mapu,NE,TEN,2024,9,0.0,0.0,LB,0.77,edge,0.125,0.5,2.6,0,-3.0,38.5
TavaJa00,Jahlani Tavai,NE,TEN,2024,9,0.0,1.0,LB,0.88,edge,0.0,0.6,2.6,0,-3.0,38.5
WhitKe03,Keion White,NE,TEN,2024,9,0.0,1.0,DE,0.84,edge,0.0,2.0,2.6,0,-3.0,38.5
DaviDe00,Demario Davis,NO,CAR,2024,9,0.0,0.0,LB,1.0,edge,0.0,0.2,1.6,0,7.0,43.5
GranCa01,Carl Granderson,NO,CAR,2024,9,0.5,1.0,DE,0.79,edge,0.6,3.0,1.6,0,7.0,43.5
ShepNa00,Nathan Shepherd,NO,CAR,2024,9,0.5,2.0,DT,0.68,interior,0.3333333333333333,1.0,1.6,0,7.0,43.5
WernPe00,Pete Werner,NO,CAR,2024,9,0.0,0.0,LB,0.98,edge,0.0,0.0,1.6,0,7.0,43.5
BurnBr00,Brian Burns,NYG,WAS,2024,9,0.0,0.0,LB,0.85,edge,0.8,2.0,1.8,0,-4.5,44.5
LawrDe03,Dexter Lawrence,NYG,WAS,2024,9,0.0,0.0,NT,0.82,interior,1.2,2.2,1.8,0,-4.5,44.5
McFaMi01,Micah McFadden,NYG,WAS,2024,9,0.0,0.0,LB,0.81,edge,0.2,0.8,1.8,0,-4.5,44.5
OjulAz00,Azeez Ojulari,NYG,WAS,2024,9,0.0,2.0,DE,0.94,edge,1.0,2.0,1.8,0,-4.5,44.5
OkerBo00,Bobby Okereke,NYG,WAS,2024,9,0.0,0.0,LB,0.98,edge,0.1,0.2,1.8,0,-4.5,44.5
KinlJa00,Javon Kinlaw,NYJ,HOU,2024,9,0.0,1.0,DT,0.67,interior,0.2,0.8,2.2,0,2.5,43.5
McDoWi00,Will McDonald,NYJ,HOU,2024,9,0.0,1.0,LB,0.61,edge,0.75,2.75,2.2,0,2.5,43.5
SherJa00,Jamien Sherwood,NYJ,HOU,2024,9,2.0,2.0,LB,0.99,edge,0.0,0.2,2.2,0,2.5,43.5
WillQu00,Quinnen Williams,NYJ,HOU,2024,9,1.5,5.0,NT,0.69,interior,0.5,1.4,2.2,0,2.5,43.5
WillQu01,Quincy Williams,NYJ,HOU,2024,9,0.0,0.0,LB,1.0,edge,0.0,0.0,2.2,0,2.5,43.5
BaunZa00,Zack Baun,PHI,JAX,2024,9,0.0,0.0,LB,0.98,edge,0.0,0.0,1.2,0,7.5,46.0
CartJa05,Jalen Carter,PHI,JAX,2024,9,0.0,2.0,DT,0.96,interior,0.6,1.6,1.2,0,7.5,46.0
DeanNa00,Nakobe Dean,PHI,JAX,2024,9,0.0,0.0,LB,0.98,edge,0.4,1.0,1.2,0,7.5,46.0
GrahBr99,Brandon Graham,PHI,JAX,2024,9,0.0,2.0,DE,0.69,edge,0.6666666666666666,1.3333333333333333,1.2,0,7.5,46.0
SweaJo00,Josh Sweat,PHI,JAX,2024,9,2.0,3.0,LB,0.78,edge,0.4,1.2,1.2,0,7.5,46.0
DodsTy01,Tyrel Dodson,SEA,LA,2024,9,0.0,1.0,LB,1.0,edge,0.2,0.2,2.0,0,-1.5,48.5
HallDe04,Derick Hall,SEA,LA,2024,9,0.0,0.0,LB,0.73,edge,0.8,2.4,2.0,0,-1.5,48.5
JoneEr01,Ernest Jones,SEA,LA,2024,9,0.0,0.0,LB,1.0,edge,0.0,0.2,2.0,0,-1.5,48.5
MafeBo00,Boye Mafe,SEA,LA,2024,9,0.0,1.0,LB,0.68,edge,0.6,2.4,2.0,0,-1.5,48.5
WillLe02,Leonard Williams,SEA,LA,2024,9,0.0,2.0,DT,0.75,interior,0.5,3.0,2.0,0,-1.5,48.5
DaviLa00,Lavonte David,TB,KC,2024,9,0.0,0.0,LB,1.0,edge,0.6,0.8,1.6,0,-9.0,45.5
KancCa00,Calijah Kancey,TB,KC,2024,9,2.0,3.0,DE,0.68,edge,0.7,1.0,1.6,0,-9.0,45.5
TryoJo00,Joe Tryon-Shoyinka,TB,KC,2024,9,0.0,0.0,LB,0.64,edge,0.0,0.8,1.6,0,-9.0,45.5
VeaxVi00,Vita Vea,TB,KC,2024,9,2.0,3.0,NT,0.71,interior,0.6,1.0,1.6,0,-9.0,45.5
GibbJa00,Jack Gibbens,TEN,NE,2024,9,0.5,1.0,LB,1.0,edge,0.2,0.2,3.2,0,3.0,38.5
JoseSe00,Sebastian Joseph-Day,TEN,NE,2024,9,0.5,2.0,DT,0.62,interior,0.5,1.4,3.2,0,3.0,38.5
KeyxAr00,Arden Key,TEN,NE,2024,9,1.0,3.0,LB,0.87,edge,0.2,0.6,3.2,0,3.0,38.5
LandHa00,Harold Landry,TEN,NE,2024,9,1.0,2.0,LB,0.93,edge,0.2,1.4,3.2,0,3.0,38.5
MurrKe00,Kenneth Murray,TEN,NE,2024,9,0.0,1.0,LB,1.0,edge,0.4,0.4,3.2,0,3.0,38.5
SimmJe01,Jeffery Simmons,TEN,NE,2024,9,1.0,6.0,DT,0.78,interior,0.6,1.2,3.2,0,3.0,38.5
ArmsDo00,Dorance Armstrong Jr.,WAS,NYG,2024,9,0.0,1.0,DE,0.66,edge,0.25,2.25,3.6,0,4.5,44.5
LuvuFr00,Frankie Luvu,WAS,NYG,2024,9,0.0,0.0,LB,1.0,edge,0.8,1.4,3.6,0,4.5,44.5
WagnBo00,Bobby Wagner,WAS,NYG,2024,9,0.0,0.0,LB,1.0,edge,0.4,1.4,3.6,0,4.5,44.5
CollZa00,Zaven Collins,ARI,NYJ,2024,10,0.0,0.0,LB,0.62,edge,0.0,0.8,2.0,1,-2.0,45.5
WhitKy00,Kyzir White,ARI,NYJ,2024,10,0.0,0.0,LB,1.0,edge,0.1,0.6,2.0,1,-2.0,45.5
WilsMa03,Mack Wilson,ARI,NYJ,2024,10,0.0,0.0,LB,0.79,edge,0.0,0.4,2.0,1,-2.0,45.5
EbikAr00,Arnold Ebiketie,ATL,NO,2024,10,0.0,1.0,LB,0.66,edge,0.2,1.6,3.6,1,3.5,46.5
ElliKa00,Kaden Elliss,ATL,NO,2024,10,0.0,0.0,LB,1.0,edge,0.2,1.6,3.6,1,3.5,46.5
JarrGr00,Grady Jarrett,ATL,NO,2024,10,0.0,2.0,DT,0.72,interior,0.0,1.4,3.6,1,3.5,46.5
JudoMa00,Matt Judon,ATL,NO,2024,10,0.0,1.0,LB,0.6,edge,0.7,1.2,3.6,1,3.5,46.5
LandNa01,Nathan Landman,ATL,NO,2024,10,0.0,1.0,LB,0.83,edge,0.0,0.2,3.6,1,3.5,46.5
JoneTr00,Travis Jones,BAL,CIN,2024,10,0.0,1.0,DT,0.68,interior,0.2,0.8,2.4,0,6.0,53.0
MaduJu00,Nnamdi Madubuike,BAL,CIN,2024,10,3.0,3.0,DT,0.76,interior,0.4,1.6,2.4,0,6.0,53.0
OwehJa00,Odafe Oweh,BAL,CIN,2024,10,0.0,4.0,LB,0.74,edge,0.5,1.8,2.4,0,6.0,53.0
SimpTr00,Trenton Simpson,BAL,CIN,2024,10,0.0,0.0,LB,0.9,edge,0.2,0.4,2.4,0,6.0,53.0
SmitRo07,Roquan Smith,BAL,CIN,2024,10,0.0,1.0,LB,1.0,edge,0.0,0.4,2.4,0,6.0,53.0
VanNKy00,Kyle Van Noy,BAL,CIN,2024,10,0.0,1.0,LB,0.72,edge,0.2,0.8,2.4,0,6.0,53.0
BernTe00,Terrel Bernard,BUF,IND,2024,10,0.0,0.0,LB,0.92,edge,0.0,0.4,2.4,1,4.5,46.5
EpenAJ00,A.J. Epenesa,BUF,IND,2024,10,1.0,1.0,DE,0.64,edge,0.6,1.8,2.4,1,4.5,46.5
RousGr00,Gregory Rousseau,BUF,IND,2024,10,1.0,1.0,DE,0.64,edge,0.3,3.4,2.4,1,4.5,46.5
WillDo04,Dorian Williams,BUF,IND,2024,10,0.0,1.0,LB,0.69,edge,0.0,0.0,2.4,1,4.5,46.5
ClowJa00,Jadeveon Clowney,CAR,NYG,2024,10,0.0,0.0,LB,0.8,edge,0.4,2.0,3.8,0,-6.5,40.5
JeweJo00,Josey Jewell,CAR,NYG,2024,10,0.0,0.0,LB,1.0,edge,0.0,0.0,3.8,0,-6.5,40.5
RobiAS00,A'Shawn Robinson,CAR,NYG,2024,10,1.0,2.0,DE,0.71,edge,0.4,0.8,3.8,0,-6.5,40.5
WallTr00,Trevin Wallace,CAR,NYG,2024,10,0.0,0.0,LB,0.69,edge,0.0,0.0,3.8,0,-6.5,40.5
WonnDJ00,D.J. Wonnum,CAR,NYG,2024,10,1.0,3.0,LB,0.67,edge,0.6,1.4,3.8,0,-6.5,40.5
DextGe00,Gervon Dexter,CHI,NE,2024,10,0.0,1.0,DT,0.77,interior,0.2,1.2,2.8,0,6.5,37.5
EdmuTr01,Tremaine Edmunds,CHI,NE,2024,10,0.0,1.0,LB,1.0,edge,0.0,0.0,2.8,0,6.5,37.5
EdwaTJ02,T.J. Edwards,CHI,NE,2024,10,0.0,0.0,LB,1.0,edge,0.2,0.2,2.8,0,6.5,37.5
HendTr00,Trey Hendrickson,CIN,BAL,2024,10,0.0,0.0,DE,0.86,edge,1.8,4.6,1.8,0,-6.0,53.0
HillB.00,B.J. Hill,CIN,BAL,2024,10,0.0,0.0,DT,0.7,interior,0.0,1.0,1.8,0,-6.0,53.0
PratGe00,Germaine Pratt,CIN,BAL,2024,10,0.0,0.0,LB,0.9,edge,0.0,0.6,1.8,0,-6.0,53.0
WilsLo00,Logan Wilson,CIN,BAL,2024,10,0.0,0.0,LB,1.0,edge,0.0,0.2,1.8,0,-6.0,53.0
GolsCh00,Chauncey Golston,DAL,PHI,2024,10,0.0,1.0,DE,0.8,edge,0.3333333333333333,1.3333333333333333,3.0,1,-7.5,44.5
KendEr00,Eric Kendricks,DAL,PHI,2024,10,0.0,0.0,LB,0.88,edge,0.0,0.2,3.0,1,-7.5,44.5
LawsCa00,Carl Lawson,DAL,PHI,2024,10,0.5,1.0,DE,0.63,edge,0.5,1.0,3.0,1,-7.5,44.5
OdigOs00,Osa Odighizuwa,DAL,PHI,2024,10,0.5,2.0,DT,0.69,interior,0.1,1.4,3.0,1,-7.5,44.5
OverDe00,DeMarvion Overshown,DAL,PHI,2024,10,2.0,3.0,LB,0.71,edge,0.2,0.4,3.0,1,-7.5,44.5
AlleZa01,Zach Allen,DEN,KC,2024,10,1.0,3.0,DE,0.9,edge,0.4,2.4,2.4,0,-7.5,42.5
BartCo00,Cody Barton,DEN,KC,2024,10,0.0,0.0,LB,1.0,edge,0.2,0.2,2.4,0,-7.5,42.5
BoniNi00,Nik Bonitto,DEN,KC,2024,10,1.0,5.0,LB,0.66,edge,0.6,1.6,2.4,0,-7.5,42.5
CoopJo02,Jonathon Cooper,DEN,KC,2024,10,1.0,2.0,LB,0.71,edge,0.5,1.6,2.4,0,-7.5,42.5
StrnJu00,Justin Strnad,DEN,KC,2024,10,0.0,1.0,LB,0.62,edge,0.6,1.2,2.4,0,-7.5,42.5
AnzaAl00,Alex Anzalone,DET,HOU,2024,10,0.0,0.0,LB,1.0,edge,0.2,1.0,3.4,1,4.5,49.0
CampJa04,Jack Campbell,DET,HOU,2024,10,0.0,0.0,LB,1.0,edge,0.2,0.4,3.4,1,4.5,49.0
McNeAl00,Alim McNeill,DET,HOU,2024,10,1.0,3.0,DT,0.87,interior,0.3,1.4,3.4,1,4.5,49.0
OnwuLe00,Levi Onwuzurike,DET,HOU,2024,10,0.0,3.0,DE,0.85,edge,0.375,2.25,3.4,1,4.5,49.0
PascJo00,Josh Paschal,DET,HOU,2024,10,1.0,3.0,DE,0.9,edge,0.5,1.5,3.4,1,4.5,49.0
AlShAz00,Azeez Al-Shaair,HOU,DET,2024,10,0.0,0.0,LB,0.94,edge,0.2,1.2,3.0,1,-4.5,49.0
AutrDe00,Denico Autry,HOU,DET,2024,10,0.0,3.0,DE,0.6,edge,1.1,2.0,3.0,1,-4.5,49.0
HuntDa01,Danielle Hunter,HOU,DET,2024,10,0.0,2.0,DE,0.82,edge,0.6,1.8,3.0,1,-4.5,49.0
SettTi00,Tim Settle,HOU,DET,2024,10,0.0,1.0,DT,0.71,interior,1.5,1.5,3.0,1,-4.5,49.0
TooTHe00,Henry To'oTo'o,HOU,DET,2024,10,0.0,0.0,LB,0.98,edge,0.0,0.2,3.0,1,-4.5,49.0
BuckDe00,DeForest Buckner,IND,BUF,2024,10,0.0,1.0,DT,0.8,interior,1.1,2.8,1.0,1,-4.5,46.5
FranZa00,Zaire Franklin,IND,BUF,2024,10,0.0,1.0,LB,1.0,edge,0.0,0.0,1.0,1,-4.5,46.5
OdeyDa00,Dayo Odeyingbo,IND,BUF,2024,10,0.0,1.0,DE,0.69,edge,0.2,1.2,1.0,1,-4.5,46.5
PayeKw00,Kwity Paye,IND,BUF,2024,10,1.0,1.0,DE,0.69,edge,0.5,2.4,1.0,1,-4.5,46.5
SpeeEJ00,E.J. Speed,IND,BUF,2024,10,0.0,1.0,LB,1.0,edge,0.0,0.2,1.0,1,-4.5,46.5
AlleJo03,Josh Hines-Allen,JAX,MIN,2024,10,0.0,1.0,DE,0.74,edge,0.8,1.8,3.4,0,-7.0,42.5
LloyDe00,Devin Lloyd,JAX,MIN,2024,10,0.0,0.0,LB,0.77,edge,0.2,0.4,3.4,0,-7.0,42.5
MillVe00,Ventrell Miller,JAX,MIN,2024,10,0.0,0.0,LB,0.6,edge,0.0,0.3333333333333333,3.4,0,-7.0,42.5
OluoFo00,Foyesade Oluokun,JAX,MIN,2024,10,0.0,0.0,LB,1.0,edge,0.2,0.6,3.4,0,-7.0,42.5
WalkTr03,Travon Walker,JAX,MIN,2024,10,1.0,2.0,DE,0.77,edge,0.9,1.4,3.4,0,-7.0,42.5
BoltNi00,Nick Bolton,KC,DEN,2024,10,1.0,1.0,LB,0.93,edge,0.0,0.4,2.2,0,7.5,42.5
JoneCh09,Chris Jones,KC,DEN,2024,10,0.0,2.0,DT,0.88,interior,0.4,2.4,2.2,0,7.5,42.5
KarlGe00,George Karlaftis III,KC,DEN,2024,10,0.0,1.0,DE,0.76,edge,0.6,1.4,2.2,0,7.5,42.5
TranDr00,Drue Tranquill,KC,DEN,2024,10,0.0,1.0,LB,0.86,edge,0.3,0.8,2.2,0,7.5,42.5
HoecMi00,Michael Hoecht,LA,MIA,2024,10,0.0,0.0,LB,0.66,edge,0.2,1.2,1.8,1,2.5,49.5
RozeCh00,Christian Rozeboom,LA,MIA,2024,10,0.0,0.0,LB,0.62,edge,0.0,0.0,1.8,1,2.5,49.5
SpeiOm00,Omar Speights,LA,MIA,2024,10,0.0,0.0,LB,0.74,edge,,,1.8,1,2.5,49.5
TurnKo00,Kobie Turner,LA,MIA,2024,10,1.0,1.0,NT,0.79,interior,0.8,2.2,1.8,1,2.5,49.5
VersJa00,Jared Verse,LA,MIA,2024,10,1.0,2.0,LB,0.85,edge,0.5,3.2,1.8,1,2.5,49.5
YounBy01,Byron Young,LA,MIA,2024,10,1.0,2.0,LB,0.81,edge,0.4,2.4,1.8,1,2.5,49.5
DuprAl00,Bud Dupree,LAC,TEN,2024,10,2.0,3.0,LB,0.69,edge,0.3,1.2,1.2,1,8.0,40.0
FoxxMo00,Morgan Fox,LAC,TEN,2024,10,0.0,1.0,DT,0.61,interior,0.8,1.4,1.2,1,8.0,40.0
HenlDa00,Daiyan Henley,LAC,TEN,2024,10,1.0,1.0,LB,1.0,edge,0.0,0.0,1.2,1,8.0,40.0
TuipTu00,Tuli Tuipulotu,LAC,TEN,2024,10,2.0,3.0,DE,0.83,edge,0.7,1.2,1.2,1,8.0,40.0
BrooJo01,Jordyn Brooks,MIA,LA,2024,10,0.0,0.0,LB,1.0,edge,0.2,1.0,1.4,1,-2.5,49.5
OgbaEm00,Emmanuel Ogbah,MIA,LA,2024,10,0.0,0.0,DE,0.71,edge,0.4,1.4,1.4,1,-2.5,49.5
RobiCh00,Chop Robinson,MIA,LA,2024,10,1.0,3.0,LB,0.6,edge,0.0,0.5,1.4,1,-2.5,49.5
SielZa00,Zach Sieler,MIA,LA,2024,10,0.0,1.0,DE,0.81,edge,0.7,2.2,1.4,1,-2.5,49.5
WalkAn01,Anthony Walker,MIA,LA,2024,10,0.0,0.0,LB,0.99,edge,0.0,0.2,1.4,1,-2.5,49.5
CashBl00,Blake Cashman,MIN,JAX,2024,10,1.0,2.0,LB,0.8,edge,0.2,1.4,1.4,0,7.0,42.5
GreeJo04,Jonathan Greenard,MIN,JAX,2024,10,0.0,0.0,LB,0.95,edge,0.6,3.2,1.4,0,7.0,42.5
VanGAn00,Andrew Van Ginkel,MIN,JAX,2024,10,1.0,1.0,LB,0.91,edge,0.4,1.4,1.4,0,7.0,42.5
JennAn00,Anfernee Jennings,NE,CHI,2024,10,2.0,3.0,LB,0.93,edge,0.1,1.0,3.0,0,-6.5,37.5
TavaJa00,Jahlani Tavai,NE,CHI,2024,10,1.0,1.0,LB,1.0,edge,0.0,0.6,3.0,0,-6.5,37.5
WhitKe03,Keion White,NE,CHI,2024,10,1.0,3.0,DE,0.9,edge,0.0,1.8,3.0,0,-6.5,37.5
DaviDe00,Demario Davis,NO,ATL,2024,10,0.0,0.0,LB,1.0,edge,0.0,0.2,2.2,1,-3.5,46.5
GranCa01,Carl Granderson,NO,ATL,2024,10,0.0,0.0,DE,0.67,edge,0.4,2.0,2.2,1,-3.5,46.5
WernPe00,Pete Werner,NO,ATL,2024,10,0.0,0.0,LB,0.67,edge,0.0,0.0,2.2,1,-3.5,46.5
BurnBr00,Brian Burns,NYG,CAR,2024,10,1.0,6.0,LB,0.93,edge,0.8,1.8,1.8,0,6.5,40.5
LawrDe03,Dexter Lawrence,NYG,CAR,2024,10,0.0,1.0,NT,0.75,interior,0.8,1.4,1.8,0,6.5,40.5
McFaMi01,Micah McFadden,NYG,CAR,2024,10,0.0,0.0,LB,0.77,edge,0.1,0.2,1.8,0,6.5,40.5
NuneRa00,Rakeem Nunez-Roches,NYG,CAR,2024,10,0.0,1.0,NT,0.73,interior,0.1,0.6,1.8,0,6.5,40.5
OjulAz00,Azeez Ojulari,NYG,CAR,2024,10,0.0,0.0,DE,0.87,edge,1.0,2.0,1.8,0,6.5,40.5
OkerBo00,Bobby Okereke,NYG,CAR,2024,10,0.0,0.0,LB,0.95,edge,0.1,0.2,1.8,0,6.5,40.5
ClemMi03,Micheal Clemons,NYJ,ARI,2024,10,0.0,0.0,DE,0.66,edge,0.25,1.5,0.8,1,2.0,45.5
EguaSa00,Samuel Eguavoen,NYJ,ARI,2024,10,0.0,0.0,LB,0.64,edge,,,0.8,1,2.0,45.5
KinlJa00,Javon Kinlaw,NYJ,ARI,2024,10,0.0,0.0,DT,0.75,interior,0.0,0.8,0.8,1,2.0,45.5
SherJa00,Jamien Sherwood,NYJ,ARI,2024,10,0.0,0.0,LB,0.98,edge,0.4,0.6,0.8,1,2.0,45.5
WillQu00,Quinnen Williams,NYJ,ARI,2024,10,0.0,0.0,NT,0.63,interior,0.8,2.4,0.8,1,2.0,45.5
WillQu01,Quincy Williams,NYJ,ARI,2024,10,1.0,2.0,LB,1.0,edge,0.0,0.0,0.8,1,2.0,45.5
BaunZa00,Zack Baun,PHI,DAL,2024,10,0.0,0.0,LB,0.85,edge,0.0,0.0,2.4,1,7.5,44.5
CartJa05,Jalen Carter,PHI,DAL,2024,10,0.5,2.0,DT,0.72,interior,0.6,1.6,2.4,1,7.5,44.5
DeanNa00,Nakobe Dean,PHI,DAL,2024,10,0.0,0.0,LB,0.73,edge,0.4,1.0,2.4,1,7.5,44.5
SweaJo00,Josh Sweat,PHI,DAL,2024,10,0.0,1.0,LB,0.62,edge,0.8,1.6,2.4,1,7.5,44.5
HeywCa01,Cameron Heyward,PIT,WAS,2024,10,2.0,2.0,DT,0.86,interior,0.6,2.2,1.8,0,-1.5,45.0
HighAl02,Alex Highsmith,PIT,WAS,2024,10,0.0,1.0,LB,0.8,edge,0.8,2.4,1.8,0,-1.5,45.0
QueePa00,Patrick Queen,PIT,WAS,2024,10,0.0,0.0,LB,1.0,edge,0.0,0.4,1.8,0,-1.5,45.0
RobeEl00,Elandon Roberts,PIT,WAS,2024,10,0.0,1.0,LB,0.67,edge,0.2,0.8,1.8,0,-1.5,45.0
WattT.00,T.J. Watt,PIT,WAS,2024,10,0.0,2.0,LB,0.88,edge,0.7,1.8,1.8,0,-1.5,45.0
BosaNi00,Nick Bosa,SF,TB,2024,10,1.0,2.0,DE,0.85,edge,0.5,3.4,1.4,0,6.5,50.5
CampDe00,De'Vondre Campbell,SF,TB,2024,10,0.0,0.0,LB,1.0,edge,0.0,0.0,1.4,0,6.5,50.5
CollMa00,Maliek Collins,SF,TB,2024,10,1.0,2.0,DT,0.72,interior,0.6,2.0,1.4,0,6.5,50.5
FloyLe00,Leonard Floyd,SF,TB,2024,10,0.0,1.0,DE,0.67,edge,0.6,2.2,1.4,0,6.5,50.5
WarnFr00,Fred Warner,SF,TB,2024,10,0.0,1.0,LB,1.0,edge,0.0,0.2,1.4,0,6.5,50.5
BritKJ00,K.J. Britt,TB,SF,2024,10,0.0,0.0,LB,0.64,edge,0.1,0.2,1.0,0,-6.5,50.5
DaviLa00,Lavonte David,TB,SF,2024,10,0.0,1.0,LB,1.0,edge,0.2,0.4,1.0,0,-6.5,50.5
DiabYa00,YaYa Diaby,TB,SF,2024,10,0.0,1.0,LB,0.72,edge,0.2,2.0,1.0,0,-6.5,50.5
KancCa00,Calijah Kancey,TB,SF,2024,10,1.0,1.0,DE,0.67,edge,0.9,1.4,1.0,0,-6.5,50.5
TryoJo00,Joe Tryon-Shoyinka,TB,SF,2024,10,1.0,1.0,LB,0.63,edge,0.0,0.6,1.0,0,-6.5,50.5
VeaxVi00,Vita Vea,TB,SF,2024,10,0.0,2.0,NT,0.67,interior,1.0,1.2,1.0,0,-6.5,50.5
GibbJa00,Jack Gibbens,TEN,LAC,2024,10,0.0,0.0,LB,1.0,edge,0.1,0.2,3.4,1,-8.0,40.0
KeyxAr00,Arden Key,TEN,LAC,2024,10,0.0,1.0,LB,0.68,edge,0.4,1.0,3.4,1,-8.0,40.0
MurrKe00,Kenneth Murray,TEN,LAC,2024,10,0.0,0.0,LB,1.0,edge,0.0,0.2,3.4,1,-8.0,40.0
SimmJe01,Jeffery Simmons,TEN,LAC,2024,10,0.0,1.0,DT,0.78,interior,0.6,1.8,3.4,1,-8.0,40.0
ArmsDo00,Dorance Armstrong Jr.,WAS,PIT,2024,10,0.0,1.0,DE,0.6,edge,0.2,2.0,3.0,0,1.5,45.0
LuvuFr00,Frankie Luvu,WAS,PIT,2024,10,1.0,2.0,LB,1.0,edge,0.7,1.2,3.0,0,1.5,45.0
PaynDa00,Daron Payne,WAS,PIT,2024,10,0.0,0.0,DT,0.71,interior,0.3,1.4,3.0,0,1.5,45.0
WagnBo00,Bobby Wagner,WAS,PIT,2024,10,0.0,0.0,LB,1.0,edge,0.3,1.0,3.0,0,1.5,45.0
EbikAr00,Arnold Ebiketie,ATL,DEN,2024,11,0.0,1.0,LB,0.68,edge,0.2,1.8,2.0,0,-2.0,44.5
ElliKa00,Kaden Elliss,ATL,DEN,2024,11,0.0,2.0,LB,1.0,edge,0.2,1.6,2.0,0,-2.0,44.5
JarrGr00,Grady Jarrett,ATL,DEN,2024,11,0.0,0.0,DT,0.65,interior,0.0,1.2,2.0,0,-2.0,44.5
LandNa01,Nathan Landman,ATL,DEN,2024,11,0.0,0.0,LB,0.97,edge,0.0,0.4,2.0,0,-2.0,44.5
SimpTr00,Trenton Simpson,BAL,PIT,2024,11,0.0,0.0,LB,0.85,edge,0.2,0.2,2.8,0,3.0,48.0
SmitRo07,Roquan Smith,BAL,PIT,2024,11,0.0,0.0,LB,0.71,edge,0.0,0.6,2.8,0,3.0,48.0
VanNKy00,Kyle Van Noy,BAL,PIT,2024,11,0.0,2.0,LB,0.76,edge,0.2,0.6,2.8,0,3.0,48.0
WashBr01,Broderick Washington Jr.,BAL,PIT,2024,11,1.0,1.0,DE,0.67,edge,0.0,0.0,2.8,0,3.0,48.0
BernTe00,Terrel Bernard,BUF,KC,2024,11,1.0,2.0,LB,1.0,edge,0.0,0.4,2.6,0,2.5,46.5
EpenAJ00,A.J. Epenesa,BUF,KC,2024,11,0.0,1.0,DE,0.62,edge,0.4,1.2,2.6,0,2.5,46.5
OlivEd00,Ed Oliver,BUF,KC,2024,11,0.0,3.0,DT,0.71,interior,0.2,0.8,2.6,0,2.5,46.5
RousGr00,Gregory Rousseau,BUF,KC,2024,11,0.0,4.0,DE,0.8,edge,0.5,2.8,2.6,0,2.5,46.5
WillDo04,Dorian Williams,BUF,KC,2024,11,0.0,2.0,LB,0.96,edge,0.0,0.2,2.6,0,2.5,46.5
DextGe00,Gervon Dexter,CHI,GB,2024,11,0.0,1.0,DT,0.81,interior,0.2,1.0,1.2,0,-6.0,41.0
EdmuTr01,Tremaine Edmunds,CHI,GB,2024,11,0.0,0.0,LB,1.0,edge,0.0,0.2,1.2,0,-6.0,41.0
EdwaTJ02,T.J. Edwards,CHI,GB,2024,11,0.0,0.0,LB,1.0,edge,0.2,0.2,1.2,0,-6.0,41.0
WalkDe03,DeMarcus Walker,CHI,GB,2024,11,1.0,1.0,DE,0.74,edge,0.3,1.6,1.2,0,-6.0,41.0
HendTr00,Trey Hendrickson,CIN,LAC,2024,11,0.5,3.0,DE,0.85,edge,1.4,4.0,3.0,1,-1.0,48.0
HillB.00,B.J. Hill,CIN,LAC,2024,11,0.0,1.0,DT,0.76,interior,0.0,0.6,3.0,1,-1.0,48.0
PratGe00,Germaine Pratt,CIN,LAC,2024,11,0.0,0.0,LB,0.97,edge,0.0,0.4,3.0,1,-1.0,48.0
WilsLo00,Logan Wilson,CIN,LAC,2024,11,0.0,0.0,LB,1.0,edge,0.0,0.2,3.0,1,-1.0,48.0
BushDe01,Devin Bush Jr.,CLE,NO,2024,11,0.0,0.0,LB,0.72,edge,0.2,0.6,3.4,1,1.0,44.0
DiabMo00,Mohamoud Diabate,CLE,NO,2024,11,0.0,0.0,LB,0.8,edge,0.0,0.3333333333333333,3.4,1,1.0,44.0
GarrMy00,Myles Garrett,CLE,NO,2024,11,0.0,2.0,DE,0.75,edge,1.0,3.2,3.4,1,1.0,44.0
HarrSh00,Shelby Harris,CLE,NO,2024,11,0.0,1.0,DT,0.63,interior,0.2,0.8,3.4,1,1.0,44.0
HickJo00,Jordan Hicks,CLE,NO,2024,11,0.0,0.0,LB,1.0,edge,0.2,1.0,3.4,1,1.0,44.0
OkorOg00,Ogbonnia Okoronkwo,CLE,NO,2024,11,1.0,1.0,DE,0.63,edge,0.25,1.0,3.4,1,1.0,44.0
GolsCh00,Chauncey Golston,DAL,HOU,2024,11,0.0,1.0,DE,0.95,edge,0.25,1.25,4.0,1,-7.5,41.5
KendEr00,Eric Kendricks,DAL,HOU,2024,11,0.0,0.0,LB,1.0,edge,0.0,0.2,4.0,1,-7.5,41.5
OdigOs00,Osa Odighizuwa,DAL,HOU,2024,11,1.0,1.0,DT,0.89,interior,0.2,1.6,4.0,1,-7.5,41.5
OverDe00,DeMarvion Overshown,DAL,HOU,2024,11,0.0,1.0,LB,1.0,edge,0.6,1.0,4.0,1,-7.5,41.5
ParsMi00,Micah Parsons,DAL,HOU,2024,11,0.0,4.0,DE,0.95,edge,0.2,2.6,4.0,1,-7.5,41.5
AlleZa01,Zach Allen,DEN,ATL,2024,11,0.0,1.0,DE,0.85,edge,0.4,1.8,2.0,0,2.0,44.5
BartCo00,Cody Barton,DEN,ATL,2024,11,0.0,0.0,LB,0.92,edge,0.2,0.2,2.0,0,2.0,44.5
CoopJo02,Jonathon Cooper,DEN,ATL,2024,11,0.0,0.0,LB,0.63,edge,0.5,1.8,2.0,0,2.0,44.5
CampJa04,Jack Campbell,DET,JAX,2024,11,0.5,1.0,LB,0.94,edge,0.2,0.4,2.0,1,14.0,47.5
RodrMa00,Malcolm Rodriguez,DET,JAX,2024,11,0.0,0.0,LB,0.9,edge,0.2,0.2,2.0,1,14.0,47.5
SmitZa00,Za'Darius Smith,DET,JAX,2024,11,0.5,2.0,DE,0.77,edge,0.6,1.0,2.0,1,14.0,47.5
CoopEd00,Edgerrin Cooper,GB,CHI,2024,11,0.0,0.0,LB,0.71,edge,0.25,0.25,4.2,0,6.0,41.0
GaryRa00,Rashan Gary,GB,CHI,2024,11,1.0,2.0,DE,0.64,edge,0.1,1.6,4.2,0,6.0,41.0
WalkQu00,Quay Walker,GB,CHI,2024,11,0.0,0.0,LB,1.0,edge,0.3,1.0,4.2,0,6.0,41.0
AlShAz00,Azeez Al-Shaair,HOU,DAL,2024,11,0.0,0.0,LB,0.89,edge,0.2,1.2,2.8,1,7.5,41.5
HuntDa01,Danielle Hunter,HOU,DAL,2024,11,2.0,5.0,DE,0.7,edge,0.6,2.0,2.8,1,7.5,41.5
SettTi00,Tim Settle,HOU,DAL,2024,11,1.0,2.0,DT,0.64,interior,1.0,1.3333333333333333,2.8,1,7.5,41.5
WhitDe02,Devin White,HOU,DAL,2024,11,0.0,1.0,LB,0.6,edge,0.1,0.8,2.8,1,7.5,41.5
FranZa00,Zaire Franklin,IND,NYJ,2024,11,0.0,0.0,LB,1.0,edge,0.0,0.2,2.0,0,-4.0,43.0
LatuLa00,Laiatu Latu,IND,NYJ,2024,11,1.0,3.0,DE,0.69,edge,0.25,1.75,2.0,0,-4.0,43.0
PayeKw00,Kwity Paye,IND,NYJ,2024,11,2.0,2.0,DE,0.71,edge,0.5,2.0,2.0,0,-4.0,43.0
SpeeEJ00,E.J. Speed,IND,NYJ,2024,11,0.0,0.0,LB,0.96,edge,0.0,0.4,2.0,0,-4.0,43.0
LloyDe00,Devin Lloyd,JAX,DET,2024,11,0.0,0.0,LB,0.9,edge,0.2,0.4,2.4,1,-14.0,47.5
OluoFo00,Foyesade Oluokun,JAX,DET,2024,11,0.0,0.0,LB,0.82,edge,0.2,0.6,2.4,1,-14.0,47.5
WalkTr03,Travon Walker,JAX,DET,2024,11,0.0,4.0,DE,0.72,edge,0.5,1.0,2.4,1,-14.0,47.5
BoltNi00,Nick Bolton,KC,BUF,2024,11,0.0,1.0,LB,1.0,edge,0.2,0.6,1.2,0,-2.5,46.5
DannMi00,Michael Danna,KC,BUF,2024,11,0.0,1.0,DE,0.62,edge,0.1,1.8,1.2,0,-2.5,46.5
JoneCh09,Chris Jones,KC,BUF,2024,11,0.0,2.0,DT,0.85,interior,0.4,2.6,1.2,0,-2.5,46.5
KarlGe00,George Karlaftis III,KC,BUF,2024,11,0.0,4.0,DE,0.86,edge,0.6,1.4,1.2,0,-2.5,46.5
TranDr00,Drue Tranquill,KC,BUF,2024,11,0.0,0.0,LB,0.84,edge,0.3,0.8,1.2,0,-2.5,46.5
WharTe00,Tershawn Wharton,KC,BUF,2024,11,0.0,0.0,DT,0.67,interior,0.4,1.6,1.2,0,-2.5,46.5
HoecMi00,Michael Hoecht,LA,NE,2024,11,0.0,0.0,LB,0.66,edge,0.1,0.6,2.6,0,4.0,42.5
RozeCh00,Christian Rozeboom,LA,NE,2024,11,0.0,0.0,LB,0.65,edge,0.0,0.0,2.6,0,4.0,42.5
TurnKo00,Kobie Turner,LA,NE,2024,11,0.0,1.0,NT,0.78,interior,0.8,2.0,2.6,0,4.0,42.5
VersJa00,Jared Verse,LA,NE,2024,11,0.0,0.0,LB,0.84,edge,0.7,3.0,2.6,0,4.0,42.5
YounBy01,Byron Young,LA,NE,2024,11,1.0,1.0,LB,0.78,edge,0.6,2.8,2.6,0,4.0,42.5
BosaJo00,Joey Bosa,LAC,CIN,2024,11,0.0,3.0,DE,0.67,edge,0.625,2.25,2.4,1,1.0,48.0
DuprAl00,Bud Dupree,LAC,CIN,2024,11,0.0,2.0,LB,0.65,edge,0.7,1.6,2.4,1,1.0,48.0
HenlDa00,Daiyan Henley,LAC,CIN,2024,11,0.0,3.0,LB,1.0,edge,0.2,0.2,2.4,1,1.0,48.0
TuipTu00,Tuli Tuipulotu,LAC,CIN,2024,11,1.5,4.0,DE,0.84,edge,1.1,1.8,2.4,1,1.0,48.0
ButlAd00,Adam Butler,LV,MIA,2024,11,1.0,1.0,DT,0.75,interior,0.0,0.8,2.0,0,-8.0,43.5
DeabDi00,Divine Deablo,LV,MIA,2024,11,0.0,0.0,LB,0.68,edge,0.2,0.4,2.0,0,-8.0,43.5
SnowCh00,Charles Snowden,LV,MIA,2024,11,0.0,0.0,DE,0.68,edge,,,2.0,0,-8.0,43.5
SpilRo00,Robert Spillane,LV,MIA,2024,11,0.0,1.0,LB,1.0,edge,0.0,0.2,2.0,0,-8.0,43.5
BowsTy00,Tyus Bowser,MIA,LV,2024,11,0.0,0.0,LB,0.6,edge,0.2,0.6,3.2,0,8.0,43.5
BrooJo01,Jordyn Brooks,MIA,LV,2024,11,0.0,0.0,LB,1.0,edge,0.0,0.8,3.2,0,8.0,43.5
OgbaEm00,Emmanuel Ogbah,MIA,LV,2024,11,1.0,1.0,DE,0.63,edge,0.2,1.0,3.2,0,8.0,43.5
SielZa00,Zach Sieler,MIA,LV,2024,11,1.0,2.0,DE,0.75,edge,0.5,2.0,3.2,0,8.0,43.5
WalkAn01,Anthony Walker,MIA,LV,2024,11,0.0,0.0,LB,0.98,edge,0.0,0.2,3.2,0,8.0,43.5
CashBl00,Blake Cashman,MIN,TEN,2024,11,1.0,1.0,LB,1.0,edge,0.4,1.8,2.4,0,6.0,40.0
GreeJo04,Jonathan Greenard,MIN,TEN,2024,11,0.0,1.0,LB,0.81,edge,0.6,2.2,2.4,0,6.0,40.0
JonePa00,Patrick Jones II,MIN,TEN,2024,11,2.0,6.0,LB,0.75,edge,0.4,1.0,2.4,0,6.0,40.0
PaceIv00,Ivan Pace,MIN,TEN,2024,11,0.0,1.0,LB,0.64,edge,0.2,0.8,2.4,0,6.0,40.0
VanGAn00,Andrew Van Ginkel,MIN,TEN,2024,11,2.0,3.0,LB,0.9,edge,0.6,1.4,2.4,0,6.0,40.0
ElliCh00,Christian Elliss,NE,LA,2024,11,0.0,1.0,LB,0.69,edge,0.3333333333333333,0.6666666666666666,1.6,0,-4.0,42.5
JennAn00,Anfernee Jennings,NE,LA,2024,11,0.0,1.0,LB,1.0,edge,0.5,1.6,1.6,0,-4.0,42.5
TavaJa00,Jahlani Tavai,NE,LA,2024,11,0.0,0.0,LB,0.81,edge,0.2,0.8,1.6,0,-4.0,42.5
WhitKe03,Keion White,NE,LA,2024,11,0.0,1.0,DE,0.81,edge,0.2,2.0,1.6,0,-4.0,42.5
DaviDe00,Demario Davis,NO,CLE,2024,11,0.0,0.0,LB,1.0,edge,0.0,0.2,4.8,1,-1.0,44.0
GranCa01,Carl Granderson,NO,CLE,2024,11,1.0,3.0,DE,0.73,edge,0.1,1.0,4.8,1,-1.0,44.0
JordCa00,Cameron Jordan,NO,CLE,2024,11,0.0,2.0,DE,0.67,edge,0.2,1.4,4.8,1,-1.0,44.0
WernPe00,Pete Werner,NO,CLE,2024,11,0.0,0.0,LB,0.66,edge,0.0,0.0,4.8,1,-1.0,44.0
YounCh04,Chase Young,NO,CLE,2024,11,0.5,1.0,DE,0.62,edge,0.3,2.0,4.8,1,-1.0,44.0
ClemMi03,Micheal Clemons,NYJ,IND,2024,11,0.0,1.0,DE,0.6,edge,0.2,1.2,2.4,0,4.0,43.0
KinlJa00,Javon Kinlaw,NYJ,IND,2024,11,1.0,1.0,DT,0.67,interior,0.0,0.8,2.4,0,4.0,43.0
SherJa00,Jamien Sherwood,NYJ,IND,2024,11,0.0,0.0,LB,0.99,edge,0.4,0.6,2.4,0,4.0,43.0
WillQu00,Quinnen Williams,NYJ,IND,2024,11,1.0,3.0,NT,0.73,interior,0.8,2.0,2.4,0,4.0,43.0
WillQu01,Quincy Williams,NYJ,IND,2024,11,0.0,0.0,LB,1.0,edge,0.2,0.4,2.4,0,4.0,43.0
BaunZa00,Zack Baun,PHI,WAS,2024,11,0.0,0.0,LB,1.0,edge,0.0,0.0,1.8,0,4.5,49.5
DeanNa00,Nakobe Dean,PHI,WAS,2024,11,0.0,0.0,LB,0.95,edge,0.4,1.0,1.8,0,4.5,49.5
SweaJo00,Josh Sweat,PHI,WAS,2024,11,1.0,1.0,LB,0.68,edge,0.8,1.4,1.8,0,4.5,49.5
HerbNi00,Nick Herbig,PIT,BAL,2024,11,0.0,3.0,LB,0.82,edge,0.0,0.0,1.6,0,-3.0,48.0
HeywCa01,Cameron Heyward,PIT,BAL,2024,11,0.0,1.0,DT,0.64,interior,0.8,2.4,1.6,0,-3.0,48.0
OgunLa00,Larry Ogunjobi,PIT,BAL,2024,11,0.0,1.0,DT,0.64,interior,0.1,1.0,1.6,0,-3.0,48.0
QueePa00,Patrick Queen,PIT,BAL,2024,11,0.0,0.0,LB,1.0,edge,0.0,0.2,1.6,0,-3.0,48.0
WattT.00,T.J. Watt,PIT,BAL,2024,11,1.0,2.0,LB,0.85,edge,0.7,2.2,1.6,0,-3.0,48.0
JoneEr01,Ernest Jones,SEA,SF,2024,11,0.0,0.0,LB,1.0,edge,0.0,0.2,1.4,0,-6.0,49.0
KnigTy00,Tyrice Knight,SEA,SF,2024,11,0.0,1.0,LB,0.81,edge,0.0,0.0,1.4,0,-6.0,49.0
MafeBo00,Boye Mafe,SEA,SF,2024,11,0.0,0.0,LB,0.7,edge,0.6,2.4,1.4,0,-6.0,49.0
CampDe00,De'Vondre Campbell,SF,SEA,2024,11,0.0,0.0,LB,1.0,edge,0.0,0.0,3.4,0,6.0,49.0
CollMa00,Maliek Collins,SF,SEA,2024,11,0.0,2.0,DT,0.77,interior,0.6,2.0,3.4,0,6.0,49.0
FloyLe00,Leonard Floyd,SF,SEA,2024,11,1.5,4.0,DE,0.63,edge,0.4,2.0,3.4,0,6.0,49.0
GrosYe00,Yetur Gross-Matos,SF,SEA,2024,11,1.0,1.0,LB,0.62,edge,0.4,1.2,3.4,0,6.0,49.0
WarnFr00,Fred Warner,SF,SEA,2024,11,0.0,0.0,LB,1.0,edge,0.0,0.4,3.4,0,6.0,49.0
BakeJe00,Jerome Baker,TEN,MIN,2024,11,0.0,1.0,LB,0.84,edge,0.2,0.4,3.2,0,-6.0,40.0
KeyxAr00,Arden Key,TEN,MIN,2024,11,1.0,1.0,LB,0.79,edge,0.4,1.2,3.2,0,-6.0,40.0
LandHa00,Harold Landry,TEN,MIN,2024,11,0.0,0.0,LB,0.81,edge,0.4,1.8,3.2,0,-6.0,40.0
MurrKe00,Kenneth Murray,TEN,MIN,2024,11,1.0,1.0,LB,1.0,edge,0.0,0.2,3.2,0,-6.0,40.0
SimmJe01,Jeffery Simmons,TEN,MIN,2024,11,0.0,1.0,DT,0.85,interior,0.6,2.0,3.2,0,-6.0,40.0
SweaTV01,T'Vondre Sweat,TEN,MIN,2024,11,0.0,1.0,NT,0.74,interior,0.0,1.0,3.2,0,-6.0,40.0
LuvuFr00,Frankie Luvu,WAS,PHI,2024,11,2.0,3.0,LB,1.0,edge,0.4,1.0,2.8,0,-4.5,49.5
PaynDa00,Daron Payne,WAS,PHI,2024,11,0.0,0.0,DT,0.68,interior,0.3,1.0,2.8,0,-4.5,49.5
WagnBo00,Bobby Wagner,WAS,PHI,2024,11,0.0,0.0,LB,1.0,edge,0.0,0.6,2.8,0,-4.5,49.5
CollLJ00,L.J. Collier,ARI,SEA,2024,12,1.0,1.0,DT,0.67,interior,0.0,1.0,2.8,0,1.0,46.5
WhitKy00,Kyzir White,ARI,SEA,2024,12,0.0,0.0,LB,1.0,edge,0.1,0.6,2.8,0,1.0,46.5
WilsMa03,Mack Wilson,ARI,SEA,2024,12,0.0,1.0,LB,0.86,edge,0.0,0.4,2.8,0,1.0,46.5
HarrMa06,Malik Harrison,BAL,LAC,2024,12,0.0,0.0,LB,0.72,edge,,,2.8,1,3.0,51.0
MaduJu00,Nnamdi Madubuike,BAL,LAC,2024,12,0.0,1.0,DT,0.84,interior,0.9,1.8,2.8,1,3.0,51.0
ClowJa00,Jadeveon Clowney,CAR,KC,2024,12,1.5,3.0,LB,0.64,edge,0.2,1.2,2.6,0,-11.0,43.0
JeweJo00,Josey Jewell,CAR,KC,2024,12,1.0,1.0,LB,1.0,edge,0.0,0.0,2.6,0,-11.0,43.0
WallTr00,Trevin Wallace,CAR,KC,2024,12,0.0,0.0,LB,0.62,edge,0.0,0.0,2.6,0,-11.0,43.0
WonnDJ00,D.J. Wonnum,CAR,KC,2024,12,1.0,3.0,LB,0.77,edge,0.6,1.8,2.6,0,-11.0,43.0
CowaBy00,Byron Cowart,CHI,MIN,2024,12,0.0,2.0,DT,0.61,interior,,,2.8,0,-3.0,39.5
DextGe00,Gervon Dexter,CHI,MIN,2024,12,0.0,1.0,DT,0.7,interior,0.0,0.8,2.8,0,-3.0,39.5
EdmuTr01,Tremaine Edmunds,CHI,MIN,2024,12,0.0,0.0,LB,1.0,edge,0.0,0.2,2.8,0,-3.0,39.5
EdwaTJ02,T.J. Edwards,CHI,MIN,2024,12,0.0,3.0,LB,0.99,edge,0.2,0.2,2.8,0,-3.0,39.5
SweaMo00,Montez Sweat,CHI,MIN,2024,12,1.0,3.0,DE,0.68,edge,0.5,1.8,2.8,0,-3.0,39.5
WalkDe03,DeMarcus Walker,CHI,MIN,2024,12,1.0,2.0,DE,0.69,edge,0.5,1.6,2.8,0,-3.0,39.5
DiabMo00,Mohamoud Diabate,CLE,PIT,2024,12,0.0,0.0,LB,0.81,edge,0.0,0.25,3.0,0,-3.5,36.5
GarrMy00,Myles Garrett,CLE,PIT,2024,12,3.0,4.0,DE,0.77,edge,0.6,3.0,3.0,0,-3.5,36.5
HickJo00,Jordan Hicks,CLE,PIT,2024,12,1.0,2.0,LB,0.9,edge,0.2,0.8,3.0,0,-3.5,36.5
OkorOg00,Ogbonnia Okoronkwo,CLE,PIT,2024,12,0.0,0.0,DE,0.7,edge,0.4,1.0,3.0,0,-3.5,36.5
TomlDa00,Dalvin Tomlinson,CLE,PIT,2024,12,0.0,4.0,DT,0.72,interior,0.1,1.6,3.0,0,-3.5,36.5
GolsCh00,Chauncey Golston,DAL,WAS,2024,12,0.0,4.0,DE,0.8,edge,0.2,1.2,1.8,0,-10.5,45.0
KendEr00,Eric Kendricks,DAL,WAS,2024,12,0.0,0.0,LB,0.9,edge,0.0,0.2,1.8,0,-10.5,45.0
OdigOs00,Osa Odighizuwa,DAL,WAS,2024,12,0.0,4.0,DT,0.91,interior,0.4,1.6,1.8,0,-10.5,45.0
OverDe00,DeMarvion Overshown,DAL,WAS,2024,12,1.0,2.0,LB,1.0,edge,0.6,1.2,1.8,0,-10.5,45.0
ParsMi00,Micah Parsons,DAL,WAS,2024,12,2.0,5.0,DE,0.87,edge,0.2,3.2,1.8,0,-10.5,45.0
BartCo00,Cody Barton,DEN,LV,2024,12,0.5,3.0,LB,1.0,edge,0.2,0.2,3.2,1,6.5,41.5
BoniNi00,Nik Bonitto,DEN,LV,2024,12,1.0,2.0,LB,0.69,edge,0.8,2.6,3.2,1,6.5,41.5
CoopJo02,Jonathon Cooper,DEN,LV,2024,12,0.5,4.0,LB,0.71,edge,0.5,1.2,3.2,1,6.5,41.5
FranJo02,John Franklin-Myers,DEN,LV,2024,12,0.0,1.0,DE,0.61,edge,0.2,2.4,3.2,1,6.5,41.5
RoacMa01,Malcolm Roach,DEN,LV,2024,12,1.0,2.0,DT,0.64,interior,0.0,0.0,3.2,1,6.5,41.5
StrnJu00,Justin Strnad,DEN,LV,2024,12,0.0,1.0,LB,0.82,edge,0.4,1.2,3.2,1,6.5,41.5
CampJa04,Jack Campbell,DET,IND,2024,12,0.0,1.0,LB,1.0,edge,0.3,0.4,2.8,1,7.0,50.5
McNeAl00,Alim McNeill,DET,IND,2024,12,0.0,2.0,DT,0.84,interior,0.3,1.6,2.8,1,7.0,50.5
PascJo00,Josh Paschal,DET,IND,2024,12,0.0,1.0,DE,0.89,edge,0.6,1.8,2.8,1,7.0,50.5
ReadD.00,D.J. Reader,DET,IND,2024,12,0.0,2.0,NT,0.6,interior,0.0,1.2,2.8,1,7.0,50.5
RodrMa00,Malcolm Rodriguez,DET,IND,2024,12,0.0,0.0,LB,0.89,edge,0.2,0.2,2.8,1,7.0,50.5
SmitZa00,Za'Darius Smith,DET,IND,2024,12,0.0,2.0,DE,0.67,edge,0.5,1.2,2.8,1,7.0,50.5
McDuIs00,Isaiah McDuffie,GB,SF,2024,12,0.0,0.0,LB,0.84,edge,0.1,0.4,1.4,0,6.5,44.5
WalkQu00,Quay Walker,GB,SF,2024,12,0.0,1.0,LB,0.88,edge,0.2,0.8,1.4,0,6.5,44.5
AlShAz00,Azeez Al-Shaair,HOU,TEN,2024,12,1.0,1.0,LB,1.0,edge,0.0,0.8,3.4,1,8.0,40.5
HuntDa01,Danielle Hunter,HOU,TEN,2024,12,3.0,3.0,DE,0.73,edge,1.0,2.8,3.4,1,8.0,40.5
TooTHe00,Henry To'oTo'o,HOU,TEN,2024,12,0.0,0.0,LB,0.94,edge,0.0,0.2,3.4,1,8.0,40.5
BuckDe00,DeForest Buckner,IND,DET,2024,12,1.0,4.0,DT,0.75,interior,0.9,2.6,1.8,1,-7.0,50.5
FranZa00,Zaire Franklin,IND,DET,2024,12,1.0,1.0,LB,1.0,edge,0.0,0.2,1.8,1,-7.0,50.5
LatuLa00,Laiatu Latu,IND,DET,2024,12,1.0,4.0,DE,0.6,edge,0.4,2.0,1.8,1,-7.0,50.5
OdeyDa00,Dayo Odeyingbo,IND,DET,2024,12,0.0,2.0,DE,0.65,edge,0.2,1.4,1.8,1,-7.0,50.5
SpeeEJ00,E.J. Speed,IND,DET,2024,12,0.0,0.0,LB,0.97,edge,0.0,0.4,1.8,1,-7.0,50.5
BoltNi00,Nick Bolton,KC,CAR,2024,12,0.5,1.0,LB,1.0,edge,0.2,0.4,1.2,0,11.0,43.0
DannMi00,Michael Danna,KC,CAR,2024,12,1.0,1.0,DE,0.68,edge,0.1,1.4,1.2,0,11.0,43.0
JoneCh09,Chris Jones,KC,CAR,2024,12,0.0,2.0,DT,0.85,interior,0.0,2.4,1.2,0,11.0,43.0
KarlGe00,George Karlaftis III,KC,CAR,2024,12,0.0,3.0,DE,0.84,edge,0.6,1.8,1.2,0,11.0,43.0
TranDr00,Drue Tranquill,KC,CAR,2024,12,0.0,0.0,LB,0.74,edge,0.3,0.6,1.2,0,11.0,43.0
WharTe00,Tershawn Wharton,KC,CAR,2024,12,0.0,3.0,DT,0.63,interior,0.4,1.2,1.2,0,11.0,43.0
HoecMi00,Michael Hoecht,LA,PHI,2024,12,0.0,2.0,LB,0.6,edge,0.1,0.6,3.0,1,-3.0,49.0
RozeCh00,Christian Rozeboom,LA,PHI,2024,12,0.0,0.0,LB,0.75,edge,0.0,0.0,3.0,1,-3.0,49.0
SpeiOm00,Omar Speights,LA,PHI,2024,12,0.0,0.0,LB,0.77,edge,0.0,0.0,3.0,1,-3.0,49.0
TurnKo00,Kobie Turner,LA,PHI,2024,12,0.0,1.0,NT,0.71,interior,0.8,1.6,3.0,1,-3.0,49.0
VersJa00,Jared Verse,LA,PHI,2024,12,0.0,0.0,LB,0.78,edge,0.7,2.8,3.0,1,-3.0,49.0
YounBy01,Byron Young,LA,PHI,2024,12,0.0,1.0,LB,0.86,edge,0.8,2.6,3.0,1,-3.0,49.0
HenlDa00,Daiyan Henley,LAC,BAL,2024,12,0.0,0.0,LB,1.0,edge,0.2,0.8,1.6,1,-3.0,51.0
TuipTu00,Tuli Tuipulotu,LAC,BAL,2024,12,0.0,0.0,DE,0.77,edge,1.4,2.2,1.6,1,-3.0,51.0
CrosMa00,Maxx Crosby,LV,DEN,2024,12,0.0,3.0,DE,1.0,edge,0.7,2.8,1.8,1,-6.5,41.5
DeabDi00,Divine Deablo,LV,DEN,2024,12,0.0,0.0,LB,0.81,edge,0.2,0.4,1.8,1,-6.5,41.5
SpilRo00,Robert Spillane,LV,DEN,2024,12,0.0,0.0,LB,1.0,edge,0.0,0.4,1.8,1,-6.5,41.5
BrooJo01,Jordyn Brooks,MIA,NE,2024,12,0.0,0.0,LB,1.0,edge,0.0,0.8,2.4,0,7.5,46.0
DodsTy01,Tyrel Dodson,MIA,NE,2024,12,0.0,0.0,LB,0.7,edge,0.2,0.4,2.4,0,7.5,46.0
OgbaEm00,Emmanuel Ogbah,MIA,NE,2024,12,0.5,1.0,DE,0.61,edge,0.4,1.0,2.4,0,7.5,46.0
SielZa00,Zach Sieler,MIA,NE,2024,12,1.0,1.0,DE,0.67,edge,0.6,2.0,2.4,0,7.5,46.0
CashBl00,Blake Cashman,MIN,CHI,2024,12,0.0,2.0,LB,1.0,edge,0.4,1.8,4.6,0,3.0,39.5
GreeJo04,Jonathan Greenard,MIN,CHI,2024,12,2.0,4.0,LB,0.92,edge,0.6,1.6,4.6,0,3.0,39.5
PhilHa00,Harrison Phillips,MIN,CHI,2024,12,0.0,1.0,NT,0.62,interior,0.0,0.6,4.6,0,3.0,39.5
VanGAn00,Andrew Van Ginkel,MIN,CHI,2024,12,1.0,4.0,LB,0.83,edge,1.0,1.8,4.6,0,3.0,39.5
JennAn00,Anfernee Jennings,NE,MIA,2024,12,0.0,0.0,LB,0.87,edge,0.4,1.6,1.8,0,-7.5,46.0
TavaJa00,Jahlani Tavai,NE,MIA,2024,12,0.0,0.0,LB,0.84,edge,0.2,0.6,1.8,0,-7.5,46.0
WhitKe03,Keion White,NE,MIA,2024,12,0.0,1.0,DE,0.62,edge,0.2,1.4,1.8,0,-7.5,46.0
BurnBr00,Brian Burns,NYG,TB,2024,12,0.0,0.0,LB,0.92,edge,0.8,2.8,1.6,0,-6.5,40.5
LawrDe03,Dexter Lawrence,NYG,TB,2024,12,0.0,1.0,NT,0.69,interior,0.8,1.4,1.6,0,-6.5,40.5
McFaMi01,Micah McFadden,NYG,TB,2024,12,0.0,0.0,LB,0.8,edge,0.1,0.2,1.6,0,-6.5,40.5
OkerBo00,Bobby Okereke,NYG,TB,2024,12,0.0,1.0,LB,0.92,edge,0.1,0.2,1.6,0,-6.5,40.5
ThibKa00,Kayvon Thibodeaux,NYG,TB,2024,12,0.0,1.0,LB,0.63,edge,0.4,1.4,1.6,0,-6.5,40.5
BaunZa00,Zack Baun,PHI,LA,2024,12,0.0,0.0,LB,0.83,edge,0.0,0.0,1.0,1,3.0,49.0
DeanNa00,Nakobe Dean,PHI,LA,2024,12,1.0,1.0,LB,0.81,edge,0.4,1.0,1.0,1,3.0,49.0
SmitNo02,Nolan Smith,PHI,LA,2024,12,0.0,2.0,LB,0.61,edge,0.0,1.0,1.0,1,3.0,49.0
HerbNi00,Nick Herbig,PIT,CLE,2024,12,1.0,2.0,LB,0.76,edge,0.0,1.0,4.0,0,3.5,36.5
OgunLa00,Larry Ogunjobi,PIT,CLE,2024,12,0.0,1.0,DT,0.69,interior,0.1,1.0,4.0,0,3.5,36.5
QueePa00,Patrick Queen,PIT,CLE,2024,12,0.0,1.0,LB,0.98,edge,0.0,0.0,4.0,0,3.5,36.5
JoneEr01,Ernest Jones,SEA,ARI,2024,12,0.0,0.0,LB,1.0,edge,0.0,0.2,0.8,0,-1.0,46.5
KnigTy00,Tyrice Knight,SEA,ARI,2024,12,1.0,1.0,LB,0.81,edge,0.0,0.3333333333333333,0.8,0,-1.0,46.5
MafeBo00,Boye Mafe,SEA,ARI,2024,12,1.0,1.0,LB,0.74,edge,0.4,1.6,0.8,0,-1.0,46.5
WillLe02,Leonard Williams,SEA,ARI,2024,12,2.5,4.0,DT,0.69,interior,0.5,3.2,0.8,0,-1.0,46.5
CampDe00,De'Vondre Campbell,SF,GB,2024,12,0.0,0.0,LB,0.93,edge,0.0,0.0,1.0,0,-6.5,44.5
CollMa00,Maliek Collins,SF,GB,2024,12,0.0,1.0,DT,0.65,interior,0.3,1.8,1.0,0,-6.5,44.5
FloyLe00,Leonard Floyd,SF,GB,2024,12,2.0,2.0,DE,0.61,edge,0.7,2.2,1.0,0,-6.5,44.5
GrosYe00,Yetur Gross-Matos,SF,GB,2024,12,0.0,1.0,LB,0.64,edge,0.6,1.2,1.0,0,-6.5,44.5
OkuaSa00,Sam Okuayinonu,SF,GB,2024,12,0.0,1.0,DE,0.62,edge,,,1.0,0,-6.5,44.5
WarnFr00,Fred Warner,SF,GB,2024,12,0.0,0.0,LB,1.0,edge,0.0,0.4,1.0,0,-6.5,44.5
BritKJ00,K.J. Britt,TB,NYG,2024,12,0.0,0.0,LB,0.73,edge,0.1,0.2,3.6,0,6.5,40.5
DaviLa00,Lavonte David,TB,NYG,2024,12,0.0,0.0,LB,0.86,edge,0.2,0.6,3.6,0,6.5,40.5
DiabYa00,YaYa Diaby,TB,NYG,2024,12,0.0,1.0,LB,0.8,edge,0.2,2.2,3.6,0,6.5,40.5
NelsAn01,Anthony Nelson,TB,NYG,2024,12,1.0,2.0,LB,0.63,edge,0.4,1.0,3.6,0,6.5,40.5
BakeJe00,Jerome Baker,TEN,HOU,2024,12,0.0,1.0,LB,1.0,edge,0.2,0.6,3.8,1,-8.0,40.5
KeyxAr00,Arden Key,TEN,HOU,2024,12,0.0,2.0,LB,0.84,edge,0.6,1.2,3.8,1,-8.0,40.5
LandHa00,Harold Landry,TEN,HOU,2024,12,1.0,1.0,LB,0.82,edge,0.2,1.4,3.8,1,-8.0,40.5
MurrKe00,Kenneth Murray,TEN,HOU,2024,12,0.0,1.0,LB,1.0,edge,0.2,0.4,3.8,1,-8.0,40.5
SimmJe01,Jeffery Simmons,TEN,HOU,2024,12,1.0,1.0,DT,0.86,interior,0.4,2.0,3.8,1,-8.0,40.5
SweaTV01,T'Vondre Sweat,TEN,HOU,2024,12,1.0,1.0,NT,0.8,interior,0.0,1.0,3.8,1,-8.0,40.5
LuvuFr00,Frankie Luvu,WAS,DAL,2024,12,0.0,0.0,LB,1.0,edge,0.8,1.4,3.4,0,10.5,45.0
PaynDa00,Daron Payne,WAS,DAL,2024,12,1.0,1.0,DT,0.62,interior,0.3,0.8,3.4,0,10.5,45.0
WagnBo00,Bobby Wagner,WAS,DAL,2024,12,0.0,0.0,LB,1.0,edge,0.0,0.4,3.4,0,10.5,45.0
CollLJ00,L.J. Collier,ARI,MIN,2024,13,2.0,2.0,DT,0.6,interior,0.5,1.0,2.6,1,-3.5,45.5
WhitKy00,Kyzir White,ARI,MIN,2024,13,1.0,1.0,LB,1.0,edge,0.1,0.4,2.6,1,-3.5,45.5
WilsMa03,Mack Wilson,ARI,MIN,2024,13,2.0,3.0,LB,0.94,edge,0.0,0.6,2.6,1,-3.5,45.5
ElliKa00,Kaden Elliss,ATL,LAC,2024,13,1.0,1.0,LB,1.0,edge,0.2,2.0,3.0,1,-1.0,47.0
JarrGr00,Grady Jarrett,ATL,LAC,2024,13,0.0,3.0,DT,0.78,interior,0.0,0.8,3.0,1,-1.0,47.0
HarrMa06,Malik Harrison,BAL,PHI,2024,13,0.0,0.0,LB,0.68,edge,0.0,0.0,2.2,0,3.0,50.0
JoneTr00,Travis Jones,BAL,PHI,2024,13,0.0,1.0,DT,0.63,interior,0.2,1.0,2.2,0,3.0,50.0
MaduJu00,Nnamdi Madubuike,BAL,PHI,2024,13,0.0,1.0,DT,0.75,interior,0.9,1.8,2.2,0,3.0,50.0
SmitRo07,Roquan Smith,BAL,PHI,2024,13,0.5,1.0,LB,1.0,edge,0.0,0.4,2.2,0,3.0,50.0
BernTe00,Terrel Bernard,BUF,SF,2024,13,0.0,0.0,LB,1.0,edge,0.2,0.8,1.8,0,6.5,45.0
MilaMa00,Matt Milano,BUF,SF,2024,13,0.0,0.0,LB,0.77,edge,0.2,0.4,1.8,0,6.5,45.0
RousGr00,Gregory Rousseau,BUF,SF,2024,13,1.0,1.0,DE,0.79,edge,0.5,3.4,1.8,0,6.5,45.0
ClowJa00,Jadeveon Clowney,CAR,TB,2024,13,1.0,3.0,LB,0.71,edge,0.5,1.6,1.4,0,-6.5,46.0
JeweJo00,Josey Jewell,CAR,TB,2024,13,1.0,2.0,LB,1.0,edge,0.2,0.2,1.4,0,-6.5,46.0
RobiAS00,A'Shawn Robinson,CAR,TB,2024,13,0.0,0.0,DE,0.74,edge,0.6,1.2,1.4,0,-6.5,46.0
WallTr00,Trevin Wallace,CAR,TB,2024,13,1.0,1.0,LB,0.79,edge,0.0,0.0,1.4,0,-6.5,46.0
WonnDJ00,D.J. Wonnum,CAR,TB,2024,13,0.0,2.0,LB,0.78,edge,0.8,1.8,1.4,0,-6.5,46.0
DextGe00,Gervon Dexter,CHI,DET,2024,13,1.0,1.0,DT,0.67,interior,0.0,0.8,1.6,1,-9.5,47.5
EdmuTr01,Tremaine Edmunds,CHI,DET,2024,13,0.0,0.0,LB,1.0,edge,0.0,0.2,1.6,1,-9.5,47.5
EdwaTJ02,T.J. Edwards,CHI,DET,2024,13,0.0,0.0,LB,1.0,edge,0.2,0.8,1.6,1,-9.5,47.5
WalkDe03,DeMarcus Walker,CHI,DET,2024,13,0.0,1.0,DE,0.73,edge,0.6,1.6,1.6,1,-9.5,47.5
DaviAk01,Akeem Davis-Gaither,CIN,PIT,2024,13,0.0,1.0,LB,0.99,edge,0.0,0.0,3.2,0,3.0,46.0
HendTr00,Trey Hendrickson,CIN,PIT,2024,13,0.0,4.0,DE,0.72,edge,1.3,4.2,3.2,0,3.0,46.0
HillB.00,B.J. Hill,CIN,PIT,2024,13,1.0,3.0,DT,0.81,interior,0.0,0.8,3.2,0,3.0,46.0
JenkKr01,Kris Jenkins,CIN,PIT,2024,13,0.0,1.0,DT,0.68,interior,,,3.2,0,3.0,46.0
PratGe00,Germaine Pratt,CIN,PIT,2024,13,0.0,2.0,LB,1.0,edge,0.0,0.4,3.2,0,3.0,46.0
DiabMo00,Mohamoud Diabate,CLE,DEN,2024,13,0.0,0.0,LB,0.74,edge,0.0,0.2,2.0,0,-6.5,41.5
GarrMy00,Myles Garrett,CLE,DEN,2024,13,0.0,1.0,DE,0.71,edge,1.2,3.6,2.0,0,-6.5,41.5
HickJo00,Jordan Hicks,CLE,DEN,2024,13,0.0,0.0,LB,0.95,edge,0.4,1.0,2.0,0,-6.5,41.5
OkorOg00,Ogbonnia Okoronkwo,CLE,DEN,2024,13,0.0,1.0,DE,0.67,edge,0.4,0.8,2.0,0,-6.5,41.5
TomlDa00,Dalvin Tomlinson,CLE,DEN,2024,13,0.0,2.0,DT,0.76,interior,0.1,2.2,2.0,0,-6.5,41.5
KendEr00,Eric Kendricks,DAL,NYG,2024,13,1.0,1.0,LB,1.0,edge,0.0,0.0,4.0,1,4.5,39.0
OdigOs00,Osa Odighizuwa,DAL,NYG,2024,13,1.0,1.0,DT,0.9,interior,0.3,1.8,4.0,1,4.5,39.0
ParsMi00,Micah Parsons,DAL,NYG,2024,13,1.5,2.0,DE,0.95,edge,0.4,3.0,4.0,1,4.5,39.0
AlleZa01,Zach Allen,DEN,CLE,2024,13,0.0,4.0,DE,0.97,edge,0.3,1.6,3.2,0,6.5,41.5
BartCo00,Cody Barton,DEN,CLE,2024,13,0.0,0.0,LB,1.0,edge,0.3,0.8,3.2,0,6.5,41.5
CoopJo02,Jonathon Cooper,DEN,CLE,2024,13,1.0,3.0,LB,0.74,edge,0.4,1.4,3.2,0,6.5,41.5
StrnJu00,Justin Strnad,DEN,CLE,2024,13,0.0,0.0,LB,0.91,edge,0.4,1.4,3.2,0,6.5,41.5
CampJa04,Jack Campbell,DET,CHI,2024,13,0.0,1.0,LB,1.0,edge,0.1,0.4,4.6,1,9.5,47.5
MuhaAl00,Al-Quadin Muhammad,DET,CHI,2024,13,1.0,1.0,DE,0.64,edge,0.2,1.0,4.6,1,9.5,47.5
RodrMa00,Malcolm Rodriguez,DET,CHI,2024,13,0.0,0.0,LB,0.69,edge,0.0,0.0,4.6,1,9.5,47.5
SmitZa00,Za'Darius Smith,DET,CHI,2024,13,1.5,3.0,DE,0.82,edge,0.5,1.6,4.6,1,9.5,47.5
ClarKe01,Kenny Clark,GB,MIA,2024,13,1.0,1.0,DT,0.63,interior,0.0,1.0,1.8,0,3.5,47.5
EnagKi00,Kingsley Enagbare,GB,MIA,2024,13,1.0,1.0,DE,0.61,edge,0.25,1.25,1.8,0,3.5,47.5
WalkQu00,Quay Walker,GB,MIA,2024,13,1.0,1.0,LB,1.0,edge,0.0,0.8,1.8,0,3.5,47.5
AndeWi01,Will Anderson,HOU,JAX,2024,13,0.0,1.0,DE,0.63,edge,0.6,2.4,1.4,0,3.5,44.5
EdwaMa01,Mario Edwards,HOU,JAX,2024,13,0.0,1.0,DT,0.6,interior,0.6666666666666666,2.6666666666666665,1.4,0,3.5,44.5
HewiNe00,Neville Hewitt,HOU,JAX,2024,13,0.0,0.0,LB,0.7,edge,0.0,0.3333333333333333,1.4,0,3.5,44.5
HuntDa01,Danielle Hunter,HOU,JAX,2024,13,0.0,1.0,DE,0.71,edge,1.4,3.0,1.4,0,3.5,44.5
TooTHe00,Henry To'oTo'o,HOU,JAX,2024,13,0.0,0.0,LB,0.97,edge,0.0,0.2,1.4,0,3.5,44.5
BuckDe00,DeForest Buckner,IND,NE,2024,13,1.0,1.0,DT,0.78,interior,0.9,3.0,2.8,0,2.5,41.5
FranZa00,Zaire Franklin,IND,NE,2024,13,1.5,2.0,LB,1.0,edge,0.2,0.4,2.8,0,2.5,41.5
OdeyDa00,Dayo Odeyingbo,IND,NE,2024,13,0.0,0.0,DE,0.67,edge,0.2,1.4,2.8,0,2.5,41.5
PayeKw00,Kwity Paye,IND,NE,2024,13,0.5,2.0,DE,0.68,edge,0.8,1.6,2.8,0,2.5,41.5
SpeeEJ00,E.J. Speed,IND,NE,2024,13,0.0,0.0,LB,0.97,edge,0.0,0.4,2.8,0,2.5,41.5
AlleJo03,Josh Hines-Allen,JAX,HOU,2024,13,1.0,2.0,DE,0.87,edge,0.6,1.6,3.8,0,-3.5,44.5
LloyDe00,Devin Lloyd,JAX,HOU,2024,13,0.0,1.0,LB,0.71,edge,0.2,0.4,3.8,0,-3.5,44.5
OluoFo00,Foyesade Oluokun,JAX,HOU,2024,13,0.0,0.0,LB,0.9,edge,0.2,0.4,3.8,0,-3.5,44.5
WalkTr03,Travon Walker,JAX,HOU,2024,13,1.0,2.0,DE,0.81,edge,0.5,1.8,3.8,0,-3.5,44.5
JoneCh09,Chris Jones,KC,LV,2024,13,2.0,2.0,DT,0.88,interior,0.0,1.6,4.0,0,13.5,42.0
KarlGe00,George Karlaftis III,KC,LV,2024,13,1.0,1.0,DE,0.87,edge,0.4,2.0,4.0,0,13.5,42.0
FiskBr00,Braden Fiske,LA,NO,2024,13,0.0,1.0,DT,0.69,interior,0.5,2.0,2.6,1,2.5,48.5
RozeCh00,Christian Rozeboom,LA,NO,2024,13,0.0,0.0,LB,0.9,edge,0.0,0.0,2.6,1,2.5,48.5
SpeiOm00,Omar Speights,LA,NO,2024,13,0.0,0.0,LB,0.64,edge,0.0,0.0,2.6,1,2.5,48.5
TurnKo00,Kobie Turner,LA,NO,2024,13,0.0,2.0,NT,0.76,interior,0.4,1.4,2.6,1,2.5,48.5
VersJa00,Jared Verse,LA,NO,2024,13,0.0,4.0,LB,0.79,edge,0.7,1.6,2.6,1,2.5,48.5
YounBy01,Byron Young,LA,NO,2024,13,0.0,0.0,LB,0.71,edge,0.8,1.8,2.6,1,2.5,48.5
BosaJo00,Joey Bosa,LAC,ATL,2024,13,0.0,2.0,DE,0.73,edge,0.5,2.4,2.8,1,1.0,47.0
DyexTr00,Troy Dye,LAC,ATL,2024,13,0.0,0.0,LB,0.77,edge,,,2.8,1,1.0,47.0
HenlDa00,Daiyan Henley,LAC,ATL,2024,13,0.0,0.0,LB,0.96,edge,0.2,0.8,2.8,1,1.0,47.0
MackKh00,Khalil Mack,LAC,ATL,2024,13,0.0,2.0,DE,0.7,edge,0.7,1.6,2.8,1,1.0,47.0
ButlAd00,Adam Butler,LV,KC,2024,13,0.5,1.0,DT,0.85,interior,0.2,1.0,3.2,0,-13.5,42.0
CrosMa00,Maxx Crosby,LV,KC,2024,13,1.0,1.0,DE,1.0,edge,0.3,2.8,3.2,0,-13.5,42.0
CashBl00,Blake Cashman,MIN,ARI,2024,13,0.0,0.0,LB,1.0,edge,0.4,2.0,1.8,1,3.5,45.5
GreeJo04,Jonathan Greenard,MIN,ARI,2024,13,1.0,2.0,LB,0.76,edge,0.8,2.0,1.8,1,3.5,45.5
VanGAn00,Andrew Van Ginkel,MIN,ARI,2024,13,0.0,1.0,LB,0.79,edge,0.8,2.0,1.8,1,3.5,45.5
ElliCh00,Christian Elliss,NE,IND,2024,13,0.0,1.0,LB,0.68,edge,0.25,0.75,2.8,0,-2.5,41.5
TavaJa00,Jahlani Tavai,NE,IND,2024,13,0.0,0.0,LB,0.94,edge,0.2,0.6,2.8,0,-2.5,41.5
WhitKe03,Keion White,NE,IND,2024,13,0.0,0.0,DE,0.74,edge,0.2,1.6,2.8,0,-2.5,41.5
DaviDe00,Demario Davis,NO,LA,2024,13,0.0,0.0,LB,1.0,edge,0.0,0.2,1.8,1,-2.5,48.5
GranCa01,Carl Granderson,NO,LA,2024,13,0.0,2.0,DE,0.63,edge,0.3,1.4,1.8,1,-2.5,48.5
WernPe00,Pete Werner,NO,LA,2024,13,0.0,0.0,LB,0.88,edge,0.0,0.0,1.8,1,-2.5,48.5
McDoWi00,Will McDonald,NYJ,SEA,2024,13,2.0,4.0,LB,0.61,edge,0.6,2.4,3.6,0,1.0,41.5
ReddHa00,Haason Reddick,NYJ,SEA,2024,13,0.0,0.0,LB,0.67,edge,0.4,1.4,3.6,0,1.0,41.5
SherJa00,Jamien Sherwood,NYJ,SEA,2024,13,0.0,0.0,LB,0.98,edge,0.4,0.4,3.6,0,1.0,41.5
WillQu00,Quinnen Williams,NYJ,SEA,2024,13,0.0,3.0,NT,0.72,interior,0.8,2.4,3.6,0,1.0,41.5
WillQu01,Quincy Williams,NYJ,SEA,2024,13,1.0,1.0,LB,1.0,edge,0.2,0.4,3.6,0,1.0,41.5
BaunZa00,Zack Baun,PHI,BAL,2024,13,0.5,1.0,LB,1.0,edge,0.0,0.0,1.4,0,-3.0,50.0
CartJa05,Jalen Carter,PHI,BAL,2024,13,1.0,2.0,DT,0.99,interior,0.7,1.8,1.4,0,-3.0,50.0
DeanNa00,Nakobe Dean,PHI,BAL,2024,13,0.0,0.0,LB,0.96,edge,0.2,0.4,1.4,0,-3.0,50.0
SmitNo02,Nolan Smith,PHI,BAL,2024,13,1.0,1.0,LB,0.81,edge,0.0,1.5,1.4,0,-3.0,50.0
HerbNi00,Nick Herbig,PIT,CIN,2024,13,1.0,4.0,LB,0.84,edge,0.25,1.25,2.2,0,-3.0,46.0
HeywCa01,Cameron Heyward,PIT,CIN,2024,13,1.0,2.0,DT,0.68,interior,0.6,2.0,2.2,0,-3.0,46.0
QueePa00,Patrick Queen,PIT,CIN,2024,13,0.0,0.0,LB,1.0,edge,0.0,0.2,2.2,0,-3.0,46.0
WattT.00,T.J. Watt,PIT,CIN,2024,13,2.0,7.0,LB,0.76,edge,0.6,2.0,2.2,0,-3.0,46.0
HallDe04,Derick Hall,SEA,NYJ,2024,13,0.0,2.0,LB,0.62,edge,0.8,2.0,2.0,0,-1.0,41.5
JoneEr01,Ernest Jones,SEA,NYJ,2024,13,0.0,0.0,LB,1.0,edge,0.0,0.2,2.0,0,-1.0,41.5
KnigTy00,Tyrice Knight,SEA,NYJ,2024,13,0.0,0.0,LB,0.78,edge,0.25,0.5,2.0,0,-1.0,41.5
MafeBo00,Boye Mafe,SEA,NYJ,2024,13,0.0,1.0,LB,0.78,edge,0.4,0.8,2.0,0,-1.0,41.5
WillLe02,Leonard Williams,SEA,NYJ,2024,13,2.0,2.0,DT,0.75,interior,1.0,3.2,2.0,0,-1.0,41.5
WarnFr00,Fred Warner,SF,BUF,2024,13,0.0,0.0,LB,0.78,edge,0.0,0.4,0.8,0,-6.5,45.0
WintDe00,Dee Winters,SF,BUF,2024,13,0.0,0.0,LB,0.72,edge,,,0.8,0,-6.5,45.0
DaviLa00,Lavonte David,TB,CAR,2024,13,0.0,0.0,LB,1.0,edge,0.0,0.4,1.6,0,6.5,46.0
DiabYa00,YaYa Diaby,TB,CAR,2024,13,0.0,3.0,LB,0.93,edge,0.2,1.8,1.6,0,6.5,46.0
KancCa00,Calijah Kancey,TB,CAR,2024,13,1.0,1.0,DE,0.84,edge,1.0,1.2,1.6,0,6.5,46.0
NelsAn01,Anthony Nelson,TB,CAR,2024,13,0.0,3.0,LB,0.79,edge,0.4,1.0,1.6,0,6.5,46.0
RussJJ00,J.J. Russell,TB,CAR,2024,13,0.0,0.0,LB,0.61,edge,0.5,0.5,1.6,0,6.5,46.0
VeaxVi00,Vita Vea,TB,CAR,2024,13,0.0,2.0,NT,0.8,interior,0.8,1.4,1.6,0,6.5,46.0
BakeJe00,Jerome Baker,TEN,WAS,2024,13,0.0,0.0,LB,0.9,edge,0.2,0.8,2.4,0,-6.0,45.0
KeyxAr00,Arden Key,TEN,WAS,2024,13,1.5,2.0,LB,0.64,edge,0.6,1.6,2.4,0,-6.0,45.0
LandHa00,Harold Landry,TEN,WAS,2024,13,0.0,0.0,LB,0.73,edge,0.4,0.6,2.4,0,-6.0,45.0
MurrKe00,Kenneth Murray,TEN,WAS,2024,13,0.5,1.0,LB,0.89,edge,0.2,0.6,2.4,0,-6.0,45.0
SimmJe01,Jeffery Simmons,TEN,WAS,2024,13,0.0,0.0,DT,0.7,interior,0.6,2.0,2.4,0,-6.0,45.0
SweaTV01,T'Vondre Sweat,TEN,WAS,2024,13,0.0,1.0,NT,0.64,interior,0.25,1.0,2.4,0,-6.0,45.0
ArmsDo00,Dorance Armstrong Jr.,WAS,TEN,2024,13,0.0,2.0,DE,0.69,edge,0.0,1.6,4.4,0,6.0,45.0
FowlDa00,Dante Fowler,WAS,TEN,2024,13,0.0,1.0,LB,0.65,edge,0.25,0.5,4.4,0,6.0,45.0
LuvuFr00,Frankie Luvu,WAS,TEN,2024,13,1.0,2.0,LB,1.0,edge,0.6,1.2,4.4,0,6.0,45.0
PaynDa00,Daron Payne,WAS,TEN,2024,13,0.5,1.0,DT,0.67,interior,0.4,0.8,4.4,0,6.0,45.0
WagnBo00,Bobby Wagner,WAS,TEN,2024,13,0.0,1.0,LB,1.0,edge,0.0,0.4,4.4,0,6.0,45.0
WhitKy00,Kyzir White,ARI,SEA,2024,14,0.0,1.0,LB,1.0,edge,0.3,0.4,4.0,1,3.0,45.5
WilsMa03,Mack Wilson,ARI,SEA,2024,14,0.0,1.0,LB,0.84,edge,0.4,1.2,4.0,1,3.0,45.5
CartLo01,Lorenzo Carter,ATL,MIN,2024,14,0.0,0.0,LB,0.63,edge,0.1,0.8,3.0,1,-6.0,46.5
ElliKa00,Kaden Elliss,ATL,MIN,2024,14,1.0,2.0,LB,1.0,edge,0.4,1.4,3.0,1,-6.0,46.5
JarrGr00,Grady Jarrett,ATL,MIN,2024,14,0.0,1.0,DT,0.78,interior,0.0,1.4,3.0,1,-6.0,46.5
BernTe00,Terrel Bernard,BUF,LA,2024,14,0.0,0.0,LB,1.0,edge,0.2,0.6,2.2,1,3.5,49.5
MilaMa00,Matt Milano,BUF,LA,2024,14,0.0,0.0,LB,0.84,edge,0.0,0.2,2.2,1,3.5,49.5
OlivEd00,Ed Oliver,BUF,LA,2024,14,0.0,3.0,DT,0.69,interior,0.2,1.4,2.2,1,3.5,49.5
JeweJo00,Josey Jewell,CAR,PHI,2024,14,1.5,2.0,LB,1.0,edge,0.4,0.6,2.6,0,-14.0,44.5
RobiAS00,A'Shawn Robinson,CAR,PHI,2024,14,1.5,2.0,DE,0.78,edge,0.6,1.2,2.6,0,-14.0,44.5
WallTr00,Trevin Wallace,CAR,PHI,2024,14,0.0,0.0,LB,0.66,edge,0.2,0.2,2.6,0,-14.0,44.5
WonnDJ00,D.J. Wonnum,CAR,PHI,2024,14,1.0,1.0,LB,0.74,edge,0.6,2.0,2.6,0,-14.0,44.5
EdmuTr01,Tremaine Edmunds,CHI,SF,2024,14,0.0,0.0,LB,1.0,edge,0.0,0.2,1.8,0,-3.0,43.5
EdwaTJ02,T.J. Edwards,CHI,SF,2024,14,1.0,1.0,LB,1.0,edge,0.0,0.6,1.8,0,-3.0,43.5
PickZa00,Zacch Pickens,CHI,SF,2024,14,0.0,0.0,DT,0.62,interior,,,1.8,0,-3.0,43.5
WalkDe03,DeMarcus Walker,CHI,SF,2024,14,0.0,1.0,DE,0.66,edge,0.4,1.4,1.8,0,-3.0,43.5
DaviAk01,Akeem Davis-Gaither,CIN,DAL,2024,14,0.0,0.0,LB,0.88,edge,0.0,0.3333333333333333,2.8,1,5.0,51.0
HendTr00,Trey Hendrickson,CIN,DAL,2024,14,1.0,4.0,DE,0.82,edge,1.3,4.6,2.8,1,5.0,51.0
HillB.00,B.J. Hill,CIN,DAL,2024,14,1.0,3.0,DT,0.82,interior,0.2,1.2,2.8,1,5.0,51.0
PratGe00,Germaine Pratt,CIN,DAL,2024,14,0.0,0.0,LB,1.0,edge,0.0,0.6,2.8,1,5.0,51.0
DiabMo00,Mohamoud Diabate,CLE,PIT,2024,14,0.0,0.0,LB,0.83,edge,0.0,0.2,3.4,0,-6.0,43.0
GarrMy00,Myles Garrett,CLE,PIT,2024,14,1.0,4.0,DE,0.75,edge,1.2,3.6,3.4,0,-6.0,43.0
HickJo00,Jordan Hicks,CLE,PIT,2024,14,0.0,0.0,LB,1.0,edge,0.2,0.6,3.4,0,-6.0,43.0
TomlDa00,Dalvin Tomlinson,CLE,PIT,2024,14,0.0,1.0,DT,0.82,interior,0.1,1.8,3.4,0,-6.0,43.0
KendEr00,Eric Kendricks,DAL,CIN,2024,14,0.0,0.0,LB,1.0,edge,0.2,0.2,2.4,1,-5.0,51.0
OdigOs00,Osa Odighizuwa,DAL,CIN,2024,14,0.0,4.0,DT,0.86,interior,0.5,2.0,2.4,1,-5.0,51.0
OverDe00,DeMarvion Overshown,DAL,CIN,2024,14,0.0,1.0,LB,0.7,edge,0.8,1.6,2.4,1,-5.0,51.0
ParsMi00,Micah Parsons,DAL,CIN,2024,14,0.0,3.0,DE,0.75,edge,0.7,2.6,2.4,1,-5.0,51.0
CampJa04,Jack Campbell,DET,GB,2024,14,0.0,1.0,LB,1.0,edge,0.1,0.6,1.4,1,3.0,53.0
MuhaAl00,Al-Quadin Muhammad,DET,GB,2024,14,0.0,1.0,DE,0.74,edge,0.4,0.8,1.4,1,3.0,53.0
NowaTr00,Trevor Nowaske,DET,GB,2024,14,0.0,1.0,LB,0.64,edge,,,1.4,1,3.0,53.0
ClarKe01,Kenny Clark,GB,DET,2024,14,0.0,0.0,DT,0.65,interior,0.2,1.0,1.2,1,-3.0,53.0
McDuIs00,Isaiah McDuffie,GB,DET,2024,14,0.0,1.0,LB,1.0,edge,0.1,0.2,1.2,1,-3.0,53.0
WalkQu00,Quay Walker,GB,DET,2024,14,0.0,0.0,LB,0.99,edge,0.2,0.6,1.2,1,-3.0,53.0
AlleJo03,Josh Hines-Allen,JAX,TEN,2024,14,1.0,1.0,DE,0.8,edge,0.7,1.6,4.6,0,-3.0,40.0
LloyDe00,Devin Lloyd,JAX,TEN,2024,14,0.0,0.0,LB,0.77,edge,0.2,0.6,4.6,0,-3.0,40.0
OluoFo00,Foyesade Oluokun,JAX,TEN,2024,14,0.0,0.0,LB,1.0,edge,0.0,0.0,4.6,0,-3.0,40.0
BoltNi00,Nick Bolton,KC,LAC,2024,14,1.0,1.0,LB,0.92,edge,0.3,0.6,3.4,0,5.0,43.5
JoneCh09,Chris Jones,KC,LAC,2024,14,0.0,1.0,DT,0.77,interior,0.4,1.8,3.4,0,5.0,43.5
KarlGe00,George Karlaftis III,KC,LAC,2024,14,0.0,2.0,DE,0.85,edge,0.4,2.0,3.4,0,5.0,43.5
TranDr00,Drue Tranquill,KC,LAC,2024,14,0.0,0.0,LB,0.87,edge,0.3,0.6,3.4,0,5.0,43.5
FiskBr00,Braden Fiske,LA,BUF,2024,14,0.0,0.0,DT,0.63,interior,0.4,1.8,0.6,1,-3.5,49.5
HoecMi00,Michael Hoecht,LA,BUF,2024,14,0.0,0.0,LB,0.6,edge,0.1,1.0,0.6,1,-3.5,49.5
RozeCh00,Christian Rozeboom,LA,BUF,2024,14,0.0,0.0,LB,0.8,edge,0.0,0.0,0.6,1,-3.5,49.5
SpeiOm00,Omar Speights,LA,BUF,2024,14,0.0,0.0,LB,0.6,edge,0.0,0.0,0.6,1,-3.5,49.5
TurnKo00,Kobie Turner,LA,BUF,2024,14,0.0,2.0,NT,0.75,interior,0.4,1.6,0.6,1,-3.5,49.5
VersJa00,Jared Verse,LA,BUF,2024,14,0.0,1.0,LB,0.75,edge,0.4,1.4,0.6,1,-3.5,49.5
YounBy01,Byron Young,LA,BUF,2024,14,0.0,0.0,LB,0.87,edge,0.6,1.4,0.6,1,-3.5,49.5
BosaJo00,Joey Bosa,LAC,KC,2024,14,1.0,1.0,DE,0.61,edge,0.2,2.2,3.8,0,-5.0,43.5
HenlDa00,Daiyan Henley,LAC,KC,2024,14,0.0,1.0,LB,1.0,edge,0.2,0.8,3.8,0,-5.0,43.5
MackKh00,Khalil Mack,LAC,KC,2024,14,0.5,5.0,DE,0.68,edge,0.4,1.6,3.8,0,-5.0,43.5
ButlAd00,Adam Butler,LV,TB,2024,14,1.0,2.0,DT,0.79,interior,0.3,1.2,1.6,0,-7.0,47.0
CrosMa00,Maxx Crosby,LV,TB,2024,14,0.0,1.0,DE,1.0,edge,0.4,2.4,1.6,0,-7.0,47.0
DeabDi00,Divine Deablo,LV,TB,2024,14,0.0,0.0,LB,0.61,edge,0.0,0.0,1.6,0,-7.0,47.0
JenkJo00,John Jenkins,LV,TB,2024,14,0.0,1.0,DT,0.6,interior,0.2,1.0,1.6,0,-7.0,47.0
SpilRo00,Robert Spillane,LV,TB,2024,14,0.0,0.0,LB,1.0,edge,0.0,0.4,1.6,0,-7.0,47.0
BrooJo01,Jordyn Brooks,MIA,NYJ,2024,14,1.0,1.0,LB,1.0,edge,0.0,0.6,2.2,0,6.5,45.0
CampCa99,Calais Campbell,MIA,NYJ,2024,14,0.0,5.0,DE,0.63,edge,0.6,1.6,2.2,0,6.5,45.0
OgbaEm00,Emmanuel Ogbah,MIA,NYJ,2024,14,0.0,1.0,DE,0.69,edge,0.5,0.8,2.2,0,6.5,45.0
SielZa00,Zach Sieler,MIA,NYJ,2024,14,2.0,3.0,DE,0.82,edge,0.6,1.6,2.2,0,6.5,45.0
WalkAn01,Anthony Walker,MIA,NYJ,2024,14,0.0,1.0,LB,0.91,edge,0.0,0.2,2.2,0,6.5,45.0
CashBl00,Blake Cashman,MIN,ATL,2024,14,0.0,1.0,LB,0.85,edge,0.4,1.4,2.4,1,6.0,46.5
GreeJo04,Jonathan Greenard,MIN,ATL,2024,14,0.0,0.0,LB,0.81,edge,1.0,2.0,2.4,1,6.0,46.5
VanGAn00,Andrew Van Ginkel,MIN,ATL,2024,14,0.0,0.0,LB,0.76,edge,0.8,2.0,2.4,1,6.0,46.5
DaviDe00,Demario Davis,NO,NYG,2024,14,0.0,1.0,LB,1.0,edge,0.0,0.0,3.6,0,5.5,41.0
GranCa01,Carl Granderson,NO,NYG,2024,14,0.0,5.0,DE,0.73,edge,0.3,1.4,3.6,0,5.5,41.0
WernPe00,Pete Werner,NO,NYG,2024,14,0.0,1.0,LB,0.63,edge,0.0,0.0,3.6,0,5.5,41.0
YounCh04,Chase Young,NO,NYG,2024,14,0.0,6.0,DE,0.65,edge,0.4,1.6,3.6,0,5.5,41.0
BurnBr00,Brian Burns,NYG,NO,2024,14,1.0,6.0,LB,0.79,edge,0.6,2.4,1.4,0,-5.5,41.0
McFaMi01,Micah McFadden,NYG,NO,2024,14,0.0,0.0,LB,1.0,edge,0.1,0.2,1.4,0,-5.5,41.0
MuasDa00,Darius Muasau,NYG,NO,2024,14,0.0,0.0,LB,0.76,edge,0.0,0.0,1.4,0,-5.5,41.0
ThibKa00,Kayvon Thibodeaux,NYG,NO,2024,14,1.0,2.0,LB,0.82,edge,0.4,1.4,1.4,0,-5.5,41.0
McDoWi00,Will McDonald,NYJ,MIA,2024,14,0.0,1.0,LB,0.83,edge,0.8,2.2,2.6,0,-6.5,45.0
ReddHa00,Haason Reddick,NYJ,MIA,2024,14,0.0,0.0,LB,0.74,edge,0.0,1.0,2.6,0,-6.5,45.0
SherJa00,Jamien Sherwood,NYJ,MIA,2024,14,0.0,0.0,LB,0.99,edge,0.4,0.4,2.6,0,-6.5,45.0
WillQu00,Quinnen Williams,NYJ,MIA,2024,14,0.0,1.0,NT,0.79,interior,0.8,2.8,2.6,0,-6.5,45.0
WillQu01,Quincy Williams,NYJ,MIA,2024,14,0.0,0.0,LB,0.99,edge,0.4,0.6,2.6,0,-6.5,45.0
BaunZa00,Zack Baun,PHI,CAR,2024,14,1.0,2.0,LB,0.99,edge,0.1,0.2,1.4,0,14.0,44.5
CartJa05,Jalen Carter,PHI,CAR,2024,14,0.0,3.0,DT,0.9,interior,0.7,1.8,1.4,0,14.0,44.5
DeanNa00,Nakobe Dean,PHI,CAR,2024,14,0.0,0.0,LB,0.97,edge,0.2,0.2,1.4,0,14.0,44.5
SmitNo02,Nolan Smith,PHI,CAR,2024,14,0.0,1.0,LB,0.73,edge,0.3333333333333333,1.3333333333333333,1.4,0,14.0,44.5
WillMi08,Milton Williams,PHI,CAR,2024,14,0.0,0.0,DT,0.65,interior,0.25,2.5,1.4,0,14.0,44.5
HeywCa01,Cameron Heyward,PIT,CLE,2024,14,2.0,3.0,DT,0.61,interior,0.8,2.0,3.0,0,6.0,43.0
QueePa00,Patrick Queen,PIT,CLE,2024,14,0.0,1.0,LB,1.0,edge,0.0,0.2,3.0,0,6.0,43.0
WattT.00,T.J. Watt,PIT,CLE,2024,14,0.0,2.0,LB,0.89,edge,1.0,3.2,3.0,0,6.0,43.0
JoneEr01,Ernest Jones,SEA,ARI,2024,14,0.0,0.0,LB,1.0,edge,0.0,0.0,2.0,1,-3.0,45.5
KnigTy00,Tyrice Knight,SEA,ARI,2024,14,0.0,0.0,LB,0.82,edge,0.2,0.4,2.0,1,-3.0,45.5
CampDe00,De'Vondre Campbell,SF,CHI,2024,14,0.0,0.0,LB,0.64,edge,0.0,0.0,5.2,0,3.0,43.5
OkuaSa00,Sam Okuayinonu,SF,CHI,2024,14,0.0,0.0,DE,0.74,edge,0.0,1.0,5.2,0,3.0,43.5
WarnFr00,Fred Warner,SF,CHI,2024,14,0.0,0.0,LB,0.87,edge,0.0,0.4,5.2,0,3.0,43.5
DaviLa00,Lavonte David,TB,LV,2024,14,1.0,2.0,LB,1.0,edge,0.0,0.4,4.2,0,7.0,47.0
DiabYa00,YaYa Diaby,TB,LV,2024,14,0.0,0.0,LB,0.79,edge,0.2,1.6,4.2,0,7.0,47.0
JoneVi00,Vi Jones,TB,LV,2024,14,0.0,0.0,LB,0.6,edge,,,4.2,0,7.0,47.0
KancCa00,Calijah Kancey,TB,LV,2024,14,0.0,4.0,DE,0.66,edge,1.0,1.2,4.2,0,7.0,47.0
NelsAn01,Anthony Nelson,TB,LV,2024,14,0.0,0.0,LB,0.69,edge,0.2,1.0,4.2,0,7.0,47.0
VeaxVi00,Vita Vea,TB,LV,2024,14,0.0,1.0,NT,0.7,interior,0.6,1.6,4.2,0,7.0,47.0
GiffLu00,Luke Gifford,TEN,JAX,2024,14,0.0,0.0,LB,1.0,edge,,,1.4,0,3.0,40.0
KeyxAr00,Arden Key,TEN,JAX,2024,14,0.0,1.0,LB,0.86,edge,0.7,1.8,1.4,0,3.0,40.0
LandHa00,Harold Landry,TEN,JAX,2024,14,1.0,2.0,LB,0.93,edge,0.4,0.6,1.4,0,3.0,40.0
ReesOt00,Otis Reese,TEN,JAX,2024,14,0.0,2.0,LB,0.98,edge,,,1.4,0,3.0,40.0
SweaTV01,T'Vondre Sweat,TEN,JAX,2024,14,0.0,1.0,NT,0.61,interior,0.2,1.0,1.4,0,3.0,40.0
WhitKy00,Kyzir White,ARI,NE,2024,15,0.0,0.0,LB,1.0,edge,0.3,0.6,3.2,1,6.0,46.5
ElliKa00,Kaden Elliss,ATL,LV,2024,15,1.0,3.0,LB,1.0,edge,0.6,1.8,3.6,1,6.5,44.5
HarrMa06,Malik Harrison,BAL,NYG,2024,15,1.0,2.0,LB,0.79,edge,0.0,0.0,3.2,0,16.5,43.5
MaduJu00,Nnamdi Madubuike,BAL,NYG,2024,15,0.0,1.0,DT,0.6,interior,0.9,1.8,3.2,0,16.5,43.5
SmitRo07,Roquan Smith,BAL,NYG,2024,15,0.0,1.0,LB,0.76,edge,0.1,0.6,3.2,0,16.5,43.5
BernTe00,Terrel Bernard,BUF,DET,2024,15,0.0,0.0,LB,1.0,edge,0.2,0.4,1.2,1,-2.5,55.5
EpenAJ00,A.J. Epenesa,BUF,DET,2024,15,0.0,2.0,DE,0.66,edge,0.4,1.0,1.2,1,-2.5,55.5
OlivEd00,Ed Oliver,BUF,DET,2024,15,1.0,5.0,DT,0.65,interior,0.0,1.8,1.2,1,-2.5,55.5
RousGr00,Gregory Rousseau,BUF,DET,2024,15,1.0,5.0,DE,0.71,edge,0.6,2.0,1.2,1,-2.5,55.5
CherCl00,Claudin Cherelus,CAR,DAL,2024,15,0.0,0.0,LB,0.73,edge,0.0,0.5,3.0,0,2.5,42.0
JeweJo00,Josey Jewell,CAR,DAL,2024,15,0.0,0.0,LB,0.96,edge,0.7,1.0,3.0,0,2.5,42.0
WonnDJ00,D.J. Wonnum,CAR,DAL,2024,15,0.0,0.0,LB,0.82,edge,0.6,1.8,3.0,0,2.5,42.0
EdmuTr01,Tremaine Edmunds,CHI,MIN,2024,15,0.0,1.0,LB,1.0,edge,0.0,0.2,3.0,1,-7.0,43.5
EdwaTJ02,T.J. Edwards,CHI,MIN,2024,15,1.0,1.0,LB,1.0,edge,0.2,0.8,3.0,1,-7.0,43.5
SweaMo00,Montez Sweat,CHI,MIN,2024,15,0.0,1.0,DE,0.62,edge,0.7,2.0,3.0,1,-7.0,43.5
WalkDe03,DeMarcus Walker,CHI,MIN,2024,15,0.0,4.0,DE,0.6,edge,0.4,1.2,3.0,1,-7.0,43.5
DaviAk01,Akeem Davis-Gaither,CIN,TEN,2024,15,0.0,0.0,LB,0.99,edge,0.0,0.25,4.8,0,6.0,46.5
HillB.00,B.J. Hill,CIN,TEN,2024,15,1.0,2.0,DT,0.79,interior,0.4,1.4,4.8,0,6.0,46.5
JenkKr01,Kris Jenkins,CIN,TEN,2024,15,0.0,1.0,DT,0.6,interior,0.0,1.0,4.8,0,6.0,46.5
PratGe00,Germaine Pratt,CIN,TEN,2024,15,0.0,0.0,LB,1.0,edge,0.0,0.6,4.8,0,6.0,46.5
GarrMy00,Myles Garrett,CLE,KC,2024,15,0.0,4.0,DE,0.8,edge,1.4,3.4,3.6,0,-4.5,41.5
HickJo00,Jordan Hicks,CLE,KC,2024,15,0.0,0.0,LB,0.92,edge,0.2,0.4,3.6,0,-4.5,41.5
TomlDa00,Dalvin Tomlinson,CLE,KC,2024,15,0.0,5.0,DT,0.67,interior,0.1,1.6,3.6,0,-4.5,41.5
GolsCh00,Chauncey Golston,DAL,CAR,2024,15,1.0,1.0,DE,0.89,edge,0.1,1.4,1.2,0,-2.5,42.0
KendEr00,Eric Kendricks,DAL,CAR,2024,15,0.0,0.0,LB,1.0,edge,0.2,0.2,1.2,0,-2.5,42.0
LiufMa00,Marist Liufau,DAL,CAR,2024,15,0.0,0.0,LB,0.87,edge,0.0,0.0,1.2,0,-2.5,42.0
OdigOs00,Osa Odighizuwa,DAL,CAR,2024,15,1.0,4.0,DT,0.78,interior,0.5,2.4,1.2,0,-2.5,42.0
ParsMi00,Micah Parsons,DAL,CAR,2024,15,2.0,4.0,DE,0.84,edge,0.7,2.8,1.2,0,-2.5,42.0
AlleZa01,Zach Allen,DEN,IND,2024,15,0.0,4.0,DE,0.91,edge,0.2,1.8,1.8,0,4.5,43.5
BartCo00,Cody Barton,DEN,IND,2024,15,0.0,0.0,LB,1.0,edge,0.1,0.6,1.8,0,4.5,43.5
BoniNi00,Nik Bonitto,DEN,IND,2024,15,0.5,2.0,LB,0.64,edge,1.0,3.0,1.8,0,4.5,43.5
CoopJo02,Jonathon Cooper,DEN,IND,2024,15,0.0,3.0,LB,0.72,edge,0.5,1.8,1.8,0,4.5,43.5
StrnJu00,Justin Strnad,DEN,IND,2024,15,0.0,0.0,LB,0.93,edge,0.2,0.8,1.8,0,4.5,43.5
CampJa04,Jack Campbell,DET,BUF,2024,15,0.0,0.0,LB,1.0,edge,0.1,0.8,0.6,1,2.5,55.5
NiemBe00,Ben Niemann,DET,BUF,2024,15,0.0,1.0,LB,0.63,edge,0.0,0.25,0.6,1,2.5,55.5
OnwuLe00,Levi Onwuzurike,DET,BUF,2024,15,0.0,0.0,DE,0.76,edge,0.3,2.4,0.6,1,2.5,55.5
PascJo00,Josh Paschal,DET,BUF,2024,15,0.0,3.0,DE,0.81,edge,0.6,1.6,0.6,1,2.5,55.5
WilsEr00,Eric Wilson,GB,SEA,2024,15,0.0,2.0,LB,0.63,edge,0.4,0.6,3.8,0,3.0,48.0
AndeWi01,Will Anderson,HOU,MIA,2024,15,1.0,3.0,DE,0.69,edge,0.4,2.0,2.4,1,2.5,46.5
HarrCh06,Christian Harris,HOU,MIA,2024,15,0.0,0.0,LB,0.82,edge,0.4,1.0,2.4,1,2.5,46.5
HuntDa01,Danielle Hunter,HOU,MIA,2024,15,1.5,2.0,DE,0.68,edge,1.0,2.4,2.4,1,2.5,46.5
TooTHe00,Henry To'oTo'o,HOU,MIA,2024,15,0.5,1.0,LB,1.0,edge,0.0,0.0,2.4,1,2.5,46.5
BuckDe00,DeForest Buckner,IND,DEN,2024,15,1.0,1.0,DT,0.76,interior,0.8,2.6,1.6,0,-4.5,43.5
FranZa00,Zaire Franklin,IND,DEN,2024,15,0.0,0.0,LB,1.0,edge,0.5,0.8,1.6,0,-4.5,43.5
SpeeEJ00,E.J. Speed,IND,DEN,2024,15,0.0,1.0,LB,0.97,edge,0.0,0.2,1.6,0,-4.5,43.5
LloyDe00,Devin Lloyd,JAX,NYJ,2024,15,0.0,1.0,LB,0.76,edge,0.0,0.4,2.6,0,-3.5,41.5
OluoFo00,Foyesade Oluokun,JAX,NYJ,2024,15,0.0,0.0,LB,1.0,edge,0.0,0.0,2.6,0,-3.5,41.5
WalkTr03,Travon Walker,JAX,NYJ,2024,15,0.0,2.0,DE,0.76,edge,0.5,2.0,2.6,0,-3.5,41.5
BoltNi00,Nick Bolton,KC,CLE,2024,15,0.5,1.0,LB,0.97,edge,0.5,0.8,3.2,0,4.5,41.5
DannMi00,Michael Danna,KC,CLE,2024,15,0.0,1.0,DE,0.61,edge,0.3,1.2,3.2,0,4.5,41.5
JoneCh09,Chris Jones,KC,CLE,2024,15,0.0,3.0,DT,0.94,interior,0.4,1.8,3.2,0,4.5,41.5
KarlGe00,George Karlaftis III,KC,CLE,2024,15,2.0,2.0,DE,0.87,edge,0.2,2.2,3.2,0,4.5,41.5
TranDr00,Drue Tranquill,KC,CLE,2024,15,0.5,2.0,LB,0.74,edge,0.1,0.4,3.2,0,4.5,41.5
FiskBr00,Braden Fiske,LA,SF,2024,15,0.0,0.0,DT,0.63,interior,0.4,1.6,1.8,0,-3.0,48.5
RozeCh00,Christian Rozeboom,LA,SF,2024,15,1.0,1.0,LB,0.87,edge,0.0,0.0,1.8,0,-3.0,48.5
SpeiOm00,Omar Speights,LA,SF,2024,15,0.0,0.0,LB,0.67,edge,0.0,0.0,1.8,0,-3.0,48.5
TurnKo00,Kobie Turner,LA,SF,2024,15,2.0,2.0,NT,0.7,interior,0.2,1.4,1.8,0,-3.0,48.5
VersJa00,Jared Verse,LA,SF,2024,15,0.0,0.0,LB,0.81,edge,0.2,1.4,1.8,0,-3.0,48.5
YounBy01,Byron Young,LA,SF,2024,15,0.0,0.0,LB,0.76,edge,0.4,0.8,1.8,0,-3.0,48.5
HenlDa00,Daiyan Henley,LAC,TB,2024,15,0.0,0.0,LB,0.96,edge,0.2,1.0,2.4,1,3.0,46.0
TuipTu00,Tuli Tuipulotu,LAC,TB,2024,15,0.0,0.0,DE,0.65,edge,1.4,2.2,2.4,1,3.0,46.0
ButlAd00,Adam Butler,LV,ATL,2024,15,1.0,1.0,DT,0.69,interior,0.5,1.6,2.2,1,-6.5,44.5
ChaiKL00,K'Lavon Chaisson,LV,ATL,2024,15,0.0,0.0,LB,0.98,edge,0.0,0.0,2.2,1,-6.5,44.5
DeabDi00,Divine Deablo,LV,ATL,2024,15,0.0,1.0,LB,0.66,edge,0.0,0.0,2.2,1,-6.5,44.5
JenkJo00,John Jenkins,LV,ATL,2024,15,0.0,0.0,DT,0.69,interior,0.2,1.0,2.2,1,-6.5,44.5
LaulJo00,Jonah Laulu,LV,ATL,2024,15,1.0,1.0,DT,0.91,interior,,,2.2,1,-6.5,44.5
SpilRo00,Robert Spillane,LV,ATL,2024,15,0.0,0.0,LB,0.98,edge,0.0,0.4,2.2,1,-6.5,44.5
WilsTy01,Tyree Wilson,LV,ATL,2024,15,1.0,1.0,DE,0.72,edge,0.0,1.0,2.2,1,-6.5,44.5
BrooJo01,Jordyn Brooks,MIA,HOU,2024,15,0.0,0.0,LB,1.0,edge,0.2,0.2,3.8,1,-2.5,46.5
OgbaEm00,Emmanuel Ogbah,MIA,HOU,2024,15,0.0,2.0,DE,0.82,edge,0.3,0.8,3.8,1,-2.5,46.5
SielZa00,Zach Sieler,MIA,HOU,2024,15,1.5,3.0,DE,0.9,edge,1.0,2.0,3.8,1,-2.5,46.5
WalkAn01,Anthony Walker,MIA,HOU,2024,15,1.0,1.0,LB,1.0,edge,0.0,0.4,3.8,1,-2.5,46.5
CashBl00,Blake Cashman,MIN,CHI,2024,15,0.0,0.0,LB,0.85,edge,0.4,1.2,5.2,1,7.0,43.5
GreeJo04,Jonathan Greenard,MIN,CHI,2024,15,1.0,4.0,LB,0.76,edge,0.6,1.4,5.2,1,7.0,43.5
VanGAn00,Andrew Van Ginkel,MIN,CHI,2024,15,0.0,2.0,LB,0.69,edge,0.8,1.8,5.2,1,7.0,43.5
EkuaDa00,Daniel Ekuale,NE,ARI,2024,15,0.0,0.0,DT,0.6,interior,0.2,0.6,2.4,1,-6.0,46.5
JennAn00,Anfernee Jennings,NE,ARI,2024,15,0.0,1.0,LB,0.73,edge,0.4,1.4,2.4,1,-6.0,46.5
TavaJa00,Jahlani Tavai,NE,ARI,2024,15,0.0,0.0,LB,0.79,edge,0.2,0.4,2.4,1,-6.0,46.5
WhitKe03,Keion White,NE,ARI,2024,15,0.0,2.0,DE,0.8,edge,0.2,1.2,2.4,1,-6.0,46.5
DaviDe00,Demario Davis,NO,WAS,2024,15,1.0,1.0,LB,1.0,edge,0.0,0.2,2.4,1,-7.5,44.5
GranCa01,Carl Granderson,NO,WAS,2024,15,1.0,1.0,DE,0.68,edge,0.3,2.2,2.4,1,-7.5,44.5
WernPe00,Pete Werner,NO,WAS,2024,15,0.0,0.0,LB,0.85,edge,0.0,0.2,2.4,1,-7.5,44.5
BurnBr00,Brian Burns,NYG,BAL,2024,15,1.0,5.0,LB,0.63,edge,0.6,3.0,1.4,0,-16.5,43.5
ChatEl00,Elijah Chatman,NYG,BAL,2024,15,0.0,1.0,DT,0.8,interior,,,1.4,0,-16.5,43.5
McFaMi01,Micah McFadden,NYG,BAL,2024,15,1.0,1.0,LB,1.0,edge,0.1,0.2,1.4,0,-16.5,43.5
MuasDa00,Darius Muasau,NYG,BAL,2024,15,0.0,0.0,LB,1.0,edge,0.0,0.0,1.4,0,-16.5,43.5
ThibKa00,Kayvon Thibodeaux,NYG,BAL,2024,15,0.0,2.0,LB,0.88,edge,0.6,1.4,1.4,0,-16.5,43.5
McDoWi00,Will McDonald,NYJ,JAX,2024,15,0.0,2.0,LB,0.73,edge,0.6,2.2,1.4,0,3.5,41.5
ReddHa00,Haason Reddick,NYJ,JAX,2024,15,0.0,1.0,LB,0.71,edge,0.0,1.0,1.4,0,3.5,41.5
SherJa00,Jamien Sherwood,NYJ,JAX,2024,15,0.0,0.0,LB,0.87,edge,0.4,0.4,1.4,0,3.5,41.5
WillQu00,Quinnen Williams,NYJ,JAX,2024,15,0.0,1.0,NT,0.69,interior,0.5,2.4,1.4,0,3.5,41.5
WillQu01,Quincy Williams,NYJ,JAX,2024,15,0.0,0.0,LB,0.96,edge,0.4,0.6,1.4,0,3.5,41.5
BaunZa00,Zack Baun,PHI,PIT,2024,15,0.0,0.0,LB,1.0,edge,0.3,0.6,2.8,0,5.5,43.0
DeanNa00,Nakobe Dean,PHI,PIT,2024,15,0.0,0.0,LB,0.93,edge,0.2,0.2,2.8,0,5.5,43.0
SmitNo02,Nolan Smith,PHI,PIT,2024,15,1.0,3.0,LB,0.95,edge,0.25,1.25,2.8,0,5.5,43.0
SweaJo00,Josh Sweat,PHI,PIT,2024,15,1.0,1.0,LB,0.65,edge,0.8,1.4,2.8,0,5.5,43.0
HighAl02,Alex Highsmith,PIT,PHI,2024,15,1.0,1.0,LB,0.63,edge,0.6,2.2,2.8,0,-5.5,43.0
QueePa00,Patrick Queen,PIT,PHI,2024,15,0.0,1.0,LB,1.0,edge,0.0,0.4,2.8,0,-5.5,43.0
RobeEl00,Elandon Roberts,PIT,PHI,2024,15,0.0,0.0,LB,0.61,edge,0.2,1.0,2.8,0,-5.5,43.0
WattT.00,T.J. Watt,PIT,PHI,2024,15,2.0,2.0,LB,0.66,edge,1.0,3.2,2.8,0,-5.5,43.0
JoneEr01,Ernest Jones,SEA,GB,2024,15,0.0,0.0,LB,0.95,edge,0.0,0.0,1.0,0,-3.0,48.0
KnigTy00,Tyrice Knight,SEA,GB,2024,15,0.0,1.0,LB,0.98,edge,0.2,0.4,1.0,0,-3.0,48.0
WillLe02,Leonard Williams,SEA,GB,2024,15,0.0,1.0,DT,0.72,interior,1.1,2.4,1.0,0,-3.0,48.0
BosaNi00,Nick Bosa,SF,LA,2024,15,0.0,3.0,DE,0.72,edge,0.5,2.4,2.2,0,3.0,48.5
WarnFr00,Fred Warner,SF,LA,2024,15,0.0,0.0,LB,0.98,edge,0.0,0.2,2.2,0,3.0,48.5
DaviLa00,Lavonte David,TB,LAC,2024,15,1.5,3.0,LB,0.98,edge,0.2,0.6,2.8,1,-3.0,46.0
DiabYa00,YaYa Diaby,TB,LAC,2024,15,0.0,1.0,LB,0.77,edge,0.0,1.2,2.8,1,-3.0,46.0
KancCa00,Calijah Kancey,TB,LAC,2024,15,0.0,2.0,DE,0.81,edge,0.8,1.8,2.8,1,-3.0,46.0
NelsAn01,Anthony Nelson,TB,LAC,2024,15,0.0,0.0,LB,0.67,edge,0.2,1.0,2.8,1,-3.0,46.0
RussJJ00,J.J. Russell,TB,LAC,2024,15,0.0,1.0,LB,0.6,edge,0.3333333333333333,0.3333333333333333,2.8,1,-3.0,46.0
KeyxAr00,Arden Key,TEN,CIN,2024,15,0.0,2.0,LB,0.77,edge,0.5,1.4,2.6,0,-6.0,46.5
LandHa00,Harold Landry,TEN,CIN,2024,15,1.0,1.0,LB,0.83,edge,0.6,1.0,2.6,0,-6.0,46.5
MurrKe00,Kenneth Murray,TEN,CIN,2024,15,0.0,0.0,LB,0.94,edge,0.3,0.8,2.6,0,-6.0,46.5
SimmJe01,Jeffery Simmons,TEN,CIN,2024,15,0.0,2.0,DT,0.86,interior,0.4,1.8,2.6,0,-6.0,46.5
WillJa15,James Williams,TEN,CIN,2024,15,0.0,0.0,LB,0.62,edge,,,2.6,0,-6.0,46.5
ArmsDo00,Dorance Armstrong Jr.,WAS,NO,2024,15,1.0,1.0,DE,0.84,edge,0.0,1.6,0.8,1,7.5,44.5
LuvuFr00,Frankie Luvu,WAS,NO,2024,15,0.0,2.0,LB,1.0,edge,0.8,1.4,0.8,1,7.5,44.5
PaynDa00,Daron Payne,WAS,NO,2024,15,1.0,4.0,DT,0.85,interior,0.5,0.6,0.8,1,7.5,44.5
WagnBo00,Bobby Wagner,WAS,NO,2024,15,0.0,1.0,LB,1.0,edge,0.0,0.2,0.8,1,7.5,44.5
CollZa00,Zaven Collins,ARI,CAR,2024,16,0.0,0.0,LB,0.75,edge,0.0,0.6,2.2,0,5.5,47.0
WhitKy00,Kyzir White,ARI,CAR,2024,16,1.0,2.0,LB,1.0,edge,0.2,0.4,2.2,0,5.5,47.0
ElliKa00,Kaden Elliss,ATL,NYG,2024,16,1.0,3.0,LB,0.76,edge,0.6,1.6,3.4,1,9.5,42.5
HarrMa06,Malik Harrison,BAL,PIT,2024,16,0.0,0.0,LB,0.6,edge,0.3333333333333333,0.6666666666666666,2.6,0,7.0,44.5
MaduJu00,Nnamdi Madubuike,BAL,PIT,2024,16,0.5,2.0,DT,0.78,interior,0.7,1.6,2.6,0,7.0,44.5
SmitRo07,Roquan Smith,BAL,PIT,2024,16,0.0,0.0,LB,1.0,edge,0.1,0.6,2.6,0,7.0,44.5
BernTe00,Terrel Bernard,BUF,NE,2024,16,0.0,2.0,LB,1.0,edge,0.2,0.4,2.8,0,14.0,48.0
OlivEd00,Ed Oliver,BUF,NE,2024,16,0.0,1.0,DT,0.73,interior,0.2,2.6,2.8,0,14.0,48.0
RousGr00,Gregory Rousseau,BUF,NE,2024,16,0.0,2.0,DE,0.71,edge,0.8,2.6,2.8,0,14.0,48.0
WillDo04,Dorian Williams,BUF,NE,2024,16,0.0,1.0,LB,0.66,edge,0.0,0.6,2.8,0,14.0,48.0
ClowJa00,Jadeveon Clowney,CAR,ARI,2024,16,0.0,2.0,LB,0.67,edge,0.5,1.8,1.8,0,-5.5,47.0
JeweJo00,Josey Jewell,CAR,ARI,2024,16,0.0,0.0,LB,1.0,edge,0.7,1.0,1.8,0,-5.5,47.0
RobiAS00,A'Shawn Robinson,CAR,ARI,2024,16,1.0,1.0,DE,0.73,edge,0.9,1.4,1.8,0,-5.5,47.0
WindJa00,Jacoby Windmon,CAR,ARI,2024,16,1.0,2.0,LB,0.76,edge,,,1.8,0,-5.5,47.0
WonnDJ00,D.J. Wonnum,CAR,ARI,2024,16,1.0,1.0,LB,0.9,edge,0.6,1.8,1.8,0,-5.5,47.0
EdmuTr01,Tremaine Edmunds,CHI,DET,2024,16,0.0,0.0,LB,1.0,edge,0.0,0.2,1.8,0,-7.0,47.5
EdwaTJ02,T.J. Edwards,CHI,DET,2024,16,0.0,0.0,LB,1.0,edge,0.4,1.0,1.8,0,-7.0,47.5
SweaMo00,Montez Sweat,CHI,DET,2024,16,0.0,1.0,DE,0.63,edge,0.7,2.0,1.8,0,-7.0,47.5
WalkDe03,DeMarcus Walker,CHI,DET,2024,16,0.0,0.0,DE,0.62,edge,0.4,1.8,1.8,0,-7.0,47.5
DaviAk01,Akeem Davis-Gaither,CIN,CLE,2024,16,0.0,0.0,LB,0.98,edge,0.0,0.2,3.0,0,10.0,46.5
HendTr00,Trey Hendrickson,CIN,CLE,2024,16,1.0,4.0,DE,0.79,edge,1.1,4.0,3.0,0,10.0,46.5
HillB.00,B.J. Hill,CIN,CLE,2024,16,0.0,1.0,DT,0.74,interior,0.6,1.8,3.0,0,10.0,46.5
OssaJo00,Joseph Ossai,CIN,CLE,2024,16,1.0,1.0,DE,0.77,edge,0.5,1.0,3.0,0,10.0,46.5
PratGe00,Germaine Pratt,CIN,CLE,2024,16,0.0,1.0,LB,0.95,edge,0.0,0.4,3.0,0,10.0,46.5
DiabMo00,Mohamoud Diabate,CLE,CIN,2024,16,0.0,0.0,LB,0.7,edge,0.0,0.0,2.6,0,-10.0,46.5
GarrMy00,Myles Garrett,CLE,CIN,2024,16,1.0,1.0,DE,0.8,edge,0.8,3.0,2.6,0,-10.0,46.5
HallMi00,Michael Hall,CLE,CIN,2024,16,1.0,1.0,DT,0.63,interior,,,2.6,0,-10.0,46.5
HickJo00,Jordan Hicks,CLE,CIN,2024,16,0.0,2.0,LB,1.0,edge,0.2,0.4,2.6,0,-10.0,46.5
McGuIs00,Isaiah McGuire,CLE,CIN,2024,16,1.0,1.0,DE,0.7,edge,1.0,3.0,2.6,0,-10.0,46.5
TomlDa00,Dalvin Tomlinson,CLE,CIN,2024,16,0.0,1.0,DT,0.61,interior,0.1,2.6,2.6,0,-10.0,46.5
GolsCh00,Chauncey Golston,DAL,TB,2024,16,1.0,1.0,DE,0.76,edge,0.2,1.4,2.2,1,-4.5,47.5
LiufMa00,Marist Liufau,DAL,TB,2024,16,0.0,1.0,LB,1.0,edge,0.0,0.0,2.2,1,-4.5,47.5
OdigOs00,Osa Odighizuwa,DAL,TB,2024,16,0.0,4.0,DT,0.76,interior,0.6,2.8,2.2,1,-4.5,47.5
ParsMi00,Micah Parsons,DAL,TB,2024,16,1.0,6.0,DE,0.79,edge,1.1,3.6,2.2,1,-4.5,47.5
VigiNi00,Nick Vigil,DAL,TB,2024,16,0.0,0.0,LB,0.96,edge,,,2.2,1,-4.5,47.5
AlleZa01,Zach Allen,DEN,LAC,2024,16,0.0,4.0,DE,0.78,edge,0.2,2.4,3.4,1,-3.0,41.5
BartCo00,Cody Barton,DEN,LAC,2024,16,0.0,0.0,LB,0.98,edge,0.1,0.6,3.4,1,-3.0,41.5
BoniNi00,Nik Bonitto,DEN,LAC,2024,16,0.0,0.0,LB,0.69,edge,0.9,2.8,3.4,1,-3.0,41.5
CoopJo02,Jonathon Cooper,DEN,LAC,2024,16,0.0,1.0,LB,0.69,edge,0.5,2.4,3.4,1,-3.0,41.5
StrnJu00,Justin Strnad,DEN,LAC,2024,16,0.0,0.0,LB,0.88,edge,0.0,0.6,3.4,1,-3.0,41.5
CampJa04,Jack Campbell,DET,CHI,2024,16,0.0,0.0,LB,1.0,edge,0.1,0.8,3.8,0,7.0,47.5
NiemBe00,Ben Niemann,DET,CHI,2024,16,0.0,0.0,LB,0.66,edge,0.0,0.4,3.8,0,7.0,47.5
OnwuLe00,Levi Onwuzurike,DET,CHI,2024,16,0.0,2.0,DE,0.62,edge,0.2,2.0,3.8,0,7.0,47.5
PascJo00,Josh Paschal,DET,CHI,2024,16,0.0,2.0,DE,0.7,edge,0.4,2.0,3.8,0,7.0,47.5
SmitZa00,Za'Darius Smith,DET,CHI,2024,16,0.0,2.0,DE,0.62,edge,0.6,2.0,3.8,0,7.0,47.5
CoopEd00,Edgerrin Cooper,GB,NO,2024,16,0.0,0.0,LB,0.7,edge,0.2,0.2,1.2,0,14.0,44.0
WilsEr00,Eric Wilson,GB,NO,2024,16,0.0,1.0,LB,1.0,edge,0.4,0.8,1.2,0,14.0,44.0
AndeWi01,Will Anderson,HOU,KC,2024,16,0.0,2.0,DE,0.66,edge,0.6,2.0,2.8,0,-3.5,42.5
HarrCh06,Christian Harris,HOU,KC,2024,16,1.0,1.0,LB,0.97,edge,0.4,1.0,2.8,0,-3.5,42.5
HuntDa01,Danielle Hunter,HOU,KC,2024,16,0.0,1.0,DE,0.72,edge,1.3,2.6,2.8,0,-3.5,42.5
SettTi00,Tim Settle,HOU,KC,2024,16,0.0,1.0,DT,0.61,interior,1.0,1.5,2.8,0,-3.5,42.5
TooTHe00,Henry To'oTo'o,HOU,KC,2024,16,0.0,0.0,LB,0.97,edge,0.1,0.2,2.8,0,-3.5,42.5
BuckDe00,DeForest Buckner,IND,TEN,2024,16,0.0,1.0,DT,0.79,interior,0.8,2.4,3.6,1,4.0,42.5
CarlJa01,Jaylon Carlies,IND,TEN,2024,16,0.0,0.0,LB,0.98,edge,,,3.6,1,4.0,42.5
FranZa00,Zaire Franklin,IND,TEN,2024,16,0.0,0.0,LB,1.0,edge,0.5,0.8,3.6,1,4.0,42.5
LatuLa00,Laiatu Latu,IND,TEN,2024,16,0.0,0.0,DE,0.64,edge,0.6,2.2,3.6,1,4.0,42.5
AlleJo03,Josh Hines-Allen,JAX,LV,2024,16,0.0,2.0,DE,0.66,edge,0.9,1.8,3.4,1,-2.5,41.5
LloyDe00,Devin Lloyd,JAX,LV,2024,16,0.0,0.0,LB,0.81,edge,0.0,0.4,3.4,1,-2.5,41.5
OluoFo00,Foyesade Oluokun,JAX,LV,2024,16,0.0,0.0,LB,0.93,edge,0.0,0.0,3.4,1,-2.5,41.5
WalkTr03,Travon Walker,JAX,LV,2024,16,0.0,2.0,DE,0.76,edge,0.4,2.0,3.4,1,-2.5,41.5
BoltNi00,Nick Bolton,KC,HOU,2024,16,0.0,0.0,LB,0.97,edge,0.6,1.0,3.0,0,3.5,42.5
DannMi00,Michael Danna,KC,HOU,2024,16,0.0,2.0,DE,0.61,edge,0.2,1.2,3.0,0,3.5,42.5
JoneCh09,Chris Jones,KC,HOU,2024,16,0.0,5.0,DT,0.75,interior,0.4,2.0,3.0,0,3.5,42.5
KarlGe00,George Karlaftis III,KC,HOU,2024,16,0.0,5.0,DE,0.86,edge,0.6,2.4,3.0,0,3.5,42.5
TranDr00,Drue Tranquill,KC,HOU,2024,16,0.0,1.0,LB,0.85,edge,0.1,0.6,3.0,0,3.5,42.5
FiskBr00,Braden Fiske,LA,NYJ,2024,16,0.0,0.0,DT,0.71,interior,0.4,1.4,2.4,0,3.0,47.0
RozeCh00,Christian Rozeboom,LA,NYJ,2024,16,0.0,0.0,LB,0.96,edge,0.2,0.2,2.4,0,3.0,47.0
VersJa00,Jared Verse,LA,NYJ,2024,16,0.0,0.0,LB,0.8,edge,0.0,1.0,2.4,0,3.0,47.0
YounBy01,Byron Young,LA,NYJ,2024,16,0.0,0.0,LB,0.71,edge,0.2,0.4,2.4,0,3.0,47.0
BosaJo00,Joey Bosa,LAC,DEN,2024,16,1.0,1.0,DE,0.78,edge,0.4,2.2,1.0,1,3.0,41.5
FordPo00,Poona Ford,LAC,DEN,2024,16,0.0,0.0,DE,0.7,edge,0.0,1.0,1.0,1,3.0,41.5
HenlDa00,Daiyan Henley,LAC,DEN,2024,16,0.0,0.0,LB,1.0,edge,0.0,0.8,1.0,1,3.0,41.5
MackKh00,Khalil Mack,LAC,DEN,2024,16,0.0,0.0,DE,0.64,edge,0.3,2.2,1.0,1,3.0,41.5
ButlAd00,Adam Butler,LV,JAX,2024,16,0.0,0.0,DT,0.81,interior,0.7,1.6,1.4,1,2.5,41.5
ChaiKL00,K'Lavon Chaisson,LV,JAX,2024,16,1.0,1.0,LB,0.93,edge,0.0,0.0,1.4,1,2.5,41.5
DeabDi00,Divine Deablo,LV,JAX,2024,16,0.0,0.0,LB,0.66,edge,0.0,0.2,1.4,1,2.5,41.5
LaulJo00,Jonah Laulu,LV,JAX,2024,16,0.0,1.0,DT,0.66,interior,1.0,1.0,1.4,1,2.5,41.5
SpilRo00,Robert Spillane,LV,JAX,2024,16,0.0,0.0,LB,1.0,edge,0.0,0.4,1.4,1,2.5,41.5
WilsTy01,Tyree Wilson,LV,JAX,2024,16,0.0,2.0,DE,0.75,edge,0.3333333333333333,1.0,1.4,1,2.5,41.5
BrooJo01,Jordyn Brooks,MIA,SF,2024,16,1.0,1.0,LB,0.78,edge,0.2,0.2,1.8,0,-2.0,44.0
OgbaEm00,Emmanuel Ogbah,MIA,SF,2024,16,0.0,3.0,DE,0.77,edge,0.3,1.0,1.8,0,-2.0,44.0
SielZa00,Zach Sieler,MIA,SF,2024,16,1.0,2.0,DE,0.84,edge,1.1,2.0,1.8,0,-2.0,44.0
WalkAn01,Anthony Walker,MIA,SF,2024,16,0.0,0.0,LB,0.97,edge,0.2,0.4,1.8,0,-2.0,44.0
CashBl00,Blake Cashman,MIN,SEA,2024,16,0.0,1.0,LB,1.0,edge,0.2,0.8,3.8,0,2.5,43.0
GreeJo04,Jonathan Greenard,MIN,SEA,2024,16,0.0,1.0,LB,0.81,edge,0.8,2.2,3.8,0,2.5,43.0
PhilHa00,Harrison Phillips,MIN,SEA,2024,16,0.0,0.0,NT,0.63,interior,0.0,0.6,3.8,0,2.5,43.0
VanGAn00,Andrew Van Ginkel,MIN,SEA,2024,16,2.0,3.0,LB,0.88,edge,0.6,2.0,3.8,0,2.5,43.0
WardJi02,Jihad Ward,MIN,SEA,2024,16,0.0,2.0,LB,0.8,edge,0.4,1.2,3.8,0,2.5,43.0
ElliCh00,Christian Elliss,NE,BUF,2024,16,0.0,0.0,LB,0.64,edge,0.2,0.8,0.4,0,-14.0,48.0
JennAn00,Anfernee Jennings,NE,BUF,2024,16,0.0,1.0,LB,0.66,edge,0.4,1.4,0.4,0,-14.0,48.0
MapuMa00,Marte Mapu,NE,BUF,2024,16,0.0,1.0,LB,0.73,edge,0.1,0.4,0.4,0,-14.0,48.0
TavaJa00,Jahlani Tavai,NE,BUF,2024,16,0.0,1.0,LB,0.71,edge,0.2,0.2,0.4,0,-14.0,48.0
WhitKe03,Keion White,NE,BUF,2024,16,0.0,0.0,DE,0.64,edge,0.2,1.4,0.4,0,-14.0,48.0
DaviDe00,Demario Davis,NO,GB,2024,16,0.0,1.0,LB,1.0,edge,0.2,0.4,0.8,0,-14.0,44.0
SaunKh00,Khalen Saunders,NO,GB,2024,16,0.0,1.0,DT,0.64,interior,0.0,0.0,0.8,0,-14.0,44.0
WernPe00,Pete Werner,NO,GB,2024,16,0.0,0.0,LB,0.91,edge,0.0,0.2,0.8,0,-14.0,44.0
BurnBr00,Brian Burns,NYG,ATL,2024,16,0.0,0.0,LB,0.66,edge,0.6,3.4,2.4,1,-9.5,42.5
MuasDa00,Darius Muasau,NYG,ATL,2024,16,0.0,2.0,LB,0.99,edge,0.0,0.0,2.4,1,-9.5,42.5
ThibKa00,Kayvon Thibodeaux,NYG,ATL,2024,16,0.0,2.0,LB,0.66,edge,0.5,1.4,2.4,1,-9.5,42.5
KinlJa00,Javon Kinlaw,NYJ,LA,2024,16,0.0,0.0,DT,0.73,interior,0.2,0.8,1.4,0,-3.0,47.0
McDoWi00,Will McDonald,NYJ,LA,2024,16,0.0,0.0,LB,0.67,edge,0.4,1.8,1.4,0,-3.0,47.0
SherJa00,Jamien Sherwood,NYJ,LA,2024,16,0.0,0.0,LB,0.96,edge,0.0,0.0,1.4,0,-3.0,47.0
WillQu01,Quincy Williams,NYJ,LA,2024,16,0.0,0.0,LB,0.98,edge,0.4,0.6,1.4,0,-3.0,47.0
BaunZa00,Zack Baun,PHI,WAS,2024,16,0.0,1.0,LB,1.0,edge,0.3,0.6,4.0,0,4.0,47.0
CartJa05,Jalen Carter,PHI,WAS,2024,16,0.0,2.0,DT,0.96,interior,0.3,2.0,4.0,0,4.0,47.0
DeanNa00,Nakobe Dean,PHI,WAS,2024,16,0.0,0.0,LB,0.87,edge,0.2,0.2,4.0,0,4.0,47.0
SmitNo02,Nolan Smith,PHI,WAS,2024,16,1.0,1.0,LB,0.82,edge,0.4,1.6,4.0,0,4.0,47.0
BentKe00,Keeanu Benton,PIT,BAL,2024,16,0.0,1.0,DT,0.66,interior,0.0,0.5,1.8,0,-7.0,44.5
HighAl02,Alex Highsmith,PIT,BAL,2024,16,1.0,1.0,LB,0.71,edge,0.8,2.4,1.8,0,-7.0,44.5
QueePa00,Patrick Queen,PIT,BAL,2024,16,0.0,0.0,LB,1.0,edge,0.0,0.6,1.8,0,-7.0,44.5
RobeEl00,Elandon Roberts,PIT,BAL,2024,16,0.0,0.0,LB,0.76,edge,0.2,1.0,1.8,0,-7.0,44.5
WattT.00,T.J. Watt,PIT,BAL,2024,16,0.0,0.0,LB,0.77,edge,1.0,3.0,1.8,0,-7.0,44.5
JoneEr01,Ernest Jones,SEA,MIN,2024,16,0.0,0.0,LB,1.0,edge,0.0,0.0,3.2,0,-2.5,43.0
KnigTy00,Tyrice Knight,SEA,MIN,2024,16,0.0,0.0,LB,0.77,edge,0.2,0.6,3.2,0,-2.5,43.0
ReedJa02,Jarran Reed,SEA,MIN,2024,16,1.0,2.0,NT,0.61,interior,0.4,1.8,3.2,0,-2.5,43.0
WillLe02,Leonard Williams,SEA,MIN,2024,16,0.0,1.0,DT,0.74,interior,1.1,2.2,3.2,0,-2.5,43.0
CollMa00,Maliek Collins,SF,MIA,2024,16,0.0,1.0,DT,0.61,interior,0.3,1.8,2.4,0,2.0,44.0
WarnFr00,Fred Warner,SF,MIA,2024,16,0.0,0.0,LB,1.0,edge,0.0,0.0,2.4,0,2.0,44.0
WintDe00,Dee Winters,SF,MIA,2024,16,0.0,0.0,LB,0.76,edge,0.0,0.0,2.4,0,2.0,44.0
DaviLa00,Lavonte David,TB,DAL,2024,16,0.0,0.0,LB,1.0,edge,0.5,1.2,2.6,1,4.5,47.5
DiabYa00,YaYa Diaby,TB,DAL,2024,16,0.5,3.0,LB,0.92,edge,0.0,1.2,2.6,1,4.5,47.5
KancCa00,Calijah Kancey,TB,DAL,2024,16,0.5,2.0,DE,0.95,edge,0.8,2.2,2.6,1,4.5,47.5
RussJJ00,J.J. Russell,TB,DAL,2024,16,0.0,0.0,LB,0.73,edge,0.25,0.5,2.6,1,4.5,47.5
VeaxVi00,Vita Vea,TB,DAL,2024,16,0.0,3.0,NT,0.8,interior,0.4,1.6,2.6,1,4.5,47.5
JoseSe00,Sebastian Joseph-Day,TEN,IND,2024,16,0.0,0.0,DT,0.6,interior,0.6,1.6,1.6,1,-4.0,42.5
KeyxAr00,Arden Key,TEN,IND,2024,16,0.0,0.0,LB,0.74,edge,0.5,1.6,1.6,1,-4.0,42.5
LandHa00,Harold Landry,TEN,IND,2024,16,0.0,0.0,LB,0.9,edge,0.6,0.8,1.6,1,-4.0,42.5
SimmJe01,Jeffery Simmons,TEN,IND,2024,16,1.0,1.0,DT,0.94,interior,0.2,1.0,1.6,1,-4.0,42.5
SweaTV01,T'Vondre Sweat,TEN,IND,2024,16,0.0,0.0,NT,0.65,interior,0.2,1.0,1.6,1,-4.0,42.5
WillJa15,James Williams,TEN,IND,2024,16,0.0,0.0,LB,0.63,edge,0.0,0.0,1.6,1,-4.0,42.5
LuvuFr00,Frankie Luvu,WAS,PHI,2024,16,0.0,0.0,LB,1.0,edge,0.8,1.8,2.4,0,-4.0,47.0
PaynDa00,Daron Payne,WAS,PHI,2024,16,0.0,1.0,DT,0.76,interior,0.5,1.2,2.4,0,-4.0,47.0
WagnBo00,Bobby Wagner,WAS,PHI,2024,16,0.0,1.0,LB,1.0,edge,0.0,0.4,2.4,0,-4.0,47.0
ElliKa00,Kaden Elliss,ATL,WAS,2024,17,0.0,0.0,LB,1.0,edge,0.8,2.2,3.6,0,-3.5,46.5
JarrGr00,Grady Jarrett,ATL,WAS,2024,17,0.0,1.0,DT,0.72,interior,0.0,1.2,3.6,0,-3.5,46.5
JudoMa00,Matt Judon,ATL,WAS,2024,17,1.0,1.0,LB,0.61,edge,0.5,1.0,3.6,0,-3.5,46.5
SmitRo07,Roquan Smith,BAL,HOU,2024,17,1.0,2.0,LB,0.89,edge,0.1,0.6,2.6,1,5.5,46.5
WindJa00,Jacoby Windmon,CAR,TB,2024,17,0.5,1.0,LB,0.86,edge,1.0,2.0,2.6,0,-9.5,47.5
WonnDJ00,D.J. Wonnum,CAR,TB,2024,17,0.0,1.0,LB,0.64,edge,0.6,1.4,2.6,0,-9.5,47.5
WootCh00,Chandler Wooten,CAR,TB,2024,17,0.0,0.0,LB,1.0,edge,0.0,0.0,2.6,0,-9.5,47.5
DaviAk01,Akeem Davis-Gaither,CIN,DEN,2024,17,0.0,0.0,LB,1.0,edge,0.0,0.2,1.0,0,3.5,50.5
HendTr00,Trey Hendrickson,CIN,DEN,2024,17,0.5,3.0,DE,0.82,edge,0.5,3.0,1.0,0,3.5,50.5
HillB.00,B.J. Hill,CIN,DEN,2024,17,0.0,1.0,DT,0.9,interior,0.6,2.0,1.0,0,3.5,50.5
OssaJo00,Joseph Ossai,CIN,DEN,2024,17,0.5,2.0,DE,0.83,edge,0.75,1.0,1.0,0,3.5,50.5
PratGe00,Germaine Pratt,CIN,DEN,2024,17,0.0,0.0,LB,0.83,edge,0.0,0.6,1.0,0,3.5,50.5
DiabMo00,Mohamoud Diabate,CLE,MIA,2024,17,0.0,0.0,LB,0.7,edge,0.0,0.0,2.0,0,-3.0,32.5
GarrMy00,Myles Garrett,CLE,MIA,2024,17,2.0,2.0,DE,0.87,edge,1.0,2.8,2.0,0,-3.0,32.5
McGuIs00,Isaiah McGuire,CLE,MIA,2024,17,1.0,3.0,DE,0.9,edge,1.0,2.0,2.0,0,-3.0,32.5
KendEr00,Eric Kendricks,DAL,PHI,2024,17,0.0,0.0,LB,1.0,edge,0.2,0.2,2.8,0,-7.5,37.5
LiufMa00,Marist Liufau,DAL,PHI,2024,17,0.0,0.0,LB,0.95,edge,0.0,0.3333333333333333,2.8,0,-7.5,37.5
ParsMi00,Micah Parsons,DAL,PHI,2024,17,0.0,1.0,DE,0.71,edge,1.3,4.0,2.8,0,-7.5,37.5
AlleZa01,Zach Allen,DEN,CIN,2024,17,3.5,6.0,DE,0.94,edge,0.2,3.2,2.8,0,-3.5,50.5
BartCo00,Cody Barton,DEN,CIN,2024,17,0.0,0.0,LB,0.94,edge,0.1,0.6,2.8,0,-3.5,50.5
BoniNi00,Nik Bonitto,DEN,CIN,2024,17,0.0,2.0,LB,0.8,edge,0.7,2.2,2.8,0,-3.5,50.5
CoopJo02,Jonathon Cooper,DEN,CIN,2024,17,1.5,2.0,LB,0.77,edge,0.3,2.2,2.8,0,-3.5,50.5
StrnJu00,Justin Strnad,DEN,CIN,2024,17,0.0,0.0,LB,0.67,edge,0.0,0.4,2.8,0,-3.5,50.5
CampJa04,Jack Campbell,DET,SF,2024,17,0.0,0.0,LB,1.0,edge,0.0,0.6,2.0,0,4.0,50.5
NowaTr00,Trevor Nowaske,DET,SF,2024,17,0.0,2.0,LB,0.66,edge,0.0,1.0,2.0,0,4.0,50.5
OnwuLe00,Levi Onwuzurike,DET,SF,2024,17,0.0,1.0,DE,0.72,edge,0.1,2.0,2.0,0,4.0,50.5
PascJo00,Josh Paschal,DET,SF,2024,17,0.0,1.0,DE,0.67,edge,0.4,2.0,2.0,0,4.0,50.5
ReevJa00,Jalen Reeves-Maybin,DET,SF,2024,17,0.0,1.0,LB,0.63,edge,0.0,0.0,2.0,0,4.0,50.5
CoopEd00,Edgerrin Cooper,GB,MIN,2024,17,0.0,1.0,LB,0.99,edge,0.2,0.2,3.4,1,1.0,49.0
WilsEr00,Eric Wilson,GB,MIN,2024,17,0.0,0.0,LB,1.0,edge,0.4,1.0,3.4,1,1.0,49.0
HarrCh06,Christian Harris,HOU,BAL,2024,17,0.0,0.0,LB,0.7,edge,0.6,1.2,2.0,1,-5.5,46.5
TogiTo00,Tommy Togiai,HOU,BAL,2024,17,0.5,1.0,DT,0.6,interior,,,2.0,1,-5.5,46.5
TooTHe00,Henry To'oTo'o,HOU,BAL,2024,17,0.0,0.0,LB,0.83,edge,0.1,0.2,2.0,1,-5.5,46.5
FranZa00,Zaire Franklin,IND,NYG,2024,17,0.0,0.0,LB,1.0,edge,0.5,0.6,3.6,0,7.5,40.5
PayeKw00,Kwity Paye,IND,NYG,2024,17,0.0,1.0,DE,0.64,edge,0.9,1.8,3.6,0,7.5,40.5
SpeeEJ00,E.J. Speed,IND,NYG,2024,17,0.0,0.0,LB,0.98,edge,0.0,0.4,3.6,0,7.5,40.5
AlleJo03,Josh Hines-Allen,JAX,TEN,2024,17,1.0,2.0,DE,0.77,edge,0.8,2.0,2.8,0,-1.0,38.0
LloyDe00,Devin Lloyd,JAX,TEN,2024,17,0.0,0.0,LB,0.7,edge,0.0,0.4,2.8,0,-1.0,38.0
OluoFo00,Foyesade Oluokun,JAX,TEN,2024,17,0.0,0.0,LB,1.0,edge,0.0,0.0,2.8,0,-1.0,38.0
SmitMa07,Maason Smith,JAX,TEN,2024,17,1.0,1.0,DT,0.67,interior,,,2.8,0,-1.0,38.0
WalkTr03,Travon Walker,JAX,TEN,2024,17,1.0,2.0,DE,0.77,edge,0.4,2.4,2.8,0,-1.0,38.0
KarlGe00,George Karlaftis III,KC,PIT,2024,17,1.0,1.0,DE,0.67,edge,0.6,2.6,2.4,0,3.0,43.5
WharTe00,Tershawn Wharton,KC,PIT,2024,17,1.0,1.0,DT,0.95,interior,0.4,1.4,2.4,0,3.0,43.5
FiskBr00,Braden Fiske,LA,ARI,2024,17,2.0,2.0,DT,0.71,interior,0.4,0.6,2.2,1,6.5,48.0
TurnKo00,Kobie Turner,LA,ARI,2024,17,1.0,1.0,NT,0.71,interior,0.4,1.6,2.2,1,6.5,48.0
YounBy01,Byron Young,LA,ARI,2024,17,1.0,1.0,LB,0.81,edge,0.0,0.2,2.2,1,6.5,48.0
DyexTr00,Troy Dye,LAC,NE,2024,17,0.0,0.0,LB,0.81,edge,0.0,0.0,2.8,0,6.0,42.0
HenlDa00,Daiyan Henley,LAC,NE,2024,17,0.0,0.0,LB,0.72,edge,0.0,0.2,2.8,0,6.0,42.0
TuipTu00,Tuli Tuipulotu,LAC,NE,2024,17,1.0,2.0,DE,0.62,edge,1.2,2.0,2.8,0,6.0,42.0
ButlAd00,Adam Butler,LV,NO,2024,17,0.5,1.0,DT,0.77,interior,0.7,1.0,1.8,1,2.0,37.5
ChaiKL00,K'Lavon Chaisson,LV,NO,2024,17,1.0,1.0,LB,0.8,edge,0.3333333333333333,0.3333333333333333,1.8,1,2.0,37.5
SpilRo00,Robert Spillane,LV,NO,2024,17,1.0,1.0,LB,1.0,edge,0.0,0.2,1.8,1,2.0,37.5
WilsTy01,Tyree Wilson,LV,NO,2024,17,0.5,5.0,DE,0.67,edge,0.25,1.25,1.8,1,2.0,37.5
BrooJo01,Jordyn Brooks,MIA,CLE,2024,17,0.0,0.0,LB,0.9,edge,0.4,0.4,3.4,0,3.0,32.5
DodsTy01,Tyrel Dodson,MIA,CLE,2024,17,0.0,1.0,LB,1.0,edge,0.0,0.2,3.4,0,3.0,32.5
OgbaEm00,Emmanuel Ogbah,MIA,CLE,2024,17,1.0,2.0,DE,0.78,edge,0.3,1.6,3.4,0,3.0,32.5
RobiCh00,Chop Robinson,MIA,CLE,2024,17,0.0,0.0,LB,0.66,edge,0.3333333333333333,1.3333333333333333,3.4,0,3.0,32.5
SielZa00,Zach Sieler,MIA,CLE,2024,17,0.0,0.0,DE,0.78,edge,1.3,2.2,3.4,0,3.0,32.5
CashBl00,Blake Cashman,MIN,GB,2024,17,1.5,3.0,LB,1.0,edge,0.0,0.8,0.8,1,-1.0,49.0
GreeJo04,Jonathan Greenard,MIN,GB,2024,17,0.0,3.0,LB,0.84,edge,0.8,2.2,0.8,1,-1.0,49.0
VanGAn00,Andrew Van Ginkel,MIN,GB,2024,17,0.5,1.0,LB,0.92,edge,0.6,2.0,0.8,1,-1.0,49.0
EkuaDa00,Daniel Ekuale,NE,LAC,2024,17,0.0,0.0,DT,0.68,interior,0.1,0.4,3.4,0,-6.0,42.0
ElliCh00,Christian Elliss,NE,LAC,2024,17,0.0,0.0,LB,0.62,edge,0.2,0.8,3.4,0,-6.0,42.0
JennAn00,Anfernee Jennings,NE,LAC,2024,17,0.0,2.0,LB,0.75,edge,0.4,1.2,3.4,0,-6.0,42.0
MapuMa00,Marte Mapu,NE,LAC,2024,17,0.0,0.0,LB,0.75,edge,0.1,0.6,3.4,0,-6.0,42.0
TavaJa00,Jahlani Tavai,NE,LAC,2024,17,0.0,0.0,LB,0.75,edge,0.0,0.2,3.4,0,-6.0,42.0
DaviDe00,Demario Davis,NO,LV,2024,17,0.0,0.0,LB,1.0,edge,0.2,0.6,3.2,1,-2.0,37.5
WernPe00,Pete Werner,NO,LV,2024,17,0.0,1.0,LB,0.9,edge,0.0,0.2,3.2,1,-2.0,37.5
YounCh04,Chase Young,NO,LV,2024,17,0.0,3.0,DE,0.61,edge,0.4,2.6,3.2,1,-2.0,37.5
BurnBr00,Brian Burns,NYG,IND,2024,17,0.0,1.0,LB,0.78,edge,0.6,3.4,1.0,0,-7.5,40.5
ChatEl00,Elijah Chatman,NYG,IND,2024,17,0.0,1.0,DT,0.61,interior,0.0,1.0,1.0,0,-7.5,40.5
MuasDa00,Darius Muasau,NYG,IND,2024,17,0.0,0.0,LB,1.0,edge,0.0,0.5,1.0,0,-7.5,40.5
SummTy00,Ty Summers,NYG,IND,2024,17,0.0,0.0,LB,0.86,edge,,,1.0,0,-7.5,40.5
ThibKa00,Kayvon Thibodeaux,NYG,IND,2024,17,1.0,1.0,LB,0.78,edge,0.3,1.6,1.0,0,-7.5,40.5
McDoWi00,Will McDonald,NYJ,BUF,2024,17,0.0,2.0,LB,0.73,edge,0.4,1.6,0.2,0,-10.0,44.5
SherJa00,Jamien Sherwood,NYJ,BUF,2024,17,0.0,0.0,LB,0.96,edge,0.0,0.0,0.2,0,-10.0,44.5
WillQu01,Quincy Williams,NYJ,BUF,2024,17,0.0,1.0,LB,1.0,edge,0.2,0.2,0.2,0,-10.0,44.5
BaunZa00,Zack Baun,PHI,DAL,2024,17,0.0,0.0,LB,0.79,edge,0.3,0.8,2.2,0,7.5,37.5
BurkOr00,Oren Burks,PHI,DAL,2024,17,0.0,0.0,LB,0.82,edge,0.25,0.5,2.2,0,7.5,37.5
CartJa05,Jalen Carter,PHI,DAL,2024,17,0.0,1.0,DT,0.71,interior,0.3,2.2,2.2,0,7.5,37.5
SmitNo02,Nolan Smith,PHI,DAL,2024,17,0.0,2.0,LB,0.65,edge,0.6,1.6,2.2,0,7.5,37.5
NwosUc00,Uchenna Nwosu,SEA,CHI,2024,17,1.0,1.0,LB,0.67,edge,0.4,1.4,3.6,0,3.5,43.5
WillLe02,Leonard Williams,SEA,CHI,2024,17,2.0,2.0,DT,0.8,interior,0.9,2.0,3.6,0,3.5,43.5
BosaNi00,Nick Bosa,SF,DET,2024,17,2.0,4.0,DE,0.87,edge,0.5,2.8,2.0,0,-4.0,50.5
WarnFr00,Fred Warner,SF,DET,2024,17,0.0,0.0,LB,1.0,edge,0.0,0.0,2.0,0,-4.0,50.5
WintDe00,Dee Winters,SF,DET,2024,17,0.0,0.0,LB,0.87,edge,0.0,0.0,2.0,0,-4.0,50.5
DaviLa00,Lavonte David,TB,CAR,2024,17,0.0,2.0,LB,0.77,edge,0.5,1.0,2.6,0,9.5,47.5
DiabYa00,YaYa Diaby,TB,CAR,2024,17,1.0,4.0,LB,0.62,edge,0.1,1.6,2.6,0,9.5,47.5
KancCa00,Calijah Kancey,TB,CAR,2024,17,1.0,2.0,DE,0.62,edge,0.5,2.0,2.6,0,9.5,47.5
NelsAn01,Anthony Nelson,TB,CAR,2024,17,1.0,5.0,LB,0.66,edge,0.2,1.0,2.6,0,9.5,47.5
RussJJ00,J.J. Russell,TB,CAR,2024,17,0.0,0.0,LB,0.6,edge,0.2,0.4,2.6,0,9.5,47.5
VeaxVi00,Vita Vea,TB,CAR,2024,17,0.0,1.0,NT,0.68,interior,0.4,2.2,2.6,0,9.5,47.5
BakeJe00,Jerome Baker,TEN,JAX,2024,17,1.0,1.0,LB,0.95,edge,0.0,0.4,1.0,0,1.0,38.0
GiffLu00,Luke Gifford,TEN,JAX,2024,17,0.0,0.0,LB,1.0,edge,0.0,0.0,1.0,0,1.0,38.0
LandHa00,Harold Landry,TEN,JAX,2024,17,0.0,0.0,LB,0.95,edge,0.6,0.8,1.0,0,1.0,38.0
SimmJe01,Jeffery Simmons,TEN,JAX,2024,17,0.0,1.0,DT,0.95,interior,0.4,1.0,1.0,0,1.0,38.0
ArmsDo00,Dorance Armstrong Jr.,WAS,ATL,2024,17,1.0,1.0,DE,0.66,edge,0.2,1.4,1.8,0,3.5,46.5
FowlDa00,Dante Fowler,WAS,ATL,2024,17,1.0,2.0,LB,0.64,edge,0.16666666666666666,0.6666666666666666,1.8,0,3.5,46.5
LuvuFr00,Frankie Luvu,WAS,ATL,2024,17,0.0,0.0,LB,1.0,edge,0.6,1.4,1.8,0,3.5,46.5
WagnBo00,Bobby Wagner,WAS,ATL,2024,17,0.0,0.0,LB,1.0,edge,0.0,0.6,1.8,0,3.5,46.5
WhitKy00,Kyzir White,ARI,SF,2024,18,0.0,2.0,LB,0.96,edge,0.4,0.8,2.0,1,4.5,42.5
WilsMa03,Mack Wilson,ARI,SF,2024,18,0.0,0.0,LB,0.61,edge,0.4,1.2,2.0,1,4.5,42.5
ElliKa00,Kaden Elliss,ATL,CAR,2024,18,0.0,0.0,LB,1.0,edge,0.8,1.8,3.2,1,7.5,48.5
JarrGr00,Grady Jarrett,ATL,CAR,2024,18,0.0,0.0,DT,0.72,interior,0.0,1.4,3.2,1,7.5,48.5
JudoMa00,Matt Judon,ATL,CAR,2024,18,0.0,0.0,LB,0.69,edge,0.3,0.6,3.2,1,7.5,48.5
LandNa01,Nathan Landman,ATL,CAR,2024,18,0.0,0.0,LB,0.66,edge,0.0,0.4,3.2,1,7.5,48.5
HarrMa06,Malik Harrison,BAL,CLE,2024,18,0.0,0.0,LB,0.68,edge,0.25,0.5,3.4,0,19.5,42.5
MaduJu00,Nnamdi Madubuike,BAL,CLE,2024,18,0.0,1.0,DT,0.63,interior,0.7,1.6,3.4,0,19.5,42.5
SmitRo07,Roquan Smith,BAL,CLE,2024,18,0.0,0.0,LB,0.93,edge,0.3,0.8,3.4,0,19.5,42.5
AndrJo02,Joe Andreessen,BUF,NE,2024,18,0.0,1.0,LB,1.0,edge,,,3.0,0,3.0,36.5
JohnAu01,Austin Johnson,BUF,NE,2024,18,0.0,1.0,DT,0.67,interior,0.0,0.4,3.0,0,3.0,36.5
SoloJa00,Javon Solomon,BUF,NE,2024,18,0.0,2.0,DE,0.92,edge,,,3.0,0,3.0,36.5
ToohCa00,Casey Toohill,BUF,NE,2024,18,0.0,1.0,DE,0.74,edge,0.2,0.6,3.0,0,3.0,36.5
UlofEd00,Edefuan Ulofoshio,BUF,NE,2024,18,0.0,0.0,LB,1.0,edge,,,3.0,0,3.0,36.5
ClowJa00,Jadeveon Clowney,CAR,ATL,2024,18,1.0,4.0,LB,0.61,edge,0.5,1.8,1.4,1,-7.5,48.5
WonnDJ00,D.J. Wonnum,CAR,ATL,2024,18,0.0,1.0,LB,0.89,edge,0.4,1.0,1.4,1,-7.5,48.5
WootCh00,Chandler Wooten,CAR,ATL,2024,18,0.0,0.0,LB,0.96,edge,0.0,0.0,1.4,1,-7.5,48.5
DextGe00,Gervon Dexter,CHI,GB,2024,18,0.0,1.0,DT,0.65,interior,0.2,0.8,1.2,0,-10.0,41.5
EdmuTr01,Tremaine Edmunds,CHI,GB,2024,18,0.0,0.0,LB,1.0,edge,0.0,0.2,1.2,0,-10.0,41.5
EdwaTJ02,T.J. Edwards,CHI,GB,2024,18,1.0,1.0,LB,1.0,edge,0.4,1.0,1.2,0,-10.0,41.5
DaviAk01,Akeem Davis-Gaither,CIN,PIT,2024,18,0.0,0.0,LB,1.0,edge,0.0,0.2,2.6,0,2.5,48.5
HendTr00,Trey Hendrickson,CIN,PIT,2024,18,3.5,7.0,DE,0.82,edge,0.6,3.6,2.6,0,2.5,48.5
OssaJo00,Joseph Ossai,CIN,PIT,2024,18,0.5,1.0,DE,0.8,edge,0.6666666666666666,1.3333333333333333,2.6,0,2.5,48.5
PratGe00,Germaine Pratt,CIN,PIT,2024,18,0.0,0.0,LB,0.95,edge,0.0,0.6,2.6,0,2.5,48.5
DiabMo00,Mohamoud Diabate,CLE,BAL,2024,18,0.0,0.0,LB,0.91,edge,0.0,0.0,1.8,0,-19.5,42.5
GarrMy00,Myles Garrett,CLE,BAL,2024,18,0.0,0.0,DE,0.8,edge,0.8,2.4,1.8,0,-19.5,42.5
ReidWi01,Winston Reid,CLE,BAL,2024,18,0.0,0.0,LB,0.76,edge,,,1.8,0,-19.5,42.5
GolsCh00,Chauncey Golston,DAL,WAS,2024,18,1.5,5.0,DE,0.69,edge,0.4,1.6,4.0,1,-7.0,43.5
KendEr00,Eric Kendricks,DAL,WAS,2024,18,0.0,0.0,LB,1.0,edge,0.2,0.2,4.0,1,-7.0,43.5
LiufMa00,Marist Liufau,DAL,WAS,2024,18,0.0,1.0,LB,0.98,edge,0.0,0.25,4.0,1,-7.0,43.5
OdigOs00,Osa Odighizuwa,DAL,WAS,2024,18,0.5,3.0,DT,0.72,interior,0.4,3.4,4.0,1,-7.0,43.5
ParsMi00,Micah Parsons,DAL,WAS,2024,18,2.5,4.0,DE,0.83,edge,0.9,3.2,4.0,1,-7.0,43.5
AlleZa01,Zach Allen,DEN,KC,2024,18,0.0,1.0,DE,0.71,edge,0.7,3.8,2.6,0,10.5,40.5
BartCo00,Cody Barton,DEN,KC,2024,18,0.0,0.0,LB,0.91,edge,0.1,0.6,2.6,0,10.5,40.5
AnzaAl00,Alex Anzalone,DET,MIN,2024,18,0.0,1.0,LB,0.98,edge,0.2,0.6,3.0,1,3.0,56.5
CampJa04,Jack Campbell,DET,MIN,2024,18,0.0,2.0,LB,1.0,edge,0.0,0.4,3.0,1,3.0,56.5
OnwuLe00,Levi Onwuzurike,DET,MIN,2024,18,0.0,2.0,DE,0.74,edge,0.1,1.6,3.0,1,3.0,56.5
PascJo00,Josh Paschal,DET,MIN,2024,18,0.0,4.0,DE,0.71,edge,0.2,2.0,3.0,1,3.0,56.5
CoopEd00,Edgerrin Cooper,GB,CHI,2024,18,0.0,1.0,LB,0.94,edge,0.2,0.4,4.4,0,10.0,41.5
WilsEr00,Eric Wilson,GB,CHI,2024,18,0.0,0.0,LB,0.77,edge,0.0,0.6,4.4,0,10.0,41.5
TooTHe00,Henry To'oTo'o,HOU,TEN,2024,18,0.0,0.0,LB,0.65,edge,0.1,0.2,1.8,0,-2.5,36.5
WhitDe02,Devin White,HOU,TEN,2024,18,0.0,0.0,LB,0.79,edge,0.1,1.0,1.8,0,-2.5,36.5
BuckDe00,DeForest Buckner,IND,JAX,2024,18,0.0,1.0,DT,0.87,interior,0.6,1.6,1.2,1,3.5,45.5
FranZa00,Zaire Franklin,IND,JAX,2024,18,1.0,1.0,LB,1.0,edge,0.5,0.6,1.2,1,3.5,45.5
OdeyDa00,Dayo Odeyingbo,IND,JAX,2024,18,0.0,3.0,DE,0.62,edge,0.2,1.2,1.2,1,3.5,45.5
PayeKw00,Kwity Paye,IND,JAX,2024,18,1.0,1.0,DE,0.67,edge,0.9,1.4,1.2,1,3.5,45.5
SpeeEJ00,E.J. Speed,IND,JAX,2024,18,0.0,0.0,LB,0.99,edge,0.0,0.2,1.2,1,3.5,45.5
ArmsAr01,Arik Armstead,JAX,IND,2024,18,0.0,1.0,DE,0.67,edge,0.9,1.6,1.0,1,-3.5,45.5
LloyDe00,Devin Lloyd,JAX,IND,2024,18,1.0,1.0,LB,0.85,edge,0.0,0.4,1.0,1,-3.5,45.5
OluoFo00,Foyesade Oluokun,JAX,IND,2024,18,0.0,0.0,LB,0.87,edge,0.0,0.0,1.0,1,-3.5,45.5
WalkTr03,Travon Walker,JAX,IND,2024,18,1.0,2.0,DE,0.81,edge,0.4,2.4,1.0,1,-3.5,45.5
AnudFe00,Felix Anudike-Uzomah,KC,DEN,2024,18,0.0,1.0,DE,0.7,edge,0.16666666666666666,0.6666666666666666,1.2,0,-10.5,40.5
HerrMa02,Malik Herring,KC,DEN,2024,18,0.0,0.0,DE,0.74,edge,1.0,1.0,1.2,0,-10.5,40.5
JoneCa04,Cam Jones,KC,DEN,2024,18,0.0,0.0,LB,1.0,edge,0.0,1.0,1.2,0,-10.5,40.5
NnadDe00,Derrick Nnadi,KC,DEN,2024,18,0.0,0.0,DT,0.64,interior,0.0,1.0,1.2,0,-10.5,40.5
UcheJo00,Josh Uche,KC,DEN,2024,18,0.0,0.0,LB,0.68,edge,1.5,2.5,1.2,0,-10.5,40.5
HummJa00,Jake Hummel,LA,SEA,2024,18,0.0,0.0,LB,0.93,edge,,,3.0,1,-7.5,38.5
SpeiOm00,Omar Speights,LA,SEA,2024,18,0.0,0.0,LB,0.8,edge,0.0,0.0,3.0,1,-7.5,38.5
ThomKe04,Keir Thomas,LA,SEA,2024,18,0.0,1.0,LB,0.71,edge,,,3.0,1,-7.5,38.5
DyexTr00,Troy Dye,LAC,LV,2024,18,0.0,0.0,LB,0.78,edge,0.0,0.0,2.4,1,7.0,42.5
HenlDa00,Daiyan Henley,LAC,LV,2024,18,0.0,0.0,LB,0.76,edge,0.0,0.2,2.4,1,7.0,42.5
TuipTu00,Tuli Tuipulotu,LAC,LV,2024,18,0.0,1.0,DE,0.75,edge,0.9,1.8,2.4,1,7.0,42.5
ButlAd00,Adam Butler,LV,LAC,2024,18,1.0,1.0,DT,0.63,interior,0.6,1.0,2.6,1,-7.0,42.5
ChaiKL00,K'Lavon Chaisson,LV,LAC,2024,18,0.0,1.0,LB,0.79,edge,0.5,0.5,2.6,1,-7.0,42.5
DeabDi00,Divine Deablo,LV,LAC,2024,18,0.0,0.0,LB,0.75,edge,0.0,0.2,2.6,1,-7.0,42.5
LaulJo00,Jonah Laulu,LV,LAC,2024,18,0.0,2.0,DT,0.83,interior,0.5,1.0,2.6,1,-7.0,42.5
SpilRo00,Robert Spillane,LV,LAC,2024,18,0.0,0.0,LB,1.0,edge,0.2,0.2,2.6,1,-7.0,42.5
BrooJo01,Jordyn Brooks,MIA,NYJ,2024,18,0.0,0.0,LB,1.0,edge,0.4,0.4,2.2,0,-1.5,39.5
DodsTy01,Tyrel Dodson,MIA,NYJ,2024,18,0.0,2.0,LB,1.0,edge,0.0,0.4,2.2,0,-1.5,39.5
OgbaEm00,Emmanuel Ogbah,MIA,NYJ,2024,18,0.5,2.0,DE,0.86,edge,0.3,1.8,2.2,0,-1.5,39.5
RobiCh00,Chop Robinson,MIA,NYJ,2024,18,0.0,1.0,LB,0.64,edge,0.25,1.0,2.2,0,-1.5,39.5
SielZa00,Zach Sieler,MIA,NYJ,2024,18,1.5,2.0,DE,0.88,edge,1.1,1.8,2.2,0,-1.5,39.5
BullJo00,Jonathan Bullard,MIN,DET,2024,18,1.0,1.0,DE,0.69,edge,0.3333333333333333,0.6666666666666666,1.8,1,-3.0,56.5
CashBl00,Blake Cashman,MIN,DET,2024,18,0.0,1.0,LB,0.91,edge,0.3,1.0,1.8,1,-3.0,56.5
GreeJo04,Jonathan Greenard,MIN,DET,2024,18,1.0,2.0,LB,0.78,edge,0.4,2.0,1.8,1,-3.0,56.5
VanGAn00,Andrew Van Ginkel,MIN,DET,2024,18,0.0,0.0,LB,0.82,edge,0.5,1.4,1.8,1,-3.0,56.5
ElliCh00,Christian Elliss,NE,BUF,2024,18,0.0,0.0,LB,0.99,edge,0.2,0.8,0.2,0,-3.0,36.5
JennAn00,Anfernee Jennings,NE,BUF,2024,18,0.0,1.0,LB,0.96,edge,0.0,1.0,0.2,0,-3.0,36.5
PharJe00,Jeremiah Pharms,NE,BUF,2024,18,0.0,1.0,DE,0.6,edge,,,0.2,0,-3.0,36.5
WhitKe03,Keion White,NE,BUF,2024,18,0.0,2.0,DE,0.64,edge,0.0,0.8,0.2,0,-3.0,36.5
DaviDe00,Demario Davis,NO,TB,2024,18,0.0,0.0,LB,1.0,edge,0.2,0.6,3.0,0,-14.5,44.5
GranCa01,Carl Granderson,NO,TB,2024,18,0.0,1.0,DE,0.64,edge,0.4,2.2,3.0,0,-14.5,44.5
SeweNe00,Nephi Sewell,NO,TB,2024,18,1.0,1.0,LB,0.87,edge,0.0,0.0,3.0,0,-14.5,44.5
YounCh04,Chase Young,NO,TB,2024,18,0.0,2.0,DE,0.61,edge,0.2,2.6,3.0,0,-14.5,44.5
MuasDa00,Darius Muasau,NYG,PHI,2024,18,0.0,0.0,LB,1.0,edge,0.0,0.4,2.6,0,-3.0,36.5
McDoWi00,Will McDonald,NYJ,MIA,2024,18,0.5,5.0,LB,0.87,edge,0.4,1.8,2.4,0,1.5,39.5
ReddHa00,Haason Reddick,NYJ,MIA,2024,18,0.5,2.0,LB,0.7,edge,0.0,0.2,2.4,0,1.5,39.5
SherJa00,Jamien Sherwood,NYJ,MIA,2024,18,0.0,0.0,LB,0.99,edge,0.0,0.0,2.4,0,1.5,39.5
ThomSo00,Solomon Thomas,NYJ,MIA,2024,18,0.0,0.0,DT,0.61,interior,1.0,1.0,2.4,0,1.5,39.5
WillQu01,Quincy Williams,NYJ,MIA,2024,18,0.0,1.0,LB,0.97,edge,0.2,0.4,2.4,0,1.5,39.5
BurkOr00,Oren Burks,PHI,NYG,2024,18,0.0,0.0,LB,1.0,edge,0.2,0.4,2.8,0,3.0,36.5
HuffBr00,Bryce Huff,PHI,NYG,2024,18,0.0,0.0,DE,0.87,edge,,,2.8,0,3.0,36.5
OjomMo00,Moro Ojomo,PHI,NYG,2024,18,0.0,2.0,DT,0.83,interior,,,2.8,0,3.0,36.5
TrotJe01,Jeremiah Trotter Jr.,PHI,NYG,2024,18,0.0,0.0,LB,1.0,edge,,,2.8,0,3.0,36.5
HighAl02,Alex Highsmith,PIT,CIN,2024,18,0.0,2.0,LB,0.77,edge,0.8,2.4,3.6,0,-2.5,48.5
QueePa00,Patrick Queen,PIT,CIN,2024,18,1.0,2.0,LB,1.0,edge,0.0,0.6,3.6,0,-2.5,48.5
JoneEr01,Ernest Jones,SEA,LA,2024,18,0.5,2.0,LB,1.0,edge,0.0,0.0,1.4,1,7.5,38.5
KnigTy00,Tyrice Knight,SEA,LA,2024,18,0.5,1.0,LB,0.88,edge,0.2,0.4,1.4,1,7.5,38.5
ReedJa02,Jarran Reed,SEA,LA,2024,18,0.0,1.0,NT,0.61,interior,0.6,2.0,1.4,1,7.5,38.5
WillLe02,Leonard Williams,SEA,LA,2024,18,2.0,2.0,DT,0.8,interior,1.3,2.0,1.4,1,7.5,38.5
BethTa00,Tatum Bethune,SF,ARI,2024,18,0.0,0.0,LB,0.6,edge,,,2.0,1,-4.5,42.5
ElliJo02,Jordan Elliott,SF,ARI,2024,18,0.0,1.0,DT,0.62,interior,0.2,1.0,2.0,1,-4.5,42.5
WarnFr00,Fred Warner,SF,ARI,2024,18,0.0,2.0,LB,0.83,edge,0.0,0.0,2.0,1,-4.5,42.5
WintDe00,Dee Winters,SF,ARI,2024,18,0.0,0.0,LB,0.95,edge,0.0,0.0,2.0,1,-4.5,42.5
DaviLa00,Lavonte David,TB,NO,2024,18,0.0,0.0,LB,1.0,edge,0.5,1.4,2.4,0,14.5,44.5
DiabYa00,YaYa Diaby,TB,NO,2024,18,1.0,4.0,LB,0.74,edge,0.3,2.2,2.4,0,14.5,44.5
NelsAn01,Anthony Nelson,TB,NO,2024,18,0.0,1.0,LB,0.64,edge,0.4,2.0,2.4,0,14.5,44.5
VeaxVi00,Vita Vea,TB,NO,2024,18,1.0,1.0,NT,0.83,interior,0.0,1.8,2.4,0,14.5,44.5
GiffLu00,Luke Gifford,TEN,HOU,2024,18,0.0,0.0,LB,0.8,edge,0.0,0.0,3.4,0,2.5,36.5
LandHa00,Harold Landry,TEN,HOU,2024,18,1.0,1.0,LB,0.73,edge,0.4,0.6,3.4,0,2.5,36.5
ArmsDo00,Dorance Armstrong Jr.,WAS,DAL,2024,18,0.0,2.0,DE,0.6,edge,0.4,1.2,1.4,1,7.0,43.5
LuvuFr00,Frankie Luvu,WAS,DAL,2024,18,0.0,0.0,LB,0.96,edge,0.2,0.8,1.4,1,7.0,43.5
PaynDa00,Daron Payne,WAS,DAL,2024,18,0.0,1.0,DT,0.71,interior,0.5,1.4,1.4,1,7.0,43.5
WagnBo00,Bobby Wagner,WAS,DAL,2024,18,0.0,0.0,LB,1.0,edge,0.0,0.6,1.4,1,7.0,43.5
JoneTr00,Travis Jones,BAL,PIT,2024,19,0.0,2.0,DT,0.65,interior,0.2,1.0,3.0,0,9.5,44.5
MaduJu00,Nnamdi Madubuike,BAL,PIT,2024,19,2.0,2.0,DT,0.76,interior,0.1,1.2,3.0,0,9.5,44.5
SmitRo07,Roquan Smith,BAL,PIT,2024,19,0.0,0.0,LB,1.0,edge,0.3,0.8,3.0,0,9.5,44.5
VanNKy00,Kyle Van Noy,BAL,PIT,2024,19,0.0,0.0,LB,0.7,edge,0.2,1.0,3.0,0,9.5,44.5
BernTe00,Terrel Bernard,BUF,DEN,2024,19,0.0,0.0,LB,1.0,edge,0.2,0.8,1.0,0,7.5,48.5
MilaMa00,Matt Milano,BUF,DEN,2024,19,1.0,1.0,LB,0.81,edge,0.0,0.0,1.0,0,7.5,48.5
RousGr00,Gregory Rousseau,BUF,DEN,2024,19,1.0,1.0,DE,0.83,edge,0.6,2.6,1.0,0,7.5,48.5
AlleZa01,Zach Allen,DEN,BUF,2024,19,1.0,2.0,DE,0.88,edge,0.7,3.8,0.2,0,-7.5,48.5
BartCo00,Cody Barton,DEN,BUF,2024,19,0.0,0.0,LB,1.0,edge,0.0,0.0,0.2,0,-7.5,48.5
BoniNi00,Nik Bonitto,DEN,BUF,2024,19,0.0,1.0,LB,0.7,edge,0.5,2.2,0.2,0,-7.5,48.5
CoopJo02,Jonathon Cooper,DEN,BUF,2024,19,0.0,0.0,LB,0.82,edge,0.6,2.6,0.2,0,-7.5,48.5
StrnJu00,Justin Strnad,DEN,BUF,2024,19,0.0,0.0,LB,0.79,edge,0.0,0.2,0.2,0,-7.5,48.5
CoopEd00,Edgerrin Cooper,GB,PHI,2024,19,0.0,1.0,LB,1.0,edge,0.0,0.4,2.6,0,-5.5,45.5
WalkQu00,Quay Walker,GB,PHI,2024,19,0.0,0.0,LB,0.95,edge,0.2,0.4,2.6,0,-5.5,45.5
AlShAz00,Azeez Al-Shaair,HOU,LAC,2024,19,0.0,3.0,LB,0.98,edge,0.2,0.8,1.8,1,-3.0,41.5
AndeWi01,Will Anderson,HOU,LAC,2024,19,1.5,3.0,DE,0.75,edge,0.6,2.0,1.8,1,-3.0,41.5
HuntDa01,Danielle Hunter,HOU,LAC,2024,19,0.0,2.0,DE,0.84,edge,1.3,2.4,1.8,1,-3.0,41.5
TooTHe00,Henry To'oTo'o,HOU,LAC,2024,19,0.0,0.0,LB,1.0,edge,0.1,0.2,1.8,1,-3.0,41.5
RozeCh00,Christian Rozeboom,LA,MIN,2024,19,0.0,0.0,LB,0.91,edge,0.2,0.2,2.4,1,-2.5,47.5
VersJa00,Jared Verse,LA,MIN,2024,19,0.0,1.0,LB,0.7,edge,0.0,1.0,2.4,1,-2.5,47.5
YounBy01,Byron Young,LA,MIN,2024,19,1.5,3.0,LB,0.76,edge,0.2,0.2,2.4,1,-2.5,47.5
BosaJo00,Joey Bosa,LAC,HOU,2024,19,1.0,3.0,DE,0.63,edge,0.6,2.0,2.8,1,3.0,41.5
FordPo00,Poona Ford,LAC,HOU,2024,19,0.0,1.0,DE,0.66,edge,0.0,0.75,2.8,1,3.0,41.5
HenlDa00,Daiyan Henley,LAC,HOU,2024,19,0.0,1.0,LB,1.0,edge,0.0,0.2,2.8,1,3.0,41.5
MackKh00,Khalil Mack,LAC,HOU,2024,19,2.0,3.0,DE,0.7,edge,0.3,2.0,2.8,1,3.0,41.5
CashBl00,Blake Cashman,MIN,LA,2024,19,1.0,1.0,LB,1.0,edge,0.3,1.2,1.0,1,2.5,47.5
GreeJo04,Jonathan Greenard,MIN,LA,2024,19,0.0,1.0,LB,1.0,edge,0.4,2.0,1.0,1,2.5,47.5
PaceIv00,Ivan Pace,MIN,LA,2024,19,0.0,1.0,LB,0.79,edge,0.2,0.6,1.0,1,2.5,47.5
VanGAn00,Andrew Van Ginkel,MIN,LA,2024,19,1.0,1.0,LB,1.0,edge,0.5,1.2,1.0,1,2.5,47.5
WardJi02,Jihad Ward,MIN,LA,2024,19,0.0,0.0,LB,0.72,edge,0.4,1.6,1.0,1,2.5,47.5
BaunZa00,Zack Baun,PHI,GB,2024,19,0.0,0.0,LB,1.0,edge,0.3,0.8,1.4,0,5.5,45.5
CartJa05,Jalen Carter,PHI,GB,2024,19,0.0,2.0,DT,0.94,interior,0.3,2.0,1.4,0,5.5,45.5
SmitNo02,Nolan Smith,PHI,GB,2024,19,2.0,3.0,LB,0.88,edge,0.6,1.6,1.4,0,5.5,45.5
WillMi08,Milton Williams,PHI,GB,2024,19,0.0,2.0,DT,0.65,interior,0.16666666666666666,1.6666666666666667,1.4,0,5.5,45.5
HeywCa01,Cameron Heyward,PIT,BAL,2024,19,0.0,2.0,DT,0.8,interior,1.0,2.2,1.6,0,-9.5,44.5
HighAl02,Alex Highsmith,PIT,BAL,2024,19,1.0,1.0,LB,0.91,edge,0.8,2.4,1.6,0,-9.5,44.5
OgunLa00,Larry Ogunjobi,PIT,BAL,2024,19,0.0,0.0,DT,0.74,interior,0.1,1.2,1.6,0,-9.5,44.5
QueePa00,Patrick Queen,PIT,BAL,2024,19,0.0,0.0,LB,0.99,edge,0.2,0.8,1.6,0,-9.5,44.5
RobeEl00,Elandon Roberts,PIT,BAL,2024,19,0.0,1.0,LB,0.64,edge,0.0,0.8,1.6,0,-9.5,44.5
WattT.00,T.J. Watt,PIT,BAL,2024,19,0.0,2.0,LB,0.85,edge,1.0,2.6,1.6,0,-9.5,44.5
DaviLa00,Lavonte David,TB,WAS,2024,19,1.0,2.0,LB,0.99,edge,0.5,1.4,4.4,0,3.0,51.5
DiabYa00,YaYa Diaby,TB,WAS,2024,19,0.0,1.0,LB,0.77,edge,0.5,2.4,4.4,0,3.0,51.5
NelsAn01,Anthony Nelson,TB,WAS,2024,19,0.0,0.0,LB,0.7,edge,0.2,1.8,4.4,0,3.0,51.5
VeaxVi00,Vita Vea,TB,WAS,2024,19,0.0,1.0,NT,0.7,interior,0.2,1.6,4.4,0,3.0,51.5
ArmsDo00,Dorance Armstrong Jr.,WAS,TB,2024,19,0.5,1.0,DE,0.69,edge,0.4,1.4,2.4,0,-3.0,51.5
LuvuFr00,Frankie Luvu,WAS,TB,2024,19,0.0,0.0,LB,1.0,edge,0.2,0.8,2.4,0,-3.0,51.5
WagnBo00,Bobby Wagner,WAS,TB,2024,19,0.5,1.0,LB,1.0,edge,0.0,0.6,2.4,0,-3.0,51.5
HarrMa06,Malik Harrison,BAL,BUF,2024,20,0.0,0.0,LB,0.67,edge,0.2,0.4,0.6,0,1.5,51.5
JoneTr00,Travis Jones,BAL,BUF,2024,20,0.0,0.0,DT,0.76,interior,0.2,1.2,0.6,0,1.5,51.5
MaduJu00,Nnamdi Madubuike,BAL,BUF,2024,20,0.5,1.0,DT,0.77,interior,0.5,1.4,0.6,0,1.5,51.5
SmitRo07,Roquan Smith,BAL,BUF,2024,20,0.0,0.0,LB,1.0,edge,0.2,0.6,0.6,0,1.5,51.5
BernTe00,Terrel Bernard,BUF,BAL,2024,20,0.0,0.0,LB,1.0,edge,0.0,0.4,1.2,0,-1.5,51.5
MilaMa00,Matt Milano,BUF,BAL,2024,20,0.0,3.0,LB,0.86,edge,0.2,0.2,1.2,0,-1.5,51.5
OlivEd00,Ed Oliver,BUF,BAL,2024,20,0.0,1.0,DT,0.69,interior,0.2,2.6,1.2,0,-1.5,51.5
RousGr00,Gregory Rousseau,BUF,BAL,2024,20,1.0,1.0,DE,0.66,edge,0.6,2.6,1.2,0,-1.5,51.5
AnzaAl00,Alex Anzalone,DET,WAS,2024,20,0.0,0.0,LB,0.99,edge,0.2,0.6,4.2,1,8.5,55.5
CampJa04,Jack Campbell,DET,WAS,2024,20,0.0,1.0,LB,1.0,edge,0.0,0.6,4.2,1,8.5,55.5
OnwuLe00,Levi Onwuzurike,DET,WAS,2024,20,0.0,2.0,DE,0.84,edge,0.0,1.6,4.2,1,8.5,55.5
PascJo00,Josh Paschal,DET,WAS,2024,20,0.0,3.0,DE,0.88,edge,0.0,2.2,4.2,1,8.5,55.5
ReadD.00,D.J. Reader,DET,WAS,2024,20,0.0,1.0,NT,0.8,interior,0.0,1.4,4.2,1,8.5,55.5
AlShAz00,Azeez Al-Shaair,HOU,KC,2024,20,0.0,0.0,LB,0.86,edge,0.2,1.2,2.6,0,-9.5,41.5
AndeWi01,Will Anderson,HOU,KC,2024,20,2.0,3.0,DE,0.82,edge,0.7,2.4,2.6,0,-9.5,41.5
FatuFo00,Folorunso Fatukasi,HOU,KC,2024,20,0.0,1.0,DT,0.63,interior,0.5,2.0,2.6,0,-9.5,41.5
HuntDa01,Danielle Hunter,HOU,KC,2024,20,0.0,3.0,DE,0.9,edge,0.9,1.8,2.6,0,-9.5,41.5
TooTHe00,Henry To'oTo'o,HOU,KC,2024,20,0.0,0.0,LB,0.98,edge,0.1,0.2,2.6,0,-9.5,41.5
BoltNi00,Nick Bolton,KC,HOU,2024,20,0.0,2.0,LB,0.94,edge,0.4,0.8,3.0,0,9.5,41.5
JoneCh09,Chris Jones,KC,HOU,2024,20,1.0,2.0,DT,0.76,interior,0.4,2.6,3.0,0,9.5,41.5
KarlGe00,George Karlaftis III,KC,HOU,2024,20,3.0,6.0,DE,0.85,edge,0.8,2.2,3.0,0,9.5,41.5
TranDr00,Drue Tranquill,KC,HOU,2024,20,0.0,1.0,LB,0.74,edge,0.1,0.6,3.0,0,9.5,41.5
RozeCh00,Christian Rozeboom,LA,PHI,2024,20,0.0,0.0,LB,0.97,edge,0.2,0.2,2.2,0,-7.0,43.5
SpeiOm00,Omar Speights,LA,PHI,2024,20,1.0,1.0,LB,0.83,edge,0.0,0.0,2.2,0,-7.0,43.5
TurnKo00,Kobie Turner,LA,PHI,2024,20,1.0,1.0,NT,0.71,interior,0.6,1.6,2.2,0,-7.0,43.5
VersJa00,Jared Verse,LA,PHI,2024,20,2.0,2.0,LB,0.76,edge,0.0,1.2,2.2,0,-7.0,43.5
BaunZa00,Zack Baun,PHI,LA,2024,20,0.0,0.0,LB,1.0,edge,0.2,0.6,1.0,0,7.0,43.5
BurkOr00,Oren Burks,PHI,LA,2024,20,0.0,1.0,LB,0.96,edge,0.2,0.4,1.0,0,7.0,43.5
CartJa05,Jalen Carter,PHI,LA,2024,20,2.0,3.0,DT,0.97,interior,0.2,2.0,1.0,0,7.0,43.5
SmitNo02,Nolan Smith,PHI,LA,2024,20,1.0,2.0,LB,0.82,edge,0.8,2.0,1.0,0,7.0,43.5
LuvuFr00,Frankie Luvu,WAS,DET,2024,20,0.0,1.0,LB,0.91,edge,0.0,0.4,1.8,1,-8.5,55.5
WagnBo00,Bobby Wagner,WAS,DET,2024,20,0.0,0.0,LB,1.0,edge,0.1,0.6,1.8,1,-8.5,55.5
BernTe00,Terrel Bernard,BUF,KC,2024,21,0.0,0.0,LB,1.0,edge,0.0,0.4,2.4,0,-1.5,49.5
EpenAJ00,A.J. Epenesa,BUF,KC,2024,21,0.0,1.0,DE,0.7,edge,0.4,1.2,2.4,0,-1.5,49.5
MilaMa00,Matt Milano,BUF,KC,2024,21,1.0,1.0,LB,0.98,edge,0.2,0.8,2.4,0,-1.5,49.5
OlivEd00,Ed Oliver,BUF,KC,2024,21,0.0,2.0,DT,0.74,interior,0.2,2.6,2.4,0,-1.5,49.5
BoltNi00,Nick Bolton,KC,BUF,2024,21,0.0,0.0,LB,0.97,edge,0.4,1.0,0.8,0,1.5,49.5
JoneCh09,Chris Jones,KC,BUF,2024,21,0.0,2.0,DT,0.86,interior,0.6,2.6,0.8,0,1.5,49.5
KarlGe00,George Karlaftis III,KC,BUF,2024,21,0.0,3.0,DE,0.88,edge,1.2,3.2,0.8,0,1.5,49.5
TranDr00,Drue Tranquill,KC,BUF,2024,21,0.0,0.0,LB,0.74,edge,0.1,0.8,0.8,0,1.5,49.5
BaunZa00,Zack Baun,PHI,WAS,2024,21,0.0,0.0,LB,0.95,edge,0.0,0.2,2.6,0,6.0,46.5
BurkOr00,Oren Burks,PHI,WAS,2024,21,1.0,1.0,LB,0.9,edge,0.2,0.4,2.6,0,6.0,46.5
CartJa05,Jalen Carter,PHI,WAS,2024,21,0.0,2.0,DT,0.82,interior,0.4,2.2,2.6,0,6.0,46.5
SmitNo02,Nolan Smith,PHI,WAS,2024,21,1.0,2.0,LB,0.8,edge,1.0,2.2,2.6,0,6.0,46.5
LuvuFr00,Frankie Luvu,WAS,PHI,2024,21,1.0,4.0,LB,1.0,edge,0.0,0.2,3.0,0,-6.0,46.5
WagnBo00,Bobby Wagner,WAS,PHI,2024,21,0.0,0.0,LB,1.0,edge,0.1,0.4,3.0,0,-6.0,46.5
BoltNi00,Nick Bolton,KC,PHI,2024,22,0.0,1.0,LB,1.0,edge,0.3,0.8,2.6,1,1.5,48.5
DannMi00,Michael Danna,KC,PHI,2024,22,0.0,1.0,DE,0.61,edge,0.2,1.2,2.6,1,1.5,48.5
KarlGe00,George Karlaftis III,KC,PHI,2024,22,1.0,3.0,DE,0.72,edge,1.2,3.4,2.6,1,1.5,48.5
TranDr00,Drue Tranquill,KC,PHI,2024,22,1.0,1.0,LB,0.89,edge,0.1,0.8,2.6,1,1.5,48.5
WharTe00,Tershawn Wharton,KC,PHI,2024,22,0.0,0.0,DT,0.64,interior,0.4,1.2,2.6,1,1.5,48.5
BaunZa00,Zack Baun,PHI,KC,2024,22,0.0,1.0,LB,0.96,edge,0.0,0.2,2.2,1,-1.5,48.5
BurkOr00,Oren Burks,PHI,KC,2024,22,0.0,0.0,LB,0.98,edge,0.2,0.4,2.2,1,-1.5,48.5
CartJa05,Jalen Carter,PHI,KC,2024,22,0.0,2.0,DT,0.73,interior,0.4,2.0,2.2,1,-1.5,48.5
SweaJo00,Josh Sweat,PHI,KC,2024,22,2.5,4.0,LB,0.82,edge,0.8,1.4,2.2,1,-1.5,48.5
SweaJo00,Josh Sweat,ARI,NO,2025,1,0.0,3.0,LB,0.63,edge,1.3,2.0,2.8,1,6.0,44.5
WilsMa03,Mack Wilson,ARI,NO,2025,1,0.0,1.0,LB,1.0,edge,0.4,1.0,2.8,1,6.0,44.5
DeabDi00,Divine Deablo,ATL,TB,2025,1,0.5,1.0,LB,0.98,edge,0.0,0.2,1.8,1,-1.5,47.5
ElliKa00,Kaden Elliss,ATL,TB,2025,1,0.0,0.0,LB,1.0,edge,0.6,1.6,1.8,1,-1.5,47.5
MaduJu00,Nnamdi Madubuike,BAL,BUF,2025,1,1.0,1.0,DL,0.69,interior,0.6,1.4,1.0,0,1.5,50.5
SmitRo07,Roquan Smith,BAL,BUF,2025,1,0.0,0.0,LB,1.0,edge,0.2,0.4,1.0,0,1.5,50.5
VanNKy00,Kyle Van Noy,BAL,BUF,2025,1,0.0,4.0,LB,0.68,edge,0.2,1.0,1.0,0,1.5,50.5
BernTe00,Terrel Bernard,BUF,BAL,2025,1,0.0,0.0,LB,1.0,edge,0.0,0.4,1.0,0,-1.5,50.5
BosaJo00,Joey Bosa,BUF,BAL,2025,1,0.0,1.0,DE,0.69,edge,0.6,2.0,1.0,0,-1.5,50.5
MilaMa00,Matt Milano,BUF,BAL,2025,1,1.0,1.0,LB,0.88,edge,0.4,1.0,1.0,0,-1.5,50.5
OlivEd00,Ed Oliver,BUF,BAL,2025,1,1.0,1.0,DT,0.69,interior,0.2,2.4,1.0,0,-1.5,50.5
RobiAS00,A'Shawn Robinson,CAR,JAX,2025,1,0.0,1.0,DE,0.62,edge,0.7,1.2,1.6,0,-4.5,45.5
RozeCh00,Christian Rozeboom,CAR,JAX,2025,1,0.0,0.0,LB,1.0,edge,0.2,0.2,1.6,0,-4.5,45.5
WallTr00,Trevin Wallace,CAR,JAX,2025,1,0.0,0.0,LB,0.86,edge,0.2,0.2,1.6,0,-4.5,45.5
DextGe00,Gervon Dexter,CHI,MIN,2025,1,1.0,1.0,DL,0.62,interior,0.2,1.0,3.4,0,-1.5,43.5
EdmuTr01,Tremaine Edmunds,CHI,MIN,2025,1,0.0,0.0,LB,1.0,edge,0.0,0.2,3.4,0,-1.5,43.5
OdeyDa00,Dayo Odeyingbo,CHI,MIN,2025,1,1.0,2.0,DL,0.82,interior,0.0,1.2,3.4,0,-1.5,43.5
SeweNo00,Noah Sewell,CHI,MIN,2025,1,0.0,0.0,LB,0.98,edge,,,3.4,0,-1.5,43.5
SweaMo00,Montez Sweat,CHI,MIN,2025,1,0.0,2.0,DL,0.77,interior,0.5,1.8,3.4,0,-1.5,43.5
HendTr00,Trey Hendrickson,CIN,CLE,2025,1,1.0,4.0,DE,0.75,edge,1.2,4.4,3.2,0,5.5,47.5
KnigDe00,Demetrius Knight,CIN,CLE,2025,1,0.0,0.0,LB,0.76,edge,,,3.2,0,5.5,47.5
OssaJo00,Joseph Ossai,CIN,CLE,2025,1,0.0,1.0,DE,0.63,edge,0.625,1.25,3.2,0,5.5,47.5
WilsLo00,Logan Wilson,CIN,CLE,2025,1,0.0,1.0,LB,0.84,edge,0.0,0.2,3.2,0,5.5,47.5
BushDe01,Devin Bush Jr.,CLE,CIN,2025,1,0.0,1.0,LB,0.75,edge,0.2,0.6,3.6,0,-5.5,47.5
CollMa00,Maliek Collins,CLE,CIN,2025,1,0.0,1.0,DT,0.71,interior,0.2,1.6,3.6,0,-5.5,47.5
GarrMy00,Myles Garrett,CLE,CIN,2025,1,2.0,3.0,DE,0.87,edge,0.8,2.2,3.6,0,-5.5,47.5
GrahMa00,Mason Graham,CLE,CIN,2025,1,0.0,0.0,DT,0.81,interior,,,3.6,0,-5.5,47.5
SchwCa00,Carson Schwesinger,CLE,CIN,2025,1,0.0,1.0,LB,1.0,edge,,,3.6,0,-5.5,47.5
ClarDa02,Damone Clark,DAL,PHI,2025,1,0.0,0.0,LB,0.67,edge,0.1,0.4,3.0,0,-8.5,47.5
ClarKe01,Kenny Clark,DAL,PHI,2025,1,0.0,0.0,DT,0.65,interior,0.2,0.8,3.0,0,-8.5,47.5
MurrKe00,Kenneth Murray,DAL,PHI,2025,1,0.0,0.0,LB,1.0,edge,0.3,0.6,3.0,0,-8.5,47.5
OdigOs00,Osa Odighizuwa,DAL,PHI,2025,1,0.0,3.0,DT,0.65,interior,0.5,3.2,3.0,0,-8.5,47.5
SanbJa00,Jack Sanborn,DAL,PHI,2025,1,0.0,0.0,LB,0.76,edge,0.0,0.0,3.0,0,-8.5,47.5
WillSa00,Sam Williams,DAL,PHI,2025,1,0.0,2.0,DE,0.62,edge,,,3.0,0,-8.5,47.5
AlleZa01,Zach Allen,DEN,TEN,2025,1,1.0,4.0,DL,0.81,interior,0.9,3.4,1.8,0,8.5,42.5
BoniNi00,Nik Bonitto,DEN,TEN,2025,1,1.0,4.0,LB,0.61,edge,0.3,1.4,1.8,0,8.5,42.5
CoopJo02,Jonathon Cooper,DEN,TEN,2025,1,1.0,3.0,LB,0.65,edge,0.5,1.8,1.8,0,8.5,42.5
FranJo02,John Franklin-Myers,DEN,TEN,2025,1,0.0,1.0,DL,0.63,interior,0.2,2.2,1.8,0,8.5,42.5
SingAl00,Alex Singleton,DEN,TEN,2025,1,0.0,1.0,LB,1.0,edge,0.0,0.2,1.8,0,8.5,42.5
StrnJu00,Justin Strnad,DEN,TEN,2025,1,1.0,3.0,LB,0.67,edge,0.0,0.0,1.8,0,8.5,42.5
AnzaAl00,Alex Anzalone,DET,GB,2025,1,0.0,0.0,LB,1.0,edge,0.2,0.6,1.6,0,-1.5,48.5
BarnDe02,Derrick Barnes,DET,GB,2025,1,0.0,0.0,LB,0.9,edge,0.0,1.0,1.6,0,-1.5,48.5
CampJa04,Jack Campbell,DET,GB,2025,1,0.0,0.0,LB,1.0,edge,0.0,0.6,1.6,0,-1.5,48.5
HutcAi00,Aidan Hutchinson,DET,GB,2025,1,0.0,1.0,DE,0.96,edge,1.3,4.6,1.6,0,-1.5,48.5
ReadD.00,D.J. Reader,DET,GB,2025,1,0.0,0.0,DL,0.77,interior,0.0,1.4,1.6,0,-1.5,48.5
CoopEd00,Edgerrin Cooper,GB,DET,2025,1,0.0,0.0,LB,1.0,edge,0.0,0.6,2.0,0,1.5,48.5
GaryRa00,Rashan Gary,GB,DET,2025,1,1.5,3.0,DL,0.7,interior,0.3,1.8,2.0,0,1.5,48.5
WalkQu00,Quay Walker,GB,DET,2025,1,0.0,0.0,LB,1.0,edge,0.2,0.4,2.0,0,1.5,48.5
WyatDe00,Devonte Wyatt,GB,DET,2025,1,1.0,2.0,DL,0.73,interior,0.5,0.5,2.0,0,1.5,48.5
AlShAz00,Azeez Al-Shaair,HOU,LA,2025,1,0.0,0.0,LB,1.0,edge,0.2,0.8,2.0,1,-3.5,43.5
AndeWi01,Will Anderson,HOU,LA,2025,1,1.0,2.0,DE,0.73,edge,0.9,2.4,2.0,1,-3.5,43.5
RankSh00,Sheldon Rankins,HOU,LA,2025,1,0.0,2.0,DT,0.72,interior,0.4,0.6,2.0,1,-3.5,43.5
TooTHe00,Henry To'oTo'o,HOU,LA,2025,1,1.0,1.0,LB,0.95,edge,0.0,0.0,2.0,1,-3.5,43.5
BuckDe00,DeForest Buckner,IND,MIA,2025,1,0.0,0.0,DT,0.69,interior,0.6,1.6,2.0,1,1.5,47.5
FranZa00,Zaire Franklin,IND,MIA,2025,1,0.0,0.0,LB,0.81,edge,0.5,0.6,2.0,1,1.5,47.5
LatuLa00,Laiatu Latu,IND,MIA,2025,1,0.0,1.0,DE,0.67,edge,0.6,2.2,2.0,1,1.5,47.5
PayeKw00,Kwity Paye,IND,MIA,2025,1,0.0,1.0,DE,0.62,edge,0.9,1.4,2.0,1,1.5,47.5
AlleJo03,Josh Hines-Allen,JAX,CAR,2025,1,0.0,1.0,DE,0.72,edge,0.6,1.6,3.0,0,4.5,45.5
ArmsAr01,Arik Armstead,JAX,CAR,2025,1,0.0,1.0,DT,0.77,interior,0.5,1.4,3.0,0,4.5,45.5
OluoFo00,Foyesade Oluokun,JAX,CAR,2025,1,0.0,0.0,LB,1.0,edge,0.0,0.0,3.0,0,4.5,45.5
KarlGe00,George Karlaftis III,KC,LAC,2025,1,1.0,1.0,DE,0.85,edge,1.0,3.6,2.0,1,3.0,47.5
TranDr00,Drue Tranquill,KC,LAC,2025,1,2.0,2.0,LB,0.83,edge,0.3,1.0,2.0,1,3.0,47.5
LandNa01,Nathan Landman,LA,HOU,2025,1,0.0,1.0,LB,0.98,edge,0.0,0.2,3.8,1,3.5,43.5
SpeiOm00,Omar Speights,LA,HOU,2025,1,0.0,0.0,LB,0.71,edge,0.2,0.2,3.8,1,3.5,43.5
VersJa00,Jared Verse,LA,HOU,2025,1,0.0,2.0,LB,0.9,edge,0.4,0.8,3.8,1,3.5,43.5
YounBy01,Byron Young,LA,HOU,2025,1,1.0,2.0,LB,0.86,edge,0.5,0.8,3.8,1,3.5,43.5
HenlDa00,Daiyan Henley,LAC,KC,2025,1,1.0,1.0,LB,1.0,edge,0.0,0.2,3.4,1,-3.0,47.5
ButlAd00,Adam Butler,LV,NE,2025,1,0.0,3.0,DT,0.86,interior,0.7,1.0,2.4,0,-2.5,44.5
CrosMa00,Maxx Crosby,LV,NE,2025,1,1.0,4.0,DE,1.0,edge,0.2,2.4,2.4,0,-2.5,44.5
PratGe00,Germaine Pratt,LV,NE,2025,1,0.0,0.0,LB,0.92,edge,0.0,0.2,2.4,0,-2.5,44.5
WhitDe02,Devin White,LV,NE,2025,1,0.0,0.0,LB,1.0,edge,0.1,0.8,2.4,0,-2.5,44.5
BrooJo01,Jordyn Brooks,MIA,IND,2025,1,0.0,1.0,LB,1.0,edge,0.4,0.4,1.6,1,-1.5,47.5
DodsTy01,Tyrel Dodson,MIA,IND,2025,1,0.0,0.0,LB,1.0,edge,0.0,0.8,1.6,1,-1.5,47.5
GranKe01,Kenneth Grant,MIA,IND,2025,1,0.0,0.0,DT,0.6,interior,,,1.6,1,-1.5,47.5
AlleJo01,Jonathan Allen,MIN,CHI,2025,1,0.0,2.0,DL,0.78,interior,0.0,1.4,3.6,0,1.5,43.5
CashBl00,Blake Cashman,MIN,CHI,2025,1,0.0,2.0,LB,0.64,edge,0.5,1.2,3.6,0,1.5,43.5
GreeJo04,Jonathan Greenard,MIN,CHI,2025,1,0.0,3.0,LB,0.93,edge,0.4,2.2,3.6,0,1.5,43.5
HargJa00,Javon Hargrave,MIN,CHI,2025,1,2.0,3.0,DL,0.67,interior,0.6,1.2,3.6,0,1.5,43.5
PaceIv00,Ivan Pace,MIN,CHI,2025,1,0.0,1.0,LB,0.7,edge,0.2,0.8,3.6,0,1.5,43.5
VanGAn00,Andrew Van Ginkel,MIN,CHI,2025,1,0.0,1.0,LB,0.91,edge,0.7,1.4,3.6,0,1.5,43.5
ChaiKL00,K'Lavon Chaisson,NE,LV,2025,1,0.5,1.0,LB,0.7,edge,0.4,0.6,1.8,0,2.5,44.5
ElliCh00,Christian Elliss,NE,LV,2025,1,0.0,0.0,LB,0.7,edge,0.0,0.4,1.8,0,2.5,44.5
LandHa00,Harold Landry,NE,LV,2025,1,2.5,3.0,LB,0.76,edge,0.6,0.8,1.8,0,2.5,44.5
SpilRo00,Robert Spillane,NE,LV,2025,1,0.0,1.0,LB,1.0,edge,0.2,0.2,1.8,0,2.5,44.5
WillMi08,Milton Williams,NE,LV,2025,1,0.0,2.0,DT,0.78,interior,0.125,1.75,1.8,0,2.5,44.5
BresBr00,Bryan Bresee,NO,ARI,2025,1,0.0,1.0,DT,0.71,interior,1.2,1.8,1.8,1,-6.0,44.5
DaviDe00,Demario Davis,NO,ARI,2025,1,0.0,0.0,LB,1.0,edge,0.2,0.6,1.8,1,-6.0,44.5
GranCa01,Carl Granderson,NO,ARI,2025,1,1.5,4.0,DE,0.86,edge,0.4,2.4,1.8,1,-6.0,44.5
JordCa00,Cameron Jordan,NO,ARI,2025,1,1.5,2.0,DE,0.74,edge,0.2,1.8,1.8,1,-6.0,44.5
WernPe00,Pete Werner,NO,ARI,2025,1,1.0,1.0,LB,0.91,edge,0.0,0.4,1.8,1,-6.0,44.5
BurnBr00,Brian Burns,NYG,WAS,2025,1,2.0,2.0,LB,0.67,edge,0.4,2.4,3.0,0,-6.0,45.5
OkerBo00,Bobby Okereke,NYG,WAS,2025,1,0.0,0.0,LB,0.97,edge,0.1,0.4,3.0,0,-6.0,45.5
ThibKa00,Kayvon Thibodeaux,NYG,WAS,2025,1,0.5,1.0,LB,0.74,edge,0.4,1.6,3.0,0,-6.0,45.5
PhilHa00,Harrison Phillips,NYJ,PIT,2025,1,0.0,0.0,DL,0.61,interior,0.0,0.6,3.6,0,-3.0,37.5
SherJa00,Jamien Sherwood,NYJ,PIT,2025,1,0.0,0.0,LB,1.0,edge,0.0,0.0,3.6,0,-3.0,37.5
WillQu00,Quinnen Williams,NYJ,PIT,2025,1,1.0,3.0,DL,0.77,interior,0.2,1.6,3.6,0,-3.0,37.5
WillQu01,Quincy Williams,NYJ,PIT,2025,1,1.0,1.0,LB,1.0,edge,0.0,0.4,3.6,0,-3.0,37.5
BaunZa00,Zack Baun,PHI,DAL,2025,1,0.0,0.0,LB,1.0,edge,0.0,0.2,1.6,0,8.5,47.5
CampJi00,Jihaad Campbell,PHI,DAL,2025,1,0.0,0.0,LB,0.92,edge,,,1.6,0,8.5,47.5
DaviJo03,Jordan Davis,PHI,DAL,2025,1,0.0,1.0,DT,0.87,interior,0.5,1.0,1.6,0,8.5,47.5
HuntJa02,Jalyx Hunt,PHI,DAL,2025,1,0.0,1.0,LB,0.64,edge,,,1.6,0,8.5,47.5
OjomMo00,Moro Ojomo,PHI,DAL,2025,1,0.0,1.0,DT,0.9,interior,0.0,2.0,1.6,0,8.5,47.5
SmitNo02,Nolan Smith,PHI,DAL,2025,1,0.0,0.0,LB,0.85,edge,1.0,2.0,1.6,0,8.5,47.5
BentKe00,Keeanu Benton,PIT,NYJ,2025,1,0.0,0.0,DL,0.73,interior,0.0,0.6,2.4,0,3.0,37.5
HeywCa01,Cameron Heyward,PIT,NYJ,2025,1,0.0,0.0,DT,0.67,interior,1.0,2.0,2.4,0,3.0,37.5
HighAl02,Alex Highsmith,PIT,NYJ,2025,1,1.0,3.0,LB,0.89,edge,0.6,1.2,2.4,0,3.0,37.5
QueePa00,Patrick Queen,PIT,NYJ,2025,1,0.0,1.0,LB,1.0,edge,0.2,0.8,2.4,0,3.0,37.5
WattT.00,T.J. Watt,PIT,NYJ,2025,1,0.0,0.0,LB,0.88,edge,0.8,2.6,2.4,0,3.0,37.5
WilsPa00,Payton Wilson,PIT,NYJ,2025,1,0.0,1.0,LB,0.88,edge,,,2.4,0,3.0,37.5
JoneEr01,Ernest Jones,SEA,SF,2025,1,0.0,2.0,LB,1.0,edge,0.1,0.4,2.2,0,-2.5,43.5
KnigTy00,Tyrice Knight,SEA,SF,2025,1,0.0,0.0,LB,0.74,edge,0.1,0.4,2.2,0,-2.5,43.5
LawrDe00,DeMarcus Lawrence,SEA,SF,2025,1,0.0,2.0,DE,0.68,edge,0.4,2.8,2.2,0,-2.5,43.5
MafeBo00,Boye Mafe,SEA,SF,2025,1,0.0,2.0,LB,0.74,edge,0.2,0.6,2.2,0,-2.5,43.5
MurpBy01,Byron Murphy,SEA,SF,2025,1,0.0,2.0,DT,0.76,interior,,,2.2,0,-2.5,43.5
WillLe02,Leonard Williams,SEA,SF,2025,1,0.0,1.0,DE,0.78,edge,1.2,1.6,2.2,0,-2.5,43.5
BosaNi00,Nick Bosa,SF,SEA,2025,1,1.0,2.0,DL,0.88,interior,0.9,3.2,2.8,0,2.5,43.5
WarnFr00,Fred Warner,SF,SEA,2025,1,0.0,0.0,LB,0.94,edge,0.0,0.4,2.8,0,2.5,43.5
WintDe00,Dee Winters,SF,SEA,2025,1,0.0,1.0,LB,1.0,edge,0.0,0.0,2.8,0,2.5,43.5
DaviLa00,Lavonte David,TB,ATL,2025,1,0.0,1.0,LB,1.0,edge,0.5,1.4,1.4,1,1.5,47.5
DennSi00,SirVocea Dennis,TB,ATL,2025,1,0.0,0.0,LB,0.95,edge,0.0,0.0,1.4,1,1.5,47.5
DiabYa00,YaYa Diaby,TB,ATL,2025,1,0.0,2.0,LB,0.74,edge,0.5,2.6,1.4,1,1.5,47.5
ReddHa00,Haason Reddick,TB,ATL,2025,1,1.0,1.0,LB,0.79,edge,0.1,0.6,1.4,1,1.5,47.5
VeaxVi00,Vita Vea,TB,ATL,2025,1,0.0,1.0,NT,0.71,interior,0.2,1.4,1.4,1,1.5,47.5
BartCo00,Cody Barton,TEN,DEN,2025,1,0.0,0.0,LB,1.0,edge,0.0,0.0,1.4,0,-8.5,42.5
GrayCe00,Cedric Gray,TEN,DEN,2025,1,0.0,1.0,LB,0.82,edge,,,1.4,0,-8.5,42.5
SimmJe01,Jeffery Simmons,TEN,DEN,2025,1,1.0,5.0,DT,0.84,interior,0.4,1.0,1.4,0,-8.5,42.5
LuvuFr00,Frankie Luvu,WAS,NYG,2025,1,0.0,0.0,LB,1.0,edge,0.2,1.0,1.6,0,6.0,45.5
PaynDa00,Daron Payne,WAS,NYG,2025,1,1.0,2.0,DT,0.66,interior,0.5,1.6,1.6,0,6.0,45.5
WagnBo00,Bobby Wagner,WAS,NYG,2025,1,0.0,0.0,LB,1.0,edge,0.1,0.2,1.6,0,6.0,45.5
DaviAk01,Akeem Davis-Gaither,ARI,CAR,2025,2,0.0,1.0,LB,0.62,edge,0.0,0.0,3.0,1,7.0,45.5
WilsMa03,Mack Wilson,ARI,CAR,2025,2,0.0,1.0,LB,1.0,edge,0.4,1.2,3.0,1,7.0,45.5
DeabDi00,Divine Deablo,ATL,MIN,2025,2,0.0,0.0,LB,1.0,edge,0.1,0.4,3.6,1,-3.5,44.5
ElliKa00,Kaden Elliss,ATL,MIN,2025,2,0.0,1.0,LB,1.0,edge,0.4,1.2,3.6,1,-3.5,44.5
BuchTe00,Teddye Buchanan,BAL,CLE,2025,2,0.0,0.0,LB,0.82,edge,,,3.0,0,12.5,46.5
GreeMi02,Mike Green,BAL,CLE,2025,2,0.0,1.0,LB,0.62,edge,,,3.0,0,12.5,46.5
RobiTa00,Tavius Robinson,BAL,CLE,2025,2,1.0,3.0,LB,0.66,edge,0.0,0.0,3.0,0,12.5,46.5
SmitRo07,Roquan Smith,BAL,CLE,2025,2,0.0,2.0,LB,0.9,edge,0.2,0.4,3.0,0,12.5,46.5
BernTe00,Terrel Bernard,BUF,NYJ,2025,2,0.0,1.0,LB,0.79,edge,0.0,0.4,2.0,0,6.0,47.5
WillDo04,Dorian Williams,BUF,NYJ,2025,2,0.0,0.0,LB,0.64,edge,0.0,0.8,2.0,0,6.0,47.5
BrowDe05,Derrick Brown,CAR,ARI,2025,2,0.0,1.0,DE,0.71,edge,0.2,1.4,2.4,1,-7.0,45.5
JonePa00,Patrick Jones II,CAR,ARI,2025,2,0.0,1.0,LB,0.89,edge,0.6,1.8,2.4,1,-7.0,45.5
RozeCh00,Christian Rozeboom,CAR,ARI,2025,2,0.0,0.0,LB,1.0,edge,0.2,0.2,2.4,1,-7.0,45.5
WallTr00,Trevin Wallace,CAR,ARI,2025,2,0.0,0.0,LB,0.76,edge,0.2,0.2,2.4,1,-7.0,45.5
WonnDJ00,D.J. Wonnum,CAR,ARI,2025,2,0.0,1.0,LB,0.69,edge,0.4,0.8,2.4,1,-7.0,45.5
EdmuTr01,Tremaine Edmunds,CHI,DET,2025,2,0.0,0.0,LB,1.0,edge,0.0,0.2,2.2,1,-6.0,46.5
OdeyDa00,Dayo Odeyingbo,CHI,DET,2025,2,0.0,1.0,DL,0.8,interior,0.2,1.6,2.2,1,-6.0,46.5
SweaMo00,Montez Sweat,CHI,DET,2025,2,0.0,1.0,DL,0.66,interior,0.3,1.6,2.2,1,-6.0,46.5
HendTr00,Trey Hendrickson,CIN,JAX,2025,2,1.0,4.0,DE,0.72,edge,1.4,4.4,1.4,0,3.5,49.5
HillB.00,B.J. Hill,CIN,JAX,2025,2,0.0,0.0,DT,0.66,interior,0.6,2.0,1.4,0,3.5,49.5
OssaJo00,Joseph Ossai,CIN,JAX,2025,2,0.0,2.0,DE,0.65,edge,0.5,1.2,1.4,0,3.5,49.5
WilsLo00,Logan Wilson,CIN,JAX,2025,2,0.0,0.0,LB,1.0,edge,0.0,0.2,1.4,0,3.5,49.5
BushDe01,Devin Bush Jr.,CLE,BAL,2025,2,1.0,1.0,LB,0.79,edge,0.2,0.8,1.2,0,-12.5,46.5
CollMa00,Maliek Collins,CLE,BAL,2025,2,0.0,1.0,DT,0.73,interior,0.2,1.4,1.2,0,-12.5,46.5
GarrMy00,Myles Garrett,CLE,BAL,2025,2,1.5,3.0,DE,0.68,edge,1.0,2.0,1.2,0,-12.5,46.5
McGuIs00,Isaiah McGuire,CLE,BAL,2025,2,0.0,0.0,DE,0.62,edge,1.0,2.3333333333333335,1.2,0,-12.5,46.5
SchwCa00,Carson Schwesinger,CLE,BAL,2025,2,0.0,0.0,LB,0.95,edge,0.0,1.0,1.2,0,-12.5,46.5
ClarKe01,Kenny Clark,DAL,NYG,2025,2,1.0,1.0,DT,0.69,interior,0.2,0.4,1.6,1,4.5,44.5
MurrKe00,Kenneth Murray,DAL,NYG,2025,2,0.0,0.0,LB,1.0,edge,0.3,0.6,1.6,1,4.5,44.5
OdigOs00,Osa Odighizuwa,DAL,NYG,2025,2,0.0,1.0,DT,0.6,interior,0.3,3.6,1.6,1,4.5,44.5
SanbJa00,Jack Sanborn,DAL,NYG,2025,2,0.0,0.0,LB,0.84,edge,0.0,0.0,1.6,1,4.5,44.5
WillSa00,Sam Williams,DAL,NYG,2025,2,0.0,2.0,DE,0.61,edge,0.0,2.0,1.6,1,4.5,44.5
AlleZa01,Zach Allen,DEN,IND,2025,2,0.0,2.0,DL,0.79,interior,1.1,3.4,1.8,1,2.5,43.5
BoniNi00,Nik Bonitto,DEN,IND,2025,2,0.0,1.0,LB,0.61,edge,0.3,1.8,1.8,1,2.5,43.5
CoopJo02,Jonathon Cooper,DEN,IND,2025,2,0.0,0.0,LB,0.66,edge,0.5,1.8,1.8,1,2.5,43.5
SingAl00,Alex Singleton,DEN,IND,2025,2,0.0,0.0,LB,1.0,edge,0.0,0.4,1.8,1,2.5,43.5
StrnJu00,Justin Strnad,DEN,IND,2025,2,1.0,1.0,LB,0.8,edge,0.2,0.6,1.8,1,2.5,43.5
AnzaAl00,Alex Anzalone,DET,CHI,2025,2,0.0,0.0,LB,0.88,edge,0.0,0.4,2.8,1,6.0,46.5
BarnDe02,Derrick Barnes,DET,CHI,2025,2,0.0,0.0,LB,0.78,edge,0.0,0.4,2.8,1,6.0,46.5
CampJa04,Jack Campbell,DET,CHI,2025,2,0.0,0.0,LB,0.88,edge,0.0,0.6,2.8,1,6.0,46.5
HutcAi00,Aidan Hutchinson,DET,CHI,2025,2,1.0,2.0,DE,0.84,edge,1.3,4.8,2.8,1,6.0,46.5
BrooKa00,Karl Brooks,GB,WAS,2025,2,0.5,1.0,DL,0.7,interior,,,2.6,0,3.5,48.5
CoopEd00,Edgerrin Cooper,GB,WAS,2025,2,0.5,2.0,LB,0.99,edge,0.0,0.6,2.6,0,3.5,48.5
GaryRa00,Rashan Gary,GB,WAS,2025,2,1.0,1.0,DL,0.62,interior,0.6,2.4,2.6,0,3.5,48.5
ParsMi00,Micah Parsons,GB,WAS,2025,2,0.5,4.0,DL,0.68,interior,1.1,3.6,2.6,0,3.5,48.5
WalkQu00,Quay Walker,GB,WAS,2025,2,0.0,1.0,LB,1.0,edge,0.2,0.4,2.6,0,3.5,48.5
WyatDe00,Devonte Wyatt,GB,WAS,2025,2,1.0,2.0,DL,0.74,interior,0.6666666666666666,1.0,2.6,0,3.5,48.5
AlShAz00,Azeez Al-Shaair,HOU,TB,2025,2,0.0,0.0,LB,0.96,edge,0.2,0.8,1.8,1,2.5,42.5
AndeWi01,Will Anderson,HOU,TB,2025,2,1.0,1.0,DE,0.75,edge,1.1,2.6,1.8,1,2.5,42.5
HuntDa01,Danielle Hunter,HOU,TB,2025,2,2.0,3.0,DE,0.79,edge,0.3,1.8,1.8,1,2.5,42.5
RankSh00,Sheldon Rankins,HOU,TB,2025,2,1.0,2.0,DT,0.61,interior,0.2,0.8,1.8,1,2.5,42.5
TooTHe00,Henry To'oTo'o,HOU,TB,2025,2,0.0,0.0,LB,0.96,edge,0.2,0.2,1.8,1,2.5,42.5
BachJo01,Joe Bachie,IND,DEN,2025,2,0.0,0.0,LB,0.81,edge,,,1.4,1,-2.5,43.5
BuckDe00,DeForest Buckner,IND,DEN,2025,2,0.0,1.0,DT,0.86,interior,0.4,0.8,1.4,1,-2.5,43.5
EbukSa00,Samson Ebukam,IND,DEN,2025,2,0.0,0.0,DE,0.78,edge,0.6,1.6,1.4,1,-2.5,43.5
FranZa00,Zaire Franklin,IND,DEN,2025,2,0.0,0.0,LB,1.0,edge,0.2,0.2,1.4,1,-2.5,43.5
PayeKw00,Kwity Paye,IND,DEN,2025,2,0.0,0.0,DE,0.67,edge,0.7,1.4,1.4,1,-2.5,43.5
AlleJo03,Josh Hines-Allen,JAX,CIN,2025,2,0.0,3.0,DE,0.81,edge,0.6,1.6,3.8,0,-3.5,49.5
ArmsAr01,Arik Armstead,JAX,CIN,2025,2,1.0,2.0,DT,0.71,interior,0.4,1.4,3.8,0,-3.5,49.5
LloyDe00,Devin Lloyd,JAX,CIN,2025,2,0.0,2.0,LB,0.7,edge,0.2,0.4,3.8,0,-3.5,49.5
OluoFo00,Foyesade Oluokun,JAX,CIN,2025,2,1.0,1.0,LB,1.0,edge,0.0,0.0,3.8,0,-3.5,49.5
WalkTr03,Travon Walker,JAX,CIN,2025,2,1.0,4.0,DE,0.74,edge,0.6,2.0,3.8,0,-3.5,49.5
BoltNi00,Nick Bolton,KC,PHI,2025,2,0.0,0.0,LB,1.0,edge,0.1,0.8,2.8,0,-1.5,46.5
ChenLe00,Leo Chenal,KC,PHI,2025,2,0.0,1.0,LB,0.63,edge,0.2,1.4,2.8,0,-1.5,46.5
JoneCh09,Chris Jones,KC,PHI,2025,2,0.0,1.0,DT,0.85,interior,0.2,2.6,2.8,0,-1.5,46.5
TranDr00,Drue Tranquill,KC,PHI,2025,2,0.0,0.0,LB,0.88,edge,0.6,1.0,2.8,0,-1.5,46.5
LandNa01,Nathan Landman,LA,TEN,2025,2,0.0,0.0,LB,0.97,edge,0.0,0.4,2.6,0,5.5,41.5
SpeiOm00,Omar Speights,LA,TEN,2025,2,0.0,0.0,LB,0.62,edge,0.2,0.2,2.6,0,5.5,41.5
VersJa00,Jared Verse,LA,TEN,2025,2,0.0,2.0,LB,0.65,edge,0.4,1.0,2.6,0,5.5,41.5
YounBy01,Byron Young,LA,TEN,2025,2,2.0,3.0,LB,0.77,edge,0.7,1.2,2.6,0,5.5,41.5
DuprAl00,Bud Dupree,LAC,LV,2025,2,0.0,0.0,LB,0.63,edge,0.6,1.6,2.2,1,3.5,46.5
DyexTr00,Troy Dye,LAC,LV,2025,2,0.0,0.0,LB,0.67,edge,0.0,0.0,2.2,1,3.5,46.5
HenlDa00,Daiyan Henley,LAC,LV,2025,2,1.0,1.0,LB,1.0,edge,0.2,0.4,2.2,1,3.5,46.5
TuipTu00,Tuli Tuipulotu,LAC,LV,2025,2,0.0,1.0,LB,0.74,edge,0.5,1.4,2.2,1,3.5,46.5
BookTh00,Thomas Booker,LV,LAC,2025,2,0.0,0.0,DT,0.66,interior,,,2.0,1,-3.5,46.5
CrosMa00,Maxx Crosby,LV,LAC,2025,2,0.0,0.0,DE,0.98,edge,0.4,3.0,2.0,1,-3.5,46.5
PratGe00,Germaine Pratt,LV,LAC,2025,2,0.0,0.0,LB,0.76,edge,0.0,0.2,2.0,1,-3.5,46.5
RobeEl00,Elandon Roberts,LV,LAC,2025,2,0.0,0.0,LB,0.67,edge,0.0,0.6,2.0,1,-3.5,46.5
WhitDe02,Devin White,LV,LAC,2025,2,0.0,0.0,LB,1.0,edge,0.0,0.4,2.0,1,-3.5,46.5
BrooJo01,Jordyn Brooks,MIA,NE,2025,2,1.0,1.0,LB,1.0,edge,0.2,0.4,2.4,0,1.5,43.5
ChubBr00,Bradley Chubb,MIA,NE,2025,2,1.0,1.0,LB,0.63,edge,1.0,3.2,2.4,0,1.5,43.5
DodsTy01,Tyrel Dodson,MIA,NE,2025,2,0.0,0.0,LB,0.98,edge,0.0,0.8,2.4,0,1.5,43.5
PhilJa02,Jaelan Phillips,MIA,NE,2025,2,0.0,1.0,LB,0.67,edge,1.0,1.8,2.4,0,1.5,43.5
SielZa00,Zach Sieler,MIA,NE,2025,2,0.0,0.0,DT,0.75,interior,1.2,2.0,2.4,0,1.5,43.5
AlleJo01,Jonathan Allen,MIN,ATL,2025,2,0.0,1.0,DL,0.74,interior,0.0,1.2,1.4,1,3.5,44.5
GreeJo04,Jonathan Greenard,MIN,ATL,2025,2,1.0,2.0,LB,0.86,edge,0.2,2.0,1.4,1,3.5,44.5
HargJa00,Javon Hargrave,MIN,ATL,2025,2,0.0,0.0,DL,0.73,interior,0.8,1.6,1.4,1,3.5,44.5
PaceIv00,Ivan Pace,MIN,ATL,2025,2,0.0,0.0,LB,0.89,edge,0.0,0.8,1.4,1,3.5,44.5
TurnDa01,Dallas Turner,MIN,ATL,2025,2,1.0,2.0,LB,0.91,edge,,,1.4,1,3.5,44.5
WilsEr00,Eric Wilson,MIN,ATL,2025,2,0.0,1.0,LB,1.0,edge,0.0,0.6,1.4,1,3.5,44.5
BarmCh00,Christian Barmore,NE,MIA,2025,2,0.0,1.0,DT,0.67,interior,1.1,1.8,2.6,0,-1.5,43.5
ChaiKL00,K'Lavon Chaisson,NE,MIA,2025,2,1.0,2.0,LB,0.82,edge,0.5,0.8,2.6,0,-1.5,43.5
ElliCh00,Christian Elliss,NE,MIA,2025,2,0.0,0.0,LB,0.74,edge,0.0,0.2,2.6,0,-1.5,43.5
LandHa00,Harold Landry,NE,MIA,2025,2,1.0,2.0,LB,0.91,edge,0.9,1.0,2.6,0,-1.5,43.5
SpilRo00,Robert Spillane,NE,MIA,2025,2,1.0,1.0,LB,0.98,edge,0.2,0.4,2.6,0,-1.5,43.5
WillMi08,Milton Williams,NE,MIA,2025,2,2.0,2.0,DT,0.68,interior,0.1,1.8,2.6,0,-1.5,43.5
BresBr00,Bryan Bresee,NO,SF,2025,2,0.0,2.0,DT,0.77,interior,0.8,1.6,2.2,1,-3.0,40.5
DaviDe00,Demario Davis,NO,SF,2025,2,0.0,0.0,LB,1.0,edge,0.2,0.4,2.2,1,-3.0,40.5
GranCa01,Carl Granderson,NO,SF,2025,2,2.0,3.0,DE,0.82,edge,0.5,2.6,2.2,1,-3.0,40.5
ShepNa00,Nathan Shepherd,NO,SF,2025,2,0.0,1.0,DT,0.65,interior,0.375,1.25,2.2,1,-3.0,40.5
WernPe00,Pete Werner,NO,SF,2025,2,0.0,0.0,LB,0.89,edge,0.2,0.6,2.2,1,-3.0,40.5
BurnBr00,Brian Burns,NYG,DAL,2025,2,1.0,2.0,LB,0.81,edge,0.8,2.8,1.0,1,-4.5,44.5
CartAb00,Abdul Carter,NYG,DAL,2025,2,0.0,2.0,LB,0.75,edge,,,1.0,1,-4.5,44.5
LawrDe03,Dexter Lawrence,NYG,DAL,2025,2,0.0,1.0,DL,0.7,interior,0.2,0.8,1.0,1,-4.5,44.5
OkerBo00,Bobby Okereke,NYG,DAL,2025,2,0.0,0.0,LB,0.98,edge,0.1,0.4,1.0,1,-4.5,44.5
ThibKa00,Kayvon Thibodeaux,NYG,DAL,2025,2,1.0,2.0,LB,0.7,edge,0.5,1.6,1.0,1,-4.5,44.5
SherJa00,Jamien Sherwood,NYJ,BUF,2025,2,0.0,0.0,LB,1.0,edge,0.0,0.0,1.2,0,-6.0,47.5
WillQu01,Quincy Williams,NYJ,BUF,2025,2,0.0,0.0,LB,1.0,edge,0.2,0.6,1.2,0,-6.0,47.5
BaunZa00,Zack Baun,PHI,KC,2025,2,0.0,1.0,LB,1.0,edge,0.0,0.2,3.6,0,1.5,46.5
CampJi00,Jihaad Campbell,PHI,KC,2025,2,0.0,1.0,LB,0.97,edge,0.0,0.0,3.6,0,1.5,46.5
CartJa05,Jalen Carter,PHI,KC,2025,2,0.0,3.0,DT,0.8,interior,0.4,2.0,3.6,0,1.5,46.5
OjomMo00,Moro Ojomo,PHI,KC,2025,2,1.0,2.0,DT,0.7,interior,0.0,1.5,3.6,0,1.5,46.5
SmitNo02,Nolan Smith,PHI,KC,2025,2,0.0,0.0,LB,0.73,edge,0.8,1.8,3.6,0,1.5,46.5
BentKe00,Keeanu Benton,PIT,SEA,2025,2,0.0,1.0,DL,0.72,interior,0.0,0.4,3.0,0,3.5,40.5
HerbNi00,Nick Herbig,PIT,SEA,2025,2,0.0,3.0,LB,0.78,edge,0.4,1.8,3.0,0,3.5,40.5
QueePa00,Patrick Queen,PIT,SEA,2025,2,0.0,1.0,LB,0.92,edge,0.2,0.8,3.0,0,3.5,40.5
WattT.00,T.J. Watt,PIT,SEA,2025,2,0.0,2.0,LB,0.77,edge,0.4,1.2,3.0,0,3.5,40.5
WilsPa00,Payton Wilson,PIT,SEA,2025,2,1.0,2.0,LB,0.86,edge,0.0,1.0,3.0,0,3.5,40.5
JoneEr01,Ernest Jones,SEA,PIT,2025,2,0.0,0.0,LB,1.0,edge,0.1,0.8,4.0,0,-3.5,40.5
KnigTy00,Tyrice Knight,SEA,PIT,2025,2,0.0,0.0,LB,0.69,edge,0.1,0.4,4.0,0,-3.5,40.5
MafeBo00,Boye Mafe,SEA,PIT,2025,2,0.0,2.0,LB,0.68,edge,0.2,1.0,4.0,0,-3.5,40.5
MurpBy01,Byron Murphy,SEA,PIT,2025,2,1.5,5.0,DT,0.63,interior,0.0,2.0,4.0,0,-3.5,40.5
WillLe02,Leonard Williams,SEA,PIT,2025,2,0.5,2.0,DE,0.77,edge,0.8,1.4,4.0,0,-3.5,40.5
BosaNi00,Nick Bosa,SF,NO,2025,2,1.0,2.0,DL,0.83,interior,1.0,3.0,2.6,1,3.0,40.5
WarnFr00,Fred Warner,SF,NO,2025,2,0.0,0.0,LB,1.0,edge,0.0,0.4,2.6,1,3.0,40.5
WillMy00,Mykel Williams,SF,NO,2025,2,0.0,0.0,DL,0.68,interior,,,2.6,1,3.0,40.5
WintDe00,Dee Winters,SF,NO,2025,2,0.0,0.0,LB,0.97,edge,0.0,0.2,2.6,1,3.0,40.5
DaviLa00,Lavonte David,TB,HOU,2025,2,0.5,1.0,LB,1.0,edge,0.2,1.0,4.0,1,-2.5,42.5
DennSi00,SirVocea Dennis,TB,HOU,2025,2,0.0,1.0,LB,0.86,edge,0.0,0.0,4.0,1,-2.5,42.5
DiabYa00,YaYa Diaby,TB,HOU,2025,2,0.0,0.0,LB,0.82,edge,0.5,2.8,4.0,1,-2.5,42.5
ReddHa00,Haason Reddick,TB,HOU,2025,2,0.0,1.0,LB,0.84,edge,0.3,0.8,4.0,1,-2.5,42.5
BartCo00,Cody Barton,TEN,LA,2025,2,0.0,0.0,LB,1.0,edge,0.0,0.0,2.6,0,-5.5,41.5
GrayCe00,Cedric Gray,TEN,LA,2025,2,0.0,0.0,LB,0.93,edge,0.0,1.0,2.6,0,-5.5,41.5
JoneDr00,Dre'Mont Jones,TEN,LA,2025,2,0.0,0.0,LB,0.72,edge,0.6,1.8,2.6,0,-5.5,41.5
JoseSe00,Sebastian Joseph-Day,TEN,LA,2025,2,0.0,1.0,DE,0.67,edge,0.4,1.4,2.6,0,-5.5,41.5
SimmJe01,Jeffery Simmons,TEN,LA,2025,2,0.0,2.0,DT,0.84,interior,0.4,1.8,2.6,0,-5.5,41.5
ArmsDo00,Dorance Armstrong Jr.,WAS,GB,2025,2,1.0,1.0,DE,0.75,edge,0.5,1.4,1.6,0,-3.5,48.5
KinlJa00,Javon Kinlaw,WAS,GB,2025,2,0.0,1.0,DT,0.72,interior,0.2,0.6,1.6,0,-3.5,48.5
LuvuFr00,Frankie Luvu,WAS,GB,2025,2,0.0,0.0,LB,1.0,edge,0.2,1.0,1.6,0,-3.5,48.5
PaynDa00,Daron Payne,WAS,GB,2025,2,0.0,0.0,DT,0.75,interior,0.5,1.8,1.6,0,-3.5,48.5
WagnBo00,Bobby Wagner,WAS,GB,2025,2,0.0,0.0,LB,1.0,edge,0.1,0.2,1.6,0,-3.5,48.5
DaviAk01,Akeem Davis-Gaither,ARI,SF,2025,3,0.0,0.0,LB,0.8,edge,0.0,0.2,2.2,0,-1.5,44.5
WilsMa03,Mack Wilson,ARI,SF,2025,3,0.0,1.0,LB,1.0,edge,0.4,1.2,2.2,0,-1.5,44.5
DeabDi00,Divine Deablo,ATL,CAR,2025,3,0.0,0.0,LB,1.0,edge,0.1,0.4,2.4,0,5.5,44.5
ElliKa00,Kaden Elliss,ATL,CAR,2025,3,1.0,2.0,LB,0.98,edge,0.2,0.8,2.4,0,5.5,44.5
BuchTe00,Teddye Buchanan,BAL,DET,2025,3,0.0,0.0,LB,0.94,edge,0.0,0.0,2.0,0,4.5,53.5
GreeMi02,Mike Green,BAL,DET,2025,3,0.0,1.0,LB,0.76,edge,0.0,1.0,2.0,0,4.5,53.5
RobiTa00,Tavius Robinson,BAL,DET,2025,3,0.0,0.0,LB,0.79,edge,0.5,1.5,2.0,0,4.5,53.5
SmitRo07,Roquan Smith,BAL,DET,2025,3,0.0,1.0,LB,1.0,edge,0.0,0.4,2.0,0,4.5,53.5
BernTe00,Terrel Bernard,BUF,MIA,2025,3,0.0,0.0,LB,1.0,edge,0.0,0.2,3.0,0,12.5,50.5
BosaJo00,Joey Bosa,BUF,MIA,2025,3,0.0,5.0,DE,0.87,edge,0.6,1.6,3.0,0,12.5,50.5
JoneDa04,DaQuan Jones,BUF,MIA,2025,3,0.0,3.0,DT,0.69,interior,0.2,1.2,3.0,0,12.5,50.5
RousGr00,Gregory Rousseau,BUF,MIA,2025,3,0.0,4.0,DE,0.66,edge,0.8,2.0,3.0,0,12.5,50.5
WillDo04,Dorian Williams,BUF,MIA,2025,3,0.0,0.0,LB,0.75,edge,0.0,0.8,3.0,0,12.5,50.5
RozeCh00,Christian Rozeboom,CAR,ATL,2025,3,0.0,0.0,LB,1.0,edge,0.0,0.0,1.4,0,-5.5,44.5
ScouNi00,Nic Scourton,CAR,ATL,2025,3,0.0,0.0,LB,0.85,edge,,,1.4,0,-5.5,44.5
EdmuTr01,Tremaine Edmunds,CHI,DAL,2025,3,0.0,0.0,LB,0.96,edge,0.0,0.2,1.4,0,-1.5,49.5
OdeyDa00,Dayo Odeyingbo,CHI,DAL,2025,3,0.0,2.0,DL,0.61,interior,0.2,1.6,1.4,0,-1.5,49.5
SeweNo00,Noah Sewell,CHI,DAL,2025,3,0.0,0.0,LB,0.99,edge,0.0,0.0,1.4,0,-1.5,49.5
KnigDe00,Demetrius Knight,CIN,MIN,2025,3,0.0,0.0,LB,0.62,edge,0.0,0.0,4.2,1,-3.0,41.5
OssaJo00,Joseph Ossai,CIN,MIN,2025,3,1.0,1.0,DE,0.62,edge,0.4,1.4,4.2,1,-3.0,41.5
WilsLo00,Logan Wilson,CIN,MIN,2025,3,0.0,0.0,LB,0.7,edge,0.0,0.2,4.2,1,-3.0,41.5
BushDe01,Devin Bush Jr.,CLE,GB,2025,3,0.0,0.0,LB,0.83,edge,0.4,0.8,2.0,0,-8.5,41.5
CollMa00,Maliek Collins,CLE,GB,2025,3,1.5,2.0,DT,0.69,interior,0.0,1.2,2.0,0,-8.5,41.5
GarrMy00,Myles Garrett,CLE,GB,2025,3,0.5,1.0,DE,0.8,edge,1.3,1.8,2.0,0,-8.5,41.5
GrahMa00,Mason Graham,CLE,GB,2025,3,0.5,1.0,DT,0.74,interior,0.0,0.0,2.0,0,-8.5,41.5
SchwCa00,Carson Schwesinger,CLE,GB,2025,3,1.0,1.0,LB,1.0,edge,0.0,0.5,2.0,0,-8.5,41.5
MurrKe00,Kenneth Murray,DAL,CHI,2025,3,0.0,0.0,LB,1.0,edge,0.1,0.4,3.2,0,1.5,49.5
SanbJa00,Jack Sanborn,DAL,CHI,2025,3,0.0,0.0,LB,0.81,edge,0.0,0.0,3.2,0,1.5,49.5
AlleZa01,Zach Allen,DEN,LAC,2025,3,0.0,4.0,DL,0.8,interior,1.1,3.0,2.0,1,-2.5,45.5
SingAl00,Alex Singleton,DEN,LAC,2025,3,0.0,2.0,LB,1.0,edge,0.0,0.4,2.0,1,-2.5,45.5
StrnJu00,Justin Strnad,DEN,LAC,2025,3,0.0,0.0,LB,0.81,edge,0.4,0.8,2.0,1,-2.5,45.5
AnzaAl00,Alex Anzalone,DET,BAL,2025,3,0.5,2.0,LB,1.0,edge,0.0,0.2,1.6,0,-4.5,53.5
BarnDe02,Derrick Barnes,DET,BAL,2025,3,1.0,1.0,LB,0.82,edge,0.0,0.0,1.6,0,-4.5,53.5
CampJa04,Jack Campbell,DET,BAL,2025,3,1.0,2.0,LB,1.0,edge,0.0,0.6,1.6,0,-4.5,53.5
HutcAi00,Aidan Hutchinson,DET,BAL,2025,3,1.0,1.0,DE,0.93,edge,1.3,3.8,1.6,0,-4.5,53.5
CoopEd00,Edgerrin Cooper,GB,CLE,2025,3,0.0,0.0,LB,1.0,edge,0.1,1.0,2.4,0,8.5,41.5
GaryRa00,Rashan Gary,GB,CLE,2025,3,2.0,3.0,DL,0.67,interior,0.8,2.0,2.4,0,8.5,41.5
ParsMi00,Micah Parsons,GB,CLE,2025,3,0.0,1.0,DL,0.77,interior,1.2,3.8,2.4,0,8.5,41.5
WalkQu00,Quay Walker,GB,CLE,2025,3,0.0,2.0,LB,1.0,edge,0.2,0.4,2.4,0,8.5,41.5
AlShAz00,Azeez Al-Shaair,HOU,JAX,2025,3,0.0,0.0,LB,1.0,edge,0.2,0.8,1.2,0,-1.5,43.5
AndeWi01,Will Anderson,HOU,JAX,2025,3,1.0,1.0,DE,0.61,edge,1.1,2.2,1.2,0,-1.5,43.5
HuntDa01,Danielle Hunter,HOU,JAX,2025,3,0.0,2.0,DE,0.66,edge,0.7,2.2,1.2,0,-1.5,43.5
TooTHe00,Henry To'oTo'o,HOU,JAX,2025,3,0.0,0.0,LB,0.89,edge,0.2,0.2,1.2,0,-1.5,43.5
FranZa00,Zaire Franklin,IND,TEN,2025,3,0.0,0.0,LB,0.99,edge,0.2,0.2,3.4,0,6.0,43.5
StewGr00,Grover Stewart,IND,TEN,2025,3,0.0,1.0,DT,0.61,interior,0.0,1.0,3.4,0,6.0,43.5
AlleJo03,Josh Hines-Allen,JAX,HOU,2025,3,0.5,3.0,DE,0.73,edge,0.4,1.8,3.6,0,1.5,43.5
ArmsAr01,Arik Armstead,JAX,HOU,2025,3,0.5,1.0,DT,0.68,interior,0.4,1.4,3.6,0,1.5,43.5
LloyDe00,Devin Lloyd,JAX,HOU,2025,3,0.0,0.0,LB,0.68,edge,0.2,0.8,3.6,0,1.5,43.5
OluoFo00,Foyesade Oluokun,JAX,HOU,2025,3,0.0,0.0,LB,1.0,edge,0.2,0.2,3.6,0,1.5,43.5
WalkTr03,Travon Walker,JAX,HOU,2025,3,1.0,1.0,DE,0.7,edge,0.6,2.4,3.6,0,1.5,43.5
BoltNi00,Nick Bolton,KC,NYG,2025,3,0.0,0.0,LB,1.0,edge,0.0,0.6,1.4,0,6.0,44.5
JoneCh09,Chris Jones,KC,NYG,2025,3,1.0,2.0,DT,0.92,interior,0.2,2.6,1.4,0,6.0,44.5
KarlGe00,George Karlaftis III,KC,NYG,2025,3,1.0,4.0,DE,0.89,edge,1.2,2.8,1.4,0,6.0,44.5
TranDr00,Drue Tranquill,KC,NYG,2025,3,0.0,0.0,LB,0.79,edge,0.6,0.8,1.4,0,6.0,44.5
LandNa01,Nathan Landman,LA,PHI,2025,3,0.0,0.0,LB,0.94,edge,0.0,0.4,2.6,0,-3.5,45.5
SpeiOm00,Omar Speights,LA,PHI,2025,3,0.0,0.0,LB,0.78,edge,0.2,0.2,2.6,0,-3.5,45.5
TurnKo00,Kobie Turner,LA,PHI,2025,3,0.0,1.0,DE,0.66,edge,0.8,1.6,2.6,0,-3.5,45.5
VersJa00,Jared Verse,LA,PHI,2025,3,1.0,1.0,LB,0.78,edge,0.4,1.4,2.6,0,-3.5,45.5
YounBy01,Byron Young,LA,PHI,2025,3,1.0,1.0,LB,0.78,edge,1.1,1.8,2.6,0,-3.5,45.5
DuprAl00,Bud Dupree,LAC,DEN,2025,3,0.0,0.0,LB,0.62,edge,0.4,1.0,1.0,1,2.5,45.5
DyexTr00,Troy Dye,LAC,DEN,2025,3,1.0,1.0,LB,0.73,edge,0.0,0.0,1.0,1,2.5,45.5
HandDa00,Da'Shawn Hand,LAC,DEN,2025,3,0.0,2.0,DL,0.63,interior,0.0,1.0,1.0,1,2.5,45.5
HenlDa00,Daiyan Henley,LAC,DEN,2025,3,0.0,2.0,LB,1.0,edge,0.4,0.6,1.0,1,2.5,45.5
TuipTu00,Tuli Tuipulotu,LAC,DEN,2025,3,0.0,3.0,LB,0.81,edge,0.2,0.8,1.0,1,2.5,45.5
ButlAd00,Adam Butler,LV,WAS,2025,3,0.0,0.0,DT,0.67,interior,0.5,1.2,2.2,0,-2.5,43.5
CrosMa00,Maxx Crosby,LV,WAS,2025,3,1.0,2.0,DE,1.0,edge,0.4,1.8,2.2,0,-2.5,43.5
LaulJo00,Jonah Laulu,LV,WAS,2025,3,0.0,0.0,DT,0.62,interior,0.3333333333333333,1.3333333333333333,2.2,0,-2.5,43.5
PratGe00,Germaine Pratt,LV,WAS,2025,3,0.0,0.0,LB,0.97,edge,0.0,0.2,2.2,0,-2.5,43.5
WhitDe02,Devin White,LV,WAS,2025,3,0.0,1.0,LB,1.0,edge,0.0,0.4,2.2,0,-2.5,43.5
BrooJo01,Jordyn Brooks,MIA,BUF,2025,3,0.0,0.0,LB,1.0,edge,0.4,0.6,1.4,0,-12.5,50.5
ChubBr00,Bradley Chubb,MIA,BUF,2025,3,1.0,1.0,LB,0.68,edge,1.1,3.2,1.4,0,-12.5,50.5
DodsTy01,Tyrel Dodson,MIA,BUF,2025,3,1.0,1.0,LB,1.0,edge,0.0,0.6,1.4,0,-12.5,50.5
PhilJa02,Jaelan Phillips,MIA,BUF,2025,3,0.0,2.0,LB,0.7,edge,0.8,1.6,1.4,0,-12.5,50.5
GreeJo04,Jonathan Greenard,MIN,CIN,2025,3,0.0,1.0,LB,0.79,edge,0.4,2.2,4.2,1,3.0,41.5
PaceIv00,Ivan Pace,MIN,CIN,2025,3,0.0,3.0,LB,0.77,edge,0.0,0.6,4.2,1,3.0,41.5
RodrLe00,Levi Drake Rodriguez,MIN,CIN,2025,3,0.0,0.0,DL,0.68,interior,,,4.2,1,3.0,41.5
TurnDa01,Dallas Turner,MIN,CIN,2025,3,0.0,2.0,LB,0.61,edge,1.0,2.0,4.2,1,3.0,41.5
WilsEr00,Eric Wilson,MIN,CIN,2025,3,0.0,0.0,LB,0.73,edge,0.0,0.8,4.2,1,3.0,41.5
BarmCh00,Christian Barmore,NE,PIT,2025,3,0.0,1.0,DT,0.69,interior,0.9,1.6,4.0,0,-1.5,44.5
ChaiKL00,K'Lavon Chaisson,NE,PIT,2025,3,0.0,2.0,LB,0.76,edge,0.7,1.2,4.0,0,-1.5,44.5
LandHa00,Harold Landry,NE,PIT,2025,3,0.0,1.0,LB,0.78,edge,0.9,1.2,4.0,0,-1.5,44.5
SpilRo00,Robert Spillane,NE,PIT,2025,3,0.0,1.0,LB,1.0,edge,0.4,0.6,4.0,0,-1.5,44.5
WillMi08,Milton Williams,NE,PIT,2025,3,0.0,0.0,DT,0.7,interior,0.4,1.6,4.0,0,-1.5,44.5
BresBr00,Bryan Bresee,NO,SEA,2025,3,0.0,1.0,DT,0.7,interior,0.6,1.6,2.0,0,-7.5,41.5
DaviDe00,Demario Davis,NO,SEA,2025,3,0.0,0.0,LB,0.93,edge,0.0,0.2,2.0,0,-7.5,41.5
GranCa01,Carl Granderson,NO,SEA,2025,3,0.0,0.0,DE,0.6,edge,0.9,2.8,2.0,0,-7.5,41.5
JordCa00,Cameron Jordan,NO,SEA,2025,3,0.0,0.0,DE,0.6,edge,0.5,1.6,2.0,0,-7.5,41.5
ShepNa00,Nathan Shepherd,NO,SEA,2025,3,0.0,0.0,DT,0.61,interior,0.3,1.2,2.0,0,-7.5,41.5
WernPe00,Pete Werner,NO,SEA,2025,3,0.0,0.0,LB,0.74,edge,0.2,0.4,2.0,0,-7.5,41.5
BurnBr00,Brian Burns,NYG,KC,2025,3,1.0,3.0,LB,0.85,edge,0.8,2.0,3.0,0,-6.0,44.5
CartAb00,Abdul Carter,NYG,KC,2025,3,0.0,1.0,LB,0.79,edge,0.0,2.0,3.0,0,-6.0,44.5
LawrDe03,Dexter Lawrence,NYG,KC,2025,3,0.0,2.0,DL,0.65,interior,0.0,0.8,3.0,0,-6.0,44.5
OkerBo00,Bobby Okereke,NYG,KC,2025,3,0.0,0.0,LB,0.99,edge,0.0,0.2,3.0,0,-6.0,44.5
ThibKa00,Kayvon Thibodeaux,NYG,KC,2025,3,0.0,2.0,LB,0.9,edge,0.5,1.6,3.0,0,-6.0,44.5
McDoWi00,Will McDonald,NYJ,TB,2025,3,0.0,0.0,DE,0.65,edge,0.1,2.0,1.8,0,-6.5,43.5
PhilHa00,Harrison Phillips,NYJ,TB,2025,3,0.5,1.0,DL,0.62,interior,0.0,0.4,1.8,0,-6.5,43.5
SherJa00,Jamien Sherwood,NYJ,TB,2025,3,0.0,0.0,LB,1.0,edge,0.0,0.0,1.8,0,-6.5,43.5
WillQu00,Quinnen Williams,NYJ,TB,2025,3,0.0,0.0,DL,0.67,interior,0.4,2.2,1.8,0,-6.5,43.5
BaunZa00,Zack Baun,PHI,LA,2025,3,0.0,0.0,LB,1.0,edge,0.0,0.4,2.8,0,3.5,45.5
CampJi00,Jihaad Campbell,PHI,LA,2025,3,0.0,0.0,LB,0.95,edge,0.0,0.5,2.8,0,3.5,45.5
CartJa05,Jalen Carter,PHI,LA,2025,3,0.0,2.0,DT,0.91,interior,0.4,2.4,2.8,0,3.5,45.5
DaviJo03,Jordan Davis,PHI,LA,2025,3,1.0,1.0,DT,0.68,interior,0.25,1.0,2.8,0,3.5,45.5
HuntJa02,Jalyx Hunt,PHI,LA,2025,3,0.0,3.0,LB,0.65,edge,0.0,1.0,2.8,0,3.5,45.5
SmitNo02,Nolan Smith,PHI,LA,2025,3,0.0,1.0,LB,0.7,edge,0.8,1.4,2.8,0,3.5,45.5
BentKe00,Keeanu Benton,PIT,NE,2025,3,0.0,0.0,DL,0.65,interior,0.0,0.4,2.6,0,1.5,44.5
HerbNi00,Nick Herbig,PIT,NE,2025,3,1.0,5.0,LB,0.82,edge,0.4,2.4,2.6,0,1.5,44.5
HeywCa01,Cameron Heyward,PIT,NE,2025,3,1.0,1.0,DT,0.74,interior,0.6,1.6,2.6,0,1.5,44.5
QueePa00,Patrick Queen,PIT,NE,2025,3,0.0,0.0,LB,1.0,edge,0.2,0.8,2.6,0,1.5,44.5
WattT.00,T.J. Watt,PIT,NE,2025,3,2.0,3.0,LB,0.85,edge,0.4,1.2,2.6,0,1.5,44.5
JoneEr01,Ernest Jones,SEA,NO,2025,3,0.0,0.0,LB,0.92,edge,0.1,0.8,2.6,0,7.5,41.5
LawrDe00,DeMarcus Lawrence,SEA,NO,2025,3,0.0,0.0,DE,0.62,edge,0.4,2.6,2.6,0,7.5,41.5
MurpBy01,Byron Murphy,SEA,NO,2025,3,1.0,2.0,DT,0.7,interior,0.75,3.5,2.6,0,7.5,41.5
WillLe02,Leonard Williams,SEA,NO,2025,3,0.5,2.0,DE,0.62,edge,0.9,1.6,2.6,0,7.5,41.5
OkuaSa00,Sam Okuayinonu,SF,ARI,2025,3,0.0,0.0,DL,0.64,interior,0.0,0.5,2.6,0,1.5,44.5
WarnFr00,Fred Warner,SF,ARI,2025,3,0.0,0.0,LB,1.0,edge,0.0,0.4,2.6,0,1.5,44.5
WillMy00,Mykel Williams,SF,ARI,2025,3,0.0,1.0,DL,0.65,interior,0.0,0.0,2.6,0,1.5,44.5
WintDe00,Dee Winters,SF,ARI,2025,3,0.0,1.0,LB,1.0,edge,0.0,0.2,2.6,0,1.5,44.5
DaviLa00,Lavonte David,TB,NYJ,2025,3,1.0,4.0,LB,0.99,edge,0.3,1.2,2.6,0,6.5,43.5
DennSi00,SirVocea Dennis,TB,NYJ,2025,3,0.0,1.0,LB,1.0,edge,0.0,0.3333333333333333,2.6,0,6.5,43.5
DiabYa00,YaYa Diaby,TB,NYJ,2025,3,1.0,2.0,LB,0.7,edge,0.4,2.2,2.6,0,6.5,43.5
ReddHa00,Haason Reddick,TB,NYJ,2025,3,0.0,0.0,LB,0.8,edge,0.3,1.0,2.6,0,6.5,43.5
BartCo00,Cody Barton,TEN,IND,2025,3,0.0,0.0,LB,1.0,edge,0.0,0.0,1.6,0,-6.0,43.5
OladOl00,Oluwafemi Oladejo,TEN,IND,2025,3,0.0,0.0,LB,0.68,edge,,,1.6,0,-6.0,43.5
SimmJe01,Jeffery Simmons,TEN,IND,2025,3,0.0,0.0,DT,0.79,interior,0.4,2.2,1.6,0,-6.0,43.5
LuvuFr00,Frankie Luvu,WAS,LV,2025,3,0.0,0.0,LB,0.91,edge,0.2,1.0,2.0,0,2.5,43.5
PaynDa00,Daron Payne,WAS,LV,2025,3,0.0,1.0,DT,0.65,interior,0.4,1.6,2.0,0,2.5,43.5
WagnBo00,Bobby Wagner,WAS,LV,2025,3,2.0,3.0,LB,1.0,edge,0.1,0.2,2.0,0,2.5,43.5
DaviAk01,Akeem Davis-Gaither,ARI,SEA,2025,4,0.0,0.0,LB,0.79,edge,0.0,0.2,1.6,1,-1.5,43.5
WilsMa03,Mack Wilson,ARI,SEA,2025,4,0.0,0.0,LB,0.97,edge,0.0,0.8,1.6,1,-1.5,43.5
DeabDi00,Divine Deablo,ATL,WAS,2025,4,0.0,0.0,LB,1.0,edge,0.1,0.2,2.2,1,2.5,43.5
ElliKa00,Kaden Elliss,ATL,WAS,2025,4,0.5,2.0,LB,1.0,edge,0.2,0.6,2.2,1,2.5,43.5
BuchTe00,Teddye Buchanan,BAL,KC,2025,4,0.0,1.0,LB,0.73,edge,0.0,0.0,2.6,0,2.5,48.5
GreeMi02,Mike Green,BAL,KC,2025,4,0.0,0.0,LB,0.62,edge,0.0,1.0,2.6,0,2.5,48.5
RobiTa00,Tavius Robinson,BAL,KC,2025,4,1.0,1.0,LB,0.78,edge,0.3333333333333333,1.0,2.6,0,2.5,48.5
BernTe00,Terrel Bernard,BUF,NO,2025,4,0.0,3.0,LB,0.99,edge,0.0,0.2,2.4,0,15.5,48.5
BosaJo00,Joey Bosa,BUF,NO,2025,4,1.0,1.0,DE,0.73,edge,0.6,2.2,2.4,0,15.5,48.5
RousGr00,Gregory Rousseau,BUF,NO,2025,4,0.0,0.0,DE,0.66,edge,0.6,2.6,2.4,0,15.5,48.5
WillDo04,Dorian Williams,BUF,NO,2025,4,0.0,0.0,LB,0.84,edge,0.0,0.8,2.4,0,15.5,48.5
RozeCh00,Christian Rozeboom,CAR,NE,2025,4,0.0,0.0,LB,1.0,edge,0.0,0.0,3.4,0,-5.5,42.5
ScouNi00,Nic Scourton,CAR,NE,2025,4,0.0,0.0,LB,0.9,edge,0.0,0.0,3.4,0,-5.5,42.5
WallTr00,Trevin Wallace,CAR,NE,2025,4,0.0,0.0,LB,0.94,edge,0.2,0.2,3.4,0,-5.5,42.5
WharTe00,Tershawn Wharton,CAR,NE,2025,4,1.0,1.0,DT,0.63,interior,0.2,1.0,3.4,0,-5.5,42.5
DextGe00,Gervon Dexter,CHI,LV,2025,4,0.0,0.0,DL,0.65,interior,0.4,1.0,2.6,1,-1.5,47.5
EdmuTr01,Tremaine Edmunds,CHI,LV,2025,4,0.0,0.0,LB,0.92,edge,0.0,0.0,2.6,1,-1.5,47.5
SeweNo00,Noah Sewell,CHI,LV,2025,4,0.0,1.0,LB,0.96,edge,0.0,0.0,2.6,1,-1.5,47.5
HendTr00,Trey Hendrickson,CIN,DEN,2025,4,0.0,1.0,DE,0.6,edge,1.4,4.4,1.0,0,-7.5,44.5
HillB.00,B.J. Hill,CIN,DEN,2025,4,0.0,1.0,DT,0.64,interior,0.4,1.4,1.0,0,-7.5,44.5
KnigDe00,Demetrius Knight,CIN,DEN,2025,4,0.0,0.0,LB,0.88,edge,0.0,0.0,1.0,0,-7.5,44.5
MurpMy00,Myles Murphy,CIN,DEN,2025,4,0.0,2.0,DE,0.64,edge,,,1.0,0,-7.5,44.5
WilsLo00,Logan Wilson,CIN,DEN,2025,4,0.0,0.0,LB,0.8,edge,0.0,0.2,1.0,0,-7.5,44.5
BushDe01,Devin Bush Jr.,CLE,DET,2025,4,0.0,0.0,LB,0.82,edge,0.4,0.6,1.6,1,-10.0,44.5
CollMa00,Maliek Collins,CLE,DET,2025,4,0.0,1.0,DT,0.7,interior,0.3,1.2,1.6,1,-10.0,44.5
GarrMy00,Myles Garrett,CLE,DET,2025,4,0.0,5.0,DE,0.8,edge,1.2,1.8,1.6,1,-10.0,44.5
GrahMa00,Mason Graham,CLE,DET,2025,4,0.0,1.0,DT,0.75,interior,0.25,0.5,1.6,1,-10.0,44.5
SchwCa00,Carson Schwesinger,CLE,DET,2025,4,0.0,0.0,LB,0.93,edge,0.3333333333333333,0.6666666666666666,1.6,1,-10.0,44.5
ClarKe01,Kenny Clark,DAL,GB,2025,4,0.0,2.0,DT,0.7,interior,0.4,0.4,2.4,1,-7.0,47.5
MurrKe00,Kenneth Murray,DAL,GB,2025,4,0.0,0.0,LB,0.94,edge,0.1,0.2,2.4,1,-7.0,47.5
OdigOs00,Osa Odighizuwa,DAL,GB,2025,4,0.0,2.0,DT,0.64,interior,0.3,3.0,2.4,1,-7.0,47.5
SanbJa00,Jack Sanborn,DAL,GB,2025,4,0.0,0.0,LB,0.75,edge,0.0,0.0,2.4,1,-7.0,47.5
BoniNi00,Nik Bonitto,DEN,CIN,2025,4,1.5,2.0,LB,0.6,edge,0.2,1.6,4.2,0,7.5,44.5
CoopJo02,Jonathon Cooper,DEN,CIN,2025,4,0.5,3.0,LB,0.6,edge,0.5,1.2,4.2,0,7.5,44.5
SingAl00,Alex Singleton,DEN,CIN,2025,4,0.0,1.0,LB,1.0,edge,0.0,0.8,4.2,0,7.5,44.5
AnzaAl00,Alex Anzalone,DET,CLE,2025,4,1.0,1.0,LB,1.0,edge,0.1,0.6,1.8,1,10.0,44.5
BarnDe02,Derrick Barnes,DET,CLE,2025,4,0.0,1.0,LB,0.91,edge,0.2,0.2,1.8,1,10.0,44.5
CampJa04,Jack Campbell,DET,CLE,2025,4,0.0,0.0,LB,1.0,edge,0.2,1.0,1.8,1,10.0,44.5
HutcAi00,Aidan Hutchinson,DET,CLE,2025,4,2.0,5.0,DE,0.94,edge,0.6,2.6,1.8,1,10.0,44.5
LopeRo00,Roy Lopez,DET,CLE,2025,4,0.0,0.0,DL,0.6,interior,0.0,1.0,1.8,1,10.0,44.5
ReadD.00,D.J. Reader,DET,CLE,2025,4,0.0,2.0,DL,0.6,interior,0.0,1.2,1.8,1,10.0,44.5
CoopEd00,Edgerrin Cooper,GB,DAL,2025,4,0.0,0.0,LB,1.0,edge,0.1,0.8,1.6,1,7.0,47.5
ParsMi00,Micah Parsons,GB,DAL,2025,4,1.0,5.0,DL,0.68,interior,0.8,3.2,1.6,1,7.0,47.5
WalkQu00,Quay Walker,GB,DAL,2025,4,0.0,0.0,LB,1.0,edge,0.0,0.6,1.6,1,7.0,47.5
WoodCo01,Colby Wooden,GB,DAL,2025,4,0.0,1.0,DL,0.67,interior,,,1.6,1,7.0,47.5
AlShAz00,Azeez Al-Shaair,HOU,TEN,2025,4,0.0,1.0,LB,0.94,edge,0.0,0.6,4.0,1,7.5,39.5
AndeWi01,Will Anderson,HOU,TEN,2025,4,0.0,3.0,DE,0.76,edge,1.3,2.0,4.0,1,7.5,39.5
HuntDa01,Danielle Hunter,HOU,TEN,2025,4,2.0,3.0,DE,0.72,edge,0.4,2.2,4.0,1,7.5,39.5
BuckDe00,DeForest Buckner,IND,LA,2025,4,0.0,1.0,DT,0.77,interior,0.2,0.8,2.4,1,-3.5,49.5
FranZa00,Zaire Franklin,IND,LA,2025,4,0.0,2.0,LB,1.0,edge,0.2,0.2,2.4,1,-3.5,49.5
LatuLa00,Laiatu Latu,IND,LA,2025,4,1.0,2.0,DE,0.64,edge,0.6,2.0,2.4,1,-3.5,49.5
AlleJo03,Josh Hines-Allen,JAX,SF,2025,4,0.0,4.0,DE,0.83,edge,0.3,2.2,1.8,0,-3.5,45.5
ArmsAr01,Arik Armstead,JAX,SF,2025,4,1.0,1.0,DT,0.62,interior,0.5,1.2,1.8,0,-3.5,45.5
LloyDe00,Devin Lloyd,JAX,SF,2025,4,0.0,0.0,LB,0.94,edge,0.2,0.6,1.8,0,-3.5,45.5
OgbaEm00,Emmanuel Ogbah,JAX,SF,2025,4,0.0,2.0,DL,0.65,interior,0.3,2.0,1.8,0,-3.5,45.5
OluoFo00,Foyesade Oluokun,JAX,SF,2025,4,0.0,0.0,LB,0.83,edge,0.2,0.2,1.8,0,-3.5,45.5
BoltNi00,Nick Bolton,KC,BAL,2025,4,0.0,1.0,LB,0.93,edge,0.0,0.6,3.0,0,-2.5,48.5
ChenLe00,Leo Chenal,KC,BAL,2025,4,0.0,0.0,LB,0.69,edge,0.2,1.2,3.0,0,-2.5,48.5
JoneCh09,Chris Jones,KC,BAL,2025,4,0.0,2.0,DT,0.69,interior,0.4,2.4,3.0,0,-2.5,48.5
KarlGe00,George Karlaftis III,KC,BAL,2025,4,1.0,4.0,DE,0.85,edge,1.2,3.4,3.0,0,-2.5,48.5
TranDr00,Drue Tranquill,KC,BAL,2025,4,0.0,0.0,LB,0.84,edge,0.6,0.6,3.0,0,-2.5,48.5
LandNa01,Nathan Landman,LA,IND,2025,4,0.0,0.0,LB,0.97,edge,0.0,0.2,1.4,1,3.5,49.5
SpeiOm00,Omar Speights,LA,IND,2025,4,0.0,0.0,LB,0.74,edge,0.2,0.2,1.4,1,3.5,49.5
TurnKo00,Kobie Turner,LA,IND,2025,4,0.0,2.0,DE,0.75,edge,0.8,1.4,1.4,1,3.5,49.5
VersJa00,Jared Verse,LA,IND,2025,4,1.0,3.0,LB,0.8,edge,0.6,1.6,1.4,1,3.5,49.5
YounBy01,Byron Young,LA,IND,2025,4,1.0,3.0,LB,0.77,edge,1.3,2.0,1.4,1,3.5,49.5
DyexTr00,Troy Dye,LAC,NYG,2025,4,0.0,1.0,LB,0.86,edge,0.2,0.2,1.2,0,6.0,43.5
HenlDa00,Daiyan Henley,LAC,NYG,2025,4,0.0,0.0,LB,1.0,edge,0.4,1.0,1.2,0,6.0,43.5
TuipTu00,Tuli Tuipulotu,LAC,NYG,2025,4,4.0,8.0,LB,0.8,edge,0.2,1.4,1.2,0,6.0,43.5
ButlAd00,Adam Butler,LV,CHI,2025,4,0.0,0.0,DT,0.71,interior,0.3,1.0,2.8,1,1.5,47.5
CrosMa00,Maxx Crosby,LV,CHI,2025,4,0.0,3.0,DE,0.97,edge,0.6,1.6,2.8,1,1.5,47.5
LaulJo00,Jonah Laulu,LV,CHI,2025,4,0.0,0.0,DT,0.71,interior,0.25,1.0,2.8,1,1.5,47.5
PratGe00,Germaine Pratt,LV,CHI,2025,4,0.0,0.0,LB,0.88,edge,0.0,0.0,2.8,1,1.5,47.5
WhitDe02,Devin White,LV,CHI,2025,4,0.0,1.0,LB,1.0,edge,0.0,0.4,2.8,1,1.5,47.5
BrooJo01,Jordyn Brooks,MIA,NYJ,2025,4,0.0,1.0,LB,1.0,edge,0.2,0.4,3.2,0,2.5,44.5
DodsTy01,Tyrel Dodson,MIA,NYJ,2025,4,1.0,1.0,LB,1.0,edge,0.2,0.8,3.2,0,2.5,44.5
PhilJa02,Jaelan Phillips,MIA,NYJ,2025,4,0.0,0.0,LB,0.76,edge,0.4,1.2,3.2,0,2.5,44.5
GreeJo04,Jonathan Greenard,MIN,PIT,2025,4,0.0,1.0,LB,0.91,edge,0.4,1.8,3.0,0,2.5,41.5
PaceIv00,Ivan Pace,MIN,PIT,2025,4,0.0,0.0,LB,0.77,edge,0.0,1.2,3.0,0,2.5,41.5
RedmJa01,Jalen Redmond,MIN,PIT,2025,4,2.0,2.0,DL,0.68,interior,,,3.0,0,2.5,41.5
TurnDa01,Dallas Turner,MIN,PIT,2025,4,0.0,2.0,LB,1.0,edge,0.5,2.0,3.0,0,2.5,41.5
WilsEr00,Eric Wilson,MIN,PIT,2025,4,0.0,1.0,LB,1.0,edge,0.0,0.4,3.0,0,2.5,41.5
LandHa00,Harold Landry,NE,CAR,2025,4,0.0,1.0,LB,0.71,edge,0.9,1.4,2.0,0,5.5,42.5
SpilRo00,Robert Spillane,NE,CAR,2025,4,0.0,0.0,LB,0.74,edge,0.4,0.8,2.0,0,5.5,42.5
BresBr00,Bryan Bresee,NO,BUF,2025,4,1.0,1.0,DT,0.64,interior,0.2,1.4,1.4,0,-15.5,48.5
DaviDe00,Demario Davis,NO,BUF,2025,4,0.0,0.0,LB,1.0,edge,0.0,0.0,1.4,0,-15.5,48.5
GranCa01,Carl Granderson,NO,BUF,2025,4,1.0,1.0,DE,0.71,edge,0.9,1.8,1.4,0,-15.5,48.5
JordCa00,Cameron Jordan,NO,BUF,2025,4,1.0,2.0,DE,0.66,edge,0.3,1.0,1.4,0,-15.5,48.5
ShepNa00,Nathan Shepherd,NO,BUF,2025,4,0.0,2.0,DT,0.76,interior,0.3,1.0,1.4,0,-15.5,48.5
WernPe00,Pete Werner,NO,BUF,2025,4,0.0,0.0,LB,0.69,edge,0.2,0.4,1.4,0,-15.5,48.5
BurnBr00,Brian Burns,NYG,LAC,2025,4,1.0,6.0,LB,0.81,edge,0.8,1.6,3.0,0,-6.0,43.5
CartAb00,Abdul Carter,NYG,LAC,2025,4,0.0,5.0,LB,0.73,edge,0.0,1.5,3.0,0,-6.0,43.5
LawrDe03,Dexter Lawrence,NYG,LAC,2025,4,0.0,1.0,DL,0.71,interior,0.0,1.0,3.0,0,-6.0,43.5
OkerBo00,Bobby Okereke,NYG,LAC,2025,4,0.0,0.0,LB,1.0,edge,0.0,0.2,3.0,0,-6.0,43.5
ThibKa00,Kayvon Thibodeaux,NYG,LAC,2025,4,1.0,3.0,LB,0.78,edge,0.5,1.6,3.0,0,-6.0,43.5
ClemMi03,Micheal Clemons,NYJ,MIA,2025,4,0.0,1.0,DL,0.71,interior,0.2,1.2,3.0,0,-2.5,44.5
MauiFr00,Francisco Mauigoa,NYJ,MIA,2025,4,0.0,0.0,LB,0.9,edge,,,3.0,0,-2.5,44.5
SherJa00,Jamien Sherwood,NYJ,MIA,2025,4,0.0,0.0,LB,1.0,edge,0.0,0.0,3.0,0,-2.5,44.5
WillQu00,Quinnen Williams,NYJ,MIA,2025,4,0.0,1.0,DL,0.78,interior,0.2,1.6,3.0,0,-2.5,44.5
BaunZa00,Zack Baun,PHI,TB,2025,4,1.0,1.0,LB,1.0,edge,0.0,0.4,1.6,0,3.5,44.5
CampJi00,Jihaad Campbell,PHI,TB,2025,4,0.0,0.0,LB,0.97,edge,0.0,0.3333333333333333,1.6,0,3.5,44.5
CartJa05,Jalen Carter,PHI,TB,2025,4,0.0,1.0,DT,0.68,interior,0.4,2.4,1.6,0,3.5,44.5
HuntJa02,Jalyx Hunt,PHI,TB,2025,4,0.0,0.0,LB,0.72,edge,0.0,2.0,1.6,0,3.5,44.5
OjomMo00,Moro Ojomo,PHI,TB,2025,4,1.0,3.0,DT,0.67,interior,0.3333333333333333,1.6666666666666667,1.6,0,3.5,44.5
BentKe00,Keeanu Benton,PIT,MIN,2025,4,1.5,3.0,DL,0.61,interior,0.0,0.4,4.6,0,-2.5,41.5
HerbNi00,Nick Herbig,PIT,MIN,2025,4,1.5,4.0,LB,0.87,edge,0.6,3.4,4.6,0,-2.5,41.5
HeywCa01,Cameron Heyward,PIT,MIN,2025,4,0.0,1.0,DT,0.7,interior,0.8,1.6,4.6,0,-2.5,41.5
QueePa00,Patrick Queen,PIT,MIN,2025,4,1.0,1.0,LB,1.0,edge,0.2,0.8,4.6,0,-2.5,41.5
WattT.00,T.J. Watt,PIT,MIN,2025,4,1.0,5.0,LB,0.91,edge,0.4,1.4,4.6,0,-2.5,41.5
WilsPa00,Payton Wilson,PIT,MIN,2025,4,0.0,0.0,LB,0.87,edge,0.5,1.5,4.6,0,-2.5,41.5
JoneEr01,Ernest Jones,SEA,ARI,2025,4,0.5,1.0,LB,1.0,edge,0.1,0.8,2.2,1,1.5,43.5
MafeBo00,Boye Mafe,SEA,ARI,2025,4,0.0,1.0,LB,0.6,edge,0.2,1.2,2.2,1,1.5,43.5
ThomDr00,Drake Thomas,SEA,ARI,2025,4,1.0,1.0,LB,0.66,edge,,,2.2,1,1.5,43.5
WillLe02,Leonard Williams,SEA,ARI,2025,4,1.5,2.0,DE,0.79,edge,1.0,1.8,2.2,1,1.5,43.5
WarnFr00,Fred Warner,SF,JAX,2025,4,0.0,0.0,LB,1.0,edge,0.0,0.4,1.4,0,3.5,45.5
WintDe00,Dee Winters,SF,JAX,2025,4,0.0,0.0,LB,1.0,edge,0.0,0.4,1.4,0,3.5,45.5
DaviLa00,Lavonte David,TB,PHI,2025,4,0.0,1.0,LB,1.0,edge,0.5,1.6,2.0,0,-3.5,44.5
DennSi00,SirVocea Dennis,TB,PHI,2025,4,0.0,0.0,LB,0.93,edge,0.0,0.5,2.0,0,-3.5,44.5
DiabYa00,YaYa Diaby,TB,PHI,2025,4,0.0,0.0,LB,0.82,edge,0.4,1.8,2.0,0,-3.5,44.5
VeaxVi00,Vita Vea,TB,PHI,2025,4,2.0,2.0,NT,0.65,interior,0.2,1.4,2.0,0,-3.5,44.5
BartCo00,Cody Barton,TEN,HOU,2025,4,0.0,0.0,LB,1.0,edge,0.0,0.0,3.8,1,-7.5,39.5
GrayCe00,Cedric Gray,TEN,HOU,2025,4,0.0,1.0,LB,0.94,edge,0.0,0.5,3.8,1,-7.5,39.5
JoneDr00,Dre'Mont Jones,TEN,HOU,2025,4,0.0,0.0,LB,0.61,edge,0.4,1.2,3.8,1,-7.5,39.5
SimmJe01,Jeffery Simmons,TEN,HOU,2025,4,1.0,1.0,DT,0.93,interior,0.4,1.8,3.8,1,-7.5,39.5
ArmsDo00,Dorance Armstrong Jr.,WAS,ATL,2025,4,0.0,1.0,DE,0.6,edge,0.7,1.2,1.4,1,-2.5,43.5
KinlJa00,Javon Kinlaw,WAS,ATL,2025,4,0.0,0.0,DT,0.62,interior,0.2,0.6,1.4,1,-2.5,43.5
LuvuFr00,Frankie Luvu,WAS,ATL,2025,4,1.0,1.0,LB,1.0,edge,0.2,1.0,1.4,1,-2.5,43.5
PaynDa00,Daron Payne,WAS,ATL,2025,4,0.0,0.0,DT,0.65,interior,0.2,1.0,1.4,1,-2.5,43.5
WagnBo00,Bobby Wagner,WAS,ATL,2025,4,0.0,0.0,LB,1.0,edge,0.4,0.6,1.4,1,-2.5,43.5
WilsMa03,Mack Wilson,ARI,TEN,2025,5,0.0,0.0,LB,1.0,edge,0.0,0.6,3.8,1,7.5,41.5
BuchTe00,Teddye Buchanan,BAL,HOU,2025,5,0.0,0.0,LB,1.0,edge,0.0,0.3333333333333333,3.6,0,-2.5,41.5
GreeMi02,Mike Green,BAL,HOU,2025,5,0.0,0.0,LB,0.6,edge,0.0,0.6666666666666666,3.6,0,-2.5,41.5
JenkJo00,John Jenkins,BAL,HOU,2025,5,0.0,0.0,DL,0.76,interior,0.2,1.0,3.6,0,-2.5,41.5
RobiTa00,Tavius Robinson,BAL,HOU,2025,5,0.0,1.0,LB,0.71,edge,0.5,1.0,3.6,0,-2.5,41.5
SimpTr00,Trenton Simpson,BAL,HOU,2025,5,1.0,1.0,LB,0.94,edge,0.2,0.2,3.6,0,-2.5,41.5
BernTe00,Terrel Bernard,BUF,NE,2025,5,0.0,1.0,LB,1.0,edge,0.0,0.8,2.8,0,7.5,49.5
JoneDa04,DaQuan Jones,BUF,NE,2025,5,0.0,1.0,DT,0.73,interior,0.2,1.4,2.8,0,7.5,49.5
RousGr00,Gregory Rousseau,BUF,NE,2025,5,1.0,3.0,DE,0.7,edge,0.4,1.6,2.8,0,7.5,49.5
ThomSh01,Shaq Thompson,BUF,NE,2025,5,1.0,2.0,LB,0.67,edge,0.0,0.6,2.8,0,7.5,49.5
WalkDe04,Deone Walker,BUF,NE,2025,5,0.5,1.0,DT,0.6,interior,,,2.8,0,7.5,49.5
BrowDe05,Derrick Brown,CAR,MIA,2025,5,1.0,1.0,DE,0.82,edge,0.2,1.4,2.2,0,-1.5,44.5
JonePa00,Patrick Jones II,CAR,MIA,2025,5,1.0,2.0,LB,0.69,edge,0.4,1.6,2.2,0,-1.5,44.5
RobiAS00,A'Shawn Robinson,CAR,MIA,2025,5,1.0,1.0,DE,0.75,edge,0.7,1.2,2.2,0,-1.5,44.5
RozeCh00,Christian Rozeboom,CAR,MIA,2025,5,0.0,0.0,LB,0.69,edge,0.0,0.0,2.2,0,-1.5,44.5
ScouNi00,Nic Scourton,CAR,MIA,2025,5,0.0,0.0,LB,0.6,edge,0.0,0.0,2.2,0,-1.5,44.5
WallTr00,Trevin Wallace,CAR,MIA,2025,5,0.0,0.0,LB,1.0,edge,0.2,0.2,2.2,0,-1.5,44.5
HendTr00,Trey Hendrickson,CIN,DET,2025,5,2.0,3.0,DE,0.6,edge,1.2,3.8,1.2,0,-10.5,49.5
HillB.00,B.J. Hill,CIN,DET,2025,5,0.0,1.0,DT,0.74,interior,0.2,1.0,1.2,0,-10.5,49.5
OssaJo00,Joseph Ossai,CIN,DET,2025,5,1.0,1.0,DE,0.61,edge,0.4,1.4,1.2,0,-10.5,49.5
SlatTe00,Tedarrell Slaton,CIN,DET,2025,5,0.0,2.0,DT,0.81,interior,0.0,0.5,1.2,0,-10.5,49.5
WilsLo00,Logan Wilson,CIN,DET,2025,5,0.0,0.0,LB,1.0,edge,0.0,0.2,1.2,0,-10.5,49.5
BushDe01,Devin Bush Jr.,CLE,MIN,2025,5,0.0,0.0,LB,0.85,edge,0.2,0.4,5.4,0,-3.5,35.5
CollMa00,Maliek Collins,CLE,MIN,2025,5,2.0,2.0,DT,0.63,interior,0.3,1.2,5.4,0,-3.5,35.5
GarrMy00,Myles Garrett,CLE,MIN,2025,5,0.0,1.0,DE,0.88,edge,0.8,2.4,5.4,0,-3.5,35.5
GrahMa00,Mason Graham,CLE,MIN,2025,5,0.0,1.0,DT,0.74,interior,0.16666666666666666,0.6666666666666666,5.4,0,-3.5,35.5
SchwCa00,Carson Schwesinger,CLE,MIN,2025,5,0.0,0.0,LB,1.0,edge,0.25,0.5,5.4,0,-3.5,35.5
JameSh00,Shemar James,DAL,NYJ,2025,5,0.0,1.0,LB,0.73,edge,,,2.8,0,-1.5,48.5
MurrKe00,Kenneth Murray,DAL,NYJ,2025,5,0.0,1.0,LB,1.0,edge,0.0,0.0,2.8,0,-1.5,48.5
AlleZa01,Zach Allen,DEN,PHI,2025,5,0.5,2.0,DL,0.85,interior,0.4,2.6,2.0,0,-3.5,44.5
BoniNi00,Nik Bonitto,DEN,PHI,2025,5,2.5,3.0,LB,0.69,edge,0.5,2.0,2.0,0,-3.5,44.5
CoopJo02,Jonathon Cooper,DEN,PHI,2025,5,0.0,1.0,LB,0.75,edge,0.6,1.6,2.0,0,-3.5,44.5
SingAl00,Alex Singleton,DEN,PHI,2025,5,1.0,1.0,LB,1.0,edge,0.0,0.8,2.0,0,-3.5,44.5
StrnJu00,Justin Strnad,DEN,PHI,2025,5,0.0,0.0,LB,0.77,edge,0.4,0.8,2.0,0,-3.5,44.5
AnzaAl00,Alex Anzalone,DET,CIN,2025,5,0.0,0.0,LB,1.0,edge,0.3,0.6,3.4,0,10.5,49.5
BarnDe02,Derrick Barnes,DET,CIN,2025,5,1.0,1.0,LB,0.94,edge,0.2,0.4,3.4,0,10.5,49.5
CampJa04,Jack Campbell,DET,CIN,2025,5,0.0,2.0,LB,1.0,edge,0.2,0.6,3.4,0,10.5,49.5
HutcAi00,Aidan Hutchinson,DET,CIN,2025,5,1.0,5.0,DE,0.94,edge,0.8,2.8,3.4,0,10.5,49.5
MuhaAl00,Al-Quadin Muhammad,DET,CIN,2025,5,0.0,3.0,DE,0.66,edge,0.2,0.8,3.4,0,10.5,49.5
AlShAz00,Azeez Al-Shaair,HOU,BAL,2025,5,0.0,0.0,LB,0.88,edge,0.0,0.2,3.2,0,2.5,41.5
SpeeEJ00,E.J. Speed,HOU,BAL,2025,5,0.0,1.0,LB,0.65,edge,0.0,0.2,3.2,0,2.5,41.5
TogiTo00,Tommy Togiai,HOU,BAL,2025,5,0.0,0.0,DT,0.63,interior,0.5,1.0,3.2,0,2.5,41.5
BuckDe00,DeForest Buckner,IND,LV,2025,5,1.0,2.0,DT,0.63,interior,0.0,0.8,2.4,1,7.0,46.5
FranZa00,Zaire Franklin,IND,LV,2025,5,1.0,1.0,LB,0.81,edge,0.2,0.6,2.4,1,7.0,46.5
AlleJo03,Josh Hines-Allen,JAX,KC,2025,5,0.0,0.0,DE,0.81,edge,0.3,2.6,2.4,0,-3.5,45.5
ArmsAr01,Arik Armstead,JAX,KC,2025,5,0.0,1.0,DT,0.7,interior,0.5,1.2,2.4,0,-3.5,45.5
LloyDe00,Devin Lloyd,JAX,KC,2025,5,0.0,2.0,LB,0.91,edge,0.2,0.6,2.4,0,-3.5,45.5
OgbaEm00,Emmanuel Ogbah,JAX,KC,2025,5,0.0,1.0,DL,0.62,interior,0.3,2.2,2.4,0,-3.5,45.5
OluoFo00,Foyesade Oluokun,JAX,KC,2025,5,0.0,0.0,LB,1.0,edge,0.2,0.2,2.4,0,-3.5,45.5
BoltNi00,Nick Bolton,KC,JAX,2025,5,0.0,0.0,LB,1.0,edge,0.0,0.4,1.0,0,3.5,45.5
ChenLe00,Leo Chenal,KC,JAX,2025,5,0.5,2.0,LB,0.6,edge,0.0,1.0,1.0,0,3.5,45.5
JoneCh09,Chris Jones,KC,JAX,2025,5,0.0,1.0,DT,0.83,interior,0.4,1.8,1.0,0,3.5,45.5
KarlGe00,George Karlaftis III,KC,JAX,2025,5,0.5,3.0,DE,0.76,edge,0.8,3.0,1.0,0,3.5,45.5
TranDr00,Drue Tranquill,KC,JAX,2025,5,0.0,0.0,LB,0.9,edge,0.6,0.6,1.0,0,3.5,45.5
LandNa01,Nathan Landman,LA,SF,2025,5,0.0,0.0,LB,0.95,edge,0.0,0.2,1.6,1,8.5,43.5
TurnKo00,Kobie Turner,LA,SF,2025,5,0.5,1.0,DE,0.74,edge,0.8,1.4,1.6,1,8.5,43.5
VersJa00,Jared Verse,LA,SF,2025,5,0.0,4.0,LB,0.86,edge,0.8,2.0,1.6,1,8.5,43.5
YounBy01,Byron Young,LA,SF,2025,5,0.5,3.0,LB,0.88,edge,1.3,2.4,1.6,1,8.5,43.5
DyexTr00,Troy Dye,LAC,WAS,2025,5,0.0,0.0,LB,0.85,edge,0.2,0.4,2.6,1,2.5,47.5
EboiJu00,Justin Eboigbe,LAC,WAS,2025,5,1.0,1.0,DL,0.71,interior,,,2.6,1,2.5,47.5
HenlDa00,Daiyan Henley,LAC,WAS,2025,5,0.0,0.0,LB,1.0,edge,0.4,1.0,2.6,1,2.5,47.5
TuipTu00,Tuli Tuipulotu,LAC,WAS,2025,5,0.0,1.0,LB,0.88,edge,1.0,3.0,2.6,1,2.5,47.5
ButlAd00,Adam Butler,LV,IND,2025,5,0.0,1.0,DT,0.71,interior,0.3,1.0,1.4,1,-7.0,46.5
CrosMa00,Maxx Crosby,LV,IND,2025,5,0.0,1.0,DE,0.95,edge,0.4,2.0,1.4,1,-7.0,46.5
LaulJo00,Jonah Laulu,LV,IND,2025,5,0.0,1.0,DT,0.68,interior,0.2,0.8,1.4,1,-7.0,46.5
RobeEl00,Elandon Roberts,LV,IND,2025,5,0.0,0.0,LB,0.94,edge,0.0,0.4,1.4,1,-7.0,46.5
WhitDe02,Devin White,LV,IND,2025,5,0.0,0.0,LB,1.0,edge,0.0,0.4,1.4,1,-7.0,46.5
BrooJo01,Jordyn Brooks,MIA,CAR,2025,5,0.5,1.0,LB,0.99,edge,0.2,0.6,1.2,0,1.5,44.5
ChubBr00,Bradley Chubb,MIA,CAR,2025,5,1.0,1.0,LB,0.74,edge,1.3,2.6,1.2,0,1.5,44.5
DodsTy01,Tyrel Dodson,MIA,CAR,2025,5,0.0,1.0,LB,0.64,edge,0.4,0.8,1.2,0,1.5,44.5
PhilJa02,Jaelan Phillips,MIA,CAR,2025,5,1.0,3.0,LB,0.76,edge,0.2,1.0,1.2,0,1.5,44.5
SielZa00,Zach Sieler,MIA,CAR,2025,5,0.0,1.0,DT,0.8,interior,0.8,1.4,1.2,0,1.5,44.5
AlleJo01,Jonathan Allen,MIN,CLE,2025,5,0.0,1.0,DL,0.69,interior,0.0,1.4,2.2,0,3.5,35.5
GreeJo04,Jonathan Greenard,MIN,CLE,2025,5,0.0,3.0,LB,0.94,edge,0.2,1.6,2.2,0,3.5,35.5
PaceIv00,Ivan Pace,MIN,CLE,2025,5,1.0,2.0,LB,0.69,edge,0.0,1.0,2.2,0,3.5,35.5
TurnDa01,Dallas Turner,MIN,CLE,2025,5,0.0,1.0,LB,0.93,edge,0.3333333333333333,2.0,2.2,0,3.5,35.5
WilsEr00,Eric Wilson,MIN,CLE,2025,5,0.0,0.0,LB,1.0,edge,0.0,0.4,2.2,0,3.5,35.5
BarmCh00,Christian Barmore,NE,BUF,2025,5,0.0,1.0,DT,0.6,interior,0.8,1.4,1.8,0,-7.5,49.5
LandHa00,Harold Landry,NE,BUF,2025,5,0.0,2.0,LB,0.91,edge,0.9,1.6,1.8,0,-7.5,49.5
SpilRo00,Robert Spillane,NE,BUF,2025,5,0.0,0.0,LB,1.0,edge,0.2,0.6,1.8,0,-7.5,49.5
BresBr00,Bryan Bresee,NO,NYG,2025,5,0.0,1.0,DT,0.63,interior,0.4,1.4,2.4,1,1.5,41.5
DaviDe00,Demario Davis,NO,NYG,2025,5,0.0,0.0,LB,1.0,edge,0.0,0.0,2.4,1,1.5,41.5
GranCa01,Carl Granderson,NO,NYG,2025,5,0.0,1.0,DE,0.96,edge,0.9,1.8,2.4,1,1.5,41.5
JordCa00,Cameron Jordan,NO,NYG,2025,5,0.0,2.0,DE,0.86,edge,0.5,1.2,2.4,1,1.5,41.5
ShepNa00,Nathan Shepherd,NO,NYG,2025,5,0.0,1.0,DT,0.7,interior,0.1,1.2,2.4,1,1.5,41.5
WernPe00,Pete Werner,NO,NYG,2025,5,0.0,1.0,LB,0.88,edge,0.2,0.4,2.4,1,1.5,41.5
BurnBr00,Brian Burns,NYG,NO,2025,5,0.0,0.0,LB,0.83,edge,1.0,2.8,2.2,1,-1.5,41.5
CartAb00,Abdul Carter,NYG,NO,2025,5,0.0,1.0,LB,0.7,edge,0.0,2.6666666666666665,2.2,1,-1.5,41.5
MuasDa00,Darius Muasau,NYG,NO,2025,5,0.0,0.0,LB,0.7,edge,0.0,0.4,2.2,1,-1.5,41.5
OkerBo00,Bobby Okereke,NYG,NO,2025,5,0.0,0.0,LB,1.0,edge,0.0,0.2,2.2,1,-1.5,41.5
ThibKa00,Kayvon Thibodeaux,NYG,NO,2025,5,0.0,0.0,LB,0.62,edge,0.7,1.8,2.2,1,-1.5,41.5
MauiFr00,Francisco Mauigoa,NYJ,DAL,2025,5,0.0,0.0,LB,0.83,edge,0.0,0.0,1.6,0,1.5,48.5
McDoWi00,Will McDonald,NYJ,DAL,2025,5,0.0,1.0,DE,0.6,edge,0.1,1.8,1.6,0,1.5,48.5
SherJa00,Jamien Sherwood,NYJ,DAL,2025,5,0.0,1.0,LB,1.0,edge,0.0,0.0,1.6,0,1.5,48.5
BaunZa00,Zack Baun,PHI,DEN,2025,5,1.0,2.0,LB,1.0,edge,0.2,0.6,1.0,0,3.5,44.5
CampJi00,Jihaad Campbell,PHI,DEN,2025,5,0.0,0.0,LB,0.96,edge,0.0,0.25,1.0,0,3.5,44.5
CartJa05,Jalen Carter,PHI,DEN,2025,5,0.0,1.0,DT,0.91,interior,0.0,2.0,1.0,0,3.5,44.5
JoneEr01,Ernest Jones,SEA,TB,2025,5,0.0,0.0,LB,1.0,edge,0.2,1.0,1.8,0,3.5,44.5
MafeBo00,Boye Mafe,SEA,TB,2025,5,0.0,1.0,LB,0.74,edge,0.2,1.4,1.8,0,3.5,44.5
NwosUc00,Uchenna Nwosu,SEA,TB,2025,5,0.5,2.0,LB,0.75,edge,0.6,1.6,1.8,0,3.5,44.5
WillLe02,Leonard Williams,SEA,TB,2025,5,0.0,1.0,DE,0.77,edge,0.9,1.8,1.8,0,3.5,44.5
WarnFr00,Fred Warner,SF,LA,2025,5,0.0,0.0,LB,1.0,edge,0.0,0.4,2.6,1,-8.5,43.5
WintDe00,Dee Winters,SF,LA,2025,5,0.0,0.0,LB,1.0,edge,0.0,0.4,2.6,1,-8.5,43.5
DaviLa00,Lavonte David,TB,SEA,2025,5,0.0,0.0,LB,1.0,edge,0.5,1.8,1.6,0,-3.5,44.5
DennSi00,SirVocea Dennis,TB,SEA,2025,5,0.0,0.0,LB,0.92,edge,0.0,0.4,1.6,0,-3.5,44.5
DiabYa00,YaYa Diaby,TB,SEA,2025,5,0.0,2.0,LB,0.77,edge,0.2,1.0,1.6,0,-3.5,44.5
HallLo00,Logan Hall,TB,SEA,2025,5,0.0,1.0,DL,0.69,interior,0.7,1.4,1.6,0,-3.5,44.5
ReddHa00,Haason Reddick,TB,SEA,2025,5,0.0,1.0,LB,0.82,edge,0.3,1.0,1.6,0,-3.5,44.5
VeaxVi00,Vita Vea,TB,SEA,2025,5,0.0,0.0,NT,0.84,interior,0.6,1.2,1.6,0,-3.5,44.5
BartCo00,Cody Barton,TEN,ARI,2025,5,0.0,0.0,LB,1.0,edge,0.0,0.0,2.6,1,-7.5,41.5
GrayCe00,Cedric Gray,TEN,ARI,2025,5,0.0,0.0,LB,0.82,edge,0.0,0.6666666666666666,2.6,1,-7.5,41.5
JoneDr00,Dre'Mont Jones,TEN,ARI,2025,5,0.0,1.0,LB,0.68,edge,0.2,1.0,2.6,1,-7.5,41.5
OladOl00,Oluwafemi Oladejo,TEN,ARI,2025,5,0.0,0.0,LB,0.63,edge,0.0,0.0,2.6,1,-7.5,41.5
SimmJe01,Jeffery Simmons,TEN,ARI,2025,5,1.5,3.0,DT,0.94,interior,0.4,1.8,2.6,1,-7.5,41.5
LuvuFr00,Frankie Luvu,WAS,LAC,2025,5,0.0,0.0,LB,0.99,edge,0.4,1.0,3.2,1,-2.5,47.5
WagnBo00,Bobby Wagner,WAS,LAC,2025,5,0.0,1.0,LB,1.0,edge,0.4,0.6,3.2,1,-2.5,47.5
BrowBa01,Baron Browning,ARI,IND,2025,6,1.0,1.0,LB,0.63,edge,0.2,0.6,0.8,1,-8.5,46.5
DaviAk01,Akeem Davis-Gaither,ARI,IND,2025,6,0.0,1.0,LB,0.85,edge,0.0,0.2,0.8,1,-8.5,46.5
WilsMa03,Mack Wilson,ARI,IND,2025,6,0.0,0.0,LB,1.0,edge,0.0,0.6,0.8,1,-8.5,46.5
DeabDi00,Divine Deablo,ATL,BUF,2025,6,0.0,0.0,LB,1.0,edge,0.1,0.2,1.6,1,-3.5,49.5
ElliKa00,Kaden Elliss,ATL,BUF,2025,6,0.0,2.0,LB,1.0,edge,0.3,1.0,1.6,1,-3.5,49.5
OnyeDa00,David Onyemata,ATL,BUF,2025,6,1.0,1.0,DL,0.61,interior,0.5,1.0,1.6,1,-3.5,49.5
BuchTe00,Teddye Buchanan,BAL,LA,2025,6,0.5,1.0,LB,1.0,edge,0.0,0.25,1.8,0,-7.0,43.5
JenkJo00,John Jenkins,BAL,LA,2025,6,1.0,1.0,DL,0.6,interior,0.2,0.8,1.8,0,-7.0,43.5
SimpTr00,Trenton Simpson,BAL,LA,2025,6,0.5,1.0,LB,0.94,edge,0.4,0.4,1.8,0,-7.0,43.5
BosaJo00,Joey Bosa,BUF,ATL,2025,6,0.0,1.0,DE,0.67,edge,0.6,2.2,1.2,1,3.5,49.5
OlivEd00,Ed Oliver,BUF,ATL,2025,6,1.0,1.0,DT,0.79,interior,0.4,2.0,1.2,1,3.5,49.5
RousGr00,Gregory Rousseau,BUF,ATL,2025,6,0.0,0.0,DE,0.69,edge,0.6,1.8,1.2,1,3.5,49.5
ThomSh01,Shaq Thompson,BUF,ATL,2025,6,0.0,0.0,LB,0.9,edge,0.2,0.8,1.2,1,3.5,49.5
BrowDe05,Derrick Brown,CAR,DAL,2025,6,0.0,1.0,DE,0.82,edge,0.4,1.2,1.4,0,-3.0,47.5
JonePa00,Patrick Jones II,CAR,DAL,2025,6,0.0,3.0,LB,0.6,edge,0.6,1.8,1.4,0,-3.0,47.5
RozeCh00,Christian Rozeboom,CAR,DAL,2025,6,0.0,0.0,LB,0.82,edge,0.0,0.0,1.4,0,-3.0,47.5
WallTr00,Trevin Wallace,CAR,DAL,2025,6,0.0,0.0,LB,1.0,edge,0.0,0.0,1.4,0,-3.0,47.5
BillAn00,Andrew Billings,CHI,WAS,2025,6,0.0,1.0,DL,0.6,interior,0.25,1.25,2.2,0,-5.5,49.5
DextGe00,Gervon Dexter,CHI,WAS,2025,6,1.5,2.0,DL,0.68,interior,0.4,0.8,2.2,0,-5.5,49.5
EdmuTr01,Tremaine Edmunds,CHI,WAS,2025,6,0.0,0.0,LB,1.0,edge,0.0,0.0,2.2,0,-5.5,49.5
EdwaTJ02,T.J. Edwards,CHI,WAS,2025,6,0.0,0.0,LB,1.0,edge,0.6,0.6,2.2,0,-5.5,49.5
SweaMo00,Montez Sweat,CHI,WAS,2025,6,0.0,2.0,DL,0.74,interior,0.2,1.6,2.2,0,-5.5,49.5
CartBa00,Barrett Carter,CIN,GB,2025,6,0.0,0.0,LB,1.0,edge,,,2.0,0,-14.0,44.5
KnigDe00,Demetrius Knight,CIN,GB,2025,6,0.0,1.0,LB,0.92,edge,0.0,0.0,2.0,0,-14.0,44.5
OssaJo00,Joseph Ossai,CIN,GB,2025,6,0.0,3.0,DE,0.69,edge,0.5,1.2,2.0,0,-14.0,44.5
SlatTe00,Tedarrell Slaton,CIN,GB,2025,6,0.0,1.0,DT,0.7,interior,0.0,1.0,2.0,0,-14.0,44.5
BushDe01,Devin Bush Jr.,CLE,PIT,2025,6,0.0,1.0,LB,0.88,edge,0.2,0.4,2.6,0,-5.5,37.5
CollMa00,Maliek Collins,CLE,PIT,2025,6,0.0,2.0,DT,0.63,interior,0.7,1.4,2.6,0,-5.5,37.5
SchwCa00,Carson Schwesinger,CLE,PIT,2025,6,0.0,1.0,LB,1.0,edge,0.2,0.4,2.6,0,-5.5,37.5
WrigAl01,Alex Wright,CLE,PIT,2025,6,0.0,1.0,DE,0.68,edge,0.75,1.0,2.6,0,-5.5,37.5
ClarKe01,Kenny Clark,DAL,CAR,2025,6,0.0,3.0,DT,0.73,interior,0.4,0.8,1.8,0,3.0,47.5
JameSh00,Shemar James,DAL,CAR,2025,6,0.0,0.0,LB,0.9,edge,0.0,1.0,1.8,0,3.0,47.5
MurrKe00,Kenneth Murray,DAL,CAR,2025,6,0.0,0.0,LB,1.0,edge,0.0,0.2,1.8,0,3.0,47.5
OdigOs00,Osa Odighizuwa,DAL,CAR,2025,6,0.0,1.0,DT,0.61,interior,0.1,2.6,1.8,0,3.0,47.5
AlleZa01,Zach Allen,DEN,NYJ,2025,6,1.0,3.0,DL,0.7,interior,0.5,2.8,3.2,0,7.5,43.5
BoniNi00,Nik Bonitto,DEN,NYJ,2025,6,1.0,2.0,LB,0.74,edge,1.0,2.2,3.2,0,7.5,43.5
CoopJo02,Jonathon Cooper,DEN,NYJ,2025,6,2.0,3.0,LB,0.67,edge,0.3,1.4,3.2,0,7.5,43.5
SingAl00,Alex Singleton,DEN,NYJ,2025,6,0.0,0.0,LB,1.0,edge,0.2,1.0,3.2,0,7.5,43.5
StrnJu00,Justin Strnad,DEN,NYJ,2025,6,1.5,2.0,LB,0.81,edge,0.4,0.8,3.2,0,7.5,43.5
AnzaAl00,Alex Anzalone,DET,KC,2025,6,0.0,2.0,LB,1.0,edge,0.3,0.6,1.2,0,-2.5,51.5
BarnDe02,Derrick Barnes,DET,KC,2025,6,0.0,1.0,LB,0.92,edge,0.4,0.6,1.2,0,-2.5,51.5
CampJa04,Jack Campbell,DET,KC,2025,6,1.0,1.0,LB,1.0,edge,0.2,0.8,1.2,0,-2.5,51.5
HutcAi00,Aidan Hutchinson,DET,KC,2025,6,1.0,2.0,DE,0.95,edge,1.0,2.8,1.2,0,-2.5,51.5
BrooKa00,Karl Brooks,GB,CIN,2025,6,0.0,0.0,DL,0.82,interior,0.5,1.0,3.0,0,14.0,44.5
CoopEd00,Edgerrin Cooper,GB,CIN,2025,6,0.0,0.0,LB,1.0,edge,0.1,0.6,3.0,0,14.0,44.5
GaryRa00,Rashan Gary,GB,CIN,2025,6,0.0,3.0,DL,0.62,interior,1.2,2.2,3.0,0,14.0,44.5
ParsMi00,Micah Parsons,GB,CIN,2025,6,0.0,2.0,DL,0.89,interior,0.8,3.0,3.0,0,14.0,44.5
WalkQu00,Quay Walker,GB,CIN,2025,6,0.0,0.0,LB,1.0,edge,0.0,0.6,3.0,0,14.0,44.5
BuckDe00,DeForest Buckner,IND,ARI,2025,6,0.0,4.0,DT,0.77,interior,0.2,1.0,3.2,1,8.5,46.5
FranZa00,Zaire Franklin,IND,ARI,2025,6,0.0,1.0,LB,1.0,edge,0.2,0.6,3.2,1,8.5,46.5
LatuLa00,Laiatu Latu,IND,ARI,2025,6,0.0,4.0,DE,0.73,edge,0.6,2.0,3.2,1,8.5,46.5
PratGe00,Germaine Pratt,IND,ARI,2025,6,0.0,0.0,LB,0.79,edge,0.0,0.0,3.2,1,8.5,46.5
StewGr00,Grover Stewart,IND,ARI,2025,6,0.0,1.0,DT,0.64,interior,0.0,1.0,3.2,1,8.5,46.5
AlleJo03,Josh Hines-Allen,JAX,SEA,2025,6,0.0,1.0,DE,0.84,edge,0.1,2.2,1.2,0,-1.5,47.5
ArmsAr01,Arik Armstead,JAX,SEA,2025,6,1.0,1.0,DT,0.62,interior,0.5,1.2,1.2,0,-1.5,47.5
GardDe01,Dennis Gardeck,JAX,SEA,2025,6,0.0,0.0,LB,0.6,edge,0.0,0.0,1.2,0,-1.5,47.5
OgbaEm00,Emmanuel Ogbah,JAX,SEA,2025,6,0.0,1.0,DL,0.65,interior,0.3,2.0,1.2,0,-1.5,47.5
OluoFo00,Foyesade Oluokun,JAX,SEA,2025,6,0.0,1.0,LB,1.0,edge,0.2,0.2,1.2,0,-1.5,47.5
BoltNi00,Nick Bolton,KC,DET,2025,6,0.0,1.0,LB,1.0,edge,0.0,0.4,1.6,0,2.5,51.5
ChenLe00,Leo Chenal,KC,DET,2025,6,0.0,0.0,LB,0.72,edge,0.1,1.2,1.6,0,2.5,51.5
JoneCh09,Chris Jones,KC,DET,2025,6,0.0,1.0,DT,0.81,interior,0.2,1.6,1.6,0,2.5,51.5
KarlGe00,George Karlaftis III,KC,DET,2025,6,0.0,1.0,DE,0.87,edge,0.9,3.0,1.6,0,2.5,51.5
TranDr00,Drue Tranquill,KC,DET,2025,6,0.0,0.0,LB,0.87,edge,0.4,0.4,1.6,0,2.5,51.5
LandNa01,Nathan Landman,LA,BAL,2025,6,0.0,1.0,LB,0.83,edge,0.0,0.2,3.0,0,7.0,43.5
TurnKo00,Kobie Turner,LA,BAL,2025,6,0.0,1.0,DE,0.68,edge,0.5,1.2,3.0,0,7.0,43.5
VersJa00,Jared Verse,LA,BAL,2025,6,1.0,5.0,LB,0.86,edge,0.4,2.4,3.0,0,7.0,43.5
YounBy01,Byron Young,LA,BAL,2025,6,2.0,5.0,LB,0.82,edge,1.1,2.4,3.0,0,7.0,43.5
DyexTr00,Troy Dye,LAC,MIA,2025,6,0.0,0.0,LB,0.64,edge,0.2,0.4,2.2,0,3.5,45.5
HenlDa00,Daiyan Henley,LAC,MIA,2025,6,0.0,0.0,LB,0.97,edge,0.4,0.8,2.2,0,3.5,45.5
TuipTu00,Tuli Tuipulotu,LAC,MIA,2025,6,1.0,2.0,LB,0.8,edge,0.8,2.8,2.2,0,3.5,45.5
CrosMa00,Maxx Crosby,LV,TEN,2025,6,2.0,4.0,DE,0.97,edge,0.4,2.0,3.8,1,3.5,41.5
KoonMa00,Malcolm Koonce,LV,TEN,2025,6,0.0,1.0,DE,0.62,edge,1.3333333333333333,2.6666666666666665,3.8,1,3.5,41.5
LaulJo00,Jonah Laulu,LV,TEN,2025,6,1.0,1.0,DT,0.67,interior,0.0,0.8,3.8,1,3.5,41.5
RobeEl00,Elandon Roberts,LV,TEN,2025,6,0.0,1.0,LB,0.74,edge,0.0,0.2,3.8,1,3.5,41.5
WhitDe02,Devin White,LV,TEN,2025,6,1.0,1.0,LB,1.0,edge,0.0,0.4,3.8,1,3.5,41.5
BritKJ00,K.J. Britt,MIA,LAC,2025,6,0.0,0.0,LB,0.95,edge,0.1,0.2,3.4,0,-3.5,45.5
BrooJo01,Jordyn Brooks,MIA,LAC,2025,6,0.0,0.0,LB,0.98,edge,0.3,0.8,3.4,0,-3.5,45.5
ChubBr00,Bradley Chubb,MIA,LAC,2025,6,0.0,2.0,LB,0.73,edge,0.9,1.8,3.4,0,-3.5,45.5
PhilJa02,Jaelan Phillips,MIA,LAC,2025,6,0.0,3.0,LB,0.75,edge,0.2,1.4,3.4,0,-3.5,45.5
SielZa00,Zach Sieler,MIA,LAC,2025,6,0.0,2.0,DT,0.8,interior,0.5,1.0,3.4,0,-3.5,45.5
BarmCh00,Christian Barmore,NE,NO,2025,6,0.0,1.0,DT,0.7,interior,0.6,1.4,1.8,1,3.5,46.5
ChaiKL00,K'Lavon Chaisson,NE,NO,2025,6,0.0,3.0,LB,0.82,edge,0.5,1.4,1.8,1,3.5,46.5
LandHa00,Harold Landry,NE,NO,2025,6,1.0,5.0,LB,0.84,edge,0.7,1.8,1.8,1,3.5,46.5
SpilRo00,Robert Spillane,NE,NO,2025,6,0.0,0.0,LB,1.0,edge,0.2,0.6,1.8,1,3.5,46.5
BresBr00,Bryan Bresee,NO,NE,2025,6,0.0,1.0,DT,0.72,interior,0.2,1.2,3.4,1,-3.5,46.5
DaviDe00,Demario Davis,NO,NE,2025,6,0.0,1.0,LB,1.0,edge,0.0,0.0,3.4,1,-3.5,46.5
GranCa01,Carl Granderson,NO,NE,2025,6,0.0,1.0,DE,0.86,edge,0.9,1.8,3.4,1,-3.5,46.5
ShepNa00,Nathan Shepherd,NO,NE,2025,6,0.0,1.0,DT,0.75,interior,0.1,1.2,3.4,1,-3.5,46.5
BurnBr00,Brian Burns,NYG,PHI,2025,6,2.0,3.0,LB,0.74,edge,1.0,2.6,2.8,0,-7.0,40.5
MuasDa00,Darius Muasau,NYG,PHI,2025,6,1.0,1.0,LB,0.61,edge,0.0,0.4,2.8,0,-7.0,40.5
OkerBo00,Bobby Okereke,NYG,PHI,2025,6,0.0,0.0,LB,1.0,edge,0.0,0.0,2.8,0,-7.0,40.5
JohnJe07,Jermaine Johnson II,NYJ,DEN,2025,6,1.0,1.0,LB,0.63,edge,0.2,1.6,1.0,0,-7.5,43.5
MauiFr00,Francisco Mauigoa,NYJ,DEN,2025,6,0.0,0.0,LB,0.83,edge,0.0,0.0,1.0,0,-7.5,43.5
SherJa00,Jamien Sherwood,NYJ,DEN,2025,6,0.0,0.0,LB,1.0,edge,0.0,0.2,1.0,0,-7.5,43.5
WillQu00,Quinnen Williams,NYJ,DEN,2025,6,0.0,0.0,DL,0.78,interior,0.2,1.2,1.0,0,-7.5,43.5
BaunZa00,Zack Baun,PHI,NYG,2025,6,0.0,0.0,LB,0.94,edge,0.4,0.8,2.4,0,7.0,40.5
CampJi00,Jihaad Campbell,PHI,NYG,2025,6,0.0,0.0,LB,0.9,edge,0.0,0.2,2.4,0,7.0,40.5
DaviJo03,Jordan Davis,PHI,NYG,2025,6,1.0,1.0,DT,0.74,interior,0.5,1.0,2.4,0,7.0,40.5
HuntJa02,Jalyx Hunt,PHI,NYG,2025,6,0.0,1.0,LB,0.62,edge,0.0,1.3333333333333333,2.4,0,7.0,40.5
HerbNi00,Nick Herbig,PIT,CLE,2025,6,2.0,5.0,LB,0.61,edge,0.9,3.6,2.2,0,5.5,37.5
QueePa00,Patrick Queen,PIT,CLE,2025,6,0.0,1.0,LB,1.0,edge,0.2,0.6,2.2,0,5.5,37.5
WattT.00,T.J. Watt,PIT,CLE,2025,6,0.5,4.0,LB,0.6,edge,0.6,2.4,2.2,0,5.5,37.5
WilsPa00,Payton Wilson,PIT,CLE,2025,6,0.0,0.0,LB,0.66,edge,0.3333333333333333,1.0,2.2,0,5.5,37.5
JoneEr01,Ernest Jones,SEA,JAX,2025,6,0.0,1.0,LB,1.0,edge,0.1,0.6,1.2,0,1.5,47.5
LawrDe00,DeMarcus Lawrence,SEA,JAX,2025,6,2.0,7.0,LB,0.66,edge,0.4,2.2,1.2,0,1.5,47.5
MurpBy01,Byron Murphy,SEA,JAX,2025,6,2.0,5.0,DT,0.63,interior,0.8333333333333334,3.0,1.2,0,1.5,47.5
NwosUc00,Uchenna Nwosu,SEA,JAX,2025,6,1.5,5.0,LB,0.67,edge,0.7,1.8,1.2,0,1.5,47.5
ThomDr00,Drake Thomas,SEA,JAX,2025,6,1.0,1.0,LB,0.92,edge,1.0,1.0,1.2,0,1.5,47.5
WillLe02,Leonard Williams,SEA,JAX,2025,6,0.5,3.0,DE,0.72,edge,0.5,1.6,1.2,0,1.5,47.5
BethTa00,Tatum Bethune,SF,TB,2025,6,0.0,0.0,LB,0.85,edge,0.0,0.0,1.8,0,-3.5,46.5
WillMy00,Mykel Williams,SF,TB,2025,6,1.0,2.0,DL,0.72,interior,0.0,0.5,1.8,0,-3.5,46.5
WintDe00,Dee Winters,SF,TB,2025,6,0.0,0.0,LB,1.0,edge,0.0,0.4,1.8,0,-3.5,46.5
DaviLa00,Lavonte David,TB,SF,2025,6,1.0,1.0,LB,1.0,edge,0.3,1.4,1.4,0,3.5,46.5
DennSi00,SirVocea Dennis,TB,SF,2025,6,0.0,0.0,LB,0.88,edge,0.0,0.4,1.4,0,3.5,46.5
DiabYa00,YaYa Diaby,TB,SF,2025,6,2.0,3.0,LB,0.64,edge,0.2,1.2,1.4,0,3.5,46.5
ReddHa00,Haason Reddick,TB,SF,2025,6,0.5,2.0,LB,0.84,edge,0.3,1.0,1.4,0,3.5,46.5
VeaxVi00,Vita Vea,TB,SF,2025,6,0.5,2.0,NT,0.72,interior,0.6,1.0,1.4,0,3.5,46.5
BartCo00,Cody Barton,TEN,LV,2025,6,0.0,0.0,LB,1.0,edge,0.0,0.0,3.2,1,-3.5,41.5
GrayCe00,Cedric Gray,TEN,LV,2025,6,0.0,0.0,LB,0.92,edge,0.0,0.5,3.2,1,-3.5,41.5
JoneDr00,Dre'Mont Jones,TEN,LV,2025,6,1.0,2.0,LB,0.79,edge,0.2,1.0,3.2,1,-3.5,41.5
SimmJe01,Jeffery Simmons,TEN,LV,2025,6,1.0,2.0,DT,0.87,interior,0.7,2.2,3.2,1,-3.5,41.5
WardJi02,Jihad Ward,TEN,LV,2025,6,0.0,2.0,LB,0.84,edge,0.4,1.6,3.2,1,-3.5,41.5
LuvuFr00,Frankie Luvu,WAS,CHI,2025,6,1.0,1.0,LB,1.0,edge,0.2,0.2,1.6,0,5.5,49.5
MartJa02,Jacob Martin,WAS,CHI,2025,6,0.0,2.0,DE,0.61,edge,,,1.6,0,5.5,49.5
PaynDa00,Daron Payne,WAS,CHI,2025,6,0.0,0.0,DT,0.67,interior,0.2,0.8,1.6,0,5.5,49.5
WagnBo00,Bobby Wagner,WAS,CHI,2025,6,0.0,1.0,LB,1.0,edge,0.4,0.8,1.6,0,5.5,49.5
DaviAk01,Akeem Davis-Gaither,ARI,GB,2025,7,0.0,0.0,LB,0.88,edge,0.0,0.4,1.8,1,-7.0,44.5
WilsMa03,Mack Wilson,ARI,GB,2025,7,0.0,0.0,LB,1.0,edge,0.0,0.4,1.8,1,-7.0,44.5
BertJD00,JD Bertrand,ATL,SF,2025,7,0.0,0.0,LB,0.87,edge,0.0,0.0,2.4,0,-1.5,46.5
ElliKa00,Kaden Elliss,ATL,SF,2025,7,0.0,1.0,LB,1.0,edge,0.3,1.4,2.4,0,-1.5,46.5
HarrZa00,Zach Harrison,ATL,SF,2025,7,1.0,1.0,DL,0.6,interior,,,2.4,0,-1.5,46.5
OnyeDa00,David Onyemata,ATL,SF,2025,7,0.0,0.0,DL,0.63,interior,0.7,0.8,2.4,0,-1.5,46.5
PearJa00,James Pearce,ATL,SF,2025,7,0.0,0.0,DE,0.6,edge,,,2.4,0,-1.5,46.5
BrowDe05,Derrick Brown,CAR,NYJ,2025,7,2.0,3.0,DE,0.67,edge,0.4,1.2,4.8,0,-1.5,39.5
RozeCh00,Christian Rozeboom,CAR,NYJ,2025,7,0.0,0.0,LB,0.74,edge,0.0,0.0,4.8,0,-1.5,39.5
ScouNi00,Nic Scourton,CAR,NYJ,2025,7,1.5,4.0,LB,0.66,edge,0.0,0.0,4.8,0,-1.5,39.5
WallTr00,Trevin Wallace,CAR,NYJ,2025,7,0.0,1.0,LB,1.0,edge,0.0,0.0,4.8,0,-1.5,39.5
WonnDJ00,D.J. Wonnum,CAR,NYJ,2025,7,0.0,1.0,LB,0.7,edge,0.2,0.8,4.8,0,-1.5,39.5
EdmuTr01,Tremaine Edmunds,CHI,NO,2025,7,1.0,1.0,LB,1.0,edge,0.0,0.0,2.0,0,4.5,43.5
EdwaTJ02,T.J. Edwards,CHI,NO,2025,7,0.0,0.0,LB,1.0,edge,0.6,0.6,2.0,0,4.5,43.5
SweaMo00,Montez Sweat,CHI,NO,2025,7,1.0,2.0,DL,0.71,interior,0.0,1.4,2.0,0,4.5,43.5
CartBa00,Barrett Carter,CIN,PIT,2025,7,0.0,0.0,LB,1.0,edge,0.0,0.0,1.8,0,-5.5,45.5
KnigDe00,Demetrius Knight,CIN,PIT,2025,7,0.0,1.0,LB,0.84,edge,0.0,0.25,1.8,0,-5.5,45.5
OssaJo00,Joseph Ossai,CIN,PIT,2025,7,0.0,1.0,DE,0.77,edge,0.4,1.6,1.8,0,-5.5,45.5
BushDe01,Devin Bush Jr.,CLE,MIA,2025,7,0.0,0.0,LB,0.71,edge,0.2,0.4,2.0,0,2.5,34.5
CollMa00,Maliek Collins,CLE,MIA,2025,7,0.0,0.0,DT,0.6,interior,0.7,1.6,2.0,0,2.5,34.5
GarrMy00,Myles Garrett,CLE,MIA,2025,7,1.0,2.0,DE,0.69,edge,0.8,2.6,2.0,0,2.5,34.5
GrahMa00,Mason Graham,CLE,MIA,2025,7,0.0,0.0,DT,0.74,interior,0.125,0.75,2.0,0,2.5,34.5
SchwCa00,Carson Schwesinger,CLE,MIA,2025,7,0.0,0.0,LB,0.84,edge,0.2,0.4,2.0,0,2.5,34.5
JameSh00,Shemar James,DAL,WAS,2025,7,1.0,2.0,LB,0.99,edge,0.0,0.5,2.2,1,1.5,54.5
MurrKe00,Kenneth Murray,DAL,WAS,2025,7,1.0,1.0,LB,1.0,edge,0.0,0.2,2.2,1,1.5,54.5
AlleZa01,Zach Allen,DEN,NYG,2025,7,0.5,2.0,DL,0.7,interior,0.5,3.0,2.4,0,7.5,39.5
BoniNi00,Nik Bonitto,DEN,NYG,2025,7,0.0,1.0,LB,0.62,edge,1.2,2.4,2.4,0,7.5,39.5
SingAl00,Alex Singleton,DEN,NYG,2025,7,0.0,0.0,LB,1.0,edge,0.2,0.8,2.4,0,7.5,39.5
AnzaAl00,Alex Anzalone,DET,TB,2025,7,0.0,1.0,LB,1.0,edge,0.3,1.0,1.8,1,6.0,54.5
BarnDe02,Derrick Barnes,DET,TB,2025,7,1.0,1.0,LB,0.88,edge,0.4,0.8,1.8,1,6.0,54.5
CampJa04,Jack Campbell,DET,TB,2025,7,1.0,2.0,LB,1.0,edge,0.4,1.0,1.8,1,6.0,54.5
HutcAi00,Aidan Hutchinson,DET,TB,2025,7,0.0,6.0,DE,0.91,edge,1.2,3.0,1.8,1,6.0,54.5
MuhaAl00,Al-Quadin Muhammad,DET,TB,2025,7,0.5,1.0,DE,0.68,edge,0.2,1.4,1.8,1,6.0,54.5
BrooKa00,Karl Brooks,GB,ARI,2025,7,0.0,1.0,DL,0.68,interior,0.25,0.5,2.6,1,7.0,44.5
CoopEd00,Edgerrin Cooper,GB,ARI,2025,7,0.0,0.0,LB,0.97,edge,0.1,0.4,2.6,1,7.0,44.5
GaryRa00,Rashan Gary,GB,ARI,2025,7,1.0,2.0,DL,0.62,interior,1.1,2.4,2.6,1,7.0,44.5
ParsMi00,Micah Parsons,GB,ARI,2025,7,3.0,5.0,DL,0.71,interior,0.8,3.2,2.6,1,7.0,44.5
WalkQu00,Quay Walker,GB,ARI,2025,7,1.5,3.0,LB,0.89,edge,0.0,0.6,2.6,1,7.0,44.5
AlShAz00,Azeez Al-Shaair,HOU,SEA,2025,7,0.0,0.0,LB,1.0,edge,0.0,0.2,1.2,0,-3.0,41.5
AndeWi01,Will Anderson,HOU,SEA,2025,7,1.0,2.0,DE,0.71,edge,1.0,2.0,1.2,0,-3.0,41.5
HuntDa01,Danielle Hunter,HOU,SEA,2025,7,0.0,2.0,DE,0.71,edge,0.8,2.6,1.2,0,-3.0,41.5
SpeeEJ00,E.J. Speed,HOU,SEA,2025,7,0.0,0.0,LB,0.67,edge,0.0,0.4,1.2,0,-3.0,41.5
TooTHe00,Henry To'oTo'o,HOU,SEA,2025,7,0.0,0.0,LB,0.6,edge,0.2,0.2,1.2,0,-3.0,41.5
BuckDe00,DeForest Buckner,IND,LAC,2025,7,2.0,9.0,DT,0.79,interior,0.2,1.6,3.0,1,-2.5,48.5
FranZa00,Zaire Franklin,IND,LAC,2025,7,0.0,2.0,LB,1.0,edge,0.2,0.8,3.0,1,-2.5,48.5
LatuLa00,Laiatu Latu,IND,LAC,2025,7,1.0,5.0,DE,0.7,edge,0.4,2.2,3.0,1,-2.5,48.5
PayeKw00,Kwity Paye,IND,LAC,2025,7,0.0,3.0,DE,0.67,edge,0.3,1.0,3.0,1,-2.5,48.5
PratGe00,Germaine Pratt,IND,LAC,2025,7,0.0,0.0,LB,0.63,edge,0.0,0.0,3.0,1,-2.5,48.5
AlleJo03,Josh Hines-Allen,JAX,LA,2025,7,0.0,5.0,DE,0.66,edge,0.1,2.2,1.6,0,-3.0,44.5
MillVe00,Ventrell Miller,JAX,LA,2025,7,0.0,0.0,LB,0.87,edge,0.0,0.25,1.6,0,-3.0,44.5
OluoFo00,Foyesade Oluokun,JAX,LA,2025,7,0.0,2.0,LB,1.0,edge,0.2,0.4,1.6,0,-3.0,44.5
BoltNi00,Nick Bolton,KC,LV,2025,7,0.0,0.0,LB,0.71,edge,0.0,0.4,2.8,0,13.5,44.5
JoneCh09,Chris Jones,KC,LV,2025,7,1.0,1.0,DT,0.63,interior,0.2,1.4,2.8,0,13.5,44.5
LandNa01,Nathan Landman,LA,JAX,2025,7,1.5,3.0,LB,0.81,edge,0.0,0.2,2.6,0,3.0,44.5
VersJa00,Jared Verse,LA,JAX,2025,7,1.0,2.0,LB,0.69,edge,0.6,3.0,2.6,0,3.0,44.5
YounBy01,Byron Young,LA,JAX,2025,7,1.5,3.0,LB,0.68,edge,1.3,3.0,2.6,0,3.0,44.5
CaldJa00,Jamaree Caldwell,LAC,IND,2025,7,0.0,1.0,DT,0.68,interior,,,0.8,1,2.5,48.5
DuprAl00,Bud Dupree,LAC,IND,2025,7,0.0,0.0,LB,0.63,edge,0.4,1.0,0.8,1,2.5,48.5
EboiJu00,Justin Eboigbe,LAC,IND,2025,7,0.0,1.0,DL,0.68,interior,1.0,1.0,0.8,1,2.5,48.5
HenlDa00,Daiyan Henley,LAC,IND,2025,7,0.0,0.0,LB,1.0,edge,0.2,0.6,0.8,1,2.5,48.5
PerrDe00,Denzel Perryman,LAC,IND,2025,7,0.0,0.0,LB,0.7,edge,0.2,0.2,0.8,1,2.5,48.5
TuipTu00,Tuli Tuipulotu,LAC,IND,2025,7,0.0,1.0,LB,0.82,edge,1.0,3.0,0.8,1,2.5,48.5
AdamJa00,Jamal Adams,LV,KC,2025,7,1.0,1.0,LB,0.67,edge,,,1.4,0,-13.5,44.5
BookTh00,Thomas Booker,LV,KC,2025,7,0.0,0.0,DT,0.64,interior,0.0,0.0,1.4,0,-13.5,44.5
LaulJo00,Jonah Laulu,LV,KC,2025,7,0.0,2.0,DT,0.84,interior,0.2,0.8,1.4,0,-13.5,44.5
RobeEl00,Elandon Roberts,LV,KC,2025,7,0.0,0.0,LB,0.93,edge,0.0,0.4,1.4,0,-13.5,44.5
WhitDe02,Devin White,LV,KC,2025,7,0.0,1.0,LB,1.0,edge,0.2,0.6,1.4,0,-13.5,44.5
WilsTy01,Tyree Wilson,LV,KC,2025,7,0.0,1.0,DE,0.7,edge,0.3,2.0,1.4,0,-13.5,44.5
BrooJo01,Jordyn Brooks,MIA,CLE,2025,7,0.0,0.0,LB,0.98,edge,0.3,0.6,3.0,0,-2.5,34.5
ChubBr00,Bradley Chubb,MIA,CLE,2025,7,0.0,1.0,LB,0.68,edge,0.6,1.4,3.0,0,-2.5,34.5
DodsTy01,Tyrel Dodson,MIA,CLE,2025,7,1.0,1.0,LB,0.98,edge,0.4,0.6,3.0,0,-2.5,34.5
PhilJa02,Jaelan Phillips,MIA,CLE,2025,7,1.0,1.0,LB,0.81,edge,0.2,1.8,3.0,0,-2.5,34.5
AlleJo01,Jonathan Allen,MIN,PHI,2025,7,0.5,1.0,DL,0.88,interior,0.0,1.2,3.2,1,-2.5,43.5
CashBl00,Blake Cashman,MIN,PHI,2025,7,0.0,1.0,LB,1.0,edge,0.5,1.6,3.2,1,-2.5,43.5
GreeJo04,Jonathan Greenard,MIN,PHI,2025,7,0.0,0.0,LB,0.94,edge,0.2,2.0,3.2,1,-2.5,43.5
TurnDa01,Dallas Turner,MIN,PHI,2025,7,0.5,3.0,LB,0.6,edge,0.25,1.75,3.2,1,-2.5,43.5
WilsEr00,Eric Wilson,MIN,PHI,2025,7,1.5,2.0,LB,0.84,edge,0.0,0.4,3.2,1,-2.5,43.5
LandHa00,Harold Landry,NE,TEN,2025,7,1.0,1.0,LB,0.7,edge,0.4,2.2,3.6,0,6.5,40.5
SpilRo00,Robert Spillane,NE,TEN,2025,7,0.0,0.0,LB,1.0,edge,0.2,0.4,3.6,0,6.5,40.5
WillMi08,Milton Williams,NE,TEN,2025,7,1.0,1.0,DT,0.7,interior,0.4,1.2,3.6,0,6.5,40.5
BresBr00,Bryan Bresee,NO,CHI,2025,7,0.5,1.0,DT,0.77,interior,0.2,1.2,2.0,0,-4.5,43.5
DaviDe00,Demario Davis,NO,CHI,2025,7,0.0,1.0,LB,1.0,edge,0.0,0.2,2.0,0,-4.5,43.5
GranCa01,Carl Granderson,NO,CHI,2025,7,0.0,2.0,DE,0.61,edge,0.6,1.2,2.0,0,-4.5,43.5
ShepNa00,Nathan Shepherd,NO,CHI,2025,7,0.0,1.0,DT,0.72,interior,0.0,1.0,2.0,0,-4.5,43.5
YounCh04,Chase Young,NO,CHI,2025,7,0.5,5.0,DE,0.68,edge,0.2,2.8,2.0,0,-4.5,43.5
BurnBr00,Brian Burns,NYG,DEN,2025,7,2.0,3.0,LB,0.69,edge,1.0,2.8,1.0,0,-7.5,39.5
CartAb00,Abdul Carter,NYG,DEN,2025,7,0.0,1.0,LB,0.64,edge,0.0,2.25,1.0,0,-7.5,39.5
LawrDe03,Dexter Lawrence,NYG,DEN,2025,7,0.0,1.0,DL,0.68,interior,0.0,1.2,1.0,0,-7.5,39.5
MuasDa00,Darius Muasau,NYG,DEN,2025,7,0.0,0.0,LB,0.9,edge,0.2,0.6,1.0,0,-7.5,39.5
OkerBo00,Bobby Okereke,NYG,DEN,2025,7,0.0,0.0,LB,1.0,edge,0.0,0.0,1.0,0,-7.5,39.5
ThibKa00,Kayvon Thibodeaux,NYG,DEN,2025,7,0.0,1.0,LB,0.7,edge,0.5,1.6,1.0,0,-7.5,39.5
JohnJe07,Jermaine Johnson II,NYJ,CAR,2025,7,0.0,1.0,LB,0.76,edge,0.4,1.6,1.8,0,1.5,39.5
MauiFr00,Francisco Mauigoa,NYJ,CAR,2025,7,0.0,0.0,LB,0.94,edge,0.0,0.0,1.8,0,1.5,39.5
McDoWi00,Will McDonald,NYJ,CAR,2025,7,0.0,2.0,DE,0.66,edge,0.1,1.6,1.8,0,1.5,39.5
SherJa00,Jamien Sherwood,NYJ,CAR,2025,7,1.0,2.0,LB,1.0,edge,0.0,0.2,1.8,0,1.5,39.5
BaunZa00,Zack Baun,PHI,MIN,2025,7,0.0,0.0,LB,1.0,edge,0.4,0.8,4.2,1,2.5,43.5
CampJi00,Jihaad Campbell,PHI,MIN,2025,7,0.0,0.0,LB,0.87,edge,0.0,0.2,4.2,1,2.5,43.5
CartJa05,Jalen Carter,PHI,MIN,2025,7,0.0,2.0,DT,0.97,interior,0.0,1.8,4.2,1,2.5,43.5
DaviJo03,Jordan Davis,PHI,MIN,2025,7,0.0,1.0,DT,0.65,interior,0.625,1.0,4.2,1,2.5,43.5
HuntJa02,Jalyx Hunt,PHI,MIN,2025,7,0.0,3.0,LB,0.75,edge,0.0,1.25,4.2,1,2.5,43.5
BentKe00,Keeanu Benton,PIT,CIN,2025,7,1.0,1.0,DL,0.61,interior,0.3,1.0,2.6,0,5.5,45.5
HeywCa01,Cameron Heyward,PIT,CIN,2025,7,0.5,1.0,DT,0.74,interior,0.6,1.4,2.6,0,5.5,45.5
HighAl02,Alex Highsmith,PIT,CIN,2025,7,0.0,0.0,LB,0.7,edge,0.8,1.6,2.6,0,5.5,45.5
QueePa00,Patrick Queen,PIT,CIN,2025,7,0.0,0.0,LB,1.0,edge,0.2,0.8,2.6,0,5.5,45.5
WattT.00,T.J. Watt,PIT,CIN,2025,7,0.5,1.0,LB,0.82,edge,0.7,2.8,2.6,0,5.5,45.5
JoneEr01,Ernest Jones,SEA,HOU,2025,7,0.0,0.0,LB,1.0,edge,0.1,0.4,2.4,0,3.0,41.5
LawrDe00,DeMarcus Lawrence,SEA,HOU,2025,7,1.0,6.0,LB,0.7,edge,0.8,3.4,2.4,0,3.0,41.5
MafeBo00,Boye Mafe,SEA,HOU,2025,7,0.0,0.0,LB,0.63,edge,0.0,1.4,2.4,0,3.0,41.5
NwosUc00,Uchenna Nwosu,SEA,HOU,2025,7,1.0,4.0,LB,0.76,edge,1.0,2.6,2.4,0,3.0,41.5
ThomDr00,Drake Thomas,SEA,HOU,2025,7,0.0,1.0,LB,0.89,edge,1.0,1.0,2.4,0,3.0,41.5
WillLe02,Leonard Williams,SEA,HOU,2025,7,0.0,2.0,DE,0.82,edge,0.6,2.0,2.4,0,3.0,41.5
BethTa00,Tatum Bethune,SF,ATL,2025,7,0.0,0.0,LB,0.86,edge,0.0,0.0,1.4,0,1.5,46.5
CollAl01,Alfred Collins,SF,ATL,2025,7,0.0,1.0,DL,0.6,interior,,,1.4,0,1.5,46.5
HuffBr00,Bryce Huff,SF,ATL,2025,7,1.0,3.0,DL,0.69,interior,0.0,0.0,1.4,0,1.5,46.5
OkuaSa00,Sam Okuayinonu,SF,ATL,2025,7,1.0,1.0,DL,0.68,interior,0.0,0.3333333333333333,1.4,0,1.5,46.5
WintDe00,Dee Winters,SF,ATL,2025,7,0.0,1.0,LB,1.0,edge,0.0,0.2,1.4,0,1.5,46.5
DaviLa00,Lavonte David,TB,DET,2025,7,0.0,0.0,LB,0.99,edge,0.5,1.4,1.0,1,-6.0,54.5
DennSi00,SirVocea Dennis,TB,DET,2025,7,1.0,1.0,LB,0.97,edge,0.0,0.4,1.0,1,-6.0,54.5
DiabYa00,YaYa Diaby,TB,DET,2025,7,1.0,2.0,LB,0.78,edge,0.6,1.4,1.0,1,-6.0,54.5
HallLo00,Logan Hall,TB,DET,2025,7,0.0,1.0,DL,0.63,interior,0.6,1.4,1.0,1,-6.0,54.5
ReddHa00,Haason Reddick,TB,DET,2025,7,0.0,1.0,LB,0.65,edge,0.3,1.0,1.0,1,-6.0,54.5
RobeEl01,Elijah Roberts,TB,DET,2025,7,0.0,2.0,DL,0.68,interior,,,1.0,1,-6.0,54.5
VeaxVi00,Vita Vea,TB,DET,2025,7,0.0,2.0,NT,0.81,interior,0.5,1.2,1.0,1,-6.0,54.5
BartCo00,Cody Barton,TEN,NE,2025,7,0.0,0.0,LB,1.0,edge,0.0,0.0,2.8,0,-6.5,40.5
GrayCe00,Cedric Gray,TEN,NE,2025,7,0.0,0.0,LB,0.97,edge,0.0,0.4,2.8,0,-6.5,40.5
JoneDr00,Dre'Mont Jones,TEN,NE,2025,7,1.0,1.0,LB,0.75,edge,0.4,1.4,2.8,0,-6.5,40.5
WardJi02,Jihad Ward,TEN,NE,2025,7,1.0,1.0,LB,0.74,edge,0.4,1.6,2.8,0,-6.5,40.5
LuvuFr00,Frankie Luvu,WAS,DAL,2025,7,0.0,0.0,LB,0.9,edge,0.4,0.4,1.4,1,-1.5,54.5
MartJa02,Jacob Martin,WAS,DAL,2025,7,0.5,4.0,DE,0.78,edge,0.0,2.0,1.4,1,-1.5,54.5
WagnBo00,Bobby Wagner,WAS,DAL,2025,7,0.0,0.0,LB,0.9,edge,0.4,1.0,1.4,1,-1.5,54.5
BertJD00,JD Bertrand,ATL,MIA,2025,8,0.0,0.0,LB,0.99,edge,0.0,0.0,1.8,1,7.0,44.5
ElliKa00,Kaden Elliss,ATL,MIA,2025,8,0.0,1.0,LB,1.0,edge,0.3,1.6,1.8,1,7.0,44.5
OnyeDa00,David Onyemata,ATL,MIA,2025,8,0.0,1.0,DL,0.67,interior,0.5,0.6,1.8,1,7.0,44.5
PearJa00,James Pearce,ATL,MIA,2025,8,0.0,1.0,DE,0.71,edge,0.0,0.0,1.8,1,7.0,44.5
BuchTe00,Teddye Buchanan,BAL,CHI,2025,8,0.0,2.0,LB,0.7,edge,0.1,0.4,1.8,0,2.5,45.5
GreeMi02,Mike Green,BAL,CHI,2025,8,1.0,2.0,LB,0.83,edge,0.0,0.5,1.8,0,2.5,45.5
JoneTr00,Travis Jones,BAL,CHI,2025,8,0.0,0.0,DL,0.71,interior,0.2,1.0,1.8,0,2.5,45.5
SmitRo07,Roquan Smith,BAL,CHI,2025,8,0.0,1.0,LB,1.0,edge,0.0,0.6,1.8,0,2.5,45.5
VanNKy00,Kyle Van Noy,BAL,CHI,2025,8,0.0,2.0,LB,0.63,edge,0.0,1.4,1.8,0,2.5,45.5
HoecMi00,Michael Hoecht,BUF,CAR,2025,8,1.5,2.0,DE,0.66,edge,0.1,0.8,1.6,0,7.0,47.5
ThomSh01,Shaq Thompson,BUF,CAR,2025,8,0.0,0.0,LB,0.89,edge,0.2,0.8,1.6,0,7.0,47.5
WillDo04,Dorian Williams,BUF,CAR,2025,8,0.0,0.0,LB,0.77,edge,0.0,0.6,1.6,0,7.0,47.5
BrowDe05,Derrick Brown,CAR,BUF,2025,8,0.0,0.0,DE,0.7,edge,0.8,1.8,2.2,0,-7.0,47.5
RobiAS00,A'Shawn Robinson,CAR,BUF,2025,8,0.5,1.0,DE,0.63,edge,0.7,1.0,2.2,0,-7.0,47.5
RozeCh00,Christian Rozeboom,CAR,BUF,2025,8,0.0,0.0,LB,0.95,edge,0.0,0.0,2.2,0,-7.0,47.5
ScouNi00,Nic Scourton,CAR,BUF,2025,8,0.5,1.0,LB,0.62,edge,0.375,1.0,2.2,0,-7.0,47.5
WallTr00,Trevin Wallace,CAR,BUF,2025,8,1.0,1.0,LB,0.71,edge,0.0,0.2,2.2,0,-7.0,47.5
DextGe00,Gervon Dexter,CHI,BAL,2025,8,1.0,1.0,DL,0.66,interior,0.7,1.0,3.4,0,-2.5,45.5
EdmuTr01,Tremaine Edmunds,CHI,BAL,2025,8,0.0,0.0,LB,0.94,edge,0.2,0.2,3.4,0,-2.5,45.5
EdwaTJ02,T.J. Edwards,CHI,BAL,2025,8,0.0,0.0,LB,1.0,edge,0.4,0.4,3.4,0,-2.5,45.5
SweaMo00,Montez Sweat,CHI,BAL,2025,8,1.0,1.0,DL,0.81,interior,0.2,1.6,3.4,0,-2.5,45.5
CartBa00,Barrett Carter,CIN,NYJ,2025,8,0.0,0.0,LB,1.0,edge,0.0,0.0,5.2,0,5.5,43.5
KnigDe00,Demetrius Knight,CIN,NYJ,2025,8,0.0,0.0,LB,0.88,edge,0.0,0.4,5.2,0,5.5,43.5
MurpMy00,Myles Murphy,CIN,NYJ,2025,8,0.0,1.0,DE,0.78,edge,0.0,2.0,5.2,0,5.5,43.5
BushDe01,Devin Bush Jr.,CLE,NE,2025,8,0.0,0.0,LB,0.91,edge,0.0,0.2,3.0,0,-7.0,40.5
CollMa00,Maliek Collins,CLE,NE,2025,8,0.0,1.0,DT,0.66,interior,0.7,1.4,3.0,0,-7.0,40.5
GarrMy00,Myles Garrett,CLE,NE,2025,8,5.0,5.0,DE,0.69,edge,0.6,2.4,3.0,0,-7.0,40.5
SchwCa00,Carson Schwesinger,CLE,NE,2025,8,0.0,0.0,LB,0.88,edge,0.2,0.4,3.0,0,-7.0,40.5
WrigAl01,Alex Wright,CLE,NE,2025,8,1.0,1.0,DE,0.66,edge,0.6,1.0,3.0,0,-7.0,40.5
ClarKe01,Kenny Clark,DAL,DEN,2025,8,0.0,0.0,DT,0.79,interior,0.2,1.2,1.4,0,-3.5,51.5
JameSh00,Shemar James,DAL,DEN,2025,8,0.0,0.0,LB,0.95,edge,0.3333333333333333,1.0,1.4,0,-3.5,51.5
MurrKe00,Kenneth Murray,DAL,DEN,2025,8,0.0,0.0,LB,1.0,edge,0.2,0.4,1.4,0,-3.5,51.5
SingAl00,Alex Singleton,DEN,DAL,2025,8,0.0,0.0,LB,0.95,edge,0.2,0.8,1.0,0,3.5,51.5
StrnJu00,Justin Strnad,DEN,DAL,2025,8,0.0,1.0,LB,0.77,edge,0.7,1.2,1.0,0,3.5,51.5
CoopEd00,Edgerrin Cooper,GB,PIT,2025,8,0.0,0.0,LB,0.98,edge,0.1,0.4,1.0,0,3.0,46.5
GaryRa00,Rashan Gary,GB,PIT,2025,8,2.0,3.0,DL,0.68,interior,1.1,2.4,1.0,0,3.0,46.5
ParsMi00,Micah Parsons,GB,PIT,2025,8,1.0,2.0,DL,0.87,interior,0.9,3.4,1.0,0,3.0,46.5
WalkQu00,Quay Walker,GB,PIT,2025,8,0.0,0.0,LB,1.0,edge,0.3,1.2,1.0,0,3.0,46.5
AlShAz00,Azeez Al-Shaair,HOU,SF,2025,8,0.0,0.0,LB,1.0,edge,0.0,0.2,2.0,1,2.5,41.5
AndeWi01,Will Anderson,HOU,SF,2025,8,1.0,3.0,DE,0.75,edge,0.8,1.8,2.0,1,2.5,41.5
HuntDa01,Danielle Hunter,HOU,SF,2025,8,0.0,1.0,DE,0.88,edge,0.8,2.6,2.0,1,2.5,41.5
FranZa00,Zaire Franklin,IND,TEN,2025,8,0.0,1.0,LB,0.62,edge,0.2,1.2,3.4,1,15.5,47.5
BoltNi00,Nick Bolton,KC,WAS,2025,8,0.0,1.0,LB,0.87,edge,0.0,0.4,2.2,0,10.5,48.5
KarlGe00,George Karlaftis III,KC,WAS,2025,8,1.0,2.0,DE,0.7,edge,0.7,2.6,2.2,0,10.5,48.5
TranDr00,Drue Tranquill,KC,WAS,2025,8,0.0,1.0,LB,0.87,edge,0.0,0.0,2.2,0,10.5,48.5
EboiJu00,Justin Eboigbe,LAC,MIN,2025,8,2.0,4.0,DL,0.63,interior,0.5,1.0,4.0,1,3.0,45.5
HenlDa00,Daiyan Henley,LAC,MIN,2025,8,0.0,1.0,LB,0.8,edge,0.0,0.4,4.0,1,3.0,45.5
TuipTu00,Tuli Tuipulotu,LAC,MIN,2025,8,1.0,1.0,LB,0.69,edge,1.0,3.0,4.0,1,3.0,45.5
BrooJo01,Jordyn Brooks,MIA,ATL,2025,8,1.0,1.0,LB,0.74,edge,0.1,0.4,1.6,1,-7.0,44.5
ChubBr00,Bradley Chubb,MIA,ATL,2025,8,0.0,0.0,LB,0.62,edge,0.6,1.2,1.6,1,-7.0,44.5
DodsTy01,Tyrel Dodson,MIA,ATL,2025,8,0.0,0.0,LB,0.64,edge,0.6,0.8,1.6,1,-7.0,44.5
PhilJa02,Jaelan Phillips,MIA,ATL,2025,8,0.0,3.0,LB,0.8,edge,0.4,1.8,1.6,1,-7.0,44.5
SielZa00,Zach Sieler,MIA,ATL,2025,8,0.0,1.0,DT,0.64,interior,0.3,1.0,1.6,1,-7.0,44.5
AlleJo01,Jonathan Allen,MIN,LAC,2025,8,1.0,1.0,DL,0.67,interior,0.1,1.2,3.2,1,-3.0,45.5
CashBl00,Blake Cashman,MIN,LAC,2025,8,0.0,0.0,LB,1.0,edge,0.5,1.6,3.2,1,-3.0,45.5
GreeJo04,Jonathan Greenard,MIN,LAC,2025,8,1.0,4.0,LB,0.67,edge,0.2,1.4,3.2,1,-3.0,45.5
RedmJa01,Jalen Redmond,MIN,LAC,2025,8,0.0,1.0,DL,0.86,interior,2.0,2.0,3.2,1,-3.0,45.5
TurnDa01,Dallas Turner,MIN,LAC,2025,8,0.0,1.0,LB,0.73,edge,0.3,2.0,3.2,1,-3.0,45.5
WilsEr00,Eric Wilson,MIN,LAC,2025,8,0.0,0.0,LB,0.82,edge,0.3,0.8,3.2,1,-3.0,45.5
ChaiKL00,K'Lavon Chaisson,NE,CLE,2025,8,0.0,1.0,LB,0.67,edge,0.3,1.8,3.0,0,7.0,40.5
ElliCh00,Christian Elliss,NE,CLE,2025,8,0.0,0.0,LB,0.72,edge,0.0,0.0,3.0,0,7.0,40.5
SpilRo00,Robert Spillane,NE,CLE,2025,8,0.0,0.0,LB,1.0,edge,0.0,0.2,3.0,0,7.0,40.5
WillMi08,Milton Williams,NE,CLE,2025,8,0.0,1.0,DT,0.67,interior,0.6,1.4,3.0,0,7.0,40.5
DaviDe00,Demario Davis,NO,TB,2025,8,0.0,0.0,LB,1.0,edge,0.0,0.4,1.8,1,-4.5,46.5
GranCa01,Carl Granderson,NO,TB,2025,8,0.0,1.0,DE,0.6,edge,0.2,1.0,1.8,1,-4.5,46.5
ShepNa00,Nathan Shepherd,NO,TB,2025,8,1.0,1.0,DT,0.81,interior,0.0,1.0,1.8,1,-4.5,46.5
YounCh04,Chase Young,NO,TB,2025,8,1.5,2.0,DE,0.62,edge,0.2,3.4,1.8,1,-4.5,46.5
BurnBr00,Brian Burns,NYG,PHI,2025,8,1.0,1.0,LB,0.64,edge,1.2,3.0,3.6,0,-7.0,43.5
CartAb00,Abdul Carter,NYG,PHI,2025,8,0.0,0.0,LB,0.83,edge,0.0,2.0,3.6,0,-7.0,43.5
LawrDe03,Dexter Lawrence,NYG,PHI,2025,8,0.5,1.0,DL,0.71,interior,0.0,1.2,3.6,0,-7.0,43.5
MuasDa00,Darius Muasau,NYG,PHI,2025,8,0.0,1.0,LB,0.81,edge,0.2,0.2,3.6,0,-7.0,43.5
OkerBo00,Bobby Okereke,NYG,PHI,2025,8,1.0,1.0,LB,1.0,edge,0.0,0.0,3.6,0,-7.0,43.5
ThibKa00,Kayvon Thibodeaux,NYG,PHI,2025,8,0.0,1.0,LB,0.63,edge,0.4,1.6,3.6,0,-7.0,43.5
JohnJe07,Jermaine Johnson II,NYJ,CIN,2025,8,0.0,2.0,LB,0.92,edge,0.4,1.4,2.4,0,-5.5,43.5
McDoWi00,Will McDonald,NYJ,CIN,2025,8,1.0,1.0,DE,0.71,edge,0.1,2.0,2.4,0,-5.5,43.5
SherJa00,Jamien Sherwood,NYJ,CIN,2025,8,0.0,0.0,LB,0.69,edge,0.2,0.6,2.4,0,-5.5,43.5
WillQu00,Quinnen Williams,NYJ,CIN,2025,8,0.0,2.0,DL,0.88,interior,0.2,1.0,2.4,0,-5.5,43.5
WillQu01,Quincy Williams,NYJ,CIN,2025,8,0.0,0.0,LB,0.88,edge,0.2,0.6,2.4,0,-5.5,43.5
BaunZa00,Zack Baun,PHI,NYG,2025,8,1.0,1.0,LB,0.87,edge,0.4,0.6,2.8,0,7.0,43.5
CartJa05,Jalen Carter,PHI,NYG,2025,8,1.0,1.0,DT,0.83,interior,0.0,1.8,2.8,0,7.0,43.5
DeanNa00,Nakobe Dean,PHI,NYG,2025,8,0.0,0.0,LB,0.63,edge,0.2,0.2,2.8,0,7.0,43.5
HuntJa02,Jalyx Hunt,PHI,NYG,2025,8,1.0,1.0,LB,0.71,edge,0.0,1.6,2.8,0,7.0,43.5
UcheJo00,Joshua Uche,PHI,NYG,2025,8,0.0,1.0,LB,0.6,edge,1.0,1.6666666666666667,2.8,0,7.0,43.5
HighAl02,Alex Highsmith,PIT,GB,2025,8,0.0,1.0,LB,0.73,edge,0.6,1.4,2.0,0,-3.0,46.5
QueePa00,Patrick Queen,PIT,GB,2025,8,0.0,1.0,LB,1.0,edge,0.2,0.6,2.0,0,-3.0,46.5
WattT.00,T.J. Watt,PIT,GB,2025,8,0.0,2.0,LB,0.92,edge,0.8,3.0,2.0,0,-3.0,46.5
WilsPa00,Payton Wilson,PIT,GB,2025,8,0.0,0.0,LB,0.67,edge,0.25,0.75,2.0,0,-3.0,46.5
BethTa00,Tatum Bethune,SF,HOU,2025,8,0.0,0.0,LB,1.0,edge,0.0,0.0,2.4,1,-2.5,41.5
CollAl01,Alfred Collins,SF,HOU,2025,8,0.0,1.0,DL,0.68,interior,0.0,1.0,2.4,1,-2.5,41.5
WillMy00,Mykel Williams,SF,HOU,2025,8,0.0,0.0,DL,0.66,interior,0.3333333333333333,1.0,2.4,1,-2.5,41.5
WintDe00,Dee Winters,SF,HOU,2025,8,0.0,0.0,LB,0.72,edge,0.0,0.4,2.4,1,-2.5,41.5
DaviLa00,Lavonte David,TB,NO,2025,8,0.0,0.0,LB,0.81,edge,0.4,1.2,2.2,1,4.5,46.5
DennSi00,SirVocea Dennis,TB,NO,2025,8,1.0,1.0,LB,1.0,edge,0.2,0.4,2.2,1,4.5,46.5
DiabYa00,YaYa Diaby,TB,NO,2025,8,0.0,1.0,LB,0.71,edge,0.8,1.8,2.2,1,4.5,46.5
NelsAn01,Anthony Nelson,TB,NO,2025,8,2.0,2.0,LB,0.62,edge,0.2,1.2,2.2,1,4.5,46.5
BartCo00,Cody Barton,TEN,IND,2025,8,0.0,0.0,LB,1.0,edge,0.0,0.0,0.8,1,-15.5,47.5
GrayCe00,Cedric Gray,TEN,IND,2025,8,0.0,1.0,LB,0.94,edge,0.0,0.2,0.8,1,-15.5,47.5
JoneDr00,Dre'Mont Jones,TEN,IND,2025,8,1.0,2.0,LB,0.74,edge,0.4,0.8,0.8,1,-15.5,47.5
WardJi02,Jihad Ward,TEN,IND,2025,8,0.0,0.0,LB,0.81,edge,0.4,1.4,0.8,1,-15.5,47.5
LuvuFr00,Frankie Luvu,WAS,KC,2025,8,0.0,1.0,LB,0.88,edge,0.4,0.4,1.2,0,-10.5,48.5
MageJo00,Jordan Magee,WAS,KC,2025,8,0.0,0.0,LB,0.84,edge,,,1.2,0,-10.5,48.5
MartJa02,Jacob Martin,WAS,KC,2025,8,2.0,3.0,DE,0.68,edge,0.25,3.0,1.2,0,-10.5,48.5
WagnBo00,Bobby Wagner,WAS,KC,2025,8,0.0,0.0,LB,1.0,edge,0.4,1.0,1.2,0,-10.5,48.5
BrowBa01,Baron Browning,ARI,DAL,2025,9,0.0,0.0,LB,0.6,edge,0.4,0.6,1.0,1,-3.5,53.5
DaviAk01,Akeem Davis-Gaither,ARI,DAL,2025,9,0.0,0.0,LB,0.72,edge,0.0,0.4,1.0,1,-3.5,53.5
SweaJo00,Josh Sweat,ARI,DAL,2025,9,2.0,6.0,LB,0.67,edge,0.9,2.0,1.0,1,-3.5,53.5
WilsMa03,Mack Wilson,ARI,DAL,2025,9,0.0,0.0,LB,0.75,edge,0.0,0.2,1.0,1,-3.5,53.5
ElliKa00,Kaden Elliss,ATL,NE,2025,9,0.0,1.0,LB,1.0,edge,0.3,1.6,3.2,0,-5.5,45.5
HarrRo02,Ronnie Harrison,ATL,NE,2025,9,0.0,2.0,LB,0.6,edge,0.3333333333333333,0.3333333333333333,3.2,0,-5.5,45.5
WalkJa02,Jalon Walker,ATL,NE,2025,9,2.0,2.0,DE,0.65,edge,,,3.2,0,-5.5,45.5
BuchTe00,Teddye Buchanan,BAL,MIA,2025,9,0.0,0.0,LB,0.69,edge,0.1,0.8,2.0,0,7.5,51.5
GreeMi02,Mike Green,BAL,MIA,2025,9,0.5,1.0,LB,0.72,edge,0.2,0.8,2.0,0,7.5,51.5
JoneTr00,Travis Jones,BAL,MIA,2025,9,0.5,2.0,DL,0.66,interior,0.0,0.8,2.0,0,7.5,51.5
SmitRo07,Roquan Smith,BAL,MIA,2025,9,0.0,0.0,LB,1.0,edge,0.0,0.8,2.0,0,7.5,51.5
BernTe00,Terrel Bernard,BUF,KC,2025,9,0.0,0.0,LB,0.98,edge,0.0,1.0,1.6,0,-2.5,53.5
BosaJo00,Joey Bosa,BUF,KC,2025,9,1.0,5.0,DE,0.73,edge,0.4,2.2,1.6,0,-2.5,53.5
RousGr00,Gregory Rousseau,BUF,KC,2025,9,0.5,5.0,DE,0.78,edge,0.4,1.6,1.6,0,-2.5,53.5
BrowDe05,Derrick Brown,CAR,GB,2025,9,0.0,1.0,DE,0.82,edge,0.6,1.2,1.6,0,-12.5,43.5
RozeCh00,Christian Rozeboom,CAR,GB,2025,9,0.0,1.0,LB,0.74,edge,0.0,0.0,1.6,0,-12.5,43.5
ScouNi00,Nic Scourton,CAR,GB,2025,9,0.0,1.0,LB,0.78,edge,0.4,1.0,1.6,0,-12.5,43.5
WallTr00,Trevin Wallace,CAR,GB,2025,9,0.0,2.0,LB,0.97,edge,0.2,0.4,1.6,0,-12.5,43.5
WharTe00,Tershawn Wharton,CAR,GB,2025,9,1.0,2.0,DT,0.91,interior,0.4,1.0,1.6,0,-12.5,43.5
WonnDJ00,D.J. Wonnum,CAR,GB,2025,9,0.0,0.0,LB,0.75,edge,0.2,1.0,1.6,0,-12.5,43.5
EdmuTr01,Tremaine Edmunds,CHI,CIN,2025,9,0.0,0.0,LB,1.0,edge,0.2,0.2,1.8,0,3.0,51.5
EdwaTJ02,T.J. Edwards,CHI,CIN,2025,9,0.0,0.0,LB,0.76,edge,0.2,0.2,1.8,0,3.0,51.5
SweaMo00,Montez Sweat,CHI,CIN,2025,9,1.0,2.0,DL,0.76,interior,0.4,1.6,1.8,0,3.0,51.5
CartBa00,Barrett Carter,CIN,CHI,2025,9,0.0,0.0,LB,1.0,edge,0.0,0.0,1.2,0,-3.0,51.5
KnigDe00,Demetrius Knight,CIN,CHI,2025,9,0.0,0.0,LB,0.78,edge,0.0,0.4,1.2,0,-3.0,51.5
MurpMy00,Myles Murphy,CIN,CHI,2025,9,0.0,1.0,DE,0.66,edge,0.0,1.5,1.2,0,-3.0,51.5
OssaJo00,Joseph Ossai,CIN,CHI,2025,9,1.0,4.0,DE,0.6,edge,0.4,1.6,1.2,0,-3.0,51.5
StewSh00,Shemar Stewart,CIN,CHI,2025,9,0.0,2.0,DE,0.61,edge,,,1.2,0,-3.0,51.5
ClarKe01,Kenny Clark,DAL,ARI,2025,9,1.0,1.0,DT,0.76,interior,0.2,1.2,3.6,1,3.5,53.5
EzeiDo00,Donovan Ezeiruaku,DAL,ARI,2025,9,1.0,3.0,DE,0.76,edge,,,3.6,1,3.5,53.5
JameSh00,Shemar James,DAL,ARI,2025,9,0.0,1.0,LB,0.87,edge,0.25,0.75,3.6,1,3.5,53.5
MurrKe00,Kenneth Murray,DAL,ARI,2025,9,0.0,0.0,LB,1.0,edge,0.2,0.4,3.6,1,3.5,53.5
OdigOs00,Osa Odighizuwa,DAL,ARI,2025,9,0.0,4.0,DT,0.76,interior,0.1,2.0,3.6,1,3.5,53.5
AlleZa01,Zach Allen,DEN,HOU,2025,9,1.0,3.0,DL,0.66,interior,0.4,2.6,1.8,1,-1.5,40.5
SingAl00,Alex Singleton,DEN,HOU,2025,9,0.0,0.0,LB,1.0,edge,0.2,0.4,1.8,1,-1.5,40.5
AnzaAl00,Alex Anzalone,DET,MIN,2025,9,0.0,1.0,LB,1.0,edge,0.3,1.2,3.8,1,9.5,47.5
BarnDe02,Derrick Barnes,DET,MIN,2025,9,1.0,1.0,LB,1.0,edge,0.6,1.0,3.8,1,9.5,47.5
CampJa04,Jack Campbell,DET,MIN,2025,9,1.0,2.0,LB,1.0,edge,0.6,1.4,3.8,1,9.5,47.5
HutcAi00,Aidan Hutchinson,DET,MIN,2025,9,1.0,4.0,DE,0.98,edge,1.0,3.8,3.8,1,9.5,47.5
CoopEd00,Edgerrin Cooper,GB,CAR,2025,9,0.0,1.0,LB,1.0,edge,0.0,0.0,2.8,0,12.5,43.5
GaryRa00,Rashan Gary,GB,CAR,2025,9,0.0,2.0,DL,0.71,interior,1.2,2.4,2.8,0,12.5,43.5
WalkQu00,Quay Walker,GB,CAR,2025,9,0.0,1.0,LB,1.0,edge,0.3,1.0,2.8,0,12.5,43.5
WyatDe00,Devonte Wyatt,GB,CAR,2025,9,0.0,1.0,DL,0.69,interior,0.75,1.25,2.8,0,12.5,43.5
AlShAz00,Azeez Al-Shaair,HOU,DEN,2025,9,0.0,0.0,LB,1.0,edge,0.0,0.2,1.0,1,1.5,40.5
AndeWi01,Will Anderson,HOU,DEN,2025,9,1.0,2.0,DE,0.81,edge,0.8,2.0,1.0,1,1.5,40.5
HuntDa01,Danielle Hunter,HOU,DEN,2025,9,0.0,3.0,DE,0.86,edge,0.8,2.2,1.0,1,1.5,40.5
RankSh00,Sheldon Rankins,HOU,DEN,2025,9,0.0,1.0,DT,0.63,interior,0.4,1.0,1.0,1,1.5,40.5
TooTHe00,Henry To'oTo'o,HOU,DEN,2025,9,0.0,0.0,LB,0.86,edge,0.2,0.2,1.0,1,1.5,40.5
FranZa00,Zaire Franklin,IND,PIT,2025,9,0.0,0.0,LB,1.0,edge,0.2,1.4,1.0,0,3.5,51.5
LatuLa00,Laiatu Latu,IND,PIT,2025,9,2.5,3.0,DE,0.89,edge,0.4,2.4,1.0,0,3.5,51.5
PayeKw00,Kwity Paye,IND,PIT,2025,9,0.0,0.0,DE,0.84,edge,0.2,1.2,1.0,0,3.5,51.5
PratGe00,Germaine Pratt,IND,PIT,2025,9,0.0,0.0,LB,0.92,edge,0.0,0.0,1.0,0,3.5,51.5
AlleJo03,Josh Hines-Allen,JAX,LV,2025,9,1.5,4.0,DE,0.78,edge,0.1,2.6,2.4,1,2.5,43.5
ArmsAr01,Arik Armstead,JAX,LV,2025,9,0.0,1.0,DT,0.77,interior,0.7,1.2,2.4,1,2.5,43.5
MillVe00,Ventrell Miller,JAX,LV,2025,9,0.0,0.0,LB,0.91,edge,0.0,0.2,2.4,1,2.5,43.5
OluoFo00,Foyesade Oluokun,JAX,LV,2025,9,0.0,0.0,LB,1.0,edge,0.0,0.6,2.4,1,2.5,43.5
BoltNi00,Nick Bolton,KC,BUF,2025,9,0.0,0.0,LB,1.0,edge,0.0,0.6,2.4,0,2.5,53.5
KarlGe00,George Karlaftis III,KC,BUF,2025,9,0.5,2.0,DE,0.77,edge,0.7,2.8,2.4,0,2.5,53.5
TranDr00,Drue Tranquill,KC,BUF,2025,9,0.0,0.0,LB,0.92,edge,0.0,0.2,2.4,0,2.5,53.5
FiskBr00,Braden Fiske,LA,NO,2025,9,1.0,2.0,DE,0.61,edge,0.4,0.6,2.8,1,14.0,44.5
LandNa01,Nathan Landman,LA,NO,2025,9,0.0,2.0,LB,0.93,edge,0.3,0.8,2.8,1,14.0,44.5
SpeiOm00,Omar Speights,LA,NO,2025,9,0.0,0.0,LB,0.61,edge,0.2,0.2,2.8,1,14.0,44.5
VersJa00,Jared Verse,LA,NO,2025,9,0.0,0.0,LB,0.9,edge,0.8,3.0,2.8,1,14.0,44.5
YounBy01,Byron Young,LA,NO,2025,9,0.0,2.0,LB,0.78,edge,1.2,3.0,2.8,1,14.0,44.5
HenlDa00,Daiyan Henley,LAC,TEN,2025,9,1.0,1.0,LB,0.96,edge,0.0,0.2,3.4,0,10.0,44.5
PerrDe00,Denzel Perryman,LAC,TEN,2025,9,0.0,0.0,LB,0.64,edge,0.2,0.2,3.4,0,10.0,44.5
TuipTu00,Tuli Tuipulotu,LAC,TEN,2025,9,1.0,1.0,LB,0.66,edge,1.2,2.6,3.4,0,10.0,44.5
ButlAd00,Adam Butler,LV,JAX,2025,9,0.0,2.0,DT,0.71,interior,0.2,1.0,3.8,1,-2.5,43.5
CrosMa00,Maxx Crosby,LV,JAX,2025,9,1.0,2.0,DE,0.96,edge,0.6,2.0,3.8,1,-2.5,43.5
LaulJo00,Jonah Laulu,LV,JAX,2025,9,0.0,0.0,DT,0.79,interior,0.2,0.8,3.8,1,-2.5,43.5
RobeEl00,Elandon Roberts,LV,JAX,2025,9,0.0,0.0,LB,0.6,edge,0.0,0.4,3.8,1,-2.5,43.5
WhitDe02,Devin White,LV,JAX,2025,9,0.0,0.0,LB,1.0,edge,0.2,0.8,3.8,1,-2.5,43.5
BrooJo01,Jordyn Brooks,MIA,BAL,2025,9,0.0,1.0,LB,0.95,edge,0.3,0.6,3.2,0,-7.5,51.5
ChubBr00,Bradley Chubb,MIA,BAL,2025,9,0.0,0.0,LB,0.73,edge,0.4,1.0,3.2,0,-7.5,51.5
DodsTy01,Tyrel Dodson,MIA,BAL,2025,9,0.0,1.0,LB,0.95,edge,0.6,0.8,3.2,0,-7.5,51.5
GranKe01,Kenneth Grant,MIA,BAL,2025,9,0.0,2.0,DT,0.62,interior,0.0,0.0,3.2,0,-7.5,51.5
PhilJa02,Jaelan Phillips,MIA,BAL,2025,9,1.0,3.0,LB,0.8,edge,0.4,2.0,3.2,0,-7.5,51.5
AlleJo01,Jonathan Allen,MIN,DET,2025,9,0.0,3.0,DL,0.8,interior,0.3,1.2,1.8,1,-9.5,47.5
CashBl00,Blake Cashman,MIN,DET,2025,9,0.0,1.0,LB,1.0,edge,0.2,1.0,1.8,1,-9.5,47.5
GreeJo04,Jonathan Greenard,MIN,DET,2025,9,0.0,2.0,LB,0.97,edge,0.2,1.8,1.8,1,-9.5,47.5
HargJa00,Javon Hargrave,MIN,DET,2025,9,1.0,2.0,DL,0.61,interior,0.8,1.4,1.8,1,-9.5,47.5
RedmJa01,Jalen Redmond,MIN,DET,2025,9,1.0,1.0,DL,0.91,interior,1.0,1.5,1.8,1,-9.5,47.5
VanGAn00,Andrew Van Ginkel,MIN,DET,2025,9,0.0,1.0,LB,0.61,edge,0.7,1.2,1.8,1,-9.5,47.5
WilsEr00,Eric Wilson,MIN,DET,2025,9,2.0,2.0,LB,0.88,edge,0.3,0.6,1.8,1,-9.5,47.5
ChaiKL00,K'Lavon Chaisson,NE,ATL,2025,9,1.0,1.0,LB,0.73,edge,0.3,1.8,1.2,0,5.5,45.5
LandHa00,Harold Landry,NE,ATL,2025,9,0.0,1.0,LB,0.8,edge,0.4,2.0,1.2,0,5.5,45.5
SpilRo00,Robert Spillane,NE,ATL,2025,9,0.0,0.0,LB,1.0,edge,0.0,0.0,1.2,0,5.5,45.5
BresBr00,Bryan Bresee,NO,LA,2025,9,0.0,1.0,DT,0.7,interior,0.3,1.0,1.4,1,-14.0,44.5
DaviDe00,Demario Davis,NO,LA,2025,9,0.0,0.0,LB,1.0,edge,0.0,0.4,1.4,1,-14.0,44.5
GranCa01,Carl Granderson,NO,LA,2025,9,0.0,1.0,DE,0.6,edge,0.2,1.2,1.4,1,-14.0,44.5
YounCh04,Chase Young,NO,LA,2025,9,1.0,2.0,DE,0.6,edge,0.4,3.6,1.4,1,-14.0,44.5
BurnBr00,Brian Burns,NYG,SF,2025,9,1.0,1.0,LB,0.83,edge,1.2,2.6,2.2,0,-2.5,47.5
FlanDe00,Demetrius Flannigan-Fowles,NYG,SF,2025,9,0.0,0.0,LB,0.7,edge,0.0,0.0,2.2,0,-2.5,47.5
LawrDe03,Dexter Lawrence,NYG,SF,2025,9,0.0,1.0,DL,0.74,interior,0.1,1.2,2.2,0,-2.5,47.5
NuneRa00,Rakeem Nunez-Roches,NYG,SF,2025,9,1.0,1.0,DL,0.64,interior,0.1,0.8,2.2,0,-2.5,47.5
RobeRo00,Roy Robertson-Harris,NYG,SF,2025,9,0.0,1.0,DT,0.73,interior,0.0,1.4,2.2,0,-2.5,47.5
BentKe00,Keeanu Benton,PIT,IND,2025,9,1.0,2.0,DL,0.62,interior,0.5,1.0,1.4,0,-3.5,51.5
HeywCa01,Cameron Heyward,PIT,IND,2025,9,0.0,1.0,DT,0.65,interior,0.3,1.0,1.4,0,-3.5,51.5
HighAl02,Alex Highsmith,PIT,IND,2025,9,2.0,2.0,LB,0.62,edge,0.4,1.4,1.4,0,-3.5,51.5
QueePa00,Patrick Queen,PIT,IND,2025,9,0.0,0.0,LB,1.0,edge,0.2,0.6,1.4,0,-3.5,51.5
WattT.00,T.J. Watt,PIT,IND,2025,9,1.0,2.0,LB,0.78,edge,0.8,3.0,1.4,0,-3.5,51.5
WilsPa00,Payton Wilson,PIT,IND,2025,9,0.0,0.0,LB,0.85,edge,0.2,0.6,1.4,0,-3.5,51.5
MurpBy01,Byron Murphy,SEA,WAS,2025,9,0.5,1.0,DT,0.66,interior,1.125,3.5,2.4,0,2.5,47.5
ThomDr00,Drake Thomas,SEA,WAS,2025,9,1.0,1.0,LB,0.8,edge,0.6666666666666666,1.0,2.4,0,2.5,47.5
BethTa00,Tatum Bethune,SF,NYG,2025,9,0.0,0.0,LB,1.0,edge,0.0,0.0,3.4,0,2.5,47.5
OkuaSa00,Sam Okuayinonu,SF,NYG,2025,9,1.0,2.0,DL,0.72,interior,0.25,0.5,3.4,0,2.5,47.5
WintDe00,Dee Winters,SF,NYG,2025,9,0.0,1.0,LB,1.0,edge,0.0,0.2,3.4,0,2.5,47.5
BartCo00,Cody Barton,TEN,LAC,2025,9,0.0,0.0,LB,1.0,edge,0.0,0.0,2.6,0,-10.0,44.5
GrayCe00,Cedric Gray,TEN,LAC,2025,9,1.0,1.0,LB,0.92,edge,0.0,0.4,2.6,0,-10.0,44.5
JoneDr00,Dre'Mont Jones,TEN,LAC,2025,9,1.5,4.0,LB,0.83,edge,0.6,1.2,2.6,0,-10.0,44.5
WardJi02,Jihad Ward,TEN,LAC,2025,9,2.5,4.0,LB,0.88,edge,0.2,1.0,2.6,0,-10.0,44.5
KinlJa00,Javon Kinlaw,WAS,SEA,2025,9,0.0,0.0,DT,0.63,interior,0.2,0.4,1.2,0,-2.5,47.5
LuvuFr00,Frankie Luvu,WAS,SEA,2025,9,0.0,0.0,LB,1.0,edge,0.4,0.6,1.2,0,-2.5,47.5
PaynDa00,Daron Payne,WAS,SEA,2025,9,0.0,0.0,DT,0.76,interior,0.2,0.6,1.2,0,-2.5,47.5
WagnBo00,Bobby Wagner,WAS,SEA,2025,9,0.0,0.0,LB,1.0,edge,0.0,0.4,1.2,0,-2.5,47.5
DaviAk01,Akeem Davis-Gaither,ARI,SEA,2025,10,0.0,0.0,LB,0.81,edge,0.0,0.2,1.2,0,-7.0,44.5
SimoCo01,Cody Simon,ARI,SEA,2025,10,0.0,0.0,LB,1.0,edge,,,1.2,0,-7.0,44.5
ElliKa00,Kaden Elliss,ATL,IND,2025,10,1.0,3.0,LB,1.0,edge,0.1,1.4,2.0,1,-6.5,48.5
HarrZa00,Zach Harrison,ATL,IND,2025,10,1.0,1.0,DL,0.61,interior,1.0,1.0,2.0,1,-6.5,48.5
OnyeDa00,David Onyemata,ATL,IND,2025,10,0.0,0.0,DL,0.7,interior,0.4,0.6,2.0,1,-6.5,48.5
WalkJa02,Jalon Walker,ATL,IND,2025,10,1.0,1.0,DE,0.65,edge,2.0,2.0,2.0,1,-6.5,48.5
GreeMi02,Mike Green,BAL,MIN,2025,10,0.0,3.0,LB,0.72,edge,0.3,0.8,4.2,1,4.5,48.5
JoneDr00,Dre'Mont Jones,BAL,MIN,2025,10,0.0,3.0,DE,0.6,edge,0.9,2.0,4.2,1,4.5,48.5
JoneTr00,Travis Jones,BAL,MIN,2025,10,1.0,3.0,DL,0.71,interior,0.1,1.0,4.2,1,4.5,48.5
SmitRo07,Roquan Smith,BAL,MIN,2025,10,0.0,1.0,LB,1.0,edge,0.0,0.8,4.2,1,4.5,48.5
VanNKy00,Kyle Van Noy,BAL,MIN,2025,10,0.0,0.0,LB,0.71,edge,0.0,1.8,4.2,1,4.5,48.5
BernTe00,Terrel Bernard,BUF,MIA,2025,10,0.0,0.0,LB,1.0,edge,0.0,1.0,2.4,0,8.5,50.5
BosaJo00,Joey Bosa,BUF,MIA,2025,10,0.0,0.0,DE,0.62,edge,0.4,2.6,2.4,0,8.5,50.5
MilaMa00,Matt Milano,BUF,MIA,2025,10,0.0,0.0,LB,0.81,edge,0.6,1.2,2.4,0,8.5,50.5
RousGr00,Gregory Rousseau,BUF,MIA,2025,10,0.0,0.0,DE,0.75,edge,0.3,2.4,2.4,0,8.5,50.5
BrowDe05,Derrick Brown,CAR,NO,2025,10,0.0,0.0,DE,0.74,edge,0.6,1.2,2.4,0,5.5,38.5
RozeCh00,Christian Rozeboom,CAR,NO,2025,10,0.0,0.0,LB,0.75,edge,0.0,0.2,2.4,0,5.5,38.5
ScouNi00,Nic Scourton,CAR,NO,2025,10,1.0,4.0,LB,0.79,edge,0.4,1.2,2.4,0,5.5,38.5
WallTr00,Trevin Wallace,CAR,NO,2025,10,1.0,1.0,LB,0.6,edge,0.2,0.8,2.4,0,5.5,38.5
WharTe00,Tershawn Wharton,CAR,NO,2025,10,0.0,2.0,DT,0.82,interior,0.6,1.4,2.4,0,5.5,38.5
WonnDJ00,D.J. Wonnum,CAR,NO,2025,10,0.0,0.0,LB,0.76,edge,0.0,0.8,2.4,0,5.5,38.5
BookAu00,Austin Booker,CHI,NYG,2025,10,0.0,3.0,DL,0.84,interior,,,2.6,0,4.5,45.5
EdmuTr01,Tremaine Edmunds,CHI,NYG,2025,10,0.0,1.0,LB,0.93,edge,0.2,0.2,2.6,0,4.5,45.5
SeweNo00,Noah Sewell,CHI,NYG,2025,10,0.0,0.0,LB,1.0,edge,0.0,0.3333333333333333,2.6,0,4.5,45.5
SweaMo00,Montez Sweat,CHI,NYG,2025,10,1.5,2.0,DL,0.71,interior,0.6,1.6,2.6,0,4.5,45.5
BushDe01,Devin Bush Jr.,CLE,NYJ,2025,10,0.0,0.0,LB,0.88,edge,0.0,0.2,4.4,0,1.5,37.5
CollMa00,Maliek Collins,CLE,NYJ,2025,10,0.5,1.0,DT,0.67,interior,0.4,1.2,4.4,0,1.5,37.5
GarrMy00,Myles Garrett,CLE,NYJ,2025,10,1.0,1.0,DE,0.9,edge,1.3,2.8,4.4,0,1.5,37.5
GrahMa00,Mason Graham,CLE,NYJ,2025,10,0.0,1.0,DT,0.8,interior,0.1,0.6,4.4,0,1.5,37.5
SchwCa00,Carson Schwesinger,CLE,NYJ,2025,10,0.5,2.0,LB,1.0,edge,0.0,0.2,4.4,0,1.5,37.5
BoniNi00,Nik Bonitto,DEN,LV,2025,10,1.5,6.0,LB,0.67,edge,1.0,1.8,1.8,0,9.5,42.5
CoopJo02,Jonathon Cooper,DEN,LV,2025,10,0.5,1.0,LB,0.7,edge,0.7,2.0,1.8,0,9.5,42.5
GreeDr00,Dre Greenlaw,DEN,LV,2025,10,0.0,0.0,LB,0.62,edge,0.0,0.2,1.8,0,9.5,42.5
SingAl00,Alex Singleton,DEN,LV,2025,10,0.0,0.0,LB,1.0,edge,0.2,0.2,1.8,0,9.5,42.5
AnzaAl00,Alex Anzalone,DET,WAS,2025,10,0.0,1.0,LB,1.0,edge,0.2,1.0,2.8,0,8.5,49.5
BarnDe02,Derrick Barnes,DET,WAS,2025,10,0.0,0.0,LB,1.0,edge,0.6,1.0,2.8,0,8.5,49.5
CampJa04,Jack Campbell,DET,WAS,2025,10,0.0,1.0,LB,1.0,edge,0.6,1.4,2.8,0,8.5,49.5
HutcAi00,Aidan Hutchinson,DET,WAS,2025,10,0.0,1.0,DE,0.93,edge,1.0,4.4,2.8,0,8.5,49.5
McNeAl00,Alim McNeill,DET,WAS,2025,10,0.0,0.0,DL,0.87,interior,0.3,1.8,2.8,0,8.5,49.5
CoopEd00,Edgerrin Cooper,GB,PHI,2025,10,0.0,0.0,LB,0.98,edge,0.0,0.2,3.6,0,1.5,45.5
ParsMi00,Micah Parsons,GB,PHI,2025,10,0.0,5.0,DL,0.84,interior,1.0,3.0,3.6,0,1.5,45.5
WalkQu00,Quay Walker,GB,PHI,2025,10,0.0,0.0,LB,1.0,edge,0.3,0.8,3.6,0,1.5,45.5
AlShAz00,Azeez Al-Shaair,HOU,JAX,2025,10,0.0,0.0,LB,1.0,edge,0.0,0.2,3.6,1,-1.5,37.5
AndeWi01,Will Anderson,HOU,JAX,2025,10,1.0,3.0,DE,0.76,edge,0.8,2.2,3.6,1,-1.5,37.5
HuntDa01,Danielle Hunter,HOU,JAX,2025,10,3.5,4.0,DE,0.74,edge,0.4,2.2,3.6,1,-1.5,37.5
SettTi00,Tim Settle,HOU,JAX,2025,10,0.0,0.0,DT,0.66,interior,0.8,1.4,3.6,1,-1.5,37.5
SpeeEJ00,E.J. Speed,HOU,JAX,2025,10,0.0,0.0,LB,0.82,edge,0.0,0.4,3.6,1,-1.5,37.5
AdebAd00,Adetomiwa Adebawore,IND,ATL,2025,10,0.0,0.0,DT,0.7,interior,,,1.4,1,6.5,48.5
FranZa00,Zaire Franklin,IND,ATL,2025,10,1.0,1.0,LB,1.0,edge,0.2,1.0,1.4,1,6.5,48.5
LatuLa00,Laiatu Latu,IND,ATL,2025,10,0.0,0.0,DE,0.84,edge,0.9,3.0,1.4,1,6.5,48.5
PayeKw00,Kwity Paye,IND,ATL,2025,10,0.0,2.0,DE,0.94,edge,0.2,1.0,1.4,1,6.5,48.5
PratGe00,Germaine Pratt,IND,ATL,2025,10,0.0,0.0,LB,0.87,edge,0.0,0.0,1.4,1,6.5,48.5
StewGr00,Grover Stewart,IND,ATL,2025,10,0.0,2.0,DT,0.68,interior,0.0,1.2,1.4,1,6.5,48.5
AlleJo03,Josh Hines-Allen,JAX,HOU,2025,10,0.0,1.0,DE,0.81,edge,0.3,2.8,2.2,1,1.5,37.5
ArmsAr01,Arik Armstead,JAX,HOU,2025,10,1.0,2.0,DT,0.72,interior,0.5,1.0,2.2,1,1.5,37.5
LloyDe00,Devin Lloyd,JAX,HOU,2025,10,0.0,1.0,LB,0.96,edge,0.2,1.0,2.2,1,1.5,37.5
OluoFo00,Foyesade Oluokun,JAX,HOU,2025,10,0.0,0.0,LB,1.0,edge,0.0,0.6,2.2,1,1.5,37.5
WalkTr03,Travon Walker,JAX,HOU,2025,10,0.0,2.0,DE,0.83,edge,0.8,2.2,2.2,1,1.5,37.5
FiskBr00,Braden Fiske,LA,SF,2025,10,0.0,2.0,DE,0.6,edge,0.6,0.8,2.4,0,5.5,49.5
LandNa01,Nathan Landman,LA,SF,2025,10,0.0,0.0,LB,0.98,edge,0.3,1.2,2.4,0,5.5,49.5
SpeiOm00,Omar Speights,LA,SF,2025,10,0.0,0.0,LB,0.62,edge,0.0,0.0,2.4,0,5.5,49.5
VersJa00,Jared Verse,LA,SF,2025,10,0.0,1.0,LB,0.79,edge,0.6,2.8,2.4,0,5.5,49.5
YounBy01,Byron Young,LA,SF,2025,10,0.0,1.0,LB,0.78,edge,1.0,3.2,2.4,0,5.5,49.5
HenlDa00,Daiyan Henley,LAC,PIT,2025,10,0.0,0.0,LB,1.0,edge,0.2,0.4,1.6,1,3.0,45.5
MackKh00,Khalil Mack,LAC,PIT,2025,10,1.0,1.0,LB,0.73,edge,0.7,2.4,1.6,1,3.0,45.5
TuipTu00,Tuli Tuipulotu,LAC,PIT,2025,10,1.0,1.0,LB,0.73,edge,0.6,1.2,1.6,1,3.0,45.5
ButlAd00,Adam Butler,LV,DEN,2025,10,1.0,1.0,DT,0.79,interior,0.0,1.2,1.2,0,-9.5,42.5
CrosMa00,Maxx Crosby,LV,DEN,2025,10,0.0,0.0,DE,1.0,edge,0.8,2.4,1.2,0,-9.5,42.5
LaulJo00,Jonah Laulu,LV,DEN,2025,10,0.0,1.0,DT,0.8,interior,0.2,0.8,1.2,0,-9.5,42.5
WhitDe02,Devin White,LV,DEN,2025,10,0.0,0.0,LB,1.0,edge,0.2,0.6,1.2,0,-9.5,42.5
BrooJo01,Jordyn Brooks,MIA,BUF,2025,10,0.0,0.0,LB,0.96,edge,0.3,0.6,2.6,0,-8.5,50.5
ChubBr00,Bradley Chubb,MIA,BUF,2025,10,1.0,4.0,LB,0.78,edge,0.2,0.8,2.6,0,-8.5,50.5
DodsTy01,Tyrel Dodson,MIA,BUF,2025,10,0.0,1.0,LB,0.99,edge,0.4,0.8,2.6,0,-8.5,50.5
JudoMa00,Matt Judon,MIA,BUF,2025,10,0.0,2.0,LB,0.65,edge,0.2,0.4,2.6,0,-8.5,50.5
SielZa00,Zach Sieler,MIA,BUF,2025,10,1.0,1.0,DT,0.69,interior,0.3,1.2,2.6,0,-8.5,50.5
AlleJo01,Jonathan Allen,MIN,BAL,2025,10,1.0,1.0,DL,0.9,interior,0.3,1.4,2.2,1,-4.5,48.5
CashBl00,Blake Cashman,MIN,BAL,2025,10,0.0,0.0,LB,1.0,edge,0.2,1.0,2.2,1,-4.5,48.5
HargJa00,Javon Hargrave,MIN,BAL,2025,10,0.0,1.0,DL,0.79,interior,0.8,1.6,2.2,1,-4.5,48.5
VanGAn00,Andrew Van Ginkel,MIN,BAL,2025,10,0.0,1.0,LB,0.8,edge,0.3,0.8,2.2,1,-4.5,48.5
WilsEr00,Eric Wilson,MIN,BAL,2025,10,0.0,1.0,LB,0.99,edge,0.7,1.0,2.2,1,-4.5,48.5
ChaiKL00,K'Lavon Chaisson,NE,TB,2025,10,1.0,2.0,LB,0.7,edge,0.4,1.8,2.2,0,-2.5,48.5
LandHa00,Harold Landry,NE,TB,2025,10,0.0,1.0,LB,0.78,edge,0.4,2.0,2.2,0,-2.5,48.5
SpilRo00,Robert Spillane,NE,TB,2025,10,0.0,0.0,LB,1.0,edge,0.0,0.0,2.2,0,-2.5,48.5
WillMi08,Milton Williams,NE,TB,2025,10,0.0,1.0,DT,0.68,interior,0.6,1.2,2.2,0,-2.5,48.5
DaviDe00,Demario Davis,NO,CAR,2025,10,0.0,0.0,LB,1.0,edge,0.0,0.4,2.8,0,-5.5,38.5
GranCa01,Carl Granderson,NO,CAR,2025,10,0.0,0.0,DE,0.68,edge,0.0,1.2,2.8,0,-5.5,38.5
ShepNa00,Nathan Shepherd,NO,CAR,2025,10,1.0,1.0,DT,0.74,interior,0.2,1.2,2.8,0,-5.5,38.5
YounCh04,Chase Young,NO,CAR,2025,10,0.0,3.0,DE,0.74,edge,0.6,2.8,2.8,0,-5.5,38.5
BurnBr00,Brian Burns,NYG,CHI,2025,10,0.0,3.0,LB,0.84,edge,1.2,1.6,1.6,0,-4.5,45.5
FlanDe00,Demetrius Flannigan-Fowles,NYG,CHI,2025,10,0.0,1.0,LB,0.78,edge,0.0,0.0,1.6,0,-4.5,45.5
OkerBo00,Bobby Okereke,NYG,CHI,2025,10,0.0,0.0,LB,1.0,edge,0.2,0.2,1.6,0,-4.5,45.5
ThibKa00,Kayvon Thibodeaux,NYG,CHI,2025,10,0.0,1.0,LB,0.62,edge,0.2,1.4,1.6,0,-4.5,45.5
JohnJe07,Jermaine Johnson II,NYJ,CLE,2025,10,1.0,1.0,LB,0.86,edge,0.4,1.4,2.8,0,-1.5,37.5
McDoWi00,Will McDonald,NYJ,CLE,2025,10,4.0,5.0,DE,0.71,edge,0.3,1.8,2.8,0,-1.5,37.5
SherJa00,Jamien Sherwood,NYJ,CLE,2025,10,0.0,0.0,LB,1.0,edge,0.2,0.6,2.8,0,-1.5,37.5
WillQu01,Quincy Williams,NYJ,CLE,2025,10,1.0,1.0,LB,0.71,edge,0.2,0.6,2.8,0,-1.5,37.5
BaunZa00,Zack Baun,PHI,GB,2025,10,0.0,0.0,LB,1.0,edge,0.6,0.8,0.8,0,-1.5,45.5
CartJa05,Jalen Carter,PHI,GB,2025,10,0.0,1.0,DT,0.93,interior,0.2,1.4,0.8,0,-1.5,45.5
DeanNa00,Nakobe Dean,PHI,GB,2025,10,1.0,2.0,LB,0.65,edge,0.0,0.0,0.8,0,-1.5,45.5
HuntJa02,Jalyx Hunt,PHI,GB,2025,10,1.0,2.0,LB,0.63,edge,0.2,1.6,0.8,0,-1.5,45.5
OjomMo00,Moro Ojomo,PHI,GB,2025,10,0.0,3.0,DT,0.69,interior,0.5,2.0,0.8,0,-1.5,45.5
PhilJa02,Jaelan Phillips,PHI,GB,2025,10,0.0,3.0,LB,0.78,edge,0.6,2.6,0.8,0,-1.5,45.5
BentKe00,Keeanu Benton,PIT,LAC,2025,10,1.0,2.0,DL,0.62,interior,0.7,1.4,3.4,1,-3.0,45.5
HighAl02,Alex Highsmith,PIT,LAC,2025,10,2.0,3.0,LB,0.73,edge,0.8,1.4,3.4,1,-3.0,45.5
QueePa00,Patrick Queen,PIT,LAC,2025,10,0.0,0.0,LB,1.0,edge,0.2,0.6,3.4,1,-3.0,45.5
WattT.00,T.J. Watt,PIT,LAC,2025,10,1.0,3.0,LB,0.82,edge,0.6,2.8,3.4,1,-3.0,45.5
KnigTy00,Tyrice Knight,SEA,ARI,2025,10,2.0,2.0,LB,0.7,edge,0.1,0.4,4.4,0,7.0,44.5
MurpBy01,Byron Murphy,SEA,ARI,2025,10,0.0,0.0,DT,0.72,interior,1.0,3.0,4.4,0,7.0,44.5
ThomDr00,Drake Thomas,SEA,ARI,2025,10,0.0,0.0,LB,0.96,edge,0.75,1.0,4.4,0,7.0,44.5
WillLe02,Leonard Williams,SEA,ARI,2025,10,1.0,2.0,DE,0.71,edge,0.5,2.0,4.4,0,7.0,44.5
BethTa00,Tatum Bethune,SF,LA,2025,10,0.0,0.0,LB,0.96,edge,0.0,0.0,1.6,0,-5.5,49.5
OkuaSa00,Sam Okuayinonu,SF,LA,2025,10,0.0,1.0,DL,0.68,interior,0.4,0.8,1.6,0,-5.5,49.5
WintDe00,Dee Winters,SF,LA,2025,10,0.0,2.0,LB,0.91,edge,0.0,0.4,1.6,0,-5.5,49.5
DaviLa00,Lavonte David,TB,NE,2025,10,0.0,0.0,LB,1.0,edge,0.2,0.4,4.2,0,2.5,48.5
DennSi00,SirVocea Dennis,TB,NE,2025,10,0.0,0.0,LB,1.0,edge,0.4,0.4,4.2,0,2.5,48.5
DiabYa00,YaYa Diaby,TB,NE,2025,10,0.0,2.0,LB,0.8,edge,0.6,1.6,4.2,0,2.5,48.5
HallLo00,Logan Hall,TB,NE,2025,10,0.0,0.0,DL,0.64,interior,0.6,1.6,4.2,0,2.5,48.5
NelsAn01,Anthony Nelson,TB,NE,2025,10,0.0,1.0,LB,0.92,edge,0.6,1.6,4.2,0,2.5,48.5
RobeEl01,Elijah Roberts,TB,NE,2025,10,1.0,1.0,DL,0.67,interior,0.0,2.0,4.2,0,2.5,48.5
VeaxVi00,Vita Vea,TB,NE,2025,10,0.0,2.0,NT,0.79,interior,0.5,1.4,4.2,0,2.5,48.5
LuvuFr00,Frankie Luvu,WAS,DET,2025,10,0.0,0.0,LB,0.86,edge,0.2,0.4,2.8,0,-8.5,49.5
MartJa02,Jacob Martin,WAS,DET,2025,10,0.0,2.0,DE,0.66,edge,0.8333333333333334,3.0,2.8,0,-8.5,49.5
WagnBo00,Bobby Wagner,WAS,DET,2025,10,0.0,1.0,LB,1.0,edge,0.0,0.4,2.8,0,-8.5,49.5
DaviAk01,Akeem Davis-Gaither,ARI,SF,2025,11,0.0,0.0,LB,0.75,edge,0.0,0.2,2.2,1,-3.5,48.5
SimoCo01,Cody Simon,ARI,SF,2025,11,0.0,0.0,LB,1.0,edge,0.0,0.0,2.2,1,-3.5,48.5
DorlBr00,Brandon Dorlus,ATL,CAR,2025,11,0.0,1.0,DL,0.64,interior,,,2.6,1,4.5,42.5
ElliKa00,Kaden Elliss,ATL,CAR,2025,11,1.0,1.0,LB,1.0,edge,0.2,1.6,2.6,1,4.5,42.5
HarrRo02,Ronnie Harrison,ATL,CAR,2025,11,1.0,2.0,LB,0.98,edge,0.25,0.75,2.6,1,4.5,42.5
WalkJa02,Jalon Walker,ATL,CAR,2025,11,0.0,1.0,DE,0.64,edge,1.5,1.5,2.6,1,4.5,42.5
BuchTe00,Teddye Buchanan,BAL,CLE,2025,11,0.0,1.0,LB,0.67,edge,0.1,0.8,3.4,0,7.5,37.5
JoneDr00,Dre'Mont Jones,BAL,CLE,2025,11,0.0,3.0,DE,0.6,edge,0.9,2.4,3.4,0,7.5,37.5
JoneTr00,Travis Jones,BAL,CLE,2025,11,0.0,1.0,DL,0.78,interior,0.3,1.4,3.4,0,7.5,37.5
SmitRo07,Roquan Smith,BAL,CLE,2025,11,0.0,0.0,LB,1.0,edge,0.0,1.0,3.4,0,7.5,37.5
BernTe00,Terrel Bernard,BUF,TB,2025,11,0.0,0.0,LB,1.0,edge,0.0,0.8,2.2,0,6.0,46.5
JoneDa04,DaQuan Jones,BUF,TB,2025,11,1.0,1.0,DT,0.64,interior,0.2,1.4,2.2,0,6.0,46.5
MilaMa00,Matt Milano,BUF,TB,2025,11,0.0,0.0,LB,0.73,edge,0.6,1.2,2.2,0,6.0,46.5
BrowDe05,Derrick Brown,CAR,ATL,2025,11,0.0,1.0,DT,0.7,interior,0.4,1.0,1.8,1,-4.5,42.5
CherCl00,Claudin Cherelus,CAR,ATL,2025,11,0.0,0.0,LB,0.79,edge,0.0,0.3333333333333333,1.8,1,-4.5,42.5
RozeCh00,Christian Rozeboom,CAR,ATL,2025,11,0.0,0.0,LB,0.82,edge,0.0,0.2,1.8,1,-4.5,42.5
ScouNi00,Nic Scourton,CAR,ATL,2025,11,0.0,1.0,LB,0.73,edge,0.6,2.0,1.8,1,-4.5,42.5
WharTe00,Tershawn Wharton,CAR,ATL,2025,11,0.0,1.0,DT,0.86,interior,0.6,1.2,1.8,1,-4.5,42.5
WonnDJ00,D.J. Wonnum,CAR,ATL,2025,11,0.0,1.0,LB,0.71,edge,0.0,0.6,1.8,1,-4.5,42.5
EdmuTr01,Tremaine Edmunds,CHI,MIN,2025,11,0.0,1.0,LB,1.0,edge,0.2,0.4,3.2,1,-3.0,47.5
JarrGr00,Grady Jarrett,CHI,MIN,2025,11,0.0,1.0,DL,0.73,interior,0.0,1.0,3.2,1,-3.0,47.5
SeweNo00,Noah Sewell,CHI,MIN,2025,11,0.0,0.0,LB,0.96,edge,0.0,0.25,3.2,1,-3.0,47.5
SweaMo00,Montez Sweat,CHI,MIN,2025,11,0.0,1.0,DL,0.8,interior,0.9,1.8,3.2,1,-3.0,47.5
CartBa00,Barrett Carter,CIN,PIT,2025,11,0.0,0.0,LB,1.0,edge,0.0,0.0,1.8,0,-5.5,48.5
MurpMy00,Myles Murphy,CIN,PIT,2025,11,1.0,2.0,DE,0.89,edge,0.0,1.3333333333333333,1.8,0,-5.5,48.5
OssaJo00,Joseph Ossai,CIN,PIT,2025,11,0.0,2.0,DE,0.69,edge,0.6,2.0,1.8,0,-5.5,48.5
BushDe01,Devin Bush Jr.,CLE,BAL,2025,11,0.0,0.0,LB,0.92,edge,0.0,0.2,2.0,0,-7.5,37.5
CollMa00,Maliek Collins,CLE,BAL,2025,11,0.0,0.0,DT,0.7,interior,0.5,1.2,2.0,0,-7.5,37.5
GarrMy00,Myles Garrett,CLE,BAL,2025,11,4.0,7.0,DE,0.79,edge,1.4,2.8,2.0,0,-7.5,37.5
SchwCa00,Carson Schwesinger,CLE,BAL,2025,11,0.0,0.0,LB,1.0,edge,0.1,0.6,2.0,0,-7.5,37.5
ClarKe01,Kenny Clark,DAL,LV,2025,11,0.5,1.0,DT,0.65,interior,0.4,1.4,3.0,1,3.5,48.5
OdigOs00,Osa Odighizuwa,DAL,LV,2025,11,1.0,3.0,DT,0.67,interior,0.0,2.2,3.0,1,3.5,48.5
AlleZa01,Zach Allen,DEN,KC,2025,11,0.0,3.0,DL,0.66,interior,0.6,2.8,2.0,0,-3.5,44.5
CoopJo02,Jonathon Cooper,DEN,KC,2025,11,0.0,0.0,LB,0.61,edge,0.6,1.6,2.0,0,-3.5,44.5
GreeDr00,Dre Greenlaw,DEN,KC,2025,11,0.0,0.0,LB,0.61,edge,0.0,0.2,2.0,0,-3.5,44.5
StrnJu00,Justin Strnad,DEN,KC,2025,11,0.0,0.0,LB,1.0,edge,0.5,0.8,2.0,0,-3.5,44.5
AnzaAl00,Alex Anzalone,DET,PHI,2025,11,0.0,0.0,LB,0.94,edge,0.0,1.0,3.2,0,-2.5,46.5
BarnDe02,Derrick Barnes,DET,PHI,2025,11,0.0,0.0,LB,0.88,edge,0.6,0.8,3.2,0,-2.5,46.5
CampJa04,Jack Campbell,DET,PHI,2025,11,0.0,0.0,LB,1.0,edge,0.6,1.6,3.2,0,-2.5,46.5
HutcAi00,Aidan Hutchinson,DET,PHI,2025,11,0.5,1.0,DE,0.92,edge,0.6,3.6,3.2,0,-2.5,46.5
McNeAl00,Alim McNeill,DET,PHI,2025,11,0.0,0.0,DL,0.93,interior,0.2,1.6,3.2,0,-2.5,46.5
CoopEd00,Edgerrin Cooper,GB,NYG,2025,11,0.0,0.0,LB,0.99,edge,0.0,0.2,3.4,0,7.5,41.5
McDuIs00,Isaiah McDuffie,GB,NYG,2025,11,0.5,1.0,LB,0.74,edge,0.0,0.2,3.4,0,7.5,41.5
ParsMi00,Micah Parsons,GB,NYG,2025,11,1.5,4.0,DL,0.85,interior,1.0,3.8,3.4,0,7.5,41.5
WoodCo01,Colby Wooden,GB,NYG,2025,11,0.0,0.0,DL,0.67,interior,0.0,1.0,3.4,0,7.5,41.5
AlShAz00,Azeez Al-Shaair,HOU,TEN,2025,11,0.0,0.0,LB,1.0,edge,0.0,0.0,3.8,0,5.5,37.5
AndeWi01,Will Anderson,HOU,TEN,2025,11,1.0,1.0,DE,0.63,edge,0.8,2.6,3.8,0,5.5,37.5
HuntDa01,Danielle Hunter,HOU,TEN,2025,11,1.5,3.0,DE,0.68,edge,1.1,2.6,3.8,0,5.5,37.5
SpeeEJ00,E.J. Speed,HOU,TEN,2025,11,0.0,0.0,LB,0.78,edge,0.0,0.2,3.8,0,5.5,37.5
AlleJo03,Josh Hines-Allen,JAX,LAC,2025,11,1.0,3.0,DE,0.79,edge,0.3,2.2,3.4,0,-3.0,43.5
ArmsAr01,Arik Armstead,JAX,LAC,2025,11,1.0,1.0,DT,0.73,interior,0.6,1.2,3.4,0,-3.0,43.5
LloyDe00,Devin Lloyd,JAX,LAC,2025,11,0.0,0.0,LB,0.85,edge,0.0,1.0,3.4,0,-3.0,43.5
OluoFo00,Foyesade Oluokun,JAX,LAC,2025,11,0.0,0.0,LB,1.0,edge,0.0,0.6,3.4,0,-3.0,43.5
WalkTr03,Travon Walker,JAX,LAC,2025,11,0.5,2.0,DE,0.65,edge,0.8,2.2,3.4,0,-3.0,43.5
BoltNi00,Nick Bolton,KC,DEN,2025,11,0.0,1.0,LB,1.0,edge,0.0,0.4,1.2,0,3.5,44.5
JoneCh09,Chris Jones,KC,DEN,2025,11,1.0,4.0,DT,0.84,interior,0.4,1.4,1.2,0,3.5,44.5
KarlGe00,George Karlaftis III,KC,DEN,2025,11,0.0,3.0,DE,0.73,edge,0.6,2.4,1.2,0,3.5,44.5
TranDr00,Drue Tranquill,KC,DEN,2025,11,0.0,0.0,LB,0.85,edge,0.0,0.2,1.2,0,3.5,44.5
LandNa01,Nathan Landman,LA,SEA,2025,11,0.0,0.0,LB,0.96,edge,0.3,1.2,0.8,1,3.0,49.5
SpeiOm00,Omar Speights,LA,SEA,2025,11,0.0,0.0,LB,0.64,edge,0.0,0.0,0.8,1,3.0,49.5
TurnKo00,Kobie Turner,LA,SEA,2025,11,0.0,1.0,DE,0.6,edge,0.3,1.2,0.8,1,3.0,49.5
VersJa00,Jared Verse,LA,SEA,2025,11,0.0,3.0,LB,0.76,edge,0.4,2.4,0.8,1,3.0,49.5
YounBy01,Byron Young,LA,SEA,2025,11,0.0,5.0,LB,0.76,edge,0.8,2.8,0.8,1,3.0,49.5
HenlDa00,Daiyan Henley,LAC,JAX,2025,11,0.0,0.0,LB,0.82,edge,0.2,0.4,4.6,0,3.0,43.5
TuipTu00,Tuli Tuipulotu,LAC,JAX,2025,11,0.0,0.0,LB,0.69,edge,0.8,1.2,4.6,0,3.0,43.5
CrosMa00,Maxx Crosby,LV,DAL,2025,11,1.0,3.0,DE,0.97,edge,0.6,2.0,1.8,1,-3.5,48.5
WhitDe02,Devin White,LV,DAL,2025,11,0.0,1.0,LB,1.0,edge,0.2,0.4,1.8,1,-3.5,48.5
BrooJo01,Jordyn Brooks,MIA,WAS,2025,11,0.0,0.0,LB,1.0,edge,0.2,0.4,3.0,0,2.5,47.5
ChubBr00,Bradley Chubb,MIA,WAS,2025,11,0.0,2.0,LB,0.78,edge,0.2,1.4,3.0,0,2.5,47.5
DodsTy01,Tyrel Dodson,MIA,WAS,2025,11,1.0,1.0,LB,1.0,edge,0.2,0.8,3.0,0,2.5,47.5
AlleJo01,Jonathan Allen,MIN,CHI,2025,11,0.0,0.0,DL,0.76,interior,0.5,1.4,1.4,1,3.0,47.5
CashBl00,Blake Cashman,MIN,CHI,2025,11,0.0,0.0,LB,1.0,edge,0.0,0.8,1.4,1,3.0,47.5
RedmJa01,Jalen Redmond,MIN,CHI,2025,11,0.0,1.0,DL,0.87,interior,1.0,1.3333333333333333,1.4,1,3.0,47.5
TurnDa01,Dallas Turner,MIN,CHI,2025,11,1.0,3.0,LB,0.89,edge,0.1,1.8,1.4,1,3.0,47.5
VanGAn00,Andrew Van Ginkel,MIN,CHI,2025,11,1.0,1.0,LB,0.83,edge,0.2,0.8,1.4,1,3.0,47.5
WilsEr00,Eric Wilson,MIN,CHI,2025,11,0.0,2.0,LB,0.92,edge,0.7,1.0,1.4,1,3.0,47.5
BarmCh00,Christian Barmore,NE,NYJ,2025,11,1.0,2.0,DT,0.81,interior,0.0,1.0,4.6,0,12.5,43.5
ChaiKL00,K'Lavon Chaisson,NE,NYJ,2025,11,0.0,1.0,LB,0.67,edge,0.4,1.8,4.6,0,12.5,43.5
LandHa00,Harold Landry,NE,NYJ,2025,11,0.0,1.0,LB,0.74,edge,0.4,2.0,4.6,0,12.5,43.5
SpilRo00,Robert Spillane,NE,NYJ,2025,11,0.0,0.0,LB,1.0,edge,0.0,0.0,4.6,0,12.5,43.5
BurnBr00,Brian Burns,NYG,GB,2025,11,2.0,4.0,LB,0.87,edge,1.2,2.2,1.2,0,-7.5,41.5
CartAb00,Abdul Carter,NYG,GB,2025,11,0.0,2.0,LB,0.89,edge,0.0,1.6,1.2,0,-7.5,41.5
FlanDe00,Demetrius Flannigan-Fowles,NYG,GB,2025,11,0.0,0.0,LB,0.87,edge,0.0,0.25,1.2,0,-7.5,41.5
LawrDe03,Dexter Lawrence,NYG,GB,2025,11,0.0,2.0,DL,0.75,interior,0.1,1.2,1.2,0,-7.5,41.5
OkerBo00,Bobby Okereke,NYG,GB,2025,11,0.0,0.0,LB,1.0,edge,0.2,0.2,1.2,0,-7.5,41.5
RobeRo00,Roy Robertson-Harris,NYG,GB,2025,11,0.0,2.0,DT,0.65,interior,0.0,1.2,1.2,0,-7.5,41.5
BrigJo00,Jowon Briggs,NYJ,NE,2025,11,0.0,1.0,DL,0.6,interior,,,3.6,0,-12.5,43.5
JohnJe07,Jermaine Johnson II,NYJ,NE,2025,11,1.0,3.0,LB,0.69,edge,0.4,1.2,3.6,0,-12.5,43.5
McDoWi00,Will McDonald,NYJ,NE,2025,11,0.0,1.0,DE,0.61,edge,1.0,1.8,3.6,0,-12.5,43.5
SherJa00,Jamien Sherwood,NYJ,NE,2025,11,0.0,0.0,LB,1.0,edge,0.2,0.6,3.6,0,-12.5,43.5
WillQu01,Quincy Williams,NYJ,NE,2025,11,0.0,0.0,LB,0.96,edge,0.4,0.6,3.6,0,-12.5,43.5
BaunZa00,Zack Baun,PHI,DET,2025,11,0.0,0.0,LB,1.0,edge,0.4,0.6,2.8,0,2.5,46.5
DeanNa00,Nakobe Dean,PHI,DET,2025,11,1.0,2.0,LB,0.68,edge,0.2,0.4,2.8,0,2.5,46.5
HuntJa02,Jalyx Hunt,PHI,DET,2025,11,0.0,3.0,LB,0.61,edge,0.4,1.4,2.8,0,2.5,46.5
PhilJa02,Jaelan Phillips,PHI,DET,2025,11,1.0,2.0,LB,0.76,edge,0.4,2.6,2.8,0,2.5,46.5
HerbNi00,Nick Herbig,PIT,CIN,2025,11,1.0,2.0,LB,0.94,edge,1.1,4.2,1.8,0,5.5,48.5
QueePa00,Patrick Queen,PIT,CIN,2025,11,0.0,0.0,LB,1.0,edge,0.0,0.4,1.8,0,5.5,48.5
WattT.00,T.J. Watt,PIT,CIN,2025,11,0.0,2.0,LB,0.85,edge,0.6,2.4,1.8,0,5.5,48.5
WilsPa00,Payton Wilson,PIT,CIN,2025,11,0.0,0.0,LB,0.76,edge,0.2,0.4,1.8,0,5.5,48.5
JoneEr01,Ernest Jones,SEA,LA,2025,11,0.0,0.0,LB,1.0,edge,0.1,0.4,1.2,1,-3.0,49.5
LawrDe00,DeMarcus Lawrence,SEA,LA,2025,11,0.0,5.0,LB,0.78,edge,1.0,4.4,1.2,1,-3.0,49.5
MurpBy01,Byron Murphy,SEA,LA,2025,11,0.0,0.0,DT,0.88,interior,1.0,2.6,1.2,1,-3.0,49.5
ThomDr00,Drake Thomas,SEA,LA,2025,11,0.0,0.0,LB,0.73,edge,0.6,0.8,1.2,1,-3.0,49.5
WillLe02,Leonard Williams,SEA,LA,2025,11,0.0,1.0,DE,0.92,edge,0.6,2.0,1.2,1,-3.0,49.5
HuffBr00,Bryce Huff,SF,ARI,2025,11,0.0,3.0,DL,0.72,interior,0.5,1.5,4.2,1,3.5,48.5
OkuaSa00,Sam Okuayinonu,SF,ARI,2025,11,0.0,1.0,DL,0.68,interior,0.4,0.8,4.2,1,3.5,48.5
RobiCu00,Curtis Robinson,SF,ARI,2025,11,0.0,0.0,LB,0.68,edge,,,4.2,1,3.5,48.5
WintDe00,Dee Winters,SF,ARI,2025,11,0.0,0.0,LB,0.78,edge,0.0,0.8,4.2,1,3.5,48.5
DaviLa00,Lavonte David,TB,BUF,2025,11,0.0,0.0,LB,1.0,edge,0.2,0.2,2.6,0,-6.0,46.5
DennSi00,SirVocea Dennis,TB,BUF,2025,11,0.0,1.0,LB,1.0,edge,0.4,0.4,2.6,0,-6.0,46.5
DiabYa00,YaYa Diaby,TB,BUF,2025,11,0.0,1.0,LB,0.82,edge,0.6,2.0,2.6,0,-6.0,46.5
NelsAn01,Anthony Nelson,TB,BUF,2025,11,0.0,0.0,LB,0.88,edge,0.6,1.8,2.6,0,-6.0,46.5
RobeEl01,Elijah Roberts,TB,BUF,2025,11,0.0,1.0,DL,0.68,interior,0.5,1.5,2.6,0,-6.0,46.5
BartCo00,Cody Barton,TEN,HOU,2025,11,1.0,2.0,LB,1.0,edge,0.0,0.0,2.2,0,-5.5,37.5
GrayCe00,Cedric Gray,TEN,HOU,2025,11,0.0,0.0,LB,1.0,edge,0.2,0.4,2.2,0,-5.5,37.5
HarrJa05,Jaylen Harrell,TEN,HOU,2025,11,0.5,1.0,LB,0.6,edge,,,2.2,0,-5.5,37.5
KeyxAr00,Arden Key,TEN,HOU,2025,11,1.5,3.0,LB,0.71,edge,0.3,1.4,2.2,0,-5.5,37.5
SimmJe01,Jeffery Simmons,TEN,HOU,2025,11,1.0,2.0,DT,0.83,interior,0.7,1.6,2.2,0,-5.5,37.5
WardJi02,Jihad Ward,TEN,HOU,2025,11,0.0,1.0,LB,0.81,edge,0.7,1.4,2.2,0,-5.5,37.5
LuvuFr00,Frankie Luvu,WAS,MIA,2025,11,0.0,0.0,LB,1.0,edge,0.2,0.4,1.8,0,-2.5,47.5
MartJa02,Jacob Martin,WAS,MIA,2025,11,1.0,1.0,DE,0.79,edge,0.625,2.75,1.8,0,-2.5,47.5
WagnBo00,Bobby Wagner,WAS,MIA,2025,11,0.0,0.0,LB,1.0,edge,0.0,0.4,1.8,0,-2.5,47.5
CollZa00,Zaven Collins,ARI,JAX,2025,12,0.0,0.0,LB,0.63,edge,0.0,0.6,4.0,1,-2.5,47.5
DaviAk01,Akeem Davis-Gaither,ARI,JAX,2025,12,0.0,1.0,LB,0.74,edge,0.0,0.2,4.0,1,-2.5,47.5
SimoCo01,Cody Simon,ARI,JAX,2025,12,0.0,0.0,LB,1.0,edge,0.0,0.0,4.0,1,-2.5,47.5
SweaJo00,Josh Sweat,ARI,JAX,2025,12,0.0,2.0,LB,0.68,edge,1.3,3.0,4.0,1,-2.5,47.5
DeabDi00,Divine Deablo,ATL,NO,2025,12,0.0,0.0,LB,0.99,edge,0.1,0.2,2.8,1,-1.5,41.5
ElliKa00,Kaden Elliss,ATL,NO,2025,12,0.0,0.0,LB,1.0,edge,0.4,1.4,2.8,1,-1.5,41.5
BuchTe00,Teddye Buchanan,BAL,NYJ,2025,12,0.0,0.0,LB,0.76,edge,0.1,0.8,4.0,0,14.0,44.5
GreeMi02,Mike Green,BAL,NYJ,2025,12,1.0,4.0,LB,0.64,edge,0.3,1.2,4.0,0,14.0,44.5
JoneDr00,Dre'Mont Jones,BAL,NYJ,2025,12,1.5,2.0,DE,0.68,edge,0.7,2.6,4.0,0,14.0,44.5
SmitRo07,Roquan Smith,BAL,NYJ,2025,12,0.0,1.0,LB,0.97,edge,0.0,0.6,4.0,0,14.0,44.5
VanNKy00,Kyle Van Noy,BAL,NYJ,2025,12,0.0,2.0,LB,0.61,edge,0.0,1.6,4.0,0,14.0,44.5
BernTe00,Terrel Bernard,BUF,HOU,2025,12,0.0,0.0,LB,0.66,edge,0.0,0.8,2.6,1,5.5,43.5
BosaJo00,Joey Bosa,BUF,HOU,2025,12,0.0,2.0,DE,0.66,edge,0.4,2.4,2.6,1,5.5,43.5
BarnKr00,Krys Barnes,CAR,SF,2025,12,0.0,0.0,LB,0.99,edge,0.0,0.2,1.2,0,-7.5,48.5
BrowDe05,Derrick Brown,CAR,SF,2025,12,0.0,1.0,DT,0.73,interior,0.4,1.0,1.2,0,-7.5,48.5
WharTe00,Tershawn Wharton,CAR,SF,2025,12,0.0,2.0,DT,0.83,interior,0.4,1.2,1.2,0,-7.5,48.5
WonnDJ00,D.J. Wonnum,CAR,SF,2025,12,0.0,0.0,LB,0.64,edge,0.0,0.6,1.2,0,-7.5,48.5
BookAu00,Austin Booker,CHI,PIT,2025,12,0.0,1.0,DL,0.78,interior,0.0,3.0,2.0,0,3.0,46.5
JackDM00,D'Marco Jackson,CHI,PIT,2025,12,0.0,0.0,LB,1.0,edge,0.0,0.0,2.0,0,3.0,46.5
JarrGr00,Grady Jarrett,CHI,PIT,2025,12,0.0,1.0,DL,0.72,interior,0.0,1.2,2.0,0,3.0,46.5
SweaMo00,Montez Sweat,CHI,PIT,2025,12,2.0,3.0,DL,0.75,interior,0.9,1.6,2.0,0,3.0,46.5
CartBa00,Barrett Carter,CIN,NE,2025,12,0.0,1.0,LB,1.0,edge,0.0,0.0,3.6,0,-7.5,50.5
JenkKr01,Kris Jenkins,CIN,NE,2025,12,0.0,1.0,DT,0.61,interior,0.0,1.0,3.6,0,-7.5,50.5
KnigDe00,Demetrius Knight,CIN,NE,2025,12,0.0,0.0,LB,0.85,edge,0.0,0.4,3.6,0,-7.5,50.5
MurpMy00,Myles Murphy,CIN,NE,2025,12,0.0,1.0,DE,0.75,edge,0.25,1.5,3.6,0,-7.5,50.5
OssaJo00,Joseph Ossai,CIN,NE,2025,12,0.0,0.0,DE,0.77,edge,0.4,2.2,3.6,0,-7.5,50.5
BushDe01,Devin Bush Jr.,CLE,LV,2025,12,1.0,2.0,LB,0.76,edge,0.0,0.2,3.0,1,-3.0,35.5
CollMa00,Maliek Collins,CLE,LV,2025,12,2.5,3.0,DT,0.61,interior,0.1,0.8,3.0,1,-3.0,35.5
GarrMy00,Myles Garrett,CLE,LV,2025,12,3.0,7.0,DE,0.76,edge,2.2,3.2,3.0,1,-3.0,35.5
GrahMa00,Mason Graham,CLE,LV,2025,12,0.0,2.0,DT,0.63,interior,0.1,0.8,3.0,1,-3.0,35.5
McGuIs00,Isaiah McGuire,CLE,LV,2025,12,1.0,3.0,DE,0.62,edge,0.75,1.75,3.0,1,-3.0,35.5
SchwCa00,Carson Schwesinger,CLE,LV,2025,12,0.0,0.0,LB,0.96,edge,0.1,0.6,3.0,1,-3.0,35.5
ClarKe01,Kenny Clark,DAL,PHI,2025,12,0.0,1.0,DT,0.63,interior,0.3,1.4,2.2,1,-3.0,47.5
MurrKe00,Kenneth Murray,DAL,PHI,2025,12,0.0,0.0,LB,0.62,edge,0.2,0.4,2.2,1,-3.0,47.5
OdigOs00,Osa Odighizuwa,DAL,PHI,2025,12,1.0,4.0,DT,0.67,interior,0.2,2.2,2.2,1,-3.0,47.5
WillQu00,Quinnen Williams,DAL,PHI,2025,12,0.0,9.0,DT,0.73,interior,0.2,1.2,2.2,1,-3.0,47.5
AnzaAl00,Alex Anzalone,DET,NYG,2025,12,0.0,2.0,LB,0.96,edge,0.0,1.0,3.4,1,14.0,50.5
BarnDe02,Derrick Barnes,DET,NYG,2025,12,0.0,0.0,LB,0.8,edge,0.4,0.6,3.4,1,14.0,50.5
CampJa04,Jack Campbell,DET,NYG,2025,12,0.0,0.0,LB,1.0,edge,0.6,1.2,3.4,1,14.0,50.5
HutcAi00,Aidan Hutchinson,DET,NYG,2025,12,1.0,7.0,DE,0.94,edge,0.5,2.8,3.4,1,14.0,50.5
McNeAl00,Alim McNeill,DET,NYG,2025,12,0.0,2.0,DL,0.84,interior,0.2,1.6,3.4,1,14.0,50.5
CoopEd00,Edgerrin Cooper,GB,MIN,2025,12,0.0,0.0,LB,1.0,edge,0.0,0.2,2.6,0,6.5,41.5
GaryRa00,Rashan Gary,GB,MIN,2025,12,0.0,2.0,DL,0.73,interior,1.0,2.6,2.6,0,6.5,41.5
McDuIs00,Isaiah McDuffie,GB,MIN,2025,12,0.5,1.0,LB,1.0,edge,0.1,0.4,2.6,0,6.5,41.5
ParsMi00,Micah Parsons,GB,MIN,2025,12,2.0,3.0,DL,0.91,interior,1.1,3.6,2.6,0,6.5,41.5
WyatDe00,Devonte Wyatt,GB,MIN,2025,12,2.0,2.0,DL,0.77,interior,0.6,1.2,2.6,0,6.5,41.5
AlShAz00,Azeez Al-Shaair,HOU,BUF,2025,12,0.0,1.0,LB,1.0,edge,0.0,0.0,2.4,1,-5.5,43.5
AndeWi01,Will Anderson,HOU,BUF,2025,12,2.5,3.0,DE,0.64,edge,1.0,2.2,2.4,1,-5.5,43.5
HuntDa01,Danielle Hunter,HOU,BUF,2025,12,2.0,3.0,DE,0.74,edge,1.0,2.6,2.4,1,-5.5,43.5
RankSh00,Sheldon Rankins,HOU,BUF,2025,12,0.0,1.0,DT,0.61,interior,0.4,1.2,2.4,1,-5.5,43.5
TooTHe00,Henry To'oTo'o,HOU,BUF,2025,12,1.0,1.0,LB,0.77,edge,0.2,0.2,2.4,1,-5.5,43.5
AdebAd00,Adetomiwa Adebawore,IND,KC,2025,12,0.5,3.0,DT,0.77,interior,0.0,0.0,2.6,0,-3.5,50.5
FranZa00,Zaire Franklin,IND,KC,2025,12,0.0,2.0,LB,1.0,edge,0.2,1.0,2.6,0,-3.5,50.5
LatuLa00,Laiatu Latu,IND,KC,2025,12,1.0,3.0,DE,0.84,edge,0.9,2.8,2.6,0,-3.5,50.5
PayeKw00,Kwity Paye,IND,KC,2025,12,0.5,2.0,DE,0.75,edge,0.0,1.2,2.6,0,-3.5,50.5
PratGe00,Germaine Pratt,IND,KC,2025,12,0.0,0.0,LB,0.86,edge,0.0,0.0,2.6,0,-3.5,50.5
StewGr00,Grover Stewart,IND,KC,2025,12,0.5,2.0,DT,0.67,interior,0.0,1.6,2.6,0,-3.5,50.5
AlleJo03,Josh Hines-Allen,JAX,ARI,2025,12,1.0,2.0,DE,0.85,edge,0.5,2.8,3.6,1,2.5,47.5
ArmsAr01,Arik Armstead,JAX,ARI,2025,12,0.0,1.0,DT,0.74,interior,0.6,1.2,3.6,1,2.5,47.5
GardDe01,Dennis Gardeck,JAX,ARI,2025,12,1.5,4.0,LB,0.63,edge,0.0,0.0,3.6,1,2.5,47.5
LloyDe00,Devin Lloyd,JAX,ARI,2025,12,1.5,5.0,LB,0.74,edge,0.0,0.6,3.6,1,2.5,47.5
OluoFo00,Foyesade Oluokun,JAX,ARI,2025,12,0.0,0.0,LB,1.0,edge,0.0,0.6,3.6,1,2.5,47.5
BoltNi00,Nick Bolton,KC,IND,2025,12,0.0,2.0,LB,1.0,edge,0.0,0.6,3.4,0,3.5,50.5
JoneCh09,Chris Jones,KC,IND,2025,12,0.0,2.0,DT,0.88,interior,0.4,1.8,3.4,0,3.5,50.5
KarlGe00,George Karlaftis III,KC,IND,2025,12,0.0,2.0,DE,0.84,edge,0.4,2.2,3.4,0,3.5,50.5
TranDr00,Drue Tranquill,KC,IND,2025,12,0.0,0.0,LB,0.94,edge,0.0,0.2,3.4,0,3.5,50.5
LandNa01,Nathan Landman,LA,TB,2025,12,0.0,0.0,LB,0.81,edge,0.3,1.2,2.2,1,7.0,49.5
VersJa00,Jared Verse,LA,TB,2025,12,2.0,2.0,LB,0.73,edge,0.4,2.2,2.2,1,7.0,49.5
YounBy01,Byron Young,LA,TB,2025,12,0.0,0.0,LB,0.71,edge,0.7,3.2,2.2,1,7.0,49.5
CrosMa00,Maxx Crosby,LV,CLE,2025,12,0.0,3.0,DE,1.0,edge,0.8,2.0,3.6,1,3.0,35.5
RobeEl00,Elandon Roberts,LV,CLE,2025,12,0.0,0.0,LB,0.67,edge,0.0,0.2,3.6,1,3.0,35.5
WhitDe02,Devin White,LV,CLE,2025,12,0.0,0.0,LB,1.0,edge,0.2,0.6,3.6,1,3.0,35.5
CashBl00,Blake Cashman,MIN,GB,2025,12,0.0,0.0,LB,0.95,edge,0.0,0.4,1.4,0,-6.5,41.5
RedmJa01,Jalen Redmond,MIN,GB,2025,12,0.0,1.0,DL,0.88,interior,0.75,1.25,1.4,0,-6.5,41.5
VanGAn00,Andrew Van Ginkel,MIN,GB,2025,12,0.0,0.0,LB,0.85,edge,0.4,1.0,1.4,0,-6.5,41.5
WilsEr00,Eric Wilson,MIN,GB,2025,12,0.0,1.0,LB,0.95,edge,0.7,1.4,1.4,0,-6.5,41.5
ChaiKL00,K'Lavon Chaisson,NE,CIN,2025,12,0.0,2.0,LB,0.72,edge,0.4,1.6,1.6,0,7.5,50.5
LandHa00,Harold Landry,NE,CIN,2025,12,1.0,2.0,LB,0.74,edge,0.4,1.8,1.6,0,7.5,50.5
SpilRo00,Robert Spillane,NE,CIN,2025,12,0.0,1.0,LB,1.0,edge,0.0,0.0,1.6,0,7.5,50.5
BresBr00,Bryan Bresee,NO,ATL,2025,12,0.0,1.0,DT,0.8,interior,0.3,1.0,1.4,1,1.5,41.5
DaviDe00,Demario Davis,NO,ATL,2025,12,0.0,0.0,LB,1.0,edge,0.0,0.4,1.4,1,1.5,41.5
GranCa01,Carl Granderson,NO,ATL,2025,12,0.0,0.0,DE,0.68,edge,0.0,1.0,1.4,1,1.5,41.5
YounCh04,Chase Young,NO,ATL,2025,12,1.0,3.0,DE,0.71,edge,0.6,2.8,1.4,1,1.5,41.5
BurnBr00,Brian Burns,NYG,DET,2025,12,0.0,2.0,LB,0.84,edge,1.2,2.4,2.4,1,-14.0,50.5
CartAb00,Abdul Carter,NYG,DET,2025,12,0.0,3.0,LB,0.91,edge,0.0,1.8,2.4,1,-14.0,50.5
OkerBo00,Bobby Okereke,NYG,DET,2025,12,0.0,0.0,LB,1.0,edge,0.2,0.2,2.4,1,-14.0,50.5
BrigJo00,Jowon Briggs,NYJ,BAL,2025,12,1.0,1.0,DL,0.65,interior,0.0,1.0,2.8,0,-14.0,44.5
JohnJe07,Jermaine Johnson II,NYJ,BAL,2025,12,0.0,4.0,LB,0.89,edge,0.6,1.6,2.8,0,-14.0,44.5
McDoWi00,Will McDonald,NYJ,BAL,2025,12,0.0,0.0,DE,0.7,edge,1.0,2.0,2.8,0,-14.0,44.5
SherJa00,Jamien Sherwood,NYJ,BAL,2025,12,0.0,1.0,LB,1.0,edge,0.2,0.4,2.8,0,-14.0,44.5
WillQu01,Quincy Williams,NYJ,BAL,2025,12,0.0,0.0,LB,1.0,edge,0.4,0.4,2.8,0,-14.0,44.5
BaunZa00,Zack Baun,PHI,DAL,2025,12,0.0,0.0,LB,1.0,edge,0.2,0.2,1.8,1,3.0,47.5
CartJa05,Jalen Carter,PHI,DAL,2025,12,0.0,4.0,DT,0.95,interior,0.2,1.2,1.8,1,3.0,47.5
DeanNa00,Nakobe Dean,PHI,DAL,2025,12,1.0,1.0,LB,0.84,edge,0.4,0.8,1.8,1,3.0,47.5
PhilJa02,Jaelan Phillips,PHI,DAL,2025,12,0.0,5.0,LB,0.8,edge,0.6,2.4,1.8,1,3.0,47.5
HarrMa06,Malik Harrison,PIT,CHI,2025,12,0.0,0.0,LB,0.6,edge,0.2,0.4,1.2,0,-3.0,46.5
HerbNi00,Nick Herbig,PIT,CHI,2025,12,0.0,1.0,LB,0.92,edge,1.1,3.8,1.2,0,-3.0,46.5
QueePa00,Patrick Queen,PIT,CHI,2025,12,0.0,1.0,LB,1.0,edge,0.0,0.2,1.2,0,-3.0,46.5
WattT.00,T.J. Watt,PIT,CHI,2025,12,1.0,1.0,LB,0.82,edge,0.5,2.0,1.2,0,-3.0,46.5
WilsPa00,Payton Wilson,PIT,CHI,2025,12,0.0,0.0,LB,0.62,edge,0.0,0.0,1.2,0,-3.0,46.5
LawrDe00,DeMarcus Lawrence,SEA,TEN,2025,12,0.0,5.0,LB,0.68,edge,0.6,4.0,4.0,0,12.5,41.5
MurpBy01,Byron Murphy,SEA,TEN,2025,12,1.0,3.0,DT,0.76,interior,0.7,1.6,4.0,0,12.5,41.5
ThomDr00,Drake Thomas,SEA,TEN,2025,12,0.0,0.0,LB,1.0,edge,0.4,0.6,4.0,0,12.5,41.5
WillLe02,Leonard Williams,SEA,TEN,2025,12,1.0,8.0,DE,0.8,edge,0.3,1.8,4.0,0,12.5,41.5
HuffBr00,Bryce Huff,SF,CAR,2025,12,0.0,6.0,DL,0.76,interior,0.3333333333333333,2.0,3.4,0,7.5,48.5
RobiCu00,Curtis Robinson,SF,CAR,2025,12,0.0,0.0,LB,1.0,edge,0.0,0.0,3.4,0,7.5,48.5
WintDe00,Dee Winters,SF,CAR,2025,12,0.0,0.0,LB,1.0,edge,0.0,0.8,3.4,0,7.5,48.5
DaviLa00,Lavonte David,TB,LA,2025,12,0.0,1.0,LB,0.91,edge,0.2,0.2,1.0,1,-7.0,49.5
DennSi00,SirVocea Dennis,TB,LA,2025,12,0.0,0.0,LB,1.0,edge,0.4,0.6,1.0,1,-7.0,49.5
DiabYa00,YaYa Diaby,TB,LA,2025,12,1.0,2.0,LB,0.66,edge,0.6,1.8,1.0,1,-7.0,49.5
NelsAn01,Anthony Nelson,TB,LA,2025,12,0.0,0.0,LB,0.66,edge,0.4,0.8,1.0,1,-7.0,49.5
BartCo00,Cody Barton,TEN,SEA,2025,12,0.0,0.0,LB,1.0,edge,0.2,0.4,0.8,0,-12.5,41.5
GrayCe00,Cedric Gray,TEN,SEA,2025,12,0.0,0.0,LB,0.98,edge,0.2,0.4,0.8,0,-12.5,41.5
KeyxAr00,Arden Key,TEN,SEA,2025,12,1.0,2.0,LB,0.67,edge,0.6,1.6,0.8,0,-12.5,41.5
SimmJe01,Jeffery Simmons,TEN,SEA,2025,12,0.0,2.0,DT,0.96,interior,0.9,1.6,0.8,0,-12.5,41.5
WardJi02,Jihad Ward,TEN,SEA,2025,12,0.0,1.0,LB,0.88,edge,0.7,1.6,0.8,0,-12.5,41.5
SimoCo01,Cody Simon,ARI,TB,2025,13,0.0,1.0,LB,1.0,edge,0.0,0.0,2.8,0,-4.5,44.5
DeabDi00,Divine Deablo,ATL,NYJ,2025,13,0.0,1.0,LB,1.0,edge,0.0,0.0,2.8,0,3.0,38.5
ElliKa00,Kaden Elliss,ATL,NYJ,2025,13,0.0,2.0,LB,1.0,edge,0.4,1.2,2.8,0,3.0,38.5
MilaMa00,Matt Milano,BUF,PIT,2025,13,0.0,0.0,LB,0.81,edge,0.4,1.0,2.4,0,3.0,44.5
RousGr00,Gregory Rousseau,BUF,PIT,2025,13,0.0,0.0,DE,0.65,edge,0.3,1.6,2.4,0,3.0,44.5
ThomSh01,Shaq Thompson,BUF,PIT,2025,13,0.0,0.0,LB,0.93,edge,0.2,0.8,2.4,0,3.0,44.5
BarnKr00,Krys Barnes,CAR,LA,2025,13,0.0,0.0,LB,0.94,edge,0.0,0.2,0.8,0,-10.0,44.5
BrowDe05,Derrick Brown,CAR,LA,2025,13,1.0,1.0,DT,0.75,interior,0.0,0.6,0.8,0,-10.0,44.5
ScouNi00,Nic Scourton,CAR,LA,2025,13,0.0,0.0,LB,0.65,edge,0.6,2.2,0.8,0,-10.0,44.5
WallTr00,Trevin Wallace,CAR,LA,2025,13,0.0,0.0,LB,1.0,edge,0.4,1.0,0.8,0,-10.0,44.5
OssaJo00,Joseph Ossai,CIN,BAL,2025,13,2.0,2.0,DE,0.83,edge,0.2,2.0,2.2,0,-7.0,52.5
BushDe01,Devin Bush Jr.,CLE,SF,2025,13,0.0,0.0,LB,0.73,edge,0.2,0.4,1.0,0,-5.5,35.5
GarrMy00,Myles Garrett,CLE,SF,2025,13,1.0,4.0,DE,0.91,edge,2.8,4.4,1.0,0,-5.5,35.5
GrahMa00,Mason Graham,CLE,SF,2025,13,0.0,1.0,DT,0.73,interior,0.0,1.0,1.0,0,-5.5,35.5
SchwCa00,Carson Schwesinger,CLE,SF,2025,13,0.0,1.0,LB,0.94,edge,0.1,0.4,1.0,0,-5.5,35.5
AlleZa01,Zach Allen,DEN,WAS,2025,13,0.0,3.0,DL,0.81,interior,0.6,2.6,2.6,0,6.5,43.5
BoniNi00,Nik Bonitto,DEN,WAS,2025,13,1.0,1.0,LB,0.71,edge,1.3,2.8,2.6,0,6.5,43.5
CoopJo02,Jonathon Cooper,DEN,WAS,2025,13,0.0,0.0,LB,0.72,edge,0.6,1.6,2.6,0,6.5,43.5
GreeDr00,Dre Greenlaw,DEN,WAS,2025,13,0.0,0.0,LB,0.72,edge,0.0,0.2,2.6,0,6.5,43.5
SingAl00,Alex Singleton,DEN,WAS,2025,13,0.0,1.0,LB,0.99,edge,0.0,0.0,2.6,0,6.5,43.5
ParsMi00,Micah Parsons,GB,DET,2025,13,2.5,3.0,DL,0.9,interior,1.5,3.8,2.8,1,-2.5,48.5
AlShAz00,Azeez Al-Shaair,HOU,IND,2025,13,0.0,0.0,LB,0.87,edge,0.0,0.2,3.2,1,-3.0,44.5
AndeWi01,Will Anderson,HOU,IND,2025,13,0.0,2.0,DE,0.63,edge,1.3,2.4,3.2,1,-3.0,44.5
RankSh00,Sheldon Rankins,HOU,IND,2025,13,1.0,3.0,DT,0.63,interior,0.2,1.2,3.2,1,-3.0,44.5
TooTHe00,Henry To'oTo'o,HOU,IND,2025,13,0.0,1.0,LB,0.85,edge,0.2,0.2,3.2,1,-3.0,44.5
AdebAd00,Adetomiwa Adebawore,IND,HOU,2025,13,1.0,1.0,DT,0.64,interior,0.25,1.5,2.0,1,3.0,44.5
FranZa00,Zaire Franklin,IND,HOU,2025,13,0.0,0.0,LB,1.0,edge,0.2,1.2,2.0,1,3.0,44.5
PayeKw00,Kwity Paye,IND,HOU,2025,13,0.0,2.0,DE,0.63,edge,0.1,1.4,2.0,1,3.0,44.5
PratGe00,Germaine Pratt,IND,HOU,2025,13,0.0,0.0,LB,0.84,edge,0.0,0.0,2.0,1,3.0,44.5
StewGr00,Grover Stewart,IND,HOU,2025,13,0.0,1.0,DT,0.68,interior,0.1,1.6,2.0,1,3.0,44.5
AlleJo03,Josh Hines-Allen,JAX,TEN,2025,13,2.0,5.0,DE,0.73,edge,0.7,3.0,3.8,0,6.0,42.5
GardDe01,Dennis Gardeck,JAX,TEN,2025,13,0.0,1.0,LB,0.63,edge,0.375,1.0,3.8,0,6.0,42.5
LloyDe00,Devin Lloyd,JAX,TEN,2025,13,0.0,0.0,LB,0.83,edge,0.3,1.6,3.8,0,6.0,42.5
OluoFo00,Foyesade Oluokun,JAX,TEN,2025,13,0.0,0.0,LB,0.86,edge,0.0,0.4,3.8,0,6.0,42.5
LandNa01,Nathan Landman,LA,CAR,2025,13,0.0,0.0,LB,0.95,edge,0.3,1.0,3.2,0,10.0,44.5
SpeiOm00,Omar Speights,LA,CAR,2025,13,0.0,0.0,LB,0.86,edge,0.0,0.0,3.2,0,10.0,44.5
VersJa00,Jared Verse,LA,CAR,2025,13,0.0,0.0,LB,0.83,edge,0.6,1.6,3.2,0,10.0,44.5
YounBy01,Byron Young,LA,CAR,2025,13,1.0,1.0,LB,0.69,edge,0.3,2.2,3.2,0,10.0,44.5
HenlDa00,Daiyan Henley,LAC,LV,2025,13,0.5,1.0,LB,1.0,edge,0.2,0.4,4.6,1,10.0,40.5
MackKh00,Khalil Mack,LAC,LV,2025,13,0.5,3.0,LB,0.6,edge,0.7,2.2,4.6,1,10.0,40.5
PerrDe00,Denzel Perryman,LAC,LV,2025,13,0.0,0.0,LB,0.6,edge,0.2,0.2,4.6,1,10.0,40.5
TuipTu00,Tuli Tuipulotu,LAC,LV,2025,13,2.0,2.0,LB,0.67,edge,0.6,0.8,4.6,1,10.0,40.5
CrosMa00,Maxx Crosby,LV,LAC,2025,13,2.0,4.0,DE,1.0,edge,0.8,2.4,3.8,1,-10.0,40.5
LaulJo00,Jonah Laulu,LV,LAC,2025,13,0.0,1.0,DT,0.78,interior,0.2,1.0,3.8,1,-10.0,40.5
WhitDe02,Devin White,LV,LAC,2025,13,0.0,1.0,LB,1.0,edge,0.0,0.4,3.8,1,-10.0,40.5
BrooJo01,Jordyn Brooks,MIA,NO,2025,13,0.0,0.0,LB,1.0,edge,0.2,0.4,3.4,0,5.5,41.5
ChubBr00,Bradley Chubb,MIA,NO,2025,13,1.0,2.0,LB,0.81,edge,0.2,1.4,3.4,0,5.5,41.5
DodsTy01,Tyrel Dodson,MIA,NO,2025,13,0.0,0.0,LB,1.0,edge,0.4,0.8,3.4,0,5.5,41.5
RobiCh00,Chop Robinson,MIA,NO,2025,13,1.5,4.0,LB,0.62,edge,0.2,1.0,3.4,0,5.5,41.5
SielZa00,Zach Sieler,MIA,NO,2025,13,0.0,0.0,DT,0.71,interior,0.2,1.0,3.4,0,5.5,41.5
AlleJo01,Jonathan Allen,MIN,SEA,2025,13,0.0,1.0,DL,0.84,interior,0.5,1.2,0.8,0,-12.5,42.5
CashBl00,Blake Cashman,MIN,SEA,2025,13,0.0,0.0,LB,0.97,edge,0.0,0.2,0.8,0,-12.5,42.5
TurnDa01,Dallas Turner,MIN,SEA,2025,13,2.0,3.0,LB,0.7,edge,0.3,2.0,0.8,0,-12.5,42.5
VanGAn00,Andrew Van Ginkel,MIN,SEA,2025,13,1.0,1.0,LB,0.79,edge,0.2,0.8,0.8,0,-12.5,42.5
WilsEr00,Eric Wilson,MIN,SEA,2025,13,1.0,1.0,LB,0.99,edge,0.4,1.2,0.8,0,-12.5,42.5
BarmCh00,Christian Barmore,NE,NYG,2025,13,0.0,1.0,DT,0.76,interior,0.2,1.2,2.8,0,7.0,46.5
ChaiKL00,K'Lavon Chaisson,NE,NYG,2025,13,0.0,2.0,LB,0.69,edge,0.4,1.4,2.8,0,7.0,46.5
ElliCh00,Christian Elliss,NE,NYG,2025,13,0.0,0.0,LB,0.64,edge,0.0,0.0,2.8,0,7.0,46.5
SpilRo00,Robert Spillane,NE,NYG,2025,13,0.0,0.0,LB,0.69,edge,0.0,0.2,2.8,0,7.0,46.5
BresBr00,Bryan Bresee,NO,MIA,2025,13,1.0,1.0,DT,0.73,interior,0.1,1.0,2.0,0,-5.5,41.5
DaviDe00,Demario Davis,NO,MIA,2025,13,0.0,0.0,LB,1.0,edge,0.0,0.2,2.0,0,-5.5,41.5
YounCh04,Chase Young,NO,MIA,2025,13,1.0,1.0,DE,0.75,edge,0.8,3.0,2.0,0,-5.5,41.5
BarnZa00,Zaire Barnes,NYG,NE,2025,13,1.0,1.0,LB,0.78,edge,,,3.0,0,-7.0,46.5
BurnBr00,Brian Burns,NYG,NE,2025,13,0.0,1.0,LB,0.88,edge,0.8,2.2,3.0,0,-7.0,46.5
CartAb00,Abdul Carter,NYG,NE,2025,13,1.0,2.0,LB,0.69,edge,0.0,1.4,3.0,0,-7.0,46.5
OkerBo00,Bobby Okereke,NYG,NE,2025,13,0.0,0.0,LB,1.0,edge,0.2,0.2,3.0,0,-7.0,46.5
BrigJo00,Jowon Briggs,NYJ,ATL,2025,13,0.0,1.0,DL,0.65,interior,0.5,1.0,1.6,0,-3.0,38.5
McDoWi00,Will McDonald,NYJ,ATL,2025,13,0.0,3.0,DE,0.71,edge,1.0,1.8,1.6,0,-3.0,38.5
SherJa00,Jamien Sherwood,NYJ,ATL,2025,13,0.0,2.0,LB,1.0,edge,0.2,0.6,1.6,0,-3.0,38.5
WillQu01,Quincy Williams,NYJ,ATL,2025,13,0.0,0.0,LB,0.99,edge,0.2,0.2,1.6,0,-3.0,38.5
CartJa05,Jalen Carter,PHI,CHI,2025,13,1.0,1.0,DT,0.7,interior,0.2,1.8,1.2,0,7.0,43.5
HarrMa06,Malik Harrison,PIT,BUF,2025,13,0.0,0.0,LB,0.7,edge,0.2,0.4,3.2,0,-3.0,44.5
HeywCa01,Cameron Heyward,PIT,BUF,2025,13,0.0,0.0,DT,0.8,interior,0.3,0.8,3.2,0,-3.0,44.5
HighAl02,Alex Highsmith,PIT,BUF,2025,13,0.0,0.0,LB,0.73,edge,1.0,1.8,3.2,0,-3.0,44.5
WilsPa00,Payton Wilson,PIT,BUF,2025,13,0.0,0.0,LB,0.72,edge,0.0,0.0,3.2,0,-3.0,44.5
JoneEr01,Ernest Jones,SEA,MIN,2025,13,0.0,0.0,LB,0.9,edge,0.1,0.4,3.2,0,12.5,42.5
MurpBy01,Byron Murphy,SEA,MIN,2025,13,1.0,1.0,DT,0.73,interior,0.7,1.8,3.2,0,12.5,42.5
ThomDr00,Drake Thomas,SEA,MIN,2025,13,0.5,3.0,LB,0.6,edge,0.2,0.4,3.2,0,12.5,42.5
CollAl01,Alfred Collins,SF,CLE,2025,13,0.0,0.0,DL,0.6,interior,0.0,1.0,2.6,0,5.5,35.5
FerrCl00,Clelin Ferrell,SF,CLE,2025,13,2.0,2.0,DL,0.62,interior,0.5,1.6,2.6,0,5.5,35.5
HuffBr00,Bryce Huff,SF,CLE,2025,13,0.0,2.0,DL,0.63,interior,0.25,3.0,2.6,0,5.5,35.5
RobiCu00,Curtis Robinson,SF,CLE,2025,13,0.0,0.0,LB,0.97,edge,0.0,0.0,2.6,0,5.5,35.5
WintDe00,Dee Winters,SF,CLE,2025,13,0.0,0.0,LB,1.0,edge,0.0,0.6,2.6,0,5.5,35.5
DaviLa00,Lavonte David,TB,ARI,2025,13,0.0,0.0,LB,1.0,edge,0.0,0.2,4.4,0,4.5,44.5
DennSi00,SirVocea Dennis,TB,ARI,2025,13,0.0,1.0,LB,0.95,edge,0.4,0.6,4.4,0,4.5,44.5
DiabYa00,YaYa Diaby,TB,ARI,2025,13,1.0,3.0,LB,0.7,edge,0.4,1.6,4.4,0,4.5,44.5
ReddHa00,Haason Reddick,TB,ARI,2025,13,0.0,0.0,LB,0.77,edge,0.1,1.0,4.4,0,4.5,44.5
BartCo00,Cody Barton,TEN,JAX,2025,13,0.0,0.0,LB,1.0,edge,0.2,0.4,3.2,0,-6.0,42.5
GrayCe00,Cedric Gray,TEN,JAX,2025,13,0.0,0.0,LB,0.89,edge,0.2,0.4,3.2,0,-6.0,42.5
KeyxAr00,Arden Key,TEN,JAX,2025,13,0.0,1.0,LB,0.67,edge,0.5,1.6,3.2,0,-6.0,42.5
SimmJe01,Jeffery Simmons,TEN,JAX,2025,13,1.0,2.0,DT,0.81,interior,0.9,2.0,3.2,0,-6.0,42.5
WardJi02,Jihad Ward,TEN,JAX,2025,13,1.0,2.0,LB,0.79,edge,0.7,1.4,3.2,0,-6.0,42.5
LuvuFr00,Frankie Luvu,WAS,DEN,2025,13,1.0,2.0,LB,1.0,edge,0.0,0.2,1.4,0,-6.5,43.5
MartJa02,Jacob Martin,WAS,DEN,2025,13,0.0,1.0,DE,0.71,edge,0.7,2.4,1.4,0,-6.5,43.5
PaynDa00,Daron Payne,WAS,DEN,2025,13,0.0,0.0,DT,0.63,interior,0.0,0.2,1.4,0,-6.5,43.5
WagnBo00,Bobby Wagner,WAS,DEN,2025,13,0.0,0.0,LB,1.0,edge,0.0,0.2,1.4,0,-6.5,43.5
SimoCo01,Cody Simon,ARI,LA,2025,14,0.0,0.0,LB,1.0,edge,0.0,0.25,1.2,1,-9.5,49.5
StilDa01,Dante Stills,ARI,LA,2025,14,0.0,2.0,DL,0.69,interior,0.3333333333333333,0.3333333333333333,1.2,1,-9.5,49.5
DeabDi00,Divine Deablo,ATL,SEA,2025,14,0.0,0.0,LB,1.0,edge,0.0,0.2,1.2,1,-7.0,44.5
ElliKa00,Kaden Elliss,ATL,SEA,2025,14,0.0,1.0,LB,1.0,edge,0.4,1.4,1.2,1,-7.0,44.5
FloyLe00,Leonard Floyd,ATL,SEA,2025,14,0.0,1.0,DE,0.7,edge,0.9,2.2,1.2,1,-7.0,44.5
StreKe00,Kentavius Street,ATL,SEA,2025,14,1.0,1.0,DL,0.7,interior,,,1.2,1,-7.0,44.5
BuchTe00,Teddye Buchanan,BAL,PIT,2025,14,0.0,0.0,LB,0.79,edge,0.1,0.8,2.0,0,5.5,43.5
GreeMi02,Mike Green,BAL,PIT,2025,14,0.0,1.0,LB,0.77,edge,0.5,2.0,2.0,0,5.5,43.5
JoneDr00,Dre'Mont Jones,BAL,PIT,2025,14,0.0,1.0,DE,0.79,edge,0.8,2.8,2.0,0,5.5,43.5
SmitRo07,Roquan Smith,BAL,PIT,2025,14,0.0,0.0,LB,1.0,edge,0.0,0.6,2.0,0,5.5,43.5
JoneDa04,DaQuan Jones,BUF,CIN,2025,14,0.0,2.0,DT,0.62,interior,0.4,1.4,1.4,0,6.0,54.5
MilaMa00,Matt Milano,BUF,CIN,2025,14,0.0,0.0,LB,0.67,edge,0.4,0.4,1.4,0,6.0,54.5
RousGr00,Gregory Rousseau,BUF,CIN,2025,14,0.0,2.0,DE,0.75,edge,0.3,1.6,1.4,0,6.0,54.5
ThomSh01,Shaq Thompson,BUF,CIN,2025,14,0.0,1.0,LB,1.0,edge,0.2,0.4,1.4,0,6.0,54.5
DextGe00,Gervon Dexter,CHI,GB,2025,14,0.0,0.0,DL,0.64,interior,0.7,1.0,1.4,0,-6.5,44.5
EdwaTJ02,T.J. Edwards,CHI,GB,2025,14,0.0,0.0,LB,0.62,edge,0.2,0.2,1.4,0,-6.5,44.5
JackDM00,D'Marco Jackson,CHI,GB,2025,14,0.0,0.0,LB,1.0,edge,0.0,0.0,1.4,0,-6.5,44.5
JarrGr00,Grady Jarrett,CHI,GB,2025,14,0.0,0.0,DL,0.74,interior,0.0,0.8,1.4,0,-6.5,44.5
SweaMo00,Montez Sweat,CHI,GB,2025,14,1.0,1.0,DL,0.77,interior,1.1,1.8,1.4,0,-6.5,44.5
CartBa00,Barrett Carter,CIN,BUF,2025,14,0.0,0.0,LB,1.0,edge,0.0,0.2,2.8,0,-6.0,54.5
HillB.00,B.J. Hill,CIN,BUF,2025,14,1.0,4.0,DT,0.75,interior,0.0,0.8,2.8,0,-6.0,54.5
JenkKr01,Kris Jenkins,CIN,BUF,2025,14,0.0,0.0,DT,0.69,interior,0.0,1.0,2.8,0,-6.0,54.5
KnigDe00,Demetrius Knight,CIN,BUF,2025,14,0.0,0.0,LB,0.72,edge,0.0,0.4,2.8,0,-6.0,54.5
MurpMy00,Myles Murphy,CIN,BUF,2025,14,0.0,2.0,DE,0.84,edge,0.2,1.4,2.8,0,-6.0,54.5
OssaJo00,Joseph Ossai,CIN,BUF,2025,14,0.0,1.0,DE,0.73,edge,0.6,1.8,2.8,0,-6.0,54.5
SlatTe00,Tedarrell Slaton,CIN,BUF,2025,14,1.0,1.0,DT,0.64,interior,0.0,1.0,2.8,0,-6.0,54.5
BushDe01,Devin Bush Jr.,CLE,TEN,2025,14,0.0,1.0,LB,0.88,edge,0.2,0.4,3.6,0,4.5,33.5
GarrMy00,Myles Garrett,CLE,TEN,2025,14,1.0,2.0,DE,0.89,edge,2.8,4.8,3.6,0,4.5,33.5
SchwCa00,Carson Schwesinger,CLE,TEN,2025,14,0.0,1.0,LB,1.0,edge,0.1,0.6,3.6,0,4.5,33.5
WrigAl01,Alex Wright,CLE,TEN,2025,14,0.0,3.0,DE,0.65,edge,0.8,1.2,3.6,0,4.5,33.5
ClarKe01,Kenny Clark,DAL,DET,2025,14,0.0,1.0,DT,0.61,interior,0.3,1.2,2.6,1,-3.5,55.5
EzeiDo00,Donovan Ezeiruaku,DAL,DET,2025,14,0.0,0.0,DE,0.79,edge,1.0,3.0,2.6,1,-3.5,55.5
OverDe00,DeMarvion Overshown,DAL,DET,2025,14,0.0,0.0,LB,0.76,edge,0.6,1.6,2.6,1,-3.5,55.5
WillQu00,Quinnen Williams,DAL,DET,2025,14,0.0,1.0,DT,0.71,interior,0.0,2.4,2.6,1,-3.5,55.5
AlleZa01,Zach Allen,DEN,LV,2025,14,0.0,3.0,DL,0.7,interior,0.5,2.8,5.4,1,8.5,40.5
BoniNi00,Nik Bonitto,DEN,LV,2025,14,2.0,3.0,LB,0.62,edge,1.2,2.6,5.4,1,8.5,40.5
CoopJo02,Jonathon Cooper,DEN,LV,2025,14,0.0,1.0,LB,0.62,edge,0.5,1.0,5.4,1,8.5,40.5
GreeDr00,Dre Greenlaw,DEN,LV,2025,14,0.0,0.0,LB,0.6,edge,0.0,0.2,5.4,1,8.5,40.5
SingAl00,Alex Singleton,DEN,LV,2025,14,0.0,0.0,LB,0.98,edge,0.0,0.2,5.4,1,8.5,40.5
AnzaAl00,Alex Anzalone,DET,DAL,2025,14,0.0,0.0,LB,0.98,edge,0.0,1.0,2.0,1,3.5,55.5
BarnDe02,Derrick Barnes,DET,DAL,2025,14,0.0,0.0,LB,0.71,edge,0.4,0.4,2.0,1,3.5,55.5
CampJa04,Jack Campbell,DET,DAL,2025,14,1.0,1.0,LB,1.0,edge,0.4,1.0,2.0,1,3.5,55.5
HutcAi00,Aidan Hutchinson,DET,DAL,2025,14,0.0,1.0,DE,0.94,edge,0.5,3.8,2.0,1,3.5,55.5
McNeAl00,Alim McNeill,DET,DAL,2025,14,1.0,2.0,DL,0.73,interior,0.2,1.4,2.0,1,3.5,55.5
BrooKa00,Karl Brooks,GB,CHI,2025,14,0.0,0.0,DL,0.67,interior,0.16666666666666666,0.6666666666666666,1.4,0,6.5,44.5
CoopEd00,Edgerrin Cooper,GB,CHI,2025,14,0.0,1.0,LB,1.0,edge,0.0,0.2,1.4,0,6.5,44.5
ParsMi00,Micah Parsons,GB,CHI,2025,14,0.0,7.0,DL,0.87,interior,1.4,3.4,1.4,0,6.5,44.5
WalkQu00,Quay Walker,GB,CHI,2025,14,0.0,0.0,LB,1.0,edge,0.3,0.8,1.4,0,6.5,44.5
AlShAz00,Azeez Al-Shaair,HOU,KC,2025,14,0.0,0.0,LB,1.0,edge,0.0,0.2,3.2,0,-4.5,41.5
AndeWi01,Will Anderson,HOU,KC,2025,14,0.0,3.0,DE,0.72,edge,1.1,2.2,3.2,0,-4.5,41.5
HuntDa01,Danielle Hunter,HOU,KC,2025,14,0.0,1.0,DE,0.75,edge,1.4,2.8,3.2,0,-4.5,41.5
RankSh00,Sheldon Rankins,HOU,KC,2025,14,0.5,2.0,DT,0.67,interior,0.4,1.8,3.2,0,-4.5,41.5
TogiTo00,Tommy Togiai,HOU,KC,2025,14,1.0,2.0,DT,0.64,interior,0.25,0.5,3.2,0,-4.5,41.5
TooTHe00,Henry To'oTo'o,HOU,KC,2025,14,0.0,0.0,LB,1.0,edge,0.2,0.4,3.2,0,-4.5,41.5
FranZa00,Zaire Franklin,IND,JAX,2025,14,0.0,1.0,LB,1.0,edge,0.2,0.8,2.4,0,2.5,44.5
PratGe00,Germaine Pratt,IND,JAX,2025,14,0.0,0.0,LB,0.92,edge,0.0,0.0,2.4,0,2.5,44.5
AlleJo03,Josh Hines-Allen,JAX,IND,2025,14,1.0,3.0,DE,0.67,edge,1.1,3.0,3.2,0,-2.5,44.5
LloyDe00,Devin Lloyd,JAX,IND,2025,14,0.0,2.0,LB,0.74,edge,0.3,1.6,3.2,0,-2.5,44.5
OluoFo00,Foyesade Oluokun,JAX,IND,2025,14,0.0,0.0,LB,0.81,edge,0.0,0.0,3.2,0,-2.5,44.5
BoltNi00,Nick Bolton,KC,HOU,2025,14,0.0,2.0,LB,1.0,edge,0.0,0.8,2.4,0,4.5,41.5
JoneCh09,Chris Jones,KC,HOU,2025,14,1.0,8.0,DT,0.8,interior,0.4,1.8,2.4,0,4.5,41.5
KarlGe00,George Karlaftis III,KC,HOU,2025,14,1.0,3.0,DE,0.8,edge,0.3,2.0,2.4,0,4.5,41.5
TranDr00,Drue Tranquill,KC,HOU,2025,14,0.0,2.0,LB,0.89,edge,0.0,0.2,2.4,0,4.5,41.5
LandNa01,Nathan Landman,LA,ARI,2025,14,0.0,0.0,LB,0.63,edge,0.0,0.4,3.6,1,9.5,49.5
HenlDa00,Daiyan Henley,LAC,PHI,2025,14,0.0,1.0,LB,0.99,edge,0.3,0.6,1.8,1,-1.5,41.5
MackKh00,Khalil Mack,LAC,PHI,2025,14,0.0,4.0,LB,0.79,edge,0.8,2.4,1.8,1,-1.5,41.5
PerrDe00,Denzel Perryman,LAC,PHI,2025,14,0.0,1.0,LB,0.63,edge,0.0,0.0,1.8,1,-1.5,41.5
TartTe00,Teair Tart,LAC,PHI,2025,14,0.0,0.0,DL,0.62,interior,0.0,1.0,1.8,1,-1.5,41.5
TuipTu00,Tuli Tuipulotu,LAC,PHI,2025,14,0.0,1.0,LB,0.73,edge,1.0,1.0,1.8,1,-1.5,41.5
BookTh00,Thomas Booker,LV,DEN,2025,14,0.0,1.0,DT,0.64,interior,0.0,0.0,1.2,1,-8.5,40.5
CrosMa00,Maxx Crosby,LV,DEN,2025,14,1.0,1.0,DE,1.0,edge,0.8,2.4,1.2,1,-8.5,40.5
RobeEl00,Elandon Roberts,LV,DEN,2025,14,0.0,0.0,LB,0.64,edge,0.0,0.2,1.2,1,-8.5,40.5
SnowCh00,Charles Snowden,LV,DEN,2025,14,0.0,0.0,DE,0.61,edge,0.0,0.0,1.2,1,-8.5,40.5
WhitDe02,Devin White,LV,DEN,2025,14,0.0,0.0,LB,1.0,edge,0.0,0.4,1.2,1,-8.5,40.5
BrooJo01,Jordyn Brooks,MIA,NYJ,2025,14,0.0,0.0,LB,0.74,edge,0.2,0.4,2.0,0,2.5,41.5
ChubBr00,Bradley Chubb,MIA,NYJ,2025,14,0.5,3.0,LB,0.64,edge,0.4,1.6,2.0,0,2.5,41.5
DodsTy01,Tyrel Dodson,MIA,NYJ,2025,14,0.0,0.0,LB,0.67,edge,0.2,0.6,2.0,0,2.5,41.5
SielZa00,Zach Sieler,MIA,NYJ,2025,14,2.5,4.0,DT,0.66,interior,0.2,1.0,2.0,0,2.5,41.5
AlleJo01,Jonathan Allen,MIN,WAS,2025,14,0.0,2.0,DL,0.75,interior,0.4,1.2,2.2,1,-1.5,43.5
CashBl00,Blake Cashman,MIN,WAS,2025,14,0.0,1.0,LB,1.0,edge,0.0,0.2,2.2,1,-1.5,43.5
RedmJa01,Jalen Redmond,MIN,WAS,2025,14,1.0,1.0,DL,0.79,interior,0.6,1.2,2.2,1,-1.5,43.5
VanGAn00,Andrew Van Ginkel,MIN,WAS,2025,14,0.0,0.0,LB,0.65,edge,0.4,0.8,2.2,1,-1.5,43.5
WilsEr00,Eric Wilson,MIN,WAS,2025,14,1.0,2.0,LB,1.0,edge,0.6,1.4,2.2,1,-1.5,43.5
BresBr00,Bryan Bresee,NO,TB,2025,14,0.0,0.0,DT,0.68,interior,0.3,1.0,2.4,0,-7.5,41.5
DaviDe00,Demario Davis,NO,TB,2025,14,0.0,0.0,LB,1.0,edge,0.0,0.0,2.4,0,-7.5,41.5
ShepNa00,Nathan Shepherd,NO,TB,2025,14,0.0,2.0,DT,0.65,interior,0.4,1.0,2.4,0,-7.5,41.5
YounCh04,Chase Young,NO,TB,2025,14,0.0,1.0,DE,0.8,edge,0.9,2.2,2.4,0,-7.5,41.5
BrigJo00,Jowon Briggs,NYJ,MIA,2025,14,0.0,1.0,DL,0.74,interior,0.3333333333333333,1.0,2.0,0,-2.5,41.5
JohnJe07,Jermaine Johnson II,NYJ,MIA,2025,14,0.0,0.0,LB,0.83,edge,0.4,2.2,2.0,0,-2.5,41.5
McDoWi00,Will McDonald,NYJ,MIA,2025,14,0.0,0.0,DE,0.69,edge,1.0,2.0,2.0,0,-2.5,41.5
SherJa00,Jamien Sherwood,NYJ,MIA,2025,14,0.0,0.0,LB,1.0,edge,0.0,0.6,2.0,0,-2.5,41.5
WillQu01,Quincy Williams,NYJ,MIA,2025,14,1.0,1.0,LB,1.0,edge,0.2,0.2,2.0,0,-2.5,41.5
BaunZa00,Zack Baun,PHI,LAC,2025,14,0.5,1.0,LB,1.0,edge,0.2,0.2,3.8,1,1.5,41.5
DaviJo03,Jordan Davis,PHI,LAC,2025,14,1.5,3.0,DT,0.61,interior,0.5,1.0,3.8,1,1.5,41.5
DeanNa00,Nakobe Dean,PHI,LAC,2025,14,1.0,4.0,LB,0.88,edge,0.6,1.0,3.8,1,1.5,41.5
OjomMo00,Moro Ojomo,PHI,LAC,2025,14,0.0,4.0,DT,0.77,interior,0.4,2.2,3.8,1,1.5,41.5
PhilJa02,Jaelan Phillips,PHI,LAC,2025,14,0.0,3.0,LB,0.8,edge,0.4,3.2,3.8,1,1.5,41.5
BlacYa00,Yahya Black,PIT,BAL,2025,14,0.0,0.0,DE,0.8,edge,,,2.2,0,-5.5,43.5
HeywCa01,Cameron Heyward,PIT,BAL,2025,14,0.0,1.0,DT,0.79,interior,0.3,0.8,2.2,0,-5.5,43.5
HighAl02,Alex Highsmith,PIT,BAL,2025,14,1.0,2.0,LB,0.78,edge,0.8,1.2,2.2,0,-5.5,43.5
QueePa00,Patrick Queen,PIT,BAL,2025,14,0.0,1.0,LB,0.92,edge,0.0,0.4,2.2,0,-5.5,43.5
WattT.00,T.J. Watt,PIT,BAL,2025,14,0.0,0.0,LB,0.88,edge,0.6,2.0,2.2,0,-5.5,43.5
JoneEr01,Ernest Jones,SEA,ATL,2025,14,0.0,0.0,LB,0.8,edge,0.0,0.2,1.8,1,7.0,44.5
MurpBy01,Byron Murphy,SEA,ATL,2025,14,0.0,1.0,DT,0.72,interior,0.5,1.0,1.8,1,7.0,44.5
ThomDr00,Drake Thomas,SEA,ATL,2025,14,0.0,0.0,LB,0.72,edge,0.3,0.8,1.8,1,7.0,44.5
DaviLa00,Lavonte David,TB,NO,2025,14,0.0,0.0,LB,1.0,edge,0.0,0.2,3.4,0,7.5,41.5
DennSi00,SirVocea Dennis,TB,NO,2025,14,0.0,0.0,LB,0.71,edge,0.2,0.6,3.4,0,7.5,41.5
DiabYa00,YaYa Diaby,TB,NO,2025,14,0.0,1.0,LB,0.83,edge,0.4,1.8,3.4,0,7.5,41.5
HallLo00,Logan Hall,TB,NO,2025,14,0.0,0.0,DL,0.78,interior,0.6,1.6,3.4,0,7.5,41.5
VeaxVi00,Vita Vea,TB,NO,2025,14,1.0,1.0,NT,0.71,interior,0.5,1.6,3.4,0,7.5,41.5
BartCo00,Cody Barton,TEN,CLE,2025,14,0.0,0.0,LB,1.0,edge,0.2,0.4,2.8,0,-4.5,33.5
GrayCe00,Cedric Gray,TEN,CLE,2025,14,0.0,1.0,LB,1.0,edge,0.2,0.4,2.8,0,-4.5,33.5
KeyxAr00,Arden Key,TEN,CLE,2025,14,0.0,5.0,LB,0.81,edge,0.5,1.6,2.8,0,-4.5,33.5
SimmJe01,Jeffery Simmons,TEN,CLE,2025,14,1.5,8.0,DT,0.87,interior,0.9,2.2,2.8,0,-4.5,33.5
WardJi02,Jihad Ward,TEN,CLE,2025,14,0.0,6.0,LB,0.9,edge,0.7,1.6,2.8,0,-4.5,33.5
LuvuFr00,Frankie Luvu,WAS,MIN,2025,14,0.0,0.0,LB,1.0,edge,0.2,0.6,3.0,1,1.5,43.5
MartJa02,Jacob Martin,WAS,MIN,2025,14,0.0,2.0,DE,0.61,edge,0.7,2.2,3.0,1,1.5,43.5
PaynDa00,Daron Payne,WAS,MIN,2025,14,1.0,1.0,DT,0.64,interior,0.0,0.2,3.0,1,1.5,43.5
WagnBo00,Bobby Wagner,WAS,MIN,2025,14,1.0,2.0,LB,1.0,edge,0.0,0.2,3.0,1,1.5,43.5
DaviAk01,Akeem Davis-Gaither,ARI,HOU,2025,15,0.0,0.0,LB,1.0,edge,0.0,0.2,2.2,1,-10.5,42.5
NoleWa00,Walter Nolen,ARI,HOU,2025,15,1.0,1.0,DL,0.61,interior,,,2.2,1,-10.5,42.5
PappOw00,Owen Pappoe,ARI,HOU,2025,15,0.0,0.0,LB,0.73,edge,0.0,0.0,2.2,1,-10.5,42.5
DeabDi00,Divine Deablo,ATL,TB,2025,15,0.5,1.0,LB,1.0,edge,0.0,0.2,1.8,0,-6.0,43.5
ElliKa00,Kaden Elliss,ATL,TB,2025,15,0.0,0.0,LB,1.0,edge,0.4,1.4,1.8,0,-6.0,43.5
PearJa00,James Pearce,ATL,TB,2025,15,2.0,2.0,DE,0.68,edge,0.0,0.5,1.8,0,-6.0,43.5
WalkJa02,Jalon Walker,ATL,TB,2025,15,0.5,3.0,DE,0.61,edge,1.0,1.3333333333333333,1.8,0,-6.0,43.5
JoneDr00,Dre'Mont Jones,BAL,CIN,2025,15,0.0,5.0,DE,0.67,edge,0.6,2.6,1.4,0,2.5,51.5
JoneTr00,Travis Jones,BAL,CIN,2025,15,1.0,1.0,DL,0.71,interior,0.3,1.2,1.4,0,2.5,51.5
SmitRo07,Roquan Smith,BAL,CIN,2025,15,0.0,0.0,LB,1.0,edge,0.0,0.4,1.4,0,2.5,51.5
BosaJo00,Joey Bosa,BUF,NE,2025,15,0.0,1.0,DE,0.75,edge,0.4,1.8,2.4,0,2.5,49.5
JoneDa04,DaQuan Jones,BUF,NE,2025,15,0.0,1.0,DT,0.67,interior,0.4,1.6,2.4,0,2.5,49.5
MilaMa00,Matt Milano,BUF,NE,2025,15,2.0,2.0,LB,0.87,edge,0.2,0.2,2.4,0,2.5,49.5
RousGr00,Gregory Rousseau,BUF,NE,2025,15,1.0,2.0,DE,0.77,edge,0.1,1.4,2.4,0,2.5,49.5
ThomSh01,Shaq Thompson,BUF,NE,2025,15,0.0,0.0,LB,0.98,edge,0.2,0.6,2.4,0,2.5,49.5
RobiAS00,A'Shawn Robinson,CAR,NO,2025,15,0.0,1.0,DT,0.81,interior,0.8,1.2,3.0,1,2.5,41.5
RozeCh00,Christian Rozeboom,CAR,NO,2025,15,1.0,2.0,LB,0.71,edge,0.0,0.2,3.0,1,2.5,41.5
ScouNi00,Nic Scourton,CAR,NO,2025,15,0.5,1.0,LB,0.62,edge,0.3,1.4,3.0,1,2.5,41.5
WallTr00,Trevin Wallace,CAR,NO,2025,15,0.0,0.0,LB,1.0,edge,0.4,1.0,3.0,1,2.5,41.5
WonnDJ00,D.J. Wonnum,CAR,NO,2025,15,2.0,2.0,LB,0.65,edge,0.0,0.4,3.0,1,2.5,41.5
BookAu00,Austin Booker,CHI,CLE,2025,15,2.0,5.0,DL,0.82,interior,0.0,2.0,3.0,0,7.5,38.5
DextGe00,Gervon Dexter,CHI,CLE,2025,15,1.0,5.0,DL,0.6,interior,0.7,0.8,3.0,0,7.5,38.5
EdwaTJ02,T.J. Edwards,CHI,CLE,2025,15,0.0,2.0,LB,1.0,edge,0.0,0.0,3.0,0,7.5,38.5
JackDM00,D'Marco Jackson,CHI,CLE,2025,15,1.0,1.0,LB,0.67,edge,0.0,0.0,3.0,0,7.5,38.5
JarrGr00,Grady Jarrett,CHI,CLE,2025,15,1.0,3.0,DL,0.72,interior,0.0,0.6,3.0,0,7.5,38.5
SweaMo00,Montez Sweat,CHI,CLE,2025,15,0.0,3.0,DL,0.79,interior,1.1,1.8,3.0,0,7.5,38.5
CartBa00,Barrett Carter,CIN,BAL,2025,15,0.0,0.0,LB,1.0,edge,0.0,0.2,2.2,0,-2.5,51.5
KnigDe00,Demetrius Knight,CIN,BAL,2025,15,2.0,3.0,LB,0.73,edge,0.0,0.2,2.2,0,-2.5,51.5
MurpMy00,Myles Murphy,CIN,BAL,2025,15,2.0,3.0,DE,0.93,edge,0.2,1.4,2.2,0,-2.5,51.5
OssaJo00,Joseph Ossai,CIN,BAL,2025,15,0.0,0.0,DE,0.63,edge,0.6,1.8,2.2,0,-2.5,51.5
BushDe01,Devin Bush Jr.,CLE,CHI,2025,15,0.0,0.0,LB,0.86,edge,0.2,0.6,1.2,0,-7.5,38.5
GarrMy00,Myles Garrett,CLE,CHI,2025,15,1.5,5.0,DE,0.8,edge,2.0,4.2,1.2,0,-7.5,38.5
SchwCa00,Carson Schwesinger,CLE,CHI,2025,15,0.0,0.0,LB,1.0,edge,0.1,0.8,1.2,0,-7.5,38.5
WrigAl01,Alex Wright,CLE,CHI,2025,15,1.0,1.0,DE,0.7,edge,0.6,1.6,1.2,0,-7.5,38.5
ClarKe01,Kenny Clark,DAL,MIN,2025,15,0.0,1.0,DT,0.78,interior,0.3,0.8,2.8,1,5.5,47.5
OverDe00,DeMarvion Overshown,DAL,MIN,2025,15,0.0,0.0,LB,0.93,edge,0.6,1.4,2.8,1,5.5,47.5
AlleZa01,Zach Allen,DEN,GB,2025,15,0.5,7.0,DL,0.76,interior,0.3,2.8,1.6,0,-1.5,42.5
BoniNi00,Nik Bonitto,DEN,GB,2025,15,0.0,3.0,LB,0.68,edge,1.1,2.6,1.6,0,-1.5,42.5
CoopJo02,Jonathon Cooper,DEN,GB,2025,15,0.5,5.0,LB,0.68,edge,0.5,1.0,1.6,0,-1.5,42.5
GreeDr00,Dre Greenlaw,DEN,GB,2025,15,0.0,0.0,LB,0.77,edge,0.0,0.2,1.6,0,-1.5,42.5
SingAl00,Alex Singleton,DEN,GB,2025,15,0.0,1.0,LB,0.98,edge,0.0,0.2,1.6,0,-1.5,42.5
AnzaAl00,Alex Anzalone,DET,LA,2025,15,0.0,0.0,LB,0.94,edge,0.0,0.8,0.8,1,-5.5,54.5
BarnDe02,Derrick Barnes,DET,LA,2025,15,0.0,0.0,LB,0.69,edge,0.2,0.2,0.8,1,-5.5,54.5
CampJa04,Jack Campbell,DET,LA,2025,15,0.0,1.0,LB,1.0,edge,0.4,0.8,0.8,1,-5.5,54.5
DaveMa00,Marcus Davenport,DET,LA,2025,15,0.0,1.0,DE,0.78,edge,0.5,3.0,0.8,1,-5.5,54.5
HutcAi00,Aidan Hutchinson,DET,LA,2025,15,1.0,3.0,DE,0.79,edge,0.5,2.8,0.8,1,-5.5,54.5
CoopEd00,Edgerrin Cooper,GB,DEN,2025,15,0.0,1.0,LB,1.0,edge,0.0,0.4,1.8,0,1.5,42.5
GaryRa00,Rashan Gary,GB,DEN,2025,15,0.0,4.0,DL,0.6,interior,0.6,2.4,1.8,0,1.5,42.5
WalkQu00,Quay Walker,GB,DEN,2025,15,0.0,0.0,LB,0.94,edge,0.3,0.8,1.8,0,1.5,42.5
WoodCo01,Colby Wooden,GB,DEN,2025,15,0.0,0.0,DL,0.66,interior,0.0,0.5,1.8,0,1.5,42.5
AlShAz00,Azeez Al-Shaair,HOU,ARI,2025,15,0.0,0.0,LB,1.0,edge,0.0,0.2,3.2,1,10.5,42.5
AndeWi01,Will Anderson,HOU,ARI,2025,15,0.0,3.0,DE,0.67,edge,0.9,2.4,3.2,1,10.5,42.5
HuntDa01,Danielle Hunter,HOU,ARI,2025,15,1.0,1.0,DE,0.71,edge,1.4,2.8,3.2,1,10.5,42.5
RankSh00,Sheldon Rankins,HOU,ARI,2025,15,0.0,0.0,DT,0.62,interior,0.5,1.8,3.2,1,10.5,42.5
TooTHe00,Henry To'oTo'o,HOU,ARI,2025,15,0.0,0.0,LB,1.0,edge,0.2,0.4,3.2,1,10.5,42.5
FranZa00,Zaire Franklin,IND,SEA,2025,15,0.0,0.0,LB,1.0,edge,0.2,0.8,1.6,0,-13.5,41.5
LatuLa00,Laiatu Latu,IND,SEA,2025,15,1.0,2.0,DE,0.72,edge,0.9,3.0,1.6,0,-13.5,41.5
PayeKw00,Kwity Paye,IND,SEA,2025,15,0.0,1.0,DE,0.6,edge,0.1,1.8,1.6,0,-13.5,41.5
PratGe00,Germaine Pratt,IND,SEA,2025,15,0.0,0.0,LB,0.9,edge,0.0,0.0,1.6,0,-13.5,41.5
AlleJo03,Josh Hines-Allen,JAX,NYJ,2025,15,0.0,2.0,DE,0.74,edge,1.0,2.8,3.2,0,13.5,40.5
OluoFo00,Foyesade Oluokun,JAX,NYJ,2025,15,0.0,0.0,LB,0.76,edge,0.0,0.0,3.2,0,13.5,40.5
BoltNi00,Nick Bolton,KC,LAC,2025,15,0.0,1.0,LB,0.91,edge,0.0,1.2,4.8,0,5.5,41.5
JoneCh09,Chris Jones,KC,LAC,2025,15,0.0,2.0,DT,0.64,interior,0.6,3.2,4.8,0,5.5,41.5
KarlGe00,George Karlaftis III,KC,LAC,2025,15,0.0,2.0,DE,0.79,edge,0.5,2.4,4.8,0,5.5,41.5
TranDr00,Drue Tranquill,KC,LAC,2025,15,0.0,0.0,LB,0.94,edge,0.0,0.6,4.8,0,5.5,41.5
LandNa01,Nathan Landman,LA,DET,2025,15,0.0,1.0,LB,1.0,edge,0.0,0.0,1.8,1,5.5,54.5
TurnKo00,Kobie Turner,LA,DET,2025,15,1.0,3.0,DE,0.77,edge,0.1,1.2,1.8,1,5.5,54.5
VersJa00,Jared Verse,LA,DET,2025,15,0.0,1.0,LB,0.73,edge,0.4,1.2,1.8,1,5.5,54.5
YounBy01,Byron Young,LA,DET,2025,15,0.0,3.0,LB,0.81,edge,0.2,1.8,1.8,1,5.5,54.5
HenlDa00,Daiyan Henley,LAC,KC,2025,15,0.0,0.0,LB,0.98,edge,0.3,0.6,3.0,0,-5.5,41.5
MackKh00,Khalil Mack,LAC,KC,2025,15,1.0,4.0,LB,0.82,edge,0.7,2.2,3.0,0,-5.5,41.5
TuipTu00,Tuli Tuipulotu,LAC,KC,2025,15,2.0,5.0,LB,0.8,edge,0.8,1.0,3.0,0,-5.5,41.5
ButlAd00,Adam Butler,LV,PHI,2025,15,0.0,0.0,DT,0.7,interior,0.2,0.8,1.4,0,-12.5,37.5
CrosMa00,Maxx Crosby,LV,PHI,2025,15,1.0,1.0,DE,1.0,edge,0.8,2.2,1.4,0,-12.5,37.5
RobeEl00,Elandon Roberts,LV,PHI,2025,15,0.0,0.0,LB,0.72,edge,0.0,0.2,1.4,0,-12.5,37.5
SnowCh00,Charles Snowden,LV,PHI,2025,15,0.0,0.0,DE,0.68,edge,0.0,0.0,1.4,0,-12.5,37.5
WhitDe02,Devin White,LV,PHI,2025,15,0.0,0.0,LB,1.0,edge,0.0,0.4,1.4,0,-12.5,37.5
BrooJo01,Jordyn Brooks,MIA,PIT,2025,15,1.0,1.0,LB,0.94,edge,0.0,0.2,1.4,0,-3.0,42.5
ChubBr00,Bradley Chubb,MIA,PIT,2025,15,0.0,0.0,LB,0.85,edge,0.5,2.2,1.4,0,-3.0,42.5
DodsTy01,Tyrel Dodson,MIA,PIT,2025,15,0.0,0.0,LB,1.0,edge,0.2,0.6,1.4,0,-3.0,42.5
RobiCh00,Chop Robinson,MIA,PIT,2025,15,0.0,0.0,LB,0.62,edge,0.5,1.6,1.4,0,-3.0,42.5
SielZa00,Zach Sieler,MIA,PIT,2025,15,1.0,1.0,DT,0.71,interior,0.7,1.6,1.4,0,-3.0,42.5
CashBl00,Blake Cashman,MIN,DAL,2025,15,0.0,0.0,LB,1.0,edge,0.0,0.2,2.8,1,-5.5,47.5
GreeJo04,Jonathan Greenard,MIN,DAL,2025,15,1.0,3.0,LB,0.63,edge,0.2,2.0,2.8,1,-5.5,47.5
VanGAn00,Andrew Van Ginkel,MIN,DAL,2025,15,0.5,4.0,LB,0.86,edge,0.4,0.6,2.8,1,-5.5,47.5
WilsEr00,Eric Wilson,MIN,DAL,2025,15,0.0,1.0,LB,0.97,edge,0.4,1.4,2.8,1,-5.5,47.5
BarmCh00,Christian Barmore,NE,BUF,2025,15,0.0,1.0,DT,0.73,interior,0.2,1.2,2.8,0,-2.5,49.5
ElliCh00,Christian Elliss,NE,BUF,2025,15,0.0,1.0,LB,0.86,edge,0.0,0.0,2.8,0,-2.5,49.5
GibbJa00,Jack Gibbens,NE,BUF,2025,15,1.0,1.0,LB,1.0,edge,0.1,0.2,2.8,0,-2.5,49.5
LandHa00,Harold Landry,NE,BUF,2025,15,1.0,1.0,LB,0.74,edge,0.4,1.2,2.8,0,-2.5,49.5
DaviDe00,Demario Davis,NO,CAR,2025,15,0.0,0.0,LB,1.0,edge,0.0,0.0,2.2,1,-2.5,41.5
ShepNa00,Nathan Shepherd,NO,CAR,2025,15,0.0,2.0,DT,0.65,interior,0.4,1.2,2.2,1,-2.5,41.5
WernPe00,Pete Werner,NO,CAR,2025,15,0.0,0.0,LB,0.63,edge,0.2,0.4,2.2,1,-2.5,41.5
YounCh04,Chase Young,NO,CAR,2025,15,1.0,3.0,DE,0.74,edge,0.6,2.0,2.2,1,-2.5,41.5
BurnBr00,Brian Burns,NYG,WAS,2025,15,0.0,3.0,LB,0.77,edge,0.6,2.2,2.2,0,2.5,46.5
CartAb00,Abdul Carter,NYG,WAS,2025,15,1.0,1.0,LB,0.8,edge,0.2,1.6,2.2,0,2.5,46.5
MuasDa00,Darius Muasau,NYG,WAS,2025,15,0.0,0.0,LB,0.8,edge,0.2,0.4,2.2,0,2.5,46.5
OkerBo00,Bobby Okereke,NYG,WAS,2025,15,0.0,1.0,LB,1.0,edge,0.2,0.2,2.2,0,2.5,46.5
BrigJo00,Jowon Briggs,NYJ,JAX,2025,15,0.0,2.0,DL,0.73,interior,0.25,1.0,2.2,0,-13.5,40.5
McDoWi00,Will McDonald,NYJ,JAX,2025,15,0.0,1.0,DE,0.85,edge,0.8,1.8,2.2,0,-13.5,40.5
PhilHa00,Harrison Phillips,NYJ,JAX,2025,15,0.0,1.0,DL,0.61,interior,0.1,0.4,2.2,0,-13.5,40.5
SherJa00,Jamien Sherwood,NYJ,JAX,2025,15,0.0,0.0,LB,1.0,edge,0.0,0.6,2.2,0,-13.5,40.5
WillQu01,Quincy Williams,NYJ,JAX,2025,15,0.0,0.0,LB,1.0,edge,0.4,0.4,2.2,0,-13.5,40.5
BaunZa00,Zack Baun,PHI,LV,2025,15,0.0,0.0,LB,0.93,edge,0.3,0.4,5.8,0,12.5,37.5
DaviJo03,Jordan Davis,PHI,LV,2025,15,0.0,0.0,DT,0.67,interior,0.7,1.4,5.8,0,12.5,37.5
DeanNa00,Nakobe Dean,PHI,LV,2025,15,0.0,0.0,LB,0.79,edge,0.8,1.8,5.8,0,12.5,37.5
HuntJa02,Jalyx Hunt,PHI,LV,2025,15,0.0,2.0,LB,0.6,edge,0.4,2.0,5.8,0,12.5,37.5
OjomMo00,Moro Ojomo,PHI,LV,2025,15,1.0,2.0,DT,0.79,interior,0.4,2.6,5.8,0,12.5,37.5
PhilJa02,Jaelan Phillips,PHI,LV,2025,15,0.0,2.0,LB,0.71,edge,0.4,3.2,5.8,0,12.5,37.5
SmitNo02,Nolan Smith,PHI,LV,2025,15,1.0,1.0,LB,0.62,edge,0.4,1.0,5.8,0,12.5,37.5
BlacYa00,Yahya Black,PIT,MIA,2025,15,0.0,1.0,DE,0.68,edge,0.0,0.0,2.0,0,3.0,42.5
HeywCa01,Cameron Heyward,PIT,MIA,2025,15,1.0,2.0,DT,0.74,interior,0.1,0.8,2.0,0,3.0,42.5
HighAl02,Alex Highsmith,PIT,MIA,2025,15,0.0,2.0,LB,0.88,edge,1.0,1.6,2.0,0,3.0,42.5
QueePa00,Patrick Queen,PIT,MIA,2025,15,0.0,0.0,LB,1.0,edge,0.0,0.4,2.0,0,3.0,42.5
JoneEr01,Ernest Jones,SEA,IND,2025,15,0.0,0.0,LB,1.0,edge,0.0,0.2,2.8,0,13.5,41.5
LawrDe00,DeMarcus Lawrence,SEA,IND,2025,15,0.0,0.0,LB,0.72,edge,0.6,4.6,2.8,0,13.5,41.5
WillLe02,Leonard Williams,SEA,IND,2025,15,0.0,2.0,DT,0.68,interior,0.5,3.2,2.8,0,13.5,41.5
CollAl01,Alfred Collins,SF,TEN,2025,15,0.0,1.0,DL,0.6,interior,0.0,0.6666666666666666,3.0,0,12.5,44.5
FerrCl00,Clelin Ferrell,SF,TEN,2025,15,0.0,3.0,DL,0.74,interior,0.8,1.6,3.0,0,12.5,44.5
RobiCu00,Curtis Robinson,SF,TEN,2025,15,0.0,0.0,LB,1.0,edge,0.0,0.0,3.0,0,12.5,44.5
WhitKe03,Keion White,SF,TEN,2025,15,0.0,2.0,DL,0.72,interior,0.0,1.0,3.0,0,12.5,44.5
WintDe00,Dee Winters,SF,TEN,2025,15,0.0,0.0,LB,1.0,edge,0.0,0.6,3.0,0,12.5,44.5
DaviLa00,Lavonte David,TB,ATL,2025,15,0.0,1.0,LB,1.0,edge,0.0,0.2,1.8,0,6.0,43.5
DiabYa00,YaYa Diaby,TB,ATL,2025,15,0.0,2.0,LB,0.77,edge,0.4,1.8,1.8,0,6.0,43.5
JoneDe01,Deion Jones,TB,ATL,2025,15,0.0,0.0,LB,0.63,edge,0.2,0.2,1.8,0,6.0,43.5
ReddHa00,Haason Reddick,TB,ATL,2025,15,1.0,1.0,LB,0.72,edge,0.1,0.8,1.8,0,6.0,43.5
VeaxVi00,Vita Vea,TB,ATL,2025,15,0.0,1.0,NT,0.75,interior,0.3,1.4,1.8,0,6.0,43.5
BartCo00,Cody Barton,TEN,SF,2025,15,0.0,0.0,LB,1.0,edge,0.2,0.4,0.8,0,-12.5,44.5
GrayCe00,Cedric Gray,TEN,SF,2025,15,0.0,1.0,LB,0.86,edge,0.2,0.4,0.8,0,-12.5,44.5
KeyxAr00,Arden Key,TEN,SF,2025,15,0.0,2.0,LB,0.69,edge,0.5,2.2,0.8,0,-12.5,44.5
SimmJe01,Jeffery Simmons,TEN,SF,2025,15,1.0,2.0,DT,0.91,interior,0.9,3.2,0.8,0,-12.5,44.5
SweaTV01,T'Vondre Sweat,TEN,SF,2025,15,0.0,1.0,NT,0.72,interior,0.2,0.8,0.8,0,-12.5,44.5
WardJi02,Jihad Ward,TEN,SF,2025,15,0.0,0.0,LB,0.76,edge,0.7,2.8,0.8,0,-12.5,44.5
KinlJa00,Javon Kinlaw,WAS,NYG,2025,15,0.0,0.0,DT,0.69,interior,0.2,0.4,2.2,0,-2.5,46.5
LuvuFr00,Frankie Luvu,WAS,NYG,2025,15,0.0,1.0,LB,1.0,edge,0.2,0.4,2.2,0,-2.5,46.5
MartJa02,Jacob Martin,WAS,NYG,2025,15,0.0,3.0,DE,0.75,edge,0.6,1.8,2.2,0,-2.5,46.5
WagnBo00,Bobby Wagner,WAS,NYG,2025,15,0.0,0.0,LB,1.0,edge,0.2,0.6,2.2,0,-2.5,46.5
DaviAk01,Akeem Davis-Gaither,ARI,ATL,2025,16,0.0,0.0,LB,0.88,edge,0.0,0.2,1.4,1,-2.5,48.5
SimoCo01,Cody Simon,ARI,ATL,2025,16,0.0,0.0,LB,1.0,edge,0.0,0.2,1.4,1,-2.5,48.5
DeabDi00,Divine Deablo,ATL,ARI,2025,16,0.0,0.0,LB,1.0,edge,0.1,0.4,2.6,1,2.5,48.5
ElliKa00,Kaden Elliss,ATL,ARI,2025,16,0.0,0.0,LB,1.0,edge,0.2,0.8,2.6,1,2.5,48.5
PearJa00,James Pearce,ATL,ARI,2025,16,0.5,1.0,DE,0.6,edge,0.6666666666666666,1.0,2.6,1,2.5,48.5
JoneDr00,Dre'Mont Jones,BAL,NE,2025,16,1.0,3.0,DE,0.61,edge,0.3,2.8,1.8,0,3.5,48.5
JoneTr00,Travis Jones,BAL,NE,2025,16,0.0,1.0,DL,0.77,interior,0.5,1.4,1.8,0,3.5,48.5
RobiTa00,Tavius Robinson,BAL,NE,2025,16,0.0,2.0,LB,0.72,edge,0.4,1.0,1.8,0,3.5,48.5
SimpTr00,Trenton Simpson,BAL,NE,2025,16,1.0,1.0,LB,0.72,edge,0.5,0.6,1.8,0,3.5,48.5
SmitRo07,Roquan Smith,BAL,NE,2025,16,0.0,1.0,LB,1.0,edge,0.0,0.4,1.8,0,3.5,48.5
BernTe00,Terrel Bernard,BUF,CLE,2025,16,0.0,0.0,LB,0.91,edge,0.0,0.2,2.8,0,10.5,41.5
BosaJo00,Joey Bosa,BUF,CLE,2025,16,0.0,0.0,DE,0.61,edge,0.2,1.8,2.8,0,10.5,41.5
JoneDa04,DaQuan Jones,BUF,CLE,2025,16,0.0,0.0,DT,0.61,interior,0.2,1.6,2.8,0,10.5,41.5
MilaMa00,Matt Milano,BUF,CLE,2025,16,0.0,2.0,LB,0.92,edge,0.4,0.4,2.8,0,10.5,41.5
RousGr00,Gregory Rousseau,BUF,CLE,2025,16,2.5,7.0,DE,0.67,edge,0.3,1.8,2.8,0,10.5,41.5
BrowDe05,Derrick Brown,CAR,TB,2025,16,1.0,1.0,DT,0.84,interior,0.2,0.8,2.4,0,-3.0,44.5
CherCl00,Claudin Cherelus,CAR,TB,2025,16,0.0,0.0,LB,0.72,edge,0.0,0.25,2.4,0,-3.0,44.5
RobiAS00,A'Shawn Robinson,CAR,TB,2025,16,0.0,1.0,DT,0.67,interior,0.5,1.0,2.4,0,-3.0,44.5
RozeCh00,Christian Rozeboom,CAR,TB,2025,16,1.0,1.0,LB,1.0,edge,0.2,0.6,2.4,0,-3.0,44.5
ScouNi00,Nic Scourton,CAR,TB,2025,16,0.0,1.0,LB,0.84,edge,0.3,1.4,2.4,0,-3.0,44.5
BookAu00,Austin Booker,CHI,GB,2025,16,0.5,1.0,DL,0.82,interior,0.6666666666666666,3.0,2.0,0,1.5,45.5
DextGe00,Gervon Dexter,CHI,GB,2025,16,0.0,2.0,DL,0.68,interior,0.7,1.6,2.0,0,1.5,45.5
EdmuTr01,Tremaine Edmunds,CHI,GB,2025,16,0.0,0.0,LB,0.93,edge,0.2,0.6,2.0,0,1.5,45.5
EdwaTJ02,T.J. Edwards,CHI,GB,2025,16,0.5,1.0,LB,1.0,edge,0.0,0.4,2.0,0,1.5,45.5
JarrGr00,Grady Jarrett,CHI,GB,2025,16,0.0,1.0,DL,0.68,interior,0.2,1.0,2.0,0,1.5,45.5
SweaMo00,Montez Sweat,CHI,GB,2025,16,1.0,1.0,DL,0.68,interior,0.9,2.0,2.0,0,1.5,45.5
CartBa00,Barrett Carter,CIN,MIA,2025,16,0.0,0.0,LB,0.73,edge,0.0,0.2,2.4,0,3.5,48.5
BushDe01,Devin Bush Jr.,CLE,BUF,2025,16,0.0,0.0,LB,0.92,edge,0.2,0.6,2.6,0,-10.5,41.5
GarrMy00,Myles Garrett,CLE,BUF,2025,16,0.5,1.0,DE,0.98,edge,2.1,5.0,2.6,0,-10.5,41.5
SchwCa00,Carson Schwesinger,CLE,BUF,2025,16,1.0,2.0,LB,1.0,edge,0.0,0.4,2.6,0,-10.5,41.5
WrigAl01,Alex Wright,CLE,BUF,2025,16,0.5,2.0,DE,0.68,edge,0.6,1.6,2.6,0,-10.5,41.5
EzeiDo00,Donovan Ezeiruaku,DAL,LAC,2025,16,0.0,3.0,DE,0.61,edge,0.5,1.5,4.4,1,1.5,50.5
JameSh00,Shemar James,DAL,LAC,2025,16,0.0,0.0,LB,0.78,edge,0.2,0.8,4.4,1,1.5,50.5
OdigOs00,Osa Odighizuwa,DAL,LAC,2025,16,0.0,4.0,DT,0.67,interior,0.4,2.8,4.4,1,1.5,50.5
AlleZa01,Zach Allen,DEN,JAX,2025,16,0.0,3.0,DL,0.66,interior,0.3,3.8,1.2,0,3.5,46.5
CoopJo02,Jonathon Cooper,DEN,JAX,2025,16,0.0,2.0,LB,0.6,edge,0.2,1.4,1.2,0,3.5,46.5
GreeDr00,Dre Greenlaw,DEN,JAX,2025,16,0.0,0.0,LB,0.71,edge,0.0,0.0,1.2,0,3.5,46.5
SingAl00,Alex Singleton,DEN,JAX,2025,16,0.0,4.0,LB,1.0,edge,0.0,0.4,1.2,0,3.5,46.5
AnzaAl00,Alex Anzalone,DET,PIT,2025,16,0.0,0.0,LB,0.97,edge,0.0,0.6,1.4,1,7.5,52.5
CampJa04,Jack Campbell,DET,PIT,2025,16,0.0,0.0,LB,1.0,edge,0.2,0.6,1.4,1,7.5,52.5
HutcAi00,Aidan Hutchinson,DET,PIT,2025,16,2.0,2.0,DE,0.82,edge,0.5,2.6,1.4,1,7.5,52.5
CoopEd00,Edgerrin Cooper,GB,CHI,2025,16,0.0,0.0,LB,1.0,edge,0.0,0.4,1.8,0,-1.5,45.5
EnagKi00,Kingsley Enagbare,GB,CHI,2025,16,0.0,1.0,DL,0.67,interior,0.4,1.2,1.8,0,-1.5,45.5
WalkQu00,Quay Walker,GB,CHI,2025,16,0.0,2.0,LB,1.0,edge,0.0,0.2,1.8,0,-1.5,45.5
AndeWi01,Will Anderson,HOU,LV,2025,16,1.0,3.0,DE,0.67,edge,0.7,2.4,5.4,1,14.5,39.5
HuntDa01,Danielle Hunter,HOU,LV,2025,16,1.0,3.0,DE,0.65,edge,1.6,2.4,5.4,1,14.5,39.5
RankSh00,Sheldon Rankins,HOU,LV,2025,16,0.0,1.0,DT,0.65,interior,0.3,1.4,5.4,1,14.5,39.5
SpeeEJ00,E.J. Speed,HOU,LV,2025,16,0.0,0.0,LB,1.0,edge,0.0,0.2,5.4,1,14.5,39.5
TooTHe00,Henry To'oTo'o,HOU,LV,2025,16,0.0,0.0,LB,1.0,edge,0.2,0.4,5.4,1,14.5,39.5
FranZa00,Zaire Franklin,IND,SF,2025,16,0.0,0.0,LB,1.0,edge,0.2,0.8,0.8,1,-4.5,46.5
LatuLa00,Laiatu Latu,IND,SF,2025,16,1.0,2.0,DE,0.61,edge,1.1,2.6,0.8,1,-4.5,46.5
PratGe00,Germaine Pratt,IND,SF,2025,16,0.0,0.0,LB,0.88,edge,0.0,0.0,0.8,1,-4.5,46.5
StewGr00,Grover Stewart,IND,SF,2025,16,0.0,0.0,DT,0.67,interior,0.1,1.4,0.8,1,-4.5,46.5
AlleJo03,Josh Hines-Allen,JAX,DEN,2025,16,0.0,3.0,DE,0.76,edge,1.0,3.0,1.6,0,-3.5,46.5
LloyDe00,Devin Lloyd,JAX,DEN,2025,16,0.0,1.0,LB,0.73,edge,0.3,1.6,1.6,0,-3.5,46.5
OluoFo00,Foyesade Oluokun,JAX,DEN,2025,16,0.0,0.0,LB,1.0,edge,0.0,0.0,1.6,0,-3.5,46.5
WalkTr03,Travon Walker,JAX,DEN,2025,16,0.0,6.0,DE,0.74,edge,0.7,2.2,1.6,0,-3.5,46.5
BoltNi00,Nick Bolton,KC,TEN,2025,16,1.0,1.0,LB,1.0,edge,0.0,1.2,2.2,0,3.5,37.5
GillAs00,Ashton Gillotte,KC,TEN,2025,16,0.0,1.0,DE,0.62,edge,,,2.2,0,3.5,37.5
KarlGe00,George Karlaftis III,KC,TEN,2025,16,0.0,0.0,DE,0.64,edge,0.3,2.4,2.2,0,3.5,37.5
TranDr00,Drue Tranquill,KC,TEN,2025,16,0.0,0.0,LB,0.93,edge,0.0,0.4,2.2,0,3.5,37.5
FordPo00,Poona Ford,LA,SEA,2025,16,1.0,2.0,NT,0.63,interior,0.0,0.8,1.6,0,-1.5,42.5
LandNa01,Nathan Landman,LA,SEA,2025,16,1.0,1.0,LB,0.99,edge,0.0,0.2,1.6,0,-1.5,42.5
SpeiOm00,Omar Speights,LA,SEA,2025,16,0.0,0.0,LB,0.78,edge,0.0,0.0,1.6,0,-1.5,42.5
TurnKo00,Kobie Turner,LA,SEA,2025,16,1.5,3.0,DE,0.84,edge,0.3,1.6,1.6,0,-1.5,42.5
VersJa00,Jared Verse,LA,SEA,2025,16,0.5,5.0,LB,0.85,edge,0.4,1.4,1.6,0,-1.5,42.5
YounBy01,Byron Young,LA,SEA,2025,16,0.0,1.0,LB,0.85,edge,0.2,2.0,1.6,0,-1.5,42.5
HenlDa00,Daiyan Henley,LAC,DAL,2025,16,0.0,0.0,LB,0.97,edge,0.1,0.4,2.8,1,-1.5,50.5
MackKh00,Khalil Mack,LAC,DAL,2025,16,0.0,1.0,LB,0.66,edge,0.9,3.0,2.8,1,-1.5,50.5
OwehJa00,Odafe Oweh,LAC,DAL,2025,16,0.0,2.0,LB,0.67,edge,0.0,1.8,2.8,1,-1.5,50.5
TuipTu00,Tuli Tuipulotu,LAC,DAL,2025,16,1.0,3.0,LB,0.69,edge,1.0,1.8,2.8,1,-1.5,50.5
CrosMa00,Maxx Crosby,LV,HOU,2025,16,0.0,1.0,DE,1.0,edge,1.0,2.4,2.0,1,-14.5,39.5
LaulJo00,Jonah Laulu,LV,HOU,2025,16,0.0,1.0,DT,0.65,interior,0.2,1.0,2.0,1,-14.5,39.5
WhitDe02,Devin White,LV,HOU,2025,16,0.0,0.0,LB,1.0,edge,0.0,0.4,2.0,1,-14.5,39.5
BrooJo01,Jordyn Brooks,MIA,CIN,2025,16,0.0,0.0,LB,0.95,edge,0.2,0.2,1.4,0,-3.5,48.5
ChubBr00,Bradley Chubb,MIA,CIN,2025,16,0.0,0.0,LB,0.7,edge,0.5,2.2,1.4,0,-3.5,48.5
DodsTy01,Tyrel Dodson,MIA,CIN,2025,16,0.0,1.0,LB,0.95,edge,0.2,0.4,1.4,0,-3.5,48.5
RobiCh00,Chop Robinson,MIA,CIN,2025,16,0.5,1.0,LB,0.69,edge,0.5,1.6,1.4,0,-3.5,48.5
SielZa00,Zach Sieler,MIA,CIN,2025,16,1.0,2.0,DT,0.66,interior,0.9,1.4,1.4,0,-3.5,48.5
AlleJo01,Jonathan Allen,MIN,NYG,2025,16,1.0,1.0,DL,0.88,interior,0.2,1.4,2.0,0,2.5,41.5
CashBl00,Blake Cashman,MIN,NYG,2025,16,0.0,0.0,LB,1.0,edge,0.0,0.2,2.0,0,2.5,41.5
RedmJa01,Jalen Redmond,MIN,NYG,2025,16,1.0,1.0,DL,0.98,interior,0.4,1.0,2.0,0,2.5,41.5
TurnDa01,Dallas Turner,MIN,NYG,2025,16,0.0,0.0,LB,0.66,edge,0.7,2.2,2.0,0,2.5,41.5
VanGAn00,Andrew Van Ginkel,MIN,NYG,2025,16,1.0,2.0,LB,0.96,edge,0.5,1.2,2.0,0,2.5,41.5
WilsEr00,Eric Wilson,MIN,NYG,2025,16,1.0,1.0,LB,1.0,edge,0.4,1.4,2.0,0,2.5,41.5
BarmCh00,Christian Barmore,NE,BAL,2025,16,0.0,2.0,DT,0.8,interior,0.2,1.2,2.8,0,-3.5,48.5
ChaiKL00,K'Lavon Chaisson,NE,BAL,2025,16,0.0,0.0,LB,0.78,edge,0.4,1.6,2.8,0,-3.5,48.5
DurdCo00,Cory Durden,NE,BAL,2025,16,0.0,0.0,DL,0.64,interior,,,2.8,0,-3.5,48.5
ElliCh00,Christian Elliss,NE,BAL,2025,16,0.0,0.0,LB,0.67,edge,0.0,0.2,2.8,0,-3.5,48.5
GibbJa00,Jack Gibbens,NE,BAL,2025,16,0.0,1.0,LB,1.0,edge,0.3,0.4,2.8,0,-3.5,48.5
DaviDe00,Demario Davis,NO,NYJ,2025,16,0.0,1.0,LB,0.89,edge,0.0,0.0,3.2,1,6.5,39.5
GranCa01,Carl Granderson,NO,NYJ,2025,16,0.0,0.0,DE,0.61,edge,0.0,0.8,3.2,1,6.5,39.5
ShepNa00,Nathan Shepherd,NO,NYJ,2025,16,1.0,2.0,DT,0.65,interior,0.4,1.4,3.2,1,6.5,39.5
YounCh04,Chase Young,NO,NYJ,2025,16,1.0,1.0,DE,0.65,edge,0.6,2.2,3.2,1,6.5,39.5
BurnBr00,Brian Burns,NYG,MIN,2025,16,2.0,2.0,LB,0.72,edge,0.4,2.6,2.6,0,-2.5,41.5
CartAb00,Abdul Carter,NYG,MIN,2025,16,1.0,4.0,LB,0.9,edge,0.4,1.6,2.6,0,-2.5,41.5
LawrDe03,Dexter Lawrence,NYG,MIN,2025,16,0.0,1.0,DL,0.85,interior,0.1,1.2,2.6,0,-2.5,41.5
OkerBo00,Bobby Okereke,NYG,MIN,2025,16,0.0,0.0,LB,1.0,edge,0.0,0.2,2.6,0,-2.5,41.5
RobeRo00,Roy Robertson-Harris,NYG,MIN,2025,16,0.0,1.0,DT,0.62,interior,0.0,1.4,2.6,0,-2.5,41.5
BrigJo00,Jowon Briggs,NYJ,NO,2025,16,1.0,1.0,DL,0.69,interior,0.2,1.2,3.8,1,-6.5,39.5
JohnJe07,Jermaine Johnson II,NYJ,NO,2025,16,0.0,1.0,LB,0.79,edge,0.4,2.0,3.8,1,-6.5,39.5
McDoWi00,Will McDonald,NYJ,NO,2025,16,1.0,2.0,DE,0.73,edge,0.0,1.0,3.8,1,-6.5,39.5
SherJa00,Jamien Sherwood,NYJ,NO,2025,16,1.0,1.0,LB,1.0,edge,0.0,0.6,3.8,1,-6.5,39.5
WillQu01,Quincy Williams,NYJ,NO,2025,16,0.0,0.0,LB,1.0,edge,0.2,0.2,3.8,1,-6.5,39.5
BaunZa00,Zack Baun,PHI,WAS,2025,16,0.0,0.0,LB,0.91,edge,0.1,0.2,1.8,0,7.0,43.5
DaviJo03,Jordan Davis,PHI,WAS,2025,16,0.0,0.0,DT,0.61,interior,0.7,1.2,1.8,0,7.0,43.5
PhilJa02,Jaelan Phillips,PHI,WAS,2025,16,0.0,0.0,LB,0.7,edge,0.2,3.0,1.8,0,7.0,43.5
SmitNo02,Nolan Smith,PHI,WAS,2025,16,0.0,2.0,LB,0.74,edge,0.4,0.8,1.8,0,7.0,43.5
HeywCa01,Cameron Heyward,PIT,DET,2025,16,1.0,3.0,DT,0.61,interior,0.3,1.0,2.0,1,-7.5,52.5
HighAl02,Alex Highsmith,PIT,DET,2025,16,0.0,2.0,LB,0.91,edge,1.0,1.8,2.0,1,-7.5,52.5
QueePa00,Patrick Queen,PIT,DET,2025,16,0.0,0.0,LB,1.0,edge,0.0,0.4,2.0,1,-7.5,52.5
SawyJa00,Jack Sawyer,PIT,DET,2025,16,0.0,2.0,LB,0.89,edge,,,2.0,1,-7.5,52.5
WilsPa00,Payton Wilson,PIT,DET,2025,16,0.0,0.0,LB,0.7,edge,0.0,0.0,2.0,1,-7.5,52.5
JoneEr01,Ernest Jones,SEA,LA,2025,16,0.0,0.0,LB,1.0,edge,0.0,0.0,1.0,0,1.5,42.5
LawrDe00,DeMarcus Lawrence,SEA,LA,2025,16,0.0,2.0,LB,0.71,edge,0.6,4.6,1.0,0,1.5,42.5
ThomDr00,Drake Thomas,SEA,LA,2025,16,0.0,0.0,LB,0.84,edge,0.1,0.6,1.0,0,1.5,42.5
WillLe02,Leonard Williams,SEA,LA,2025,16,0.0,0.0,DT,0.79,interior,0.4,3.0,1.0,0,1.5,42.5
BethTa00,Tatum Bethune,SF,IND,2025,16,0.0,0.0,LB,0.82,edge,0.0,0.0,2.0,1,4.5,46.5
WintDe00,Dee Winters,SF,IND,2025,16,0.0,0.0,LB,0.92,edge,0.0,0.4,2.0,1,4.5,46.5
DaviLa00,Lavonte David,TB,CAR,2025,16,1.0,1.0,LB,1.0,edge,0.0,0.4,2.2,0,3.0,44.5
DennSi00,SirVocea Dennis,TB,CAR,2025,16,1.0,3.0,LB,0.98,edge,0.0,0.4,2.2,0,3.0,44.5
DiabYa00,YaYa Diaby,TB,CAR,2025,16,0.0,7.0,LB,0.78,edge,0.4,1.8,2.2,0,3.0,44.5
HallLo00,Logan Hall,TB,CAR,2025,16,0.0,1.0,DL,0.61,interior,0.4,1.4,2.2,0,3.0,44.5
VeaxVi00,Vita Vea,TB,CAR,2025,16,0.0,1.0,NT,0.81,interior,0.3,1.6,2.2,0,3.0,44.5
BartCo00,Cody Barton,TEN,KC,2025,16,0.0,0.0,LB,1.0,edge,0.2,0.4,3.4,0,-3.5,37.5
HarrJa05,Jaylen Harrell,TEN,KC,2025,16,1.0,1.0,LB,0.62,edge,0.5,1.0,3.4,0,-3.5,37.5
SimmJe01,Jeffery Simmons,TEN,KC,2025,16,0.0,0.0,DT,0.87,interior,0.9,3.2,3.4,0,-3.5,37.5
WardJi02,Jihad Ward,TEN,KC,2025,16,0.5,2.0,LB,0.8,edge,0.2,2.0,3.4,0,-3.5,37.5
WillJa15,James Williams,TEN,KC,2025,16,1.0,1.0,LB,1.0,edge,0.0,0.0,3.4,0,-3.5,37.5
LuvuFr00,Frankie Luvu,WAS,PHI,2025,16,0.0,0.0,LB,1.0,edge,0.2,0.6,0.8,0,-7.0,43.5
MartJa02,Jacob Martin,WAS,PHI,2025,16,1.0,2.0,DE,0.61,edge,0.2,1.8,0.8,0,-7.0,43.5
WagnBo00,Bobby Wagner,WAS,PHI,2025,16,1.0,1.0,LB,1.0,edge,0.2,0.6,0.8,0,-7.0,43.5
SimoCo01,Cody Simon,ARI,CIN,2025,17,0.5,1.0,LB,1.0,edge,0.0,0.2,1.6,0,-7.0,52.5
DeabDi00,Divine Deablo,ATL,LA,2025,17,0.0,1.0,LB,1.0,edge,0.1,0.4,1.0,1,-7.5,48.5
ElliKa00,Kaden Elliss,ATL,LA,2025,17,0.0,0.0,LB,1.0,edge,0.0,0.6,1.0,1,-7.5,48.5
PearJa00,James Pearce,ATL,LA,2025,17,0.0,1.0,DE,0.62,edge,0.625,1.0,1.0,1,-7.5,48.5
JoneDr00,Dre'Mont Jones,BAL,GB,2025,17,0.0,1.0,DE,0.79,edge,0.5,2.8,1.8,0,-2.5,38.5
JoneTr00,Travis Jones,BAL,GB,2025,17,1.5,2.0,DL,0.81,interior,0.5,1.6,1.8,0,-2.5,38.5
RobiTa00,Tavius Robinson,BAL,GB,2025,17,0.5,1.0,LB,0.74,edge,0.4,1.4,1.8,0,-2.5,38.5
SimpTr00,Trenton Simpson,BAL,GB,2025,17,0.0,0.0,LB,0.68,edge,0.5,0.6,1.8,0,-2.5,38.5
SmitRo07,Roquan Smith,BAL,GB,2025,17,0.0,0.0,LB,0.87,edge,0.0,0.4,1.8,0,-2.5,38.5
MilaMa00,Matt Milano,BUF,PHI,2025,17,0.5,3.0,LB,0.98,edge,0.4,0.8,1.2,0,3.0,45.5
RousGr00,Gregory Rousseau,BUF,PHI,2025,17,0.5,3.0,DE,0.63,edge,0.7,2.2,1.2,0,3.0,45.5
BrowDe05,Derrick Brown,CAR,SEA,2025,17,0.0,1.0,DT,0.89,interior,0.4,0.8,2.4,0,-6.5,42.5
RobiAS00,A'Shawn Robinson,CAR,SEA,2025,17,0.0,1.0,DT,0.85,interior,0.3,1.0,2.4,0,-6.5,42.5
RozeCh00,Christian Rozeboom,CAR,SEA,2025,17,0.0,0.0,LB,1.0,edge,0.4,0.8,2.4,0,-6.5,42.5
ScouNi00,Nic Scourton,CAR,SEA,2025,17,1.0,1.0,LB,0.68,edge,0.3,1.4,2.4,0,-6.5,42.5
BookAu00,Austin Booker,CHI,SF,2025,17,1.0,5.0,DL,0.9,interior,0.625,2.5,1.0,0,-3.5,51.5
EdmuTr01,Tremaine Edmunds,CHI,SF,2025,17,0.0,0.0,LB,0.99,edge,0.0,0.4,1.0,0,-3.5,51.5
EdwaTJ02,T.J. Edwards,CHI,SF,2025,17,0.0,0.0,LB,0.99,edge,0.1,0.6,1.0,0,-3.5,51.5
SweaMo00,Montez Sweat,CHI,SF,2025,17,0.0,1.0,DL,0.62,interior,0.8,1.8,1.0,0,-3.5,51.5
CartBa00,Barrett Carter,CIN,ARI,2025,17,0.0,1.0,LB,0.72,edge,0.0,0.2,3.0,0,7.0,52.5
JohnCe01,Cedric Johnson,CIN,ARI,2025,17,1.0,4.0,DE,0.63,edge,,,3.0,0,7.0,52.5
StewSh00,Shemar Stewart,CIN,ARI,2025,17,1.0,1.0,DE,0.7,edge,0.0,2.0,3.0,0,7.0,52.5
BushDe01,Devin Bush Jr.,CLE,PIT,2025,17,0.0,0.0,LB,0.76,edge,0.2,0.6,1.6,0,-4.5,35.5
GarrMy00,Myles Garrett,CLE,PIT,2025,17,0.0,3.0,DE,0.94,edge,1.4,3.8,1.6,0,-4.5,35.5
GrahMa00,Mason Graham,CLE,PIT,2025,17,0.0,0.0,DT,0.79,interior,0.0,1.0,1.6,0,-4.5,35.5
HarrSh00,Shelby Harris,CLE,PIT,2025,17,0.0,1.0,DT,0.71,interior,0.0,0.8,1.6,0,-4.5,35.5
SchwCa00,Carson Schwesinger,CLE,PIT,2025,17,0.0,0.0,LB,1.0,edge,0.2,0.8,1.6,0,-4.5,35.5
WrigAl01,Alex Wright,CLE,PIT,2025,17,1.0,3.0,DE,0.73,edge,0.5,1.6,1.6,0,-4.5,35.5
JameSh00,Shemar James,DAL,WAS,2025,17,0.0,0.0,LB,0.82,edge,0.2,0.6,1.8,0,8.5,50.5
MurrKe00,Kenneth Murray,DAL,WAS,2025,17,0.0,0.0,LB,1.0,edge,0.2,0.2,1.8,0,8.5,50.5
WillQu00,Quinnen Williams,DAL,WAS,2025,17,0.0,1.0,DT,0.7,interior,0.0,2.6,1.8,0,8.5,50.5
AlleZa01,Zach Allen,DEN,KC,2025,17,0.0,2.0,DL,0.63,interior,0.1,3.8,3.6,0,13.5,37.5
BoniNi00,Nik Bonitto,DEN,KC,2025,17,0.0,0.0,LB,0.74,edge,0.9,2.8,3.6,0,13.5,37.5
CoopJo02,Jonathon Cooper,DEN,KC,2025,17,0.0,1.0,LB,0.74,edge,0.1,1.6,3.6,0,13.5,37.5
SingAl00,Alex Singleton,DEN,KC,2025,17,0.0,0.0,LB,0.98,edge,0.0,1.2,3.6,0,13.5,37.5
BarnDe02,Derrick Barnes,DET,MIN,2025,17,0.0,0.0,LB,0.98,edge,0.0,0.0,3.4,1,7.0,45.5
CampJa04,Jack Campbell,DET,MIN,2025,17,0.0,0.0,LB,1.0,edge,0.2,0.4,3.4,1,7.0,45.5
HutcAi00,Aidan Hutchinson,DET,MIN,2025,17,2.0,3.0,DE,0.96,edge,0.9,2.8,3.4,1,7.0,45.5
CoopEd00,Edgerrin Cooper,GB,BAL,2025,17,0.0,0.0,LB,1.0,edge,0.0,0.4,2.0,0,2.5,38.5
EnagKi00,Kingsley Enagbare,GB,BAL,2025,17,0.0,1.0,DL,0.79,interior,0.4,1.2,2.0,0,2.5,38.5
McDuIs00,Isaiah McDuffie,GB,BAL,2025,17,0.0,0.0,LB,0.63,edge,0.2,0.6,2.0,0,2.5,38.5
VanNLu00,Lukas Van Ness,GB,BAL,2025,17,0.0,1.0,DL,0.62,interior,,,2.0,0,2.5,38.5
WalkQu00,Quay Walker,GB,BAL,2025,17,1.0,1.0,LB,1.0,edge,0.0,0.6,2.0,0,2.5,38.5
AlShAz00,Azeez Al-Shaair,HOU,LAC,2025,17,0.0,0.0,LB,0.97,edge,0.0,0.2,3.4,1,-1.5,40.5
AndeWi01,Will Anderson,HOU,LAC,2025,17,0.5,4.0,DE,0.7,edge,0.7,2.8,3.4,1,-1.5,40.5
HuntDa01,Danielle Hunter,HOU,LAC,2025,17,1.0,4.0,DE,0.83,edge,1.1,2.2,3.4,1,-1.5,40.5
RankSh00,Sheldon Rankins,HOU,LAC,2025,17,0.5,2.0,DT,0.63,interior,0.3,1.4,3.4,1,-1.5,40.5
TogiTo00,Tommy Togiai,HOU,LAC,2025,17,0.0,1.0,DT,0.62,interior,0.5,1.0,3.4,1,-1.5,40.5
TooTHe00,Henry To'oTo'o,HOU,LAC,2025,17,0.0,1.0,LB,0.97,edge,0.2,0.4,3.4,1,-1.5,40.5
FranZa00,Zaire Franklin,IND,JAX,2025,17,0.0,2.0,LB,0.99,edge,0.0,0.6,2.2,1,-3.5,48.5
LatuLa00,Laiatu Latu,IND,JAX,2025,17,1.0,3.0,DE,0.68,edge,1.1,2.0,2.2,1,-3.5,48.5
PayeKw00,Kwity Paye,IND,JAX,2025,17,0.0,1.0,DE,0.64,edge,0.1,1.4,2.2,1,-3.5,48.5
PratGe00,Germaine Pratt,IND,JAX,2025,17,0.0,0.0,LB,0.87,edge,0.0,0.0,2.2,1,-3.5,48.5
StewGr00,Grover Stewart,IND,JAX,2025,17,0.0,2.0,DT,0.61,interior,0.1,1.2,2.2,1,-3.5,48.5
AlleJo03,Josh Hines-Allen,JAX,IND,2025,17,1.0,1.0,DE,0.91,edge,0.8,3.0,1.0,1,3.5,48.5
LloyDe00,Devin Lloyd,JAX,IND,2025,17,0.0,1.0,LB,0.89,edge,0.3,1.6,1.0,1,3.5,48.5
OluoFo00,Foyesade Oluokun,JAX,IND,2025,17,0.0,1.0,LB,1.0,edge,0.0,0.0,1.0,1,3.5,48.5
WalkTr03,Travon Walker,JAX,IND,2025,17,1.0,3.0,DE,0.84,edge,0.5,3.0,1.0,1,3.5,48.5
BoltNi00,Nick Bolton,KC,DEN,2025,17,0.0,0.0,LB,0.99,edge,0.2,1.4,1.4,0,-13.5,37.5
KarlGe00,George Karlaftis III,KC,DEN,2025,17,0.0,1.0,DE,0.71,edge,0.2,2.0,1.4,0,-13.5,37.5
TranDr00,Drue Tranquill,KC,DEN,2025,17,0.0,0.0,LB,0.9,edge,0.0,0.4,1.4,0,-13.5,37.5
DaviTy05,Tyler Davis,LA,ATL,2025,17,0.0,0.0,DE,0.64,edge,,,1.6,1,7.5,48.5
FordPo00,Poona Ford,LA,ATL,2025,17,0.0,1.0,NT,0.62,interior,0.2,1.0,1.6,1,7.5,48.5
LandNa01,Nathan Landman,LA,ATL,2025,17,0.0,1.0,LB,0.96,edge,0.2,0.4,1.6,1,7.5,48.5
SpeiOm00,Omar Speights,LA,ATL,2025,17,0.0,1.0,LB,0.87,edge,0.0,0.0,1.6,1,7.5,48.5
TurnKo00,Kobie Turner,LA,ATL,2025,17,0.0,2.0,DE,0.72,edge,0.6,1.8,1.6,1,7.5,48.5
VersJa00,Jared Verse,LA,ATL,2025,17,0.0,1.0,LB,0.77,edge,0.5,2.2,1.6,1,7.5,48.5
YounBy01,Byron Young,LA,ATL,2025,17,0.0,3.0,LB,0.81,edge,0.2,2.0,1.6,1,7.5,48.5
HenlDa00,Daiyan Henley,LAC,HOU,2025,17,0.0,0.0,LB,1.0,edge,0.1,0.4,1.2,1,1.5,40.5
MackKh00,Khalil Mack,LAC,HOU,2025,17,0.0,3.0,LB,0.74,edge,0.5,2.6,1.2,1,1.5,40.5
TartTe00,Teair Tart,LAC,HOU,2025,17,0.0,1.0,DL,0.65,interior,0.0,0.5,1.2,1,1.5,40.5
TuipTu00,Tuli Tuipulotu,LAC,HOU,2025,17,0.0,0.0,LB,0.89,edge,1.0,2.2,1.2,1,1.5,40.5
KoonMa00,Malcolm Koonce,LV,NYG,2025,17,1.0,4.0,DE,0.7,edge,1.0,2.25,2.2,1,-3.0,40.5
LaulJo00,Jonah Laulu,LV,NYG,2025,17,0.0,0.0,DT,0.66,interior,0.0,1.0,2.2,1,-3.0,40.5
WhitDe02,Devin White,LV,NYG,2025,17,0.0,1.0,LB,1.0,edge,0.0,0.2,2.2,1,-3.0,40.5
WilsTy01,Tyree Wilson,LV,NYG,2025,17,0.0,0.0,DE,0.66,edge,0.3,2.2,2.2,1,-3.0,40.5
BrooJo01,Jordyn Brooks,MIA,TB,2025,17,0.0,0.0,LB,0.64,edge,0.2,0.2,2.6,0,-5.5,44.5
ChubBr00,Bradley Chubb,MIA,TB,2025,17,2.0,2.0,LB,0.82,edge,0.3,1.4,2.6,0,-5.5,44.5
DodsTy01,Tyrel Dodson,MIA,TB,2025,17,1.0,2.0,LB,0.82,edge,0.2,0.4,2.6,0,-5.5,44.5
CashBl00,Blake Cashman,MIN,DET,2025,17,1.0,1.0,LB,1.0,edge,0.0,0.2,2.2,1,-7.0,45.5
HargJa00,Javon Hargrave,MIN,DET,2025,17,0.0,1.0,DL,0.73,interior,0.8,1.4,2.2,1,-7.0,45.5
RedmJa01,Jalen Redmond,MIN,DET,2025,17,0.0,1.0,DL,0.73,interior,0.6,1.0,2.2,1,-7.0,45.5
TurnDa01,Dallas Turner,MIN,DET,2025,17,0.5,2.0,LB,0.72,edge,0.7,2.0,2.2,1,-7.0,45.5
VanGAn00,Andrew Van Ginkel,MIN,DET,2025,17,1.5,3.0,LB,0.95,edge,0.5,1.4,2.2,1,-7.0,45.5
WilsEr00,Eric Wilson,MIN,DET,2025,17,0.0,1.0,LB,1.0,edge,0.6,1.2,2.2,1,-7.0,45.5
JennAn00,Anfernee Jennings,NE,NYJ,2025,17,0.0,1.0,LB,0.63,edge,0.0,1.0,4.4,0,12.5,42.5
TavaJa00,Jahlani Tavai,NE,NYJ,2025,17,0.0,0.0,LB,0.6,edge,0.0,0.2,4.4,0,12.5,42.5
DaviDe00,Demario Davis,NO,TEN,2025,17,0.5,2.0,LB,0.89,edge,0.0,0.2,2.0,0,1.5,39.5
GranCa01,Carl Granderson,NO,TEN,2025,17,0.0,1.0,DE,0.7,edge,0.0,0.4,2.0,0,1.5,39.5
YounCh04,Chase Young,NO,TEN,2025,17,1.5,4.0,DE,0.81,edge,0.8,1.8,2.0,0,1.5,39.5
BurnBr00,Brian Burns,NYG,LV,2025,17,1.5,3.0,LB,0.68,edge,0.8,2.4,5.2,1,3.0,40.5
CartAb00,Abdul Carter,NYG,LV,2025,17,0.5,5.0,LB,0.88,edge,0.6,2.4,5.2,1,3.0,40.5
MuasDa00,Darius Muasau,NYG,LV,2025,17,0.0,0.0,LB,0.61,edge,0.2,0.4,5.2,1,3.0,40.5
OkerBo00,Bobby Okereke,NYG,LV,2025,17,0.0,0.0,LB,1.0,edge,0.0,0.2,5.2,1,3.0,40.5
PhilHa00,Harrison Phillips,NYJ,NE,2025,17,0.0,1.0,DL,0.61,interior,0.1,0.6,2.4,0,-12.5,42.5
SherJa00,Jamien Sherwood,NYJ,NE,2025,17,0.0,0.0,LB,1.0,edge,0.2,0.8,2.4,0,-12.5,42.5
WillQu01,Quincy Williams,NYJ,NE,2025,17,0.0,0.0,LB,0.95,edge,0.2,0.2,2.4,0,-12.5,42.5
BaunZa00,Zack Baun,PHI,BUF,2025,17,0.0,0.0,LB,1.0,edge,0.1,0.2,3.0,0,-3.0,45.5
CampJi00,Jihaad Campbell,PHI,BUF,2025,17,0.0,0.0,LB,0.93,edge,0.0,0.0,3.0,0,-3.0,45.5
CartJa05,Jalen Carter,PHI,BUF,2025,17,1.0,1.0,DT,0.76,interior,0.4,1.8,3.0,0,-3.0,45.5
PhilJa02,Jaelan Phillips,PHI,BUF,2025,17,1.0,1.0,LB,0.87,edge,0.2,2.4,3.0,0,-3.0,45.5
BentKe00,Keeanu Benton,PIT,CLE,2025,17,0.0,1.0,DT,0.65,interior,0.9,1.6,2.8,0,4.5,35.5
HerbNi00,Nick Herbig,PIT,CLE,2025,17,0.0,0.0,LB,0.79,edge,1.1,3.4,2.8,0,4.5,35.5
HeywCa01,Cameron Heyward,PIT,CLE,2025,17,0.0,1.0,DT,0.71,interior,0.4,1.4,2.8,0,4.5,35.5
HighAl02,Alex Highsmith,PIT,CLE,2025,17,2.0,4.0,LB,0.92,edge,0.6,1.8,2.8,0,4.5,35.5
QueePa00,Patrick Queen,PIT,CLE,2025,17,0.0,0.0,LB,1.0,edge,0.0,0.4,2.8,0,4.5,35.5
JoneEr01,Ernest Jones,SEA,CAR,2025,17,0.0,0.0,LB,0.92,edge,0.0,0.0,2.2,0,6.5,42.5
LawrDe00,DeMarcus Lawrence,SEA,CAR,2025,17,1.0,1.0,LB,0.7,edge,0.2,3.6,2.2,0,6.5,42.5
MurpBy01,Byron Murphy,SEA,CAR,2025,17,0.0,1.0,DT,0.75,interior,0.4,1.0,2.2,0,6.5,42.5
NwosUc00,Uchenna Nwosu,SEA,CAR,2025,17,0.0,1.0,LB,0.6,edge,0.8,2.8,2.2,0,6.5,42.5
ThomDr00,Drake Thomas,SEA,CAR,2025,17,0.0,0.0,LB,0.81,edge,0.1,0.6,2.2,0,6.5,42.5
WillLe02,Leonard Williams,SEA,CAR,2025,17,0.0,1.0,DT,0.72,interior,0.4,2.6,2.2,0,6.5,42.5
BethTa00,Tatum Bethune,SF,CHI,2025,17,0.0,0.0,LB,1.0,edge,0.0,0.0,1.4,0,3.5,51.5
OkuaSa00,Sam Okuayinonu,SF,CHI,2025,17,0.0,2.0,DL,0.62,interior,0.4,1.0,1.4,0,3.5,51.5
WintDe00,Dee Winters,SF,CHI,2025,17,0.0,1.0,LB,1.0,edge,0.0,0.0,1.4,0,3.5,51.5
DaviLa00,Lavonte David,TB,MIA,2025,17,0.0,0.0,LB,1.0,edge,0.2,0.6,2.4,0,5.5,44.5
DennSi00,SirVocea Dennis,TB,MIA,2025,17,0.0,0.0,LB,0.84,edge,0.2,1.0,2.4,0,5.5,44.5
DiabYa00,YaYa Diaby,TB,MIA,2025,17,1.0,1.0,LB,0.67,edge,0.4,3.0,2.4,0,5.5,44.5
HallLo00,Logan Hall,TB,MIA,2025,17,1.0,2.0,DL,0.65,interior,0.0,0.6,2.4,0,5.5,44.5
ReddHa00,Haason Reddick,TB,MIA,2025,17,0.0,0.0,LB,0.6,edge,0.3,1.0,2.4,0,5.5,44.5
VeaxVi00,Vita Vea,TB,MIA,2025,17,0.0,0.0,NT,0.76,interior,0.2,1.4,2.4,0,5.5,44.5
BartCo00,Cody Barton,TEN,NO,2025,17,0.0,0.0,LB,1.0,edge,0.0,0.0,4.0,0,-1.5,39.5
GrayCe00,Cedric Gray,TEN,NO,2025,17,0.0,0.0,LB,1.0,edge,0.0,0.4,4.0,0,-1.5,39.5
HarrJa05,Jaylen Harrell,TEN,NO,2025,17,0.5,2.0,LB,0.76,edge,0.75,1.0,4.0,0,-1.5,39.5
SimmJe01,Jeffery Simmons,TEN,NO,2025,17,1.0,1.0,DT,0.96,interior,0.7,2.8,4.0,0,-1.5,39.5
SweaTV01,T'Vondre Sweat,TEN,NO,2025,17,0.0,0.0,NT,0.61,interior,0.2,0.8,4.0,0,-1.5,39.5
WardJi02,Jihad Ward,TEN,NO,2025,17,0.0,2.0,LB,0.69,edge,0.3,2.2,4.0,0,-1.5,39.5
KinlJa00,Javon Kinlaw,WAS,DAL,2025,17,0.0,0.0,DT,0.64,interior,0.0,0.2,2.0,0,-8.5,50.5
LuvuFr00,Frankie Luvu,WAS,DAL,2025,17,0.0,0.0,LB,1.0,edge,0.2,0.6,2.0,0,-8.5,50.5
MartJa02,Jacob Martin,WAS,DAL,2025,17,0.0,2.0,DE,0.7,edge,0.4,1.8,2.0,0,-8.5,50.5
NewtJe00,Jer'Zhan Newton,WAS,DAL,2025,17,3.0,6.0,DT,0.61,interior,,,2.0,0,-8.5,50.5
WagnBo00,Bobby Wagner,WAS,DAL,2025,17,0.5,2.0,LB,1.0,edge,0.4,0.6,2.0,0,-8.5,50.5
DaviAk01,Akeem Davis-Gaither,ARI,LA,2025,18,0.0,1.0,LB,0.85,edge,0.0,0.2,1.4,1,-14.5,49.5
RobiDa01,Darius Robinson,ARI,LA,2025,18,0.0,2.0,DL,0.61,interior,,,1.4,1,-14.5,49.5
SimoCo01,Cody Simon,ARI,LA,2025,18,0.0,1.0,LB,0.92,edge,0.1,0.4,1.4,1,-14.5,49.5
DeabDi00,Divine Deablo,ATL,NO,2025,18,0.0,0.0,LB,1.0,edge,0.1,0.6,3.4,1,4.5,43.5
ElliKa00,Kaden Elliss,ATL,NO,2025,18,0.0,1.0,LB,1.0,edge,0.0,0.6,3.4,1,4.5,43.5
JoneTr00,Travis Jones,BAL,PIT,2025,18,1.0,1.0,DL,0.85,interior,0.7,1.6,1.6,0,4.5,41.5
RobiTa00,Tavius Robinson,BAL,PIT,2025,18,1.0,2.0,LB,0.73,edge,0.3,1.0,1.6,0,4.5,41.5
SimpTr00,Trenton Simpson,BAL,PIT,2025,18,0.0,0.0,LB,0.65,edge,0.5,0.6,1.6,0,4.5,41.5
SmitRo07,Roquan Smith,BAL,PIT,2025,18,0.0,0.0,LB,1.0,edge,0.0,0.4,1.6,0,4.5,41.5
AndrJo02,Joe Andreessen,BUF,NYJ,2025,18,0.0,1.0,LB,1.0,edge,0.0,1.0,4.0,0,12.5,39.5
EpenAJ00,A.J. Epenesa,BUF,NYJ,2025,18,0.0,2.0,DE,0.69,edge,0.4,1.2,4.0,0,12.5,39.5
JudoMa00,Matt Judon,BUF,NYJ,2025,18,0.0,0.0,DE,0.65,edge,0.2,0.8,4.0,0,12.5,39.5
SandTJ00,T.J. Sanders,BUF,NYJ,2025,18,1.0,1.0,DT,0.65,interior,,,4.0,0,12.5,39.5
WillDo04,Dorian Williams,BUF,NYJ,2025,18,0.0,0.0,LB,1.0,edge,0.0,0.2,4.0,0,12.5,39.5
BrowDe05,Derrick Brown,CAR,TB,2025,18,0.0,2.0,DT,0.94,interior,0.4,1.0,2.4,0,-3.0,43.5
RobiAS00,A'Shawn Robinson,CAR,TB,2025,18,0.0,3.0,DT,0.9,interior,0.3,1.0,2.4,0,-3.0,43.5
RozeCh00,Christian Rozeboom,CAR,TB,2025,18,0.0,0.0,LB,1.0,edge,0.4,0.6,2.4,0,-3.0,43.5
ScouNi00,Nic Scourton,CAR,TB,2025,18,0.5,1.0,LB,0.84,edge,0.3,0.8,2.4,0,-3.0,43.5
WonnDJ00,D.J. Wonnum,CAR,TB,2025,18,0.0,1.0,LB,0.81,edge,0.4,0.6,2.4,0,-3.0,43.5
BookAu00,Austin Booker,CHI,DET,2025,18,0.0,2.0,DL,0.84,interior,0.7,3.0,2.6,0,3.5,51.5
DextGe00,Gervon Dexter,CHI,DET,2025,18,1.0,3.0,DL,0.64,interior,0.7,2.0,2.6,0,3.5,51.5
EdmuTr01,Tremaine Edmunds,CHI,DET,2025,18,0.0,1.0,LB,0.97,edge,0.0,0.4,2.6,0,3.5,51.5
EdwaTJ02,T.J. Edwards,CHI,DET,2025,18,0.0,2.0,LB,0.97,edge,0.1,0.6,2.6,0,3.5,51.5
JarrGr00,Grady Jarrett,CHI,DET,2025,18,0.5,2.0,DL,0.73,interior,0.2,1.2,2.6,0,3.5,51.5
SweaMo00,Montez Sweat,CHI,DET,2025,18,0.5,1.0,DL,0.77,interior,0.8,1.8,2.6,0,3.5,51.5
CartBa00,Barrett Carter,CIN,CLE,2025,18,0.0,0.0,LB,1.0,edge,0.0,0.4,3.0,0,9.5,47.5
KnigDe00,Demetrius Knight,CIN,CLE,2025,18,1.0,1.0,LB,0.88,edge,0.4,0.6,3.0,0,9.5,47.5
MurpMy00,Myles Murphy,CIN,CLE,2025,18,0.0,1.0,DE,0.94,edge,0.6,1.8,3.0,0,9.5,47.5
SampCa00,Cameron Sample,CIN,CLE,2025,18,2.0,2.0,DE,0.71,edge,0.3333333333333333,1.0,3.0,0,9.5,47.5
StewSh00,Shemar Stewart,CIN,CLE,2025,18,0.0,2.0,DE,0.63,edge,0.5,1.5,3.0,0,9.5,47.5
BushDe01,Devin Bush Jr.,CLE,CIN,2025,18,0.0,0.0,LB,0.82,edge,0.0,0.2,2.0,0,-9.5,47.5
DiabMo00,Mohamoud Diabate,CLE,CIN,2025,18,0.0,0.0,LB,0.81,edge,0.0,0.0,2.0,0,-9.5,47.5
GarrMy00,Myles Garrett,CLE,CIN,2025,18,1.0,3.0,DE,0.96,edge,0.8,3.0,2.0,0,-9.5,47.5
WrigAl01,Alex Wright,CLE,CIN,2025,18,0.0,0.0,DE,0.63,edge,0.7,2.0,2.0,0,-9.5,47.5
ClarKe01,Kenny Clark,DAL,NYG,2025,18,0.0,0.0,DT,0.65,interior,0.3,1.0,2.2,0,3.0,50.5
ClowJa00,Jadeveon Clowney,DAL,NYG,2025,18,3.0,6.0,DE,0.6,edge,0.7,2.4,2.2,0,3.0,50.5
JameSh00,Shemar James,DAL,NYG,2025,18,0.5,2.0,LB,0.96,edge,0.2,0.6,2.2,0,3.0,50.5
OdigOs00,Osa Odighizuwa,DAL,NYG,2025,18,0.5,1.0,DT,0.64,interior,0.4,3.2,2.2,0,3.0,50.5
WilsLo00,Logan Wilson,DAL,NYG,2025,18,0.0,0.0,LB,0.72,edge,0.0,0.2,2.2,0,3.0,50.5
SingAl00,Alex Singleton,DEN,LAC,2025,18,0.0,0.0,LB,0.76,edge,0.0,1.2,3.8,0,14.5,37.5
StrnJu00,Justin Strnad,DEN,LAC,2025,18,1.0,2.0,LB,0.7,edge,0.3,0.6,3.8,0,14.5,37.5
BarnDe02,Derrick Barnes,DET,CHI,2025,18,0.0,0.0,LB,1.0,edge,0.0,0.0,1.2,0,-3.5,51.5
CampJa04,Jack Campbell,DET,CHI,2025,18,0.0,0.0,LB,1.0,edge,0.2,0.4,1.2,0,-3.5,51.5
HutcAi00,Aidan Hutchinson,DET,CHI,2025,18,1.0,6.0,DE,0.78,edge,1.2,3.2,1.2,0,-3.5,51.5
LopeRo00,Roy Lopez,DET,CHI,2025,18,0.0,0.0,DL,0.62,interior,0.0,0.8,1.2,0,-3.5,51.5
RodrMa00,Malcolm Rodriguez,DET,CHI,2025,18,0.0,0.0,LB,0.73,edge,0.0,0.0,1.2,0,-3.5,51.5
BrinWa00,Warren Brinson,GB,MIN,2025,18,0.0,1.0,DL,0.7,interior,,,3.6,1,-12.5,37.5
CoxxBr02,Brenton Cox,GB,MIN,2025,18,1.0,3.0,DL,0.66,interior,,,3.6,1,-12.5,37.5
DumaJa00,Jamon Johnson,GB,MIN,2025,18,0.0,0.0,LB,1.0,edge,,,3.6,1,-12.5,37.5
HoppTy00,Ty'Ron Hopper,GB,MIN,2025,18,0.0,1.0,LB,1.0,edge,,,3.6,1,-12.5,37.5
SorrBa00,Barryn Sorrell,GB,MIN,2025,18,1.0,1.0,DL,0.78,interior,,,3.6,1,-12.5,37.5
StacNa00,Nazir Stackhouse,GB,MIN,2025,18,0.0,0.0,DL,0.67,interior,,,3.6,1,-12.5,37.5
BarnDe01,Derek Barnett,HOU,IND,2025,18,0.0,1.0,DE,0.69,edge,0.5,1.8,1.4,1,9.5,37.5
TooTHe00,Henry To'oTo'o,HOU,IND,2025,18,0.0,1.0,LB,0.69,edge,0.0,0.4,1.4,1,9.5,37.5
AdebAd00,Adetomiwa Adebawore,IND,HOU,2025,18,0.0,0.0,DT,0.6,interior,0.5,1.3333333333333333,1.2,1,-9.5,37.5
FranZa00,Zaire Franklin,IND,HOU,2025,18,0.0,0.0,LB,1.0,edge,0.0,0.6,1.2,1,-9.5,37.5
PratGe00,Germaine Pratt,IND,HOU,2025,18,0.0,1.0,LB,0.85,edge,0.0,0.0,1.2,1,-9.5,37.5
AlleJo03,Josh Hines-Allen,JAX,TEN,2025,18,0.0,5.0,DE,0.67,edge,0.8,2.8,2.0,0,12.5,46.5
LloyDe00,Devin Lloyd,JAX,TEN,2025,18,0.0,1.0,LB,0.67,edge,0.3,1.8,2.0,0,12.5,46.5
OluoFo00,Foyesade Oluokun,JAX,TEN,2025,18,0.0,0.0,LB,0.78,edge,0.0,0.2,2.0,0,12.5,46.5
BoltNi00,Nick Bolton,KC,LV,2025,18,0.0,0.0,LB,1.0,edge,0.2,1.2,4.0,1,3.5,36.5
GillAs00,Ashton Gillotte,KC,LV,2025,18,0.0,1.0,DE,0.74,edge,0.0,1.0,4.0,1,3.5,36.5
OmenCh00,Charles Omenihu,KC,LV,2025,18,0.0,1.0,DE,0.66,edge,0.5,0.8,4.0,1,3.5,36.5
LandNa01,Nathan Landman,LA,ARI,2025,18,0.0,1.0,LB,0.73,edge,0.2,0.6,2.6,1,14.5,49.5
YounBy01,Byron Young,LA,ARI,2025,18,1.0,1.0,LB,0.6,edge,0.2,1.6,2.6,1,14.5,49.5
DyexTr00,Troy Dye,LAC,DEN,2025,18,0.0,0.0,LB,0.78,edge,0.2,0.4,1.2,0,-14.5,37.5
KennKy00,Kyle Kennard,LAC,DEN,2025,18,0.0,1.0,LB,0.75,edge,,,1.2,0,-14.5,37.5
PhilDe00,Del'Shawn Phillips,LAC,DEN,2025,18,1.0,2.0,LB,0.73,edge,0.0,0.0,1.2,0,-14.5,37.5
WaxxMa00,Marlowe Wax,LAC,DEN,2025,18,0.0,1.0,LB,0.66,edge,,,1.2,0,-14.5,37.5
AdamJa00,Jamal Adams,LV,KC,2025,18,0.0,0.0,LB,0.61,edge,1.0,1.0,3.0,1,-3.5,36.5
BookTh00,Thomas Booker,LV,KC,2025,18,0.0,3.0,DT,0.69,interior,0.0,0.3333333333333333,3.0,1,-3.5,36.5
KoonMa00,Malcolm Koonce,LV,KC,2025,18,0.5,2.0,DE,0.7,edge,1.0,2.6,3.0,1,-3.5,36.5
WhitDe02,Devin White,LV,KC,2025,18,1.5,2.0,LB,0.89,edge,0.0,0.4,3.0,1,-3.5,36.5
WilsTy01,Tyree Wilson,LV,KC,2025,18,2.0,2.0,DE,0.66,edge,0.3,1.8,3.0,1,-3.5,36.5
BrooJo01,Jordyn Brooks,MIA,NE,2025,18,0.0,0.0,LB,0.68,edge,0.2,0.2,2.4,0,-14.0,44.5
ChubBr00,Bradley Chubb,MIA,NE,2025,18,0.0,2.0,LB,0.63,edge,0.7,1.4,2.4,0,-14.0,44.5
DodsTy01,Tyrel Dodson,MIA,NE,2025,18,0.0,0.0,LB,0.76,edge,0.2,0.6,2.4,0,-14.0,44.5
GranKe01,Kenneth Grant,MIA,NE,2025,18,0.0,2.0,DT,0.69,interior,0.0,1.0,2.4,0,-14.0,44.5
SielZa00,Zach Sieler,MIA,NE,2025,18,0.0,0.0,DT,0.64,interior,1.1,1.6,2.4,0,-14.0,44.5
CashBl00,Blake Cashman,MIN,GB,2025,18,1.0,1.0,LB,0.88,edge,0.2,0.4,1.8,1,12.5,37.5
TurnDa01,Dallas Turner,MIN,GB,2025,18,2.0,2.0,LB,0.73,edge,0.7,1.8,1.8,1,12.5,37.5
VanGAn00,Andrew Van Ginkel,MIN,GB,2025,18,0.0,0.0,LB,0.75,edge,0.8,2.0,1.8,1,12.5,37.5
WilsEr00,Eric Wilson,MIN,GB,2025,18,0.0,1.0,LB,0.88,edge,0.6,1.2,1.8,1,12.5,37.5
BarmCh00,Christian Barmore,NE,MIA,2025,18,1.0,2.0,DT,0.61,interior,0.2,1.4,2.2,0,14.0,44.5
DurdCo00,Cory Durden,NE,MIA,2025,18,0.0,0.0,DL,0.62,interior,0.0,0.0,2.2,0,14.0,44.5
GibbJa00,Jack Gibbens,NE,MIA,2025,18,0.0,0.0,LB,0.88,edge,0.3,0.6,2.2,0,14.0,44.5
JennAn00,Anfernee Jennings,NE,MIA,2025,18,0.0,4.0,LB,0.7,edge,0.0,1.2,2.2,0,14.0,44.5
TavaJa00,Jahlani Tavai,NE,MIA,2025,18,0.0,0.0,LB,0.66,edge,0.0,0.2,2.2,0,14.0,44.5
DaviDe00,Demario Davis,NO,ATL,2025,18,0.0,0.0,LB,1.0,edge,0.1,0.6,1.0,1,-4.5,43.5
GranCa01,Carl Granderson,NO,ATL,2025,18,1.5,3.0,DE,0.71,edge,0.0,0.4,1.0,1,-4.5,43.5
WillJo16,Jonah Williams,NO,ATL,2025,18,0.0,0.0,DE,0.7,edge,0.0,0.5,1.0,1,-4.5,43.5
YounCh04,Chase Young,NO,ATL,2025,18,1.5,2.0,DE,0.79,edge,0.9,2.0,1.0,1,-4.5,43.5
AlexDa01,Darius Alexander,NYG,DAL,2025,18,0.0,1.0,DL,0.8,interior,,,3.0,0,-3.0,50.5
BurnBr00,Brian Burns,NYG,DAL,2025,18,0.0,2.0,LB,0.64,edge,0.7,2.2,3.0,0,-3.0,50.5
CartAb00,Abdul Carter,NYG,DAL,2025,18,0.0,6.0,LB,0.95,edge,0.7,3.0,3.0,0,-3.0,50.5
OkerBo00,Bobby Okereke,NYG,DAL,2025,18,0.0,0.0,LB,0.89,edge,0.0,0.2,3.0,0,-3.0,50.5
RobeRo00,Roy Robertson-Harris,NYG,DAL,2025,18,0.0,0.0,DT,0.75,interior,0.0,1.2,3.0,0,-3.0,50.5
JohnJe07,Jermaine Johnson II,NYJ,BUF,2025,18,0.0,0.0,LB,0.69,edge,0.4,1.8,2.4,0,-12.5,39.5
SherJa00,Jamien Sherwood,NYJ,BUF,2025,18,0.0,0.0,LB,1.0,edge,0.2,0.6,2.4,0,-12.5,39.5
WillQu01,Quincy Williams,NYJ,BUF,2025,18,0.0,0.0,LB,0.68,edge,0.2,0.2,2.4,0,-12.5,39.5
CampJi00,Jihaad Campbell,PHI,WAS,2025,18,0.0,0.0,LB,0.9,edge,0.0,0.0,2.0,0,3.0,38.5
RobiTy02,Ty Robinson,PHI,WAS,2025,18,0.0,1.0,DT,0.74,interior,,,2.0,0,3.0,38.5
TrotJe01,Jeremiah Trotter Jr.,PHI,WAS,2025,18,0.0,2.0,LB,1.0,edge,0.0,0.0,2.0,0,3.0,38.5
HarmDe01,Derrick Harmon,PIT,BAL,2025,18,1.0,1.0,DT,0.71,interior,,,2.0,0,-4.5,41.5
HarrMa06,Malik Harrison,PIT,BAL,2025,18,0.0,0.0,LB,0.71,edge,0.0,0.0,2.0,0,-4.5,41.5
HeywCa01,Cameron Heyward,PIT,BAL,2025,18,0.0,1.0,DT,0.73,interior,0.4,1.4,2.0,0,-4.5,41.5
HighAl02,Alex Highsmith,PIT,BAL,2025,18,1.0,2.0,LB,0.86,edge,0.6,2.0,2.0,0,-4.5,41.5
QueePa00,Patrick Queen,PIT,BAL,2025,18,0.0,0.0,LB,1.0,edge,0.0,0.4,2.0,0,-4.5,41.5
WattT.00,T.J. Watt,PIT,BAL,2025,18,0.0,1.0,LB,0.84,edge,0.6,1.6,2.0,0,-4.5,41.5
JoneEr01,Ernest Jones,SEA,SF,2025,18,0.0,0.0,LB,1.0,edge,0.0,0.0,1.0,0,2.5,47.5
LawrDe00,DeMarcus Lawrence,SEA,SF,2025,18,0.0,1.0,LB,0.62,edge,0.2,2.6,1.0,0,2.5,47.5
ThomDr00,Drake Thomas,SEA,SF,2025,18,0.0,0.0,LB,0.71,edge,0.1,0.6,1.0,0,2.5,47.5
BethTa00,Tatum Bethune,SF,SEA,2025,18,1.0,1.0,LB,0.77,edge,0.0,0.0,2.8,0,-2.5,47.5
DaviLa00,Lavonte David,TB,CAR,2025,18,0.0,1.0,LB,1.0,edge,0.2,0.4,1.6,0,3.0,43.5
DennSi00,SirVocea Dennis,TB,CAR,2025,18,0.0,1.0,LB,0.94,edge,0.2,0.8,1.6,0,3.0,43.5
DiabYa00,YaYa Diaby,TB,CAR,2025,18,0.0,1.0,LB,0.78,edge,0.4,2.8,1.6,0,3.0,43.5
ReddHa00,Haason Reddick,TB,CAR,2025,18,0.0,0.0,LB,0.78,edge,0.3,0.8,1.6,0,3.0,43.5
BartCo00,Cody Barton,TEN,JAX,2025,18,0.0,1.0,LB,1.0,edge,0.0,0.0,2.0,0,-12.5,46.5
GrayCe00,Cedric Gray,TEN,JAX,2025,18,0.0,1.0,LB,0.97,edge,0.0,0.4,2.0,0,-12.5,46.5
HarrJa05,Jaylen Harrell,TEN,JAX,2025,18,1.0,1.0,LB,0.61,edge,0.6666666666666666,1.3333333333333333,2.0,0,-12.5,46.5
JoneTr01,Truman Jones,TEN,JAX,2025,18,0.0,1.0,LB,0.61,edge,,,2.0,0,-12.5,46.5
KinlJa00,Javon Kinlaw,WAS,PHI,2025,18,0.0,0.0,DT,0.7,interior,0.0,0.2,1.2,0,-3.0,38.5
LuvuFr00,Frankie Luvu,WAS,PHI,2025,18,0.0,3.0,LB,1.0,edge,0.2,0.6,1.2,0,-3.0,38.5
MartJa02,Jacob Martin,WAS,PHI,2025,18,0.0,2.0,DE,0.77,edge,0.2,2.0,1.2,0,-3.0,38.5
PaynDa00,Daron Payne,WAS,PHI,2025,18,1.0,3.0,DT,0.66,interior,0.2,0.2,1.2,0,-3.0,38.5
WagnBo00,Bobby Wagner,WAS,PHI,2025,18,0.0,0.0,LB,1.0,edge,0.5,1.0,1.2,0,-3.0,38.5
MilaMa00,Matt Milano,BUF,JAX,2025,19,0.0,0.0,LB,1.0,edge,0.5,1.4,1.8,0,-1.5,51.5
RousGr00,Gregory Rousseau,BUF,JAX,2025,19,1.0,2.0,DE,0.8,edge,0.8,2.8,1.8,0,-1.5,51.5
ThomSh01,Shaq Thompson,BUF,JAX,2025,19,0.0,0.0,LB,1.0,edge,0.0,0.2,1.8,0,-1.5,51.5
WalkDe04,Deone Walker,BUF,JAX,2025,19,0.0,0.0,DT,0.73,interior,0.5,1.0,1.8,0,-1.5,51.5
BrowDe05,Derrick Brown,CAR,LA,2025,19,0.0,1.0,DT,0.96,interior,0.4,1.2,1.2,0,-10.0,44.5
CherCl00,Claudin Cherelus,CAR,LA,2025,19,0.0,1.0,LB,0.72,edge,0.0,0.2,1.2,0,-10.0,44.5
RozeCh00,Christian Rozeboom,CAR,LA,2025,19,0.0,0.0,LB,1.0,edge,0.4,0.6,1.2,0,-10.0,44.5
ScouNi00,Nic Scourton,CAR,LA,2025,19,0.0,0.0,LB,0.74,edge,0.4,0.8,1.2,0,-10.0,44.5
WharTe00,Tershawn Wharton,CAR,LA,2025,19,0.0,2.0,DT,0.66,interior,0.4,1.6,1.2,0,-10.0,44.5
WonnDJ00,D.J. Wonnum,CAR,LA,2025,19,0.0,1.0,LB,0.75,edge,0.4,0.8,1.2,0,-10.0,44.5
BookAu00,Austin Booker,CHI,GB,2025,19,1.0,2.0,DL,0.97,interior,0.7,2.8,2.4,0,-2.5,45.5
DextGe00,Gervon Dexter,CHI,GB,2025,19,0.0,2.0,DL,0.85,interior,0.6,2.2,2.4,0,-2.5,45.5
EdmuTr01,Tremaine Edmunds,CHI,GB,2025,19,0.0,0.0,LB,0.96,edge,0.0,0.6,2.4,0,-2.5,45.5
JackDM00,D'Marco Jackson,CHI,GB,2025,19,0.0,0.0,LB,0.79,edge,0.25,0.25,2.4,0,-2.5,45.5
JarrGr00,Grady Jarrett,CHI,GB,2025,19,0.0,1.0,DL,0.83,interior,0.3,1.4,2.4,0,-2.5,45.5
SweaMo00,Montez Sweat,CHI,GB,2025,19,0.0,3.0,DL,0.8,interior,0.5,1.4,2.4,0,-2.5,45.5
EnagKi00,Kingsley Enagbare,GB,CHI,2025,19,0.0,0.0,DL,0.68,interior,0.4,1.2,1.0,0,2.5,45.5
VanNLu00,Lukas Van Ness,GB,CHI,2025,19,1.0,3.0,DL,0.6,interior,0.0,1.0,1.0,0,2.5,45.5
WalkQu00,Quay Walker,GB,CHI,2025,19,0.0,1.0,LB,1.0,edge,0.2,0.6,1.0,0,2.5,45.5
AlShAz00,Azeez Al-Shaair,HOU,PIT,2025,19,0.0,0.0,LB,0.91,edge,0.0,0.2,1.8,0,3.0,38.5
AndeWi01,Will Anderson,HOU,PIT,2025,19,0.5,2.0,DE,0.68,edge,0.3,3.0,1.8,0,3.0,38.5
HuntDa01,Danielle Hunter,HOU,PIT,2025,19,1.0,4.0,DE,0.75,edge,1.0,2.4,1.8,0,3.0,38.5
RankSh00,Sheldon Rankins,HOU,PIT,2025,19,1.5,3.0,DT,0.65,interior,0.4,1.6,1.8,0,3.0,38.5
TooTHe00,Henry To'oTo'o,HOU,PIT,2025,19,0.0,1.0,LB,0.88,edge,0.0,0.4,1.8,0,3.0,38.5
AlleJo03,Josh Hines-Allen,JAX,BUF,2025,19,1.0,2.0,DE,0.9,edge,0.4,2.8,2.4,0,1.5,51.5
LloyDe00,Devin Lloyd,JAX,BUF,2025,19,0.0,0.0,LB,0.87,edge,0.0,1.0,2.4,0,1.5,51.5
OluoFo00,Foyesade Oluokun,JAX,BUF,2025,19,0.0,0.0,LB,1.0,edge,0.0,0.2,2.4,0,1.5,51.5
WalkTr03,Travon Walker,JAX,BUF,2025,19,0.0,1.0,DE,0.94,edge,0.5,2.8,2.4,0,1.5,51.5
LandNa01,Nathan Landman,LA,CAR,2025,19,0.0,0.0,LB,0.94,edge,0.2,0.8,1.4,0,10.0,44.5
SpeiOm00,Omar Speights,LA,CAR,2025,19,0.0,0.0,LB,0.78,edge,0.0,0.2,1.4,0,10.0,44.5
TurnKo00,Kobie Turner,LA,CAR,2025,19,0.0,2.0,DE,0.73,edge,0.5,2.0,1.4,0,10.0,44.5
VersJa00,Jared Verse,LA,CAR,2025,19,0.0,3.0,LB,0.73,edge,0.5,1.8,1.4,0,10.0,44.5
YounBy01,Byron Young,LA,CAR,2025,19,0.0,5.0,LB,0.7,edge,0.4,1.8,1.4,0,10.0,44.5
HenlDa00,Daiyan Henley,LAC,NE,2025,19,0.0,0.0,LB,0.98,edge,0.1,0.4,2.2,0,-3.5,45.5
MackKh00,Khalil Mack,LAC,NE,2025,19,0.0,0.0,LB,0.84,edge,0.3,3.0,2.2,0,-3.5,45.5
PerrDe00,Denzel Perryman,LAC,NE,2025,19,0.0,0.0,LB,0.62,edge,0.0,0.2,2.2,0,-3.5,45.5
TuipTu00,Tuli Tuipulotu,LAC,NE,2025,19,1.0,2.0,LB,0.88,edge,1.0,2.2,2.2,0,-3.5,45.5
ChaiKL00,K'Lavon Chaisson,NE,LAC,2025,19,2.0,3.0,LB,0.72,edge,0.2,1.4,4.0,0,3.5,45.5
ElliCh00,Christian Elliss,NE,LAC,2025,19,0.0,1.0,LB,0.6,edge,0.0,0.2,4.0,0,3.5,45.5
SpilRo00,Robert Spillane,NE,LAC,2025,19,0.0,0.0,LB,1.0,edge,0.0,0.2,4.0,0,3.5,45.5
WillMi08,Milton Williams,NE,LAC,2025,19,2.0,2.0,DT,0.62,interior,0.6,1.0,4.0,0,3.5,45.5
BaunZa00,Zack Baun,PHI,SF,2025,19,0.0,1.0,LB,1.0,edge,0.1,0.2,1.6,0,6.0,44.5
CartJa05,Jalen Carter,PHI,SF,2025,19,1.0,1.0,DT,0.98,interior,0.6,1.6,1.6,0,6.0,44.5
DeanNa00,Nakobe Dean,PHI,SF,2025,19,0.0,0.0,LB,1.0,edge,0.8,1.8,1.6,0,6.0,44.5
PhilJa02,Jaelan Phillips,PHI,SF,2025,19,0.0,0.0,LB,0.88,edge,0.2,2.2,1.6,0,6.0,44.5
HarmDe01,Derrick Harmon,PIT,HOU,2025,19,1.0,1.0,DT,0.65,interior,1.0,1.0,0.8,0,-3.0,38.5
HeywCa01,Cameron Heyward,PIT,HOU,2025,19,0.0,0.0,DT,0.75,interior,0.4,1.6,0.8,0,-3.0,38.5
HighAl02,Alex Highsmith,PIT,HOU,2025,19,0.0,0.0,LB,0.75,edge,0.8,2.4,0.8,0,-3.0,38.5
QueePa00,Patrick Queen,PIT,HOU,2025,19,0.0,0.0,LB,1.0,edge,0.0,0.2,0.8,0,-3.0,38.5
WattT.00,T.J. Watt,PIT,HOU,2025,19,0.0,1.0,LB,0.76,edge,0.4,1.4,0.8,0,-3.0,38.5
KendEr00,Eric Kendricks,SF,PHI,2025,19,0.0,0.0,LB,1.0,edge,0.2,0.2,1.6,0,-6.0,44.5
WallGa00,Garret Wallow,SF,PHI,2025,19,0.0,0.0,LB,0.99,edge,,,1.6,0,-6.0,44.5
BosaJo00,Joey Bosa,BUF,DEN,2025,20,0.0,4.0,DE,0.83,edge,0.2,1.6,1.8,0,-1.5,45.5
JoneDa04,DaQuan Jones,BUF,DEN,2025,20,0.0,1.0,DT,0.71,interior,0.2,1.0,1.8,0,-1.5,45.5
MilaMa00,Matt Milano,BUF,DEN,2025,20,0.0,0.0,LB,1.0,edge,0.5,1.4,1.8,0,-1.5,45.5
RousGr00,Gregory Rousseau,BUF,DEN,2025,20,0.0,3.0,DE,0.74,edge,1.0,3.2,1.8,0,-1.5,45.5
ThomSh01,Shaq Thompson,BUF,DEN,2025,20,0.0,1.0,LB,1.0,edge,0.0,0.2,1.8,0,-1.5,45.5
WalkDe04,Deone Walker,BUF,DEN,2025,20,0.0,2.0,DT,0.61,interior,0.25,0.5,1.8,0,-1.5,45.5
BookAu00,Austin Booker,CHI,LA,2025,20,0.0,0.0,DL,0.88,interior,0.9,3.0,1.4,0,-3.5,49.5
DextGe00,Gervon Dexter,CHI,LA,2025,20,0.0,2.0,DL,0.63,interior,0.4,2.4,1.4,0,-3.5,49.5
EdmuTr01,Tremaine Edmunds,CHI,LA,2025,20,0.0,0.0,LB,1.0,edge,0.0,0.4,1.4,0,-3.5,49.5
JackDM00,D'Marco Jackson,CHI,LA,2025,20,0.0,0.0,LB,0.69,edge,0.2,0.2,1.4,0,-3.5,49.5
JarrGr00,Grady Jarrett,CHI,LA,2025,20,0.0,0.0,DL,0.83,interior,0.3,1.4,1.4,0,-3.5,49.5
SweaMo00,Montez Sweat,CHI,LA,2025,20,1.0,3.0,DL,0.82,interior,0.3,1.8,1.4,0,-3.5,49.5
AlleZa01,Zach Allen,DEN,BUF,2025,20,0.5,4.0,DL,0.64,interior,0.1,3.6,2.0,0,1.5,45.5
CoopJo02,Jonathon Cooper,DEN,BUF,2025,20,0.0,2.0,LB,0.62,edge,0.1,1.8,2.0,0,1.5,45.5
SingAl00,Alex Singleton,DEN,BUF,2025,20,0.0,1.0,LB,1.0,edge,0.0,1.0,2.0,0,1.5,45.5
AlShAz00,Azeez Al-Shaair,HOU,NE,2025,20,0.0,0.0,LB,1.0,edge,0.0,0.0,2.6,0,-3.0,40.5
AndeWi01,Will Anderson,HOU,NE,2025,20,3.0,3.0,DE,0.71,edge,0.4,3.0,2.6,0,-3.0,40.5
HuntDa01,Danielle Hunter,HOU,NE,2025,20,2.0,2.0,DE,0.74,edge,0.8,2.6,2.6,0,-3.0,40.5
TooTHe00,Henry To'oTo'o,HOU,NE,2025,20,0.0,0.0,LB,0.95,edge,0.0,0.6,2.6,0,-3.0,40.5
LandNa01,Nathan Landman,LA,CHI,2025,20,0.0,0.0,LB,0.95,edge,0.2,0.8,1.0,0,3.5,49.5
SpeiOm00,Omar Speights,LA,CHI,2025,20,0.0,0.0,LB,0.72,edge,0.0,0.2,1.0,0,3.5,49.5
TurnKo00,Kobie Turner,LA,CHI,2025,20,0.0,3.0,DE,0.74,edge,0.5,2.2,1.0,0,3.5,49.5
VersJa00,Jared Verse,LA,CHI,2025,20,0.0,3.0,LB,0.75,edge,0.1,2.0,1.0,0,3.5,49.5
BarmCh00,Christian Barmore,NE,HOU,2025,20,0.0,2.0,DT,0.69,interior,0.4,1.6,0.8,0,3.0,40.5
ChaiKL00,K'Lavon Chaisson,NE,HOU,2025,20,1.0,4.0,LB,0.71,edge,0.4,1.6,0.8,0,3.0,40.5
SpilRo00,Robert Spillane,NE,HOU,2025,20,0.0,0.0,LB,0.93,edge,0.0,0.2,0.8,0,3.0,40.5
JoneEr01,Ernest Jones,SEA,SF,2025,20,0.0,0.0,LB,0.85,edge,0.0,0.0,1.6,0,6.5,44.5
ThomDr00,Drake Thomas,SEA,SF,2025,20,0.0,0.0,LB,0.7,edge,0.1,0.6,1.6,0,6.5,44.5
WillLe02,Leonard Williams,SEA,SF,2025,20,1.0,2.0,DT,0.6,interior,0.2,2.4,1.6,0,6.5,44.5
KendEr00,Eric Kendricks,SF,SEA,2025,20,0.0,0.0,LB,1.0,edge,0.0,0.0,2.4,0,-6.5,44.5
WallGa00,Garret Wallow,SF,SEA,2025,20,0.0,0.0,LB,0.62,edge,0.0,0.0,2.4,0,-6.5,44.5
WintDe00,Dee Winters,SF,SEA,2025,20,0.0,2.0,LB,0.85,edge,0.0,0.2,2.4,0,-6.5,44.5
AlleZa01,Zach Allen,DEN,NE,2025,21,1.0,1.0,DL,0.64,interior,0.2,3.8,3.0,0,-3.5,43.5
CoopJo02,Jonathon Cooper,DEN,NE,2025,21,1.0,1.0,LB,0.69,edge,0.1,2.2,3.0,0,-3.5,43.5
RoacMa01,Malcolm Roach,DEN,NE,2025,21,0.5,2.0,DT,0.62,interior,0.5,1.0,3.0,0,-3.5,43.5
SingAl00,Alex Singleton,DEN,NE,2025,21,0.0,0.0,LB,1.0,edge,0.0,1.2,3.0,0,-3.5,43.5
FiskBr00,Braden Fiske,LA,SEA,2025,21,1.0,3.0,DE,0.79,edge,0.6,1.2,2.4,0,-2.5,45.5
LandNa01,Nathan Landman,LA,SEA,2025,21,0.0,0.0,LB,1.0,edge,0.2,0.6,2.4,0,-2.5,45.5
SpeiOm00,Omar Speights,LA,SEA,2025,21,0.0,0.0,LB,0.64,edge,0.0,0.2,2.4,0,-2.5,45.5
VersJa00,Jared Verse,LA,SEA,2025,21,1.0,4.0,LB,0.9,edge,0.1,2.6,2.4,0,-2.5,45.5
YounBy01,Byron Young,LA,SEA,2025,21,0.0,0.0,LB,0.67,edge,0.2,2.6,2.4,0,-2.5,45.5
BarmCh00,Christian Barmore,NE,DEN,2025,21,1.0,1.0,DT,0.66,interior,0.2,1.6,1.2,0,3.5,43.5
ChaiKL00,K'Lavon Chaisson,NE,DEN,2025,21,0.0,3.0,LB,0.74,edge,0.6,2.2,1.2,0,3.5,43.5
ElliCh00,Christian Elliss,NE,DEN,2025,21,1.0,1.0,LB,0.72,edge,0.0,0.4,1.2,0,3.5,43.5
GibbJa00,Jack Gibbens,NE,DEN,2025,21,0.0,0.0,LB,0.86,edge,0.3,0.6,1.2,0,3.5,43.5
WillMi08,Milton Williams,NE,DEN,2025,21,0.0,2.0,DT,0.71,interior,0.6,1.0,1.2,0,3.5,43.5
JoneEr01,Ernest Jones,SEA,LA,2025,21,0.0,1.0,LB,1.0,edge,0.0,0.0,1.8,0,2.5,45.5
LawrDe00,DeMarcus Lawrence,SEA,LA,2025,21,1.0,3.0,LB,0.74,edge,0.2,1.8,1.8,0,2.5,45.5
WillLe02,Leonard Williams,SEA,LA,2025,21,0.0,1.0,DT,0.85,interior,0.4,2.6,1.8,0,2.5,45.5
BarmCh00,Christian Barmore,NE,SEA,2025,22,0.0,0.0,DT,0.71,interior,0.4,1.6,2.8,0,-4.5,45.5
ChaiKL00,K'Lavon Chaisson,NE,SEA,2025,22,0.0,2.0,LB,0.76,edge,0.6,2.4,2.8,0,-4.5,45.5
SpilRo00,Robert Spillane,NE,SEA,2025,22,0.0,2.0,LB,1.0,edge,0.0,0.2,2.8,0,-4.5,45.5
WillMi08,Milton Williams,NE,SEA,2025,22,1.0,3.0,DT,0.69,interior,0.6,1.4,2.8,0,-4.5,45.5
JoneEr01,Ernest Jones,SEA,NE,2025,22,0.0,0.0,LB,1.0,edge,0.0,0.2,3.2,0,4.5,45.5
LawrDe00,DeMarcus Lawrence,SEA,NE,2025,22,0.0,2.0,LB,0.65,edge,0.4,1.4,3.2,0,4.5,45.5
MurpBy01,Byron Murphy,SEA,NE,2025,22,2.0,2.0,DT,0.65,interior,0.4,1.2,3.2,0,4.5,45.5
