qb_id,player_name,team,season,week,passing_yards,attempts,offense_pct,opponent,opponent_pass_defense_rank,qb_pass_yards_last5,qb_pass_attempts_last5,qb_injury_status,top_target_availability
00-0035228,Kyler Murray,ARI,2022,1,193.0,34,0.88,KC,,,,0,
00-0032268,Marcus Mariota,ATL,2022,1,215.0,33,1.0,NO,,,,0,
00-0034796,Lamar Jackson,BAL,2022,1,213.0,30,1.0,NYJ,,,,0,
00-0034857,Josh Allen,BUF,2022,1,297.0,31,1.0,LA,,,,0,
00-0034855,Baker Mayfield,CAR,2022,1,235.0,27,1.0,CLE,,,,0,
00-0036945,Justin Fields,CHI,2022,1,121.0,17,1.0,SF,,,,0,
00-0036442,Joe Burrow,CIN,2022,1,338.0,53,1.0,PIT,,,,0,
00-0033119,Jacoby Brissett,CLE,2022,1,147.0,34,1.0,CAR,,,,0,
00-0033077,Dak Prescott,DAL,2022,1,134.0,29,0.77,TB,,,,0,
00-0029263,Russell Wilson,DEN,2022,1,340.0,42,1.0,SEA,,,,0,
00-0033106,Jared Goff,DET,2022,1,215.0,37,1.0,PHI,,,,0,
00-0023459,Aaron Rodgers,GB,2022,1,195.0,34,0.92,MIN,,,,0,
00-0036898,Davis Mills,HOU,2022,1,240.0,37,0.97,IND,,,,0,
00-0026143,Matt Ryan,IND,2022,1,352.0,50,1.0,HOU,,,,0,
00-0036971,Trevor Lawrence,JAX,2022,1,275.0,42,1.0,WAS,,,,0,
00-0033873,Patrick Mahomes,KC,2022,1,360.0,39,0.93,ARI,,,,0,
00-0026498,Matthew Stafford,LA,2022,1,240.0,41,1.0,BUF,,,,0,
00-0036355,Justin Herbert,LAC,2022,1,279.0,34,1.0,LV,,,,0,
00-0031280,Derek Carr,LV,2022,1,295.0,37,1.0,LAC,,,,0,
00-0036212,Tua Tagovailoa,MIA,2022,1,270.0,33,1.0,NE,,,,0,
00-0029604,Kirk Cousins,MIN,2022,1,277.0,32,1.0,GB,,,,0,
00-0036972,Mac Jones,NE,2022,1,213.0,30,1.0,MIA,,,,0,
00-0031503,Jameis Winston,NO,2022,1,269.0,34,1.0,ATL,,,,0,
00-0035710,Daniel Jones,NYG,2022,1,188.0,21,1.0,TEN,,,,0,
00-0026158,Joe Flacco,NYJ,2022,1,309.0,59,1.0,BAL,,,,0,
00-0036389,Jalen Hurts,PHI,2022,1,243.0,32,1.0,DET,,,,0,
00-0033869,Mitchell Trubisky,PIT,2022,1,194.0,38,1.0,CIN,,,,0,
00-0030565,Geno Smith,SEA,2022,1,195.0,28,1.0,DEN,,,,0,
00-0037012,Trey Lance,SF,2022,1,164.0,28,1.0,CHI,,,,0,
00-0019596,Tom Brady,TB,2022,1,212.0,27,1.0,DAL,,,,0,
00-0029701,Ryan Tannehill,TEN,2022,1,266.0,33,1.0,NYG,,,,0,
00-0032950,Carson Wentz,WAS,2022,1,313.0,41,1.0,JAX,,,,0,
00-0035228,Kyler Murray,ARI,2022,2,277.0,49,1.0,LV,24.0,193.0,34.0,0,
00-0032268,Marcus Mariota,ATL,2022,2,196.0,26,1.0,LA,26.0,215.0,33.0,0,
00-0034796,Lamar Jackson,BAL,2022,2,318.0,29,1.0,MIA,11.0,213.0,30.0,0,
00-0034857,Josh Allen,BUF,2022,2,317.0,38,0.76,TEN,5.0,297.0,31.0,0,
00-0034855,Baker Mayfield,CAR,2022,2,145.0,29,1.0,NYG,19.0,235.0,27.0,0,
00-0036945,Justin Fields,CHI,2022,2,70.0,11,1.0,GB,23.0,121.0,17.0,0,
00-0036442,Joe Burrow,CIN,2022,2,199.0,36,1.0,DAL,10.0,338.0,53.0,0,
00-0033119,Jacoby Brissett,CLE,2022,2,229.0,27,1.0,NYJ,11.0,147.0,34.0,0,
00-0033662,Cooper Rush,DAL,2022,2,235.0,31,1.0,CIN,7.0,,,0,
00-0029263,Russell Wilson,DEN,2022,2,219.0,31,1.0,HOU,31.0,340.0,42.0,0,
00-0033106,Jared Goff,DET,2022,2,256.0,34,1.0,WAS,22.0,215.0,37.0,0,
00-0023459,Aaron Rodgers,GB,2022,2,234.0,25,1.0,CHI,4.0,195.0,34.0,0,
00-0036898,Davis Mills,HOU,2022,2,177.0,38,0.95,DEN,8.0,240.0,37.0,0,
00-0026143,Matt Ryan,IND,2022,2,195.0,30,0.96,JAX,28.0,352.0,50.0,0,
00-0036971,Trevor Lawrence,JAX,2022,2,235.0,30,1.0,IND,16.0,275.0,42.0,0,
00-0033873,Patrick Mahomes,KC,2022,2,235.0,35,1.0,LAC,25.0,360.0,39.0,0,
00-0026498,Matthew Stafford,LA,2022,2,272.0,36,0.98,ATL,20.0,240.0,41.0,0,
00-0036355,Justin Herbert,LAC,2022,2,334.0,48,0.99,KC,6.0,279.0,34.0,0,
00-0031280,Derek Carr,LV,2022,2,252.0,39,1.0,ARI,32.0,295.0,37.0,0,
00-0036212,Tua Tagovailoa,MIA,2022,2,469.0,50,1.0,BAL,27.0,270.0,33.0,0,
00-0029604,Kirk Cousins,MIN,2022,2,221.0,46,1.0,PHI,13.0,277.0,32.0,0,
00-0036972,Mac Jones,NE,2022,2,252.0,35,1.0,PIT,29.0,213.0,30.0,0,
00-0031503,Jameis Winston,NO,2022,2,236.0,40,0.97,TB,2.0,269.0,34.0,1,
00-0035710,Daniel Jones,NYG,2022,2,176.0,34,1.0,CAR,3.0,188.0,21.0,0,
00-0026158,Joe Flacco,NYJ,2022,2,307.0,44,1.0,CLE,15.0,309.0,59.0,0,
00-0036389,Jalen Hurts,PHI,2022,2,333.0,31,1.0,MIN,8.0,243.0,32.0,0,
00-0033869,Mitchell Trubisky,PIT,2022,2,168.0,33,1.0,NE,21.0,194.0,38.0,0,
00-0030565,Geno Smith,SEA,2022,2,197.0,30,1.0,SF,1.0,195.0,28.0,0,
00-0031345,Jimmy Garoppolo,SF,2022,2,154.0,21,0.79,SEA,30.0,,,0,
00-0019596,Tom Brady,TB,2022,2,190.0,34,1.0,NO,13.0,212.0,27.0,0,
00-0029701,Ryan Tannehill,TEN,2022,2,117.0,20,0.7,BUF,16.0,266.0,33.0,0,
00-0032950,Carson Wentz,WAS,2022,2,337.0,46,1.0,DET,18.0,313.0,41.0,0,
00-0035228,Kyler Murray,ARI,2022,3,314.0,58,1.0,LA,16.0,235.0,41.5,0,0.0
00-0032268,Marcus Mariota,ATL,2022,3,229.0,20,1.0,SEA,17.0,205.5,29.5,0,0.0
00-0034796,Lamar Jackson,BAL,2022,3,218.0,29,1.0,NE,13.0,265.5,29.5,0,0.0
00-0034857,Josh Allen,BUF,2022,3,400.0,63,1.0,MIA,23.0,307.0,34.5,0,0.0
00-0034855,Baker Mayfield,CAR,2022,3,170.0,25,1.0,NO,8.0,190.0,28.0,0,0.0
00-0036945,Justin Fields,CHI,2022,3,106.0,17,1.0,HOU,28.0,95.5,14.0,0,0.0
00-0036442,Joe Burrow,CIN,2022,3,275.0,36,1.0,NYJ,14.0,268.5,44.5,0,0.0
00-0033119,Jacoby Brissett,CLE,2022,3,220.0,31,1.0,PIT,30.0,188.0,30.5,0,0.0
00-0033662,Cooper Rush,DAL,2022,3,215.0,31,1.0,NYG,9.0,235.0,31.0,0,0.0
00-0029263,Russell Wilson,DEN,2022,3,184.0,33,1.0,SF,1.0,279.5,36.5,0,0.0
00-0033106,Jared Goff,DET,2022,3,277.0,41,1.0,MIN,21.0,235.5,35.5,0,0.0
00-0023459,Aaron Rodgers,GB,2022,3,255.0,35,1.0,TB,5.0,214.5,29.5,0,0.0
00-0036898,Davis Mills,HOU,2022,3,245.0,32,1.0,CHI,7.0,208.5,37.5,0,0.0
00-0026143,Matt Ryan,IND,2022,3,222.0,37,1.0,KC,20.0,273.5,40.0,0,0.0
00-0036971,Trevor Lawrence,JAX,2022,3,262.0,39,0.99,LAC,22.0,255.0,36.0,0,0.0
00-0033873,Patrick Mahomes,KC,2022,3,262.0,35,1.0,IND,15.0,297.5,37.0,0,0.0
00-0026498,Matthew Stafford,LA,2022,3,249.0,25,1.0,ARI,31.0,256.0,38.5,0,0.0
00-0036355,Justin Herbert,LAC,2022,3,297.0,45,1.0,JAX,19.0,306.5,41.0,1,0.0
00-0031280,Derek Carr,LV,2022,3,303.0,44,1.0,TEN,18.0,273.5,38.0,0,0.0
00-0036212,Tua Tagovailoa,MIA,2022,3,186.0,18,0.93,BUF,4.0,369.5,41.5,0,0.0
00-0029604,Kirk Cousins,MIN,2022,3,260.0,41,1.0,DET,29.0,249.0,39.0,0,0.0
00-0036972,Mac Jones,NE,2022,3,321.0,32,1.0,BAL,32.0,232.5,32.5,0,0.0
00-0031503,Jameis Winston,NO,2022,3,353.0,41,1.0,CAR,2.0,252.5,37.0,1,0.0
00-0035710,Daniel Jones,NYG,2022,3,196.0,37,1.0,DAL,9.0,182.0,27.5,0,0.0
00-0026158,Joe Flacco,NYJ,2022,3,285.0,52,1.0,CIN,11.0,308.0,51.5,0,0.0
00-0036389,Jalen Hurts,PHI,2022,3,340.0,35,1.0,WAS,23.0,288.0,31.5,0,0.0
00-0033869,Mitchell Trubisky,PIT,2022,3,207.0,32,1.0,CLE,26.0,181.0,35.5,0,0.0
00-0030565,Geno Smith,SEA,2022,3,325.0,44,1.0,ATL,25.0,196.0,29.0,0,0.0
00-0031345,Jimmy Garoppolo,SF,2022,3,211.0,29,1.0,DEN,6.0,154.0,21.0,0,0.0
00-0019596,Tom Brady,TB,2022,3,271.0,42,1.0,GB,3.0,201.0,30.5,0,0.0
00-0029701,Ryan Tannehill,TEN,2022,3,264.0,27,1.0,LV,27.0,191.5,26.5,0,1.0
00-0032950,Carson Wentz,WAS,2022,3,211.0,43,1.0,PHI,12.0,325.0,43.5,0,0.0
00-0035228,Kyler Murray,ARI,2022,4,207.0,32,1.0,CAR,12.0,261.3333333333333,47.0,0,0.0
00-0032268,Marcus Mariota,ATL,2022,4,139.0,19,1.0,CLE,17.0,213.33333333333334,26.333333333333332,0,0.0
00-0034796,Lamar Jackson,BAL,2022,4,144.0,29,1.0,BUF,2.0,249.66666666666666,29.333333333333332,0,0.0
00-0034857,Josh Allen,BUF,2022,4,213.0,36,1.0,BAL,31.0,338.0,44.0,0,0.0
00-0034855,Baker Mayfield,CAR,2022,4,197.0,36,1.0,ARI,27.0,183.33333333333334,27.0,0,0.0
00-0036945,Justin Fields,CHI,2022,4,174.0,22,1.0,NYG,8.0,99.0,15.0,0,0.0
00-0036442,Joe Burrow,CIN,2022,4,287.0,31,1.0,MIA,30.0,270.6666666666667,41.666666666666664,0,0.0
00-0033119,Jacoby Brissett,CLE,2022,4,234.0,35,1.0,ATL,28.0,198.66666666666666,30.666666666666668,0,0.0
00-0033662,Cooper Rush,DAL,2022,4,223.0,27,1.0,WAS,29.0,225.0,31.0,0,0.0
00-0029263,Russell Wilson,DEN,2022,4,237.0,25,1.0,LV,25.0,247.66666666666666,35.333333333333336,0,0.0
00-0033106,Jared Goff,DET,2022,4,378.0,39,1.0,SEA,15.0,249.33333333333334,37.333333333333336,0,1.0
00-0023459,Aaron Rodgers,GB,2022,4,251.0,35,1.0,NE,11.0,228.0,31.333333333333332,0,0.0
00-0036898,Davis Mills,HOU,2022,4,246.0,35,1.0,LAC,19.0,220.66666666666666,35.666666666666664,0,0.0
00-0026143,Matt Ryan,IND,2022,4,356.0,37,1.0,TEN,23.0,256.3333333333333,39.0,0,0.0
00-0036971,Trevor Lawrence,JAX,2022,4,174.0,23,1.0,PHI,10.0,257.3333333333333,37.0,0,0.0
00-0033873,Patrick Mahomes,KC,2022,4,249.0,37,1.0,TB,7.0,285.6666666666667,36.333333333333336,0,0.0
00-0026498,Matthew Stafford,LA,2022,4,254.0,48,1.0,SF,1.0,253.66666666666666,34.0,0,0.0
00-0036355,Justin Herbert,LAC,2022,4,340.0,39,1.0,HOU,13.0,303.3333333333333,42.333333333333336,0,0.0
00-0031280,Derek Carr,LV,2022,4,188.0,34,1.0,DEN,4.0,283.3333333333333,40.0,0,0.0
00-0031237,Teddy Bridgewater,MIA,2022,4,193.0,23,0.61,CIN,14.0,,,0,0.0
00-0029604,Kirk Cousins,MIN,2022,4,273.0,38,1.0,NO,3.0,252.66666666666666,39.666666666666664,0,0.0
00-0038108,Bailey Zappe,NE,2022,4,99.0,15,0.74,GB,6.0,,,0,0.0
00-0027973,Andy Dalton,NO,2022,4,236.0,28,0.95,MIN,20.0,,,0,0.0
00-0035710,Daniel Jones,NYG,2022,4,71.0,13,0.82,CHI,9.0,186.66666666666666,30.666666666666668,0,0.0
00-0037013,Zach Wilson,NYJ,2022,4,252.0,36,1.0,PIT,24.0,,,1,0.0
00-0036389,Jalen Hurts,PHI,2022,4,204.0,25,1.0,JAX,20.0,305.3333333333333,32.666666666666664,0,0.0
00-0030565,Geno Smith,SEA,2022,4,320.0,30,1.0,DET,26.0,239.0,34.0,0,0.0
00-0031345,Jimmy Garoppolo,SF,2022,4,239.0,27,1.0,LA,22.0,182.5,25.0,0,0.0
00-0019596,Tom Brady,TB,2022,4,385.0,52,1.0,KC,17.0,224.33333333333334,34.333333333333336,0,0.0
00-0029701,Ryan Tannehill,TEN,2022,4,137.0,21,1.0,IND,16.0,215.66666666666666,26.666666666666668,0,0.0
00-0032950,Carson Wentz,WAS,2022,4,170.0,42,1.0,DAL,5.0,287.0,43.333333333333336,0,0.0
00-0035228,Kyler Murray,ARI,2022,5,250.0,42,1.0,PHI,8.0,247.75,43.25,0,0.0
00-0032268,Marcus Mariota,ATL,2022,5,147.0,25,1.0,TB,10.0,194.75,24.5,0,0.0
00-0034796,Lamar Jackson,BAL,2022,5,174.0,32,1.0,CIN,14.0,223.25,29.25,0,0.0
00-0034857,Josh Allen,BUF,2022,5,424.0,31,0.86,PIT,24.0,306.75,42.0,0,0.0
00-0034855,Baker Mayfield,CAR,2022,5,215.0,36,0.87,SF,4.0,186.75,29.25,0,0.0
00-0036945,Justin Fields,CHI,2022,5,208.0,21,1.0,MIN,20.0,117.75,16.75,0,0.0
00-0036442,Joe Burrow,CIN,2022,5,217.0,35,1.0,BAL,32.0,274.75,39.0,0,0.0
00-0033119,Jacoby Brissett,CLE,2022,5,230.0,34,1.0,LAC,19.0,207.5,31.75,0,0.0
00-0033662,Cooper Rush,DAL,2022,5,102.0,16,1.0,LA,21.0,224.33333333333334,29.666666666666668,0,0.0
00-0029263,Russell Wilson,DEN,2022,5,274.0,39,1.0,IND,10.0,245.0,32.75,0,0.0
00-0033106,Jared Goff,DET,2022,5,229.0,35,1.0,NE,14.0,281.5,37.75,0,0.0
00-0023459,Aaron Rodgers,GB,2022,5,222.0,39,1.0,NYG,7.0,233.75,32.25,0,0.0
00-0036898,Davis Mills,HOU,2022,5,140.0,24,1.0,JAX,17.0,227.0,35.5,0,0.0
00-0026143,Matt Ryan,IND,2022,5,251.0,41,1.0,DEN,5.0,281.25,38.5,0,0.0
00-0036971,Trevor Lawrence,JAX,2022,5,286.0,47,1.0,HOU,18.0,236.5,33.5,0,0.0
00-0033873,Patrick Mahomes,KC,2022,5,292.0,43,1.0,LV,22.0,276.5,36.5,0,0.0
00-0026498,Matthew Stafford,LA,2022,5,308.0,42,1.0,DAL,6.0,253.75,37.5,0,0.0
00-0036355,Justin Herbert,LAC,2022,5,228.0,34,1.0,CLE,13.0,312.5,41.5,0,0.0
00-0031280,Derek Carr,LV,2022,5,241.0,30,1.0,KC,28.0,259.5,38.5,0,0.0
00-0037327,Skylar Thompson,MIA,2022,5,166.0,33,0.99,NYJ,16.0,,,0,0.0
00-0029604,Kirk Cousins,MIN,2022,5,296.0,41,1.0,CHI,2.0,257.75,39.25,0,0.0
00-0038108,Bailey Zappe,NE,2022,5,188.0,21,1.0,DET,29.0,99.0,15.0,0,0.0
00-0027973,Andy Dalton,NO,2022,5,187.0,24,0.88,SEA,27.0,236.0,28.0,0,0.0
00-0035710,Daniel Jones,NYG,2022,5,217.0,27,1.0,GB,3.0,157.75,26.25,0,0.0
00-0037013,Zach Wilson,NYJ,2022,5,210.0,21,1.0,MIA,31.0,252.0,36.0,0,0.0
00-0036389,Jalen Hurts,PHI,2022,5,239.0,36,1.0,ARI,23.0,280.0,30.75,0,0.0
00-0038102,Kenny Pickett,PIT,2022,5,327.0,52,1.0,BUF,1.0,,,0,0.0
00-0030565,Geno Smith,SEA,2022,5,268.0,25,1.0,NO,9.0,259.25,33.0,0,0.0
00-0031345,Jimmy Garoppolo,SF,2022,5,253.0,30,0.99,CAR,12.0,201.33333333333334,25.666666666666668,0,0.0
00-0019596,Tom Brady,TB,2022,5,351.0,52,1.0,ATL,26.0,264.5,38.75,0,0.0
00-0029701,Ryan Tannehill,TEN,2022,5,181.0,25,1.0,WAS,25.0,196.0,25.25,0,0.0
00-0032950,Carson Wentz,WAS,2022,5,359.0,38,1.0,TEN,30.0,257.75,43.0,0,0.0
00-0035228,Kyler Murray,ARI,2022,6,222.0,37,1.0,SEA,21.0,248.2,43.0,0,0.0
00-0032268,Marcus Mariota,ATL,2022,6,129.0,14,1.0,SF,2.0,185.2,24.6,0,0.0
00-0034796,Lamar Jackson,BAL,2022,6,210.0,32,1.0,NYG,5.0,213.4,29.8,0,0.0
00-0034857,Josh Allen,BUF,2022,6,329.0,40,1.0,KC,23.0,330.2,39.8,0,0.0
00-0033275,P.J. Walker,CAR,2022,6,60.0,16,0.84,LA,15.0,,,0,0.0
00-0036945,Justin Fields,CHI,2022,6,190.0,27,1.0,WAS,20.0,135.8,17.6,0,0.0
00-0036442,Joe Burrow,CIN,2022,6,300.0,37,1.0,NO,11.0,263.2,38.2,0,0.0
00-0033119,Jacoby Brissett,CLE,2022,6,266.0,45,1.0,NE,13.0,212.0,32.2,0,0.0
00-0033662,Cooper Rush,DAL,2022,6,181.0,38,1.0,PHI,7.0,193.75,26.25,0,0.0
00-0029263,Russell Wilson,DEN,2022,6,188.0,28,1.0,LAC,19.0,250.8,34.0,0,0.0
00-0023459,Aaron Rodgers,GB,2022,6,246.0,41,0.95,NYJ,10.0,231.4,33.6,0,0.0
00-0026143,Matt Ryan,IND,2022,6,389.0,58,1.0,JAX,17.0,275.2,39.0,0,0.0
00-0036971,Trevor Lawrence,JAX,2022,6,165.0,22,1.0,IND,15.0,246.4,36.2,0,0.0
00-0033873,Patrick Mahomes,KC,2022,6,338.0,40,1.0,BUF,4.0,279.6,37.8,0,0.0
00-0026498,Matthew Stafford,LA,2022,6,253.0,33,1.0,CAR,13.0,264.6,38.4,0,0.0
00-0036355,Justin Herbert,LAC,2022,6,238.0,57,1.0,DEN,5.0,295.6,40.0,0,0.0
00-0031237,Teddy Bridgewater,MIA,2022,6,329.0,34,0.69,MIN,18.0,193.0,23.0,1,0.0
00-0029604,Kirk Cousins,MIN,2022,6,175.0,30,1.0,MIA,24.0,265.4,39.6,0,0.0
00-0038108,Bailey Zappe,NE,2022,6,309.0,34,1.0,CLE,11.0,143.5,18.0,0,0.0
00-0027973,Andy Dalton,NO,2022,6,162.0,32,0.88,CIN,8.0,211.5,26.0,0,0.0
00-0035710,Daniel Jones,NYG,2022,6,173.0,27,1.0,BAL,27.0,169.6,26.4,0,0.0
00-0037013,Zach Wilson,NYJ,2022,6,110.0,18,1.0,GB,1.0,231.0,28.5,0,0.0
00-0036389,Jalen Hurts,PHI,2022,6,155.0,25,1.0,DAL,9.0,271.8,31.8,0,0.0
00-0030565,Geno Smith,SEA,2022,6,197.0,31,1.0,ARI,22.0,261.0,31.4,0,0.0
00-0031345,Jimmy Garoppolo,SF,2022,6,296.0,41,1.0,ATL,25.0,214.25,26.75,0,0.0
00-0019596,Tom Brady,TB,2022,6,243.0,40,1.0,PIT,26.0,281.8,41.4,0,0.0
00-0032950,Carson Wentz,WAS,2022,6,99.0,22,1.0,CHI,3.0,278.0,42.0,0,0.0
00-0035228,Kyler Murray,ARI,2022,7,204.0,29,1.0,NO,17.0,254.0,43.6,0,1.0
00-0032268,Marcus Mariota,ATL,2022,7,124.0,13,1.0,CIN,7.0,168.0,20.8,0,0.0
00-0034796,Lamar Jackson,BAL,2022,7,120.0,16,1.0,CLE,15.0,212.8,30.2,0,0.0
00-0033275,P.J. Walker,CAR,2022,7,177.0,22,1.0,TB,5.0,60.0,16.0,0,0.0
00-0036945,Justin Fields,CHI,2022,7,179.0,21,1.0,NE,11.0,149.6,19.6,0,0.0
00-0036442,Joe Burrow,CIN,2022,7,481.0,42,1.0,ATL,26.0,255.6,35.0,0,0.0
00-0033119,Jacoby Brissett,CLE,2022,7,258.0,27,1.0,BAL,25.0,235.8,34.4,0,0.0
00-0033077,Dak Prescott,DAL,2022,7,207.0,25,1.0,DET,21.0,134.0,29.0,0,0.0
00-0034955,Brett Rypien,DEN,2022,7,225.0,46,1.0,NYJ,10.0,,,0,0.0
00-0033106,Jared Goff,DET,2022,7,228.0,26,1.0,DAL,6.0,271.0,37.2,0,0.0
00-0023459,Aaron Rodgers,GB,2022,7,194.0,35,1.0,WAS,15.0,241.6,35.0,0,0.0
00-0036898,Davis Mills,HOU,2022,7,302.0,41,1.0,LV,22.0,209.6,33.2,0,0.0
00-0026143,Matt Ryan,IND,2022,7,243.0,44,1.0,TEN,28.0,282.6,40.6,0,0.0
00-0036971,Trevor Lawrence,JAX,2022,7,310.0,43,1.0,NYG,3.0,224.4,32.2,0,0.0
00-0033873,Patrick Mahomes,KC,2022,7,423.0,34,0.91,SF,4.0,275.2,38.0,0,0.0
00-0036355,Justin Herbert,LAC,2022,7,293.0,51,1.0,SEA,14.0,287.4,44.6,0,0.0
00-0031280,Derek Carr,LV,2022,7,241.0,27,0.98,HOU,20.0,255.8,36.8,0,0.0
00-0036212,Tua Tagovailoa,MIA,2022,7,261.0,35,1.0,PIT,24.0,308.3333333333333,33.666666666666664,0,0.0
00-0038108,Bailey Zappe,NE,2022,7,185.0,22,0.65,CHI,2.0,198.66666666666666,23.333333333333332,0,0.0
00-0027973,Andy Dalton,NO,2022,7,361.0,47,0.99,ARI,12.0,195.0,28.0,0,0.0
00-0035710,Daniel Jones,NYG,2022,7,202.0,30,1.0,JAX,18.0,166.6,27.6,0,0.0
00-0037013,Zach Wilson,NYJ,2022,7,121.0,26,1.0,DEN,8.0,190.66666666666666,25.0,0,0.0
00-0038102,Kenny Pickett,PIT,2022,7,257.0,44,1.0,MIA,23.0,327.0,52.0,0,0.0
00-0030565,Geno Smith,SEA,2022,7,210.0,27,1.0,LAC,13.0,261.4,32.0,0,0.0
00-0031345,Jimmy Garoppolo,SF,2022,7,303.0,37,0.87,KC,27.0,230.6,29.6,0,0.0
00-0019596,Tom Brady,TB,2022,7,290.0,49,1.0,CAR,19.0,288.0,44.0,0,0.0
00-0029701,Ryan Tannehill,TEN,2022,7,132.0,20,0.98,IND,9.0,193.0,25.2,0,0.0
00-0031800,Taylor Heinicke,WAS,2022,7,201.0,33,1.0,GB,1.0,,,0,0.0
00-0035228,Kyler Murray,ARI,2022,8,326.0,44,1.0,MIN,27.0,239.4,39.6,0,0.0
00-0032268,Marcus Mariota,ATL,2022,8,253.0,28,1.0,CAR,25.0,153.6,18.2,0,0.0
00-0034796,Lamar Jackson,BAL,2022,8,238.0,38,1.0,TB,10.0,173.2,27.6,0,0.0
00-0034857,Josh Allen,BUF,2022,8,218.0,25,1.0,GB,2.0,336.6,41.6,0,0.0
00-0033275,P.J. Walker,CAR,2022,8,317.0,36,1.0,ATL,30.0,118.5,19.0,0,0.0
00-0036945,Justin Fields,CHI,2022,8,151.0,23,0.96,DAL,9.0,171.4,21.6,0,0.0
00-0036442,Joe Burrow,CIN,2022,8,232.0,35,1.0,CLE,6.0,312.0,36.2,0,1.0
00-0033119,Jacoby Brissett,CLE,2022,8,278.0,22,1.0,CIN,4.0,241.6,34.4,0,0.0
00-0033077,Dak Prescott,DAL,2022,8,250.0,27,1.0,CHI,1.0,170.5,27.0,0,0.0
00-0029263,Russell Wilson,DEN,2022,8,252.0,30,1.0,JAX,20.0,220.4,31.2,0,0.0
00-0033106,Jared Goff,DET,2022,8,321.0,37,1.0,MIA,24.0,273.6,35.0,0,0.0
00-0023459,Aaron Rodgers,GB,2022,8,203.0,30,1.0,BUF,11.0,233.6,37.0,0,0.0
00-0036898,Davis Mills,HOU,2022,8,152.0,29,1.0,TEN,29.0,222.0,34.0,0,0.0
00-0036879,Sam Ehlinger,IND,2022,8,201.0,23,1.0,WAS,12.0,,,0,0.0
00-0036971,Trevor Lawrence,JAX,2022,8,133.0,31,1.0,DEN,7.0,239.4,34.8,0,0.0
00-0026498,Matthew Stafford,LA,2022,8,187.0,33,1.0,SF,18.0,267.2,36.8,0,0.0
00-0031280,Derek Carr,LV,2022,8,101.0,26,0.76,NO,19.0,245.0,34.8,0,0.0
00-0036212,Tua Tagovailoa,MIA,2022,8,382.0,36,1.0,DET,23.0,296.5,34.0,0,0.0
00-0029604,Kirk Cousins,MIN,2022,8,232.0,36,1.0,ARI,21.0,245.0,39.2,0,0.0
00-0036972,Mac Jones,NE,2022,8,194.0,35,1.0,NYJ,14.0,262.0,32.333333333333336,0,0.0
00-0027973,Andy Dalton,NO,2022,8,229.0,30,0.84,LV,26.0,236.5,32.75,0,0.0
00-0035710,Daniel Jones,NYG,2022,8,176.0,31,1.0,SEA,22.0,171.8,26.8,0,1.0
00-0037013,Zach Wilson,NYJ,2022,8,355.0,41,1.0,NE,15.0,173.25,25.25,0,0.0
00-0036389,Jalen Hurts,PHI,2022,8,285.0,28,0.81,PIT,28.0,254.2,30.4,0,0.0
00-0038102,Kenny Pickett,PIT,2022,8,191.0,38,1.0,PHI,8.0,292.0,48.0,0,0.0
00-0030565,Geno Smith,SEA,2022,8,212.0,34,1.0,NYG,13.0,264.0,31.4,0,0.0
00-0031345,Jimmy Garoppolo,SF,2022,8,235.0,25,1.0,LA,3.0,260.4,32.8,0,1.0
00-0019596,Tom Brady,TB,2022,8,325.0,44,1.0,BAL,16.0,308.0,47.0,0,0.0
00-0038128,Malik Willis,TEN,2022,8,55.0,10,1.0,HOU,17.0,,,0,0.0
00-0031800,Taylor Heinicke,WAS,2022,8,279.0,31,1.0,IND,5.0,201.0,33.0,0,0.0
00-0035228,Kyler Murray,ARI,2022,9,175.0,35,1.0,SEA,18.0,241.8,36.8,0,0.0
00-0032268,Marcus Mariota,ATL,2022,9,129.0,23,1.0,LAC,11.0,158.4,19.8,0,0.0
00-0034796,Lamar Jackson,BAL,2022,9,133.0,22,1.0,NO,12.0,177.2,29.4,0,1.0
00-0034857,Josh Allen,BUF,2022,9,205.0,34,1.0,NYJ,10.0,316.8,39.0,0,0.0
00-0034855,Baker Mayfield,CAR,2022,9,155.0,20,0.63,CIN,3.0,192.4,30.6,0,0.0
00-0036945,Justin Fields,CHI,2022,9,123.0,28,1.0,MIA,17.0,180.4,22.8,0,0.0
00-0036442,Joe Burrow,CIN,2022,9,206.0,28,0.78,CAR,18.0,303.4,36.0,0,0.0
00-0033106,Jared Goff,DET,2022,9,137.0,26,1.0,GB,1.0,286.6,35.6,0,0.0
00-0023459,Aaron Rodgers,GB,2022,9,291.0,43,1.0,DET,22.0,223.2,36.0,0,0.0
00-0036898,Davis Mills,HOU,2022,9,154.0,22,1.0,PHI,7.0,217.0,32.2,0,0.0
00-0036879,Sam Ehlinger,IND,2022,9,103.0,29,1.0,NE,20.0,201.0,23.0,0,0.0
00-0036971,Trevor Lawrence,JAX,2022,9,235.0,31,1.0,LV,21.0,213.6,33.2,0,0.0
00-0033873,Patrick Mahomes,KC,2022,9,446.0,68,1.0,TEN,24.0,312.8,37.8,0,0.0
00-0026498,Matthew Stafford,LA,2022,9,165.0,27,1.0,TB,9.0,250.2,36.2,0,0.0
00-0036355,Justin Herbert,LAC,2022,9,245.0,43,1.0,ATL,26.0,279.2,45.2,0,1.0
00-0031280,Derek Carr,LV,2022,9,259.0,36,1.0,JAX,14.0,214.8,32.2,0,0.0
00-0036212,Tua Tagovailoa,MIA,2022,9,302.0,30,1.0,CHI,2.0,313.6,34.4,0,0.0
00-0029604,Kirk Cousins,MIN,2022,9,265.0,40,0.98,WAS,6.0,247.2,37.2,0,0.0
00-0036972,Mac Jones,NE,2022,9,147.0,30,1.0,IND,5.0,245.0,33.0,0,0.0
00-0027973,Andy Dalton,NO,2022,9,210.0,29,0.9,BAL,13.0,235.0,32.2,0,0.0
00-0037013,Zach Wilson,NYJ,2022,9,154.0,25,1.0,BUF,15.0,209.6,28.4,0,0.0
00-0036389,Jalen Hurts,PHI,2022,9,243.0,27,1.0,HOU,8.0,244.6,29.8,0,0.0
00-0030565,Geno Smith,SEA,2022,9,275.0,34,1.0,ARI,16.0,241.4,29.4,0,0.0
00-0019596,Tom Brady,TB,2022,9,280.0,58,1.0,LA,4.0,318.8,47.4,0,0.0
00-0038128,Malik Willis,TEN,2022,9,80.0,16,1.0,KC,25.0,55.0,10.0,0,0.0
00-0031800,Taylor Heinicke,WAS,2022,9,149.0,28,1.0,MIN,23.0,240.0,32.0,0,0.0
00-0027688,Colt McCoy,ARI,2022,10,238.0,37,0.97,LA,2.0,,,0,0.0
00-0032268,Marcus Mariota,ATL,2022,10,186.0,30,1.0,CAR,21.0,156.4,20.6,0,0.0
00-0034857,Josh Allen,BUF,2022,10,330.0,43,1.0,MIN,20.0,277.8,33.2,1,0.0
00-0033275,P.J. Walker,CAR,2022,10,108.0,16,1.0,ATL,28.0,184.66666666666666,24.666666666666668,0,0.0
00-0036945,Justin Fields,CHI,2022,10,167.0,20,1.0,DET,25.0,170.2,24.0,0,0.0
00-0033119,Jacoby Brissett,CLE,2022,10,212.0,35,1.0,MIA,13.0,253.2,32.6,0,0.0
00-0033077,Dak Prescott,DAL,2022,10,265.0,46,1.0,GB,1.0,197.0,27.0,0,0.0
00-0029263,Russell Wilson,DEN,2022,10,286.0,42,1.0,TEN,27.0,227.0,31.0,0,0.0
00-0033106,Jared Goff,DET,2022,10,236.0,26,1.0,CHI,15.0,258.6,32.6,0,0.0
00-0023459,Aaron Rodgers,GB,2022,10,224.0,20,1.0,DAL,9.0,231.2,37.6,0,0.0
00-0036898,Davis Mills,HOU,2022,10,319.0,37,1.0,NYG,14.0,198.8,30.2,0,0.0
00-0026143,Matt Ryan,IND,2022,10,222.0,28,1.0,LV,22.0,292.2,43.4,0,0.0
00-0036971,Trevor Lawrence,JAX,2022,10,259.0,40,1.0,KC,24.0,225.8,34.8,0,0.0
00-0033873,Patrick Mahomes,KC,2022,10,331.0,35,1.0,JAX,19.0,349.6,44.4,0,0.0
00-0034899,John Wolford,LA,2022,10,212.0,36,0.92,ARI,23.0,,,0,0.0
00-0036355,Justin Herbert,LAC,2022,10,196.0,35,0.95,SF,18.0,268.8,44.8,0,0.0
00-0031280,Derek Carr,LV,2022,10,248.0,38,1.0,IND,6.0,206.0,30.6,0,0.0
00-0036212,Tua Tagovailoa,MIA,2022,10,285.0,32,0.9,CLE,10.0,320.0,33.8,0,0.0
00-0029604,Kirk Cousins,MIN,2022,10,357.0,50,1.0,BUF,17.0,248.2,37.0,0,0.0
00-0027973,Andy Dalton,NO,2022,10,174.0,27,0.91,PIT,26.0,229.8,32.4,0,0.0
00-0035710,Daniel Jones,NYG,2022,10,197.0,17,1.0,HOU,16.0,167.8,25.6,0,0.0
00-0036389,Jalen Hurts,PHI,2022,10,175.0,26,1.0,WAS,11.0,225.2,28.2,0,0.0
00-0038102,Kenny Pickett,PIT,2022,10,199.0,30,1.0,NO,8.0,258.3333333333333,44.666666666666664,0,0.0
00-0030565,Geno Smith,SEA,2022,10,275.0,33,1.0,TB,5.0,232.4,30.2,0,0.0
00-0031345,Jimmy Garoppolo,SF,2022,10,240.0,28,1.0,LAC,7.0,265.2,32.0,0,0.0
00-0019596,Tom Brady,TB,2022,10,258.0,29,1.0,SEA,12.0,297.8,48.6,0,0.0
00-0029701,Ryan Tannehill,TEN,2022,10,255.0,36,0.98,DEN,3.0,166.2,22.6,1,0.0
00-0031800,Taylor Heinicke,WAS,2022,10,211.0,29,1.0,PHI,4.0,209.66666666666666,30.666666666666668,0,0.0
00-0027688,Colt McCoy,ARI,2022,11,218.0,34,0.79,SF,14.0,238.0,37.0,0,0.0
00-0032268,Marcus Mariota,ATL,2022,11,131.0,20,1.0,CHI,12.0,164.2,21.6,0,0.0
00-0034796,Lamar Jackson,BAL,2022,11,209.0,33,1.0,CAR,17.0,175.0,28.0,1,0.0
00-0034857,Josh Allen,BUF,2022,11,197.0,27,1.0,CLE,15.0,301.2,34.6,0,0.0
00-0034855,Baker Mayfield,CAR,2022,11,196.0,33,1.0,BAL,16.0,176.4,29.2,0,0.0
00-0036945,Justin Fields,CHI,2022,11,153.0,21,1.0,ATL,26.0,162.0,23.8,0,0.0
00-0036442,Joe Burrow,CIN,2022,11,355.0,39,1.0,PIT,25.0,287.2,35.4,0,0.0
00-0033119,Jacoby Brissett,CLE,2022,11,324.0,41,1.0,BUF,24.0,248.8,32.6,0,0.0
00-0033077,Dak Prescott,DAL,2022,11,276.0,25,0.89,MIN,23.0,214.0,31.75,0,0.0
00-0029263,Russell Wilson,DEN,2022,11,247.0,31,1.0,LV,22.0,247.4,32.8,0,1.0
00-0033106,Jared Goff,DET,2022,11,165.0,26,1.0,NYG,20.0,230.2,30.0,0,0.0
00-0023459,Aaron Rodgers,GB,2022,11,227.0,39,1.0,TEN,27.0,231.6,33.8,0,0.0
00-0036898,Davis Mills,HOU,2022,11,169.0,33,1.0,WAS,9.0,213.4,30.6,0,0.0
00-0026143,Matt Ryan,IND,2022,11,213.0,32,1.0,PHI,5.0,292.2,41.6,0,0.0
00-0033873,Patrick Mahomes,KC,2022,11,329.0,34,1.0,LAC,6.0,366.0,44.0,0,0.0
00-0036355,Justin Herbert,LAC,2022,11,280.0,30,1.0,KC,18.0,240.0,44.0,0,0.0
00-0031280,Derek Carr,LV,2022,11,307.0,37,1.0,DEN,7.0,218.0,31.4,0,0.0
00-0029604,Kirk Cousins,MIN,2022,11,105.0,23,0.79,DAL,11.0,265.0,39.4,0,0.0
00-0036972,Mac Jones,NE,2022,11,246.0,27,1.0,NYJ,10.0,225.4,32.4,0,0.0
00-0027973,Andy Dalton,NO,2022,11,260.0,25,0.7,LA,2.0,227.2,33.0,0,0.0
00-0035710,Daniel Jones,NYG,2022,11,341.0,44,1.0,DET,19.0,193.0,26.4,0,0.0
00-0037013,Zach Wilson,NYJ,2022,11,77.0,22,1.0,NE,13.0,190.0,26.2,0,0.0
00-0036389,Jalen Hurts,PHI,2022,11,190.0,25,1.0,IND,4.0,219.4,28.4,0,0.0
00-0038102,Kenny Pickett,PIT,2022,11,265.0,42,1.0,CIN,1.0,243.5,41.0,0,0.0
00-0031345,Jimmy Garoppolo,SF,2022,11,228.0,29,0.88,ARI,21.0,265.4,32.2,0,0.0
00-0029701,Ryan Tannehill,TEN,2022,11,333.0,27,1.0,GB,3.0,193.8,25.8,0,0.0
00-0031800,Taylor Heinicke,WAS,2022,11,191.0,27,1.0,HOU,8.0,210.0,30.25,0,0.0
00-0035228,Kyler Murray,ARI,2022,12,191.0,29,1.0,LAC,13.0,235.4,37.4,0,0.0
00-0032268,Marcus Mariota,ATL,2022,12,174.0,25,1.0,WAS,9.0,164.6,22.8,0,0.0
00-0034796,Lamar Jackson,BAL,2022,12,254.0,32,1.0,JAX,32.0,182.0,28.2,0,0.0
00-0034857,Josh Allen,BUF,2022,12,253.0,42,1.0,DET,30.0,255.8,33.8,0,0.0
00-0034869,Sam Darnold,CAR,2022,12,164.0,19,1.0,DEN,10.0,,,0,0.0
00-0032156,Trevor Siemian,CHI,2022,12,179.0,25,1.0,NYJ,15.0,,,0,0.0
00-0036442,Joe Burrow,CIN,2022,12,270.0,37,1.0,TEN,28.0,314.8,36.2,0,0.0
00-0033119,Jacoby Brissett,CLE,2022,12,210.0,37,1.0,TB,8.0,267.6,34.0,0,0.0
00-0033077,Dak Prescott,DAL,2022,12,261.0,30,1.0,NYG,22.0,226.4,30.4,0,0.0
00-0029263,Russell Wilson,DEN,2022,12,142.0,35,1.0,CAR,18.0,249.4,34.0,0,0.0
00-0033106,Jared Goff,DET,2022,12,240.0,37,1.0,BUF,29.0,217.4,28.2,0,0.0
00-0023459,Aaron Rodgers,GB,2022,12,140.0,16,0.8,PHI,4.0,227.8,33.4,0,0.0
00-0034577,Kyle Allen,HOU,2022,12,215.0,39,1.0,MIA,12.0,,,0,0.0
00-0026143,Matt Ryan,IND,2022,12,199.0,34,1.0,PIT,27.0,263.6,40.6,0,0.0
00-0036971,Trevor Lawrence,JAX,2022,12,321.0,37,1.0,BAL,21.0,220.4,33.4,0,0.0
00-0033873,Patrick Mahomes,KC,2022,12,320.0,42,1.0,LA,11.0,373.4,42.2,0,0.0
00-0035939,Bryce Perkins,LA,2022,12,100.0,23,1.0,KC,24.0,,,0,0.0
00-0036355,Justin Herbert,LAC,2022,12,274.0,47,1.0,ARI,26.0,250.4,43.2,0,1.0
00-0031280,Derek Carr,LV,2022,12,295.0,36,0.99,SEA,16.0,231.2,32.8,0,0.0
00-0036212,Tua Tagovailoa,MIA,2022,12,299.0,36,0.72,HOU,2.0,283.2,30.2,0,0.0
00-0029604,Kirk Cousins,MIN,2022,12,299.0,37,1.0,NE,5.0,226.8,35.8,0,0.0
00-0036972,Mac Jones,NE,2022,12,382.0,39,1.0,MIN,31.0,232.0,31.8,0,0.0
00-0027973,Andy Dalton,NO,2022,12,204.0,29,0.86,SF,19.0,246.8,31.6,0,0.0
00-0035710,Daniel Jones,NYG,2022,12,228.0,35,1.0,DAL,1.0,217.8,29.8,0,0.0
00-0034401,Mike White,NYJ,2022,12,315.0,28,1.0,CHI,14.0,,,0,0.0
00-0036389,Jalen Hurts,PHI,2022,12,153.0,28,1.0,GB,20.0,209.6,26.2,0,0.0
00-0038102,Kenny Pickett,PIT,2022,12,174.0,28,1.0,IND,7.0,247.8,41.2,0,0.0
00-0030565,Geno Smith,SEA,2022,12,328.0,37,1.0,LV,23.0,233.8,31.8,0,0.0
00-0031345,Jimmy Garoppolo,SF,2022,12,222.0,37,1.0,NO,3.0,260.4,32.0,0,0.0
00-0019596,Tom Brady,TB,2022,12,246.0,43,1.0,CLE,17.0,279.2,44.0,0,0.0
00-0029701,Ryan Tannehill,TEN,2022,12,291.0,34,1.0,CIN,6.0,207.6,25.8,0,0.0
00-0031800,Taylor Heinicke,WAS,2022,12,138.0,23,1.0,ATL,25.0,206.2,29.6,0,0.0
00-0032268,Marcus Mariota,ATL,2022,13,167.0,24,1.0,PIT,23.0,174.6,25.2,0,0.0
00-0035993,Tyler Huntley,BAL,2022,13,187.0,32,0.86,DEN,5.0,,,0,0.0
00-0034857,Josh Allen,BUF,2022,13,223.0,33,1.0,NE,8.0,240.6,34.2,0,0.0
00-0036945,Justin Fields,CHI,2022,13,254.0,25,1.0,GB,15.0,154.6,22.6,0,0.0
00-0036442,Joe Burrow,CIN,2022,13,286.0,31,1.0,KC,9.0,308.8,36.2,0,0.0
00-0033537,Deshaun Watson,CLE,2022,13,131.0,22,0.98,HOU,7.0,,,0,0.0
00-0033077,Dak Prescott,DAL,2022,13,170.0,30,0.96,IND,10.0,251.8,30.6,0,0.0
00-0029263,Russell Wilson,DEN,2022,13,189.0,22,1.0,BAL,26.0,223.0,33.2,0,0.0
00-0033106,Jared Goff,DET,2022,13,340.0,41,0.97,JAX,25.0,219.8,30.4,0,0.0
00-0023459,Aaron Rodgers,GB,2022,13,182.0,31,1.0,CHI,20.0,217.0,29.6,0,0.0
00-0034577,Kyle Allen,HOU,2022,13,201.0,39,1.0,CLE,13.0,215.0,39.0,0,0.0
00-0026143,Matt Ryan,IND,2022,13,233.0,37,1.0,DAL,3.0,253.2,39.2,0,0.0
00-0036971,Trevor Lawrence,JAX,2022,13,179.0,31,0.93,DET,29.0,251.6,36.4,0,0.0
00-0033873,Patrick Mahomes,KC,2022,13,223.0,27,1.0,CIN,16.0,369.8,42.6,0,0.0
00-0034899,John Wolford,LA,2022,13,178.0,26,0.98,SEA,18.0,212.0,36.0,0,0.0
00-0036355,Justin Herbert,LAC,2022,13,335.0,47,1.0,LV,21.0,257.6,41.2,0,0.0
00-0031280,Derek Carr,LV,2022,13,250.0,30,1.0,LAC,14.0,242.0,34.6,0,0.0
00-0036212,Tua Tagovailoa,MIA,2022,13,295.0,33,0.98,SF,19.0,305.8,33.8,0,0.0
00-0029604,Kirk Cousins,MIN,2022,13,173.0,35,1.0,NYJ,11.0,251.6,37.2,0,0.0
00-0036972,Mac Jones,NE,2022,13,195.0,36,1.0,BUF,24.0,258.0,32.6,0,0.0
00-0027973,Andy Dalton,NO,2022,13,229.0,28,0.88,TB,12.0,215.4,28.0,0,0.0
00-0035710,Daniel Jones,NYG,2022,13,200.0,31,1.0,WAS,6.0,228.8,31.4,0,0.0
00-0034401,Mike White,NYJ,2022,13,369.0,57,1.0,MIN,30.0,315.0,28.0,0,0.0
00-0036389,Jalen Hurts,PHI,2022,13,380.0,39,0.88,TEN,28.0,209.2,26.8,0,0.0
00-0038102,Kenny Pickett,PIT,2022,13,197.0,28,1.0,ATL,4.0,217.2,36.4,0,0.0
00-0030565,Geno Smith,SEA,2022,13,367.0,39,1.0,LA,27.0,260.0,33.0,0,0.0
00-0037834,Brock Purdy,SF,2022,13,210.0,37,0.9,MIA,17.0,,,0,0.0
00-0019596,Tom Brady,TB,2022,13,281.0,54,1.0,NO,1.0,279.8,44.6,0,0.0
00-0029701,Ryan Tannehill,TEN,2022,13,141.0,22,0.82,PHI,2.0,238.4,28.4,0,0.0
00-0031800,Taylor Heinicke,WAS,2022,13,275.0,41,1.0,NYG,22.0,193.6,27.6,0,0.0
00-0027688,Colt McCoy,ARI,2022,14,246.0,40,0.96,NE,6.0,228.0,35.5,0,0.0
00-0035993,Tyler Huntley,BAL,2022,14,88.0,12,0.62,PIT,14.0,187.0,32.0,0,0.0
00-0034857,Josh Allen,BUF,2022,14,147.0,27,1.0,NYJ,3.0,241.6,35.8,0,0.0
00-0034869,Sam Darnold,CAR,2022,14,120.0,24,1.0,SEA,9.0,164.0,19.0,0,0.0
00-0036442,Joe Burrow,CIN,2022,14,239.0,33,1.0,CLE,13.0,269.8,34.0,0,0.0
00-0033537,Deshaun Watson,CLE,2022,14,276.0,42,0.99,CIN,15.0,131.0,22.0,0,0.0
00-0033077,Dak Prescott,DAL,2022,14,284.0,39,1.0,HOU,7.0,244.4,31.6,0,0.0
00-0029263,Russell Wilson,DEN,2022,14,247.0,36,0.86,KC,4.0,223.2,32.0,0,1.0
00-0033106,Jared Goff,DET,2022,14,330.0,39,1.0,MIN,24.0,223.6,31.2,0,0.0
00-0036971,Trevor Lawrence,JAX,2022,14,368.0,42,1.0,TEN,25.0,225.4,34.0,1,0.0
00-0033873,Patrick Mahomes,KC,2022,14,352.0,42,1.0,DEN,5.0,329.8,41.2,0,0.0
00-0034855,Baker Mayfield,LA,2022,14,230.0,35,0.95,LV,21.0,186.6,30.0,0,0.0
00-0036355,Justin Herbert,LAC,2022,14,367.0,51,1.0,MIA,8.0,266.0,40.4,0,0.0
00-0031280,Derek Carr,LV,2022,14,137.0,20,1.0,LA,23.0,271.8,35.4,0,0.0
00-0036212,Tua Tagovailoa,MIA,2022,14,145.0,28,1.0,LAC,12.0,312.6,33.4,0,0.0
00-0029604,Kirk Cousins,MIN,2022,14,425.0,41,1.0,DET,17.0,239.8,37.0,0,0.0
00-0036972,Mac Jones,NE,2022,14,235.0,35,1.0,ARI,16.0,232.8,33.4,0,1.0
00-0035710,Daniel Jones,NYG,2022,14,169.0,27,0.81,PHI,1.0,228.4,31.6,0,0.0
00-0034401,Mike White,NYJ,2022,14,268.0,44,0.91,BUF,20.0,342.0,42.5,0,0.0
00-0036389,Jalen Hurts,PHI,2022,14,217.0,31,0.93,NYG,18.0,228.2,29.0,0,0.0
00-0033869,Mitchell Trubisky,PIT,2022,14,276.0,30,0.85,BAL,19.0,189.66666666666666,34.333333333333336,0,0.0
00-0030565,Geno Smith,SEA,2022,14,264.0,36,1.0,CAR,2.0,291.4,35.4,0,0.0
00-0037834,Brock Purdy,SF,2022,14,185.0,21,0.83,TB,11.0,210.0,37.0,0,0.0
00-0019596,Tom Brady,TB,2022,14,253.0,55,1.0,SF,10.0,278.0,45.6,0,0.0
00-0029701,Ryan Tannehill,TEN,2022,14,254.0,38,1.0,JAX,22.0,230.4,27.8,0,1.0
00-0038122,Desmond Ridder,ATL,2022,15,97.0,26,1.0,NO,4.0,,,0,0.0
00-0035993,Tyler Huntley,BAL,2022,15,138.0,30,1.0,CLE,19.0,137.5,22.0,0,0.0
00-0034857,Josh Allen,BUF,2022,15,304.0,40,1.0,MIA,14.0,230.0,34.4,0,0.0
00-0034869,Sam Darnold,CAR,2022,15,225.0,23,1.0,PIT,8.0,142.0,21.5,0,0.0
00-0036945,Justin Fields,CHI,2022,15,152.0,21,0.98,PHI,2.0,169.6,23.4,0,0.0
00-0036442,Joe Burrow,CIN,2022,15,200.0,39,1.0,TB,12.0,271.2,33.6,0,0.0
00-0033537,Deshaun Watson,CLE,2022,15,161.0,28,0.98,BAL,21.0,203.5,32.0,0,0.0
00-0033077,Dak Prescott,DAL,2022,15,256.0,30,1.0,JAX,29.0,251.2,34.0,0,0.0
00-0034955,Brett Rypien,DEN,2022,15,197.0,26,1.0,ARI,23.0,225.0,46.0,0,0.0
00-0033106,Jared Goff,DET,2022,15,252.0,38,1.0,NYJ,7.0,262.2,33.8,0,0.0
00-0023459,Aaron Rodgers,GB,2022,15,229.0,30,1.0,LA,25.0,212.8,29.8,0,0.0
00-0036898,Davis Mills,HOU,2022,15,121.0,24,0.83,KC,20.0,219.2,32.4,0,0.0
00-0026143,Matt Ryan,IND,2022,15,182.0,33,1.0,MIN,31.0,222.0,35.0,0,0.0
00-0036971,Trevor Lawrence,JAX,2022,15,318.0,42,1.0,DAL,5.0,272.4,36.2,1,0.0
00-0033873,Patrick Mahomes,KC,2022,15,336.0,41,1.0,HOU,13.0,311.0,36.0,0,0.0
00-0034855,Baker Mayfield,LA,2022,15,111.0,21,1.0,GB,15.0,198.6,32.0,0,0.0
00-0036355,Justin Herbert,LAC,2022,15,313.0,42,1.0,TEN,30.0,290.4,42.0,0,0.0
00-0031280,Derek Carr,LV,2022,15,231.0,38,1.0,NE,6.0,247.4,32.2,0,0.0
00-0036212,Tua Tagovailoa,MIA,2022,15,234.0,30,1.0,BUF,28.0,265.2,31.8,0,0.0
00-0029604,Kirk Cousins,MIN,2022,15,460.0,54,1.0,IND,3.0,271.8,37.2,0,0.0
00-0036972,Mac Jones,NE,2022,15,112.0,31,1.0,LV,26.0,241.0,33.4,0,0.0
00-0027973,Andy Dalton,NO,2022,15,151.0,17,0.85,ATL,1.0,215.4,27.6,0,0.0
00-0035710,Daniel Jones,NYG,2022,15,160.0,32,1.0,WAS,8.0,227.0,30.8,0,0.0
00-0037013,Zach Wilson,NYJ,2022,15,317.0,35,1.0,DET,27.0,163.4,26.4,0,0.0
00-0036389,Jalen Hurts,PHI,2022,15,315.0,37,1.0,CHI,17.0,223.0,29.8,0,0.0
00-0033869,Mitchell Trubisky,PIT,2022,15,179.0,22,1.0,CAR,10.0,211.25,33.25,0,0.0
00-0030565,Geno Smith,SEA,2022,15,238.0,44,1.0,SF,17.0,301.8,35.8,0,0.0
00-0037834,Brock Purdy,SF,2022,15,217.0,26,1.0,SEA,11.0,197.5,29.0,1,0.0
00-0019596,Tom Brady,TB,2022,15,312.0,44,1.0,CIN,22.0,263.6,47.8,0,0.0
00-0029701,Ryan Tannehill,TEN,2022,15,165.0,22,0.84,LAC,16.0,254.8,31.4,0,0.0
00-0031800,Taylor Heinicke,WAS,2022,15,249.0,29,1.0,NYG,24.0,192.8,29.6,0,0.0
00-0035146,Trace McSorley,ARI,2022,16,217.0,45,1.0,TB,13.0,,,0,0.0
00-0038122,Desmond Ridder,ATL,2022,16,218.0,33,1.0,BAL,16.0,97.0,26.0,0,0.0
00-0035993,Tyler Huntley,BAL,2022,16,115.0,17,1.0,ATL,1.0,137.66666666666666,24.666666666666668,1,0.0
00-0034857,Josh Allen,BUF,2022,16,172.0,26,1.0,CHI,19.0,224.8,33.8,0,0.0
00-0034869,Sam Darnold,CAR,2022,16,250.0,22,1.0,DET,29.0,169.66666666666666,22.0,0,0.0
00-0036945,Justin Fields,CHI,2022,16,119.0,23,0.92,BUF,24.0,169.8,23.0,0,0.0
00-0036442,Joe Burrow,CIN,2022,16,375.0,52,1.0,NE,11.0,270.0,35.8,0,0.0
00-0033537,Deshaun Watson,CLE,2022,16,135.0,31,1.0,NO,4.0,189.33333333333334,30.666666666666668,0,0.0
00-0033077,Dak Prescott,DAL,2022,16,347.0,35,1.0,PHI,2.0,249.4,30.8,0,0.0
00-0029263,Russell Wilson,DEN,2022,16,214.0,27,0.75,LA,27.0,222.2,33.2,0,0.0
00-0033106,Jared Goff,DET,2022,16,355.0,42,1.0,CAR,5.0,265.4,36.2,0,0.0
00-0023459,Aaron Rodgers,GB,2022,16,238.0,38,1.0,MIA,26.0,200.4,27.2,0,0.0
00-0036898,Davis Mills,HOU,2022,16,178.0,28,0.78,TEN,31.0,183.0,29.0,0,0.0
00-0029567,Nick Foles,IND,2022,16,144.0,29,1.0,LAC,12.0,,,0,0.0
00-0036971,Trevor Lawrence,JAX,2022,16,229.0,31,0.96,NYJ,6.0,289.0,38.4,1,0.0
00-0033873,Patrick Mahomes,KC,2022,16,224.0,28,1.0,SEA,10.0,312.0,37.2,0,0.0
00-0034855,Baker Mayfield,LA,2022,16,230.0,28,0.94,DEN,25.0,181.4,29.0,0,0.0
00-0036355,Justin Herbert,LAC,2022,16,235.0,31,1.0,IND,22.0,313.8,43.4,0,0.0
00-0031280,Derek Carr,LV,2022,16,174.0,30,1.0,PIT,8.0,244.0,32.2,0,0.0
00-0036212,Tua Tagovailoa,MIA,2022,16,310.0,25,1.0,GB,15.0,251.6,31.8,0,0.0
00-0029604,Kirk Cousins,MIN,2022,16,299.0,48,1.0,NYG,18.0,292.4,38.0,0,0.0
00-0036972,Mac Jones,NE,2022,16,240.0,33,1.0,CIN,28.0,234.0,33.6,0,0.0
00-0027973,Andy Dalton,NO,2022,16,92.0,15,0.72,CLE,7.0,203.6,25.2,0,1.0
00-0035710,Daniel Jones,NYG,2022,16,334.0,42,1.0,MIN,30.0,219.6,33.8,0,0.0
00-0035289,Gardner Minshew,PHI,2022,16,355.0,40,1.0,DAL,14.0,,,0,0.0
00-0038102,Kenny Pickett,PIT,2022,16,244.0,39,1.0,LV,23.0,205.2,33.2,0,0.0
00-0030565,Geno Smith,SEA,2022,16,215.0,40,1.0,KC,8.0,294.4,37.8,0,0.0
00-0037834,Brock Purdy,SF,2022,16,234.0,22,1.0,WAS,3.0,204.0,28.0,0,0.0
00-0019596,Tom Brady,TB,2022,16,281.0,48,1.0,ARI,17.0,270.0,45.0,0,0.0
00-0038128,Malik Willis,TEN,2022,16,99.0,23,1.0,HOU,21.0,67.5,13.0,0,0.0
00-0031800,Taylor Heinicke,WAS,2022,16,166.0,18,0.74,SF,20.0,212.8,29.8,0,0.0
00-0035040,David Blough,ARI,2022,17,222.0,40,1.0,ATL,1.0,,,0,0.0
00-0038122,Desmond Ridder,ATL,2022,17,169.0,26,1.0,ARI,18.0,157.5,29.5,0,0.0
00-0035993,Tyler Huntley,BAL,2022,17,130.0,21,1.0,PIT,2.0,132.0,22.75,0,0.0
00-0034869,Sam Darnold,CAR,2022,17,341.0,37,1.0,TB,11.0,189.75,22.0,0,0.0
00-0036945,Justin Fields,CHI,2022,17,75.0,21,1.0,DET,26.0,169.0,22.0,0,0.0
00-0033537,Deshaun Watson,CLE,2022,17,169.0,18,0.98,WAS,6.0,175.75,30.75,0,0.0
00-0033077,Dak Prescott,DAL,2022,17,282.0,41,1.0,TEN,28.0,263.6,32.8,0,0.0
00-0029263,Russell Wilson,DEN,2022,17,222.0,38,1.0,KC,8.0,207.8,30.2,0,0.0
00-0033106,Jared Goff,DET,2022,17,255.0,29,0.9,CHI,12.0,303.4,39.4,0,0.0
00-0023459,Aaron Rodgers,GB,2022,17,159.0,24,0.89,MIN,29.0,203.2,30.8,0,0.0
00-0036898,Davis Mills,HOU,2022,17,202.0,40,0.83,JAX,27.0,188.2,28.8,0,0.0
00-0036971,Trevor Lawrence,JAX,2022,17,152.0,21,0.7,HOU,13.0,283.0,36.6,1,0.0
00-0033873,Patrick Mahomes,KC,2022,17,328.0,42,1.0,DEN,21.0,291.0,36.0,0,0.0
00-0034855,Baker Mayfield,LA,2022,17,132.0,19,1.0,LAC,3.0,184.4,27.4,0,0.0
00-0036355,Justin Herbert,LAC,2022,17,212.0,28,0.8,LA,23.0,304.8,43.6,0,0.0
00-0035264,Jarrett Stidham,LV,2022,17,365.0,34,1.0,SF,15.0,,,0,0.0
00-0031237,Teddy Bridgewater,MIA,2022,17,161.0,19,0.62,NE,25.0,261.0,28.5,0,0.0
00-0029604,Kirk Cousins,MIN,2022,17,205.0,31,0.86,GB,16.0,331.2,43.0,0,0.0
00-0036972,Mac Jones,NE,2022,17,204.0,33,1.0,MIA,24.0,232.8,34.8,0,0.0
00-0027973,Andy Dalton,NO,2022,17,205.0,22,0.81,PHI,7.0,187.2,22.8,0,0.0
00-0035710,Daniel Jones,NYG,2022,17,177.0,24,0.87,IND,19.0,218.2,33.4,0,0.0
00-0034401,Mike White,NYJ,2022,17,240.0,46,1.0,SEA,10.0,317.3333333333333,43.0,0,0.0
00-0035289,Gardner Minshew,PHI,2022,17,274.0,32,1.0,NO,5.0,355.0,40.0,0,0.0
00-0038102,Kenny Pickett,PIT,2022,17,168.0,27,1.0,BAL,17.0,215.8,33.4,0,0.0
00-0030565,Geno Smith,SEA,2022,17,183.0,29,1.0,NYJ,9.0,282.4,39.2,0,0.0
00-0037834,Brock Purdy,SF,2022,17,284.0,35,1.0,LV,22.0,211.5,26.5,0,0.0
00-0019596,Tom Brady,TB,2022,17,432.0,45,1.0,CAR,13.0,274.6,48.8,0,0.0
00-0033949,Joshua Dobbs,TEN,2022,17,232.0,39,1.0,DAL,20.0,,,0,0.0
00-0032950,Carson Wentz,WAS,2022,17,143.0,28,1.0,CLE,4.0,235.2,38.2,0,0.0
00-0035040,David Blough,ARI,2022,18,180.0,18,0.67,SF,24.0,222.0,40.0,0,0.0
00-0038122,Desmond Ridder,ATL,2022,18,224.0,30,0.94,TB,16.0,161.33333333333334,28.333333333333332,0,0.0
00-0037175,Anthony Brown,BAL,2022,18,286.0,44,1.0,CIN,26.0,,,0,0.0
00-0034857,Josh Allen,BUF,2022,18,254.0,31,1.0,NE,19.0,219.8,33.6,0,0.0
00-0034869,Sam Darnold,CAR,2022,18,43.0,15,1.0,NO,8.0,220.0,25.0,0,0.0
00-0033958,Nathan Peterman,CHI,2022,18,114.0,19,0.75,MIN,29.0,,,0,0.0
00-0036442,Joe Burrow,CIN,2022,18,215.0,42,1.0,BAL,9.0,274.0,38.4,0,0.0
00-0033537,Deshaun Watson,CLE,2022,18,230.0,29,0.98,PIT,1.0,174.4,28.2,0,0.0
00-0033077,Dak Prescott,DAL,2022,18,128.0,37,0.91,WAS,4.0,267.8,35.0,0,0.0
00-0029263,Russell Wilson,DEN,2022,18,283.0,24,1.0,LAC,3.0,202.8,31.6,0,0.0
00-0033106,Jared Goff,DET,2022,18,224.0,34,1.0,GB,11.0,306.4,37.8,0,0.0
00-0023459,Aaron Rodgers,GB,2022,18,205.0,27,1.0,DET,20.0,189.6,27.8,0,0.0
00-0036898,Davis Mills,HOU,2022,18,298.0,38,0.91,IND,18.0,197.8,32.4,0,0.0
00-0036879,Sam Ehlinger,IND,2022,18,209.0,35,1.0,HOU,7.0,152.0,26.0,0,0.0
00-0036971,Trevor Lawrence,JAX,2022,18,212.0,32,1.0,TEN,30.0,249.2,33.4,1,0.0
00-0033873,Patrick Mahomes,KC,2022,18,202.0,26,0.88,LV,17.0,292.6,36.0,0,0.0
00-0034855,Baker Mayfield,LA,2022,18,147.0,26,1.0,SEA,5.0,179.8,27.2,0,0.0
00-0036355,Justin Herbert,LAC,2022,18,273.0,37,0.81,DEN,21.0,292.4,39.8,0,0.0
00-0035264,Jarrett Stidham,LV,2022,18,219.0,36,1.0,KC,13.0,365.0,34.0,0,0.0
00-0037327,Skylar Thompson,MIA,2022,18,152.0,31,1.0,NYJ,6.0,166.0,33.0,0,0.0
00-0036972,Mac Jones,NE,2022,18,243.0,40,1.0,BUF,12.0,197.2,33.6,0,0.0
00-0027973,Andy Dalton,NO,2022,18,171.0,25,0.85,CAR,28.0,176.2,22.2,0,0.0
00-0033550,Davis Webb,NYG,2022,18,168.0,40,1.0,PHI,10.0,,,0,0.0
00-0026158,Joe Flacco,NYJ,2022,18,149.0,33,1.0,MIA,25.0,300.3333333333333,51.666666666666664,0,0.0
00-0036389,Jalen Hurts,PHI,2022,18,229.0,35,1.0,NYG,22.0,251.0,32.0,1,0.0
00-0038102,Kenny Pickett,PIT,2022,18,195.0,29,1.0,CLE,2.0,209.6,32.8,0,0.0
00-0030565,Geno Smith,SEA,2022,18,213.0,31,1.0,LA,15.0,253.4,37.6,0,0.0
00-0037834,Brock Purdy,SF,2022,18,178.0,20,0.82,ARI,14.0,226.0,28.2,0,0.0
00-0033949,Joshua Dobbs,TEN,2022,18,179.0,29,0.99,JAX,23.0,232.0,39.0,0,0.0
00-0037077,Sam Howell,WAS,2022,18,169.0,19,1.0,DAL,27.0,,,0,0.0
00-0035993,Tyler Huntley,BAL,2022,19,226.0,29,1.0,CIN,12.0,131.6,22.4,1,0.0
00-0034857,Josh Allen,BUF,2022,19,352.0,39,1.0,MIA,9.0,220.0,31.4,0,0.0
00-0036442,Joe Burrow,CIN,2022,19,209.0,32,1.0,BAL,3.0,263.0,39.4,0,0.0
00-0033077,Dak Prescott,DAL,2022,19,305.0,33,1.0,TB,6.0,259.4,36.4,0,0.0
00-0036971,Trevor Lawrence,JAX,2022,19,288.0,47,1.0,LAC,1.0,255.8,33.6,1,0.0
00-0036355,Justin Herbert,LAC,2022,19,273.0,43,1.0,JAX,8.0,280.0,37.8,0,0.0
00-0037327,Skylar Thompson,MIA,2022,19,220.0,45,1.0,BUF,4.0,159.0,32.0,0,0.0
00-0029604,Kirk Cousins,MIN,2022,19,273.0,39,1.0,NYG,10.0,312.4,41.8,0,0.0
00-0035710,Daniel Jones,NYG,2022,19,301.0,35,1.0,MIN,5.0,208.0,31.2,0,0.0
00-0030565,Geno Smith,SEA,2022,19,253.0,35,1.0,SF,7.0,222.6,36.0,0,0.0
00-0037834,Brock Purdy,SF,2022,19,332.0,30,1.0,SEA,2.0,219.6,24.8,0,0.0
00-0019596,Tom Brady,TB,2022,19,351.0,66,1.0,DAL,11.0,311.8,49.2,0,0.0
00-0034857,Josh Allen,BUF,2022,20,264.0,42,1.0,CIN,7.0,245.8,32.6,0,0.0
00-0036442,Joe Burrow,CIN,2022,20,242.0,36,1.0,BUF,3.0,247.6,39.6,0,0.0
00-0033077,Dak Prescott,DAL,2022,20,206.0,37,1.0,SF,5.0,263.6,35.2,0,0.0
00-0036971,Trevor Lawrence,JAX,2022,20,217.0,39,1.0,KC,1.0,239.8,34.6,1,0.0
00-0033873,Patrick Mahomes,KC,2022,20,195.0,30,0.81,JAX,4.0,288.4,35.8,0,0.0
00-0035710,Daniel Jones,NYG,2022,20,135.0,27,1.0,PHI,2.0,228.2,32.0,0,0.0
00-0036389,Jalen Hurts,PHI,2022,20,154.0,24,0.96,NYG,6.0,258.8,34.0,0,0.0
00-0037834,Brock Purdy,SF,2022,20,214.0,29,1.0,DAL,8.0,249.0,26.6,0,0.0
00-0036442,Joe Burrow,CIN,2022,21,270.0,41,1.0,KC,1.0,248.2,40.2,0,0.0
00-0033873,Patrick Mahomes,KC,2022,21,326.0,43,1.0,CIN,3.0,257.0,33.4,0,0.0
00-0036389,Jalen Hurts,PHI,2022,21,121.0,25,0.92,SF,2.0,259.0,33.2,0,0.0
00-0033873,Patrick Mahomes,KC,2022,22,182.0,27,1.0,PHI,1.0,255.0,33.8,0,0.0
00-0036389,Jalen Hurts,PHI,2022,22,304.0,38,1.0,KC,2.0,207.2,30.4,0,0.0
00-0033949,Joshua Dobbs,ARI,2023,1,132.0,30,1.0,WAS,5.0,205.5,34.0,0,0.0
00-0038122,Desmond Ridder,ATL,2023,1,115.0,18,1.0,CAR,32.0,177.0,28.75,0,0.0
00-0034796,Lamar Jackson,BAL,2023,1,169.0,22,1.0,HOU,14.0,190.8,28.2,0,0.0
00-0034857,Josh Allen,BUF,2023,1,236.0,41,1.0,NYJ,6.0,269.2,35.6,0,0.0
00-0039150,Bryce Young,CAR,2023,1,146.0,38,1.0,ATL,2.0,,,0,1.0
00-0036945,Justin Fields,CHI,2023,1,216.0,37,1.0,GB,16.0,150.6,22.2,0,0.0
00-0036442,Joe Burrow,CIN,2023,1,82.0,31,0.93,CLE,1.0,262.2,40.6,0,0.0
00-0033537,Deshaun Watson,CLE,2023,1,154.0,29,1.0,CIN,29.0,194.2,29.6,0,0.0
00-0033077,Dak Prescott,DAL,2023,1,143.0,24,0.88,NYG,20.0,253.6,36.6,0,0.0
00-0029263,Russell Wilson,DEN,2023,1,177.0,34,1.0,LV,13.0,231.0,29.4,0,0.0
00-0033106,Jared Goff,DET,2023,1,253.0,35,1.0,KC,21.0,283.2,36.4,0,0.0
00-0036264,Jordan Love,GB,2023,1,245.0,27,0.92,CHI,22.0,,,0,1.0
00-0039163,C.J. Stroud,HOU,2023,1,242.0,44,1.0,BAL,7.0,,,0,1.0
00-0039164,Anthony Richardson,IND,2023,1,223.0,37,0.96,JAX,17.0,,,0,0.0
00-0036971,Trevor Lawrence,JAX,2023,1,241.0,32,1.0,IND,28.0,219.6,34.0,0,0.0
00-0033873,Patrick Mahomes,KC,2023,1,226.0,39,1.0,DET,25.0,246.6,33.6,0,0.0
00-0026498,Matthew Stafford,LA,2023,1,334.0,38,1.0,SEA,19.0,233.4,36.6,0,0.0
00-0036355,Justin Herbert,LAC,2023,1,229.0,33,1.0,MIA,23.0,261.2,36.2,0,0.0
00-0031345,Jimmy Garoppolo,LV,2023,1,200.0,26,0.97,DEN,31.0,245.6,31.2,0,0.0
00-0036212,Tua Tagovailoa,MIA,2023,1,466.0,45,1.0,LAC,9.0,256.6,30.4,0,0.0
00-0029604,Kirk Cousins,MIN,2023,1,344.0,44,1.0,TB,26.0,332.4,42.6,0,0.0
00-0036972,Mac Jones,NE,2023,1,316.0,54,1.0,PHI,10.0,206.8,34.4,0,1.0
00-0031280,Derek Carr,NO,2023,1,305.0,33,0.95,TEN,30.0,217.4,30.8,0,0.0
00-0035710,Daniel Jones,NYG,2023,1,104.0,28,0.96,DAL,27.0,221.4,32.0,0,1.0
00-0037013,Zach Wilson,NYJ,2023,1,140.0,21,0.93,BUF,11.0,204.8,29.8,0,0.0
00-0036389,Jalen Hurts,PHI,2023,1,170.0,33,1.0,NE,24.0,224.6,31.8,0,0.0
00-0038102,Kenny Pickett,PIT,2023,1,232.0,46,1.0,SF,18.0,195.6,30.2,0,0.0
00-0030565,Geno Smith,SEA,2023,1,112.0,26,1.0,LA,8.0,220.4,35.8,0,0.0
00-0037834,Brock Purdy,SF,2023,1,220.0,29,0.97,PIT,4.0,248.4,27.2,0,0.0
00-0034855,Baker Mayfield,TB,2023,1,173.0,34,1.0,MIN,15.0,170.0,25.8,0,0.0
00-0029701,Ryan Tannehill,TEN,2023,1,198.0,34,1.0,NO,3.0,236.8,28.6,0,0.0
00-0037077,Sam Howell,WAS,2023,1,202.0,31,1.0,ARI,12.0,169.0,19.0,0,0.0
00-0033949,Joshua Dobbs,ARI,2023,2,228.0,31,1.0,NYG,20.0,181.0,32.666666666666664,0,0.0
00-0038122,Desmond Ridder,ATL,2023,2,237.0,32,1.0,GB,15.0,164.6,26.6,0,0.0
00-0034796,Lamar Jackson,BAL,2023,2,237.0,33,1.0,CIN,25.0,200.6,29.4,0,0.0
00-0034857,Josh Allen,BUF,2023,2,274.0,37,0.95,LV,11.0,255.6,35.8,0,0.0
00-0039150,Bryce Young,CAR,2023,2,153.0,33,0.98,NO,2.0,146.0,38.0,0,0.0
00-0036945,Justin Fields,CHI,2023,2,211.0,29,1.0,TB,32.0,163.2,25.4,0,0.0
00-0036442,Joe Burrow,CIN,2023,2,222.0,41,1.0,BAL,13.0,203.6,36.4,0,0.0
00-0033537,Deshaun Watson,CLE,2023,2,235.0,40,1.0,PIT,7.0,169.8,27.0,0,0.0
00-0033077,Dak Prescott,DAL,2023,2,255.0,38,1.0,NYJ,13.0,212.8,34.4,0,0.0
00-0029263,Russell Wilson,DEN,2023,2,308.0,32,1.0,WAS,3.0,228.6,31.8,0,0.0
00-0033106,Jared Goff,DET,2023,2,323.0,35,1.0,SEA,27.0,267.8,35.6,0,0.0
00-0036264,Jordan Love,GB,2023,2,151.0,25,1.0,ATL,4.0,245.0,27.0,0,0.0
00-0039163,C.J. Stroud,HOU,2023,2,384.0,47,1.0,IND,31.0,242.0,44.0,1,0.0
00-0035289,Gardner Minshew,IND,2023,2,171.0,23,0.68,HOU,6.0,314.5,36.0,0,0.0
00-0036971,Trevor Lawrence,JAX,2023,2,216.0,41,1.0,KC,26.0,222.0,34.2,0,0.0
00-0033873,Patrick Mahomes,KC,2023,2,305.0,41,1.0,JAX,17.0,226.2,33.0,0,0.0
00-0026498,Matthew Stafford,LA,2023,2,307.0,55,1.0,SF,9.0,249.4,34.6,0,0.0
00-0036355,Justin Herbert,LAC,2023,2,305.0,41,1.0,TEN,28.0,244.4,34.4,0,0.0
00-0031345,Jimmy Garoppolo,LV,2023,2,185.0,24,1.0,BUF,5.0,225.0,29.0,0,0.0
00-0036212,Tua Tagovailoa,MIA,2023,2,249.0,30,1.0,NE,23.0,290.0,32.2,0,0.0
00-0029604,Kirk Cousins,MIN,2023,2,364.0,44,1.0,PHI,10.0,316.2,43.2,0,0.0
00-0036972,Mac Jones,NE,2023,2,231.0,42,1.0,MIA,22.0,223.0,38.2,0,0.0
00-0031280,Derek Carr,NO,2023,2,228.0,36,0.9,CAR,24.0,219.4,30.2,0,0.0
00-0035710,Daniel Jones,NYG,2023,2,321.0,37,1.0,ARI,12.0,210.2,31.2,0,0.0
00-0037013,Zach Wilson,NYJ,2023,2,170.0,27,1.0,DAL,16.0,208.6,28.8,0,0.0
00-0036389,Jalen Hurts,PHI,2023,2,193.0,23,1.0,MIN,19.0,195.6,31.0,0,0.0
00-0038102,Kenny Pickett,PIT,2023,2,222.0,30,1.0,CLE,1.0,207.2,33.8,0,1.0
00-0030565,Geno Smith,SEA,2023,2,328.0,41,1.0,DET,18.0,195.2,32.2,0,0.0
00-0037834,Brock Purdy,SF,2023,2,206.0,25,1.0,LA,8.0,245.6,28.6,0,0.0
00-0034855,Baker Mayfield,TB,2023,2,317.0,34,1.0,CHI,21.0,158.6,25.6,0,0.0
00-0029701,Ryan Tannehill,TEN,2023,2,246.0,24,1.0,LAC,29.0,209.8,30.0,0,0.0
00-0037077,Sam Howell,WAS,2023,2,299.0,39,1.0,DEN,30.0,185.5,25.0,0,0.0
00-0033949,Joshua Dobbs,ARI,2023,3,189.0,21,1.0,DAL,9.0,192.75,32.25,0,0.0
00-0038122,Desmond Ridder,ATL,2023,3,201.0,38,1.0,DET,14.0,192.6,27.8,0,0.0
00-0034796,Lamar Jackson,BAL,2023,3,202.0,31,1.0,IND,28.0,200.4,28.4,0,0.0
00-0034857,Josh Allen,BUF,2023,3,218.0,32,0.84,WAS,7.0,276.0,38.0,0,0.0
00-0027973,Andy Dalton,CAR,2023,3,361.0,58,1.0,SEA,29.0,169.6,21.4,0,0.0
00-0036945,Justin Fields,CHI,2023,3,99.0,22,1.0,KC,23.0,154.6,26.2,0,0.0
00-0036442,Joe Burrow,CIN,2023,3,259.0,49,1.0,LA,6.0,205.0,36.2,1,0.0
00-0033537,Deshaun Watson,CLE,2023,3,289.0,33,0.93,TEN,24.0,184.6,29.4,0,0.0
00-0033077,Dak Prescott,DAL,2023,3,249.0,40,1.0,ARI,16.0,207.4,33.8,0,0.0
00-0029263,Russell Wilson,DEN,2023,3,306.0,38,1.0,MIA,17.0,240.8,31.0,0,0.0
00-0033106,Jared Goff,DET,2023,3,243.0,33,1.0,ATL,2.0,282.0,35.0,0,0.0
00-0036264,Jordan Love,GB,2023,3,259.0,44,1.0,NO,4.0,198.0,26.0,0,0.0
00-0039163,C.J. Stroud,HOU,2023,3,280.0,30,1.0,JAX,19.0,313.0,45.5,0,0.0
00-0035289,Gardner Minshew,IND,2023,3,227.0,44,1.0,BAL,13.0,266.6666666666667,31.666666666666668,0,0.0
00-0036971,Trevor Lawrence,JAX,2023,3,279.0,40,0.93,HOU,3.0,234.8,38.2,0,0.0
00-0033873,Patrick Mahomes,KC,2023,3,272.0,33,0.73,CHI,26.0,246.8,36.0,0,0.0
00-0026498,Matthew Stafford,LA,2023,3,269.0,33,1.0,CIN,21.0,249.2,37.2,0,0.0
00-0036355,Justin Herbert,LAC,2023,3,405.0,47,1.0,MIN,5.0,258.4,36.4,0,0.0
00-0031345,Jimmy Garoppolo,LV,2023,3,324.0,44,1.0,PIT,8.0,215.0,28.8,0,0.0
00-0036212,Tua Tagovailoa,MIA,2023,3,309.0,26,0.79,DEN,27.0,280.8,31.6,0,0.0
00-0029604,Kirk Cousins,MIN,2023,3,367.0,50,1.0,LAC,30.0,297.0,41.2,0,0.0
00-0036972,Mac Jones,NE,2023,3,201.0,29,1.0,NYJ,12.0,246.8,40.4,0,0.0
00-0035710,Daniel Jones,NYG,2023,3,137.0,32,0.94,SF,15.0,207.6,30.2,0,0.0
00-0037013,Zach Wilson,NYJ,2023,3,157.0,36,1.0,NE,22.0,171.6,26.0,0,0.0
00-0036389,Jalen Hurts,PHI,2023,3,277.0,37,1.0,TB,31.0,188.4,28.6,0,0.0
00-0038102,Kenny Pickett,PIT,2023,3,235.0,28,1.0,LV,20.0,212.2,34.2,0,0.0
00-0030565,Geno Smith,SEA,2023,3,296.0,36,1.0,CAR,25.0,217.8,32.4,0,0.0
00-0037834,Brock Purdy,SF,2023,3,310.0,37,0.95,NYG,10.0,230.0,26.6,0,0.0
00-0034855,Baker Mayfield,TB,2023,3,146.0,25,1.0,PHI,17.0,199.8,28.2,0,0.0
00-0029701,Ryan Tannehill,TEN,2023,3,104.0,25,0.96,CLE,1.0,200.8,28.0,0,0.0
00-0037077,Sam Howell,WAS,2023,3,170.0,29,1.0,BUF,11.0,223.33333333333334,29.666666666666668,0,0.0
00-0033949,Joshua Dobbs,ARI,2023,4,265.0,41,1.0,SF,9.0,192.0,30.0,0,0.0
00-0038122,Desmond Ridder,ATL,2023,4,191.0,31,1.0,JAX,26.0,189.2,28.8,0,0.0
00-0034796,Lamar Jackson,BAL,2023,4,186.0,19,0.95,CLE,1.0,214.2,30.2,0,0.0
00-0034857,Josh Allen,BUF,2023,4,320.0,25,0.86,MIA,25.0,268.8,38.2,0,0.0
00-0039150,Bryce Young,CAR,2023,4,204.0,32,1.0,MIN,20.0,149.5,35.5,0,0.0
00-0036945,Justin Fields,CHI,2023,4,335.0,35,1.0,DEN,30.0,144.0,26.4,0,0.0
00-0036442,Joe Burrow,CIN,2023,4,165.0,30,1.0,TEN,29.0,215.0,39.6,0,0.0
00-0038583,Dorian Thompson-Robinson,CLE,2023,4,121.0,36,1.0,BAL,14.0,,,0,0.0
00-0033077,Dak Prescott,DAL,2023,4,261.0,34,0.9,NE,7.0,231.6,34.4,0,0.0
00-0029263,Russell Wilson,DEN,2023,4,223.0,28,1.0,CHI,24.0,259.2,33.2,0,0.0
00-0033106,Jared Goff,DET,2023,4,210.0,28,1.0,GB,21.0,259.6,33.2,0,0.0
00-0036264,Jordan Love,GB,2023,4,246.0,36,1.0,DET,12.0,218.33333333333334,32.0,0,0.0
00-0039163,C.J. Stroud,HOU,2023,4,306.0,30,1.0,PIT,16.0,302.0,40.333333333333336,0,0.0
00-0039164,Anthony Richardson,IND,2023,4,200.0,25,1.0,LA,8.0,223.0,37.0,0,0.0
00-0036971,Trevor Lawrence,JAX,2023,4,207.0,30,1.0,ATL,2.0,248.2,39.8,0,0.0
00-0033873,Patrick Mahomes,KC,2023,4,203.0,30,1.0,NYJ,10.0,262.2,36.6,0,0.0
00-0026498,Matthew Stafford,LA,2023,4,319.0,40,1.0,IND,27.0,252.4,37.2,0,0.0
00-0036355,Justin Herbert,LAC,2023,4,167.0,24,1.0,LV,19.0,297.0,40.2,0,0.0
00-0038579,Aidan O'Connell,LV,2023,4,238.0,39,1.0,LAC,32.0,,,0,0.0
00-0036212,Tua Tagovailoa,MIA,2023,4,282.0,35,1.0,BUF,5.0,313.6,31.2,0,0.0
00-0029604,Kirk Cousins,MIN,2023,4,139.0,19,1.0,CAR,22.0,310.6,41.6,0,0.0
00-0036972,Mac Jones,NE,2023,4,150.0,21,0.73,DAL,11.0,239.0,39.6,0,0.0
00-0031280,Derek Carr,NO,2023,4,127.0,37,0.86,TB,28.0,215.0,31.4,1,0.0
00-0035710,Daniel Jones,NYG,2023,4,203.0,34,0.97,SEA,31.0,199.6,31.8,0,0.0
00-0037013,Zach Wilson,NYJ,2023,4,245.0,39,1.0,KC,17.0,172.2,28.2,0,0.0
00-0036389,Jalen Hurts,PHI,2023,4,319.0,37,1.0,WAS,4.0,213.0,31.2,0,0.0
00-0038102,Kenny Pickett,PIT,2023,4,114.0,23,0.83,HOU,6.0,210.4,32.0,0,0.0
00-0030565,Geno Smith,SEA,2023,4,110.0,20,0.69,NYG,13.0,240.4,33.8,0,0.0
00-0037834,Brock Purdy,SF,2023,4,283.0,21,0.98,ARI,15.0,256.4,30.0,0,0.0
00-0034855,Baker Mayfield,TB,2023,4,246.0,32,1.0,NO,3.0,183.0,27.6,0,0.0
00-0029701,Ryan Tannehill,TEN,2023,4,240.0,25,1.0,CIN,23.0,193.4,28.6,0,0.0
00-0037077,Sam Howell,WAS,2023,4,290.0,41,1.0,PHI,18.0,210.0,29.5,0,0.0
00-0033949,Joshua Dobbs,ARI,2023,5,166.0,32,1.0,CIN,19.0,198.6,30.4,0,0.0
00-0038122,Desmond Ridder,ATL,2023,5,329.0,37,1.0,HOU,3.0,193.6,29.8,0,0.0
00-0034796,Lamar Jackson,BAL,2023,5,236.0,38,1.0,PIT,25.0,209.6,27.4,0,0.0
00-0034857,Josh Allen,BUF,2023,5,359.0,40,1.0,JAX,17.0,262.4,35.4,0,0.0
00-0039150,Bryce Young,CAR,2023,5,247.0,41,0.99,DET,18.0,167.66666666666666,34.333333333333336,0,0.0
00-0036945,Justin Fields,CHI,2023,5,282.0,29,1.0,WAS,15.0,187.2,28.8,0,0.0
00-0036442,Joe Burrow,CIN,2023,5,317.0,46,1.0,ARI,20.0,199.6,38.4,0,0.0
00-0033077,Dak Prescott,DAL,2023,5,153.0,24,0.8,SF,12.0,222.8,34.6,0,0.0
00-0029263,Russell Wilson,DEN,2023,5,196.0,31,1.0,NYJ,10.0,259.4,31.2,0,0.0
00-0033106,Jared Goff,DET,2023,5,236.0,28,0.95,CAR,5.0,250.6,33.0,0,1.0
00-0036264,Jordan Love,GB,2023,5,182.0,30,1.0,LV,11.0,225.25,33.0,0,0.0
00-0039163,C.J. Stroud,HOU,2023,5,249.0,35,1.0,ATL,6.0,303.0,37.75,0,0.0
00-0035289,Gardner Minshew,IND,2023,5,155.0,14,0.67,TEN,21.0,256.75,34.75,0,0.0
00-0036971,Trevor Lawrence,JAX,2023,5,315.0,37,1.0,BUF,8.0,232.0,36.4,0,0.0
00-0033873,Patrick Mahomes,KC,2023,5,281.0,41,1.0,MIN,21.0,237.6,34.0,0,0.0
00-0026498,Matthew Stafford,LA,2023,5,222.0,37,1.0,PHI,23.0,278.8,38.6,0,0.0
00-0031345,Jimmy Garoppolo,LV,2023,5,208.0,31,1.0,GB,14.0,231.8,32.0,0,0.0
00-0036212,Tua Tagovailoa,MIA,2023,5,308.0,30,1.0,NYG,4.0,323.2,32.2,0,0.0
00-0029604,Kirk Cousins,MIN,2023,5,284.0,47,1.0,KC,16.0,297.4,39.2,0,0.0
00-0036972,Mac Jones,NE,2023,5,110.0,22,0.72,NO,2.0,228.2,37.2,0,0.0
00-0031280,Derek Carr,NO,2023,5,183.0,26,0.81,NE,13.0,213.0,34.8,1,0.0
00-0035710,Daniel Jones,NYG,2023,5,119.0,20,0.68,MIA,27.0,180.0,31.6,0,0.0
00-0037013,Zach Wilson,NYJ,2023,5,199.0,26,1.0,DEN,26.0,205.8,31.6,0,0.0
00-0036389,Jalen Hurts,PHI,2023,5,303.0,38,1.0,LA,7.0,252.6,33.6,0,0.0
00-0038102,Kenny Pickett,PIT,2023,5,224.0,32,1.0,BAL,9.0,199.6,31.2,0,0.0
00-0037834,Brock Purdy,SF,2023,5,252.0,24,0.85,DAL,1.0,246.6,28.2,0,0.0
00-0029701,Ryan Tannehill,TEN,2023,5,264.0,34,1.0,IND,28.0,190.6,26.0,0,0.0
00-0037077,Sam Howell,WAS,2023,5,388.0,51,1.0,CHI,24.0,226.0,31.8,0,0.0
00-0033949,Joshua Dobbs,ARI,2023,6,235.0,41,1.0,LA,11.0,196.0,31.0,0,0.0
00-0038122,Desmond Ridder,ATL,2023,6,307.0,47,1.0,WAS,20.0,214.6,31.2,0,0.0
00-0034796,Lamar Jackson,BAL,2023,6,223.0,30,1.0,TEN,18.0,206.0,28.6,0,0.0
00-0034857,Josh Allen,BUF,2023,6,169.0,30,0.97,NYG,16.0,281.4,35.0,0,0.0
00-0039150,Bryce Young,CAR,2023,6,217.0,38,1.0,MIA,17.0,187.5,36.0,0,0.0
00-0036442,Joe Burrow,CIN,2023,6,185.0,35,1.0,SEA,28.0,209.0,39.4,0,0.0
00-0033275,P.J. Walker,CLE,2023,6,192.0,34,0.99,SF,14.0,165.5,22.5,0,0.0
00-0033077,Dak Prescott,DAL,2023,6,272.0,30,1.0,LAC,29.0,212.2,32.0,0,0.0
00-0029263,Russell Wilson,DEN,2023,6,95.0,22,1.0,KC,15.0,242.0,32.6,0,0.0
00-0033106,Jared Goff,DET,2023,6,353.0,44,1.0,TB,21.0,253.0,31.8,0,0.0
00-0039163,C.J. Stroud,HOU,2023,6,199.0,27,1.0,NO,3.0,292.2,37.2,0,0.0
00-0035289,Gardner Minshew,IND,2023,6,329.0,55,1.0,JAX,24.0,236.4,30.6,0,0.0
00-0036971,Trevor Lawrence,JAX,2023,6,181.0,30,0.95,IND,26.0,251.6,36.0,0,0.0
00-0033873,Patrick Mahomes,KC,2023,6,306.0,40,1.0,DEN,23.0,257.4,36.8,0,0.0
00-0026498,Matthew Stafford,LA,2023,6,226.0,24,1.0,ARI,25.0,290.2,40.6,0,0.0
00-0036355,Justin Herbert,LAC,2023,6,227.0,37,1.0,DAL,2.0,275.8,37.6,0,0.0
00-0031345,Jimmy Garoppolo,LV,2023,6,162.0,22,0.61,NE,6.0,227.8,32.4,0,0.0
00-0036212,Tua Tagovailoa,MIA,2023,6,262.0,31,0.84,CAR,5.0,322.8,33.2,0,0.0
00-0029604,Kirk Cousins,MIN,2023,6,181.0,31,1.0,CHI,27.0,299.6,40.8,0,0.0
00-0036972,Mac Jones,NE,2023,6,200.0,33,0.95,LV,7.0,201.6,33.6,0,0.0
00-0031280,Derek Carr,NO,2023,6,353.0,50,0.96,HOU,9.0,203.4,32.4,0,0.0
00-0028118,Tyrod Taylor,NYG,2023,6,200.0,36,1.0,BUF,13.0,,,0,0.0
00-0037013,Zach Wilson,NYJ,2023,6,186.0,33,1.0,PHI,22.0,182.2,29.8,0,0.0
00-0036389,Jalen Hurts,PHI,2023,6,280.0,45,1.0,NYJ,12.0,252.4,33.6,0,0.0
00-0030565,Geno Smith,SEA,2023,6,326.0,41,1.0,CIN,10.0,219.8,31.6,0,0.0
00-0037834,Brock Purdy,SF,2023,6,125.0,27,1.0,CLE,1.0,254.2,27.2,0,0.0
00-0034855,Baker Mayfield,TB,2023,6,206.0,37,1.0,DET,19.0,205.8,30.2,0,0.0
00-0029701,Ryan Tannehill,TEN,2023,6,76.0,16,0.67,BAL,8.0,210.4,28.4,0,0.0
00-0037077,Sam Howell,WAS,2023,6,151.0,23,1.0,ATL,4.0,269.8,38.2,0,0.0
00-0033949,Joshua Dobbs,ARI,2023,7,146.0,33,1.0,SEA,22.0,216.6,33.2,0,0.0
00-0038122,Desmond Ridder,ATL,2023,7,250.0,25,1.0,TB,17.0,253.0,37.0,0,0.0
00-0034796,Lamar Jackson,BAL,2023,7,357.0,27,0.95,DET,15.0,216.8,30.2,0,0.0
00-0034857,Josh Allen,BUF,2023,7,265.0,41,1.0,NE,6.0,268.0,32.8,0,0.0
00-0038416,Tyson Bagent,CHI,2023,7,162.0,29,0.96,LV,8.0,,,0,0.0
00-0033275,P.J. Walker,CLE,2023,7,178.0,32,0.84,IND,19.0,170.8,24.8,0,0.0
00-0029263,Russell Wilson,DEN,2023,7,194.0,29,1.0,GB,9.0,225.6,30.2,0,0.0
00-0033106,Jared Goff,DET,2023,7,284.0,53,1.0,BAL,2.0,273.0,33.6,0,0.0
00-0036264,Jordan Love,GB,2023,7,180.0,31,1.0,DEN,24.0,216.6,32.4,0,0.0
00-0035289,Gardner Minshew,IND,2023,7,305.0,23,1.0,CLE,1.0,231.2,33.6,0,0.0
00-0036971,Trevor Lawrence,JAX,2023,7,204.0,29,1.0,NO,4.0,239.6,35.6,1,0.0
00-0033873,Patrick Mahomes,KC,2023,7,424.0,42,1.0,LAC,26.0,273.4,37.0,0,0.0
00-0026498,Matthew Stafford,LA,2023,7,231.0,29,1.0,PIT,18.0,268.6,37.8,0,0.0
00-0036355,Justin Herbert,LAC,2023,7,259.0,30,1.0,KC,3.0,266.6,36.4,0,0.0
00-0026625,Brian Hoyer,LV,2023,7,129.0,32,0.78,CHI,20.0,,,0,0.0
00-0036212,Tua Tagovailoa,MIA,2023,7,216.0,32,1.0,PHI,14.0,282.0,30.4,0,0.0
00-0029604,Kirk Cousins,MIN,2023,7,378.0,45,1.0,SF,7.0,267.0,38.2,0,0.0
00-0036972,Mac Jones,NE,2023,7,272.0,30,1.0,BUF,11.0,178.4,29.4,0,0.0
00-0031280,Derek Carr,NO,2023,7,301.0,55,0.96,JAX,25.0,239.2,36.4,0,0.0
00-0028118,Tyrod Taylor,NYG,2023,7,279.0,29,1.0,WAS,23.0,200.0,36.0,0,0.0
00-0036389,Jalen Hurts,PHI,2023,7,279.0,31,1.0,MIA,12.0,274.4,36.0,0,0.0
00-0038102,Kenny Pickett,PIT,2023,7,230.0,25,1.0,LA,13.0,205.4,31.8,0,0.0
00-0030565,Geno Smith,SEA,2023,7,219.0,24,1.0,ARI,21.0,234.4,32.8,0,0.0
00-0037834,Brock Purdy,SF,2023,7,272.0,30,1.0,MIN,16.0,235.2,26.8,0,0.0
00-0034855,Baker Mayfield,TB,2023,7,275.0,42,1.0,ATL,5.0,217.6,32.4,0,0.0
00-0037077,Sam Howell,WAS,2023,7,249.0,42,1.0,NYG,10.0,259.6,36.6,0,0.0
00-0033949,Joshua Dobbs,ARI,2023,8,208.0,37,1.0,BAL,1.0,200.2,33.6,0,0.0
00-0034796,Lamar Jackson,BAL,2023,8,157.0,27,1.0,ARI,25.0,240.8,29.0,0,0.0
00-0034857,Josh Allen,BUF,2023,8,324.0,40,1.0,TB,17.0,266.2,33.6,0,0.0
00-0039150,Bryce Young,CAR,2023,8,235.0,31,1.0,HOU,23.0,193.4,36.4,0,0.0
00-0038416,Tyson Bagent,CHI,2023,8,232.0,37,1.0,LAC,30.0,162.0,29.0,0,0.0
00-0036442,Joe Burrow,CIN,2023,8,283.0,32,1.0,SF,10.0,229.6,40.2,0,0.0
00-0033275,P.J. Walker,CLE,2023,8,248.0,31,0.99,SEA,17.0,194.4,28.0,0,0.0
00-0033077,Dak Prescott,DAL,2023,8,304.0,31,0.86,LA,19.0,238.0,33.2,0,0.0
00-0029263,Russell Wilson,DEN,2023,8,114.0,19,1.0,KC,4.0,202.8,29.6,0,0.0
00-0033106,Jared Goff,DET,2023,8,272.0,37,1.0,LV,3.0,265.2,37.2,0,0.0
00-0036264,Jordan Love,GB,2023,8,229.0,41,1.0,MIN,28.0,203.6,33.2,0,0.0
00-0039163,C.J. Stroud,HOU,2023,8,140.0,24,1.0,CAR,15.0,283.6,33.8,0,0.0
00-0035289,Gardner Minshew,IND,2023,8,213.0,41,1.0,NO,6.0,237.4,31.8,0,0.0
00-0036971,Trevor Lawrence,JAX,2023,8,292.0,32,1.0,PIT,27.0,237.2,33.2,1,0.0
00-0033873,Patrick Mahomes,KC,2023,8,240.0,38,1.0,DEN,26.0,297.2,37.2,0,0.0
00-0026498,Matthew Stafford,LA,2023,8,162.0,22,0.68,DAL,5.0,253.4,32.6,0,0.0
00-0036355,Justin Herbert,LAC,2023,8,298.0,40,1.0,CHI,16.0,272.6,35.8,0,0.0
00-0031345,Jimmy Garoppolo,LV,2023,8,126.0,21,1.0,DET,24.0,215.8,29.4,0,0.0
00-0036212,Tua Tagovailoa,MIA,2023,8,324.0,45,1.0,NE,7.0,275.4,30.8,0,0.0
00-0029604,Kirk Cousins,MIN,2023,8,274.0,31,0.85,GB,9.0,269.8,38.4,0,0.0
00-0036972,Mac Jones,NE,2023,8,161.0,29,1.0,MIA,22.0,186.6,27.0,0,0.0
00-0031280,Derek Carr,NO,2023,8,310.0,27,0.83,IND,13.0,238.4,40.8,0,0.0
00-0038476,Tommy DeVito,NYG,2023,8,-1.0,7,0.67,NYJ,12.0,,,0,0.0
00-0037013,Zach Wilson,NYJ,2023,8,240.0,36,1.0,NYG,14.0,191.4,32.2,0,0.0
00-0036389,Jalen Hurts,PHI,2023,8,319.0,38,1.0,WAS,29.0,291.6,37.6,0,0.0
00-0030565,Geno Smith,SEA,2023,8,254.0,37,1.0,CLE,2.0,255.8,32.4,0,0.0
00-0037834,Brock Purdy,SF,2023,8,365.0,31,1.0,CIN,20.0,248.4,27.8,1,0.0
00-0034855,Baker Mayfield,TB,2023,8,237.0,42,1.0,BUF,21.0,238.0,34.0,1,0.0
00-0039152,Will Levis,TEN,2023,8,238.0,29,0.97,ATL,10.0,,,0,0.0
00-0037077,Sam Howell,WAS,2023,8,397.0,52,1.0,PHI,8.0,249.6,37.2,0,0.0
00-0038582,Clayton Tune,ARI,2023,9,58.0,20,1.0,CLE,4.0,,,0,0.0
00-0031800,Taylor Heinicke,ATL,2023,9,268.0,38,1.0,MIN,26.0,203.8,27.6,0,1.0
00-0034796,Lamar Jackson,BAL,2023,9,187.0,26,0.75,SEA,14.0,231.8,28.2,0,0.0
00-0034857,Josh Allen,BUF,2023,9,258.0,38,1.0,CIN,24.0,287.4,35.2,0,0.0
00-0039150,Bryce Young,CAR,2023,9,173.0,39,1.0,IND,18.0,211.2,35.0,0,0.0
00-0038416,Tyson Bagent,CHI,2023,9,220.0,30,1.0,NO,3.0,197.0,33.0,0,0.0
00-0036442,Joe Burrow,CIN,2023,9,348.0,44,1.0,BUF,20.0,241.8,38.4,0,0.0
00-0033537,Deshaun Watson,CLE,2023,9,219.0,30,0.92,ARI,16.0,215.4,29.8,0,0.0
00-0033077,Dak Prescott,DAL,2023,9,374.0,44,1.0,PHI,22.0,247.8,31.8,0,0.0
00-0036264,Jordan Love,GB,2023,9,228.0,26,1.0,LA,19.0,219.2,36.4,0,0.0
00-0039163,C.J. Stroud,HOU,2023,9,470.0,42,1.0,TB,23.0,234.8,29.2,0,0.0
00-0035289,Gardner Minshew,IND,2023,9,127.0,26,1.0,CAR,8.0,245.8,35.4,0,0.0
00-0033873,Patrick Mahomes,KC,2023,9,185.0,30,1.0,MIA,10.0,290.8,38.2,0,0.0
00-0034955,Brett Rypien,LA,2023,9,130.0,28,1.0,GB,12.0,211.0,36.0,0,0.0
00-0036355,Justin Herbert,LAC,2023,9,136.0,30,1.0,NYJ,1.0,271.2,35.6,0,0.0
00-0038579,Aidan O'Connell,LV,2023,9,209.0,25,1.0,NYG,9.0,238.0,39.0,0,0.0
00-0036212,Tua Tagovailoa,MIA,2023,9,193.0,34,1.0,KC,7.0,278.4,34.6,0,0.0
00-0033949,Joshua Dobbs,MIN,2023,9,158.0,30,0.85,ATL,11.0,204.0,36.8,0,0.0
00-0036972,Mac Jones,NE,2023,9,220.0,44,1.0,WAS,27.0,178.6,27.0,0,0.0
00-0031280,Derek Carr,NO,2023,9,211.0,34,0.83,CHI,17.0,254.8,39.0,0,0.0
00-0038476,Tommy DeVito,NYG,2023,9,175.0,20,0.67,LV,6.0,-1.0,7.0,0,1.0
00-0037013,Zach Wilson,NYJ,2023,9,263.0,49,1.0,LAC,28.0,205.4,34.0,0,0.0
00-0036389,Jalen Hurts,PHI,2023,9,207.0,23,1.0,DAL,5.0,300.0,37.8,0,0.0
00-0038102,Kenny Pickett,PIT,2023,9,160.0,30,1.0,TEN,13.0,205.0,27.6,0,0.0
00-0030565,Geno Smith,SEA,2023,9,157.0,28,1.0,BAL,2.0,241.0,31.6,0,0.0
00-0034855,Baker Mayfield,TB,2023,9,265.0,30,1.0,HOU,21.0,222.0,35.6,0,0.0
00-0039152,Will Levis,TEN,2023,9,262.0,39,1.0,PIT,25.0,238.0,29.0,0,0.0
00-0037077,Sam Howell,WAS,2023,9,325.0,45,1.0,NE,15.0,295.0,41.8,0,0.0
00-0035228,Kyler Murray,ARI,2023,10,249.0,32,0.97,ATL,11.0,223.6,34.8,0,0.0
00-0031800,Taylor Heinicke,ATL,2023,10,55.0,15,0.69,ARI,13.0,219.2,29.8,0,0.0
00-0034796,Lamar Jackson,BAL,2023,10,223.0,23,1.0,CLE,3.0,232.0,29.6,0,0.0
00-0034857,Josh Allen,BUF,2023,10,177.0,26,1.0,DEN,18.0,275.0,37.8,0,0.0
00-0039150,Bryce Young,CAR,2023,10,185.0,38,1.0,CHI,16.0,215.2,36.2,0,0.0
00-0038416,Tyson Bagent,CHI,2023,10,162.0,33,1.0,CAR,2.0,204.66666666666666,32.0,0,0.0
00-0036442,Joe Burrow,CIN,2023,10,347.0,40,1.0,HOU,20.0,259.6,37.4,0,0.0
00-0033537,Deshaun Watson,CLE,2023,10,213.0,34,0.99,BAL,5.0,225.4,32.2,0,0.0
00-0033077,Dak Prescott,DAL,2023,10,404.0,35,0.77,NYG,14.0,272.8,32.6,0,0.0
00-0029263,Russell Wilson,DEN,2023,10,193.0,29,1.0,BUF,23.0,164.4,25.8,0,0.0
00-0033106,Jared Goff,DET,2023,10,333.0,33,1.0,LAC,25.0,271.0,38.0,0,0.0
00-0036264,Jordan Love,GB,2023,10,289.0,40,1.0,PIT,21.0,213.0,32.8,0,0.0
00-0039163,C.J. Stroud,HOU,2023,10,356.0,39,1.0,CIN,22.0,272.8,31.6,0,1.0
00-0035289,Gardner Minshew,IND,2023,10,194.0,28,1.0,NE,17.0,225.8,31.8,0,0.0
00-0036971,Trevor Lawrence,JAX,2023,10,185.0,29,0.95,SF,19.0,239.8,31.6,0,0.0
00-0036355,Justin Herbert,LAC,2023,10,323.0,40,1.0,DET,15.0,217.4,32.2,0,0.0
00-0038579,Aidan O'Connell,LV,2023,10,153.0,27,1.0,NYJ,1.0,223.5,32.0,0,0.0
00-0033949,Joshua Dobbs,MIN,2023,10,268.0,34,1.0,NO,4.0,182.6,34.6,0,0.0
00-0036972,Mac Jones,NE,2023,10,170.0,20,0.89,IND,12.0,192.6,31.6,0,0.0
00-0038476,Tommy DeVito,NYG,2023,10,86.0,27,1.0,DAL,9.0,87.0,13.5,0,0.0
00-0037013,Zach Wilson,NYJ,2023,10,263.0,39,1.0,LV,7.0,226.6,36.6,0,0.0
00-0038102,Kenny Pickett,PIT,2023,10,126.0,23,1.0,GB,10.0,192.6,27.6,0,0.0
00-0030565,Geno Smith,SEA,2023,10,369.0,47,1.0,WAS,24.0,213.2,30.0,0,0.0
00-0037834,Brock Purdy,SF,2023,10,296.0,26,0.79,JAX,26.0,259.4,26.6,0,0.0
00-0034855,Baker Mayfield,TB,2023,10,278.0,29,0.98,TEN,8.0,245.8,36.6,0,0.0
00-0039152,Will Levis,TEN,2023,10,199.0,39,1.0,TB,27.0,250.0,34.0,0,0.0
00-0037077,Sam Howell,WAS,2023,10,312.0,44,1.0,SEA,6.0,302.0,42.6,0,0.0
00-0035228,Kyler Murray,ARI,2023,11,214.0,30,1.0,HOU,26.0,229.0,33.8,0,0.0
00-0034796,Lamar Jackson,BAL,2023,11,264.0,26,1.0,CIN,22.0,229.4,26.6,0,0.0
00-0034857,Josh Allen,BUF,2023,11,275.0,32,0.95,NYJ,1.0,238.6,35.0,0,0.0
00-0039150,Bryce Young,CAR,2023,11,123.0,29,1.0,DAL,5.0,211.4,37.4,0,0.0
00-0036945,Justin Fields,CHI,2023,11,169.0,23,1.0,DET,17.0,228.6,30.4,0,0.0
00-0038583,Dorian Thompson-Robinson,CLE,2023,11,165.0,43,1.0,PIT,20.0,121.0,36.0,0,0.0
00-0033077,Dak Prescott,DAL,2023,11,189.0,38,0.85,CAR,3.0,301.4,32.8,0,0.0
00-0029263,Russell Wilson,DEN,2023,11,259.0,35,1.0,MIN,16.0,158.4,26.0,0,0.0
00-0033106,Jared Goff,DET,2023,11,236.0,35,1.0,CHI,10.0,295.6,39.0,0,0.0
00-0036264,Jordan Love,GB,2023,11,322.0,40,1.0,LAC,25.0,221.6,33.6,0,0.0
00-0039163,C.J. Stroud,HOU,2023,11,336.0,37,0.99,ARI,2.0,282.8,33.4,0,0.0
00-0036971,Trevor Lawrence,JAX,2023,11,262.0,32,0.89,TEN,9.0,235.4,31.4,0,0.0
00-0033873,Patrick Mahomes,KC,2023,11,177.0,43,1.0,PHI,21.0,287.2,38.2,0,0.0
00-0026498,Matthew Stafford,LA,2023,11,190.0,31,1.0,SEA,12.0,232.0,30.4,0,0.0
00-0036355,Justin Herbert,LAC,2023,11,260.0,36,1.0,GB,4.0,248.6,35.4,0,0.0
00-0038579,Aidan O'Connell,LV,2023,11,271.0,41,1.0,MIA,7.0,200.0,30.333333333333332,0,0.0
00-0036212,Tua Tagovailoa,MIA,2023,11,325.0,39,1.0,LV,11.0,260.6,34.4,0,0.0
00-0033949,Joshua Dobbs,MIN,2023,11,221.0,32,1.0,DEN,13.0,203.0,35.0,0,0.0
00-0038476,Tommy DeVito,NYG,2023,11,246.0,26,1.0,WAS,24.0,86.66666666666667,18.0,0,0.0
00-0037013,Zach Wilson,NYJ,2023,11,81.0,15,0.67,BUF,15.0,230.2,36.6,0,0.0
00-0036389,Jalen Hurts,PHI,2023,11,150.0,22,1.0,KC,6.0,277.6,35.0,0,0.0
00-0038102,Kenny Pickett,PIT,2023,11,106.0,28,1.0,CLE,8.0,170.8,26.6,0,0.0
00-0030565,Geno Smith,SEA,2023,11,233.0,34,0.88,LA,19.0,265.0,35.4,0,0.0
00-0037834,Brock Purdy,SF,2023,11,333.0,25,1.0,TB,27.0,262.0,27.6,0,0.0
00-0034855,Baker Mayfield,TB,2023,11,246.0,45,1.0,SF,14.0,252.2,36.0,0,0.0
00-0039152,Will Levis,TEN,2023,11,158.0,17,1.0,JAX,23.0,233.0,35.666666666666664,0,0.0
00-0037077,Sam Howell,WAS,2023,11,256.0,45,1.0,NYG,18.0,286.8,41.2,0,0.0
00-0035228,Kyler Murray,ARI,2023,12,256.0,45,0.99,LA,20.0,231.0,34.0,0,0.0
00-0038122,Desmond Ridder,ATL,2023,12,168.0,21,1.0,NO,14.0,255.6,35.6,0,0.0
00-0034796,Lamar Jackson,BAL,2023,12,177.0,32,1.0,LAC,30.0,237.6,25.8,0,1.0
00-0034857,Josh Allen,BUF,2023,12,339.0,51,1.0,PHI,25.0,259.8,35.4,0,0.0
00-0039150,Bryce Young,CAR,2023,12,194.0,31,1.0,TEN,12.0,186.6,35.0,0,0.0
00-0036945,Justin Fields,CHI,2023,12,217.0,37,1.0,MIN,24.0,219.2,27.6,0,0.0
00-0035100,Jake Browning,CIN,2023,12,227.0,26,1.0,PIT,21.0,,,0,0.0
00-0038583,Dorian Thompson-Robinson,CLE,2023,12,134.0,29,0.71,DEN,16.0,143.0,39.5,0,0.0
00-0033077,Dak Prescott,DAL,2023,12,331.0,32,1.0,WAS,27.0,308.6,35.6,0,0.0
00-0029263,Russell Wilson,DEN,2023,12,134.0,22,1.0,CLE,6.0,171.0,26.8,0,0.0
00-0033106,Jared Goff,DET,2023,12,332.0,44,1.0,GB,7.0,295.6,40.4,0,0.0
00-0036264,Jordan Love,GB,2023,12,268.0,32,1.0,DET,18.0,249.6,35.6,0,0.0
00-0039163,C.J. Stroud,HOU,2023,12,304.0,36,1.0,JAX,28.0,300.2,33.8,0,0.0
00-0035289,Gardner Minshew,IND,2023,12,251.0,41,1.0,TB,31.0,233.6,34.6,0,0.0
00-0036971,Trevor Lawrence,JAX,2023,12,364.0,38,1.0,HOU,26.0,224.8,30.4,0,0.0
00-0033873,Patrick Mahomes,KC,2023,12,298.0,34,1.0,LV,19.0,266.4,38.6,0,0.0
00-0026498,Matthew Stafford,LA,2023,12,229.0,33,0.96,ARI,8.0,206.2,28.6,0,0.0
00-0036355,Justin Herbert,LAC,2023,12,217.0,44,1.0,BAL,5.0,255.2,35.2,0,0.0
00-0038579,Aidan O'Connell,LV,2023,12,248.0,33,1.0,KC,2.0,217.75,33.0,0,0.0
00-0036212,Tua Tagovailoa,MIA,2023,12,243.0,30,0.99,NYJ,3.0,264.0,36.2,0,0.0
00-0033949,Joshua Dobbs,MIN,2023,12,185.0,32,1.0,CHI,10.0,200.2,33.2,0,0.0
00-0031280,Derek Carr,NO,2023,12,304.0,38,0.88,ATL,11.0,271.6,38.4,0,0.0
00-0038476,Tommy DeVito,NYG,2023,12,191.0,25,1.0,NE,22.0,126.5,20.0,0,0.0
00-0034177,Tim Boyle,NYJ,2023,12,179.0,38,1.0,MIA,15.0,,,0,0.0
00-0036389,Jalen Hurts,PHI,2023,12,200.0,31,1.0,BUF,17.0,247.0,31.8,0,0.0
00-0038102,Kenny Pickett,PIT,2023,12,278.0,33,1.0,CIN,29.0,169.2,27.6,0,0.0
00-0030565,Geno Smith,SEA,2023,12,180.0,27,1.0,SF,23.0,246.4,34.0,1,0.0
00-0037834,Brock Purdy,SF,2023,12,209.0,30,1.0,SEA,13.0,278.2,27.8,0,0.0
00-0034855,Baker Mayfield,TB,2023,12,199.0,30,0.97,IND,9.0,260.2,37.6,0,0.0
00-0039152,Will Levis,TEN,2023,12,185.0,28,1.0,CAR,4.0,214.25,31.0,0,0.0
00-0037077,Sam Howell,WAS,2023,12,300.0,44,1.0,DAL,1.0,307.8,45.6,0,0.0
00-0035228,Kyler Murray,ARI,2023,13,145.0,23,1.0,PIT,14.0,217.0,34.2,0,0.0
00-0038122,Desmond Ridder,ATL,2023,13,121.0,27,1.0,NYJ,3.0,249.0,32.2,0,0.0
00-0039150,Bryce Young,CAR,2023,13,178.0,31,1.0,TB,25.0,182.0,33.6,0,0.0
00-0035100,Jake Browning,CIN,2023,13,354.0,37,1.0,JAX,20.0,227.0,26.0,0,0.0
00-0026158,Joe Flacco,CLE,2023,13,254.0,44,1.0,LA,16.0,262.5,47.0,0,0.0
00-0033077,Dak Prescott,DAL,2023,13,299.0,41,1.0,SEA,12.0,320.4,36.0,0,0.0
00-0029263,Russell Wilson,DEN,2023,13,186.0,26,1.0,HOU,21.0,178.8,26.8,0,0.0
00-0033106,Jared Goff,DET,2023,13,213.0,25,1.0,NO,8.0,291.4,40.4,0,0.0
00-0036264,Jordan Love,GB,2023,13,267.0,36,1.0,KC,6.0,267.2,35.8,0,0.0
00-0039163,C.J. Stroud,HOU,2023,13,274.0,27,0.97,DEN,5.0,321.2,35.6,0,0.0
00-0035289,Gardner Minshew,IND,2023,13,312.0,42,1.0,TEN,10.0,218.0,31.8,0,0.0
00-0036971,Trevor Lawrence,JAX,2023,13,258.0,29,0.77,CIN,24.0,261.4,32.0,0,0.0
00-0033873,Patrick Mahomes,KC,2023,13,210.0,33,1.0,GB,11.0,264.8,37.4,0,0.0
00-0026498,Matthew Stafford,LA,2023,13,279.0,37,1.0,CLE,1.0,207.6,27.8,0,0.0
00-0036355,Justin Herbert,LAC,2023,13,212.0,37,1.0,NE,18.0,246.8,38.0,0,0.0
00-0036212,Tua Tagovailoa,MIA,2023,13,280.0,24,0.79,WAS,22.0,260.2,36.0,0,0.0
00-0038108,Bailey Zappe,NE,2023,13,141.0,25,1.0,LAC,19.0,195.25,23.0,0,1.0
00-0031280,Derek Carr,NO,2023,13,226.0,22,0.63,DET,15.0,295.8,40.8,0,0.0
00-0034177,Tim Boyle,NYJ,2023,13,148.0,25,0.66,ATL,13.0,179.0,38.0,0,0.0
00-0036389,Jalen Hurts,PHI,2023,13,298.0,45,0.93,SF,17.0,231.0,29.0,0,0.0
00-0030565,Geno Smith,SEA,2023,13,334.0,41,1.0,DAL,4.0,238.6,34.6,0,0.0
00-0037834,Brock Purdy,SF,2023,13,314.0,27,0.93,PHI,23.0,295.0,28.4,0,0.0
00-0034855,Baker Mayfield,TB,2023,13,202.0,29,1.0,CAR,2.0,245.0,35.2,0,0.0
00-0039152,Will Levis,TEN,2023,13,224.0,33,1.0,IND,7.0,208.4,30.4,0,0.0
00-0037077,Sam Howell,WAS,2023,13,127.0,23,0.95,MIA,9.0,318.0,46.0,0,0.0
00-0038122,Desmond Ridder,ATL,2023,14,347.0,40,1.0,TB,28.0,235.0,31.4,0,0.0
00-0034796,Lamar Jackson,BAL,2023,14,316.0,43,1.0,LA,22.0,201.6,26.8,0,0.0
00-0034857,Josh Allen,BUF,2023,14,233.0,42,1.0,KC,5.0,274.6,37.4,0,0.0
00-0039150,Bryce Young,CAR,2023,14,137.0,36,1.0,NO,11.0,170.6,33.6,0,0.0
00-0036945,Justin Fields,CHI,2023,14,223.0,33,1.0,DET,14.0,220.4,29.2,0,0.0
00-0035100,Jake Browning,CIN,2023,14,275.0,24,0.92,IND,9.0,290.5,31.5,0,0.0
00-0026158,Joe Flacco,CLE,2023,14,311.0,45,0.97,JAX,26.0,260.8,46.4,0,0.0
00-0033077,Dak Prescott,DAL,2023,14,271.0,39,1.0,PHI,29.0,319.4,38.0,0,0.0
00-0029263,Russell Wilson,DEN,2023,14,224.0,33,1.0,LAC,19.0,177.2,26.2,0,0.0
00-0033106,Jared Goff,DET,2023,14,161.0,35,1.0,CHI,15.0,277.2,34.8,0,0.0
00-0036264,Jordan Love,GB,2023,14,218.0,39,1.0,NYG,24.0,274.8,34.8,0,0.0
00-0039163,C.J. Stroud,HOU,2023,14,91.0,23,0.86,NYJ,4.0,348.0,36.2,0,0.0
00-0035289,Gardner Minshew,IND,2023,14,240.0,39,0.95,CIN,27.0,219.4,35.6,0,0.0
00-0036971,Trevor Lawrence,JAX,2023,14,257.0,50,1.0,CLE,1.0,272.2,32.0,1,0.0
00-0033873,Patrick Mahomes,KC,2023,14,271.0,43,1.0,BUF,8.0,222.0,35.6,0,0.0
00-0026498,Matthew Stafford,LA,2023,14,294.0,41,1.0,BAL,10.0,218.2,30.4,0,0.0
00-0038579,Aidan O'Connell,LV,2023,14,171.0,32,1.0,MIN,20.0,223.8,33.0,0,0.0
00-0036212,Tua Tagovailoa,MIA,2023,14,240.0,33,1.0,TEN,18.0,273.0,34.4,0,0.0
00-0033949,Joshua Dobbs,MIN,2023,14,63.0,23,0.74,LV,23.0,208.0,33.0,0,0.0
00-0038108,Bailey Zappe,NE,2023,14,240.0,28,1.0,PIT,12.0,184.4,23.4,0,0.0
00-0031280,Derek Carr,NO,2023,14,119.0,26,0.96,CAR,2.0,270.4,35.2,1,0.0
00-0038476,Tommy DeVito,NYG,2023,14,158.0,21,1.0,GB,7.0,139.4,21.0,0,0.0
00-0037013,Zach Wilson,NYJ,2023,14,301.0,36,1.0,HOU,25.0,206.6,34.4,0,0.0
00-0036389,Jalen Hurts,PHI,2023,14,197.0,27,0.96,DAL,6.0,234.8,31.8,0,0.0
00-0033869,Mitchell Trubisky,PIT,2023,14,190.0,35,1.0,NE,21.0,204.8,31.0,0,0.0
00-0035704,Drew Lock,SEA,2023,14,269.0,31,1.0,SF,16.0,,,0,0.0
00-0037834,Brock Purdy,SF,2023,14,368.0,27,1.0,SEA,17.0,303.4,27.8,0,0.0
00-0034855,Baker Mayfield,TB,2023,14,144.0,29,1.0,ATL,13.0,238.0,32.6,0,0.0
00-0039152,Will Levis,TEN,2023,14,327.0,38,1.0,MIA,3.0,205.6,31.2,0,0.0
00-0035228,Kyler Murray,ARI,2023,15,211.0,39,0.97,SF,20.0,211.0,31.8,0,0.0
00-0038122,Desmond Ridder,ATL,2023,15,152.0,20,1.0,CAR,1.0,238.6,32.0,0,0.0
00-0034796,Lamar Jackson,BAL,2023,15,171.0,24,1.0,JAX,30.0,233.4,30.0,0,0.0
00-0034857,Josh Allen,BUF,2023,15,94.0,15,0.9,DAL,8.0,256.4,37.8,0,0.0
00-0039150,Bryce Young,CAR,2023,15,167.0,24,1.0,ATL,6.0,163.4,33.0,0,0.0
00-0036945,Justin Fields,CHI,2023,15,166.0,40,1.0,CLE,5.0,245.2,31.4,0,0.0
00-0035100,Jake Browning,CIN,2023,15,324.0,42,1.0,MIN,19.0,285.3333333333333,29.0,0,0.0
00-0026158,Joe Flacco,CLE,2023,15,374.0,44,0.99,CHI,3.0,261.2,43.6,0,0.0
00-0033077,Dak Prescott,DAL,2023,15,134.0,34,1.0,BUF,16.0,298.8,37.0,0,0.0
00-0029263,Russell Wilson,DEN,2023,15,223.0,32,0.94,DET,22.0,199.2,29.0,0,0.0
00-0033106,Jared Goff,DET,2023,15,278.0,34,1.0,DEN,10.0,255.0,34.4,0,0.0
00-0036264,Jordan Love,GB,2023,15,284.0,39,1.0,TB,25.0,272.8,37.4,0,0.0
00-0028986,Case Keenum,HOU,2023,15,229.0,36,0.99,TEN,23.0,,,0,0.0
00-0035289,Gardner Minshew,IND,2023,15,215.0,28,1.0,PIT,11.0,224.8,35.2,0,0.0
00-0036971,Trevor Lawrence,JAX,2023,15,264.0,43,1.0,BAL,13.0,265.2,35.6,0,0.0
00-0033873,Patrick Mahomes,KC,2023,15,305.0,37,1.0,NE,17.0,228.2,36.6,0,0.0
00-0026498,Matthew Stafford,LA,2023,15,258.0,33,1.0,WAS,31.0,230.8,32.8,0,0.0
00-0035282,Easton Stick,LAC,2023,15,257.0,32,1.0,LV,18.0,,,0,1.0
00-0038579,Aidan O'Connell,LV,2023,15,248.0,34,1.0,LAC,21.0,210.4,31.6,0,0.0
00-0036212,Tua Tagovailoa,MIA,2023,15,224.0,24,0.87,NYJ,2.0,256.2,32.0,0,0.0
00-0033319,Nick Mullens,MIN,2023,15,303.0,33,1.0,CIN,28.0,,,0,0.0
00-0038108,Bailey Zappe,NE,2023,15,180.0,31,1.0,KC,15.0,212.6,26.0,0,0.0
00-0031280,Derek Carr,NO,2023,15,218.0,28,0.95,NYG,26.0,234.0,29.4,0,0.0
00-0038476,Tommy DeVito,NYG,2023,15,177.0,34,0.94,NO,7.0,171.2,23.8,0,0.0
00-0032156,Trevor Siemian,NYJ,2023,15,110.0,26,0.62,MIA,13.0,179.0,25.0,0,0.0
00-0036389,Jalen Hurts,PHI,2023,15,143.0,31,1.0,SEA,27.0,210.4,29.6,0,0.0
00-0033869,Mitchell Trubisky,PIT,2023,15,169.0,23,0.9,IND,9.0,204.0,30.4,0,0.0
00-0035704,Drew Lock,SEA,2023,15,208.0,33,1.0,PHI,32.0,269.0,31.0,0,0.0
00-0037834,Brock Purdy,SF,2023,15,242.0,25,0.82,ARI,4.0,304.0,27.0,0,0.0
00-0034855,Baker Mayfield,TB,2023,15,381.0,28,1.0,GB,12.0,213.8,32.4,0,0.0
00-0039152,Will Levis,TEN,2023,15,199.0,26,1.0,HOU,29.0,218.6,31.0,0,0.0
00-0037077,Sam Howell,WAS,2023,15,102.0,26,0.73,LA,24.0,264.0,40.2,0,0.0
00-0035228,Kyler Murray,ARI,2023,16,230.0,38,1.0,CHI,15.0,215.0,33.8,0,0.0
00-0031800,Taylor Heinicke,ATL,2023,16,229.0,33,1.0,IND,7.0,202.6,28.2,0,0.0
00-0034796,Lamar Jackson,BAL,2023,16,252.0,35,1.0,SF,18.0,230.2,29.6,0,0.0
00-0034857,Josh Allen,BUF,2023,16,237.0,21,1.0,LAC,14.0,223.6,33.2,0,0.0
00-0039150,Bryce Young,CAR,2023,16,312.0,36,1.0,GB,26.0,159.8,30.2,0,0.0
00-0036945,Justin Fields,CHI,2023,16,170.0,27,1.0,ARI,10.0,211.4,32.4,0,0.0
00-0035100,Jake Browning,CIN,2023,16,335.0,42,1.0,PIT,4.0,295.0,32.25,0,1.0
00-0026158,Joe Flacco,CLE,2023,16,368.0,42,0.89,HOU,23.0,274.6,43.6,0,0.0
00-0033077,Dak Prescott,DAL,2023,16,253.0,32,1.0,MIA,6.0,244.8,36.8,0,0.0
00-0029263,Russell Wilson,DEN,2023,16,238.0,37,1.0,NE,12.0,205.2,29.6,0,0.0
00-0033106,Jared Goff,DET,2023,16,257.0,40,1.0,MIN,22.0,244.0,34.6,0,0.0
00-0036264,Jordan Love,GB,2023,16,219.0,28,1.0,CAR,1.0,271.8,37.2,0,0.0
00-0035289,Gardner Minshew,IND,2023,16,201.0,37,1.0,ATL,5.0,242.4,35.6,0,0.0
00-0036971,Trevor Lawrence,JAX,2023,16,211.0,29,0.68,TB,28.0,281.0,38.4,1,0.0
00-0033873,Patrick Mahomes,KC,2023,16,235.0,44,1.0,LV,19.0,252.2,38.0,0,0.0
00-0026498,Matthew Stafford,LA,2023,16,328.0,34,1.0,NO,3.0,250.0,35.0,0,0.0
00-0035282,Easton Stick,LAC,2023,16,215.0,33,1.0,BUF,2.0,257.0,32.0,0,0.0
00-0038579,Aidan O'Connell,LV,2023,16,62.0,21,1.0,KC,9.0,218.2,33.4,0,0.0
00-0036212,Tua Tagovailoa,MIA,2023,16,293.0,37,1.0,DAL,8.0,262.4,30.0,0,0.0
00-0033319,Nick Mullens,MIN,2023,16,411.0,36,1.0,DET,13.0,303.0,33.0,0,0.0
00-0038108,Bailey Zappe,NE,2023,16,256.0,33,1.0,DEN,11.0,211.0,28.0,0,0.0
00-0031280,Derek Carr,NO,2023,16,319.0,40,0.97,LA,17.0,215.6,29.6,0,0.0
00-0032156,Trevor Siemian,NYJ,2023,16,217.0,49,1.0,WAS,29.0,144.5,25.5,0,0.0
00-0036389,Jalen Hurts,PHI,2023,16,301.0,38,1.0,NYG,25.0,197.6,31.2,0,0.0
00-0034771,Mason Rudolph,PIT,2023,16,290.0,27,1.0,CIN,27.0,,,0,0.0
00-0030565,Geno Smith,SEA,2023,16,227.0,36,1.0,TEN,21.0,254.6,35.4,0,0.0
00-0037834,Brock Purdy,SF,2023,16,255.0,32,0.73,BAL,16.0,293.2,26.8,0,0.0
00-0034855,Baker Mayfield,TB,2023,16,283.0,35,1.0,JAX,24.0,234.4,32.2,0,0.0
00-0029701,Ryan Tannehill,TEN,2023,16,152.0,26,1.0,SEA,20.0,186.0,24.8,0,0.0
00-0035228,Kyler Murray,ARI,2023,17,232.0,31,0.99,PHI,25.0,211.2,35.0,1,0.0
00-0031800,Taylor Heinicke,ATL,2023,17,163.0,29,0.88,CHI,17.0,193.4,26.6,0,0.0
00-0034796,Lamar Jackson,BAL,2023,17,321.0,21,0.93,MIA,7.0,236.0,32.0,0,0.0
00-0034857,Josh Allen,BUF,2023,17,169.0,30,0.97,NE,12.0,235.6,32.2,0,0.0
00-0039150,Bryce Young,CAR,2023,17,112.0,32,1.0,JAX,31.0,197.6,31.6,0,0.0
00-0036945,Justin Fields,CHI,2023,17,268.0,32,1.0,ATL,5.0,189.0,32.0,0,0.0
00-0035100,Jake Browning,CIN,2023,17,197.0,33,1.0,KC,6.0,303.0,34.2,0,0.0
00-0026158,Joe Flacco,CLE,2023,17,309.0,29,1.0,NYJ,4.0,291.2,41.6,0,0.0
00-0033077,Dak Prescott,DAL,2023,17,345.0,38,1.0,DET,27.0,257.6,35.6,0,0.0
00-0035264,Jarrett Stidham,DEN,2023,17,224.0,32,1.0,LAC,9.0,292.0,35.0,0,1.0
00-0033106,Jared Goff,DET,2023,17,271.0,34,1.0,DAL,20.0,248.2,35.6,0,0.0
00-0036264,Jordan Love,GB,2023,17,256.0,33,0.89,MIN,21.0,251.2,34.8,0,0.0
00-0039163,C.J. Stroud,HOU,2023,17,213.0,32,0.95,TEN,18.0,272.2,32.4,0,0.0
00-0035289,Gardner Minshew,IND,2023,17,224.0,23,1.0,LV,16.0,243.8,37.4,0,0.0
00-0033936,C.J. Beathard,JAX,2023,17,178.0,24,0.9,CAR,1.0,,,0,0.0
00-0033873,Patrick Mahomes,KC,2023,17,245.0,29,1.0,CIN,28.0,263.8,38.2,0,0.0
00-0026498,Matthew Stafford,LA,2023,17,317.0,34,1.0,NYG,29.0,277.6,35.6,0,0.0
00-0035282,Easton Stick,LAC,2023,17,220.0,38,1.0,DEN,14.0,236.0,32.5,0,1.0
00-0038579,Aidan O'Connell,LV,2023,17,299.0,47,1.0,IND,11.0,200.0,32.2,0,0.0
00-0036212,Tua Tagovailoa,MIA,2023,17,237.0,38,0.93,BAL,22.0,256.0,29.6,0,0.0
00-0038108,Bailey Zappe,NE,2023,17,209.0,26,1.0,BUF,2.0,200.4,27.8,0,0.0
00-0031280,Derek Carr,NO,2023,17,197.0,32,0.91,TB,24.0,237.2,30.8,0,0.0
00-0028118,Tyrod Taylor,NYG,2023,17,319.0,41,1.0,LA,23.0,239.5,32.5,0,0.0
00-0032156,Trevor Siemian,NYJ,2023,17,261.0,45,1.0,CLE,3.0,168.66666666666666,33.333333333333336,0,0.0
00-0036389,Jalen Hurts,PHI,2023,17,167.0,23,1.0,ARI,10.0,227.8,34.4,0,0.0
00-0034771,Mason Rudolph,PIT,2023,17,274.0,24,1.0,SEA,15.0,290.0,27.0,0,0.0
00-0030565,Geno Smith,SEA,2023,17,290.0,33,1.0,PIT,13.0,268.6,37.0,0,0.0
00-0037834,Brock Purdy,SF,2023,17,230.0,28,0.93,WAS,26.0,277.6,28.2,0,0.0
00-0034855,Baker Mayfield,TB,2023,17,309.0,33,1.0,NO,8.0,241.8,30.2,0,0.0
00-0029701,Ryan Tannehill,TEN,2023,17,168.0,20,0.76,HOU,30.0,167.2,25.2,0,0.0
00-0037077,Sam Howell,WAS,2023,17,169.0,28,1.0,SF,19.0,219.4,36.4,0,0.0
00-0035228,Kyler Murray,ARI,2023,18,262.0,30,0.97,SEA,24.0,214.8,35.2,0,0.0
00-0038122,Desmond Ridder,ATL,2023,18,291.0,30,0.84,NO,14.0,207.6,26.6,0,0.0
00-0035993,Tyler Huntley,BAL,2023,18,146.0,28,1.0,PIT,21.0,139.4,21.8,0,1.0
00-0034857,Josh Allen,BUF,2023,18,359.0,38,1.0,MIA,11.0,214.4,31.8,0,0.0
00-0039150,Bryce Young,CAR,2023,18,94.0,18,1.0,TB,18.0,181.2,31.8,0,0.0
00-0036945,Justin Fields,CHI,2023,18,148.0,16,0.98,GB,30.0,208.8,33.8,0,0.0
00-0035100,Jake Browning,CIN,2023,18,156.0,24,0.81,CLE,8.0,297.0,35.6,0,0.0
00-0032436,Jeff Driskel,CLE,2023,18,166.0,26,1.0,CIN,28.0,,,0,0.0
00-0033077,Dak Prescott,DAL,2023,18,279.0,36,0.9,WAS,27.0,260.4,36.8,0,0.0
00-0035264,Jarrett Stidham,DEN,2023,18,272.0,34,1.0,LV,7.0,269.3333333333333,34.0,0,0.0
00-0033106,Jared Goff,DET,2023,18,320.0,32,1.0,MIN,21.0,236.0,33.6,0,0.0
00-0036264,Jordan Love,GB,2023,18,316.0,32,1.0,CHI,9.0,248.8,35.0,0,0.0
00-0039163,C.J. Stroud,HOU,2023,18,264.0,26,1.0,IND,16.0,243.6,31.0,0,0.0
00-0035289,Gardner Minshew,IND,2023,18,141.0,24,1.0,HOU,20.0,238.4,33.8,0,0.0
00-0036971,Trevor Lawrence,JAX,2023,18,280.0,43,1.0,TEN,19.0,270.8,37.8,1,0.0
00-0027948,Blaine Gabbert,KC,2023,18,154.0,30,1.0,LAC,6.0,,,0,1.0
00-0032950,Carson Wentz,LA,2023,18,163.0,24,1.0,SF,17.0,196.4,34.6,0,1.0
00-0035282,Easton Stick,LAC,2023,18,258.0,47,1.0,KC,3.0,230.66666666666666,34.333333333333336,0,0.0
00-0038579,Aidan O'Connell,LV,2023,18,244.0,31,0.95,DEN,13.0,205.6,33.4,0,0.0
00-0036212,Tua Tagovailoa,MIA,2023,18,173.0,27,1.0,BUF,5.0,254.8,31.2,0,0.0
00-0033319,Nick Mullens,MIN,2023,18,396.0,44,1.0,DET,31.0,357.0,34.5,0,0.0
00-0038108,Bailey Zappe,NE,2023,18,88.0,30,1.0,NYJ,4.0,205.2,28.6,0,0.0
00-0031280,Derek Carr,NO,2023,18,264.0,28,0.88,ATL,2.0,215.8,29.6,0,0.0
00-0028118,Tyrod Taylor,NYG,2023,18,297.0,32,0.94,PHI,29.0,266.0,35.333333333333336,0,0.0
00-0032156,Trevor Siemian,NYJ,2023,18,70.0,20,1.0,NE,10.0,191.75,36.25,0,0.0
00-0034771,Mason Rudolph,PIT,2023,18,152.0,20,1.0,BAL,25.0,282.0,25.5,0,0.0
00-0030565,Geno Smith,SEA,2023,18,189.0,28,1.0,ARI,12.0,252.8,34.2,0,0.0
00-0034869,Sam Darnold,SF,2023,18,189.0,26,1.0,LA,26.0,195.8,24.2,0,0.0
00-0034855,Baker Mayfield,TB,2023,18,137.0,32,1.0,CAR,1.0,263.8,30.8,1,0.0
00-0029701,Ryan Tannehill,TEN,2023,18,168.0,26,1.0,JAX,23.0,180.0,24.2,0,0.0
00-0037077,Sam Howell,WAS,2023,18,153.0,27,1.0,DAL,15.0,190.8,33.2,0,0.0
00-0034857,Josh Allen,BUF,2023,19,203.0,30,1.0,PIT,8.0,218.4,29.2,0,0.0
00-0026158,Joe Flacco,CLE,2023,19,307.0,46,1.0,HOU,6.0,323.2,40.8,0,1.0
00-0033077,Dak Prescott,DAL,2023,19,403.0,60,1.0,GB,7.0,256.4,35.8,0,0.0
00-0033106,Jared Goff,DET,2023,19,277.0,27,1.0,LA,9.0,257.4,35.0,0,0.0
00-0036264,Jordan Love,GB,2023,19,272.0,21,0.95,DAL,3.0,258.6,34.2,0,0.0
00-0039163,C.J. Stroud,HOU,2023,19,274.0,21,0.87,CLE,4.0,229.2,28.8,0,0.0
00-0033873,Patrick Mahomes,KC,2023,19,262.0,41,1.0,MIA,11.0,253.2,37.2,0,0.0
00-0026498,Matthew Stafford,LA,2023,19,367.0,36,1.0,DET,12.0,295.2,35.8,0,0.0
00-0036212,Tua Tagovailoa,MIA,2023,19,199.0,39,1.0,KC,1.0,233.4,31.8,0,0.0
00-0036389,Jalen Hurts,PHI,2023,19,250.0,35,0.97,TB,5.0,221.2,32.8,0,1.0
00-0034771,Mason Rudolph,PIT,2023,19,229.0,39,1.0,BUF,2.0,238.66666666666666,23.666666666666668,0,0.0
00-0034855,Baker Mayfield,TB,2023,19,337.0,36,1.0,PHI,10.0,250.8,31.4,1,0.0
00-0034796,Lamar Jackson,BAL,2023,20,152.0,22,1.0,HOU,5.0,247.4,31.0,0,0.0
00-0034857,Josh Allen,BUF,2023,20,186.0,39,1.0,KC,1.0,212.4,26.8,0,0.0
00-0033106,Jared Goff,DET,2023,20,287.0,43,1.0,TB,3.0,280.6,33.4,0,0.0
00-0036264,Jordan Love,GB,2023,20,194.0,34,1.0,SF,4.0,269.4,30.6,0,0.0
00-0039163,C.J. Stroud,HOU,2023,20,175.0,33,1.0,BAL,6.0,223.2,25.8,0,0.0
00-0033873,Patrick Mahomes,KC,2023,20,215.0,23,1.0,BUF,2.0,263.6,38.8,0,0.0
00-0037834,Brock Purdy,SF,2023,20,252.0,39,1.0,GB,7.0,281.8,27.8,0,0.0
00-0034855,Baker Mayfield,TB,2023,20,349.0,41,1.0,DET,8.0,289.4,32.8,0,0.0
00-0034796,Lamar Jackson,BAL,2023,21,272.0,37,1.0,KC,1.0,242.4,29.0,0,0.0
00-0033106,Jared Goff,DET,2023,21,273.0,41,1.0,SF,2.0,282.4,35.2,0,0.0
00-0033873,Patrick Mahomes,KC,2023,21,241.0,39,1.0,BAL,3.0,252.4,34.8,0,0.0
00-0037834,Brock Purdy,SF,2023,21,267.0,31,1.0,DET,4.0,269.4,30.2,0,0.0
00-0033873,Patrick Mahomes,KC,2023,22,333.0,46,1.0,SF,1.0,239.6,35.2,0,0.0
00-0037834,Brock Purdy,SF,2023,22,255.0,38,1.0,KC,2.0,249.2,31.0,0,0.0
00-0035228,Kyler Murray,ARI,2024,1,162.0,31,1.0,BUF,6.0,216.0,32.2,0,0.0
00-0029604,Kirk Cousins,ATL,2024,1,155.0,26,1.0,PIT,17.0,251.2,34.6,0,0.0
00-0034796,Lamar Jackson,BAL,2024,1,273.0,41,1.0,KC,16.0,233.6,27.8,0,0.0
00-0034857,Josh Allen,BUF,2024,1,232.0,23,1.0,ARI,4.0,230.8,31.6,0,1.0
00-0039150,Bryce Young,CAR,2024,1,161.0,30,0.92,NO,22.0,164.4,29.2,0,0.0
00-0039918,Caleb Williams,CHI,2024,1,93.0,29,1.0,TEN,17.0,,,0,0.0
00-0036442,Joe Burrow,CIN,2024,1,164.0,29,1.0,NE,3.0,296.0,39.4,0,0.0
00-0033537,Deshaun Watson,CLE,2024,1,169.0,45,1.0,DAL,11.0,222.0,33.2,0,0.0
00-0033077,Dak Prescott,DAL,2024,1,179.0,32,0.98,CLE,13.0,282.8,40.0,0,0.0
00-0039732,Bo Nix,DEN,2024,1,138.0,42,1.0,SEA,19.0,,,0,1.0
00-0033106,Jared Goff,DET,2024,1,217.0,28,1.0,LA,20.0,285.6,35.4,0,0.0
00-0036264,Jordan Love,GB,2024,1,260.0,34,0.97,PHI,30.0,251.4,29.6,0,0.0
00-0039163,C.J. Stroud,HOU,2024,1,234.0,32,1.0,IND,21.0,203.4,27.0,0,0.0
00-0039164,Anthony Richardson,IND,2024,1,212.0,19,1.0,HOU,15.0,211.5,31.0,0,0.0
00-0036971,Trevor Lawrence,JAX,2024,1,162.0,21,1.0,MIA,27.0,254.0,38.8,0,0.0
00-0033873,Patrick Mahomes,KC,2024,1,291.0,28,1.0,BAL,10.0,259.2,35.6,0,0.0
00-0026498,Matthew Stafford,LA,2024,1,317.0,49,1.0,DET,32.0,312.8,35.6,0,0.0
00-0036355,Justin Herbert,LAC,2024,1,144.0,26,1.0,LV,9.0,229.6,37.4,0,1.0
00-0035289,Gardner Minshew,LV,2024,1,257.0,33,1.0,LAC,12.0,204.2,30.2,0,0.0
00-0036212,Tua Tagovailoa,MIA,2024,1,338.0,37,1.0,JAX,8.0,225.2,33.0,0,0.0
00-0034869,Sam Darnold,MIN,2024,1,208.0,24,1.0,NYG,28.0,209.6,24.6,0,0.0
00-0033119,Jacoby Brissett,NE,2024,1,121.0,24,1.0,CIN,23.0,256.4,32.4,0,0.0
00-0031280,Derek Carr,NO,2024,1,200.0,23,0.91,CAR,1.0,223.4,30.8,0,0.0
00-0035710,Daniel Jones,NYG,2024,1,186.0,42,1.0,MIN,29.0,176.8,30.2,0,0.0
00-0023459,Aaron Rodgers,NYJ,2024,1,167.0,21,0.75,SF,14.0,202.6,30.0,0,0.0
00-0036389,Jalen Hurts,PHI,2024,1,278.0,34,1.0,GB,31.0,211.6,30.8,0,0.0
00-0036945,Justin Fields,PIT,2024,1,156.0,23,1.0,ATL,7.0,195.0,29.6,0,0.0
00-0030565,Geno Smith,SEA,2024,1,171.0,25,1.0,DEN,26.0,244.0,33.0,0,0.0
00-0037834,Brock Purdy,SF,2024,1,231.0,29,0.99,NYJ,2.0,251.8,33.6,0,0.0
00-0034855,Baker Mayfield,TB,2024,1,289.0,30,0.97,WAS,25.0,283.0,35.4,0,0.0
00-0039152,Will Levis,TEN,2024,1,127.0,32,1.0,CHI,23.0,218.6,28.4,0,0.0
00-0039910,Jayden Daniels,WAS,2024,1,184.0,24,1.0,TB,5.0,,,0,1.0
00-0035228,Kyler Murray,ARI,2024,2,266.0,21,0.91,LA,27.0,219.4,33.8,0,0.0
00-0029604,Kirk Cousins,ATL,2024,2,241.0,29,1.0,PHI,28.0,254.4,36.0,0,0.0
00-0034796,Lamar Jackson,BAL,2024,2,247.0,34,1.0,LV,18.0,254.0,31.2,0,0.0
00-0034857,Josh Allen,BUF,2024,2,139.0,19,0.91,MIA,30.0,229.8,32.0,0,0.0
00-0039150,Bryce Young,CAR,2024,2,84.0,26,1.0,LAC,14.0,169.2,28.0,0,0.0
00-0039918,Caleb Williams,CHI,2024,2,174.0,37,1.0,HOU,5.0,93.0,29.0,0,0.0
00-0036442,Joe Burrow,CIN,2024,2,258.0,36,1.0,KC,21.0,265.4,36.0,0,0.0
00-0033537,Deshaun Watson,CLE,2024,2,186.0,34,0.96,JAX,12.0,225.0,36.4,0,1.0
00-0033077,Dak Prescott,DAL,2024,2,293.0,39,0.96,NO,25.0,291.8,39.6,0,0.0
00-0039732,Bo Nix,DEN,2024,2,246.0,35,1.0,PIT,16.0,138.0,42.0,0,0.0
00-0033106,Jared Goff,DET,2024,2,307.0,55,0.99,TB,8.0,274.8,34.2,0,0.0
00-0038128,Malik Willis,GB,2024,2,122.0,14,1.0,IND,22.0,78.0,16.333333333333332,0,0.0
00-0039163,C.J. Stroud,HOU,2024,2,260.0,36,1.0,CHI,23.0,232.0,28.8,0,0.0
00-0039164,Anthony Richardson,IND,2024,2,204.0,34,1.0,GB,31.0,211.66666666666666,27.0,0,0.0
00-0036971,Trevor Lawrence,JAX,2024,2,220.0,30,1.0,CLE,9.0,234.8,37.2,0,0.0
00-0033873,Patrick Mahomes,KC,2024,2,151.0,25,1.0,CIN,15.0,268.4,35.4,0,0.0
00-0026498,Matthew Stafford,LA,2024,2,216.0,27,1.0,ARI,7.0,317.4,37.2,0,0.0
00-0036355,Justin Herbert,LAC,2024,2,130.0,20,1.0,CAR,1.0,231.2,36.6,0,0.0
00-0035289,Gardner Minshew,LV,2024,2,276.0,38,1.0,BAL,13.0,207.6,29.0,0,0.0
00-0036212,Tua Tagovailoa,MIA,2024,2,145.0,25,0.72,BUF,6.0,248.0,35.6,0,0.0
00-0034869,Sam Darnold,MIN,2024,2,268.0,26,1.0,SF,17.0,206.2,24.8,0,0.0
00-0033119,Jacoby Brissett,NE,2024,2,149.0,27,1.0,SEA,4.0,229.0,31.8,0,0.0
00-0031280,Derek Carr,NO,2024,2,243.0,16,0.9,DAL,19.0,239.6,30.2,0,0.0
00-0035710,Daniel Jones,NYG,2024,2,178.0,28,1.0,WAS,26.0,193.2,33.0,0,0.0
00-0023459,Aaron Rodgers,NYJ,2024,2,176.0,30,1.0,TEN,10.0,199.6,28.0,0,0.0
00-0036389,Jalen Hurts,PHI,2024,2,183.0,30,1.0,ATL,11.0,227.8,32.2,0,0.0
00-0036945,Justin Fields,PIT,2024,2,117.0,20,1.0,DEN,20.0,181.6,27.6,0,0.0
00-0030565,Geno Smith,SEA,2024,2,327.0,44,1.0,NE,3.0,242.2,32.6,0,0.0
00-0037834,Brock Purdy,SF,2024,2,319.0,36,1.0,MIN,29.0,247.0,33.0,0,0.0
00-0034855,Baker Mayfield,TB,2024,2,185.0,19,1.0,DET,32.0,284.2,34.4,0,0.0
00-0039152,Will Levis,TEN,2024,2,192.0,28,1.0,NYJ,2.0,212.4,31.4,0,0.0
00-0039910,Jayden Daniels,WAS,2024,2,226.0,29,0.99,NYG,24.0,184.0,24.0,0,0.0
00-0035228,Kyler Murray,ARI,2024,3,207.0,34,1.0,DET,31.0,230.4,30.2,0,0.0
00-0029604,Kirk Cousins,ATL,2024,3,230.0,29,1.0,KC,24.0,245.8,32.4,0,0.0
00-0034796,Lamar Jackson,BAL,2024,3,182.0,15,1.0,DAL,16.0,253.0,31.0,0,0.0
00-0034857,Josh Allen,BUF,2024,3,263.0,30,0.88,JAX,13.0,223.8,29.8,0,0.0
00-0027973,Andy Dalton,CAR,2024,3,319.0,37,1.0,LV,17.0,196.0,27.4,0,0.0
00-0039918,Caleb Williams,CHI,2024,3,363.0,52,1.0,IND,20.0,133.5,33.0,0,0.0
00-0036442,Joe Burrow,CIN,2024,3,324.0,38,1.0,WAS,21.0,280.0,36.2,0,0.0
00-0033537,Deshaun Watson,CLE,2024,3,196.0,37,0.97,NYG,26.0,215.2,35.2,0,0.0
00-0033077,Dak Prescott,DAL,2024,3,379.0,51,1.0,BAL,19.0,299.8,41.0,0,0.0
00-0039732,Bo Nix,DEN,2024,3,216.0,36,1.0,TB,17.0,192.0,38.5,0,0.0
00-0033106,Jared Goff,DET,2024,3,199.0,23,1.0,ARI,6.0,272.2,38.8,0,0.0
00-0038128,Malik Willis,GB,2024,3,202.0,19,1.0,TEN,8.0,89.0,15.75,0,0.0
00-0039163,C.J. Stroud,HOU,2024,3,215.0,31,0.81,MIN,28.0,241.4,29.6,0,0.0
00-0039164,Anthony Richardson,IND,2024,3,167.0,20,1.0,CHI,15.0,209.75,28.75,0,0.0
00-0036971,Trevor Lawrence,JAX,2024,3,178.0,38,0.8,BUF,2.0,227.4,33.2,0,0.0
00-0033873,Patrick Mahomes,KC,2024,3,217.0,39,1.0,ATL,12.0,246.2,32.2,0,0.0
00-0026498,Matthew Stafford,LA,2024,3,221.0,25,1.0,SF,22.0,309.0,36.0,0,1.0
00-0036355,Justin Herbert,LAC,2024,3,125.0,18,0.78,PIT,10.0,192.6,32.6,1,0.0
00-0035289,Gardner Minshew,LV,2024,3,214.0,28,0.8,CAR,1.0,219.8,31.0,0,0.0
00-0034869,Sam Darnold,MIN,2024,3,181.0,28,0.97,HOU,7.0,209.8,25.6,0,0.0
00-0033119,Jacoby Brissett,NE,2024,3,98.0,18,0.69,NYJ,11.0,203.2,32.8,0,0.0
00-0031280,Derek Carr,NO,2024,3,142.0,25,1.0,PHI,29.0,244.6,27.8,0,0.0
00-0035710,Daniel Jones,NYG,2024,3,236.0,34,1.0,CLE,14.0,164.6,31.2,0,0.0
00-0023459,Aaron Rodgers,NYJ,2024,3,281.0,35,1.0,NE,4.0,189.0,28.0,0,0.0
00-0036389,Jalen Hurts,PHI,2024,3,311.0,38,1.0,NO,30.0,235.8,32.0,0,0.0
00-0036945,Justin Fields,PIT,2024,3,245.0,32,1.0,LAC,3.0,171.8,23.6,0,0.0
00-0030565,Geno Smith,SEA,2024,3,289.0,34,1.0,MIA,23.0,240.8,33.2,0,0.0
00-0037834,Brock Purdy,SF,2024,3,292.0,30,1.0,LA,25.0,264.8,34.6,0,1.0
00-0034855,Baker Mayfield,TB,2024,3,163.0,33,1.0,DEN,9.0,259.4,31.6,0,0.0
00-0039152,Will Levis,TEN,2024,3,260.0,34,1.0,GB,27.0,213.8,31.4,0,0.0
00-0039910,Jayden Daniels,WAS,2024,3,254.0,23,1.0,CIN,5.0,205.0,26.5,0,0.0
00-0035228,Kyler Murray,ARI,2024,4,142.0,22,1.0,WAS,28.0,225.8,29.4,0,1.0
00-0029604,Kirk Cousins,ATL,2024,4,238.0,35,1.0,NO,31.0,255.6,32.0,0,0.0
00-0034796,Lamar Jackson,BAL,2024,4,156.0,18,0.95,BUF,5.0,225.2,29.8,0,0.0
00-0034857,Josh Allen,BUF,2024,4,180.0,29,0.86,BAL,30.0,204.6,28.2,0,0.0
00-0027973,Andy Dalton,CAR,2024,4,220.0,40,1.0,CIN,6.0,229.6,31.4,0,0.0
00-0039918,Caleb Williams,CHI,2024,4,157.0,23,1.0,LA,20.0,210.0,39.333333333333336,0,0.0
00-0036442,Joe Burrow,CIN,2024,4,232.0,31,1.0,CAR,1.0,288.2,37.4,0,0.0
00-0033537,Deshaun Watson,CLE,2024,4,176.0,32,1.0,LV,18.0,196.6,36.0,0,0.0
00-0033077,Dak Prescott,DAL,2024,4,221.0,27,1.0,NYG,22.0,306.6,43.6,0,0.0
00-0039732,Bo Nix,DEN,2024,4,60.0,25,1.0,NYJ,4.0,200.0,37.666666666666664,0,0.0
00-0033106,Jared Goff,DET,2024,4,292.0,18,1.0,SEA,9.0,256.6,38.0,0,0.0
00-0036264,Jordan Love,GB,2024,4,389.0,54,1.0,MIN,27.0,259.6,30.8,1,0.0
00-0039163,C.J. Stroud,HOU,2024,4,345.0,40,1.0,JAX,16.0,231.6,30.6,0,0.0
00-0026158,Joe Flacco,IND,2024,4,168.0,26,0.8,PIT,2.0,333.8,41.2,0,0.0
00-0036971,Trevor Lawrence,JAX,2024,4,169.0,33,1.0,HOU,13.0,210.2,32.2,0,0.0
00-0033873,Patrick Mahomes,KC,2024,4,245.0,29,1.0,LAC,7.0,246.6,35.4,0,0.0
00-0026498,Matthew Stafford,LA,2024,4,224.0,29,1.0,CHI,14.0,287.6,34.2,0,0.0
00-0036355,Justin Herbert,LAC,2024,4,179.0,27,1.0,KC,26.0,165.6,29.0,1,0.0
00-0035289,Gardner Minshew,LV,2024,4,130.0,24,1.0,CLE,15.0,222.4,29.2,0,0.0
00-0035993,Tyler Huntley,MIA,2024,4,96.0,22,1.0,TEN,7.0,151.0,25.0,0,0.0
00-0034869,Sam Darnold,MIN,2024,4,275.0,28,1.0,GB,32.0,177.8,23.8,0,0.0
00-0033119,Jacoby Brissett,NE,2024,4,168.0,32,1.0,SF,23.0,180.4,29.4,0,0.0
00-0031280,Derek Carr,NO,2024,4,239.0,36,0.99,ATL,17.0,209.2,24.8,0,0.0
00-0035710,Daniel Jones,NYG,2024,4,281.0,40,1.0,DAL,12.0,184.4,31.6,0,0.0
00-0023459,Aaron Rodgers,NYJ,2024,4,225.0,42,1.0,DEN,3.0,197.6,27.4,0,0.0
00-0036389,Jalen Hurts,PHI,2024,4,158.0,30,1.0,TB,21.0,237.8,32.0,0,1.0
00-0036945,Justin Fields,PIT,2024,4,312.0,34,1.0,IND,25.0,186.8,24.6,0,0.0
00-0030565,Geno Smith,SEA,2024,4,395.0,56,1.0,DET,29.0,253.2,32.8,0,0.0
00-0037834,Brock Purdy,SF,2024,4,288.0,27,1.0,NE,11.0,272.8,32.8,0,0.0
00-0034855,Baker Mayfield,TB,2024,4,347.0,47,1.0,PHI,24.0,264.6,31.8,0,0.0
00-0034771,Mason Rudolph,TEN,2024,4,85.0,17,0.83,MIA,19.0,236.25,27.5,0,0.0
00-0039910,Jayden Daniels,WAS,2024,4,233.0,30,1.0,ARI,10.0,221.33333333333334,25.333333333333332,0,0.0
00-0035228,Kyler Murray,ARI,2024,5,195.0,30,1.0,SF,17.0,207.8,27.6,0,0.0
00-0029604,Kirk Cousins,ATL,2024,5,509.0,58,1.0,TB,16.0,227.6,30.0,0,0.0
00-0034796,Lamar Jackson,BAL,2024,5,348.0,42,1.0,CIN,5.0,226.0,29.0,0,0.0
00-0034857,Josh Allen,BUF,2024,5,131.0,30,0.98,HOU,3.0,200.0,28.0,0,1.0
00-0027973,Andy Dalton,CAR,2024,5,136.0,28,0.85,CHI,12.0,255.2,36.4,0,0.0
00-0039918,Caleb Williams,CHI,2024,5,304.0,29,0.96,CAR,6.0,196.75,35.25,0,0.0
00-0036442,Joe Burrow,CIN,2024,5,392.0,39,1.0,BAL,27.0,265.0,34.8,0,0.0
00-0033537,Deshaun Watson,CLE,2024,5,125.0,28,0.92,WAS,22.0,188.0,36.4,0,0.0
00-0033077,Dak Prescott,DAL,2024,5,352.0,42,1.0,PIT,4.0,295.0,41.8,0,0.0
00-0039732,Bo Nix,DEN,2024,5,206.0,27,1.0,LV,18.0,165.0,34.5,0,0.0
00-0036264,Jordan Love,GB,2024,5,224.0,26,1.0,LA,21.0,286.2,35.0,0,1.0
00-0039163,C.J. Stroud,HOU,2024,5,331.0,38,1.0,BUF,2.0,245.8,34.4,0,0.0
00-0026158,Joe Flacco,IND,2024,5,359.0,44,1.0,JAX,26.0,305.2,37.4,0,0.0
00-0036971,Trevor Lawrence,JAX,2024,5,371.0,34,1.0,IND,25.0,201.8,33.0,0,0.0
00-0033873,Patrick Mahomes,KC,2024,5,331.0,39,1.0,NO,24.0,247.4,33.4,0,0.0
00-0026498,Matthew Stafford,LA,2024,5,260.0,45,1.0,GB,23.0,269.0,33.2,0,0.0
00-0035289,Gardner Minshew,LV,2024,5,137.0,17,0.63,DEN,7.0,203.6,29.4,0,0.0
00-0035993,Tyler Huntley,MIA,2024,5,194.0,31,1.0,NE,14.0,142.6,23.4,0,0.0
00-0034869,Sam Darnold,MIN,2024,5,179.0,31,0.99,NYJ,1.0,224.2,26.4,0,0.0
00-0033119,Jacoby Brissett,NE,2024,5,160.0,34,1.0,MIA,8.0,149.2,27.6,0,0.0
00-0031280,Derek Carr,NO,2024,5,165.0,28,0.83,KC,20.0,217.6,25.6,0,0.0
00-0035710,Daniel Jones,NYG,2024,5,257.0,34,1.0,SEA,13.0,200.0,32.8,0,1.0
00-0023459,Aaron Rodgers,NYJ,2024,5,244.0,54,1.0,MIN,28.0,210.8,31.0,0,0.0
00-0036945,Justin Fields,PIT,2024,5,131.0,27,0.97,DAL,15.0,195.6,25.0,0,0.0
00-0030565,Geno Smith,SEA,2024,5,284.0,40,1.0,NYG,19.0,274.2,37.4,0,0.0
00-0037834,Brock Purdy,SF,2024,5,244.0,35,1.0,ARI,11.0,277.0,32.0,0,0.0
00-0034855,Baker Mayfield,TB,2024,5,180.0,24,1.0,ATL,10.0,266.6,34.0,0,0.0
00-0039910,Jayden Daniels,WAS,2024,5,238.0,25,0.87,CLE,9.0,224.25,26.5,0,0.0
00-0035228,Kyler Murray,ARI,2024,6,214.0,32,1.0,GB,21.0,194.4,27.6,0,0.0
00-0029604,Kirk Cousins,ATL,2024,6,225.0,30,1.0,CAR,14.0,274.6,35.4,0,0.0
00-0034796,Lamar Jackson,BAL,2024,6,323.0,26,1.0,WAS,13.0,241.2,30.0,0,0.0
00-0034857,Josh Allen,BUF,2024,6,215.0,25,1.0,NYJ,1.0,189.0,26.2,0,0.0
00-0027973,Andy Dalton,CAR,2024,6,221.0,38,1.0,ATL,7.0,241.4,37.6,0,0.0
00-0039918,Caleb Williams,CHI,2024,6,226.0,29,0.95,JAX,27.0,218.2,34.0,0,0.0
00-0036442,Joe Burrow,CIN,2024,6,208.0,28,1.0,NYG,19.0,274.0,34.6,0,0.0
00-0033537,Deshaun Watson,CLE,2024,6,168.0,23,0.98,PHI,22.0,170.4,35.2,0,0.0
00-0033077,Dak Prescott,DAL,2024,6,178.0,33,0.74,DET,24.0,284.8,38.2,0,0.0
00-0039732,Bo Nix,DEN,2024,6,216.0,33,1.0,LAC,8.0,173.2,33.0,0,0.0
00-0033106,Jared Goff,DET,2024,6,315.0,25,0.84,DAL,10.0,257.6,33.0,0,0.0
00-0036264,Jordan Love,GB,2024,6,258.0,32,1.0,ARI,18.0,267.8,33.8,0,0.0
00-0039163,C.J. Stroud,HOU,2024,6,192.0,31,0.95,NE,20.0,277.0,35.4,0,0.0
00-0026158,Joe Flacco,IND,2024,6,189.0,38,1.0,TEN,3.0,302.2,37.4,0,0.0
00-0036971,Trevor Lawrence,JAX,2024,6,234.0,35,0.95,CHI,5.0,220.0,31.2,0,0.0
00-0036355,Justin Herbert,LAC,2024,6,237.0,34,1.0,DEN,2.0,158.0,25.6,0,0.0
00-0038579,Aidan O'Connell,LV,2024,6,227.0,40,1.0,PIT,12.0,204.8,33.0,0,0.0
00-0039851,Drake Maye,NE,2024,6,243.0,33,1.0,HOU,4.0,,,0,0.0
00-0039376,Spencer Rattler,NO,2024,6,243.0,40,1.0,TB,25.0,,,0,0.0
00-0035710,Daniel Jones,NYG,2024,6,205.0,41,1.0,CIN,16.0,227.6,35.6,0,0.0
00-0023459,Aaron Rodgers,NYJ,2024,6,294.0,35,1.0,BUF,6.0,218.6,36.4,0,0.0
00-0036389,Jalen Hurts,PHI,2024,6,264.0,25,1.0,CLE,9.0,236.0,33.4,0,0.0
00-0036945,Justin Fields,PIT,2024,6,145.0,24,1.0,LV,15.0,192.2,27.2,0,0.0
00-0030565,Geno Smith,SEA,2024,6,312.0,52,1.0,SF,11.0,293.2,39.8,0,0.0
00-0037834,Brock Purdy,SF,2024,6,255.0,28,1.0,SEA,17.0,274.8,31.4,0,0.0
00-0034855,Baker Mayfield,TB,2024,6,325.0,36,1.0,NO,23.0,232.8,30.6,0,0.0
00-0039152,Will Levis,TEN,2024,6,95.0,27,1.0,IND,26.0,221.0,31.6,0,0.0
00-0039910,Jayden Daniels,WAS,2024,6,269.0,35,1.0,BAL,28.0,227.0,26.2,0,0.0
00-0035228,Kyler Murray,ARI,2024,7,145.0,26,0.95,LAC,7.0,204.8,27.8,0,0.0
00-0029604,Kirk Cousins,ATL,2024,7,232.0,35,0.9,SEA,9.0,288.6,36.2,0,0.0
00-0034796,Lamar Jackson,BAL,2024,7,281.0,22,0.95,TB,27.0,251.2,27.0,0,0.0
00-0034857,Josh Allen,BUF,2024,7,323.0,33,1.0,TEN,2.0,185.6,26.6,0,0.0
00-0027973,Andy Dalton,CAR,2024,7,93.0,16,0.93,WAS,10.0,251.4,40.2,0,0.0
00-0036442,Joe Burrow,CIN,2024,7,181.0,25,1.0,CLE,8.0,282.8,34.4,0,0.0
00-0039732,Bo Nix,DEN,2024,7,164.0,26,0.97,NO,29.0,188.8,31.2,0,0.0
00-0033106,Jared Goff,DET,2024,7,280.0,25,1.0,MIN,25.0,266.0,29.8,0,0.0
00-0036264,Jordan Love,GB,2024,7,220.0,33,1.0,HOU,5.0,265.0,36.0,0,0.0
00-0039163,C.J. Stroud,HOU,2024,7,86.0,21,1.0,GB,21.0,268.6,35.2,0,0.0
00-0039164,Anthony Richardson,IND,2024,7,129.0,24,1.0,MIA,3.0,201.2,27.0,0,0.0
00-0036971,Trevor Lawrence,JAX,2024,7,193.0,20,1.0,NE,23.0,234.4,34.0,0,0.0
00-0033873,Patrick Mahomes,KC,2024,7,154.0,27,1.0,SF,20.0,247.0,32.0,0,0.0
00-0026498,Matthew Stafford,LA,2024,7,154.0,23,1.0,LV,11.0,247.6,35.0,0,0.0
00-0036355,Justin Herbert,LAC,2024,7,349.0,39,1.0,ARI,17.0,163.0,25.0,0,0.0
00-0035289,Gardner Minshew,LV,2024,7,154.0,34,0.82,LA,18.0,202.8,28.0,0,0.0
00-0035993,Tyler Huntley,MIA,2024,7,87.0,13,0.67,IND,22.0,158.4,26.2,0,0.0
00-0034869,Sam Darnold,MIN,2024,7,259.0,27,1.0,DET,23.0,222.2,27.4,0,0.0
00-0039851,Drake Maye,NE,2024,7,276.0,37,1.0,JAX,26.0,243.0,33.0,0,0.0
00-0039376,Spencer Rattler,NO,2024,7,172.0,35,0.93,DEN,4.0,243.0,40.0,0,1.0
00-0035710,Daniel Jones,NYG,2024,7,99.0,21,0.79,PHI,19.0,231.4,35.4,0,0.0
00-0023459,Aaron Rodgers,NYJ,2024,7,276.0,39,1.0,PIT,15.0,244.0,39.2,0,0.0
00-0036389,Jalen Hurts,PHI,2024,7,114.0,14,0.82,NYG,16.0,238.8,31.4,0,0.0
00-0029263,Russell Wilson,PIT,2024,7,264.0,29,1.0,NYJ,1.0,201.0,30.0,0,0.0
00-0030565,Geno Smith,SEA,2024,7,207.0,28,0.98,ATL,6.0,321.4,45.2,0,0.0
00-0037834,Brock Purdy,SF,2024,7,212.0,31,1.0,KC,13.0,279.6,31.2,0,0.0
00-0034855,Baker Mayfield,TB,2024,7,370.0,45,1.0,BAL,28.0,240.0,31.8,0,0.0
00-0034771,Mason Rudolph,TEN,2024,7,215.0,40,1.0,BUF,12.0,206.0,25.4,0,0.0
00-0032268,Marcus Mariota,WAS,2024,7,205.0,23,0.86,CAR,13.0,157.4,24.4,0,0.0
00-0035228,Kyler Murray,ARI,2024,8,307.0,36,1.0,MIA,1.0,180.6,28.8,0,0.0
00-0029604,Kirk Cousins,ATL,2024,8,276.0,29,1.0,TB,29.0,286.8,37.4,0,0.0
00-0034796,Lamar Jackson,BAL,2024,8,289.0,38,1.0,CLE,13.0,258.0,24.6,0,0.0
00-0034857,Josh Allen,BUF,2024,8,283.0,34,0.91,SEA,24.0,222.4,29.4,0,0.0
00-0039150,Bryce Young,CAR,2024,8,224.0,37,1.0,DEN,3.0,152.6,28.4,0,1.0
00-0039918,Caleb Williams,CHI,2024,8,131.0,24,1.0,WAS,9.0,244.8,34.0,0,0.0
00-0036442,Joe Burrow,CIN,2024,8,234.0,37,0.95,PHI,7.0,267.4,32.2,0,0.0
00-0031503,Jameis Winston,CLE,2024,8,334.0,41,1.0,BAL,32.0,286.0,38.333333333333336,0,0.0
00-0033077,Dak Prescott,DAL,2024,8,243.0,38,1.0,SF,14.0,284.6,38.4,0,0.0
00-0039732,Bo Nix,DEN,2024,8,284.0,37,1.0,CAR,23.0,172.4,29.4,0,0.0
00-0033106,Jared Goff,DET,2024,8,85.0,15,0.88,TEN,6.0,278.6,29.2,0,0.0
00-0036264,Jordan Love,GB,2024,8,196.0,22,0.63,JAX,31.0,270.2,35.8,0,0.0
00-0039163,C.J. Stroud,HOU,2024,8,285.0,37,1.0,IND,26.0,233.8,32.2,0,0.0
00-0039164,Anthony Richardson,IND,2024,8,175.0,32,0.98,HOU,5.0,182.4,24.4,0,0.0
00-0036971,Trevor Lawrence,JAX,2024,8,308.0,32,1.0,GB,17.0,229.0,32.0,0,0.0
00-0033873,Patrick Mahomes,KC,2024,8,262.0,38,1.0,LV,8.0,219.6,31.8,0,0.0
00-0026498,Matthew Stafford,LA,2024,8,279.0,34,1.0,MIN,30.0,215.0,29.8,0,0.0
00-0036355,Justin Herbert,LAC,2024,8,279.0,32,1.0,NO,28.0,204.0,27.6,0,0.0
00-0035289,Gardner Minshew,LV,2024,8,209.0,30,1.0,KC,12.0,182.2,28.2,0,0.0
00-0036212,Tua Tagovailoa,MIA,2024,8,234.0,38,1.0,ARI,27.0,218.4,33.2,1,0.0
00-0034869,Sam Darnold,MIN,2024,8,240.0,25,1.0,LA,16.0,232.4,28.0,0,0.0
00-0033119,Jacoby Brissett,NE,2024,8,132.0,24,0.7,NYJ,2.0,139.2,27.0,0,0.0
00-0039376,Spencer Rattler,NO,2024,8,156.0,24,0.62,LAC,4.0,207.5,37.5,0,0.0
00-0035710,Daniel Jones,NYG,2024,8,264.0,38,1.0,PIT,18.0,215.6,34.0,0,0.0
00-0023459,Aaron Rodgers,NYJ,2024,8,233.0,28,1.0,NE,18.0,264.0,41.0,0,0.0
00-0036389,Jalen Hurts,PHI,2024,8,236.0,20,1.0,CIN,22.0,206.0,27.4,0,0.0
00-0029263,Russell Wilson,PIT,2024,8,278.0,28,1.0,NYG,11.0,227.0,31.4,0,0.0
00-0030565,Geno Smith,SEA,2024,8,212.0,29,1.0,BUF,21.0,297.4,42.0,0,0.0
00-0037834,Brock Purdy,SF,2024,8,260.0,26,1.0,DAL,20.0,258.2,30.2,0,0.0
00-0034855,Baker Mayfield,TB,2024,8,330.0,50,1.0,ATL,15.0,277.0,37.0,0,0.0
00-0034771,Mason Rudolph,TEN,2024,8,266.0,38,1.0,DET,25.0,191.0,28.0,0,1.0
00-0039910,Jayden Daniels,WAS,2024,8,326.0,38,1.0,CHI,10.0,244.0,28.4,1,0.0
00-0035228,Kyler Murray,ARI,2024,9,154.0,20,0.95,CHI,12.0,200.6,29.2,0,0.0
00-0029604,Kirk Cousins,ATL,2024,9,222.0,24,1.0,DAL,18.0,296.0,37.4,0,0.0
00-0034796,Lamar Jackson,BAL,2024,9,280.0,19,0.89,DEN,8.0,279.4,29.2,0,0.0
00-0034857,Josh Allen,BUF,2024,9,235.0,39,1.0,MIA,6.0,226.4,30.2,0,0.0
00-0039150,Bryce Young,CAR,2024,9,171.0,26,1.0,NO,25.0,135.0,28.6,0,0.0
00-0039918,Caleb Williams,CHI,2024,9,217.0,41,1.0,ARI,23.0,236.2,31.4,0,0.0
00-0036442,Joe Burrow,CIN,2024,9,251.0,39,0.99,LV,5.0,249.4,32.0,0,0.0
00-0031503,Jameis Winston,CLE,2024,9,235.0,46,1.0,LAC,10.0,298.0,39.0,0,0.0
00-0033077,Dak Prescott,DAL,2024,9,133.0,24,0.61,ATL,19.0,274.6,38.2,0,0.0
00-0039732,Bo Nix,DEN,2024,9,223.0,33,1.0,BAL,29.0,186.0,29.6,0,0.0
00-0033106,Jared Goff,DET,2024,9,145.0,22,1.0,GB,16.0,234.2,21.2,0,0.0
00-0036264,Jordan Love,GB,2024,9,273.0,39,1.0,DET,22.0,257.4,33.4,1,0.0
00-0039163,C.J. Stroud,HOU,2024,9,191.0,30,1.0,NYJ,2.0,247.8,33.4,0,0.0
00-0026158,Joe Flacco,IND,2024,9,179.0,27,1.0,MIN,27.0,266.4,36.6,0,0.0
00-0036971,Trevor Lawrence,JAX,2024,9,169.0,31,1.0,PHI,7.0,255.0,30.8,0,0.0
00-0033873,Patrick Mahomes,KC,2024,9,291.0,44,1.0,TB,28.0,241.8,34.4,0,0.0
00-0026498,Matthew Stafford,LA,2024,9,298.0,44,1.0,SEA,24.0,227.6,31.2,0,0.0
00-0036355,Justin Herbert,LAC,2024,9,282.0,27,1.0,CLE,14.0,233.8,30.0,0,0.0
00-0036212,Tua Tagovailoa,MIA,2024,9,231.0,28,1.0,BUF,20.0,217.8,33.2,0,0.0
00-0034869,Sam Darnold,MIN,2024,9,290.0,34,1.0,IND,17.0,226.8,27.8,0,0.0
00-0039851,Drake Maye,NE,2024,9,206.0,41,1.0,TEN,3.0,259.5,35.0,1,0.0
00-0031280,Derek Carr,NO,2024,9,236.0,31,0.99,CAR,21.0,197.8,25.6,0,0.0
00-0035710,Daniel Jones,NYG,2024,9,174.0,26,1.0,WAS,1.0,221.2,34.8,0,0.0
00-0023459,Aaron Rodgers,NYJ,2024,9,211.0,32,1.0,HOU,4.0,254.4,39.6,0,0.0
00-0036389,Jalen Hurts,PHI,2024,9,230.0,24,1.0,JAX,26.0,216.6,25.4,0,0.0
00-0030565,Geno Smith,SEA,2024,9,363.0,34,1.0,LA,11.0,282.0,41.0,0,0.0
00-0034855,Baker Mayfield,TB,2024,9,200.0,31,1.0,KC,8.0,310.4,40.4,0,0.0
00-0034771,Mason Rudolph,TEN,2024,9,240.0,33,1.0,NE,13.0,189.4,30.8,0,0.0
00-0039910,Jayden Daniels,WAS,2024,9,209.0,22,1.0,NYG,15.0,264.0,30.2,0,0.0
00-0035228,Kyler Murray,ARI,2024,10,266.0,24,0.88,NYJ,6.0,203.0,28.8,0,0.0
00-0029604,Kirk Cousins,ATL,2024,10,306.0,38,1.0,NO,20.0,292.8,35.2,0,0.0
00-0034796,Lamar Jackson,BAL,2024,10,290.0,33,1.0,CIN,19.0,304.2,29.4,0,0.0
00-0034857,Josh Allen,BUF,2024,10,280.0,37,0.99,IND,15.0,237.4,32.2,0,0.0
00-0039150,Bryce Young,CAR,2024,10,126.0,25,1.0,NYG,14.0,146.8,27.4,0,0.0
00-0039918,Caleb Williams,CHI,2024,10,120.0,30,1.0,NE,10.0,207.0,29.2,0,0.0
00-0036442,Joe Burrow,CIN,2024,10,428.0,56,1.0,BAL,27.0,253.2,33.6,0,0.0
00-0033662,Cooper Rush,DAL,2024,10,45.0,23,0.75,PHI,8.0,191.2,28.6,0,0.0
00-0039732,Bo Nix,DEN,2024,10,215.0,30,1.0,KC,4.0,218.6,31.2,0,0.0
00-0033106,Jared Goff,DET,2024,10,240.0,30,1.0,HOU,5.0,223.4,21.0,0,0.0
00-0039163,C.J. Stroud,HOU,2024,10,232.0,33,1.0,DET,25.0,217.0,31.4,0,0.0
00-0026158,Joe Flacco,IND,2024,10,272.0,35,1.0,BUF,21.0,240.4,36.2,0,0.0
00-0036972,Mac Jones,JAX,2024,10,111.0,22,1.0,MIN,25.0,204.6,31.2,0,0.0
00-0033873,Patrick Mahomes,KC,2024,10,266.0,42,1.0,DEN,9.0,256.6,35.4,0,0.0
00-0026498,Matthew Stafford,LA,2024,10,293.0,46,1.0,MIA,3.0,243.0,35.0,0,0.0
00-0036355,Justin Herbert,LAC,2024,10,164.0,18,1.0,TEN,2.0,265.2,31.8,0,0.0
00-0036212,Tua Tagovailoa,MIA,2024,10,207.0,28,1.0,LA,16.0,229.4,33.4,0,0.0
00-0034869,Sam Darnold,MIN,2024,10,241.0,38,1.0,JAX,22.0,248.6,29.0,0,0.0
00-0039851,Drake Maye,NE,2024,10,184.0,25,1.0,CHI,13.0,241.66666666666666,37.0,0,0.0
00-0031280,Derek Carr,NO,2024,10,269.0,25,0.96,ATL,11.0,205.0,27.2,0,1.0
00-0035710,Daniel Jones,NYG,2024,10,190.0,37,1.0,CAR,18.0,199.8,32.0,0,0.0
00-0023459,Aaron Rodgers,NYJ,2024,10,151.0,35,1.0,ARI,24.0,251.6,37.6,0,0.0
00-0036389,Jalen Hurts,PHI,2024,10,202.0,20,0.79,DAL,17.0,200.4,22.6,0,0.0
00-0029263,Russell Wilson,PIT,2024,10,195.0,28,1.0,WAS,1.0,245.4,31.8,0,0.0
00-0037834,Brock Purdy,SF,2024,10,353.0,36,1.0,TB,28.0,251.8,29.4,0,0.0
00-0034855,Baker Mayfield,TB,2024,10,116.0,29,1.0,SF,12.0,281.0,37.2,0,0.0
00-0039152,Will Levis,TEN,2024,10,175.0,23,1.0,LAC,7.0,174.6,29.4,0,0.0
00-0039910,Jayden Daniels,WAS,2024,10,202.0,34,1.0,PIT,22.0,255.0,30.0,0,0.0
00-0029604,Kirk Cousins,ATL,2024,11,173.0,27,0.78,DEN,19.0,252.2,31.2,0,0.0
00-0034796,Lamar Jackson,BAL,2024,11,207.0,33,1.0,PIT,26.0,292.6,27.6,0,0.0
00-0034857,Josh Allen,BUF,2024,11,262.0,40,1.0,KC,6.0,267.2,33.6,0,0.0
00-0039918,Caleb Williams,CHI,2024,11,231.0,31,1.0,GB,7.0,199.6,30.6,0,0.0
00-0036442,Joe Burrow,CIN,2024,11,356.0,50,1.0,LAC,3.0,260.4,37.0,0,0.0
00-0031503,Jameis Winston,CLE,2024,11,395.0,46,0.95,NO,23.0,285.4,40.4,0,0.0
00-0033662,Cooper Rush,DAL,2024,11,354.0,55,1.0,HOU,13.0,153.2,27.0,0,0.0
00-0039732,Bo Nix,DEN,2024,11,307.0,33,0.95,ATL,17.0,220.4,31.8,0,0.0
00-0033106,Jared Goff,DET,2024,11,412.0,29,0.8,JAX,18.0,213.0,23.4,0,0.0
00-0036264,Jordan Love,GB,2024,11,261.0,17,1.0,CHI,10.0,234.2,30.4,0,0.0
00-0039163,C.J. Stroud,HOU,2024,11,257.0,34,1.0,DAL,16.0,197.2,30.4,0,0.0
00-0039164,Anthony Richardson,IND,2024,11,272.0,30,1.0,NYJ,12.0,177.4,25.8,0,0.0
00-0036972,Mac Jones,JAX,2024,11,138.0,29,1.0,DET,21.0,186.8,29.0,0,0.0
00-0033873,Patrick Mahomes,KC,2024,11,196.0,33,1.0,BUF,22.0,260.8,38.0,0,0.0
00-0026498,Matthew Stafford,LA,2024,11,295.0,27,1.0,NE,5.0,256.8,38.4,0,0.0
00-0036355,Justin Herbert,LAC,2024,11,297.0,36,1.0,CIN,25.0,262.2,30.0,0,0.0
00-0035289,Gardner Minshew,LV,2024,11,282.0,43,1.0,MIA,15.0,168.8,26.6,0,0.0
00-0036212,Tua Tagovailoa,MIA,2024,11,288.0,36,1.0,LV,8.0,231.0,31.2,0,0.0
00-0034869,Sam Darnold,MIN,2024,11,246.0,32,1.0,TEN,4.0,241.8,31.0,0,0.0
00-0039851,Drake Maye,NE,2024,11,282.0,39,1.0,LA,20.0,227.25,34.0,0,0.0
00-0031280,Derek Carr,NO,2024,11,248.0,27,0.93,CLE,24.0,210.2,29.0,0,0.0
00-0023459,Aaron Rodgers,NYJ,2024,11,184.0,29,1.0,IND,11.0,233.0,33.8,0,0.0
00-0036389,Jalen Hurts,PHI,2024,11,221.0,28,1.0,WAS,2.0,209.2,20.6,0,0.0
00-0029263,Russell Wilson,PIT,2024,11,205.0,36,0.96,BAL,28.0,239.6,30.8,0,0.0
00-0030565,Geno Smith,SEA,2024,11,221.0,32,1.0,SF,9.0,275.6,36.6,0,0.0
00-0037834,Brock Purdy,SF,2024,11,159.0,28,1.0,SEA,27.0,264.8,31.2,0,0.0
00-0039152,Will Levis,TEN,2024,11,295.0,31,1.0,MIN,14.0,169.8,28.8,0,0.0
00-0039910,Jayden Daniels,WAS,2024,11,191.0,32,1.0,PHI,1.0,248.8,30.8,0,0.0
00-0035228,Kyler Murray,ARI,2024,12,285.0,37,1.0,SEA,20.0,217.2,27.6,0,0.0
00-0034796,Lamar Jackson,BAL,2024,12,177.0,22,1.0,LAC,7.0,269.4,29.0,0,0.0
00-0039150,Bryce Young,CAR,2024,12,263.0,35,1.0,KC,9.0,153.2,28.8,0,0.0
00-0039918,Caleb Williams,CHI,2024,12,340.0,47,1.0,MIN,14.0,185.0,31.0,0,0.0
00-0031503,Jameis Winston,CLE,2024,12,219.0,27,0.98,PIT,17.0,310.6,42.8,0,0.0
00-0033662,Cooper Rush,DAL,2024,12,247.0,32,0.97,WAS,2.0,181.0,31.8,0,0.0
00-0039732,Bo Nix,DEN,2024,12,273.0,42,1.0,LV,10.0,238.6,31.8,0,0.0
00-0033106,Jared Goff,DET,2024,12,269.0,36,1.0,IND,12.0,232.4,24.2,0,0.0
00-0036264,Jordan Love,GB,2024,12,163.0,23,0.94,SF,6.0,241.6,28.6,0,0.0
00-0039163,C.J. Stroud,HOU,2024,12,247.0,33,1.0,TEN,5.0,210.2,31.0,0,0.0
00-0039164,Anthony Richardson,IND,2024,12,172.0,28,1.0,DET,16.0,189.4,28.0,0,0.0
00-0033873,Patrick Mahomes,KC,2024,12,269.0,37,1.0,CAR,13.0,233.8,36.8,0,0.0
00-0026498,Matthew Stafford,LA,2024,12,243.0,36,1.0,PHI,1.0,263.8,34.8,0,0.0
00-0036355,Justin Herbert,LAC,2024,12,218.0,36,1.0,BAL,26.0,274.2,30.4,0,0.0
00-0035289,Gardner Minshew,LV,2024,12,230.0,42,0.83,DEN,11.0,182.4,29.6,0,0.0
00-0036212,Tua Tagovailoa,MIA,2024,12,317.0,40,0.97,NE,8.0,221.0,31.0,0,0.0
00-0034869,Sam Darnold,MIN,2024,12,330.0,34,0.97,CHI,15.0,255.2,31.2,0,0.0
00-0039851,Drake Maye,NE,2024,12,222.0,37,1.0,MIA,21.0,238.2,35.0,0,0.0
00-0038476,Tommy DeVito,NYG,2024,12,189.0,31,0.98,TB,25.0,171.6,26.6,0,0.0
00-0036389,Jalen Hurts,PHI,2024,12,179.0,22,0.97,LA,21.0,200.6,21.2,0,0.0
00-0029263,Russell Wilson,PIT,2024,12,270.0,28,0.9,CLE,24.0,236.0,31.6,0,0.0
00-0030565,Geno Smith,SEA,2024,12,254.0,31,1.0,ARI,19.0,263.0,35.0,0,0.0
00-0032434,Brandon Allen,SF,2024,12,199.0,29,1.0,GB,4.0,,,0,0.0
00-0034855,Baker Mayfield,TB,2024,12,294.0,30,1.0,NYG,3.0,268.2,38.2,0,0.0
00-0039152,Will Levis,TEN,2024,12,278.0,24,1.0,HOU,18.0,203.4,28.6,0,0.0
00-0039910,Jayden Daniels,WAS,2024,12,275.0,38,1.0,DAL,23.0,239.4,32.2,0,0.0
00-0035228,Kyler Murray,ARI,2024,13,260.0,45,1.0,MIN,15.0,231.4,28.6,0,0.0
00-0029604,Kirk Cousins,ATL,2024,13,245.0,39,1.0,LAC,8.0,241.8,30.6,0,0.0
00-0034796,Lamar Jackson,BAL,2024,13,237.0,36,1.0,PHI,1.0,248.6,29.0,0,0.0
00-0034857,Josh Allen,BUF,2024,13,148.0,17,0.74,SF,2.0,276.6,36.6,0,0.0
00-0039150,Bryce Young,CAR,2024,13,298.0,46,1.0,TB,31.0,173.6,29.8,0,1.0
00-0039918,Caleb Williams,CHI,2024,13,256.0,39,1.0,DET,7.0,207.8,34.6,0,0.0
00-0036442,Joe Burrow,CIN,2024,13,309.0,38,1.0,PIT,12.0,290.0,41.4,0,0.0
00-0031503,Jameis Winston,CLE,2024,13,497.0,58,1.0,DEN,13.0,307.2,40.2,0,0.0
00-0033662,Cooper Rush,DAL,2024,13,195.0,36,1.0,NYG,6.0,185.8,32.8,0,0.0
00-0039732,Bo Nix,DEN,2024,13,294.0,35,1.0,CLE,24.0,260.4,35.0,0,0.0
00-0033106,Jared Goff,DET,2024,13,221.0,34,1.0,CHI,21.0,230.2,26.4,0,0.0
00-0036264,Jordan Love,GB,2024,13,274.0,28,1.0,MIA,28.0,222.6,26.8,0,1.0
00-0039163,C.J. Stroud,HOU,2024,13,242.0,34,1.0,JAX,29.0,242.4,33.4,0,0.0
00-0039164,Anthony Richardson,IND,2024,13,109.0,24,1.0,NE,16.0,183.0,26.8,0,1.0
00-0036972,Mac Jones,JAX,2024,13,235.0,32,0.73,HOU,23.0,160.0,28.8,0,0.0
00-0033873,Patrick Mahomes,KC,2024,13,306.0,46,1.0,LV,19.0,256.8,38.8,0,0.0
00-0026498,Matthew Stafford,LA,2024,13,183.0,24,1.0,NO,27.0,281.6,37.4,0,0.0
00-0036355,Justin Herbert,LAC,2024,13,147.0,23,1.0,ATL,20.0,248.0,29.8,0,0.0
00-0038579,Aidan O'Connell,LV,2024,13,340.0,35,1.0,KC,11.0,216.0,34.6,0,0.0
00-0036212,Tua Tagovailoa,MIA,2024,13,365.0,46,1.0,GB,5.0,255.4,34.0,0,0.0
00-0034869,Sam Darnold,MIN,2024,13,235.0,31,1.0,ARI,16.0,269.4,32.6,0,0.0
00-0039851,Drake Maye,NE,2024,13,238.0,30,0.99,IND,26.0,234.0,35.8,0,0.0
00-0031280,Derek Carr,NO,2024,13,184.0,37,1.0,LA,25.0,231.4,29.4,0,0.0
00-0035704,Drew Lock,NYG,2024,13,178.0,32,1.0,DAL,18.0,238.5,32.0,0,0.0
00-0023459,Aaron Rodgers,NYJ,2024,13,185.0,39,1.0,SEA,22.0,211.0,32.6,0,0.0
00-0036389,Jalen Hurts,PHI,2024,13,118.0,19,1.0,BAL,32.0,213.6,22.8,0,0.0
00-0029263,Russell Wilson,PIT,2024,13,414.0,38,0.97,CIN,30.0,242.4,29.8,0,0.0
00-0030565,Geno Smith,SEA,2024,13,206.0,31,1.0,NYJ,9.0,251.4,30.8,0,0.0
00-0037834,Brock Purdy,SF,2024,13,94.0,18,1.0,BUF,10.0,247.8,29.8,1,0.0
00-0034855,Baker Mayfield,TB,2024,13,235.0,33,0.98,CAR,14.0,262.0,37.0,0,0.0
00-0039152,Will Levis,TEN,2024,13,212.0,37,1.0,WAS,4.0,220.6,27.8,0,0.0
00-0039910,Jayden Daniels,WAS,2024,13,206.0,30,1.0,TEN,3.0,240.6,32.8,0,0.0
00-0035228,Kyler Murray,ARI,2024,14,259.0,38,1.0,SEA,15.0,254.4,32.4,0,0.0
00-0029604,Kirk Cousins,ATL,2024,14,344.0,37,1.0,MIN,11.0,244.4,31.4,0,0.0
00-0034857,Josh Allen,BUF,2024,14,342.0,37,1.0,LA,17.0,241.6,33.4,0,0.0
00-0039150,Bryce Young,CAR,2024,14,191.0,34,1.0,PHI,1.0,216.4,33.8,0,0.0
00-0039918,Caleb Williams,CHI,2024,14,134.0,23,0.92,SF,2.0,232.8,37.6,0,0.0
00-0036442,Joe Burrow,CIN,2024,14,369.0,44,1.0,DAL,9.0,315.6,44.0,0,0.0
00-0031503,Jameis Winston,CLE,2024,14,212.0,41,1.0,PIT,14.0,336.0,43.6,0,0.0
00-0033662,Cooper Rush,DAL,2024,14,183.0,31,1.0,CIN,26.0,204.4,36.8,0,0.0
00-0033106,Jared Goff,DET,2024,14,283.0,41,1.0,GB,18.0,257.4,30.2,0,0.0
00-0036264,Jordan Love,GB,2024,14,206.0,20,1.0,DET,6.0,233.4,25.8,0,0.0
00-0036972,Mac Jones,JAX,2024,14,220.0,31,1.0,TEN,5.0,174.8,29.4,0,0.0
00-0033873,Patrick Mahomes,KC,2024,14,210.0,37,1.0,LAC,13.0,265.6,40.4,0,0.0
00-0026498,Matthew Stafford,LA,2024,14,320.0,30,1.0,BUF,3.0,262.4,35.4,0,0.0
00-0036355,Justin Herbert,LAC,2024,14,213.0,30,0.98,KC,19.0,221.6,28.0,0,0.0
00-0038579,Aidan O'Connell,LV,2024,14,104.0,19,0.66,TB,25.0,234.4,34.8,0,0.0
00-0036212,Tua Tagovailoa,MIA,2024,14,331.0,47,1.0,NYJ,4.0,281.6,35.6,0,0.0
00-0034869,Sam Darnold,MIN,2024,14,347.0,28,0.97,ATL,12.0,268.4,33.8,0,0.0
00-0031280,Derek Carr,NO,2024,14,219.0,31,0.93,NYG,8.0,220.4,29.6,0,1.0
00-0035704,Drew Lock,NYG,2024,14,227.0,49,0.99,NO,22.0,218.33333333333334,32.0,0,0.0
00-0023459,Aaron Rodgers,NYJ,2024,14,339.0,39,1.0,MIA,20.0,192.8,32.6,0,0.0
00-0036389,Jalen Hurts,PHI,2024,14,108.0,21,1.0,CAR,16.0,190.0,22.6,0,0.0
00-0029263,Russell Wilson,PIT,2024,14,158.0,26,1.0,CLE,24.0,272.4,31.6,0,0.0
00-0030565,Geno Smith,SEA,2024,14,233.0,30,1.0,ARI,7.0,251.2,31.4,0,0.0
00-0037834,Brock Purdy,SF,2024,14,325.0,25,0.93,CHI,10.0,215.6,27.8,0,0.0
00-0034855,Baker Mayfield,TB,2024,14,295.0,29,1.0,LV,23.0,235.0,34.6,0,0.0
00-0039152,Will Levis,TEN,2024,14,168.0,32,1.0,JAX,21.0,211.0,28.4,0,0.0
00-0035228,Kyler Murray,ARI,2024,15,224.0,30,0.9,NE,7.0,244.8,32.8,0,0.0
00-0029604,Kirk Cousins,ATL,2024,15,112.0,17,1.0,LV,28.0,258.0,33.0,0,0.0
00-0034796,Lamar Jackson,BAL,2024,15,290.0,25,0.83,NYG,5.0,238.2,28.6,0,0.0
00-0034857,Josh Allen,BUF,2024,15,362.0,34,1.0,DET,3.0,253.4,34.0,0,0.0
00-0039150,Bryce Young,CAR,2024,15,219.0,28,1.0,DAL,20.0,209.8,33.2,0,0.0
00-0039918,Caleb Williams,CHI,2024,15,191.0,31,0.96,MIN,26.0,216.2,34.0,0,0.0
00-0036442,Joe Burrow,CIN,2024,15,271.0,37,1.0,TEN,8.0,342.6,45.4,0,0.0
00-0031503,Jameis Winston,CLE,2024,15,146.0,25,0.77,KC,22.0,311.6,43.6,0,0.0
00-0033662,Cooper Rush,DAL,2024,15,214.0,29,1.0,CAR,4.0,204.8,35.4,0,0.0
00-0039732,Bo Nix,DEN,2024,15,130.0,33,1.0,IND,18.0,262.4,34.6,0,0.0
00-0033106,Jared Goff,DET,2024,15,494.0,59,1.0,BUF,10.0,285.0,34.0,0,0.0
00-0036264,Jordan Love,GB,2024,15,229.0,27,1.0,SEA,13.0,235.4,25.4,0,0.0
00-0039163,C.J. Stroud,HOU,2024,15,131.0,26,1.0,MIA,27.0,233.8,32.8,0,0.0
00-0039164,Anthony Richardson,IND,2024,15,172.0,38,1.0,DEN,29.0,171.4,27.6,0,0.0
00-0036972,Mac Jones,JAX,2024,15,294.0,46,1.0,NYJ,19.0,174.8,26.8,0,1.0
00-0033873,Patrick Mahomes,KC,2024,15,159.0,38,0.89,CLE,17.0,249.4,39.0,0,0.0
00-0026498,Matthew Stafford,LA,2024,15,160.0,27,1.0,SF,1.0,266.8,32.6,0,0.0
00-0036355,Justin Herbert,LAC,2024,15,195.0,33,0.98,TB,16.0,207.8,28.6,0,1.0
00-0038122,Desmond Ridder,LV,2024,15,208.0,39,1.0,ATL,15.0,215.8,27.6,0,0.0
00-0036212,Tua Tagovailoa,MIA,2024,15,196.0,40,1.0,HOU,24.0,301.6,39.4,0,0.0
00-0034869,Sam Darnold,MIN,2024,15,231.0,40,1.0,CHI,25.0,279.8,32.6,0,0.0
00-0039851,Drake Maye,NE,2024,15,202.0,23,1.0,ARI,9.0,226.4,34.4,0,0.0
00-0039376,Spencer Rattler,NO,2024,15,135.0,21,0.62,WAS,6.0,190.33333333333334,33.0,0,0.0
00-0023459,Aaron Rodgers,NYJ,2024,15,289.0,30,1.0,JAX,22.0,214.0,34.8,0,0.0
00-0036389,Jalen Hurts,PHI,2024,15,290.0,32,1.0,PIT,11.0,165.6,22.0,0,0.0
00-0029263,Russell Wilson,PIT,2024,15,128.0,22,0.98,PHI,2.0,248.4,31.2,0,0.0
00-0037834,Brock Purdy,SF,2024,15,142.0,31,1.0,LA,14.0,238.2,26.6,0,0.0
00-0034855,Baker Mayfield,TB,2024,15,288.0,27,0.94,LAC,12.0,228.0,30.4,0,0.0
00-0039910,Jayden Daniels,WAS,2024,15,226.0,31,1.0,NO,21.0,216.6,31.2,0,0.0
00-0035228,Kyler Murray,ARI,2024,16,202.0,32,1.0,CAR,4.0,258.8,34.8,0,0.0
00-0039917,Michael Penix,ATL,2024,16,202.0,27,1.0,NYG,9.0,,,0,0.0
00-0034796,Lamar Jackson,BAL,2024,16,207.0,23,1.0,PIT,18.0,240.2,29.8,0,0.0
00-0034857,Josh Allen,BUF,2024,16,154.0,29,1.0,NE,5.0,278.8,33.0,0,0.0
00-0039150,Bryce Young,CAR,2024,16,158.0,26,1.0,ARI,6.0,219.4,33.6,0,0.0
00-0039918,Caleb Williams,CHI,2024,16,334.0,40,1.0,DET,12.0,230.4,34.2,0,0.0
00-0036442,Joe Burrow,CIN,2024,16,252.0,30,0.98,CLE,10.0,346.6,45.0,0,0.0
00-0038583,Dorian Thompson-Robinson,CLE,2024,16,157.0,34,1.0,CIN,31.0,140.0,36.0,0,0.0
00-0033662,Cooper Rush,DAL,2024,16,292.0,35,1.0,TB,13.0,238.6,36.6,0,0.0
00-0039732,Bo Nix,DEN,2024,16,263.0,40,1.0,LAC,21.0,243.8,34.6,0,0.0
00-0033106,Jared Goff,DET,2024,16,336.0,32,1.0,CHI,28.0,335.8,39.8,0,0.0
00-0036264,Jordan Love,GB,2024,16,182.0,28,0.87,NO,25.0,226.6,23.0,0,0.0
00-0039163,C.J. Stroud,HOU,2024,16,244.0,39,1.0,KC,17.0,221.8,32.0,0,0.0
00-0039164,Anthony Richardson,IND,2024,16,131.0,11,1.0,TEN,14.0,180.0,30.4,0,0.0
00-0036972,Mac Jones,JAX,2024,16,247.0,39,1.0,LV,20.0,199.6,32.0,0,0.0
00-0033873,Patrick Mahomes,KC,2024,16,260.0,41,1.0,HOU,24.0,228.0,38.2,0,0.0
00-0026498,Matthew Stafford,LA,2024,16,110.0,19,1.0,NYJ,29.0,240.2,28.8,0,0.0
00-0036355,Justin Herbert,LAC,2024,16,284.0,31,1.0,DEN,26.0,214.0,31.6,0,0.0
00-0038579,Aidan O'Connell,LV,2024,16,257.0,38,1.0,JAX,27.0,242.8,34.4,0,0.0
00-0036212,Tua Tagovailoa,MIA,2024,16,215.0,34,1.0,SF,1.0,299.4,41.8,0,0.0
00-0034869,Sam Darnold,MIN,2024,16,246.0,35,1.0,SEA,8.0,277.8,33.0,0,0.0
00-0039851,Drake Maye,NE,2024,16,261.0,36,1.0,BUF,30.0,225.6,30.8,0,0.0
00-0039376,Spencer Rattler,NO,2024,16,153.0,30,1.0,GB,16.0,176.5,30.0,0,0.0
00-0035704,Drew Lock,NYG,2024,16,210.0,39,1.0,ATL,22.0,220.5,36.25,0,0.0
00-0023459,Aaron Rodgers,NYJ,2024,16,256.0,42,1.0,LA,10.0,229.6,34.4,0,0.0
00-0038102,Kenny Pickett,PHI,2024,16,143.0,24,0.84,WAS,3.0,180.0,27.8,0,0.0
00-0029263,Russell Wilson,PIT,2024,16,217.0,33,1.0,BAL,15.0,235.0,30.0,0,0.0
00-0030565,Geno Smith,SEA,2024,16,314.0,43,1.0,MIN,32.0,255.4,31.6,0,0.0
00-0037834,Brock Purdy,SF,2024,16,313.0,40,1.0,MIA,19.0,214.6,27.6,0,0.0
00-0034855,Baker Mayfield,TB,2024,16,303.0,43,1.0,DAL,23.0,245.6,29.6,0,1.0
00-0034771,Mason Rudolph,TEN,2024,16,252.0,34,1.0,IND,7.0,207.0,33.4,0,0.0
00-0039910,Jayden Daniels,WAS,2024,16,258.0,39,1.0,PHI,2.0,220.0,33.0,0,0.0
00-0035228,Kyler Murray,ARI,2024,17,321.0,48,1.0,LA,10.0,246.0,36.4,0,0.0
00-0039917,Michael Penix,ATL,2024,17,223.0,35,1.0,WAS,2.0,202.0,27.0,0,0.0
00-0034796,Lamar Jackson,BAL,2024,17,168.0,15,0.83,HOU,24.0,223.6,27.8,0,0.0
00-0034857,Josh Allen,BUF,2024,17,182.0,27,0.86,NYJ,17.0,253.6,31.4,0,0.0
00-0039150,Bryce Young,CAR,2024,17,203.0,28,1.0,TB,7.0,225.8,33.8,0,0.0
00-0039918,Caleb Williams,CHI,2024,17,122.0,28,1.0,SEA,15.0,251.0,36.0,0,0.0
00-0036442,Joe Burrow,CIN,2024,17,412.0,49,1.0,DEN,28.0,311.4,39.8,0,0.0
00-0038583,Dorian Thompson-Robinson,CLE,2024,17,170.0,47,1.0,MIA,23.0,144.25,35.5,0,0.0
00-0033662,Cooper Rush,DAL,2024,17,147.0,28,0.95,PHI,4.0,226.2,32.6,0,1.0
00-0039732,Bo Nix,DEN,2024,17,219.0,31,1.0,CIN,26.0,253.4,36.6,0,0.0
00-0033106,Jared Goff,DET,2024,17,303.0,34,1.0,SF,1.0,320.6,40.4,0,0.0
00-0036264,Jordan Love,GB,2024,17,185.0,30,1.0,MIN,32.0,210.8,25.2,0,0.0
00-0039163,C.J. Stroud,HOU,2024,17,185.0,31,0.88,BAL,13.0,224.2,33.2,0,0.0
00-0026158,Joe Flacco,IND,2024,17,330.0,38,1.0,NYG,14.0,233.4,34.0,0,0.0
00-0036972,Mac Jones,JAX,2024,17,174.0,22,1.0,TEN,6.0,226.8,35.4,0,0.0
00-0033873,Patrick Mahomes,KC,2024,17,320.0,38,1.0,PIT,22.0,240.8,39.8,0,0.0
00-0026498,Matthew Stafford,LA,2024,17,189.0,32,1.0,ARI,8.0,203.2,27.2,0,0.0
00-0036355,Justin Herbert,LAC,2024,17,281.0,38,0.87,NE,9.0,211.4,30.6,0,0.0
00-0038579,Aidan O'Connell,LV,2024,17,242.0,35,1.0,NO,17.0,234.4,32.6,0,0.0
00-0035993,Tyler Huntley,MIA,2024,17,225.0,26,1.0,CLE,11.0,149.8,24.6,0,0.0
00-0034869,Sam Darnold,MIN,2024,17,377.0,43,1.0,GB,20.0,277.8,33.6,0,0.0
00-0039851,Drake Maye,NE,2024,17,117.0,22,0.81,LAC,12.0,241.0,33.0,0,0.0
00-0039376,Spencer Rattler,NO,2024,17,218.0,36,1.0,LV,21.0,171.8,30.0,0,0.0
00-0035704,Drew Lock,NYG,2024,17,309.0,23,1.0,IND,5.0,218.4,36.8,0,0.0
00-0023459,Aaron Rodgers,NYJ,2024,17,112.0,18,0.63,BUF,29.0,250.6,35.8,0,0.0
00-0038102,Kenny Pickett,PHI,2024,17,143.0,15,0.68,DAL,27.0,162.6,27.6,0,0.0
00-0029263,Russell Wilson,PIT,2024,17,205.0,37,1.0,KC,16.0,237.4,29.4,0,0.0
00-0030565,Geno Smith,SEA,2024,17,160.0,23,1.0,CHI,31.0,245.6,33.4,0,0.0
00-0037834,Brock Purdy,SF,2024,17,377.0,35,0.92,DET,25.0,206.6,28.4,0,0.0
00-0034855,Baker Mayfield,TB,2024,17,359.0,32,0.86,CAR,3.0,283.0,32.4,0,0.0
00-0034771,Mason Rudolph,TEN,2024,17,193.0,31,1.0,JAX,30.0,211.6,32.4,0,0.0
00-0039910,Jayden Daniels,WAS,2024,17,227.0,36,1.0,ATL,19.0,231.2,34.0,0,0.0
00-0035228,Kyler Murray,ARI,2024,18,242.0,35,0.92,SF,2.0,253.2,38.6,0,0.0
00-0039917,Michael Penix,ATL,2024,18,312.0,38,1.0,CAR,12.0,212.5,31.0,0,0.0
00-0034796,Lamar Jackson,BAL,2024,18,217.0,32,0.96,CLE,10.0,215.8,24.2,0,0.0
00-0033869,Mitchell Trubisky,BUF,2024,18,101.0,21,0.72,NE,9.0,204.2,28.4,0,0.0
00-0039150,Bryce Young,CAR,2024,18,251.0,34,1.0,ATL,15.0,213.8,32.4,0,0.0
00-0039918,Caleb Williams,CHI,2024,18,148.0,29,1.0,GB,28.0,207.4,32.2,0,0.0
00-0036442,Joe Burrow,CIN,2024,18,277.0,46,1.0,PIT,27.0,322.6,39.6,0,0.0
00-0038108,Bailey Zappe,CLE,2024,18,170.0,31,0.9,BAL,1.0,194.6,29.6,0,0.0
00-0037012,Trey Lance,DAL,2024,18,244.0,34,1.0,WAS,2.0,164.0,28.0,0,0.0
00-0039732,Bo Nix,DEN,2024,18,321.0,29,0.88,KC,16.0,235.8,36.2,0,0.0
00-0033106,Jared Goff,DET,2024,18,231.0,33,1.0,MIN,26.0,327.4,40.0,0,0.0
00-0038128,Malik Willis,GB,2024,18,136.0,13,0.66,CHI,24.0,111.6,16.4,0,0.0
00-0036898,Davis Mills,HOU,2024,18,128.0,22,0.82,TEN,5.0,193.6,32.6,0,0.0
00-0026158,Joe Flacco,IND,2024,18,264.0,40,1.0,JAX,17.0,265.8,36.4,0,0.0
00-0036972,Mac Jones,JAX,2024,18,225.0,32,1.0,IND,19.0,234.0,34.0,0,0.0
00-0032950,Carson Wentz,KC,2024,18,98.0,17,0.85,DEN,30.0,186.8,30.8,0,1.0
00-0031345,Jimmy Garoppolo,LA,2024,18,334.0,41,1.0,SEA,7.0,201.0,28.4,0,1.0
00-0036355,Justin Herbert,LAC,2024,18,346.0,36,1.0,LV,18.0,224.0,31.0,0,0.0
00-0038579,Aidan O'Connell,LV,2024,18,214.0,34,0.94,LAC,13.0,234.0,33.4,0,0.0
00-0035993,Tyler Huntley,MIA,2024,18,227.0,41,1.0,NYJ,13.0,149.6,24.0,0,0.0
00-0034869,Sam Darnold,MIN,2024,18,166.0,41,1.0,DET,29.0,287.2,35.4,0,0.0
00-0039398,Joe Milton,NE,2024,18,241.0,29,0.95,BUF,25.0,,,0,0.0
00-0039376,Spencer Rattler,NO,2024,18,240.0,42,1.0,TB,11.0,166.8,29.2,0,0.0
00-0035704,Drew Lock,NYG,2024,18,138.0,29,1.0,PHI,4.0,226.4,35.2,0,0.0
00-0023459,Aaron Rodgers,NYJ,2024,18,274.0,36,1.0,MIA,20.0,236.2,33.6,0,0.0
00-0038400,Tanner McKee,PHI,2024,18,269.0,41,1.0,NYG,21.0,,,0,1.0
00-0029263,Russell Wilson,PIT,2024,18,148.0,31,1.0,CIN,23.0,224.4,31.2,0,0.0
00-0030565,Geno Smith,SEA,2024,18,223.0,27,1.0,LA,22.0,233.4,31.6,0,0.0
00-0033949,Joshua Dobbs,SF,2024,18,326.0,43,1.0,ARI,6.0,179.0,30.2,0,0.0
00-0034855,Baker Mayfield,TB,2024,18,221.0,32,1.0,NO,8.0,296.0,32.8,0,0.0
00-0034796,Lamar Jackson,BAL,2024,19,175.0,21,1.0,PIT,9.0,223.8,26.2,0,1.0
00-0034857,Josh Allen,BUF,2024,19,272.0,26,0.93,DEN,12.0,237.6,28.8,0,0.0
00-0039732,Bo Nix,DEN,2024,19,144.0,22,1.0,BUF,11.0,245.4,33.6,0,0.0
00-0036264,Jordan Love,GB,2024,19,212.0,33,1.0,PHI,1.0,215.2,26.6,0,0.0
00-0039163,C.J. Stroud,HOU,2024,19,282.0,33,1.0,LAC,5.0,209.8,32.6,0,0.0
00-0026498,Matthew Stafford,LA,2024,19,209.0,27,1.0,MIN,7.0,192.4,26.4,0,0.0
00-0036355,Justin Herbert,LAC,2024,19,242.0,32,1.0,HOU,6.0,263.8,33.6,0,0.0
00-0034869,Sam Darnold,MIN,2024,19,245.0,40,1.0,LA,8.0,273.4,37.4,0,0.0
00-0036389,Jalen Hurts,PHI,2024,19,131.0,21,1.0,GB,10.0,183.2,24.4,0,0.0
00-0029263,Russell Wilson,PIT,2024,19,270.0,29,0.96,BAL,2.0,171.2,29.8,0,0.0
00-0034855,Baker Mayfield,TB,2024,19,185.0,18,1.0,WAS,3.0,293.2,32.6,0,0.0
00-0039910,Jayden Daniels,WAS,2024,19,268.0,35,1.0,TB,4.0,238.4,34.8,0,0.0
00-0034796,Lamar Jackson,BAL,2024,20,254.0,25,1.0,BUF,7.0,211.4,23.2,0,0.0
00-0034857,Josh Allen,BUF,2024,20,127.0,22,1.0,BAL,3.0,262.4,30.6,0,0.0
00-0033106,Jared Goff,DET,2024,20,313.0,40,0.96,WAS,2.0,329.4,39.8,0,0.0
00-0039163,C.J. Stroud,HOU,2024,20,245.0,28,1.0,KC,5.0,216.8,32.6,0,0.0
00-0033873,Patrick Mahomes,KC,2024,20,177.0,25,1.0,HOU,4.0,251.0,40.0,0,0.0
00-0026498,Matthew Stafford,LA,2024,20,324.0,44,1.0,PHI,1.0,197.6,27.0,0,0.0
00-0036389,Jalen Hurts,PHI,2024,20,128.0,20,1.0,LA,6.0,165.2,23.0,0,0.0
00-0039910,Jayden Daniels,WAS,2024,20,299.0,31,1.0,DET,8.0,237.0,34.2,0,0.0
00-0034857,Josh Allen,BUF,2024,21,237.0,34,1.0,KC,4.0,219.4,27.6,0,0.0
00-0033873,Patrick Mahomes,KC,2024,21,245.0,26,1.0,BUF,1.0,225.2,35.8,0,0.0
00-0036389,Jalen Hurts,PHI,2024,21,246.0,28,0.93,WAS,3.0,155.0,22.6,0,0.0
00-0039910,Jayden Daniels,WAS,2024,21,255.0,48,0.95,PHI,2.0,255.6,34.4,0,0.0
00-0033873,Patrick Mahomes,KC,2024,22,257.0,32,1.0,PHI,1.0,232.2,33.6,0,0.0
00-0036389,Jalen Hurts,PHI,2024,22,221.0,22,0.91,KC,2.0,180.6,24.4,0,0.0
00-0035228,Kyler Murray,ARI,2025,1,163.0,29,1.0,NO,8.0,249.6,36.6,0,0.0
00-0039917,Michael Penix Jr.,ATL,2025,1,298.0,42,1.0,TB,21.0,245.66666666666666,33.333333333333336,0,0.0
00-0034796,Lamar Jackson,BAL,2025,1,209.0,19,1.0,BUF,4.0,204.2,23.2,0,0.0
00-0034857,Josh Allen,BUF,2025,1,394.0,46,1.0,BAL,3.0,194.4,27.6,0,0.0
00-0039150,Bryce Young,CAR,2025,1,154.0,35,1.0,JAX,15.0,204.4,30.0,0,1.0
00-0039918,Caleb Williams,CHI,2025,1,210.0,35,1.0,MIN,11.0,185.8,30.2,0,0.0
00-0036442,Joe Burrow,CIN,2025,1,113.0,23,1.0,CLE,5.0,316.2,41.2,0,0.0
00-0026158,Joe Flacco,CLE,2025,1,290.0,45,1.0,CIN,10.0,246.8,35.6,0,0.0
00-0033077,Dak Prescott,DAL,2025,1,188.0,34,1.0,PHI,17.0,225.4,32.8,0,0.0
00-0039732,Bo Nix,DEN,2025,1,176.0,40,1.0,TEN,2.0,215.4,31.0,0,0.0
00-0033106,Jared Goff,DET,2025,1,225.0,39,1.0,GB,7.0,335.4,39.6,0,0.0
00-0036264,Jordan Love,GB,2025,1,188.0,22,1.0,DET,31.0,202.8,27.6,0,0.0
00-0039163,C.J. Stroud,HOU,2025,1,188.0,27,1.0,LA,16.0,217.4,31.4,0,0.0
00-0035710,Daniel Jones,IND,2025,1,272.0,29,1.0,MIA,25.0,186.4,32.6,0,0.0
00-0036971,Trevor Lawrence,JAX,2025,1,178.0,31,1.0,CAR,20.0,255.0,30.4,0,0.0
00-0033873,Patrick Mahomes,KC,2025,1,258.0,39,1.0,LAC,14.0,251.8,32.4,0,0.0
00-0036355,Justin Herbert,LAC,2025,1,318.0,34,1.0,KC,26.0,269.6,34.0,0,0.0
00-0030565,Geno Smith,LV,2025,1,362.0,34,1.0,NE,1.0,227.2,30.8,0,0.0
00-0036212,Tua Tagovailoa,MIA,2025,1,114.0,23,0.81,IND,13.0,284.8,41.4,0,1.0
00-0039923,J.J. McCarthy,MIN,2025,1,143.0,20,1.0,CHI,18.0,,,0,0.0
00-0039851,Drake Maye,NE,2025,1,287.0,46,1.0,LV,24.0,208.0,29.6,0,0.0
00-0039376,Spencer Rattler,NO,2025,1,214.0,46,1.0,ARI,9.0,180.4,30.6,0,0.0
00-0029263,Russell Wilson,NYG,2025,1,168.0,37,1.0,WAS,22.0,193.6,30.4,0,0.0
00-0036945,Justin Fields,NYJ,2025,1,218.0,22,1.0,PIT,29.0,190.0,27.4,0,1.0
00-0036389,Jalen Hurts,PHI,2025,1,152.0,23,1.0,DAL,23.0,203.2,24.6,0,0.0
00-0023459,Aaron Rodgers,PIT,2025,1,244.0,30,1.0,NYJ,12.0,254.0,33.0,0,0.0
00-0034869,Sam Darnold,SEA,2025,1,150.0,23,1.0,SF,6.0,253.0,39.8,0,0.0
00-0037834,Brock Purdy,SF,2025,1,277.0,35,1.0,SEA,19.0,250.2,29.8,0,0.0
00-0034855,Baker Mayfield,TB,2025,1,167.0,32,1.0,ATL,28.0,271.2,30.4,0,0.0
00-0040676,Cam Ward,TEN,2025,1,112.0,28,1.0,DEN,27.0,,,0,0.0
00-0039910,Jayden Daniels,WAS,2025,1,233.0,30,1.0,NYG,30.0,261.4,37.8,0,0.0
00-0035228,Kyler Murray,ARI,2025,2,220.0,25,0.98,CAR,26.0,230.4,34.8,0,0.0
00-0039917,Michael Penix Jr.,ATL,2025,2,135.0,21,1.0,MIN,16.0,258.75,35.5,0,0.0
00-0034796,Lamar Jackson,BAL,2025,2,225.0,29,0.95,CLE,1.0,204.6,22.4,0,0.0
00-0034857,Josh Allen,BUF,2025,2,148.0,25,0.87,NYJ,8.0,242.4,31.0,0,0.0
00-0039150,Bryce Young,CAR,2025,2,328.0,55,1.0,ARI,11.0,197.0,30.2,0,0.0
00-0039918,Caleb Williams,CHI,2025,2,207.0,30,0.84,DET,30.0,201.0,32.6,0,0.0
00-0035100,Jake Browning,CIN,2025,2,241.0,32,0.7,JAX,18.0,257.4,33.0,0,0.0
00-0026158,Joe Flacco,CLE,2025,2,199.0,45,0.9,BAL,15.0,267.0,37.0,0,0.0
00-0033077,Dak Prescott,DAL,2025,2,361.0,52,1.0,NYG,28.0,218.8,34.2,0,0.0
00-0039732,Bo Nix,DEN,2025,2,206.0,30,1.0,IND,4.0,224.6,32.4,0,0.0
00-0033106,Jared Goff,DET,2025,2,334.0,28,0.95,CHI,3.0,281.6,35.6,0,0.0
00-0036264,Jordan Love,GB,2025,2,292.0,31,1.0,WAS,17.0,199.2,28.0,0,0.0
00-0039163,C.J. Stroud,HOU,2025,2,207.0,24,1.0,TB,27.0,228.8,31.6,0,0.0
00-0035710,Daniel Jones,IND,2025,2,316.0,34,1.0,DEN,20.0,199.8,30.2,0,0.0
00-0036971,Trevor Lawrence,JAX,2025,2,271.0,42,1.0,CIN,2.0,216.4,29.8,0,0.0
00-0033873,Patrick Mahomes,KC,2025,2,187.0,29,1.0,PHI,25.0,251.4,32.0,0,0.0
00-0036355,Justin Herbert,LAC,2025,2,242.0,27,1.0,LV,24.0,294.2,34.2,0,0.0
00-0030565,Geno Smith,LV,2025,2,180.0,43,1.0,LAC,14.0,258.4,31.4,0,0.0
00-0036212,Tua Tagovailoa,MIA,2025,2,315.0,32,1.0,NE,13.0,244.2,38.0,0,0.0
00-0039923,J.J. McCarthy,MIN,2025,2,158.0,21,1.0,ATL,9.0,143.0,20.0,0,0.0
00-0039851,Drake Maye,NE,2025,2,230.0,23,1.0,MIA,19.0,221.0,31.4,0,0.0
00-0039376,Spencer Rattler,NO,2025,2,207.0,34,1.0,SF,10.0,192.0,35.0,0,0.0
00-0029263,Russell Wilson,NYG,2025,2,450.0,41,0.96,DAL,21.0,201.6,33.4,0,0.0
00-0036389,Jalen Hurts,PHI,2025,2,101.0,22,1.0,KC,29.0,175.6,22.8,0,1.0
00-0023459,Aaron Rodgers,PIT,2025,2,203.0,33,0.95,SEA,23.0,235.0,31.2,0,0.0
00-0034869,Sam Darnold,SEA,2025,2,295.0,33,1.0,PIT,22.0,236.8,36.4,0,0.0
00-0036972,Mac Jones,SF,2025,2,279.0,39,1.0,NO,5.0,232.0,34.0,0,0.0
00-0034855,Baker Mayfield,TB,2025,2,215.0,38,1.0,HOU,7.0,247.0,31.4,0,0.0
00-0040676,Cam Ward,TEN,2025,2,175.0,33,1.0,LA,12.0,112.0,28.0,0,0.0
00-0039910,Jayden Daniels,WAS,2025,2,200.0,42,1.0,GB,5.0,256.4,36.0,0,0.0
00-0035228,Kyler Murray,ARI,2025,3,159.0,35,1.0,SF,16.0,229.6,33.8,0,0.0
00-0039917,Michael Penix Jr.,ATL,2025,3,172.0,36,0.77,CAR,28.0,234.0,32.6,0,0.0
00-0034796,Lamar Jackson,BAL,2025,3,288.0,27,1.0,DET,25.0,216.0,25.2,0,0.0
00-0034857,Josh Allen,BUF,2025,3,213.0,28,1.0,MIA,26.0,235.6,30.6,0,0.0
00-0039150,Bryce Young,CAR,2025,3,121.0,24,0.98,ATL,5.0,218.8,35.6,0,0.0
00-0039918,Caleb Williams,CHI,2025,3,298.0,28,1.0,DAL,27.0,204.2,32.4,0,0.0
00-0035100,Jake Browning,CIN,2025,3,140.0,27,0.95,MIN,4.0,250.6,34.6,0,0.0
00-0026158,Joe Flacco,CLE,2025,3,142.0,36,1.0,GB,9.0,271.0,40.6,0,0.0
00-0033077,Dak Prescott,DAL,2025,3,251.0,40,0.86,CHI,14.0,220.6,36.2,0,0.0
00-0039732,Bo Nix,DEN,2025,3,153.0,25,1.0,LAC,7.0,213.2,30.4,0,0.0
00-0033106,Jared Goff,DET,2025,3,202.0,28,1.0,BAL,18.0,281.2,34.8,0,0.0
00-0036264,Jordan Love,GB,2025,3,183.0,25,1.0,CLE,6.0,211.8,28.8,0,
00-0039163,C.J. Stroud,HOU,2025,3,204.0,38,1.0,JAX,14.0,221.4,28.6,0,0.0
00-0035710,Daniel Jones,IND,2025,3,228.0,25,0.88,TEN,1.0,243.2,32.8,0,0.0
00-0036971,Trevor Lawrence,JAX,2025,3,222.0,40,1.0,HOU,8.0,223.8,31.2,0,0.0
00-0033873,Patrick Mahomes,KC,2025,3,224.0,37,1.0,NYG,31.0,224.8,30.2,0,0.0
00-0036355,Justin Herbert,LAC,2025,3,300.0,47,1.0,DEN,21.0,285.8,33.4,0,0.0
00-0030565,Geno Smith,LV,2025,3,289.0,29,1.0,WAS,20.0,247.8,34.0,0,0.0
00-0036212,Tua Tagovailoa,MIA,2025,3,146.0,34,1.0,BUF,12.0,234.2,35.2,0,0.0
00-0032950,Carson Wentz,MIN,2025,3,173.0,20,0.8,CIN,10.0,172.4,25.8,0,0.0
00-0039851,Drake Maye,NE,2025,3,268.0,37,1.0,PIT,29.0,219.4,30.0,0,0.0
00-0039376,Spencer Rattler,NO,2025,3,218.0,39,0.96,SEA,19.0,206.4,37.6,0,0.0
00-0029263,Russell Wilson,NYG,2025,3,160.0,32,0.95,KC,17.0,248.2,35.0,0,0.0
00-0028118,Tyrod Taylor,NYJ,2025,3,197.0,36,1.0,TB,24.0,273.75,34.5,0,0.0
00-0036389,Jalen Hurts,PHI,2025,3,226.0,32,1.0,LA,3.0,169.6,23.0,0,0.0
00-0023459,Aaron Rodgers,PIT,2025,3,139.0,23,1.0,NE,22.0,217.8,31.8,0,0.0
00-0034869,Sam Darnold,SEA,2025,3,218.0,18,0.68,NO,11.0,246.6,36.0,0,0.0
00-0036972,Mac Jones,SF,2025,3,284.0,41,1.0,ARI,23.0,243.8,35.6,0,0.0
00-0034855,Baker Mayfield,TB,2025,3,233.0,29,1.0,NYJ,2.0,229.4,30.4,0,0.0
00-0040676,Cam Ward,TEN,2025,3,219.0,38,1.0,IND,13.0,143.5,30.5,0,0.0
00-0032268,Marcus Mariota,WAS,2025,3,207.0,21,1.0,LV,30.0,172.6,24.4,0,
00-0035228,Kyler Murray,ARI,2025,4,200.0,41,1.0,SEA,19.0,221.0,34.4,0,0.0
00-0039917,Michael Penix Jr.,ATL,2025,4,313.0,26,1.0,WAS,28.0,228.0,34.4,0,0.0
00-0034796,Lamar Jackson,BAL,2025,4,147.0,20,0.69,KC,11.0,230.2,24.2,0,0.0
00-0034857,Josh Allen,BUF,2025,4,209.0,22,1.0,NO,17.0,223.8,31.0,0,0.0
00-0039150,Bryce Young,CAR,2025,4,150.0,30,0.81,NE,22.0,211.4,35.2,0,0.0
00-0039918,Caleb Williams,CHI,2025,4,212.0,37,1.0,LV,27.0,197.0,30.0,0,0.0
00-0035100,Jake Browning,CIN,2025,4,125.0,25,1.0,DEN,15.0,213.8,31.6,0,0.0
00-0026158,Joe Flacco,CLE,2025,4,184.0,34,0.96,DET,18.0,245.0,40.8,0,0.0
00-0033077,Dak Prescott,DAL,2025,4,319.0,40,1.0,GB,2.0,235.2,37.6,0,0.0
00-0039732,Bo Nix,DEN,2025,4,326.0,42,1.0,CIN,16.0,200.0,29.2,0,0.0
00-0033106,Jared Goff,DET,2025,4,168.0,27,0.93,CLE,6.0,261.0,33.6,0,0.0
00-0036264,Jordan Love,GB,2025,4,337.0,43,1.0,DAL,30.0,212.0,28.2,0,0.0
00-0039163,C.J. Stroud,HOU,2025,4,233.0,28,1.0,TEN,1.0,225.2,30.0,0,0.0
00-0035710,Daniel Jones,IND,2025,4,262.0,33,1.0,LA,5.0,236.0,30.2,0,0.0
00-0036971,Trevor Lawrence,JAX,2025,4,174.0,31,1.0,SF,13.0,229.6,35.2,0,0.0
00-0033873,Patrick Mahomes,KC,2025,4,270.0,37,0.92,BAL,21.0,234.2,32.6,0,0.0
00-0036355,Justin Herbert,LAC,2025,4,203.0,41,1.0,NYG,31.0,289.6,35.2,0,0.0
00-0030565,Geno Smith,LV,2025,4,117.0,21,1.0,CHI,8.0,242.8,31.2,0,0.0
00-0036212,Tua Tagovailoa,MIA,2025,4,177.0,25,1.0,NYJ,10.0,197.2,32.6,0,0.0
00-0032950,Carson Wentz,MIN,2025,4,350.0,46,1.0,PIT,25.0,135.2,22.2,0,0.0
00-0039851,Drake Maye,NE,2025,4,203.0,17,0.88,CAR,26.0,232.6,32.8,0,0.0
00-0039376,Spencer Rattler,NO,2025,4,126.0,27,1.0,BUF,7.0,219.4,39.4,0,0.0
00-0040691,Jaxson Dart,NYG,2025,4,111.0,20,0.97,LAC,14.0,,,0,0.0
00-0036945,Justin Fields,NYJ,2025,4,226.0,27,1.0,MIA,20.0,210.2,27.8,0,0.0
00-0036389,Jalen Hurts,PHI,2025,4,130.0,24,1.0,TB,23.0,189.2,25.4,0,0.0
00-0023459,Aaron Rodgers,PIT,2025,4,200.0,22,1.0,MIN,4.0,194.4,28.0,0,0.0
00-0034869,Sam Darnold,SEA,2025,4,242.0,26,1.0,ARI,29.0,214.8,31.0,0,0.0
00-0037834,Brock Purdy,SF,2025,4,309.0,38,1.0,JAX,12.0,286.8,33.2,0,0.0
00-0034855,Baker Mayfield,TB,2025,4,289.0,40,1.0,PHI,24.0,204.2,29.8,1,1.0
00-0040676,Cam Ward,TEN,2025,4,108.0,26,1.0,HOU,8.0,168.66666666666666,33.0,0,0.0
00-0032268,Marcus Mariota,WAS,2025,4,156.0,27,1.0,ATL,3.0,176.8,22.6,0,0.0
00-0035228,Kyler Murray,ARI,2025,5,220.0,31,0.96,TEN,3.0,196.8,33.0,0,0.0
00-0033662,Cooper Rush,BAL,2025,5,179.0,20,1.0,HOU,5.0,206.2,31.8,0,0.0
00-0034857,Josh Allen,BUF,2025,5,253.0,31,1.0,NE,10.0,240.2,31.0,0,0.0
00-0039150,Bryce Young,CAR,2025,5,198.0,30,1.0,MIA,21.0,200.8,35.6,0,0.0
00-0035100,Jake Browning,CIN,2025,5,251.0,40,1.0,DET,16.0,171.8,28.2,0,0.0
00-0040704,Dillon Gabriel,CLE,2025,5,190.0,33,1.0,MIN,1.0,,,0,0.0
00-0033077,Dak Prescott,DAL,2025,5,237.0,29,1.0,NYJ,9.0,250.4,38.0,0,0.0
00-0039732,Bo Nix,DEN,2025,5,242.0,39,1.0,PHI,18.0,201.0,31.8,0,0.0
00-0033106,Jared Goff,DET,2025,5,258.0,23,1.0,CIN,20.0,248.4,32.4,0,0.0
00-0039163,C.J. Stroud,HOU,2025,5,244.0,27,0.8,BAL,19.0,215.4,29.0,0,0.0
00-0035710,Daniel Jones,IND,2025,5,212.0,29,0.89,LV,24.0,253.6,31.6,0,0.0
00-0036971,Trevor Lawrence,JAX,2025,5,221.0,25,1.0,KC,4.0,202.8,35.0,0,0.0
00-0033873,Patrick Mahomes,KC,2025,5,318.0,41,1.0,JAX,17.0,239.2,34.8,0,0.0
00-0036355,Justin Herbert,LAC,2025,5,166.0,29,0.91,WAS,25.0,261.0,36.2,0,0.0
00-0030565,Geno Smith,LV,2025,5,228.0,36,1.0,IND,11.0,234.2,30.8,0,0.0
00-0036212,Tua Tagovailoa,MIA,2025,5,256.0,36,1.0,CAR,12.0,193.4,29.6,0,0.0
00-0032950,Carson Wentz,MIN,2025,5,236.0,34,0.98,CLE,2.0,185.4,27.0,0,0.0
00-0039851,Drake Maye,NE,2025,5,273.0,30,1.0,BUF,7.0,221.0,29.0,0,0.0
00-0039376,Spencer Rattler,NO,2025,5,225.0,31,0.94,NYG,23.0,201.0,37.6,0,0.0
00-0040691,Jaxson Dart,NYG,2025,5,202.0,40,1.0,NO,13.0,111.0,20.0,0,0.0
00-0036945,Justin Fields,NYJ,2025,5,283.0,46,1.0,DAL,26.0,206.4,26.8,0,0.0
00-0036389,Jalen Hurts,PHI,2025,5,280.0,38,1.0,DEN,15.0,166.0,24.6,0,0.0
00-0034869,Sam Darnold,SEA,2025,5,341.0,34,1.0,TB,14.0,230.0,28.0,0,0.0
00-0036972,Mac Jones,SF,2025,5,342.0,49,1.0,LA,6.0,241.8,34.6,0,1.0
00-0034855,Baker Mayfield,TB,2025,5,379.0,33,1.0,SEA,22.0,217.8,31.4,0,0.0
00-0040676,Cam Ward,TEN,2025,5,265.0,39,1.0,ARI,27.0,153.5,31.25,0,0.0
00-0039910,Jayden Daniels,WAS,2025,5,231.0,26,1.0,LAC,8.0,251.0,37.2,0,0.0
00-0033119,Jacoby Brissett,ARI,2025,6,320.0,44,1.0,IND,8.0,141.4,27.0,0,0.0
00-0039917,Michael Penix Jr.,ATL,2025,6,250.0,32,1.0,BUF,9.0,246.0,32.6,0,0.0
00-0033662,Cooper Rush,BAL,2025,6,72.0,19,0.68,LA,20.0,203.0,28.6,0,0.0
00-0034857,Josh Allen,BUF,2025,6,180.0,26,1.0,ATL,1.0,243.4,30.4,0,0.0
00-0039150,Bryce Young,CAR,2025,6,199.0,25,1.0,DAL,29.0,190.2,34.8,0,0.0
00-0039918,Caleb Williams,CHI,2025,6,252.0,29,1.0,WAS,23.0,215.0,31.8,0,0.0
00-0026158,Joe Flacco,CIN,2025,6,219.0,45,1.0,GB,10.0,215.8,40.0,0,0.0
00-0040704,Dillon Gabriel,CLE,2025,6,221.0,52,1.0,PIT,26.0,190.0,33.0,0,0.0
00-0033077,Dak Prescott,DAL,2025,6,261.0,34,1.0,CAR,11.0,271.2,39.0,0,0.0
00-0039732,Bo Nix,DEN,2025,6,174.0,30,1.0,NYJ,12.0,220.6,35.2,0,0.0
00-0033106,Jared Goff,DET,2025,6,203.0,29,1.0,KC,5.0,237.4,29.0,0,0.0
00-0036264,Jordan Love,GB,2025,6,259.0,26,1.0,CIN,27.0,242.4,30.8,0,0.0
00-0035710,Daniel Jones,IND,2025,6,212.0,30,1.0,ARI,28.0,258.0,30.0,0,0.0
00-0036971,Trevor Lawrence,JAX,2025,6,258.0,42,1.0,SEA,25.0,213.2,33.8,0,0.0
00-0033873,Patrick Mahomes,KC,2025,6,257.0,30,1.0,DET,14.0,251.4,36.6,0,0.0
00-0036355,Justin Herbert,LAC,2025,6,264.0,38,1.0,MIA,16.0,245.8,35.6,0,0.0
00-0030565,Geno Smith,LV,2025,6,174.0,23,1.0,TEN,7.0,235.2,32.6,0,0.0
00-0036212,Tua Tagovailoa,MIA,2025,6,205.0,32,0.97,LAC,4.0,201.6,30.0,0,0.0
00-0039851,Drake Maye,NE,2025,6,261.0,26,1.0,NO,13.0,252.2,30.6,0,0.0
00-0039376,Spencer Rattler,NO,2025,6,227.0,26,0.98,NE,21.0,198.0,35.4,0,0.0
00-0040691,Jaxson Dart,NYG,2025,6,195.0,25,0.97,PHI,18.0,156.5,30.0,0,0.0
00-0036945,Justin Fields,NYJ,2025,6,45.0,17,1.0,DEN,15.0,200.6,29.2,0,0.0
00-0036389,Jalen Hurts,PHI,2025,6,283.0,33,1.0,NYG,24.0,177.8,27.8,0,0.0
00-0023459,Aaron Rodgers,PIT,2025,6,235.0,30,0.95,CLE,2.0,212.0,28.8,0,0.0
00-0034869,Sam Darnold,SEA,2025,6,295.0,27,1.0,JAX,22.0,249.2,26.8,0,0.0
00-0036972,Mac Jones,SF,2025,6,347.0,39,1.0,TB,19.0,260.8,36.6,1,0.0
00-0034855,Baker Mayfield,TB,2025,6,256.0,23,1.0,SF,3.0,256.6,34.4,0,0.0
00-0040676,Cam Ward,TEN,2025,6,222.0,38,1.0,LV,17.0,175.8,32.8,0,0.0
00-0039910,Jayden Daniels,WAS,2025,6,211.0,26,1.0,CHI,6.0,243.6,35.4,0,0.0
00-0033119,Jacoby Brissett,ARI,2025,7,279.0,36,1.0,GB,17.0,175.6,30.4,0,0.0
00-0039917,Michael Penix Jr.,ATL,2025,7,241.0,38,1.0,SF,6.0,233.6,31.4,0,0.0
00-0039150,Bryce Young,CAR,2025,7,138.0,25,0.69,NYJ,7.0,199.2,32.8,0,0.0
00-0039918,Caleb Williams,CHI,2025,7,172.0,26,1.0,NO,19.0,235.8,31.8,0,0.0
00-0026158,Joe Flacco,CIN,2025,7,342.0,47,1.0,PIT,27.0,206.8,41.0,0,0.0
00-0040704,Dillon Gabriel,CLE,2025,7,116.0,18,0.95,MIA,18.0,205.5,42.5,0,1.0
00-0033077,Dak Prescott,DAL,2025,7,264.0,30,1.0,WAS,25.0,285.8,39.0,0,0.0
00-0039732,Bo Nix,DEN,2025,7,279.0,50,1.0,NYG,24.0,220.2,33.2,0,0.0
00-0033106,Jared Goff,DET,2025,7,241.0,29,1.0,TB,21.0,233.0,27.0,0,0.0
00-0036264,Jordan Love,GB,2025,7,179.0,29,1.0,ARI,26.0,251.8,29.4,0,0.0
00-0039163,C.J. Stroud,HOU,2025,7,229.0,49,1.0,SEA,22.0,215.2,28.8,0,0.0
00-0035710,Daniel Jones,IND,2025,7,288.0,34,1.0,LAC,4.0,246.0,30.2,0,1.0
00-0036971,Trevor Lawrence,JAX,2025,7,296.0,48,1.0,LA,12.0,229.2,36.0,0,0.0
00-0033873,Patrick Mahomes,KC,2025,7,286.0,35,0.8,LV,15.0,251.2,34.8,0,0.0
00-0036355,Justin Herbert,LAC,2025,7,420.0,55,1.0,IND,14.0,235.0,36.4,0,0.0
00-0030565,Geno Smith,LV,2025,7,67.0,16,0.86,KC,2.0,197.6,30.4,0,0.0
00-0036212,Tua Tagovailoa,MIA,2025,7,100.0,23,0.79,CLE,9.0,219.8,31.8,0,0.0
00-0032950,Carson Wentz,MIN,2025,7,313.0,42,1.0,PHI,16.0,204.0,28.2,0,0.0
00-0039851,Drake Maye,NE,2025,7,222.0,23,0.85,TEN,8.0,247.0,26.6,0,0.0
00-0039376,Spencer Rattler,NO,2025,7,233.0,32,1.0,CHI,10.0,200.6,31.4,0,0.0
00-0040691,Jaxson Dart,NYG,2025,7,283.0,33,1.0,DEN,11.0,169.33333333333334,28.333333333333332,0,0.0
00-0036389,Jalen Hurts,PHI,2025,7,326.0,23,1.0,MIN,3.0,204.0,29.8,0,0.0
00-0023459,Aaron Rodgers,PIT,2025,7,249.0,34,1.0,CIN,23.0,204.2,27.6,0,0.0
00-0034869,Sam Darnold,SEA,2025,7,213.0,31,1.0,HOU,5.0,278.2,27.6,0,0.0
00-0036972,Mac Jones,SF,2025,7,152.0,26,1.0,ATL,1.0,295.4,40.0,0,0.0
00-0034855,Baker Mayfield,TB,2025,7,228.0,50,0.99,DET,20.0,274.4,32.6,0,0.0
00-0040676,Cam Ward,TEN,2025,7,255.0,34,1.0,NE,13.0,197.8,34.8,0,0.0
00-0039910,Jayden Daniels,WAS,2025,7,156.0,22,0.69,DAL,28.0,226.0,34.4,0,1.0
00-0029604,Kirk Cousins,ATL,2025,8,173.0,31,1.0,MIA,9.0,236.0,31.6,0,0.0
00-0035993,Tyler Huntley,BAL,2025,8,186.0,22,1.0,CHI,16.0,165.8,26.6,0,0.0
00-0034857,Josh Allen,BUF,2025,8,163.0,19,0.83,CAR,15.0,200.6,26.4,0,0.0
00-0027973,Andy Dalton,CAR,2025,8,175.0,24,1.0,BUF,8.0,197.8,31.8,0,0.0
00-0039918,Caleb Williams,CHI,2025,8,285.0,38,1.0,BAL,23.0,228.2,30.0,0,0.0
00-0026158,Joe Flacco,CIN,2025,8,223.0,34,1.0,NYJ,5.0,217.2,41.4,0,0.0
00-0040704,Dillon Gabriel,CLE,2025,8,156.0,35,1.0,NE,10.0,175.66666666666666,34.333333333333336,0,0.0
00-0033077,Dak Prescott,DAL,2025,8,188.0,31,0.88,DEN,11.0,266.4,34.6,0,0.0
00-0039732,Bo Nix,DEN,2025,8,247.0,29,0.94,DAL,21.0,234.8,37.2,0,0.0
00-0036264,Jordan Love,GB,2025,8,360.0,37,1.0,PIT,25.0,250.0,30.8,0,0.0
00-0039163,C.J. Stroud,HOU,2025,8,318.0,39,1.0,SF,12.0,223.4,33.2,0,0.0
00-0035710,Daniel Jones,IND,2025,8,272.0,29,0.89,TEN,14.0,240.4,30.2,0,0.0
00-0033873,Patrick Mahomes,KC,2025,8,299.0,34,1.0,WAS,22.0,271.0,36.0,0,0.0
00-0036355,Justin Herbert,LAC,2025,8,227.0,25,1.0,MIN,7.0,270.6,42.0,0,0.0
00-0036212,Tua Tagovailoa,MIA,2025,8,205.0,26,0.9,ATL,1.0,176.8,30.0,0,0.0
00-0032950,Carson Wentz,MIN,2025,8,144.0,27,0.88,LAC,6.0,234.0,31.8,0,0.0
00-0039851,Drake Maye,NE,2025,8,282.0,24,1.0,CLE,3.0,245.4,26.6,0,0.0
00-0040691,Jaxson Dart,NYG,2025,8,193.0,24,1.0,PHI,19.0,197.75,29.5,0,0.0
00-0036945,Justin Fields,NYJ,2025,8,244.0,32,1.0,CIN,20.0,183.4,27.2,0,0.0
00-0036389,Jalen Hurts,PHI,2025,8,179.0,20,0.93,NYG,18.0,249.0,30.0,0,0.0
00-0023459,Aaron Rodgers,PIT,2025,8,219.0,36,1.0,GB,17.0,205.2,28.4,0,0.0
00-0036972,Mac Jones,SF,2025,8,193.0,32,1.0,HOU,4.0,280.8,38.8,0,0.0
00-0034855,Baker Mayfield,TB,2025,8,152.0,24,0.97,NO,13.0,277.0,35.0,0,0.0
00-0040676,Cam Ward,TEN,2025,8,259.0,38,1.0,IND,24.0,213.8,35.0,0,0.0
00-0032268,Marcus Mariota,WAS,2025,8,213.0,30,1.0,KC,2.0,181.8,24.0,0,0.0
00-0033119,Jacoby Brissett,ARI,2025,9,261.0,31,1.0,DAL,21.0,211.8,34.0,0,0.0
00-0039917,Michael Penix Jr.,ATL,2025,9,221.0,37,1.0,NE,9.0,222.2,30.6,0,0.0
00-0034796,Lamar Jackson,BAL,2025,9,204.0,23,1.0,MIA,6.0,224.6,24.0,0,0.0
00-0034857,Josh Allen,BUF,2025,9,273.0,26,1.0,KC,2.0,203.6,25.2,0,0.0
00-0039150,Bryce Young,CAR,2025,9,102.0,20,1.0,GB,16.0,161.2,26.8,0,0.0
00-0039918,Caleb Williams,CHI,2025,9,280.0,34,1.0,CIN,24.0,243.8,31.6,0,0.0
00-0026158,Joe Flacco,CIN,2025,9,470.0,47,1.0,CHI,8.0,222.0,39.2,1,0.0
00-0033077,Dak Prescott,DAL,2025,9,250.0,39,1.0,ARI,17.0,253.8,32.8,0,0.0
00-0039732,Bo Nix,DEN,2025,9,173.0,37,1.0,HOU,3.0,253.6,38.0,0,0.0
00-0033106,Jared Goff,DET,2025,9,284.0,37,1.0,MIN,11.0,214.4,27.2,0,0.0
00-0036264,Jordan Love,GB,2025,9,273.0,37,1.0,CAR,10.0,263.6,32.0,0,0.0
00-0036898,Davis Mills,HOU,2025,9,137.0,30,0.68,DEN,4.0,185.4,30.4,0,0.0
00-0035710,Daniel Jones,IND,2025,9,342.0,50,1.0,PIT,27.0,249.2,31.0,0,0.0
00-0036971,Trevor Lawrence,JAX,2025,9,220.0,34,1.0,LV,13.0,234.2,37.2,0,0.0
00-0033873,Patrick Mahomes,KC,2025,9,250.0,34,1.0,BUF,5.0,286.0,35.4,0,0.0
00-0036355,Justin Herbert,LAC,2025,9,250.0,29,1.0,TEN,12.0,256.0,37.6,0,0.0
00-0030565,Geno Smith,LV,2025,9,284.0,39,1.0,JAX,25.0,175.0,25.0,0,0.0
00-0036212,Tua Tagovailoa,MIA,2025,9,261.0,40,1.0,BAL,19.0,188.6,28.4,0,0.0
00-0039923,J.J. McCarthy,MIN,2025,9,143.0,25,1.0,DET,20.0,150.5,20.5,0,0.0
00-0039851,Drake Maye,NE,2025,9,259.0,29,1.0,ATL,1.0,248.2,24.0,0,0.0
00-0040743,Tyler Shough,NO,2025,9,176.0,24,0.9,LA,18.0,,,0,0.0
00-0040691,Jaxson Dart,NYG,2025,9,191.0,33,1.0,SF,14.0,196.8,28.4,0,0.0
00-0023459,Aaron Rodgers,PIT,2025,9,203.0,35,1.0,IND,26.0,208.4,29.0,0,0.0
00-0034869,Sam Darnold,SEA,2025,9,330.0,24,0.94,WAS,23.0,261.8,27.2,0,0.0
00-0036972,Mac Jones,SF,2025,9,235.0,24,0.98,NYG,15.0,263.6,37.4,0,0.0
00-0040676,Cam Ward,TEN,2025,9,145.0,21,1.0,LAC,7.0,221.8,35.0,0,0.0
00-0039910,Jayden Daniels,WAS,2025,9,153.0,22,0.88,SEA,22.0,206.2,29.2,0,0.0
00-0033119,Jacoby Brissett,ARI,2025,10,258.0,44,0.96,SEA,17.0,230.4,33.8,0,0.0
00-0039917,Michael Penix Jr.,ATL,2025,10,177.0,28,1.0,IND,24.0,239.4,33.8,0,0.0
00-0034796,Lamar Jackson,BAL,2025,10,176.0,29,1.0,MIN,18.0,214.6,23.6,0,0.0
00-0034857,Josh Allen,BUF,2025,10,306.0,40,0.96,MIA,5.0,215.6,24.8,0,0.0
00-0039150,Bryce Young,CAR,2025,10,124.0,25,1.0,NO,6.0,157.4,26.0,0,0.0
00-0039918,Caleb Williams,CHI,2025,10,220.0,36,1.0,NYG,15.0,240.2,32.8,0,0.0
00-0040704,Dillon Gabriel,CLE,2025,10,167.0,32,1.0,NYJ,3.0,170.75,34.5,0,0.0
00-0039732,Bo Nix,DEN,2025,10,150.0,28,1.0,LV,13.0,223.0,37.0,0,0.0
00-0033106,Jared Goff,DET,2025,10,320.0,33,0.87,WAS,22.0,230.8,29.0,0,0.0
00-0036264,Jordan Love,GB,2025,10,176.0,36,1.0,PHI,19.0,281.6,34.4,0,0.0
00-0036898,Davis Mills,HOU,2025,10,292.0,45,1.0,JAX,23.0,188.6,31.6,0,0.0
00-0035710,Daniel Jones,IND,2025,10,255.0,26,1.0,ATL,4.0,265.2,34.4,0,0.0
00-0036971,Trevor Lawrence,JAX,2025,10,158.0,23,1.0,HOU,1.0,233.8,36.0,0,1.0
00-0036355,Justin Herbert,LAC,2025,10,220.0,33,1.0,PIT,25.0,265.4,35.2,0,0.0
00-0030565,Geno Smith,LV,2025,10,143.0,26,0.97,DEN,2.0,174.0,27.0,0,1.0
00-0036212,Tua Tagovailoa,MIA,2025,10,173.0,21,1.0,BUF,9.0,205.4,31.4,0,0.0
00-0039923,J.J. McCarthy,MIN,2025,10,248.0,42,1.0,BAL,21.0,148.0,22.0,0,0.0
00-0039851,Drake Maye,NE,2025,10,270.0,31,1.0,TB,20.0,259.4,26.4,0,0.0
00-0040743,Tyler Shough,NO,2025,10,282.0,27,0.82,CAR,14.0,176.0,24.0,0,1.0
00-0040691,Jaxson Dart,NYG,2025,10,242.0,29,0.71,CHI,16.0,212.8,31.0,0,0.0
00-0036389,Jalen Hurts,PHI,2025,10,183.0,26,1.0,GB,11.0,239.6,27.6,0,0.0
00-0023459,Aaron Rodgers,PIT,2025,10,161.0,31,1.0,LAC,7.0,221.2,31.4,0,0.0
00-0036972,Mac Jones,SF,2025,10,319.0,39,1.0,LA,12.0,253.8,34.0,0,0.0
00-0034855,Baker Mayfield,TB,2025,10,273.0,43,1.0,NE,10.0,260.8,34.0,0,0.0
00-0032268,Marcus Mariota,WAS,2025,10,213.0,22,0.94,DET,8.0,189.6,25.0,0,0.0
00-0033119,Jacoby Brissett,ARI,2025,11,452.0,57,1.0,SF,18.0,250.0,35.8,0,0.0
00-0039917,Michael Penix Jr.,ATL,2025,11,175.0,16,0.62,CAR,22.0,240.4,32.2,0,0.0
00-0034796,Lamar Jackson,BAL,2025,11,193.0,25,1.0,CLE,7.0,208.0,25.6,0,0.0
00-0034857,Josh Allen,BUF,2025,11,317.0,30,1.0,TB,23.0,235.0,28.4,0,0.0
00-0039150,Bryce Young,CAR,2025,11,448.0,45,1.0,ATL,8.0,152.2,25.0,0,0.0
00-0039918,Caleb Williams,CHI,2025,11,193.0,32,1.0,MIN,20.0,241.8,32.6,0,0.0
00-0026158,Joe Flacco,CIN,2025,11,199.0,40,1.0,PIT,26.0,287.6,41.4,0,0.0
00-0033077,Dak Prescott,DAL,2025,11,268.0,33,1.0,LV,10.0,240.0,32.6,0,0.0
00-0039732,Bo Nix,DEN,2025,11,295.0,37,1.0,KC,5.0,204.6,34.8,0,0.0
00-0033106,Jared Goff,DET,2025,11,255.0,37,1.0,PHI,12.0,261.2,30.2,0,0.0
00-0036264,Jordan Love,GB,2025,11,174.0,24,0.87,NYG,19.0,249.4,33.0,0,0.0
00-0036898,Davis Mills,HOU,2025,11,274.0,41,1.0,TEN,15.0,211.4,35.0,0,0.0
00-0036971,Trevor Lawrence,JAX,2025,11,153.0,22,0.89,LAC,4.0,230.6,34.4,0,0.0
00-0033873,Patrick Mahomes,KC,2025,11,276.0,45,1.0,DEN,1.0,282.0,34.8,0,0.0
00-0036355,Justin Herbert,LAC,2025,11,81.0,18,0.73,JAX,27.0,276.2,36.0,0,0.0
00-0030565,Geno Smith,LV,2025,11,238.0,42,1.0,DAL,16.0,179.2,28.0,0,0.0
00-0036212,Tua Tagovailoa,MIA,2025,11,171.0,20,1.0,WAS,25.0,188.8,28.4,0,0.0
00-0039923,J.J. McCarthy,MIN,2025,11,150.0,32,1.0,CHI,24.0,173.0,27.0,0,0.0
00-0039851,Drake Maye,NE,2025,11,281.0,34,1.0,NYJ,3.0,258.8,26.6,0,0.0
00-0031503,Jameis Winston,NYG,2025,11,201.0,29,1.0,GB,6.0,293.8,39.4,0,0.0
00-0036945,Justin Fields,NYJ,2025,11,116.0,26,1.0,NE,14.0,203.2,28.8,0,0.0
00-0036389,Jalen Hurts,PHI,2025,11,135.0,28,1.0,DET,11.0,250.2,28.0,0,0.0
00-0034869,Sam Darnold,SEA,2025,11,279.0,44,1.0,LA,21.0,284.2,28.4,0,0.0
00-0037834,Brock Purdy,SF,2025,11,200.0,26,0.91,ARI,17.0,283.6,35.8,0,0.0
00-0034855,Baker Mayfield,TB,2025,11,173.0,28,0.99,BUF,13.0,257.6,34.6,0,0.0
00-0040676,Cam Ward,TEN,2025,11,194.0,37,1.0,HOU,2.0,229.2,34.0,0,0.0
00-0032268,Marcus Mariota,WAS,2025,11,213.0,30,0.99,MIA,9.0,198.8,24.6,0,0.0
00-0033119,Jacoby Brissett,ARI,2025,12,317.0,49,0.98,JAX,18.0,314.0,42.4,0,0.0
00-0029604,Kirk Cousins,ATL,2025,12,199.0,23,1.0,NO,1.0,209.4,30.2,0,1.0
00-0034796,Lamar Jackson,BAL,2025,12,153.0,23,1.0,NYJ,4.0,201.6,24.8,0,0.0
00-0034857,Josh Allen,BUF,2025,12,253.0,34,1.0,HOU,2.0,247.8,28.2,0,0.0
00-0039150,Bryce Young,CAR,2025,12,169.0,29,1.0,SF,25.0,202.2,28.0,0,0.0
00-0039918,Caleb Williams,CHI,2025,12,239.0,35,1.0,PIT,26.0,230.0,33.2,0,0.0
00-0026158,Joe Flacco,CIN,2025,12,183.0,37,0.98,NE,6.0,290.6,42.6,0,0.0
00-0040668,Shedeur Sanders,CLE,2025,12,209.0,20,0.9,LV,14.0,,,0,0.0
00-0033077,Dak Prescott,DAL,2025,12,354.0,36,1.0,PHI,13.0,246.2,33.4,0,0.0
00-0033106,Jared Goff,DET,2025,12,279.0,42,1.0,NYG,10.0,260.6,33.0,0,0.0
00-0036264,Jordan Love,GB,2025,12,139.0,21,0.91,MIN,17.0,232.4,32.6,0,0.0
00-0036898,Davis Mills,HOU,2025,12,153.0,30,1.0,BUF,6.0,225.8,35.2,0,0.0
00-0035710,Daniel Jones,IND,2025,12,181.0,31,1.0,KC,9.0,273.8,33.8,0,0.0
00-0036971,Trevor Lawrence,JAX,2025,12,256.0,30,1.0,ARI,12.0,217.0,33.8,0,0.0
00-0033873,Patrick Mahomes,KC,2025,12,352.0,46,1.0,IND,24.0,273.6,35.6,0,0.0
00-0030565,Geno Smith,LV,2025,12,285.0,44,1.0,CLE,8.0,181.2,29.2,0,0.0
00-0039923,J.J. McCarthy,MIN,2025,12,87.0,19,1.0,GB,5.0,168.4,28.0,0,0.0
00-0039851,Drake Maye,NE,2025,12,294.0,35,1.0,CIN,21.0,262.8,28.2,0,0.0
00-0040743,Tyler Shough,NO,2025,12,243.0,43,0.95,ATL,23.0,229.0,25.5,0,0.0
00-0031503,Jameis Winston,NYG,2025,12,366.0,36,1.0,DET,3.0,255.0,36.0,0,0.0
00-0028118,Tyrod Taylor,NYJ,2025,12,222.0,28,1.0,BAL,22.0,258.4,34.8,0,0.0
00-0036389,Jalen Hurts,PHI,2025,12,289.0,39,1.0,DAL,11.0,221.2,26.0,0,0.0
00-0034771,Mason Rudolph,PIT,2025,12,171.0,31,1.0,CHI,20.0,233.2,35.2,0,0.0
00-0034869,Sam Darnold,SEA,2025,12,244.0,26,1.0,TEN,16.0,291.6,32.0,0,0.0
00-0037834,Brock Purdy,SF,2025,12,193.0,32,1.0,CAR,15.0,295.2,34.8,0,0.0
00-0040676,Cam Ward,TEN,2025,12,256.0,42,1.0,SEA,19.0,215.0,33.6,0,0.0
00-0033119,Jacoby Brissett,ARI,2025,13,301.0,40,1.0,TB,31.0,313.4,43.4,0,0.0
00-0029604,Kirk Cousins,ATL,2025,13,234.0,33,1.0,NYJ,6.0,214.6,29.4,0,0.0
00-0034796,Lamar Jackson,BAL,2025,13,246.0,32,1.0,CIN,25.0,174.6,24.0,0,0.0
00-0034857,Josh Allen,BUF,2025,13,123.0,23,1.0,PIT,26.0,262.4,29.8,0,
00-0039150,Bryce Young,CAR,2025,13,206.0,20,1.0,LA,17.0,196.2,28.8,0,0.0
00-0039918,Caleb Williams,CHI,2025,13,154.0,36,1.0,PHI,24.0,243.4,35.0,0,0.0
00-0036442,Joe Burrow,CIN,2025,13,261.0,46,1.0,BAL,21.0,265.0,37.0,0,0.0
00-0040668,Shedeur Sanders,CLE,2025,13,149.0,25,0.97,SF,27.0,209.0,20.0,0,0.0
00-0033077,Dak Prescott,DAL,2025,13,320.0,39,1.0,KC,11.0,264.8,33.8,0,0.0
00-0039732,Bo Nix,DEN,2025,13,321.0,45,1.0,WAS,28.0,228.8,36.2,0,0.0
00-0033106,Jared Goff,DET,2025,13,256.0,26,1.0,GB,1.0,275.8,35.6,0,0.0
00-0036264,Jordan Love,GB,2025,13,234.0,30,1.0,DET,12.0,224.4,31.0,0,0.0
00-0039163,C.J. Stroud,HOU,2025,13,276.0,35,1.0,IND,30.0,245.6,36.2,0,0.0
00-0035710,Daniel Jones,IND,2025,13,201.0,27,1.0,HOU,7.0,267.6,34.0,0,0.0
00-0036971,Trevor Lawrence,JAX,2025,13,229.0,27,0.95,TEN,22.0,216.6,31.4,0,0.0
00-0033873,Patrick Mahomes,KC,2025,13,261.0,34,1.0,DAL,19.0,292.6,38.8,0,0.0
00-0036355,Justin Herbert,LAC,2025,13,151.0,20,0.85,LV,16.0,239.6,32.0,0,0.0
00-0030565,Geno Smith,LV,2025,13,165.0,23,1.0,LAC,2.0,203.4,33.4,0,
00-0036212,Tua Tagovailoa,MIA,2025,13,157.0,23,1.0,NO,3.0,182.0,26.0,0,0.0
00-0040494,Max Brosmer,MIN,2025,13,126.0,30,1.0,SEA,18.0,,,0,0.0
00-0039851,Drake Maye,NE,2025,13,282.0,31,1.0,NYG,13.0,277.2,30.6,0,0.0
00-0040743,Tyler Shough,NO,2025,13,239.0,38,0.99,MIA,8.0,233.66666666666666,31.333333333333332,0,0.0
00-0040691,Jaxson Dart,NYG,2025,13,139.0,24,1.0,NE,5.0,220.8,28.8,0,0.0
00-0028118,Tyrod Taylor,NYJ,2025,13,172.0,33,1.0,ATL,29.0,262.8,33.2,0,0.0
00-0036389,Jalen Hurts,PHI,2025,13,230.0,34,1.0,CHI,20.0,222.4,27.2,0,0.0
00-0023459,Aaron Rodgers,PIT,2025,13,117.0,21,0.84,BUF,4.0,213.4,33.2,0,0.0
00-0034869,Sam Darnold,SEA,2025,13,128.0,26,0.96,MIN,9.0,272.2,30.4,0,0.0
00-0037834,Brock Purdy,SF,2025,13,168.0,29,0.94,CLE,14.0,271.2,33.2,0,0.0
00-0034855,Baker Mayfield,TB,2025,13,194.0,28,1.0,ARI,15.0,216.4,33.6,1,0.0
00-0040676,Cam Ward,TEN,2025,13,141.0,38,1.0,JAX,23.0,221.8,34.4,0,0.0
00-0032268,Marcus Mariota,WAS,2025,13,294.0,50,1.0,DEN,10.0,200.4,26.0,0,0.0
00-0033119,Jacoby Brissett,ARI,2025,14,271.0,44,1.0,LA,20.0,317.8,44.2,0,0.0
00-0029604,Kirk Cousins,ATL,2025,14,162.0,30,1.0,SEA,8.0,212.4,28.2,0,0.0
00-0034796,Lamar Jackson,BAL,2025,14,219.0,35,1.0,PIT,14.0,194.4,26.4,0,0.0
00-0034857,Josh Allen,BUF,2025,14,251.0,28,1.0,CIN,24.0,254.4,30.6,0,0.0
00-0039918,Caleb Williams,CHI,2025,14,186.0,35,1.0,GB,3.0,217.2,34.6,0,0.0
00-0036442,Joe Burrow,CIN,2025,14,284.0,36,1.0,BUF,4.0,263.0,38.8,0,0.0
00-0040668,Shedeur Sanders,CLE,2025,14,364.0,42,0.97,TEN,19.0,179.0,22.5,0,0.0
00-0033077,Dak Prescott,DAL,2025,14,376.0,47,1.0,DET,12.0,276.0,35.6,0,0.0
00-0039732,Bo Nix,DEN,2025,14,212.0,38,1.0,LV,7.0,237.2,35.2,0,0.0
00-0033106,Jared Goff,DET,2025,14,309.0,34,1.0,DAL,23.0,278.8,35.0,0,0.0
00-0036264,Jordan Love,GB,2025,14,234.0,25,1.0,CHI,17.0,199.2,29.6,0,
00-0039163,C.J. Stroud,HOU,2025,14,203.0,31,1.0,KC,22.0,260.0,35.6,0,0.0
00-0040206,Riley Leonard,IND,2025,14,145.0,29,0.77,JAX,13.0,,,0,0.0
00-0036971,Trevor Lawrence,JAX,2025,14,244.0,30,0.91,IND,18.0,203.2,27.2,0,0.0
00-0033873,Patrick Mahomes,KC,2025,14,160.0,33,1.0,HOU,6.0,287.6,38.6,0,0.0
00-0036355,Justin Herbert,LAC,2025,14,139.0,26,1.0,PHI,15.0,185.8,25.0,1,0.0
00-0030565,Geno Smith,LV,2025,14,116.0,21,0.74,DEN,10.0,223.0,34.8,0,0.0
00-0036212,Tua Tagovailoa,MIA,2025,14,127.0,21,0.89,NYJ,11.0,193.4,26.0,0,0.0
00-0039923,J.J. McCarthy,MIN,2025,14,163.0,23,1.0,WAS,26.0,157.2,27.8,0,0.0
00-0040743,Tyler Shough,NO,2025,14,144.0,20,1.0,TB,27.0,235.0,33.0,0,0.0
00-0040398,Brady Cook,NYJ,2025,14,163.0,30,0.9,MIA,16.0,,,0,0.0
00-0036389,Jalen Hurts,PHI,2025,14,240.0,40,1.0,LAC,1.0,203.2,29.4,0,0.0
00-0023459,Aaron Rodgers,PIT,2025,14,284.0,34,1.0,BAL,21.0,189.8,31.4,0,0.0
00-0034869,Sam Darnold,SEA,2025,14,249.0,30,0.87,ATL,25.0,238.8,30.2,0,0.0
00-0034855,Baker Mayfield,TB,2025,14,122.0,30,1.0,NO,2.0,204.0,34.6,0,0.0
00-0040676,Cam Ward,TEN,2025,14,117.0,28,1.0,CLE,9.0,199.0,35.2,0,0.0
00-0039910,Jayden Daniels,WAS,2025,14,78.0,20,0.75,MIN,5.0,190.2,27.6,0,0.0
00-0033119,Jacoby Brissett,ARI,2025,15,249.0,40,1.0,HOU,9.0,319.8,46.8,0,0.0
00-0029604,Kirk Cousins,ATL,2025,15,373.0,44,1.0,TB,24.0,176.0,26.8,0,0.0
00-0034857,Josh Allen,BUF,2025,15,193.0,28,1.0,NE,6.0,250.0,31.0,0,0.0
00-0039150,Bryce Young,CAR,2025,15,163.0,24,1.0,NO,2.0,209.8,27.8,0,
00-0039918,Caleb Williams,CHI,2025,15,242.0,28,1.0,CLE,15.0,198.4,34.8,0,0.0
00-0036442,Joe Burrow,CIN,2025,15,225.0,39,1.0,BAL,25.0,269.4,40.0,0,0.0
00-0040668,Shedeur Sanders,CLE,2025,15,177.0,35,1.0,CHI,14.0,240.66666666666666,29.0,0,0.0
00-0033077,Dak Prescott,DAL,2025,15,294.0,38,1.0,MIN,1.0,313.6,38.8,0,0.0
00-0039732,Bo Nix,DEN,2025,15,302.0,34,1.0,GB,5.0,230.2,37.0,0,0.0
00-0033106,Jared Goff,DET,2025,15,338.0,41,1.0,LA,21.0,283.8,34.4,0,0.0
00-0036264,Jordan Love,GB,2025,15,276.0,40,1.0,DEN,9.0,191.4,27.2,0,0.0
00-0039163,C.J. Stroud,HOU,2025,15,260.0,29,1.0,ARI,17.0,254.0,36.2,0,0.0
00-0022942,Philip Rivers,IND,2025,15,120.0,27,1.0,SEA,7.0,,,0,0.0
00-0036971,Trevor Lawrence,JAX,2025,15,330.0,32,0.87,NYJ,8.0,208.0,26.4,0,0.0
00-0033873,Patrick Mahomes,KC,2025,15,189.0,28,0.92,LAC,3.0,259.8,38.4,0,0.0
00-0036355,Justin Herbert,LAC,2025,15,210.0,29,1.0,KC,23.0,168.2,25.2,0,0.0
00-0038102,Kenny Pickett,LV,2025,15,64.0,25,1.0,PHI,16.0,159.2,24.6,0,0.0
00-0036212,Tua Tagovailoa,MIA,2025,15,253.0,28,1.0,PIT,13.0,177.8,25.0,0,0.0
00-0039923,J.J. McCarthy,MIN,2025,15,250.0,24,1.0,DAL,28.0,158.2,28.2,0,0.0
00-0039851,Drake Maye,NE,2025,15,155.0,23,1.0,BUF,4.0,277.2,32.0,0,0.0
00-0040743,Tyler Shough,NO,2025,15,272.0,32,0.99,CAR,18.0,216.8,30.4,0,0.0
00-0040691,Jaxson Dart,NYG,2025,15,246.0,36,0.97,WAS,27.0,209.6,28.6,0,0.0
00-0040398,Brady Cook,NYJ,2025,15,176.0,33,1.0,JAX,11.0,163.0,30.0,0,1.0
00-0036389,Jalen Hurts,PHI,2025,15,175.0,15,0.75,LV,12.0,215.4,33.4,0,0.0
00-0023459,Aaron Rodgers,PIT,2025,15,224.0,27,1.0,MIA,19.0,196.8,31.4,0,0.0
00-0034869,Sam Darnold,SEA,2025,15,271.0,36,1.0,IND,22.0,246.0,30.0,0,0.0
00-0037834,Brock Purdy,SF,2025,15,295.0,30,1.0,TEN,29.0,229.4,32.0,0,0.0
00-0034855,Baker Mayfield,TB,2025,15,277.0,34,1.0,ATL,30.0,182.8,30.6,0,0.0
00-0040676,Cam Ward,TEN,2025,15,170.0,29,1.0,SF,26.0,170.6,33.2,0,0.0
00-0032268,Marcus Mariota,WAS,2025,15,211.0,19,1.0,NYG,20.0,217.8,31.8,0,0.0
00-0033119,Jacoby Brissett,ARI,2025,16,203.0,31,1.0,ATL,23.0,318.0,46.0,0,0.0
00-0029604,Kirk Cousins,ATL,2025,16,197.0,35,1.0,ARI,14.0,228.2,32.2,0,0.0
00-0034857,Josh Allen,BUF,2025,16,130.0,19,1.0,CLE,5.0,227.4,28.6,0,0.0
00-0039150,Bryce Young,CAR,2025,16,191.0,32,1.0,TB,24.0,222.0,28.6,0,0.0
00-0039918,Caleb Williams,CHI,2025,16,250.0,34,1.0,GB,7.0,202.8,33.2,0,0.0
00-0036442,Joe Burrow,CIN,2025,16,309.0,32,0.9,MIA,13.0,232.0,38.0,0,0.0
00-0040668,Shedeur Sanders,CLE,2025,16,157.0,29,0.98,BUF,3.0,224.75,30.5,0,0.0
00-0033077,Dak Prescott,DAL,2025,16,244.0,30,0.91,LAC,4.0,322.4,38.6,0,0.0
00-0039732,Bo Nix,DEN,2025,16,352.0,47,1.0,JAX,2.0,256.0,36.4,0,0.0
00-0033106,Jared Goff,DET,2025,16,364.0,54,1.0,PIT,8.0,287.4,36.0,0,0.0
00-0039163,C.J. Stroud,HOU,2025,16,187.0,35,1.0,LV,6.0,257.2,36.6,0,0.0
00-0022942,Philip Rivers,IND,2025,16,277.0,35,0.93,SF,12.0,120.0,27.0,0,0.0
00-0036971,Trevor Lawrence,JAX,2025,16,279.0,36,1.0,DEN,10.0,242.4,28.2,0,0.0
00-0037324,Chris Oladokun,KC,2025,16,111.0,16,0.69,TEN,25.0,,,0,
00-0036355,Justin Herbert,LAC,2025,16,300.0,29,1.0,DAL,22.0,160.2,25.2,0,0.0
00-0030565,Geno Smith,LV,2025,16,201.0,23,1.0,HOU,9.0,189.4,31.2,0,0.0
00-0040234,Quinn Ewers,MIA,2025,16,260.0,30,1.0,CIN,19.0,,,0,0.0
00-0039851,Drake Maye,NE,2025,16,380.0,44,1.0,BAL,18.0,256.4,30.8,0,0.0
00-0040743,Tyler Shough,NO,2025,16,308.0,49,0.97,NYJ,11.0,236.0,32.0,0,0.0
00-0040398,Brady Cook,NYJ,2025,16,188.0,35,1.0,NO,1.0,169.5,31.5,0,0.0
00-0036389,Jalen Hurts,PHI,2025,16,185.0,30,0.94,WAS,17.0,213.8,31.2,0,0.0
00-0023459,Aaron Rodgers,PIT,2025,16,266.0,41,1.0,DET,21.0,197.8,29.6,0,0.0
00-0034869,Sam Darnold,SEA,2025,16,270.0,34,1.0,LA,26.0,234.2,32.4,0,0.0
00-0037834,Brock Purdy,SF,2025,16,295.0,34,0.95,IND,20.0,233.0,31.0,0,0.0
00-0034855,Baker Mayfield,TB,2025,16,145.0,26,1.0,CAR,15.0,207.8,32.6,0,0.0
00-0040676,Cam Ward,TEN,2025,16,228.0,28,1.0,KC,16.0,175.6,34.8,0,0.0
00-0033119,Jacoby Brissett,ARI,2025,17,212.0,37,1.0,CIN,26.0,268.2,40.8,0,0.0
00-0029604,Kirk Cousins,ATL,2025,17,126.0,20,1.0,LA,27.0,233.0,33.0,0,
00-0035993,Tyler Huntley,BAL,2025,17,107.0,20,1.0,GB,13.0,183.8,26.6,0,0.0
00-0034857,Josh Allen,BUF,2025,17,262.0,35,1.0,PHI,9.0,190.0,26.4,0,0.0
00-0039150,Bryce Young,CAR,2025,17,54.0,24,1.0,SEA,5.0,235.4,30.0,0,
00-0039918,Caleb Williams,CHI,2025,17,330.0,42,1.0,SF,22.0,214.2,33.6,0,0.0
00-0036442,Joe Burrow,CIN,2025,17,305.0,31,0.83,ARI,15.0,238.4,35.2,0,0.0
00-0040668,Shedeur Sanders,CLE,2025,17,186.0,23,1.0,PIT,21.0,211.2,30.2,0,0.0
00-0033077,Dak Prescott,DAL,2025,17,307.0,37,1.0,WAS,14.0,317.6,38.0,0,0.0
00-0039732,Bo Nix,DEN,2025,17,182.0,38,1.0,KC,17.0,296.4,40.2,0,0.0
00-0033106,Jared Goff,DET,2025,17,197.0,29,1.0,MIN,2.0,309.2,39.4,0,0.0
00-0038128,Malik Willis,GB,2025,17,288.0,21,0.83,BAL,28.0,127.8,17.0,1,0.0
00-0039163,C.J. Stroud,HOU,2025,17,244.0,28,1.0,LAC,10.0,248.8,33.8,0,0.0
00-0022942,Philip Rivers,IND,2025,17,147.0,30,0.98,JAX,16.0,198.5,31.0,0,0.0
00-0036971,Trevor Lawrence,JAX,2025,17,263.0,37,1.0,IND,31.0,267.6,31.0,0,0.0
00-0037324,Chris Oladokun,KC,2025,17,66.0,22,1.0,DEN,23.0,111.0,16.0,0,0.0
00-0036355,Justin Herbert,LAC,2025,17,236.0,32,1.0,HOU,11.0,176.2,24.4,0,0.0
00-0030565,Geno Smith,LV,2025,17,176.0,28,0.9,NYG,20.0,201.0,30.6,0,0.0
00-0040234,Quinn Ewers,MIA,2025,17,172.0,22,1.0,TB,25.0,260.0,30.0,0,0.0
00-0040494,Max Brosmer,MIN,2025,17,51.0,16,1.0,DET,29.0,126.0,30.0,0,0.0
00-0039851,Drake Maye,NE,2025,17,256.0,21,0.79,NYJ,19.0,278.4,33.4,0,0.0
00-0040743,Tyler Shough,NO,2025,17,333.0,27,0.98,TEN,24.0,241.2,36.4,0,0.0
00-0040691,Jaxson Dart,NYG,2025,17,207.0,30,1.0,LV,6.0,202.2,29.2,0,0.0
00-0040398,Brady Cook,NYJ,2025,17,152.0,33,1.0,NE,4.0,175.66666666666666,32.666666666666664,0,0.0
00-0036389,Jalen Hurts,PHI,2025,17,110.0,27,1.0,BUF,3.0,223.8,31.6,0,0.0
00-0023459,Aaron Rodgers,PIT,2025,17,168.0,39,1.0,CLE,7.0,210.4,30.8,0,0.0
00-0034869,Sam Darnold,SEA,2025,17,147.0,27,1.0,CAR,12.0,232.4,30.4,0,0.0
00-0037834,Brock Purdy,SF,2025,17,303.0,33,1.0,CHI,8.0,230.2,30.2,0,0.0
00-0034855,Baker Mayfield,TB,2025,17,346.0,44,1.0,MIA,18.0,182.2,29.2,0,0.0
00-0040676,Cam Ward,TEN,2025,17,251.0,40,1.0,NO,1.0,182.4,33.0,0,0.0
00-0026300,Josh Johnson,WAS,2025,17,198.0,23,0.98,DAL,30.0,,,0,0.0
00-0033119,Jacoby Brissett,ARI,2025,18,243.0,31,1.0,LA,19.0,247.2,38.4,0,0.0
00-0029604,Kirk Cousins,ATL,2025,18,180.0,32,1.0,NO,5.0,218.4,32.4,0,0.0
00-0034796,Lamar Jackson,BAL,2025,18,238.0,18,1.0,PIT,17.0,197.4,28.8,0,0.0
00-0033869,Mitchell Trubisky,BUF,2025,18,259.0,29,0.99,NYJ,21.0,183.0,26.2,0,0.0
00-0039150,Bryce Young,CAR,2025,18,266.0,35,1.0,TB,18.0,156.6,25.8,0,0.0
00-0039918,Caleb Williams,CHI,2025,18,212.0,33,1.0,DET,24.0,232.4,35.0,0,0.0
00-0036442,Joe Burrow,CIN,2025,18,236.0,39,0.99,CLE,4.0,276.8,36.8,0,0.0
00-0040668,Shedeur Sanders,CLE,2025,18,111.0,22,1.0,CIN,22.0,206.6,30.8,0,0.0
00-0039732,Bo Nix,DEN,2025,18,141.0,23,1.0,LAC,11.0,273.8,40.4,0,0.0
00-0033106,Jared Goff,DET,2025,18,331.0,42,1.0,CHI,14.0,292.8,36.8,0,0.0
00-0039163,C.J. Stroud,HOU,2025,18,169.0,23,0.65,IND,27.0,234.0,31.6,0,0.0
00-0040206,Riley Leonard,IND,2025,18,270.0,34,1.0,HOU,10.0,145.0,29.0,0,0.0
00-0036971,Trevor Lawrence,JAX,2025,18,255.0,30,0.82,TEN,26.0,269.0,32.4,0,0.0
00-0037012,Trey Lance,LAC,2025,18,136.0,44,1.0,DEN,9.0,204.0,31.0,0,0.0
00-0038579,Aidan O'Connell,LV,2025,18,102.0,22,0.82,KC,15.0,231.4,32.2,0,0.0
00-0040234,Quinn Ewers,MIA,2025,18,137.0,23,0.95,NE,2.0,216.0,26.0,0,
00-0039923,J.J. McCarthy,MIN,2025,18,182.0,23,0.64,GB,13.0,179.6,28.0,0,0.0
00-0039851,Drake Maye,NE,2025,18,191.0,18,0.76,MIA,23.0,273.4,30.8,0,0.0
00-0040743,Tyler Shough,NO,2025,18,259.0,35,1.0,ATL,16.0,259.2,33.2,0,1.0
00-0040691,Jaxson Dart,NYG,2025,18,230.0,32,1.0,DAL,25.0,205.0,30.4,0,1.0
00-0040398,Brady Cook,NYJ,2025,18,60.0,22,1.0,BUF,3.0,169.75,32.75,0,0.0
00-0038400,Tanner McKee,PHI,2025,18,241.0,40,1.0,WAS,20.0,269.0,41.0,0,0.0
00-0023459,Aaron Rodgers,PIT,2025,18,294.0,47,1.0,BAL,28.0,211.8,32.4,0,0.0
00-0034869,Sam Darnold,SEA,2025,18,198.0,26,1.0,SF,12.0,213.0,30.6,0,0.0
00-0037834,Brock Purdy,SF,2025,18,127.0,27,1.0,SEA,1.0,250.8,31.6,0,0.0
00-0034855,Baker Mayfield,TB,2025,18,203.0,22,1.0,CAR,6.0,216.8,32.4,0,0.0
00-0032434,Brandon Allen,TEN,2025,18,72.0,30,0.91,JAX,7.0,199.0,29.0,0,0.0
00-0026300,Josh Johnson,WAS,2025,18,131.0,22,1.0,PHI,8.0,198.0,23.0,0,0.0
00-0034857,Josh Allen,BUF,2025,19,273.0,35,1.0,JAX,4.0,191.8,26.6,0,0.0
00-0039150,Bryce Young,CAR,2025,19,264.0,40,1.0,LA,9.0,176.0,27.0,0,0.0
00-0039918,Caleb Williams,CHI,2025,19,361.0,48,1.0,GB,5.0,244.0,34.4,0,0.0
00-0036264,Jordan Love,GB,2025,19,323.0,46,1.0,CHI,11.0,211.4,28.0,0,0.0
00-0039163,C.J. Stroud,HOU,2025,19,250.0,32,1.0,PIT,10.0,212.6,29.2,0,0.0
00-0036971,Trevor Lawrence,JAX,2025,19,207.0,30,1.0,BUF,2.0,274.2,33.0,0,0.0
00-0036355,Justin Herbert,LAC,2025,19,159.0,31,1.0,NE,3.0,207.2,27.2,0,0.0
00-0039851,Drake Maye,NE,2025,19,268.0,29,1.0,LAC,6.0,252.8,27.4,0,0.0
00-0036389,Jalen Hurts,PHI,2025,19,168.0,35,1.0,SF,8.0,188.0,29.2,0,0.0
00-0023459,Aaron Rodgers,PIT,2025,19,146.0,33,0.89,HOU,7.0,247.2,37.6,0,0.0
00-0037834,Brock Purdy,SF,2025,19,262.0,31,1.0,PHI,1.0,237.6,30.6,0,0.0
00-0034857,Josh Allen,BUF,2025,20,283.0,39,1.0,DEN,4.0,221.8,29.0,0,0.0
00-0039918,Caleb Williams,CHI,2025,20,257.0,42,1.0,LA,7.0,279.0,37.0,0,0.0
00-0039732,Bo Nix,DEN,2025,20,279.0,46,1.0,BUF,2.0,237.8,36.0,0,0.0
00-0039163,C.J. Stroud,HOU,2025,20,212.0,47,1.0,NE,3.0,222.0,29.4,0,1.0
00-0039851,Drake Maye,NE,2025,20,179.0,27,1.0,HOU,5.0,250.0,27.0,0,0.0
00-0034869,Sam Darnold,SEA,2025,20,124.0,17,0.89,SF,6.0,227.0,30.6,1,0.0
00-0037834,Brock Purdy,SF,2025,20,140.0,27,0.85,SEA,1.0,256.4,31.0,0,0.0
00-0035264,Jarrett Stidham,DEN,2025,21,133.0,31,1.0,NE,1.0,270.0,34.0,0,0.0
00-0039851,Drake Maye,NE,2025,21,86.0,21,1.0,DEN,2.0,254.8,27.8,0,0.0
00-0034869,Sam Darnold,SEA,2025,21,346.0,36,1.0,LA,3.0,202.0,28.0,0,0.0
00-0039851,Drake Maye,NE,2025,22,295.0,43,1.0,SEA,1.0,196.0,23.2,0,0.0
00-0034869,Sam Darnold,SEA,2025,22,202.0,38,1.0,NE,2.0,217.0,28.0,0,0.0
