rb_id,player_name,team,season,week,rushing_yards,attempts,offense_pct,opponent,opponent_rush_defense_rank,rb_rush_yards_last5,rb_rush_attempts_last5,rb_injury_status,is_dome,rest_advantage,spread_line,total_line
00-0032063,Mike Davis,ATL,2021,1,49.0,15,0.75,PHI,,,,0,0,0,3.5,49.0
00-0035250,Devin Singletary,BUF,2021,1,72.0,11,0.75,PIT,,,,0,0,0,6.5,48.0
00-0033280,Christian McCaffrey,CAR,2021,1,98.0,21,0.89,NYJ,,,,0,0,0,3.5,44.5
00-0033897,Joe Mixon,CIN,2021,1,127.0,29,0.78,MIN,,,,0,0,0,-3.0,47.0
00-0033045,Ezekiel Elliott,DAL,2021,1,33.0,11,0.83,TB,,,,0,0,0,-10.0,52.5
00-0036275,D'Andre Swift,DET,2021,1,39.0,11,0.68,SF,,,,0,1,0,-9.5,46.0
00-0035831,James Robinson,JAX,2021,1,25.0,5,0.63,HOU,,,,0,1,0,3.5,45.5
00-0036360,Clyde Edwards-Helaire,KC,2021,1,43.0,14,0.72,CLE,,,,0,0,0,5.5,54.5
00-0035664,Darrell Henderson,LA,2021,1,70.0,16,0.94,CHI,,,,0,1,0,9.5,46.0
00-0033893,Dalvin Cook,MIN,2021,1,61.0,20,0.71,CIN,,,,0,0,0,3.0,47.0
00-0033906,Alvin Kamara,NO,2021,1,83.0,20,0.73,GB,,,,0,0,0,-4.0,49.0
00-0035243,Miles Sanders,PHI,2021,1,74.0,15,0.66,ATL,,,,0,0,0,-3.5,49.0
00-0036893,Najee Harris,PIT,2021,1,45.0,16,1.0,BUF,,,,0,0,0,-6.5,48.0
00-0033594,Chris Carson,SEA,2021,1,91.0,16,0.78,IND,,,,0,1,0,3.0,49.0
00-0036567,Elijah Mitchell,SF,2021,1,104.0,19,0.64,DET,,,,0,1,0,9.5,46.0
00-0033856,Leonard Fournette,TB,2021,1,32.0,9,0.65,DAL,,,,0,0,0,10.0,52.5
00-0032764,Derrick Henry,TEN,2021,1,58.0,17,0.63,ARI,,,,0,0,0,2.5,54.0
00-0036328,Antonio Gibson,WAS,2021,1,90.0,20,0.65,LAC,,,,0,0,0,2.5,45.5
00-0034681,Chase Edmonds,ARI,2021,2,46.0,8,0.64,MIN,14.0,,,0,1,0,4.0,51.0
00-0032063,Mike Davis,ATL,2021,2,38.0,9,0.64,TB,2.0,49.0,15.0,0,0,-3,-13.5,52.0
00-0035250,Devin Singletary,BUF,2021,2,82.0,13,0.66,MIA,,72.0,11.0,0,0,0,3.5,48.0
00-0033280,Christian McCaffrey,CAR,2021,2,72.0,24,0.71,NO,,98.0,21.0,0,0,0,-3.0,45.0
00-0035685,David Montgomery,CHI,2021,2,61.0,20,0.8,CIN,7.0,,,0,0,0,2.0,44.5
00-0033897,Joe Mixon,CIN,2021,2,69.0,20,0.84,CHI,8.0,127.0,29.0,0,0,0,-2.0,44.5
00-0033045,Ezekiel Elliott,DAL,2021,2,71.0,16,0.71,LAC,11.0,33.0,11.0,0,1,3,-3.0,55.0
00-0036275,D'Andre Swift,DET,2021,2,37.0,8,0.63,GB,10.0,39.0,11.0,1,0,0,-11.5,49.5
00-0033293,Aaron Jones,GB,2021,2,67.0,17,0.69,DET,13.0,,,0,0,0,11.5,49.5
00-0035831,James Robinson,JAX,2021,2,47.0,11,0.73,DEN,,25.0,5.0,0,0,0,-6.0,45.0
00-0036360,Clyde Edwards-Helaire,KC,2021,2,46.0,13,0.65,BAL,,43.0,14.0,0,0,1,3.5,53.5
00-0035664,Darrell Henderson,LA,2021,2,53.0,13,0.68,IND,12.0,70.0,16.0,0,1,0,4.0,48.0
00-0033699,Austin Ekeler,LAC,2021,2,54.0,9,0.63,DAL,1.0,,,0,1,-3,3.0,55.0
00-0033118,Kenyan Drake,LV,2021,2,9.0,7,0.71,PIT,9.0,,,0,0,-1,-5.5,46.5
00-0035311,Myles Gaskin,MIA,2021,2,25.0,5,0.61,BUF,4.0,,,0,0,0,-3.5,48.0
00-0033893,Dalvin Cook,MIN,2021,2,131.0,22,0.77,ARI,6.0,61.0,20.0,0,1,0,-4.0,51.0
00-0033906,Alvin Kamara,NO,2021,2,5.0,8,0.84,CAR,,83.0,20.0,0,0,0,3.0,45.0
00-0034844,Saquon Barkley,NYG,2021,2,57.0,13,0.84,WAS,,,,1,0,0,-4.0,42.0
00-0035243,Miles Sanders,PHI,2021,2,55.0,13,0.67,SF,3.0,74.0,15.0,0,0,0,-3.0,49.0
00-0036893,Najee Harris,PIT,2021,2,38.0,10,0.95,LV,,45.0,16.0,0,0,1,5.5,46.5
00-0033594,Chris Carson,SEA,2021,2,31.0,13,0.63,TEN,,91.0,16.0,0,0,0,6.5,53.5
00-0036567,Elijah Mitchell,SF,2021,2,42.0,17,0.61,PHI,5.0,104.0,19.0,0,0,0,3.0,49.0
00-0032764,Derrick Henry,TEN,2021,2,182.0,35,0.76,SEA,,58.0,17.0,0,0,0,-6.5,53.5
00-0036328,Antonio Gibson,WAS,2021,2,69.0,13,0.61,NYG,,90.0,20.0,0,0,0,4.0,42.0
00-0034681,Chase Edmonds,ARI,2021,3,26.0,11,0.66,JAX,,46.0,8.0,0,0,0,8.0,51.5
00-0032063,Mike Davis,ATL,2021,3,50.0,12,0.6,NYG,8.0,43.5,12.0,0,0,-3,-3.0,48.0
00-0035685,David Montgomery,CHI,2021,3,34.0,10,0.82,CLE,3.0,61.0,20.0,0,0,0,-7.5,45.0
00-0033897,Joe Mixon,CIN,2021,3,90.0,18,0.74,PIT,2.0,98.0,24.5,0,0,0,-2.5,42.5
00-0033045,Ezekiel Elliott,DAL,2021,3,95.0,17,0.7,PHI,5.0,52.0,13.5,0,0,0,3.5,51.5
00-0033293,Aaron Jones,GB,2021,3,82.0,19,0.73,SF,6.0,67.0,17.0,0,0,-1,-3.5,50.5
00-0036360,Clyde Edwards-Helaire,KC,2021,3,100.0,17,0.62,LAC,11.0,44.5,13.5,0,0,0,6.5,55.0
00-0034845,Sony Michel,LA,2021,3,67.0,20,0.74,TB,1.0,,,0,1,0,-1.0,55.0
00-0033699,Austin Ekeler,LAC,2021,3,55.0,11,0.74,KC,,54.0,9.0,0,0,0,-6.5,55.0
00-0034972,Alexander Mattison,MIN,2021,3,112.0,26,0.68,SEA,12.0,,,0,1,0,-2.0,53.5
00-0033906,Alvin Kamara,NO,2021,3,89.0,24,0.84,NE,,44.0,14.0,0,0,0,-3.0,44.0
00-0034844,Saquon Barkley,NYG,2021,3,51.0,16,0.86,ATL,10.0,57.0,13.0,0,0,3,3.0,48.0
00-0035243,Miles Sanders,PHI,2021,3,27.0,2,0.6,DAL,3.0,64.5,14.0,0,0,0,-3.5,51.5
00-0036893,Najee Harris,PIT,2021,3,40.0,14,0.95,CIN,7.0,41.5,13.0,0,0,0,2.5,42.5
00-0032764,Derrick Henry,TEN,2021,3,113.0,28,0.72,IND,9.0,120.0,26.0,0,0,0,4.5,47.0
00-0034681,Chase Edmonds,ARI,2021,4,120.0,12,0.67,LA,,36.0,9.5,0,1,0,-3.5,53.5
00-0032063,Mike Davis,ATL,2021,4,14.0,13,0.67,WAS,8.0,45.666666666666664,12.0,0,0,0,-1.0,47.5
00-0030513,Latavius Murray,BAL,2021,4,59.0,18,0.62,DEN,5.0,,,0,0,0,-1.0,44.0
00-0035685,David Montgomery,CHI,2021,4,106.0,23,0.62,DET,14.0,47.5,15.0,0,0,0,3.0,42.0
00-0033897,Joe Mixon,CIN,2021,4,67.0,16,0.69,JAX,2.0,95.33333333333333,22.333333333333332,0,0,0,7.5,46.0
00-0033045,Ezekiel Elliott,DAL,2021,4,143.0,20,0.75,CAR,1.0,66.33333333333333,14.666666666666666,0,1,-4,4.5,51.5
00-0036275,D'Andre Swift,DET,2021,4,16.0,8,0.73,CHI,12.0,38.0,9.5,1,0,0,-3.0,42.0
00-0033293,Aaron Jones,GB,2021,4,48.0,15,0.63,PIT,8.0,74.5,18.0,0,0,0,6.5,45.0
00-0035831,James Robinson,JAX,2021,4,78.0,18,0.95,CIN,6.0,36.0,8.0,0,0,0,-7.5,46.0
00-0035664,Darrell Henderson,LA,2021,4,89.0,14,0.9,ARI,18.0,61.5,14.5,1,1,0,3.5,53.5
00-0033699,Austin Ekeler,LAC,2021,4,117.0,15,0.6,LV,3.0,54.5,10.0,0,1,0,3.0,52.0
00-0035700,Josh Jacobs,LV,2021,4,40.0,13,0.63,LAC,16.0,,,1,1,0,-3.0,52.0
00-0031806,Malcolm Brown,MIA,2021,4,23.0,8,0.67,IND,15.0,,,0,0,0,2.5,41.5
00-0035657,Damien Harris,NE,2021,4,-4.0,4,0.61,TB,4.0,,,0,0,0,-6.0,49.5
00-0033906,Alvin Kamara,NO,2021,4,120.0,26,0.87,NYG,10.0,59.0,17.333333333333332,0,1,0,7.5,43.0
00-0034844,Saquon Barkley,NYG,2021,4,52.0,13,0.89,NO,13.0,54.0,14.5,0,1,0,-7.5,43.0
00-0035243,Miles Sanders,PHI,2021,4,13.0,7,0.64,KC,7.0,52.0,10.0,0,0,-1,-7.5,53.5
00-0036893,Najee Harris,PIT,2021,4,62.0,15,0.8,GB,11.0,41.0,13.333333333333334,0,0,0,-6.5,45.0
00-0033856,Leonard Fournette,TB,2021,4,92.0,20,0.82,NE,17.0,32.0,9.0,0,0,0,6.0,49.5
00-0034681,Chase Edmonds,ARI,2021,5,15.0,6,0.61,SF,11.0,64.0,10.333333333333334,1,1,0,6.0,48.5
00-0032063,Mike Davis,ATL,2021,5,53.0,13,0.64,NYJ,21.0,37.75,12.25,0,0,0,3.0,45.5
00-0036251,Zack Moss,BUF,2021,5,37.0,11,0.74,KC,3.0,,,0,0,0,-2.5,57.0
00-0036555,Chuba Hubbard,CAR,2021,5,101.0,24,0.65,PHI,14.0,,,0,0,0,2.5,46.0
00-0033526,Samaje Perine,CIN,2021,5,59.0,11,0.61,GB,13.0,,,0,0,3,-2.0,50.0
00-0033045,Ezekiel Elliott,DAL,2021,5,110.0,21,0.6,NYG,16.0,85.5,16.0,1,1,0,7.5,53.0
00-0032144,Melvin Gordon,DEN,2021,5,34.0,9,0.6,PIT,10.0,,,1,0,0,2.0,40.0
00-0036275,D'Andre Swift,DET,2021,5,51.0,11,0.74,MIN,18.0,30.666666666666668,9.0,1,1,0,-10.0,49.5
00-0033293,Aaron Jones,GB,2021,5,103.0,14,0.69,CIN,12.0,65.66666666666667,17.0,0,0,-3,2.0,50.0
00-0035831,James Robinson,JAX,2021,5,149.0,18,0.68,TEN,1.0,50.0,11.333333333333334,0,0,3,-4.0,49.0
00-0035664,Darrell Henderson,LA,2021,5,82.0,17,0.66,SEA,23.0,70.66666666666667,14.333333333333334,0,0,0,2.5,53.5
00-0033699,Austin Ekeler,LAC,2021,5,66.0,17,0.71,CLE,6.0,75.33333333333333,11.666666666666666,0,1,-1,2.5,46.5
00-0035700,Josh Jacobs,LV,2021,5,48.0,15,0.69,CHI,8.0,40.0,13.0,0,1,-1,5.5,46.0
00-0035311,Myles Gaskin,MIA,2021,5,25.0,5,0.69,TB,2.0,25.0,5.0,0,0,0,-11.0,48.0
00-0034972,Alexander Mattison,MIN,2021,5,113.0,25,0.66,DET,19.0,112.0,26.0,0,1,0,10.0,49.5
00-0033906,Alvin Kamara,NO,2021,5,71.0,16,0.88,WAS,4.0,74.25,19.5,0,0,0,2.5,43.5
00-0032972,Devontae Booker,NYG,2021,5,42.0,16,0.88,DAL,5.0,,,0,1,0,-7.5,53.0
00-0035243,Miles Sanders,PHI,2021,5,45.0,11,0.75,CAR,15.0,42.25,9.25,0,0,0,-2.5,46.0
00-0036893,Najee Harris,PIT,2021,5,122.0,23,0.65,DEN,9.0,46.25,13.75,0,0,0,-2.0,40.0
00-0032426,Alex Collins,SEA,2021,5,47.0,15,0.71,LA,22.0,,,0,0,0,-2.5,53.5
00-0036567,Elijah Mitchell,SF,2021,5,43.0,9,0.68,ARI,20.0,73.0,18.0,0,1,0,-6.0,48.5
00-0033856,Leonard Fournette,TB,2021,5,67.0,12,0.62,MIA,17.0,62.0,14.5,0,0,0,11.0,48.0
00-0032764,Derrick Henry,TEN,2021,5,130.0,29,0.77,JAX,7.0,117.66666666666667,26.666666666666668,0,0,-3,4.0,49.0
00-0036555,Chuba Hubbard,CAR,2021,6,61.0,16,0.65,MIN,13.0,101.0,24.0,0,0,0,-2.5,45.5
00-0036906,Khalil Herbert,CHI,2021,6,97.0,19,0.89,GB,8.0,,,0,0,0,-5.5,44.0
00-0033897,Joe Mixon,CIN,2021,6,94.0,18,0.63,DET,19.0,88.25,20.75,1,1,0,3.5,46.5
00-0033923,Kareem Hunt,CLE,2021,6,66.0,14,0.69,ARI,15.0,,,1,0,0,3.0,48.0
00-0033045,Ezekiel Elliott,DAL,2021,6,69.0,17,0.71,NE,18.0,90.4,17.0,1,0,0,3.5,50.5
00-0036275,D'Andre Swift,DET,2021,6,24.0,13,0.78,CIN,10.0,35.75,9.5,1,1,0,-3.5,46.5
00-0036223,Jonathan Taylor,IND,2021,6,145.0,14,0.65,HOU,1.0,,,0,0,-1,10.5,43.5
00-0035831,James Robinson,JAX,2021,6,73.0,17,0.85,MIA,12.0,74.75,13.0,0,0,0,-2.5,47.5
00-0034301,Darrel Williams,KC,2021,6,62.0,21,0.72,WAS,6.0,,,0,0,0,6.0,54.0
00-0035664,Darrell Henderson,LA,2021,6,78.0,21,0.82,NYG,17.0,73.5,15.0,0,0,3,7.5,49.5
00-0033699,Austin Ekeler,LAC,2021,6,7.0,6,0.61,BAL,5.0,73.0,13.0,0,0,1,-3.0,50.5
00-0035700,Josh Jacobs,LV,2021,6,53.0,16,0.64,DEN,14.0,44.0,14.0,0,0,0,-5.0,45.5
00-0033893,Dalvin Cook,MIN,2021,6,140.0,29,0.74,CAR,9.0,96.0,21.0,0,0,0,2.5,45.5
00-0032972,Devontae Booker,NYG,2021,6,41.0,12,0.72,LA,16.0,42.0,16.0,0,0,-3,-7.5,49.5
00-0035243,Miles Sanders,PHI,2021,6,56.0,9,0.83,TB,2.0,42.8,9.6,0,0,0,-7.0,53.0
00-0036893,Najee Harris,PIT,2021,6,81.0,24,0.84,SEA,20.0,61.4,15.6,0,0,-3,5.5,43.0
00-0032426,Alex Collins,SEA,2021,6,101.0,20,0.6,PIT,7.0,47.0,15.0,0,0,3,-5.5,43.0
00-0033856,Leonard Fournette,TB,2021,6,81.0,22,0.63,PHI,11.0,63.666666666666664,13.666666666666666,0,0,0,7.0,53.0
00-0032764,Derrick Henry,TEN,2021,6,143.0,20,0.81,BUF,3.0,120.75,27.25,0,0,0,-6.0,53.5
00-0032602,J.D. McKissic,WAS,2021,6,45.0,8,0.61,KC,3.0,,,0,0,0,-6.0,54.0
00-0034681,Chase Edmonds,ARI,2021,7,81.0,15,0.69,HOU,13.0,51.75,9.25,0,1,0,20.5,47.0
00-0030578,Cordarrelle Patterson,ATL,2021,7,60.0,14,0.73,MIA,10.0,,,0,0,7,1.5,48.5
00-0032063,Mike Davis,ATL,2021,7,10.0,4,0.6,MIA,10.0,40.8,12.4,0,0,7,1.5,48.5
00-0036906,Khalil Herbert,CHI,2021,7,100.0,18,0.77,TB,1.0,97.0,19.0,0,0,-3,-12.5,47.0
00-0035628,D'Ernest Johnson,CLE,2021,7,146.0,22,0.69,DEN,9.0,,,0,0,0,2.0,40.5
00-0036275,D'Andre Swift,DET,2021,7,48.0,13,0.75,LA,7.0,33.4,10.2,1,1,0,-17.0,51.0
00-0033293,Aaron Jones,GB,2021,7,19.0,6,0.73,WAS,4.0,75.0,16.25,0,0,0,8.5,48.0
00-0036223,Jonathan Taylor,IND,2021,7,107.0,18,0.69,SF,3.0,145.0,14.0,0,0,-7,-3.5,41.5
00-0034301,Darrel Williams,KC,2021,7,20.0,5,0.64,TEN,14.0,62.0,21.0,0,0,1,4.0,57.5
00-0035664,Darrell Henderson,LA,2021,7,45.0,15,0.88,DET,15.0,74.4,16.2,0,1,0,17.0,51.0
00-0035311,Myles Gaskin,MIA,2021,7,67.0,15,0.63,ATL,5.0,25.0,5.0,0,0,-7,-1.5,48.5
00-0033906,Alvin Kamara,NO,2021,7,51.0,20,0.82,SEA,16.0,73.6,18.8,0,0,7,6.0,42.0
00-0032972,Devontae Booker,NYG,2021,7,51.0,14,0.82,CAR,11.0,41.5,14.0,0,0,0,-3.0,42.5
00-0036924,Michael Carter,NYJ,2021,7,37.0,11,0.72,NE,12.0,,,0,0,7,-7.0,43.0
00-0036567,Elijah Mitchell,SF,2021,7,107.0,18,0.66,IND,8.0,63.0,15.0,0,0,7,3.5,41.5
00-0032764,Derrick Henry,TEN,2021,7,86.0,29,0.74,KC,2.0,125.2,25.8,0,0,-1,-4.0,57.5
00-0032602,J.D. McKissic,WAS,2021,7,22.0,4,0.64,GB,6.0,45.0,8.0,0,0,0,-8.5,48.0
00-0030578,Cordarrelle Patterson,ATL,2021,8,35.0,9,0.6,CAR,15.0,60.0,14.0,0,0,0,2.5,47.0
00-0032063,Mike Davis,ATL,2021,8,44.0,9,0.64,CAR,15.0,33.0,10.2,0,0,0,2.5,47.0
00-0036251,Zack Moss,BUF,2021,8,19.0,8,0.64,MIA,12.0,37.0,11.0,0,0,6,15.0,48.5
00-0036906,Khalil Herbert,CHI,2021,8,72.0,23,0.84,SF,6.0,98.5,18.5,0,0,0,-4.5,40.0
00-0033897,Joe Mixon,CIN,2021,8,33.0,14,0.76,NYJ,14.0,89.4,20.2,0,0,0,11.5,43.5
00-0033045,Ezekiel Elliott,DAL,2021,8,50.0,16,0.75,MIN,10.0,97.6,18.2,0,1,0,-4.5,49.5
00-0036275,D'Andre Swift,DET,2021,8,27.0,12,0.71,PHI,13.0,35.2,10.6,1,1,0,-3.0,48.5
00-0033293,Aaron Jones,GB,2021,8,59.0,15,0.66,ARI,16.0,63.8,14.2,0,0,0,-6.5,51.0
00-0036223,Jonathan Taylor,IND,2021,8,70.0,16,0.74,TEN,9.0,126.0,16.0,0,0,0,3.0,51.0
00-0031045,Carlos Hyde,JAX,2021,8,32.0,9,0.66,SEA,20.0,,,0,0,8,-4.0,44.0
00-0034301,Darrel Williams,KC,2021,8,49.0,13,0.64,NYG,19.0,41.0,13.0,0,0,0,10.5,53.0
00-0035664,Darrell Henderson,LA,2021,8,90.0,14,0.61,HOU,18.0,69.4,16.0,0,1,0,17.0,47.0
00-0033699,Austin Ekeler,LAC,2021,8,64.0,11,0.75,NE,11.0,59.8,11.6,1,1,7,3.5,50.5
00-0033893,Dalvin Cook,MIN,2021,8,78.0,18,0.71,DAL,1.0,110.66666666666667,23.666666666666668,0,1,0,4.5,49.5
00-0033906,Alvin Kamara,NO,2021,8,61.0,19,0.67,TB,4.0,67.2,18.8,0,1,-1,-4.0,48.5
00-0032972,Devontae Booker,NYG,2021,8,60.0,15,0.93,KC,2.0,44.666666666666664,14.0,0,0,0,-10.5,53.0
00-0036924,Michael Carter,NYJ,2021,8,77.0,15,0.7,CIN,7.0,37.0,11.0,0,0,0,-11.5,43.5
00-0036893,Najee Harris,PIT,2021,8,91.0,26,0.84,CLE,3.0,68.6,17.2,0,0,4,-5.5,43.0
00-0036567,Elijah Mitchell,SF,2021,8,137.0,18,0.64,CHI,5.0,74.0,15.75,0,0,0,4.5,40.0
00-0033856,Leonard Fournette,TB,2021,8,26.0,8,0.61,NO,8.0,68.0,15.75,0,1,1,4.0,48.5
00-0032764,Derrick Henry,TEN,2021,8,68.0,28,0.74,IND,16.0,130.8,28.2,0,0,0,-3.0,51.0
00-0033553,James Conner,ARI,2021,9,96.0,21,0.77,SF,7.0,,,0,0,3,-5.5,44.5
00-0035250,Devin Singletary,BUF,2021,9,16.0,6,0.72,JAX,12.0,77.0,12.0,0,0,0,14.5,48.0
00-0035685,David Montgomery,CHI,2021,9,63.0,13,0.85,PIT,3.0,67.0,17.666666666666668,0,0,0,-7.0,40.0
00-0033897,Joe Mixon,CIN,2021,9,64.0,13,0.63,CLE,4.0,70.6,17.2,0,0,0,2.5,47.5
00-0033293,Aaron Jones,GB,2021,9,53.0,12,0.63,KC,2.0,62.2,13.8,0,0,4,-7.0,48.0
00-0036223,Jonathan Taylor,IND,2021,9,172.0,19,0.69,NYJ,5.0,107.33333333333333,16.0,0,1,0,10.5,46.0
00-0031045,Carlos Hyde,JAX,2021,9,67.0,21,0.79,BUF,11.0,32.0,9.0,0,0,0,-14.5,48.0
00-0035664,Darrell Henderson,LA,2021,9,55.0,11,0.6,TEN,8.0,76.8,16.2,0,1,0,7.0,53.5
00-0033699,Austin Ekeler,LAC,2021,9,59.0,17,0.67,PHI,10.0,61.8,12.0,0,0,0,1.0,49.5
00-0035311,Myles Gaskin,MIA,2021,9,34.0,20,0.72,HOU,15.0,39.0,8.333333333333334,0,0,0,4.0,45.0
00-0033893,Dalvin Cook,MIN,2021,9,110.0,17,0.8,BAL,1.0,102.5,22.25,0,0,-7,-7.5,51.0
00-0033906,Alvin Kamara,NO,2021,9,50.0,13,0.68,ATL,6.0,78.4,21.0,0,1,0,7.0,43.0
00-0032972,Devontae Booker,NYG,2021,9,99.0,21,0.73,LV,13.0,48.5,14.25,0,0,-8,-3.0,47.0
00-0036893,Najee Harris,PIT,2021,9,62.0,22,0.82,CHI,9.0,79.2,20.4,0,0,0,7.0,40.0
00-0036567,Elijah Mitchell,SF,2021,9,36.0,8,0.66,ARI,14.0,86.6,16.2,1,0,-3,5.5,44.5
00-0033553,James Conner,ARI,2021,10,39.0,10,0.82,CAR,12.0,96.0,21.0,0,1,0,7.0,42.0
00-0035628,D'Ernest Johnson,CLE,2021,10,99.0,19,0.88,NE,8.0,146.0,22.0,0,0,0,-2.5,45.5
00-0036275,D'Andre Swift,DET,2021,10,130.0,33,0.93,PIT,7.0,33.2,11.4,0,0,8,-9.0,43.0
00-0036223,Jonathan Taylor,IND,2021,10,116.0,21,0.84,JAX,4.0,123.5,16.75,0,1,3,10.5,47.5
00-0035664,Darrell Henderson,LA,2021,10,31.0,5,0.75,SF,9.0,70.0,15.6,0,0,0,3.5,50.0
00-0033699,Austin Ekeler,LAC,2021,10,44.0,11,0.71,MIN,6.0,62.6,13.2,0,1,0,3.0,53.5
00-0035311,Myles Gaskin,MIA,2021,10,31.0,14,0.61,BAL,3.0,37.75,11.25,0,0,0,-8.5,46.5
00-0033893,Dalvin Cook,MIN,2021,10,94.0,24,0.82,LAC,10.0,104.0,21.2,0,1,0,-3.0,53.5
00-0027966,Mark Ingram,NO,2021,10,47.0,14,0.85,TEN,5.0,,,0,0,0,-3.0,44.0
00-0036893,Najee Harris,PIT,2021,10,105.0,26,0.87,DET,11.0,83.6,22.0,0,0,-8,9.0,43.0
00-0033856,Leonard Fournette,TB,2021,10,47.0,11,0.65,WAS,1.0,59.6,14.2,0,0,0,10.0,51.0
00-0036328,Antonio Gibson,WAS,2021,10,64.0,24,0.63,TB,2.0,79.5,16.5,0,0,0,-10.0,51.0
00-0033553,James Conner,ARI,2021,11,62.0,21,0.82,SEA,11.0,67.5,15.5,0,0,0,-2.5,46.0
00-0033280,Christian McCaffrey,CAR,2021,11,59.0,10,0.9,WAS,1.0,85.0,22.5,0,0,0,3.5,43.0
00-0035685,David Montgomery,CHI,2021,11,58.0,14,0.95,BAL,2.0,66.0,16.5,0,0,3,-5.0,43.0
00-0033897,Joe Mixon,CIN,2021,11,123.0,30,0.72,LV,16.0,69.6,15.8,0,1,7,1.0,50.5
00-0033045,Ezekiel Elliott,DAL,2021,11,32.0,9,0.69,KC,5.0,93.4,18.2,0,0,0,-2.5,56.0
00-0036275,D'Andre Swift,DET,2021,11,136.0,14,0.73,CLE,6.0,56.0,16.4,0,0,0,-13.0,42.5
00-0036265,A.J. Dillon,GB,2021,11,53.0,11,0.75,MIN,3.0,,,0,1,0,1.0,48.0
00-0036223,Jonathan Taylor,IND,2021,11,185.0,32,0.83,BUF,10.0,122.0,17.6,0,0,0,-7.5,49.5
00-0035831,James Robinson,JAX,2021,11,29.0,12,0.63,SF,8.0,74.4,13.8,1,0,1,-6.5,45.0
00-0033699,Austin Ekeler,LAC,2021,11,50.0,11,0.7,PIT,14.0,48.0,12.4,0,1,0,5.5,47.5
00-0035700,Josh Jacobs,LV,2021,11,37.0,9,0.66,CIN,9.0,47.0,14.666666666666666,0,1,-7,-1.0,50.5
00-0035311,Myles Gaskin,MIA,2021,11,89.0,23,0.74,NYJ,17.0,36.4,11.8,0,0,3,3.5,44.5
00-0033893,Dalvin Cook,MIN,2021,11,86.0,22,0.76,GB,4.0,110.6,22.0,0,1,0,-1.0,48.0
00-0027966,Mark Ingram,NO,2021,11,88.0,16,0.72,PHI,12.0,47.0,14.0,0,0,0,-2.5,42.5
00-0034844,Saquon Barkley,NYG,2021,11,25.0,6,0.62,TB,7.0,53.333333333333336,14.0,1,0,7,-11.5,49.5
00-0036893,Najee Harris,PIT,2021,11,39.0,12,0.75,LAC,15.0,92.2,24.2,0,1,0,-5.5,47.5
00-0034253,Dontrell Hilliard,TEN,2021,11,35.0,7,0.63,HOU,13.0,,,0,0,-7,10.5,44.5
00-0035250,Devin Singletary,BUF,2021,12,44.0,15,0.68,NO,2.0,56.666666666666664,10.0,0,1,0,7.0,45.0
00-0035685,David Montgomery,CHI,2021,12,46.0,17,0.84,DET,14.0,64.4,16.0,0,1,0,2.0,41.5
00-0033897,Joe Mixon,CIN,2021,12,165.0,28,0.72,PIT,11.0,76.2,18.2,0,0,0,3.5,43.5
00-0033045,Ezekiel Elliott,DAL,2021,12,25.0,9,0.64,LV,15.0,80.8,16.6,0,1,0,7.0,51.0
00-0033948,Jamaal Williams,DET,2021,12,65.0,15,0.63,CHI,8.0,,,0,1,0,-2.0,41.5
00-0030288,Rex Burkhead,HOU,2021,12,27.0,12,0.61,NYJ,13.0,,,0,1,0,3.0,44.5
00-0036223,Jonathan Taylor,IND,2021,12,83.0,16,0.71,TB,5.0,130.0,21.2,0,1,1,-3.0,53.0
00-0035664,Darrell Henderson,LA,2021,12,55.0,16,0.81,GB,7.0,59.8,13.2,0,0,6,2.0,47.0
00-0033699,Austin Ekeler,LAC,2021,12,31.0,12,0.68,DEN,12.0,44.8,11.2,0,0,-7,2.5,47.5
00-0035700,Josh Jacobs,LV,2021,12,87.0,22,0.66,DAL,1.0,44.5,13.25,0,1,0,-7.0,51.0
00-0034844,Saquon Barkley,NYG,2021,12,40.0,13,0.87,PHI,9.0,46.25,12.0,1,0,-1,-4.0,45.5
00-0036425,DeeJay Dallas,SEA,2021,12,4.0,3,0.6,WAS,3.0,,,0,0,0,1.0,47.0
00-0036567,Elijah Mitchell,SF,2021,12,133.0,27,0.7,MIN,4.0,73.0,14.0,1,0,0,3.5,49.0
00-0033856,Leonard Fournette,TB,2021,12,100.0,17,0.81,IND,10.0,62.6,14.6,0,1,-1,3.0,53.0
00-0036328,Antonio Gibson,WAS,2021,12,111.0,29,0.68,SEA,6.0,74.33333333333333,19.0,0,0,0,-1.0,47.0
00-0033553,James Conner,ARI,2021,13,75.0,20,0.91,CHI,9.0,65.66666666666667,17.333333333333332,0,0,4,7.5,43.5
00-0031285,Devonta Freeman,BAL,2021,13,52.0,14,0.69,PIT,18.0,,,0,0,0,4.0,44.0
00-0035685,David Montgomery,CHI,2021,13,90.0,21,0.7,ARI,5.0,61.4,15.4,0,0,-4,-7.5,43.5
00-0033897,Joe Mixon,CIN,2021,13,54.0,19,0.66,LAC,11.0,95.8,20.6,0,0,0,2.5,49.5
00-0033045,Ezekiel Elliott,DAL,2021,13,45.0,13,0.64,NO,2.0,57.2,14.4,0,1,0,6.0,46.0
00-0036997,Javonte Williams,DEN,2021,13,102.0,23,0.78,KC,4.0,,,0,0,-7,-8.5,46.5
00-0036223,Jonathan Taylor,IND,2021,13,143.0,32,0.76,HOU,13.0,125.2,20.8,0,1,0,10.0,45.5
00-0034845,Sony Michel,LA,2021,13,121.0,24,0.97,JAX,12.0,67.0,20.0,0,1,0,14.0,48.0
00-0033699,Austin Ekeler,LAC,2021,13,59.0,14,0.73,CIN,8.0,49.6,12.4,0,0,0,-2.5,49.5
00-0035700,Josh Jacobs,LV,2021,13,52.0,13,0.85,WAS,1.0,53.0,15.0,1,1,4,1.0,47.5
00-0035311,Myles Gaskin,MIA,2021,13,44.0,15,0.64,NYG,16.0,49.2,15.4,0,0,0,6.5,40.0
00-0034972,Alexander Mattison,MIN,2021,13,90.0,22,0.86,DET,15.0,112.5,25.5,0,1,-3,7.0,47.5
00-0036875,Rhamondre Stevenson,NE,2021,13,78.0,24,0.63,BUF,17.0,,,0,0,-3,-3.0,40.0
00-0034844,Saquon Barkley,NYG,2021,13,55.0,11,0.75,MIA,7.0,45.0,12.2,0,0,0,-6.5,40.0
00-0036893,Najee Harris,PIT,2021,13,71.0,21,0.97,BAL,3.0,75.6,22.0,0,0,0,-4.0,44.0
00-0036567,Elijah Mitchell,SF,2021,13,66.0,22,0.84,SEA,10.0,91.2,16.0,0,0,1,3.0,44.5
00-0033856,Leonard Fournette,TB,2021,13,44.0,13,0.87,ATL,6.0,64.2,14.0,0,1,0,11.0,51.0
00-0036328,Antonio Gibson,WAS,2021,13,88.0,23,0.82,LV,14.0,83.5,21.5,0,1,-4,-1.0,47.5
00-0033553,James Conner,ARI,2021,14,31.0,13,0.96,LA,7.0,68.0,18.0,0,0,0,3.0,51.0
00-0031285,Devonta Freeman,BAL,2021,14,64.0,13,0.66,CLE,14.0,52.0,14.0,0,0,-7,-3.0,44.0
00-0035250,Devin Singletary,BUF,2021,14,52.0,4,0.82,TB,8.0,53.5,11.25,0,0,-1,-3.5,52.5
00-0035685,David Montgomery,CHI,2021,14,42.0,10,0.84,GB,6.0,72.6,17.6,0,0,-7,-11.5,43.0
00-0033897,Joe Mixon,CIN,2021,14,58.0,18,0.6,SF,10.0,87.8,20.8,1,0,0,-2.5,49.0
00-0034791,Nick Chubb,CLE,2021,14,59.0,17,0.66,BAL,3.0,,,0,0,7,3.0,44.0
00-0033045,Ezekiel Elliott,DAL,2021,14,45.0,12,0.64,WAS,1.0,44.2,12.8,0,0,3,6.5,48.0
00-0035831,James Robinson,JAX,2021,14,4.0,6,0.64,TEN,11.0,75.2,15.2,0,0,-7,-8.5,44.5
00-0034845,Sony Michel,LA,2021,14,79.0,20,1.0,ARI,5.0,94.0,22.0,0,0,0,-3.0,51.0
00-0035700,Josh Jacobs,LV,2021,14,24.0,9,0.75,KC,8.0,55.4,15.0,0,0,0,-10.0,48.0
00-0033893,Dalvin Cook,MIN,2021,14,205.0,27,0.77,PIT,15.0,101.6,22.0,1,1,0,3.5,45.0
00-0033906,Alvin Kamara,NO,2021,14,120.0,27,0.74,NYJ,13.0,70.6,18.8,0,0,3,4.5,42.0
00-0035537,Ty Johnson,NYJ,2021,14,17.0,6,0.73,NO,2.0,,,0,0,-3,-4.5,42.0
00-0036893,Najee Harris,PIT,2021,14,94.0,20,0.96,MIN,11.0,73.6,21.4,0,1,0,-3.5,45.0
00-0033856,Leonard Fournette,TB,2021,14,113.0,19,0.8,BUF,16.0,59.6,14.2,0,0,1,3.5,52.5
00-0036328,Antonio Gibson,WAS,2021,14,36.0,10,0.68,DAL,4.0,84.4,21.8,0,0,-3,-6.5,48.0
00-0030578,Cordarrelle Patterson,ATL,2021,15,18.0,11,0.62,SF,3.0,47.5,11.5,0,0,0,-9.5,48.0
00-0035250,Devin Singletary,BUF,2021,15,86.0,22,0.93,CAR,9.0,53.2,9.8,0,0,0,14.0,43.0
00-0035685,David Montgomery,CHI,2021,15,60.0,18,0.7,MIN,11.0,59.8,15.0,0,0,-3,-7.0,48.0
00-0034791,Nick Chubb,CLE,2021,15,91.0,23,0.66,LV,17.0,59.0,17.0,0,0,0,-3.0,41.0
00-0033045,Ezekiel Elliott,DAL,2021,15,52.0,16,0.62,NYG,14.0,39.4,11.8,0,0,0,11.5,43.0
00-0035567,Craig Reynolds,DET,2021,15,112.0,26,0.65,ARI,8.0,,,0,1,1,-13.0,48.0
00-0033293,Aaron Jones,GB,2021,15,58.0,13,0.63,BAL,7.0,56.4,12.4,0,0,0,9.5,45.5
00-0030288,Rex Burkhead,HOU,2021,15,41.0,16,0.64,JAX,16.0,27.0,12.0,1,0,0,-6.0,40.0
00-0036223,Jonathan Taylor,IND,2021,15,170.0,29,0.98,NE,10.0,139.8,24.0,0,1,1,-1.0,46.0
00-0035831,James Robinson,JAX,2021,15,75.0,18,0.84,HOU,12.0,66.6,14.2,0,0,0,6.0,40.0
00-0036360,Clyde Edwards-Helaire,KC,2021,15,32.0,9,0.71,LAC,6.0,63.0,14.666666666666666,0,1,0,3.0,54.0
00-0034845,Sony Michel,LA,2021,15,92.0,18,0.73,SEA,5.0,89.0,21.333333333333332,0,1,-1,7.5,47.0
00-0035700,Josh Jacobs,LV,2021,15,52.0,15,0.65,CLE,15.0,50.6,13.8,0,0,0,3.0,41.0
00-0033893,Dalvin Cook,MIN,2021,15,89.0,28,0.89,CHI,13.0,114.6,21.6,0,0,3,7.0,48.0
00-0033906,Alvin Kamara,NO,2021,15,18.0,11,0.61,TB,2.0,70.6,19.0,0,0,0,-11.5,45.5
00-0036893,Najee Harris,PIT,2021,15,18.0,12,1.0,TEN,1.0,74.2,20.2,0,0,3,1.0,44.0
00-0036328,Antonio Gibson,WAS,2021,15,26.0,15,0.78,PHI,4.0,73.6,19.8,0,0,-7,-10.0,39.5
00-0034681,Chase Edmonds,ARI,2021,16,56.0,16,0.92,IND,11.0,57.6,10.4,0,1,0,3.0,48.0
00-0035250,Devin Singletary,BUF,2021,16,39.0,12,0.68,NE,14.0,56.0,12.0,0,0,0,-1.0,43.5
00-0035685,David Montgomery,CHI,2021,16,45.0,21,0.78,SEA,7.0,59.2,16.0,0,0,-1,-7.0,41.0
00-0033897,Joe Mixon,CIN,2021,16,65.0,18,0.82,BAL,3.0,92.8,21.6,0,0,0,7.5,43.0
00-0034791,Nick Chubb,CLE,2021,16,126.0,17,0.6,GB,6.0,75.0,20.0,0,0,0,-7.5,46.5
00-0030288,Rex Burkhead,HOU,2021,16,149.0,22,0.62,LAC,1.0,34.0,14.0,0,1,-3,-13.5,46.0
00-0036223,Jonathan Taylor,IND,2021,16,108.0,27,0.79,ARI,8.0,139.4,26.0,0,1,0,-3.0,48.0
00-0033854,Dare Ogunbowale,JAX,2021,16,57.0,17,0.82,NYJ,15.0,,,0,0,0,-2.5,42.5
00-0034845,Sony Michel,LA,2021,16,131.0,27,0.9,MIN,10.0,89.75,20.5,0,1,1,3.5,48.5
00-0034440,Justin Jackson,LAC,2021,16,64.0,11,0.73,HOU,9.0,,,0,1,3,13.5,46.0
00-0035700,Josh Jacobs,LV,2021,16,129.0,27,0.7,DEN,11.0,50.4,13.6,0,1,0,-1.0,42.0
00-0034972,Alexander Mattison,MIN,2021,16,41.0,13,0.75,LA,5.0,105.0,24.333333333333332,0,1,-1,-3.5,48.5
00-0033906,Alvin Kamara,NO,2021,16,52.0,13,0.6,MIA,4.0,60.0,18.0,0,1,0,-3.0,37.5
00-0036924,Michael Carter,NYJ,2021,16,118.0,16,0.74,JAX,13.0,57.0,13.0,0,0,0,2.5,42.5
00-0036893,Najee Harris,PIT,2021,16,93.0,19,0.78,KC,2.0,65.4,18.2,0,0,-3,-10.5,44.0
00-0034681,Chase Edmonds,ARI,2021,17,53.0,18,0.81,DAL,5.0,59.6,12.0,0,1,1,-6.5,53.0
00-0031285,Devonta Freeman,BAL,2021,17,76.0,14,0.68,LA,1.0,58.0,13.5,0,0,0,-7.0,47.0
00-0035250,Devin Singletary,BUF,2021,17,110.0,23,0.8,ATL,6.0,47.4,11.8,0,0,0,14.0,46.5
00-0035685,David Montgomery,CHI,2021,17,64.0,22,0.68,NYG,10.0,56.6,17.4,0,0,0,7.0,36.5
00-0033897,Joe Mixon,CIN,2021,17,46.0,12,0.71,KC,8.0,93.0,22.6,0,0,0,-3.5,51.0
00-0033045,Ezekiel Elliott,DAL,2021,17,16.0,9,0.7,ARI,16.0,39.8,11.8,0,1,-1,6.5,53.0
00-0030288,Rex Burkhead,HOU,2021,17,47.0,16,0.66,SF,2.0,72.33333333333333,16.666666666666668,0,0,-3,-14.0,44.0
00-0036223,Jonathan Taylor,IND,2021,17,108.0,20,0.71,LV,17.0,137.8,27.2,0,1,1,8.5,46.5
00-0033854,Dare Ogunbowale,JAX,2021,17,36.0,9,0.66,NE,15.0,57.0,17.0,0,0,0,-17.5,42.0
00-0034301,Darrel Williams,KC,2021,17,88.0,14,0.8,CIN,7.0,43.666666666666664,13.0,0,0,0,3.5,51.0
00-0034845,Sony Michel,LA,2021,17,74.0,19,0.98,BAL,9.0,98.0,21.8,0,0,0,7.0,47.0
00-0035700,Josh Jacobs,LV,2021,17,63.0,16,0.61,IND,11.0,68.8,17.2,0,1,-1,-8.5,46.5
00-0033906,Alvin Kamara,NO,2021,17,32.0,13,0.78,CAR,13.0,60.2,16.6,0,1,-1,7.0,37.0
00-0036893,Najee Harris,PIT,2021,17,188.0,28,0.96,CLE,14.0,63.0,16.8,0,0,-1,-1.0,43.5
00-0034750,Rashaad Penny,SEA,2021,17,170.0,25,0.64,DET,12.0,,,0,0,0,8.5,41.5
00-0033925,D'Onta Foreman,TEN,2021,17,132.0,26,0.65,MIA,4.0,,,0,0,4,3.0,41.0
00-0036755,Jaret Patterson,WAS,2021,17,57.0,12,0.62,PHI,3.0,,,0,0,0,-6.5,44.5
00-0033553,James Conner,ARI,2021,18,52.0,15,0.61,SEA,8.0,60.6,17.0,1,0,0,5.5,48.0
00-0035250,Devin Singletary,BUF,2021,18,88.0,19,0.76,NYJ,14.0,66.2,15.2,0,0,0,16.0,43.0
00-0035685,David Montgomery,CHI,2021,18,72.0,20,0.6,MIN,15.0,60.2,18.4,0,1,0,-3.5,45.5
00-0035628,D'Ernest Johnson,CLE,2021,18,123.0,25,0.71,CIN,5.0,122.5,20.5,0,0,-1,6.5,38.0
00-0033045,Ezekiel Elliott,DAL,2021,18,87.0,18,0.6,PHI,4.0,36.6,11.8,0,0,0,6.5,46.0
00-0030288,Rex Burkhead,HOU,2021,18,24.0,12,0.7,TEN,2.0,66.0,16.5,0,1,0,-10.5,43.0
00-0036223,Jonathan Taylor,IND,2021,18,77.0,15,0.91,JAX,12.0,122.4,24.8,0,0,0,14.0,43.0
00-0033854,Dare Ogunbowale,JAX,2021,18,30.0,11,0.68,IND,9.0,46.5,13.0,0,0,0,-14.0,43.0
00-0034845,Sony Michel,LA,2021,18,43.0,21,0.8,SF,1.0,99.4,21.6,0,1,0,3.0,46.5
00-0033699,Austin Ekeler,LAC,2021,18,64.0,16,0.84,LV,13.0,48.6,13.0,0,1,0,3.5,48.0
00-0035700,Josh Jacobs,LV,2021,18,132.0,26,0.71,LAC,7.0,64.0,16.0,1,1,0,-3.5,48.0
00-0032257,Duke Johnson,MIA,2021,18,117.0,25,0.63,NE,11.0,,,0,0,0,-6.0,41.0
00-0033906,Alvin Kamara,NO,2021,18,146.0,30,0.78,ATL,6.0,54.4,15.4,0,1,0,4.5,40.0
00-0034844,Saquon Barkley,NYG,2021,18,30.0,11,0.6,WAS,3.0,44.6,11.8,0,0,0,-6.0,36.0
00-0034750,Rashaad Penny,SEA,2021,18,190.0,23,0.74,ARI,10.0,170.0,25.0,0,0,0,-5.5,48.0
00-0035250,Devin Singletary,BUF,2021,19,81.0,16,0.86,NE,5.0,75.0,16.0,0,0,0,4.5,43.0
00-0033897,Joe Mixon,CIN,2021,19,48.0,17,0.77,LV,3.0,77.6,19.0,0,0,0,6.0,48.5
00-0033045,Ezekiel Elliott,DAL,2021,19,31.0,12,0.63,SF,1.0,49.0,13.6,0,1,1,3.0,51.0
00-0031376,Jerick McKinnon,KC,2021,19,61.0,12,0.78,PIT,6.0,,,0,0,1,13.0,46.0
00-0035700,Josh Jacobs,LV,2021,19,83.0,13,0.68,CIN,4.0,80.0,18.6,0,0,0,-6.0,48.5
00-0036567,Elijah Mitchell,SF,2021,19,96.0,27,0.71,DAL,2.0,95.8,18.6,0,1,-1,-3.0,51.0
00-0035250,Devin Singletary,BUF,2021,20,26.0,10,1.0,KC,5.0,80.8,18.4,0,0,1,-2.5,54.0
00-0033897,Joe Mixon,CIN,2021,20,54.0,14,0.72,TEN,1.0,54.2,16.8,0,0,-6,-4.0,48.5
00-0033293,Aaron Jones,GB,2021,20,41.0,12,0.75,SF,2.0,58.4,12.0,0,0,7,5.5,47.0
00-0031376,Jerick McKinnon,KC,2021,20,24.0,10,0.7,BUF,7.0,61.0,12.0,0,0,-1,2.5,54.0
00-0036414,Cam Akers,LA,2021,20,48.0,24,0.81,TB,4.0,,,0,0,-1,-2.5,48.0
00-0036567,Elijah Mitchell,SF,2021,20,53.0,17,0.72,GB,6.0,93.6,20.4,0,0,-7,-5.5,47.0
00-0033856,Leonard Fournette,TB,2021,20,51.0,13,0.86,LA,3.0,66.0,13.6,0,0,1,2.5,48.0
00-0033897,Joe Mixon,CIN,2021,21,88.0,21,0.75,KC,1.0,54.2,15.8,0,0,1,-7.0,54.5
00-0031376,Jerick McKinnon,KC,2021,21,65.0,12,0.78,CIN,2.0,42.5,11.0,0,0,-1,7.0,54.5
00-0033897,Joe Mixon,CIN,2021,22,72.0,15,0.72,LA,1.0,60.2,16.4,0,1,0,-4.5,48.5
00-0033553,James Conner,ARI,2022,1,26.0,10,0.72,KC,4.0,51.8,15.8,0,1,0,-6.0,54.0
00-0030578,Cordarrelle Patterson,ATL,2022,1,120.0,22,0.65,NO,3.0,37.666666666666664,11.333333333333334,0,1,0,-6.0,43.5
00-0033280,Christian McCaffrey,CAR,2022,1,33.0,10,0.81,CLE,19.0,76.33333333333333,18.333333333333332,0,0,0,2.5,42.5
00-0035685,David Montgomery,CHI,2022,1,26.0,17,0.66,SF,2.0,56.6,18.2,0,0,0,-6.5,38.0
00-0033897,Joe Mixon,CIN,2022,1,82.0,27,0.73,PIT,20.0,61.6,15.8,0,0,0,7.5,44.5
00-0036275,D'Andre Swift,DET,2022,1,144.0,15,0.67,PHI,6.0,73.0,17.0,0,1,0,-6.0,49.0
00-0033293,Aaron Jones,GB,2022,1,49.0,5,0.61,MIN,18.0,46.0,11.6,0,1,0,-2.5,47.0
00-0030288,Rex Burkhead,HOU,2022,1,40.0,14,0.71,IND,7.0,57.6,15.6,0,1,0,-7.0,46.0
00-0036223,Jonathan Taylor,IND,2022,1,161.0,31,0.76,HOU,10.0,121.2,24.6,0,1,0,7.0,46.0
00-0035664,Darrell Henderson,LA,2022,1,47.0,13,0.82,BUF,15.0,55.2,12.2,0,1,0,-1.0,51.5
00-0035700,Josh Jacobs,LV,2022,1,57.0,10,0.6,LAC,12.0,91.8,19.4,0,1,0,-3.5,52.5
00-0034681,Chase Edmonds,MIA,2022,1,25.0,12,0.63,NE,14.0,65.0,13.4,0,0,0,3.0,47.0
00-0033893,Dalvin Cook,MIN,2022,1,90.0,20,0.77,GB,11.0,116.8,23.6,0,1,0,2.5,47.0
00-0033906,Alvin Kamara,NO,2022,1,39.0,9,0.62,ATL,13.0,73.6,18.8,0,1,0,6.0,43.5
00-0034844,Saquon Barkley,NYG,2022,1,164.0,18,0.83,TEN,1.0,40.4,10.8,0,0,0,-5.5,43.5
00-0036924,Michael Carter,NYJ,2022,1,60.0,10,0.6,BAL,8.0,77.33333333333333,14.0,0,0,0,-6.5,44.0
00-0034750,Rashaad Penny,SEA,2022,1,60.0,12,0.69,DEN,17.0,180.0,24.0,0,0,0,-6.0,44.0
00-0033856,Leonard Fournette,TB,2022,1,127.0,21,0.76,DAL,9.0,71.0,14.6,0,1,0,2.5,49.5
00-0032764,Derrick Henry,TEN,2022,1,82.0,21,0.68,NYG,5.0,108.0,26.8,0,0,0,5.5,43.5
00-0036328,Antonio Gibson,WAS,2022,1,58.0,14,0.64,JAX,16.0,65.0,20.2,0,0,0,3.0,43.5
00-0033280,Christian McCaffrey,CAR,2022,2,102.0,15,0.91,NYG,5.0,65.5,16.25,0,0,0,1.0,44.0
00-0035685,David Montgomery,CHI,2022,2,122.0,15,0.8,GB,8.0,53.4,19.6,0,0,0,-10.5,42.0
00-0033897,Joe Mixon,CIN,2022,2,57.0,19,0.76,DAL,9.0,68.8,18.8,0,1,0,7.5,42.0
00-0033045,Ezekiel Elliott,DAL,2022,2,53.0,15,0.67,CIN,11.0,46.2,13.4,0,1,0,-7.5,42.0
00-0036997,Javonte Williams,DEN,2022,2,75.0,15,0.65,HOU,14.0,102.0,23.0,0,0,-1,10.5,46.0
00-0037258,Dameon Pierce,HOU,2022,2,69.0,15,0.62,DEN,12.0,,,0,0,1,-10.5,46.0
00-0036223,Jonathan Taylor,IND,2022,2,54.0,9,0.74,JAX,10.0,124.8,24.4,0,0,0,3.0,43.5
00-0035831,James Robinson,JAX,2022,2,64.0,23,0.63,IND,4.0,66.0,14.2,0,0,0,-3.0,43.5
00-0033699,Austin Ekeler,LAC,2022,2,39.0,14,0.63,KC,2.0,49.6,12.8,0,0,0,-4.0,52.5
00-0035700,Josh Jacobs,LV,2022,2,69.0,19,0.72,ARI,15.0,92.8,18.4,0,1,0,5.5,51.5
00-0033893,Dalvin Cook,MIN,2022,2,17.0,6,0.69,PHI,7.0,112.8,24.2,0,0,0,-2.5,49.5
00-0036875,Rhamondre Stevenson,NE,2022,2,47.0,9,0.62,PIT,16.0,78.0,24.0,0,0,0,3.0,40.0
00-0034844,Saquon Barkley,NYG,2022,2,72.0,21,0.84,CAR,3.0,62.8,11.8,0,0,0,-1.0,44.0
00-0036924,Michael Carter,NYJ,2022,2,23.0,7,0.61,CLE,13.0,73.0,13.0,0,0,0,-6.5,38.5
00-0036893,Najee Harris,PIT,2022,2,49.0,15,0.71,NE,6.0,92.8,20.0,0,0,0,-3.0,40.0
00-0033856,Leonard Fournette,TB,2022,2,65.0,24,0.87,NO,1.0,87.0,16.6,1,1,0,2.5,44.0
00-0033553,James Conner,ARI,2022,3,39.0,13,0.6,LA,4.0,49.2,15.8,1,1,0,-3.5,49.0
00-0030578,Cordarrelle Patterson,ATL,2022,3,141.0,17,0.61,SEA,11.0,58.25,14.0,0,0,0,-1.0,43.0
00-0035250,Devin Singletary,BUF,2022,3,13.0,9,0.73,MIA,8.0,68.8,16.0,0,0,-1,4.0,54.0
00-0033280,Christian McCaffrey,CAR,2022,3,108.0,25,0.8,NO,5.0,72.8,16.0,0,0,0,-2.0,41.0
00-0036906,Khalil Herbert,CHI,2022,3,157.0,20,0.6,HOU,19.0,89.66666666666667,20.0,0,0,0,3.0,40.0
00-0033897,Joe Mixon,CIN,2022,3,24.0,12,0.66,NYJ,13.0,70.6,19.2,0,0,0,6.5,46.0
00-0034791,Nick Chubb,CLE,2022,3,113.0,23,0.63,PIT,17.0,92.0,19.0,0,0,0,4.5,38.0
00-0033045,Ezekiel Elliott,DAL,2022,3,73.0,15,0.64,NYG,9.0,47.8,14.0,0,0,0,-1.0,38.5
00-0033293,Aaron Jones,GB,2022,3,36.0,12,0.63,TB,2.0,52.0,11.4,0,0,0,-1.0,41.5
00-0036223,Jonathan Taylor,IND,2022,3,71.0,21,0.76,KC,1.0,101.6,20.4,0,0,-3,-4.5,51.0
00-0035700,Josh Jacobs,LV,2022,3,66.0,13,0.64,TEN,3.0,80.8,16.8,1,0,1,1.5,45.5
00-0033893,Dalvin Cook,MIN,2022,3,96.0,17,0.61,DET,18.0,97.4,20.6,0,1,-1,6.5,52.0
00-0036875,Rhamondre Stevenson,NE,2022,3,73.0,12,0.62,BAL,7.0,62.5,16.5,0,0,0,-2.5,45.5
00-0033906,Alvin Kamara,NO,2022,3,61.0,15,0.7,CAR,6.0,57.4,15.2,1,0,0,2.0,41.0
00-0034844,Saquon Barkley,NYG,2022,3,81.0,14,0.92,DAL,12.0,72.2,14.8,0,0,0,1.0,38.5
00-0036893,Najee Harris,PIT,2022,3,56.0,15,0.8,CLE,10.0,88.4,18.8,0,0,0,-4.5,38.0
00-0034750,Rashaad Penny,SEA,2022,3,66.0,14,0.69,ATL,14.0,140.0,20.0,0,0,0,1.0,43.0
00-0033856,Leonard Fournette,TB,2022,3,35.0,12,0.91,GB,16.0,80.0,18.0,1,0,0,1.0,41.5
00-0032764,Derrick Henry,TEN,2022,3,85.0,20,0.74,LV,15.0,101.8,25.4,0,0,-1,-1.5,45.5
00-0033553,James Conner,ARI,2022,4,55.0,15,0.66,CAR,5.0,44.6,14.2,0,0,0,-1.0,44.0
00-0035250,Devin Singletary,BUF,2022,4,49.0,11,0.88,BAL,9.0,63.6,15.4,0,0,0,3.0,50.0
00-0033280,Christian McCaffrey,CAR,2022,4,27.0,8,0.87,ARI,17.0,74.8,16.8,1,0,0,1.0,44.0
00-0036906,Khalil Herbert,CHI,2022,4,77.0,19,0.77,NYG,12.0,106.5,20.0,0,0,1,-3.0,39.0
00-0033897,Joe Mixon,CIN,2022,4,61.0,24,0.83,MIA,4.0,64.6,18.8,0,0,0,4.0,48.5
00-0033045,Ezekiel Elliott,DAL,2022,4,49.0,19,0.64,WAS,1.0,52.0,13.8,0,1,-1,3.0,40.5
00-0033293,Aaron Jones,GB,2022,4,110.0,16,0.62,NE,6.0,47.4,10.8,0,0,0,10.0,40.5
00-0037258,Dameon Pierce,HOU,2022,4,131.0,14,0.68,LAC,14.0,69.0,15.0,0,1,0,-5.5,45.0
00-0036223,Jonathan Taylor,IND,2022,4,42.0,20,0.88,TEN,8.0,94.2,19.2,0,0,0,4.5,43.0
00-0035700,Josh Jacobs,LV,2022,4,144.0,28,0.89,DEN,16.0,81.4,16.2,0,1,0,2.5,45.5
00-0031687,Raheem Mostert,MIA,2022,4,69.0,15,0.72,CIN,13.0,,,0,0,0,-4.0,48.5
00-0033893,Dalvin Cook,MIN,2022,4,76.0,20,0.63,NO,11.0,99.4,19.6,0,0,0,4.0,42.0
00-0034844,Saquon Barkley,NYG,2022,4,146.0,31,0.94,CHI,15.0,80.4,15.0,0,0,-1,3.0,39.0
00-0038120,Breece Hall,NYJ,2022,4,66.0,17,0.66,PIT,19.0,,,0,0,-3,-3.0,41.0
00-0035243,Miles Sanders,PHI,2022,4,134.0,27,0.67,JAX,10.0,39.2,8.4,0,0,0,6.5,44.0
00-0036893,Najee Harris,PIT,2022,4,74.0,18,0.75,NYJ,7.0,80.8,17.8,0,0,3,3.0,41.0
00-0034750,Rashaad Penny,SEA,2022,4,151.0,17,0.68,DET,18.0,121.5,18.5,0,1,0,-3.0,48.5
00-0033856,Leonard Fournette,TB,2022,4,-3.0,3,0.61,KC,2.0,78.2,17.8,0,0,0,1.0,46.5
00-0032764,Derrick Henry,TEN,2022,4,114.0,22,0.69,IND,3.0,92.8,23.6,0,0,0,-4.5,43.0
00-0033280,Christian McCaffrey,CAR,2022,5,54.0,14,0.86,SF,2.0,65.8,13.6,0,0,1,-6.0,40.0
00-0035685,David Montgomery,CHI,2022,5,20.0,12,0.72,MIN,11.0,65.8,19.0,1,1,0,-10.0,44.0
00-0033897,Joe Mixon,CIN,2022,5,78.0,14,0.7,BAL,6.0,59.2,19.4,0,0,3,-3.0,47.5
00-0033045,Ezekiel Elliott,DAL,2022,5,78.0,22,0.65,LA,4.0,58.6,15.8,0,1,1,-5.5,42.0
00-0033293,Aaron Jones,GB,2022,5,63.0,13,0.73,NYG,9.0,58.8,11.6,0,0,0,8.5,42.0
00-0037258,Dameon Pierce,HOU,2022,5,99.0,26,0.79,JAX,14.0,100.0,14.5,0,0,0,-7.0,44.0
00-0035700,Josh Jacobs,LV,2022,5,154.0,21,0.81,KC,3.0,83.8,16.6,0,0,0,-7.5,51.5
00-0031687,Raheem Mostert,MIA,2022,5,113.0,18,0.69,NYJ,7.0,69.0,15.0,0,0,3,3.0,46.0
00-0036875,Rhamondre Stevenson,NE,2022,5,161.0,25,0.9,DET,15.0,66.0,15.0,0,0,0,3.0,46.5
00-0033906,Alvin Kamara,NO,2022,5,103.0,23,0.73,SEA,8.0,66.0,16.0,1,1,0,5.5,45.5
00-0034844,Saquon Barkley,NYG,2022,5,70.0,13,0.69,GB,13.0,98.6,19.0,0,0,0,-8.5,42.0
00-0038120,Breece Hall,NYJ,2022,5,97.0,18,0.69,MIA,5.0,66.0,17.0,0,0,-3,-3.0,46.0
00-0035243,Miles Sanders,PHI,2022,5,58.0,15,0.74,ARI,12.0,55.0,11.2,0,1,0,5.5,48.5
00-0033856,Leonard Fournette,TB,2022,5,56.0,14,0.62,ATL,10.0,55.0,14.6,0,0,0,10.5,46.0
00-0032764,Derrick Henry,TEN,2022,5,102.0,28,0.64,WAS,1.0,87.0,24.0,0,0,0,1.0,43.0
00-0036383,Eno Benjamin,ARI,2022,6,37.0,15,0.87,SEA,18.0,,,0,0,0,2.5,50.0
00-0035250,Devin Singletary,BUF,2022,6,85.0,17,0.86,KC,3.0,51.4,13.0,0,0,1,2.5,54.0
00-0033280,Christian McCaffrey,CAR,2022,6,69.0,13,0.86,LA,5.0,64.8,14.4,0,1,0,-10.0,41.5
00-0035685,David Montgomery,CHI,2022,6,67.0,15,0.78,WAS,2.0,60.8,17.2,0,0,0,-1.0,38.5
00-0033897,Joe Mixon,CIN,2022,6,45.0,8,0.72,NO,14.0,60.4,19.2,0,1,0,3.0,42.5
00-0033045,Ezekiel Elliott,DAL,2022,6,81.0,13,0.61,PHI,6.0,56.8,16.6,0,0,0,-6.5,42.5
00-0036493,Deon Jackson,IND,2022,6,42.0,12,0.67,JAX,17.0,,,0,0,3,1.0,41.0
00-0035664,Darrell Henderson,LA,2022,6,43.0,12,0.71,CAR,4.0,55.6,11.8,0,1,0,10.0,41.5
00-0033699,Austin Ekeler,LAC,2022,6,36.0,14,0.66,DEN,18.0,48.6,13.4,0,1,-3,3.5,45.5
00-0031687,Raheem Mostert,MIA,2022,6,49.0,14,0.62,MIN,7.0,91.0,16.5,1,0,0,-3.0,45.0
00-0033893,Dalvin Cook,MIN,2022,6,77.0,13,0.87,MIA,10.0,73.6,18.2,0,0,0,3.0,45.0
00-0036875,Rhamondre Stevenson,NE,2022,6,76.0,19,0.86,CLE,9.0,89.75,17.5,0,0,0,-2.5,43.0
00-0033906,Alvin Kamara,NO,2022,6,99.0,19,0.69,CIN,15.0,76.2,18.0,0,1,0,-3.0,42.5
00-0034844,Saquon Barkley,NYG,2022,6,83.0,22,0.88,BAL,8.0,106.6,19.4,0,0,0,-5.5,46.0
00-0038120,Breece Hall,NYJ,2022,6,116.0,20,0.67,GB,13.0,81.5,17.5,0,0,0,-7.5,44.5
00-0035243,Miles Sanders,PHI,2022,6,71.0,18,0.62,DAL,16.0,61.2,13.8,0,0,0,6.5,42.5
00-0036893,Najee Harris,PIT,2022,6,42.0,14,0.69,TB,1.0,92.0,19.0,0,0,0,-10.0,47.0
00-0038134,Kenneth Walker,SEA,2022,6,97.0,21,0.69,ARI,11.0,,,0,0,0,-2.5,50.0
00-0033856,Leonard Fournette,TB,2022,6,63.0,21,0.82,PIT,12.0,56.0,14.8,0,0,0,10.0,47.0
00-0036383,Eno Benjamin,ARI,2022,7,92.0,12,0.73,NO,10.0,37.0,15.0,0,0,0,2.5,44.0
00-0037263,Tyler Allgeier,ATL,2022,7,50.0,16,0.62,CIN,4.0,,,0,0,0,-6.5,47.5
00-0033897,Joe Mixon,CIN,2022,7,58.0,17,0.72,ATL,11.0,53.0,15.4,0,0,0,6.5,47.5
00-0035261,Tony Pollard,DAL,2022,7,83.0,12,0.65,DET,17.0,,,0,1,-7,7.0,49.5
00-0033293,Aaron Jones,GB,2022,7,23.0,8,0.74,WAS,2.0,59.8,11.6,0,0,-3,4.0,41.5
00-0036973,Travis Etienne,JAX,2022,7,114.0,14,0.8,NYG,9.0,,,0,0,0,3.0,44.0
00-0033699,Austin Ekeler,LAC,2022,7,31.0,9,0.77,SEA,6.0,45.8,14.0,0,1,-1,5.5,51.5
00-0035700,Josh Jacobs,LV,2022,7,143.0,20,0.8,HOU,16.0,98.0,18.2,0,1,-1,7.0,46.0
00-0031687,Raheem Mostert,MIA,2022,7,79.0,16,0.71,PIT,5.0,77.0,15.666666666666666,0,0,0,7.5,44.5
00-0036875,Rhamondre Stevenson,NE,2022,7,39.0,11,0.77,CHI,12.0,87.0,17.8,0,0,-3,9.5,40.0
00-0033906,Alvin Kamara,NO,2022,7,49.0,11,0.72,ARI,14.0,89.6,19.2,0,0,0,-2.5,44.0
00-0034844,Saquon Barkley,NYG,2022,7,110.0,24,0.81,JAX,8.0,90.4,20.2,0,0,0,-3.0,44.0
00-0036924,Michael Carter,NYJ,2022,7,29.0,13,0.73,DEN,13.0,63.0,11.8,0,0,1,2.0,37.0
00-0036893,Najee Harris,PIT,2022,7,65.0,17,0.77,MIA,7.0,81.8,18.0,0,0,0,-7.5,44.5
00-0038134,Kenneth Walker,SEA,2022,7,167.0,23,0.73,LAC,15.0,97.0,21.0,0,1,1,-5.5,51.5
00-0033856,Leonard Fournette,TB,2022,7,19.0,8,0.6,CAR,1.0,43.2,14.8,0,0,0,13.0,39.5
00-0032764,Derrick Henry,TEN,2022,7,128.0,30,0.75,IND,3.0,90.2,23.8,0,0,7,2.5,43.0
00-0036383,Eno Benjamin,ARI,2022,8,22.0,9,0.74,MIN,5.0,64.5,13.5,0,1,-4,-4.0,48.5
00-0037263,Tyler Allgeier,ATL,2022,8,39.0,14,0.6,CAR,1.0,50.0,16.0,0,1,0,4.5,41.0
00-0035250,Devin Singletary,BUF,2022,8,67.0,14,0.75,GB,17.0,50.8,12.6,0,0,7,10.5,47.0
00-0033925,D'Onta Foreman,CAR,2022,8,118.0,26,0.68,ATL,11.0,132.0,26.0,0,1,0,-4.5,41.0
00-0035685,David Montgomery,CHI,2022,8,53.0,15,0.7,DAL,16.0,61.4,15.8,0,0,-1,-10.5,43.0
00-0033897,Joe Mixon,CIN,2022,8,27.0,8,0.72,CLE,12.0,53.2,15.0,0,0,0,3.0,45.0
00-0033293,Aaron Jones,GB,2022,8,143.0,20,0.67,BUF,18.0,56.2,10.8,0,0,-7,-10.5,47.0
00-0037258,Dameon Pierce,HOU,2022,8,35.0,15,0.78,TEN,8.0,99.66666666666667,18.333333333333332,0,1,0,-1.0,39.0
00-0036223,Jonathan Taylor,IND,2022,8,76.0,16,0.69,WAS,2.0,81.0,19.2,0,1,0,3.0,40.5
00-0036973,Travis Etienne,JAX,2022,8,156.0,24,0.79,DEN,6.0,114.0,14.0,0,0,0,1.0,41.0
00-0031687,Raheem Mostert,MIA,2022,8,64.0,14,0.65,DET,20.0,77.5,15.75,0,1,0,3.5,52.0
00-0033893,Dalvin Cook,MIN,2022,8,111.0,20,0.76,ARI,3.0,71.2,15.2,0,1,4,4.0,48.5
00-0036875,Rhamondre Stevenson,NE,2022,8,71.0,16,0.63,NYJ,9.0,79.2,15.2,0,0,-1,3.0,40.0
00-0033906,Alvin Kamara,NO,2022,8,62.0,18,0.72,LV,14.0,70.2,15.4,0,1,3,-1.0,48.5
00-0034844,Saquon Barkley,NYG,2022,8,53.0,20,0.8,SEA,10.0,98.0,20.8,0,0,0,-3.0,44.5
00-0036893,Najee Harris,PIT,2022,8,32.0,8,0.71,PHI,13.0,57.2,15.8,0,0,-7,-11.0,43.0
00-0038134,Kenneth Walker,SEA,2022,8,51.0,18,0.77,NYG,15.0,132.0,22.0,0,0,0,3.0,44.5
00-0033280,Christian McCaffrey,SF,2022,8,94.0,18,0.81,LA,4.0,72.0,15.0,0,1,-7,1.0,42.0
00-0033856,Leonard Fournette,TB,2022,8,24.0,9,0.72,BAL,7.0,34.0,11.6,0,0,0,2.0,46.0
00-0032764,Derrick Henry,TEN,2022,8,219.0,32,0.74,HOU,19.0,102.2,24.2,0,1,0,1.0,39.0
00-0033553,James Conner,ARI,2022,9,45.0,7,0.71,SEA,10.0,40.6,13.2,1,0,0,1.5,49.5
00-0033118,Kenyan Drake,BAL,2022,9,93.0,24,0.68,NO,15.0,9.0,7.0,0,1,3,1.0,46.0
00-0035250,Devin Singletary,BUF,2022,9,24.0,8,0.74,NYJ,12.0,48.0,12.2,0,0,0,11.0,46.0
00-0035685,David Montgomery,CHI,2022,9,36.0,14,0.7,MIA,3.0,57.6,14.8,0,0,0,-4.0,46.0
00-0033897,Joe Mixon,CIN,2022,9,153.0,22,0.65,CAR,1.0,53.8,14.2,0,0,-1,7.0,43.0
00-0033948,Jamaal Williams,DET,2022,9,81.0,24,0.61,GB,16.0,65.0,15.0,0,1,0,-4.0,49.5
00-0036265,A.J. Dillon,GB,2022,9,34.0,11,0.66,DET,18.0,53.0,11.0,0,1,0,4.0,49.5
00-0037258,Dameon Pierce,HOU,2022,9,139.0,27,0.78,PHI,8.0,83.5,17.5,0,1,0,-14.0,45.5
00-0036493,Deon Jackson,IND,2022,9,23.0,11,0.63,NE,14.0,42.0,12.0,0,0,0,-5.0,40.0
00-0036973,Travis Etienne,JAX,2022,9,109.0,28,0.81,LV,11.0,135.0,19.0,0,0,0,-2.5,47.5
00-0031376,Jerick McKinnon,KC,2022,9,4.0,3,0.62,TEN,8.0,50.0,11.333333333333334,0,0,7,14.0,45.0
00-0033699,Austin Ekeler,LAC,2022,9,47.0,14,0.68,ATL,5.0,45.8,13.4,0,0,7,2.5,49.5
00-0035700,Josh Jacobs,LV,2022,9,67.0,17,0.69,JAX,17.0,115.2,20.2,0,0,0,2.5,47.5
00-0033893,Dalvin Cook,MIN,2022,9,47.0,17,0.86,WAS,4.0,75.4,15.2,0,0,0,3.0,43.5
00-0036875,Rhamondre Stevenson,NE,2022,9,60.0,15,0.73,IND,13.0,84.0,16.6,0,0,0,5.0,40.0
00-0033906,Alvin Kamara,NO,2022,9,30.0,9,0.88,BAL,2.0,74.8,17.2,0,1,-3,-1.0,46.0
00-0035243,Miles Sanders,PHI,2022,9,93.0,17,0.65,HOU,19.0,72.8,16.0,0,1,0,14.0,45.5
00-0038134,Kenneth Walker,SEA,2022,9,109.0,26,0.77,ARI,6.0,105.0,20.666666666666668,0,0,0,-1.5,49.5
00-0033856,Leonard Fournette,TB,2022,9,19.0,9,0.62,LA,7.0,31.8,11.0,0,0,3,3.0,43.0
00-0033553,James Conner,ARI,2022,10,69.0,21,0.96,LA,5.0,43.4,12.0,0,1,0,-3.5,38.0
00-0035250,Devin Singletary,BUF,2022,10,47.0,13,0.72,MIN,3.0,47.6,11.8,0,0,0,6.5,47.0
00-0033925,D'Onta Foreman,CAR,2022,10,130.0,31,0.68,ATL,6.0,125.0,26.0,0,0,0,-2.5,41.5
00-0035685,David Montgomery,CHI,2022,10,37.0,9,0.66,DET,16.0,59.6,14.2,0,0,0,3.0,48.5
00-0035261,Tony Pollard,DAL,2022,10,115.0,22,0.87,GB,10.0,83.0,12.0,0,0,7,3.5,44.5
00-0033293,Aaron Jones,GB,2022,10,138.0,24,0.7,DAL,12.0,75.0,13.8,0,0,-7,-3.5,44.5
00-0037258,Dameon Pierce,HOU,2022,10,94.0,17,0.72,NYG,11.0,94.6,19.4,0,0,-4,-5.5,41.5
00-0036223,Jonathan Taylor,IND,2022,10,147.0,22,0.94,LV,8.0,80.8,19.4,0,1,0,-4.5,41.0
00-0036973,Travis Etienne,JAX,2022,10,45.0,11,0.78,KC,7.0,126.33333333333333,22.0,0,0,0,-10.0,51.5
00-0033699,Austin Ekeler,LAC,2022,10,24.0,6,0.69,SF,1.0,43.4,13.4,0,0,-7,-8.5,45.5
00-0035700,Josh Jacobs,LV,2022,10,78.0,21,0.79,IND,14.0,114.8,19.8,0,1,0,4.5,41.0
00-0033893,Dalvin Cook,MIN,2022,10,119.0,14,0.84,BUF,13.0,81.4,17.4,0,0,0,-6.5,47.0
00-0033906,Alvin Kamara,NO,2022,10,26.0,8,0.79,PIT,8.0,68.6,16.0,0,0,-8,-1.0,39.5
00-0034844,Saquon Barkley,NYG,2022,10,152.0,35,0.8,HOU,18.0,92.4,22.0,0,0,4,5.5,41.5
00-0036893,Najee Harris,PIT,2022,10,99.0,20,0.6,NO,15.0,53.8,14.4,0,0,8,1.0,39.5
00-0038134,Kenneth Walker,SEA,2022,10,17.0,10,0.87,TB,2.0,106.0,22.0,0,0,0,-2.5,45.0
00-0033280,Christian McCaffrey,SF,2022,10,38.0,14,0.65,LAC,17.0,70.4,15.6,0,0,7,8.5,45.5
00-0037256,Rachaad White,TB,2022,10,105.0,22,0.64,SEA,4.0,,,0,0,0,2.5,45.0
00-0033553,James Conner,ARI,2022,11,42.0,14,0.77,SF,1.0,46.8,13.2,0,0,0,-10.0,43.5
00-0035250,Devin Singletary,BUF,2022,11,86.0,18,0.72,CLE,2.0,54.4,12.6,0,1,0,7.5,50.5
00-0035685,David Montgomery,CHI,2022,11,67.0,17,0.8,ATL,12.0,42.6,13.0,0,1,-3,-3.0,48.5
00-0033526,Samaje Perine,CIN,2022,11,30.0,11,0.7,PIT,8.0,59.0,11.0,0,0,7,3.5,39.0
00-0033293,Aaron Jones,GB,2022,11,40.0,12,0.66,TEN,4.0,95.4,16.2,0,0,0,3.0,40.5
00-0037258,Dameon Pierce,HOU,2022,11,8.0,10,0.77,WAS,5.0,99.6,19.8,0,1,1,-3.0,41.0
00-0036223,Jonathan Taylor,IND,2022,11,84.0,22,0.75,PHI,13.0,78.0,17.6,0,1,1,-6.5,45.5
00-0033699,Austin Ekeler,LAC,2022,11,83.0,19,0.69,KC,9.0,35.4,11.4,0,1,0,-5.5,52.5
00-0035700,Josh Jacobs,LV,2022,11,109.0,24,0.8,DEN,15.0,117.2,21.4,0,0,0,-2.5,41.5
00-0033893,Dalvin Cook,MIN,2022,11,72.0,11,0.6,DAL,11.0,86.0,16.8,0,1,0,-1.5,48.5
00-0036875,Rhamondre Stevenson,NE,2022,11,26.0,15,0.78,NYJ,3.0,81.4,17.2,0,0,0,3.5,38.5
00-0033906,Alvin Kamara,NO,2022,11,42.0,12,0.7,LA,6.0,53.2,13.0,0,1,0,2.5,39.5
00-0034844,Saquon Barkley,NYG,2022,11,22.0,15,0.76,DET,10.0,93.6,22.8,0,0,0,3.0,44.0
00-0035243,Miles Sanders,PHI,2022,11,47.0,13,0.65,IND,16.0,82.4,17.2,0,1,-1,6.5,45.5
00-0036893,Najee Harris,PIT,2022,11,90.0,20,0.92,CIN,7.0,62.4,15.4,0,0,-7,-3.5,39.0
00-0033280,Christian McCaffrey,SF,2022,11,39.0,7,0.66,ARI,14.0,56.4,13.4,0,0,0,10.0,43.5
00-0032764,Derrick Henry,TEN,2022,11,87.0,28,0.71,GB,17.0,129.6,26.4,0,0,0,-3.0,40.5
00-0036328,Antonio Gibson,WAS,2022,11,72.0,18,0.68,HOU,18.0,63.8,18.2,0,1,-1,3.0,41.0
00-0033553,James Conner,ARI,2022,12,120.0,25,0.97,LAC,18.0,50.0,14.0,0,1,-1,-2.5,48.5
00-0035250,Devin Singletary,BUF,2022,12,72.0,14,0.78,DET,4.0,61.8,14.0,0,1,0,10.0,54.0
00-0035685,David Montgomery,CHI,2022,12,79.0,14,0.68,NYJ,10.0,52.0,14.0,0,0,0,-8.5,36.5
00-0033526,Samaje Perine,CIN,2022,12,58.0,17,0.8,TEN,1.0,44.5,11.0,0,0,-3,1.0,43.0
00-0030513,Latavius Murray,DEN,2022,12,92.0,13,0.82,CAR,11.0,59.0,18.0,0,0,0,1.0,36.5
00-0033293,Aaron Jones,GB,2022,12,43.0,12,0.71,PHI,12.0,81.4,15.4,0,0,3,-6.5,46.0
00-0036223,Jonathan Taylor,IND,2022,12,86.0,20,0.92,PIT,5.0,84.0,20.2,0,1,0,2.5,40.0
00-0035806,Jamycal Hasty,JAX,2022,12,28.0,12,0.78,BAL,5.0,,,0,0,7,-3.5,43.0
00-0037840,Kyren Williams,LA,2022,12,35.0,11,0.7,KC,13.0,,,0,0,0,-16.5,42.0
00-0033699,Austin Ekeler,LAC,2022,12,20.0,5,0.7,ARI,14.0,44.2,12.4,0,1,1,2.5,48.5
00-0035700,Josh Jacobs,LV,2022,12,229.0,33,0.79,SEA,8.0,110.2,20.6,1,0,-7,-4.0,47.5
00-0033893,Dalvin Cook,MIN,2022,12,42.0,22,0.86,NE,9.0,85.2,15.0,0,1,0,2.5,42.5
00-0036875,Rhamondre Stevenson,NE,2022,12,36.0,7,0.82,MIN,1.0,54.4,15.2,0,1,0,-2.5,42.5
00-0033906,Alvin Kamara,NO,2022,12,13.0,7,0.67,SF,1.0,41.8,11.6,1,0,1,-9.5,44.0
00-0034844,Saquon Barkley,NYG,2022,12,39.0,11,0.74,DAL,16.0,84.0,23.2,0,1,0,-10.5,45.5
00-0038134,Kenneth Walker,SEA,2022,12,26.0,14,0.71,LV,17.0,88.2,19.6,0,0,7,4.0,47.5
00-0033280,Christian McCaffrey,SF,2022,12,32.0,11,0.63,NO,14.0,58.8,13.2,0,0,-1,9.5,44.0
00-0037256,Rachaad White,TB,2022,12,64.0,14,0.9,CLE,7.0,105.0,22.0,0,0,7,3.0,42.0
00-0035685,David Montgomery,CHI,2022,13,61.0,14,0.77,GB,16.0,54.4,13.8,0,0,0,-4.0,45.0
00-0033526,Samaje Perine,CIN,2022,13,106.0,21,0.83,KC,10.0,49.0,13.0,0,0,0,-2.5,53.0
00-0030513,Latavius Murray,DEN,2022,13,47.0,17,0.68,BAL,4.0,75.5,15.5,0,0,0,-9.5,40.5
00-0036265,A.J. Dillon,GB,2022,13,93.0,18,0.68,CHI,11.0,43.5,11.0,0,0,0,4.0,45.0
00-0037258,Dameon Pierce,HOU,2022,13,73.0,18,0.72,CLE,5.0,75.0,19.0,0,1,0,-7.5,47.0
00-0036223,Jonathan Taylor,IND,2022,13,82.0,21,0.82,DAL,9.0,87.0,20.0,0,1,-4,-11.0,44.5
00-0036973,Travis Etienne,JAX,2022,13,54.0,13,0.88,DET,3.0,106.0,19.25,1,1,-3,-1.0,51.5
00-0036414,Cam Akers,LA,2022,13,60.0,17,0.72,SEA,15.0,48.0,24.0,0,1,0,-7.0,41.0
00-0033699,Austin Ekeler,LAC,2022,13,35.0,10,0.6,LV,13.0,41.0,10.6,0,1,0,-2.5,49.0
00-0035700,Josh Jacobs,LV,2022,13,144.0,26,0.75,LAC,17.0,125.2,23.0,1,1,0,2.5,49.0
00-0031687,Raheem Mostert,MIA,2022,13,30.0,7,0.61,SF,1.0,74.8,15.4,0,0,0,-4.5,46.0
00-0033893,Dalvin Cook,MIN,2022,13,86.0,20,0.75,NYJ,6.0,78.2,16.8,0,1,3,3.0,44.0
00-0036875,Rhamondre Stevenson,NE,2022,13,54.0,10,0.98,BUF,14.0,46.4,12.8,0,0,0,-3.5,43.5
00-0034844,Saquon Barkley,NYG,2022,13,63.0,18,0.88,WAS,2.0,75.2,21.0,0,0,3,-2.5,40.0
00-0036893,Najee Harris,PIT,2022,13,86.0,17,0.66,ATL,12.0,65.6,15.8,0,1,-1,1.0,43.0
00-0033280,Christian McCaffrey,SF,2022,13,66.0,17,0.82,MIA,7.0,54.4,12.6,0,0,0,4.5,46.0
00-0033856,Leonard Fournette,TB,2022,13,49.0,10,0.6,NO,8.0,36.2,12.2,1,0,0,3.5,41.0
00-0033553,James Conner,ARI,2022,14,85.0,15,0.95,NE,4.0,66.2,16.4,0,1,4,-2.0,44.0
00-0034791,Nick Chubb,CLE,2022,14,34.0,14,0.63,CIN,7.0,97.25,20.0,0,0,0,-4.5,47.0
00-0036973,Travis Etienne,JAX,2022,14,32.0,17,0.75,TEN,2.0,95.6,18.0,0,0,0,-3.0,42.0
00-0035700,Josh Jacobs,LV,2022,14,99.0,27,0.83,LA,5.0,125.4,24.2,1,1,0,6.5,42.5
00-0031687,Raheem Mostert,MIA,2022,14,37.0,11,0.73,LAC,10.0,67.0,13.8,0,1,0,3.0,54.5
00-0033893,Dalvin Cook,MIN,2022,14,23.0,15,0.85,DET,3.0,73.2,16.8,0,1,0,-2.5,51.5
00-0035243,Miles Sanders,PHI,2022,14,144.0,17,0.66,NYG,8.0,80.6,18.0,0,0,0,7.5,44.5
00-0035594,Travis Homer,SEA,2022,14,26.0,9,0.91,CAR,6.0,,,0,0,-7,3.5,44.5
00-0033280,Christian McCaffrey,SF,2022,14,119.0,14,0.7,TB,1.0,53.8,13.4,0,0,1,3.5,38.0
00-0032764,Derrick Henry,TEN,2022,14,121.0,17,0.75,JAX,9.0,130.0,28.0,0,0,0,3.0,42.0
00-0033553,James Conner,ARI,2022,15,63.0,16,0.91,DEN,20.0,72.2,16.4,0,0,-1,-1.5,37.5
00-0035250,Devin Singletary,BUF,2022,15,42.0,13,0.6,MIA,11.0,59.2,13.4,0,0,0,7.0,44.0
00-0036555,Chuba Hubbard,CAR,2022,15,10.0,4,0.63,PIT,7.0,81.0,20.0,0,0,0,2.5,36.5
00-0035685,David Montgomery,CHI,2022,15,53.0,12,0.68,PHI,12.0,56.0,13.6,0,0,7,-8.5,48.0
00-0033897,Joe Mixon,CIN,2022,15,21.0,11,0.64,TB,6.0,72.2,13.8,0,0,0,3.5,47.0
00-0034791,Nick Chubb,CLE,2022,15,99.0,21,0.7,BAL,4.0,84.6,18.8,0,0,0,2.5,39.5
00-0030513,Latavius Murray,DEN,2022,15,130.0,24,0.64,ARI,9.0,66.0,16.0,0,0,1,1.5,37.5
00-0036251,Zack Moss,IND,2022,15,81.0,24,0.67,MIN,3.0,28.0,9.5,0,1,7,-3.5,46.5
00-0036973,Travis Etienne,JAX,2022,15,103.0,19,0.73,DAL,14.0,79.2,18.6,0,0,0,-4.0,48.5
00-0031376,Jerick McKinnon,KC,2022,15,52.0,10,0.62,HOU,23.0,38.5,9.25,0,1,0,14.5,48.5
00-0036414,Cam Akers,LA,2022,15,65.0,12,0.76,GB,16.0,54.0,20.5,0,0,-4,-8.0,39.5
00-0033699,Austin Ekeler,LAC,2022,15,58.0,12,0.69,TEN,2.0,41.8,10.8,0,1,0,3.0,46.5
00-0035700,Josh Jacobs,LV,2022,15,93.0,22,0.75,NE,8.0,131.8,26.2,1,1,4,1.0,45.0
00-0031687,Raheem Mostert,MIA,2022,15,136.0,17,0.76,BUF,15.0,51.8,12.4,0,0,0,-7.0,44.0
00-0033893,Dalvin Cook,MIN,2022,15,95.0,17,0.86,IND,17.0,68.4,16.4,0,1,-7,3.5,46.5
00-0036875,Rhamondre Stevenson,NE,2022,15,172.0,19,0.66,LV,12.0,49.4,12.6,1,1,-4,-1.0,45.0
00-0033906,Alvin Kamara,NO,2022,15,91.0,21,0.62,ATL,18.0,34.6,10.8,0,1,-1,5.0,43.5
00-0034844,Saquon Barkley,NYG,2022,15,87.0,18,0.86,WAS,5.0,65.8,19.8,0,0,-7,-4.5,40.5
00-0036893,Najee Harris,PIT,2022,15,86.0,24,0.66,CAR,10.0,74.4,16.4,0,0,0,-2.5,36.5
00-0038134,Kenneth Walker,SEA,2022,15,47.0,12,0.75,SF,1.0,74.0,18.2,0,0,0,-3.0,43.0
00-0033280,Christian McCaffrey,SF,2022,15,108.0,26,0.89,SEA,21.0,58.8,12.6,0,0,0,3.0,43.0
00-0032764,Derrick Henry,TEN,2022,15,104.0,21,0.71,LAC,22.0,131.4,27.0,0,1,0,-3.0,46.5
00-0036328,Antonio Gibson,WAS,2022,15,21.0,5,0.6,NYG,19.0,56.0,16.0,0,0,7,4.5,40.5
00-0033553,James Conner,ARI,2022,16,79.0,15,0.97,TB,2.0,75.8,18.2,0,0,0,-7.5,41.5
00-0035685,David Montgomery,CHI,2022,16,62.0,16,0.67,BUF,14.0,59.4,13.2,0,0,-1,-8.0,40.0
00-0036251,Zack Moss,IND,2022,16,65.0,12,0.69,LAC,12.0,45.666666666666664,14.333333333333334,0,1,1,-3.5,44.5
00-0036973,Travis Etienne,JAX,2022,16,83.0,22,0.71,NYJ,5.0,68.6,17.6,0,0,0,-2.5,36.5
00-0036414,Cam Akers,LA,2022,16,118.0,23,0.75,DEN,8.0,57.666666666666664,17.666666666666668,0,1,-1,-3.0,36.5
00-0033699,Austin Ekeler,LAC,2022,16,67.0,18,0.6,IND,9.0,44.0,10.4,0,1,-1,3.5,44.5
00-0035700,Josh Jacobs,LV,2022,16,44.0,15,0.81,PIT,1.0,134.8,26.4,0,0,0,-2.5,38.5
00-0033893,Dalvin Cook,MIN,2022,16,64.0,14,0.79,NYG,11.0,63.6,17.0,0,1,1,4.5,48.0
00-0036875,Rhamondre Stevenson,NE,2022,16,30.0,13,0.91,CIN,7.0,69.6,13.2,1,0,0,-3.0,42.0
00-0033906,Alvin Kamara,NO,2022,16,76.0,20,0.7,CLE,6.0,40.4,11.4,0,0,-1,-3.0,32.0
00-0034844,Saquon Barkley,NYG,2022,16,84.0,14,0.91,MIN,2.0,72.6,19.4,0,1,-1,-4.5,48.0
00-0036893,Najee Harris,PIT,2022,16,53.0,16,0.72,LV,13.0,78.6,17.8,0,0,0,2.5,38.5
00-0033280,Christian McCaffrey,SF,2022,16,46.0,15,0.75,WAS,4.0,72.8,15.0,0,0,3,6.5,37.5
00-0033856,Leonard Fournette,TB,2022,16,72.0,20,0.6,ARI,10.0,34.8,11.4,0,0,0,7.5,41.5
00-0032764,Derrick Henry,TEN,2022,16,126.0,23,0.74,HOU,15.0,131.8,25.6,0,0,0,3.0,34.0
00-0033045,Ezekiel Elliott,DAL,2022,17,37.0,19,0.66,TEN,2.0,66.8,16.8,0,0,0,14.0,41.0
00-0030513,Latavius Murray,DEN,2022,17,56.0,12,0.6,KC,5.0,82.0,18.0,0,0,-1,-13.5,46.0
00-0036414,Cam Akers,LA,2022,17,123.0,19,0.78,LAC,8.0,72.75,19.0,0,1,1,-6.5,41.5
00-0035700,Josh Jacobs,LV,2022,17,69.0,17,0.67,SF,1.0,121.8,24.6,0,1,0,-10.0,41.5
00-0034844,Saquon Barkley,NYG,2022,17,58.0,12,0.79,IND,4.0,59.0,15.2,0,0,2,5.5,38.5
00-0036893,Najee Harris,PIT,2022,17,111.0,22,0.64,BAL,3.0,82.8,19.4,0,0,0,-1.0,35.5
00-0033280,Christian McCaffrey,SF,2022,17,121.0,19,0.85,LV,6.0,74.2,16.6,0,1,0,10.0,41.5
00-0037617,Hassan Haskins,TEN,2022,17,40.0,12,0.66,DAL,7.0,,,0,0,0,-14.0,41.0
00-0033725,Corey Clement,ARI,2022,18,23.0,8,0.69,SF,2.0,,,0,0,0,-14.0,40.0
00-0037263,Tyler Allgeier,ATL,2022,18,135.0,24,0.69,TB,3.0,44.5,15.0,0,1,0,6.0,40.5
00-0033118,Kenyan Drake,BAL,2022,18,60.0,16,0.65,CIN,4.0,51.0,15.5,0,0,1,-11.0,39.0
00-0036555,Chuba Hubbard,CAR,2022,18,69.0,21,0.69,NO,10.0,57.333333333333336,14.666666666666666,0,1,0,-3.5,41.5
00-0034791,Nick Chubb,CLE,2022,18,77.0,12,0.75,PIT,1.0,92.6,19.6,0,0,0,-2.5,40.0
00-0030513,Latavius Murray,DEN,2022,18,103.0,15,0.6,LAC,13.0,76.8,16.8,0,0,0,6.0,38.5
00-0033854,Dare Ogunbowale,HOU,2022,18,33.0,11,0.62,IND,8.0,41.0,12.333333333333334,0,1,0,-3.0,38.0
00-0036414,Cam Akers,LA,2022,18,104.0,21,1.0,SEA,14.0,82.8,19.0,0,0,0,-5.5,41.5
00-0035700,Josh Jacobs,LV,2022,18,45.0,17,0.71,KC,6.0,89.8,21.4,1,1,0,-9.0,51.5
00-0033906,Alvin Kamara,NO,2022,18,107.0,23,0.75,CAR,11.0,49.6,13.6,0,1,0,3.5,41.5
00-0033308,Matt Breida,NYG,2022,18,28.0,4,0.7,PHI,9.0,,,0,0,0,-16.5,42.5
00-0036893,Najee Harris,PIT,2022,18,80.0,23,0.63,CLE,7.0,85.2,19.8,0,0,0,2.5,40.0
00-0038134,Kenneth Walker,SEA,2022,18,114.0,29,0.87,LA,5.0,50.0,16.0,0,0,0,5.5,41.5
00-0032764,Derrick Henry,TEN,2022,18,109.0,30,0.75,JAX,12.0,131.4,24.2,0,0,3,-6.0,39.5
00-0036973,Travis Etienne,JAX,2022,19,109.0,20,0.86,LAC,4.0,63.4,16.4,0,0,1,-2.0,46.5
00-0033699,Austin Ekeler,LAC,2022,19,35.0,13,0.66,JAX,5.0,52.6,12.8,0,0,-1,2.0,46.5
00-0033893,Dalvin Cook,MIN,2022,19,60.0,15,0.88,NYG,3.0,62.0,17.6,0,1,0,2.5,48.0
00-0034844,Saquon Barkley,NYG,2022,19,53.0,9,0.9,MIN,2.0,66.2,14.6,0,1,0,-2.5,48.0
00-0038134,Kenneth Walker,SEA,2022,19,63.0,15,0.71,SF,1.0,62.6,18.2,0,0,0,-10.0,42.0
00-0033280,Christian McCaffrey,SF,2022,19,119.0,15,0.74,SEA,6.0,92.0,18.2,0,0,0,10.0,42.0
00-0035250,Devin Singletary,BUF,2022,20,25.0,6,0.62,CIN,2.0,54.2,13.2,0,0,0,6.0,48.5
00-0033045,Ezekiel Elliott,DAL,2022,20,26.0,10,0.7,SF,1.0,63.6,17.6,0,0,-2,-3.5,46.5
00-0031376,Jerick McKinnon,KC,2022,20,25.0,11,0.65,JAX,5.0,41.2,9.4,0,0,7,10.0,52.5
00-0034844,Saquon Barkley,NYG,2022,20,61.0,9,0.65,PHI,4.0,69.0,14.2,0,0,-7,-8.0,48.0
00-0033280,Christian McCaffrey,SF,2022,20,35.0,10,0.67,DAL,3.0,102.6,17.8,0,0,2,3.5,46.5
00-0033526,Samaje Perine,CIN,2022,21,22.0,5,0.65,KC,2.0,63.25,15.0,0,0,-1,-2.0,48.5
00-0033280,Christian McCaffrey,SF,2022,21,84.0,15,0.98,PHI,1.0,85.8,17.0,0,0,-1,-2.5,45.0
00-0033553,James Conner,ARI,2023,1,62.0,14,0.84,WAS,3.0,77.8,17.0,0,0,0,-7.0,38.0
00-0038542,Bijan Robinson,ATL,2023,1,56.0,10,0.63,CAR,16.0,,,0,1,0,3.5,40.5
00-0033897,Joe Mixon,CIN,2023,1,56.0,13,0.63,CLE,14.0,60.8,13.2,0,0,0,1.0,46.5
00-0035261,Tony Pollard,DAL,2023,1,70.0,14,0.64,NYG,15.0,99.0,17.0,0,0,0,3.5,44.5
00-0035685,David Montgomery,DET,2023,1,74.0,21,0.79,KC,4.0,64.4,14.6,0,0,0,-4.0,53.0
00-0036493,Deon Jackson,IND,2023,1,14.0,13,0.71,JAX,11.0,32.5,11.5,0,1,0,-4.0,45.5
00-0036973,Travis Etienne,JAX,2023,1,77.0,18,0.8,IND,7.0,76.2,18.2,0,1,0,4.0,45.5
00-0037840,Kyren Williams,LA,2023,1,52.0,15,0.65,SEA,19.0,35.0,11.0,0,0,0,-4.5,45.0
00-0035700,Josh Jacobs,LV,2023,1,48.0,19,0.8,DEN,17.0,70.0,19.6,0,0,0,-3.0,43.0
00-0031687,Raheem Mostert,MIA,2023,1,37.0,10,0.73,LAC,18.0,69.2,13.0,0,1,0,-3.0,50.5
00-0034972,Alexander Mattison,MIN,2023,1,34.0,11,0.73,TB,13.0,89.0,21.5,0,1,0,4.0,45.0
00-0036875,Rhamondre Stevenson,NE,2023,1,25.0,12,0.73,PHI,5.0,63.6,12.8,1,0,0,-3.5,44.5
00-0033948,Jamaal Williams,NO,2023,1,45.0,18,0.75,TEN,1.0,73.0,19.5,0,1,0,3.0,41.0
00-0034844,Saquon Barkley,NYG,2023,1,51.0,12,0.64,DAL,6.0,68.6,12.4,0,0,0,-3.5,44.5
00-0036919,Kenneth Gainwell,PHI,2023,1,54.0,14,0.62,NE,10.0,,,0,0,0,3.5,44.5
00-0038134,Kenneth Walker III,SEA,2023,1,64.0,12,0.63,LA,9.0,53.4,16.0,0,0,0,4.5,45.0
00-0033280,Christian McCaffrey,SF,2023,1,152.0,22,0.85,PIT,2.0,81.0,14.8,0,0,0,1.5,41.5
00-0037256,Rachaad White,TB,2023,1,39.0,17,0.79,MIN,8.0,84.5,18.0,0,1,0,-4.0,45.0
00-0037746,Brian Robinson,WAS,2023,1,59.0,19,0.61,ARI,12.0,,,0,0,0,7.0,38.0
00-0033553,James Conner,ARI,2023,2,106.0,23,0.72,NYG,13.0,81.8,17.0,0,1,0,-5.0,40.0
00-0038542,Bijan Robinson,ATL,2023,2,124.0,19,0.72,GB,16.0,56.0,10.0,0,0,0,3.0,40.5
00-0035243,Miles Sanders,CAR,2023,2,43.0,14,0.62,NO,12.0,82.6,16.0,0,0,0,-3.0,39.5
00-0036906,Khalil Herbert,CHI,2023,2,35.0,7,0.6,TB,14.0,100.6,19.8,0,0,0,-2.5,41.0
00-0033897,Joe Mixon,CIN,2023,2,59.0,13,0.78,BAL,10.0,63.0,14.2,0,0,0,3.5,45.5
00-0035261,Tony Pollard,DAL,2023,2,72.0,25,0.64,NYJ,8.0,89.33333333333333,16.0,0,0,1,8.5,38.5
00-0036265,AJ Dillon,GB,2023,2,55.0,15,0.68,ATL,17.0,60.0,13.333333333333334,0,0,0,-3.0,40.5
00-0036251,Zack Moss,IND,2023,2,88.0,18,0.98,HOU,20.0,50.5,13.75,0,0,0,1.0,40.0
00-0036973,Travis Etienne,JAX,2023,2,40.0,12,0.72,KC,9.0,80.8,19.2,0,0,-3,-3.5,50.5
00-0037840,Kyren Williams,LA,2023,2,52.0,14,0.95,SF,2.0,43.5,13.0,0,1,0,-7.5,45.0
00-0036370,Joshua Kelley,LAC,2023,2,39.0,13,0.79,TEN,3.0,,,0,0,0,2.5,45.5
00-0035700,Josh Jacobs,LV,2023,2,-2.0,9,0.73,BUF,21.0,59.8,18.0,0,0,1,-7.5,47.0
00-0031687,Raheem Mostert,MIA,2023,2,121.0,18,0.73,NE,7.0,60.8,11.8,0,0,0,2.0,46.5
00-0034972,Alexander Mattison,MIN,2023,2,28.0,8,0.76,PHI,4.0,78.0,19.4,0,0,0,-6.0,49.0
00-0036875,Rhamondre Stevenson,NE,2023,2,50.0,15,0.73,MIA,5.0,63.4,12.2,0,0,0,-2.0,46.5
00-0034844,Saquon Barkley,NYG,2023,2,63.0,17,0.97,ARI,11.0,61.4,11.2,0,1,0,5.0,40.0
00-0036275,D'Andre Swift,PHI,2023,2,175.0,28,0.75,MIN,6.0,97.0,17.4,0,0,0,6.0,49.0
00-0038134,Kenneth Walker III,SEA,2023,2,43.0,17,0.61,DET,1.0,62.8,16.4,0,1,-3,-4.5,47.5
00-0033280,Christian McCaffrey,SF,2023,2,116.0,20,1.0,LA,14.0,102.2,16.2,0,1,0,7.5,45.0
00-0037256,Rachaad White,TB,2023,2,73.0,17,0.72,CHI,19.0,69.33333333333333,17.666666666666668,0,0,0,2.5,41.0
00-0032764,Derrick Henry,TEN,2023,2,80.0,25,0.71,LAC,18.0,109.4,23.8,0,0,0,-2.5,45.5
00-0033553,James Conner,ARI,2023,3,98.0,14,0.64,DAL,6.0,79.0,16.6,0,0,0,-11.5,43.5
00-0038542,Bijan Robinson,ATL,2023,3,33.0,10,0.81,DET,1.0,90.0,14.5,0,1,0,-3.0,47.5
00-0037248,James Cook,BUF,2023,3,98.0,15,0.62,WAS,5.0,,,0,0,0,5.5,44.0
00-0035243,Miles Sanders,CAR,2023,3,24.0,9,0.65,SEA,16.0,79.6,15.8,0,0,-1,-5.0,42.5
00-0033897,Joe Mixon,CIN,2023,3,65.0,19,0.75,LA,15.0,63.2,13.4,0,0,0,3.0,45.5
00-0035261,Tony Pollard,DAL,2023,3,122.0,23,0.86,ARI,8.0,85.0,18.25,0,0,0,11.5,43.5
00-0039139,Jahmyr Gibbs,DET,2023,3,80.0,17,0.6,ATL,13.0,,,0,1,0,3.0,47.5
00-0036251,Zack Moss,IND,2023,3,122.0,30,0.76,BAL,8.0,58.0,14.6,0,0,0,-7.5,43.5
00-0036973,Travis Etienne,JAX,2023,3,88.0,19,0.71,HOU,18.0,82.4,18.2,0,0,0,7.5,43.5
00-0037840,Kyren Williams,LA,2023,3,38.0,10,1.0,CIN,4.0,46.333333333333336,13.333333333333334,0,0,0,-3.0,45.5
00-0036370,Joshua Kelley,LAC,2023,3,12.0,11,0.73,MIN,14.0,39.0,13.0,0,1,-3,-1.0,54.0
00-0035700,Josh Jacobs,LV,2023,3,62.0,17,0.82,PIT,11.0,40.8,15.4,0,1,1,3.0,43.5
00-0034972,Alexander Mattison,MIN,2023,3,93.0,20,0.8,LAC,17.0,61.2,15.8,0,1,3,1.0,54.0
00-0036875,Rhamondre Stevenson,NE,2023,3,59.0,19,0.65,NYJ,10.0,66.2,13.8,0,0,0,2.5,35.5
00-0033308,Matt Breida,NYG,2023,3,17.0,4,0.82,SF,3.0,28.0,4.0,0,0,0,-10.5,43.5
00-0033280,Christian McCaffrey,SF,2023,3,85.0,18,0.61,NYG,7.0,101.2,16.4,0,0,0,10.5,43.5
00-0037256,Rachaad White,TB,2023,3,38.0,14,0.91,PHI,2.0,70.25,17.5,0,0,-3,-6.0,44.0
00-0036328,Antonio Gibson,WAS,2023,3,17.0,2,0.61,BUF,11.0,42.6,12.4,0,0,0,-5.5,44.0
00-0033553,James Conner,ARI,2023,4,52.0,11,0.62,SF,1.0,81.6,16.4,0,0,-3,-15.0,44.0
00-0038542,Bijan Robinson,ATL,2023,4,105.0,14,0.76,JAX,6.0,71.0,13.0,0,0,0,-3.5,42.5
00-0034184,Gus Edwards,BAL,2023,4,48.0,15,0.69,CLE,10.0,,,0,0,0,2.0,38.5
00-0036906,Khalil Herbert,CHI,2023,4,103.0,18,0.78,DEN,23.0,88.2,17.4,0,0,0,-3.0,47.0
00-0033897,Joe Mixon,CIN,2023,4,67.0,14,0.79,TEN,2.0,70.8,15.6,0,0,-1,2.5,41.5
00-0037267,Jerome Ford,CLE,2023,4,26.0,9,0.62,BAL,19.0,,,0,0,0,-2.0,38.5
00-0035685,David Montgomery,DET,2023,4,121.0,32,0.71,GB,21.0,65.8,15.4,1,0,0,2.5,45.0
00-0036265,AJ Dillon,GB,2023,4,11.0,5,0.67,DET,3.0,58.75,13.75,0,0,0,-2.5,45.0
00-0036251,Zack Moss,IND,2023,4,70.0,18,0.83,LA,22.0,75.0,18.4,0,0,1,-1.0,44.5
00-0036973,Travis Etienne,JAX,2023,4,55.0,20,0.85,ATL,13.0,79.4,18.2,0,0,0,3.5,42.5
00-0037197,Isiah Pacheco,KC,2023,4,115.0,20,0.6,NYJ,13.0,,,0,0,0,9.5,41.5
00-0037840,Kyren Williams,LA,2023,4,103.0,25,0.72,IND,9.0,44.25,12.5,0,0,-1,1.0,44.5
00-0036370,Joshua Kelley,LAC,2023,4,65.0,17,0.6,LV,16.0,25.5,12.0,0,1,0,7.0,49.0
00-0035700,Josh Jacobs,LV,2023,4,58.0,17,0.7,LAC,18.0,44.4,15.8,0,1,0,-7.0,49.0
00-0039040,De'Von Achane,MIA,2023,4,101.0,8,0.6,BUF,4.0,,,0,0,0,-2.5,53.0
00-0034972,Alexander Mattison,MIN,2023,4,95.0,17,0.69,CAR,12.0,57.2,14.8,0,0,0,4.5,46.5
00-0036875,Rhamondre Stevenson,NE,2023,4,30.0,14,0.64,DAL,8.0,67.2,15.6,0,1,0,-6.5,43.0
00-0033906,Alvin Kamara,NO,2023,4,51.0,11,0.75,TB,6.0,65.8,16.6,0,1,1,4.0,41.0
00-0033308,Matt Breida,NYG,2023,4,30.0,14,0.73,SEA,16.0,22.5,4.0,0,0,3,-2.5,46.5
00-0036275,D'Andre Swift,PHI,2023,4,56.0,14,0.63,WAS,11.0,122.4,20.4,0,0,-1,9.5,43.0
00-0038134,Kenneth Walker III,SEA,2023,4,79.0,17,0.71,NYG,15.0,66.2,17.0,0,0,-3,2.5,46.5
00-0033280,Christian McCaffrey,SF,2023,4,106.0,20,0.85,ARI,20.0,94.4,17.0,0,0,3,15.0,44.0
00-0037256,Rachaad White,TB,2023,4,56.0,15,0.7,NO,5.0,63.8,16.8,0,1,-1,-4.0,41.0
00-0038705,Emari Demercado,ARI,2023,5,45.0,10,0.77,CIN,1.0,,,0,1,0,-3.0,45.5
00-0038542,Bijan Robinson,ATL,2023,5,46.0,14,0.61,HOU,14.0,79.5,13.25,0,0,0,2.5,42.0
00-0037248,James Cook,BUF,2023,5,-4.0,5,0.62,JAX,6.0,98.0,15.0,0,0,0,5.5,48.5
00-0036906,Khalil Herbert,CHI,2023,5,76.0,10,0.66,WAS,9.0,88.8,17.4,0,0,0,-6.0,45.5
00-0033897,Joe Mixon,CIN,2023,5,81.0,25,0.77,ARI,13.0,53.6,14.0,0,1,0,3.0,45.5
00-0035261,Tony Pollard,DAL,2023,5,29.0,8,0.69,SF,2.0,92.4,19.2,0,0,0,-3.5,45.0
00-0033526,Samaje Perine,DEN,2023,5,22.0,6,0.6,NYJ,12.0,55.0,13.0,0,0,0,2.5,42.5
00-0035685,David Montgomery,DET,2023,5,109.0,19,0.75,CAR,10.0,74.2,19.0,0,1,3,9.5,43.5
00-0036265,AJ Dillon,GB,2023,5,76.0,20,0.64,LV,16.0,49.2,12.0,0,1,3,-1.0,45.0
00-0036251,Zack Moss,IND,2023,5,165.0,23,0.8,TEN,4.0,85.2,20.4,0,0,0,-2.5,43.5
00-0036973,Travis Etienne,JAX,2023,5,136.0,26,0.83,BUF,7.0,73.8,17.8,0,0,0,-5.5,48.5
00-0037840,Kyren Williams,LA,2023,5,53.0,13,0.84,PHI,3.0,56.0,15.0,0,1,0,-3.5,50.5
00-0035700,Josh Jacobs,LV,2023,5,69.0,20,0.84,GB,17.0,42.2,15.8,0,1,-3,1.0,45.0
00-0033906,Alvin Kamara,NO,2023,5,80.0,22,0.63,NE,11.0,67.6,16.4,0,0,0,-2.5,38.5
00-0036275,D'Andre Swift,PHI,2023,5,70.0,17,0.62,LA,15.0,128.2,20.8,0,1,0,3.5,50.5
00-0033280,Christian McCaffrey,SF,2023,5,51.0,19,0.73,DAL,5.0,108.6,19.0,0,0,0,3.5,45.0
00-0032764,Derrick Henry,TEN,2023,5,43.0,13,0.62,IND,8.0,108.0,23.2,0,0,0,2.5,43.5
00-0038542,Bijan Robinson,ATL,2023,6,37.0,13,0.77,WAS,10.0,72.8,13.4,0,1,-3,1.5,42.0
00-0034184,Gus Edwards,BAL,2023,6,41.0,16,0.62,TEN,11.0,48.0,15.0,0,0,0,5.5,42.5
00-0036555,Chuba Hubbard,CAR,2023,6,88.0,19,0.77,MIA,4.0,60.25,16.25,0,0,0,-14.0,47.5
00-0033925,D'Onta Foreman,CHI,2023,6,65.0,15,0.61,MIN,12.0,126.66666666666667,27.666666666666668,0,0,3,-3.0,44.5
00-0033897,Joe Mixon,CIN,2023,6,38.0,12,0.7,SEA,8.0,65.6,16.8,0,0,-6,3.0,45.5
00-0035261,Tony Pollard,DAL,2023,6,30.0,15,0.8,LAC,13.0,81.6,18.4,0,1,-7,1.5,49.5
00-0035567,Craig Reynolds,DET,2023,6,15.0,10,0.61,TB,9.0,112.0,26.0,0,0,-7,3.0,43.5
00-0036973,Travis Etienne,JAX,2023,6,55.0,18,0.8,IND,6.0,79.2,19.0,0,0,0,4.0,44.0
00-0037197,Isiah Pacheco,KC,2023,6,62.0,16,0.63,DEN,18.0,115.0,20.0,0,0,0,10.5,47.5
00-0037840,Kyren Williams,LA,2023,6,158.0,20,0.82,ARI,15.0,59.6,15.4,0,1,0,7.0,48.0
00-0033699,Austin Ekeler,LAC,2023,6,27.0,14,0.68,DAL,5.0,43.0,11.6,0,1,7,-1.5,49.5
00-0035700,Josh Jacobs,LV,2023,6,77.0,25,0.81,NE,16.0,47.0,16.4,0,1,-1,3.0,41.5
00-0031687,Raheem Mostert,MIA,2023,6,115.0,17,0.61,CAR,19.0,72.2,12.6,0,0,0,14.0,47.5
00-0034972,Alexander Mattison,MIN,2023,6,44.0,18,0.79,CHI,17.0,58.2,13.8,0,0,-3,3.0,44.5
00-0036875,Rhamondre Stevenson,NE,2023,6,46.0,10,0.65,LV,20.0,38.8,14.6,0,1,1,-3.0,41.5
00-0033906,Alvin Kamara,NO,2023,6,68.0,19,0.8,HOU,14.0,81.0,19.4,0,1,0,2.0,42.5
00-0034844,Saquon Barkley,NYG,2023,6,93.0,24,0.78,BUF,6.0,57.2,11.8,1,0,0,-15.5,43.5
00-0038120,Breece Hall,NYJ,2023,6,39.0,12,0.66,PHI,3.0,93.0,18.333333333333332,0,0,0,-6.5,43.0
00-0038134,Kenneth Walker III,SEA,2023,6,62.0,19,0.76,CIN,2.0,72.6,18.0,0,0,6,-3.0,45.5
00-0037256,Rachaad White,TB,2023,6,26.0,7,0.79,DET,1.0,54.0,15.4,0,0,7,-3.0,43.5
00-0038705,Emari Demercado,ARI,2023,7,58.0,13,0.8,SEA,4.0,45.0,10.0,0,0,0,-9.5,43.5
00-0039139,Jahmyr Gibbs,DET,2023,7,68.0,11,0.87,BAL,11.0,80.0,17.0,0,0,0,-3.0,43.5
00-0036973,Travis Etienne,JAX,2023,7,53.0,14,0.88,NO,3.0,74.8,19.0,0,1,0,-2.5,41.0
00-0033699,Austin Ekeler,LAC,2023,7,45.0,14,0.63,KC,2.0,44.4,13.4,0,0,-4,-5.5,48.5
00-0035700,Josh Jacobs,LV,2023,7,35.0,11,0.66,CHI,10.0,52.8,17.6,0,0,0,2.5,38.5
00-0036875,Rhamondre Stevenson,NE,2023,7,34.0,9,0.65,BUF,8.0,42.0,14.0,0,0,0,-7.5,41.0
00-0033906,Alvin Kamara,NO,2023,7,62.0,17,0.73,JAX,1.0,76.4,19.0,0,1,0,2.5,41.0
00-0034844,Saquon Barkley,NYG,2023,7,77.0,21,0.84,WAS,6.0,64.2,14.2,0,0,0,-3.0,37.0
00-0036275,D'Andre Swift,PHI,2023,7,62.0,15,0.68,MIA,5.0,116.2,17.6,0,0,0,3.0,52.0
00-0038134,Kenneth Walker III,SEA,2023,7,105.0,26,0.8,ARI,12.0,62.2,16.0,0,0,0,9.5,43.5
00-0033280,Christian McCaffrey,SF,2023,7,45.0,15,1.0,MIN,7.0,102.0,19.8,1,1,0,7.0,44.5
00-0037256,Rachaad White,TB,2023,7,34.0,13,0.75,ATL,9.0,46.4,14.0,0,0,0,3.0,37.5
00-0038542,Bijan Robinson,ATL,2023,8,62.0,11,0.74,TEN,12.0,69.0,14.0,0,0,-7,2.5,35.0
00-0037248,James Cook,BUF,2023,8,67.0,14,0.67,TB,5.0,47.0,10.0,0,0,0,10.0,43.0
00-0036555,Chuba Hubbard,CAR,2023,8,28.0,15,0.67,HOU,17.0,65.8,16.8,0,0,0,-3.0,43.0
00-0033897,Joe Mixon,CIN,2023,8,87.0,16,0.75,SF,2.0,62.0,16.6,0,0,8,-4.0,44.0
00-0035261,Tony Pollard,DAL,2023,8,53.0,12,0.65,LA,15.0,64.6,17.0,0,1,6,6.5,44.5
00-0036997,Javonte Williams,DEN,2023,8,85.0,27,0.63,KC,3.0,88.5,19.0,0,0,0,-7.0,45.5
00-0039139,Jahmyr Gibbs,DET,2023,8,152.0,26,0.7,LV,13.0,74.0,14.0,0,1,0,7.0,46.0
00-0036223,Jonathan Taylor,IND,2023,8,95.0,12,0.61,NO,5.0,95.0,20.2,0,1,-3,-2.0,43.5
00-0036973,Travis Etienne,JAX,2023,8,79.0,24,0.89,PIT,10.0,77.4,19.4,0,0,3,2.5,41.0
00-0033699,Austin Ekeler,LAC,2023,8,29.0,15,0.67,CHI,7.0,46.4,14.2,0,1,0,9.5,46.0
00-0035700,Josh Jacobs,LV,2023,8,61.0,15,0.76,DET,1.0,60.2,18.0,0,1,0,-7.0,46.0
00-0034972,Alexander Mattison,MIN,2023,8,31.0,16,0.61,GB,18.0,58.8,14.8,0,0,-1,1.0,41.5
00-0034844,Saquon Barkley,NYG,2023,8,128.0,36,0.89,NYJ,11.0,69.0,16.6,0,0,-7,-3.0,35.0
00-0038120,Breece Hall,NYJ,2023,8,17.0,12,0.64,NYG,16.0,79.5,16.75,0,0,7,3.0,35.0
00-0036275,D'Andre Swift,PHI,2023,8,57.0,16,0.7,WAS,9.0,101.4,17.8,0,0,0,7.0,42.5
00-0033280,Christian McCaffrey,SF,2023,8,54.0,12,0.97,CIN,4.0,80.6,18.4,0,0,-8,4.0,44.0
00-0037256,Rachaad White,TB,2023,8,39.0,9,0.82,BUF,14.0,45.4,13.2,0,0,0,-10.0,43.0
00-0032764,Derrick Henry,TEN,2023,8,101.0,22,0.65,ATL,8.0,92.4,22.4,0,0,7,-2.5,35.0
00-0038542,Bijan Robinson,ATL,2023,9,51.0,11,0.61,MIN,10.0,56.6,12.4,0,0,0,3.5,38.5
00-0034975,Justice Hill,BAL,2023,9,40.0,13,0.63,SEA,2.0,,,0,0,0,6.0,44.5
00-0036555,Chuba Hubbard,CAR,2023,9,58.0,16,0.65,IND,8.0,51.2,15.0,0,0,0,-1.5,45.0
00-0033897,Joe Mixon,CIN,2023,9,37.0,14,0.73,BUF,13.0,67.6,17.2,1,0,-3,1.5,51.0
00-0037267,Jerome Ford,CLE,2023,9,44.0,20,0.64,ARI,16.0,26.0,9.0,0,0,0,13.0,38.0
00-0035261,Tony Pollard,DAL,2023,9,51.0,12,0.77,PHI,1.0,61.2,16.6,0,0,0,-3.5,46.5
00-0035250,Devin Singletary,HOU,2023,9,26.0,13,0.75,TB,2.0,54.4,12.8,0,1,-3,2.5,39.5
00-0036223,Jonathan Taylor,IND,2023,9,47.0,18,0.74,CAR,15.0,98.8,19.4,0,0,0,1.5,45.0
00-0037197,Isiah Pacheco,KC,2023,9,66.0,16,0.68,MIA,7.0,88.5,18.0,0,0,0,1.0,51.0
00-0033699,Austin Ekeler,LAC,2023,9,47.0,14,0.67,NYJ,12.0,40.6,14.8,0,0,0,3.0,41.0
00-0035700,Josh Jacobs,LV,2023,9,98.0,26,0.78,NYG,11.0,60.0,17.6,0,1,-1,1.0,38.5
00-0036875,Rhamondre Stevenson,NE,2023,9,87.0,9,0.63,WAS,6.0,43.8,13.4,0,0,0,2.5,40.5
00-0034844,Saquon Barkley,NYG,2023,9,90.0,16,0.75,LV,14.0,82.4,22.0,0,1,1,-1.0,38.5
00-0038120,Breece Hall,NYJ,2023,9,50.0,16,0.6,LAC,5.0,67.0,15.8,0,0,0,-3.0,41.0
00-0036275,D'Andre Swift,PHI,2023,9,43.0,18,0.65,DAL,4.0,84.0,18.0,0,0,0,3.5,46.5
00-0037256,Rachaad White,TB,2023,9,73.0,20,0.8,HOU,9.0,38.6,11.6,0,1,3,-2.5,39.5
00-0033553,James Conner,ARI,2023,10,73.0,16,0.63,ATL,8.0,79.4,15.4,1,1,0,-2.0,43.5
00-0038542,Bijan Robinson,ATL,2023,10,95.0,22,0.75,ARI,17.0,60.2,12.6,0,1,0,2.0,43.5
00-0033897,Joe Mixon,CIN,2023,10,46.0,11,0.73,HOU,7.0,62.0,16.2,0,0,0,5.5,46.0
00-0037267,Jerome Ford,CLE,2023,10,107.0,17,0.64,BAL,14.0,35.0,14.5,0,0,0,-6.0,38.5
00-0035261,Tony Pollard,DAL,2023,10,55.0,15,0.69,NYG,13.0,57.0,14.0,0,1,0,17.5,38.5
00-0035250,Devin Singletary,HOU,2023,10,150.0,30,0.81,CIN,4.0,50.2,12.8,0,0,0,-5.5,46.0
00-0036223,Jonathan Taylor,IND,2023,10,69.0,23,0.88,NE,15.0,78.8,18.6,0,0,0,1.0,42.0
00-0036973,Travis Etienne,JAX,2023,10,35.0,9,0.61,SF,5.0,75.6,20.4,0,0,0,-3.0,44.5
00-0033699,Austin Ekeler,LAC,2023,10,67.0,19,0.69,DET,1.0,36.6,14.0,0,1,-7,-2.5,48.5
00-0035700,Josh Jacobs,LV,2023,10,116.0,27,0.83,NYJ,11.0,68.0,19.4,0,1,1,-1.0,35.5
00-0036875,Rhamondre Stevenson,NE,2023,10,88.0,20,0.67,IND,9.0,51.2,12.2,0,0,0,-1.0,42.0
00-0033906,Alvin Kamara,NO,2023,10,42.0,9,0.76,MIN,10.0,73.6,18.4,0,1,0,3.0,41.0
00-0034844,Saquon Barkley,NYG,2023,10,66.0,13,0.61,DAL,6.0,90.2,22.8,0,1,0,-17.5,38.5
00-0038120,Breece Hall,NYJ,2023,10,28.0,13,0.7,LV,16.0,63.8,15.6,0,1,-1,1.0,35.5
00-0033280,Christian McCaffrey,SF,2023,10,95.0,16,0.76,JAX,3.0,68.2,16.8,0,0,0,3.0,44.5
00-0037256,Rachaad White,TB,2023,10,51.0,20,0.71,TEN,12.0,45.6,12.8,0,0,-3,2.5,39.5
00-0039032,Tyjae Spears,TEN,2023,10,18.0,5,0.6,TB,2.0,,,0,0,3,-2.5,39.5
00-0033553,James Conner,ARI,2023,11,62.0,14,0.69,HOU,5.0,78.2,15.6,0,1,0,-5.5,48.0
00-0033897,Joe Mixon,CIN,2023,11,69.0,16,0.64,BAL,14.0,57.8,15.6,0,0,0,-4.0,46.5
00-0035261,Tony Pollard,DAL,2023,11,61.0,12,0.63,CAR,19.0,43.6,12.4,0,0,-3,11.0,43.0
00-0036265,AJ Dillon,GB,2023,11,29.0,14,0.72,LAC,9.0,53.8,13.8,0,0,0,-3.0,44.0
00-0035250,Devin Singletary,HOU,2023,11,112.0,22,0.85,ARI,20.0,63.0,15.2,0,1,0,5.5,48.0
00-0036973,Travis Etienne,JAX,2023,11,52.0,14,0.66,TEN,15.0,71.6,18.2,0,0,0,6.5,40.0
00-0037197,Isiah Pacheco,KC,2023,11,89.0,19,0.61,PHI,3.0,81.0,17.333333333333332,0,0,0,2.5,46.0
00-0034838,Royce Freeman,LA,2023,11,73.0,17,0.63,SEA,2.0,,,0,1,7,2.5,45.0
00-0033699,Austin Ekeler,LAC,2023,11,64.0,10,0.71,GB,18.0,43.0,15.2,0,0,0,3.0,44.0
00-0035700,Josh Jacobs,LV,2023,11,39.0,14,0.77,MIA,8.0,77.4,20.8,0,0,-7,-14.0,44.5
00-0031687,Raheem Mostert,MIA,2023,11,86.0,22,0.79,LV,16.0,89.2,14.6,0,0,7,14.0,44.5
00-0034972,Alexander Mattison,MIN,2023,11,81.0,18,0.65,DEN,17.0,58.2,15.8,1,0,1,-2.5,43.5
00-0034844,Saquon Barkley,NYG,2023,11,83.0,14,0.91,WAS,10.0,90.8,22.0,0,0,0,-7.5,39.0
00-0038120,Breece Hall,NYJ,2023,11,23.0,10,0.63,BUF,12.0,50.0,14.6,0,0,1,-8.0,39.5
00-0036275,D'Andre Swift,PHI,2023,11,76.0,12,0.64,KC,6.0,57.6,16.0,0,0,0,-2.5,46.0
00-0039165,Zach Charbonnet,SEA,2023,11,47.0,15,0.85,LA,13.0,,,0,1,-7,-2.5,45.0
00-0033280,Christian McCaffrey,SF,2023,11,78.0,21,0.87,TB,1.0,70.2,16.4,0,0,0,13.5,41.5
00-0037256,Rachaad White,TB,2023,11,30.0,9,0.8,SF,4.0,44.6,13.8,0,0,0,-13.5,41.5
00-0032764,Derrick Henry,TEN,2023,11,38.0,10,0.63,JAX,7.0,91.8,22.6,0,0,0,-6.5,40.0
00-0037746,Brian Robinson,WAS,2023,11,73.0,17,0.78,NYG,10.0,59.0,19.0,0,0,0,7.5,39.0
00-0038542,Bijan Robinson,ATL,2023,12,91.0,16,0.63,NO,8.0,58.2,14.2,0,1,0,-2.0,42.0
00-0036555,Chuba Hubbard,CAR,2023,12,45.0,14,0.64,TEN,15.0,50.6,15.0,0,0,0,-3.5,36.0
00-0039021,Roschon Johnson,CHI,2023,12,35.0,10,0.74,MIN,1.0,,,0,1,0,-3.0,43.5
00-0033897,Joe Mixon,CIN,2023,12,16.0,8,0.65,PIT,21.0,55.4,13.8,0,0,3,-2.0,36.0
00-0037267,Jerome Ford,CLE,2023,12,65.0,9,0.7,DEN,20.0,59.0,15.333333333333334,0,0,0,-1.5,37.5
00-0035261,Tony Pollard,DAL,2023,12,79.0,13,0.76,WAS,12.0,50.0,13.2,0,1,0,13.0,48.0
00-0036997,Javonte Williams,DEN,2023,12,65.0,18,0.7,CLE,11.0,87.33333333333333,21.666666666666668,0,0,0,1.5,37.5
00-0039139,Jahmyr Gibbs,DET,2023,12,54.0,11,0.71,GB,19.0,100.0,18.0,0,1,0,8.5,47.0
00-0035250,Devin Singletary,HOU,2023,12,18.0,6,0.82,JAX,6.0,71.0,16.8,0,1,0,-1.0,48.0
00-0036973,Travis Etienne,JAX,2023,12,56.0,20,0.62,HOU,5.0,54.8,15.8,0,1,0,1.0,48.0
00-0037197,Isiah Pacheco,KC,2023,12,55.0,15,0.78,LV,18.0,83.0,17.75,0,1,-1,9.0,42.5
00-0037840,Kyren Williams,LA,2023,12,143.0,16,0.61,ARI,24.0,80.8,16.4,0,1,0,3.0,45.0
00-0033699,Austin Ekeler,LAC,2023,12,32.0,10,0.8,BAL,16.0,50.4,14.4,0,1,-3,-3.0,49.0
00-0035700,Josh Jacobs,LV,2023,12,110.0,20,0.76,KC,9.0,69.8,18.6,0,1,1,-9.0,42.5
00-0031687,Raheem Mostert,MIA,2023,12,94.0,20,0.6,NYJ,23.0,99.0,16.8,0,0,0,9.5,40.0
00-0036875,Rhamondre Stevenson,NE,2023,12,98.0,21,0.78,NYG,10.0,57.0,12.4,0,0,7,4.5,36.5
00-0033906,Alvin Kamara,NO,2023,12,69.0,15,0.64,ATL,13.0,60.6,15.6,0,1,0,2.0,42.0
00-0034844,Saquon Barkley,NYG,2023,12,46.0,12,0.81,NE,17.0,88.8,20.0,0,0,-7,-4.5,36.5
00-0038120,Breece Hall,NYJ,2023,12,25.0,7,0.66,MIA,7.0,31.4,12.6,0,0,0,-9.5,40.0
00-0036275,D'Andre Swift,PHI,2023,12,80.0,14,0.64,BUF,2.0,61.6,15.6,0,0,-1,2.5,49.0
00-0039165,Zach Charbonnet,SEA,2023,12,47.0,14,0.88,SF,3.0,47.0,15.0,0,0,0,-7.0,43.5
00-0033280,Christian McCaffrey,SF,2023,12,114.0,19,0.77,SEA,4.0,64.6,16.6,0,0,0,7.0,43.5
00-0037256,Rachaad White,TB,2023,12,100.0,15,0.87,IND,14.0,45.4,14.2,1,1,-7,-2.5,45.0
00-0032764,Derrick Henry,TEN,2023,12,76.0,18,0.64,CAR,22.0,74.2,20.0,0,0,0,3.5,36.0
00-0033553,James Conner,ARI,2023,13,105.0,25,0.76,PIT,17.0,78.2,15.6,0,0,0,-6.0,41.0
00-0038542,Bijan Robinson,ATL,2023,13,53.0,18,0.75,NYJ,18.0,67.2,14.6,0,0,-2,2.0,33.0
00-0036555,Chuba Hubbard,CAR,2023,13,104.0,25,0.65,TB,1.0,57.6,17.0,0,0,0,-4.0,37.0
00-0033897,Joe Mixon,CIN,2023,13,68.0,19,0.71,JAX,2.0,51.0,13.0,0,0,0,-10.0,41.0
00-0035261,Tony Pollard,DAL,2023,13,68.0,20,0.78,SEA,8.0,59.8,12.8,0,1,0,9.5,47.5
00-0036997,Javonte Williams,DEN,2023,13,46.0,13,0.65,HOU,6.0,81.75,20.75,0,1,0,-3.5,47.5
00-0035685,David Montgomery,DET,2023,13,56.0,18,0.62,NO,11.0,83.8,20.0,0,1,3,4.0,47.5
00-0036265,AJ Dillon,GB,2023,13,73.0,18,0.63,KC,15.0,52.8,14.4,0,0,3,-5.5,43.5
00-0036251,Zack Moss,IND,2023,13,51.0,19,0.94,TEN,4.0,102.0,20.2,0,0,0,1.5,42.0
00-0036973,Travis Etienne,JAX,2023,13,45.0,11,0.62,CIN,14.0,55.0,16.2,1,0,0,10.0,41.0
00-0037197,Isiah Pacheco,KC,2023,13,110.0,18,0.7,GB,12.0,77.4,17.2,0,0,-3,5.5,43.5
00-0037840,Kyren Williams,LA,2023,13,88.0,21,0.94,CLE,9.0,99.0,16.8,0,1,0,3.5,39.5
00-0039040,De'Von Achane,MIA,2023,13,73.0,17,0.61,WAS,16.0,101.0,8.0,0,0,-1,8.5,50.0
00-0033045,Ezekiel Elliott,NE,2023,13,52.0,17,0.69,LAC,5.0,54.2,16.6,1,0,0,-4.5,38.5
00-0038120,Breece Hall,NYJ,2023,13,16.0,13,0.68,ATL,10.0,28.6,11.6,1,0,2,-2.0,33.0
00-0039165,Zach Charbonnet,SEA,2023,13,60.0,19,0.61,DAL,3.0,47.0,14.5,0,1,0,-9.5,47.5
00-0033280,Christian McCaffrey,SF,2023,13,93.0,17,0.88,PHI,7.0,77.2,16.6,0,0,3,3.0,46.5
00-0037256,Rachaad White,TB,2023,13,84.0,20,0.87,CAR,19.0,58.6,14.6,0,0,0,4.0,37.0
00-0039032,Tyjae Spears,TEN,2023,13,75.0,16,0.67,IND,13.0,18.0,5.0,0,0,0,-1.5,42.0
00-0038542,Bijan Robinson,ATL,2023,14,34.0,10,0.78,TB,7.0,70.4,15.6,0,1,0,1.5,41.5
00-0036555,Chuba Hubbard,CAR,2023,14,87.0,23,0.78,NO,13.0,64.6,17.8,0,1,0,-5.5,39.0
00-0033897,Joe Mixon,CIN,2023,14,79.0,21,0.63,IND,17.0,47.2,13.6,0,0,-1,3.0,45.0
00-0035261,Tony Pollard,DAL,2023,14,59.0,16,0.72,PHI,10.0,62.8,14.4,0,1,3,3.5,52.5
00-0036997,Javonte Williams,DEN,2023,14,66.0,17,0.6,LAC,1.0,74.6,19.2,0,1,0,-3.0,45.0
00-0039139,Jahmyr Gibbs,DET,2023,14,66.0,11,0.63,CHI,4.0,88.5,16.25,0,0,-6,3.0,44.5
00-0036251,Zack Moss,IND,2023,14,28.0,13,0.84,CIN,15.0,99.2,21.6,0,0,1,-3.0,45.0
00-0036973,Travis Etienne,JAX,2023,14,35.0,14,0.78,CLE,12.0,53.4,15.6,1,0,-1,-2.5,37.5
00-0037840,Kyren Williams,LA,2023,14,114.0,25,0.9,BAL,9.0,109.0,19.0,0,0,-7,-7.5,42.0
00-0033699,Austin Ekeler,LAC,2023,14,51.0,10,0.72,DEN,16.0,47.8,13.6,0,1,0,3.0,45.0
00-0035700,Josh Jacobs,LV,2023,14,34.0,13,0.63,MIN,2.0,84.8,20.4,0,1,1,-3.0,40.5
00-0031687,Raheem Mostert,MIA,2023,14,96.0,21,0.64,TEN,3.0,90.6,17.4,0,0,0,14.0,45.0
00-0033045,Ezekiel Elliott,NE,2023,14,68.0,22,0.91,PIT,18.0,54.8,16.2,0,0,0,-6.0,30.0
00-0034844,Saquon Barkley,NYG,2023,14,86.0,20,0.86,GB,11.0,82.6,18.2,0,0,7,-6.0,37.5
00-0038120,Breece Hall,NYJ,2023,14,40.0,10,0.62,HOU,6.0,28.4,11.8,1,0,0,-3.5,33.5
00-0033280,Christian McCaffrey,SF,2023,14,145.0,16,0.89,SEA,14.0,86.8,17.0,0,0,-3,14.5,44.5
00-0037256,Rachaad White,TB,2023,14,102.0,25,0.84,ATL,7.0,67.6,16.8,0,1,0,-1.5,41.5
00-0039032,Tyjae Spears,TEN,2023,14,29.0,7,0.66,MIA,5.0,46.5,10.5,0,0,0,-14.0,45.0
00-0036555,Chuba Hubbard,CAR,2023,15,87.0,22,0.73,ATL,7.0,64.4,18.6,0,0,0,-3.0,32.0
00-0033897,Joe Mixon,CIN,2023,15,47.0,10,0.7,MIN,1.0,55.6,15.0,0,0,0,3.0,41.5
00-0035261,Tony Pollard,DAL,2023,15,52.0,11,0.72,BUF,2.0,64.4,15.2,0,0,0,-2.0,49.5
00-0035250,Devin Singletary,HOU,2023,15,121.0,26,0.75,TEN,4.0,66.2,15.4,0,0,1,-3.0,38.0
00-0036973,Travis Etienne,JAX,2023,15,31.0,10,0.69,BAL,10.0,44.6,13.6,0,0,0,-4.0,42.5
00-0036360,Clyde Edwards-Helaire,KC,2023,15,37.0,13,0.62,NE,11.0,55.25,13.25,0,0,-3,10.0,39.5
00-0037840,Kyren Williams,LA,2023,15,152.0,27,0.77,WAS,8.0,111.2,19.0,0,1,-7,6.5,48.5
00-0038040,Zamir White,LV,2023,15,69.0,17,0.7,LAC,3.0,,,0,1,0,3.0,36.0
00-0037276,Ty Chandler,MIN,2023,15,132.0,23,0.81,CIN,5.0,,,0,0,0,-3.0,41.5
00-0033045,Ezekiel Elliott,NE,2023,15,25.0,11,0.87,KC,9.0,52.8,16.2,0,0,3,-10.0,39.5
00-0037228,Jaylen Warren,PIT,2023,15,40.0,10,0.69,IND,12.0,,,0,1,3,-1.5,41.5
00-0033280,Christian McCaffrey,SF,2023,15,115.0,18,0.77,ARI,13.0,105.0,17.8,0,0,-7,12.5,48.0
00-0037256,Rachaad White,TB,2023,15,89.0,21,0.81,GB,6.0,73.4,17.8,0,0,1,-4.0,41.5
00-0038542,Bijan Robinson,ATL,2023,16,72.0,12,0.75,IND,13.0,64.8,15.4,0,1,-1,3.0,44.0
00-0034975,Justice Hill,BAL,2023,16,26.0,10,0.62,SF,3.0,40.0,13.0,0,0,0,-6.5,47.5
00-0037248,James Cook,BUF,2023,16,70.0,20,0.75,LAC,6.0,53.666666666666664,11.333333333333334,0,1,-3,13.0,44.5
00-0036555,Chuba Hubbard,CAR,2023,16,43.0,16,0.64,GB,15.0,76.2,20.0,0,0,0,-3.5,39.5
00-0035261,Tony Pollard,DAL,2023,16,38.0,12,0.7,MIA,2.0,63.8,14.4,0,0,0,-1.5,48.5
00-0036973,Travis Etienne,JAX,2023,16,12.0,6,0.73,TB,5.0,43.8,13.8,0,0,0,2.0,43.0
00-0037840,Kyren Williams,LA,2023,16,104.0,22,0.79,NO,13.0,131.0,21.8,0,1,0,4.0,45.5
00-0033699,Austin Ekeler,LAC,2023,16,65.0,15,0.64,BUF,4.0,52.2,12.6,0,1,3,-13.0,44.5
00-0038040,Zamir White,LV,2023,16,145.0,22,0.76,KC,12.0,69.0,17.0,0,0,3,-11.0,40.5
00-0037276,Ty Chandler,MIN,2023,16,17.0,8,0.65,DET,1.0,132.0,23.0,0,1,0,-2.5,47.5
00-0033045,Ezekiel Elliott,NE,2023,16,27.0,12,0.83,DEN,11.0,41.6,15.8,0,0,-1,-7.0,37.5
00-0033906,Alvin Kamara,NO,2023,16,19.0,9,0.73,LA,8.0,64.2,16.4,0,1,0,-4.0,45.5
00-0034844,Saquon Barkley,NYG,2023,16,80.0,23,0.89,PHI,9.0,74.2,15.0,0,0,1,-14.0,41.0
00-0038120,Breece Hall,NYJ,2023,16,95.0,20,0.77,WAS,16.0,26.4,10.6,0,0,0,3.0,36.5
00-0033280,Christian McCaffrey,SF,2023,16,103.0,14,1.0,BAL,10.0,109.0,18.2,0,0,0,6.5,47.5
00-0037256,Rachaad White,TB,2023,16,39.0,20,0.68,JAX,7.0,81.0,18.0,0,0,0,-2.0,43.0
00-0033553,James Conner,ARI,2023,17,128.0,26,0.66,PHI,12.0,78.0,16.0,0,0,1,-12.0,48.0
00-0038542,Bijan Robinson,ATL,2023,17,75.0,15,0.76,CHI,2.0,69.0,15.6,0,0,0,-3.0,39.0
00-0036555,Chuba Hubbard,CAR,2023,17,45.0,11,0.7,JAX,6.0,73.2,20.0,0,0,0,-3.5,38.0
00-0033897,Joe Mixon,CIN,2023,17,65.0,21,0.61,KC,16.0,55.8,14.8,0,0,2,-7.5,46.0
00-0035261,Tony Pollard,DAL,2023,17,49.0,16,0.85,DET,1.0,59.2,14.4,0,1,0,5.5,53.0
00-0039139,Jahmyr Gibbs,DET,2023,17,43.0,15,0.62,DAL,2.0,84.0,15.2,0,1,0,-5.5,53.0
00-0035250,Devin Singletary,HOU,2023,17,80.0,16,0.62,TEN,11.0,85.4,19.4,0,1,0,5.0,44.0
00-0036223,Jonathan Taylor,IND,2023,17,96.0,21,0.63,LV,15.0,75.8,18.8,0,1,1,3.5,42.5
00-0036973,Travis Etienne,JAX,2023,17,102.0,16,0.62,CAR,13.0,35.8,12.2,0,0,0,3.5,38.0
00-0037197,Isiah Pacheco,KC,2023,17,130.0,18,0.93,CIN,14.0,76.4,16.8,1,0,-2,7.5,46.0
00-0037840,Kyren Williams,LA,2023,17,87.0,20,0.94,NYG,10.0,120.2,22.2,0,0,4,6.0,43.5
00-0033699,Austin Ekeler,LAC,2023,17,46.0,13,0.72,DEN,8.0,55.8,12.8,0,0,1,-3.5,39.5
00-0033045,Ezekiel Elliott,NE,2023,17,39.0,14,0.81,BUF,5.0,39.6,14.4,0,0,-1,-15.0,40.0
00-0034844,Saquon Barkley,NYG,2023,17,39.0,12,0.89,LA,7.0,72.2,16.4,0,0,-4,-6.0,43.5
00-0038120,Breece Hall,NYJ,2023,17,84.0,13,0.71,CLE,9.0,39.8,12.0,0,0,0,-6.5,33.5
00-0037256,Rachaad White,TB,2023,17,42.0,11,0.73,NO,17.0,82.8,20.2,0,0,-3,2.5,42.5
00-0039032,Tyjae Spears,TEN,2023,17,0.0,6,0.62,HOU,4.0,40.666666666666664,9.333333333333334,0,1,0,-5.0,44.0
00-0033553,James Conner,ARI,2023,18,150.0,27,0.74,SEA,17.0,84.0,18.4,0,1,0,-2.5,48.0
00-0038542,Bijan Robinson,ATL,2023,18,28.0,11,0.74,NO,13.0,65.0,14.2,0,1,0,-3.5,41.5
00-0037248,James Cook,BUF,2023,18,36.0,13,0.62,MIA,1.0,57.75,13.5,0,0,0,2.5,47.5
00-0036555,Chuba Hubbard,CAR,2023,18,83.0,23,0.81,TB,4.0,73.2,19.4,0,0,0,-5.0,36.5
00-0033293,Aaron Jones,GB,2023,18,111.0,22,0.82,CHI,5.0,77.4,15.2,0,0,0,2.5,45.5
00-0035250,Devin Singletary,HOU,2023,18,63.0,24,0.88,IND,11.0,96.2,20.0,0,1,0,1.5,47.5
00-0036223,Jonathan Taylor,IND,2023,18,188.0,30,0.77,HOU,2.0,77.8,19.0,0,1,0,-1.5,47.5
00-0036973,Travis Etienne,JAX,2023,18,57.0,16,0.66,TEN,14.0,45.0,11.4,0,0,0,3.5,41.5
00-0036269,La'Mical Perine,KC,2023,18,76.0,21,0.81,LAC,8.0,,,0,1,0,-3.5,35.0
00-0033699,Austin Ekeler,LAC,2023,18,11.0,10,0.76,KC,15.0,51.6,11.6,0,1,0,3.5,35.0
00-0038040,Zamir White,LV,2023,18,112.0,25,0.73,DEN,7.0,107.0,19.5,0,1,0,3.5,37.5
00-0039040,De'Von Achane,MIA,2023,18,56.0,10,0.63,BUF,6.0,87.0,12.5,0,0,0,-2.5,47.5
00-0033045,Ezekiel Elliott,NE,2023,18,54.0,13,0.93,NYJ,16.0,42.2,15.2,0,0,-3,2.5,28.5
00-0034844,Saquon Barkley,NYG,2023,18,46.0,18,0.7,PHI,18.0,66.8,16.2,0,0,0,-4.5,43.0
00-0038120,Breece Hall,NYJ,2023,18,178.0,37,0.89,NE,9.0,52.0,12.6,0,0,3,-2.5,28.5
00-0036893,Najee Harris,PIT,2023,18,112.0,26,0.6,BAL,10.0,83.2,20.4,0,0,0,3.0,34.0
00-0037256,Rachaad White,TB,2023,18,75.0,19,0.74,CAR,12.0,71.2,19.4,0,0,0,5.0,36.5
00-0032764,Derrick Henry,TEN,2023,18,153.0,19,0.65,JAX,3.0,67.6,17.6,0,0,0,-3.5,41.5
00-0037248,James Cook,BUF,2023,19,79.0,18,0.61,PIT,6.0,53.4,13.4,0,0,-1,10.0,39.5
00-0037267,Jerome Ford,CLE,2023,19,17.0,9,0.61,HOU,6.0,60.5,13.75,0,1,-1,2.5,45.0
00-0035261,Tony Pollard,DAL,2023,19,56.0,15,0.71,GB,8.0,53.2,15.0,0,1,0,7.0,52.5
00-0033293,Aaron Jones,GB,2023,19,118.0,21,0.63,DAL,3.0,95.0,18.0,0,1,0,-7.0,52.5
00-0035250,Devin Singletary,HOU,2023,19,66.0,13,0.72,CLE,5.0,78.8,18.8,0,1,1,-2.5,45.0
00-0037197,Isiah Pacheco,KC,2023,19,89.0,24,0.7,MIA,1.0,90.0,17.2,0,0,0,4.5,43.5
00-0037840,Kyren Williams,LA,2023,19,61.0,13,0.66,DET,2.0,109.0,23.0,0,1,0,-3.5,52.5
00-0036275,D'Andre Swift,PHI,2023,19,34.0,10,0.68,TB,4.0,63.6,15.0,0,0,0,2.5,43.0
00-0037256,Rachaad White,TB,2023,19,72.0,18,0.7,PHI,9.0,69.4,19.2,0,0,0,-2.5,43.0
00-0033293,Aaron Jones,GB,2023,20,108.0,18,0.81,SF,1.0,90.0,18.2,0,0,-7,-10.5,50.5
00-0035250,Devin Singletary,HOU,2023,20,22.0,9,0.69,BAL,5.0,69.6,17.0,0,0,-7,-10.0,44.0
00-0037197,Isiah Pacheco,KC,2023,20,97.0,15,0.72,BUF,3.0,94.6,18.8,0,0,2,-2.5,45.5
00-0033280,Christian McCaffrey,SF,2023,20,98.0,17,0.98,GB,4.0,114.0,16.8,0,0,7,10.5,50.5
00-0037256,Rachaad White,TB,2023,20,55.0,9,0.78,DET,2.0,63.4,17.8,0,1,-1,-6.0,49.5
00-0034975,Justice Hill,BAL,2023,21,3.0,3,0.67,KC,2.0,33.0,11.5,0,0,1,4.5,44.0
00-0037197,Isiah Pacheco,KC,2023,21,68.0,24,0.79,BAL,3.0,96.2,18.0,0,0,-1,-4.5,44.0
00-0033280,Christian McCaffrey,SF,2023,21,90.0,20,0.91,DET,1.0,110.8,16.4,0,0,1,7.5,52.5
00-0037197,Isiah Pacheco,KC,2023,22,59.0,18,0.73,SF,1.0,98.8,19.8,0,1,0,-1.5,47.0
00-0033280,Christian McCaffrey,SF,2023,22,80.0,22,0.95,KC,2.0,110.2,17.0,0,1,0,1.5,47.0
00-0033553,James Conner,ARI,2024,1,50.0,16,0.67,BUF,7.0,103.6,21.6,0,0,0,-6.5,46.0
00-0038542,Bijan Robinson,ATL,2024,1,68.0,18,0.89,PIT,13.0,52.4,13.2,0,1,0,4.0,43.0
00-0037248,James Cook,BUF,2024,1,71.0,19,0.61,ARI,21.0,49.6,14.0,0,0,0,6.5,46.0
00-0036275,D'Andre Swift,CHI,2024,1,30.0,10,0.7,TEN,17.0,58.0,14.0,0,0,0,4.0,43.0
00-0036251,Zack Moss,CIN,2024,1,44.0,9,0.65,NE,18.0,87.2,20.6,0,0,0,8.0,40.5
00-0037267,Jerome Ford,CLE,2024,1,44.0,12,0.75,DAL,10.0,51.8,12.8,0,0,0,2.5,42.0
00-0035700,Josh Jacobs,GB,2024,1,84.0,16,0.73,PHI,16.0,79.4,20.0,0,0,0,-2.0,49.5
00-0033897,Joe Mixon,HOU,2024,1,159.0,30,0.72,IND,9.0,55.0,15.8,0,1,0,3.0,49.0
00-0036223,Jonathan Taylor,IND,2024,1,48.0,16,0.96,HOU,5.0,99.0,20.8,0,1,0,-3.0,49.0
00-0036973,Travis Etienne,JAX,2024,1,44.0,12,0.7,MIA,2.0,47.4,12.4,0,0,0,-3.5,49.5
00-0037197,Isiah Pacheco,KC,2024,1,45.0,15,0.8,BAL,12.0,88.6,19.8,0,0,0,3.0,46.0
00-0037840,Kyren Williams,LA,2024,1,50.0,18,0.91,DET,4.0,103.6,21.4,0,1,0,-5.0,54.0
00-0034972,Alexander Mattison,LV,2024,1,19.0,5,0.6,LAC,11.0,68.8,17.8,0,1,0,-3.0,41.0
00-0036875,Rhamondre Stevenson,NE,2024,1,120.0,25,0.78,CIN,20.0,70.6,13.8,0,0,0,-8.0,40.5
00-0035250,Devin Singletary,NYG,2024,1,37.0,10,0.7,MIN,1.0,70.4,17.6,0,0,0,-1.0,42.5
00-0038120,Breece Hall,NYJ,2024,1,54.0,16,0.82,SF,3.0,82.6,18.6,0,0,0,-3.5,43.0
00-0034844,Saquon Barkley,PHI,2024,1,109.0,24,0.8,GB,15.0,59.4,17.0,0,0,0,2.0,49.5
00-0038134,Kenneth Walker,SEA,2024,1,103.0,20,0.66,DEN,6.0,70.6,18.2,0,0,0,6.5,42.0
00-0037525,Jordan Mason,SF,2024,1,147.0,28,0.81,NYJ,14.0,,,0,0,0,3.5,43.0
00-0037256,Rachaad White,TB,2024,1,31.0,15,0.7,WAS,19.0,56.6,15.4,0,0,0,4.0,42.0
00-0035261,Tony Pollard,TEN,2024,1,82.0,16,0.61,CHI,8.0,50.8,14.0,0,0,0,-4.0,43.0
00-0033553,James Conner,ARI,2024,2,122.0,21,0.62,LA,2.0,99.0,21.6,0,1,0,-1.0,47.5
00-0038542,Bijan Robinson,ATL,2024,2,97.0,14,0.75,PHI,15.0,55.4,13.2,0,0,-2,-5.5,46.5
00-0036275,D'Andre Swift,CHI,2024,2,18.0,14,0.66,HOU,4.0,52.6,12.8,0,1,0,-6.0,45.5
00-0036251,Zack Moss,CIN,2024,2,34.0,12,0.8,KC,6.0,71.6,16.4,0,0,-3,-6.5,47.5
00-0036997,Javonte Williams,DEN,2024,2,17.0,11,0.66,PIT,9.0,67.4,18.0,0,0,0,-3.0,36.5
00-0039139,Jahmyr Gibbs,DET,2024,2,84.0,13,0.62,TB,3.0,76.6,14.8,0,1,0,7.5,51.5
00-0035700,Josh Jacobs,GB,2024,2,151.0,32,0.67,IND,17.0,76.6,18.0,0,0,2,-3.0,41.5
00-0036973,Travis Etienne,JAX,2024,2,52.0,13,0.72,CLE,10.0,49.2,12.0,0,0,0,3.0,41.5
00-0037197,Isiah Pacheco,KC,2024,2,90.0,19,0.66,CIN,19.0,71.6,19.2,0,0,3,6.5,47.5
00-0037840,Kyren Williams,LA,2024,2,25.0,12,0.79,ARI,21.0,90.8,20.0,0,1,0,1.0,47.5
00-0038040,Zamir White,LV,2024,2,24.0,9,0.63,BAL,12.0,108.66666666666667,21.333333333333332,0,0,-3,-9.0,41.0
00-0033293,Aaron Jones,MIN,2024,2,32.0,9,0.61,SF,5.0,84.0,17.0,0,1,1,-4.5,46.5
00-0036875,Rhamondre Stevenson,NE,2024,2,81.0,21,0.72,SEA,22.0,85.4,16.8,0,0,0,-3.5,39.0
00-0033906,Alvin Kamara,NO,2024,2,115.0,20,0.63,DAL,8.0,52.0,13.8,0,1,0,-6.5,47.0
00-0035250,Devin Singletary,NYG,2024,2,95.0,16,0.79,WAS,18.0,53.6,14.4,0,0,0,-1.5,42.5
00-0038120,Breece Hall,NYJ,2024,2,62.0,14,0.72,TEN,14.0,90.2,19.2,0,0,-1,3.5,41.5
00-0034844,Saquon Barkley,PHI,2024,2,95.0,22,0.9,ATL,11.0,72.0,19.4,0,0,2,5.5,46.5
00-0039165,Zach Charbonnet,SEA,2024,2,38.0,14,0.96,NE,13.0,51.333333333333336,16.0,0,0,0,3.5,39.0
00-0037525,Jordan Mason,SF,2024,2,100.0,20,0.81,MIN,1.0,147.0,28.0,0,1,-1,4.5,46.5
00-0037256,Rachaad White,TB,2024,2,18.0,10,0.71,DET,7.0,55.0,14.4,0,1,0,-7.5,51.5
00-0035261,Tony Pollard,TEN,2024,2,62.0,17,0.67,NYJ,20.0,55.4,14.0,0,0,1,-3.5,41.5
00-0037746,Brian Robinson,WAS,2024,2,133.0,17,0.6,NYG,16.0,66.0,18.0,0,0,0,1.5,42.5
00-0033553,James Conner,ARI,2024,3,17.0,9,0.75,DET,4.0,111.0,23.0,0,1,0,-3.0,51.5
00-0038542,Bijan Robinson,ATL,2024,3,31.0,16,0.82,KC,1.0,68.0,14.0,0,1,-1,-3.0,46.0
00-0036251,Zack Moss,CIN,2024,3,58.0,12,0.76,WAS,17.0,64.4,15.2,0,0,0,7.5,46.0
00-0037267,Jerome Ford,CLE,2024,3,37.0,10,0.79,NYG,17.0,55.4,13.4,0,0,0,6.5,38.0
00-0036223,Jonathan Taylor,IND,2024,3,110.0,23,0.88,CHI,13.0,89.6,21.6,0,1,0,1.5,43.0
00-0036973,Travis Etienne,JAX,2024,3,68.0,11,0.69,BUF,7.0,53.4,12.6,0,0,-3,-4.0,46.5
00-0039325,Carson Steele,KC,2024,3,72.0,17,0.62,ATL,14.0,,,0,1,1,3.0,46.0
00-0037840,Kyren Williams,LA,2024,3,89.0,24,0.9,SF,5.0,65.4,17.0,0,1,0,-6.0,44.5
00-0036158,J.K. Dobbins,LAC,2024,3,44.0,15,0.65,PIT,10.0,,,0,0,0,-3.0,36.0
00-0033293,Aaron Jones,MIN,2024,3,102.0,19,0.6,HOU,3.0,82.4,16.4,0,1,0,-2.0,46.0
00-0033906,Alvin Kamara,NO,2024,3,87.0,26,0.86,PHI,16.0,61.4,14.0,0,1,1,2.5,49.0
00-0035250,Devin Singletary,NYG,2024,3,65.0,16,0.68,CLE,9.0,56.6,14.4,0,0,0,-6.5,38.0
00-0038120,Breece Hall,NYJ,2024,3,54.0,16,0.71,NE,12.0,94.6,20.0,0,0,0,6.5,39.0
00-0034844,Saquon Barkley,PHI,2024,3,147.0,17,0.8,NO,8.0,73.8,19.8,0,1,-1,-2.5,49.0
00-0039165,Zach Charbonnet,SEA,2024,3,91.0,18,0.84,MIA,2.0,48.0,15.5,0,0,-3,4.0,41.5
00-0037525,Jordan Mason,SF,2024,3,77.0,19,0.75,LA,6.0,123.5,24.0,0,1,0,6.0,44.5
00-0037256,Rachaad White,TB,2024,3,17.0,6,0.74,DEN,11.0,50.2,14.2,0,0,0,6.0,40.5
00-0035261,Tony Pollard,TEN,2024,3,14.0,6,0.63,GB,15.0,57.4,15.2,0,0,0,3.0,37.0
00-0037746,Brian Robinson,WAS,2024,3,33.0,16,0.76,CIN,19.0,88.33333333333333,17.666666666666668,0,0,0,-7.5,46.0
00-0038542,Bijan Robinson,ATL,2024,4,28.0,7,0.64,NO,14.0,59.8,14.8,0,1,0,2.5,41.5
00-0032764,Derrick Henry,BAL,2024,4,199.0,24,0.65,BUF,7.0,82.2,16.4,0,0,1,2.5,46.5
00-0036555,Chuba Hubbard,CAR,2024,4,104.0,18,0.74,CIN,18.0,69.0,19.0,0,0,1,-4.5,47.0
00-0036275,D'Andre Swift,CHI,2024,4,93.0,16,0.63,LA,5.0,47.6,12.0,0,0,0,3.0,40.0
00-0036251,Zack Moss,CIN,2024,4,51.0,15,0.6,CAR,13.0,43.0,13.0,0,0,-1,4.5,47.0
00-0037267,Jerome Ford,CLE,2024,4,58.0,10,0.78,LV,10.0,54.0,11.4,0,1,0,2.5,36.5
00-0035700,Josh Jacobs,GB,2024,4,51.0,9,0.61,MIN,2.0,83.6,19.0,0,0,0,2.5,44.0
00-0036223,Jonathan Taylor,IND,2024,4,88.0,21,0.73,PIT,3.0,102.2,22.6,0,1,0,-2.5,40.0
00-0037840,Kyren Williams,LA,2024,4,94.0,19,0.79,CHI,15.0,62.4,17.4,0,0,0,-3.0,40.0
00-0036158,J.K. Dobbins,LAC,2024,4,32.0,14,0.71,KC,1.0,44.0,15.0,0,1,0,-7.5,41.5
00-0033293,Aaron Jones,MIN,2024,4,93.0,22,0.82,GB,8.0,94.2,17.8,0,0,0,-2.5,44.0
00-0033906,Alvin Kamara,NO,2024,4,77.0,19,0.82,ATL,11.0,66.4,15.8,1,1,0,-2.5,41.5
00-0035250,Devin Singletary,NYG,2024,4,24.0,14,0.68,DAL,12.0,57.0,12.8,0,0,0,-5.5,45.0
00-0038120,Breece Hall,NYJ,2024,4,4.0,10,0.69,DEN,6.0,86.4,19.2,0,0,3,7.5,39.5
00-0036893,Najee Harris,PIT,2024,4,19.0,13,0.69,IND,17.0,88.4,22.2,0,1,0,2.5,40.0
00-0037525,Jordan Mason,SF,2024,4,123.0,24,0.75,NE,9.0,108.0,22.333333333333332,0,0,-3,10.5,41.5
00-0035261,Tony Pollard,TEN,2024,4,88.0,22,0.6,MIA,4.0,52.6,14.0,0,0,0,-2.5,37.0
00-0037746,Brian Robinson,WAS,2024,4,101.0,21,0.63,ARI,16.0,74.5,17.25,0,1,-1,-3.5,49.0
00-0033553,James Conner,ARI,2024,5,86.0,19,0.79,SF,6.0,93.4,19.8,0,0,0,-7.0,48.5
00-0038542,Bijan Robinson,ATL,2024,5,61.0,12,0.67,TB,2.0,50.4,13.2,0,1,0,2.5,44.0
00-0036555,Chuba Hubbard,CAR,2024,5,97.0,13,0.65,CHI,17.0,72.4,18.0,0,0,0,-4.0,40.0
00-0036275,D'Andre Swift,CHI,2024,5,73.0,21,0.67,CAR,11.0,51.0,12.8,0,0,0,4.0,40.0
00-0036251,Zack Moss,CIN,2024,5,24.0,9,0.67,BAL,4.0,43.0,12.2,0,0,0,-2.5,48.5
00-0036997,Javonte Williams,DEN,2024,5,61.0,13,0.63,LV,5.0,55.8,17.2,0,0,0,3.0,36.0
00-0035700,Josh Jacobs,GB,2024,5,73.0,19,0.75,LA,9.0,86.0,18.0,0,1,0,3.0,49.5
00-0033854,Dare Ogunbowale,HOU,2024,5,30.0,15,0.68,BUF,16.0,39.0,12.0,0,1,0,1.0,48.0
00-0033923,Kareem Hunt,KC,2024,5,102.0,27,0.63,NO,8.0,66.0,14.0,0,0,0,5.5,43.0
00-0037840,Kyren Williams,LA,2024,5,102.0,22,0.86,GB,10.0,63.8,17.2,0,1,0,-3.0,49.5
00-0037276,Ty Chandler,MIN,2024,5,30.0,14,0.63,NYJ,12.0,74.5,15.5,0,0,0,2.5,42.0
00-0033906,Alvin Kamara,NO,2024,5,26.0,11,0.89,KC,1.0,73.4,17.8,0,0,0,-5.5,43.0
00-0039384,Tyrone Tracy,NYG,2024,5,129.0,18,0.63,SEA,18.0,,,0,0,4,-7.0,42.5
00-0038120,Breece Hall,NYJ,2024,5,23.0,9,0.74,MIN,3.0,70.4,18.6,0,0,0,-2.5,42.0
00-0036893,Najee Harris,PIT,2024,5,42.0,14,0.74,DAL,7.0,75.0,20.0,0,0,-3,2.5,43.5
00-0038134,Kenneth Walker,SEA,2024,5,19.0,5,0.67,NYG,13.0,78.4,19.8,0,0,-4,7.0,42.5
00-0037525,Jordan Mason,SF,2024,5,89.0,14,0.64,ARI,15.0,111.75,22.75,0,0,0,7.0,48.5
00-0037256,Rachaad White,TB,2024,5,72.0,10,0.64,ATL,14.0,38.6,11.6,0,1,0,-2.5,44.0
00-0032764,Derrick Henry,BAL,2024,6,132.0,24,0.63,WAS,14.0,113.4,18.6,0,0,0,6.5,51.5
00-0036555,Chuba Hubbard,CAR,2024,6,92.0,18,0.82,ATL,13.0,74.4,16.2,0,0,-3,-6.0,45.5
00-0036275,D'Andre Swift,CHI,2024,6,91.0,17,0.68,JAX,8.0,49.6,14.2,0,0,0,-1.5,44.5
00-0038597,Chase Brown,CIN,2024,6,53.0,10,0.62,NYG,11.0,,,1,0,0,4.5,46.0
00-0036997,Javonte Williams,DEN,2024,6,23.0,6,0.67,LAC,5.0,51.0,14.4,0,0,-7,-3.0,37.0
00-0035700,Josh Jacobs,GB,2024,6,62.0,18,0.63,ARI,12.0,78.6,17.8,0,0,0,5.5,47.0
00-0036984,Trey Sermon,IND,2024,6,29.0,18,0.6,TEN,10.0,,,0,0,-6,-2.5,42.0
00-0036158,J.K. Dobbins,LAC,2024,6,96.0,25,0.73,DEN,3.0,38.0,14.5,0,0,7,3.0,37.0
00-0034972,Alexander Mattison,LV,2024,6,33.0,14,0.68,PIT,4.0,54.0,14.8,0,1,0,-3.5,36.5
00-0033906,Alvin Kamara,NO,2024,6,40.0,13,0.74,TB,2.0,64.8,17.0,0,1,-4,-3.5,42.5
00-0039384,Tyrone Tracy,NYG,2024,6,50.0,17,0.84,CIN,17.0,129.0,18.0,0,0,0,-4.5,46.0
00-0038120,Breece Hall,NYJ,2024,6,113.0,18,0.87,BUF,15.0,39.4,13.0,0,0,0,-1.0,42.0
00-0034844,Saquon Barkley,PHI,2024,6,47.0,18,0.79,CLE,6.0,87.2,18.6,0,0,7,8.0,42.0
00-0038134,Kenneth Walker,SEA,2024,6,32.0,14,0.69,SF,7.0,73.6,17.4,0,0,0,-3.5,49.0
00-0039361,Bucky Irving,TB,2024,6,81.0,14,0.64,NO,9.0,,,0,1,4,3.5,42.5
00-0035261,Tony Pollard,TEN,2024,6,93.0,17,0.74,IND,16.0,60.4,15.2,0,0,6,2.5,42.0
00-0033699,Austin Ekeler,WAS,2024,6,21.0,9,0.75,BAL,1.0,41.0,11.6,0,0,0,-6.5,51.5
00-0033553,James Conner,ARI,2024,7,101.0,19,0.84,LAC,4.0,85.0,18.4,0,1,0,-1.0,44.0
00-0038542,Bijan Robinson,ATL,2024,7,103.0,21,0.68,SEA,16.0,57.0,13.4,0,1,-3,3.0,51.5
00-0036555,Chuba Hubbard,CAR,2024,7,52.0,17,0.84,WAS,12.0,84.2,16.6,0,0,0,-10.0,51.0
00-0036997,Javonte Williams,DEN,2024,7,88.0,14,0.63,NO,9.0,42.6,12.0,0,1,0,2.5,37.0
00-0035700,Josh Jacobs,GB,2024,7,76.0,12,0.67,HOU,8.0,84.2,18.8,0,0,0,3.0,48.0
00-0033897,Joe Mixon,HOU,2024,7,115.0,25,0.66,GB,13.0,83.6,20.2,0,0,0,-3.0,48.0
00-0038555,Tank Bigsby,JAX,2024,7,118.0,26,0.66,NE,14.0,,,0,0,0,6.5,42.0
00-0033923,Kareem Hunt,KC,2024,7,78.0,22,0.64,SF,5.0,84.0,20.5,0,0,3,-2.5,47.5
00-0037840,Kyren Williams,LA,2024,7,76.0,21,0.89,LV,7.0,72.0,19.0,0,1,7,7.0,43.0
00-0036158,J.K. Dobbins,LAC,2024,7,40.0,14,0.68,ARI,6.0,57.333333333333336,18.0,0,1,0,1.0,44.0
00-0034972,Alexander Mattison,LV,2024,7,92.0,23,0.7,LA,11.0,41.6,14.2,0,1,-7,-7.0,43.0
00-0033293,Aaron Jones,MIN,2024,7,93.0,14,0.72,DET,2.0,90.6,17.8,1,1,7,1.0,50.5
00-0039384,Tyrone Tracy,NYG,2024,7,23.0,6,0.67,PHI,9.0,89.5,17.5,0,0,0,-3.0,42.0
00-0038120,Breece Hall,NYJ,2024,7,38.0,12,0.82,PIT,3.0,51.2,13.4,0,0,-1,3.0,40.0
00-0037525,Jordan Mason,SF,2024,7,58.0,14,0.86,KC,1.0,107.2,21.0,0,0,-3,2.5,47.5
00-0035261,Tony Pollard,TEN,2024,7,61.0,16,0.89,BUF,15.0,67.8,15.6,0,0,1,-9.5,41.0
00-0033553,James Conner,ARI,2024,8,53.0,20,0.8,MIA,9.0,75.2,16.8,0,0,-1,-4.0,46.5
00-0038542,Bijan Robinson,ATL,2024,8,63.0,13,0.68,TB,5.0,64.0,14.0,0,0,1,1.5,47.0
00-0036555,Chuba Hubbard,CAR,2024,8,56.0,15,0.74,DEN,6.0,85.6,17.8,0,0,-3,-13.0,40.5
00-0036275,D'Andre Swift,CHI,2024,8,129.0,18,0.73,WAS,10.0,61.0,15.6,0,0,7,-1.5,46.5
00-0035700,Josh Jacobs,GB,2024,8,127.0,25,0.64,JAX,12.0,82.6,18.0,0,0,0,3.5,49.0
00-0033897,Joe Mixon,HOU,2024,8,102.0,25,0.76,IND,17.0,93.0,21.4,0,1,0,5.0,45.0
00-0036223,Jonathan Taylor,IND,2024,8,105.0,20,0.81,HOU,3.0,106.0,22.2,0,1,0,-5.0,45.0
00-0038555,Tank Bigsby,JAX,2024,8,78.0,18,0.67,GB,14.0,118.0,26.0,0,0,0,-3.5,49.0
00-0037840,Kyren Williams,LA,2024,8,97.0,23,0.89,MIN,2.0,77.2,19.6,0,1,0,-3.0,47.5
00-0036158,J.K. Dobbins,LAC,2024,8,57.0,17,0.82,NO,15.0,53.0,17.0,0,1,-4,7.0,41.5
00-0034972,Alexander Mattison,LV,2024,8,15.0,14,0.66,KC,1.0,51.2,15.2,0,1,0,-9.0,42.0
00-0033293,Aaron Jones,MIN,2024,8,58.0,19,0.92,LA,16.0,85.6,16.4,0,1,0,3.0,47.5
00-0036875,Rhamondre Stevenson,NE,2024,8,48.0,20,0.81,NYJ,8.0,94.8,19.2,0,0,0,-7.0,41.0
00-0038120,Breece Hall,NYJ,2024,8,80.0,16,0.74,NE,11.0,46.4,13.0,0,0,0,7.0,41.0
00-0034844,Saquon Barkley,PHI,2024,8,108.0,22,0.82,CIN,13.0,88.8,19.8,0,0,0,-2.5,47.5
00-0039363,Isaac Guerendo,SF,2024,8,85.0,14,0.63,DAL,7.0,,,0,0,-7,5.5,48.0
00-0035261,Tony Pollard,TEN,2024,8,94.0,20,0.82,DET,4.0,63.6,15.6,0,1,0,-12.5,45.0
00-0038542,Bijan Robinson,ATL,2024,9,86.0,19,0.74,DAL,5.0,57.2,13.8,0,1,0,3.0,52.0
00-0032764,Derrick Henry,BAL,2024,9,106.0,23,0.61,DEN,3.0,119.6,19.0,0,0,0,9.0,46.5
00-0036555,Chuba Hubbard,CAR,2024,9,72.0,15,0.79,NO,10.0,80.2,16.2,0,0,0,-7.0,43.5
00-0036275,D'Andre Swift,CHI,2024,9,51.0,16,0.62,ARI,7.0,80.8,17.2,0,1,0,-1.5,44.5
00-0038597,Chase Brown,CIN,2024,9,120.0,27,0.8,LV,8.0,53.0,10.0,0,0,0,8.0,45.0
00-0036139,Rico Dowdle,DAL,2024,9,75.0,12,0.71,ATL,13.0,,,0,1,0,-3.0,52.0
00-0036223,Jonathan Taylor,IND,2024,9,48.0,13,0.72,MIN,4.0,107.8,22.0,0,1,-3,-6.5,47.0
00-0037840,Kyren Williams,LA,2024,9,69.0,22,0.99,SEA,18.0,91.6,21.8,0,0,3,1.5,48.5
00-0036158,J.K. Dobbins,LAC,2024,9,85.0,14,0.74,CLE,6.0,53.8,17.0,0,0,0,2.0,42.5
00-0033293,Aaron Jones,MIN,2024,9,64.0,21,0.75,IND,17.0,75.6,16.6,0,1,3,6.5,47.0
00-0036875,Rhamondre Stevenson,NE,2024,9,16.0,10,0.74,TEN,2.0,87.0,21.4,0,0,0,-3.0,38.5
00-0033906,Alvin Kamara,NO,2024,9,155.0,29,0.77,CAR,11.0,69.0,17.8,0,0,0,7.0,43.5
00-0039384,Tyrone Tracy,NYG,2024,9,66.0,16,0.72,WAS,16.0,67.33333333333333,13.666666666666666,0,0,-1,-4.5,44.5
00-0038120,Breece Hall,NYJ,2024,9,74.0,15,0.76,HOU,9.0,51.6,13.0,0,0,0,2.5,43.5
00-0034844,Saquon Barkley,PHI,2024,9,159.0,27,0.72,JAX,15.0,101.2,20.6,0,0,0,7.5,46.0
00-0038134,Kenneth Walker,SEA,2024,9,83.0,25,0.76,LA,12.0,64.2,16.8,0,0,-3,-1.5,48.5
00-0037256,Rachaad White,TB,2024,9,19.0,3,0.62,KC,1.0,38.6,10.0,0,0,0,-9.0,45.5
00-0035261,Tony Pollard,TEN,2024,9,128.0,28,0.86,NE,14.0,70.0,16.2,1,0,0,3.0,38.5
00-0038542,Bijan Robinson,ATL,2024,10,116.0,20,0.78,NO,15.0,68.2,14.4,0,1,0,3.5,46.5
00-0032764,Derrick Henry,BAL,2024,10,68.0,16,0.62,CIN,13.0,133.2,21.6,0,0,0,6.0,53.0
00-0036555,Chuba Hubbard,CAR,2024,10,153.0,28,0.88,NYG,9.0,73.8,15.6,0,0,0,-6.5,40.5
00-0036275,D'Andre Swift,CHI,2024,10,59.0,16,0.67,NE,19.0,87.4,17.6,0,0,0,6.5,37.5
00-0038597,Chase Brown,CIN,2024,10,42.0,13,0.87,BAL,1.0,86.5,18.5,0,0,0,-6.0,53.0
00-0039139,Jahmyr Gibbs,DET,2024,10,71.0,19,0.6,HOU,12.0,79.8,15.2,0,1,-3,4.5,49.0
00-0033897,Joe Mixon,HOU,2024,10,46.0,25,0.76,DET,4.0,97.6,22.2,0,1,3,-4.5,49.0
00-0036223,Jonathan Taylor,IND,2024,10,114.0,21,0.83,BUF,17.0,79.8,18.6,0,1,0,-4.5,46.5
00-0036973,Travis Etienne,JAX,2024,10,44.0,11,0.68,MIN,8.0,64.6,13.6,0,0,0,-7.0,42.5
00-0033923,Kareem Hunt,KC,2024,10,35.0,14,0.65,DEN,5.0,82.0,21.0,0,0,-1,7.5,42.5
00-0037840,Kyren Williams,LA,2024,10,62.0,15,0.93,MIA,11.0,87.6,21.4,0,1,0,2.5,49.5
00-0036158,J.K. Dobbins,LAC,2024,10,50.0,15,0.66,TEN,2.0,62.0,16.8,0,1,0,8.0,40.0
00-0036875,Rhamondre Stevenson,NE,2024,10,74.0,20,0.7,CHI,18.0,72.6,19.4,0,0,0,-6.5,37.5
00-0033906,Alvin Kamara,NO,2024,10,55.0,17,0.81,ATL,14.0,77.0,19.6,0,1,0,-3.5,46.5
00-0039384,Tyrone Tracy,NYG,2024,10,103.0,18,0.8,CAR,16.0,67.0,14.25,0,0,0,6.5,40.5
00-0038120,Breece Hall,NYJ,2024,10,52.0,10,0.81,ARI,10.0,65.6,14.0,0,1,3,2.0,45.5
00-0033280,Christian McCaffrey,SF,2024,10,39.0,13,0.88,TB,6.0,97.2,18.2,1,0,8,6.5,50.5
00-0037256,Rachaad White,TB,2024,10,31.0,10,0.61,SF,7.0,31.4,8.8,0,0,-8,-6.5,50.5
00-0033699,Austin Ekeler,WAS,2024,10,44.0,13,0.7,PIT,3.0,38.8,11.4,0,0,-6,1.5,45.0
00-0038542,Bijan Robinson,ATL,2024,11,35.0,12,0.71,DEN,4.0,85.8,17.0,0,0,0,-2.0,44.5
00-0038597,Chase Brown,CIN,2024,11,86.0,22,0.83,LAC,3.0,71.66666666666667,16.666666666666668,0,1,3,-1.0,48.0
00-0035700,Josh Jacobs,GB,2024,11,76.0,18,0.8,CHI,13.0,77.8,16.6,0,0,7,6.0,41.0
00-0033897,Joe Mixon,HOU,2024,11,109.0,20,0.81,DAL,8.0,97.4,25.2,0,1,0,7.5,41.5
00-0036223,Jonathan Taylor,IND,2024,11,57.0,24,0.9,NYJ,7.0,93.0,19.6,0,0,0,-4.0,43.0
00-0036973,Travis Etienne,JAX,2024,11,27.0,12,0.75,DET,2.0,53.0,12.6,0,1,0,-14.0,47.5
00-0033923,Kareem Hunt,KC,2024,11,60.0,14,0.69,BUF,15.0,70.25,19.25,0,0,0,-2.5,46.5
00-0037840,Kyren Williams,LA,2024,11,86.0,15,0.81,NE,14.0,81.2,20.6,0,0,-1,4.0,42.5
00-0036158,J.K. Dobbins,LAC,2024,11,56.0,11,0.73,CIN,9.0,65.6,17.0,0,1,-3,1.0,48.0
00-0036875,Rhamondre Stevenson,NE,2024,11,73.0,20,0.76,LA,10.0,67.8,19.2,0,0,1,-4.0,42.5
00-0033906,Alvin Kamara,NO,2024,11,67.0,16,0.73,CLE,5.0,70.6,17.8,0,1,-7,-1.0,44.0
00-0038120,Breece Hall,NYJ,2024,11,78.0,16,0.84,IND,11.0,71.4,14.2,0,0,0,4.0,43.0
00-0034844,Saquon Barkley,PHI,2024,11,146.0,26,0.82,WAS,12.0,111.2,21.2,0,0,0,4.5,49.5
00-0038134,Kenneth Walker,SEA,2024,11,54.0,14,0.73,SF,6.0,68.4,18.0,0,0,7,-6.0,49.0
00-0033280,Christian McCaffrey,SF,2024,11,79.0,19,0.94,SEA,16.0,82.0,17.2,0,0,-7,6.0,49.0
00-0035261,Tony Pollard,TEN,2024,11,15.0,9,0.63,MIN,1.0,92.8,20.6,0,0,0,-6.0,40.0
00-0033553,James Conner,ARI,2024,12,8.0,7,0.69,SEA,15.0,75.8,17.6,0,0,7,1.0,46.5
00-0032764,Derrick Henry,BAL,2024,12,140.0,24,0.6,LAC,6.0,131.6,21.2,0,1,0,3.0,51.0
00-0036555,Chuba Hubbard,CAR,2024,12,58.0,16,0.89,KC,1.0,85.0,18.6,0,0,7,-11.0,43.0
00-0034791,Nick Chubb,CLE,2024,12,59.0,20,0.66,PIT,3.0,89.8,17.4,0,0,0,-3.5,36.5
00-0036139,Rico Dowdle,DAL,2024,12,86.0,19,0.61,WAS,16.0,75.0,12.0,0,0,-4,-10.5,45.0
00-0039139,Jahmyr Gibbs,DET,2024,12,90.0,21,0.67,IND,9.0,63.6,13.8,0,1,0,7.0,50.5
00-0033897,Joe Mixon,HOU,2024,12,22.0,14,0.77,TEN,2.0,106.2,25.0,0,1,-1,8.0,40.5
00-0036223,Jonathan Taylor,IND,2024,12,35.0,11,0.96,DET,4.0,82.4,19.8,0,1,0,-7.0,50.5
00-0037840,Kyren Williams,LA,2024,12,72.0,16,0.91,PHI,10.0,78.0,19.2,0,1,-3,-3.0,49.0
00-0032104,Ameer Abdullah,LV,2024,12,28.0,8,0.9,DEN,7.0,,,0,1,0,-6.5,41.5
00-0033293,Aaron Jones,MIN,2024,12,106.0,22,0.79,CHI,14.0,82.0,19.0,0,0,0,3.0,39.5
00-0034844,Saquon Barkley,PHI,2024,12,255.0,26,0.68,LA,11.0,121.4,22.0,0,1,3,3.0,49.0
00-0038134,Kenneth Walker,SEA,2024,12,41.0,16,0.64,ARI,5.0,58.2,15.6,0,0,-7,-1.0,46.5
00-0033280,Christian McCaffrey,SF,2024,12,31.0,11,0.82,GB,12.0,77.2,18.2,0,0,0,-6.5,44.5
00-0035261,Tony Pollard,TEN,2024,12,119.0,24,0.94,HOU,13.0,78.2,18.0,0,1,1,-8.0,40.5
00-0033699,Austin Ekeler,WAS,2024,12,22.0,9,0.63,DAL,8.0,37.4,12.0,0,0,4,10.5,45.0
00-0038542,Bijan Robinson,ATL,2024,13,102.0,26,0.75,LAC,10.0,80.6,17.0,0,1,8,-1.0,47.0
00-0036555,Chuba Hubbard,CAR,2024,13,43.0,12,0.79,TB,5.0,78.2,18.2,0,0,0,-6.5,46.0
00-0036275,D'Andre Swift,CHI,2024,13,39.0,11,0.69,DET,6.0,80.6,17.6,0,1,0,-9.5,47.5
00-0038597,Chase Brown,CIN,2024,13,70.0,12,0.81,PIT,4.0,75.25,18.0,0,0,4,3.0,46.0
00-0037267,Jerome Ford,CLE,2024,13,41.0,9,0.66,DEN,3.0,44.2,10.0,0,0,3,-6.5,41.5
00-0036139,Rico Dowdle,DAL,2024,13,112.0,22,0.7,NYG,12.0,80.5,15.5,0,1,0,4.5,39.0
00-0035700,Josh Jacobs,GB,2024,13,43.0,19,0.78,MIA,7.0,82.8,18.4,0,0,0,3.5,47.5
00-0033897,Joe Mixon,HOU,2024,13,101.0,20,0.75,JAX,18.0,78.8,21.8,0,0,-7,3.5,44.5
00-0036223,Jonathan Taylor,IND,2024,13,96.0,25,0.89,NE,15.0,71.8,17.8,0,0,0,2.5,41.5
00-0037840,Kyren Williams,LA,2024,13,104.0,15,0.68,NO,13.0,77.2,18.2,0,1,-7,2.5,48.5
00-0032104,Ameer Abdullah,LV,2024,13,39.0,10,0.62,KC,2.0,28.0,8.0,0,0,0,-13.5,42.0
00-0036875,Rhamondre Stevenson,NE,2024,13,73.0,18,0.78,IND,14.0,58.4,18.2,0,0,0,-2.5,41.5
00-0033906,Alvin Kamara,NO,2024,13,112.0,23,0.86,LA,17.0,68.6,17.2,0,1,7,-2.5,48.5
00-0039384,Tyrone Tracy,NYG,2024,13,32.0,9,0.73,DAL,8.0,74.2,15.0,0,1,0,-4.5,39.0
00-0038120,Breece Hall,NYJ,2024,13,60.0,12,0.62,SEA,11.0,64.4,13.8,1,0,7,1.0,41.5
00-0034844,Saquon Barkley,PHI,2024,13,107.0,23,0.88,BAL,1.0,143.0,23.8,0,0,1,-3.0,50.0
00-0038134,Kenneth Walker,SEA,2024,13,49.0,16,0.61,NYJ,8.0,45.8,14.8,0,0,-7,-1.0,41.5
00-0035261,Tony Pollard,TEN,2024,13,35.0,8,0.73,WAS,16.0,83.4,19.4,0,0,0,-6.0,45.0
00-0033553,James Conner,ARI,2024,14,90.0,18,0.77,SEA,6.0,53.0,14.8,0,1,0,3.0,45.5
00-0038542,Bijan Robinson,ATL,2024,14,92.0,22,0.85,MIN,1.0,80.4,18.0,0,1,0,-6.0,46.5
00-0036555,Chuba Hubbard,CAR,2024,14,92.0,26,0.97,PHI,8.0,76.4,17.2,0,0,0,-14.0,44.5
00-0036275,D'Andre Swift,CHI,2024,14,38.0,14,0.79,SF,5.0,73.8,15.6,1,0,3,-3.0,43.5
00-0038597,Chase Brown,CIN,2024,14,58.0,14,0.83,DAL,7.0,74.2,16.8,0,1,-3,5.0,51.0
00-0036139,Rico Dowdle,DAL,2024,14,131.0,18,0.77,CIN,12.0,91.0,17.666666666666668,0,1,3,-5.0,51.0
00-0035700,Josh Jacobs,GB,2024,14,66.0,18,0.8,DET,2.0,76.8,18.4,0,1,0,-3.0,53.0
00-0037840,Kyren Williams,LA,2024,14,87.0,29,0.83,BUF,11.0,78.6,16.6,0,1,0,-3.5,49.5
00-0037509,Sincere McCormick,LV,2024,14,78.0,15,0.61,TB,3.0,,,0,0,2,-7.0,47.0
00-0033293,Aaron Jones,MIN,2024,14,73.0,13,0.63,ATL,9.0,82.8,19.6,0,1,0,6.0,46.5
00-0033906,Alvin Kamara,NO,2024,14,44.0,17,0.72,NYG,10.0,85.8,19.6,0,0,-3,5.5,41.0
00-0039384,Tyrone Tracy,NYG,2024,14,45.0,16,0.83,NO,14.0,54.8,13.2,0,0,3,-5.5,41.0
00-0034844,Saquon Barkley,PHI,2024,14,124.0,20,0.76,CAR,15.0,155.0,24.8,0,0,0,14.0,44.5
00-0039165,Zach Charbonnet,SEA,2024,14,134.0,22,0.8,ARI,3.0,56.6,16.0,0,1,0,-3.0,45.5
00-0037256,Rachaad White,TB,2024,14,90.0,17,0.76,LV,13.0,31.4,7.8,0,0,-2,7.0,47.0
00-0035261,Tony Pollard,TEN,2024,14,102.0,21,0.63,JAX,16.0,78.2,17.8,0,0,0,3.0,40.0
00-0033553,James Conner,ARI,2024,15,110.0,16,0.71,NE,18.0,67.6,16.6,0,1,-7,6.0,46.5
00-0038542,Bijan Robinson,ATL,2024,15,125.0,22,0.76,LV,14.0,86.2,19.8,0,1,0,6.5,44.5
00-0036555,Chuba Hubbard,CAR,2024,15,32.0,10,0.95,DAL,10.0,83.6,19.4,0,0,1,2.5,42.0
00-0036275,D'Andre Swift,CHI,2024,15,79.0,19,0.69,MIN,8.0,63.2,15.0,1,1,0,-7.0,43.5
00-0038597,Chase Brown,CIN,2024,15,97.0,25,0.93,TEN,1.0,75.2,17.6,0,0,-1,6.0,46.5
00-0036139,Rico Dowdle,DAL,2024,15,149.0,25,0.74,CAR,19.0,101.0,17.75,0,0,-1,-2.5,42.0
00-0039139,Jahmyr Gibbs,DET,2024,15,31.0,8,0.75,BUF,16.0,70.8,15.8,0,1,3,2.5,55.5
00-0035700,Josh Jacobs,GB,2024,15,94.0,26,0.75,SEA,9.0,77.6,18.4,0,0,3,3.0,48.0
00-0033897,Joe Mixon,HOU,2024,15,23.0,12,0.64,MIA,12.0,76.0,20.8,0,1,7,2.5,46.5
00-0036223,Jonathan Taylor,IND,2024,15,107.0,22,0.68,DEN,5.0,70.0,18.8,0,0,1,-4.5,43.5
00-0036973,Travis Etienne,JAX,2024,15,65.0,14,0.73,NYJ,6.0,47.0,11.8,0,0,0,-3.5,41.5
00-0037840,Kyren Williams,LA,2024,15,108.0,29,0.86,SF,3.0,82.2,18.0,0,0,0,-3.0,48.5
00-0039391,Kimani Vidal,LAC,2024,15,9.0,3,0.67,TB,7.0,,,0,1,0,3.0,46.0
00-0033293,Aaron Jones,MIN,2024,15,86.0,18,0.61,CHI,17.0,78.8,17.8,0,1,0,7.0,43.5
00-0036875,Rhamondre Stevenson,NE,2024,15,69.0,13,0.65,ARI,11.0,56.8,17.6,0,1,7,-6.0,46.5
00-0039384,Tyrone Tracy,NYG,2024,15,31.0,10,0.68,BAL,2.0,53.8,13.0,0,0,-7,-16.5,43.5
00-0034844,Saquon Barkley,PHI,2024,15,65.0,19,0.61,PIT,4.0,158.2,24.4,0,0,0,5.5,43.0
00-0039165,Zach Charbonnet,SEA,2024,15,54.0,8,0.8,GB,15.0,74.0,17.4,0,0,-3,-3.0,48.0
00-0039363,Isaac Guerendo,SF,2024,15,57.0,16,0.76,LA,20.0,85.0,14.0,1,0,0,3.0,48.5
00-0037746,Brian Robinson,WAS,2024,15,65.0,21,0.74,NO,13.0,79.8,18.0,0,1,7,7.5,44.5
00-0038542,Bijan Robinson,ATL,2024,16,94.0,22,0.75,NYG,14.0,94.0,20.4,0,1,-1,9.5,42.5
00-0032764,Derrick Henry,BAL,2024,16,162.0,24,0.74,PIT,8.0,129.0,22.2,0,0,0,7.0,44.5
00-0036555,Chuba Hubbard,CAR,2024,16,152.0,25,0.84,ARI,11.0,75.6,18.4,0,0,0,-5.5,47.0
00-0036275,D'Andre Swift,CHI,2024,16,20.0,9,0.73,DET,2.0,53.2,15.2,0,0,-1,-7.0,47.5
00-0038597,Chase Brown,CIN,2024,16,91.0,18,0.98,CLE,9.0,70.6,17.2,0,0,0,10.0,46.5
00-0037267,Jerome Ford,CLE,2024,16,92.0,11,0.8,CIN,16.0,39.4,10.0,0,0,0,-10.0,46.5
00-0036139,Rico Dowdle,DAL,2024,16,23.0,13,0.77,TB,5.0,110.6,19.2,0,1,0,-4.5,47.5
00-0039139,Jahmyr Gibbs,DET,2024,16,109.0,23,0.69,CHI,17.0,63.8,15.2,0,0,1,7.0,47.5
00-0033897,Joe Mixon,HOU,2024,16,57.0,14,0.66,KC,1.0,60.2,18.2,0,0,0,-3.5,42.5
00-0036223,Jonathan Taylor,IND,2024,16,218.0,29,0.76,TEN,3.0,81.8,20.6,0,1,0,4.0,42.5
00-0037840,Kyren Williams,LA,2024,16,122.0,23,0.83,NYJ,6.0,91.4,20.8,0,0,3,3.0,47.0
00-0033293,Aaron Jones,MIN,2024,16,67.0,18,0.82,SEA,10.0,77.4,18.6,0,0,-1,2.5,43.0
00-0039384,Tyrone Tracy,NYG,2024,16,26.0,7,0.63,ATL,12.0,55.4,13.8,1,1,1,-9.5,42.5
00-0038120,Breece Hall,NYJ,2024,16,52.0,14,0.77,LA,19.0,68.8,13.8,0,0,-3,-3.0,47.0
00-0034844,Saquon Barkley,PHI,2024,16,150.0,29,0.82,WAS,18.0,139.4,22.8,0,0,0,4.0,47.0
00-0037228,Jaylen Warren,PIT,2024,16,48.0,12,0.67,BAL,4.0,40.0,10.0,0,0,0,-7.0,44.5
00-0035973,Patrick Taylor,SF,2024,16,24.0,8,0.8,MIA,7.0,,,0,0,3,2.0,44.0
00-0039032,Tyjae Spears,TEN,2024,16,27.0,10,0.61,IND,15.0,30.5,8.5,0,1,0,-4.0,42.5
00-0037746,Brian Robinson,WAS,2024,16,24.0,10,0.63,PHI,13.0,81.0,18.4,0,0,0,-4.0,47.0
00-0036924,Michael Carter,ARI,2024,17,70.0,13,0.72,LA,15.0,61.4,12.2,0,1,0,-6.5,48.0
00-0038542,Bijan Robinson,ATL,2024,17,90.0,17,0.91,WAS,14.0,89.6,20.8,0,0,0,-3.5,46.5
00-0032764,Derrick Henry,BAL,2024,17,147.0,27,0.65,HOU,10.0,121.6,22.2,0,1,0,5.5,46.5
00-0037429,Raheem Blackshear,CAR,2024,17,20.0,8,0.77,TB,2.0,,,0,0,0,-9.5,47.5
00-0036275,D'Andre Swift,CHI,2024,17,53.0,12,0.66,SEA,7.0,47.0,13.8,0,0,0,-3.5,43.5
00-0038597,Chase Brown,CIN,2024,17,67.0,20,0.81,DEN,3.0,80.4,18.2,0,0,-3,3.5,50.5
00-0036139,Rico Dowdle,DAL,2024,17,104.0,23,0.66,PHI,6.0,100.2,19.4,0,0,0,-7.5,37.5
00-0035700,Josh Jacobs,GB,2024,17,69.0,17,0.63,MIN,5.0,81.2,21.2,0,1,-1,1.0,49.0
00-0036223,Jonathan Taylor,IND,2024,17,125.0,32,0.88,NYG,13.0,102.6,22.2,0,0,0,7.5,40.5
00-0037840,Kyren Williams,LA,2024,17,56.0,13,0.95,ARI,11.0,98.6,22.4,0,1,0,6.5,48.0
00-0032104,Ameer Abdullah,LV,2024,17,115.0,20,0.62,NO,9.0,33.5,9.0,0,1,1,2.0,37.5
00-0039384,Tyrone Tracy,NYG,2024,17,59.0,20,0.66,IND,8.0,47.4,12.0,0,0,0,-7.5,40.5
00-0034844,Saquon Barkley,PHI,2024,17,167.0,31,0.75,DAL,4.0,140.2,23.4,0,0,0,7.5,37.5
00-0039165,Zach Charbonnet,SEA,2024,17,57.0,15,0.75,CHI,12.0,75.4,16.2,0,0,0,3.5,43.5
00-0039363,Isaac Guerendo,SF,2024,17,34.0,9,0.61,DET,1.0,71.0,15.0,0,0,0,-4.0,50.5
00-0039032,Tyjae Spears,TEN,2024,17,95.0,20,0.65,JAX,16.0,29.8,8.8,0,0,0,1.0,38.0
00-0036924,Michael Carter,ARI,2024,18,43.0,17,0.77,SF,6.0,60.0,11.8,0,1,2,4.5,42.5
00-0038542,Bijan Robinson,ATL,2024,18,170.0,28,0.87,CAR,24.0,100.6,21.8,0,1,0,7.5,48.5
00-0032764,Derrick Henry,BAL,2024,18,138.0,20,0.7,CLE,11.0,124.6,22.8,0,0,4,19.5,42.5
00-0035243,Miles Sanders,CAR,2024,18,66.0,17,0.61,ATL,9.0,70.2,14.0,1,1,0,-7.5,48.5
00-0036275,D'Andre Swift,CHI,2024,18,65.0,20,0.79,GB,13.0,45.8,13.0,0,0,3,-10.0,41.5
00-0036906,Khalil Herbert,CIN,2024,18,69.0,20,0.95,PIT,14.0,89.6,14.8,0,0,-3,2.5,48.5
00-0033925,D'Onta Foreman,CLE,2024,18,27.0,10,0.66,BAL,3.0,111.25,24.5,0,0,-4,-19.5,42.5
00-0036139,Rico Dowdle,DAL,2024,18,72.0,22,0.67,WAS,20.0,103.8,20.2,0,1,0,-7.0,43.5
00-0039139,Jahmyr Gibbs,DET,2024,18,139.0,23,0.66,MIN,5.0,77.0,16.8,0,1,-1,3.0,56.5
00-0037258,Dameon Pierce,HOU,2024,18,176.0,19,0.62,TEN,15.0,69.8,17.4,0,0,4,-2.5,36.5
00-0036223,Jonathan Taylor,IND,2024,18,177.0,34,0.72,JAX,23.0,116.2,23.8,0,1,0,3.5,45.5
00-0039325,Carson Steele,KC,2024,18,25.0,8,0.68,DEN,4.0,72.0,17.0,0,0,3,-10.5,40.5
00-0037557,Ronnie Rivers,LA,2024,18,48.0,12,0.79,SEA,12.0,,,0,1,-2,-7.5,38.5
00-0036158,J.K. Dobbins,LAC,2024,18,63.0,18,0.65,LV,19.0,57.6,14.2,0,1,1,7.0,42.5
00-0034972,Alexander Mattison,LV,2024,18,20.0,6,0.73,LAC,17.0,48.0,14.8,0,1,-1,-7.0,42.5
00-0033293,Aaron Jones,MIN,2024,18,45.0,10,0.62,DET,1.0,79.2,18.4,0,1,1,-3.0,56.5
00-0036328,Antonio Gibson,NE,2024,18,41.0,12,0.66,BUF,10.0,38.8,10.8,0,0,1,-3.0,36.5
00-0039384,Tyrone Tracy,NYG,2024,18,59.0,14,0.6,PHI,8.0,38.6,12.4,0,0,0,-3.0,36.5
00-0038120,Breece Hall,NYJ,2024,18,57.0,12,0.7,MIA,2.0,63.2,13.4,0,0,0,1.5,39.5
00-0039165,Zach Charbonnet,SEA,2024,18,59.0,14,0.76,LA,22.0,74.8,15.4,0,1,2,7.5,38.5
00-0035973,Patrick Taylor,SF,2024,18,109.0,17,0.84,ARI,17.0,24.0,8.0,0,1,-2,-4.5,42.5
00-0039361,Bucky Irving,TB,2024,18,89.0,19,0.72,NO,16.0,81.0,14.0,0,0,0,14.5,44.5
00-0035261,Tony Pollard,TEN,2024,18,62.0,22,0.73,HOU,21.0,79.8,18.0,1,0,-4,2.5,36.5
00-0033699,Austin Ekeler,WAS,2024,18,12.0,3,0.6,DAL,7.0,28.8,10.8,1,1,0,7.0,43.5
00-0032764,Derrick Henry,BAL,2024,19,186.0,26,0.61,PIT,6.0,131.0,22.2,0,0,0,9.5,44.5
00-0036997,Javonte Williams,DEN,2024,19,29.0,7,0.74,BUF,1.0,51.0,12.2,0,0,0,-7.5,48.5
00-0035700,Josh Jacobs,GB,2024,19,81.0,18,0.62,PHI,4.0,69.6,19.6,0,0,0,-5.5,45.5
00-0033897,Joe Mixon,HOU,2024,19,106.0,25,0.71,LAC,8.0,62.4,16.0,0,1,0,-3.0,41.5
00-0037840,Kyren Williams,LA,2024,19,76.0,16,0.87,MIN,5.0,95.4,21.8,0,1,0,-2.5,47.5
00-0036158,J.K. Dobbins,LAC,2024,19,26.0,9,0.61,HOU,9.0,62.2,15.0,1,1,0,3.0,41.5
00-0033293,Aaron Jones,MIN,2024,19,48.0,13,0.72,LA,3.0,75.4,16.2,0,1,0,2.5,47.5
00-0034844,Saquon Barkley,PHI,2024,19,119.0,25,0.83,GB,2.0,122.6,24.4,0,0,0,5.5,45.5
00-0039361,Bucky Irving,TB,2024,19,77.0,17,0.69,WAS,7.0,85.0,16.5,0,0,0,3.0,51.5
00-0039139,Jahmyr Gibbs,DET,2024,20,105.0,14,0.75,WAS,3.0,88.0,18.8,0,1,7,8.5,55.5
00-0037840,Kyren Williams,LA,2024,20,106.0,19,1.0,PHI,2.0,89.8,22.0,0,0,-1,-7.0,43.5
00-0034844,Saquon Barkley,PHI,2024,20,205.0,26,0.9,LA,1.0,125.0,24.8,0,0,1,7.0,43.5
00-0034844,Saquon Barkley,PHI,2024,21,118.0,15,0.73,WAS,1.0,141.2,26.0,0,0,-1,6.0,46.5
00-0034844,Saquon Barkley,PHI,2024,22,57.0,25,0.81,KC,1.0,151.8,25.2,0,1,0,-1.5,48.5
00-0033553,James Conner,ARI,2025,1,39.0,12,0.65,NO,10.0,72.4,16.0,0,1,0,6.0,44.5
00-0038542,Bijan Robinson,ATL,2025,1,24.0,12,0.83,TB,1.0,114.2,22.2,0,1,0,-1.5,47.5
00-0036555,Chuba Hubbard,CAR,2025,1,57.0,16,0.67,JAX,15.0,75.4,17.8,0,0,0,-4.5,45.5
00-0036275,D'Andre Swift,CHI,2025,1,53.0,17,0.81,MIN,11.0,51.0,14.8,0,0,0,-1.5,43.5
00-0036997,Javonte Williams,DAL,2025,1,54.0,15,0.77,PHI,9.0,43.6,10.2,0,0,0,-8.5,47.5
00-0035700,Josh Jacobs,GB,2025,1,66.0,19,0.88,DET,2.0,70.6,19.6,0,0,0,1.5,48.5
00-0036223,Jonathan Taylor,IND,2025,1,71.0,18,0.71,MIA,3.0,144.6,28.4,0,1,0,1.5,47.5
00-0036973,Travis Etienne,JAX,2025,1,143.0,16,0.61,CAR,16.0,51.2,12.2,0,0,0,4.5,45.5
00-0040666,Omarion Hampton,LAC,2025,1,48.0,15,0.8,KC,4.0,,,0,1,0,-3.0,47.5
00-0040122,Ashton Jeanty,LV,2025,1,38.0,19,0.86,NE,13.0,,,0,0,0,-2.5,44.5
00-0033906,Alvin Kamara,NO,2025,1,45.0,11,0.79,ARI,14.0,86.6,20.4,0,1,0,-6.0,44.5
00-0039384,Tyrone Tracy Jr.,NYG,2025,1,24.0,10,0.74,WAS,12.0,44.0,13.4,0,0,0,-6.0,45.5
00-0034844,Saquon Barkley,PHI,2025,1,60.0,18,0.79,DAL,7.0,133.2,24.4,0,0,0,8.5,47.5
00-0033280,Christian McCaffrey,SF,2025,1,69.0,22,0.76,SEA,8.0,63.8,17.0,1,0,0,2.5,43.5
00-0039361,Bucky Irving,TB,2025,1,37.0,14,0.76,ATL,6.0,82.33333333333333,16.666666666666668,0,1,0,1.5,47.5
00-0035261,Tony Pollard,TEN,2025,1,60.0,18,0.89,DEN,5.0,66.6,16.8,0,0,0,-8.5,42.5
00-0038542,Bijan Robinson,ATL,2025,2,143.0,22,0.65,MIN,9.0,100.6,20.2,0,1,1,-3.5,44.5
00-0032764,Derrick Henry,BAL,2025,2,23.0,11,0.61,CLE,11.0,154.6,24.2,0,0,0,12.5,46.5
00-0036555,Chuba Hubbard,CAR,2025,2,38.0,10,0.74,ARI,12.0,75.2,17.8,0,1,0,-7.0,45.5
00-0036997,Javonte Williams,DAL,2025,2,97.0,18,0.72,NYG,15.0,51.0,11.0,0,1,3,4.5,44.5
00-0035700,Josh Jacobs,GB,2025,2,84.0,23,0.78,WAS,8.0,75.2,19.6,0,0,0,3.5,48.5
00-0036223,Jonathan Taylor,IND,2025,2,165.0,25,0.93,DEN,5.0,139.6,27.0,0,1,0,-2.5,43.5
00-0036973,Travis Etienne,JAX,2025,2,71.0,14,0.66,CIN,14.0,69.4,12.8,0,0,0,-3.5,49.5
00-0039040,De'Von Achane,MIA,2025,2,30.0,11,0.93,NE,7.0,76.66666666666667,11.666666666666666,0,0,0,1.5,43.5
00-0036875,Rhamondre Stevenson,NE,2025,2,54.0,11,0.65,MIA,1.0,61.0,16.2,0,0,0,-1.5,43.5
00-0033906,Alvin Kamara,NO,2025,2,99.0,21,0.86,SF,4.0,64.6,16.8,0,1,0,-3.0,40.5
00-0038120,Breece Hall,NYJ,2025,2,29.0,10,0.64,BUF,2.0,59.8,12.8,0,0,0,-6.0,47.5
00-0034844,Saquon Barkley,PHI,2025,2,88.0,22,0.83,KC,3.0,111.8,21.8,0,0,1,1.5,46.5
00-0033280,Christian McCaffrey,SF,2025,2,55.0,13,0.77,NO,6.0,59.6,17.4,0,1,0,3.0,40.5
00-0039361,Bucky Irving,TB,2025,2,71.0,17,0.71,HOU,10.0,71.0,16.0,0,1,0,-2.5,42.5
00-0035261,Tony Pollard,TEN,2025,2,92.0,20,0.89,LA,13.0,75.6,18.6,0,0,0,-5.5,41.5
00-0039921,Trey Benson,ARI,2025,3,42.0,10,0.61,SF,9.0,,,0,0,0,-1.5,44.5
00-0038542,Bijan Robinson,ATL,2025,3,72.0,13,0.8,CAR,19.0,104.2,20.2,0,0,0,5.5,44.5
00-0037248,James Cook,BUF,2025,3,108.0,19,0.67,MIA,2.0,64.6,16.8,0,0,0,12.5,50.5
00-0036555,Chuba Hubbard,CAR,2025,3,73.0,17,0.62,ATL,4.0,74.2,17.4,0,0,0,-5.5,44.5
00-0036275,D'Andre Swift,CHI,2025,3,33.0,13,0.61,DAL,6.0,54.0,15.4,1,0,0,-1.5,49.5
00-0036158,J.K. Dobbins,DEN,2025,3,83.0,11,0.67,LAC,16.0,56.0,13.4,0,1,1,-2.5,45.5
00-0039139,Jahmyr Gibbs,DET,2025,3,67.0,22,0.69,BAL,3.0,94.8,17.8,0,0,0,-4.5,53.5
00-0035700,Josh Jacobs,GB,2025,3,30.0,16,0.66,CLE,12.0,78.8,20.6,0,0,3,8.5,41.5
00-0036223,Jonathan Taylor,IND,2025,3,102.0,17,0.79,TEN,18.0,151.2,27.6,0,0,0,6.0,43.5
00-0040666,Omarion Hampton,LAC,2025,3,70.0,19,0.79,DEN,15.0,48.0,15.0,0,1,-1,2.5,45.5
00-0040122,Ashton Jeanty,LV,2025,3,63.0,17,0.61,WAS,13.0,38.0,19.0,0,0,-4,-2.5,43.5
00-0039040,De'Von Achane,MIA,2025,3,62.0,12,0.77,BUF,1.0,65.0,11.5,0,0,0,-12.5,50.5
00-0037525,Jordan Mason,MIN,2025,3,116.0,16,0.6,CIN,14.0,89.4,18.2,0,1,0,3.0,41.5
00-0033906,Alvin Kamara,NO,2025,3,42.0,18,0.74,SEA,7.0,73.4,17.6,0,0,0,-7.5,41.5
00-0034844,Saquon Barkley,PHI,2025,3,46.0,18,0.94,LA,17.0,105.6,21.2,0,0,0,3.5,45.5
00-0037228,Jaylen Warren,PIT,2025,3,47.0,18,0.8,NE,10.0,44.0,11.0,0,0,0,1.5,44.5
00-0033280,Christian McCaffrey,SF,2025,3,52.0,17,0.91,ARI,11.0,54.6,15.6,0,0,0,1.5,44.5
00-0039361,Bucky Irving,TB,2025,3,66.0,25,0.74,NYJ,8.0,71.0,16.2,0,0,-1,6.5,43.5
00-0035261,Tony Pollard,TEN,2025,3,45.0,16,0.91,IND,5.0,70.2,17.8,0,0,0,-6.0,43.5
00-0038542,Bijan Robinson,ATL,2025,4,75.0,17,0.69,WAS,10.0,99.8,18.4,0,1,0,2.5,43.5
00-0037248,James Cook,BUF,2025,4,117.0,22,0.73,NO,9.0,72.8,17.8,0,0,3,15.5,48.5
00-0036275,D'Andre Swift,CHI,2025,4,38.0,14,0.66,LV,17.0,44.8,14.2,1,1,0,-1.5,47.5
00-0036997,Javonte Williams,DAL,2025,4,85.0,20,0.8,GB,6.0,58.2,12.0,0,1,0,-7.0,47.5
00-0039139,Jahmyr Gibbs,DET,2025,4,91.0,15,0.62,CLE,7.0,90.2,18.0,0,1,-1,10.0,44.5
00-0035700,Josh Jacobs,GB,2025,4,86.0,22,0.65,DAL,3.0,66.0,18.6,0,1,0,7.0,47.5
00-0036223,Jonathan Taylor,IND,2025,4,76.0,17,0.87,LA,14.0,128.0,25.2,0,1,0,-3.5,49.5
00-0036973,Travis Etienne,JAX,2025,4,124.0,19,0.6,SF,5.0,70.0,13.4,0,0,0,-3.5,45.5
00-0040666,Omarion Hampton,LAC,2025,4,128.0,12,0.89,NYG,16.0,59.0,17.0,0,0,0,6.0,43.5
00-0040122,Ashton Jeanty,LV,2025,4,138.0,21,0.85,CHI,13.0,50.5,18.0,0,1,0,1.5,47.5
00-0039040,De'Von Achane,MIA,2025,4,99.0,20,0.76,NYJ,8.0,64.4,11.6,0,0,3,2.5,44.5
00-0037525,Jordan Mason,MIN,2025,4,57.0,16,0.62,PIT,20.0,92.6,17.4,0,0,0,2.5,41.5
00-0033906,Alvin Kamara,NO,2025,4,70.0,15,0.73,BUF,2.0,68.4,18.0,0,0,-3,-15.5,48.5
00-0040715,Cam Skattebo,NYG,2025,4,79.0,25,0.75,LAC,15.0,,,0,0,0,-6.0,43.5
00-0038120,Breece Hall,NYJ,2025,4,81.0,14,0.63,MIA,4.0,55.2,12.8,0,0,-3,-2.5,44.5
00-0034844,Saquon Barkley,PHI,2025,4,43.0,19,0.84,TB,1.0,73.8,19.6,0,0,0,3.5,44.5
00-0036919,Kenneth Gainwell,PIT,2025,4,99.0,19,0.77,MIN,18.0,54.0,14.0,0,0,0,-2.5,41.5
00-0033280,Christian McCaffrey,SF,2025,4,49.0,17,0.85,JAX,19.0,57.2,16.4,0,0,0,3.5,45.5
00-0039361,Bucky Irving,TB,2025,4,63.0,15,0.61,PHI,11.0,68.0,18.4,0,0,0,-3.5,44.5
00-0035261,Tony Pollard,TEN,2025,4,64.0,14,0.86,HOU,12.0,72.2,19.4,0,1,0,-7.5,39.5
00-0032764,Derrick Henry,BAL,2025,5,33.0,15,0.65,HOU,5.0,131.2,21.6,0,0,0,-2.5,41.5
00-0037248,James Cook,BUF,2025,5,49.0,15,0.72,NE,3.0,82.2,18.2,0,0,0,7.5,49.5
00-0036139,Rico Dowdle,CAR,2025,5,206.0,23,0.67,MIA,6.0,95.8,20.2,0,0,1,-1.5,44.5
00-0036997,Javonte Williams,DAL,2025,5,135.0,16,0.77,NYJ,8.0,70.6,14.8,0,0,1,-1.5,48.5
00-0036223,Jonathan Taylor,IND,2025,5,66.0,17,0.74,LV,10.0,118.2,22.2,0,1,0,7.0,46.5
00-0039040,De'Von Achane,MIA,2025,5,16.0,10,0.87,CAR,12.0,64.0,14.0,0,0,-1,1.5,44.5
00-0037525,Jordan Mason,MIN,2025,5,52.0,13,0.66,CLE,7.0,88.6,16.8,0,0,0,3.5,35.5
00-0040715,Cam Skattebo,NYG,2025,5,59.0,15,0.68,NO,9.0,79.0,25.0,0,1,0,-1.5,41.5
00-0038120,Breece Hall,NYJ,2025,5,113.0,14,0.62,DAL,4.0,55.8,12.4,0,0,-1,1.5,48.5
00-0033280,Christian McCaffrey,SF,2025,5,57.0,22,0.88,LA,11.0,51.2,16.0,0,1,0,-8.5,43.5
00-0037256,Rachaad White,TB,2025,5,41.0,14,0.8,SEA,1.0,45.8,9.2,0,0,-3,-3.5,44.5
00-0035261,Tony Pollard,TEN,2025,5,67.0,14,0.73,ARI,2.0,64.6,18.0,0,1,-3,-7.5,41.5
00-0038542,Bijan Robinson,ATL,2025,6,170.0,19,0.74,BUF,2.0,96.8,18.4,0,1,7,-3.5,49.5
00-0036139,Rico Dowdle,CAR,2025,6,183.0,30,0.88,DAL,7.0,110.8,21.2,0,0,0,-3.0,47.5
00-0036997,Javonte Williams,DAL,2025,6,29.0,13,0.85,CAR,19.0,80.0,15.2,0,0,0,3.0,47.5
00-0039139,Jahmyr Gibbs,DET,2025,6,65.0,17,0.69,KC,6.0,102.2,19.4,0,0,1,-2.5,51.5
00-0035700,Josh Jacobs,GB,2025,6,93.0,18,0.79,CIN,14.0,69.4,19.6,0,0,7,14.0,44.5
00-0036223,Jonathan Taylor,IND,2025,6,123.0,21,0.92,ARI,8.0,96.0,18.8,0,1,0,8.5,46.5
00-0036973,Travis Etienne,JAX,2025,6,27.0,12,0.62,SEA,4.0,86.0,15.0,0,0,-1,-1.5,47.5
00-0037197,Isiah Pacheco,KC,2025,6,51.0,12,0.77,DET,2.0,71.8,18.2,0,0,-1,2.5,51.5
00-0039391,Kimani Vidal,LAC,2025,6,124.0,18,0.67,MIA,18.0,9.0,3.0,0,0,0,3.5,45.5
00-0040122,Ashton Jeanty,LV,2025,6,75.0,23,0.79,TEN,20.0,79.66666666666667,19.0,0,1,0,3.5,41.5
00-0039040,De'Von Achane,MIA,2025,6,128.0,16,0.85,LAC,12.0,52.6,12.6,0,0,0,-3.5,45.5
00-0036875,Rhamondre Stevenson,NE,2025,6,18.0,13,0.72,NO,9.0,68.6,16.4,0,1,0,3.5,46.5
00-0033906,Alvin Kamara,NO,2025,6,31.0,10,0.62,NE,5.0,60.0,16.4,1,1,0,-3.5,46.5
00-0040715,Cam Skattebo,NYG,2025,6,98.0,19,0.71,PHI,10.0,69.0,20.0,0,0,0,-7.0,40.5
00-0038120,Breece Hall,NYJ,2025,6,58.0,21,0.74,DEN,11.0,66.4,12.8,0,0,0,-7.5,43.5
00-0034844,Saquon Barkley,PHI,2025,6,58.0,12,0.81,NYG,16.0,58.8,20.4,0,0,0,7.0,40.5
00-0039165,Zach Charbonnet,SEA,2025,6,24.0,12,0.6,JAX,15.0,79.0,15.4,0,0,1,1.5,47.5
00-0033280,Christian McCaffrey,SF,2025,6,54.0,17,0.93,TB,1.0,56.4,18.2,0,0,3,-3.5,46.5
00-0037256,Rachaad White,TB,2025,6,65.0,17,0.77,SF,13.0,50.6,10.8,0,0,-3,3.5,46.5
00-0040242,Jacory Croskey-Merritt,WAS,2025,6,61.0,17,0.66,CHI,17.0,,,0,0,-7,5.5,49.5
00-0038542,Bijan Robinson,ATL,2025,7,40.0,14,0.88,SF,5.0,96.8,16.6,0,0,-1,-1.5,46.5
00-0040784,Quinshon Judkins,CLE,2025,7,84.0,25,0.65,MIA,12.0,,,0,0,0,2.5,34.5
00-0036997,Javonte Williams,DAL,2025,7,116.0,19,0.69,WAS,4.0,80.0,16.4,0,1,1,1.5,54.5
00-0040583,Woody Marks,HOU,2025,7,15.0,10,0.63,SEA,2.0,,,0,0,7,-3.0,41.5
00-0036223,Jonathan Taylor,IND,2025,7,94.0,16,0.87,LAC,8.0,106.4,19.4,0,1,0,-2.5,48.5
00-0037525,Jordan Mason,MIN,2025,7,57.0,15,0.77,PHI,7.0,74.4,14.6,0,1,4,-2.5,43.5
00-0036875,Rhamondre Stevenson,NE,2025,7,88.0,18,0.75,TEN,13.0,57.4,15.0,0,0,0,6.5,40.5
00-0033906,Alvin Kamara,NO,2025,7,28.0,11,0.84,CHI,9.0,57.4,15.0,0,0,1,-4.5,43.5
00-0040715,Cam Skattebo,NYG,2025,7,60.0,16,0.6,DEN,6.0,78.66666666666667,19.666666666666668,0,0,3,-7.5,39.5
00-0034844,Saquon Barkley,PHI,2025,7,44.0,18,0.78,MIN,11.0,59.0,17.8,0,1,-4,2.5,43.5
00-0037228,Jaylen Warren,PIT,2025,7,127.0,16,0.65,CIN,10.0,45.0,13.333333333333334,0,0,0,5.5,45.5
00-0033280,Christian McCaffrey,SF,2025,7,129.0,24,0.75,ATL,3.0,53.4,17.2,0,0,1,1.5,46.5
00-0037256,Rachaad White,TB,2025,7,38.0,10,0.9,DET,1.0,49.2,12.2,0,1,0,-6.0,54.5
00-0036997,Javonte Williams,DAL,2025,8,41.0,13,0.72,DEN,5.0,92.4,17.2,0,0,0,-3.5,51.5
00-0036223,Jonathan Taylor,IND,2025,8,153.0,12,0.75,TEN,7.0,92.2,17.6,0,1,0,15.5,47.5
00-0039391,Kimani Vidal,LAC,2025,8,117.0,23,0.74,MIN,6.0,66.5,10.5,0,1,0,3.0,45.5
00-0039040,De'Von Achane,MIA,2025,8,67.0,18,0.67,ATL,1.0,67.0,13.8,0,1,0,-7.0,44.5
00-0036875,Rhamondre Stevenson,NE,2025,8,34.0,14,0.74,CLE,2.0,60.4,14.6,0,0,0,7.0,40.5
00-0039384,Tyrone Tracy Jr.,NYG,2025,8,39.0,10,0.63,PHI,4.0,39.8,12.2,0,0,0,-7.0,43.5
00-0037228,Jaylen Warren,PIT,2025,8,62.0,13,0.62,GB,3.0,65.5,14.0,0,0,3,-3.0,46.5
00-0038542,Bijan Robinson,ATL,2025,9,46.0,12,0.96,NE,1.0,100.0,17.0,0,0,0,-5.5,45.5
00-0032764,Derrick Henry,BAL,2025,9,119.0,19,0.64,MIA,15.0,105.4,19.8,0,0,0,7.5,51.5
00-0037248,James Cook,BUF,2025,9,114.0,27,0.76,KC,4.0,84.8,18.6,0,0,1,-2.5,53.5
00-0036139,Rico Dowdle,CAR,2025,9,130.0,25,0.72,GB,8.0,117.6,22.2,0,0,0,-12.5,43.5
00-0040236,Kyle Monangai,CHI,2025,9,176.0,26,0.74,CIN,11.0,,,0,0,0,3.0,51.5
00-0036997,Javonte Williams,DAL,2025,9,83.0,15,0.87,ARI,5.0,81.2,16.2,0,1,-7,3.5,53.5
00-0036223,Jonathan Taylor,IND,2025,9,45.0,14,0.79,PIT,13.0,102.4,16.6,0,0,0,3.5,51.5
00-0033923,Kareem Hunt,KC,2025,9,49.0,11,0.78,BUF,6.0,68.2,18.2,0,0,-1,2.5,53.5
00-0039391,Kimani Vidal,LAC,2025,9,30.0,12,0.72,TEN,14.0,83.33333333333333,14.666666666666666,0,0,3,10.0,44.5
00-0040122,Ashton Jeanty,LV,2025,9,42.0,13,0.91,JAX,9.0,78.5,20.0,0,1,0,-2.5,43.5
00-0039040,De'Von Achane,MIA,2025,9,67.0,14,0.91,BAL,3.0,74.4,15.2,0,0,0,-7.5,51.5
00-0037525,Jordan Mason,MIN,2025,9,36.0,10,0.6,DET,2.0,68.0,14.8,0,1,-3,-9.5,47.5
00-0040734,TreVeyon Henderson,NE,2025,9,55.0,14,0.75,ATL,7.0,,,0,0,0,5.5,45.5
00-0033280,Christian McCaffrey,SF,2025,9,106.0,28,0.86,NYG,12.0,68.2,19.4,0,0,0,2.5,47.5
00-0035261,Tony Pollard,TEN,2025,9,56.0,10,0.62,LAC,10.0,65.6,16.4,0,0,-3,-10.0,44.5
00-0038542,Bijan Robinson,ATL,2025,10,84.0,17,0.86,IND,5.0,80.6,15.0,0,1,0,-6.5,48.5
00-0032764,Derrick Henry,BAL,2025,10,75.0,20,0.67,MIN,13.0,99.8,18.2,0,1,3,4.5,48.5
00-0036139,Rico Dowdle,CAR,2025,10,53.0,18,0.79,NO,4.0,139.0,24.6,0,0,0,5.5,38.5
00-0036275,D'Andre Swift,CHI,2025,10,80.0,13,0.62,NYG,16.0,48.4,15.2,1,0,0,4.5,45.5
00-0035700,Josh Jacobs,GB,2025,10,74.0,21,0.74,PHI,6.0,71.8,19.6,0,0,-7,1.5,45.5
00-0040583,Woody Marks,HOU,2025,10,63.0,14,0.8,JAX,7.0,15.0,10.0,0,1,0,-1.5,37.5
00-0036223,Jonathan Taylor,IND,2025,10,244.0,32,0.91,ATL,8.0,96.2,16.0,0,1,0,6.5,48.5
00-0039391,Kimani Vidal,LAC,2025,10,95.0,25,0.93,PIT,17.0,70.0,14.0,0,1,0,3.0,45.5
00-0040122,Ashton Jeanty,LV,2025,10,60.0,19,0.87,DEN,11.0,71.2,18.6,0,0,0,-9.5,42.5
00-0039040,De'Von Achane,MIA,2025,10,174.0,22,0.89,BUF,9.0,75.4,15.6,0,0,3,-8.5,50.5
00-0040734,TreVeyon Henderson,NE,2025,10,147.0,14,0.84,TB,1.0,55.0,14.0,0,0,-7,-2.5,48.5
00-0033906,Alvin Kamara,NO,2025,10,83.0,22,0.63,CAR,12.0,54.0,15.0,1,0,0,-5.5,38.5
00-0039384,Tyrone Tracy Jr.,NYG,2025,10,71.0,14,0.67,CHI,10.0,41.4,12.2,0,0,0,-4.5,45.5
00-0038120,Breece Hall,NYJ,2025,10,83.0,21,0.71,CLE,3.0,67.6,14.2,0,0,0,-1.5,37.5
00-0034844,Saquon Barkley,PHI,2025,10,60.0,22,0.7,GB,14.0,55.8,17.8,0,0,7,-1.5,45.5
00-0033280,Christian McCaffrey,SF,2025,10,30.0,12,0.78,LA,15.0,79.0,21.6,0,0,0,-5.5,49.5
00-0037256,Rachaad White,TB,2025,10,38.0,10,0.72,NE,2.0,53.0,13.6,0,0,7,2.5,48.5
00-0038542,Bijan Robinson,ATL,2025,11,104.0,23,0.85,CAR,7.0,83.0,15.8,0,1,0,4.5,42.5
00-0037248,James Cook,BUF,2025,11,48.0,16,0.66,TB,4.0,91.8,20.4,0,0,0,6.0,46.5
00-0036139,Rico Dowdle,CAR,2025,11,45.0,19,0.82,ATL,17.0,128.8,23.6,0,1,0,-4.5,42.5
00-0040784,Quinshon Judkins,CLE,2025,11,59.0,17,0.6,BAL,3.0,84.0,25.0,0,0,0,-7.5,37.5
00-0036997,Javonte Williams,DAL,2025,11,93.0,22,0.78,LV,12.0,80.8,15.2,0,1,3,3.5,48.5
00-0040730,RJ Harvey,DEN,2025,11,30.0,11,0.61,KC,11.0,,,0,0,-4,-3.5,44.5
00-0039139,Jahmyr Gibbs,DET,2025,11,39.0,12,0.73,PHI,6.0,93.4,18.2,0,0,1,-2.5,46.5
00-0038797,Emanuel Wilson,GB,2025,11,40.0,11,0.71,NYG,14.0,,,0,0,-1,7.5,41.5
00-0040583,Woody Marks,HOU,2025,11,44.0,18,0.66,TEN,13.0,39.0,12.0,0,0,-7,5.5,37.5
00-0033923,Kareem Hunt,KC,2025,11,59.0,13,0.8,DEN,5.0,64.8,17.6,0,0,4,3.5,44.5
00-0039040,De'Von Achane,MIA,2025,11,120.0,21,0.8,WAS,9.0,90.4,16.0,0,0,0,2.5,47.5
00-0033293,Aaron Jones,MIN,2025,11,70.0,16,0.67,CHI,8.0,63.8,14.4,0,1,0,3.0,47.5
00-0040734,TreVeyon Henderson,NE,2025,11,62.0,19,0.88,NYJ,15.0,101.0,14.0,0,0,0,12.5,43.5
00-0038120,Breece Hall,NYJ,2025,11,58.0,14,0.72,NE,1.0,72.8,16.0,0,0,0,-12.5,43.5
00-0034844,Saquon Barkley,PHI,2025,11,83.0,26,0.81,DET,2.0,50.2,17.8,0,0,-1,2.5,46.5
00-0033280,Christian McCaffrey,SF,2025,11,81.0,13,0.71,ARI,10.0,75.2,20.6,0,1,0,3.5,48.5
00-0037256,Rachaad White,TB,2025,11,51.0,10,0.6,BUF,16.0,54.4,13.6,0,0,0,-6.0,46.5
00-0038542,Bijan Robinson,ATL,2025,12,70.0,14,0.66,NO,5.0,88.8,17.0,0,1,-7,-1.5,41.5
00-0036997,Javonte Williams,DAL,2025,12,87.0,20,0.78,PHI,7.0,72.4,16.4,0,1,-1,-3.0,47.5
00-0039139,Jahmyr Gibbs,DET,2025,12,219.0,15,0.74,NYG,11.0,73.4,16.0,0,1,0,14.0,50.5
00-0040583,Woody Marks,HOU,2025,12,74.0,16,0.69,BUF,13.0,40.666666666666664,14.0,0,1,0,-5.5,43.5
00-0036223,Jonathan Taylor,IND,2025,12,58.0,16,0.9,KC,8.0,131.8,19.0,0,0,7,-3.5,50.5
00-0036973,Travis Etienne,JAX,2025,12,86.0,15,0.65,ARI,10.0,86.0,15.0,0,1,0,2.5,47.5
00-0033923,Kareem Hunt,KC,2025,12,104.0,30,0.71,IND,3.0,56.2,14.8,0,0,-7,3.5,50.5
00-0040122,Ashton Jeanty,LV,2025,12,50.0,17,0.81,CLE,4.0,75.6,18.6,0,1,-1,3.0,35.5
00-0040734,TreVeyon Henderson,NE,2025,12,66.0,18,0.65,CIN,14.0,88.0,15.666666666666666,0,0,3,7.5,50.5
00-0039384,Tyrone Tracy Jr.,NYG,2025,12,62.0,20,0.71,DET,2.0,50.4,13.6,0,1,0,-14.0,50.5
00-0038120,Breece Hall,NYJ,2025,12,44.0,16,0.71,BAL,1.0,78.6,16.8,0,0,3,-14.0,44.5
00-0034844,Saquon Barkley,PHI,2025,12,22.0,10,0.83,DAL,12.0,57.6,19.4,0,1,1,3.0,47.5
00-0038134,Kenneth Walker III,SEA,2025,12,71.0,11,0.62,TEN,9.0,51.8,17.0,1,0,0,12.5,41.5
00-0033280,Christian McCaffrey,SF,2025,12,89.0,24,0.83,CAR,6.0,80.0,18.8,0,0,0,7.5,48.5
00-0038542,Bijan Robinson,ATL,2025,13,142.0,23,0.87,NYJ,12.0,68.8,16.0,0,0,0,3.0,38.5
00-0037248,James Cook,BUF,2025,13,144.0,32,0.61,PIT,10.0,87.2,19.8,0,0,3,3.0,44.5
00-0040784,Quinshon Judkins,CLE,2025,13,91.0,23,0.6,SF,6.0,71.5,21.0,0,0,1,-5.5,35.5
00-0036997,Javonte Williams,DAL,2025,13,59.0,17,0.78,KC,4.0,84.0,17.8,0,1,0,-3.5,53.5
00-0039139,Jahmyr Gibbs,DET,2025,13,68.0,20,0.7,GB,11.0,96.2,16.2,0,1,0,2.5,48.5
00-0036223,Jonathan Taylor,IND,2025,13,85.0,21,0.98,HOU,1.0,118.8,18.0,0,1,-3,3.0,44.5
00-0033923,Kareem Hunt,KC,2025,13,58.0,14,0.64,DAL,8.0,61.4,16.4,0,1,0,3.5,53.5
00-0039391,Kimani Vidal,LAC,2025,13,126.0,25,0.76,LV,7.0,75.0,16.2,0,1,7,10.0,40.5
00-0040122,Ashton Jeanty,LV,2025,13,31.0,15,0.96,LAC,9.0,73.0,18.6,0,1,-7,-10.0,40.5
00-0039040,De'Von Achane,MIA,2025,13,134.0,22,0.73,NO,3.0,111.2,18.2,0,0,7,5.5,41.5
00-0040202,Devin Neal,NO,2025,13,47.0,14,0.82,MIA,14.0,,,0,0,-7,-5.5,41.5
00-0038120,Breece Hall,NYJ,2025,13,68.0,19,0.88,ATL,13.0,71.2,17.2,0,0,0,-3.0,38.5
00-0034844,Saquon Barkley,PHI,2025,13,56.0,13,0.93,CHI,5.0,53.4,17.6,0,0,0,7.0,43.5
00-0033280,Christian McCaffrey,SF,2025,13,53.0,20,0.79,CLE,2.0,87.0,20.2,0,0,-1,5.5,35.5
00-0038542,Bijan Robinson,ATL,2025,14,86.0,20,0.67,SEA,1.0,89.2,17.8,0,1,0,-7.0,44.5
00-0037248,James Cook,BUF,2025,14,80.0,18,0.75,CIN,13.0,94.4,22.4,0,0,-3,6.0,54.5
00-0036997,Javonte Williams,DAL,2025,14,67.0,17,0.79,DET,3.0,72.6,17.4,0,1,0,-3.5,55.5
00-0040730,RJ Harvey,DEN,2025,14,75.0,17,0.68,LV,10.0,30.0,11.0,0,1,0,8.5,40.5
00-0039139,Jahmyr Gibbs,DET,2025,14,43.0,12,0.69,DAL,12.0,96.4,15.8,0,1,0,3.5,55.5
00-0035700,Josh Jacobs,GB,2025,14,86.0,20,0.72,CHI,5.0,73.4,20.0,0,0,1,6.5,44.5
00-0040583,Woody Marks,HOU,2025,14,68.0,26,0.87,KC,9.0,49.0,14.5,0,0,-3,-4.5,41.5
00-0036223,Jonathan Taylor,IND,2025,14,74.0,21,0.74,JAX,2.0,117.0,19.0,0,0,0,2.5,44.5
00-0036973,Travis Etienne,JAX,2025,14,74.0,20,0.72,IND,8.0,90.2,15.2,0,0,0,-2.5,44.5
00-0039391,Kimani Vidal,LAC,2025,14,44.0,14,0.69,PHI,6.0,98.4,20.6,0,1,-2,-1.5,41.5
00-0040122,Ashton Jeanty,LV,2025,14,30.0,10,0.7,DEN,4.0,51.6,17.4,0,1,0,-8.5,40.5
00-0040202,Devin Neal,NO,2025,14,70.0,19,0.71,TB,7.0,47.0,14.0,0,0,0,-7.5,41.5
00-0038120,Breece Hall,NYJ,2025,14,43.0,14,0.76,MIA,14.0,62.2,18.2,0,0,0,-2.5,41.5
00-0034844,Saquon Barkley,PHI,2025,14,122.0,20,0.82,LAC,11.0,53.0,17.8,0,1,2,1.5,41.5
00-0036924,Michael Carter,ARI,2025,15,56.0,14,0.8,HOU,3.0,45.0,12.0,0,1,0,-10.5,42.5
00-0038542,Bijan Robinson,ATL,2025,15,93.0,19,0.9,TB,8.0,97.2,19.4,0,0,0,-6.0,43.5
00-0037248,James Cook,BUF,2025,15,107.0,22,0.67,NE,2.0,87.0,21.6,0,0,-6,2.5,49.5
00-0036139,Rico Dowdle,CAR,2025,15,49.0,16,0.6,NO,7.0,123.4,23.0,0,1,7,2.5,41.5
00-0040784,Quinshon Judkins,CLE,2025,15,21.0,12,0.67,CHI,5.0,78.0,21.666666666666668,0,0,0,-7.5,38.5
00-0040730,RJ Harvey,DEN,2025,15,65.0,19,0.68,GB,10.0,52.5,14.0,0,0,0,-1.5,42.5
00-0039139,Jahmyr Gibbs,DET,2025,15,38.0,13,0.81,LA,4.0,86.8,15.2,0,1,3,-5.5,54.5
00-0036223,Jonathan Taylor,IND,2025,15,87.0,25,0.85,SEA,1.0,101.2,20.8,0,0,0,-13.5,41.5
00-0036973,Travis Etienne,JAX,2025,15,32.0,12,0.61,NYJ,12.0,76.4,16.0,0,0,0,13.5,40.5
00-0039391,Kimani Vidal,LAC,2025,15,33.0,12,0.64,KC,6.0,82.4,19.8,0,0,-1,-5.5,41.5
00-0039040,De'Von Achane,MIA,2025,15,60.0,12,0.8,PIT,13.0,112.4,19.4,0,0,0,-3.0,42.5
00-0039384,Tyrone Tracy Jr.,NYG,2025,15,70.0,15,0.76,WAS,11.0,51.0,13.6,0,0,6,2.5,46.5
00-0033280,Christian McCaffrey,SF,2025,15,73.0,22,0.84,TEN,9.0,71.8,19.4,0,0,7,12.5,44.5
00-0038542,Bijan Robinson,ATL,2025,16,76.0,16,0.7,ARI,7.0,99.0,19.8,0,1,3,2.5,48.5
00-0036223,Jonathan Taylor,IND,2025,16,46.0,16,0.88,SF,5.0,109.6,23.0,0,1,0,-4.5,46.5
00-0036973,Travis Etienne,JAX,2025,16,50.0,16,0.7,DEN,1.0,68.6,15.6,0,0,0,-3.5,46.5
00-0040122,Ashton Jeanty,LV,2025,16,128.0,24,0.93,HOU,2.0,42.6,14.8,0,1,0,-14.5,39.5
00-0039040,De'Von Achane,MIA,2025,16,81.0,15,0.71,CIN,11.0,111.0,18.2,0,0,-1,-3.5,48.5
00-0033293,Aaron Jones,MIN,2025,16,85.0,21,0.64,NYG,10.0,63.2,15.0,0,0,0,2.5,41.5
00-0039384,Tyrone Tracy Jr.,NYG,2025,16,71.0,16,0.62,MIN,9.0,53.2,13.8,0,0,0,-2.5,41.5
00-0038120,Breece Hall,NYJ,2025,16,54.0,16,0.64,NO,4.0,59.2,16.8,0,1,0,-6.5,39.5
00-0034844,Saquon Barkley,PHI,2025,16,132.0,21,0.77,WAS,8.0,68.6,18.2,0,0,0,7.0,43.5
00-0033280,Christian McCaffrey,SF,2025,16,117.0,21,0.8,IND,6.0,65.2,18.2,0,1,0,4.5,46.5
00-0039361,Bucky Irving,TB,2025,16,71.0,19,0.62,CAR,3.0,62.8,17.6,0,0,3,3.0,44.5
00-0038542,Bijan Robinson,ATL,2025,17,195.0,22,0.79,LA,1.0,93.4,18.4,0,1,-3,-7.5,48.5
00-0032764,Derrick Henry,BAL,2025,17,216.0,36,0.63,GB,8.0,87.2,18.2,0,0,-1,-2.5,38.5
00-0036139,Rico Dowdle,CAR,2025,17,59.0,12,0.64,SEA,4.0,92.0,21.6,0,0,-3,-6.5,42.5
00-0040730,RJ Harvey,DEN,2025,17,43.0,14,0.65,KC,2.0,56.666666666666664,15.666666666666666,0,0,0,13.5,37.5
00-0039139,Jahmyr Gibbs,DET,2025,17,41.0,17,0.69,MIN,10.0,81.4,14.4,0,1,0,7.0,45.5
00-0040583,Woody Marks,HOU,2025,17,71.0,19,0.68,LAC,14.0,52.8,16.8,0,1,0,-1.5,40.5
00-0036223,Jonathan Taylor,IND,2025,17,70.0,21,0.89,JAX,3.0,70.0,19.8,0,1,-1,-3.5,48.5
00-0036973,Travis Etienne,JAX,2025,17,76.0,17,0.7,IND,13.0,53.8,15.0,0,1,1,3.5,48.5
00-0040666,Omarion Hampton,LAC,2025,17,29.0,14,0.81,HOU,7.0,82.0,15.333333333333334,0,1,0,1.5,40.5
00-0040122,Ashton Jeanty,LV,2025,17,60.0,16,0.81,NYG,16.0,59.8,17.0,0,1,0,-3.0,40.5
00-0039040,De'Von Achane,MIA,2025,17,83.0,18,0.75,TB,11.0,113.8,18.4,0,0,0,-5.5,44.5
00-0033293,Aaron Jones,MIN,2025,17,53.0,18,0.65,DET,5.0,63.0,15.6,0,1,0,-7.0,45.5
00-0039384,Tyrone Tracy Jr.,NYG,2025,17,62.0,14,0.66,LV,9.0,62.6,15.0,0,1,0,3.0,40.5
00-0034844,Saquon Barkley,PHI,2025,17,68.0,19,0.8,BUF,15.0,83.0,18.0,0,0,1,-3.0,45.5
00-0033280,Christian McCaffrey,SF,2025,17,140.0,23,0.85,CHI,6.0,82.6,20.0,0,0,-2,3.5,51.5
00-0040242,Jacory Croskey-Merritt,WAS,2025,17,105.0,11,0.64,DAL,12.0,61.0,17.0,0,0,1,-8.5,50.5
00-0038542,Bijan Robinson,ATL,2025,18,33.0,15,0.84,NO,3.0,118.4,20.0,0,1,-1,4.5,43.5
00-0032764,Derrick Henry,BAL,2025,18,126.0,20,0.71,PIT,6.0,93.2,20.2,0,0,1,4.5,41.5
00-0039875,Ray Davis,BUF,2025,18,151.0,21,0.64,NYJ,9.0,,,0,0,0,12.5,39.5
00-0040586,Jaydon Blue,DAL,2025,18,64.0,16,0.6,NYG,10.0,,,0,0,3,3.0,50.5
00-0039139,Jahmyr Gibbs,DET,2025,18,80.0,19,0.71,CHI,4.0,81.8,15.4,0,0,3,-3.5,51.5
00-0040122,Ashton Jeanty,LV,2025,18,87.0,26,0.97,KC,1.0,59.8,16.4,0,1,-3,-3.5,36.5
00-0039384,Tyrone Tracy Jr.,NYG,2025,18,103.0,18,0.69,DAL,7.0,67.2,15.8,0,0,-3,-3.0,50.5
00-0036906,Khalil Herbert,NYJ,2025,18,42.0,12,0.67,BUF,8.0,72.0,14.8,0,0,0,-12.5,39.5
00-0039361,Bucky Irving,TB,2025,18,85.0,26,0.63,CAR,5.0,61.6,18.0,0,0,0,3.0,43.5
00-0035261,Tony Pollard,TEN,2025,18,48.0,14,0.63,JAX,2.0,64.8,14.8,0,0,0,-12.5,46.5
00-0037248,James Cook,BUF,2025,19,46.0,15,0.6,JAX,3.0,98.6,23.0,0,0,0,-1.5,51.5
00-0036555,Chuba Hubbard,CAR,2025,19,46.0,13,0.61,LA,7.0,70.4,15.6,0,0,1,-10.0,44.5
00-0035700,Josh Jacobs,GB,2025,19,55.0,19,0.63,CHI,6.0,73.8,19.4,0,0,0,2.5,45.5
00-0040583,Woody Marks,HOU,2025,19,112.0,19,0.71,PIT,8.0,64.0,18.6,0,0,0,3.0,38.5
00-0039391,Kimani Vidal,LAC,2025,19,31.0,11,0.93,NE,1.0,65.6,17.6,0,0,0,-3.5,45.5
00-0036875,Rhamondre Stevenson,NE,2025,19,53.0,10,0.62,LAC,5.0,52.6,13.8,0,0,0,3.5,45.5
00-0034844,Saquon Barkley,PHI,2025,19,106.0,26,0.85,SF,4.0,80.0,16.6,0,0,-1,6.0,44.5
00-0033280,Christian McCaffrey,SF,2025,19,48.0,15,0.88,PHI,2.0,94.4,22.0,0,0,1,-6.0,44.5
00-0037248,James Cook,BUF,2025,20,117.0,24,0.64,DEN,1.0,85.0,20.6,0,0,-7,-1.5,45.5
00-0036275,D'Andre Swift,CHI,2025,20,76.0,19,0.62,LA,5.0,53.8,15.4,0,0,0,-3.5,49.5
00-0040583,Woody Marks,HOU,2025,20,17.0,14,0.68,NE,2.0,73.8,19.6,0,0,-1,-3.0,40.5
00-0036875,Rhamondre Stevenson,NE,2025,20,70.0,16,0.62,HOU,3.0,49.4,13.2,0,0,1,3.0,40.5
00-0038134,Kenneth Walker III,SEA,2025,20,116.0,19,0.62,SF,4.0,59.6,16.4,0,0,8,6.5,44.5
00-0036875,Rhamondre Stevenson,NE,2025,21,71.0,25,0.94,DEN,1.0,52.6,14.2,0,0,-1,3.5,43.5
00-0038134,Kenneth Walker III,SEA,2025,21,62.0,19,0.63,LA,2.0,66.2,15.2,0,0,1,2.5,45.5
00-0038134,Kenneth Walker III,SEA,2025,22,135.0,27,0.65,NE,1.0,67.8,16.2,0,0,0,4.5,45.5
