week,matchup,sgo_player_id,player_name_norm,stat,line,over_odds,under_odds,actual,is_close_line
1,DAL@PHI,JALEN_HURTS_1_NFL,jalen hurts,passing_yards,214.5,-116,-114,152,True
1,DAL@PHI,SAQUON_BARKLEY_1_NFL,saquon barkley,rushing_yards,94.5,-121,-118,60,True
1,DAL@PHI,AJ_BROWN_1_NFL,aj brown,receiving_yards,70.5,-114,-111,8,True
1,DAL@PHI,DEVONTA_SMITH_1_NFL,devonta smith,receiving_yards,53.5,-120,-114,16,True
1,DAL@PHI,DAK_PRESCOTT_1_NFL,dak prescott,passing_yards,245.5,-115,-115,188,True
1,DAL@PHI,CEEDEE_LAMB_1_NFL,ceedee lamb,receiving_yards,72.5,-106,-110,110,True
1,DAL@PHI,DALLAS_GOEDERT_1_NFL,dallas goedert,receiving_yards,39.5,-107,-111,44,True
1,DAL@PHI,JAHAN_DOTSON_1_NFL,jahan dotson,receiving_yards,7.5,-113,-114,59,True
1,DAL@PHI,JAKE_FERGUSON_1_NFL,jake ferguson,receiving_yards,38.5,-111,-116,23,True
1,DAL@PHI,JALEN_TOLBERT_1_NFL,jalen tolbert,receiving_yards,12.5,-113,-115,0,True
1,DAL@PHI,GEORGE_PICKENS_1_NFL,george pickens,receiving_yards,55.5,-115,-115,30,True
1,DAL@PHI,JAVONTE_WILLIAMS_1_NFL,javonte williams,receiving_yards,13.5,-114,-112,10,True
1,DAL@PHI,LUKE_SCHOONMAKER_1_NFL,luke schoonmaker,receiving_yards,0.5,+100,+100,0,True
1,DAL@PHI,GRANT_CALCATERRA_1_NFL,grant calcaterra,receiving_yards,0.5,+100,+100,0,True
1,DAL@PHI,KAVONTAE_TURPIN_1_NFL,kavontae turpin,receiving_yards,16.5,-110,-120,18,True
1,DAL@PHI,JOHN_METCHIE_III_1_NFL,john metchie,receiving_yards,0.5,+100,-140,0,True
1,DAL@PHI,WILL_SHIPLEY_1_NFL,will shipley,rushing_yards,13.5,-115,-113,26,True
1,DAL@PHI,JAYDON_BLUE_1_NFL,jaydon blue,rushing_yards,16.5,-110,-120,0,True
1,DAL@PHI,MILES_SANDERS_1_NFL,miles sanders,rushing_yards,17.5,-119,-114,53,True
1,DAL@PHI,HUNTER_LUEPKE_1_NFL,hunter luepke,rushing_yards,0.5,-105,-125,0,True
1,DAL@PHI,AJ_DILLON_1_NFL,aj dillon,receiving_yards,0.5,+230,-330,0,True
1,KC@LAC,JUSTIN_HERBERT_1_NFL,justin herbert,passing_yards,233.5,-114,-109,318,True
1,KC@LAC,PATRICK_MAHOMES_1_NFL,patrick mahomes,passing_yards,248.5,-117,-112,258,True
1,KC@LAC,LADD_MCCONKEY_1_NFL,ladd mcconkey,receiving_yards,70.5,-118,-115,74,True
1,KC@LAC,ISIAH_PACHECO_1_NFL,isiah pacheco,rushing_yards,46.5,-122,-117,25,True
1,KC@LAC,MARQUISE_BROWN_1_NFL,marquise brown,receiving_yards,99.5,+290,-476,99,True
1,KC@LAC,TRAVIS_KELCE_1_NFL,travis kelce,receiving_yards,50.5,-114,-114,47,True
1,KC@LAC,XAVIER_WORTHY_1_NFL,xavier worthy,receiving_yards,63.5,-118,-115,0,True
1,KC@LAC,QUENTIN_JOHNSTON_1_NFL,quentin johnston,receiving_yards,26.5,+100,+100,79,True
1,KC@LAC,TRE_HARRIS_1_NFL,tre harris,receiving_yards,31.5,+119,+100,11,True
1,KC@LAC,OMARION_HAMPTON_1_NFL,omarion hampton,rushing_yards,47.5,-117,-111,48,True
1,KC@LAC,RASHEE_RICE_1_NFL,rashee rice,receiving_yards,60.5,-116,-112,0,True
1,KC@LAC,WILL_DISSLY_1_NFL,will dissly,receiving_yards,15.5,-118,-115,18,True
1,KC@LAC,NOAH_GRAY_1_NFL,noah gray,receiving_yards,19.5,-115,-114,3,True
1,KC@LAC,KAREEM_HUNT_1_NFL,kareem hunt,rushing_yards,22.5,-117,-114,16,True
1,KC@LAC,TYLER_CONKLIN_1_NFL,tyler conklin,receiving_yards,18.5,-122,-112,50,True
1,KC@LAC,JUJU_SMITHSCHUSTER_1_NFL,juju smithschuster,receiving_yards,20.5,-113,-115,55,True
1,KC@LAC,KEENAN_ALLEN_1_NFL,keenan allen,receiving_yards,40.5,-110,-120,68,True
1,KC@LAC,NAJEE_HARRIS_1_NFL,najee harris,rushing_yards,23.5,-122,-117,5,True
1,KC@LAC,KEANDRE_LAMBERTSMITH_1_NFL,keandre lambertsmith,receiving_yards,0.5,+100,+100,0,True
1,KC@LAC,TYQUAN_THORNTON_1_NFL,tyquan thornton,receiving_yards,8.5,-113,-113,41,True
1,KC@LAC,HASSAN_HASKINS_1_NFL,hassan haskins,rushing_yards,6.5,-125,-105,0,True
1,KC@LAC,DERIUS_DAVIS_1_NFL,derius davis,rushing_yards,0.5,+115,-145,3,True
1,KC@LAC,BRASHARD_SMITH_1_NFL,brashard smith,receiving_yards,7.5,-105,-110,0,True
1,KC@LAC,ELIJAH_MITCHELL_1_NFL,elijah mitchell,rushing_yards,0.5,+130,-175,0,True
1,NYG@WAS,JAYDEN_DANIELS_1_NFL,jayden daniels,passing_yards,235.5,+135,-175,233,True
1,NYG@WAS,MALIK_NABERS_1_NFL,malik nabers,receiving_yards,71.5,+245,-400,71,True
1,NYG@WAS,TERRY_MCLAURIN_1_NFL,terry mclaurin,receiving_yards,30.5,+220,-300,27,True
1,NYG@WAS,TYRONE_TRACY_1_NFL,tyrone tracy,rushing_yards,22.5,-120,-110,24,True
1,NYG@WAS,BRIAN_ROBINSON_1_NFL,brian robinson,rushing_yards,53.5,+100,-112,0,True
1,NYG@WAS,WANDALE_ROBINSON_1_NFL,wandale robinson,receiving_yards,35.5,-125,-105,55,True
1,NYG@WAS,DARIUS_SLAYTON_1_NFL,darius slayton,receiving_yards,20.5,-115,-115,0,True
1,NYG@WAS,THEO_JOHNSON_1_NFL,theo johnson,receiving_yards,10.5,+160,-210,5,True
1,NYG@WAS,RUSSELL_WILSON_1_NFL,russell wilson,passing_yards,174.5,-125,-125,168,True
1,NYG@WAS,AUSTIN_EKELER_1_NFL,austin ekeler,receiving_yards,20.5,+425,-700,31,True
1,NYG@WAS,CHRIS_RODRIGUEZ_JR_1_NFL,chris rodriguez,rushing_yards,20.5,-110,-120,0,True
1,NYG@WAS,DEEBO_SAMUEL_1_NFL,deebo samuel,receiving_yards,60.5,+115,-150,77,True
1,NYG@WAS,ZACH_ERTZ_1_NFL,zach ertz,receiving_yards,15.5,+134,-180,26,True
1,NYG@WAS,NOAH_BROWN_1_NFL,noah brown,receiving_yards,27.5,+225,-325,27,True
1,NYG@WAS,BEAUX_COLLINS_1_NFL,beaux collins,receiving_yards,7.5,-109,-120,0,True
1,NYG@WAS,DYONTAE_JOHNSON_1_NFL,dyontae johnson,receiving_yards,9.5,-137,-137,0,True
1,NYG@WAS,JEREMY_MCNICHOLS_1_NFL,jeremy mcnichols,rushing_yards,6.5,+100,+100,25,True
1,CAR@JAX,TREVOR_LAWRENCE_1_NFL,trevor lawrence,passing_yards,185.5,-120,-130,178,True
1,CAR@JAX,BRYCE_YOUNG_1_NFL,bryce young,passing_yards,148.5,-125,-120,154,True
1,CAR@JAX,BRIAN_THOMAS_1_NFL,brian thomas,receiving_yards,15.5,+310,-450,11,True
1,CAR@JAX,CHUBA_HUBBARD_1_NFL,chuba hubbard,rushing_yards,55.5,-112,-127,57,True
1,CAR@JAX,TETAIROA_MCMILLAN_1_NFL,tetairoa mcmillan,receiving_yards,68.5,+105,-137,68,True
1,CAR@JAX,TRAVIS_HUNTER_1_NFL,travis hunter,receiving_yards,30.5,+350,-550,33,True
1,CAR@JAX,BRENTON_STRANGE_1_NFL,brenton strange,receiving_yards,31.5,-103,-125,59,True
1,CAR@JAX,ADAM_THIELEN_1_NFL,adam thielen,receiving_yards,37.5,-115,-115,0,True
1,CAR@JAX,JATAVION_SANDERS_1_NFL,jatavion sanders,receiving_yards,27.5,+170,-238,27,True
1,CAR@JAX,DYAMI_BROWN_1_NFL,dyami brown,receiving_yards,23.5,+140,-114,52,True
1,CAR@JAX,TANK_BIGSBY_1_NFL,tank bigsby,rushing_yards,21.5,-125,-125,12,True
1,CAR@JAX,TRAVIS_ETIENNE_JR_1_NFL,travis etienne,rushing_yards,111.5,-140,-115,143,True
1,CAR@JAX,RICO_DOWDLE_1_NFL,rico dowdle,rushing_yards,12.5,+142,-194,12,True
1,CAR@JAX,JALEN_COKER_1_NFL,jalen coker,receiving_yards,35.5,-115,-112,0,True
1,CAR@JAX,XAVIER_LEGETTE_1_NFL,xavier legette,receiving_yards,8.5,+147,-200,10,True
1,CAR@JAX,PARKER_WASHINGTON_1_NFL,parker washington,receiving_yards,10.5,+1100,-2500,0,True
1,CAR@JAX,DERRICK_BROWN_1_NFL,derrick brown,receiving_yards,23.5,-117,-117,0,True
1,CAR@JAX,HUNTER_RENFROW_1_NFL,hunter renfrow,receiving_yards,6.5,+125,-165,11,True
1,CAR@JAX,JORDAN_TRAVIS_1_NFL,jordan travis,receiving_yards,15.5,-114,-114,0,True
1,CAR@JAX,TOMMY_TREMBLE_1_NFL,tommy tremble,receiving_yards,10.5,+330,-500,2,True
1,TB@ATL,BAKER_MAYFIELD_1_NFL,baker mayfield,passing_yards,243.5,-115,-118,167,True
1,TB@ATL,MICHAEL_PENIX_JR_1_NFL,michael penix,passing_yards,233.5,-114,-114,298,True
1,TB@ATL,MIKE_EVANS_1_NFL,mike evans,receiving_yards,71.5,-116,-111,51,True
1,TB@ATL,DRAKE_LONDON_1_NFL,drake london,receiving_yards,82.5,-118,-115,55,True
1,TB@ATL,BIJAN_ROBINSON_1_NFL,bijan robinson,rushing_yards,76.5,-121,-118,24,True
1,TB@ATL,BUCKY_IRVING_1_NFL,bucky irving,rushing_yards,71.5,-121,-118,37,True
1,TB@ATL,KYLE_PITTS_1_NFL,kyle pitts,receiving_yards,37.5,-117,-117,59,True
1,TB@ATL,RACHAAD_WHITE_1_NFL,rachaad white,receiving_yards,11.5,-105,-105,2,True
1,TB@ATL,JALEN_MCMILLAN_1_NFL,jalen mcmillan,receiving_yards,36.5,-110,-105,0,True
1,TB@ATL,EMEKA_EGBUKA_1_NFL,emeka egbuka,receiving_yards,58.5,-115,-118,67,True
1,TB@ATL,CADE_OTTON_1_NFL,cade otton,receiving_yards,32.5,-115,-118,0,True
1,TB@ATL,TYLER_ALLGEIER_1_NFL,tyler allgeier,rushing_yards,24.5,-124,-115,24,True
1,TB@ATL,RAYRAY_MCCLOUD_III_1_NFL,rayray mccloud,receiving_yards,27.5,+325,-475,51,True
1,TB@ATL,STERLING_SHEPARD_1_NFL,sterling shepard,receiving_yards,19.5,-113,-121,39,True
1,TB@ATL,KHADAREL_HODGE_1_NFL,khadarel hodge,receiving_yards,15.5,+100,+100,0,True
1,TB@ATL,CASEY_WASHINGTON_1_NFL,casey washington,receiving_yards,33.5,+270,-375,33,True
1,TB@ATL,CARLOS_WASHINGTON_JR_1_NFL,carlos washington,receiving_yards,26.5,-137,-137,0,True
1,PIT@NYJ,JUSTIN_FIELDS_1_NFL,justin fields,passing_yards,220.5,-138,-114,218,True
1,PIT@NYJ,GARRETT_WILSON_1_NFL,garrett wilson,receiving_yards,53.5,-110,-118,95,True
1,PIT@NYJ,BREECE_HALL_1_NFL,breece hall,rushing_yards,107.5,+137,-199,107,True
1,PIT@NYJ,AARON_RODGERS_1_NFL,aaron rodgers,passing_yards,260.5,-120,-110,244,True
1,PIT@NYJ,CALVIN_AUSTIN_1_NFL,calvin austin,receiving_yards,24.5,-109,-119,70,True
1,PIT@NYJ,JAYLEN_WARREN_1_NFL,jaylen warren,rushing_yards,52.5,-114,-114,37,True
1,PIT@NYJ,PAT_FREIERMUTH_1_NFL,pat freiermuth,receiving_yards,27.5,-115,-112,28,True
1,PIT@NYJ,BRAELON_ALLEN_1_NFL,braelon allen,receiving_yards,1.5,-110,+100,0,True
1,PIT@NYJ,MASON_TAYLOR_1_NFL,mason taylor,receiving_yards,20.5,-127,-102,20,True
1,PIT@NYJ,ALLEN_LAZARD_1_NFL,allen lazard,rushing_yards,12.5,-137,-137,0,True
1,PIT@NYJ,KALEB_JOHNSON_1_NFL,kaleb johnson,rushing_yards,21.5,-114,-114,-2,True
1,PIT@NYJ,LEONARD_TAYLOR_1_NFL,leonard taylor,receiving_yards,9.5,-137,-137,0,True
1,PIT@NYJ,DK_METCALF_1_NFL,dk metcalf,receiving_yards,72.5,-110,-144,83,True
1,PIT@NYJ,JONNU_SMITH_1_NFL,jonnu smith,receiving_yards,17.5,+145,-190,15,True
1,PIT@NYJ,JOSH_REYNOLDS_1_NFL,josh reynolds,receiving_yards,22.5,-116,-111,18,True
1,PIT@NYJ,KENNETH_GAINWELL_1_NFL,kenneth gainwell,receiving_yards,9.5,+160,-220,4,True
1,PIT@NYJ,TYLER_JOHNSON_1_NFL,tyler johnson,receiving_yards,24.5,+210,-285,31,True
1,PIT@NYJ,JEREMY_RUCKERT_1_NFL,jeremy ruckert,receiving_yards,4.5,+222,-344,16,True
1,PIT@NYJ,DARNELL_WASHINGTON_1_NFL,darnell washington,receiving_yards,0.5,+222,-344,0,True
1,ARI@NO,KYLER_MURRAY_1_NFL,kyler murray,passing_yards,223.5,-110,-118,163,True
1,ARI@NO,MARVIN_HARRISON_JR_1_NFL,marvin harrison,receiving_yards,60.5,-114,-114,71,True
1,ARI@NO,TREY_MCBRIDE_1_NFL,trey mcbride,receiving_yards,66.5,-114,-114,61,True
1,ARI@NO,JAMES_CONNER_1_NFL,james conner,rushing_yards,39.5,+130,-170,39,True
1,ARI@NO,ALVIN_KAMARA_1_NFL,alvin kamara,rushing_yards,58.5,-114,-114,45,True
1,ARI@NO,CHRIS_OLAVE_1_NFL,chris olave,receiving_yards,50.5,-118,-110,54,True
1,ARI@NO,JUWAN_JOHNSON_1_NFL,juwan johnson,receiving_yards,26.5,-114,-114,76,True
1,ARI@NO,RASHID_SHAHEED_1_NFL,rashid shaheed,receiving_yards,27.5,+142,-197,33,True
1,ARI@NO,SPENCER_RATTLER_1_NFL,spencer rattler,rushing_yards,16.5,-122,-122,29,True
1,ARI@NO,MACK_WILSON_1_NFL,mack wilson,receiving_yards,24.5,-117,-113,5,True
1,ARI@NO,ZAY_JONES_1_NFL,zay jones,receiving_yards,10.5,+100,-141,4,True
1,ARI@NO,TREY_BENSON_1_NFL,trey benson,rushing_yards,26.5,-114,-114,69,True
1,ARI@NO,DIVAAD_WILSON_1_NFL,divaad wilson,receiving_yards,11.5,-137,-137,0,True
1,ARI@NO,BRANDIN_COOKS_1_NFL,brandin cooks,receiving_yards,16.5,-114,-114,26,True
1,ARI@NO,GREG_DORTCH_1_NFL,greg dortch,receiving_yards,13.5,-114,-114,-2,True
1,ARI@NO,KENDRE_MILLER_1_NFL,kendre miller,rushing_yards,24.5,+109,-141,24,True
1,ARI@NO,DEVAUGHN_VELE_1_NFL,devaughn vele,receiving_yards,13.5,+700,-1300,13,True
1,LV@NE,DRAKE_MAYE_1_NFL,drake maye,passing_yards,271.5,-125,-125,287,True
1,LV@NE,BROCK_BOWERS_1_NFL,brock bowers,receiving_yards,115.5,-115,-115,103,True
1,LV@NE,JAKOBI_MEYERS_1_NFL,jakobi meyers,receiving_yards,100.5,+230,-325,97,True
1,LV@NE,DEMARIO_DOUGLAS_1_NFL,demario douglas,receiving_yards,10.5,+125,-165,-2,True
1,LV@NE,GENO_SMITH_1_NFL,geno smith,passing_yards,328.5,-125,-125,362,True
1,LV@NE,ASHTON_JEANTY_1_NFL,ashton jeanty,receiving_yards,10.5,+850,-1700,2,True
1,LV@NE,HUNTER_HENRY_1_NFL,hunter henry,receiving_yards,46.5,+210,-280,66,True
1,LV@NE,KYLE_WILLIAMS_1_NFL,kyle williams,receiving_yards,24.5,+100,+100,12,True
1,LV@NE,TREVEYON_HENDERSON_1_NFL,treveyon henderson,receiving_yards,20.5,+120,-160,24,True
1,LV@NE,RHAMONDRE_STEVENSON_1_NFL,rhamondre stevenson,rushing_yards,15.5,+135,-175,15,True
1,LV@NE,MICHAEL_MAYER_1_NFL,michael mayer,receiving_yards,4.5,-110,-120,38,True
1,LV@NE,CHRIS_SMITH_II_1_NFL,chris smith,passing_yards,328.5,-137,-137,0,True
1,LV@NE,STEFON_DIGGS_1_NFL,stefon diggs,receiving_yards,57.5,+242,-377,57,True
1,LV@NE,DONTE_THORNTON_1_NFL,donte thornton,receiving_yards,10.5,+425,-700,45,True
1,LV@NE,TRE_TUCKER_1_NFL,tre tucker,receiving_yards,55.5,+375,-575,54,True
1,LV@NE,AUSTIN_HOOPER_1_NFL,austin hooper,receiving_yards,10.5,+235,-325,10,True
1,LV@NE,KAYSHON_BOUTTE_1_NFL,kayshon boutte,receiving_yards,84.5,+252,-394,103,True
1,LV@NE,MACK_HOLLINS_1_NFL,mack hollins,receiving_yards,0.5,+198,-267,3,True
1,LV@NE,RAHEEM_MOSTERT_1_NFL,raheem mostert,rushing_yards,20.5,-105,-110,0,True
1,MIA@IND,TUA_TAGOVAILOA_1_NFL,tua tagovailoa,passing_yards,155.5,+120,-160,114,True
1,MIA@IND,MICHAEL_PITTMAN_1_NFL,michael pittman,receiving_yards,80.5,+350,-550,80,True
1,MIA@IND,JONATHAN_TAYLOR_1_NFL,jonathan taylor,rushing_yards,95.5,-115,-115,71,True
1,MIA@IND,DEVON_ACHANE_1_NFL,devon achane,rushing_yards,30.5,-135,-115,55,True
1,MIA@IND,TYREEK_HILL_1_NFL,tyreek hill,receiving_yards,60.5,-130,+100,40,True
1,MIA@IND,JAYLEN_WADDLE_1_NFL,jaylen waddle,receiving_yards,35.5,-115,-115,30,True
1,MIA@IND,DANIEL_JONES_1_NFL,daniel jones,passing_yards,261.5,-112,-118,272,True
1,MIA@IND,JULIAN_HILL_1_NFL,julian hill,receiving_yards,10.5,+175,-240,0,True
1,MIA@IND,JOSH_DOWNS_1_NFL,josh downs,receiving_yards,15.5,+150,-200,12,True
1,MIA@IND,TYLER_WARREN_1_NFL,tyler warren,receiving_yards,65.5,+650,-1200,76,True
1,MIA@IND,MALIK_WASHINGTON_1_NFL,malik washington,receiving_yards,19.5,-108,-122,20,True
1,MIA@IND,OLLIE_GORDON_1_NFL,ollie gordon,rushing_yards,5.5,-115,-115,4,True
1,MIA@IND,ADONAI_MITCHELL_1_NFL,adonai mitchell,receiving_yards,21.5,+114,-152,21,True
1,MIA@IND,ALEC_PIERCE_1_NFL,alec pierce,receiving_yards,10.5,+145,-190,36,True
1,MIA@IND,NICK_WESTBROOKIKHINE_1_NFL,nick westbrookikhine,receiving_yards,8.5,-120,-110,7,True
1,CIN@CLE,JOE_BURROW_1_NFL,joe burrow,passing_yards,136.5,-125,-125,113,True
1,CIN@CLE,JAMARR_CHASE_1_NFL,jamarr chase,receiving_yards,35.5,+110,-145,26,True
1,CIN@CLE,TEE_HIGGINS_1_NFL,tee higgins,receiving_yards,30.5,+105,-140,33,True
1,CIN@CLE,JERRY_JEUDY_1_NFL,jerry jeudy,receiving_yards,25.5,-115,-115,66,True
1,CIN@CLE,CHASE_BROWN_1_NFL,chase brown,rushing_yards,54.5,-115,-135,43,True
1,CIN@CLE,DAVID_NJOKU_1_NFL,david njoku,receiving_yards,30.5,-115,-115,37,True
1,CIN@CLE,CEDRIC_TILLMAN_1_NFL,cedric tillman,receiving_yards,55.5,+145,-190,52,True
1,CIN@CLE,ANDREI_IOSIVAS_1_NFL,andrei iosivas,receiving_yards,10.5,+175,-240,0,True
1,CIN@CLE,MIKE_GESICKI_1_NFL,mike gesicki,receiving_yards,14.5,+116,-154,14,True
1,CIN@CLE,JEROME_FORD_1_NFL,jerome ford,rushing_yards,15.5,-125,-105,8,True
1,CIN@CLE,JAMARI_THRASH_1_NFL,jamari thrash,receiving_yards,10.5,+120,-160,6,True
1,CIN@CLE,JOE_FLACCO_1_NFL,joe flacco,passing_yards,256.5,-125,-125,290,True
1,CIN@CLE,DYLAN_SAMPSON_1_NFL,dylan sampson,rushing_yards,25.5,-130,+100,29,True
1,CIN@CLE,RAHEIM_SANDERS_1_NFL,raheim sanders,rushing_yards,6.5,-110,-121,3,True
1,CIN@CLE,HAROLD_FANNIN_JR_1_NFL,harold fannin,receiving_yards,39.5,-115,-115,63,True
1,CIN@CLE,NOAH_FANT_1_NFL,noah fant,receiving_yards,26.5,+260,-375,26,True
1,CIN@CLE,SAMAJE_PERINE_1_NFL,samaje perine,receiving_yards,6.5,+140,-192,6,True
1,CIN@CLE,KADEN_DAVIS_1_NFL,kaden davis,rushing_yards,0.5,-105,-125,0,True
1,CIN@CLE,DESMOND_RIDDER_1_NFL,desmond ridder,passing_yards,33.5,-115,-115,0,True
1,CIN@CLE,DILLON_GABRIEL_1_NFL,dillon gabriel,passing_yards,94.5,-115,-115,0,True
1,CIN@CLE,JAKE_BROWNING_1_NFL,jake browning,passing_yards,109.5,-115,-115,0,True
1,CIN@CLE,KENNY_PICKETT_1_NFL,kenny pickett,passing_yards,112.5,-115,-115,0,True
1,CIN@CLE,PAYTON_THORNE_1_NFL,payton thorne,passing_yards,50.5,-115,-115,0,True
1,CIN@CLE,SHEDEUR_SANDERS_1_NFL,shedeur sanders,passing_yards,44.5,+135,-180,0,True
1,CIN@CLE,DREW_SAMPLE_1_NFL,drew sample,receiving_yards,10.5,-120,-110,0,True
1,CIN@CLE,KENDRIC_PRYOR_1_NFL,kendric pryor,receiving_yards,13.5,-110,-120,0,True
1,CIN@CLE,TANNER_HUDSON_1_NFL,tanner hudson,receiving_yards,9.5,-125,-105,0,True
1,CIN@CLE,GARY_BRIGHTWELL_1_NFL,gary brightwell,rushing_yards,0.5,-110,-120,0,True
1,CIN@CLE,KENDALL_MILTON_1_NFL,kendall milton,rushing_yards,4.5,+105,-135,0,True
1,CIN@CLE,TAHJ_BROOKS_1_NFL,tahj brooks,rushing_yards,4.5,-120,-110,0,True
1,CIN@CLE,TRAYVEON_WILLIAMS_1_NFL,trayveon williams,rushing_yards,3.5,-130,+100,0,True
1,TEN@DEN,BO_NIX_1_NFL,bo nix,passing_yards,160.5,-105,-125,176,True
1,TEN@DEN,COURTLAND_SUTTON_1_NFL,courtland sutton,receiving_yards,58.5,-110,-107,61,True
1,TEN@DEN,CALVIN_RIDLEY_1_NFL,calvin ridley,receiving_yards,27.5,-110,-120,27,True
1,TEN@DEN,TONY_POLLARD_1_NFL,tony pollard,rushing_yards,63.5,-121,-118,60,True
1,TEN@DEN,CHIGOZIEM_OKONOKWO_1_NFL,chigoziem okonokwo,receiving_yards,19.5,+135,-170,19,True
1,TEN@DEN,TYJAE_SPEARS_1_NFL,tyjae spears,rushing_yards,20.5,+100,+100,0,True
1,TEN@DEN,MARVIN_MIMS_JR_1_NFL,marvin mims,receiving_yards,13.5,+250,-345,12,True
1,TEN@DEN,TROY_FRANKLIN_1_NFL,troy franklin,receiving_yards,29.5,+290,-410,44,True
1,TEN@DEN,CAMERON_WARD_1_NFL,cameron ward,passing_yards,188.5,-107,-107,112,True
1,TEN@DEN,JK_DOBBINS_1_NFL,jk dobbins,rushing_yards,61.5,-135,-115,63,True
1,TEN@DEN,TYLER_LOCKETT_1_NFL,tyler lockett,receiving_yards,10.5,-145,+110,0,True
1,TEN@DEN,EVAN_ENGRAM_1_NFL,evan engram,receiving_yards,25.5,-120,-110,21,True
1,TEN@DEN,RJ_HARVEY_1_NFL,rj harvey,rushing_yards,25.5,-125,-105,70,True
1,TEN@DEN,PAT_BRYANT_1_NFL,pat bryant,receiving_yards,6.5,-111,-120,0,True
1,TEN@DEN,ELIC_AYOMANOR_1_NFL,elic ayomanor,receiving_yards,13.5,+154,-200,13,True
1,TEN@DEN,VAN_JEFFERSON_1_NFL,van jefferson,receiving_yards,5.5,-104,-110,0,True
1,TEN@DEN,GUNNAR_HELM_1_NFL,gunnar helm,receiving_yards,16.5,+217,-328,16,True
1,SF@SEA,BROCK_PURDY_1_NFL,brock purdy,passing_yards,244.5,-115,-115,277,True
1,SF@SEA,BRANDON_AIYUK_1_NFL,brandon aiyuk,receiving_yards,65.5,+100,+100,0,True
1,SF@SEA,JAXON_SMITHNJIGBA_1_NFL,jaxon smithnjigba,receiving_yards,73.5,-102,-135,124,True
1,SF@SEA,CHRISTIAN_MCCAFFREY_1_NFL,christian mccaffrey,rushing_yards,61.5,-120,-120,69,True
1,SF@SEA,KENNETH_WALKER_III_1_NFL,kenneth walker,rushing_yards,57.5,-122,-117,20,True
1,SF@SEA,AJ_BARNER_1_NFL,aj barner,receiving_yards,21.5,-120,-114,0,True
1,SF@SEA,SAM_DARNOLD_1_NFL,sam darnold,passing_yards,206.5,-117,-117,150,True
1,SF@SEA,GEORGE_KITTLE_1_NFL,george kittle,receiving_yards,63.5,-115,-114,25,True
1,SF@SEA,ZACH_CHARBONNET_1_NFL,zach charbonnet,rushing_yards,28.5,-118,-121,47,True
1,SF@SEA,TORY_HORTON_1_NFL,tory horton,receiving_yards,23.5,-118,-115,0,True
1,SF@SEA,COOPER_KUPP_1_NFL,cooper kupp,receiving_yards,15.5,+170,-230,15,True
1,SF@SEA,JAUAN_JENNINGS_1_NFL,jauan jennings,receiving_yards,47.5,-114,-114,16,True
1,SF@SEA,RICKY_PEARSALL_1_NFL,ricky pearsall,receiving_yards,47.5,-114,-116,108,True
1,SF@SEA,BRIAN_ROBINSON_1_NFL,brian robinson,rushing_yards,10.5,-115,-135,33,True
1,SF@SEA,KYLE_JUSZCZYK_1_NFL,kyle juszczyk,receiving_yards,25.5,+112,-160,32,True
1,SF@SEA,LUKE_FARRELL_1_NFL,luke farrell,receiving_yards,4.5,+160,-225,4,True
1,HOU@LA,CJ_STROUD_1_NFL,cj stroud,passing_yards,189.5,-117,-122,188,True
1,HOU@LA,MATTHEW_STAFFORD_1_NFL,matthew stafford,passing_yards,230.5,-115,-115,245,True
1,HOU@LA,PUKA_NACUA_1_NFL,puka nacua,receiving_yards,85.5,-120,-110,130,True
1,HOU@LA,NICO_COLLINS_1_NFL,nico collins,receiving_yards,32.5,-115,-115,25,True
1,HOU@LA,JOE_MIXON_1_NFL,joe mixon,rushing_yards,67.5,+100,+100,0,True
1,HOU@LA,KYREN_WILLIAMS_1_NFL,kyren williams,rushing_yards,54.5,+105,-150,66,True
1,HOU@LA,JAYDEN_HIGGINS_1_NFL,jayden higgins,receiving_yards,32.5,+229,-363,32,True
1,HOU@LA,DALTON_SCHULTZ_1_NFL,dalton schultz,receiving_yards,28.5,+160,-227,28,True
1,HOU@LA,CHRISTIAN_KIRK_1_NFL,christian kirk,receiving_yards,40.5,-113,-115,0,True
1,HOU@LA,TUTU_ATWELL_1_NFL,tutu atwell,receiving_yards,10.5,+450,-750,4,True
1,HOU@LA,TYLER_HIGBEE_1_NFL,tyler higbee,receiving_yards,10.5,+425,-700,0,True
1,HOU@LA,NICK_CHUBB_1_NFL,nick chubb,rushing_yards,40.5,-165,+125,60,True
1,HOU@LA,DAVANTE_ADAMS_1_NFL,davante adams,receiving_yards,45.5,+145,-190,51,True
1,HOU@LA,CADE_STOVER_1_NFL,cade stover,receiving_yards,16.5,+172,-242,22,True
1,HOU@LA,XAVIER_HUTCHINSON_1_NFL,xavier hutchinson,receiving_yards,30.5,+226,-315,30,True
1,HOU@LA,JAYLIN_NOEL_1_NFL,jaylin noel,receiving_yards,10.5,+160,-210,7,True
1,HOU@LA,DAMEON_PIERCE_1_NFL,dameon pierce,rushing_yards,20.5,-115,-115,5,True
1,DET@GB,JORDAN_LOVE_1_NFL,jordan love,passing_yards,240.5,-115,-118,188,False
1,DET@GB,JARED_GOFF_1_NFL,jared goff,passing_yards,241.5,-117,-117,225,False
1,DET@GB,AMONRA_ST_BROWN_1_NFL,amonra st brown,receiving_yards,64.5,-117,-117,45,False
1,DET@GB,SAM_LAPORTA_1_NFL,sam laporta,receiving_yards,39.5,-120,-114,79,False
1,DET@GB,JAYDEN_REED_1_NFL,jayden reed,receiving_yards,45.5,+400,-630,45,False
1,DET@GB,JAHMYR_GIBBS_1_NFL,jahmyr gibbs,rushing_yards,71.5,-121,-118,19,False
1,DET@GB,JOSH_JACOBS_1_NFL,josh jacobs,rushing_yards,66.5,-122,-117,66,False
1,DET@GB,JAMESON_WILLIAMS_1_NFL,jameson williams,receiving_yards,53.5,-117,-117,23,False
1,DET@GB,ROMEO_DOUBS_1_NFL,romeo doubs,receiving_yards,37.5,-120,-114,68,False
1,DET@GB,MATTHEW_GOLDEN_1_NFL,matthew golden,receiving_yards,48.5,-117,-117,16,False
1,DET@GB,DAVID_MONTGOMERY_1_NFL,david montgomery,rushing_yards,41.5,-117,-122,25,False
1,DET@GB,TUCKER_KRAFT_1_NFL,tucker kraft,receiving_yards,39.5,-113,-120,16,False
1,DET@GB,ISAAC_TESLAA_1_NFL,isaac teslaa,receiving_yards,10.5,+220,-300,13,False
1,DET@GB,EMANUEL_WILSON_1_NFL,emanuel wilson,rushing_yards,11.5,-120,-130,4,False
1,DET@GB,DONTAYVION_WICKS_1_NFL,dontayvion wicks,receiving_yards,30.5,+300,-425,30,False
1,DET@GB,KALIF_RAYMOND_1_NFL,kalif raymond,receiving_yards,9.5,+135,-175,16,False
1,DET@GB,ERIC_WILSON_1_NFL,eric wilson,rushing_yards,11.5,-137,-137,0,False
1,DET@GB,LUKE_MUSGRAVE_1_NFL,luke musgrave,receiving_yards,4.5,+215,-337,4,False
1,BAL@BUF,LAMAR_JACKSON_1_NFL,lamar jackson,passing_yards,206.5,-120,-130,210,True
1,BAL@BUF,JOSH_ALLEN_1_NFL,josh allen,passing_yards,297.5,-125,-125,394,True
1,BAL@BUF,ZAY_FLOWERS_1_NFL,zay flowers,receiving_yards,135.5,+190,-260,143,True
1,BAL@BUF,KHALIL_SHAKIR_1_NFL,khalil shakir,receiving_yards,60.5,-125,-105,64,True
1,BAL@BUF,DERRICK_HENRY_1_NFL,derrick henry,rushing_yards,195.5,-110,-120,169,True
1,BAL@BUF,JAMES_COOK_1_NFL,james cook,rushing_yards,45.5,+130,-170,44,True
1,BAL@BUF,DALTON_KINCAID_1_NFL,dalton kincaid,receiving_yards,40.5,+105,-140,48,True
1,BAL@BUF,RASHOD_BATEMAN_1_NFL,rashod bateman,receiving_yards,10.5,+250,-350,10,True
1,BAL@BUF,MARK_ANDREWS_1_NFL,mark andrews,receiving_yards,10.5,+145,-190,5,True
1,BAL@BUF,RAY_DAVIS_1_NFL,ray davis,rushing_yards,5.5,+110,-145,2,True
1,BAL@BUF,JUSTICE_HILL_1_NFL,justice hill,receiving_yards,10.5,+150,-200,3,True
1,BAL@BUF,LAJOHNTAY_WESTER_1_NFL,lajohntay wester,receiving_yards,1.5,+108,-141,0,True
1,BAL@BUF,JOSH_PALMER_1_NFL,josh palmer,receiving_yards,15.5,-105,-125,61,True
1,BAL@BUF,KEON_COLEMAN_1_NFL,keon coleman,receiving_yards,45.5,+105,-140,112,True
1,BAL@BUF,DAWSON_KNOX_1_NFL,dawson knox,receiving_yards,20.5,+160,-210,20,True
1,BAL@BUF,DEANDRE_HOPKINS_1_NFL,deandre hopkins,receiving_yards,10.5,+200,-275,36,True
1,BAL@BUF,TY_JOHNSON_1_NFL,ty johnson,receiving_yards,6.5,-106,-107,0,True
1,BAL@BUF,ELIJAH_MOORE_1_NFL,elijah moore,receiving_yards,9.5,+100,+100,3,True
1,BAL@BUF,CHARLIE_KOLAR_1_NFL,charlie kolar,receiving_yards,0.5,+282,-442,0,True
2,WAS@GB,JAYDEN_DANIELS_1_NFL,jayden daniels,passing_yards,185.5,-110,-120,200,False
2,WAS@GB,AUSTIN_EKELER_1_NFL,austin ekeler,receiving_yards,15.5,-110,-120,7,False
2,WAS@GB,DEEBO_SAMUEL_1_NFL,deebo samuel,receiving_yards,30.5,+105,-140,44,False
2,WAS@GB,TERRY_MCLAURIN_1_NFL,terry mclaurin,receiving_yards,40.5,-115,-115,48,False
2,WAS@GB,ZACH_ERTZ_1_NFL,zach ertz,receiving_yards,60.5,-115,-115,64,False
2,WAS@GB,JORDAN_LOVE_1_NFL,jordan love,passing_yards,300.5,-120,-110,292,False
2,WAS@GB,JOSH_JACOBS_1_NFL,josh jacobs,receiving_yards,10.5,+230,-325,0,False
2,WAS@GB,DONTAYVION_WICKS_1_NFL,dontayvion wicks,receiving_yards,45.5,+185,-250,44,False
2,WAS@GB,JAYDEN_REED_1_NFL,jayden reed,receiving_yards,35.5,-115,-115,0,False
2,WAS@GB,MATTHEW_GOLDEN_1_NFL,matthew golden,receiving_yards,20.5,-117,-125,0,False
2,WAS@GB,ROMEO_DOUBS_1_NFL,romeo doubs,receiving_yards,30.5,+330,-500,28,False
2,WAS@GB,TUCKER_KRAFT_1_NFL,tucker kraft,receiving_yards,120.5,+240,-350,124,False
2,WAS@GB,NOAH_BROWN_1_NFL,noah brown,receiving_yards,15.5,-105,-125,9,False
2,WAS@GB,JAYLIN_LANE_1_NFL,jaylin lane,receiving_yards,5.5,-112,-118,2,False
2,WAS@GB,LUKE_MUSGRAVE_1_NFL,luke musgrave,receiving_yards,0.5,-105,+100,32,False
2,WAS@GB,CHRIS_BROOKS_1_NFL,chris brooks,receiving_yards,0.5,+100,+100,27,False
2,NYG@DAL,DAK_PRESCOTT_1_NFL,dak prescott,passing_yards,250.5,-110,-120,361,True
2,NYG@DAL,CEEDEE_LAMB_1_NFL,ceedee lamb,receiving_yards,76.5,-118,-115,112,True
2,NYG@DAL,JAKE_FERGUSON_1_NFL,jake ferguson,receiving_yards,36.5,-120,-114,78,True
2,NYG@DAL,RUSSELL_WILSON_1_NFL,russell wilson,passing_yards,378.5,-125,-125,450,True
2,NYG@DAL,KAVONTAE_TURPIN_1_NFL,kavontae turpin,receiving_yards,16.5,-121,-112,47,True
2,NYG@DAL,GEORGE_PICKENS_1_NFL,george pickens,receiving_yards,55.5,-117,-117,68,True
2,NYG@DAL,JALEN_TOLBERT_1_NFL,jalen tolbert,receiving_yards,12.5,-122,-112,16,True
2,NYG@DAL,JAVONTE_WILLIAMS_1_NFL,javonte williams,receiving_yards,12.5,-120,-114,33,True
2,NYG@DAL,DARIUS_SLAYTON_1_NFL,darius slayton,receiving_yards,25.5,-115,-118,61,True
2,NYG@DAL,MALIK_NABERS_1_NFL,malik nabers,receiving_yards,73.5,-117,-117,167,True
2,NYG@DAL,THEO_JOHNSON_1_NFL,theo johnson,receiving_yards,20.5,-113,-121,34,True
2,NYG@DAL,WANDALE_ROBINSON_1_NFL,wandale robinson,receiving_yards,38.5,-115,-118,142,True
2,NYG@DAL,TYRONE_TRACY_1_NFL,tyrone tracy,rushing_yards,15.5,-115,-115,15,True
2,NYG@DAL,BEAUX_COLLINS_1_NFL,beaux collins,receiving_yards,0.5,+1200,-10000,0,True
2,NYG@DAL,MILES_SANDERS_1_NFL,miles sanders,rushing_yards,5.5,-150,+115,15,True
2,NYG@DAL,DEVIN_SINGLETARY_1_NFL,devin singletary,rushing_yards,9.5,-115,-115,4,True
2,NYG@DAL,DYONTAE_JOHNSON_1_NFL,dyontae johnson,receiving_yards,21.5,-137,-137,0,True
2,SF@NO,BROCK_PURDY_1_NFL,brock purdy,passing_yards,231.5,+100,+100,0,True
2,SF@NO,SPENCER_RATTLER_1_NFL,spencer rattler,passing_yards,200.5,-115,-115,206,True
2,SF@NO,ALVIN_KAMARA_1_NFL,alvin kamara,rushing_yards,70.5,-115,-115,100,True
2,SF@NO,CHRISTIAN_MCCAFFREY_1_NFL,christian mccaffrey,rushing_yards,62.5,-120,-110,55,True
2,SF@NO,CHRIS_OLAVE_1_NFL,chris olave,receiving_yards,40.5,+118,-153,53,True
2,SF@NO,RASHID_SHAHEED_1_NFL,rashid shaheed,receiving_yards,44.5,+210,-300,52,True
2,SF@NO,BRANDIN_COOKS_1_NFL,brandin cooks,receiving_yards,20.5,+146,-196,26,True
2,SF@NO,JUWAN_JOHNSON_1_NFL,juwan johnson,receiving_yards,46.5,+154,-210,49,True
2,SF@NO,MAC_JONES_1_NFL,mac jones,passing_yards,270.5,-210,+160,279,True
2,SF@NO,RICKY_PEARSALL_1_NFL,ricky pearsall,receiving_yards,59.5,-114,-114,56,True
2,SF@NO,JAKE_TONGES_1_NFL,jake tonges,receiving_yards,15.5,-130,+100,31,True
2,SF@NO,JAUAN_JENNINGS_1_NFL,jauan jennings,receiving_yards,38.5,-116,-111,89,True
2,SF@NO,KENDRE_MILLER_1_NFL,kendre miller,rushing_yards,9.5,-115,-135,8,True
2,SF@NO,KYLE_JUSZCZYK_1_NFL,kyle juszczyk,receiving_yards,11.5,-114,-114,5,True
2,SF@NO,LUKE_FARRELL_1_NFL,luke farrell,receiving_yards,7.5,-115,-108,15,True
2,SF@NO,BRIAN_ROBINSON_1_NFL,brian robinson,receiving_yards,3.5,+100,-107,-1,True
2,SF@NO,KENDRICK_BOURNE_1_NFL,kendrick bourne,receiving_yards,1.5,+100,+100,32,True
2,CHI@DET,JARED_GOFF_1_NFL,jared goff,passing_yards,253.5,-124,-121,334,True
2,CHI@DET,DAVID_MONTGOMERY_1_NFL,david montgomery,rushing_yards,62.5,-130,-120,57,True
2,CHI@DET,JAHMYR_GIBBS_1_NFL,jahmyr gibbs,rushing_yards,75.5,-109,-132,94,True
2,CHI@DET,AMONRA_ST_BROWN_1_NFL,amonra st brown,receiving_yards,66.5,-123,-105,115,True
2,CHI@DET,SAM_LAPORTA_1_NFL,sam laporta,receiving_yards,44.5,-122,-106,26,True
2,CHI@DET,CHRIS_WILLIAMS_1_NFL,chris williams,passing_yards,223.5,-122,-122,207,True
2,CHI@DET,ROME_ODUNZE_1_NFL,rome odunze,receiving_yards,140.5,-105,-125,128,True
2,CHI@DET,DJ_MOORE_1_NFL,dj moore,receiving_yards,51.5,-114,-114,46,True
2,CHI@DET,COLSTON_LOVELAND_1_NFL,colston loveland,receiving_yards,10.5,+200,-275,0,True
2,CHI@DET,JAMESON_WILLIAMS_1_NFL,jameson williams,receiving_yards,48.5,-116,-111,108,True
2,CHI@DET,DANDRE_SWIFT_1_NFL,dandre swift,rushing_yards,47.5,-114,-114,63,True
2,CHI@DET,OLAMIDE_ZACCHEAUS_1_NFL,olamide zaccheaus,receiving_yards,22.5,-118,-110,12,True
2,CHI@DET,COLE_KMET_1_NFL,cole kmet,receiving_yards,17.5,-116,-111,29,True
2,CHI@DET,KALIF_RAYMOND_1_NFL,kalif raymond,receiving_yards,10.5,-118,-110,14,True
2,CHI@DET,ISAAC_TESLAA_1_NFL,isaac teslaa,receiving_yards,7.5,-102,+100,29,True
2,CHI@DET,BROCK_WRIGHT_1_NFL,brock wright,receiving_yards,8.5,+310,-445,28,True
2,LA@TEN,CAMERON_WARD_1_NFL,cameron ward,passing_yards,196.5,-110,-110,175,True
2,LA@TEN,MATTHEW_STAFFORD_1_NFL,matthew stafford,passing_yards,300.5,+165,-225,298,True
2,LA@TEN,KYREN_WILLIAMS_1_NFL,kyren williams,rushing_yards,74.5,-120,-120,66,True
2,LA@TEN,TONY_POLLARD_1_NFL,tony pollard,rushing_yards,66.5,-114,-114,92,True
2,LA@TEN,CALVIN_RIDLEY_1_NFL,calvin ridley,receiving_yards,58.5,-114,-114,57,True
2,LA@TEN,DAVANTE_ADAMS_1_NFL,davante adams,receiving_yards,63.5,-114,-114,106,True
2,LA@TEN,PUKA_NACUA_1_NFL,puka nacua,receiving_yards,82.5,-115,-112,91,True
2,LA@TEN,TYLER_LOCKETT_1_NFL,tyler lockett,receiving_yards,19.5,-114,-114,9,True
2,LA@TEN,CHIGOZIEM_OKONOKWO_1_NFL,chigoziem okonokwo,receiving_yards,30.5,+100,-115,35,True
2,LA@TEN,TUTU_ATWELL_1_NFL,tutu atwell,receiving_yards,20.5,-119,-109,0,True
2,LA@TEN,TYLER_HIGBEE_1_NFL,tyler higbee,receiving_yards,18.5,-116,-111,37,True
2,LA@TEN,ELIC_AYOMANOR_1_NFL,elic ayomanor,receiving_yards,28.5,-114,-114,56,True
2,LA@TEN,GUNNAR_HELM_1_NFL,gunnar helm,receiving_yards,8.5,-105,-113,9,True
2,SEA@PIT,SAM_DARNOLD_1_NFL,sam darnold,passing_yards,273.5,-125,-125,295,True
2,SEA@PIT,AARON_RODGERS_1_NFL,aaron rodgers,passing_yards,204.5,-125,-125,203,True
2,SEA@PIT,COOPER_KUPP_1_NFL,cooper kupp,receiving_yards,90.5,+154,-210,90,True
2,SEA@PIT,DK_METCALF_1_NFL,dk metcalf,receiving_yards,20.5,+175,-290,20,True
2,SEA@PIT,JAXON_SMITHNJIGBA_1_NFL,jaxon smithnjigba,receiving_yards,65.5,-115,-118,103,True
2,SEA@PIT,ZACH_CHARBONNET_1_NFL,zach charbonnet,receiving_yards,10.5,+175,-240,0,True
2,SEA@PIT,AJ_BARNER_1_NFL,aj barner,receiving_yards,10.5,+100,-130,26,True
2,SEA@PIT,CALVIN_AUSTIN_1_NFL,calvin austin,receiving_yards,22.5,+245,-430,22,True
2,SEA@PIT,JAYLEN_WARREN_1_NFL,jaylen warren,receiving_yards,85.5,-130,+100,86,True
2,SEA@PIT,JONNU_SMITH_1_NFL,jonnu smith,receiving_yards,10.5,-105,-125,27,True
2,SEA@PIT,KENNETH_GAINWELL_1_NFL,kenneth gainwell,receiving_yards,10.5,+175,-240,16,True
2,SEA@PIT,KENNETH_WALKER_III_1_NFL,kenneth walker,receiving_yards,20.5,-105,-125,13,True
2,SEA@PIT,PAT_FREIERMUTH_1_NFL,pat freiermuth,receiving_yards,10.5,-130,+100,31,True
2,SEA@PIT,TORY_HORTON_1_NFL,tory horton,receiving_yards,32.5,+170,-236,32,True
2,BUF@NYJ,JOSH_ALLEN_1_NFL,josh allen,passing_yards,155.5,-113,-116,148,True
2,BUF@NYJ,JUSTIN_FIELDS_1_NFL,justin fields,passing_yards,75.5,-115,-115,27,True
2,BUF@NYJ,JAMES_COOK_1_NFL,james cook,rushing_yards,144.5,-112,-118,132,True
2,BUF@NYJ,DALTON_KINCAID_1_NFL,dalton kincaid,receiving_yards,25.5,+230,-325,37,True
2,BUF@NYJ,GARRETT_WILSON_1_NFL,garrett wilson,receiving_yards,30.5,-115,-115,50,True
2,BUF@NYJ,KEON_COLEMAN_1_NFL,keon coleman,receiving_yards,30.5,+190,-260,26,True
2,BUF@NYJ,KHALIL_SHAKIR_1_NFL,khalil shakir,receiving_yards,15.5,+185,-250,12,True
2,BUF@NYJ,BREECE_HALL_1_NFL,breece hall,receiving_yards,10.5,-140,+105,9,True
2,BUF@NYJ,MASON_TAYLOR_1_NFL,mason taylor,receiving_yards,8.5,-122,-108,5,True
2,BUF@NYJ,JOSH_REYNOLDS_1_NFL,josh reynolds,receiving_yards,23.5,-114,-115,0,True
2,BUF@NYJ,JOSH_PALMER_1_NFL,josh palmer,receiving_yards,38.5,-114,-114,47,True
2,BUF@NYJ,BRAELON_ALLEN_1_NFL,braelon allen,rushing_yards,10.5,+190,-260,11,True
2,BUF@NYJ,DAWSON_KNOX_1_NFL,dawson knox,receiving_yards,10.5,+110,-145,19,True
2,BUF@NYJ,TYLER_JOHNSON_1_NFL,tyler johnson,receiving_yards,10.5,+112,-148,0,True
2,BUF@NYJ,ALLEN_LAZARD_1_NFL,allen lazard,rushing_yards,11.5,-137,-137,0,True
2,BUF@NYJ,TY_JOHNSON_1_NFL,ty johnson,rushing_yards,10.5,-114,-125,6,True
2,BUF@NYJ,LEONARD_TAYLOR_1_NFL,leonard taylor,receiving_yards,9.5,-137,-137,0,True
2,CLE@BAL,JOE_FLACCO_1_NFL,joe flacco,passing_yards,235.5,-130,-120,199,True
2,CLE@BAL,LAMAR_JACKSON_1_NFL,lamar jackson,passing_yards,211.5,-120,-130,225,True
2,CLE@BAL,DERRICK_HENRY_1_NFL,derrick henry,rushing_yards,30.5,-145,+110,23,True
2,CLE@BAL,JERRY_JEUDY_1_NFL,jerry jeudy,receiving_yards,51.5,+220,-334,51,True
2,CLE@BAL,ZAY_FLOWERS_1_NFL,zay flowers,receiving_yards,75.5,+245,-352,75,True
2,CLE@BAL,CEDRIC_TILLMAN_1_NFL,cedric tillman,receiving_yards,22.5,+210,-316,22,True
2,CLE@BAL,DAVID_NJOKU_1_NFL,david njoku,receiving_yards,45.5,-110,-120,40,True
2,CLE@BAL,RASHOD_BATEMAN_1_NFL,rashod bateman,receiving_yards,15.5,+120,-160,15,True
2,CLE@BAL,JUSTICE_HILL_1_NFL,justice hill,receiving_yards,12.5,+120,-163,18,True
2,CLE@BAL,DEANDRE_HOPKINS_1_NFL,deandre hopkins,receiving_yards,3.5,-114,-114,64,True
2,CLE@BAL,HAROLD_FANNIN_JR_1_NFL,harold fannin,receiving_yards,45.5,-105,-125,48,True
2,CLE@BAL,MARK_ANDREWS_1_NFL,mark andrews,receiving_yards,10.5,+200,-275,2,True
2,CLE@BAL,DYLAN_SAMPSON_1_NFL,dylan sampson,rushing_yards,17.5,-125,-125,6,True
2,CLE@BAL,JEROME_FORD_1_NFL,jerome ford,receiving_yards,24.5,+120,-160,23,True
2,JAX@CIN,JOE_BURROW_1_NFL,joe burrow,passing_yards,290.5,-115,-115,76,True
2,JAX@CIN,TREVOR_LAWRENCE_1_NFL,trevor lawrence,passing_yards,285.5,-125,-120,271,True
2,JAX@CIN,CHASE_BROWN_1_NFL,chase brown,rushing_yards,42.5,+128,-172,47,True
2,JAX@CIN,BRIAN_THOMAS_1_NFL,brian thomas,receiving_yards,50.5,-115,-115,49,True
2,JAX@CIN,JAMARR_CHASE_1_NFL,jamarr chase,receiving_yards,150.5,+105,-140,165,True
2,JAX@CIN,TEE_HIGGINS_1_NFL,tee higgins,receiving_yards,60.5,-115,-115,56,True
2,JAX@CIN,TRAVIS_HUNTER_1_NFL,travis hunter,receiving_yards,25.5,+140,-180,22,True
2,JAX@CIN,TRAVIS_ETIENNE_JR_1_NFL,travis etienne,receiving_yards,15.5,+120,-160,18,True
2,JAX@CIN,BRENTON_STRANGE_1_NFL,brenton strange,receiving_yards,20.5,-115,-115,17,True
2,JAX@CIN,DYAMI_BROWN_1_NFL,dyami brown,receiving_yards,60.5,+160,-210,57,True
2,JAX@CIN,MIKE_GESICKI_1_NFL,mike gesicki,receiving_yards,10.5,+280,-400,18,True
2,JAX@CIN,NOAH_FANT_1_NFL,noah fant,receiving_yards,30.5,+185,-250,28,True
2,JAX@CIN,ANDREI_IOSIVAS_1_NFL,andrei iosivas,receiving_yards,15.5,+150,-200,12,True
2,JAX@CIN,BHAYSHUL_TUTEN_1_NFL,bhayshul tuten,rushing_yards,37.5,-135,-115,42,True
2,JAX@CIN,JORDAN_TRAVIS_1_NFL,jordan travis,rushing_yards,56.5,-114,-114,0,True
2,JAX@CIN,JAKE_BROWNING_1_NFL,jake browning,passing_yards,210.5,-120,-110,241,True
2,NE@MIA,DRAKE_MAYE_1_NFL,drake maye,passing_yards,257.5,-125,-125,230,True
2,NE@MIA,TUA_TAGOVAILOA_1_NFL,tua tagovailoa,passing_yards,235.5,-114,-114,315,True
2,NE@MIA,DEVON_ACHANE_1_NFL,devon achane,rushing_yards,40.5,+110,-145,30,True
2,NE@MIA,TYREEK_HILL_1_NFL,tyreek hill,receiving_yards,64.5,-116,-111,109,True
2,NE@MIA,JAYLEN_WADDLE_1_NFL,jaylen waddle,receiving_yards,65.5,-130,+100,68,True
2,NE@MIA,RHAMONDRE_STEVENSON_1_NFL,rhamondre stevenson,rushing_yards,55.5,-120,-110,54,True
2,NE@MIA,TREVEYON_HENDERSON_1_NFL,treveyon henderson,rushing_yards,11.5,-115,-135,10,True
2,NE@MIA,STEFON_DIGGS_1_NFL,stefon diggs,receiving_yards,44.5,-114,-114,32,True
2,NE@MIA,KAYSHON_BOUTTE_1_NFL,kayshon boutte,receiving_yards,44.5,-114,-114,16,True
2,NE@MIA,HUNTER_HENRY_1_NFL,hunter henry,receiving_yards,39.5,-114,-114,9,True
2,NE@MIA,DEMARIO_DOUGLAS_1_NFL,demario douglas,receiving_yards,30.5,-114,-114,8,True
2,NE@MIA,JULIAN_HILL_1_NFL,julian hill,receiving_yards,109.5,-137,-137,0,True
2,NE@MIA,MALIK_WASHINGTON_1_NFL,malik washington,receiving_yards,24.5,-120,-108,2,True
2,NE@MIA,OLLIE_GORDON_1_NFL,ollie gordon,rushing_yards,13.5,-128,-104,8,True
2,NE@MIA,TANNER_CONNER_1_NFL,tanner conner,receiving_yards,11.5,-116,-111,0,True
2,NE@MIA,NICK_WESTBROOKIKHINE_1_NFL,nick westbrookikhine,receiving_yards,6.5,-119,-105,18,True
2,DEN@IND,BO_NIX_1_NFL,bo nix,passing_yards,210.5,-105,-125,206,True
2,DEN@IND,DANIEL_JONES_1_NFL,daniel jones,passing_yards,351.5,-120,-120,316,True
2,DEN@IND,JK_DOBBINS_1_NFL,jk dobbins,rushing_yards,76.5,+140,-182,76,True
2,DEN@IND,JONATHAN_TAYLOR_1_NFL,jonathan taylor,rushing_yards,74.5,-114,-114,165,True
2,DEN@IND,COURTLAND_SUTTON_1_NFL,courtland sutton,receiving_yards,10.5,-120,-110,6,True
2,DEN@IND,MICHAEL_PITTMAN_1_NFL,michael pittman,receiving_yards,40.5,-110,-120,40,True
2,DEN@IND,TYLER_WARREN_1_NFL,tyler warren,receiving_yards,83.5,-120,-110,79,True
2,DEN@IND,MARVIN_MIMS_JR_1_NFL,marvin mims,receiving_yards,25.5,+175,-240,24,True
2,DEN@IND,JOSH_DOWNS_1_NFL,josh downs,receiving_yards,55.5,+120,-160,51,True
2,DEN@IND,RJ_HARVEY_1_NFL,rj harvey,rushing_yards,10.5,-105,-125,8,True
2,DEN@IND,TROY_FRANKLIN_1_NFL,troy franklin,receiving_yards,75.5,+110,-145,89,True
2,DEN@IND,ALEC_PIERCE_1_NFL,alec pierce,receiving_yards,65.5,+190,-260,68,True
2,DEN@IND,DJ_JONES_1_NFL,dj jones,passing_yards,201.5,-137,-137,0,True
2,DEN@IND,EVAN_ENGRAM_1_NFL,evan engram,receiving_yards,10.5,+240,-350,12,True
2,DEN@IND,ADAM_TRAUTMAN_1_NFL,adam trautman,receiving_yards,10.5,+154,-210,10,True
2,CAR@ARI,BRYCE_YOUNG_1_NFL,bryce young,passing_yards,265.5,-115,-115,328,True
2,CAR@ARI,KYLER_MURRAY_1_NFL,kyler murray,passing_yards,225.5,-105,-125,220,True
2,CAR@ARI,CHUBA_HUBBARD_1_NFL,chuba hubbard,rushing_yards,15.5,-150,+115,38,True
2,CAR@ARI,JAMES_CONNER_1_NFL,james conner,rushing_yards,55.5,-125,-105,34,True
2,CAR@ARI,MARVIN_HARRISON_JR_1_NFL,marvin harrison,receiving_yards,10.5,+150,-200,27,True
2,CAR@ARI,TETAIROA_MCMILLAN_1_NFL,tetairoa mcmillan,receiving_yards,95.5,-105,-125,100,True
2,CAR@ARI,TREY_MCBRIDE_1_NFL,trey mcbride,receiving_yards,70.5,-160,+120,78,True
2,CAR@ARI,XAVIER_LEGETTE_1_NFL,xavier legette,receiving_yards,15.5,+220,-300,-2,True
2,CAR@ARI,MACK_WILSON_1_NFL,mack wilson,receiving_yards,10.5,+190,-260,11,True
2,CAR@ARI,TREY_BENSON_1_NFL,trey benson,rushing_yards,25.5,-120,-110,14,True
2,CAR@ARI,RICO_DOWDLE_1_NFL,rico dowdle,rushing_yards,9.5,+148,-200,9,True
2,CAR@ARI,HUNTER_RENFROW_1_NFL,hunter renfrow,receiving_yards,20.5,-115,-115,48,True
2,CAR@ARI,JATAVION_SANDERS_1_NFL,jatavion sanders,receiving_yards,20.5,+110,-145,54,True
2,CAR@ARI,DIVAAD_WILSON_1_NFL,divaad wilson,receiving_yards,15.5,-137,-137,0,True
2,PHI@KC,JALEN_HURTS_1_NFL,jalen hurts,passing_yards,100.5,-110,-120,101,True
2,PHI@KC,PATRICK_MAHOMES_1_NFL,patrick mahomes,passing_yards,150.5,-105,-125,187,True
2,PHI@KC,AJ_BROWN_1_NFL,aj brown,receiving_yards,30.5,+125,-165,27,True
2,PHI@KC,DALLAS_GOEDERT_1_NFL,dallas goedert,receiving_yards,37.5,-115,-115,0,True
2,PHI@KC,DEVONTA_SMITH_1_NFL,devonta smith,receiving_yards,55.5,+135,-175,53,True
2,PHI@KC,MARQUISE_BROWN_1_NFL,marquise brown,receiving_yards,30.5,+277,-397,30,True
2,PHI@KC,TRAVIS_KELCE_1_NFL,travis kelce,receiving_yards,61.5,+300,-445,61,True
2,PHI@KC,ISIAH_PACHECO_1_NFL,isiah pacheco,rushing_yards,25.5,+110,-145,22,True
2,PHI@KC,SAQUON_BARKLEY_1_NFL,saquon barkley,rushing_yards,80.5,-130,+100,88,True
2,PHI@KC,JUJU_SMITHSCHUSTER_1_NFL,juju smithschuster,receiving_yards,5.5,+150,-200,5,True
2,PHI@KC,KAREEM_HUNT_1_NFL,kareem hunt,receiving_yards,10.5,+425,-700,3,True
2,PHI@KC,NOAH_GRAY_1_NFL,noah gray,receiving_yards,1.5,+138,-186,1,True
2,PHI@KC,JAHAN_DOTSON_1_NFL,jahan dotson,receiving_yards,10.5,+110,-145,4,True
2,PHI@KC,TYQUAN_THORNTON_1_NFL,tyquan thornton,receiving_yards,15.5,+115,-150,59,True
2,PHI@KC,GRANT_CALCATERRA_1_NFL,grant calcaterra,receiving_yards,10.5,+140,-180,6,True
2,PHI@KC,KYLEN_GRANSON_1_NFL,kylen granson,receiving_yards,4.5,-115,-105,5,True
2,ATL@MIN,MICHAEL_PENIX_JR_1_NFL,michael penix,passing_yards,143.5,-130,-120,135,True
2,ATL@MIN,BIJAN_ROBINSON_1_NFL,bijan robinson,rushing_yards,145.5,-130,-120,143,True
2,ATL@MIN,DRAKE_LONDON_1_NFL,drake london,receiving_yards,28.5,+148,-200,49,True
2,ATL@MIN,JUSTIN_JEFFERSON_1_NFL,justin jefferson,receiving_yards,64.5,-115,-115,81,True
2,ATL@MIN,TYLER_ALLGEIER_1_NFL,tyler allgeier,rushing_yards,30.5,-110,-120,76,True
2,ATL@MIN,JORDAN_MASON_1_NFL,jordan mason,rushing_yards,30.5,+101,-133,30,True
2,ATL@MIN,JJ_MCCARTHY_1_NFL,jj mccarthy,passing_yards,159.5,-120,-120,158,True
2,ATL@MIN,AARON_JONES_1_NFL,aaron jones,receiving_yards,10.5,+350,-550,0,True
2,ATL@MIN,TJ_HOCKENSON_1_NFL,tj hockenson,receiving_yards,10.5,+145,-190,12,True
2,ATL@MIN,JALEN_NAILOR_1_NFL,jalen nailor,receiving_yards,35.5,+140,-180,31,True
2,ATL@MIN,KYLE_PITTS_1_NFL,kyle pitts,receiving_yards,40.5,+375,-575,37,True
2,ATL@MIN,DARNELL_MOONEY_1_NFL,darnell mooney,receiving_yards,20.5,+280,-400,20,True
2,ATL@MIN,RAYRAY_MCCLOUD_III_1_NFL,rayray mccloud,receiving_yards,10.5,+900,-1700,0,True
2,ATL@MIN,ADAM_THIELEN_1_NFL,adam thielen,receiving_yards,30.5,+190,-260,26,True
2,TB@HOU,BAKER_MAYFIELD_1_NFL,baker mayfield,passing_yards,165.5,-140,+105,215,True
2,TB@HOU,CJ_STROUD_1_NFL,cj stroud,passing_yards,235.5,-115,-115,207,True
2,TB@HOU,BUCKY_IRVING_1_NFL,bucky irving,rushing_yards,80.5,-105,-125,71,True
2,TB@HOU,NICK_CHUBB_1_NFL,nick chubb,rushing_yards,18.5,-112,-118,43,True
2,TB@HOU,EMEKA_EGBUKA_1_NFL,emeka egbuka,receiving_yards,29.5,-101,-131,29,True
2,TB@HOU,MIKE_EVANS_1_NFL,mike evans,receiving_yards,50.5,-112,-127,56,True
2,TB@HOU,NICO_COLLINS_1_NFL,nico collins,receiving_yards,65.5,-115,-115,52,True
2,TB@HOU,CADE_OTTON_1_NFL,cade otton,receiving_yards,12.5,+113,-161,25,True
2,TB@HOU,STERLING_SHEPARD_1_NFL,sterling shepard,receiving_yards,34.5,+155,-250,34,True
2,TB@HOU,RACHAAD_WHITE_1_NFL,rachaad white,receiving_yards,5.5,-114,-102,1,True
2,TB@HOU,DALTON_SCHULTZ_1_NFL,dalton schultz,receiving_yards,30.5,-125,-105,29,True
2,TB@HOU,JAYDEN_HIGGINS_1_NFL,jayden higgins,receiving_yards,5.5,-114,-114,28,True
2,TB@HOU,XAVIER_HUTCHINSON_1_NFL,xavier hutchinson,receiving_yards,30.5,+125,-165,29,True
2,TB@HOU,JUSTIN_WATSON_1_NFL,justin watson,receiving_yards,3.5,+118,-158,3,True
2,TB@HOU,DARE_OGUNBOWALE_1_NFL,dare ogunbowale,receiving_yards,10.5,-115,-115,0,True
2,TB@HOU,JAYLIN_NOEL_1_NFL,jaylin noel,receiving_yards,10.5,+150,-200,0,True
2,TB@HOU,DAMEON_PIERCE_1_NFL,dameon pierce,rushing_yards,8.5,-120,-106,0,True
2,TB@HOU,HARRISON_BRYANT_1_NFL,harrison bryant,receiving_yards,4.5,-105,+100,0,True
3,MIA@BUF,DEVON_ACHANE_1_NFL,devon achane,receiving_yards,36.5,-120,-110,29,True
3,MIA@BUF,JAYLEN_WADDLE_1_NFL,jaylen waddle,receiving_yards,20.5,+100,-130,39,True
3,MIA@BUF,TUA_TAGOVAILOA_1_NFL,tua tagovailoa,passing_yards,155.5,-125,-105,146,True
3,MIA@BUF,TYREEK_HILL_1_NFL,tyreek hill,receiving_yards,58.5,-120,-110,49,True
3,MIA@BUF,JOSH_ALLEN_1_NFL,josh allen,passing_yards,200.5,-107,-125,213,True
3,MIA@BUF,JAMES_COOK_1_NFL,james cook,rushing_yards,110.5,-145,+110,108,True
3,MIA@BUF,JOSH_PALMER_1_NFL,josh palmer,receiving_yards,5.5,+325,-475,5,True
3,MIA@BUF,KEON_COLEMAN_1_NFL,keon coleman,receiving_yards,20.5,+178,-236,20,True
3,MIA@BUF,KHALIL_SHAKIR_1_NFL,khalil shakir,receiving_yards,30.5,+140,-180,45,True
3,MIA@BUF,DALTON_KINCAID_1_NFL,dalton kincaid,receiving_yards,66.5,+230,-315,66,True
3,MIA@BUF,DAWSON_KNOX_1_NFL,dawson knox,receiving_yards,10.5,+120,-160,0,True
3,MIA@BUF,RAY_DAVIS_1_NFL,ray davis,rushing_yards,10.5,+100,-130,0,True
3,MIA@BUF,MALIK_WASHINGTON_1_NFL,malik washington,receiving_yards,12.5,+120,-154,12,True
3,MIA@BUF,TY_JOHNSON_1_NFL,ty johnson,rushing_yards,10.5,-105,-125,13,True
3,MIA@BUF,JULIAN_HILL_1_NFL,julian hill,receiving_yards,4.5,+100,+100,4,True
3,MIA@BUF,TANNER_CONNER_1_NFL,tanner conner,receiving_yards,0.5,+129,-170,13,True
3,MIA@BUF,ALEC_INGOLD_1_NFL,alec ingold,receiving_yards,0.5,+117,-160,0,True
3,MIA@BUF,NICK_WESTBROOKIKHINE_1_NFL,nick westbrookikhine,receiving_yards,0.5,+122,-162,0,True
3,PIT@NE,AARON_RODGERS_1_NFL,aaron rodgers,passing_yards,135.5,-115,-115,139,True
3,PIT@NE,DRAKE_MAYE_1_NFL,drake maye,passing_yards,280.5,+100,-130,268,True
3,PIT@NE,DK_METCALF_1_NFL,dk metcalf,receiving_yards,60.5,-114,-114,32,True
3,PIT@NE,JONNU_SMITH_1_NFL,jonnu smith,receiving_yards,29.5,-110,-118,23,True
3,PIT@NE,JAYLEN_WARREN_1_NFL,jaylen warren,rushing_yards,54.5,-119,-109,47,True
3,PIT@NE,TREVEYON_HENDERSON_1_NFL,treveyon henderson,receiving_yards,15.5,-106,-127,19,True
3,PIT@NE,RHAMONDRE_STEVENSON_1_NFL,rhamondre stevenson,rushing_yards,40.5,-123,-104,18,True
3,PIT@NE,KENNETH_GAINWELL_1_NFL,kenneth gainwell,rushing_yards,23.5,-114,-114,16,True
3,PIT@NE,CALVIN_AUSTIN_1_NFL,calvin austin,receiving_yards,37.5,-114,-114,34,True
3,PIT@NE,PAT_FREIERMUTH_1_NFL,pat freiermuth,receiving_yards,6.5,+106,-140,6,True
3,PIT@NE,HUNTER_HENRY_1_NFL,hunter henry,receiving_yards,36.5,-117,-115,90,True
3,PIT@NE,KAYSHON_BOUTTE_1_NFL,kayshon boutte,receiving_yards,35.5,-115,-112,28,True
3,PIT@NE,MACK_HOLLINS_1_NFL,mack hollins,receiving_yards,27.5,+142,-192,27,True
3,PIT@NE,STEFON_DIGGS_1_NFL,stefon diggs,receiving_yards,43.5,-123,-104,23,True
3,IND@TEN,CAMERON_WARD_1_NFL,cameron ward,passing_yards,199.5,-107,-107,219,True
3,IND@TEN,DANIEL_JONES_1_NFL,daniel jones,passing_yards,211.5,-117,-117,228,True
3,IND@TEN,CALVIN_RIDLEY_1_NFL,calvin ridley,receiving_yards,50.5,-116,-111,27,True
3,IND@TEN,ELIC_AYOMANOR_1_NFL,elic ayomanor,receiving_yards,34.5,-130,+101,38,True
3,IND@TEN,JONATHAN_TAYLOR_1_NFL,jonathan taylor,receiving_yards,14.5,-114,-114,16,True
3,IND@TEN,MICHAEL_PITTMAN_1_NFL,michael pittman,receiving_yards,45.5,-116,-111,73,True
3,IND@TEN,TYLER_WARREN_1_NFL,tyler warren,receiving_yards,49.5,-114,-114,38,True
3,IND@TEN,TONY_POLLARD_1_NFL,tony pollard,rushing_yards,67.5,-118,-121,45,True
3,IND@TEN,JOSH_DOWNS_1_NFL,josh downs,receiving_yards,41.5,-105,-123,34,True
3,IND@TEN,CHIGOZIEM_OKONOKWO_1_NFL,chigoziem okonokwo,receiving_yards,63.5,-115,-125,66,True
3,IND@TEN,TYLER_LOCKETT_1_NFL,tyler lockett,receiving_yards,10.5,-114,-114,37,True
3,IND@TEN,ALEC_PIERCE_1_NFL,alec pierce,receiving_yards,26.5,-116,-111,67,True
3,IND@TEN,ADONAI_MITCHELL_1_NFL,adonai mitchell,receiving_yards,9.5,-111,-116,0,True
3,IND@TEN,CHIMERE_DIKE_1_NFL,chimere dike,receiving_yards,11.5,-114,-114,2,True
3,IND@TEN,GUNNAR_HELM_1_NFL,gunnar helm,receiving_yards,6.5,-116,-111,27,True
3,ATL@CAR,BRYCE_YOUNG_1_NFL,bryce young,passing_yards,125.5,-120,-125,121,True
3,ATL@CAR,MICHAEL_PENIX_JR_1_NFL,michael penix,passing_yards,240.5,-115,-115,172,True
3,ATL@CAR,BIJAN_ROBINSON_1_NFL,bijan robinson,receiving_yards,45.5,-106,-125,39,True
3,ATL@CAR,DRAKE_LONDON_1_NFL,drake london,receiving_yards,61.5,-118,-112,55,True
3,ATL@CAR,KYLE_PITTS_1_NFL,kyle pitts,receiving_yards,39.5,+114,-155,39,True
3,ATL@CAR,TETAIROA_MCMILLAN_1_NFL,tetairoa mcmillan,receiving_yards,48.5,+126,-168,48,True
3,ATL@CAR,CHUBA_HUBBARD_1_NFL,chuba hubbard,rushing_yards,58.5,-125,-120,73,True
3,ATL@CAR,HUNTER_RENFROW_1_NFL,hunter renfrow,receiving_yards,1.5,+148,-200,6,True
3,ATL@CAR,XAVIER_LEGETTE_1_NFL,xavier legette,receiving_yards,26.5,-112,-117,0,True
3,ATL@CAR,JATAVION_SANDERS_1_NFL,jatavion sanders,receiving_yards,10.5,+350,-550,11,True
3,ATL@CAR,TYLER_ALLGEIER_1_NFL,tyler allgeier,rushing_yards,10.5,-125,-105,4,True
3,ATL@CAR,DARNELL_MOONEY_1_NFL,darnell mooney,receiving_yards,44.5,+125,-171,44,True
3,ATL@CAR,RICO_DOWDLE_1_NFL,rico dowdle,rushing_yards,33.5,-120,-110,30,True
3,ATL@CAR,RAYRAY_MCCLOUD_III_1_NFL,rayray mccloud,receiving_yards,20.5,+190,-250,20,True
3,ATL@CAR,TOMMY_TREMBLE_1_NFL,tommy tremble,receiving_yards,12.5,+175,-259,16,True
3,ATL@CAR,DAVID_MOORE_1_NFL,david moore,receiving_yards,5.5,+200,-300,5,True
3,ATL@CAR,BRYCEN_TREMAYNE_1_NFL,brycen tremayne,receiving_yards,24.5,+275,,15,True
3,ATL@CAR,KIRK_COUSINS_1_NFL,kirk cousins,passing_yards,64.5,-120,-120,29,True
3,HOU@JAX,TREVOR_LAWRENCE_1_NFL,trevor lawrence,passing_yards,215.5,-117,-122,222,True
3,HOU@JAX,BRIAN_THOMAS_1_NFL,brian thomas,receiving_yards,15.5,-114,-114,55,True
3,HOU@JAX,TRAVIS_HUNTER_1_NFL,travis hunter,receiving_yards,25.5,+100,-130,21,True
3,HOU@JAX,TRAVIS_ETIENNE_JR_1_NFL,travis etienne,rushing_yards,25.5,-165,+125,56,True
3,HOU@JAX,CJ_STROUD_1_NFL,cj stroud,passing_yards,186.5,-125,-125,204,True
3,HOU@JAX,NICK_CHUBB_1_NFL,nick chubb,rushing_yards,51.5,-116,-111,38,True
3,HOU@JAX,NICO_COLLINS_1_NFL,nico collins,receiving_yards,105.5,+105,-140,104,True
3,HOU@JAX,BRENTON_STRANGE_1_NFL,brenton strange,receiving_yards,55.5,-105,-125,61,True
3,HOU@JAX,DYAMI_BROWN_1_NFL,dyami brown,receiving_yards,25.5,+105,-140,7,True
3,HOU@JAX,DALTON_SCHULTZ_1_NFL,dalton schultz,receiving_yards,35.5,+140,-180,39,True
3,HOU@JAX,JORDAN_TRAVIS_1_NFL,jordan travis,receiving_yards,13.5,-115,-112,0,True
3,HOU@JAX,XAVIER_HUTCHINSON_1_NFL,xavier hutchinson,receiving_yards,15.5,-105,-107,16,True
3,HOU@JAX,CHRISTIAN_KIRK_1_NFL,christian kirk,receiving_yards,12.5,+140,-188,25,True
3,HOU@JAX,JAYDEN_HIGGINS_1_NFL,jayden higgins,receiving_yards,10.5,+160,-210,5,True
3,HOU@JAX,BHAYSHUL_TUTEN_1_NFL,bhayshul tuten,receiving_yards,5.5,-105,-114,0,True
3,HOU@JAX,PARKER_WASHINGTON_1_NFL,parker washington,receiving_yards,34.5,+155,-220,34,True
3,LV@WAS,JAKOBI_MEYERS_1_NFL,jakobi meyers,receiving_yards,63.5,+210,-300,63,True
3,LV@WAS,GENO_SMITH_1_NFL,geno smith,passing_yards,244.5,-117,-117,289,True
3,LV@WAS,ASHTON_JEANTY_1_NFL,ashton jeanty,receiving_yards,14.5,-122,-110,0,True
3,LV@WAS,BROCK_BOWERS_1_NFL,brock bowers,receiving_yards,38.5,+195,-295,38,True
3,LV@WAS,TRE_TUCKER_1_NFL,tre tucker,receiving_yards,27.5,-114,-114,145,True
3,LV@WAS,MARCUS_MARIOTA_1_NFL,marcus mariota,rushing_yards,30.5,-114,-114,40,True
3,LV@WAS,DEEBO_SAMUEL_1_NFL,deebo samuel,receiving_yards,45.5,-118,-110,11,True
3,LV@WAS,TERRY_MCLAURIN_1_NFL,terry mclaurin,receiving_yards,49.5,-114,-114,74,True
3,LV@WAS,JAYLIN_LANE_1_NFL,jaylin lane,receiving_yards,10.5,+129,-172,-2,True
3,LV@WAS,ZACH_ERTZ_1_NFL,zach ertz,receiving_yards,32.5,-112,-122,38,True
3,LV@WAS,DONTE_THORNTON_1_NFL,donte thornton,receiving_yards,24.5,-120,-114,29,True
3,LV@WAS,NOAH_BROWN_1_NFL,noah brown,receiving_yards,20.5,-112,-115,0,True
3,LV@WAS,JEREMY_MCNICHOLS_1_NFL,jeremy mcnichols,receiving_yards,7.5,-123,-105,0,True
3,LV@WAS,ZAMIR_WHITE_1_NFL,zamir white,rushing_yards,3.5,-130,-120,19,True
3,LV@WAS,MICHAEL_MAYER_1_NFL,michael mayer,receiving_yards,10.5,-115,-115,0,True
3,LV@WAS,CHRIS_RODRIGUEZ_JR_1_NFL,chris rodriguez,rushing_yards,43.5,-125,-125,39,True
3,LA@PHI,JALEN_HURTS_1_NFL,jalen hurts,passing_yards,215.5,-110,-120,226,True
3,LA@PHI,MATTHEW_STAFFORD_1_NFL,matthew stafford,passing_yards,205.5,-108,-112,195,True
3,LA@PHI,AJ_BROWN_1_NFL,aj brown,receiving_yards,64.5,-121,-124,109,True
3,LA@PHI,DAVANTE_ADAMS_1_NFL,davante adams,receiving_yards,60.5,-119,-122,56,True
3,LA@PHI,DEVONTA_SMITH_1_NFL,devonta smith,receiving_yards,45.5,-124,-122,60,True
3,LA@PHI,PUKA_NACUA_1_NFL,puka nacua,receiving_yards,78.5,-121,-124,112,True
3,LA@PHI,SAQUON_BARKLEY_1_NFL,saquon barkley,receiving_yards,13.5,-124,-114,9,True
3,LA@PHI,KYREN_WILLIAMS_1_NFL,kyren williams,rushing_yards,60.5,-114,-114,94,True
3,LA@PHI,TYLER_HIGBEE_1_NFL,tyler higbee,receiving_yards,20.5,-121,-125,0,True
3,LA@PHI,TUTU_ATWELL_1_NFL,tutu atwell,receiving_yards,8.5,-114,-114,0,True
3,LA@PHI,BLAKE_CORUM_1_NFL,blake corum,rushing_yards,54.5,-120,-110,53,True
3,LA@PHI,DALLAS_GOEDERT_1_NFL,dallas goedert,receiving_yards,32.5,-127,-120,33,True
3,LA@PHI,JAHAN_DOTSON_1_NFL,jahan dotson,receiving_yards,10.5,+116,-177,7,True
3,LA@PHI,JORDAN_WHITTINGTON_1_NFL,jordan whittington,receiving_yards,12.5,-121,-124,6,True
3,NYJ@TB,BREECE_HALL_1_NFL,breece hall,receiving_yards,25.5,-110,-120,31,True
3,NYJ@TB,BAKER_MAYFIELD_1_NFL,baker mayfield,passing_yards,185.5,+148,-200,233,True
3,NYJ@TB,TYROD_TAYLOR_1_NFL,tyrod taylor,passing_yards,185.5,-114,-114,197,True
3,NYJ@TB,BRAELON_ALLEN_1_NFL,braelon allen,rushing_yards,16.5,-120,-108,30,True
3,NYJ@TB,GARRETT_WILSON_1_NFL,garrett wilson,receiving_yards,65.5,-114,-114,84,True
3,NYJ@TB,BUCKY_IRVING_1_NFL,bucky irving,receiving_yards,21.5,-111,-116,33,True
3,NYJ@TB,MIKE_EVANS_1_NFL,mike evans,receiving_yards,25.5,+127,-169,33,True
3,NYJ@TB,RACHAAD_WHITE_1_NFL,rachaad white,receiving_yards,8.5,-114,-114,2,True
3,NYJ@TB,CADE_OTTON_1_NFL,cade otton,receiving_yards,0.5,+148,-200,0,True
3,NYJ@TB,MASON_TAYLOR_1_NFL,mason taylor,receiving_yards,21.5,-114,-114,18,True
3,NYJ@TB,TYLER_JOHNSON_1_NFL,tyler johnson,receiving_yards,20.5,-116,-111,32,True
3,NYJ@TB,EMEKA_EGBUKA_1_NFL,emeka egbuka,receiving_yards,39.5,-114,-114,85,True
3,NYJ@TB,STERLING_SHEPARD_1_NFL,sterling shepard,receiving_yards,40.5,+200,-275,80,True
3,NYJ@TB,JEREMY_RUCKERT_1_NFL,jeremy ruckert,receiving_yards,0.5,+215,-337,0,True
3,GB@CLE,JOE_FLACCO_1_NFL,joe flacco,passing_yards,218.5,-114,-114,142,False
3,GB@CLE,JORDAN_LOVE_1_NFL,jordan love,passing_yards,223.5,-141,+108,183,False
3,GB@CLE,DAVID_NJOKU_1_NFL,david njoku,receiving_yards,40.5,+105,-140,40,False
3,GB@CLE,HAROLD_FANNIN_JR_1_NFL,harold fannin,receiving_yards,36.5,-114,-114,25,False
3,GB@CLE,JERRY_JEUDY_1_NFL,jerry jeudy,receiving_yards,25.5,-120,-110,17,False
3,GB@CLE,TUCKER_KRAFT_1_NFL,tucker kraft,receiving_yards,40.5,-114,-114,29,False
3,GB@CLE,JOSH_JACOBS_1_NFL,josh jacobs,rushing_yards,76.5,-114,-114,30,False
3,GB@CLE,DONTAYVION_WICKS_1_NFL,dontayvion wicks,receiving_yards,21.5,+122,-162,21,False
3,GB@CLE,ROMEO_DOUBS_1_NFL,romeo doubs,receiving_yards,25.5,+185,-310,25,False
3,GB@CLE,CEDRIC_TILLMAN_1_NFL,cedric tillman,receiving_yards,30.5,-130,+100,26,False
3,GB@CLE,MATTHEW_GOLDEN_1_NFL,matthew golden,receiving_yards,36.5,-114,-114,52,False
3,GB@CLE,JEROME_FORD_1_NFL,jerome ford,receiving_yards,13.5,-114,-114,10,False
3,GB@CLE,DYLAN_SAMPSON_1_NFL,dylan sampson,receiving_yards,8.5,-114,-114,0,False
3,GB@CLE,MALIK_HEATH_1_NFL,malik heath,receiving_yards,9.5,+107,-139,0,False
3,GB@CLE,LUKE_MUSGRAVE_1_NFL,luke musgrave,receiving_yards,5.5,+100,-115,0,False
3,GB@CLE,CHRIS_BROOKS_1_NFL,chris brooks,receiving_yards,4.5,-120,-108,0,False
3,CIN@MIN,JAKE_BROWNING_1_NFL,jake browning,passing_yards,210.5,-110,-120,140,True
3,CIN@MIN,JAMARR_CHASE_1_NFL,jamarr chase,receiving_yards,72.5,-108,-111,50,True
3,CIN@MIN,JUSTIN_JEFFERSON_1_NFL,justin jefferson,receiving_yards,75.5,-127,-115,75,True
3,CIN@MIN,TEE_HIGGINS_1_NFL,tee higgins,receiving_yards,32.5,-118,-112,15,True
3,CIN@MIN,TJ_HOCKENSON_1_NFL,tj hockenson,receiving_yards,28.5,-114,-114,49,True
3,CIN@MIN,CHASE_BROWN_1_NFL,chase brown,rushing_yards,68.5,-112,-112,3,True
3,CIN@MIN,JORDAN_MASON_1_NFL,jordan mason,rushing_yards,76.5,-113,-112,116,True
3,CIN@MIN,CARSON_WENTZ_1_NFL,carson wentz,passing_yards,149.5,-125,-125,173,True
3,CIN@MIN,JALEN_NAILOR_1_NFL,jalen nailor,receiving_yards,33.5,-107,-112,37,True
3,CIN@MIN,ADAM_THIELEN_1_NFL,adam thielen,receiving_yards,24.5,-122,-103,0,True
3,CIN@MIN,ANDREI_IOSIVAS_1_NFL,andrei iosivas,receiving_yards,15.5,-113,-111,0,True
3,CIN@MIN,MIKE_GESICKI_1_NFL,mike gesicki,receiving_yards,20.5,-115,-114,6,True
3,CIN@MIN,NOAH_FANT_1_NFL,noah fant,receiving_yards,17.5,+100,-130,26,True
3,CIN@MIN,SAMAJE_PERINE_1_NFL,samaje perine,receiving_yards,5.5,+103,-110,0,True
3,CIN@MIN,CAM_AKERS_1_NFL,cam akers,rushing_yards,24.5,-115,-115,19,True
3,DEN@LAC,BO_NIX_1_NFL,bo nix,passing_yards,193.5,-122,-124,153,True
3,DEN@LAC,COURTLAND_SUTTON_1_NFL,courtland sutton,receiving_yards,118.5,-120,-120,118,True
3,DEN@LAC,JK_DOBBINS_1_NFL,jk dobbins,rushing_yards,86.5,-120,-131,83,True
3,DEN@LAC,JUSTIN_HERBERT_1_NFL,justin herbert,passing_yards,288.5,-115,-115,300,True
3,DEN@LAC,KEENAN_ALLEN_1_NFL,keenan allen,receiving_yards,56.5,+124,-170,65,True
3,DEN@LAC,LADD_MCCONKEY_1_NFL,ladd mcconkey,receiving_yards,29.5,+115,-145,41,True
3,DEN@LAC,MARVIN_MIMS_JR_1_NFL,marvin mims,receiving_yards,4.5,+156,-219,4,True
3,DEN@LAC,EVAN_ENGRAM_1_NFL,evan engram,receiving_yards,20.5,-113,-119,0,True
3,DEN@LAC,TROY_FRANKLIN_1_NFL,troy franklin,receiving_yards,8.5,+130,-185,8,True
3,DEN@LAC,RJ_HARVEY_1_NFL,rj harvey,rushing_yards,2.5,+135,-195,2,True
3,DEN@LAC,NAJEE_HARRIS_1_NFL,najee harris,rushing_yards,37.5,-130,-120,28,True
3,DEN@LAC,OMARION_HAMPTON_1_NFL,omarion hampton,receiving_yards,9.5,-128,-101,59,True
3,DEN@LAC,QUENTIN_JOHNSTON_1_NFL,quentin johnston,receiving_yards,89.5,+135,-170,89,True
3,DEN@LAC,TYLER_CONKLIN_1_NFL,tyler conklin,receiving_yards,10.5,+145,-190,0,True
3,DEN@LAC,ADAM_TRAUTMAN_1_NFL,adam trautman,receiving_yards,0.5,+190,-275,0,True
3,NO@SEA,SAM_DARNOLD_1_NFL,sam darnold,passing_yards,218.5,+130,-174,218,False
3,NO@SEA,SPENCER_RATTLER_1_NFL,spencer rattler,passing_yards,200.5,-120,-110,218,False
3,NO@SEA,CHRIS_OLAVE_1_NFL,chris olave,receiving_yards,60.5,+105,-140,57,False
3,NO@SEA,COOPER_KUPP_1_NFL,cooper kupp,receiving_yards,35.5,+165,-225,31,False
3,NO@SEA,JAXON_SMITHNJIGBA_1_NFL,jaxon smithnjigba,receiving_yards,100.5,-125,-105,96,False
3,NO@SEA,JUWAN_JOHNSON_1_NFL,juwan johnson,receiving_yards,40.5,-105,-125,51,False
3,NO@SEA,ALVIN_KAMARA_1_NFL,alvin kamara,rushing_yards,55.5,+105,-140,42,False
3,NO@SEA,BRANDIN_COOKS_1_NFL,brandin cooks,receiving_yards,15.5,-115,-115,24,False
3,NO@SEA,RASHID_SHAHEED_1_NFL,rashid shaheed,receiving_yards,50.5,-120,-110,42,False
3,NO@SEA,KENNETH_WALKER_III_1_NFL,kenneth walker,receiving_yards,10.5,+165,-225,12,False
3,NO@SEA,AJ_BARNER_1_NFL,aj barner,receiving_yards,25.5,+260,-375,23,False
3,NO@SEA,TORY_HORTON_1_NFL,tory horton,receiving_yards,32.5,+254,-397,32,False
3,NO@SEA,ELIJAH_ARROYO_1_NFL,elijah arroyo,receiving_yards,0.5,+235,-335,0,False
3,NO@SEA,KENDRE_MILLER_1_NFL,kendre miller,rushing_yards,13.5,-120,+100,27,False
3,NO@SEA,GEORGE_HOLANI_1_NFL,george holani,receiving_yards,0.5,+114,-143,15,False
3,ARI@SF,KYLER_MURRAY_1_NFL,kyler murray,passing_yards,190.5,-115,-115,159,True
3,ARI@SF,CHRISTIAN_MCCAFFREY_1_NFL,christian mccaffrey,receiving_yards,68.5,+157,-227,88,True
3,ARI@SF,JAMES_CONNER_1_NFL,james conner,receiving_yards,20.5,-105,-125,15,True
3,ARI@SF,MARVIN_HARRISON_JR_1_NFL,marvin harrison,receiving_yards,45.5,-120,-110,44,True
3,ARI@SF,RICKY_PEARSALL_1_NFL,ricky pearsall,receiving_yards,117.5,+170,-245,117,True
3,ARI@SF,TREY_MCBRIDE_1_NFL,trey mcbride,receiving_yards,50.5,-140,+105,43,True
3,ARI@SF,JAUAN_JENNINGS_1_NFL,jauan jennings,receiving_yards,46.5,-112,-115,0,True
3,ARI@SF,MACK_WILSON_1_NFL,mack wilson,receiving_yards,5.5,+146,-198,5,True
3,ARI@SF,TREY_BENSON_1_NFL,trey benson,rushing_yards,44.5,-110,-120,42,True
3,ARI@SF,MAC_JONES_1_NFL,mac jones,passing_yards,263.5,-108,-112,284,True
3,ARI@SF,BRIAN_ROBINSON_1_NFL,brian robinson,receiving_yards,2.5,-110,-102,0,True
3,ARI@SF,KENDRICK_BOURNE_1_NFL,kendrick bourne,receiving_yards,20.5,+242,-379,38,True
3,ARI@SF,JAKE_TONGES_1_NFL,jake tonges,receiving_yards,24.5,-114,-114,21,True
3,ARI@SF,KYLE_JUSZCZYK_1_NFL,kyle juszczyk,receiving_yards,5.5,-114,-114,1,True
3,ARI@SF,MARQUEZ_VALDESSCANTLING_1_NFL,marquez valdesscantling,receiving_yards,12.5,-119,-109,9,True
3,ARI@SF,LUKE_FARRELL_1_NFL,luke farrell,receiving_yards,9.5,-127,-107,0,True
3,DAL@CHI,CHRIS_WILLIAMS_1_NFL,chris williams,passing_yards,221.5,-117,-117,298,True
3,DAL@CHI,DAK_PRESCOTT_1_NFL,dak prescott,passing_yards,264.5,-117,-117,251,True
3,DAL@CHI,CEEDEE_LAMB_1_NFL,ceedee lamb,receiving_yards,85.5,-110,-120,0,True
3,DAL@CHI,DJ_MOORE_1_NFL,dj moore,receiving_yards,25.5,+100,-130,21,True
3,DAL@CHI,GEORGE_PICKENS_1_NFL,george pickens,receiving_yards,65.5,-105,-125,68,True
3,DAL@CHI,JAKE_FERGUSON_1_NFL,jake ferguson,receiving_yards,70.5,-122,-107,82,True
3,DAL@CHI,ROME_ODUNZE_1_NFL,rome odunze,receiving_yards,62.5,+140,-188,62,True
3,DAL@CHI,DANDRE_SWIFT_1_NFL,dandre swift,rushing_yards,37.5,-120,-110,33,True
3,DAL@CHI,JAVONTE_WILLIAMS_1_NFL,javonte williams,rushing_yards,85.5,+190,-260,76,True
3,DAL@CHI,COLE_KMET_1_NFL,cole kmet,receiving_yards,10.5,+100,-130,10,True
3,DAL@CHI,COLSTON_LOVELAND_1_NFL,colston loveland,receiving_yards,35.5,-115,-115,31,True
3,DAL@CHI,OLAMIDE_ZACCHEAUS_1_NFL,olamide zaccheaus,receiving_yards,15.5,+450,-750,24,True
3,DAL@CHI,JALEN_TOLBERT_1_NFL,jalen tolbert,receiving_yards,15.5,+125,-165,24,True
3,DAL@CHI,KAVONTAE_TURPIN_1_NFL,kavontae turpin,receiving_yards,30.5,-115,-115,64,True
3,DAL@CHI,MILES_SANDERS_1_NFL,miles sanders,rushing_yards,15.5,-145,+110,41,True
3,DAL@CHI,LUTHER_BURDEN_III_1_NFL,luther burden,receiving_yards,95.5,+140,-180,101,True
3,DAL@CHI,KYLE_MONANGAI_1_NFL,kyle monangai,rushing_yards,18.5,-114,-109,16,True
3,KC@NYG,PATRICK_MAHOMES_1_NFL,patrick mahomes,passing_yards,235.5,-105,+100,224,True
3,KC@NYG,RUSSELL_WILSON_1_NFL,russell wilson,passing_yards,157.5,-121,-114,160,True
3,KC@NYG,MALIK_NABERS_1_NFL,malik nabers,receiving_yards,15.5,+100,-130,13,True
3,KC@NYG,TRAVIS_KELCE_1_NFL,travis kelce,receiving_yards,30.5,+165,-225,26,True
3,KC@NYG,WANDALE_ROBINSON_1_NFL,wandale robinson,receiving_yards,10.5,+110,-145,26,True
3,KC@NYG,ISIAH_PACHECO_1_NFL,isiah pacheco,receiving_yards,10.5,+145,-190,3,True
3,KC@NYG,KAREEM_HUNT_1_NFL,kareem hunt,receiving_yards,10.5,+111,-150,10,True
3,KC@NYG,JUJU_SMITHSCHUSTER_1_NFL,juju smithschuster,receiving_yards,55.5,+240,-350,55,True
3,KC@NYG,THEO_JOHNSON_1_NFL,theo johnson,receiving_yards,10.5,+105,-140,10,True
3,KC@NYG,DARIUS_SLAYTON_1_NFL,darius slayton,receiving_yards,20.5,-115,-115,30,True
3,KC@NYG,TYRONE_TRACY_1_NFL,tyrone tracy,receiving_yards,10.5,-125,-105,7,True
3,KC@NYG,NOAH_GRAY_1_NFL,noah gray,receiving_yards,10.5,-115,-115,17,True
3,KC@NYG,MARQUISE_BROWN_1_NFL,marquise brown,receiving_yards,42.5,+140,-200,42,True
3,KC@NYG,TYQUAN_THORNTON_1_NFL,tyquan thornton,receiving_yards,20.5,+200,-275,71,True
3,KC@NYG,XAVIER_WORTHY_1_NFL,xavier worthy,receiving_yards,50.5,-107,-107,0,True
4,SEA@ARI,KYLER_MURRAY_1_NFL,kyler murray,passing_yards,211.5,-135,+105,200,True
4,SEA@ARI,SAM_DARNOLD_1_NFL,sam darnold,passing_yards,190.5,-105,-125,242,True
4,SEA@ARI,MACK_WILSON_1_NFL,mack wilson,receiving_yards,21.5,-115,-115,15,True
4,SEA@ARI,MARVIN_HARRISON_JR_1_NFL,marvin harrison,receiving_yards,35.5,-130,+100,66,True
4,SEA@ARI,TREY_MCBRIDE_1_NFL,trey mcbride,receiving_yards,65.5,-125,-105,52,True
4,SEA@ARI,JAXON_SMITHNJIGBA_1_NFL,jaxon smithnjigba,receiving_yards,20.5,-110,-120,79,True
4,SEA@ARI,COOPER_KUPP_1_NFL,cooper kupp,receiving_yards,43.5,-105,-125,26,True
4,SEA@ARI,AJ_BARNER_1_NFL,aj barner,receiving_yards,16.5,-135,+105,32,True
4,SEA@ARI,TREY_BENSON_1_NFL,trey benson,rushing_yards,35.5,+115,-150,35,True
4,SEA@ARI,EMARI_DEMERCADO_1_NFL,emari demercado,rushing_yards,5.5,+100,-130,8,True
4,SEA@ARI,TORY_HORTON_1_NFL,tory horton,receiving_yards,10.5,+190,-260,10,True
4,SEA@ARI,KENNETH_WALKER_III_1_NFL,kenneth walker,rushing_yards,65.5,-105,-125,81,True
4,SEA@ARI,GREG_DORTCH_1_NFL,greg dortch,receiving_yards,15.5,-105,-114,35,True
4,SEA@ARI,ZACH_CHARBONNET_1_NFL,zach charbonnet,rushing_yards,40.5,-130,+100,39,True
4,MIN@PIT,AARON_RODGERS_1_NFL,aaron rodgers,passing_yards,195.5,+105,-140,200,True
4,MIN@PIT,CARSON_WENTZ_1_NFL,carson wentz,passing_yards,275.5,+100,-130,350,True
4,MIN@PIT,JAYLEN_WARREN_1_NFL,jaylen warren,rushing_yards,53.5,-112,-114,0,True
4,MIN@PIT,JORDAN_MASON_1_NFL,jordan mason,rushing_yards,57.5,-120,-115,57,True
4,MIN@PIT,JUSTIN_JEFFERSON_1_NFL,justin jefferson,receiving_yards,130.5,+110,-145,126,True
4,MIN@PIT,DK_METCALF_1_NFL,dk metcalf,receiving_yards,130.5,+260,-375,126,True
4,MIN@PIT,JORDAN_ADDISON_1_NFL,jordan addison,receiving_yards,35.5,-115,-115,114,True
4,MIN@PIT,TJ_HOCKENSON_1_NFL,tj hockenson,receiving_yards,25.5,-130,+100,39,True
4,MIN@PIT,CALVIN_AUSTIN_1_NFL,calvin austin,receiving_yards,10.5,+210,-285,13,True
4,MIN@PIT,JONNU_SMITH_1_NFL,jonnu smith,receiving_yards,6.5,+222,-305,6,True
4,MIN@PIT,PAT_FREIERMUTH_1_NFL,pat freiermuth,receiving_yards,10.5,+120,-160,0,True
4,MIN@PIT,JALEN_NAILOR_1_NFL,jalen nailor,receiving_yards,0.5,+140,-188,2,True
4,MIN@PIT,KENNETH_GAINWELL_1_NFL,kenneth gainwell,receiving_yards,25.5,+280,-400,35,True
4,MIN@PIT,ADAM_THIELEN_1_NFL,adam thielen,receiving_yards,10.5,+140,-180,11,True
4,MIN@PIT,ZAVIER_SCOTT_1_NFL,zavier scott,receiving_yards,1.5,-109,-105,43,True
4,MIN@PIT,KALEB_JOHNSON_1_NFL,kaleb johnson,receiving_yards,3.5,-110,-110,0,True
4,PHI@TB,JALEN_HURTS_1_NFL,jalen hurts,passing_yards,197.5,-114,-114,130,True
4,PHI@TB,BUCKY_IRVING_1_NFL,bucky irving,rushing_yards,60.5,-125,-105,63,True
4,PHI@TB,SAQUON_BARKLEY_1_NFL,saquon barkley,rushing_yards,39.5,-122,-117,43,True
4,PHI@TB,BAKER_MAYFIELD_1_NFL,baker mayfield,passing_yards,215.5,-114,-114,289,True
4,PHI@TB,AJ_BROWN_1_NFL,aj brown,receiving_yards,10.5,+120,-160,7,True
4,PHI@TB,DEVONTA_SMITH_1_NFL,devonta smith,receiving_yards,30.5,+120,-160,29,True
4,PHI@TB,DALLAS_GOEDERT_1_NFL,dallas goedert,receiving_yards,40.5,+210,-285,37,True
4,PHI@TB,JAHAN_DOTSON_1_NFL,jahan dotson,receiving_yards,10.5,+330,-500,0,True
4,PHI@TB,RACHAAD_WHITE_1_NFL,rachaad white,receiving_yards,7.5,-120,-130,29,True
4,PHI@TB,EMEKA_EGBUKA_1_NFL,emeka egbuka,receiving_yards,101.5,+120,-154,101,True
4,PHI@TB,CADE_OTTON_1_NFL,cade otton,receiving_yards,10.5,-104,-126,9,True
4,PHI@TB,STERLING_SHEPARD_1_NFL,sterling shepard,receiving_yards,14.5,+120,-155,14,True
4,PHI@TB,CHRIS_GODWIN_1_NFL,chris godwin,receiving_yards,26.5,+140,-180,26,True
4,NO@BUF,ALVIN_KAMARA_1_NFL,alvin kamara,rushing_yards,70.5,-170,+130,70,True
4,NO@BUF,JAMES_COOK_1_NFL,james cook,rushing_yards,116.5,-125,-125,117,True
4,NO@BUF,JOSH_ALLEN_1_NFL,josh allen,rushing_yards,48.5,-120,-137,45,True
4,NO@BUF,SPENCER_RATTLER_1_NFL,spencer rattler,rushing_yards,17.5,-114,-114,49,True
4,NO@BUF,CHRIS_OLAVE_1_NFL,chris olave,receiving_yards,20.5,+110,-154,20,True
4,NO@BUF,DALTON_KINCAID_1_NFL,dalton kincaid,receiving_yards,0.5,+169,-250,28,True
4,NO@BUF,JUWAN_JOHNSON_1_NFL,juwan johnson,receiving_yards,28.5,+115,-166,28,True
4,NO@BUF,KEON_COLEMAN_1_NFL,keon coleman,receiving_yards,45.5,+160,-210,45,True
4,NO@BUF,KHALIL_SHAKIR_1_NFL,khalil shakir,receiving_yards,65.5,+175,-240,69,True
4,NO@BUF,RASHID_SHAHEED_1_NFL,rashid shaheed,receiving_yards,32.5,+182,-267,47,True
4,NO@BUF,DAWSON_KNOX_1_NFL,dawson knox,receiving_yards,11.5,-115,-111,0,True
4,NO@BUF,BRANDIN_COOKS_1_NFL,brandin cooks,receiving_yards,22.5,+292,-476,22,True
4,NO@BUF,KENDRE_MILLER_1_NFL,kendre miller,receiving_yards,2.5,+100,+100,13,True
4,NO@BUF,JOSH_PALMER_1_NFL,josh palmer,receiving_yards,25.5,+280,-400,25,True
4,NO@BUF,RAY_DAVIS_1_NFL,ray davis,rushing_yards,18.5,-114,-114,3,True
4,NO@BUF,TY_JOHNSON_1_NFL,ty johnson,receiving_yards,1.5,+100,+100,0,True
4,NO@BUF,ELIJAH_MOORE_1_NFL,elijah moore,receiving_yards,9.5,+100,+100,0,True
4,TEN@HOU,CAMERON_WARD_1_NFL,cameron ward,rushing_yards,10.5,+120,-244,22,True
4,TEN@HOU,CJ_STROUD_1_NFL,cj stroud,rushing_yards,15.5,-114,-114,11,True
4,TEN@HOU,TONY_POLLARD_1_NFL,tony pollard,rushing_yards,65.5,-110,-117,64,True
4,TEN@HOU,CALVIN_RIDLEY_1_NFL,calvin ridley,receiving_yards,30.5,+200,-340,30,True
4,TEN@HOU,CHIGOZIEM_OKONOKWO_1_NFL,chigoziem okonokwo,receiving_yards,32.5,-111,-115,4,True
4,TEN@HOU,DALTON_SCHULTZ_1_NFL,dalton schultz,receiving_yards,30.5,+230,-325,30,True
4,TEN@HOU,NICO_COLLINS_1_NFL,nico collins,receiving_yards,79.5,+144,-194,79,True
4,TEN@HOU,ELIC_AYOMANOR_1_NFL,elic ayomanor,receiving_yards,44.5,+260,-475,44,True
4,TEN@HOU,NICK_CHUBB_1_NFL,nick chubb,rushing_yards,49.5,-114,-114,47,True
4,TEN@HOU,CHRISTIAN_KIRK_1_NFL,christian kirk,receiving_yards,10.5,+190,-260,20,True
4,TEN@HOU,CHIMERE_DIKE_1_NFL,chimere dike,receiving_yards,4.5,-130,-120,0,True
4,TEN@HOU,GUNNAR_HELM_1_NFL,gunnar helm,receiving_yards,10.5,-110,-114,12,True
4,TEN@HOU,TYLER_LOCKETT_1_NFL,tyler lockett,receiving_yards,7.5,-125,-125,0,True
4,TEN@HOU,JAYDEN_HIGGINS_1_NFL,jayden higgins,receiving_yards,9.5,-110,-105,24,True
4,TEN@HOU,XAVIER_HUTCHINSON_1_NFL,xavier hutchinson,receiving_yards,20.5,+115,-150,17,True
4,LAC@NYG,JUSTIN_HERBERT_1_NFL,justin herbert,rushing_yards,24.5,+656,-1662,24,True
4,LAC@NYG,OMARION_HAMPTON_1_NFL,omarion hampton,rushing_yards,95.5,-105,-125,128,True
4,LAC@NYG,KEENAN_ALLEN_1_NFL,keenan allen,receiving_yards,37.5,+165,-223,37,True
4,LAC@NYG,LADD_MCCONKEY_1_NFL,ladd mcconkey,receiving_yards,11.5,+149,-193,11,True
4,LAC@NYG,MALIK_NABERS_1_NFL,malik nabers,receiving_yards,60.5,-105,-125,20,True
4,LAC@NYG,QUENTIN_JOHNSTON_1_NFL,quentin johnston,receiving_yards,76.5,+228,-356,98,True
4,LAC@NYG,JAXSON_DART_1_NFL,jaxson dart,passing_yards,103.5,-120,-120,111,True
4,LAC@NYG,THEO_JOHNSON_1_NFL,theo johnson,receiving_yards,18.5,-112,-116,17,True
4,LAC@NYG,WANDALE_ROBINSON_1_NFL,wandale robinson,receiving_yards,14.5,+313,-232,14,True
4,LAC@NYG,DEVIN_SINGLETARY_1_NFL,devin singletary,rushing_yards,15.5,-118,-109,28,True
4,LAC@NYG,DARIUS_SLAYTON_1_NFL,darius slayton,receiving_yards,18.5,-106,-125,44,True
4,LAC@NYG,ORONDE_GADSDEN_II_1_NFL,oronde gadsden,receiving_yards,16.5,+250,-350,16,True
4,LAC@NYG,TRE_HARRIS_1_NFL,tre harris,receiving_yards,8.5,-120,-107,0,True
4,LAC@NYG,TYLER_CONKLIN_1_NFL,tyler conklin,receiving_yards,5.5,-168,-104,3,True
4,CAR@NE,BRYCE_YOUNG_1_NFL,bryce young,rushing_yards,6.5,-106,-125,3,True
4,CAR@NE,CHUBA_HUBBARD_1_NFL,chuba hubbard,rushing_yards,48.5,-110,-120,49,True
4,CAR@NE,DRAKE_MAYE_1_NFL,drake maye,rushing_yards,10.5,-140,+106,11,True
4,CAR@NE,HUNTER_HENRY_1_NFL,hunter henry,receiving_yards,40.5,+145,-190,39,True
4,CAR@NE,STEFON_DIGGS_1_NFL,stefon diggs,receiving_yards,75.5,+200,-275,101,True
4,CAR@NE,TETAIROA_MCMILLAN_1_NFL,tetairoa mcmillan,receiving_yards,58.5,-120,-119,62,True
4,CAR@NE,KAYSHON_BOUTTE_1_NFL,kayshon boutte,receiving_yards,20.5,+230,-325,18,True
4,CAR@NE,TREVEYON_HENDERSON_1_NFL,treveyon henderson,receiving_yards,15.5,+260,-375,14,True
4,CAR@NE,RHAMONDRE_STEVENSON_1_NFL,rhamondre stevenson,rushing_yards,50.5,-130,+100,38,True
4,CAR@NE,BRYCEN_TREMAYNE_1_NFL,brycen tremayne,receiving_yards,12.5,-120,-130,36,True
4,CAR@NE,RICO_DOWDLE_1_NFL,rico dowdle,rushing_yards,25.5,+140,-180,32,True
4,CAR@NE,TOMMY_TREMBLE_1_NFL,tommy tremble,receiving_yards,36.5,-114,-114,42,True
4,CAR@NE,HUNTER_RENFROW_1_NFL,hunter renfrow,receiving_yards,10.5,+100,-130,10,True
4,CAR@NE,MACK_HOLLINS_1_NFL,mack hollins,receiving_yards,10.5,+475,-800,4,True
4,CAR@NE,DAVID_MOORE_1_NFL,david moore,receiving_yards,18.5,-114,-115,0,True
4,CAR@NE,AUSTIN_HOOPER_1_NFL,austin hooper,receiving_yards,25.5,+165,-225,24,True
4,CAR@NE,DEMARIO_DOUGLAS_1_NFL,demario douglas,receiving_yards,10.5,+700,-1300,0,True
4,CLE@DET,JOE_FLACCO_1_NFL,joe flacco,passing_yards,226.5,-114,-114,184,True
4,CLE@DET,JERRY_JEUDY_1_NFL,jerry jeudy,receiving_yards,55.5,-132,-109,48,True
4,CLE@DET,JARED_GOFF_1_NFL,jared goff,passing_yards,160.5,+122,-177,168,True
4,CLE@DET,DAVID_MONTGOMERY_1_NFL,david montgomery,rushing_yards,18.5,-115,-135,12,True
4,CLE@DET,JAHMYR_GIBBS_1_NFL,jahmyr gibbs,rushing_yards,90.5,+120,-160,91,True
4,CLE@DET,AMONRA_ST_BROWN_1_NFL,amonra st brown,receiving_yards,54.5,+100,-132,70,True
4,CLE@DET,JAMESON_WILLIAMS_1_NFL,jameson williams,receiving_yards,40.5,+600,-1100,40,True
4,CLE@DET,SAM_LAPORTA_1_NFL,sam laporta,receiving_yards,40.5,+500,-900,39,True
4,CLE@DET,DAVID_NJOKU_1_NFL,david njoku,receiving_yards,15.5,-130,-120,11,True
4,CLE@DET,CEDRIC_TILLMAN_1_NFL,cedric tillman,receiving_yards,30.5,-110,-120,6,True
4,CLE@DET,HAROLD_FANNIN_JR_1_NFL,harold fannin,receiving_yards,30.5,+105,-140,24,True
4,CLE@DET,JEROME_FORD_1_NFL,jerome ford,receiving_yards,10.5,-111,-114,4,True
4,CLE@DET,ISAAC_TESLAA_1_NFL,isaac teslaa,receiving_yards,0.5,-106,-125,0,True
4,CLE@DET,KALIF_RAYMOND_1_NFL,kalif raymond,receiving_yards,15.5,+1000,-2000,13,True
4,WAS@ATL,BIJAN_ROBINSON_1_NFL,bijan robinson,rushing_yards,83.5,-130,-120,75,True
4,WAS@ATL,MICHAEL_PENIX_JR_1_NFL,michael penix,rushing_yards,0.5,+120,-190,2,True
4,WAS@ATL,DRAKE_LONDON_1_NFL,drake london,receiving_yards,101.5,+230,-405,110,True
4,WAS@ATL,KYLE_PITTS_1_NFL,kyle pitts,receiving_yards,50.5,+185,-250,70,True
4,WAS@ATL,TERRY_MCLAURIN_1_NFL,terry mclaurin,receiving_yards,54.5,+100,+100,0,True
4,WAS@ATL,ZACH_ERTZ_1_NFL,zach ertz,receiving_yards,21.5,+109,-152,21,True
4,WAS@ATL,DARNELL_MOONEY_1_NFL,darnell mooney,receiving_yards,29.5,-120,-130,15,True
4,WAS@ATL,TYLER_ALLGEIER_1_NFL,tyler allgeier,rushing_yards,35.5,-115,-115,51,True
4,WAS@ATL,RAYRAY_MCCLOUD_III_1_NFL,rayray mccloud,receiving_yards,10.5,+150,-200,-7,True
4,WAS@ATL,DEEBO_SAMUEL_1_NFL,deebo samuel,receiving_yards,56.5,-112,-130,72,True
4,WAS@ATL,MARCUS_MARIOTA_1_NFL,marcus mariota,passing_yards,167.5,-108,-112,156,True
4,WAS@ATL,LUKE_MCCAFFREY_1_NFL,luke mccaffrey,receiving_yards,21.5,+175,-260,21,True
4,WAS@ATL,CHRIS_MOORE_1_NFL,chris moore,receiving_yards,0.5,+195,-320,0,True
4,WAS@ATL,JAYLIN_LANE_1_NFL,jaylin lane,receiving_yards,18.5,+260,-405,18,True
4,WAS@ATL,CHRIS_RODRIGUEZ_JR_1_NFL,chris rodriguez,rushing_yards,65.5,+120,-160,59,True
4,IND@LA,DANIEL_JONES_1_NFL,daniel jones,rushing_yards,5.5,-145,+110,-1,True
4,IND@LA,JONATHAN_TAYLOR_1_NFL,jonathan taylor,rushing_yards,68.5,-115,-115,76,True
4,IND@LA,KYREN_WILLIAMS_1_NFL,kyren williams,rushing_yards,80.5,+100,-130,77,True
4,IND@LA,MATTHEW_STAFFORD_1_NFL,matthew stafford,passing_yards,300.5,-120,-110,375,True
4,IND@LA,DAVANTE_ADAMS_1_NFL,davante adams,receiving_yards,59.5,-117,-112,56,True
4,IND@LA,MICHAEL_PITTMAN_1_NFL,michael pittman,receiving_yards,41.5,+150,-200,41,True
4,IND@LA,PUKA_NACUA_1_NFL,puka nacua,receiving_yards,185.5,-115,-115,170,True
4,IND@LA,TYLER_WARREN_1_NFL,tyler warren,receiving_yards,55.5,+175,-240,70,True
4,IND@LA,ALEC_PIERCE_1_NFL,alec pierce,receiving_yards,26.5,-115,-115,0,True
4,IND@LA,BLAKE_CORUM_1_NFL,blake corum,rushing_yards,25.5,-130,+100,21,True
4,IND@LA,TUTU_ATWELL_1_NFL,tutu atwell,receiving_yards,10.5,+220,-300,88,True
4,IND@LA,TYLER_HIGBEE_1_NFL,tyler higbee,receiving_yards,25.5,+190,-260,25,True
4,IND@LA,JOSH_DOWNS_1_NFL,josh downs,receiving_yards,24.5,+162,-190,24,True
4,IND@LA,JORDAN_WHITTINGTON_1_NFL,jordan whittington,receiving_yards,7.5,+230,-325,7,True
4,IND@LA,ADONAI_MITCHELL_1_NFL,adonai mitchell,receiving_yards,85.5,+300,-425,96,True
4,JAX@SF,CHRISTIAN_MCCAFFREY_1_NFL,christian mccaffrey,rushing_yards,55.5,+135,-175,49,True
4,JAX@SF,TRAVIS_ETIENNE_JR_1_NFL,travis etienne,rushing_yards,125.5,-120,-110,124,True
4,JAX@SF,TREVOR_LAWRENCE_1_NFL,trevor lawrence,rushing_yards,10.5,-125,-105,7,True
4,JAX@SF,BRIAN_THOMAS_1_NFL,brian thomas,receiving_yards,49.5,+240,-330,49,True
4,JAX@SF,TRAVIS_HUNTER_1_NFL,travis hunter,receiving_yards,42.5,+320,-485,42,True
4,JAX@SF,RICKY_PEARSALL_1_NFL,ricky pearsall,receiving_yards,50.5,-140,+105,46,True
4,JAX@SF,JORDAN_TRAVIS_1_NFL,jordan travis,rushing_yards,46.5,-114,-114,0,True
4,JAX@SF,BROCK_PURDY_1_NFL,brock purdy,passing_yards,339.5,-115,-115,309,True
4,JAX@SF,JAKE_TONGES_1_NFL,jake tonges,receiving_yards,58.5,+150,-200,58,True
4,JAX@SF,BHAYSHUL_TUTEN_1_NFL,bhayshul tuten,rushing_yards,15.5,+145,-190,14,True
4,JAX@SF,JAUAN_JENNINGS_1_NFL,jauan jennings,receiving_yards,24.5,+197,-267,24,True
4,JAX@SF,BRIAN_ROBINSON_1_NFL,brian robinson,rushing_yards,20.5,-118,-110,21,True
4,JAX@SF,BRENTON_STRANGE_1_NFL,brenton strange,receiving_yards,40.5,+330,-500,45,True
4,JAX@SF,KENDRICK_BOURNE_1_NFL,kendrick bourne,receiving_yards,10.5,-120,-110,17,True
4,JAX@SF,PARKER_WASHINGTON_1_NFL,parker washington,receiving_yards,0.5,+274,-406,0,True
4,JAX@SF,KYLE_JUSZCZYK_1_NFL,kyle juszczyk,receiving_yards,21.5,-120,-125,32,True
4,JAX@SF,LEQUINT_ALLEN_1_NFL,lequint allen,rushing_yards,0.5,+115,-150,0,True
4,BAL@KC,ISIAH_PACHECO_1_NFL,isiah pacheco,rushing_yards,38.5,-114,-119,34,True
4,BAL@KC,PATRICK_MAHOMES_1_NFL,patrick mahomes,rushing_yards,6.5,-108,-122,5,True
4,BAL@KC,TRAVIS_KELCE_1_NFL,travis kelce,receiving_yards,48.5,+100,-145,48,True
4,BAL@KC,LAMAR_JACKSON_1_NFL,lamar jackson,passing_yards,250.5,-115,-120,147,True
4,BAL@KC,DERRICK_HENRY_1_NFL,derrick henry,receiving_yards,20.5,+250,-350,16,True
4,BAL@KC,JUSTICE_HILL_1_NFL,justice hill,receiving_yards,36.5,-115,-120,41,True
4,BAL@KC,RASHOD_BATEMAN_1_NFL,rashod bateman,receiving_yards,36.5,-125,-115,24,True
4,BAL@KC,ZAY_FLOWERS_1_NFL,zay flowers,receiving_yards,66.5,-112,-118,74,True
4,BAL@KC,KAREEM_HUNT_1_NFL,kareem hunt,receiving_yards,6.5,-112,-116,13,True
4,BAL@KC,MARQUISE_BROWN_1_NFL,marquise brown,receiving_yards,23.5,+117,-187,38,True
4,BAL@KC,XAVIER_WORTHY_1_NFL,xavier worthy,receiving_yards,83.5,-109,-127,83,True
4,BAL@KC,JUJU_SMITHSCHUSTER_1_NFL,juju smithschuster,receiving_yards,36.5,+235,-360,36,True
4,BAL@KC,NOAH_GRAY_1_NFL,noah gray,receiving_yards,1.5,+245,-390,1,True
4,BAL@KC,DEANDRE_HOPKINS_1_NFL,deandre hopkins,receiving_yards,0.5,+110,-153,0,True
4,BAL@KC,TYQUAN_THORNTON_1_NFL,tyquan thornton,receiving_yards,11.5,+225,-350,11,True
4,BAL@KC,MARK_ANDREWS_1_NFL,mark andrews,receiving_yards,39.5,-120,-120,30,True
4,BAL@KC,ISAIAH_LIKELY_1_NFL,isaiah likely,receiving_yards,10.5,+140,-180,0,True
4,CHI@LV,ASHTON_JEANTY_1_NFL,ashton jeanty,rushing_yards,140.5,-110,-120,138,True
4,CHI@LV,CHRIS_WILLIAMS_1_NFL,chris williams,rushing_yards,5.5,+120,-160,13,True
4,CHI@LV,DANDRE_SWIFT_1_NFL,dandre swift,rushing_yards,27.5,-122,-108,38,True
4,CHI@LV,DJ_MOORE_1_NFL,dj moore,rushing_yards,3.5,+100,+100,0,True
4,CHI@LV,GENO_SMITH_1_NFL,geno smith,rushing_yards,32.5,-118,-112,31,True
4,CHI@LV,BROCK_BOWERS_1_NFL,brock bowers,receiving_yards,31.5,+195,-260,46,True
4,CHI@LV,DONTE_THORNTON_1_NFL,donte thornton,receiving_yards,10.5,+550,-1000,0,True
4,CHI@LV,JAKOBI_MEYERS_1_NFL,jakobi meyers,receiving_yards,30.5,+134,-176,30,True
4,CHI@LV,ROME_ODUNZE_1_NFL,rome odunze,receiving_yards,65.5,-125,-105,69,True
4,CHI@LV,TRE_TUCKER_1_NFL,tre tucker,receiving_yards,9.5,+250,-345,13,True
4,CHI@LV,COLE_KMET_1_NFL,cole kmet,receiving_yards,50.5,+115,-150,46,True
4,CHI@LV,OLAMIDE_ZACCHEAUS_1_NFL,olamide zaccheaus,receiving_yards,41.5,+100,-132,41,True
4,CHI@LV,LUTHER_BURDEN_III_1_NFL,luther burden,receiving_yards,10.5,+450,-750,-4,True
4,CHI@LV,KYLE_MONANGAI_1_NFL,kyle monangai,rushing_yards,18.5,+120,-160,18,True
4,CHI@LV,ZAMIR_WHITE_1_NFL,zamir white,receiving_yards,4.5,-110,-118,0,True
4,GB@DAL,DAK_PRESCOTT_1_NFL,dak prescott,rushing_yards,5.5,-108,-121,2,False
4,GB@DAL,JAVONTE_WILLIAMS_1_NFL,javonte williams,rushing_yards,55.5,+120,-160,85,False
4,GB@DAL,JORDAN_LOVE_1_NFL,jordan love,rushing_yards,5.5,-113,-119,28,False
4,GB@DAL,JOSH_JACOBS_1_NFL,josh jacobs,rushing_yards,75.5,-120,-120,86,False
4,GB@DAL,MATTHEW_GOLDEN_1_NFL,matthew golden,rushing_yards,5.5,+150,-320,5,False
4,GB@DAL,GEORGE_PICKENS_1_NFL,george pickens,receiving_yards,75.5,-140,+105,134,False
4,GB@DAL,JAKE_FERGUSON_1_NFL,jake ferguson,receiving_yards,33.5,+148,-200,40,False
4,GB@DAL,ROMEO_DOUBS_1_NFL,romeo doubs,receiving_yards,20.5,+150,-200,58,False
4,GB@DAL,TUCKER_KRAFT_1_NFL,tucker kraft,receiving_yards,60.5,+135,-175,56,False
4,GB@DAL,JALEN_TOLBERT_1_NFL,jalen tolbert,receiving_yards,10.5,+125,-165,61,False
4,GB@DAL,KAVONTAE_TURPIN_1_NFL,kavontae turpin,receiving_yards,30.5,-130,+100,30,False
4,GB@DAL,LUKE_SCHOONMAKER_1_NFL,luke schoonmaker,receiving_yards,1.5,+100,+100,8,False
4,GB@DAL,DONTAYVION_WICKS_1_NFL,dontayvion wicks,receiving_yards,10.5,+300,-425,19,False
4,GB@DAL,MILES_SANDERS_1_NFL,miles sanders,receiving_yards,10.5,+120,-160,17,False
4,GB@DAL,RYAN_FLOURNOY_1_NFL,ryan flournoy,receiving_yards,4.5,-118,+100,14,False
4,GB@DAL,MALIK_HEATH_1_NFL,malik heath,receiving_yards,0.5,+215,-297,9,False
4,GB@DAL,EMANUEL_WILSON_1_NFL,emanuel wilson,rushing_yards,6.5,-120,-110,44,False
4,NYJ@MIA,BREECE_HALL_1_NFL,breece hall,rushing_yards,81.5,+116,-154,81,True
4,NYJ@MIA,DEVON_ACHANE_1_NFL,devon achane,rushing_yards,70.5,+130,-170,99,True
4,NYJ@MIA,TUA_TAGOVAILOA_1_NFL,tua tagovailoa,rushing_yards,1.5,-112,-116,6,True
4,NYJ@MIA,GARRETT_WILSON_1_NFL,garrett wilson,receiving_yards,50.5,-105,-125,97,True
4,NYJ@MIA,JAYLEN_WADDLE_1_NFL,jaylen waddle,receiving_yards,48.5,+124,-166,48,True
4,NYJ@MIA,TYREEK_HILL_1_NFL,tyreek hill,receiving_yards,80.5,-120,-110,67,True
4,NYJ@MIA,MASON_TAYLOR_1_NFL,mason taylor,receiving_yards,65.5,+116,-154,65,True
4,NYJ@MIA,JUSTIN_FIELDS_1_NFL,justin fields,passing_yards,175.5,-115,-115,230,True
4,NYJ@MIA,OLLIE_GORDON_1_NFL,ollie gordon,rushing_yards,22.5,-115,-115,10,True
4,NYJ@MIA,BRAELON_ALLEN_1_NFL,braelon allen,rushing_yards,40.5,-120,-110,26,True
4,NYJ@MIA,MALIK_WASHINGTON_1_NFL,malik washington,receiving_yards,15.5,+115,-150,13,True
4,NYJ@MIA,DARREN_WALLER_1_NFL,darren waller,receiving_yards,27.5,+146,-198,27,True
4,NYJ@MIA,JOSH_REYNOLDS_1_NFL,josh reynolds,receiving_yards,10.5,+140,-180,0,True
4,NYJ@MIA,TYLER_JOHNSON_1_NFL,tyler johnson,receiving_yards,11.5,-110,-120,0,True
4,NYJ@MIA,NICK_WESTBROOKIKHINE_1_NFL,nick westbrookikhine,receiving_yards,10.5,+300,-425,1,True
4,NYJ@MIA,ALLEN_LAZARD_1_NFL,allen lazard,receiving_yards,10.5,+150,-200,8,True
5,SF@LA,MATTHEW_STAFFORD_1_NFL,matthew stafford,passing_yards,330.5,-125,-105,389,True
5,SF@LA,KYREN_WILLIAMS_1_NFL,kyren williams,receiving_yards,37.5,+185,-260,66,True
5,SF@LA,BLAKE_CORUM_1_NFL,blake corum,rushing_yards,15.5,-105,-125,13,True
5,SF@LA,DAVANTE_ADAMS_1_NFL,davante adams,receiving_yards,70.5,-120,-110,88,True
5,SF@LA,PUKA_NACUA_1_NFL,puka nacua,receiving_yards,77.5,-120,-115,85,True
5,SF@LA,JORDAN_WHITTINGTON_1_NFL,jordan whittington,receiving_yards,33.5,+260,-380,33,True
5,SF@LA,COLBY_PARKINSON_1_NFL,colby parkinson,receiving_yards,10.5,+280,-400,0,True
5,SF@LA,TYLER_HIGBEE_1_NFL,tyler higbee,receiving_yards,17.5,-114,-113,0,True
5,SF@LA,CHRISTIAN_MCCAFFREY_1_NFL,christian mccaffrey,receiving_yards,65.5,-120,-115,82,True
5,SF@LA,BROCK_PURDY_1_NFL,brock purdy,passing_yards,237.5,-114,-114,0,True
5,SF@LA,BRIAN_ROBINSON_1_NFL,brian robinson,rushing_yards,15.5,-165,+125,12,True
5,SF@LA,TUTU_ATWELL_1_NFL,tutu atwell,receiving_yards,35.5,+350,-550,72,True
5,SF@LA,MAC_JONES_1_NFL,mac jones,passing_yards,260.5,-115,-115,342,True
5,SF@LA,JAKE_TONGES_1_NFL,jake tonges,receiving_yards,25.5,+100,-130,41,True
5,SF@LA,KENDRICK_BOURNE_1_NFL,kendrick bourne,receiving_yards,135.5,-115,-120,142,True
5,SF@LA,KYLE_JUSZCZYK_1_NFL,kyle juszczyk,receiving_yards,10.5,+330,-500,21,True
5,SF@LA,LUKE_FARRELL_1_NFL,luke farrell,receiving_yards,5.5,-105,-107,8,True
5,SF@LA,DEMARCUS_ROBINSON_1_NFL,demarcus robinson,receiving_yards,39.5,+150,-206,39,True
5,SF@LA,SKYY_MOORE_1_NFL,skyy moore,receiving_yards,8.5,+100,+100,0,True
5,SF@LA,DAVIS_ALLEN_1_NFL,davis allen,receiving_yards,24.5,+365,-580,24,True
5,SF@LA,MARQUEZ_VALDESSCANTLING_1_NFL,marquez valdesscantling,receiving_yards,9.5,+185,-257,9,True
5,MIN@CLE,JORDAN_MASON_1_NFL,jordan mason,rushing_yards,60.5,-114,-114,52,True
5,MIN@CLE,JORDAN_ADDISON_1_NFL,jordan addison,receiving_yards,30.5,+220,-300,41,True
5,MIN@CLE,JUSTIN_JEFFERSON_1_NFL,justin jefferson,receiving_yards,115.5,+105,-140,123,True
5,MIN@CLE,TJ_HOCKENSON_1_NFL,tj hockenson,receiving_yards,15.5,-130,+100,37,True
5,MIN@CLE,DILLON_GABRIEL_1_NFL,dillon gabriel,passing_yards,165.5,-110,-120,190,True
5,MIN@CLE,JERRY_JEUDY_1_NFL,jerry jeudy,receiving_yards,15.5,+150,-200,15,True
5,MIN@CLE,DAVID_NJOKU_1_NFL,david njoku,receiving_yards,60.5,+145,-190,67,True
5,MIN@CLE,CARSON_WENTZ_1_NFL,carson wentz,passing_yards,195.5,-114,-114,235,True
5,MIN@CLE,ADAM_THIELEN_1_NFL,adam thielen,receiving_yards,10.5,+175,-240,0,True
5,MIN@CLE,HAROLD_FANNIN_JR_1_NFL,harold fannin,receiving_yards,15.5,+120,-160,13,True
5,MIN@CLE,JOE_FLACCO_1_NFL,joe flacco,passing_yards,172.5,+100,-121,0,True
5,MIN@CLE,JALEN_NAILOR_1_NFL,jalen nailor,receiving_yards,20.5,+145,-190,27,True
5,MIN@CLE,JAMARI_THRASH_1_NFL,jamari thrash,receiving_yards,9.5,-108,-120,22,True
5,MIN@CLE,ZAVIER_SCOTT_1_NFL,zavier scott,receiving_yards,10.5,+105,-140,0,True
5,MIN@CLE,JEROME_FORD_1_NFL,jerome ford,receiving_yards,10.5,+120,-160,20,True
5,NYG@NO,JAXSON_DART_1_NFL,jaxson dart,passing_yards,220.5,-120,-110,202,True
5,NYG@NO,SPENCER_RATTLER_1_NFL,spencer rattler,passing_yards,215.5,+115,-150,225,True
5,NYG@NO,ALVIN_KAMARA_1_NFL,alvin kamara,rushing_yards,35.5,+120,-160,27,True
5,NYG@NO,CHRIS_OLAVE_1_NFL,chris olave,receiving_yards,55.5,+150,-200,59,True
5,NYG@NO,JUWAN_JOHNSON_1_NFL,juwan johnson,receiving_yards,20.5,+280,-375,17,True
5,NYG@NO,THEO_JOHNSON_1_NFL,theo johnson,receiving_yards,17.5,+148,-198,33,True
5,NYG@NO,WANDALE_ROBINSON_1_NFL,wandale robinson,receiving_yards,38.5,-114,-114,30,True
5,NYG@NO,KENDRE_MILLER_1_NFL,kendre miller,rushing_yards,20.5,-105,-125,41,True
5,NYG@NO,RASHID_SHAHEED_1_NFL,rashid shaheed,receiving_yards,106.5,+140,-188,114,True
5,NYG@NO,BRANDIN_COOKS_1_NFL,brandin cooks,receiving_yards,10.5,+450,-750,5,True
5,NYG@NO,DARIUS_SLAYTON_1_NFL,darius slayton,receiving_yards,35.5,-110,-120,31,True
5,NYG@NO,DEVIN_SINGLETARY_1_NFL,devin singletary,rushing_yards,18.5,-112,-118,20,True
5,NYG@NO,JALIN_HYATT_1_NFL,jalin hyatt,receiving_yards,9.5,-112,-118,0,True
5,NYG@NO,TAYSOM_HILL_1_NFL,taysom hill,rushing_yards,9.5,-122,+100,-1,True
5,HOU@BAL,CJ_STROUD_1_NFL,cj stroud,passing_yards,210.5,-114,-114,244,True
5,HOU@BAL,DERRICK_HENRY_1_NFL,derrick henry,rushing_yards,25.5,-130,+100,33,True
5,HOU@BAL,DALTON_SCHULTZ_1_NFL,dalton schultz,receiving_yards,60.5,+120,-160,60,True
5,HOU@BAL,NICO_COLLINS_1_NFL,nico collins,receiving_yards,40.5,-130,+100,52,True
5,HOU@BAL,ZAY_FLOWERS_1_NFL,zay flowers,receiving_yards,47.5,+100,+100,72,True
5,HOU@BAL,CHRISTIAN_KIRK_1_NFL,christian kirk,receiving_yards,20.5,+175,-240,64,True
5,HOU@BAL,MARK_ANDREWS_1_NFL,mark andrews,receiving_yards,26.5,+100,+100,22,True
5,HOU@BAL,ISAIAH_LIKELY_1_NFL,isaiah likely,receiving_yards,12.5,-108,-122,12,True
5,HOU@BAL,JUSTICE_HILL_1_NFL,justice hill,receiving_yards,15.5,-110,-105,9,True
5,HOU@BAL,RASHOD_BATEMAN_1_NFL,rashod bateman,receiving_yards,10.5,+150,-200,0,True
5,HOU@BAL,COOPER_RUSH_1_NFL,cooper rush,passing_yards,179.5,+100,+100,179,True
5,HOU@BAL,NICK_CHUBB_1_NFL,nick chubb,rushing_yards,75.5,-110,-120,61,True
5,HOU@BAL,XAVIER_HUTCHINSON_1_NFL,xavier hutchinson,receiving_yards,14.5,+100,+100,18,True
5,HOU@BAL,DEANDRE_HOPKINS_1_NFL,deandre hopkins,receiving_yards,8.5,+100,+100,46,True
5,HOU@BAL,LAMAR_JACKSON_1_NFL,lamar jackson,passing_yards,178.5,-123,+106,0,True
5,HOU@BAL,JAYDEN_HIGGINS_1_NFL,jayden higgins,receiving_yards,7.5,+100,+100,32,True
5,DEN@PHI,JALEN_HURTS_1_NFL,jalen hurts,passing_yards,275.5,-120,-110,280,True
5,DEN@PHI,SAQUON_BARKLEY_1_NFL,saquon barkley,rushing_yards,84.5,+100,+100,30,True
5,DEN@PHI,AJ_BROWN_1_NFL,aj brown,receiving_yards,59.5,-114,-114,43,True
5,DEN@PHI,DALLAS_GOEDERT_1_NFL,dallas goedert,receiving_yards,32.5,-118,-110,19,True
5,DEN@PHI,DEVONTA_SMITH_1_NFL,devonta smith,receiving_yards,47.5,-118,-110,114,True
5,DEN@PHI,BO_NIX_1_NFL,bo nix,passing_yards,213.5,-114,-114,242,True
5,DEN@PHI,COURTLAND_SUTTON_1_NFL,courtland sutton,receiving_yards,57.5,+100,+100,99,True
5,DEN@PHI,EVAN_ENGRAM_1_NFL,evan engram,receiving_yards,22.5,+100,+100,33,True
5,DEN@PHI,TROY_FRANKLIN_1_NFL,troy franklin,receiving_yards,35.5,+106,-142,35,True
5,DEN@PHI,JK_DOBBINS_1_NFL,jk dobbins,rushing_yards,51.5,+100,+100,79,True
5,DEN@PHI,RJ_HARVEY_1_NFL,rj harvey,rushing_yards,15.5,+130,-170,12,True
5,DEN@PHI,JAHAN_DOTSON_1_NFL,jahan dotson,receiving_yards,8.5,-111,-116,24,True
5,DEN@PHI,MARVIN_MIMS_JR_1_NFL,marvin mims,receiving_yards,27.5,-118,-110,10,True
5,DEN@PHI,ADAM_TRAUTMAN_1_NFL,adam trautman,receiving_yards,5.5,+100,+100,11,True
5,MIA@CAR,BRYCE_YOUNG_1_NFL,bryce young,passing_yards,212.5,-114,-114,198,True
5,MIA@CAR,CHUBA_HUBBARD_1_NFL,chuba hubbard,rushing_yards,54.5,-107,+100,0,True
5,MIA@CAR,TETAIROA_MCMILLAN_1_NFL,tetairoa mcmillan,receiving_yards,63.5,+100,+100,73,True
5,MIA@CAR,TUA_TAGOVAILOA_1_NFL,tua tagovailoa,passing_yards,217.5,-114,-114,256,True
5,MIA@CAR,DEVON_ACHANE_1_NFL,devon achane,rushing_yards,67.5,-114,-114,16,True
5,MIA@CAR,JAYLEN_WADDLE_1_NFL,jaylen waddle,receiving_yards,62.5,+100,+100,110,True
5,MIA@CAR,DARREN_WALLER_1_NFL,darren waller,receiving_yards,32.5,+100,+100,78,True
5,MIA@CAR,JULIAN_HILL_1_NFL,julian hill,receiving_yards,0.5,+100,+100,22,True
5,MIA@CAR,MALIK_WASHINGTON_1_NFL,malik washington,receiving_yards,10.5,+400,-630,0,True
5,MIA@CAR,NICK_WESTBROOKIKHINE_1_NFL,nick westbrookikhine,receiving_yards,19.5,+100,+100,0,True
5,MIA@CAR,OLLIE_GORDON_1_NFL,ollie gordon,rushing_yards,24.5,-114,-114,-2,True
5,MIA@CAR,TOMMY_TREMBLE_1_NFL,tommy tremble,receiving_yards,27.5,+100,+100,7,True
5,MIA@CAR,HUNTER_RENFROW_1_NFL,hunter renfrow,receiving_yards,10.5,+175,-240,7,True
5,MIA@CAR,XAVIER_LEGETTE_1_NFL,xavier legette,receiving_yards,10.5,+145,-190,31,True
5,MIA@CAR,RICO_DOWDLE_1_NFL,rico dowdle,receiving_yards,14.5,+100,+100,28,True
5,MIA@CAR,TREVOR_ETIENNE_1_NFL,trevor etienne,rushing_yards,21.5,-114,-114,22,True
5,MIA@CAR,BRYCEN_TREMAYNE_1_NFL,brycen tremayne,receiving_yards,13.5,+100,+100,9,True
5,MIA@CAR,MITCHELL_EVANS_1_NFL,mitchell evans,receiving_yards,7.5,+100,+100,4,True
5,DAL@NYJ,DAK_PRESCOTT_1_NFL,dak prescott,passing_yards,235.5,-115,-115,237,True
5,DAL@NYJ,JAVONTE_WILLIAMS_1_NFL,javonte williams,rushing_yards,66.5,-117,-114,132,True
5,DAL@NYJ,GEORGE_PICKENS_1_NFL,george pickens,receiving_yards,68.5,-114,-117,57,True
5,DAL@NYJ,JAKE_FERGUSON_1_NFL,jake ferguson,receiving_yards,48.5,-118,-113,49,True
5,DAL@NYJ,JUSTIN_FIELDS_1_NFL,justin fields,passing_yards,183.5,-117,-114,283,True
5,DAL@NYJ,BREECE_HALL_1_NFL,breece hall,rushing_yards,71.5,-113,-118,113,True
5,DAL@NYJ,MASON_TAYLOR_1_NFL,mason taylor,receiving_yards,28.5,-117,-114,67,True
5,DAL@NYJ,GARRETT_WILSON_1_NFL,garrett wilson,receiving_yards,62.5,-115,-114,71,True
5,DAL@NYJ,JALEN_TOLBERT_1_NFL,jalen tolbert,receiving_yards,36.5,-117,-114,0,True
5,DAL@NYJ,JOSH_REYNOLDS_1_NFL,josh reynolds,receiving_yards,15.5,-112,-120,29,True
5,DAL@NYJ,ISAIAH_DAVIS_1_NFL,isaiah davis,receiving_yards,8.5,+100,+100,27,True
5,DAL@NYJ,LUKE_SCHOONMAKER_1_NFL,luke schoonmaker,receiving_yards,7.5,+100,+100,3,True
5,DAL@NYJ,RYAN_FLOURNOY_1_NFL,ryan flournoy,receiving_yards,16.5,-120,-110,114,True
5,DAL@NYJ,JAYDON_BLUE_1_NFL,jaydon blue,rushing_yards,12.5,+100,+100,7,True
5,LV@IND,DANIEL_JONES_1_NFL,daniel jones,passing_yards,232.5,-114,-114,212,True
5,LV@IND,GENO_SMITH_1_NFL,geno smith,passing_yards,230.5,+100,+100,228,True
5,LV@IND,ASHTON_JEANTY_1_NFL,ashton jeanty,rushing_yards,70.5,-125,-105,67,True
5,LV@IND,JONATHAN_TAYLOR_1_NFL,jonathan taylor,rushing_yards,90.5,+100,+100,66,True
5,LV@IND,TYLER_WARREN_1_NFL,tyler warren,rushing_yards,0.5,+100,+100,0,True
5,LV@IND,BROCK_BOWERS_1_NFL,brock bowers,receiving_yards,47.5,-114,-114,0,True
5,LV@IND,JAKOBI_MEYERS_1_NFL,jakobi meyers,receiving_yards,30.5,-125,-105,32,True
5,LV@IND,MICHAEL_PITTMAN_1_NFL,michael pittman,receiving_yards,56.5,+100,+100,39,True
5,LV@IND,DONTE_THORNTON_1_NFL,donte thornton,receiving_yards,28.5,+100,-107,0,True
5,LV@IND,TRE_TUCKER_1_NFL,tre tucker,receiving_yards,51.5,-112,-115,62,True
5,LV@IND,ALEC_PIERCE_1_NFL,alec pierce,receiving_yards,34.5,-120,-115,0,True
5,LV@IND,JOSH_DOWNS_1_NFL,josh downs,receiving_yards,54.5,+130,-174,54,True
5,LV@IND,ADONAI_MITCHELL_1_NFL,adonai mitchell,receiving_yards,15.5,+110,-145,0,True
5,LV@IND,MICHAEL_MAYER_1_NFL,michael mayer,receiving_yards,24.5,+135,,0,True
5,LV@IND,RAHEEM_MOSTERT_1_NFL,raheem mostert,rushing_yards,5.5,+115,-150,22,True
5,LV@IND,IAN_THOMAS_1_NFL,ian thomas,receiving_yards,10.5,+105,-140,20,True
5,LV@IND,ASHTON_DULIN_1_NFL,ashton dulin,receiving_yards,10.5,+100,+100,55,True
5,TEN@ARI,CAMERON_WARD_1_NFL,cameron ward,passing_yards,127.5,-118,-118,265,True
5,TEN@ARI,KYLER_MURRAY_1_NFL,kyler murray,passing_yards,220.5,-114,-114,220,True
5,TEN@ARI,TREY_BENSON_1_NFL,trey benson,rushing_yards,62.5,+100,+100,0,True
5,TEN@ARI,MARVIN_HARRISON_JR_1_NFL,marvin harrison,receiving_yards,53.5,-117,-114,98,True
5,TEN@ARI,TREY_MCBRIDE_1_NFL,trey mcbride,receiving_yards,60.5,-117,-113,41,True
5,TEN@ARI,CHIGOZIEM_OKONOKWO_1_NFL,chigoziem okonokwo,receiving_yards,25.5,-102,-135,48,True
5,TEN@ARI,CALVIN_RIDLEY_1_NFL,calvin ridley,receiving_yards,29.5,-115,-114,131,True
5,TEN@ARI,TONY_POLLARD_1_NFL,tony pollard,receiving_yards,9.5,-109,-122,11,True
5,TEN@ARI,MICHAEL_CARTER_1_NFL,michael carter,rushing_yards,44.5,-117,-114,51,True
5,TEN@ARI,ELIC_AYOMANOR_1_NFL,elic ayomanor,receiving_yards,37.5,-113,-118,18,True
5,TEN@ARI,CHIMERE_DIKE_1_NFL,chimere dike,receiving_yards,17.5,+160,-210,17,True
5,TEN@ARI,MACK_WILSON_1_NFL,mack wilson,receiving_yards,25.5,-117,-113,16,True
5,TEN@ARI,EMARI_DEMERCADO_1_NFL,emari demercado,receiving_yards,12.5,-114,-114,0,True
5,TEN@ARI,GREG_DORTCH_1_NFL,greg dortch,receiving_yards,7.5,-117,-114,12,True
5,TEN@ARI,TYJAE_SPEARS_1_NFL,tyjae spears,rushing_yards,17.5,-112,-120,14,True
5,TEN@ARI,TYLER_LOCKETT_1_NFL,tyler lockett,receiving_yards,14.5,-112,-120,6,True
5,TEN@ARI,GUNNAR_HELM_1_NFL,gunnar helm,receiving_yards,13.5,-112,-120,34,True
5,TEN@ARI,ZAY_JONES_1_NFL,zay jones,receiving_yards,10.5,-113,-117,8,True
5,TB@SEA,BAKER_MAYFIELD_1_NFL,baker mayfield,passing_yards,224.5,-114,-114,379,True
5,TB@SEA,SAM_DARNOLD_1_NFL,sam darnold,passing_yards,227.5,-114,-114,341,True
5,TB@SEA,BUCKY_IRVING_1_NFL,bucky irving,rushing_yards,67.5,+100,+100,0,True
5,TB@SEA,KENNETH_WALKER_III_1_NFL,kenneth walker,rushing_yards,49.5,-122,-106,86,True
5,TB@SEA,COOPER_KUPP_1_NFL,cooper kupp,receiving_yards,39.5,-114,-114,59,True
5,TB@SEA,EMEKA_EGBUKA_1_NFL,emeka egbuka,receiving_yards,61.5,-116,-111,163,True
5,TB@SEA,JAXON_SMITHNJIGBA_1_NFL,jaxon smithnjigba,receiving_yards,82.5,-120,-108,132,True
5,TB@SEA,CADE_OTTON_1_NFL,cade otton,receiving_yards,22.5,-114,-114,81,True
5,TB@SEA,CHRIS_GODWIN_1_NFL,chris godwin,receiving_yards,53.5,-114,-114,26,True
5,TB@SEA,AJ_BARNER_1_NFL,aj barner,receiving_yards,18.5,-115,-112,53,True
5,TB@SEA,TORY_HORTON_1_NFL,tory horton,receiving_yards,20.5,-108,-111,39,True
5,TB@SEA,RACHAAD_WHITE_1_NFL,rachaad white,receiving_yards,30.5,+105,-140,30,True
5,TB@SEA,ZACH_CHARBONNET_1_NFL,zach charbonnet,rushing_yards,40.5,+104,-137,36,True
5,TB@SEA,ELIJAH_ARROYO_1_NFL,elijah arroyo,receiving_yards,19.5,-110,-118,10,True
5,TB@SEA,SEAN_TUCKER_1_NFL,sean tucker,receiving_yards,2.5,+100,-112,-4,True
5,TB@SEA,STERLING_SHEPARD_1_NFL,sterling shepard,receiving_yards,23.5,-114,-114,24,True
5,WAS@LAC,JUSTIN_HERBERT_1_NFL,justin herbert,passing_yards,209.5,-114,-114,166,True
5,WAS@LAC,OMARION_HAMPTON_1_NFL,omarion hampton,rushing_yards,49.5,-119,-112,44,True
5,WAS@LAC,KEENAN_ALLEN_1_NFL,keenan allen,receiving_yards,59.5,-110,-120,58,True
5,WAS@LAC,LADD_MCCONKEY_1_NFL,ladd mcconkey,receiving_yards,39.5,-114,-114,39,True
5,WAS@LAC,QUENTIN_JOHNSTON_1_NFL,quentin johnston,receiving_yards,40.5,+100,-130,40,True
5,WAS@LAC,ZACH_ERTZ_1_NFL,zach ertz,receiving_yards,10.5,+300,-425,0,True
5,WAS@LAC,JAYDEN_DANIELS_1_NFL,jayden daniels,passing_yards,220.5,-140,+105,231,True
5,WAS@LAC,CHRIS_RODRIGUEZ_JR_1_NFL,chris rodriguez,rushing_yards,10.5,-140,+105,7,True
5,WAS@LAC,DEEBO_SAMUEL_1_NFL,deebo samuel,receiving_yards,80.5,+100,-130,96,True
5,WAS@LAC,CHRIS_MOORE_1_NFL,chris moore,receiving_yards,10.5,+500,-900,0,True
5,WAS@LAC,JAYLIN_LANE_1_NFL,jaylin lane,receiving_yards,20.5,+350,-550,16,True
5,WAS@LAC,LUKE_MCCAFFREY_1_NFL,luke mccaffrey,receiving_yards,50.5,+300,-425,50,True
5,WAS@LAC,ORONDE_GADSDEN_II_1_NFL,oronde gadsden,receiving_yards,10.5,+310,-450,14,True
5,WAS@LAC,JEREMY_MCNICHOLS_1_NFL,jeremy mcnichols,receiving_yards,10.5,+1000,-2000,12,True
5,DET@CIN,JARED_GOFF_1_NFL,jared goff,passing_yards,240.5,-140,+105,258,True
5,DET@CIN,DAVID_MONTGOMERY_1_NFL,david montgomery,rushing_yards,55.5,-150,+115,65,True
5,DET@CIN,JAHMYR_GIBBS_1_NFL,jahmyr gibbs,rushing_yards,60.5,-131,-101,54,True
5,DET@CIN,AMONRA_ST_BROWN_1_NFL,amonra st brown,receiving_yards,75.5,+110,-145,100,True
5,DET@CIN,JAMESON_WILLIAMS_1_NFL,jameson williams,receiving_yards,10.5,+110,-145,9,True
5,DET@CIN,SAM_LAPORTA_1_NFL,sam laporta,receiving_yards,95.5,+105,-140,92,True
5,DET@CIN,JAMARR_CHASE_1_NFL,jamarr chase,receiving_yards,50.5,+100,-130,110,True
5,DET@CIN,TEE_HIGGINS_1_NFL,tee higgins,receiving_yards,12.5,-114,-114,22,True
5,DET@CIN,CHASE_BROWN_1_NFL,chase brown,rushing_yards,30.5,+111,-148,27,True
5,DET@CIN,JAKE_BROWNING_1_NFL,jake browning,passing_yards,196.5,-115,-115,251,True
5,DET@CIN,NOAH_FANT_1_NFL,noah fant,receiving_yards,10.5,+110,-145,0,True
5,DET@CIN,ANDREI_IOSIVAS_1_NFL,andrei iosivas,receiving_yards,37.5,+108,-144,82,True
5,DET@CIN,MIKE_GESICKI_1_NFL,mike gesicki,receiving_yards,10.5,+135,-175,15,True
5,DET@CIN,ISAAC_TESLAA_1_NFL,isaac teslaa,receiving_yards,6.5,-114,-114,12,True
5,DET@CIN,KALIF_RAYMOND_1_NFL,kalif raymond,receiving_yards,10.5,+125,-165,0,True
5,DET@CIN,SAMAJE_PERINE_1_NFL,samaje perine,receiving_yards,3.5,+100,+100,2,True
5,NE@BUF,DRAKE_MAYE_1_NFL,drake maye,passing_yards,277.5,-117,-112,273,True
5,NE@BUF,JOSH_ALLEN_1_NFL,josh allen,passing_yards,261.5,-117,-112,253,True
5,NE@BUF,JAMES_COOK_1_NFL,james cook,rushing_yards,50.5,-120,-110,49,True
5,NE@BUF,DALTON_KINCAID_1_NFL,dalton kincaid,receiving_yards,115.5,-125,-105,108,True
5,NE@BUF,HUNTER_HENRY_1_NFL,hunter henry,receiving_yards,50.5,+150,-200,46,True
5,NE@BUF,KEON_COLEMAN_1_NFL,keon coleman,receiving_yards,10.5,-115,-115,23,True
5,NE@BUF,STEFON_DIGGS_1_NFL,stefon diggs,receiving_yards,143.5,-112,-117,146,True
5,NE@BUF,RHAMONDRE_STEVENSON_1_NFL,rhamondre stevenson,rushing_yards,10.5,-170,+130,14,True
5,NE@BUF,KHALIL_SHAKIR_1_NFL,khalil shakir,receiving_yards,40.5,-105,-125,45,True
5,NE@BUF,AUSTIN_HOOPER_1_NFL,austin hooper,receiving_yards,10.5,+700,-1300,0,True
5,NE@BUF,KAYSHON_BOUTTE_1_NFL,kayshon boutte,receiving_yards,25.5,+220,-300,43,True
5,NE@BUF,TREVEYON_HENDERSON_1_NFL,treveyon henderson,rushing_yards,29.5,-105,-125,24,True
5,NE@BUF,DAWSON_KNOX_1_NFL,dawson knox,receiving_yards,15.5,+220,-300,15,True
5,NE@BUF,DEMARIO_DOUGLAS_1_NFL,demario douglas,receiving_yards,10.5,+210,-285,17,True
5,NE@BUF,JOSH_PALMER_1_NFL,josh palmer,receiving_yards,25.5,+200,-275,36,True
5,NE@BUF,MACK_HOLLINS_1_NFL,mack hollins,receiving_yards,10.5,+550,-1000,0,True
5,NE@BUF,CURTIS_SAMUEL_1_NFL,curtis samuel,receiving_yards,26.5,+180,-250,26,True
5,NE@BUF,RAY_DAVIS_1_NFL,ray davis,rushing_yards,2.5,-112,-118,1,True
5,NE@BUF,TY_JOHNSON_1_NFL,ty johnson,rushing_yards,10.5,+110,-145,10,True
5,NE@BUF,ANTONIO_GIBSON_1_NFL,antonio gibson,rushing_yards,30.5,-120,-115,21,True
6,PHI@NYG,JALEN_HURTS_1_NFL,jalen hurts,passing_yards,285.5,-115,-115,283,True
6,PHI@NYG,JAXSON_DART_1_NFL,jaxson dart,passing_yards,220.5,-125,-105,195,True
6,PHI@NYG,SAQUON_BARKLEY_1_NFL,saquon barkley,rushing_yards,58.5,+115,-165,58,True
6,PHI@NYG,AJ_BROWN_1_NFL,aj brown,receiving_yards,90.5,-110,-120,80,True
6,PHI@NYG,DALLAS_GOEDERT_1_NFL,dallas goedert,receiving_yards,85.5,+105,-140,110,True
6,PHI@NYG,DEVONTA_SMITH_1_NFL,devonta smith,receiving_yards,58.5,-125,-115,49,True
6,PHI@NYG,WANDALE_ROBINSON_1_NFL,wandale robinson,receiving_yards,90.5,-105,-125,84,True
6,PHI@NYG,THEO_JOHNSON_1_NFL,theo johnson,receiving_yards,30.5,+145,-190,27,True
6,PHI@NYG,JAHAN_DOTSON_1_NFL,jahan dotson,receiving_yards,17.5,+245,-361,17,True
6,PHI@NYG,BEAUX_COLLINS_1_NFL,beaux collins,receiving_yards,10.5,+190,-260,0,True
6,PHI@NYG,TYRONE_TRACY_1_NFL,tyrone tracy,rushing_yards,7.5,-137,-137,6,True
6,PHI@NYG,DANIEL_BELLINGER_1_NFL,daniel bellinger,receiving_yards,10.5,+150,-200,0,True
6,PHI@NYG,JALIN_HYATT_1_NFL,jalin hyatt,receiving_yards,15.5,+210,-285,17,True
6,PHI@NYG,GRANT_CALCATERRA_1_NFL,grant calcaterra,receiving_yards,0.5,+100,+100,0,True
6,PHI@NYG,AJ_DILLON_1_NFL,aj dillon,rushing_yards,10.5,+125,-165,2,True
6,PHI@NYG,LILJORDAN_HUMPHREY_1_NFL,liljordan humphrey,receiving_yards,55.5,-137,-137,55,True
6,DEN@NYJ,BO_NIX_1_NFL,bo nix,passing_yards,180.5,-115,-115,174,True
6,DEN@NYJ,JUSTIN_FIELDS_1_NFL,justin fields,passing_yards,63.5,-108,-112,45,True
6,DEN@NYJ,BREECE_HALL_1_NFL,breece hall,rushing_yards,60.5,-124,-111,59,True
6,DEN@NYJ,JK_DOBBINS_1_NFL,jk dobbins,rushing_yards,40.5,+117,-152,40,True
6,DEN@NYJ,COURTLAND_SUTTON_1_NFL,courtland sutton,receiving_yards,17.5,+325,-500,17,True
6,DEN@NYJ,GARRETT_WILSON_1_NFL,garrett wilson,receiving_yards,10.5,-130,-110,13,True
6,DEN@NYJ,MASON_TAYLOR_1_NFL,mason taylor,receiving_yards,10.5,+150,-225,2,True
6,DEN@NYJ,TROY_FRANKLIN_1_NFL,troy franklin,receiving_yards,19.5,+260,-430,19,True
6,DEN@NYJ,RJ_HARVEY_1_NFL,rj harvey,rushing_yards,5.5,-175,+120,4,True
6,DEN@NYJ,EVAN_ENGRAM_1_NFL,evan engram,receiving_yards,42.5,+208,-304,42,True
6,DEN@NYJ,MARVIN_MIMS_JR_1_NFL,marvin mims,receiving_yards,10.5,+150,-225,30,True
6,DEN@NYJ,JOSH_REYNOLDS_1_NFL,josh reynolds,receiving_yards,25.5,+262,-412,25,True
6,DEN@NYJ,JEREMY_RUCKERT_1_NFL,jeremy ruckert,receiving_yards,10.5,+165,-255,0,True
6,DEN@NYJ,ADAM_TRAUTMAN_1_NFL,adam trautman,receiving_yards,10.5,+130,-195,0,True
6,DEN@NYJ,ISAIAH_DAVIS_1_NFL,isaiah davis,receiving_yards,10.5,+140,-210,-1,True
6,ARI@IND,DANIEL_JONES_1_NFL,daniel jones,passing_yards,225.5,-105,-125,212,True
6,ARI@IND,KYLER_MURRAY_1_NFL,kyler murray,passing_yards,216.5,-115,-113,0,True
6,ARI@IND,MICHAEL_CARTER_1_NFL,michael carter,rushing_yards,37.5,-108,-122,34,True
6,ARI@IND,MARVIN_HARRISON_JR_1_NFL,marvin harrison,receiving_yards,50.5,-125,-115,32,True
6,ARI@IND,MICHAEL_PITTMAN_1_NFL,michael pittman,receiving_yards,20.5,+104,-165,20,True
6,ARI@IND,TREY_MCBRIDE_1_NFL,trey mcbride,receiving_yards,76.5,-120,-110,72,True
6,ARI@IND,TYLER_WARREN_1_NFL,tyler warren,receiving_yards,70.5,-125,-115,63,True
6,ARI@IND,JONATHAN_TAYLOR_1_NFL,jonathan taylor,receiving_yards,14.5,+148,-200,14,True
6,ARI@IND,JOSH_DOWNS_1_NFL,josh downs,receiving_yards,40.5,-105,-135,42,True
6,ARI@IND,MACK_WILSON_1_NFL,mack wilson,receiving_yards,14.5,+150,-198,44,True
6,ARI@IND,ALEC_PIERCE_1_NFL,alec pierce,receiving_yards,50.5,+120,-175,48,True
6,ARI@IND,EMARI_DEMERCADO_1_NFL,emari demercado,receiving_yards,7.5,-107,-111,0,True
6,ARI@IND,JACOBY_BRISSETT_1_NFL,jacoby brissett,passing_yards,300.5,-125,-105,320,True
6,ARI@IND,ZONOVAN_KNIGHT_1_NFL,zonovan knight,rushing_yards,40.5,-120,-115,34,True
6,ARI@IND,GREG_DORTCH_1_NFL,greg dortch,receiving_yards,5.5,-120,-115,9,True
6,ARI@IND,ZAY_JONES_1_NFL,zay jones,receiving_yards,8.5,-104,-105,79,True
6,ARI@IND,ELIJAH_HIGGINS_1_NFL,elijah higgins,receiving_yards,13.5,-115,-115,34,True
6,NE@NO,DRAKE_MAYE_1_NFL,drake maye,passing_yards,234.5,-114,-114,261,True
6,NE@NO,SPENCER_RATTLER_1_NFL,spencer rattler,passing_yards,212.5,-114,-114,227,True
6,NE@NO,ALVIN_KAMARA_1_NFL,alvin kamara,receiving_yards,18.5,-116,-111,45,True
6,NE@NO,CHRIS_OLAVE_1_NFL,chris olave,receiving_yards,54.5,-125,-103,98,True
6,NE@NO,HUNTER_HENRY_1_NFL,hunter henry,receiving_yards,42.5,-114,-114,27,True
6,NE@NO,RASHID_SHAHEED_1_NFL,rashid shaheed,receiving_yards,46.5,-120,-108,28,True
6,NE@NO,STEFON_DIGGS_1_NFL,stefon diggs,receiving_yards,65.5,-114,-114,28,True
6,NE@NO,KAYSHON_BOUTTE_1_NFL,kayshon boutte,receiving_yards,65.5,+161,-233,93,True
6,NE@NO,RHAMONDRE_STEVENSON_1_NFL,rhamondre stevenson,receiving_yards,14.5,-119,-109,0,True
6,NE@NO,TREVEYON_HENDERSON_1_NFL,treveyon henderson,receiving_yards,17.5,-125,-103,9,True
6,NE@NO,AUSTIN_HOOPER_1_NFL,austin hooper,receiving_yards,10.5,-119,-112,5,True
6,NE@NO,KENDRE_MILLER_1_NFL,kendre miller,rushing_yards,31.5,-114,-114,21,True
6,NE@NO,BRANDIN_COOKS_1_NFL,brandin cooks,receiving_yards,15.5,-108,-120,21,True
6,NE@NO,JUWAN_JOHNSON_1_NFL,juwan johnson,receiving_yards,36.5,-114,-114,15,True
6,NE@NO,DEMARIO_DOUGLAS_1_NFL,demario douglas,receiving_yards,71.5,+284,-411,71,True
6,NE@NO,MACK_HOLLINS_1_NFL,mack hollins,receiving_yards,8.5,-114,-114,28,True
6,NE@NO,DEVAUGHN_VELE_1_NFL,devaughn vele,receiving_yards,10.5,+345,-650,0,True
6,NE@NO,TAYSOM_HILL_1_NFL,taysom hill,rushing_yards,14.5,-120,-108,1,True
6,SEA@JAX,SAM_DARNOLD_1_NFL,sam darnold,passing_yards,234.5,-105,-140,295,True
6,SEA@JAX,KENNETH_WALKER_III_1_NFL,kenneth walker,rushing_yards,36.5,-115,-115,34,True
6,SEA@JAX,COOPER_KUPP_1_NFL,cooper kupp,receiving_yards,40.5,+120,-175,40,True
6,SEA@JAX,JAXON_SMITHNJIGBA_1_NFL,jaxon smithnjigba,receiving_yards,162.5,+278,-427,162,True
6,SEA@JAX,TREVOR_LAWRENCE_1_NFL,trevor lawrence,passing_yards,291.5,-115,-110,258,True
6,SEA@JAX,BRIAN_THOMAS_1_NFL,brian thomas,receiving_yards,97.5,-115,-115,90,True
6,SEA@JAX,TRAVIS_ETIENNE_JR_1_NFL,travis etienne,receiving_yards,28.5,+125,-170,28,True
6,SEA@JAX,TRAVIS_HUNTER_1_NFL,travis hunter,receiving_yards,16.5,-105,-125,15,True
6,SEA@JAX,AJ_BARNER_1_NFL,aj barner,receiving_yards,10.5,+266,-444,71,True
6,SEA@JAX,TORY_HORTON_1_NFL,tory horton,receiving_yards,0.5,+630,-1830,0,True
6,SEA@JAX,HUNTER_LONG_1_NFL,hunter long,receiving_yards,19.5,+181,-170,19,True
6,SEA@JAX,DYAMI_BROWN_1_NFL,dyami brown,receiving_yards,13.5,+177,-240,13,True
6,SEA@JAX,ELIJAH_ARROYO_1_NFL,elijah arroyo,receiving_yards,6.5,+725,-2720,6,True
6,SEA@JAX,ZACH_CHARBONNET_1_NFL,zach charbonnet,receiving_yards,10.5,+155,-235,13,True
6,SEA@JAX,BHAYSHUL_TUTEN_1_NFL,bhayshul tuten,rushing_yards,14.5,+360,-565,14,True
6,SEA@JAX,PARKER_WASHINGTON_1_NFL,parker washington,receiving_yards,29.5,+194,-268,29,True
6,SEA@JAX,JORDAN_TRAVIS_1_NFL,jordan travis,rushing_yards,57.5,-114,-114,0,True
6,SEA@JAX,JOHNNY_MUNDT_1_NFL,johnny mundt,receiving_yards,15.5,+140,-210,14,True
6,LA@BAL,MATTHEW_STAFFORD_1_NFL,matthew stafford,passing_yards,185.5,-120,-110,181,True
6,LA@BAL,DERRICK_HENRY_1_NFL,derrick henry,rushing_yards,69.5,-114,-114,122,True
6,LA@BAL,PUKA_NACUA_1_NFL,puka nacua,rushing_yards,0.5,+124,-166,0,True
6,LA@BAL,DAVANTE_ADAMS_1_NFL,davante adams,receiving_yards,64.5,+100,+100,39,True
6,LA@BAL,ZAY_FLOWERS_1_NFL,zay flowers,receiving_yards,46.5,-125,-103,46,True
6,LA@BAL,KYREN_WILLIAMS_1_NFL,kyren williams,rushing_yards,60.5,-115,-125,50,True
6,LA@BAL,MARK_ANDREWS_1_NFL,mark andrews,receiving_yards,26.5,-116,-111,24,True
6,LA@BAL,JORDAN_WHITTINGTON_1_NFL,jordan whittington,receiving_yards,11.5,-117,-112,23,True
6,LA@BAL,BLAKE_CORUM_1_NFL,blake corum,rushing_yards,25.5,-114,-114,23,True
6,LA@BAL,JUSTICE_HILL_1_NFL,justice hill,receiving_yards,15.5,-145,+100,28,True
6,LA@BAL,RASHOD_BATEMAN_1_NFL,rashod bateman,receiving_yards,10.5,-115,-125,8,True
6,LA@BAL,ISAIAH_LIKELY_1_NFL,isaiah likely,receiving_yards,17.5,-114,-114,6,True
6,LA@BAL,COOPER_RUSH_1_NFL,cooper rush,passing_yards,140.5,+100,-130,72,True
6,LA@BAL,DEANDRE_HOPKINS_1_NFL,deandre hopkins,receiving_yards,11.5,-120,-108,20,True
6,LA@BAL,TYLER_HIGBEE_1_NFL,tyler higbee,receiving_yards,15.5,-114,-114,40,True
6,LA@BAL,TUTU_ATWELL_1_NFL,tutu atwell,receiving_yards,13.5,-102,-115,0,True
6,DAL@CAR,BRYCE_YOUNG_1_NFL,bryce young,passing_yards,204.5,-109,-113,199,True
6,DAL@CAR,DAK_PRESCOTT_1_NFL,dak prescott,passing_yards,307.5,-115,-115,261,True
6,DAL@CAR,JAVONTE_WILLIAMS_1_NFL,javonte williams,rushing_yards,40.5,-122,-112,29,True
6,DAL@CAR,GEORGE_PICKENS_1_NFL,george pickens,receiving_yards,179.5,-115,-115,168,True
6,DAL@CAR,JAKE_FERGUSON_1_NFL,jake ferguson,receiving_yards,37.5,-115,-115,33,True
6,DAL@CAR,TETAIROA_MCMILLAN_1_NFL,tetairoa mcmillan,receiving_yards,29.5,+165,-217,29,True
6,DAL@CAR,LUKE_SCHOONMAKER_1_NFL,luke schoonmaker,receiving_yards,8.5,-137,-137,8,True
6,DAL@CAR,RYAN_FLOURNOY_1_NFL,ryan flournoy,receiving_yards,30.5,+111,-152,30,True
6,DAL@CAR,JALEN_TOLBERT_1_NFL,jalen tolbert,receiving_yards,8.5,+147,-195,8,True
6,DAL@CAR,JALEN_COKER_1_NFL,jalen coker,receiving_yards,26.5,-115,-112,0,True
6,DAL@CAR,RICO_DOWDLE_1_NFL,rico dowdle,receiving_yards,60.5,+170,-265,56,True
6,DAL@CAR,XAVIER_LEGETTE_1_NFL,xavier legette,receiving_yards,15.5,+140,-210,11,True
6,DAL@CAR,HUNTER_RENFROW_1_NFL,hunter renfrow,receiving_yards,10.5,+200,-320,7,True
6,DAL@CAR,TOMMY_TREMBLE_1_NFL,tommy tremble,receiving_yards,25.5,+160,-245,39,True
6,DAL@CAR,JATAVION_SANDERS_1_NFL,jatavion sanders,receiving_yards,19.5,-107,-105,0,True
6,DAL@CAR,JAYDON_BLUE_1_NFL,jaydon blue,rushing_yards,5.5,+155,-235,0,True
6,DAL@CAR,BRYCEN_TREMAYNE_1_NFL,brycen tremayne,receiving_yards,5.5,+100,-101,0,True
6,DAL@CAR,TREVOR_ETIENNE_1_NFL,trevor etienne,receiving_yards,10.5,+580,-1400,0,True
6,DAL@CAR,JIMMY_HORN_JR_1_NFL,jimmy horn,receiving_yards,34.5,+270,-400,36,True
6,DAL@CAR,JAMES_MITCHELL_1_NFL,james mitchell,receiving_yards,0.5,+120,-155,0,True
6,LAC@MIA,JUSTIN_HERBERT_1_NFL,justin herbert,passing_yards,235.5,-115,-115,264,True
6,LAC@MIA,TUA_TAGOVAILOA_1_NFL,tua tagovailoa,passing_yards,195.5,-105,-125,205,True
6,LAC@MIA,DEVON_ACHANE_1_NFL,devon achane,rushing_yards,103.5,-108,-122,128,True
6,LAC@MIA,DARREN_WALLER_1_NFL,darren waller,receiving_yards,5.5,-112,-118,12,True
6,LAC@MIA,JAYLEN_WADDLE_1_NFL,jaylen waddle,receiving_yards,95.5,-107,-127,95,True
6,LAC@MIA,KEENAN_ALLEN_1_NFL,keenan allen,receiving_yards,27.5,+136,-182,27,True
6,LAC@MIA,LADD_MCCONKEY_1_NFL,ladd mcconkey,receiving_yards,58.5,+118,-158,100,True
6,LAC@MIA,QUENTIN_JOHNSTON_1_NFL,quentin johnston,receiving_yards,55.5,-113,-117,0,True
6,LAC@MIA,MALIK_WASHINGTON_1_NFL,malik washington,receiving_yards,16.5,-120,-110,22,True
6,LAC@MIA,NICK_WESTBROOKIKHINE_1_NFL,nick westbrookikhine,receiving_yards,0.5,+230,-325,0,True
6,LAC@MIA,JULIAN_HILL_1_NFL,julian hill,receiving_yards,10.5,+225,-325,31,True
6,LAC@MIA,HASSAN_HASKINS_1_NFL,hassan haskins,rushing_yards,24.5,-112,-118,14,True
6,LAC@MIA,KIMANI_VIDAL_1_NFL,kimani vidal,rushing_yards,28.5,-120,-108,124,True
6,LAC@MIA,OLLIE_GORDON_1_NFL,ollie gordon,rushing_yards,5.5,+700,-2000,1,True
6,LAC@MIA,ORONDE_GADSDEN_II_1_NFL,oronde gadsden,receiving_yards,54.5,+148,-200,68,True
6,LAC@MIA,WILL_DISSLY_1_NFL,will dissly,receiving_yards,18.5,+235,-325,18,True
6,LAC@MIA,KEANDRE_LAMBERTSMITH_1_NFL,keandre lambertsmith,receiving_yards,9.5,+100,-120,1,True
6,LAC@MIA,TRE_HARRIS_1_NFL,tre harris,receiving_yards,27.5,+225,-325,27,True
6,CLE@PIT,AARON_RODGERS_1_NFL,aaron rodgers,passing_yards,230.5,-110,-122,235,True
6,CLE@PIT,DILLON_GABRIEL_1_NFL,dillon gabriel,passing_yards,210.5,-130,+100,221,True
6,CLE@PIT,DAVID_NJOKU_1_NFL,david njoku,receiving_yards,40.5,-105,-135,28,True
6,CLE@PIT,DK_METCALF_1_NFL,dk metcalf,receiving_yards,95.5,+284,-456,95,True
6,CLE@PIT,JERRY_JEUDY_1_NFL,jerry jeudy,receiving_yards,43.5,+150,-230,43,True
6,CLE@PIT,HAROLD_FANNIN_JR_1_NFL,harold fannin,receiving_yards,57.5,+165,-245,81,True
6,CLE@PIT,JONNU_SMITH_1_NFL,jonnu smith,receiving_yards,11.5,+705,-1590,18,True
6,CLE@PIT,JAYLEN_WARREN_1_NFL,jaylen warren,rushing_yards,44.5,-114,-114,52,True
6,CLE@PIT,KENNETH_GAINWELL_1_NFL,kenneth gainwell,rushing_yards,26.5,-114,-114,22,True
6,CLE@PIT,PAT_FREIERMUTH_1_NFL,pat freiermuth,receiving_yards,11.5,+975,-3475,11,True
6,CLE@PIT,DARNELL_WASHINGTON_1_NFL,darnell washington,receiving_yards,50.5,+200,-320,62,True
6,CLE@PIT,SCOTTY_MILLER_1_NFL,scotty miller,receiving_yards,0.5,+1080,-5030,0,True
6,CLE@PIT,BEN_SKOWRONEK_1_NFL,ben skowronek,receiving_yards,7.5,-104,+100,0,True
6,CLE@PIT,JEROME_FORD_1_NFL,jerome ford,receiving_yards,7.5,+100,-110,13,True
6,TEN@LV,CAMERON_WARD_1_NFL,cameron ward,passing_yards,197.5,-110,-110,222,True
6,TEN@LV,ASHTON_JEANTY_1_NFL,ashton jeanty,rushing_yards,85.5,-135,-105,75,True
6,TEN@LV,TONY_POLLARD_1_NFL,tony pollard,rushing_yards,35.5,+105,-150,34,True
6,TEN@LV,CALVIN_RIDLEY_1_NFL,calvin ridley,receiving_yards,44.5,-112,-118,18,True
6,TEN@LV,ELIC_AYOMANOR_1_NFL,elic ayomanor,receiving_yards,10.5,+110,-160,27,True
6,TEN@LV,CHIGOZIEM_OKONOKWO_1_NFL,chigoziem okonokwo,receiving_yards,25.5,-112,-110,46,True
6,TEN@LV,GENO_SMITH_1_NFL,geno smith,passing_yards,175.5,-145,+110,174,True
6,TEN@LV,JAKOBI_MEYERS_1_NFL,jakobi meyers,receiving_yards,40.5,+215,-350,39,True
6,TEN@LV,TRE_TUCKER_1_NFL,tre tucker,receiving_yards,70.5,+285,-500,70,True
6,TEN@LV,TYJAE_SPEARS_1_NFL,tyjae spears,receiving_yards,6.5,+130,-166,19,True
6,TEN@LV,CHIMERE_DIKE_1_NFL,chimere dike,receiving_yards,8.5,+114,-150,8,True
6,TEN@LV,GUNNAR_HELM_1_NFL,gunnar helm,receiving_yards,10.5,-115,-125,15,True
6,TEN@LV,DONTE_THORNTON_1_NFL,donte thornton,receiving_yards,10.5,+900,-3000,0,True
6,TEN@LV,MICHAEL_MAYER_1_NFL,michael mayer,receiving_yards,50.5,+345,-650,50,True
6,TEN@LV,JACK_BECH_1_NFL,jack bech,receiving_yards,15.5,-110,+100,0,True
6,TEN@LV,TYLER_LOCKETT_1_NFL,tyler lockett,receiving_yards,10.5,+140,-210,0,True
6,TEN@LV,RAHEEM_MOSTERT_1_NFL,raheem mostert,rushing_yards,5.5,+115,-170,-4,True
6,TEN@LV,VAN_JEFFERSON_1_NFL,van jefferson,receiving_yards,43.5,+122,-163,75,True
6,CIN@GB,JORDAN_LOVE_1_NFL,jordan love,passing_yards,230.5,+135,-175,259,False
6,CIN@GB,CHASE_BROWN_1_NFL,chase brown,rushing_yards,42.5,+186,-267,42,False
6,CIN@GB,JOSH_JACOBS_1_NFL,josh jacobs,rushing_yards,91.5,-110,-120,93,False
6,CIN@GB,JAMARR_CHASE_1_NFL,jamarr chase,receiving_yards,65.5,-160,+110,94,False
6,CIN@GB,TEE_HIGGINS_1_NFL,tee higgins,receiving_yards,62.5,+171,-240,62,False
6,CIN@GB,TUCKER_KRAFT_1_NFL,tucker kraft,receiving_yards,24.5,+124,-166,43,False
6,CIN@GB,MATTHEW_GOLDEN_1_NFL,matthew golden,receiving_yards,55.5,+250,-425,86,False
6,CIN@GB,ROMEO_DOUBS_1_NFL,romeo doubs,receiving_yards,55.5,+338,-581,55,False
6,CIN@GB,JOE_FLACCO_1_NFL,joe flacco,passing_yards,191.5,-112,-108,219,False
6,CIN@GB,DONTAYVION_WICKS_1_NFL,dontayvion wicks,receiving_yards,15.5,+110,-160,15,False
6,CIN@GB,EMANUEL_WILSON_1_NFL,emanuel wilson,rushing_yards,15.5,-125,-115,11,False
6,CIN@GB,ANDREI_IOSIVAS_1_NFL,andrei iosivas,receiving_yards,10.5,+111,-155,5,False
6,CIN@GB,MIKE_GESICKI_1_NFL,mike gesicki,receiving_yards,15.5,-150,+105,0,False
6,CIN@GB,NOAH_FANT_1_NFL,noah fant,receiving_yards,16.5,+340,-605,27,False
6,CIN@GB,LUKE_MUSGRAVE_1_NFL,luke musgrave,receiving_yards,10.5,+190,-300,7,False
6,CIN@GB,MALIK_HEATH_1_NFL,malik heath,receiving_yards,10.5,+190,-300,0,False
6,CIN@GB,SAMAJE_PERINE_1_NFL,samaje perine,receiving_yards,10.5,+180,-280,16,False
6,CIN@GB,DREW_SAMPLE_1_NFL,drew sample,receiving_yards,10.5,+160,-245,-2,False
6,SF@TB,BAKER_MAYFIELD_1_NFL,baker mayfield,passing_yards,240.5,+115,-150,256,True
6,SF@TB,CHRISTIAN_MCCAFFREY_1_NFL,christian mccaffrey,rushing_yards,60.5,-120,-120,54,True
6,SF@TB,RACHAAD_WHITE_1_NFL,rachaad white,rushing_yards,65.5,-107,-130,65,True
6,SF@TB,CHRIS_GODWIN_1_NFL,chris godwin,receiving_yards,51.5,-105,-107,0,True
6,SF@TB,EMEKA_EGBUKA_1_NFL,emeka egbuka,receiving_yards,55.5,-115,-125,24,True
6,SF@TB,CADE_OTTON_1_NFL,cade otton,receiving_yards,55.5,+175,-275,51,True
6,SF@TB,STERLING_SHEPARD_1_NFL,sterling shepard,receiving_yards,55.5,+170,-265,51,True
6,SF@TB,MAC_JONES_1_NFL,mac jones,passing_yards,355.5,-115,-115,347,True
6,SF@TB,JAKE_TONGES_1_NFL,jake tonges,receiving_yards,58.5,-102,-127,58,True
6,SF@TB,SEAN_TUCKER_1_NFL,sean tucker,receiving_yards,10.5,+135,-200,0,True
6,SF@TB,RYAN_MILLER_1_NFL,ryan miller,receiving_yards,10.5,+270,-475,0,True
6,SF@TB,BRIAN_ROBINSON_1_NFL,brian robinson,rushing_yards,5.5,-160,+110,0,True
6,SF@TB,JAUAN_JENNINGS_1_NFL,jauan jennings,receiving_yards,15.5,+105,-150,7,True
6,SF@TB,KYLE_JUSZCZYK_1_NFL,kyle juszczyk,receiving_yards,10.5,+175,-275,9,True
6,SF@TB,DEMARCUS_ROBINSON_1_NFL,demarcus robinson,receiving_yards,45.5,+130,-195,44,True
6,SF@TB,KENDRICK_BOURNE_1_NFL,kendrick bourne,receiving_yards,142.5,-103,-152,142,True
6,SF@TB,LUKE_FARRELL_1_NFL,luke farrell,receiving_yards,10.5,+400,-800,0,True
6,SF@TB,MARQUEZ_VALDESSCANTLING_1_NFL,marquez valdesscantling,receiving_yards,19.5,+250,-371,22,True
6,DET@KC,JARED_GOFF_1_NFL,jared goff,passing_yards,240.5,-120,-110,203,True
6,DET@KC,DAVID_MONTGOMERY_1_NFL,david montgomery,rushing_yards,27.5,-120,-120,24,True
6,DET@KC,JAHMYR_GIBBS_1_NFL,jahmyr gibbs,rushing_yards,65.5,-195,+130,65,True
6,DET@KC,AMONRA_ST_BROWN_1_NFL,amonra st brown,receiving_yards,53.5,-120,-110,45,True
6,DET@KC,JAMESON_WILLIAMS_1_NFL,jameson williams,receiving_yards,66.5,+142,-185,66,True
6,DET@KC,SAM_LAPORTA_1_NFL,sam laporta,receiving_yards,55.5,-145,+100,55,True
6,DET@KC,PATRICK_MAHOMES_1_NFL,patrick mahomes,passing_yards,255.5,+185,-250,257,True
6,DET@KC,TRAVIS_KELCE_1_NFL,travis kelce,receiving_yards,70.5,+170,-265,78,True
6,DET@KC,XAVIER_WORTHY_1_NFL,xavier worthy,receiving_yards,20.5,+150,-225,20,True
6,DET@KC,ISIAH_PACHECO_1_NFL,isiah pacheco,rushing_yards,35.5,-125,+120,51,True
6,DET@KC,BRASHARD_SMITH_1_NFL,brashard smith,receiving_yards,10.5,+105,-150,21,True
6,DET@KC,KAREEM_HUNT_1_NFL,kareem hunt,receiving_yards,5.5,-102,-110,11,True
6,DET@KC,JUJU_SMITHSCHUSTER_1_NFL,juju smithschuster,receiving_yards,60.5,+380,-750,57,True
6,DET@KC,NOAH_GRAY_1_NFL,noah gray,receiving_yards,25.5,+600,-1500,25,True
6,DET@KC,MARQUISE_BROWN_1_NFL,marquise brown,receiving_yards,39.5,-110,-109,45,True
6,DET@KC,TYQUAN_THORNTON_1_NFL,tyquan thornton,receiving_yards,10.5,+135,-200,0,True
6,DET@KC,ISAAC_TESLAA_1_NFL,isaac teslaa,receiving_yards,10.5,+125,-185,0,True
6,DET@KC,KALIF_RAYMOND_1_NFL,kalif raymond,receiving_yards,10.5,+150,-225,0,True
6,DET@KC,BROCK_WRIGHT_1_NFL,brock wright,receiving_yards,0.5,+105,-145,0,True
6,BUF@ATL,JOSH_ALLEN_1_NFL,josh allen,passing_yards,195.5,-105,-125,169,True
6,BUF@ATL,MICHAEL_PENIX_JR_1_NFL,michael penix,passing_yards,225.5,-140,+105,250,True
6,BUF@ATL,BIJAN_ROBINSON_1_NFL,bijan robinson,rushing_yards,180.5,+100,-145,170,True
6,BUF@ATL,JAMES_COOK_1_NFL,james cook,rushing_yards,90.5,-125,-115,87,True
6,BUF@ATL,DALTON_KINCAID_1_NFL,dalton kincaid,receiving_yards,36.5,-115,-114,0,True
6,BUF@ATL,DRAKE_LONDON_1_NFL,drake london,receiving_yards,150.5,-145,+100,158,True
6,BUF@ATL,KEON_COLEMAN_1_NFL,keon coleman,receiving_yards,20.5,-145,+100,11,True
6,BUF@ATL,KHALIL_SHAKIR_1_NFL,khalil shakir,receiving_yards,45.5,+100,-145,33,True
6,BUF@ATL,KYLE_PITTS_1_NFL,kyle pitts,receiving_yards,20.5,+140,-210,18,True
6,BUF@ATL,TYLER_ALLGEIER_1_NFL,tyler allgeier,rushing_yards,25.5,+130,-195,32,True
6,BUF@ATL,CURTIS_SAMUEL_1_NFL,curtis samuel,receiving_yards,12.5,-118,+105,0,True
6,BUF@ATL,JOSH_PALMER_1_NFL,josh palmer,receiving_yards,65.5,-105,-135,60,True
6,BUF@ATL,DAWSON_KNOX_1_NFL,dawson knox,receiving_yards,20.5,-110,-130,19,True
6,BUF@ATL,CASEY_WASHINGTON_1_NFL,casey washington,receiving_yards,10.5,+285,-500,0,True
6,BUF@ATL,RAYRAY_MCCLOUD_III_1_NFL,rayray mccloud,receiving_yards,19.5,-113,-114,0,True
6,BUF@ATL,TY_JOHNSON_1_NFL,ty johnson,rushing_yards,7.5,-106,-109,5,True
6,BUF@ATL,JACKSON_HAWES_1_NFL,jackson hawes,receiving_yards,10.5,-123,-116,0,True
6,BUF@ATL,ELIJAH_MOORE_1_NFL,elijah moore,receiving_yards,10.5,+100,-145,0,True
6,BUF@ATL,KHADAREL_HODGE_1_NFL,khadarel hodge,receiving_yards,15.5,+100,+100,0,True
6,BUF@ATL,TYRELL_SHAVERS_1_NFL,tyrell shavers,receiving_yards,10.5,+180,-280,27,True
7,PIT@CIN,AARON_RODGERS_1_NFL,aaron rodgers,passing_yards,232.5,-112,-108,249,True
7,PIT@CIN,DK_METCALF_1_NFL,dk metcalf,receiving_yards,65.5,-105,-135,50,True
7,PIT@CIN,JAYLEN_WARREN_1_NFL,jaylen warren,receiving_yards,35.5,-125,-115,31,True
7,PIT@CIN,JOE_FLACCO_1_NFL,joe flacco,passing_yards,298.5,-110,-110,342,True
7,PIT@CIN,CHASE_BROWN_1_NFL,chase brown,rushing_yards,110.5,-130,-110,108,True
7,PIT@CIN,JAMARR_CHASE_1_NFL,jamarr chase,receiving_yards,125.5,-125,-115,161,True
7,PIT@CIN,TEE_HIGGINS_1_NFL,tee higgins,receiving_yards,70.5,-150,+105,96,True
7,PIT@CIN,NOAH_FANT_1_NFL,noah fant,receiving_yards,44.5,+165,-225,44,True
7,PIT@CIN,ANDREI_IOSIVAS_1_NFL,andrei iosivas,receiving_yards,50.5,+190,-300,49,True
7,PIT@CIN,KENNETH_GAINWELL_1_NFL,kenneth gainwell,rushing_yards,15.5,+125,-185,14,True
7,PIT@CIN,DARNELL_WASHINGTON_1_NFL,darnell washington,receiving_yards,10.5,-135,-105,2,True
7,PIT@CIN,JONNU_SMITH_1_NFL,jonnu smith,receiving_yards,30.5,-125,-115,28,True
7,PIT@CIN,SAMAJE_PERINE_1_NFL,samaje perine,rushing_yards,31.5,-110,-120,31,True
7,PIT@CIN,ROMAN_WILSON_1_NFL,roman wilson,receiving_yards,20.5,+145,-220,17,True
7,PIT@CIN,DREW_SAMPLE_1_NFL,drew sample,receiving_yards,7.5,-114,+100,0,True
7,PIT@CIN,PAT_FREIERMUTH_1_NFL,pat freiermuth,receiving_yards,40.5,+145,-220,111,True
7,PIT@CIN,CALVIN_AUSTIN_1_NFL,calvin austin,receiving_yards,12.5,-110,-120,0,True
7,PIT@CIN,SCOTTY_MILLER_1_NFL,scotty miller,receiving_yards,9.5,+330,-580,9,True
7,PIT@CIN,KALEB_JOHNSON_1_NFL,kaleb johnson,rushing_yards,17.5,-112,-103,0,True
7,LA@JAX,MATTHEW_STAFFORD_1_NFL,matthew stafford,passing_yards,160.5,+110,-145,182,True
7,LA@JAX,TREVOR_LAWRENCE_1_NFL,trevor lawrence,passing_yards,295.5,-115,-115,296,True
7,LA@JAX,KYREN_WILLIAMS_1_NFL,kyren williams,rushing_yards,59.5,-120,-115,54,True
7,LA@JAX,TRAVIS_ETIENNE_JR_1_NFL,travis etienne,rushing_yards,20.5,-110,-130,44,True
7,LA@JAX,BRIAN_THOMAS_1_NFL,brian thomas,receiving_yards,62.5,-115,-115,31,True
7,LA@JAX,TRAVIS_HUNTER_1_NFL,travis hunter,receiving_yards,38.5,-115,-115,101,True
7,LA@JAX,BHAYSHUL_TUTEN_1_NFL,bhayshul tuten,rushing_yards,5.5,-225,+150,22,True
7,LA@JAX,DYAMI_BROWN_1_NFL,dyami brown,receiving_yards,10.5,-125,-115,50,True
7,LA@JAX,TYLER_HIGBEE_1_NFL,tyler higbee,receiving_yards,19.5,-155,+120,19,True
7,LA@JAX,DAVANTE_ADAMS_1_NFL,davante adams,receiving_yards,79.5,-115,-115,35,True
7,LA@JAX,PARKER_WASHINGTON_1_NFL,parker washington,receiving_yards,17.5,-113,-115,52,True
7,LA@JAX,HUNTER_LONG_1_NFL,hunter long,receiving_yards,20.5,+100,-145,16,True
7,LA@JAX,JORDAN_WHITTINGTON_1_NFL,jordan whittington,receiving_yards,10.5,-110,-130,9,True
7,LA@JAX,TUTU_ATWELL_1_NFL,tutu atwell,receiving_yards,36.5,-115,-115,0,True
7,LA@JAX,BLAKE_CORUM_1_NFL,blake corum,rushing_yards,20.5,-108,-120,37,True
7,MIA@CLE,DILLON_GABRIEL_1_NFL,dillon gabriel,passing_yards,170.5,-114,-114,116,True
7,MIA@CLE,TUA_TAGOVAILOA_1_NFL,tua tagovailoa,passing_yards,185.5,-114,-114,100,True
7,MIA@CLE,DEVON_ACHANE_1_NFL,devon achane,rushing_yards,90.5,+110,-160,82,True
7,MIA@CLE,DARREN_WALLER_1_NFL,darren waller,receiving_yards,20.5,-115,-125,0,True
7,MIA@CLE,JAYLEN_WADDLE_1_NFL,jaylen waddle,receiving_yards,30.5,-125,-115,15,True
7,MIA@CLE,QUINSHON_JUDKINS_1_NFL,quinshon judkins,rushing_yards,115.5,-125,-115,84,True
7,MIA@CLE,OLLIE_GORDON_1_NFL,ollie gordon,rushing_yards,5.5,-105,-135,11,True
7,MIA@CLE,JERRY_JEUDY_1_NFL,jerry jeudy,receiving_yards,20.5,+160,-245,17,True
7,MIA@CLE,MALIK_WASHINGTON_1_NFL,malik washington,receiving_yards,17.5,-115,-112,30,True
7,MIA@CLE,ISAIAH_BOND_1_NFL,isaiah bond,receiving_yards,10.5,+140,-210,0,True
7,MIA@CLE,HAROLD_FANNIN_JR_1_NFL,harold fannin,receiving_yards,15.5,+115,-170,36,True
7,MIA@CLE,NICK_WESTBROOKIKHINE_1_NFL,nick westbrookikhine,receiving_yards,10.5,+135,-200,16,True
7,MIA@CLE,JULIAN_HILL_1_NFL,julian hill,receiving_yards,9.5,-116,-111,1,True
7,MIA@CLE,ZACH_WILSON_1_NFL,zach wilson,rushing_yards,0.5,+1500,-2800,0,True
7,MIA@CLE,JAMARI_THRASH_1_NFL,jamari thrash,receiving_yards,4.5,-107,-105,23,True
7,MIA@CLE,JEROME_FORD_1_NFL,jerome ford,rushing_yards,6.5,-110,-120,0,True
7,NO@CHI,SPENCER_RATTLER_1_NFL,spencer rattler,passing_yards,246.5,-112,-118,233,True
7,NO@CHI,ALVIN_KAMARA_1_NFL,alvin kamara,rushing_yards,30.5,-115,-125,28,True
7,NO@CHI,CHRIS_OLAVE_1_NFL,chris olave,receiving_yards,98.5,+120,-154,98,True
7,NO@CHI,CHRIS_WILLIAMS_1_NFL,chris williams,passing_yards,165.5,+100,-130,172,True
7,NO@CHI,DANDRE_SWIFT_1_NFL,dandre swift,rushing_yards,117.5,-128,-125,124,True
7,NO@CHI,ROME_ODUNZE_1_NFL,rome odunze,receiving_yards,35.5,+250,-425,31,True
7,NO@CHI,KENDRE_MILLER_1_NFL,kendre miller,rushing_yards,35.5,-130,-110,7,True
7,NO@CHI,RASHID_SHAHEED_1_NFL,rashid shaheed,receiving_yards,40.5,+165,-221,40,True
7,NO@CHI,JUWAN_JOHNSON_1_NFL,juwan johnson,receiving_yards,79.5,+134,-180,79,True
7,NO@CHI,DJ_MOORE_1_NFL,dj moore,receiving_yards,45.5,+380,-750,43,True
7,NO@CHI,COLE_KMET_1_NFL,cole kmet,receiving_yards,20.5,+285,-500,16,True
7,NO@CHI,OLAMIDE_ZACCHEAUS_1_NFL,olamide zaccheaus,receiving_yards,10.5,+210,-340,9,True
7,NO@CHI,KYLE_MONANGAI_1_NFL,kyle monangai,receiving_yards,0.5,+114,-130,13,True
7,NO@CHI,COLSTON_LOVELAND_1_NFL,colston loveland,receiving_yards,10.5,+150,-225,24,True
7,NO@CHI,LUTHER_BURDEN_III_1_NFL,luther burden,receiving_yards,10.5,+150,-225,22,True
7,NO@CHI,BRANDIN_COOKS_1_NFL,brandin cooks,receiving_yards,10.5,+295,-525,3,True
7,NO@CHI,DEVAUGHN_VELE_1_NFL,devaughn vele,receiving_yards,4.5,+100,+100,0,True
7,NO@CHI,FOSTER_MOREAU_1_NFL,foster moreau,receiving_yards,3.5,+100,+100,0,True
7,NO@CHI,TAYSOM_HILL_1_NFL,taysom hill,rushing_yards,8.5,-120,-110,-4,True
7,CAR@NYJ,BRYCE_YOUNG_1_NFL,bryce young,passing_yards,191.5,+112,-113,138,True
7,CAR@NYJ,JUSTIN_FIELDS_1_NFL,justin fields,passing_yards,129.5,-120,-120,46,True
7,CAR@NYJ,BREECE_HALL_1_NFL,breece hall,rushing_yards,40.5,-128,-128,38,True
7,CAR@NYJ,TETAIROA_MCMILLAN_1_NFL,tetairoa mcmillan,receiving_yards,53.5,-112,+100,33,True
7,CAR@NYJ,MASON_TAYLOR_1_NFL,mason taylor,receiving_yards,28.5,-115,-115,31,True
7,CAR@NYJ,RICO_DOWDLE_1_NFL,rico dowdle,rushing_yards,54.5,-124,+105,79,True
7,CAR@NYJ,JALEN_COKER_1_NFL,jalen coker,receiving_yards,10.5,+270,-475,0,True
7,CAR@NYJ,TOMMY_TREMBLE_1_NFL,tommy tremble,receiving_yards,10.5,+191,-265,0,True
7,CAR@NYJ,XAVIER_LEGETTE_1_NFL,xavier legette,receiving_yards,55.5,+550,-1300,92,True
7,CAR@NYJ,JATAVION_SANDERS_1_NFL,jatavion sanders,receiving_yards,10.5,+325,-600,0,True
7,CAR@NYJ,ISAIAH_DAVIS_1_NFL,isaiah davis,receiving_yards,7.5,+108,-115,22,True
7,CAR@NYJ,JEREMY_RUCKERT_1_NFL,jeremy ruckert,receiving_yards,0.5,+155,-185,0,True
7,CAR@NYJ,JOSH_REYNOLDS_1_NFL,josh reynolds,receiving_yards,29.5,+139,-181,29,True
7,CAR@NYJ,CHUBA_HUBBARD_1_NFL,chuba hubbard,receiving_yards,6.5,-112,-112,24,True
7,CAR@NYJ,ALLEN_LAZARD_1_NFL,allen lazard,receiving_yards,10.5,+155,-235,16,True
7,CAR@NYJ,TYLER_JOHNSON_1_NFL,tyler johnson,receiving_yards,60.5,+200,-275,60,True
7,CAR@NYJ,TYROD_TAYLOR_1_NFL,tyrod taylor,passing_yards,156.5,-115,-115,126,True
7,PHI@MIN,JALEN_HURTS_1_NFL,jalen hurts,passing_yards,200.5,+100,-112,326,True
7,PHI@MIN,JORDAN_MASON_1_NFL,jordan mason,rushing_yards,66.5,-128,+101,57,True
7,PHI@MIN,SAQUON_BARKLEY_1_NFL,saquon barkley,rushing_yards,50.5,-145,+100,44,True
7,PHI@MIN,AJ_BROWN_1_NFL,aj brown,receiving_yards,61.5,-112,-115,121,True
7,PHI@MIN,DALLAS_GOEDERT_1_NFL,dallas goedert,receiving_yards,41.5,-128,+101,18,True
7,PHI@MIN,DEVONTA_SMITH_1_NFL,devonta smith,receiving_yards,170.5,-120,-120,183,True
7,PHI@MIN,JORDAN_ADDISON_1_NFL,jordan addison,receiving_yards,48.5,-115,-120,128,True
7,PHI@MIN,JUSTIN_JEFFERSON_1_NFL,justin jefferson,receiving_yards,84.5,-112,-120,79,True
7,PHI@MIN,TJ_HOCKENSON_1_NFL,tj hockenson,receiving_yards,31.5,-114,-114,43,True
7,PHI@MIN,CARSON_WENTZ_1_NFL,carson wentz,passing_yards,227.5,-115,-115,313,True
7,PHI@MIN,JAHAN_DOTSON_1_NFL,jahan dotson,receiving_yards,9.5,-118,-110,0,True
7,PHI@MIN,JALEN_NAILOR_1_NFL,jalen nailor,receiving_yards,15.5,-120,-110,37,True
7,PHI@MIN,ZAVIER_SCOTT_1_NFL,zavier scott,rushing_yards,17.5,-122,-103,4,True
7,PHI@MIN,AJ_DILLON_1_NFL,aj dillon,rushing_yards,6.5,-107,-107,0,True
7,NE@TEN,DRAKE_MAYE_1_NFL,drake maye,passing_yards,228.5,-111,-105,222,True
7,NE@TEN,CAMERON_WARD_1_NFL,cameron ward,passing_yards,254.5,-114,-114,255,True
7,NE@TEN,RHAMONDRE_STEVENSON_1_NFL,rhamondre stevenson,rushing_yards,44.5,-107,-110,88,True
7,NE@TEN,TONY_POLLARD_1_NFL,tony pollard,rushing_yards,45.5,-105,-112,18,True
7,NE@TEN,HUNTER_HENRY_1_NFL,hunter henry,receiving_yards,36.5,-110,-110,33,True
7,NE@TEN,STEFON_DIGGS_1_NFL,stefon diggs,receiving_yards,51.5,-110,+110,69,True
7,NE@TEN,ELIC_AYOMANOR_1_NFL,elic ayomanor,receiving_yards,37.5,-110,-110,29,True
7,NE@TEN,CHIGOZIEM_OKONOKWO_1_NFL,chigoziem okonokwo,receiving_yards,10.5,+125,-185,0,True
7,NE@TEN,KAYSHON_BOUTTE_1_NFL,kayshon boutte,receiving_yards,55.5,+145,-220,55,True
7,NE@TEN,TREVEYON_HENDERSON_1_NFL,treveyon henderson,receiving_yards,13.5,-112,-101,0,True
7,NE@TEN,GUNNAR_HELM_1_NFL,gunnar helm,receiving_yards,16.5,-129,+102,36,True
7,NE@TEN,TYJAE_SPEARS_1_NFL,tyjae spears,receiving_yards,10.5,+147,-203,18,True
7,NE@TEN,AUSTIN_HOOPER_1_NFL,austin hooper,receiving_yards,3.5,+220,-300,11,True
7,NE@TEN,DEMARIO_DOUGLAS_1_NFL,demario douglas,receiving_yards,16.5,-118,-107,17,True
7,NE@TEN,MACK_HOLLINS_1_NFL,mack hollins,receiving_yards,14.5,+100,+100,49,True
7,NE@TEN,CHIMERE_DIKE_1_NFL,chimere dike,receiving_yards,16.5,-112,+100,70,True
7,NE@TEN,VAN_JEFFERSON_1_NFL,van jefferson,receiving_yards,22.5,-126,+100,41,True
7,NE@TEN,TYLER_LOCKETT_1_NFL,tyler lockett,receiving_yards,18.5,+170,-230,18,True
7,LV@KC,GENO_SMITH_1_NFL,geno smith,passing_yards,204.5,-110,-114,67,True
7,LV@KC,PATRICK_MAHOMES_1_NFL,patrick mahomes,passing_yards,310.5,-115,-115,286,True
7,LV@KC,ASHTON_JEANTY_1_NFL,ashton jeanty,rushing_yards,59.5,-112,-112,21,True
7,LV@KC,ISIAH_PACHECO_1_NFL,isiah pacheco,rushing_yards,45.5,-112,-115,57,True
7,LV@KC,XAVIER_WORTHY_1_NFL,xavier worthy,rushing_yards,0.5,+325,-475,13,True
7,LV@KC,JAKOBI_MEYERS_1_NFL,jakobi meyers,receiving_yards,53.5,+100,-130,0,True
7,LV@KC,TRAVIS_KELCE_1_NFL,travis kelce,receiving_yards,55.5,+160,-245,54,True
7,LV@KC,NOAH_GRAY_1_NFL,noah gray,receiving_yards,30.5,+140,-210,28,True
7,LV@KC,TRE_TUCKER_1_NFL,tre tucker,receiving_yards,25.5,-115,-125,33,True
7,LV@KC,RASHEE_RICE_1_NFL,rashee rice,receiving_yards,45.5,+135,-200,42,True
7,LV@KC,KAREEM_HUNT_1_NFL,kareem hunt,receiving_yards,2.5,+100,+105,0,True
7,LV@KC,BRASHARD_SMITH_1_NFL,brashard smith,receiving_yards,33.5,-110,-120,42,True
7,LV@KC,MARQUISE_BROWN_1_NFL,marquise brown,receiving_yards,24.5,-103,-105,14,True
7,LV@KC,TYQUAN_THORNTON_1_NFL,tyquan thornton,receiving_yards,59.5,-137,,39,True
7,LV@KC,JUJU_SMITHSCHUSTER_1_NFL,juju smithschuster,receiving_yards,14.5,+125,-113,35,True
7,LV@KC,MICHAEL_MAYER_1_NFL,michael mayer,receiving_yards,15.5,-130,-110,10,True
7,LV@KC,RAHEEM_MOSTERT_1_NFL,raheem mostert,rushing_yards,10.5,-111,-115,0,True
7,LV@KC,JACK_BECH_1_NFL,jack bech,receiving_yards,10.5,+105,-150,13,True
7,LV@KC,DONTE_THORNTON_1_NFL,donte thornton,receiving_yards,16.5,+100,+100,0,True
7,LV@KC,IAN_THOMAS_1_NFL,ian thomas,receiving_yards,2.5,+100,+100,0,True
7,NYG@DEN,BO_NIX_1_NFL,bo nix,passing_yards,202.5,-120,-115,279,True
7,NYG@DEN,JAXSON_DART_1_NFL,jaxson dart,passing_yards,267.5,-125,-120,283,True
7,NYG@DEN,JK_DOBBINS_1_NFL,jk dobbins,rushing_yards,82.5,-120,-115,81,True
7,NYG@DEN,COURTLAND_SUTTON_1_NFL,courtland sutton,receiving_yards,79.5,-120,-115,87,True
7,NYG@DEN,WANDALE_ROBINSON_1_NFL,wandale robinson,receiving_yards,76.5,+300,-510,95,True
7,NYG@DEN,THEO_JOHNSON_1_NFL,theo johnson,receiving_yards,25.5,+150,-225,66,True
7,NYG@DEN,EVAN_ENGRAM_1_NFL,evan engram,receiving_yards,10.5,-160,+110,42,True
7,NYG@DEN,CAMERON_SKATTEBO_1_NFL,cameron skattebo,receiving_yards,34.5,+530,-1280,34,True
7,NYG@DEN,TROY_FRANKLIN_1_NFL,troy franklin,receiving_yards,17.5,-120,-115,19,True
7,NYG@DEN,JALEEL_MCLAUGHLIN_1_NFL,jaleel mclaughlin,rushing_yards,0.5,+635,-1325,0,True
7,NYG@DEN,MARVIN_MIMS_JR_1_NFL,marvin mims,receiving_yards,18.5,+100,-135,85,True
7,NYG@DEN,RJ_HARVEY_1_NFL,rj harvey,receiving_yards,2.5,-125,-120,2,True
7,NYG@DEN,ADAM_TRAUTMAN_1_NFL,adam trautman,receiving_yards,0.5,+305,-460,0,True
7,NYG@DEN,LILJORDAN_HUMPHREY_1_NFL,liljordan humphrey,receiving_yards,10.5,+850,-2800,0,True
7,NYG@DEN,JALIN_HYATT_1_NFL,jalin hyatt,receiving_yards,10.5,+215,-350,0,True
7,NYG@DEN,TYRONE_TRACY_1_NFL,tyrone tracy,receiving_yards,0.5,+1010,-19905,0,True
7,IND@LAC,DANIEL_JONES_1_NFL,daniel jones,passing_yards,275.5,+125,-165,288,True
7,IND@LAC,JUSTIN_HERBERT_1_NFL,justin herbert,passing_yards,429.5,-112,-112,420,True
7,IND@LAC,JONATHAN_TAYLOR_1_NFL,jonathan taylor,rushing_yards,101.5,-110,-120,94,True
7,IND@LAC,MICHAEL_PITTMAN_1_NFL,michael pittman,receiving_yards,60.5,+240,-400,58,True
7,IND@LAC,TYLER_WARREN_1_NFL,tyler warren,receiving_yards,70.5,+205,-330,69,True
7,IND@LAC,KIMANI_VIDAL_1_NFL,kimani vidal,rushing_yards,20.5,+155,-235,20,True
7,IND@LAC,HASSAN_HASKINS_1_NFL,hassan haskins,receiving_yards,3.5,+100,+100,2,True
7,IND@LAC,ORONDE_GADSDEN_II_1_NFL,oronde gadsden,receiving_yards,164.5,+150,-200,164,True
7,IND@LAC,LADD_MCCONKEY_1_NFL,ladd mcconkey,receiving_yards,67.5,+122,-162,67,True
7,IND@LAC,KEENAN_ALLEN_1_NFL,keenan allen,receiving_yards,119.5,+113,-151,119,True
7,IND@LAC,QUENTIN_JOHNSTON_1_NFL,quentin johnston,receiving_yards,7.5,+115,-150,30,True
7,IND@LAC,ALEC_PIERCE_1_NFL,alec pierce,receiving_yards,85.5,+380,-750,98,True
7,IND@LAC,WILL_DISSLY_1_NFL,will dissly,receiving_yards,10.5,+195,-310,0,True
7,IND@LAC,ADONAI_MITCHELL_1_NFL,adonai mitchell,receiving_yards,10.5,+550,-1300,8,True
7,GB@ARI,JORDAN_LOVE_1_NFL,jordan love,passing_yards,200.5,-115,-115,179,False
7,GB@ARI,JOSH_JACOBS_1_NFL,josh jacobs,rushing_yards,47.5,-125,-115,55,False
7,GB@ARI,MATTHEW_GOLDEN_1_NFL,matthew golden,rushing_yards,0.5,+335,-510,0,False
7,GB@ARI,TUCKER_KRAFT_1_NFL,tucker kraft,receiving_yards,40.5,-170,+115,58,False
7,GB@ARI,TREY_MCBRIDE_1_NFL,trey mcbride,receiving_yards,75.5,-110,-126,74,False
7,GB@ARI,ROMEO_DOUBS_1_NFL,romeo doubs,receiving_yards,72.5,-110,-125,72,False
7,GB@ARI,ZONOVAN_KNIGHT_1_NFL,zonovan knight,rushing_yards,57.5,-105,-130,57,False
7,GB@ARI,EMANUEL_WILSON_1_NFL,emanuel wilson,rushing_yards,15.5,-120,-105,17,False
7,GB@ARI,MARVIN_HARRISON_JR_1_NFL,marvin harrison,receiving_yards,58.5,+102,-140,58,False
7,GB@ARI,JACOBY_BRISSETT_1_NFL,jacoby brissett,passing_yards,266.5,-120,-120,279,False
7,GB@ARI,MACK_WILSON_1_NFL,mack wilson,receiving_yards,32.5,+200,-270,40,False
7,GB@ARI,DONTAYVION_WICKS_1_NFL,dontayvion wicks,receiving_yards,12.5,-115,-120,5,False
7,GB@ARI,ZAY_JONES_1_NFL,zay jones,receiving_yards,43.5,+210,-325,67,False
7,GB@ARI,CHRIS_BROOKS_1_NFL,chris brooks,rushing_yards,24.5,-250,,0,False
7,WAS@DAL,DAK_PRESCOTT_1_NFL,dak prescott,passing_yards,270.5,-120,-110,264,True
7,WAS@DAL,JAVONTE_WILLIAMS_1_NFL,javonte williams,rushing_yards,115.5,-115,-122,116,True
7,WAS@DAL,JACORY_MERRITT_1_NFL,jacory merritt,rushing_yards,40.5,-130,-110,33,True
7,WAS@DAL,JAYDEN_DANIELS_1_NFL,jayden daniels,rushing_yards,55.5,-135,-105,35,True
7,WAS@DAL,CEEDEE_LAMB_1_NFL,ceedee lamb,receiving_yards,110.5,+250,-425,110,True
7,WAS@DAL,GEORGE_PICKENS_1_NFL,george pickens,receiving_yards,92.5,-125,-110,82,True
7,WAS@DAL,JAKE_FERGUSON_1_NFL,jake ferguson,receiving_yards,30.5,+210,-340,29,True
7,WAS@DAL,LUKE_SCHOONMAKER_1_NFL,luke schoonmaker,receiving_yards,0.5,+235,-325,0,True
7,WAS@DAL,ZACH_ERTZ_1_NFL,zach ertz,receiving_yards,41.5,-114,-114,37,True
7,WAS@DAL,DEEBO_SAMUEL_1_NFL,deebo samuel,receiving_yards,59.5,-115,+100,0,True
7,WAS@DAL,JEREMY_MCNICHOLS_1_NFL,jeremy mcnichols,receiving_yards,27.5,-115,-115,23,True
7,WAS@DAL,LUKE_MCCAFFREY_1_NFL,luke mccaffrey,receiving_yards,10.5,+115,-170,0,True
7,WAS@DAL,JAYLIN_LANE_1_NFL,jaylin lane,receiving_yards,60.5,-110,-120,60,True
7,WAS@DAL,CHRIS_MOORE_1_NFL,chris moore,receiving_yards,59.5,-105,-125,59,True
7,WAS@DAL,JAYDON_BLUE_1_NFL,jaydon blue,rushing_yards,10.5,-125,-105,29,True
7,WAS@DAL,JALEN_TOLBERT_1_NFL,jalen tolbert,receiving_yards,10.5,+800,-2500,16,True
7,WAS@DAL,KAVONTAE_TURPIN_1_NFL,kavontae turpin,receiving_yards,20.5,+550,-1300,17,True
7,WAS@DAL,RYAN_FLOURNOY_1_NFL,ryan flournoy,receiving_yards,10.5,+850,-2800,0,True
7,WAS@DAL,JOHN_BATES_1_NFL,john bates,receiving_yards,5.5,-137,-137,5,True
7,WAS@DAL,CHRIS_RODRIGUEZ_JR_1_NFL,chris rodriguez,rushing_yards,10.5,+100,+100,12,True
7,WAS@DAL,MARCUS_MARIOTA_1_NFL,marcus mariota,passing_yards,120.5,-124,-122,63,True
7,ATL@SF,CHRISTIAN_MCCAFFREY_1_NFL,christian mccaffrey,rushing_yards,121.5,-125,-105,129,True
7,ATL@SF,BIJAN_ROBINSON_1_NFL,bijan robinson,rushing_yards,45.5,-120,-120,40,True
7,ATL@SF,DRAKE_LONDON_1_NFL,drake london,receiving_yards,48.5,-120,-110,42,True
7,ATL@SF,KYLE_PITTS_1_NFL,kyle pitts,receiving_yards,63.5,-115,-115,62,True
7,ATL@SF,MICHAEL_PENIX_JR_1_NFL,michael penix,passing_yards,266.5,-108,-112,241,True
7,ATL@SF,GEORGE_KITTLE_1_NFL,george kittle,receiving_yards,10.5,+190,-300,0,True
7,ATL@SF,JAUAN_JENNINGS_1_NFL,jauan jennings,receiving_yards,31.5,+250,-345,31,True
7,ATL@SF,MAC_JONES_1_NFL,mac jones,passing_yards,150.5,-120,-110,152,True
7,ATL@SF,KYLE_JUSZCZYK_1_NFL,kyle juszczyk,receiving_yards,5.5,-109,-112,10,True
7,ATL@SF,KENDRICK_BOURNE_1_NFL,kendrick bourne,receiving_yards,14.5,+240,-330,14,True
7,ATL@SF,TYLER_ALLGEIER_1_NFL,tyler allgeier,receiving_yards,0.5,+127,-170,0,True
7,ATL@SF,JAKE_TONGES_1_NFL,jake tonges,receiving_yards,5.5,-115,+100,0,True
7,ATL@SF,BRIAN_ROBINSON_1_NFL,brian robinson,rushing_yards,25.5,+100,-145,36,True
7,ATL@SF,DEMARCUS_ROBINSON_1_NFL,demarcus robinson,receiving_yards,10.5,+155,-235,0,True
7,ATL@SF,DARNELL_MOONEY_1_NFL,darnell mooney,receiving_yards,50.5,+104,-140,68,True
7,ATL@SF,CASEY_WASHINGTON_1_NFL,casey washington,receiving_yards,10.5,+210,-340,17,True
7,TB@DET,BAKER_MAYFIELD_1_NFL,baker mayfield,passing_yards,224.5,-125,-120,228,True
7,TB@DET,JARED_GOFF_1_NFL,jared goff,passing_yards,245.5,-130,+100,241,True
7,TB@DET,DAVID_MONTGOMERY_1_NFL,david montgomery,rushing_yards,43.5,-114,-114,21,True
7,TB@DET,JAHMYR_GIBBS_1_NFL,jahmyr gibbs,rushing_yards,57.5,-120,-108,136,True
7,TB@DET,RACHAAD_WHITE_1_NFL,rachaad white,rushing_yards,49.5,-114,-114,38,True
7,TB@DET,AMONRA_ST_BROWN_1_NFL,amonra st brown,receiving_yards,90.5,+145,-220,86,True
7,TB@DET,JAMESON_WILLIAMS_1_NFL,jameson williams,receiving_yards,10.5,+400,-800,0,True
7,TB@DET,SAM_LAPORTA_1_NFL,sam laporta,receiving_yards,15.5,+215,-350,15,True
7,TB@DET,CADE_OTTON_1_NFL,cade otton,receiving_yards,65.5,-122,-117,65,True
7,TB@DET,MIKE_EVANS_1_NFL,mike evans,receiving_yards,49.5,-120,-115,0,True
7,TB@DET,STERLING_SHEPARD_1_NFL,sterling shepard,receiving_yards,25.5,-119,-121,25,True
7,TB@DET,SEAN_TUCKER_1_NFL,sean tucker,rushing_yards,5.5,-210,+140,4,True
7,TB@DET,KAMERON_JOHNSON_1_NFL,kameron johnson,receiving_yards,10.5,+145,-220,0,True
7,TB@DET,EMEKA_EGBUKA_1_NFL,emeka egbuka,receiving_yards,33.5,-120,-125,58,True
7,TB@DET,ISAAC_TESLAA_1_NFL,isaac teslaa,receiving_yards,10.5,+105,-150,0,True
7,TB@DET,KALIF_RAYMOND_1_NFL,kalif raymond,receiving_yards,15.5,+139,-204,17,True
7,TB@DET,BROCK_WRIGHT_1_NFL,brock wright,receiving_yards,1.5,+100,+100,23,True
8,MIN@LAC,JUSTIN_HERBERT_1_NFL,justin herbert,passing_yards,245.5,+100,-135,227,True
8,MIN@LAC,JORDAN_ADDISON_1_NFL,jordan addison,receiving_yards,35.5,-165,+110,26,True
8,MIN@LAC,JUSTIN_JEFFERSON_1_NFL,justin jefferson,receiving_yards,95.5,-110,-130,74,True
8,MIN@LAC,QUENTIN_JOHNSTON_1_NFL,quentin johnston,receiving_yards,10.5,+450,-1100,0,True
8,MIN@LAC,LADD_MCCONKEY_1_NFL,ladd mcconkey,receiving_yards,90.5,+175,-285,88,True
8,MIN@LAC,KEENAN_ALLEN_1_NFL,keenan allen,receiving_yards,45.5,+175,-285,44,True
8,MIN@LAC,ORONDE_GADSDEN_II_1_NFL,oronde gadsden,receiving_yards,80.5,+165,-265,77,True
8,MIN@LAC,TJ_HOCKENSON_1_NFL,tj hockenson,receiving_yards,20.5,-155,+105,26,True
8,MIN@LAC,CARSON_WENTZ_1_NFL,carson wentz,passing_yards,190.5,-105,-125,144,True
8,MIN@LAC,JALEN_NAILOR_1_NFL,jalen nailor,receiving_yards,10.5,+125,-190,0,True
8,MIN@LAC,JORDAN_MASON_1_NFL,jordan mason,receiving_yards,5.5,-115,-118,3,True
8,MIN@LAC,KIMANI_VIDAL_1_NFL,kimani vidal,receiving_yards,10.5,+355,-750,10,True
8,MIN@LAC,TRE_HARRIS_1_NFL,tre harris,receiving_yards,8.5,-108,-110,8,True
8,MIN@LAC,HASSAN_HASKINS_1_NFL,hassan haskins,rushing_yards,11.5,+180,-250,0,True
8,MIN@LAC,ZAVIER_SCOTT_1_NFL,zavier scott,rushing_yards,19.5,+130,-170,16,True
8,MIN@LAC,ADAM_THIELEN_1_NFL,adam thielen,receiving_yards,4.5,+100,-106,0,True
8,MIN@LAC,JOSH_OLIVER_1_NFL,josh oliver,receiving_yards,2.5,+100,+100,0,True
8,MIN@LAC,AARON_JONES_1_NFL,aaron jones,rushing_yards,15.5,-115,-125,15,True
8,MIN@LAC,NYHEIM_HINES_1_NFL,nyheim hines,rushing_yards,5.5,+425,-1000,-2,True
8,CLE@NE,DILLON_GABRIEL_1_NFL,dillon gabriel,passing_yards,160.5,-117,-115,156,True
8,CLE@NE,DRAKE_MAYE_1_NFL,drake maye,passing_yards,225.5,-108,-110,282,True
8,CLE@NE,QUINSHON_JUDKINS_1_NFL,quinshon judkins,rushing_yards,25.5,-155,+105,19,True
8,CLE@NE,HUNTER_HENRY_1_NFL,hunter henry,receiving_yards,33.5,-114,-114,7,True
8,CLE@NE,STEFON_DIGGS_1_NFL,stefon diggs,receiving_yards,15.5,+140,-215,14,True
8,CLE@NE,DEMARIO_DOUGLAS_1_NFL,demario douglas,receiving_yards,19.5,-112,-115,44,True
8,CLE@NE,KAYSHON_BOUTTE_1_NFL,kayshon boutte,receiving_yards,75.5,+255,-475,75,True
8,CLE@NE,RHAMONDRE_STEVENSON_1_NFL,rhamondre stevenson,receiving_yards,10.5,-116,-111,15,True
8,CLE@NE,MACK_HOLLINS_1_NFL,mack hollins,receiving_yards,13.5,-111,-111,89,True
8,CLE@NE,JERRY_JEUDY_1_NFL,jerry jeudy,receiving_yards,45.5,-115,-112,0,True
8,CLE@NE,ISAIAH_BOND_1_NFL,isaiah bond,receiving_yards,26.5,-115,-112,0,True
8,CLE@NE,JAMARI_THRASH_1_NFL,jamari thrash,receiving_yards,9.5,+100,-105,31,True
8,CLE@NE,TREVEYON_HENDERSON_1_NFL,treveyon henderson,receiving_yards,9.5,-114,-114,0,True
8,CLE@NE,DAVID_NJOKU_1_NFL,david njoku,receiving_yards,27.5,-112,-115,37,True
8,CLE@NE,HAROLD_FANNIN_JR_1_NFL,harold fannin,receiving_yards,32.5,-114,-114,62,True
8,CLE@NE,JEROME_FORD_1_NFL,jerome ford,receiving_yards,10.5,+165,-265,-1,True
8,CLE@NE,AUSTIN_HOOPER_1_NFL,austin hooper,receiving_yards,38.5,-137,-137,38,True
8,NYJ@CIN,JOE_FLACCO_1_NFL,joe flacco,passing_yards,239.5,-125,-125,223,True
8,NYJ@CIN,BREECE_HALL_1_NFL,breece hall,rushing_yards,67.5,-111,-113,133,True
8,NYJ@CIN,CHASE_BROWN_1_NFL,chase brown,rushing_yards,55.5,-135,-101,73,True
8,NYJ@CIN,JAMARR_CHASE_1_NFL,jamarr chase,receiving_yards,85.5,-111,-113,91,True
8,NYJ@CIN,TEE_HIGGINS_1_NFL,tee higgins,receiving_yards,55.5,-130,-110,44,True
8,NYJ@CIN,NOAH_FANT_1_NFL,noah fant,receiving_yards,23.5,-113,+110,41,True
8,NYJ@CIN,ANDREI_IOSIVAS_1_NFL,andrei iosivas,receiving_yards,18.5,-110,-105,0,True
8,NYJ@CIN,SAMAJE_PERINE_1_NFL,samaje perine,rushing_yards,23.5,-109,-109,94,True
8,NYJ@CIN,TYROD_TAYLOR_1_NFL,tyrod taylor,passing_yards,170.5,-114,-115,0,True
8,NYJ@CIN,MASON_TAYLOR_1_NFL,mason taylor,receiving_yards,27.5,+112,-148,34,True
8,NYJ@CIN,JUSTIN_FIELDS_1_NFL,justin fields,passing_yards,167.5,-110,+108,244,True
8,NYJ@CIN,ALLEN_LAZARD_1_NFL,allen lazard,receiving_yards,5.5,+227,-326,5,True
8,NYJ@CIN,TYLER_JOHNSON_1_NFL,tyler johnson,receiving_yards,64.5,+158,-213,64,True
8,NYJ@CIN,ISAIAH_DAVIS_1_NFL,isaiah davis,receiving_yards,35.5,+175,-285,44,True
8,NYJ@CIN,LEONARD_TAYLOR_1_NFL,leonard taylor,receiving_yards,28.5,-115,-115,0,True
8,NYJ@CIN,JEREMY_RUCKERT_1_NFL,jeremy ruckert,receiving_yards,24.5,-137,-137,24,True
8,NYJ@CIN,TANNER_HUDSON_1_NFL,tanner hudson,receiving_yards,10.5,-125,-115,9,True
8,NYG@PHI,SAQUON_BARKLEY_1_NFL,saquon barkley,receiving_yards,15.5,-117,+115,24,True
8,NYG@PHI,AJ_BROWN_1_NFL,aj brown,receiving_yards,66.5,-116,-114,0,True
8,NYG@PHI,JALEN_HURTS_1_NFL,jalen hurts,passing_yards,203.5,-118,-110,179,True
8,NYG@PHI,DEVONTA_SMITH_1_NFL,devonta smith,receiving_yards,85.5,+135,-205,84,True
8,NYG@PHI,JAXSON_DART_1_NFL,jaxson dart,passing_yards,197.5,-114,-114,193,True
8,NYG@PHI,CAMERON_SKATTEBO_1_NFL,cameron skattebo,receiving_yards,21.5,-112,-115,18,True
8,NYG@PHI,DALLAS_GOEDERT_1_NFL,dallas goedert,receiving_yards,51.5,-108,-111,28,True
8,NYG@PHI,WANDALE_ROBINSON_1_NFL,wandale robinson,receiving_yards,20.5,+100,-145,48,True
8,NYG@PHI,THEO_JOHNSON_1_NFL,theo johnson,receiving_yards,31.5,-109,-110,20,True
8,NYG@PHI,DARIUS_SLAYTON_1_NFL,darius slayton,receiving_yards,35.5,-114,-114,26,True
8,NYG@PHI,TYRONE_TRACY_1_NFL,tyrone tracy,rushing_yards,38.5,-105,-127,39,True
8,NYG@PHI,JAHAN_DOTSON_1_NFL,jahan dotson,receiving_yards,15.5,+105,-155,40,True
8,NYG@PHI,GRANT_CALCATERRA_1_NFL,grant calcaterra,receiving_yards,10.5,+155,-245,0,True
8,NYG@PHI,DANIEL_BELLINGER_1_NFL,daniel bellinger,receiving_yards,10.5,+100,-145,21,True
8,NYG@PHI,LILJORDAN_HUMPHREY_1_NFL,liljordan humphrey,receiving_yards,8.5,+100,+100,0,True
8,CHI@BAL,CHRIS_WILLIAMS_1_NFL,chris williams,passing_yards,256.5,-110,-110,285,True
8,CHI@BAL,DERRICK_HENRY_1_NFL,derrick henry,rushing_yards,87.5,-113,-113,71,True
8,CHI@BAL,DJ_MOORE_1_NFL,dj moore,rushing_yards,3.5,-129,-118,3,True
8,CHI@BAL,ROME_ODUNZE_1_NFL,rome odunze,receiving_yards,55.5,-105,-103,114,True
8,CHI@BAL,ZAY_FLOWERS_1_NFL,zay flowers,receiving_yards,57.5,+200,-270,63,True
8,CHI@BAL,DANDRE_SWIFT_1_NFL,dandre swift,receiving_yards,15.5,-110,-108,26,True
8,CHI@BAL,OLAMIDE_ZACCHEAUS_1_NFL,olamide zaccheaus,receiving_yards,22.5,-111,-113,33,True
8,CHI@BAL,LAMAR_JACKSON_1_NFL,lamar jackson,passing_yards,224.5,-115,-114,0,True
8,CHI@BAL,MARK_ANDREWS_1_NFL,mark andrews,receiving_yards,25.5,-112,-111,34,True
8,CHI@BAL,JUSTICE_HILL_1_NFL,justice hill,receiving_yards,13.5,-116,-108,0,True
8,CHI@BAL,COLSTON_LOVELAND_1_NFL,colston loveland,receiving_yards,34.5,+111,-121,38,True
8,CHI@BAL,ISAIAH_LIKELY_1_NFL,isaiah likely,receiving_yards,18.5,-113,-112,8,True
8,CHI@BAL,KYLE_MONANGAI_1_NFL,kyle monangai,rushing_yards,30.5,-109,-116,24,True
8,CHI@BAL,DEANDRE_HOPKINS_1_NFL,deandre hopkins,receiving_yards,13.5,-124,-120,14,True
8,CHI@BAL,RASHOD_BATEMAN_1_NFL,rashod bateman,receiving_yards,17.5,-168,-115,51,True
8,CHI@BAL,LUTHER_BURDEN_III_1_NFL,luther burden,receiving_yards,18.5,-110,-114,-1,True
8,CHI@BAL,TYLER_HUNTLEY_1_NFL,tyler huntley,passing_yards,169.5,-111,-111,186,True
8,SF@HOU,CHRISTIAN_MCCAFFREY_1_NFL,christian mccaffrey,rushing_yards,68.5,-109,-112,25,True
8,SF@HOU,GEORGE_KITTLE_1_NFL,george kittle,receiving_yards,55.5,-130,-110,43,True
8,SF@HOU,CJ_STROUD_1_NFL,cj stroud,passing_yards,350.5,-120,-110,318,True
8,SF@HOU,MAC_JONES_1_NFL,mac jones,passing_yards,175.5,-110,-120,193,True
8,SF@HOU,DALTON_SCHULTZ_1_NFL,dalton schultz,receiving_yards,30.5,-105,-140,24,True
8,SF@HOU,NICK_CHUBB_1_NFL,nick chubb,receiving_yards,13.5,+145,-190,13,True
8,SF@HOU,JAYDEN_HIGGINS_1_NFL,jayden higgins,receiving_yards,33.5,-110,-113,34,True
8,SF@HOU,JAYLIN_NOEL_1_NFL,jaylin noel,receiving_yards,34.5,-127,+101,63,True
8,SF@HOU,XAVIER_HUTCHINSON_1_NFL,xavier hutchinson,receiving_yards,70.5,+145,-225,69,True
8,SF@HOU,JOQUAVIOUS_MARKS_1_NFL,joquavious marks,receiving_yards,55.5,+175,-285,49,True
8,SF@HOU,JAUAN_JENNINGS_1_NFL,jauan jennings,receiving_yards,45.5,+120,-165,45,True
8,SF@HOU,KENDRICK_BOURNE_1_NFL,kendrick bourne,receiving_yards,35.5,+137,-173,44,True
8,SF@HOU,DEMARCUS_ROBINSON_1_NFL,demarcus robinson,receiving_yards,10.5,+255,-475,5,True
8,SF@HOU,BRAXTON_BERRIOS_1_NFL,braxton berrios,receiving_yards,35.5,+125,-190,38,True
8,SF@HOU,BRIAN_ROBINSON_1_NFL,brian robinson,rushing_yards,14.5,-196,+100,0,True
8,SF@HOU,KYLE_JUSZCZYK_1_NFL,kyle juszczyk,receiving_yards,10.5,+175,-285,4,True
8,BUF@CAR,JOSH_ALLEN_1_NFL,josh allen,passing_yards,180.5,-120,-110,163,True
8,BUF@CAR,JAMES_COOK_1_NFL,james cook,rushing_yards,235.5,-145,+100,216,True
8,BUF@CAR,DALTON_KINCAID_1_NFL,dalton kincaid,receiving_yards,25.5,+160,-255,23,True
8,BUF@CAR,KHALIL_SHAKIR_1_NFL,khalil shakir,receiving_yards,48.5,-111,-113,88,True
8,BUF@CAR,TETAIROA_MCMILLAN_1_NFL,tetairoa mcmillan,receiving_yards,100.5,-110,-130,99,True
8,BUF@CAR,ANDY_DALTON_1_NFL,andy dalton,passing_yards,210.5,-113,+112,175,True
8,BUF@CAR,CHUBA_HUBBARD_1_NFL,chuba hubbard,rushing_yards,41.5,-111,-113,34,True
8,BUF@CAR,RICO_DOWDLE_1_NFL,rico dowdle,rushing_yards,50.5,-114,+100,54,True
8,BUF@CAR,KEON_COLEMAN_1_NFL,keon coleman,receiving_yards,41.5,-111,-113,30,True
8,BUF@CAR,XAVIER_LEGETTE_1_NFL,xavier legette,receiving_yards,17.5,+212,-289,17,True
8,BUF@CAR,JALEN_COKER_1_NFL,jalen coker,receiving_yards,36.5,+262,-373,36,True
8,BUF@CAR,JATAVION_SANDERS_1_NFL,jatavion sanders,receiving_yards,10.5,+215,-375,19,True
8,BUF@CAR,TOMMY_TREMBLE_1_NFL,tommy tremble,receiving_yards,10.5,+225,-400,4,True
8,BUF@CAR,TYRELL_SHAVERS_1_NFL,tyrell shavers,receiving_yards,10.5,+195,-330,0,True
8,BUF@CAR,ELIJAH_MOORE_1_NFL,elijah moore,receiving_yards,10.5,+155,-245,14,True
8,BUF@CAR,JIMMY_HORN_JR_1_NFL,jimmy horn,receiving_yards,7.5,-109,+100,0,True
8,BUF@CAR,CURTIS_SAMUEL_1_NFL,curtis samuel,receiving_yards,10.5,+285,-550,0,True
8,BUF@CAR,DAWSON_KNOX_1_NFL,dawson knox,receiving_yards,15.5,+385,-850,15,True
8,MIA@ATL,MICHAEL_PENIX_JR_1_NFL,michael penix,passing_yards,218.5,-115,-115,0,True
8,MIA@ATL,TUA_TAGOVAILOA_1_NFL,tua tagovailoa,passing_yards,180.5,-120,-110,205,True
8,MIA@ATL,BIJAN_ROBINSON_1_NFL,bijan robinson,rushing_yards,91.5,+108,-113,25,True
8,MIA@ATL,DEVON_ACHANE_1_NFL,devon achane,rushing_yards,63.5,-144,-115,67,True
8,MIA@ATL,DRAKE_LONDON_1_NFL,drake london,receiving_yards,64.5,-125,-111,0,True
8,MIA@ATL,JAYLEN_WADDLE_1_NFL,jaylen waddle,receiving_yards,61.5,-114,-114,99,True
8,MIA@ATL,KYLE_PITTS_1_NFL,kyle pitts,receiving_yards,51.5,-114,-114,59,True
8,MIA@ATL,MALIK_WASHINGTON_1_NFL,malik washington,receiving_yards,26.5,-116,-111,36,True
8,MIA@ATL,OLLIE_GORDON_1_NFL,ollie gordon,rushing_yards,13.5,-114,-118,46,True
8,MIA@ATL,TYLER_ALLGEIER_1_NFL,tyler allgeier,rushing_yards,10.5,-120,-120,4,True
8,MIA@ATL,NICK_WESTBROOKIKHINE_1_NFL,nick westbrookikhine,receiving_yards,20.5,+340,-700,18,True
8,MIA@ATL,DARNELL_MOONEY_1_NFL,darnell mooney,receiving_yards,56.5,-125,-103,11,True
8,MIA@ATL,KIRK_COUSINS_1_NFL,kirk cousins,passing_yards,220.5,+285,-475,173,True
8,MIA@ATL,CASEY_WASHINGTON_1_NFL,casey washington,receiving_yards,20.5,-140,-105,25,True
8,MIA@ATL,DAVID_SILLS_V_1_NFL,david sills,receiving_yards,14.5,+325,-500,14,True
8,MIA@ATL,TANNER_CONNER_1_NFL,tanner conner,receiving_yards,10.5,+105,-155,6,True
8,TB@NO,SPENCER_RATTLER_1_NFL,spencer rattler,passing_yards,212.5,-114,-115,136,True
8,TB@NO,CHRIS_OLAVE_1_NFL,chris olave,receiving_yards,62.5,+101,-122,63,True
8,TB@NO,BAKER_MAYFIELD_1_NFL,baker mayfield,passing_yards,244.5,-111,-113,152,True
8,TB@NO,RACHAAD_WHITE_1_NFL,rachaad white,receiving_yards,21.5,-111,-112,26,True
8,TB@NO,EMEKA_EGBUKA_1_NFL,emeka egbuka,receiving_yards,35.5,+135,-205,35,True
8,TB@NO,STERLING_SHEPARD_1_NFL,sterling shepard,receiving_yards,31.5,-111,-111,8,True
8,TB@NO,CADE_OTTON_1_NFL,cade otton,receiving_yards,40.5,+117,-162,40,True
8,TB@NO,ALVIN_KAMARA_1_NFL,alvin kamara,receiving_yards,21.5,-111,-110,24,True
8,TB@NO,BRANDIN_COOKS_1_NFL,brandin cooks,receiving_yards,10.5,+162,-231,22,True
8,TB@NO,RASHID_SHAHEED_1_NFL,rashid shaheed,receiving_yards,48.5,-111,+110,75,True
8,TB@NO,JUWAN_JOHNSON_1_NFL,juwan johnson,receiving_yards,25.5,-110,-130,53,True
8,TB@NO,TEZ_JOHNSON_1_NFL,tez johnson,receiving_yards,42.5,-113,-113,43,True
8,TB@NO,SEAN_TUCKER_1_NFL,sean tucker,rushing_yards,22.5,-102,-123,42,True
8,TB@NO,TAYSOM_HILL_1_NFL,taysom hill,receiving_yards,0.5,-128,-120,6,True
8,TB@NO,TYLER_SHOUGH_1_NFL,tyler shough,passing_yards,88.5,-108,-112,128,True
8,TB@NO,DEVAUGHN_VELE_1_NFL,devaughn vele,receiving_yards,10.5,+219,-330,10,True
8,TEN@IND,CAMERON_WARD_1_NFL,cameron ward,passing_yards,225.5,-115,-115,259,True
8,TEN@IND,DANIEL_JONES_1_NFL,daniel jones,passing_yards,260.5,-120,-110,272,True
8,TEN@IND,JONATHAN_TAYLOR_1_NFL,jonathan taylor,rushing_yards,165.5,-115,-125,153,True
8,TEN@IND,MICHAEL_PITTMAN_1_NFL,michael pittman,receiving_yards,95.5,+175,-285,95,True
8,TEN@IND,TYLER_WARREN_1_NFL,tyler warren,receiving_yards,55.5,+215,-375,53,True
8,TEN@IND,TONY_POLLARD_1_NFL,tony pollard,receiving_yards,15.5,-105,-140,9,True
8,TEN@IND,CALVIN_RIDLEY_1_NFL,calvin ridley,receiving_yards,34.5,-110,-113,0,True
8,TEN@IND,GUNNAR_HELM_1_NFL,gunnar helm,receiving_yards,10.5,+100,-145,23,True
8,TEN@IND,JOSH_DOWNS_1_NFL,josh downs,receiving_yards,40.5,+255,-475,39,True
8,TEN@IND,ELIC_AYOMANOR_1_NFL,elic ayomanor,receiving_yards,40.5,-145,+100,52,True
8,TEN@IND,CHIGOZIEM_OKONOKWO_1_NFL,chigoziem okonokwo,receiving_yards,50.5,-110,-130,53,True
8,TEN@IND,VAN_JEFFERSON_1_NFL,van jefferson,receiving_yards,10.5,-110,-130,6,True
8,TEN@IND,CHIMERE_DIKE_1_NFL,chimere dike,receiving_yards,75.5,-145,+100,93,True
8,TEN@IND,TYJAE_SPEARS_1_NFL,tyjae spears,receiving_yards,10.5,-115,-125,23,True
8,TEN@IND,ALEC_PIERCE_1_NFL,alec pierce,receiving_yards,70.5,+305,-600,69,True
8,TEN@IND,AMEER_ABDULLAH_1_NFL,ameer abdullah,receiving_yards,0.5,+120,-145,3,True
8,DAL@DEN,BO_NIX_1_NFL,bo nix,passing_yards,250.5,+225,-350,247,True
8,DAL@DEN,DAK_PRESCOTT_1_NFL,dak prescott,passing_yards,235.5,-125,-105,188,True
8,DAL@DEN,JAVONTE_WILLIAMS_1_NFL,javonte williams,rushing_yards,45.5,+190,-320,41,True
8,DAL@DEN,JK_DOBBINS_1_NFL,jk dobbins,rushing_yards,105.5,-155,+105,111,True
8,DAL@DEN,CEEDEE_LAMB_1_NFL,ceedee lamb,receiving_yards,85.5,-115,-125,74,True
8,DAL@DEN,COURTLAND_SUTTON_1_NFL,courtland sutton,receiving_yards,60.5,+160,-255,67,True
8,DAL@DEN,GEORGE_PICKENS_1_NFL,george pickens,receiving_yards,85.5,-125,-115,78,True
8,DAL@DEN,JAKE_FERGUSON_1_NFL,jake ferguson,receiving_yards,10.5,+135,-205,0,True
8,DAL@DEN,EVAN_ENGRAM_1_NFL,evan engram,receiving_yards,40.5,+285,-550,36,True
8,DAL@DEN,TROY_FRANKLIN_1_NFL,troy franklin,receiving_yards,90.5,+185,-310,89,True
8,DAL@DEN,RJ_HARVEY_1_NFL,rj harvey,rushing_yards,48.5,-115,-125,46,True
8,DAL@DEN,MARVIN_MIMS_JR_1_NFL,marvin mims,receiving_yards,10.5,+165,-265,0,True
8,DAL@DEN,JALEN_TOLBERT_1_NFL,jalen tolbert,receiving_yards,10.5,-105,-140,47,True
8,DAL@DEN,KAVONTAE_TURPIN_1_NFL,kavontae turpin,receiving_yards,10.5,+165,-265,-2,True
8,DAL@DEN,JAYDON_BLUE_1_NFL,jaydon blue,rushing_yards,25.5,+320,-650,29,True
8,DAL@DEN,PAT_BRYANT_1_NFL,pat bryant,receiving_yards,10.5,-125,-115,40,True
8,GB@PIT,JORDAN_LOVE_1_NFL,jordan love,rushing_yards,5.5,+125,-190,-1,False
8,GB@PIT,AARON_RODGERS_1_NFL,aaron rodgers,passing_yards,190.5,-122,-110,221,False
8,GB@PIT,DK_METCALF_1_NFL,dk metcalf,receiving_yards,55.5,+165,-220,55,False
8,GB@PIT,JAYLEN_WARREN_1_NFL,jaylen warren,receiving_yards,11.5,+100,-134,11,False
8,GB@PIT,JONNU_SMITH_1_NFL,jonnu smith,receiving_yards,17.5,+107,-142,17,False
8,GB@PIT,MATTHEW_GOLDEN_1_NFL,matthew golden,receiving_yards,10.5,+340,-700,4,False
8,GB@PIT,ROMEO_DOUBS_1_NFL,romeo doubs,receiving_yards,30.5,+225,-400,44,False
8,GB@PIT,TUCKER_KRAFT_1_NFL,tucker kraft,receiving_yards,145.5,+185,-310,143,False
8,GB@PIT,JOSH_JACOBS_1_NFL,josh jacobs,rushing_yards,39.5,-110,-125,33,False
8,GB@PIT,KENNETH_GAINWELL_1_NFL,kenneth gainwell,rushing_yards,31.5,+195,-270,31,False
8,GB@PIT,DARNELL_WASHINGTON_1_NFL,darnell washington,receiving_yards,10.5,+235,-425,0,False
8,GB@PIT,PAT_FREIERMUTH_1_NFL,pat freiermuth,receiving_yards,10.5,+110,-159,13,False
8,GB@PIT,CALVIN_AUSTIN_1_NFL,calvin austin,receiving_yards,7.5,+140,-184,28,False
8,GB@PIT,EMANUEL_WILSON_1_NFL,emanuel wilson,rushing_yards,30.5,-140,-105,61,False
8,GB@PIT,LUKE_MUSGRAVE_1_NFL,luke musgrave,receiving_yards,10.5,+400,-900,5,False
8,GB@PIT,MALIK_HEATH_1_NFL,malik heath,receiving_yards,30.5,+215,-375,29,False
9,BAL@MIA,DEANDRE_HOPKINS_1_NFL,deandre hopkins,receiving_yards,10.5,+275,-525,0,True
9,BAL@MIA,DEVON_ACHANE_1_NFL,devon achane,receiving_yards,32.5,-114,-108,39,True
9,BAL@MIA,ISAIAH_LIKELY_1_NFL,isaiah likely,receiving_yards,60.5,+275,-525,60,True
9,BAL@MIA,JAYLEN_WADDLE_1_NFL,jaylen waddle,receiving_yards,90.5,-140,-105,82,True
9,BAL@MIA,JUSTICE_HILL_1_NFL,justice hill,receiving_yards,17.5,-108,-113,13,True
9,BAL@MIA,MALIK_WASHINGTON_1_NFL,malik washington,receiving_yards,40.5,+105,-155,48,True
9,BAL@MIA,MARK_ANDREWS_1_NFL,mark andrews,receiving_yards,28.5,-114,-114,22,True
9,BAL@MIA,NICK_WESTBROOKIKHINE_1_NFL,nick westbrookikhine,receiving_yards,19.5,-101,-114,22,True
9,BAL@MIA,RASHOD_BATEMAN_1_NFL,rashod bateman,receiving_yards,30.5,-107,-108,13,True
9,BAL@MIA,ZAY_FLOWERS_1_NFL,zay flowers,receiving_yards,68.5,-114,-106,64,True
9,BAL@MIA,DERRICK_HENRY_1_NFL,derrick henry,rushing_yards,101.5,-122,-129,119,True
9,BAL@MIA,LAMAR_JACKSON_1_NFL,lamar jackson,rushing_yards,37.5,-188,+100,14,True
9,BAL@MIA,OLLIE_GORDON_1_NFL,ollie gordon,rushing_yards,20.5,-111,-110,6,True
9,BAL@MIA,TUA_TAGOVAILOA_1_NFL,tua tagovailoa,rushing_yards,3.5,-113,-111,1,True
9,BAL@MIA,KEATON_MITCHELL_1_NFL,keaton mitchell,rushing_yards,14.5,-130,-110,11,True
9,BAL@MIA,TANNER_CONNER_1_NFL,tanner conner,receiving_yards,13.5,-110,+100,0,True
9,BAL@MIA,CEDRICK_WILSON_JR_1_NFL,cedrick wilson,receiving_yards,7.5,-106,-119,7,True
9,BAL@MIA,ALEC_INGOLD_1_NFL,alec ingold,receiving_yards,10.5,+125,-332,0,True
9,DEN@HOU,BO_NIX_1_NFL,bo nix,passing_yards,175.5,+100,-135,173,True
9,DEN@HOU,CJ_STROUD_1_NFL,cj stroud,passing_yards,250.5,-120,-110,79,True
9,DEN@HOU,JK_DOBBINS_1_NFL,jk dobbins,rushing_yards,55.5,-165,+110,61,True
9,DEN@HOU,COURTLAND_SUTTON_1_NFL,courtland sutton,receiving_yards,35.5,-140,-105,30,True
9,DEN@HOU,NICO_COLLINS_1_NFL,nico collins,receiving_yards,75.5,-115,-125,75,True
9,DEN@HOU,TROY_FRANKLIN_1_NFL,troy franklin,receiving_yards,30.5,-115,-125,27,True
9,DEN@HOU,EVAN_ENGRAM_1_NFL,evan engram,receiving_yards,29.5,-115,-115,0,True
9,DEN@HOU,NICK_CHUBB_1_NFL,nick chubb,receiving_yards,10.5,+255,-475,0,True
9,DEN@HOU,JOQUAVIOUS_MARKS_1_NFL,joquavious marks,rushing_yards,33.5,-120,-110,27,True
9,DEN@HOU,RJ_HARVEY_1_NFL,rj harvey,rushing_yards,17.5,-120,-110,5,True
9,DEN@HOU,CHRISTIAN_KIRK_1_NFL,christian kirk,receiving_yards,28.5,-110,-120,26,True
9,DEN@HOU,XAVIER_HUTCHINSON_1_NFL,xavier hutchinson,receiving_yards,15.5,-120,-110,30,True
9,DEN@HOU,JAYLIN_NOEL_1_NFL,jaylin noel,receiving_yards,10.5,-140,-105,0,True
9,DEN@HOU,JAYDEN_HIGGINS_1_NFL,jayden higgins,receiving_yards,10.5,+120,-180,4,True
9,DEN@HOU,PAT_BRYANT_1_NFL,pat bryant,receiving_yards,10.5,+185,-310,20,True
9,DEN@HOU,DALTON_SCHULTZ_1_NFL,dalton schultz,receiving_yards,28.5,-110,-120,77,True
9,DEN@HOU,DAVIS_MILLS_1_NFL,davis mills,passing_yards,165.5,-110,-110,137,True
9,IND@PIT,AARON_RODGERS_1_NFL,aaron rodgers,passing_yards,195.5,-105,-125,203,True
9,IND@PIT,DANIEL_JONES_1_NFL,daniel jones,passing_yards,275.5,-110,-120,342,True
9,IND@PIT,JAYLEN_WARREN_1_NFL,jaylen warren,rushing_yards,35.5,+105,-155,31,True
9,IND@PIT,JONATHAN_TAYLOR_1_NFL,jonathan taylor,rushing_yards,95.5,-120,-108,45,True
9,IND@PIT,DK_METCALF_1_NFL,dk metcalf,receiving_yards,10.5,+105,-155,6,True
9,IND@PIT,MICHAEL_PITTMAN_1_NFL,michael pittman,receiving_yards,75.5,-155,+105,115,True
9,IND@PIT,TYLER_WARREN_1_NFL,tyler warren,receiving_yards,61.5,-114,-114,26,True
9,IND@PIT,CALVIN_AUSTIN_1_NFL,calvin austin,receiving_yards,34.5,-114,-114,56,True
9,IND@PIT,JONNU_SMITH_1_NFL,jonnu smith,receiving_yards,25.5,+129,-184,25,True
9,IND@PIT,ALEC_PIERCE_1_NFL,alec pierce,receiving_yards,85.5,-145,+100,115,True
9,IND@PIT,JOSH_DOWNS_1_NFL,josh downs,receiving_yards,37.5,-115,-112,57,True
9,IND@PIT,PAT_FREIERMUTH_1_NFL,pat freiermuth,receiving_yards,20.5,-114,-114,27,True
9,IND@PIT,KENNETH_GAINWELL_1_NFL,kenneth gainwell,receiving_yards,12.5,-118,-110,35,True
9,IND@PIT,DARNELL_WASHINGTON_1_NFL,darnell washington,receiving_yards,12.5,-116,-111,43,True
9,IND@PIT,ROMAN_WILSON_1_NFL,roman wilson,receiving_yards,10.5,+120,-180,4,True
9,CHI@CIN,CHRIS_WILLIAMS_1_NFL,chris williams,passing_yards,225.5,-150,+110,280,True
9,CHI@CIN,JOE_FLACCO_1_NFL,joe flacco,passing_yards,321.5,-115,-115,470,True
9,CHI@CIN,CHASE_BROWN_1_NFL,chase brown,rushing_yards,35.5,-155,+105,37,True
9,CHI@CIN,DANDRE_SWIFT_1_NFL,dandre swift,rushing_yards,62.5,-113,-113,0,True
9,CHI@CIN,DJ_MOORE_1_NFL,dj moore,receiving_yards,48.5,-114,-114,72,True
9,CHI@CIN,JAMARR_CHASE_1_NFL,jamarr chase,receiving_yards,91.5,-114,-114,111,True
9,CHI@CIN,ROME_ODUNZE_1_NFL,rome odunze,receiving_yards,63.5,-114,-114,0,True
9,CHI@CIN,TEE_HIGGINS_1_NFL,tee higgins,receiving_yards,52.5,-116,-111,121,True
9,CHI@CIN,SAMAJE_PERINE_1_NFL,samaje perine,rushing_yards,30.5,-105,-140,5,True
9,CHI@CIN,ANDREI_IOSIVAS_1_NFL,andrei iosivas,receiving_yards,39.5,-115,-115,66,True
9,CHI@CIN,NOAH_FANT_1_NFL,noah fant,receiving_yards,10.5,-110,-126,28,True
9,CHI@CIN,DREW_SAMPLE_1_NFL,drew sample,receiving_yards,3.5,+100,+100,0,True
9,CHI@CIN,TANNER_HUDSON_1_NFL,tanner hudson,receiving_yards,33.5,+155,-210,42,True
9,CHI@CIN,COLE_KMET_1_NFL,cole kmet,receiving_yards,17.5,-101,-128,10,True
9,CHI@CIN,COLSTON_LOVELAND_1_NFL,colston loveland,receiving_yards,60.5,+165,-265,118,True
9,CHI@CIN,OLAMIDE_ZACCHEAUS_1_NFL,olamide zaccheaus,receiving_yards,60.5,+140,-215,58,True
9,CHI@CIN,KYLE_MONANGAI_1_NFL,kyle monangai,receiving_yards,25.5,+215,-375,22,True
9,CHI@CIN,TRAVIS_HOMER_1_NFL,travis homer,rushing_yards,5.5,+355,-750,0,True
9,ATL@NE,DRAKE_MAYE_1_NFL,drake maye,passing_yards,265.5,-125,-105,259,True
9,ATL@NE,MICHAEL_PENIX_JR_1_NFL,michael penix,passing_yards,217.5,-108,-112,221,True
9,ATL@NE,BIJAN_ROBINSON_1_NFL,bijan robinson,rushing_yards,33.5,+135,-175,46,True
9,ATL@NE,RHAMONDRE_STEVENSON_1_NFL,rhamondre stevenson,rushing_yards,51.5,+100,+100,0,True
9,ATL@NE,DRAKE_LONDON_1_NFL,drake london,receiving_yards,62.5,-114,-114,118,True
9,ATL@NE,KAYSHON_BOUTTE_1_NFL,kayshon boutte,receiving_yards,37.5,-120,-108,0,True
9,ATL@NE,STEFON_DIGGS_1_NFL,stefon diggs,receiving_yards,38.5,+300,-425,38,True
9,ATL@NE,TYLER_ALLGEIER_1_NFL,tyler allgeier,rushing_yards,10.5,+205,-350,6,True
9,ATL@NE,KYLE_PITTS_1_NFL,kyle pitts,receiving_yards,44.5,-119,-109,38,True
9,ATL@NE,DEMARIO_DOUGLAS_1_NFL,demario douglas,receiving_yards,90.5,-155,+105,100,True
9,ATL@NE,HUNTER_HENRY_1_NFL,hunter henry,receiving_yards,30.5,-114,-114,51,True
9,ATL@NE,MACK_HOLLINS_1_NFL,mack hollins,receiving_yards,19.5,-116,-111,9,True
9,ATL@NE,AUSTIN_HOOPER_1_NFL,austin hooper,receiving_yards,20.5,+400,-900,20,True
9,ATL@NE,DARNELL_MOONEY_1_NFL,darnell mooney,receiving_yards,15.5,+250,-375,15,True
9,ATL@NE,TREVEYON_HENDERSON_1_NFL,treveyon henderson,receiving_yards,35.5,+265,-500,32,True
9,ATL@NE,DAVID_SILLS_V_1_NFL,david sills,receiving_yards,10.5,+265,-500,0,True
9,ATL@NE,TERRELL_JENNINGS_1_NFL,terrell jennings,receiving_yards,3.5,+100,+100,9,True
9,SF@NYG,JAXSON_DART_1_NFL,jaxson dart,passing_yards,179.5,-111,-113,191,True
9,SF@NYG,CHRISTIAN_MCCAFFREY_1_NFL,christian mccaffrey,rushing_yards,77.5,-115,-115,106,True
9,SF@NYG,GEORGE_KITTLE_1_NFL,george kittle,receiving_yards,50.5,-117,-112,32,True
9,SF@NYG,WANDALE_ROBINSON_1_NFL,wandale robinson,receiving_yards,52.5,-120,-110,46,True
9,SF@NYG,DARIUS_SLAYTON_1_NFL,darius slayton,receiving_yards,41.5,-114,-117,62,True
9,SF@NYG,THEO_JOHNSON_1_NFL,theo johnson,receiving_yards,37.5,-114,-114,27,True
9,SF@NYG,TYRONE_TRACY_1_NFL,tyrone tracy,receiving_yards,20.5,-117,-117,19,True
9,SF@NYG,DEMARCUS_ROBINSON_1_NFL,demarcus robinson,receiving_yards,17.5,-111,-117,0,True
9,SF@NYG,JAUAN_JENNINGS_1_NFL,jauan jennings,receiving_yards,49.5,-120,-110,41,True
9,SF@NYG,KENDRICK_BOURNE_1_NFL,kendrick bourne,receiving_yards,34.5,+895,-6355,34,True
9,SF@NYG,BRIAN_ROBINSON_1_NFL,brian robinson,rushing_yards,15.5,-120,-112,53,True
9,SF@NYG,KYLE_JUSZCZYK_1_NFL,kyle juszczyk,receiving_yards,15.5,+385,-850,12,True
9,SF@NYG,DEVIN_SINGLETARY_1_NFL,devin singletary,receiving_yards,10.5,+205,-350,8,True
9,SF@NYG,LILJORDAN_HUMPHREY_1_NFL,liljordan humphrey,receiving_yards,13.5,-111,-113,0,True
9,SF@NYG,MAC_JONES_1_NFL,mac jones,passing_yards,235.5,+145,-207,235,True
9,SF@NYG,CAMERON_SKATTEBO_1_NFL,cameron skattebo,passing_yards,174.5,-167,,0,True
9,LAC@TEN,CAMERON_WARD_1_NFL,cameron ward,passing_yards,203.5,-115,-115,145,True
9,LAC@TEN,JUSTIN_HERBERT_1_NFL,justin herbert,passing_yards,254.5,-115,-117,250,True
9,LAC@TEN,KIMANI_VIDAL_1_NFL,kimani vidal,rushing_yards,40.5,-120,-115,30,True
9,LAC@TEN,LADD_MCCONKEY_1_NFL,ladd mcconkey,receiving_yards,56.5,+261,-385,56,True
9,LAC@TEN,ORONDE_GADSDEN_II_1_NFL,oronde gadsden,receiving_yards,68.5,+370,-580,68,True
9,LAC@TEN,QUENTIN_JOHNSTON_1_NFL,quentin johnston,receiving_yards,53.5,+490,-870,53,True
9,LAC@TEN,CALVIN_RIDLEY_1_NFL,calvin ridley,receiving_yards,32.5,-111,-111,0,True
9,LAC@TEN,TONY_POLLARD_1_NFL,tony pollard,receiving_yards,12.5,+260,-380,12,True
9,LAC@TEN,CHIGOZIEM_OKONOKWO_1_NFL,chigoziem okonokwo,receiving_yards,10.5,+165,-230,10,True
9,LAC@TEN,KEENAN_ALLEN_1_NFL,keenan allen,receiving_yards,41.5,+360,-565,41,True
9,LAC@TEN,TYJAE_SPEARS_1_NFL,tyjae spears,receiving_yards,30.5,-115,-125,36,True
9,LAC@TEN,TRE_HARRIS_1_NFL,tre harris,receiving_yards,15.5,+331,-579,18,True
9,LAC@TEN,CHIMERE_DIKE_1_NFL,chimere dike,receiving_yards,5.5,+190,-260,5,True
9,LAC@TEN,ELIC_AYOMANOR_1_NFL,elic ayomanor,receiving_yards,46.5,+164,-224,46,True
9,LAC@TEN,VAN_JEFFERSON_1_NFL,van jefferson,receiving_yards,21.5,+195,-275,21,True
9,LAC@TEN,GUNNAR_HELM_1_NFL,gunnar helm,receiving_yards,10.5,+200,-340,15,True
9,LAC@TEN,JARET_PATTERSON_1_NFL,jaret patterson,rushing_yards,29.5,-125,-105,44,True
9,MIN@DET,JARED_GOFF_1_NFL,jared goff,passing_yards,274.5,-115,-115,284,True
9,MIN@DET,JAHMYR_GIBBS_1_NFL,jahmyr gibbs,rushing_yards,25.5,-180,+120,25,True
9,MIN@DET,AMONRA_ST_BROWN_1_NFL,amonra st brown,receiving_yards,70.5,-120,-117,97,True
9,MIN@DET,JAMESON_WILLIAMS_1_NFL,jameson williams,receiving_yards,29.5,+118,-115,66,True
9,MIN@DET,JORDAN_ADDISON_1_NFL,jordan addison,receiving_yards,50.5,-115,-125,48,True
9,MIN@DET,JUSTIN_JEFFERSON_1_NFL,justin jefferson,receiving_yards,50.5,-125,-115,47,True
9,MIN@DET,SAM_LAPORTA_1_NFL,sam laporta,receiving_yards,105.5,-130,-110,97,True
9,MIN@DET,TJ_HOCKENSON_1_NFL,tj hockenson,receiving_yards,15.5,+115,-170,11,True
9,MIN@DET,DAVID_MONTGOMERY_1_NFL,david montgomery,rushing_yards,40.5,-170,+115,40,True
9,MIN@DET,JJ_MCCARTHY_1_NFL,jj mccarthy,passing_yards,130.5,-140,+105,143,True
9,MIN@DET,AARON_JONES_1_NFL,aaron jones,rushing_yards,93.5,-115,-120,78,True
9,MIN@DET,JORDAN_MASON_1_NFL,jordan mason,rushing_yards,15.5,+105,-155,36,True
9,MIN@DET,JALEN_NAILOR_1_NFL,jalen nailor,receiving_yards,10.5,+120,-180,16,True
9,MIN@DET,KALIF_RAYMOND_1_NFL,kalif raymond,receiving_yards,10.5,+175,-285,0,True
9,MIN@DET,BROCK_WRIGHT_1_NFL,brock wright,receiving_yards,10.5,+305,-600,11,True
9,MIN@DET,ISAAC_TESLAA_1_NFL,isaac teslaa,receiving_yards,10.5,+195,-330,0,True
9,CAR@GB,JORDAN_LOVE_1_NFL,jordan love,passing_yards,298.5,-115,-115,273,False
9,CAR@GB,MATTHEW_GOLDEN_1_NFL,matthew golden,receiving_yards,29.5,-110,-120,9,False
9,CAR@GB,ROMEO_DOUBS_1_NFL,romeo doubs,receiving_yards,91.5,+102,-135,91,False
9,CAR@GB,TUCKER_KRAFT_1_NFL,tucker kraft,receiving_yards,55.5,-110,-120,20,False
9,CAR@GB,JOSH_JACOBS_1_NFL,josh jacobs,rushing_yards,89.5,-115,-115,87,False
9,CAR@GB,RICO_DOWDLE_1_NFL,rico dowdle,rushing_yards,115.5,-130,-107,130,False
9,CAR@GB,TETAIROA_MCMILLAN_1_NFL,tetairoa mcmillan,receiving_yards,36.5,-102,-127,46,False
9,CAR@GB,CHRISTIAN_WATSON_1_NFL,christian watson,receiving_yards,58.5,+135,-180,58,False
9,CAR@GB,BRYCE_YOUNG_1_NFL,bryce young,passing_yards,184.5,-115,-115,102,False
9,CAR@GB,JALEN_COKER_1_NFL,jalen coker,receiving_yards,0.5,+190,-260,9,False
9,CAR@GB,XAVIER_LEGETTE_1_NFL,xavier legette,receiving_yards,22.5,+215,-291,22,False
9,CAR@GB,EMANUEL_WILSON_1_NFL,emanuel wilson,receiving_yards,4.5,-110,-111,1,False
9,CAR@GB,CHUBA_HUBBARD_1_NFL,chuba hubbard,receiving_yards,7.5,-105,-125,0,False
9,CAR@GB,JATAVION_SANDERS_1_NFL,jatavion sanders,receiving_yards,10.5,+340,-700,5,False
9,CAR@GB,TOMMY_TREMBLE_1_NFL,tommy tremble,receiving_yards,7.5,-120,-110,0,False
9,CAR@GB,MALIK_HEATH_1_NFL,malik heath,receiving_yards,11.5,+300,-425,11,False
9,CAR@GB,JIMMY_HORN_JR_1_NFL,jimmy horn,receiving_yards,1.5,+102,-135,1,False
9,CAR@GB,SAVION_WILLIAMS_1_NFL,savion williams,rushing_yards,5.5,+155,-245,0,False
9,JAX@LV,TREVOR_LAWRENCE_1_NFL,trevor lawrence,passing_yards,190.5,-105,-125,220,True
9,JAX@LV,ASHTON_JEANTY_1_NFL,ashton jeanty,rushing_yards,50.5,-125,-115,42,True
9,JAX@LV,TRAVIS_ETIENNE_JR_1_NFL,travis etienne,rushing_yards,55.5,-140,-105,84,True
9,JAX@LV,BRIAN_THOMAS_1_NFL,brian thomas,receiving_yards,35.5,-110,-130,55,True
9,JAX@LV,TRAVIS_HUNTER_1_NFL,travis hunter,receiving_yards,46.5,-114,-114,0,True
9,JAX@LV,GENO_SMITH_1_NFL,geno smith,passing_yards,225.5,-125,-105,284,True
9,JAX@LV,CHRIS_SMITH_II_1_NFL,chris smith,passing_yards,215.5,-115,-115,0,True
9,JAX@LV,BHAYSHUL_TUTEN_1_NFL,bhayshul tuten,receiving_yards,6.5,-110,-111,-3,True
9,JAX@LV,BROCK_BOWERS_1_NFL,brock bowers,receiving_yards,70.5,-125,-115,127,True
9,JAX@LV,JAKOBI_MEYERS_1_NFL,jakobi meyers,receiving_yards,25.5,-110,-130,23,True
9,JAX@LV,TRE_TUCKER_1_NFL,tre tucker,receiving_yards,10.5,+120,-180,38,True
9,JAX@LV,HUNTER_LONG_1_NFL,hunter long,receiving_yards,17.5,-117,-110,6,True
9,JAX@LV,JOHNNY_MUNDT_1_NFL,johnny mundt,receiving_yards,9.5,-110,-105,0,True
9,JAX@LV,MICHAEL_MAYER_1_NFL,michael mayer,receiving_yards,15.5,+285,-550,26,True
9,JAX@LV,DYAMI_BROWN_1_NFL,dyami brown,receiving_yards,30.5,-120,-120,25,True
9,JAX@LV,PARKER_WASHINGTON_1_NFL,parker washington,receiving_yards,80.5,-110,-130,90,True
9,JAX@LV,DONTE_THORNTON_1_NFL,donte thornton,receiving_yards,4.5,-111,-111,0,True
9,JAX@LV,JACK_BECH_1_NFL,jack bech,receiving_yards,10.5,+305,-600,0,True
9,NO@LA,MATTHEW_STAFFORD_1_NFL,matthew stafford,passing_yards,295.5,-115,-115,281,True
9,NO@LA,KYREN_WILLIAMS_1_NFL,kyren williams,rushing_yards,70.5,-120,-120,114,True
9,NO@LA,PUKA_NACUA_1_NFL,puka nacua,receiving_yards,99.5,-115,-115,95,True
9,NO@LA,CHRIS_OLAVE_1_NFL,chris olave,receiving_yards,57.5,+240,-350,57,True
9,NO@LA,DAVANTE_ADAMS_1_NFL,davante adams,receiving_yards,60.5,+106,-150,60,True
9,NO@LA,TYLER_SHOUGH_1_NFL,tyler shough,passing_yards,190.5,-115,-115,176,True
9,NO@LA,RASHID_SHAHEED_1_NFL,rashid shaheed,receiving_yards,44.5,-115,-115,68,True
9,NO@LA,ALVIN_KAMARA_1_NFL,alvin kamara,rushing_yards,15.5,+160,-255,14,True
9,NO@LA,JORDAN_WHITTINGTON_1_NFL,jordan whittington,receiving_yards,0.5,+195,-295,0,True
9,NO@LA,TYLER_HIGBEE_1_NFL,tyler higbee,receiving_yards,13.5,+205,-310,13,True
9,NO@LA,JUWAN_JOHNSON_1_NFL,juwan johnson,receiving_yards,35.5,-130,-110,31,True
9,NO@LA,BLAKE_CORUM_1_NFL,blake corum,rushing_yards,70.5,-145,+100,58,True
9,NO@LA,BRANDIN_COOKS_1_NFL,brandin cooks,receiving_yards,9.5,-115,-115,16,True
9,NO@LA,TERRANCE_FERGUSON_1_NFL,terrance ferguson,receiving_yards,54.5,+295,-485,54,True
9,NO@LA,DEVIN_NEAL_1_NFL,devin neal,receiving_yards,10.5,+255,-475,1,True
9,NO@LA,TAYSOM_HILL_1_NFL,taysom hill,rushing_yards,5.5,-155,+105,30,True
9,KC@BUF,JOSH_ALLEN_1_NFL,josh allen,passing_yards,260.5,-115,-115,273,True
9,KC@BUF,JAMES_COOK_1_NFL,james cook,rushing_yards,115.5,-120,-115,114,True
9,KC@BUF,KHALIL_SHAKIR_1_NFL,khalil shakir,receiving_yards,43.5,+177,-243,43,True
9,KC@BUF,PATRICK_MAHOMES_1_NFL,patrick mahomes,passing_yards,261.5,-120,-110,250,True
9,KC@BUF,ISIAH_PACHECO_1_NFL,isiah pacheco,rushing_yards,52.5,-114,-107,0,True
9,KC@BUF,DALTON_KINCAID_1_NFL,dalton kincaid,receiving_yards,92.5,+231,-328,101,True
9,KC@BUF,JUJU_SMITHSCHUSTER_1_NFL,juju smithschuster,receiving_yards,2.5,+269,-395,2,True
9,KC@BUF,KEON_COLEMAN_1_NFL,keon coleman,receiving_yards,17.5,+271,-393,17,True
9,KC@BUF,MARQUISE_BROWN_1_NFL,marquise brown,receiving_yards,73.5,+161,-218,73,True
9,KC@BUF,RASHEE_RICE_1_NFL,rashee rice,receiving_yards,80.5,+150,-200,80,True
9,KC@BUF,TRAVIS_KELCE_1_NFL,travis kelce,receiving_yards,66.5,+155,-211,66,True
9,KC@BUF,XAVIER_WORTHY_1_NFL,xavier worthy,receiving_yards,10.5,-133,-105,23,True
9,KC@BUF,BRASHARD_SMITH_1_NFL,brashard smith,receiving_yards,10.5,+160,-255,0,True
9,KC@BUF,KAREEM_HUNT_1_NFL,kareem hunt,receiving_yards,7.5,-108,-120,6,True
9,KC@BUF,NOAH_GRAY_1_NFL,noah gray,receiving_yards,0.5,+332,-494,0,True
9,KC@BUF,DAWSON_KNOX_1_NFL,dawson knox,receiving_yards,30.5,+100,-145,30,True
9,KC@BUF,TY_JOHNSON_1_NFL,ty johnson,receiving_yards,13.5,-118,-115,12,True
9,KC@BUF,JACKSON_HAWES_1_NFL,jackson hawes,receiving_yards,0.5,+105,-115,18,True
9,KC@BUF,ELIJAH_MOORE_1_NFL,elijah moore,receiving_yards,10.5,+165,-265,28,True
9,KC@BUF,CURTIS_SAMUEL_1_NFL,curtis samuel,receiving_yards,10.5,+150,-235,6,True
9,SEA@WAS,SAM_DARNOLD_1_NFL,sam darnold,passing_yards,345.5,-110,-120,330,False
9,SEA@WAS,KENNETH_WALKER_III_1_NFL,kenneth walker,rushing_yards,50.5,-145,+100,42,False
9,SEA@WAS,COOPER_KUPP_1_NFL,cooper kupp,receiving_yards,37.5,-115,-114,0,False
9,SEA@WAS,JAXON_SMITHNJIGBA_1_NFL,jaxon smithnjigba,receiving_yards,130.5,+135,-205,129,False
9,SEA@WAS,JAYDEN_DANIELS_1_NFL,jayden daniels,passing_yards,165.5,-105,-125,153,False
9,SEA@WAS,JACORY_MERRITT_1_NFL,jacory merritt,rushing_yards,26.5,-120,-110,38,False
9,SEA@WAS,DEEBO_SAMUEL_1_NFL,deebo samuel,receiving_yards,45.5,-145,+100,41,False
9,SEA@WAS,ZACH_ERTZ_1_NFL,zach ertz,receiving_yards,55.5,+100,-145,46,False
9,SEA@WAS,ZACH_CHARBONNET_1_NFL,zach charbonnet,rushing_yards,30.5,-120,-120,25,False
9,SEA@WAS,AJ_BARNER_1_NFL,aj barner,receiving_yards,25.5,+130,-275,24,False
9,SEA@WAS,ELIJAH_ARROYO_1_NFL,elijah arroyo,receiving_yards,30.5,+170,-275,29,False
9,SEA@WAS,TORY_HORTON_1_NFL,tory horton,receiving_yards,50.5,+100,-145,48,False
9,SEA@WAS,JAYLIN_LANE_1_NFL,jaylin lane,receiving_yards,25.5,+100,-145,29,False
9,SEA@WAS,LUKE_MCCAFFREY_1_NFL,luke mccaffrey,receiving_yards,20.5,-130,-110,0,False
9,SEA@WAS,JEREMY_MCNICHOLS_1_NFL,jeremy mcnichols,receiving_yards,10.5,+175,-285,0,False
9,SEA@WAS,CHRIS_MOORE_1_NFL,chris moore,receiving_yards,10.5,-140,-105,0,False
9,SEA@WAS,CODY_WHITE_1_NFL,cody white,receiving_yards,60.5,+155,-245,60,False
10,LV@DEN,GENO_SMITH_1_NFL,geno smith,passing_yards,175.5,-125,-120,143,True
10,LV@DEN,BO_NIX_1_NFL,bo nix,passing_yards,148.5,-120,-110,150,True
10,LV@DEN,ASHTON_JEANTY_1_NFL,ashton jeanty,receiving_yards,10.5,+275,-525,3,True
10,LV@DEN,JK_DOBBINS_1_NFL,jk dobbins,rushing_yards,67.5,-125,-106,77,True
10,LV@DEN,BROCK_BOWERS_1_NFL,brock bowers,receiving_yards,31.5,+124,-166,31,True
10,LV@DEN,COURTLAND_SUTTON_1_NFL,courtland sutton,receiving_yards,24.5,+155,-215,24,True
10,LV@DEN,TROY_FRANKLIN_1_NFL,troy franklin,receiving_yards,22.5,+155,-215,40,True
10,LV@DEN,MICHAEL_MAYER_1_NFL,michael mayer,receiving_yards,22.5,+240,-375,22,True
10,LV@DEN,TRE_TUCKER_1_NFL,tre tucker,receiving_yards,28.5,+205,-300,28,True
10,LV@DEN,JAKOBI_MEYERS_1_NFL,jakobi meyers,receiving_yards,42.5,-116,-113,0,True
10,LV@DEN,RJ_HARVEY_1_NFL,rj harvey,rushing_yards,10.5,-105,-130,9,True
10,LV@DEN,EVAN_ENGRAM_1_NFL,evan engram,receiving_yards,10.5,+170,-275,12,True
10,LV@DEN,TYLER_BADIE_1_NFL,tyler badie,rushing_yards,5.5,+380,-700,0,True
10,LV@DEN,ALEX_BACHMAN_1_NFL,alex bachman,receiving_yards,10.5,+850,-2500,0,True
10,LV@DEN,JACK_BECH_1_NFL,jack bech,receiving_yards,16.5,-114,-114,0,True
10,LV@DEN,RAHEEM_MOSTERT_1_NFL,raheem mostert,receiving_yards,10.5,+510,-1100,11,True
10,LV@DEN,PAT_BRYANT_1_NFL,pat bryant,receiving_yards,43.5,+375,-600,43,True
10,LV@DEN,ADAM_TRAUTMAN_1_NFL,adam trautman,receiving_yards,7.5,-112,-114,2,True
10,LV@DEN,DONTE_THORNTON_1_NFL,donte thornton,receiving_yards,10.5,+110,-165,4,True
10,ATL@IND,DANIEL_JONES_1_NFL,daniel jones,passing_yards,225.5,-115,-115,255,True
10,ATL@IND,MICHAEL_PENIX_JR_1_NFL,michael penix,passing_yards,200.5,+100,-135,177,True
10,ATL@IND,ALEC_PIERCE_1_NFL,alec pierce,receiving_yards,85.5,-125,-115,84,True
10,ATL@IND,BIJAN_ROBINSON_1_NFL,bijan robinson,receiving_yards,10.5,+175,-285,4,True
10,ATL@IND,DARNELL_MOONEY_1_NFL,darnell mooney,receiving_yards,20.5,+115,-170,17,True
10,ATL@IND,DRAKE_LONDON_1_NFL,drake london,receiving_yards,95.5,-170,+115,104,True
10,ATL@IND,JONATHAN_TAYLOR_1_NFL,jonathan taylor,receiving_yards,45.5,+165,-265,42,True
10,ATL@IND,JOSH_DOWNS_1_NFL,josh downs,receiving_yards,10.5,+275,-525,3,True
10,ATL@IND,KYLE_PITTS_1_NFL,kyle pitts,receiving_yards,30.5,-110,-130,38,True
10,ATL@IND,MICHAEL_PITTMAN_1_NFL,michael pittman,receiving_yards,10.5,-125,-115,19,True
10,ATL@IND,TYLER_WARREN_1_NFL,tyler warren,receiving_yards,60.5,-145,+100,99,True
10,ATL@IND,TYLER_ALLGEIER_1_NFL,tyler allgeier,rushing_yards,30.5,+110,-165,57,True
10,ATL@IND,CASEY_WASHINGTON_1_NFL,casey washington,receiving_yards,10.5,+150,-210,0,True
10,ATL@IND,DAVID_SILLS_V_1_NFL,david sills,receiving_yards,10.5,+265,-500,0,True
10,ATL@IND,MO_ALIECOX_1_NFL,mo aliecox,receiving_yards,2.5,-105,-105,0,True
10,CLE@NYJ,DILLON_GABRIEL_1_NFL,dillon gabriel,passing_yards,185.5,-105,-125,167,True
10,CLE@NYJ,QUINSHON_JUDKINS_1_NFL,quinshon judkins,rushing_yards,78.5,-112,-118,75,True
10,CLE@NYJ,JUSTIN_FIELDS_1_NFL,justin fields,passing_yards,55.5,+110,-150,54,True
10,CLE@NYJ,BREECE_HALL_1_NFL,breece hall,receiving_yards,10.5,+200,-340,42,True
10,CLE@NYJ,JERRY_JEUDY_1_NFL,jerry jeudy,receiving_yards,39.5,-110,-118,78,True
10,CLE@NYJ,GARRETT_WILSON_1_NFL,garrett wilson,receiving_yards,20.5,-125,-115,0,True
10,CLE@NYJ,MASON_TAYLOR_1_NFL,mason taylor,receiving_yards,10.5,+355,-750,4,True
10,CLE@NYJ,ALLEN_LAZARD_1_NFL,allen lazard,receiving_yards,4.5,-105,-110,0,True
10,CLE@NYJ,ARIAN_SMITH_1_NFL,arian smith,receiving_yards,0.5,+275,-425,0,True
10,CLE@NYJ,JEREMY_RUCKERT_1_NFL,jeremy ruckert,receiving_yards,10.5,+260,-425,0,True
10,CLE@NYJ,TYLER_JOHNSON_1_NFL,tyler johnson,receiving_yards,10.5,+123,-173,0,True
10,CLE@NYJ,HAROLD_FANNIN_JR_1_NFL,harold fannin,receiving_yards,35.5,-145,+100,44,True
10,CLE@NYJ,DAVID_NJOKU_1_NFL,david njoku,receiving_yards,30.5,-114,-114,21,True
10,CLE@NYJ,CEDRIC_TILLMAN_1_NFL,cedric tillman,receiving_yards,27.5,-103,-125,11,True
10,CLE@NYJ,DYLAN_SAMPSON_1_NFL,dylan sampson,receiving_yards,10.5,+240,-375,3,True
10,CLE@NYJ,GAGE_LARVADAIN_1_NFL,gage larvadain,receiving_yards,10.5,+430,-850,0,True
10,CLE@NYJ,ISAIAH_BOND_1_NFL,isaiah bond,receiving_yards,10.5,+105,-140,0,True
10,CLE@NYJ,JAMARI_THRASH_1_NFL,jamari thrash,receiving_yards,7.5,-114,-114,0,True
10,CLE@NYJ,JEROME_FORD_1_NFL,jerome ford,receiving_yards,7.5,-114,-114,0,True
10,CLE@NYJ,BLAKE_WHITEHEART_1_NFL,blake whiteheart,receiving_yards,10.5,+410,-800,0,True
10,CLE@NYJ,ISAIAH_DAVIS_1_NFL,isaiah davis,receiving_yards,10.5,+116,-164,1,True
10,CLE@NYJ,ADONAI_MITCHELL_1_NFL,adonai mitchell,receiving_yards,6.5,-118,-108,0,True
10,NO@CAR,BRYCE_YOUNG_1_NFL,bryce young,passing_yards,152.5,-114,-114,124,True
10,NO@CAR,TYLER_SHOUGH_1_NFL,tyler shough,passing_yards,282.5,+176,-249,282,True
10,NO@CAR,RICO_DOWDLE_1_NFL,rico dowdle,rushing_yards,57.5,-108,-122,53,True
10,NO@CAR,CHRIS_OLAVE_1_NFL,chris olave,receiving_yards,90.5,+130,-200,104,True
10,NO@CAR,TETAIROA_MCMILLAN_1_NFL,tetairoa mcmillan,receiving_yards,60.5,+116,-153,60,True
10,NO@CAR,JALEN_COKER_1_NFL,jalen coker,receiving_yards,21.5,+163,-218,21,True
10,NO@CAR,XAVIER_LEGETTE_1_NFL,xavier legette,receiving_yards,0.5,+165,-220,0,True
10,NO@CAR,JATAVION_SANDERS_1_NFL,jatavion sanders,receiving_yards,32.5,+150,-225,32,True
10,NO@CAR,TOMMY_TREMBLE_1_NFL,tommy tremble,receiving_yards,10.5,+265,-500,0,True
10,NO@CAR,ALVIN_KAMARA_1_NFL,alvin kamara,receiving_yards,32.5,+1105,-36940,32,True
10,NO@CAR,JUWAN_JOHNSON_1_NFL,juwan johnson,receiving_yards,92.5,+875,-4345,92,True
10,NO@CAR,BRANDIN_COOKS_1_NFL,brandin cooks,receiving_yards,10.5,+215,-375,0,True
10,NO@CAR,DEVAUGHN_VELE_1_NFL,devaughn vele,receiving_yards,15.5,+115,-170,15,True
10,NO@CAR,CHUBA_HUBBARD_1_NFL,chuba hubbard,rushing_yards,14.5,+131,-185,14,True
10,NO@CAR,JIMMY_HORN_JR_1_NFL,jimmy horn,receiving_yards,24.5,+122,,0,True
10,NO@CAR,DEVIN_NEAL_1_NFL,devin neal,receiving_yards,5.5,-110,-115,9,True
10,NO@CAR,TAYSOM_HILL_1_NFL,taysom hill,rushing_yards,5.5,-205,+135,20,True
10,BUF@MIA,JOSH_ALLEN_1_NFL,josh allen,passing_yards,309.5,-118,-112,306,True
10,BUF@MIA,TUA_TAGOVAILOA_1_NFL,tua tagovailoa,passing_yards,173.5,+145,-200,173,True
10,BUF@MIA,DEVON_ACHANE_1_NFL,devon achane,rushing_yards,141.5,-122,-108,174,True
10,BUF@MIA,JAMES_COOK_1_NFL,james cook,rushing_yards,50.5,+175,-285,53,True
10,BUF@MIA,DALTON_KINCAID_1_NFL,dalton kincaid,receiving_yards,47.5,-120,-110,37,True
10,BUF@MIA,JAYLEN_WADDLE_1_NFL,jaylen waddle,receiving_yards,66.5,-120,-110,84,True
10,BUF@MIA,KHALIL_SHAKIR_1_NFL,khalil shakir,receiving_yards,47.5,-120,-110,58,True
10,BUF@MIA,MALIK_WASHINGTON_1_NFL,malik washington,receiving_yards,10.5,+255,-475,9,True
10,BUF@MIA,NICK_WESTBROOKIKHINE_1_NFL,nick westbrookikhine,receiving_yards,0.5,-105,-135,7,True
10,BUF@MIA,DAWSON_KNOX_1_NFL,dawson knox,receiving_yards,9.5,-120,-110,37,True
10,BUF@MIA,KEON_COLEMAN_1_NFL,keon coleman,receiving_yards,36.5,-117,-110,46,True
10,BUF@MIA,RAY_DAVIS_1_NFL,ray davis,rushing_yards,24.5,-150,,-2,True
10,BUF@MIA,JULIAN_HILL_1_NFL,julian hill,receiving_yards,9.5,-111,-110,0,True
10,BUF@MIA,OLLIE_GORDON_1_NFL,ollie gordon,rushing_yards,15.5,-125,-115,-3,True
10,BUF@MIA,GREG_DULCICH_1_NFL,greg dulcich,receiving_yards,21.5,-120,-110,22,True
10,BUF@MIA,CURTIS_SAMUEL_1_NFL,curtis samuel,receiving_yards,21.5,+145,-195,21,True
10,NE@TB,BAKER_MAYFIELD_1_NFL,baker mayfield,passing_yards,241.5,-116,-116,273,True
10,NE@TB,DRAKE_MAYE_1_NFL,drake maye,passing_yards,280.5,-108,-121,270,True
10,NE@TB,EMEKA_EGBUKA_1_NFL,emeka egbuka,receiving_yards,105.5,-118,-116,115,True
10,NE@TB,STEFON_DIGGS_1_NFL,stefon diggs,receiving_yards,46.5,+225,-320,46,True
10,NE@TB,TEZ_JOHNSON_1_NFL,tez johnson,receiving_yards,26.5,-116,-116,42,True
10,NE@TB,RACHAAD_WHITE_1_NFL,rachaad white,rushing_yards,35.5,+100,-145,38,True
10,NE@TB,CADE_OTTON_1_NFL,cade otton,receiving_yards,66.5,-115,-118,82,True
10,NE@TB,MACK_HOLLINS_1_NFL,mack hollins,receiving_yards,55.5,+225,-400,106,True
10,NE@TB,AUSTIN_HOOPER_1_NFL,austin hooper,receiving_yards,0.5,+615,-1250,0,True
10,NE@TB,DEMARIO_DOUGLAS_1_NFL,demario douglas,receiving_yards,35.5,-110,-130,34,True
10,NE@TB,HUNTER_HENRY_1_NFL,hunter henry,receiving_yards,9.5,+341,-475,9,True
10,NE@TB,STERLING_SHEPARD_1_NFL,sterling shepard,receiving_yards,11.5,-115,-115,20,True
10,NE@TB,TREVEYON_HENDERSON_1_NFL,treveyon henderson,receiving_yards,3.5,+305,-460,3,True
10,NE@TB,SEAN_TUCKER_1_NFL,sean tucker,rushing_yards,35.5,+138,-196,53,True
10,NE@TB,KYLE_WILLIAMS_1_NFL,kyle williams,receiving_yards,72.5,+570,-1095,72,True
10,NE@TB,TERRELL_JENNINGS_1_NFL,terrell jennings,rushing_yards,25.5,-125,-115,5,True
10,JAX@HOU,TREVOR_LAWRENCE_1_NFL,trevor lawrence,passing_yards,201.5,-114,-114,158,True
10,JAX@HOU,DAVIS_MILLS_1_NFL,davis mills,passing_yards,320.5,-105,-125,292,True
10,JAX@HOU,NICO_COLLINS_1_NFL,nico collins,receiving_yards,67.5,-114,-114,136,True
10,JAX@HOU,DALTON_SCHULTZ_1_NFL,dalton schultz,receiving_yards,38.5,-114,-114,53,True
10,JAX@HOU,CHRISTIAN_KIRK_1_NFL,christian kirk,receiving_yards,30.5,-115,-112,3,True
10,JAX@HOU,TRAVIS_ETIENNE_JR_1_NFL,travis etienne,receiving_yards,19.5,+110,-150,19,True
10,JAX@HOU,XAVIER_HUTCHINSON_1_NFL,xavier hutchinson,receiving_yards,10.5,+140,-215,0,True
10,JAX@HOU,BHAYSHUL_TUTEN_1_NFL,bhayshul tuten,receiving_yards,10.5,+140,-215,5,True
10,JAX@HOU,JOQUAVIOUS_MARKS_1_NFL,joquavious marks,rushing_yards,33.5,-110,-120,63,True
10,JAX@HOU,NICK_CHUBB_1_NFL,nick chubb,rushing_yards,34.5,-115,-115,47,True
10,JAX@HOU,PARKER_WASHINGTON_1_NFL,parker washington,receiving_yards,42.5,-120,-108,33,True
10,JAX@HOU,DYAMI_BROWN_1_NFL,dyami brown,receiving_yards,32.5,-115,-112,0,True
10,JAX@HOU,HUNTER_LONG_1_NFL,hunter long,receiving_yards,16.5,-114,-114,0,True
10,JAX@HOU,JOHNNY_MUNDT_1_NFL,johnny mundt,receiving_yards,10.5,+155,-245,21,True
10,JAX@HOU,LEQUINT_ALLEN_1_NFL,lequint allen,receiving_yards,10.5,+240,-375,6,True
10,JAX@HOU,TIM_PATRICK_1_NFL,tim patrick,receiving_yards,10.5,+135,-205,0,True
10,JAX@HOU,JAYDEN_HIGGINS_1_NFL,jayden higgins,receiving_yards,10.5,+235,-425,42,True
10,BAL@MIN,JJ_MCCARTHY_1_NFL,jj mccarthy,passing_yards,220.5,-110,-120,248,True
10,BAL@MIN,LAMAR_JACKSON_1_NFL,lamar jackson,passing_yards,185.5,-120,-110,176,True
10,BAL@MIN,DERRICK_HENRY_1_NFL,derrick henry,rushing_yards,81.5,-110,-117,75,True
10,BAL@MIN,JORDAN_ADDISON_1_NFL,jordan addison,receiving_yards,15.5,-115,-125,35,True
10,BAL@MIN,JUSTIN_JEFFERSON_1_NFL,justin jefferson,receiving_yards,74.5,-125,-103,37,True
10,BAL@MIN,MARK_ANDREWS_1_NFL,mark andrews,receiving_yards,15.5,+225,-400,14,True
10,BAL@MIN,TJ_HOCKENSON_1_NFL,tj hockenson,receiving_yards,10.5,-140,-105,8,True
10,BAL@MIN,ZAY_FLOWERS_1_NFL,zay flowers,receiving_yards,75.5,+125,-190,75,True
10,BAL@MIN,ISAIAH_LIKELY_1_NFL,isaiah likely,receiving_yards,20.5,+320,-650,17,True
10,BAL@MIN,JUSTICE_HILL_1_NFL,justice hill,receiving_yards,15.5,+195,-330,12,True
10,BAL@MIN,RASHOD_BATEMAN_1_NFL,rashod bateman,receiving_yards,10.5,+135,-205,10,True
10,BAL@MIN,JALEN_NAILOR_1_NFL,jalen nailor,receiving_yards,80.5,+115,-170,124,True
10,BAL@MIN,AARON_JONES_1_NFL,aaron jones,receiving_yards,15.5,-125,-103,22,True
10,BAL@MIN,BEN_YUROSEK_1_NFL,ben yurosek,receiving_yards,10.5,+780,-2200,0,True
10,BAL@MIN,JORDAN_MASON_1_NFL,jordan mason,receiving_yards,10.5,+600,-1800,6,True
10,BAL@MIN,JOSH_OLIVER_1_NFL,josh oliver,receiving_yards,10.5,+225,-350,0,True
10,BAL@MIN,ZAVIER_SCOTT_1_NFL,zavier scott,receiving_yards,10.5,+900,-2800,0,True
10,BAL@MIN,KEATON_MITCHELL_1_NFL,keaton mitchell,receiving_yards,10.5,+490,-1000,0,True
10,BAL@MIN,DEANDRE_HOPKINS_1_NFL,deandre hopkins,receiving_yards,10.5,+185,-310,16,True
10,NYG@CHI,CHRIS_WILLIAMS_1_NFL,chris williams,passing_yards,216.5,-115,-115,220,True
10,NYG@CHI,JAXSON_DART_1_NFL,jaxson dart,passing_yards,285.5,-105,-125,242,True
10,NYG@CHI,WANDALE_ROBINSON_1_NFL,wandale robinson,receiving_yards,49.5,-114,-114,62,True
10,NYG@CHI,DJ_MOORE_1_NFL,dj moore,receiving_yards,10.5,+130,-200,0,True
10,NYG@CHI,ROME_ODUNZE_1_NFL,rome odunze,receiving_yards,53.5,-114,-114,86,True
10,NYG@CHI,TYRONE_TRACY_1_NFL,tyrone tracy,receiving_yards,17.5,-106,-123,0,True
10,NYG@CHI,DANDRE_SWIFT_1_NFL,dandre swift,receiving_yards,20.5,+120,-180,18,True
10,NYG@CHI,DARIUS_SLAYTON_1_NFL,darius slayton,receiving_yards,40.5,-110,-120,89,True
10,NYG@CHI,THEO_JOHNSON_1_NFL,theo johnson,receiving_yards,75.5,+255,-475,75,True
10,NYG@CHI,COLSTON_LOVELAND_1_NFL,colston loveland,receiving_yards,25.5,-115,-114,55,True
10,NYG@CHI,DANIEL_BELLINGER_1_NFL,daniel bellinger,receiving_yards,8.5,+240,-345,8,True
10,NYG@CHI,DEVIN_SINGLETARY_1_NFL,devin singletary,receiving_yards,10.5,+135,-205,53,True
10,NYG@CHI,KYLE_MONANGAI_1_NFL,kyle monangai,rushing_yards,30.5,+180,-300,28,True
10,NYG@CHI,OLAMIDE_ZACCHEAUS_1_NFL,olamide zaccheaus,receiving_yards,24.5,-114,-114,5,True
10,NYG@CHI,COLE_KMET_1_NFL,cole kmet,receiving_yards,9.5,-117,-111,5,True
10,NYG@CHI,DURHAM_SMYTHE_1_NFL,durham smythe,receiving_yards,10.5,+380,-700,0,True
10,NYG@CHI,LUTHER_BURDEN_III_1_NFL,luther burden,receiving_yards,12.5,-120,-110,51,True
10,NYG@CHI,RAYRAY_MCCLOUD_III_1_NFL,rayray mccloud,receiving_yards,17.5,-110,-120,0,True
10,ARI@SEA,SAM_DARNOLD_1_NFL,sam darnold,passing_yards,267.5,-116,-124,178,True
10,ARI@SEA,KENNETH_WALKER_III_1_NFL,kenneth walker,rushing_yards,55.5,-114,-117,67,True
10,ARI@SEA,JAXON_SMITHNJIGBA_1_NFL,jaxon smithnjigba,receiving_yards,102.5,-114,-117,93,True
10,ARI@SEA,JACOBY_BRISSETT_1_NFL,jacoby brissett,passing_yards,296.5,-114,-114,258,True
10,ARI@SEA,ZACH_CHARBONNET_1_NFL,zach charbonnet,receiving_yards,10.5,+225,-400,0,True
10,ARI@SEA,AJ_BARNER_1_NFL,aj barner,receiving_yards,28.5,-118,-113,0,True
10,ARI@SEA,ELIJAH_ARROYO_1_NFL,elijah arroyo,receiving_yards,18.5,-112,-120,5,True
10,ARI@SEA,TREY_MCBRIDE_1_NFL,trey mcbride,receiving_yards,61.5,-113,-117,127,True
10,ARI@SEA,MARVIN_HARRISON_JR_1_NFL,marvin harrison,receiving_yards,54.5,-114,-117,33,True
10,ARI@SEA,MACK_WILSON_1_NFL,mack wilson,receiving_yards,29.5,-113,-118,34,True
10,ARI@SEA,ZAY_JONES_1_NFL,zay jones,receiving_yards,13.5,-113,-118,0,True
10,ARI@SEA,ZONOVAN_KNIGHT_1_NFL,zonovan knight,receiving_yards,10.5,+150,-235,5,True
10,ARI@SEA,ELIJAH_HIGGINS_1_NFL,elijah higgins,receiving_yards,10.5,+185,-310,19,True
10,ARI@SEA,EMARI_DEMERCADO_1_NFL,emari demercado,rushing_yards,35.5,-115,-115,64,True
10,ARI@SEA,COOPER_KUPP_1_NFL,cooper kupp,receiving_yards,23.5,-120,-112,74,True
10,ARI@SEA,RASHID_SHAHEED_1_NFL,rashid shaheed,receiving_yards,34.5,-118,-113,3,True
10,LA@SF,CHRISTIAN_MCCAFFREY_1_NFL,christian mccaffrey,rushing_yards,35.5,-140,-105,30,True
10,LA@SF,KYREN_WILLIAMS_1_NFL,kyren williams,rushing_yards,63.5,-120,-115,73,True
10,LA@SF,DAVANTE_ADAMS_1_NFL,davante adams,receiving_yards,85.5,-130,-110,77,True
10,LA@SF,PUKA_NACUA_1_NFL,puka nacua,receiving_yards,65.5,+115,-170,64,True
10,LA@SF,MATTHEW_STAFFORD_1_NFL,matthew stafford,passing_yards,265.5,-140,+105,280,True
10,LA@SF,TYLER_HIGBEE_1_NFL,tyler higbee,receiving_yards,22.5,+155,-215,33,True
10,LA@SF,BLAKE_CORUM_1_NFL,blake corum,rushing_yards,50.5,-107,-134,56,True
10,LA@SF,GEORGE_KITTLE_1_NFL,george kittle,receiving_yards,80.5,-115,-125,84,True
10,LA@SF,JAUAN_JENNINGS_1_NFL,jauan jennings,receiving_yards,80.5,-110,-130,71,True
10,LA@SF,KYLE_JUSZCZYK_1_NFL,kyle juszczyk,receiving_yards,10.5,-110,-130,8,True
10,LA@SF,DEMARCUS_ROBINSON_1_NFL,demarcus robinson,receiving_yards,15.5,+100,-145,34,True
10,LA@SF,KENDRICK_BOURNE_1_NFL,kendrick bourne,receiving_yards,20.5,-115,-125,19,True
10,LA@SF,BRIAN_ROBINSON_1_NFL,brian robinson,rushing_yards,45.5,+110,-165,41,True
10,LA@SF,BROCK_PURDY_1_NFL,brock purdy,passing_yards,249.5,-117,-118,0,True
10,LA@SF,JORDAN_WHITTINGTON_1_NFL,jordan whittington,receiving_yards,10.5,+145,-225,0,True
10,LA@SF,MAC_JONES_1_NFL,mac jones,passing_yards,315.5,-118,-112,319,True
10,LA@SF,JORDAN_WATKINS_1_NFL,jordan watkins,receiving_yards,0.5,+100,-116,0,True
10,LA@SF,DAVIS_ALLEN_1_NFL,davis allen,receiving_yards,10.5,+180,-265,8,True
10,LA@SF,TERRANCE_FERGUSON_1_NFL,terrance ferguson,receiving_yards,0.5,+295,-440,32,True
10,DET@WAS,JARED_GOFF_1_NFL,jared goff,passing_yards,321.5,-115,-115,320,True
10,DET@WAS,JAHMYR_GIBBS_1_NFL,jahmyr gibbs,rushing_yards,115.5,+100,-145,142,True
10,DET@WAS,AMONRA_ST_BROWN_1_NFL,amonra st brown,receiving_yards,58.5,+320,-485,58,True
10,DET@WAS,JAMESON_WILLIAMS_1_NFL,jameson williams,receiving_yards,119.5,+660,-1410,119,True
10,DET@WAS,SAM_LAPORTA_1_NFL,sam laporta,receiving_yards,45.5,+105,-155,53,True
10,DET@WAS,MARCUS_MARIOTA_1_NFL,marcus mariota,passing_yards,200.5,-125,-105,213,True
10,DET@WAS,DAVID_MONTGOMERY_1_NFL,david montgomery,receiving_yards,0.5,+1245,-10890,0,True
10,DET@WAS,JACORY_MERRITT_1_NFL,jacory merritt,rushing_yards,27.5,+240,-390,30,True
10,DET@WAS,DEEBO_SAMUEL_1_NFL,deebo samuel,receiving_yards,20.5,-130,-110,29,True
10,DET@WAS,ZACH_ERTZ_1_NFL,zach ertz,receiving_yards,55.5,-120,-125,54,True
10,DET@WAS,JAYLIN_LANE_1_NFL,jaylin lane,receiving_yards,56.5,-120,-120,41,True
10,DET@WAS,CHRIS_RODRIGUEZ_JR_1_NFL,chris rodriguez,rushing_yards,16.5,-115,-115,16,True
10,DET@WAS,JEREMY_MCNICHOLS_1_NFL,jeremy mcnichols,receiving_yards,4.5,+175,-270,4,True
10,DET@WAS,CHRIS_MOORE_1_NFL,chris moore,receiving_yards,20.5,-105,-140,0,True
10,DET@WAS,ISAAC_TESLAA_1_NFL,isaac teslaa,receiving_yards,11.5,+130,-179,11,True
10,DET@WAS,KALIF_RAYMOND_1_NFL,kalif raymond,receiving_yards,49.5,+290,-425,49,True
10,DET@WAS,BROCK_WRIGHT_1_NFL,brock wright,receiving_yards,5.5,-105,-105,0,True
10,DET@WAS,TREYLON_BURKS_1_NFL,treylon burks,receiving_yards,65.5,-125,-115,58,True
10,PIT@LAC,AARON_RODGERS_1_NFL,aaron rodgers,passing_yards,215.5,-117,-114,161,True
10,PIT@LAC,JUSTIN_HERBERT_1_NFL,justin herbert,passing_yards,252.5,-115,-115,220,True
10,PIT@LAC,JAYLEN_WARREN_1_NFL,jaylen warren,rushing_yards,59.5,-115,-115,70,True
10,PIT@LAC,DK_METCALF_1_NFL,dk metcalf,receiving_yards,47.5,-114,-117,35,True
10,PIT@LAC,LADD_MCCONKEY_1_NFL,ladd mcconkey,receiving_yards,63.5,-115,-114,107,True
10,PIT@LAC,ORONDE_GADSDEN_II_1_NFL,oronde gadsden,receiving_yards,54.5,-114,-117,13,True
10,PIT@LAC,PAT_FREIERMUTH_1_NFL,pat freiermuth,receiving_yards,22.5,-113,-118,33,True
10,PIT@LAC,KEENAN_ALLEN_1_NFL,keenan allen,receiving_yards,41.5,-114,-117,19,True
10,PIT@LAC,CALVIN_AUSTIN_1_NFL,calvin austin,receiving_yards,30.5,-118,-113,14,True
10,PIT@LAC,JONNU_SMITH_1_NFL,jonnu smith,receiving_yards,22.5,-112,-120,4,True
10,PIT@LAC,QUENTIN_JOHNSTON_1_NFL,quentin johnston,receiving_yards,44.5,-117,-114,42,True
10,PIT@LAC,DARNELL_WASHINGTON_1_NFL,darnell washington,receiving_yards,12.5,-113,-118,15,True
10,PIT@LAC,KENNETH_GAINWELL_1_NFL,kenneth gainwell,receiving_yards,12.5,-120,-112,4,True
10,PIT@LAC,KIMANI_VIDAL_1_NFL,kimani vidal,receiving_yards,9.5,-117,-114,13,True
10,PIT@LAC,ROMAN_WILSON_1_NFL,roman wilson,receiving_yards,8.5,-113,-117,35,True
10,PIT@LAC,TRE_HARRIS_1_NFL,tre harris,receiving_yards,10.5,-108,-121,4,True
10,PIT@LAC,JARET_PATTERSON_1_NFL,jaret patterson,rushing_yards,19.5,+400,-110,1,True
11,NYJ@NE,DRAKE_MAYE_1_NFL,drake maye,passing_yards,281.5,+125,-174,281,True
11,NYJ@NE,BREECE_HALL_1_NFL,breece hall,rushing_yards,58.5,-107,-124,58,True
11,NYJ@NE,STEFON_DIGGS_1_NFL,stefon diggs,receiving_yards,105.5,+283,-429,105,True
11,NYJ@NE,HUNTER_HENRY_1_NFL,hunter henry,receiving_yards,45.5,+240,-330,45,True
11,NYJ@NE,MACK_HOLLINS_1_NFL,mack hollins,receiving_yards,64.5,+389,-664,64,True
11,NYJ@NE,MASON_TAYLOR_1_NFL,mason taylor,receiving_yards,34.5,-116,-116,30,True
11,NYJ@NE,DEMARIO_DOUGLAS_1_NFL,demario douglas,receiving_yards,10.5,+135,-205,36,True
11,NYJ@NE,KYLE_WILLIAMS_1_NFL,kyle williams,receiving_yards,10.5,+165,-265,0,True
11,NYJ@NE,JEREMY_RUCKERT_1_NFL,jeremy ruckert,receiving_yards,10.5,+165,-265,23,True
11,NYJ@NE,JUSTIN_FIELDS_1_NFL,justin fields,passing_yards,115.5,+100,-135,116,True
11,NYJ@NE,TYLER_JOHNSON_1_NFL,tyler johnson,receiving_yards,10.5,+135,-205,0,True
11,NYJ@NE,TREVEYON_HENDERSON_1_NFL,treveyon henderson,receiving_yards,30.5,+150,-235,31,True
11,NYJ@NE,ISAIAH_WILLIAMS_1_NFL,isaiah williams,receiving_yards,8.5,-111,-120,2,True
11,NYJ@NE,ARIAN_SMITH_1_NFL,arian smith,receiving_yards,10.5,+155,-245,0,True
11,NYJ@NE,ISAIAH_DAVIS_1_NFL,isaiah davis,receiving_yards,10.5,+130,-200,0,True
11,NYJ@NE,ADONAI_MITCHELL_1_NFL,adonai mitchell,receiving_yards,10.5,+142,-203,10,True
11,NYJ@NE,TERRELL_JENNINGS_1_NFL,terrell jennings,rushing_yards,5.5,-140,-102,0,True
11,WAS@MIA,MARCUS_MARIOTA_1_NFL,marcus mariota,passing_yards,180.5,-105,-125,213,True
11,WAS@MIA,TUA_TAGOVAILOA_1_NFL,tua tagovailoa,passing_yards,178.5,-120,-115,171,True
11,WAS@MIA,DEVON_ACHANE_1_NFL,devon achane,rushing_yards,75.5,+100,-145,120,True
11,WAS@MIA,JAYLEN_WADDLE_1_NFL,jaylen waddle,receiving_yards,70.5,-120,-120,52,True
11,WAS@MIA,DEEBO_SAMUEL_1_NFL,deebo samuel,receiving_yards,47.5,-120,-115,74,True
11,WAS@MIA,ZACH_ERTZ_1_NFL,zach ertz,receiving_yards,39.5,-115,-115,42,True
11,WAS@MIA,MALIK_WASHINGTON_1_NFL,malik washington,receiving_yards,45.5,-145,+100,42,True
11,WAS@MIA,NICK_WESTBROOKIKHINE_1_NFL,nick westbrookikhine,receiving_yards,10.5,+145,-225,0,True
11,WAS@MIA,JACORY_MERRITT_1_NFL,jacory merritt,rushing_yards,28.5,+215,-305,28,True
11,WAS@MIA,JAYLIN_LANE_1_NFL,jaylin lane,receiving_yards,17.5,-120,-115,13,True
11,WAS@MIA,CHRIS_RODRIGUEZ_JR_1_NFL,chris rodriguez,rushing_yards,79.5,+125,-170,79,True
11,WAS@MIA,JOHN_BATES_1_NFL,john bates,receiving_yards,0.5,+310,-470,0,True
11,WAS@MIA,GREG_DULCICH_1_NFL,greg dulcich,receiving_yards,20.5,-125,-115,18,True
11,WAS@MIA,JEREMY_MCNICHOLS_1_NFL,jeremy mcnichols,receiving_yards,16.5,+255,-370,16,True
11,WAS@MIA,ROBBIE_CHOSEN_1_NFL,robbie chosen,receiving_yards,10.5,-105,-140,0,True
11,WAS@MIA,JULIAN_HILL_1_NFL,julian hill,receiving_yards,5.5,+100,+100,14,True
11,WAS@MIA,CHRIS_MOORE_1_NFL,chris moore,receiving_yards,28.5,+177,-237,28,True
11,GB@NYG,JORDAN_LOVE_1_NFL,jordan love,passing_yards,145.5,-110,-120,174,False
11,GB@NYG,JOSH_JACOBS_1_NFL,josh jacobs,rushing_yards,84.5,-115,-113,40,False
11,GB@NYG,JAMEIS_WINSTON_1_NFL,jameis winston,passing_yards,220.5,-114,-115,201,False
11,GB@NYG,TYRONE_TRACY_1_NFL,tyrone tracy,rushing_yards,73.5,-128,-123,88,False
11,GB@NYG,THEO_JOHNSON_1_NFL,theo johnson,receiving_yards,36.5,+177,-235,36,False
11,GB@NYG,WANDALE_ROBINSON_1_NFL,wandale robinson,receiving_yards,37.5,-128,-123,36,False
11,GB@NYG,CHRISTIAN_WATSON_1_NFL,christian watson,receiving_yards,40.5,-114,-114,46,False
11,GB@NYG,LUKE_MUSGRAVE_1_NFL,luke musgrave,receiving_yards,26.5,-118,-110,-1,False
11,GB@NYG,ROMEO_DOUBS_1_NFL,romeo doubs,receiving_yards,47.5,-115,-113,53,False
11,GB@NYG,DARIUS_SLAYTON_1_NFL,darius slayton,receiving_yards,36.5,-115,-112,0,False
11,GB@NYG,DEVIN_SINGLETARY_1_NFL,devin singletary,rushing_yards,33.5,+400,-745,44,False
11,GB@NYG,EMANUEL_WILSON_1_NFL,emanuel wilson,rushing_yards,16.5,-112,-117,40,False
11,GB@NYG,DANIEL_BELLINGER_1_NFL,daniel bellinger,receiving_yards,0.5,+204,-287,0,False
11,GB@NYG,GUNNER_OLSZEWSKI_1_NFL,gunner olszewski,receiving_yards,0.5,+180,-265,0,False
11,GB@NYG,MATTHEW_GOLDEN_1_NFL,matthew golden,receiving_yards,25.5,+235,-425,24,False
11,GB@NYG,DONTAYVION_WICKS_1_NFL,dontayvion wicks,receiving_yards,10.5,+100,-145,9,False
11,CHI@MIN,CHRIS_WILLIAMS_1_NFL,chris williams,passing_yards,220.5,-115,-115,193,True
11,CHI@MIN,JJ_MCCARTHY_1_NFL,jj mccarthy,passing_yards,120.5,-115,-115,150,True
11,CHI@MIN,AARON_JONES_1_NFL,aaron jones,rushing_yards,55.5,-120,-110,70,True
11,CHI@MIN,COLSTON_LOVELAND_1_NFL,colston loveland,receiving_yards,20.5,+225,-400,40,True
11,CHI@MIN,DJ_MOORE_1_NFL,dj moore,receiving_yards,20.5,+225,-400,18,True
11,CHI@MIN,JORDAN_ADDISON_1_NFL,jordan addison,receiving_yards,6.5,-112,-117,20,True
11,CHI@MIN,JUSTIN_JEFFERSON_1_NFL,justin jefferson,receiving_yards,62.5,-117,-110,61,True
11,CHI@MIN,ROME_ODUNZE_1_NFL,rome odunze,receiving_yards,45.5,+135,-205,41,True
11,CHI@MIN,TJ_HOCKENSON_1_NFL,tj hockenson,receiving_yards,7.5,+115,-152,39,True
11,CHI@MIN,JALEN_NAILOR_1_NFL,jalen nailor,receiving_yards,0.5,+245,-350,16,True
11,CHI@MIN,JORDAN_MASON_1_NFL,jordan mason,rushing_yards,45.5,+145,-225,45,True
11,CHI@MIN,DANDRE_SWIFT_1_NFL,dandre swift,rushing_yards,85.5,-140,-105,90,True
11,CHI@MIN,KYLE_MONANGAI_1_NFL,kyle monangai,rushing_yards,20.5,-125,-115,23,True
11,CHI@MIN,OLAMIDE_ZACCHEAUS_1_NFL,olamide zaccheaus,receiving_yards,10.5,+140,-215,0,True
11,CHI@MIN,LUTHER_BURDEN_III_1_NFL,luther burden,receiving_yards,30.5,+305,-600,27,True
11,CHI@MIN,COLE_KMET_1_NFL,cole kmet,receiving_yards,45.5,+370,-800,45,True
11,TB@BUF,BAKER_MAYFIELD_1_NFL,baker mayfield,passing_yards,202.5,-110,-115,173,True
11,TB@BUF,JOSH_ALLEN_1_NFL,josh allen,passing_yards,308.5,-115,-115,317,True
11,TB@BUF,JAMES_COOK_1_NFL,james cook,rushing_yards,25.5,-105,-140,48,True
11,TB@BUF,CADE_OTTON_1_NFL,cade otton,receiving_yards,38.5,-114,-114,28,True
11,TB@BUF,EMEKA_EGBUKA_1_NFL,emeka egbuka,receiving_yards,59.5,-130,+100,40,True
11,TB@BUF,KHALIL_SHAKIR_1_NFL,khalil shakir,receiving_yards,10.5,+235,-425,-3,True
11,TB@BUF,RACHAAD_WHITE_1_NFL,rachaad white,rushing_yards,60.5,-125,-115,51,True
11,TB@BUF,KEON_COLEMAN_1_NFL,keon coleman,receiving_yards,32.5,-114,-115,0,True
11,TB@BUF,TEZ_JOHNSON_1_NFL,tez johnson,receiving_yards,32.5,-120,-108,6,True
11,TB@BUF,STERLING_SHEPARD_1_NFL,sterling shepard,receiving_yards,19.5,-114,-114,54,True
11,TB@BUF,DAWSON_KNOX_1_NFL,dawson knox,receiving_yards,25.5,+225,-400,23,True
11,TB@BUF,SEAN_TUCKER_1_NFL,sean tucker,rushing_yards,115.5,+110,-165,106,True
11,TB@BUF,JACKSON_HAWES_1_NFL,jackson hawes,receiving_yards,0.5,+263,-389,0,True
11,TB@BUF,JOSH_PALMER_1_NFL,josh palmer,receiving_yards,13.5,+200,-275,17,True
11,TB@BUF,TY_JOHNSON_1_NFL,ty johnson,receiving_yards,5.5,-105,-105,61,True
11,TB@BUF,CURTIS_SAMUEL_1_NFL,curtis samuel,receiving_yards,5.5,+100,+100,19,True
11,TB@BUF,ELIJAH_MOORE_1_NFL,elijah moore,receiving_yards,6.5,-110,-111,0,True
11,TB@BUF,TYRELL_SHAVERS_1_NFL,tyrell shavers,receiving_yards,90.5,+275,-425,90,True
11,LAC@JAX,JUSTIN_HERBERT_1_NFL,justin herbert,passing_yards,252.5,-113,-105,81,True
11,LAC@JAX,TREVOR_LAWRENCE_1_NFL,trevor lawrence,passing_yards,160.5,+105,-140,153,True
11,LAC@JAX,TRAVIS_ETIENNE_JR_1_NFL,travis etienne,rushing_yards,80.5,-110,-130,73,True
11,LAC@JAX,LADD_MCCONKEY_1_NFL,ladd mcconkey,receiving_yards,25.5,-105,-140,13,True
11,LAC@JAX,KIMANI_VIDAL_1_NFL,kimani vidal,receiving_yards,10.5,-110,-112,-1,True
11,LAC@JAX,QUENTIN_JOHNSTON_1_NFL,quentin johnston,receiving_yards,40.5,-115,-108,0,True
11,LAC@JAX,PARKER_WASHINGTON_1_NFL,parker washington,receiving_yards,20.5,+215,-375,20,True
11,LAC@JAX,KEENAN_ALLEN_1_NFL,keenan allen,receiving_yards,55.5,+100,-145,53,True
11,LAC@JAX,BHAYSHUL_TUTEN_1_NFL,bhayshul tuten,receiving_yards,0.5,+130,-165,0,True
11,LAC@JAX,TRE_HARRIS_1_NFL,tre harris,receiving_yards,12.5,-105,-125,12,True
11,LAC@JAX,ORONDE_GADSDEN_II_1_NFL,oronde gadsden,receiving_yards,25.5,-110,-130,41,True
11,LAC@JAX,BRIAN_THOMAS_1_NFL,brian thomas,receiving_yards,49.5,-113,-113,0,True
11,LAC@JAX,DYAMI_BROWN_1_NFL,dyami brown,receiving_yards,10.5,+205,-350,0,True
11,LAC@JAX,JOHNNY_MUNDT_1_NFL,johnny mundt,receiving_yards,25.5,+165,-235,25,True
11,LAC@JAX,QUINTIN_MORRIS_1_NFL,quintin morris,receiving_yards,6.5,-107,-112,11,True
11,LAC@JAX,TIM_PATRICK_1_NFL,tim patrick,receiving_yards,19.5,+210,-285,20,True
11,CIN@PIT,AARON_RODGERS_1_NFL,aaron rodgers,passing_yards,215.5,-125,-105,116,True
11,CIN@PIT,JOE_FLACCO_1_NFL,joe flacco,passing_yards,206.5,-123,-123,199,True
11,CIN@PIT,JAYLEN_WARREN_1_NFL,jaylen warren,rushing_yards,90.5,-125,-115,62,True
11,CIN@PIT,DK_METCALF_1_NFL,dk metcalf,receiving_yards,40.5,+200,-340,49,True
11,CIN@PIT,JAMARR_CHASE_1_NFL,jamarr chase,receiving_yards,27.5,-137,-137,30,True
11,CIN@PIT,TEE_HIGGINS_1_NFL,tee higgins,receiving_yards,63.5,+114,-145,63,True
11,CIN@PIT,CHASE_BROWN_1_NFL,chase brown,receiving_yards,30.5,-105,-140,28,True
11,CIN@PIT,CALVIN_AUSTIN_1_NFL,calvin austin,receiving_yards,10.5,+255,-475,5,True
11,CIN@PIT,ANDREI_IOSIVAS_1_NFL,andrei iosivas,receiving_yards,20.5,+138,-190,20,True
11,CIN@PIT,NOAH_FANT_1_NFL,noah fant,receiving_yards,30.5,-115,-125,36,True
11,CIN@PIT,JONNU_SMITH_1_NFL,jonnu smith,receiving_yards,10.5,+320,-650,0,True
11,CIN@PIT,PAT_FREIERMUTH_1_NFL,pat freiermuth,receiving_yards,33.5,-115,-125,19,True
11,CIN@PIT,KENNETH_GAINWELL_1_NFL,kenneth gainwell,receiving_yards,25.5,+225,-400,81,True
11,CIN@PIT,DARNELL_WASHINGTON_1_NFL,darnell washington,receiving_yards,65.5,+225,-400,67,True
11,CIN@PIT,TANNER_HUDSON_1_NFL,tanner hudson,receiving_yards,12.5,-104,+100,22,True
11,CIN@PIT,ROMAN_WILSON_1_NFL,roman wilson,receiving_yards,2.5,-115,-120,17,True
11,HOU@TEN,CAMERON_WARD_1_NFL,cameron ward,passing_yards,170.5,-105,-125,194,True
11,HOU@TEN,NICO_COLLINS_1_NFL,nico collins,receiving_yards,75.5,+125,-190,92,True
11,HOU@TEN,ELIC_AYOMANOR_1_NFL,elic ayomanor,receiving_yards,15.5,-130,-110,11,True
11,HOU@TEN,TONY_POLLARD_1_NFL,tony pollard,receiving_yards,9.5,-108,-120,4,True
11,HOU@TEN,CHIGOZIEM_OKONOKWO_1_NFL,chigoziem okonokwo,receiving_yards,20.5,+105,-155,56,True
11,HOU@TEN,CHIMERE_DIKE_1_NFL,chimere dike,receiving_yards,24.5,-114,-114,14,True
11,HOU@TEN,JOQUAVIOUS_MARKS_1_NFL,joquavious marks,receiving_yards,13.5,-114,-114,7,True
11,HOU@TEN,TYJAE_SPEARS_1_NFL,tyjae spears,receiving_yards,16.5,-115,-112,31,True
11,HOU@TEN,DALTON_SCHULTZ_1_NFL,dalton schultz,receiving_yards,35.5,+105,-146,51,True
11,HOU@TEN,DAVIS_MILLS_1_NFL,davis mills,passing_yards,250.5,-105,-125,274,True
11,HOU@TEN,CALVIN_RIDLEY_1_NFL,calvin ridley,receiving_yards,32.5,-114,-114,13,True
11,HOU@TEN,JAYDEN_HIGGINS_1_NFL,jayden higgins,receiving_yards,16.5,-117,-112,55,True
11,HOU@TEN,NICK_CHUBB_1_NFL,nick chubb,rushing_yards,20.5,-115,-125,17,True
11,HOU@TEN,XAVIER_HUTCHINSON_1_NFL,xavier hutchinson,receiving_yards,36.5,+260,-375,42,True
11,HOU@TEN,GUNNAR_HELM_1_NFL,gunnar helm,receiving_yards,12.5,-120,-120,29,True
11,HOU@TEN,CHRISTIAN_KIRK_1_NFL,christian kirk,receiving_yards,16.5,-115,-112,6,True
11,HOU@TEN,JAYLIN_NOEL_1_NFL,jaylin noel,receiving_yards,12.5,+250,-350,12,True
11,HOU@TEN,VAN_JEFFERSON_1_NFL,van jefferson,receiving_yards,18.5,+137,-179,22,True
11,CAR@ATL,BRYCE_YOUNG_1_NFL,bryce young,passing_yards,350.5,-110,-120,448,True
11,CAR@ATL,MICHAEL_PENIX_JR_1_NFL,michael penix,passing_yards,240.5,-120,-110,175,True
11,CAR@ATL,BIJAN_ROBINSON_1_NFL,bijan robinson,rushing_yards,74.5,-120,-110,104,True
11,CAR@ATL,RICO_DOWDLE_1_NFL,rico dowdle,rushing_yards,44.5,-110,-120,45,True
11,CAR@ATL,DRAKE_LONDON_1_NFL,drake london,receiving_yards,113.5,+105,-155,119,True
11,CAR@ATL,KYLE_PITTS_1_NFL,kyle pitts,receiving_yards,14.5,+175,-260,14,True
11,CAR@ATL,TETAIROA_MCMILLAN_1_NFL,tetairoa mcmillan,receiving_yards,120.5,-105,-140,130,True
11,CAR@ATL,JALEN_COKER_1_NFL,jalen coker,receiving_yards,25.5,-117,-114,52,True
11,CAR@ATL,JATAVION_SANDERS_1_NFL,jatavion sanders,receiving_yards,12.5,+200,-280,22,True
11,CAR@ATL,XAVIER_LEGETTE_1_NFL,xavier legette,receiving_yards,17.5,-120,-110,83,True
11,CAR@ATL,DARNELL_MOONEY_1_NFL,darnell mooney,receiving_yards,33.5,-118,-110,34,True
11,CAR@ATL,TYLER_ALLGEIER_1_NFL,tyler allgeier,rushing_yards,32.5,-114,-116,10,True
11,CAR@ATL,CHUBA_HUBBARD_1_NFL,chuba hubbard,rushing_yards,15.5,-120,-112,21,True
11,CAR@ATL,DAVID_SILLS_V_1_NFL,david sills,receiving_yards,6.5,-114,-110,11,True
11,CAR@ATL,TOMMY_TREMBLE_1_NFL,tommy tremble,receiving_yards,6.5,-117,-105,54,True
11,CAR@ATL,JIMMY_HORN_JR_1_NFL,jimmy horn,receiving_yards,0.5,+100,-120,0,True
11,SF@ARI,CHRISTIAN_MCCAFFREY_1_NFL,christian mccaffrey,rushing_yards,60.5,-110,-130,81,True
11,SF@ARI,GEORGE_KITTLE_1_NFL,george kittle,receiving_yards,53.5,-110,-118,67,True
11,SF@ARI,MARVIN_HARRISON_JR_1_NFL,marvin harrison,receiving_yards,56.5,-115,-111,0,True
11,SF@ARI,TREY_MCBRIDE_1_NFL,trey mcbride,receiving_yards,123.5,-125,-115,115,True
11,SF@ARI,JACOBY_BRISSETT_1_NFL,jacoby brissett,passing_yards,425.5,-110,-110,452,True
11,SF@ARI,MAC_JONES_1_NFL,mac jones,passing_yards,243.5,-111,-113,0,True
11,SF@ARI,MACK_WILSON_1_NFL,mack wilson,receiving_yards,165.5,-140,-105,185,True
11,SF@ARI,ZONOVAN_KNIGHT_1_NFL,zonovan knight,receiving_yards,12.5,-110,-130,21,True
11,SF@ARI,BRIAN_ROBINSON_1_NFL,brian robinson,receiving_yards,0.5,+132,-165,0,True
11,SF@ARI,BROCK_PURDY_1_NFL,brock purdy,passing_yards,200.5,+480,-845,200,True
11,SF@ARI,GREG_DORTCH_1_NFL,greg dortch,receiving_yards,28.5,-119,-109,66,True
11,SF@ARI,JAUAN_JENNINGS_1_NFL,jauan jennings,receiving_yards,55.5,+320,-650,54,True
11,SF@ARI,RICKY_PEARSALL_1_NFL,ricky pearsall,receiving_yards,10.5,+235,-425,0,True
11,SF@ARI,XAVIER_WEAVER_1_NFL,xavier weaver,receiving_yards,15.5,+340,-615,15,True
11,SF@ARI,EMARI_DEMERCADO_1_NFL,emari demercado,receiving_yards,22.5,-120,-120,12,True
11,SF@ARI,KENDRICK_BOURNE_1_NFL,kendrick bourne,receiving_yards,11.5,+100,+100,0,True
11,SF@ARI,ELIJAH_HIGGINS_1_NFL,elijah higgins,receiving_yards,11.5,+270,-450,11,True
11,SEA@LA,MATTHEW_STAFFORD_1_NFL,matthew stafford,passing_yards,130.5,-120,-110,130,True
11,SEA@LA,SAM_DARNOLD_1_NFL,sam darnold,passing_yards,250.5,-120,-110,279,True
11,SEA@LA,JAXON_SMITHNJIGBA_1_NFL,jaxon smithnjigba,receiving_yards,80.5,-140,-105,105,True
11,SEA@LA,DAVANTE_ADAMS_1_NFL,davante adams,receiving_yards,10.5,+285,-550,1,True
11,SEA@LA,PUKA_NACUA_1_NFL,puka nacua,receiving_yards,70.5,+100,-145,75,True
11,SEA@LA,KENNETH_WALKER_III_1_NFL,kenneth walker,rushing_yards,65.5,+165,-265,67,True
11,SEA@LA,KYREN_WILLIAMS_1_NFL,kyren williams,rushing_yards,97.5,-137,-137,91,True
11,SEA@LA,RASHID_SHAHEED_1_NFL,rashid shaheed,receiving_yards,25.5,+100,-145,27,True
11,SEA@LA,AJ_BARNER_1_NFL,aj barner,receiving_yards,60.5,+100,-145,70,True
11,SEA@LA,COOPER_KUPP_1_NFL,cooper kupp,receiving_yards,10.5,+155,-245,23,True
11,SEA@LA,TYLER_HIGBEE_1_NFL,tyler higbee,receiving_yards,23.5,-110,-135,23,True
11,SEA@LA,ZACH_CHARBONNET_1_NFL,zach charbonnet,receiving_yards,6.5,+110,-127,10,True
11,SEA@LA,BLAKE_CORUM_1_NFL,blake corum,rushing_yards,10.5,-180,+120,10,True
11,SEA@LA,ELIJAH_ARROYO_1_NFL,elijah arroyo,receiving_yards,10.5,+450,-1100,0,True
11,SEA@LA,TERRANCE_FERGUSON_1_NFL,terrance ferguson,receiving_yards,10.5,+130,-200,0,True
11,SEA@LA,COLBY_PARKINSON_1_NFL,colby parkinson,receiving_yards,10.5,+215,-375,14,True
11,BAL@CLE,DILLON_GABRIEL_1_NFL,dillon gabriel,passing_yards,130.5,-120,-110,68,True
11,BAL@CLE,LAMAR_JACKSON_1_NFL,lamar jackson,passing_yards,215.5,-120,-110,193,True
11,BAL@CLE,DERRICK_HENRY_1_NFL,derrick henry,rushing_yards,115.5,-130,-110,103,True
11,BAL@CLE,QUINSHON_JUDKINS_1_NFL,quinshon judkins,rushing_yards,75.5,+105,-155,59,True
11,BAL@CLE,DAVID_NJOKU_1_NFL,david njoku,receiving_yards,10.5,+205,-350,7,True
11,BAL@CLE,HAROLD_FANNIN_JR_1_NFL,harold fannin,receiving_yards,10.5,+175,-285,26,True
11,BAL@CLE,JERRY_JEUDY_1_NFL,jerry jeudy,receiving_yards,11.5,+220,-300,21,True
11,BAL@CLE,MARK_ANDREWS_1_NFL,mark andrews,receiving_yards,35.5,-130,-110,32,True
11,BAL@CLE,ZAY_FLOWERS_1_NFL,zay flowers,receiving_yards,70.5,-115,-125,78,True
11,BAL@CLE,ISAIAH_LIKELY_1_NFL,isaiah likely,receiving_yards,15.5,-110,-130,15,True
11,BAL@CLE,JUSTICE_HILL_1_NFL,justice hill,receiving_yards,15.5,-110,-115,0,True
11,BAL@CLE,CEDRIC_TILLMAN_1_NFL,cedric tillman,receiving_yards,52.5,+260,-375,52,True
11,BAL@CLE,ISAIAH_BOND_1_NFL,isaiah bond,receiving_yards,10.5,+320,-650,0,True
11,BAL@CLE,KEATON_MITCHELL_1_NFL,keaton mitchell,rushing_yards,25.5,-120,-120,31,True
11,BAL@CLE,DEANDRE_HOPKINS_1_NFL,deandre hopkins,receiving_yards,10.5,+225,-400,11,True
11,BAL@CLE,JEROME_FORD_1_NFL,jerome ford,receiving_yards,5.5,-108,-102,0,True
11,BAL@CLE,CHARLIE_KOLAR_1_NFL,charlie kolar,receiving_yards,6.5,-110,-111,0,True
11,BAL@CLE,TYLAN_WALLACE_1_NFL,tylan wallace,receiving_yards,6.5,-113,-111,0,True
11,BAL@CLE,SHEDEUR_SANDERS_1_NFL,shedeur sanders,passing_yards,31.5,-115,-115,47,True
11,KC@DEN,BO_NIX_1_NFL,bo nix,passing_yards,265.5,-110,-120,295,True
11,KC@DEN,PATRICK_MAHOMES_1_NFL,patrick mahomes,passing_yards,314.5,-106,-118,276,True
11,KC@DEN,RASHEE_RICE_1_NFL,rashee rice,receiving_yards,42.5,-117,-110,38,True
11,KC@DEN,TRAVIS_KELCE_1_NFL,travis kelce,receiving_yards,91.5,+105,-135,91,True
11,KC@DEN,COURTLAND_SUTTON_1_NFL,courtland sutton,receiving_yards,34.5,+125,-185,59,True
11,KC@DEN,XAVIER_WORTHY_1_NFL,xavier worthy,receiving_yards,25.5,+150,-195,25,True
11,KC@DEN,TROY_FRANKLIN_1_NFL,troy franklin,receiving_yards,52.5,+125,-175,84,True
11,KC@DEN,EVAN_ENGRAM_1_NFL,evan engram,receiving_yards,33.5,+165,-220,33,True
11,KC@DEN,KAREEM_HUNT_1_NFL,kareem hunt,receiving_yards,10.5,+275,-525,3,True
11,KC@DEN,MARQUISE_BROWN_1_NFL,marquise brown,receiving_yards,40.5,+240,-325,40,True
11,KC@DEN,MARVIN_MIMS_JR_1_NFL,marvin mims,receiving_yards,0.5,+300,-425,2,True
11,KC@DEN,RJ_HARVEY_1_NFL,rj harvey,receiving_yards,20.5,+164,-251,20,True
11,KC@DEN,ADAM_TRAUTMAN_1_NFL,adam trautman,receiving_yards,0.5,+200,-275,8,True
11,KC@DEN,NOAH_GRAY_1_NFL,noah gray,receiving_yards,10.5,+190,-320,9,True
11,KC@DEN,JUJU_SMITHSCHUSTER_1_NFL,juju smithschuster,receiving_yards,0.5,+305,-455,0,True
11,KC@DEN,BRASHARD_SMITH_1_NFL,brashard smith,receiving_yards,10.5,+175,-285,8,True
11,KC@DEN,PAT_BRYANT_1_NFL,pat bryant,receiving_yards,29.5,+100,-135,82,True
11,KC@DEN,TYLER_BADIE_1_NFL,tyler badie,receiving_yards,0.5,+115,-150,0,True
11,KC@DEN,JALEEL_MCLAUGHLIN_1_NFL,jaleel mclaughlin,rushing_yards,19.5,+240,-390,19,True
11,DET@PHI,JARED_GOFF_1_NFL,jared goff,passing_yards,290.5,-125,-105,255,True
11,DET@PHI,JAHMYR_GIBBS_1_NFL,jahmyr gibbs,rushing_yards,39.5,+200,-280,39,True
11,DET@PHI,AMONRA_ST_BROWN_1_NFL,amonra st brown,receiving_yards,42.5,+225,-325,42,True
11,DET@PHI,JAMESON_WILLIAMS_1_NFL,jameson williams,receiving_yards,88.5,+191,-275,88,True
11,DET@PHI,SAM_LAPORTA_1_NFL,sam laporta,receiving_yards,39.5,-114,-114,0,True
11,DET@PHI,JALEN_HURTS_1_NFL,jalen hurts,passing_yards,135.5,+455,-770,135,True
11,DET@PHI,SAQUON_BARKLEY_1_NFL,saquon barkley,rushing_yards,70.5,-105,-140,83,True
11,DET@PHI,DAVID_MONTGOMERY_1_NFL,david montgomery,rushing_yards,27.5,+330,-505,27,True
11,DET@PHI,AJ_BROWN_1_NFL,aj brown,receiving_yards,49.5,+659,-780,49,True
11,DET@PHI,DEVONTA_SMITH_1_NFL,devonta smith,receiving_yards,8.5,+465,-800,8,True
11,DET@PHI,DALLAS_GOEDERT_1_NFL,dallas goedert,receiving_yards,24.5,+540,-1010,24,True
11,DET@PHI,BROCK_WRIGHT_1_NFL,brock wright,receiving_yards,10.5,+185,-310,8,True
11,DET@PHI,ISAAC_TESLAA_1_NFL,isaac teslaa,receiving_yards,6.5,-107,-112,0,True
11,DET@PHI,KALIF_RAYMOND_1_NFL,kalif raymond,receiving_yards,0.5,+330,-510,0,True
11,DET@PHI,JAHAN_DOTSON_1_NFL,jahan dotson,receiving_yards,45.5,+140,-215,43,True
11,DET@PHI,GRANT_CALCATERRA_1_NFL,grant calcaterra,receiving_yards,0.5,+116,-146,0,True
11,DET@PHI,TANK_BIGSBY_1_NFL,tank bigsby,rushing_yards,35.5,+100,-145,34,True
11,DET@PHI,WILL_SHIPLEY_1_NFL,will shipley,rushing_yards,6.5,-105,-120,0,True
12,BUF@HOU,JOSH_ALLEN_1_NFL,josh allen,passing_yards,220.5,-115,-117,253,True
12,BUF@HOU,DALTON_SCHULTZ_1_NFL,dalton schultz,receiving_yards,8.5,+174,-240,8,True
12,BUF@HOU,JAMES_COOK_1_NFL,james cook,receiving_yards,10.5,+150,-235,13,True
12,BUF@HOU,JAYDEN_HIGGINS_1_NFL,jayden higgins,receiving_yards,18.5,+160,-210,38,True
12,BUF@HOU,JOQUAVIOUS_MARKS_1_NFL,joquavious marks,receiving_yards,0.5,+780,-1985,-5,True
12,BUF@HOU,KHALIL_SHAKIR_1_NFL,khalil shakir,receiving_yards,30.5,+100,-145,110,True
12,BUF@HOU,NICO_COLLINS_1_NFL,nico collins,receiving_yards,55.5,+105,-135,55,True
12,BUF@HOU,TY_JOHNSON_1_NFL,ty johnson,receiving_yards,40.5,+110,-165,45,True
12,BUF@HOU,DAVIS_MILLS_1_NFL,davis mills,passing_yards,154.5,-115,-115,153,True
12,BUF@HOU,DAWSON_KNOX_1_NFL,dawson knox,receiving_yards,14.5,+160,-168,17,True
12,BUF@HOU,KEON_COLEMAN_1_NFL,keon coleman,receiving_yards,21.5,-114,-114,0,True
12,BUF@HOU,NICK_CHUBB_1_NFL,nick chubb,rushing_yards,25.5,-130,-110,16,True
12,BUF@HOU,XAVIER_HUTCHINSON_1_NFL,xavier hutchinson,receiving_yards,0.5,+635,-1310,0,True
12,BUF@HOU,JOSH_PALMER_1_NFL,josh palmer,receiving_yards,10.5,+120,-160,21,True
12,BUF@HOU,TYRELL_SHAVERS_1_NFL,tyrell shavers,receiving_yards,0.5,+162,-220,0,True
12,BUF@HOU,CHRISTIAN_KIRK_1_NFL,christian kirk,receiving_yards,54.5,+300,-454,54,True
12,BUF@HOU,JACKSON_HAWES_1_NFL,jackson hawes,receiving_yards,5.5,-111,+100,26,True
12,BUF@HOU,ELIJAH_MOORE_1_NFL,elijah moore,receiving_yards,0.5,+345,-530,-3,True
12,BUF@HOU,JAYLIN_NOEL_1_NFL,jaylin noel,receiving_yards,10.5,+255,-475,4,True
12,BUF@HOU,CADE_STOVER_1_NFL,cade stover,receiving_yards,0.5,+136,-171,0,True
12,IND@KC,DANIEL_JONES_1_NFL,daniel jones,passing_yards,195.5,-110,-120,181,True
12,IND@KC,PATRICK_MAHOMES_1_NFL,patrick mahomes,passing_yards,275.5,-105,-125,352,True
12,IND@KC,JONATHAN_TAYLOR_1_NFL,jonathan taylor,rushing_yards,85.5,-114,-114,58,True
12,IND@KC,RASHEE_RICE_1_NFL,rashee rice,rushing_yards,1.5,-110,-111,3,True
12,IND@KC,ALEC_PIERCE_1_NFL,alec pierce,receiving_yards,30.5,+140,-215,26,True
12,IND@KC,JOSH_DOWNS_1_NFL,josh downs,receiving_yards,10.5,+125,-190,10,True
12,IND@KC,MICHAEL_PITTMAN_1_NFL,michael pittman,receiving_yards,25.5,+160,-255,27,True
12,IND@KC,TRAVIS_KELCE_1_NFL,travis kelce,receiving_yards,45.5,-125,-115,43,True
12,IND@KC,TYLER_WARREN_1_NFL,tyler warren,receiving_yards,50.5,-125,-115,45,True
12,IND@KC,MARQUISE_BROWN_1_NFL,marquise brown,receiving_yards,10.5,+130,-200,10,True
12,IND@KC,XAVIER_WORTHY_1_NFL,xavier worthy,receiving_yards,30.5,-110,-130,59,True
12,IND@KC,JUJU_SMITHSCHUSTER_1_NFL,juju smithschuster,receiving_yards,10.5,+475,-1200,8,True
12,IND@KC,NOAH_GRAY_1_NFL,noah gray,receiving_yards,20.5,+285,-550,25,True
12,IND@KC,KAREEM_HUNT_1_NFL,kareem hunt,rushing_yards,70.5,-180,+120,104,True
12,IND@KC,BRASHARD_SMITH_1_NFL,brashard smith,receiving_yards,10.5,+140,-215,31,True
12,SEA@TEN,CAMERON_WARD_1_NFL,cameron ward,passing_yards,241.5,-105,-115,256,True
12,SEA@TEN,SAM_DARNOLD_1_NFL,sam darnold,passing_yards,234.5,-115,-115,244,True
12,SEA@TEN,KENNETH_WALKER_III_1_NFL,kenneth walker,rushing_yards,71.5,-137,-137,71,True
12,SEA@TEN,TONY_POLLARD_1_NFL,tony pollard,rushing_yards,20.5,+110,-165,20,True
12,SEA@TEN,JAXON_SMITHNJIGBA_1_NFL,jaxon smithnjigba,receiving_yards,95.5,-115,-115,167,True
12,SEA@TEN,RASHID_SHAHEED_1_NFL,rashid shaheed,receiving_yards,32.5,-110,-120,0,True
12,SEA@TEN,AJ_BARNER_1_NFL,aj barner,receiving_yards,25.5,-120,-110,18,True
12,SEA@TEN,COOPER_KUPP_1_NFL,cooper kupp,receiving_yards,33.5,-110,-120,24,True
12,SEA@TEN,ZACH_CHARBONNET_1_NFL,zach charbonnet,rushing_yards,40.5,+105,-155,35,True
12,SEA@TEN,TYJAE_SPEARS_1_NFL,tyjae spears,rushing_yards,24.5,-110,-120,4,True
12,SEA@TEN,CHIMERE_DIKE_1_NFL,chimere dike,receiving_yards,43.5,+220,-298,44,True
12,SEA@TEN,CHIGOZIEM_OKONOKWO_1_NFL,chigoziem okonokwo,receiving_yards,26.5,-115,-115,40,True
12,SEA@TEN,GUNNAR_HELM_1_NFL,gunnar helm,receiving_yards,24.5,-110,-120,51,True
12,SEA@TEN,VAN_JEFFERSON_1_NFL,van jefferson,receiving_yards,29.5,-120,-110,11,True
12,SEA@TEN,ELIJAH_ARROYO_1_NFL,elijah arroyo,receiving_yards,12.5,-110,-120,5,True
12,SEA@TEN,MASON_KINSEY_1_NFL,mason kinsey,receiving_yards,14.5,+100,-118,0,True
12,NE@CIN,DRAKE_MAYE_1_NFL,drake maye,passing_yards,285.5,-105,-125,294,True
12,NE@CIN,JOE_FLACCO_1_NFL,joe flacco,passing_yards,243.5,-113,-111,183,True
12,NE@CIN,HUNTER_HENRY_1_NFL,hunter henry,receiving_yards,40.5,-125,-103,115,True
12,NE@CIN,STEFON_DIGGS_1_NFL,stefon diggs,receiving_yards,62.5,-114,-114,20,True
12,NE@CIN,CHASE_BROWN_1_NFL,chase brown,receiving_yards,32.5,-114,-114,23,True
12,NE@CIN,TEE_HIGGINS_1_NFL,tee higgins,receiving_yards,72.5,-130,+100,31,True
12,NE@CIN,NOAH_FANT_1_NFL,noah fant,receiving_yards,23.5,-110,-118,9,True
12,NE@CIN,ANDREI_IOSIVAS_1_NFL,andrei iosivas,receiving_yards,35.5,-112,-124,61,True
12,NE@CIN,MACK_HOLLINS_1_NFL,mack hollins,receiving_yards,23.5,-118,-110,30,True
12,NE@CIN,KAYSHON_BOUTTE_1_NFL,kayshon boutte,receiving_yards,31.5,-120,-108,15,True
12,NE@CIN,DEMARIO_DOUGLAS_1_NFL,demario douglas,receiving_yards,20.5,-114,-114,37,True
12,NE@CIN,JOE_BURROW_1_NFL,joe burrow,passing_yards,243.5,-112,-114,0,True
12,NE@CIN,TREVEYON_HENDERSON_1_NFL,treveyon henderson,rushing_yards,60.5,+115,-170,66,True
12,NE@CIN,RHAMONDRE_STEVENSON_1_NFL,rhamondre stevenson,rushing_yards,10.5,-125,-115,5,True
12,NE@CIN,MITCHELL_TINSLEY_1_NFL,mitchell tinsley,receiving_yards,10.5,-110,-125,29,True
12,NE@CIN,MIKE_GESICKI_1_NFL,mike gesicki,receiving_yards,27.5,-114,-114,35,True
12,NE@CIN,AUSTIN_HOOPER_1_NFL,austin hooper,receiving_yards,40.5,+205,-350,39,True
12,MIN@GB,JJ_MCCARTHY_1_NFL,jj mccarthy,passing_yards,186.5,-116,-116,87,False
12,MIN@GB,JORDAN_LOVE_1_NFL,jordan love,passing_yards,230.5,-117,-114,139,False
12,MIN@GB,AARON_JONES_1_NFL,aaron jones,rushing_yards,55.5,-115,-117,41,False
12,MIN@GB,JORDAN_ADDISON_1_NFL,jordan addison,receiving_yards,38.5,-117,-114,0,False
12,MIN@GB,JUSTIN_JEFFERSON_1_NFL,justin jefferson,receiving_yards,64.5,-119,-113,48,False
12,MIN@GB,TJ_HOCKENSON_1_NFL,tj hockenson,receiving_yards,22.5,-116,-116,19,False
12,MIN@GB,ROMEO_DOUBS_1_NFL,romeo doubs,receiving_yards,49.5,-116,-114,23,False
12,MIN@GB,CHRISTIAN_WATSON_1_NFL,christian watson,receiving_yards,47.5,-114,-117,49,False
12,MIN@GB,DONTAYVION_WICKS_1_NFL,dontayvion wicks,receiving_yards,27.5,-117,-114,32,False
12,MIN@GB,JALEN_NAILOR_1_NFL,jalen nailor,receiving_yards,17.5,-118,-114,0,False
12,MIN@GB,MATTHEW_GOLDEN_1_NFL,matthew golden,receiving_yards,20.5,-112,-115,0,False
12,MIN@GB,JORDAN_MASON_1_NFL,jordan mason,rushing_yards,42.5,+110,-145,42,False
12,MIN@GB,LUKE_MUSGRAVE_1_NFL,luke musgrave,receiving_yards,19.5,-120,-112,7,False
12,MIN@GB,EMANUEL_WILSON_1_NFL,emanuel wilson,receiving_yards,18.5,+4000,-175,18,False
12,MIN@GB,CHRIS_BROOKS_1_NFL,chris brooks,receiving_yards,5.5,-137,-137,5,False
12,PIT@CHI,CHRIS_WILLIAMS_1_NFL,chris williams,passing_yards,221.5,-116,-111,239,True
12,PIT@CHI,DANDRE_SWIFT_1_NFL,dandre swift,rushing_yards,57.5,-114,-114,15,True
12,PIT@CHI,DJ_MOORE_1_NFL,dj moore,receiving_yards,64.5,+375,-575,64,True
12,PIT@CHI,DK_METCALF_1_NFL,dk metcalf,receiving_yards,25.5,-120,-120,22,True
12,PIT@CHI,ROME_ODUNZE_1_NFL,rome odunze,receiving_yards,55.5,-120,-108,53,True
12,PIT@CHI,CALVIN_AUSTIN_1_NFL,calvin austin,receiving_yards,15.5,-115,-112,36,True
12,PIT@CHI,COLSTON_LOVELAND_1_NFL,colston loveland,receiving_yards,49.5,+425,-700,49,True
12,PIT@CHI,JAYLEN_WARREN_1_NFL,jaylen warren,rushing_yards,70.5,-105,-125,68,True
12,PIT@CHI,KYLE_MONANGAI_1_NFL,kyle monangai,rushing_yards,32.5,-114,-114,48,True
12,PIT@CHI,COLE_KMET_1_NFL,cole kmet,receiving_yards,3.5,+600,-1100,3,True
12,PIT@CHI,DARNELL_WASHINGTON_1_NFL,darnell washington,receiving_yards,13.5,+125,-165,22,True
12,PIT@CHI,JONNU_SMITH_1_NFL,jonnu smith,receiving_yards,15.5,+126,-179,21,True
12,PIT@CHI,LUTHER_BURDEN_III_1_NFL,luther burden,receiving_yards,46.5,+350,-550,46,True
12,PIT@CHI,PAT_FREIERMUTH_1_NFL,pat freiermuth,receiving_yards,18.5,-114,-114,19,True
12,PIT@CHI,ROMAN_WILSON_1_NFL,roman wilson,receiving_yards,10.5,+110,-165,0,True
12,PIT@CHI,AARON_RODGERS_1_NFL,aaron rodgers,passing_yards,220.5,-120,-110,0,True
12,PIT@CHI,KENNETH_GAINWELL_1_NFL,kenneth gainwell,receiving_yards,17.5,-114,-114,30,True
12,PIT@CHI,OLAMIDE_ZACCHEAUS_1_NFL,olamide zaccheaus,receiving_yards,7.5,-102,-113,6,True
12,PIT@CHI,KALEB_JOHNSON_1_NFL,kaleb johnson,rushing_yards,0.5,+250,-375,0,True
12,PIT@CHI,MASON_RUDOLPH_1_NFL,mason rudolph,passing_yards,219.5,-114,-114,171,True
12,NYJ@BAL,LAMAR_JACKSON_1_NFL,lamar jackson,passing_yards,150.5,-150,+110,153,True
12,NYJ@BAL,TYROD_TAYLOR_1_NFL,tyrod taylor,passing_yards,200.5,-120,-110,222,True
12,NYJ@BAL,BREECE_HALL_1_NFL,breece hall,rushing_yards,64.5,-110,-120,44,True
12,NYJ@BAL,DERRICK_HENRY_1_NFL,derrick henry,rushing_yards,89.5,-114,-114,64,True
12,NYJ@BAL,MARK_ANDREWS_1_NFL,mark andrews,rushing_yards,0.5,+100,+100,2,True
12,NYJ@BAL,ZAY_FLOWERS_1_NFL,zay flowers,receiving_yards,66.5,-120,-108,58,True
12,NYJ@BAL,ADONAI_MITCHELL_1_NFL,adonai mitchell,receiving_yards,36.5,-114,-114,42,True
12,NYJ@BAL,MASON_TAYLOR_1_NFL,mason taylor,receiving_yards,32.5,-116,-111,21,True
12,NYJ@BAL,JUSTICE_HILL_1_NFL,justice hill,receiving_yards,10.5,+800,-3000,0,True
12,NYJ@BAL,ISAIAH_LIKELY_1_NFL,isaiah likely,receiving_yards,22.5,-116,-111,10,True
12,NYJ@BAL,DEANDRE_HOPKINS_1_NFL,deandre hopkins,receiving_yards,22.5,-114,-114,13,True
12,NYJ@BAL,KEATON_MITCHELL_1_NFL,keaton mitchell,rushing_yards,10.5,-170,+115,10,True
12,NYJ@BAL,TYLAN_WALLACE_1_NFL,tylan wallace,receiving_yards,0.5,+164,-210,0,True
12,NYJ@BAL,ISAIAH_WILLIAMS_1_NFL,isaiah williams,receiving_yards,10.5,+150,-235,0,True
12,NYJ@BAL,JEREMY_RUCKERT_1_NFL,jeremy ruckert,receiving_yards,0.5,+230,-325,0,True
12,NYJ@BAL,TYLER_JOHNSON_1_NFL,tyler johnson,receiving_yards,9.5,-110,-118,0,True
12,NYJ@BAL,ISAIAH_DAVIS_1_NFL,isaiah davis,receiving_yards,13.5,-105,-105,0,True
12,NYJ@BAL,ARIAN_SMITH_1_NFL,arian smith,receiving_yards,5.5,-125,-125,0,True
12,NYG@DET,JARED_GOFF_1_NFL,jared goff,passing_yards,285.5,-110,-120,279,True
12,NYG@DET,DAVID_MONTGOMERY_1_NFL,david montgomery,rushing_yards,18.5,+100,-140,18,True
12,NYG@DET,JAHMYR_GIBBS_1_NFL,jahmyr gibbs,rushing_yards,147.5,-115,-120,219,True
12,NYG@DET,JAMESON_WILLIAMS_1_NFL,jameson williams,rushing_yards,0.5,+142,-190,0,True
12,NYG@DET,AMONRA_ST_BROWN_1_NFL,amonra st brown,receiving_yards,124.5,-115,-115,149,True
12,NYG@DET,JAXSON_DART_1_NFL,jaxson dart,passing_yards,210.5,-115,-115,0,True
12,NYG@DET,BROCK_WRIGHT_1_NFL,brock wright,receiving_yards,25.5,+110,-157,29,True
12,NYG@DET,THEO_JOHNSON_1_NFL,theo johnson,receiving_yards,24.5,+140,-185,77,True
12,NYG@DET,WANDALE_ROBINSON_1_NFL,wandale robinson,receiving_yards,153.5,+130,-175,156,True
12,NYG@DET,TYRONE_TRACY_1_NFL,tyrone tracy,rushing_yards,45.5,-140,-105,62,True
12,NYG@DET,KALIF_RAYMOND_1_NFL,kalif raymond,receiving_yards,30.5,+128,-186,37,True
12,NYG@DET,DEVIN_SINGLETARY_1_NFL,devin singletary,rushing_yards,45.5,-120,-117,47,True
12,NYG@DET,JAMEIS_WINSTON_1_NFL,jameis winston,passing_yards,355.5,-120,-110,366,True
12,NYG@DET,DANIEL_BELLINGER_1_NFL,daniel bellinger,receiving_yards,11.5,-107,-112,0,True
12,NYG@DET,DARIUS_SLAYTON_1_NFL,darius slayton,receiving_yards,23.5,+222,-317,23,True
12,NYG@DET,ISAAC_TESLAA_1_NFL,isaac teslaa,receiving_yards,10.5,+275,-525,0,True
12,JAX@ARI,JACOBY_BRISSETT_1_NFL,jacoby brissett,passing_yards,245.5,-105,-125,317,True
12,JAX@ARI,TREVOR_LAWRENCE_1_NFL,trevor lawrence,passing_yards,225.5,-105,-125,256,True
12,JAX@ARI,TREY_MCBRIDE_1_NFL,trey mcbride,receiving_yards,75.5,+105,-155,79,True
12,JAX@ARI,BRIAN_THOMAS_1_NFL,brian thomas,receiving_yards,58.5,-111,-115,0,True
12,JAX@ARI,MACK_WILSON_1_NFL,mack wilson,receiving_yards,100.5,-115,-125,118,True
12,JAX@ARI,GREG_DORTCH_1_NFL,greg dortch,receiving_yards,10.5,+340,-700,53,True
12,JAX@ARI,ZONOVAN_KNIGHT_1_NFL,zonovan knight,receiving_yards,15.5,+120,-180,20,True
12,JAX@ARI,TRAVIS_ETIENNE_JR_1_NFL,travis etienne,receiving_yards,30.5,+165,-265,30,True
12,JAX@ARI,BRENTON_STRANGE_1_NFL,brenton strange,receiving_yards,55.5,+110,-165,93,True
12,JAX@ARI,PARKER_WASHINGTON_1_NFL,parker washington,receiving_yards,40.5,-105,-140,71,True
12,JAX@ARI,BHAYSHUL_TUTEN_1_NFL,bhayshul tuten,receiving_yards,5.5,-113,-113,0,True
12,JAX@ARI,MICHAEL_CARTER_1_NFL,michael carter,receiving_yards,30.5,+145,-188,30,True
12,JAX@ARI,TIM_PATRICK_1_NFL,tim patrick,receiving_yards,15.5,-115,-125,0,True
12,JAX@ARI,ELIJAH_HIGGINS_1_NFL,elijah higgins,receiving_yards,15.5,+100,-145,0,True
12,JAX@ARI,XAVIER_WEAVER_1_NFL,xavier weaver,receiving_yards,13.5,-104,-105,9,True
12,JAX@ARI,DYAMI_BROWN_1_NFL,dyami brown,receiving_yards,8.5,-112,-113,0,True
12,JAX@ARI,JOHNNY_MUNDT_1_NFL,johnny mundt,receiving_yards,3.5,+100,+100,12,True
12,CLE@LV,SHEDEUR_SANDERS_1_NFL,shedeur sanders,passing_yards,209.5,+1090,-3904,209,True
12,CLE@LV,QUINSHON_JUDKINS_1_NFL,quinshon judkins,rushing_yards,50.5,-140,-105,47,True
12,CLE@LV,JERRY_JEUDY_1_NFL,jerry jeudy,receiving_yards,40.5,+265,-500,39,True
12,CLE@LV,GENO_SMITH_1_NFL,geno smith,passing_yards,252.5,-112,-118,285,True
12,CLE@LV,BROCK_BOWERS_1_NFL,brock bowers,receiving_yards,29.5,+152,-114,55,True
12,CLE@LV,TRE_TUCKER_1_NFL,tre tucker,receiving_yards,28.5,+105,-138,28,True
12,CLE@LV,ASHTON_JEANTY_1_NFL,ashton jeanty,rushing_yards,45.5,+130,-200,50,True
12,CLE@LV,HAROLD_FANNIN_JR_1_NFL,harold fannin,receiving_yards,40.5,+571,-475,40,True
12,CLE@LV,CEDRIC_TILLMAN_1_NFL,cedric tillman,receiving_yards,10.5,+205,-350,5,True
12,CLE@LV,TYLER_LOCKETT_1_NFL,tyler lockett,receiving_yards,62.5,+167,-225,62,True
12,CLE@LV,MICHAEL_MAYER_1_NFL,michael mayer,receiving_yards,30.5,-125,-115,14,True
12,CLE@LV,DAVID_NJOKU_1_NFL,david njoku,receiving_yards,10.5,+255,-475,0,True
12,CLE@LV,ISAIAH_BOND_1_NFL,isaiah bond,receiving_yards,58.5,+230,-325,58,True
12,CLE@LV,RAHEEM_MOSTERT_1_NFL,raheem mostert,rushing_yards,2.5,+275,-400,2,True
12,CLE@LV,DONTE_THORNTON_1_NFL,donte thornton,receiving_yards,14.5,+150,-195,14,True
12,ATL@NO,KIRK_COUSINS_1_NFL,kirk cousins,passing_yards,204.5,-117,-114,199,True
12,ATL@NO,TYLER_SHOUGH_1_NFL,tyler shough,passing_yards,202.5,-116,-114,243,True
12,ATL@NO,BIJAN_ROBINSON_1_NFL,bijan robinson,rushing_yards,79.5,-114,-115,70,True
12,ATL@NO,CHRIS_OLAVE_1_NFL,chris olave,receiving_yards,68.5,-115,-115,70,True
12,ATL@NO,DARNELL_MOONEY_1_NFL,darnell mooney,receiving_yards,47.5,-115,-115,74,True
12,ATL@NO,KYLE_PITTS_1_NFL,kyle pitts,receiving_yards,51.5,-113,-118,25,True
12,ATL@NO,ALVIN_KAMARA_1_NFL,alvin kamara,rushing_yards,55.5,-115,-114,11,True
12,ATL@NO,JUWAN_JOHNSON_1_NFL,juwan johnson,receiving_yards,40.5,-114,-115,46,True
12,ATL@NO,FOSTER_MOREAU_1_NFL,foster moreau,receiving_yards,6.5,-109,-111,0,True
12,ATL@NO,DEVAUGHN_VELE_1_NFL,devaughn vele,receiving_yards,26.5,-116,-114,37,True
12,ATL@NO,DAVID_SILLS_V_1_NFL,david sills,receiving_yards,16.5,+730,-1725,16,True
12,ATL@NO,KHADAREL_HODGE_1_NFL,khadarel hodge,receiving_yards,0.5,+800,-2080,0,True
12,ATL@NO,TYLER_ALLGEIER_1_NFL,tyler allgeier,rushing_yards,25.5,-119,-112,44,True
12,ATL@NO,TAYSOM_HILL_1_NFL,taysom hill,rushing_yards,16.5,-110,-120,17,True
12,ATL@NO,DEVIN_NEAL_1_NFL,devin neal,receiving_yards,51.5,-115,-117,43,True
12,PHI@DAL,JALEN_HURTS_1_NFL,jalen hurts,passing_yards,305.5,-115,-115,289,True
12,PHI@DAL,SAQUON_BARKLEY_1_NFL,saquon barkley,rushing_yards,26.5,-120,-115,22,True
12,PHI@DAL,AJ_BROWN_1_NFL,aj brown,receiving_yards,110.5,-120,-110,110,True
12,PHI@DAL,DALLAS_GOEDERT_1_NFL,dallas goedert,receiving_yards,25.5,-110,-125,20,True
12,PHI@DAL,DEVONTA_SMITH_1_NFL,devonta smith,receiving_yards,80.5,-115,-125,89,True
12,PHI@DAL,DAK_PRESCOTT_1_NFL,dak prescott,passing_yards,315.5,-115,-115,354,True
12,PHI@DAL,CEEDEE_LAMB_1_NFL,ceedee lamb,receiving_yards,85.5,-130,-110,75,True
12,PHI@DAL,GEORGE_PICKENS_1_NFL,george pickens,receiving_yards,130.5,-165,+110,146,True
12,PHI@DAL,JAKE_FERGUSON_1_NFL,jake ferguson,receiving_yards,40.5,+100,-145,60,True
12,PHI@DAL,JAVONTE_WILLIAMS_1_NFL,javonte williams,rushing_yards,75.5,-145,+100,87,True
12,PHI@DAL,JAHAN_DOTSON_1_NFL,jahan dotson,receiving_yards,10.5,+265,-500,0,True
12,PHI@DAL,KAVONTAE_TURPIN_1_NFL,kavontae turpin,receiving_yards,48.5,+220,-315,48,True
12,PHI@DAL,RYAN_FLOURNOY_1_NFL,ryan flournoy,receiving_yards,10.5,-120,-120,0,True
12,PHI@DAL,TANK_BIGSBY_1_NFL,tank bigsby,rushing_yards,8.5,-105,-130,8,True
12,PHI@DAL,MALIK_DAVIS_1_NFL,malik davis,rushing_yards,9.5,-102,-108,24,True
12,PHI@DAL,LUKE_SCHOONMAKER_1_NFL,luke schoonmaker,receiving_yards,3.5,+100,+100,0,True
12,PHI@DAL,AJ_DILLON_1_NFL,aj dillon,rushing_yards,12.5,-110,-111,0,True
12,TB@LA,BAKER_MAYFIELD_1_NFL,baker mayfield,passing_yards,170.5,-120,-110,41,True
12,TB@LA,MATTHEW_STAFFORD_1_NFL,matthew stafford,passing_yards,285.5,-125,-105,273,True
12,TB@LA,KYREN_WILLIAMS_1_NFL,kyren williams,rushing_yards,40.5,-145,+100,46,True
12,TB@LA,CADE_OTTON_1_NFL,cade otton,receiving_yards,36.5,-109,-113,21,True
12,TB@LA,DAVANTE_ADAMS_1_NFL,davante adams,receiving_yards,62.5,+120,-157,62,True
12,TB@LA,EMEKA_EGBUKA_1_NFL,emeka egbuka,receiving_yards,68.5,-110,-110,32,True
12,TB@LA,PUKA_NACUA_1_NFL,puka nacua,receiving_yards,100.5,-116,-112,97,True
12,TB@LA,SEAN_TUCKER_1_NFL,sean tucker,rushing_yards,45.5,-155,+105,42,True
12,TB@LA,RACHAAD_WHITE_1_NFL,rachaad white,receiving_yards,10.5,-140,-105,4,True
12,TB@LA,STERLING_SHEPARD_1_NFL,sterling shepard,receiving_yards,17.5,-111,-111,12,True
12,TB@LA,CHRIS_GODWIN_1_NFL,chris godwin,receiving_yards,11.5,-120,-117,9,True
12,TB@LA,TERRANCE_FERGUSON_1_NFL,terrance ferguson,receiving_yards,10.5,-115,-125,0,True
12,TB@LA,TEZ_JOHNSON_1_NFL,tez johnson,receiving_yards,30.5,-105,-140,21,True
12,TB@LA,JORDAN_WHITTINGTON_1_NFL,jordan whittington,receiving_yards,4.5,+140,-195,17,True
12,TB@LA,BLAKE_CORUM_1_NFL,blake corum,rushing_yards,25.5,-130,-110,24,True
12,TB@LA,COLBY_PARKINSON_1_NFL,colby parkinson,receiving_yards,41.5,+136,-192,41,True
12,TB@LA,DAVIS_ALLEN_1_NFL,davis allen,receiving_yards,10.5,+100,-145,29,True
12,TB@LA,TEDDY_BRIDGEWATER_1_NFL,teddy bridgewater,rushing_yards,5.5,-2800,+760,6,True
13,GB@DET,JARED_GOFF_1_NFL,jared goff,passing_yards,260.5,-110,-120,256,False
13,GB@DET,JORDAN_LOVE_1_NFL,jordan love,passing_yards,225.5,+105,-140,234,False
13,GB@DET,AMONRA_ST_BROWN_1_NFL,amonra st brown,receiving_yards,75.5,-117,-117,0,False
13,GB@DET,JAHMYR_GIBBS_1_NFL,jahmyr gibbs,rushing_yards,75.5,-118,-110,68,False
13,GB@DET,BROCK_WRIGHT_1_NFL,brock wright,receiving_yards,22.5,-115,-115,0,False
13,GB@DET,JAMESON_WILLIAMS_1_NFL,jameson williams,receiving_yards,52.5,-114,-114,144,False
13,GB@DET,DAVID_MONTGOMERY_1_NFL,david montgomery,rushing_yards,37.5,-114,-114,32,False
13,GB@DET,CHRISTIAN_WATSON_1_NFL,christian watson,receiving_yards,61.5,-123,-105,80,False
13,GB@DET,ROMEO_DOUBS_1_NFL,romeo doubs,receiving_yards,49.5,-103,-125,20,False
13,GB@DET,ISAAC_TESLAA_1_NFL,isaac teslaa,receiving_yards,17.5,-112,-115,35,False
13,GB@DET,JOSH_JACOBS_1_NFL,josh jacobs,receiving_yards,14.5,-118,-110,8,False
13,GB@DET,EMANUEL_WILSON_1_NFL,emanuel wilson,rushing_yards,24.5,-114,-114,14,False
13,GB@DET,DONTAYVION_WICKS_1_NFL,dontayvion wicks,receiving_yards,31.5,-118,-110,94,False
13,GB@DET,LUKE_MUSGRAVE_1_NFL,luke musgrave,receiving_yards,13.5,-118,-110,23,False
13,GB@DET,ROSS_DWELLEY_1_NFL,ross dwelley,receiving_yards,7.5,-110,-111,3,False
13,GB@DET,JOHN_FITZPATRICK_1_NFL,john fitzpatrick,receiving_yards,10.5,+255,-475,0,False
13,GB@DET,MALIK_HEATH_1_NFL,malik heath,receiving_yards,4.5,-111,-115,0,False
13,GB@DET,TOM_KENNEDY_1_NFL,tom kennedy,receiving_yards,36.5,+170,-230,36,False
13,KC@DAL,DAK_PRESCOTT_1_NFL,dak prescott,passing_yards,310.5,+115,-155,320,True
13,KC@DAL,PATRICK_MAHOMES_1_NFL,patrick mahomes,passing_yards,260.5,-115,-115,261,True
13,KC@DAL,JAVONTE_WILLIAMS_1_NFL,javonte williams,rushing_yards,60.5,+100,-145,59,True
13,KC@DAL,CEEDEE_LAMB_1_NFL,ceedee lamb,receiving_yards,66.5,-110,-115,112,True
13,KC@DAL,GEORGE_PICKENS_1_NFL,george pickens,receiving_yards,80.5,-140,-105,88,True
13,KC@DAL,JAKE_FERGUSON_1_NFL,jake ferguson,receiving_yards,30.5,+150,-235,36,True
13,KC@DAL,RASHEE_RICE_1_NFL,rashee rice,receiving_yards,111.5,-115,-115,92,True
13,KC@DAL,TRAVIS_KELCE_1_NFL,travis kelce,receiving_yards,45.5,+153,-207,45,True
13,KC@DAL,XAVIER_WORTHY_1_NFL,xavier worthy,receiving_yards,20.5,-129,-107,61,True
13,KC@DAL,LUKE_SCHOONMAKER_1_NFL,luke schoonmaker,receiving_yards,1.5,+100,-110,1,True
13,KC@DAL,KAVONTAE_TURPIN_1_NFL,kavontae turpin,rushing_yards,1.5,-108,-116,33,True
13,KC@DAL,HUNTER_LUEPKE_1_NFL,hunter luepke,receiving_yards,0.5,-102,-115,0,True
13,KC@DAL,BREVYN_SPANNFORD_1_NFL,brevyn spannford,receiving_yards,0.5,+100,+100,0,True
13,KC@DAL,MARQUISE_BROWN_1_NFL,marquise brown,receiving_yards,10.5,+110,-150,20,True
13,KC@DAL,ISIAH_PACHECO_1_NFL,isiah pacheco,rushing_yards,20.5,+255,-475,16,True
13,KC@DAL,KAREEM_HUNT_1_NFL,kareem hunt,rushing_yards,60.5,+130,-200,58,True
13,KC@DAL,JUJU_SMITHSCHUSTER_1_NFL,juju smithschuster,receiving_yards,10.5,+165,-265,0,True
13,KC@DAL,RYAN_FLOURNOY_1_NFL,ryan flournoy,receiving_yards,17.5,+125,-170,34,True
13,KC@DAL,ROBERT_TONYAN_1_NFL,robert tonyan,receiving_yards,5.5,-110,-111,0,True
13,KC@DAL,BRASHARD_SMITH_1_NFL,brashard smith,receiving_yards,10.5,+115,-170,0,True
13,KC@DAL,MALIK_DAVIS_1_NFL,malik davis,rushing_yards,50.5,-125,-110,47,True
13,KC@DAL,TYQUAN_THORNTON_1_NFL,tyquan thornton,receiving_yards,24.5,+135,,0,True
13,CIN@BAL,JOE_BURROW_1_NFL,joe burrow,passing_yards,261.5,+155,-216,261,True
13,CIN@BAL,LAMAR_JACKSON_1_NFL,lamar jackson,passing_yards,276.5,-117,-119,246,True
13,CIN@BAL,CHASE_BROWN_1_NFL,chase brown,rushing_yards,50.5,-115,-125,78,True
13,CIN@BAL,DERRICK_HENRY_1_NFL,derrick henry,rushing_yards,60.5,-108,-130,60,True
13,CIN@BAL,MARK_ANDREWS_1_NFL,mark andrews,rushing_yards,0.5,+100,-130,0,True
13,CIN@BAL,JAMARR_CHASE_1_NFL,jamarr chase,receiving_yards,110.5,+425,-650,110,True
13,CIN@BAL,KEATON_MITCHELL_1_NFL,keaton mitchell,rushing_yards,19.5,+475,-420,19,True
13,CIN@BAL,ZAY_FLOWERS_1_NFL,zay flowers,receiving_yards,5.5,+120,-160,6,True
13,CIN@BAL,MIKE_GESICKI_1_NFL,mike gesicki,receiving_yards,19.5,+887,-2562,19,True
13,CIN@BAL,ISAIAH_LIKELY_1_NFL,isaiah likely,receiving_yards,95.5,+115,-161,95,True
13,CIN@BAL,NOAH_FANT_1_NFL,noah fant,receiving_yards,10.5,+115,-170,3,True
13,CIN@BAL,CHARLIE_KOLAR_1_NFL,charlie kolar,receiving_yards,20.5,-130,-110,17,True
13,CIN@BAL,DREW_SAMPLE_1_NFL,drew sample,receiving_yards,0.5,+100,+100,14,True
13,CIN@BAL,TANNER_HUDSON_1_NFL,tanner hudson,receiving_yards,1.5,+100,+100,14,True
13,CIN@BAL,RASHOD_BATEMAN_1_NFL,rashod bateman,receiving_yards,0.5,+180,-253,0,True
13,CIN@BAL,JUSTICE_HILL_1_NFL,justice hill,receiving_yards,10.5,-110,-120,0,True
13,CIN@BAL,ANDREI_IOSIVAS_1_NFL,andrei iosivas,receiving_yards,29.5,+1000,-3362,29,True
13,CIN@BAL,MITCHELL_TINSLEY_1_NFL,mitchell tinsley,receiving_yards,22.5,+1056,-3579,22,True
13,CIN@BAL,SAMAJE_PERINE_1_NFL,samaje perine,receiving_yards,15.5,+295,-575,15,True
13,CIN@BAL,DEANDRE_HOPKINS_1_NFL,deandre hopkins,receiving_yards,25.5,+118,-169,25,True
13,CHI@PHI,CHRIS_WILLIAMS_1_NFL,chris williams,passing_yards,130.5,-115,-115,154,True
13,CHI@PHI,JALEN_HURTS_1_NFL,jalen hurts,passing_yards,166.5,-115,-115,230,True
13,CHI@PHI,DANDRE_SWIFT_1_NFL,dandre swift,rushing_yards,39.5,-122,-106,125,True
13,CHI@PHI,GRANT_CALCATERRA_1_NFL,grant calcaterra,receiving_yards,0.5,+100,-111,0,True
13,CHI@PHI,AJ_BROWN_1_NFL,aj brown,receiving_yards,60.5,-114,-114,132,True
13,CHI@PHI,COLE_KMET_1_NFL,cole kmet,receiving_yards,10.5,+320,-650,36,True
13,CHI@PHI,COLSTON_LOVELAND_1_NFL,colston loveland,receiving_yards,28.5,+147,-197,28,True
13,CHI@PHI,DALLAS_GOEDERT_1_NFL,dallas goedert,receiving_yards,10.5,-145,+100,27,True
13,CHI@PHI,DEVONTA_SMITH_1_NFL,devonta smith,receiving_yards,41.5,-115,-110,48,True
13,CHI@PHI,DJ_MOORE_1_NFL,dj moore,receiving_yards,10.5,+205,-350,17,True
13,CHI@PHI,LUTHER_BURDEN_III_1_NFL,luther burden,receiving_yards,33.5,+162,-220,33,True
13,CHI@PHI,ROME_ODUNZE_1_NFL,rome odunze,receiving_yards,8.5,+115,-150,8,True
13,CHI@PHI,SAQUON_BARKLEY_1_NFL,saquon barkley,receiving_yards,10.5,+145,-225,0,True
13,CHI@PHI,KYLE_MONANGAI_1_NFL,kyle monangai,rushing_yards,33.5,-120,-108,130,True
13,CHI@PHI,JAHAN_DOTSON_1_NFL,jahan dotson,receiving_yards,7.5,-114,-114,12,True
13,CHI@PHI,OLAMIDE_ZACCHEAUS_1_NFL,olamide zaccheaus,receiving_yards,4.5,-119,-109,19,True
13,CHI@PHI,TANK_BIGSBY_1_NFL,tank bigsby,rushing_yards,15.5,-114,-114,0,True
13,LA@CAR,KYREN_WILLIAMS_1_NFL,kyren williams,receiving_yards,10.5,+175,-285,0,True
13,LA@CAR,DAVANTE_ADAMS_1_NFL,davante adams,receiving_yards,61.5,-115,-115,58,True
13,LA@CAR,PUKA_NACUA_1_NFL,puka nacua,receiving_yards,60.5,-115,-125,72,True
13,LA@CAR,TETAIROA_MCMILLAN_1_NFL,tetairoa mcmillan,receiving_yards,10.5,-130,-110,43,True
13,LA@CAR,BRYCE_YOUNG_1_NFL,bryce young,passing_yards,215.5,-114,-111,206,True
13,LA@CAR,MATTHEW_STAFFORD_1_NFL,matthew stafford,passing_yards,265.5,-115,-115,243,True
13,LA@CAR,RICO_DOWDLE_1_NFL,rico dowdle,rushing_yards,55.5,-155,+105,58,True
13,LA@CAR,JALEN_COKER_1_NFL,jalen coker,receiving_yards,64.5,+165,-225,74,True
13,LA@CAR,XAVIER_LEGETTE_1_NFL,xavier legette,receiving_yards,1.5,+230,-325,1,True
13,LA@CAR,CHUBA_HUBBARD_1_NFL,chuba hubbard,rushing_yards,85.5,-137,-102,83,True
13,LA@CAR,BLAKE_CORUM_1_NFL,blake corum,receiving_yards,0.5,+120,-149,0,True
13,LA@CAR,COLBY_PARKINSON_1_NFL,colby parkinson,receiving_yards,20.5,-165,+110,27,True
13,LA@CAR,DAVIS_ALLEN_1_NFL,davis allen,receiving_yards,10.5,+125,-190,4,True
13,LA@CAR,JATAVION_SANDERS_1_NFL,jatavion sanders,receiving_yards,10.5,+105,-155,0,True
13,LA@CAR,TOMMY_TREMBLE_1_NFL,tommy tremble,receiving_yards,10.5,+155,-245,2,True
13,LA@CAR,JIMMY_HORN_JR_1_NFL,jimmy horn,receiving_yards,3.5,-105,-105,0,True
13,LA@CAR,TERRANCE_FERGUSON_1_NFL,terrance ferguson,receiving_yards,10.5,+180,-300,0,True
13,LA@CAR,JORDAN_WHITTINGTON_1_NFL,jordan whittington,receiving_yards,7.5,-110,-114,0,True
13,ATL@NYJ,KIRK_COUSINS_1_NFL,kirk cousins,passing_yards,245.5,+105,-140,234,True
13,ATL@NYJ,BIJAN_ROBINSON_1_NFL,bijan robinson,receiving_yards,55.5,+235,-425,51,True
13,ATL@NYJ,BREECE_HALL_1_NFL,breece hall,receiving_yards,10.5,+135,-205,8,True
13,ATL@NYJ,TYROD_TAYLOR_1_NFL,tyrod taylor,passing_yards,171.5,-112,-108,172,True
13,ATL@NYJ,ADONAI_MITCHELL_1_NFL,adonai mitchell,receiving_yards,85.5,-120,-120,102,True
13,ATL@NYJ,MASON_TAYLOR_1_NFL,mason taylor,receiving_yards,30.5,+100,-145,21,True
13,ATL@NYJ,DARNELL_MOONEY_1_NFL,darnell mooney,receiving_yards,25.5,+195,-330,25,True
13,ATL@NYJ,KYLE_PITTS_1_NFL,kyle pitts,receiving_yards,85.5,+165,-265,82,True
13,ATL@NYJ,DAVID_SILLS_V_1_NFL,david sills,receiving_yards,10.5,+125,-190,15,True
13,ATL@NYJ,ISAIAH_DAVIS_1_NFL,isaiah davis,receiving_yards,10.5,+425,-1000,0,True
13,ATL@NYJ,TYLER_ALLGEIER_1_NFL,tyler allgeier,rushing_yards,30.5,-120,-108,20,True
13,ATL@NYJ,ALLEN_LAZARD_1_NFL,allen lazard,receiving_yards,5.5,-115,-115,10,True
13,ATL@NYJ,CHARLIE_WOERNER_1_NFL,charlie woerner,receiving_yards,0.5,+220,-300,0,True
13,ATL@NYJ,DYLAN_DRUMMOND_1_NFL,dylan drummond,receiving_yards,10.5,+255,-475,3,True
13,ATL@NYJ,JEREMY_RUCKERT_1_NFL,jeremy ruckert,receiving_yards,0.5,+100,-108,12,True
13,SF@CLE,SHEDEUR_SANDERS_1_NFL,shedeur sanders,passing_yards,135.5,-128,-123,149,True
13,SF@CLE,QUINSHON_JUDKINS_1_NFL,quinshon judkins,rushing_yards,91.5,-132,-107,91,True
13,SF@CLE,HAROLD_FANNIN_JR_1_NFL,harold fannin,receiving_yards,45.5,-105,-140,43,True
13,SF@CLE,CHRISTIAN_MCCAFFREY_1_NFL,christian mccaffrey,rushing_yards,55.5,+100,-140,53,True
13,SF@CLE,GEORGE_KITTLE_1_NFL,george kittle,receiving_yards,67.5,+238,-137,67,True
13,SF@CLE,BROCK_PURDY_1_NFL,brock purdy,passing_yards,168.5,+478,-365,168,True
13,SF@CLE,CEDRIC_TILLMAN_1_NFL,cedric tillman,receiving_yards,0.5,+155,-214,0,True
13,SF@CLE,DAVID_NJOKU_1_NFL,david njoku,receiving_yards,4.5,+160,-225,4,True
13,SF@CLE,JERRY_JEUDY_1_NFL,jerry jeudy,receiving_yards,15.5,+105,-147,26,True
13,SF@CLE,DEMARCUS_ROBINSON_1_NFL,demarcus robinson,receiving_yards,10.5,+600,-1800,0,True
13,SF@CLE,JAUAN_JENNINGS_1_NFL,jauan jennings,receiving_yards,36.5,-114,-114,39,True
13,SF@CLE,RICKY_PEARSALL_1_NFL,ricky pearsall,receiving_yards,15.5,+370,-800,14,True
13,SF@CLE,BRIAN_ROBINSON_1_NFL,brian robinson,rushing_yards,17.5,+115,-152,26,True
13,SF@CLE,KYLE_JUSZCZYK_1_NFL,kyle juszczyk,receiving_yards,30.5,+800,-3000,27,True
13,SF@CLE,DYLAN_SAMPSON_1_NFL,dylan sampson,receiving_yards,8.5,-105,-105,0,True
13,SF@CLE,ISAIAH_BOND_1_NFL,isaiah bond,receiving_yards,6.5,-110,-115,18,True
13,ARI@TB,MACK_WILSON_1_NFL,mack wilson,receiving_yards,54.5,-114,-114,36,True
13,ARI@TB,TREY_MCBRIDE_1_NFL,trey mcbride,receiving_yards,68.5,-118,-110,82,True
13,ARI@TB,BUCKY_IRVING_1_NFL,bucky irving,receiving_yards,20.5,+298,-457,20,True
13,ARI@TB,RACHAAD_WHITE_1_NFL,rachaad white,rushing_yards,7.5,+152,-212,7,True
13,ARI@TB,EMEKA_EGBUKA_1_NFL,emeka egbuka,receiving_yards,42.5,+100,-135,42,True
13,ARI@TB,CADE_OTTON_1_NFL,cade otton,receiving_yards,9.5,+160,-205,9,True
13,ARI@TB,BAKER_MAYFIELD_1_NFL,baker mayfield,passing_yards,214.5,-117,-117,194,True
13,ARI@TB,SEAN_TUCKER_1_NFL,sean tucker,rushing_yards,30.5,-115,-112,0,True
13,ARI@TB,CHRIS_GODWIN_1_NFL,chris godwin,receiving_yards,78.5,+157,-220,78,True
13,ARI@TB,STERLING_SHEPARD_1_NFL,sterling shepard,receiving_yards,5.5,+346,-557,5,True
13,ARI@TB,TEZ_JOHNSON_1_NFL,tez johnson,receiving_yards,0.5,+232,-340,5,True
13,ARI@TB,JACOBY_BRISSETT_1_NFL,jacoby brissett,passing_yards,326.5,-115,-120,301,True
13,ARI@TB,ZONOVAN_KNIGHT_1_NFL,zonovan knight,receiving_yards,36.5,+254,-362,36,True
13,ARI@TB,MICHAEL_CARTER_1_NFL,michael carter,receiving_yards,42.5,+226,-318,47,True
13,ARI@TB,MARVIN_HARRISON_JR_1_NFL,marvin harrison,receiving_yards,52.5,-120,-108,69,True
13,ARI@TB,ELIJAH_HIGGINS_1_NFL,elijah higgins,receiving_yards,8.5,+100,-128,17,True
13,ARI@TB,GREG_DORTCH_1_NFL,greg dortch,receiving_yards,11.5,+247,-351,14,True
13,HOU@IND,CJ_STROUD_1_NFL,cj stroud,passing_yards,285.5,+100,-135,276,True
13,HOU@IND,DANIEL_JONES_1_NFL,daniel jones,passing_yards,225.5,-120,-110,201,True
13,HOU@IND,JONATHAN_TAYLOR_1_NFL,jonathan taylor,receiving_yards,17.5,-120,-108,36,True
13,HOU@IND,JOQUAVIOUS_MARKS_1_NFL,joquavious marks,rushing_yards,50.5,-125,-115,64,True
13,HOU@IND,ALEC_PIERCE_1_NFL,alec pierce,receiving_yards,44.5,-114,-114,78,True
13,HOU@IND,MICHAEL_PITTMAN_1_NFL,michael pittman,receiving_yards,47.5,-116,-111,13,True
13,HOU@IND,NICO_COLLINS_1_NFL,nico collins,receiving_yards,75.5,-130,-110,98,True
13,HOU@IND,TYLER_WARREN_1_NFL,tyler warren,receiving_yards,50.5,-109,-119,22,True
13,HOU@IND,DALTON_SCHULTZ_1_NFL,dalton schultz,receiving_yards,41.5,-114,-114,55,True
13,HOU@IND,JAYDEN_HIGGINS_1_NFL,jayden higgins,receiving_yards,55.5,+150,-235,65,True
13,HOU@IND,JOSH_DOWNS_1_NFL,josh downs,receiving_yards,32.5,-116,-111,44,True
13,HOU@IND,NICK_CHUBB_1_NFL,nick chubb,rushing_yards,35.5,-130,-110,34,True
13,HOU@IND,CHRISTIAN_KIRK_1_NFL,christian kirk,receiving_yards,18.5,-111,-116,0,True
13,HOU@IND,JAYLIN_NOEL_1_NFL,jaylin noel,receiving_yards,7.5,-113,-111,0,True
13,HOU@IND,XAVIER_HUTCHINSON_1_NFL,xavier hutchinson,receiving_yards,7.5,-114,-110,39,True
13,HOU@IND,CADE_STOVER_1_NFL,cade stover,receiving_yards,3.5,-111,-110,16,True
13,JAX@TEN,CAMERON_WARD_1_NFL,cameron ward,passing_yards,209.5,-114,-114,141,True
13,JAX@TEN,TREVOR_LAWRENCE_1_NFL,trevor lawrence,passing_yards,221.5,-114,-114,229,True
13,JAX@TEN,BRENTON_STRANGE_1_NFL,brenton strange,receiving_yards,45.5,+394,-310,45,True
13,JAX@TEN,BRIAN_THOMAS_1_NFL,brian thomas,receiving_yards,30.5,+190,-320,28,True
13,JAX@TEN,CHIGOZIEM_OKONOKWO_1_NFL,chigoziem okonokwo,receiving_yards,25.5,+170,-275,29,True
13,JAX@TEN,ELIC_AYOMANOR_1_NFL,elic ayomanor,receiving_yards,10.5,-110,-130,5,True
13,JAX@TEN,TONY_POLLARD_1_NFL,tony pollard,receiving_yards,10.5,+140,-215,3,True
13,JAX@TEN,TRAVIS_ETIENNE_JR_1_NFL,travis etienne,rushing_yards,30.5,-165,+110,28,True
13,JAX@TEN,TYJAE_SPEARS_1_NFL,tyjae spears,receiving_yards,25.5,+115,-155,25,True
13,JAX@TEN,BHAYSHUL_TUTEN_1_NFL,bhayshul tuten,rushing_yards,30.5,-110,-130,17,True
13,JAX@TEN,CHIMERE_DIKE_1_NFL,chimere dike,receiving_yards,10.5,+145,-225,8,True
13,JAX@TEN,VAN_JEFFERSON_1_NFL,van jefferson,receiving_yards,20.5,+115,-163,20,True
13,JAX@TEN,GUNNAR_HELM_1_NFL,gunnar helm,receiving_yards,20.5,-106,-128,23,True
13,JAX@TEN,PARKER_WASHINGTON_1_NFL,parker washington,receiving_yards,40.5,-145,+100,26,True
13,JAX@TEN,XAVIER_RESTREPO_1_NFL,xavier restrepo,receiving_yards,2.5,+100,+100,15,True
13,NO@MIA,TUA_TAGOVAILOA_1_NFL,tua tagovailoa,passing_yards,211.5,-116,-113,157,True
13,NO@MIA,TYLER_SHOUGH_1_NFL,tyler shough,passing_yards,202.5,-114,-114,239,True
13,NO@MIA,DEVON_ACHANE_1_NFL,devon achane,receiving_yards,34.5,-114,-113,0,True
13,NO@MIA,CHRIS_OLAVE_1_NFL,chris olave,receiving_yards,63.5,-116,-113,47,True
13,NO@MIA,JAYLEN_WADDLE_1_NFL,jaylen waddle,receiving_yards,70.5,-114,-114,40,True
13,NO@MIA,MALIK_WASHINGTON_1_NFL,malik washington,receiving_yards,22.5,-123,-105,30,True
13,NO@MIA,JUWAN_JOHNSON_1_NFL,juwan johnson,receiving_yards,40.5,-118,-112,39,True
13,NO@MIA,DEVAUGHN_VELE_1_NFL,devaughn vele,receiving_yards,30.5,-115,-113,93,True
13,NO@MIA,DEVIN_NEAL_1_NFL,devin neal,rushing_yards,42.5,-116,-113,47,True
13,NO@MIA,OLLIE_GORDON_1_NFL,ollie gordon,rushing_yards,20.5,-111,-119,10,True
13,NO@MIA,FOSTER_MOREAU_1_NFL,foster moreau,receiving_yards,1.5,-105,-106,13,True
13,NO@MIA,MASON_TIPTON_1_NFL,mason tipton,receiving_yards,18.5,-116,-112,20,True
13,NO@MIA,TAYSOM_HILL_1_NFL,taysom hill,rushing_yards,20.5,-116,-113,2,True
13,NO@MIA,DARREN_WALLER_1_NFL,darren waller,receiving_yards,24.5,-112,-117,47,True
13,NO@MIA,NICK_WESTBROOKIKHINE_1_NFL,nick westbrookikhine,receiving_yards,10.5,+130,-200,0,True
13,NO@MIA,GREG_DULCICH_1_NFL,greg dulcich,receiving_yards,9.5,-120,-109,24,True
13,NO@MIA,CEDRICK_WILSON_JR_1_NFL,cedrick wilson,receiving_yards,16.5,+2200,-6000,16,True
13,MIN@SEA,JAXON_SMITHNJIGBA_1_NFL,jaxon smithnjigba,receiving_yards,25.5,-110,-130,23,True
13,MIN@SEA,SAM_DARNOLD_1_NFL,sam darnold,passing_yards,140.5,-120,-110,128,True
13,MIN@SEA,JORDAN_ADDISON_1_NFL,jordan addison,receiving_yards,25.5,-105,-140,36,True
13,MIN@SEA,JUSTIN_JEFFERSON_1_NFL,justin jefferson,receiving_yards,10.5,-125,-115,4,True
13,MIN@SEA,AARON_JONES_1_NFL,aaron jones,receiving_yards,30.5,-140,-105,22,True
13,MIN@SEA,TJ_HOCKENSON_1_NFL,tj hockenson,receiving_yards,60.5,-145,+100,59,True
13,MIN@SEA,JORDAN_MASON_1_NFL,jordan mason,rushing_yards,30.5,-110,-120,47,True
13,MIN@SEA,KENNETH_WALKER_III_1_NFL,kenneth walker,receiving_yards,20.5,+255,-475,18,True
13,MIN@SEA,MAX_BROSMER_1_NFL,max brosmer,passing_yards,140.5,-125,-105,126,True
13,MIN@SEA,ZACH_CHARBONNET_1_NFL,zach charbonnet,rushing_yards,30.5,-142,+100,52,True
13,MIN@SEA,AJ_BARNER_1_NFL,aj barner,receiving_yards,35.5,+295,-575,35,True
13,MIN@SEA,COOPER_KUPP_1_NFL,cooper kupp,receiving_yards,25.5,+205,-350,24,True
13,MIN@SEA,ELIJAH_ARROYO_1_NFL,elijah arroyo,receiving_yards,10.5,+160,-255,0,True
13,MIN@SEA,RASHID_SHAHEED_1_NFL,rashid shaheed,receiving_yards,10.5,+120,-180,7,True
13,MIN@SEA,JALEN_NAILOR_1_NFL,jalen nailor,receiving_yards,10.5,+140,-215,0,True
13,LV@LAC,GENO_SMITH_1_NFL,geno smith,passing_yards,185.5,-125,-107,165,True
13,LV@LAC,JUSTIN_HERBERT_1_NFL,justin herbert,passing_yards,140.5,-140,+105,151,True
13,LV@LAC,ASHTON_JEANTY_1_NFL,ashton jeanty,receiving_yards,26.5,+111,-153,30,True
13,LV@LAC,BROCK_BOWERS_1_NFL,brock bowers,receiving_yards,65.5,-105,-140,63,True
13,LV@LAC,LADD_MCCONKEY_1_NFL,ladd mcconkey,receiving_yards,30.5,+205,-350,39,True
13,LV@LAC,ORONDE_GADSDEN_II_1_NFL,oronde gadsden,receiving_yards,27.5,+520,-945,27,True
13,LV@LAC,KEENAN_ALLEN_1_NFL,keenan allen,receiving_yards,30.5,+359,-663,30,True
13,LV@LAC,QUENTIN_JOHNSTON_1_NFL,quentin johnston,receiving_yards,13.5,+625,-1275,23,True
13,LV@LAC,TRE_TUCKER_1_NFL,tre tucker,receiving_yards,20.5,+100,-145,20,True
13,LV@LAC,TYLER_LOCKETT_1_NFL,tyler lockett,receiving_yards,11.5,+181,-264,11,True
13,LV@LAC,KIMANI_VIDAL_1_NFL,kimani vidal,rushing_yards,125.5,-115,-124,126,True
13,LV@LAC,DONTE_THORNTON_1_NFL,donte thornton,receiving_yards,10.5,+235,-425,11,True
13,LV@LAC,IAN_THOMAS_1_NFL,ian thomas,receiving_yards,10.5,+235,-425,8,True
13,LV@LAC,TRE_HARRIS_1_NFL,tre harris,receiving_yards,25.5,+419,-842,30,True
13,LV@LAC,JARET_PATTERSON_1_NFL,jaret patterson,rushing_yards,21.5,-119,-115,54,True
13,BUF@PIT,JOSH_ALLEN_1_NFL,josh allen,passing_yards,115.5,+108,-144,123,True
13,BUF@PIT,KHALIL_SHAKIR_1_NFL,khalil shakir,receiving_yards,5.5,+575,-1000,5,True
13,BUF@PIT,AARON_RODGERS_1_NFL,aaron rodgers,passing_yards,119.5,-115,-115,117,True
13,BUF@PIT,JAYLEN_WARREN_1_NFL,jaylen warren,receiving_yards,10.5,+180,-300,9,True
13,BUF@PIT,KENNETH_GAINWELL_1_NFL,kenneth gainwell,receiving_yards,25.5,-102,-136,25,True
13,BUF@PIT,DK_METCALF_1_NFL,dk metcalf,receiving_yards,32.5,+100,-130,32,True
13,BUF@PIT,JONNU_SMITH_1_NFL,jonnu smith,receiving_yards,10.5,-125,-115,6,True
13,BUF@PIT,PAT_FREIERMUTH_1_NFL,pat freiermuth,receiving_yards,10.5,+160,-255,0,True
13,BUF@PIT,JAMES_COOK_1_NFL,james cook,receiving_yards,20.5,+140,-215,33,True
13,BUF@PIT,DARNELL_WASHINGTON_1_NFL,darnell washington,receiving_yards,10.5,+150,-235,45,True
13,BUF@PIT,CALVIN_AUSTIN_1_NFL,calvin austin,receiving_yards,10.5,+130,-200,0,True
13,BUF@PIT,DALTON_KINCAID_1_NFL,dalton kincaid,receiving_yards,29.5,-115,-115,0,True
13,BUF@PIT,KEON_COLEMAN_1_NFL,keon coleman,receiving_yards,15.5,-125,-115,9,True
13,BUF@PIT,TY_JOHNSON_1_NFL,ty johnson,receiving_yards,20.5,+611,-1239,20,True
13,BUF@PIT,ROMAN_WILSON_1_NFL,roman wilson,receiving_yards,0.5,+325,-475,0,True
13,BUF@PIT,JOSH_PALMER_1_NFL,josh palmer,receiving_yards,25.5,-113,-116,0,True
13,BUF@PIT,DAWSON_KNOX_1_NFL,dawson knox,receiving_yards,10.5,+195,-330,28,True
13,BUF@PIT,JACKSON_HAWES_1_NFL,jackson hawes,receiving_yards,10.5,+2500,-552,10,True
13,BUF@PIT,TYRELL_SHAVERS_1_NFL,tyrell shavers,receiving_yards,0.5,+275,-400,0,True
13,DEN@WAS,BO_NIX_1_NFL,bo nix,passing_yards,255.5,-125,-105,321,True
13,DEN@WAS,MARCUS_MARIOTA_1_NFL,marcus mariota,passing_yards,194.5,-115,-115,294,True
13,DEN@WAS,COURTLAND_SUTTON_1_NFL,courtland sutton,receiving_yards,52.5,-114,-114,62,True
13,DEN@WAS,DEEBO_SAMUEL_1_NFL,deebo samuel,receiving_yards,38.5,-114,-114,64,True
13,DEN@WAS,TROY_FRANKLIN_1_NFL,troy franklin,receiving_yards,51.5,-118,-110,21,True
13,DEN@WAS,ZACH_ERTZ_1_NFL,zach ertz,receiving_yards,32.5,-103,-125,106,True
13,DEN@WAS,CHRIS_RODRIGUEZ_JR_1_NFL,chris rodriguez,rushing_yards,40.5,-111,-116,41,True
13,DEN@WAS,RJ_HARVEY_1_NFL,rj harvey,rushing_yards,58.5,-125,-103,35,True
13,DEN@WAS,JACORY_MERRITT_1_NFL,jacory merritt,rushing_yards,24.5,-118,-110,20,True
13,DEN@WAS,EVAN_ENGRAM_1_NFL,evan engram,receiving_yards,22.5,-116,-111,79,True
13,DEN@WAS,MARVIN_MIMS_JR_1_NFL,marvin mims,receiving_yards,14.5,-114,-114,8,True
13,DEN@WAS,PAT_BRYANT_1_NFL,pat bryant,receiving_yards,23.5,-114,-114,42,True
13,DEN@WAS,JALEEL_MCLAUGHLIN_1_NFL,jaleel mclaughlin,rushing_yards,29.5,-103,-125,24,True
13,DEN@WAS,TERRY_MCLAURIN_1_NFL,terry mclaurin,receiving_yards,37.5,-110,-118,96,True
13,DEN@WAS,TREYLON_BURKS_1_NFL,treylon burks,receiving_yards,10.5,+120,-180,5,True
13,DEN@WAS,JEREMY_MCNICHOLS_1_NFL,jeremy mcnichols,receiving_yards,9.5,-114,-114,0,True
13,DEN@WAS,ADAM_TRAUTMAN_1_NFL,adam trautman,receiving_yards,6.5,+100,+100,47,True
13,DEN@WAS,JOHN_BATES_1_NFL,john bates,receiving_yards,7.5,+174,-232,9,True
13,DEN@WAS,CHRIS_MOORE_1_NFL,chris moore,receiving_yards,4.5,-110,-118,0,True
13,DEN@WAS,JAYLIN_LANE_1_NFL,jaylin lane,receiving_yards,9.5,-107,-112,0,True
14,DAL@DET,DAK_PRESCOTT_1_NFL,dak prescott,passing_yards,355.5,-120,-110,376,True
14,DAL@DET,CEEDEE_LAMB_1_NFL,ceedee lamb,receiving_yards,165.5,-125,-115,121,True
14,DAL@DET,GEORGE_PICKENS_1_NFL,george pickens,receiving_yards,44.5,+100,+100,37,True
14,DAL@DET,JAVONTE_WILLIAMS_1_NFL,javonte williams,rushing_yards,60.5,-180,+120,67,True
14,DAL@DET,JARED_GOFF_1_NFL,jared goff,passing_yards,280.5,-140,+105,309,True
14,DAL@DET,DAVID_MONTGOMERY_1_NFL,david montgomery,receiving_yards,10.5,+200,-340,13,True
14,DAL@DET,JAHMYR_GIBBS_1_NFL,jahmyr gibbs,receiving_yards,80.5,-155,+105,77,True
14,DAL@DET,JAKE_FERGUSON_1_NFL,jake ferguson,receiving_yards,50.5,-115,-112,58,True
14,DAL@DET,JAMESON_WILLIAMS_1_NFL,jameson williams,receiving_yards,96.5,+235,-375,96,True
14,DAL@DET,LUKE_SCHOONMAKER_1_NFL,luke schoonmaker,receiving_yards,0.5,+100,+100,12,True
14,DAL@DET,BREVYN_SPANNFORD_1_NFL,brevyn spannford,receiving_yards,0.5,+100,+100,7,True
14,DAL@DET,KAVONTAE_TURPIN_1_NFL,kavontae turpin,rushing_yards,4.5,+100,+100,4,True
14,DAL@DET,TOM_KENNEDY_1_NFL,tom kennedy,receiving_yards,10.5,+145,-225,0,True
14,DAL@DET,ISAAC_TESLAA_1_NFL,isaac teslaa,receiving_yards,20.5,+200,-175,20,True
14,DAL@DET,ROSS_DWELLEY_1_NFL,ross dwelley,receiving_yards,4.5,+810,-267,4,True
14,DAL@DET,RYAN_FLOURNOY_1_NFL,ryan flournoy,receiving_yards,105.5,-105,-125,115,True
14,DAL@DET,MALIK_DAVIS_1_NFL,malik davis,rushing_yards,10.5,+475,-1200,6,True
14,DAL@DET,HUNTER_LUEPKE_1_NFL,hunter luepke,receiving_yards,0.5,+100,+100,0,True
14,DAL@DET,AMONRA_ST_BROWN_1_NFL,amonra st brown,receiving_yards,55.5,+145,-167,92,True
14,PIT@BAL,AARON_RODGERS_1_NFL,aaron rodgers,passing_yards,292.5,-115,-120,284,True
14,PIT@BAL,LAMAR_JACKSON_1_NFL,lamar jackson,passing_yards,169.5,+100,+100,219,True
14,PIT@BAL,DERRICK_HENRY_1_NFL,derrick henry,rushing_yards,70.5,+110,-165,94,True
14,PIT@BAL,JAYLEN_WARREN_1_NFL,jaylen warren,rushing_yards,50.5,-111,-116,13,True
14,PIT@BAL,ZAY_FLOWERS_1_NFL,zay flowers,rushing_yards,0.5,+100,+100,2,True
14,PIT@BAL,DK_METCALF_1_NFL,dk metcalf,receiving_yards,148.5,+100,+100,148,True
14,PIT@BAL,ISAIAH_LIKELY_1_NFL,isaiah likely,receiving_yards,26.5,-120,-110,25,True
14,PIT@BAL,MARK_ANDREWS_1_NFL,mark andrews,receiving_yards,0.5,+122,-140,9,True
14,PIT@BAL,CALVIN_AUSTIN_1_NFL,calvin austin,receiving_yards,17.5,-120,-110,31,True
14,PIT@BAL,DARNELL_WASHINGTON_1_NFL,darnell washington,receiving_yards,15.5,-115,-115,12,True
14,PIT@BAL,JONNU_SMITH_1_NFL,jonnu smith,receiving_yards,10.5,+275,-203,0,True
14,PIT@BAL,KENNETH_GAINWELL_1_NFL,kenneth gainwell,receiving_yards,18.5,-120,-110,27,True
14,PIT@BAL,PAT_FREIERMUTH_1_NFL,pat freiermuth,receiving_yards,17.5,-120,-110,9,True
14,PIT@BAL,ROMAN_WILSON_1_NFL,roman wilson,receiving_yards,7.5,-113,-110,0,True
14,PIT@BAL,DEANDRE_HOPKINS_1_NFL,deandre hopkins,receiving_yards,0.5,+100,+100,0,True
14,PIT@BAL,RASHOD_BATEMAN_1_NFL,rashod bateman,receiving_yards,23.5,+100,+100,23,True
14,PIT@BAL,CHARLIE_KOLAR_1_NFL,charlie kolar,receiving_yards,1.5,-107,-107,19,True
14,PIT@BAL,KEATON_MITCHELL_1_NFL,keaton mitchell,rushing_yards,13.5,-114,-114,76,True
14,WAS@MIN,DEEBO_SAMUEL_1_NFL,deebo samuel,rushing_yards,0.5,+100,+100,0,True
14,WAS@MIN,JUSTIN_JEFFERSON_1_NFL,justin jefferson,receiving_yards,15.5,+370,-800,11,True
14,WAS@MIN,TERRY_MCLAURIN_1_NFL,terry mclaurin,receiving_yards,50.5,-125,-115,41,True
14,WAS@MIN,ZACH_ERTZ_1_NFL,zach ertz,receiving_yards,25.5,-120,-120,11,True
14,WAS@MIN,JJ_MCCARTHY_1_NFL,jj mccarthy,passing_yards,130.5,-105,-125,163,True
14,WAS@MIN,JORDAN_ADDISON_1_NFL,jordan addison,receiving_yards,41.5,+100,+100,62,True
14,WAS@MIN,TJ_HOCKENSON_1_NFL,tj hockenson,receiving_yards,10.5,+530,-1400,12,True
14,WAS@MIN,CHRIS_RODRIGUEZ_JR_1_NFL,chris rodriguez,rushing_yards,53.5,-110,-119,52,True
14,WAS@MIN,JALEN_NAILOR_1_NFL,jalen nailor,receiving_yards,30.5,+210,-315,30,True
14,WAS@MIN,JOSH_OLIVER_1_NFL,josh oliver,receiving_yards,18.5,+250,-347,24,True
14,WAS@MIN,MARCUS_MARIOTA_1_NFL,marcus mariota,passing_yards,207.5,-115,-113,30,True
14,WAS@MIN,JEREMY_MCNICHOLS_1_NFL,jeremy mcnichols,receiving_yards,10.5,-125,-115,2,True
14,WAS@MIN,JACORY_MERRITT_1_NFL,jacory merritt,rushing_yards,13.5,+100,+100,32,True
14,WAS@MIN,JAYDEN_DANIELS_1_NFL,jayden daniels,passing_yards,184.5,-115,-120,78,True
14,WAS@MIN,AARON_JONES_1_NFL,aaron jones,receiving_yards,0.5,+114,-137,0,True
14,WAS@MIN,JORDAN_MASON_1_NFL,jordan mason,rushing_yards,60.5,+105,-155,52,True
14,WAS@MIN,NOAH_BROWN_1_NFL,noah brown,receiving_yards,10.5,+190,-320,19,True
14,WAS@MIN,TREYLON_BURKS_1_NFL,treylon burks,receiving_yards,10.5,+160,-255,0,True
14,WAS@MIN,JOHN_BATES_1_NFL,john bates,receiving_yards,0.5,+100,+100,0,True
14,TEN@CLE,CAMERON_WARD_1_NFL,cameron ward,passing_yards,117.5,+170,-235,117,True
14,TEN@CLE,SHEDEUR_SANDERS_1_NFL,shedeur sanders,passing_yards,310.5,-105,-125,364,True
14,TEN@CLE,QUINSHON_JUDKINS_1_NFL,quinshon judkins,rushing_yards,27.5,-120,-125,26,True
14,TEN@CLE,TONY_POLLARD_1_NFL,tony pollard,rushing_yards,164.5,-110,-120,161,True
14,TEN@CLE,HAROLD_FANNIN_JR_1_NFL,harold fannin,receiving_yards,94.5,-110,-127,114,True
14,TEN@CLE,ELIC_AYOMANOR_1_NFL,elic ayomanor,receiving_yards,14.5,+231,-271,14,True
14,TEN@CLE,GUNNAR_HELM_1_NFL,gunnar helm,receiving_yards,8.5,+229,-269,8,True
14,TEN@CLE,JERRY_JEUDY_1_NFL,jerry jeudy,receiving_yards,76.5,+140,-205,76,True
14,TEN@CLE,CEDRIC_TILLMAN_1_NFL,cedric tillman,receiving_yards,23.5,+100,+100,23,True
14,TEN@CLE,TYJAE_SPEARS_1_NFL,tyjae spears,receiving_yards,28.5,+745,-1780,28,True
14,TEN@CLE,CHIMERE_DIKE_1_NFL,chimere dike,receiving_yards,10.5,+205,-350,24,True
14,TEN@CLE,ISAIAH_BOND_1_NFL,isaiah bond,receiving_yards,10.5,+355,-750,0,True
14,TEN@CLE,DAVID_NJOKU_1_NFL,david njoku,receiving_yards,8.5,-112,-105,1,True
14,TEN@CLE,CHIGOZIEM_OKONOKWO_1_NFL,chigoziem okonokwo,receiving_yards,20.5,+235,-425,20,True
14,TEN@CLE,VAN_JEFFERSON_1_NFL,van jefferson,receiving_yards,17.5,+239,-281,17,True
14,TEN@CLE,JEROME_FORD_1_NFL,jerome ford,receiving_yards,6.5,-107,-125,10,True
14,TEN@CLE,DYLAN_SAMPSON_1_NFL,dylan sampson,receiving_yards,0.5,-102,-112,64,True
14,NO@TB,BAKER_MAYFIELD_1_NFL,baker mayfield,passing_yards,219.5,-114,-114,122,True
14,NO@TB,TYLER_SHOUGH_1_NFL,tyler shough,passing_yards,215.5,-111,-116,144,True
14,NO@TB,CHRIS_OLAVE_1_NFL,chris olave,receiving_yards,30.5,+215,-300,30,True
14,NO@TB,EMEKA_EGBUKA_1_NFL,emeka egbuka,receiving_yards,55.5,-114,-114,15,True
14,NO@TB,JUWAN_JOHNSON_1_NFL,juwan johnson,receiving_yards,40.5,-115,-112,38,True
14,NO@TB,DEVAUGHN_VELE_1_NFL,devaughn vele,receiving_yards,36.5,-120,-108,40,True
14,NO@TB,BUCKY_IRVING_1_NFL,bucky irving,rushing_yards,71.5,-130,+100,55,True
14,NO@TB,RACHAAD_WHITE_1_NFL,rachaad white,receiving_yards,10.5,-109,-119,2,True
14,NO@TB,CHRIS_GODWIN_1_NFL,chris godwin,receiving_yards,55.5,-115,-125,55,True
14,NO@TB,CADE_OTTON_1_NFL,cade otton,receiving_yards,16.5,+154,-217,19,True
14,NO@TB,STERLING_SHEPARD_1_NFL,sterling shepard,receiving_yards,10.5,-114,-114,5,True
14,NO@TB,TEZ_JOHNSON_1_NFL,tez johnson,receiving_yards,19.5,-115,-112,0,True
14,NO@TB,DEVIN_NEAL_1_NFL,devin neal,rushing_yards,41.5,-114,-114,70,True
14,NO@TB,TAYSOM_HILL_1_NFL,taysom hill,rushing_yards,5.5,+640,-2000,-1,True
14,NO@TB,FOSTER_MOREAU_1_NFL,foster moreau,receiving_yards,16.5,+100,+100,16,True
14,NO@TB,MASON_TIPTON_1_NFL,mason tipton,receiving_yards,16.5,-114,-114,0,True
14,NO@TB,SEAN_TUCKER_1_NFL,sean tucker,rushing_yards,9.5,-105,-125,29,True
14,NO@TB,EVAN_HULL_1_NFL,evan hull,rushing_yards,8.5,+100,+100,4,True
14,CIN@BUF,TANNER_HUDSON_1_NFL,tanner hudson,receiving_yards,2.5,+100,+100,11,True
14,CIN@BUF,JOE_BURROW_1_NFL,joe burrow,passing_yards,252.5,-114,-114,284,True
14,CIN@BUF,JAMARR_CHASE_1_NFL,jamarr chase,receiving_yards,30.5,+105,-155,44,True
14,CIN@BUF,JOSH_ALLEN_1_NFL,josh allen,passing_yards,229.5,-114,-114,251,True
14,CIN@BUF,CHASE_BROWN_1_NFL,chase brown,receiving_yards,15.5,+171,-216,12,True
14,CIN@BUF,KHALIL_SHAKIR_1_NFL,khalil shakir,receiving_yards,25.5,-140,-105,16,True
14,CIN@BUF,JAMES_COOK_1_NFL,james cook,rushing_yards,75.5,-140,-105,80,True
14,CIN@BUF,SAMAJE_PERINE_1_NFL,samaje perine,rushing_yards,31.5,-125,-103,31,True
14,CIN@BUF,TY_JOHNSON_1_NFL,ty johnson,receiving_yards,12.5,-110,-105,14,True
14,CIN@BUF,DALTON_KINCAID_1_NFL,dalton kincaid,receiving_yards,35.5,-116,-111,41,True
14,CIN@BUF,KEON_COLEMAN_1_NFL,keon coleman,receiving_yards,20.5,+135,-205,16,True
14,CIN@BUF,TEE_HIGGINS_1_NFL,tee higgins,receiving_yards,55.5,-111,-116,92,True
14,CIN@BUF,ANDREI_IOSIVAS_1_NFL,andrei iosivas,receiving_yards,20.5,+425,-1000,17,True
14,CIN@BUF,MIKE_GESICKI_1_NFL,mike gesicki,receiving_yards,45.5,+305,-600,86,True
14,CIN@BUF,NOAH_FANT_1_NFL,noah fant,receiving_yards,10.5,+200,-340,15,True
14,CIN@BUF,GABRIEL_DAVIS_1_NFL,gabriel davis,receiving_yards,25.5,+105,-155,21,True
14,CIN@BUF,RAY_DAVIS_1_NFL,ray davis,receiving_yards,4.5,-122,-112,0,True
14,CIN@BUF,BRANDIN_COOKS_1_NFL,brandin cooks,receiving_yards,0.5,+100,-130,0,True
14,CIN@BUF,TYRELL_SHAVERS_1_NFL,tyrell shavers,receiving_yards,9.5,-117,-117,16,True
14,CIN@BUF,DAWSON_KNOX_1_NFL,dawson knox,receiving_yards,52.5,+100,+100,93,True
14,MIA@NYJ,TUA_TAGOVAILOA_1_NFL,tua tagovailoa,passing_yards,135.5,+110,-150,127,True
14,MIA@NYJ,TYROD_TAYLOR_1_NFL,tyrod taylor,passing_yards,190.5,-110,-120,6,True
14,MIA@NYJ,BREECE_HALL_1_NFL,breece hall,rushing_yards,45.5,-140,-105,43,True
14,MIA@NYJ,DEVON_ACHANE_1_NFL,devon achane,rushing_yards,88.5,-115,-115,92,True
14,MIA@NYJ,JAYLEN_WADDLE_1_NFL,jaylen waddle,receiving_yards,66.5,-120,-110,50,True
14,MIA@NYJ,MASON_TAYLOR_1_NFL,mason taylor,receiving_yards,40.5,+100,+100,51,True
14,MIA@NYJ,MALIK_WASHINGTON_1_NFL,malik washington,receiving_yards,25.5,-105,-123,10,True
14,MIA@NYJ,DARREN_WALLER_1_NFL,darren waller,receiving_yards,19.5,+100,+100,13,True
14,MIA@NYJ,ADONAI_MITCHELL_1_NFL,adonai mitchell,receiving_yards,10.5,+185,-310,24,True
14,MIA@NYJ,OLLIE_GORDON_1_NFL,ollie gordon,rushing_yards,14.5,-120,-110,17,True
14,MIA@NYJ,GREG_DULCICH_1_NFL,greg dulcich,receiving_yards,41.5,+100,+100,41,True
14,MIA@NYJ,JOHN_METCHIE_III_1_NFL,john metchie,receiving_yards,10.5,-105,-140,34,True
14,MIA@NYJ,NICK_WESTBROOKIKHINE_1_NFL,nick westbrookikhine,receiving_yards,0.5,+100,+100,0,True
14,MIA@NYJ,JEREMY_RUCKERT_1_NFL,jeremy ruckert,receiving_yards,0.5,+124,-205,19,True
14,MIA@NYJ,ISAIAH_DAVIS_1_NFL,isaiah davis,rushing_yards,7.5,-115,+100,22,True
14,MIA@NYJ,ISAIAH_WILLIAMS_1_NFL,isaiah williams,receiving_yards,10.5,+100,,24,True
14,MIA@NYJ,BRADY_COOK_1_NFL,brady cook,passing_yards,118.5,+100,+100,163,True
14,SEA@ATL,AJ_BARNER_1_NFL,aj barner,rushing_yards,0.5,+100,+100,0,True
14,SEA@ATL,KIRK_COUSINS_1_NFL,kirk cousins,passing_yards,185.5,-120,-110,162,True
14,SEA@ATL,SAM_DARNOLD_1_NFL,sam darnold,passing_yards,235.5,-114,-114,249,True
14,SEA@ATL,BIJAN_ROBINSON_1_NFL,bijan robinson,rushing_yards,62.5,-114,-114,86,True
14,SEA@ATL,COOPER_KUPP_1_NFL,cooper kupp,receiving_yards,30.5,-118,-110,35,True
14,SEA@ATL,JAXON_SMITHNJIGBA_1_NFL,jaxon smithnjigba,receiving_yards,95.5,-114,-114,92,True
14,SEA@ATL,KENNETH_WALKER_III_1_NFL,kenneth walker,rushing_yards,63.5,-114,-114,29,True
14,SEA@ATL,TYLER_ALLGEIER_1_NFL,tyler allgeier,rushing_yards,28.5,-115,-130,34,True
14,SEA@ATL,ZACH_CHARBONNET_1_NFL,zach charbonnet,rushing_yards,40.5,-114,-114,46,True
14,SEA@ATL,ELIJAH_ARROYO_1_NFL,elijah arroyo,receiving_yards,7.5,-114,-114,0,True
14,SEA@ATL,RASHID_SHAHEED_1_NFL,rashid shaheed,receiving_yards,20.5,-125,-103,67,True
14,SEA@ATL,KYLE_PITTS_1_NFL,kyle pitts,receiving_yards,100.5,-132,-112,90,True
14,SEA@ATL,DARNELL_MOONEY_1_NFL,darnell mooney,receiving_yards,42.5,-110,-118,6,True
14,SEA@ATL,DAVID_SILLS_V_1_NFL,david sills,receiving_yards,20.5,-114,-114,0,True
14,SEA@ATL,DYLAN_DRUMMOND_1_NFL,dylan drummond,receiving_yards,16.5,-114,-114,21,True
14,SEA@ATL,CHARLIE_WOERNER_1_NFL,charlie woerner,receiving_yards,0.5,+100,+100,0,True
14,IND@JAX,DANIEL_JONES_1_NFL,daniel jones,passing_yards,221.5,-115,-112,60,True
14,IND@JAX,TREVOR_LAWRENCE_1_NFL,trevor lawrence,passing_yards,210.5,-125,-103,244,True
14,IND@JAX,JONATHAN_TAYLOR_1_NFL,jonathan taylor,rushing_yards,92.5,-122,-106,74,True
14,IND@JAX,TRAVIS_ETIENNE_JR_1_NFL,travis etienne,rushing_yards,53.5,-111,-116,74,True
14,IND@JAX,ALEC_PIERCE_1_NFL,alec pierce,receiving_yards,52.5,-120,-108,80,True
14,IND@JAX,BRIAN_THOMAS_1_NFL,brian thomas,receiving_yards,45.5,-114,-114,87,True
14,IND@JAX,MICHAEL_PITTMAN_1_NFL,michael pittman,receiving_yards,45.5,-116,-111,79,True
14,IND@JAX,TYLER_WARREN_1_NFL,tyler warren,receiving_yards,20.5,-118,-102,15,True
14,IND@JAX,BRENTON_STRANGE_1_NFL,brenton strange,receiving_yards,41.5,-114,-114,27,True
14,IND@JAX,BHAYSHUL_TUTEN_1_NFL,bhayshul tuten,rushing_yards,25.5,-114,-114,5,True
14,IND@JAX,JOSH_DOWNS_1_NFL,josh downs,receiving_yards,33.5,-115,-112,23,True
14,IND@JAX,PARKER_WASHINGTON_1_NFL,parker washington,receiving_yards,32.5,-111,-110,0,True
14,IND@JAX,JAKOBI_MEYERS_1_NFL,jakobi meyers,receiving_yards,53.5,-114,-114,39,True
14,IND@JAX,AUSTIN_TRAMMELL_1_NFL,austin trammell,receiving_yards,10.5,+175,-285,0,True
14,IND@JAX,TIM_PATRICK_1_NFL,tim patrick,receiving_yards,46.5,+100,+100,78,True
14,IND@JAX,JOHNNY_MUNDT_1_NFL,johnny mundt,receiving_yards,1.5,-115,-115,0,True
14,IND@JAX,RILEY_LEONARD_1_NFL,riley leonard,rushing_yards,5.5,+165,-265,5,True
14,DEN@LV,BO_NIX_1_NFL,bo nix,passing_yards,228.5,-118,-110,212,True
14,DEN@LV,GENO_SMITH_1_NFL,geno smith,passing_yards,180.5,-105,-125,116,True
14,DEN@LV,ASHTON_JEANTY_1_NFL,ashton jeanty,rushing_yards,30.5,-155,+105,30,True
14,DEN@LV,RJ_HARVEY_1_NFL,rj harvey,rushing_yards,70.5,-180,+120,75,True
14,DEN@LV,BROCK_BOWERS_1_NFL,brock bowers,receiving_yards,40.5,+105,-155,46,True
14,DEN@LV,COURTLAND_SUTTON_1_NFL,courtland sutton,receiving_yards,62.5,+645,-1350,62,True
14,DEN@LV,TRE_TUCKER_1_NFL,tre tucker,receiving_yards,24.5,+105,-155,24,True
14,DEN@LV,TROY_FRANKLIN_1_NFL,troy franklin,receiving_yards,11.5,+221,-259,11,True
14,DEN@LV,EVAN_ENGRAM_1_NFL,evan engram,receiving_yards,8.5,+242,-285,8,True
14,DEN@LV,JACK_BECH_1_NFL,jack bech,receiving_yards,24.5,-120,-108,50,True
14,DEN@LV,TYLER_LOCKETT_1_NFL,tyler lockett,receiving_yards,20.5,-141,+109,41,True
14,DEN@LV,PAT_BRYANT_1_NFL,pat bryant,receiving_yards,32.5,+1075,-4930,32,True
14,DEN@LV,JALEEL_MCLAUGHLIN_1_NFL,jaleel mclaughlin,rushing_yards,10.5,-115,-125,22,True
14,DEN@LV,ADAM_TRAUTMAN_1_NFL,adam trautman,receiving_yards,12.5,+100,+100,17,True
14,DEN@LV,MARVIN_MIMS_JR_1_NFL,marvin mims,receiving_yards,5.5,+251,-296,5,True
14,DEN@LV,IAN_THOMAS_1_NFL,ian thomas,receiving_yards,17.5,+155,-225,17,True
14,DEN@LV,TYLER_BADIE_1_NFL,tyler badie,receiving_yards,5.5,+100,+100,5,True
14,DEN@LV,RAHEEM_MOSTERT_1_NFL,raheem mostert,rushing_yards,0.5,+100,+100,0,True
14,LA@ARI,MATTHEW_STAFFORD_1_NFL,matthew stafford,passing_yards,303.5,+100,+100,281,True
14,LA@ARI,PUKA_NACUA_1_NFL,puka nacua,rushing_yards,0.5,+100,+100,0,True
14,LA@ARI,DAVANTE_ADAMS_1_NFL,davante adams,receiving_yards,30.5,+115,-170,29,True
14,LA@ARI,TREY_MCBRIDE_1_NFL,trey mcbride,receiving_yards,70.5,-140,-105,58,True
14,LA@ARI,JACOBY_BRISSETT_1_NFL,jacoby brissett,passing_yards,293.5,-114,-114,271,True
14,LA@ARI,KYREN_WILLIAMS_1_NFL,kyren williams,receiving_yards,15.5,+400,-900,13,True
14,LA@ARI,MACK_WILSON_1_NFL,mack wilson,receiving_yards,110.5,-110,-130,142,True
14,LA@ARI,COLBY_PARKINSON_1_NFL,colby parkinson,receiving_yards,20.5,-120,-120,32,True
14,LA@ARI,BLAKE_CORUM_1_NFL,blake corum,receiving_yards,0.5,+100,+100,3,True
14,LA@ARI,DAVIS_ALLEN_1_NFL,davis allen,receiving_yards,10.5,+255,-475,21,True
14,LA@ARI,TERRANCE_FERGUSON_1_NFL,terrance ferguson,receiving_yards,10.5,+255,-475,0,True
14,LA@ARI,GREG_DORTCH_1_NFL,greg dortch,receiving_yards,29.5,-115,-115,0,True
14,LA@ARI,ELIJAH_HIGGINS_1_NFL,elijah higgins,receiving_yards,10.5,+130,-200,0,True
14,LA@ARI,XAVIER_SMITH_1_NFL,xavier smith,receiving_yards,6.5,+100,+100,6,True
14,LA@ARI,ZONOVAN_KNIGHT_1_NFL,zonovan knight,receiving_yards,10.5,-140,-105,18,True
14,LA@ARI,MICHAEL_CARTER_1_NFL,michael carter,receiving_yards,10.5,+190,-320,18,True
14,LA@ARI,JORDAN_WHITTINGTON_1_NFL,jordan whittington,receiving_yards,9.5,-112,-115,5,True
14,LA@ARI,XAVIER_WEAVER_1_NFL,xavier weaver,receiving_yards,19.5,-110,-114,0,True
14,LA@ARI,ANDRE_BACCELLIA_1_NFL,andre baccellia,receiving_yards,10.5,+130,-200,3,True
14,CHI@GB,CHRIS_WILLIAMS_1_NFL,chris williams,passing_yards,173.5,-115,-115,186,False
14,CHI@GB,JORDAN_LOVE_1_NFL,jordan love,passing_yards,236.5,-112,-122,234,False
14,CHI@GB,CHRISTIAN_WATSON_1_NFL,christian watson,receiving_yards,89.5,+252,-357,89,False
14,CHI@GB,COLSTON_LOVELAND_1_NFL,colston loveland,receiving_yards,32.5,-115,-115,29,False
14,CHI@GB,DJ_MOORE_1_NFL,dj moore,receiving_yards,0.5,-110,-120,-4,False
14,CHI@GB,ROME_ODUNZE_1_NFL,rome odunze,receiving_yards,38.5,-115,-110,0,False
14,CHI@GB,DANDRE_SWIFT_1_NFL,dandre swift,rushing_yards,63.5,+105,-123,63,False
14,CHI@GB,JOSH_JACOBS_1_NFL,josh jacobs,rushing_yards,87.5,-125,-106,86,False
14,CHI@GB,ROMEO_DOUBS_1_NFL,romeo doubs,receiving_yards,0.5,+300,-450,0,False
14,CHI@GB,KYLE_MONANGAI_1_NFL,kyle monangai,rushing_yards,50.5,-142,+116,57,False
14,CHI@GB,LUKE_MUSGRAVE_1_NFL,luke musgrave,receiving_yards,22.5,+525,-487,22,False
14,CHI@GB,LUTHER_BURDEN_III_1_NFL,luther burden,receiving_yards,40.5,+100,-130,67,False
14,CHI@GB,COLE_KMET_1_NFL,cole kmet,receiving_yards,42.5,+155,-210,42,False
14,CHI@GB,EMANUEL_WILSON_1_NFL,emanuel wilson,rushing_yards,10.5,+132,-192,10,False
14,CHI@GB,OLAMIDE_ZACCHEAUS_1_NFL,olamide zaccheaus,receiving_yards,7.5,+112,-152,7,False
14,CHI@GB,JOSH_WHYLE_1_NFL,josh whyle,receiving_yards,21.5,+100,+100,21,False
14,CHI@GB,DONTAYVION_WICKS_1_NFL,dontayvion wicks,receiving_yards,0.5,+460,-787,0,False
14,CHI@GB,JAYDEN_REED_1_NFL,jayden reed,receiving_yards,31.5,+330,-507,31,False
14,CHI@GB,MATTHEW_GOLDEN_1_NFL,matthew golden,receiving_yards,0.5,+538,-970,0,False
14,CHI@GB,CHRIS_BROOKS_1_NFL,chris brooks,receiving_yards,0.5,+100,+100,6,False
14,HOU@KC,PATRICK_MAHOMES_1_NFL,patrick mahomes,passing_yards,194.5,-108,-112,160,True
14,HOU@KC,RASHEE_RICE_1_NFL,rashee rice,receiving_yards,35.5,-120,-120,34,True
14,HOU@KC,TRAVIS_KELCE_1_NFL,travis kelce,receiving_yards,16.5,-120,-115,8,True
14,HOU@KC,CJ_STROUD_1_NFL,cj stroud,passing_yards,219.5,-115,-110,203,True
14,HOU@KC,DALTON_SCHULTZ_1_NFL,dalton schultz,receiving_yards,22.5,+190,-260,22,True
14,HOU@KC,JAYDEN_HIGGINS_1_NFL,jayden higgins,receiving_yards,34.5,+240,-332,34,True
14,HOU@KC,MARQUISE_BROWN_1_NFL,marquise brown,receiving_yards,35.5,+195,-270,35,True
14,HOU@KC,NICO_COLLINS_1_NFL,nico collins,receiving_yards,121.5,+135,-185,121,True
14,HOU@KC,XAVIER_WORTHY_1_NFL,xavier worthy,receiving_yards,55.5,+120,-155,55,True
14,HOU@KC,JOQUAVIOUS_MARKS_1_NFL,joquavious marks,rushing_yards,50.5,-105,-140,68,True
14,HOU@KC,KAREEM_HUNT_1_NFL,kareem hunt,rushing_yards,30.5,-115,-110,30,True
14,HOU@KC,NICK_CHUBB_1_NFL,nick chubb,rushing_yards,16.5,-110,-120,3,True
14,HOU@KC,JUJU_SMITHSCHUSTER_1_NFL,juju smithschuster,receiving_yards,5.5,+157,-179,5,True
14,HOU@KC,NOAH_GRAY_1_NFL,noah gray,receiving_yards,0.5,+100,+100,14,True
14,HOU@KC,XAVIER_HUTCHINSON_1_NFL,xavier hutchinson,receiving_yards,0.5,+193,-224,0,True
14,HOU@KC,ISIAH_PACHECO_1_NFL,isiah pacheco,rushing_yards,30.5,+115,-160,30,True
14,HOU@KC,CHRISTIAN_KIRK_1_NFL,christian kirk,receiving_yards,6.5,+195,-227,6,True
14,HOU@KC,CADE_STOVER_1_NFL,cade stover,receiving_yards,0.5,+100,+100,0,True
14,HOU@KC,JAYLIN_NOEL_1_NFL,jaylin noel,receiving_yards,0.5,+100,+100,12,True
15,ATL@TB,BAKER_MAYFIELD_1_NFL,baker mayfield,passing_yards,279.5,-115,-115,277,True
15,ATL@TB,KIRK_COUSINS_1_NFL,kirk cousins,passing_yards,320.5,-150,+110,373,True
15,ATL@TB,BIJAN_ROBINSON_1_NFL,bijan robinson,rushing_yards,80.5,+105,-155,93,True
15,ATL@TB,TYLER_ALLGEIER_1_NFL,tyler allgeier,rushing_yards,5.5,-205,+135,18,True
15,ATL@TB,BUCKY_IRVING_1_NFL,bucky irving,rushing_yards,70.5,-105,-140,60,True
15,ATL@TB,KYLE_PITTS_1_NFL,kyle pitts,receiving_yards,145.5,-155,+105,166,True
15,ATL@TB,DARNELL_MOONEY_1_NFL,darnell mooney,receiving_yards,35.5,-120,-110,35,True
15,ATL@TB,DAVID_SILLS_V_1_NFL,david sills,receiving_yards,40.5,+132,-186,78,True
15,ATL@TB,RACHAAD_WHITE_1_NFL,rachaad white,rushing_yards,18.5,-110,-120,20,True
15,ATL@TB,SEAN_TUCKER_1_NFL,sean tucker,rushing_yards,7.5,+220,-310,7,True
15,ATL@TB,STERLING_SHEPARD_1_NFL,sterling shepard,receiving_yards,0.5,+100,+100,0,True
15,ATL@TB,PAYNE_DURHAM_1_NFL,payne durham,receiving_yards,12.5,-110,-120,0,True
15,ATL@TB,CHRIS_GODWIN_1_NFL,chris godwin,receiving_yards,15.5,+130,-200,20,True
15,ATL@TB,EMEKA_EGBUKA_1_NFL,emeka egbuka,receiving_yards,55.5,+115,-170,64,True
15,ATL@TB,MIKE_EVANS_1_NFL,mike evans,receiving_yards,132.5,+177,-203,132,True
15,ATL@TB,DYLAN_DRUMMOND_1_NFL,dylan drummond,receiving_yards,20.5,-110,-120,0,True
15,ATL@TB,JALEN_MCMILLAN_1_NFL,jalen mcmillan,receiving_yards,9.5,-120,-110,38,True
15,BAL@CIN,JAMARR_CHASE_1_NFL,jamarr chase,receiving_yards,93.5,-114,-114,132,True
15,BAL@CIN,TANNER_HUDSON_1_NFL,tanner hudson,receiving_yards,5.5,-113,-115,16,True
15,BAL@CIN,CHARLIE_KOLAR_1_NFL,charlie kolar,receiving_yards,1.5,+100,+100,0,True
15,BAL@CIN,ZAY_FLOWERS_1_NFL,zay flowers,rushing_yards,0.5,+100,+100,0,True
15,BAL@CIN,JOE_BURROW_1_NFL,joe burrow,passing_yards,255.5,-120,-131,225,True
15,BAL@CIN,LAMAR_JACKSON_1_NFL,lamar jackson,passing_yards,165.5,-105,-125,150,True
15,BAL@CIN,CHASE_BROWN_1_NFL,chase brown,rushing_yards,40.5,+106,-150,53,True
15,BAL@CIN,DERRICK_HENRY_1_NFL,derrick henry,rushing_yards,118.5,-110,-110,100,True
15,BAL@CIN,ISAIAH_LIKELY_1_NFL,isaiah likely,receiving_yards,0.5,+275,-400,0,True
15,BAL@CIN,MARK_ANDREWS_1_NFL,mark andrews,receiving_yards,18.5,+155,-214,18,True
15,BAL@CIN,TEE_HIGGINS_1_NFL,tee higgins,receiving_yards,57.5,+100,+100,0,True
15,BAL@CIN,RASHOD_BATEMAN_1_NFL,rashod bateman,receiving_yards,18.5,-115,-112,0,True
15,BAL@CIN,DEANDRE_HOPKINS_1_NFL,deandre hopkins,receiving_yards,32.5,+719,-1246,32,True
15,BAL@CIN,MIKE_GESICKI_1_NFL,mike gesicki,receiving_yards,38.5,-112,-117,11,True
15,BAL@CIN,SAMAJE_PERINE_1_NFL,samaje perine,rushing_yards,24.5,-110,-120,42,True
15,BAL@CIN,ANDREI_IOSIVAS_1_NFL,andrei iosivas,receiving_yards,0.5,+102,-118,0,True
15,BAL@CIN,NOAH_FANT_1_NFL,noah fant,receiving_yards,11.5,-114,-114,0,True
15,BAL@CIN,MITCHELL_TINSLEY_1_NFL,mitchell tinsley,receiving_yards,16.5,+118,-154,16,True
15,BAL@CIN,KEATON_MITCHELL_1_NFL,keaton mitchell,receiving_yards,0.5,+100,+100,0,True
15,BAL@CIN,RASHEEN_ALI_1_NFL,rasheen ali,receiving_yards,9.5,+113,-146,32,True
15,CLE@CHI,SHEDEUR_SANDERS_1_NFL,shedeur sanders,passing_yards,179.5,-115,-115,177,True
15,CLE@CHI,CHRIS_WILLIAMS_1_NFL,chris williams,passing_yards,250.5,-115,-115,242,True
15,CLE@CHI,KYLE_MONANGAI_1_NFL,kyle monangai,rushing_yards,55.5,-120,-108,33,True
15,CLE@CHI,DJ_MOORE_1_NFL,dj moore,receiving_yards,69.5,+140,-190,69,True
15,CLE@CHI,LUTHER_BURDEN_III_1_NFL,luther burden,receiving_yards,87.5,-125,-105,84,True
15,CLE@CHI,DANDRE_SWIFT_1_NFL,dandre swift,rushing_yards,53.5,-114,-114,98,True
15,CLE@CHI,COLSTON_LOVELAND_1_NFL,colston loveland,receiving_yards,29.5,-115,-115,63,True
15,CLE@CHI,QUINSHON_JUDKINS_1_NFL,quinshon judkins,rushing_yards,25.5,-130,-110,21,True
15,CLE@CHI,HAROLD_FANNIN_JR_1_NFL,harold fannin,receiving_yards,46.5,-125,-105,48,True
15,CLE@CHI,JERRY_JEUDY_1_NFL,jerry jeudy,receiving_yards,37.5,-120,-110,22,True
15,CLE@CHI,CEDRIC_TILLMAN_1_NFL,cedric tillman,receiving_yards,0.5,+112,-130,0,True
15,CLE@CHI,COLE_KMET_1_NFL,cole kmet,receiving_yards,11.5,+146,-197,28,True
15,CLE@CHI,OLAMIDE_ZACCHEAUS_1_NFL,olamide zaccheaus,receiving_yards,10.5,+425,-1000,0,True
15,CLE@CHI,ISAIAH_BOND_1_NFL,isaiah bond,receiving_yards,89.5,+134,-155,89,True
15,CLE@CHI,ROME_ODUNZE_1_NFL,rome odunze,receiving_yards,38.5,+105,-135,0,True
15,CLE@CHI,RAHEIM_SANDERS_1_NFL,raheim sanders,rushing_yards,10.5,-120,-110,0,True
15,CLE@CHI,BLAKE_WHITEHEART_1_NFL,blake whiteheart,receiving_yards,5.5,-111,-115,0,True
15,CLE@CHI,GAGE_LARVADAIN_1_NFL,gage larvadain,receiving_yards,0.5,+116,-135,8,True
15,WAS@NYG,JAXSON_DART_1_NFL,jaxson dart,passing_yards,256.5,-110,-112,246,True
15,WAS@NYG,CHRIS_RODRIGUEZ_JR_1_NFL,chris rodriguez,rushing_yards,50.5,-117,-114,0,True
15,WAS@NYG,DEEBO_SAMUEL_1_NFL,deebo samuel,receiving_yards,32.5,+145,-195,43,True
15,WAS@NYG,TERRY_MCLAURIN_1_NFL,terry mclaurin,receiving_yards,69.5,+135,-180,69,True
15,WAS@NYG,WANDALE_ROBINSON_1_NFL,wandale robinson,receiving_yards,57.5,-110,-120,54,True
15,WAS@NYG,THEO_JOHNSON_1_NFL,theo johnson,receiving_yards,37.5,-115,-115,72,True
15,WAS@NYG,TYRONE_TRACY_1_NFL,tyrone tracy,receiving_yards,25.5,+137,-195,27,True
15,WAS@NYG,MARCUS_MARIOTA_1_NFL,marcus mariota,passing_yards,175.5,-104,-130,211,True
15,WAS@NYG,DARIUS_SLAYTON_1_NFL,darius slayton,receiving_yards,53.5,+168,-227,53,True
15,WAS@NYG,DEVIN_SINGLETARY_1_NFL,devin singletary,rushing_yards,13.5,+145,-195,13,True
15,WAS@NYG,JEREMY_MCNICHOLS_1_NFL,jeremy mcnichols,receiving_yards,16.5,+246,-290,16,True
15,WAS@NYG,NOAH_BROWN_1_NFL,noah brown,receiving_yards,35.5,-140,-105,28,True
15,WAS@NYG,BEN_SINNOTT_1_NFL,ben sinnott,receiving_yards,0.5,+245,-289,36,True
15,WAS@NYG,ISAIAH_HODGINS_1_NFL,isaiah hodgins,receiving_yards,10.5,+170,-275,4,True
15,WAS@NYG,JOHN_BATES_1_NFL,john bates,receiving_yards,19.5,-117,-117,19,True
15,WAS@NYG,DANIEL_BELLINGER_1_NFL,daniel bellinger,receiving_yards,5.5,-115,-115,35,True
15,WAS@NYG,JACORY_MERRITT_1_NFL,jacory merritt,receiving_yards,0.5,+100,-145,0,True
15,LV@PHI,BROCK_BOWERS_1_NFL,brock bowers,receiving_yards,40.5,-115,-127,28,True
15,LV@PHI,ASHTON_JEANTY_1_NFL,ashton jeanty,rushing_yards,35.5,-120,-120,35,True
15,LV@PHI,TRE_TUCKER_1_NFL,tre tucker,receiving_yards,10.5,+130,-140,0,True
15,LV@PHI,JALEN_HURTS_1_NFL,jalen hurts,passing_yards,166.5,-115,-115,175,True
15,LV@PHI,SAQUON_BARKLEY_1_NFL,saquon barkley,rushing_yards,75.5,-115,-125,78,True
15,LV@PHI,AJ_BROWN_1_NFL,aj brown,receiving_yards,14.5,+125,-170,41,True
15,LV@PHI,DALLAS_GOEDERT_1_NFL,dallas goedert,receiving_yards,70.5,+162,-239,70,True
15,LV@PHI,DEVONTA_SMITH_1_NFL,devonta smith,receiving_yards,50.5,+129,-184,50,True
15,LV@PHI,JAHAN_DOTSON_1_NFL,jahan dotson,receiving_yards,7.5,+100,-130,0,True
15,LV@PHI,KENNY_PICKETT_1_NFL,kenny pickett,passing_yards,165.5,+125,-170,64,True
15,LV@PHI,JACK_BECH_1_NFL,jack bech,receiving_yards,17.5,-125,-105,17,True
15,LV@PHI,TYLER_LOCKETT_1_NFL,tyler lockett,receiving_yards,14.5,+100,+100,10,True
15,LV@PHI,MICHAEL_MAYER_1_NFL,michael mayer,receiving_yards,15.5,-115,-115,0,True
15,LV@PHI,TANK_BIGSBY_1_NFL,tank bigsby,rushing_yards,22.5,+100,+100,57,True
15,LV@PHI,RAHEEM_MOSTERT_1_NFL,raheem mostert,rushing_yards,1.5,+100,+100,0,True
15,LAC@KC,PATRICK_MAHOMES_1_NFL,patrick mahomes,passing_yards,217.5,-115,-115,189,True
15,LAC@KC,KAREEM_HUNT_1_NFL,kareem hunt,rushing_yards,8.5,+100,-114,12,True
15,LAC@KC,RASHEE_RICE_1_NFL,rashee rice,receiving_yards,62.5,-120,-105,51,True
15,LAC@KC,TRAVIS_KELCE_1_NFL,travis kelce,receiving_yards,45.5,-114,-114,70,True
15,LAC@KC,JUSTIN_HERBERT_1_NFL,justin herbert,passing_yards,210.5,+500,-1540,210,True
15,LAC@KC,ISIAH_PACHECO_1_NFL,isiah pacheco,receiving_yards,0.5,+100,-150,0,True
15,LAC@KC,XAVIER_WORTHY_1_NFL,xavier worthy,receiving_yards,36.5,-117,-112,35,True
15,LAC@KC,JUJU_SMITHSCHUSTER_1_NFL,juju smithschuster,receiving_yards,0.5,+152,-204,0,True
15,LAC@KC,MARQUISE_BROWN_1_NFL,marquise brown,receiving_yards,15.5,-115,-115,0,True
15,LAC@KC,NOAH_GRAY_1_NFL,noah gray,receiving_yards,0.5,+140,-175,0,True
15,LAC@KC,KIMANI_VIDAL_1_NFL,kimani vidal,rushing_yards,40.5,-115,-112,33,True
15,LAC@KC,OMARION_HAMPTON_1_NFL,omarion hampton,rushing_yards,62.5,-117,-110,61,True
15,LAC@KC,LADD_MCCONKEY_1_NFL,ladd mcconkey,receiving_yards,20.5,+175,-240,20,True
15,LAC@KC,ORONDE_GADSDEN_II_1_NFL,oronde gadsden,receiving_yards,61.5,+205,-296,61,True
15,LAC@KC,QUENTIN_JOHNSTON_1_NFL,quentin johnston,receiving_yards,32.5,-114,-114,0,True
15,LAC@KC,KEENAN_ALLEN_1_NFL,keenan allen,receiving_yards,36.5,+205,-294,36,True
15,LAC@KC,TRE_HARRIS_1_NFL,tre harris,receiving_yards,15.5,-115,-125,49,True
15,LAC@KC,TYQUAN_THORNTON_1_NFL,tyquan thornton,receiving_yards,10.5,+235,-425,47,True
15,NYJ@JAX,TREVOR_LAWRENCE_1_NFL,trevor lawrence,passing_yards,218.5,-110,-120,330,True
15,NYJ@JAX,BREECE_HALL_1_NFL,breece hall,rushing_yards,24.5,-125,-115,23,True
15,NYJ@JAX,BRIAN_THOMAS_1_NFL,brian thomas,receiving_yards,66.5,+140,-190,66,True
15,NYJ@JAX,JAKOBI_MEYERS_1_NFL,jakobi meyers,receiving_yards,75.5,-155,+105,71,True
15,NYJ@JAX,MASON_TAYLOR_1_NFL,mason taylor,receiving_yards,25.5,+100,+100,0,True
15,NYJ@JAX,BRENTON_STRANGE_1_NFL,brenton strange,receiving_yards,10.5,+195,-330,26,True
15,NYJ@JAX,TRAVIS_ETIENNE_JR_1_NFL,travis etienne,receiving_yards,10.5,+180,-300,73,True
15,NYJ@JAX,ADONAI_MITCHELL_1_NFL,adonai mitchell,receiving_yards,30.5,-140,-105,58,True
15,NYJ@JAX,JOHN_METCHIE_III_1_NFL,john metchie,receiving_yards,30.5,-110,-130,25,True
15,NYJ@JAX,BRADY_COOK_1_NFL,brady cook,passing_yards,172.5,-117,-105,176,True
15,NYJ@JAX,ISAIAH_WILLIAMS_1_NFL,isaiah williams,receiving_yards,43.5,-102,-118,53,True
15,NYJ@JAX,JEREMY_RUCKERT_1_NFL,jeremy ruckert,receiving_yards,20.5,-130,-107,13,True
15,NYJ@JAX,ISAIAH_DAVIS_1_NFL,isaiah davis,rushing_yards,20.5,+100,-145,58,True
15,NYJ@JAX,BHAYSHUL_TUTEN_1_NFL,bhayshul tuten,receiving_yards,0.5,+140,-181,16,True
15,NYJ@JAX,PARKER_WASHINGTON_1_NFL,parker washington,receiving_yards,55.5,+135,-205,53,True
15,BUF@NE,DRAKE_MAYE_1_NFL,drake maye,passing_yards,230.5,-114,-117,155,True
15,BUF@NE,JOSH_ALLEN_1_NFL,josh allen,passing_yards,225.5,-114,-116,193,True
15,BUF@NE,JAMES_COOK_1_NFL,james cook,rushing_yards,84.5,-114,-116,107,True
15,BUF@NE,HUNTER_HENRY_1_NFL,hunter henry,receiving_yards,40.5,-114,-115,18,True
15,BUF@NE,KAYSHON_BOUTTE_1_NFL,kayshon boutte,receiving_yards,30.5,+160,-242,30,True
15,BUF@NE,KHALIL_SHAKIR_1_NFL,khalil shakir,receiving_yards,44.5,-117,-114,65,True
15,BUF@NE,STEFON_DIGGS_1_NFL,stefon diggs,receiving_yards,50.5,-114,-114,26,True
15,BUF@NE,RHAMONDRE_STEVENSON_1_NFL,rhamondre stevenson,rushing_yards,38.5,-112,-120,50,True
15,BUF@NE,TREVEYON_HENDERSON_1_NFL,treveyon henderson,rushing_yards,43.5,-113,-118,148,True
15,BUF@NE,DALTON_KINCAID_1_NFL,dalton kincaid,receiving_yards,42.5,-115,-115,34,True
15,BUF@NE,DAWSON_KNOX_1_NFL,dawson knox,receiving_yards,15.5,-114,-114,37,True
15,BUF@NE,MACK_HOLLINS_1_NFL,mack hollins,receiving_yards,36.5,+160,-220,41,True
15,BUF@NE,KEON_COLEMAN_1_NFL,keon coleman,receiving_yards,0.5,+470,-960,0,True
15,BUF@NE,TY_JOHNSON_1_NFL,ty johnson,receiving_yards,11.5,-120,-112,15,True
15,BUF@NE,GABRIEL_DAVIS_1_NFL,gabriel davis,receiving_yards,21.5,-111,-115,0,True
15,BUF@NE,DEMARIO_DOUGLAS_1_NFL,demario douglas,receiving_yards,0.5,+275,-445,0,True
15,BUF@NE,JACKSON_HAWES_1_NFL,jackson hawes,receiving_yards,0.5,+100,+100,9,True
15,BUF@NE,AUSTIN_HOOPER_1_NFL,austin hooper,receiving_yards,0.5,+100,+100,0,True
15,BUF@NE,JOSH_PALMER_1_NFL,josh palmer,receiving_yards,16.5,+305,-510,16,True
15,ARI@HOU,CJ_STROUD_1_NFL,cj stroud,passing_yards,235.5,-135,+100,260,True
15,ARI@HOU,JACOBY_BRISSETT_1_NFL,jacoby brissett,passing_yards,257.5,-117,-119,249,True
15,ARI@HOU,NICO_COLLINS_1_NFL,nico collins,receiving_yards,75.5,-132,-105,85,True
15,ARI@HOU,TREY_MCBRIDE_1_NFL,trey mcbride,receiving_yards,140.5,-115,-117,134,True
15,ARI@HOU,DALTON_SCHULTZ_1_NFL,dalton schultz,receiving_yards,76.5,+237,-3315,76,True
15,ARI@HOU,MACK_WILSON_1_NFL,mack wilson,receiving_yards,58.5,-114,-114,54,True
15,ARI@HOU,JAYDEN_HIGGINS_1_NFL,jayden higgins,receiving_yards,37.5,-110,-120,4,True
15,ARI@HOU,JOQUAVIOUS_MARKS_1_NFL,joquavious marks,receiving_yards,10.5,-115,-120,8,True
15,ARI@HOU,XAVIER_HUTCHINSON_1_NFL,xavier hutchinson,receiving_yards,20.5,+550,-1500,16,True
15,ARI@HOU,CHRISTIAN_KIRK_1_NFL,christian kirk,receiving_yards,0.5,+100,+100,0,True
15,ARI@HOU,JAYLIN_NOEL_1_NFL,jaylin noel,receiving_yards,10.5,+205,-350,0,True
15,ARI@HOU,ANDRE_BACCELLIA_1_NFL,andre baccellia,receiving_yards,14.5,-115,-115,0,True
15,ARI@HOU,ZONOVAN_KNIGHT_1_NFL,zonovan knight,receiving_yards,15.5,+100,-120,0,True
15,ARI@HOU,EMARI_DEMERCADO_1_NFL,emari demercado,receiving_yards,10.5,+135,-205,0,True
15,ARI@HOU,ELIJAH_HIGGINS_1_NFL,elijah higgins,receiving_yards,13.5,-120,-125,3,True
15,ARI@HOU,DARE_OGUNBOWALE_1_NFL,dare ogunbowale,rushing_yards,10.5,-136,-107,2,True
15,ARI@HOU,MICHAEL_CARTER_1_NFL,michael carter,receiving_yards,24.5,+600,-260,38,True
15,ARI@HOU,JAWHAR_JORDAN_1_NFL,jawhar jordan,rushing_yards,90.5,+100,+100,101,True
15,TEN@SF,CHRISTIAN_MCCAFFREY_1_NFL,christian mccaffrey,receiving_yards,14.5,+1264,-4545,14,True
15,TEN@SF,BROCK_PURDY_1_NFL,brock purdy,passing_yards,289.5,+275,-415,295,True
15,TEN@SF,JAUAN_JENNINGS_1_NFL,jauan jennings,receiving_yards,37.5,+1211,-3678,37,True
15,TEN@SF,GEORGE_KITTLE_1_NFL,george kittle,receiving_yards,88.5,+1011,-2575,88,True
15,TEN@SF,CAMERON_WARD_1_NFL,cameron ward,passing_yards,172.5,-117,-114,170,True
15,TEN@SF,TONY_POLLARD_1_NFL,tony pollard,receiving_yards,8.5,+100,+100,8,True
15,TEN@SF,ELIC_AYOMANOR_1_NFL,elic ayomanor,receiving_yards,17.5,+235,-340,17,True
15,TEN@SF,GUNNAR_HELM_1_NFL,gunnar helm,receiving_yards,40.5,+145,-181,49,True
15,TEN@SF,VAN_JEFFERSON_1_NFL,van jefferson,receiving_yards,21.5,-110,-120,43,True
15,TEN@SF,CHIGOZIEM_OKONOKWO_1_NFL,chigoziem okonokwo,receiving_yards,33.5,+265,-390,33,True
15,TEN@SF,KYLE_JUSZCZYK_1_NFL,kyle juszczyk,receiving_yards,5.5,-107,-107,7,True
15,TEN@SF,LUKE_FARRELL_1_NFL,luke farrell,receiving_yards,2.5,+100,+100,0,True
15,TEN@SF,TYJAE_SPEARS_1_NFL,tyjae spears,receiving_yards,2.5,+215,-300,2,True
15,TEN@SF,RICKY_PEARSALL_1_NFL,ricky pearsall,receiving_yards,96.5,+1414,-4868,96,True
15,TEN@SF,CHIMERE_DIKE_1_NFL,chimere dike,receiving_yards,17.5,+220,-316,17,True
15,TEN@SF,BRIAN_ROBINSON_1_NFL,brian robinson,rushing_yards,25.5,-115,-117,21,True
15,TEN@SF,DEMARCUS_ROBINSON_1_NFL,demarcus robinson,receiving_yards,36.5,+281,+100,36,True
15,TEN@SF,ISAIAH_HODGINS_1_NFL,isaiah hodgins,receiving_yards,34.5,+100,,0,True
15,IND@SEA,JAXON_SMITHNJIGBA_1_NFL,jaxon smithnjigba,receiving_yards,96.5,-115,-115,113,True
15,IND@SEA,AJ_BARNER_1_NFL,aj barner,rushing_yards,0.5,+100,+100,0,True
15,IND@SEA,SAM_DARNOLD_1_NFL,sam darnold,passing_yards,245.5,-105,-125,271,True
15,IND@SEA,JONATHAN_TAYLOR_1_NFL,jonathan taylor,rushing_yards,75.5,-115,-115,87,True
15,IND@SEA,KENNETH_WALKER_III_1_NFL,kenneth walker,rushing_yards,57.5,-115,-115,17,True
15,IND@SEA,COOPER_KUPP_1_NFL,cooper kupp,receiving_yards,31.5,-115,-115,46,True
15,IND@SEA,MICHAEL_PITTMAN_1_NFL,michael pittman,receiving_yards,26.5,+100,+100,26,True
15,IND@SEA,TYLER_WARREN_1_NFL,tyler warren,receiving_yards,16.5,+100,+100,19,True
15,IND@SEA,ALEC_PIERCE_1_NFL,alec pierce,receiving_yards,0.5,+100,+100,16,True
15,IND@SEA,JOSH_DOWNS_1_NFL,josh downs,receiving_yards,13.5,+100,+100,13,True
15,IND@SEA,RASHID_SHAHEED_1_NFL,rashid shaheed,receiving_yards,49.5,+100,+100,74,True
15,IND@SEA,ZACH_CHARBONNET_1_NFL,zach charbonnet,receiving_yards,0.5,+100,+100,0,True
15,CAR@NO,BRYCE_YOUNG_1_NFL,bryce young,passing_yards,200.5,+105,-116,163,True
15,CAR@NO,TYLER_SHOUGH_1_NFL,tyler shough,passing_yards,185.5,-105,-125,272,True
15,CAR@NO,CHRIS_OLAVE_1_NFL,chris olave,receiving_yards,61.5,-114,-114,85,True
15,CAR@NO,TETAIROA_MCMILLAN_1_NFL,tetairoa mcmillan,receiving_yards,25.5,+189,-180,25,True
15,CAR@NO,RICO_DOWDLE_1_NFL,rico dowdle,rushing_yards,56.5,-117,-112,49,True
15,CAR@NO,CHUBA_HUBBARD_1_NFL,chuba hubbard,rushing_yards,31.5,-115,-125,29,True
15,CAR@NO,DEVAUGHN_VELE_1_NFL,devaughn vele,receiving_yards,35.5,-122,-107,69,True
15,CAR@NO,JUWAN_JOHNSON_1_NFL,juwan johnson,receiving_yards,36.5,-114,-114,30,True
15,CAR@NO,MASON_TIPTON_1_NFL,mason tipton,receiving_yards,7.5,-125,-110,5,True
15,CAR@NO,DEVIN_NEAL_1_NFL,devin neal,rushing_yards,54.5,-120,-115,28,True
15,CAR@NO,JALEN_COKER_1_NFL,jalen coker,receiving_yards,71.5,+186,-226,60,True
15,CAR@NO,XAVIER_LEGETTE_1_NFL,xavier legette,receiving_yards,34.5,+207,-253,39,True
15,CAR@NO,JATAVION_SANDERS_1_NFL,jatavion sanders,receiving_yards,13.5,-114,-114,5,True
15,CAR@NO,TAYSOM_HILL_1_NFL,taysom hill,rushing_yards,2.5,-109,+100,2,True
15,CAR@NO,FOSTER_MOREAU_1_NFL,foster moreau,receiving_yards,8.5,-137,-137,0,True
15,CAR@NO,TOMMY_TREMBLE_1_NFL,tommy tremble,receiving_yards,11.5,-137,-137,13,True
15,DET@LA,PUKA_NACUA_1_NFL,puka nacua,receiving_yards,183.5,-120,-105,181,True
15,DET@LA,JARED_GOFF_1_NFL,jared goff,passing_yards,320.5,+100,-135,338,True
15,DET@LA,MATTHEW_STAFFORD_1_NFL,matthew stafford,passing_yards,280.5,-120,-110,368,True
15,DET@LA,JAHMYR_GIBBS_1_NFL,jahmyr gibbs,rushing_yards,72.5,-110,-120,38,True
15,DET@LA,KYREN_WILLIAMS_1_NFL,kyren williams,rushing_yards,58.5,-115,-115,78,True
15,DET@LA,AMONRA_ST_BROWN_1_NFL,amonra st brown,receiving_yards,79.5,-130,+100,164,True
15,DET@LA,DAVANTE_ADAMS_1_NFL,davante adams,receiving_yards,76.5,-115,-117,71,True
15,DET@LA,JAMESON_WILLIAMS_1_NFL,jameson williams,receiving_yards,64.5,-120,-110,134,True
15,DET@LA,COLBY_PARKINSON_1_NFL,colby parkinson,receiving_yards,64.5,+115,-152,75,True
15,DET@LA,DAVID_MONTGOMERY_1_NFL,david montgomery,rushing_yards,29.5,-110,-120,32,True
15,DET@LA,BLAKE_CORUM_1_NFL,blake corum,rushing_yards,37.5,+100,-130,71,True
15,DET@LA,ANTHONY_FIRKSER_1_NFL,anthony firkser,receiving_yards,0.5,+100,-114,0,True
15,DET@LA,DAVIS_ALLEN_1_NFL,davis allen,receiving_yards,16.5,+174,-201,16,True
15,DET@LA,TERRANCE_FERGUSON_1_NFL,terrance ferguson,receiving_yards,6.5,+100,-137,6,True
15,DET@LA,TUTU_ATWELL_1_NFL,tutu atwell,receiving_yards,10.5,+100,-145,9,True
15,DET@LA,XAVIER_SMITH_1_NFL,xavier smith,receiving_yards,3.5,-110,-113,0,True
15,DET@LA,ISAAC_TESLAA_1_NFL,isaac teslaa,receiving_yards,0.5,+124,-143,0,True
15,GB@DEN,COURTLAND_SUTTON_1_NFL,courtland sutton,receiving_yards,113.5,+300,-450,113,False
15,GB@DEN,JORDAN_LOVE_1_NFL,jordan love,passing_yards,305.5,-109,-116,276,False
15,GB@DEN,JOSH_JACOBS_1_NFL,josh jacobs,rushing_yards,73.5,+138,-184,73,False
15,GB@DEN,CHRISTIAN_WATSON_1_NFL,christian watson,receiving_yards,53.5,-115,-115,29,False
15,GB@DEN,BO_NIX_1_NFL,bo nix,passing_yards,308.5,-122,-112,302,False
15,GB@DEN,RJ_HARVEY_1_NFL,rj harvey,rushing_yards,68.5,-115,-120,65,False
15,GB@DEN,EVAN_ENGRAM_1_NFL,evan engram,receiving_yards,12.5,+395,-695,12,False
15,GB@DEN,PAT_BRYANT_1_NFL,pat bryant,receiving_yards,34.5,-113,-113,0,False
15,GB@DEN,JAYDEN_REED_1_NFL,jayden reed,receiving_yards,60.5,-133,-105,55,False
15,GB@DEN,LUKE_MUSGRAVE_1_NFL,luke musgrave,receiving_yards,52.5,+112,-128,52,False
15,GB@DEN,ROMEO_DOUBS_1_NFL,romeo doubs,receiving_yards,33.5,-114,-114,36,False
15,GB@DEN,TROY_FRANKLIN_1_NFL,troy franklin,receiving_yards,85.5,+390,-600,85,False
15,GB@DEN,MARVIN_MIMS_JR_1_NFL,marvin mims,receiving_yards,16.5,-117,-112,29,False
15,GB@DEN,LILJORDAN_HUMPHREY_1_NFL,liljordan humphrey,receiving_yards,42.5,+577,-1169,42,False
15,GB@DEN,TYLER_BADIE_1_NFL,tyler badie,receiving_yards,5.5,-125,-105,1,False
15,GB@DEN,ADAM_TRAUTMAN_1_NFL,adam trautman,receiving_yards,0.5,+100,+100,0,False
15,GB@DEN,JALEEL_MCLAUGHLIN_1_NFL,jaleel mclaughlin,rushing_yards,2.5,+205,-320,4,False
15,GB@DEN,DONTAYVION_WICKS_1_NFL,dontayvion wicks,receiving_yards,6.5,+100,+100,6,False
15,GB@DEN,MATTHEW_GOLDEN_1_NFL,matthew golden,receiving_yards,45.5,+100,+100,55,False
15,GB@DEN,JOSH_WHYLE_1_NFL,josh whyle,receiving_yards,5.5,-110,-120,0,False
15,GB@DEN,EMANUEL_WILSON_1_NFL,emanuel wilson,rushing_yards,20.5,-115,-120,3,False
15,MIN@DAL,DAK_PRESCOTT_1_NFL,dak prescott,passing_yards,305.5,-120,-110,294,True
15,MIN@DAL,JJ_MCCARTHY_1_NFL,jj mccarthy,passing_yards,250.5,-122,-112,250,True
15,MIN@DAL,AARON_JONES_1_NFL,aaron jones,rushing_yards,25.5,-109,-127,34,True
15,MIN@DAL,JAVONTE_WILLIAMS_1_NFL,javonte williams,rushing_yards,91.5,+120,-175,91,True
15,MIN@DAL,JORDAN_ADDISON_1_NFL,jordan addison,receiving_yards,66.5,+163,-195,66,True
15,MIN@DAL,JUSTIN_JEFFERSON_1_NFL,justin jefferson,receiving_yards,22.5,+148,-177,22,True
15,MIN@DAL,TJ_HOCKENSON_1_NFL,tj hockenson,receiving_yards,60.5,+215,-375,66,True
15,MIN@DAL,BREVYN_SPANNFORD_1_NFL,brevyn spannford,receiving_yards,0.5,+100,+100,0,True
15,MIN@DAL,HUNTER_LUEPKE_1_NFL,hunter luepke,receiving_yards,0.5,+100,+100,14,True
15,MIN@DAL,JOSH_OLIVER_1_NFL,josh oliver,receiving_yards,0.5,+100,+100,18,True
15,MIN@DAL,LUKE_SCHOONMAKER_1_NFL,luke schoonmaker,receiving_yards,0.5,+100,+100,29,True
15,MIN@DAL,JORDAN_MASON_1_NFL,jordan mason,rushing_yards,30.5,-125,-115,29,True
15,MIN@DAL,JALEN_NAILOR_1_NFL,jalen nailor,receiving_yards,43.5,+122,-140,47,True
15,MIN@DAL,CARSON_WENTZ_1_NFL,carson wentz,passing_yards,191.5,-115,-115,0,True
15,MIN@DAL,GEORGE_PICKENS_1_NFL,george pickens,receiving_yards,44.5,-120,-120,33,True
15,MIN@DAL,CEEDEE_LAMB_1_NFL,ceedee lamb,receiving_yards,100.5,-122,-112,111,True
15,MIN@DAL,JAKE_FERGUSON_1_NFL,jake ferguson,receiving_yards,21.5,-115,-125,16,True
15,MIN@DAL,RYAN_FLOURNOY_1_NFL,ryan flournoy,receiving_yards,32.5,+105,-116,40,True
15,MIN@DAL,KAVONTAE_TURPIN_1_NFL,kavontae turpin,receiving_yards,10.5,+135,-205,10,True
15,MIN@DAL,MALIK_DAVIS_1_NFL,malik davis,rushing_yards,45.5,-115,-125,21,True
16,LA@SEA,MATTHEW_STAFFORD_1_NFL,matthew stafford,passing_yards,228.5,-125,-105,457,True
16,LA@SEA,SAM_DARNOLD_1_NFL,sam darnold,passing_yards,240.5,+100,-135,270,True
16,LA@SEA,JAXON_SMITHNJIGBA_1_NFL,jaxon smithnjigba,receiving_yards,89.5,-115,-115,96,True
16,LA@SEA,PUKA_NACUA_1_NFL,puka nacua,receiving_yards,91.5,-115,-115,225,True
16,LA@SEA,BLAKE_CORUM_1_NFL,blake corum,rushing_yards,50.5,-110,-130,48,True
16,LA@SEA,KENNETH_WALKER_III_1_NFL,kenneth walker,rushing_yards,45.5,-115,-115,100,True
16,LA@SEA,KYREN_WILLIAMS_1_NFL,kyren williams,rushing_yards,55.5,-120,-110,70,True
16,LA@SEA,ZACH_CHARBONNET_1_NFL,zach charbonnet,rushing_yards,33.5,-125,-105,32,True
16,LA@SEA,COOPER_KUPP_1_NFL,cooper kupp,receiving_yards,18.5,+100,+100,39,True
16,LA@SEA,AJ_BARNER_1_NFL,aj barner,receiving_yards,30.5,-110,-120,49,True
16,LA@SEA,COLBY_PARKINSON_1_NFL,colby parkinson,receiving_yards,21.5,+100,+100,21,True
16,LA@SEA,DAVIS_ALLEN_1_NFL,davis allen,receiving_yards,27.5,+100,+100,34,True
16,LA@SEA,RASHID_SHAHEED_1_NFL,rashid shaheed,receiving_yards,10.5,+185,-310,0,True
16,LA@SEA,TERRANCE_FERGUSON_1_NFL,terrance ferguson,receiving_yards,10.5,-155,+105,33,True
16,LA@SEA,TUTU_ATWELL_1_NFL,tutu atwell,receiving_yards,10.5,+132,-163,0,True
16,LA@SEA,KONATA_MUMPFIELD_1_NFL,konata mumpfield,receiving_yards,30.5,+115,-170,40,True
16,PHI@WAS,JALEN_HURTS_1_NFL,jalen hurts,passing_yards,200.5,-125,-105,185,True
16,PHI@WAS,MARCUS_MARIOTA_1_NFL,marcus mariota,passing_yards,182.5,-120,-120,95,True
16,PHI@WAS,AJ_BROWN_1_NFL,aj brown,receiving_yards,95.5,+105,-139,95,True
16,PHI@WAS,DALLAS_GOEDERT_1_NFL,dallas goedert,receiving_yards,32.5,+175,-230,32,True
16,PHI@WAS,DEVONTA_SMITH_1_NFL,devonta smith,receiving_yards,42.5,+150,-200,42,True
16,PHI@WAS,SAQUON_BARKLEY_1_NFL,saquon barkley,receiving_yards,10.5,+475,-1200,0,True
16,PHI@WAS,DEEBO_SAMUEL_1_NFL,deebo samuel,receiving_yards,44.5,-115,-115,35,True
16,PHI@WAS,TERRY_MCLAURIN_1_NFL,terry mclaurin,receiving_yards,53.5,+100,+100,53,True
16,PHI@WAS,GRANT_CALCATERRA_1_NFL,grant calcaterra,receiving_yards,0.5,+100,+100,0,True
16,PHI@WAS,CHRIS_RODRIGUEZ_JR_1_NFL,chris rodriguez,receiving_yards,0.5,+130,-175,6,True
16,PHI@WAS,JACORY_MERRITT_1_NFL,jacory merritt,rushing_yards,25.5,+119,-169,25,True
16,PHI@WAS,JAHAN_DOTSON_1_NFL,jahan dotson,receiving_yards,10.5,+255,-475,13,True
16,PHI@WAS,TREYLON_BURKS_1_NFL,treylon burks,receiving_yards,24.5,+102,-118,30,True
16,PHI@WAS,JEREMY_MCNICHOLS_1_NFL,jeremy mcnichols,receiving_yards,3.5,-107,-110,9,True
16,PHI@WAS,BEN_SINNOTT_1_NFL,ben sinnott,receiving_yards,0.5,+185,-250,5,True
16,PHI@WAS,TANK_BIGSBY_1_NFL,tank bigsby,rushing_yards,5.5,+165,-265,37,True
16,PHI@WAS,JOHN_BATES_1_NFL,john bates,receiving_yards,0.5,+130,-148,0,True
16,PHI@WAS,JAYLIN_LANE_1_NFL,jaylin lane,receiving_yards,10.5,+105,-155,0,True
16,PHI@WAS,CHRIS_MOORE_1_NFL,chris moore,receiving_yards,0.5,+102,-132,0,True
16,PHI@WAS,JOHN_METCHIE_III_1_NFL,john metchie,receiving_yards,,,-115,0,False
16,GB@CHI,CHRIS_WILLIAMS_1_NFL,chris williams,passing_yards,180.5,-115,-115,250,True
16,GB@CHI,JORDAN_LOVE_1_NFL,jordan love,passing_yards,231.5,+100,+100,77,True
16,GB@CHI,JOSH_JACOBS_1_NFL,josh jacobs,receiving_yards,15.5,+370,-800,12,True
16,GB@CHI,DANDRE_SWIFT_1_NFL,dandre swift,rushing_yards,55.5,-165,+110,58,True
16,GB@CHI,KYLE_MONANGAI_1_NFL,kyle monangai,rushing_yards,45.5,-120,-115,50,True
16,GB@CHI,CHRISTIAN_WATSON_1_NFL,christian watson,receiving_yards,17.5,+100,+100,17,True
16,GB@CHI,ROMEO_DOUBS_1_NFL,romeo doubs,receiving_yards,85.5,+175,-285,84,True
16,GB@CHI,DJ_MOORE_1_NFL,dj moore,receiving_yards,51.5,+325,-197,97,True
16,GB@CHI,COLSTON_LOVELAND_1_NFL,colston loveland,receiving_yards,30.5,+155,-181,30,True
16,GB@CHI,LUKE_MUSGRAVE_1_NFL,luke musgrave,receiving_yards,40.5,+235,-425,38,True
16,GB@CHI,DURHAM_SMYTHE_1_NFL,durham smythe,receiving_yards,0.5,+100,+100,0,True
16,GB@CHI,JAYDEN_REED_1_NFL,jayden reed,receiving_yards,0.5,+100,+100,35,True
16,GB@CHI,MATTHEW_GOLDEN_1_NFL,matthew golden,receiving_yards,0.5,+114,-132,0,True
16,GB@CHI,JOHN_FITZPATRICK_1_NFL,john fitzpatrick,receiving_yards,10.5,+285,-550,0,True
16,GB@CHI,COLE_KMET_1_NFL,cole kmet,receiving_yards,10.5,+175,-285,14,True
16,GB@CHI,OLAMIDE_ZACCHEAUS_1_NFL,olamide zaccheaus,receiving_yards,33.5,+172,-197,33,True
16,GB@CHI,DEVIN_DUVERNAY_1_NFL,devin duvernay,receiving_yards,10.5,+550,-1500,0,True
16,GB@CHI,DONTAYVION_WICKS_1_NFL,dontayvion wicks,receiving_yards,6.5,+175,-255,12,True
16,GB@CHI,EMANUEL_WILSON_1_NFL,emanuel wilson,rushing_yards,70.5,-110,-130,82,True
16,GB@CHI,CHRIS_BROOKS_1_NFL,chris brooks,receiving_yards,0.5,+118,-135,0,True
16,GB@CHI,MALIK_WILLIS_1_NFL,malik willis,passing_yards,130.5,+100,+100,121,True
16,MIN@NYG,JAXSON_DART_1_NFL,jaxson dart,passing_yards,70.5,-115,-115,33,True
16,MIN@NYG,JJ_MCCARTHY_1_NFL,jj mccarthy,passing_yards,187.5,-130,+100,108,True
16,MIN@NYG,JORDAN_ADDISON_1_NFL,jordan addison,receiving_yards,39.5,-119,-110,26,True
16,MIN@NYG,JUSTIN_JEFFERSON_1_NFL,justin jefferson,receiving_yards,85.5,+100,+100,85,True
16,MIN@NYG,THEO_JOHNSON_1_NFL,theo johnson,receiving_yards,0.5,-105,-130,0,True
16,MIN@NYG,TJ_HOCKENSON_1_NFL,tj hockenson,receiving_yards,26.5,-114,-114,2,True
16,MIN@NYG,WANDALE_ROBINSON_1_NFL,wandale robinson,receiving_yards,25.5,-110,-110,19,True
16,MIN@NYG,AARON_JONES_1_NFL,aaron jones,receiving_yards,8.5,+367,-567,8,True
16,MIN@NYG,DARIUS_SLAYTON_1_NFL,darius slayton,receiving_yards,8.5,+110,-150,8,True
16,MIN@NYG,TYRONE_TRACY_1_NFL,tyrone tracy,receiving_yards,7.5,+145,-195,7,True
16,MIN@NYG,DANIEL_BELLINGER_1_NFL,daniel bellinger,receiving_yards,8.5,+100,+100,0,True
16,MIN@NYG,DEVIN_SINGLETARY_1_NFL,devin singletary,receiving_yards,0.5,+107,-136,-1,True
16,MIN@NYG,JALEN_NAILOR_1_NFL,jalen nailor,receiving_yards,0.5,+100,-120,0,True
16,MIN@NYG,JORDAN_MASON_1_NFL,jordan mason,rushing_yards,44.5,-125,-105,5,True
16,MIN@NYG,ISAIAH_HODGINS_1_NFL,isaiah hodgins,receiving_yards,0.5,+225,-325,0,True
16,MIN@NYG,LILJORDAN_HUMPHREY_1_NFL,liljordan humphrey,receiving_yards,14.5,+1000,,0,True
16,MIN@NYG,MAX_BROSMER_1_NFL,max brosmer,passing_yards,63.5,+100,+100,52,True
16,KC@TEN,CAMERON_WARD_1_NFL,cameron ward,passing_yards,179.5,-130,+100,228,True
16,KC@TEN,TONY_POLLARD_1_NFL,tony pollard,rushing_yards,57.5,-115,-115,102,True
16,KC@TEN,TRAVIS_KELCE_1_NFL,travis kelce,receiving_yards,51.5,-105,-125,6,True
16,KC@TEN,CHIGOZIEM_OKONOKWO_1_NFL,chigoziem okonokwo,receiving_yards,37.5,+100,+100,44,True
16,KC@TEN,CHIMERE_DIKE_1_NFL,chimere dike,receiving_yards,40.5,+235,-425,40,True
16,KC@TEN,ELIC_AYOMANOR_1_NFL,elic ayomanor,receiving_yards,22.5,-120,-110,58,True
16,KC@TEN,GARDNER_MINSHEW_1_NFL,gardner minshew,passing_yards,212.5,-130,+100,15,True
16,KC@TEN,ISIAH_PACHECO_1_NFL,isiah pacheco,rushing_yards,35.5,-102,-118,34,True
16,KC@TEN,XAVIER_WORTHY_1_NFL,xavier worthy,receiving_yards,40.5,-120,-110,41,True
16,KC@TEN,RASHEE_RICE_1_NFL,rashee rice,receiving_yards,55.5,-115,-115,0,True
16,KC@TEN,GUNNAR_HELM_1_NFL,gunnar helm,receiving_yards,24.5,-115,-115,9,True
16,KC@TEN,TYJAE_SPEARS_1_NFL,tyjae spears,receiving_yards,53.5,+100,+100,53,True
16,KC@TEN,KAREEM_HUNT_1_NFL,kareem hunt,rushing_yards,27.5,-120,-110,2,True
16,KC@TEN,MARQUISE_BROWN_1_NFL,marquise brown,receiving_yards,34.5,-120,-110,22,True
16,KC@TEN,TYLER_LOCKETT_1_NFL,tyler lockett,receiving_yards,24.5,+1600,,0,True
16,KC@TEN,NOAH_GRAY_1_NFL,noah gray,receiving_yards,15.5,-115,-115,0,True
16,KC@TEN,JUJU_SMITHSCHUSTER_1_NFL,juju smithschuster,receiving_yards,12.5,+100,+100,12,True
16,KC@TEN,VAN_JEFFERSON_1_NFL,van jefferson,receiving_yards,18.5,-115,-115,24,True
16,KC@TEN,CHRIS_OLADOKUN_1_NFL,chris oladokun,passing_yards,140.5,+100,,111,True
16,LAC@DAL,DAK_PRESCOTT_1_NFL,dak prescott,passing_yards,300.5,-105,-125,244,True
16,LAC@DAL,JUSTIN_HERBERT_1_NFL,justin herbert,passing_yards,285.5,+100,+100,300,True
16,LAC@DAL,JAVONTE_WILLIAMS_1_NFL,javonte williams,rushing_yards,34.5,+145,-220,34,True
16,LAC@DAL,CEEDEE_LAMB_1_NFL,ceedee lamb,receiving_yards,55.5,-114,-107,51,True
16,LAC@DAL,GEORGE_PICKENS_1_NFL,george pickens,receiving_yards,139.5,-120,-110,130,True
16,LAC@DAL,JAKE_FERGUSON_1_NFL,jake ferguson,receiving_yards,19.5,-118,-106,19,True
16,LAC@DAL,LADD_MCCONKEY_1_NFL,ladd mcconkey,receiving_yards,43.5,+243,-286,43,True
16,LAC@DAL,BREVYN_SPANNFORD_1_NFL,brevyn spannford,receiving_yards,0.5,+287,+100,0,True
16,LAC@DAL,ORONDE_GADSDEN_II_1_NFL,oronde gadsden,receiving_yards,7.5,+105,-140,7,True
16,LAC@DAL,RYAN_FLOURNOY_1_NFL,ryan flournoy,receiving_yards,33.5,-120,-125,18,True
16,LAC@DAL,OMARION_HAMPTON_1_NFL,omarion hampton,receiving_yards,0.5,+155,-179,10,True
16,LAC@DAL,KEENAN_ALLEN_1_NFL,keenan allen,receiving_yards,44.5,+1233,-3881,44,True
16,LAC@DAL,KIMANI_VIDAL_1_NFL,kimani vidal,receiving_yards,0.5,+100,+100,0,True
16,LAC@DAL,KAVONTAE_TURPIN_1_NFL,kavontae turpin,receiving_yards,14.5,+145,-146,14,True
16,LAC@DAL,TRE_HARRIS_1_NFL,tre harris,receiving_yards,54.5,+126,-145,54,True
16,LAC@DAL,SCOTT_MATLOCK_1_NFL,scott matlock,receiving_yards,0.5,+5000,,0,True
16,LAC@DAL,LUKE_SCHOONMAKER_1_NFL,luke schoonmaker,receiving_yards,0.5,+100,+100,0,True
16,LAC@DAL,MALIK_DAVIS_1_NFL,malik davis,rushing_yards,16.5,+100,+100,23,True
16,LAC@DAL,QUENTIN_JOHNSTON_1_NFL,quentin johnston,receiving_yards,104.5,+1396,-5733,104,True
16,TB@CAR,BAKER_MAYFIELD_1_NFL,baker mayfield,passing_yards,228.5,-118,-110,145,True
16,TB@CAR,BRYCE_YOUNG_1_NFL,bryce young,passing_yards,196.5,-125,-125,191,True
16,TB@CAR,BUCKY_IRVING_1_NFL,bucky irving,rushing_yards,80.5,-140,-105,71,True
16,TB@CAR,RICO_DOWDLE_1_NFL,rico dowdle,rushing_yards,31.5,-105,-110,29,True
16,TB@CAR,EMEKA_EGBUKA_1_NFL,emeka egbuka,receiving_yards,40.5,+170,-255,40,True
16,TB@CAR,MIKE_EVANS_1_NFL,mike evans,receiving_yards,65.5,-114,-114,31,True
16,TB@CAR,TETAIROA_MCMILLAN_1_NFL,tetairoa mcmillan,receiving_yards,78.5,-117,-115,73,True
16,TB@CAR,CHRIS_GODWIN_1_NFL,chris godwin,receiving_yards,30.5,+117,-167,30,True
16,TB@CAR,JALEN_MCMILLAN_1_NFL,jalen mcmillan,receiving_yards,10.5,+122,-150,15,True
16,TB@CAR,JALEN_COKER_1_NFL,jalen coker,receiving_yards,14.5,-105,-112,47,True
16,TB@CAR,XAVIER_LEGETTE_1_NFL,xavier legette,receiving_yards,12.5,+197,-250,12,True
16,TB@CAR,CHUBA_HUBBARD_1_NFL,chuba hubbard,receiving_yards,7.5,+225,-315,7,True
16,TB@CAR,MITCHELL_EVANS_1_NFL,mitchell evans,receiving_yards,2.5,-113,-105,23,True
16,TB@CAR,TOMMY_TREMBLE_1_NFL,tommy tremble,receiving_yards,0.5,+100,+100,6,True
16,TB@CAR,JATAVION_SANDERS_1_NFL,jatavion sanders,receiving_yards,9.5,+237,-334,9,True
16,TB@CAR,SEAN_TUCKER_1_NFL,sean tucker,rushing_yards,3.5,+172,-206,3,True
16,TB@CAR,TREVOR_ETIENNE_1_NFL,trevor etienne,passing_yards,0.5,+1300,,0,True
16,TB@CAR,KAMERON_JOHNSON_1_NFL,kameron johnson,passing_yards,0.5,+15000,,0,True
16,TB@CAR,CADE_OTTON_1_NFL,cade otton,receiving_yards,6.5,+152,-182,15,True
16,TB@CAR,ADAM_THIELEN_1_NFL,adam thielen,rushing_yards,0.5,+1600,,0,True
16,TB@CAR,RACHAAD_WHITE_1_NFL,rachaad white,receiving_yards,8.5,-115,-123,15,True
16,BUF@CLE,JOSH_ALLEN_1_NFL,josh allen,passing_yards,122.5,-120,-110,130,True
16,BUF@CLE,JAMES_COOK_1_NFL,james cook,rushing_yards,120.5,-113,-116,117,True
16,BUF@CLE,SHEDEUR_SANDERS_1_NFL,shedeur sanders,passing_yards,178.5,-115,-115,157,True
16,BUF@CLE,QUINSHON_JUDKINS_1_NFL,quinshon judkins,rushing_yards,61.5,-135,+105,22,True
16,BUF@CLE,DALTON_KINCAID_1_NFL,dalton kincaid,receiving_yards,0.5,+360,-560,0,True
16,BUF@CLE,HAROLD_FANNIN_JR_1_NFL,harold fannin,receiving_yards,39.5,-110,-105,34,True
16,BUF@CLE,JERRY_JEUDY_1_NFL,jerry jeudy,receiving_yards,12.5,+115,-160,12,True
16,BUF@CLE,KHALIL_SHAKIR_1_NFL,khalil shakir,receiving_yards,29.5,+360,-565,34,True
16,BUF@CLE,ISAIAH_BOND_1_NFL,isaiah bond,receiving_yards,21.5,+200,-315,21,True
16,BUF@CLE,CEDRIC_TILLMAN_1_NFL,cedric tillman,receiving_yards,8.5,+214,-317,8,True
16,BUF@CLE,KEON_COLEMAN_1_NFL,keon coleman,receiving_yards,16.5,-115,-115,0,True
16,BUF@CLE,JOSH_PALMER_1_NFL,josh palmer,receiving_yards,2.5,+625,-1275,2,True
16,BUF@CLE,TRAYVEON_WILLIAMS_1_NFL,trayveon williams,rushing_yards,5.5,-155,+115,17,True
16,BUF@CLE,DAWSON_KNOX_1_NFL,dawson knox,receiving_yards,10.5,+470,-815,10,True
16,BUF@CLE,TY_JOHNSON_1_NFL,ty johnson,receiving_yards,0.5,+880,-2200,0,True
16,BUF@CLE,BRANDIN_COOKS_1_NFL,brandin cooks,receiving_yards,0.5,+236,-278,0,True
16,BUF@CLE,GAGE_LARVADAIN_1_NFL,gage larvadain,receiving_yards,0.5,+100,+100,0,True
16,BUF@CLE,BLAKE_WHITEHEART_1_NFL,blake whiteheart,rushing_yards,0.5,+4000,,0,True
16,BUF@CLE,MALACHI_CORLEY_1_NFL,malachi corley,receiving_yards,0.5,+3000,,11,True
16,BUF@CLE,TYRELL_SHAVERS_1_NFL,tyrell shavers,receiving_yards,21.5,+172,-529,21,True
16,BUF@CLE,RAHEIM_SANDERS_1_NFL,raheim sanders,rushing_yards,42.5,+100,+100,42,True
16,NYJ@NO,TYLER_SHOUGH_1_NFL,tyler shough,passing_yards,308.5,+200,-275,308,True
16,NYJ@NO,BREECE_HALL_1_NFL,breece hall,rushing_yards,55.5,+105,-155,54,True
16,NYJ@NO,CHRIS_OLAVE_1_NFL,chris olave,receiving_yards,99.5,+100,+100,148,True
16,NYJ@NO,JUWAN_JOHNSON_1_NFL,juwan johnson,receiving_yards,89.5,+895,-2750,89,True
16,NYJ@NO,BRADY_COOK_1_NFL,brady cook,passing_yards,167.5,-108,-112,188,True
16,NYJ@NO,ADONAI_MITCHELL_1_NFL,adonai mitchell,receiving_yards,17.5,-110,-125,43,True
16,NYJ@NO,ISAIAH_WILLIAMS_1_NFL,isaiah williams,receiving_yards,25.5,+117,-165,25,True
16,NYJ@NO,JEREMY_RUCKERT_1_NFL,jeremy ruckert,receiving_yards,14.5,+140,-135,14,True
16,NYJ@NO,JOHN_METCHIE_III_1_NFL,john metchie,receiving_yards,4.5,+325,-238,4,True
16,NYJ@NO,MASON_TIPTON_1_NFL,mason tipton,receiving_yards,27.5,+100,+100,29,True
16,NYJ@NO,FOSTER_MOREAU_1_NFL,foster moreau,receiving_yards,4.5,+100,+100,5,True
16,NYJ@NO,AUDRIC_ESTIME_1_NFL,audric estime,rushing_yards,22.5,-115,-110,19,True
16,NYJ@NO,EVAN_HULL_1_NFL,evan hull,rushing_yards,10.5,+110,-165,3,True
16,NYJ@NO,ISAIAH_DAVIS_1_NFL,isaiah davis,rushing_yards,8.5,+118,-138,8,True
16,NYJ@NO,KEVIN_AUSTIN_JR_1_NFL,kevin austin,receiving_yards,18.5,+253,-298,18,True
16,NYJ@NO,TAYSOM_HILL_1_NFL,taysom hill,rushing_yards,40.5,+105,-124,42,True
16,CIN@MIA,JOE_BURROW_1_NFL,joe burrow,passing_yards,320.5,-115,-115,309,True
16,CIN@MIA,CHASE_BROWN_1_NFL,chase brown,rushing_yards,74.5,-120,-110,66,True
16,CIN@MIA,JAMARR_CHASE_1_NFL,jamarr chase,receiving_yards,87.5,-115,-115,109,True
16,CIN@MIA,TANNER_HUDSON_1_NFL,tanner hudson,receiving_yards,0.5,+188,-219,4,True
16,CIN@MIA,TUA_TAGOVAILOA_1_NFL,tua tagovailoa,passing_yards,219.5,-115,-115,0,True
16,CIN@MIA,DEVON_ACHANE_1_NFL,devon achane,receiving_yards,28.5,-120,-110,9,True
16,CIN@MIA,JAYLEN_WADDLE_1_NFL,jaylen waddle,receiving_yards,53.5,-115,-115,72,True
16,CIN@MIA,MALIK_WASHINGTON_1_NFL,malik washington,receiving_yards,17.5,-114,-114,23,True
16,CIN@MIA,QUINN_EWERS_1_NFL,quinn ewers,passing_yards,210.5,-115,-120,260,True
16,CIN@MIA,DARREN_WALLER_1_NFL,darren waller,receiving_yards,32.5,-125,-103,40,True
16,CIN@MIA,GREG_DULCICH_1_NFL,greg dulcich,receiving_yards,20.5,+110,-133,46,True
16,CIN@MIA,SAMAJE_PERINE_1_NFL,samaje perine,rushing_yards,31.5,-110,-120,25,True
16,CIN@MIA,TEE_HIGGINS_1_NFL,tee higgins,receiving_yards,53.5,-105,-130,53,True
16,CIN@MIA,JULIAN_HILL_1_NFL,julian hill,receiving_yards,2.5,-120,-110,0,True
16,CIN@MIA,JAYLEN_WRIGHT_1_NFL,jaylen wright,rushing_yards,10.5,+135,-205,35,True
16,CIN@MIA,OLLIE_GORDON_1_NFL,ollie gordon,rushing_yards,0.5,+205,-285,-1,True
16,CIN@MIA,ANDREI_IOSIVAS_1_NFL,andrei iosivas,passing_yards,0.5,+650,,0,True
16,CIN@MIA,MIKE_GESICKI_1_NFL,mike gesicki,receiving_yards,25.5,-116,-111,35,True
16,JAX@DEN,BO_NIX_1_NFL,bo nix,passing_yards,347.5,-120,-120,352,True
16,JAX@DEN,TREVOR_LAWRENCE_1_NFL,trevor lawrence,passing_yards,220.5,-130,+100,279,True
16,JAX@DEN,TRAVIS_ETIENNE_JR_1_NFL,travis etienne,rushing_yards,45.5,-110,-130,50,True
16,JAX@DEN,BRIAN_THOMAS_1_NFL,brian thomas,receiving_yards,18.5,+615,-1590,18,True
16,JAX@DEN,COURTLAND_SUTTON_1_NFL,courtland sutton,receiving_yards,58.5,-135,+105,86,True
16,JAX@DEN,JAKOBI_MEYERS_1_NFL,jakobi meyers,receiving_yards,45.5,+236,-379,45,True
16,JAX@DEN,BRENTON_STRANGE_1_NFL,brenton strange,receiving_yards,39.5,+180,-252,39,True
16,JAX@DEN,PARKER_WASHINGTON_1_NFL,parker washington,receiving_yards,145.5,+195,-330,145,True
16,JAX@DEN,EVAN_ENGRAM_1_NFL,evan engram,receiving_yards,25.5,-120,-110,36,True
16,JAX@DEN,NATE_ADKINS_1_NFL,nate adkins,receiving_yards,0.5,+100,+100,0,True
16,JAX@DEN,QUINTIN_MORRIS_1_NFL,quintin morris,receiving_yards,0.5,+100,+100,5,True
16,JAX@DEN,MARVIN_MIMS_JR_1_NFL,marvin mims,rushing_yards,3.5,+100,+100,3,True
16,JAX@DEN,RJ_HARVEY_1_NFL,rj harvey,receiving_yards,71.5,-110,-130,71,True
16,JAX@DEN,TROY_FRANKLIN_1_NFL,troy franklin,receiving_yards,20.5,-115,-112,66,True
16,JAX@DEN,PAT_BRYANT_1_NFL,pat bryant,receiving_yards,36.5,-120,-110,42,True
16,JAX@DEN,TYLER_BADIE_1_NFL,tyler badie,receiving_yards,0.5,+100,+100,2,True
16,JAX@DEN,ADAM_TRAUTMAN_1_NFL,adam trautman,receiving_yards,8.5,+120,-157,14,True
16,JAX@DEN,AUDRIC_ESTIME_1_NFL,audric estime,receiving_yards,4.5,-160,,0,True
16,JAX@DEN,TANK_BIGSBY_1_NFL,tank bigsby,passing_yards,24.5,+325,,0,True
16,JAX@DEN,TIM_PATRICK_1_NFL,tim patrick,receiving_yards,9.5,-105,-125,11,True
16,JAX@DEN,JALEEL_MCLAUGHLIN_1_NFL,jaleel mclaughlin,rushing_yards,37.5,+435,-850,37,True
16,JAX@DEN,LILJORDAN_HUMPHREY_1_NFL,liljordan humphrey,receiving_yards,4.5,+100,+100,9,True
16,JAX@DEN,LEQUINT_ALLEN_1_NFL,lequint allen,receiving_yards,0.5,+102,-131,0,True
16,JAX@DEN,JOHNNY_MUNDT_1_NFL,johnny mundt,receiving_yards,0.5,+10000,,0,True
16,ATL@ARI,JACOBY_BRISSETT_1_NFL,jacoby brissett,passing_yards,220.5,-114,-116,203,True
16,ATL@ARI,KIRK_COUSINS_1_NFL,kirk cousins,passing_yards,190.5,-105,-125,197,True
16,ATL@ARI,BIJAN_ROBINSON_1_NFL,bijan robinson,rushing_yards,90.5,-130,-110,76,True
16,ATL@ARI,KYLE_PITTS_1_NFL,kyle pitts,receiving_yards,57.5,+290,-430,57,True
16,ATL@ARI,TREY_MCBRIDE_1_NFL,trey mcbride,receiving_yards,33.5,-125,-115,27,True
16,ATL@ARI,ELIJAH_HIGGINS_1_NFL,elijah higgins,receiving_yards,38.5,+105,-116,91,True
16,ATL@ARI,MACK_WILSON_1_NFL,mack wilson,receiving_yards,54.5,-121,-115,52,True
16,ATL@ARI,MICHAEL_CARTER_1_NFL,michael carter,receiving_yards,5.5,-120,-110,0,True
16,ATL@ARI,TYLER_ALLGEIER_1_NFL,tyler allgeier,rushing_yards,75.5,-180,+120,79,True
16,ATL@ARI,DARNELL_MOONEY_1_NFL,darnell mooney,receiving_yards,10.5,+265,-500,24,True
16,ATL@ARI,CHARLIE_WOERNER_1_NFL,charlie woerner,receiving_yards,0.5,+190,-260,3,True
16,ATL@ARI,DRAKE_LONDON_1_NFL,drake london,receiving_yards,27.5,+270,-395,27,True
16,ATL@ARI,MARVIN_HARRISON_JR_1_NFL,marvin harrison,receiving_yards,14.5,+105,-124,14,True
16,ATL@ARI,EMARI_DEMERCADO_1_NFL,emari demercado,rushing_yards,15.5,+115,-170,30,True
16,ATL@ARI,DAVID_SILLS_V_1_NFL,david sills,receiving_yards,0.5,+222,-260,0,True
16,LV@HOU,CJ_STROUD_1_NFL,cj stroud,passing_yards,160.5,-111,-113,187,True
16,LV@HOU,ASHTON_JEANTY_1_NFL,ashton jeanty,rushing_yards,46.5,-110,-120,128,True
16,LV@HOU,BROCK_BOWERS_1_NFL,brock bowers,receiving_yards,52.5,-125,-105,33,True
16,LV@HOU,NICO_COLLINS_1_NFL,nico collins,receiving_yards,66.5,-110,-120,59,True
16,LV@HOU,GENO_SMITH_1_NFL,geno smith,passing_yards,179.5,-125,-105,201,True
16,LV@HOU,DALTON_SCHULTZ_1_NFL,dalton schultz,receiving_yards,40.5,-115,-115,35,True
16,LV@HOU,TRE_TUCKER_1_NFL,tre tucker,receiving_yards,27.5,-130,+100,43,True
16,LV@HOU,TYLER_LOCKETT_1_NFL,tyler lockett,receiving_yards,20.5,+100,-130,6,True
16,LV@HOU,JAYDEN_HIGGINS_1_NFL,jayden higgins,receiving_yards,10.5,+165,-158,17,True
16,LV@HOU,JACK_BECH_1_NFL,jack bech,receiving_yards,18.5,-125,-105,43,True
16,LV@HOU,DYLAN_LAUBE_1_NFL,dylan laube,receiving_yards,0.5,+5000,,0,True
16,LV@HOU,JOQUAVIOUS_MARKS_1_NFL,joquavious marks,receiving_yards,6.5,-108,-111,0,True
16,LV@HOU,CHRISTIAN_KIRK_1_NFL,christian kirk,receiving_yards,37.5,+100,+100,37,True
16,LV@HOU,XAVIER_HUTCHINSON_1_NFL,xavier hutchinson,receiving_yards,10.5,+215,-375,4,True
16,LV@HOU,CADE_STOVER_1_NFL,cade stover,receiving_yards,0.5,+100,+100,7,True
16,LV@HOU,MICHAEL_MAYER_1_NFL,michael mayer,receiving_yards,10.5,+110,-133,10,True
16,LV@HOU,RAHEEM_MOSTERT_1_NFL,raheem mostert,rushing_yards,4.5,-108,-110,6,True
16,LV@HOU,NICK_CHUBB_1_NFL,nick chubb,rushing_yards,15.5,-120,-120,33,True
16,LV@HOU,JAWHAR_JORDAN_1_NFL,jawhar jordan,receiving_yards,3.5,+100,+100,17,True
16,LV@HOU,JAYLIN_NOEL_1_NFL,jaylin noel,receiving_yards,0.5,+100,-300,0,True
16,PIT@DET,JARED_GOFF_1_NFL,jared goff,passing_yards,264.5,-120,-110,364,True
16,PIT@DET,JAHMYR_GIBBS_1_NFL,jahmyr gibbs,rushing_yards,75.5,-115,-115,2,True
16,PIT@DET,AMONRA_ST_BROWN_1_NFL,amonra st brown,receiving_yards,82.5,-135,+105,54,True
16,PIT@DET,JAMESON_WILLIAMS_1_NFL,jameson williams,receiving_yards,67.5,-115,-115,70,True
16,PIT@DET,AARON_RODGERS_1_NFL,aaron rodgers,passing_yards,255.5,+115,-155,266,True
16,PIT@DET,DK_METCALF_1_NFL,dk metcalf,receiving_yards,58.5,-125,-105,42,True
16,PIT@DET,KENNETH_GAINWELL_1_NFL,kenneth gainwell,receiving_yards,27.5,+100,-130,78,True
16,PIT@DET,DAVID_MONTGOMERY_1_NFL,david montgomery,rushing_yards,15.5,-165,+110,14,True
16,PIT@DET,JAYLEN_WARREN_1_NFL,jaylen warren,rushing_yards,40.5,-115,-115,143,True
16,PIT@DET,DARNELL_WASHINGTON_1_NFL,darnell washington,receiving_yards,23.5,-115,-115,36,True
16,PIT@DET,JONNU_SMITH_1_NFL,jonnu smith,receiving_yards,0.5,+100,+100,0,True
16,PIT@DET,PAT_FREIERMUTH_1_NFL,pat freiermuth,receiving_yards,20.5,+235,-425,20,True
16,PIT@DET,SCOTTY_MILLER_1_NFL,scotty miller,receiving_yards,0.5,+4000,,19,True
16,PIT@DET,ISAAC_TESLAA_1_NFL,isaac teslaa,receiving_yards,9.5,-110,-120,52,True
16,PIT@DET,KALIF_RAYMOND_1_NFL,kalif raymond,receiving_yards,13.5,+100,+100,62,True
16,PIT@DET,SHANE_ZYLSTRA_1_NFL,shane zylstra,receiving_yards,6.5,-115,-111,20,True
16,PIT@DET,CALVIN_AUSTIN_1_NFL,calvin austin,receiving_yards,8.5,+100,+100,8,True
16,PIT@DET,DOMINIC_LOVETT_1_NFL,dominic lovett,receiving_yards,0.5,+5000,,0,True
16,PIT@DET,ANTHONY_FIRKSER_1_NFL,anthony firkser,receiving_yards,40.5,+100,+100,40,True
16,PIT@DET,KALEB_JOHNSON_1_NFL,kaleb johnson,rushing_yards,4.5,-110,+100,0,True
16,NE@BAL,DRAKE_MAYE_1_NFL,drake maye,passing_yards,338.5,-115,-115,380,True
16,NE@BAL,LAMAR_JACKSON_1_NFL,lamar jackson,passing_yards,216.5,-120,-120,101,True
16,NE@BAL,DERRICK_HENRY_1_NFL,derrick henry,rushing_yards,132.5,-112,-125,128,True
16,NE@BAL,TREVEYON_HENDERSON_1_NFL,treveyon henderson,rushing_yards,40.5,-105,-140,3,True
16,NE@BAL,ZAY_FLOWERS_1_NFL,zay flowers,rushing_yards,0.5,+100,+100,18,True
16,NE@BAL,HUNTER_HENRY_1_NFL,hunter henry,receiving_yards,40.5,-122,-112,35,True
16,NE@BAL,STEFON_DIGGS_1_NFL,stefon diggs,receiving_yards,115.5,-127,-110,138,True
16,NE@BAL,CHARLIE_KOLAR_1_NFL,charlie kolar,receiving_yards,24.5,+2500,,18,True
16,NE@BAL,MACK_HOLLINS_1_NFL,mack hollins,receiving_yards,63.5,-105,-130,69,True
16,NE@BAL,KAYSHON_BOUTTE_1_NFL,kayshon boutte,receiving_yards,16.5,+140,-185,16,True
16,NE@BAL,MARK_ANDREWS_1_NFL,mark andrews,receiving_yards,18.5,+100,+100,21,True
16,NE@BAL,RHAMONDRE_STEVENSON_1_NFL,rhamondre stevenson,receiving_yards,26.5,-120,-110,27,True
16,NE@BAL,DEMARIO_DOUGLAS_1_NFL,demario douglas,receiving_yards,10.5,+105,-155,6,True
16,NE@BAL,ISAIAH_LIKELY_1_NFL,isaiah likely,receiving_yards,0.5,+167,-202,0,True
16,NE@BAL,AUSTIN_HOOPER_1_NFL,austin hooper,receiving_yards,30.5,+265,-500,34,True
16,NE@BAL,KEATON_MITCHELL_1_NFL,keaton mitchell,rushing_yards,13.5,+135,-200,13,True
16,NE@BAL,DEANDRE_HOPKINS_1_NFL,deandre hopkins,receiving_yards,10.5,+115,-170,41,True
16,NE@BAL,RASHOD_BATEMAN_1_NFL,rashod bateman,receiving_yards,0.5,+179,-217,0,True
16,NE@BAL,RASHEEN_ALI_1_NFL,rasheen ali,receiving_yards,5.5,-111,+100,2,True
16,NE@BAL,TYLER_HUNTLEY_1_NFL,tyler huntley,passing_yards,69.5,-115,-115,65,True
17,DAL@WAS,DAK_PRESCOTT_1_NFL,dak prescott,passing_yards,297.5,-120,-120,307,True
17,DAL@WAS,CEEDEE_LAMB_1_NFL,ceedee lamb,receiving_yards,46.5,+195,-290,46,True
17,DAL@WAS,GEORGE_PICKENS_1_NFL,george pickens,receiving_yards,57.5,+195,-295,78,True
17,DAL@WAS,DEEBO_SAMUEL_1_NFL,deebo samuel,receiving_yards,75.5,-117,-122,68,True
17,DAL@WAS,JAKE_FERGUSON_1_NFL,jake ferguson,receiving_yards,36.5,-115,-115,6,True
17,DAL@WAS,TERRY_MCLAURIN_1_NFL,terry mclaurin,receiving_yards,55.5,-145,+100,63,True
17,DAL@WAS,JAVONTE_WILLIAMS_1_NFL,javonte williams,rushing_yards,72.5,-115,-115,54,True
17,DAL@WAS,HUNTER_LUEPKE_1_NFL,hunter luepke,receiving_yards,2.5,+100,-109,14,True
17,DAL@WAS,LUKE_SCHOONMAKER_1_NFL,luke schoonmaker,receiving_yards,5.5,+100,+100,15,True
17,DAL@WAS,CHRIS_RODRIGUEZ_JR_1_NFL,chris rodriguez,rushing_yards,53.5,-120,-110,0,True
17,DAL@WAS,JEREMY_MCNICHOLS_1_NFL,jeremy mcnichols,receiving_yards,6.5,+132,-157,12,True
17,DAL@WAS,CHRIS_MOORE_1_NFL,chris moore,receiving_yards,0.5,+100,+100,15,True
17,DAL@WAS,JONATHAN_MINGO_1_NFL,jonathan mingo,rushing_yards,0.5,+650,,0,True
17,DAL@WAS,JOSH_JOHNSON_1_NFL,josh johnson,passing_yards,195.5,-115,-115,198,True
17,DAL@WAS,JACORY_MERRITT_1_NFL,jacory merritt,rushing_yards,60.5,-110,-120,105,True
17,DAL@WAS,TREYLON_BURKS_1_NFL,treylon burks,receiving_yards,11.5,-102,-118,11,True
17,DAL@WAS,BEN_SINNOTT_1_NFL,ben sinnott,receiving_yards,8.5,+132,-157,29,True
17,DAL@WAS,KAVONTAE_TURPIN_1_NFL,kavontae turpin,receiving_yards,90.5,+175,-285,86,True
17,DAL@WAS,MALIK_DAVIS_1_NFL,malik davis,rushing_yards,95.5,-105,-140,103,True
17,DAL@WAS,JOHN_BATES_1_NFL,john bates,receiving_yards,0.5,+100,+100,0,True
17,DET@MIN,MAX_BROSMER_1_NFL,max brosmer,passing_yards,191.5,-115,-115,51,True
17,DET@MIN,JARED_GOFF_1_NFL,jared goff,passing_yards,254.5,-115,-115,197,True
17,DET@MIN,AMONRA_ST_BROWN_1_NFL,amonra st brown,receiving_yards,80.5,-116,-114,68,True
17,DET@MIN,AARON_JONES_1_NFL,aaron jones,rushing_yards,60.5,-112,-118,53,True
17,DET@MIN,DAVID_MONTGOMERY_1_NFL,david montgomery,rushing_yards,33.5,-117,-114,25,True
17,DET@MIN,JAHMYR_GIBBS_1_NFL,jahmyr gibbs,rushing_yards,72.5,-113,-117,41,True
17,DET@MIN,JUSTIN_JEFFERSON_1_NFL,justin jefferson,receiving_yards,66.5,-117,-114,30,True
17,DET@MIN,JAMESON_WILLIAMS_1_NFL,jameson williams,receiving_yards,68.5,-115,-115,37,True
17,DET@MIN,JORDAN_ADDISON_1_NFL,jordan addison,receiving_yards,42.5,-114,-115,0,True
17,DET@MIN,JALEN_NAILOR_1_NFL,jalen nailor,receiving_yards,18.5,-120,-112,0,True
17,DET@MIN,TJ_HOCKENSON_1_NFL,tj hockenson,receiving_yards,29.5,-110,-120,0,True
17,DET@MIN,JOSH_OLIVER_1_NFL,josh oliver,receiving_yards,20.5,-112,-120,8,True
17,DET@MIN,ISAAC_TESLAA_1_NFL,isaac teslaa,receiving_yards,15.5,-118,-113,49,True
17,DET@MIN,SHANE_ZYLSTRA_1_NFL,shane zylstra,receiving_yards,11.5,-116,-114,0,True
17,DET@MIN,ANTHONY_FIRKSER_1_NFL,anthony firkser,receiving_yards,20.5,-140,-105,0,True
17,DET@MIN,KALIF_RAYMOND_1_NFL,kalif raymond,receiving_yards,0.5,+100,+100,5,True
17,DET@MIN,ZAVIER_SCOTT_1_NFL,zavier scott,rushing_yards,5.5,+115,-170,0,True
17,DEN@KC,BO_NIX_1_NFL,bo nix,passing_yards,197.5,-120,-115,182,True
17,DEN@KC,CHRIS_OLADOKUN_1_NFL,chris oladokun,passing_yards,65.5,-110,-105,66,True
17,DEN@KC,ISIAH_PACHECO_1_NFL,isiah pacheco,rushing_yards,33.5,-115,-112,32,True
17,DEN@KC,RJ_HARVEY_1_NFL,rj harvey,rushing_yards,22.5,-120,-110,43,True
17,DEN@KC,KAREEM_HUNT_1_NFL,kareem hunt,rushing_yards,25.5,-132,-105,38,True
17,DEN@KC,JALEEL_MCLAUGHLIN_1_NFL,jaleel mclaughlin,rushing_yards,40.5,-146,+102,40,True
17,DEN@KC,COURTLAND_SUTTON_1_NFL,courtland sutton,receiving_yards,61.5,-115,-115,40,True
17,DEN@KC,EVAN_ENGRAM_1_NFL,evan engram,receiving_yards,18.5,+270,-184,21,True
17,DEN@KC,TROY_FRANKLIN_1_NFL,troy franklin,receiving_yards,17.5,+148,-171,17,True
17,DEN@KC,MARVIN_MIMS_JR_1_NFL,marvin mims,receiving_yards,13.5,+186,-215,10,True
17,DEN@KC,LILJORDAN_HUMPHREY_1_NFL,liljordan humphrey,receiving_yards,6.5,+100,+100,23,True
17,DEN@KC,ADAM_TRAUTMAN_1_NFL,adam trautman,receiving_yards,24.5,+100,-172,24,True
17,DEN@KC,XAVIER_WORTHY_1_NFL,xavier worthy,receiving_yards,0.5,+120,-180,0,True
17,DEN@KC,TRAVIS_KELCE_1_NFL,travis kelce,receiving_yards,13.5,-105,-116,36,True
17,DEN@KC,JUJU_SMITHSCHUSTER_1_NFL,juju smithschuster,receiving_yards,16.5,+130,-156,16,True
17,DEN@KC,MARQUISE_BROWN_1_NFL,marquise brown,receiving_yards,7.5,+135,-162,7,True
17,DEN@KC,NOAH_GRAY_1_NFL,noah gray,receiving_yards,10.5,+140,-215,2,True
17,DEN@KC,TYLER_BADIE_1_NFL,tyler badie,receiving_yards,3.5,-114,-113,0,True
17,DEN@KC,BRASHARD_SMITH_1_NFL,brashard smith,receiving_yards,5.5,+122,-165,5,True
17,HOU@LAC,CJ_STROUD_1_NFL,cj stroud,passing_yards,225.5,+100,-139,244,True
17,HOU@LAC,JUSTIN_HERBERT_1_NFL,justin herbert,passing_yards,250.5,-120,-110,236,True
17,HOU@LAC,LADD_MCCONKEY_1_NFL,ladd mcconkey,receiving_yards,36.5,-115,-115,31,True
17,HOU@LAC,NICO_COLLINS_1_NFL,nico collins,receiving_yards,38.5,+325,-495,57,True
17,HOU@LAC,DALTON_SCHULTZ_1_NFL,dalton schultz,receiving_yards,19.5,+365,-208,19,True
17,HOU@LAC,QUENTIN_JOHNSTON_1_NFL,quentin johnston,receiving_yards,105.5,-115,-125,98,True
17,HOU@LAC,JOQUAVIOUS_MARKS_1_NFL,joquavious marks,receiving_yards,4.5,+229,-105,4,True
17,HOU@LAC,JAYDEN_HIGGINS_1_NFL,jayden higgins,receiving_yards,88.5,+206,-241,88,True
17,HOU@LAC,KEENAN_ALLEN_1_NFL,keenan allen,receiving_yards,20.5,-134,-104,17,True
17,HOU@LAC,ORONDE_GADSDEN_II_1_NFL,oronde gadsden,receiving_yards,7.5,+100,-135,32,True
17,HOU@LAC,TRE_HARRIS_1_NFL,tre harris,receiving_yards,8.5,+120,-140,8,True
17,HOU@LAC,OMARION_HAMPTON_1_NFL,omarion hampton,rushing_yards,26.5,-120,-115,29,True
17,HOU@LAC,WILL_DISSLY_1_NFL,will dissly,receiving_yards,1.5,+100,-175,19,True
17,HOU@LAC,CHRISTIAN_KIRK_1_NFL,christian kirk,receiving_yards,1.5,+218,-254,1,True
17,HOU@LAC,XAVIER_HUTCHINSON_1_NFL,xavier hutchinson,receiving_yards,21.5,+235,-276,21,True
17,HOU@LAC,DAMEON_PIERCE_1_NFL,dameon pierce,receiving_yards,0.5,+5000,,0,True
17,HOU@LAC,HARRISON_BRYANT_1_NFL,harrison bryant,rushing_yards,0.5,+10000,,0,True
17,HOU@LAC,JAYLIN_NOEL_1_NFL,jaylin noel,receiving_yards,54.5,+100,+100,54,True
17,HOU@LAC,NICK_CHUBB_1_NFL,nick chubb,rushing_yards,9.5,-112,-102,1,True
17,HOU@LAC,CADE_STOVER_1_NFL,cade stover,receiving_yards,3.5,-115,-115,0,True
17,HOU@LAC,JAWHAR_JORDAN_1_NFL,jawhar jordan,receiving_yards,0.5,+100,-120,0,True
17,BAL@GB,DERRICK_HENRY_1_NFL,derrick henry,rushing_yards,180.5,-115,-125,216,True
17,BAL@GB,JORDAN_LOVE_1_NFL,jordan love,passing_yards,223.5,-114,-114,0,True
17,BAL@GB,KEATON_MITCHELL_1_NFL,keaton mitchell,rushing_yards,35.5,+100,-140,31,True
17,BAL@GB,JOSH_JACOBS_1_NFL,josh jacobs,receiving_yards,0.5,+100,+100,0,True
17,BAL@GB,CHRISTIAN_WATSON_1_NFL,christian watson,receiving_yards,116.5,-115,-115,113,True
17,BAL@GB,LUKE_MUSGRAVE_1_NFL,luke musgrave,receiving_yards,0.5,+100,+100,0,True
17,BAL@GB,RASHOD_BATEMAN_1_NFL,rashod bateman,receiving_yards,7.5,+100,-114,7,True
17,BAL@GB,ROMEO_DOUBS_1_NFL,romeo doubs,receiving_yards,65.5,-140,-105,62,True
17,BAL@GB,ZAY_FLOWERS_1_NFL,zay flowers,receiving_yards,30.5,+165,-265,30,True
17,BAL@GB,JAYDEN_REED_1_NFL,jayden reed,receiving_yards,42.5,-115,-115,41,True
17,BAL@GB,DEANDRE_HOPKINS_1_NFL,deandre hopkins,receiving_yards,0.5,+107,-122,0,True
17,BAL@GB,MARK_ANDREWS_1_NFL,mark andrews,receiving_yards,22.5,-120,-110,28,True
17,BAL@GB,ISAIAH_LIKELY_1_NFL,isaiah likely,receiving_yards,27.5,+100,+100,27,True
17,BAL@GB,TYLER_HUNTLEY_1_NFL,tyler huntley,passing_yards,110.5,+140,-195,107,True
17,BAL@GB,EMANUEL_WILSON_1_NFL,emanuel wilson,rushing_yards,10.5,+120,-180,16,True
17,BAL@GB,RASHEEN_ALI_1_NFL,rasheen ali,receiving_yards,10.5,+370,-800,8,True
17,BAL@GB,MALIK_WILLIS_1_NFL,malik willis,passing_yards,340.5,-105,-125,288,True
17,BAL@GB,DONTAYVION_WICKS_1_NFL,dontayvion wicks,receiving_yards,13.5,-120,-105,7,True
17,BAL@GB,MATTHEW_GOLDEN_1_NFL,matthew golden,receiving_yards,3.5,-120,-110,12,True
17,BAL@GB,LAJOHNTAY_WESTER_1_NFL,lajohntay wester,receiving_yards,0.5,+10000,,0,True
17,SEA@CAR,JAXON_SMITHNJIGBA_1_NFL,jaxon smithnjigba,receiving_yards,72.5,+410,-670,72,True
17,SEA@CAR,AJ_BARNER_1_NFL,aj barner,rushing_yards,0.5,+100,+100,0,True
17,SEA@CAR,BRYCE_YOUNG_1_NFL,bryce young,passing_yards,191.5,-120,-110,54,True
17,SEA@CAR,SAM_DARNOLD_1_NFL,sam darnold,passing_yards,140.5,-115,-115,147,True
17,SEA@CAR,TETAIROA_MCMILLAN_1_NFL,tetairoa mcmillan,receiving_yards,10.5,-115,-115,5,True
17,SEA@CAR,KENNETH_WALKER_III_1_NFL,kenneth walker,rushing_yards,54.5,-130,-105,51,True
17,SEA@CAR,CHUBA_HUBBARD_1_NFL,chuba hubbard,receiving_yards,6.5,+140,-185,6,True
17,SEA@CAR,JALEN_COKER_1_NFL,jalen coker,receiving_yards,25.5,+100,-145,16,True
17,SEA@CAR,JATAVION_SANDERS_1_NFL,jatavion sanders,receiving_yards,13.5,+100,+100,0,True
17,SEA@CAR,RICO_DOWDLE_1_NFL,rico dowdle,receiving_yards,4.5,-102,-114,4,True
17,SEA@CAR,XAVIER_LEGETTE_1_NFL,xavier legette,receiving_yards,3.5,+100,+100,3,True
17,SEA@CAR,ZACH_CHARBONNET_1_NFL,zach charbonnet,receiving_yards,10.5,+100,+100,12,True
17,SEA@CAR,COOPER_KUPP_1_NFL,cooper kupp,receiving_yards,10.5,+175,-285,6,True
17,SEA@CAR,RASHID_SHAHEED_1_NFL,rashid shaheed,receiving_yards,20.5,-127,-110,8,True
17,SEA@CAR,TOMMY_TREMBLE_1_NFL,tommy tremble,receiving_yards,6.5,+156,-179,6,True
17,SEA@CAR,CODY_WHITE_1_NFL,cody white,receiving_yards,0.5,+5000,,0,True
17,SEA@CAR,TREVOR_ETIENNE_1_NFL,trevor etienne,receiving_yards,0.5,+2250,,0,True
17,SEA@CAR,MITCHELL_EVANS_1_NFL,mitchell evans,receiving_yards,5.5,+100,+100,5,True
17,SEA@CAR,MARQUEZ_VALDESSCANTLING_1_NFL,marquez valdesscantling,rushing_yards,16.5,-115,,0,True
17,SEA@CAR,ERIC_SAUBERT_1_NFL,eric saubert,receiving_yards,0.5,+4000,,0,True
17,NE@NYJ,ADONAI_MITCHELL_1_NFL,adonai mitchell,receiving_yards,25.5,-145,+100,22,True
17,NE@NYJ,STEFON_DIGGS_1_NFL,stefon diggs,receiving_yards,66.5,-115,-115,101,True
17,NE@NYJ,DRAKE_MAYE_1_NFL,drake maye,passing_yards,257.5,-120,-120,256,True
17,NE@NYJ,BREECE_HALL_1_NFL,breece hall,rushing_yards,56.5,-120,-110,111,True
17,NE@NYJ,BRADY_COOK_1_NFL,brady cook,passing_yards,177.5,-115,-115,152,True
17,NE@NYJ,HUNTER_HENRY_1_NFL,hunter henry,receiving_yards,30.5,-115,-120,49,True
17,NE@NYJ,ISAIAH_WILLIAMS_1_NFL,isaiah williams,receiving_yards,13.5,+100,+100,30,True
17,NE@NYJ,JOHN_METCHIE_III_1_NFL,john metchie,receiving_yards,33.5,-115,-115,41,True
17,NE@NYJ,MACK_HOLLINS_1_NFL,mack hollins,receiving_yards,50.5,-110,-118,0,True
17,NE@NYJ,MASON_TAYLOR_1_NFL,mason taylor,receiving_yards,31.5,-117,-111,0,True
17,NE@NYJ,STONE_SMARTT_1_NFL,stone smartt,receiving_yards,10.5,-110,-120,18,True
17,NE@NYJ,JEREMY_RUCKERT_1_NFL,jeremy ruckert,receiving_yards,10.5,+115,-170,2,True
17,NE@NYJ,MALACHI_CORLEY_1_NFL,malachi corley,receiving_yards,0.5,+550,,0,True
17,NE@NYJ,KYLE_WILLIAMS_1_NFL,kyle williams,receiving_yards,28.5,-110,-120,20,True
17,NE@NYJ,ISAIAH_DAVIS_1_NFL,isaiah davis,receiving_yards,5.5,-110,-120,9,True
17,NE@NYJ,AUSTIN_HOOPER_1_NFL,austin hooper,receiving_yards,10.5,+170,-275,11,True
17,NE@NYJ,EFTON_CHISM_III_1_NFL,efton chism,receiving_yards,24.5,+150,,40,True
17,NE@NYJ,RHAMONDRE_STEVENSON_1_NFL,rhamondre stevenson,rushing_yards,70.5,-120,-110,47,True
17,NE@NYJ,TREVEYON_HENDERSON_1_NFL,treveyon henderson,rushing_yards,43.5,-120,-110,82,True
17,NE@NYJ,DEMARIO_DOUGLAS_1_NFL,demario douglas,receiving_yards,17.5,-120,-110,10,True
17,TB@MIA,DEVON_ACHANE_1_NFL,devon achane,receiving_yards,29.5,+100,+100,29,True
17,TB@MIA,JAYLEN_WADDLE_1_NFL,jaylen waddle,receiving_yards,35.5,-110,-130,0,True
17,TB@MIA,MIKE_EVANS_1_NFL,mike evans,receiving_yards,30.5,-115,-125,31,True
17,TB@MIA,BAKER_MAYFIELD_1_NFL,baker mayfield,passing_yards,300.5,-120,-110,346,True
17,TB@MIA,QUINN_EWERS_1_NFL,quinn ewers,passing_yards,175.5,+185,-275,172,True
17,TB@MIA,BUCKY_IRVING_1_NFL,bucky irving,rushing_yards,20.5,+125,-190,19,True
17,TB@MIA,CADE_OTTON_1_NFL,cade otton,receiving_yards,23.5,-110,-110,33,True
17,TB@MIA,CHRIS_GODWIN_1_NFL,chris godwin,receiving_yards,30.5,+100,-145,108,True
17,TB@MIA,EMEKA_EGBUKA_1_NFL,emeka egbuka,receiving_yards,20.5,+100,-130,20,True
17,TB@MIA,JALEN_MCMILLAN_1_NFL,jalen mcmillan,receiving_yards,119.5,-115,-115,114,True
17,TB@MIA,DARREN_WALLER_1_NFL,darren waller,receiving_yards,0.5,+100,+100,0,True
17,TB@MIA,GREG_DULCICH_1_NFL,greg dulcich,receiving_yards,58.5,+100,+100,58,True
17,TB@MIA,MALIK_WASHINGTON_1_NFL,malik washington,receiving_yards,10.5,+600,-1800,4,True
17,TB@MIA,TEZ_JOHNSON_1_NFL,tez johnson,receiving_yards,0.5,+1400,,19,True
17,TB@MIA,RACHAAD_WHITE_1_NFL,rachaad white,rushing_yards,10.5,+105,-155,10,True
17,TB@MIA,SEAN_TUCKER_1_NFL,sean tucker,rushing_yards,10.5,+550,-1500,8,True
17,TB@MIA,JAYLEN_WRIGHT_1_NFL,jaylen wright,rushing_yards,57.5,-110,-120,56,True
17,TB@MIA,JULIAN_HILL_1_NFL,julian hill,rushing_yards,0.5,+2500,,0,True
17,TB@MIA,TUA_TAGOVAILOA_1_NFL,tua tagovailoa,passing_yards,100.5,+135,-180,0,True
17,TB@MIA,OLLIE_GORDON_1_NFL,ollie gordon,rushing_yards,6.5,-125,-105,0,True
17,JAX@IND,TREVOR_LAWRENCE_1_NFL,trevor lawrence,passing_yards,280.5,-110,-122,263,True
17,JAX@IND,BRIAN_THOMAS_1_NFL,brian thomas,receiving_yards,39.5,+261,-215,39,True
17,JAX@IND,JAKOBI_MEYERS_1_NFL,jakobi meyers,receiving_yards,30.5,+110,-145,39,True
17,JAX@IND,TRAVIS_ETIENNE_JR_1_NFL,travis etienne,receiving_yards,20.5,-102,-136,16,True
17,JAX@IND,ALEC_PIERCE_1_NFL,alec pierce,receiving_yards,0.5,+145,-195,0,True
17,JAX@IND,BRENTON_STRANGE_1_NFL,brenton strange,receiving_yards,54.5,+150,-200,54,True
17,JAX@IND,JONATHAN_TAYLOR_1_NFL,jonathan taylor,receiving_yards,10.5,-140,+100,14,True
17,JAX@IND,JOSH_DOWNS_1_NFL,josh downs,receiving_yards,40.5,-105,-114,34,True
17,JAX@IND,MICHAEL_PITTMAN_1_NFL,michael pittman,receiving_yards,10.5,-115,-125,16,True
17,JAX@IND,PARKER_WASHINGTON_1_NFL,parker washington,receiving_yards,115.5,+145,-200,115,True
17,JAX@IND,TYLER_WARREN_1_NFL,tyler warren,receiving_yards,49.5,-115,-120,43,True
17,JAX@IND,ANDREW_OGLETREE_1_NFL,andrew ogletree,receiving_yards,0.5,+7500,,0,True
17,JAX@IND,ADONAI_MITCHELL_1_NFL,adonai mitchell,rushing_yards,19.5,+100,,0,True
17,JAX@IND,LEQUINT_ALLEN_1_NFL,lequint allen,rushing_yards,3.5,+340,-520,3,True
17,JAX@IND,JOHNNY_MUNDT_1_NFL,johnny mundt,rushing_yards,0.5,+3000,,0,True
17,JAX@IND,TYLER_GOODSON_1_NFL,tyler goodson,receiving_yards,0.5,+4000,,0,True
17,JAX@IND,AMEER_ABDULLAH_1_NFL,ameer abdullah,receiving_yards,0.5,+100,+100,4,True
17,JAX@IND,MO_ALIECOX_1_NFL,mo aliecox,receiving_yards,8.5,+220,-298,20,True
17,PIT@CLE,SHEDEUR_SANDERS_1_NFL,shedeur sanders,passing_yards,195.5,-105,-125,186,True
17,PIT@CLE,HAROLD_FANNIN_JR_1_NFL,harold fannin,receiving_yards,49.5,-114,-114,30,True
17,PIT@CLE,AARON_RODGERS_1_NFL,aaron rodgers,passing_yards,189.5,-115,-115,168,True
17,PIT@CLE,JERRY_JEUDY_1_NFL,jerry jeudy,receiving_yards,29.5,-117,-111,54,True
17,PIT@CLE,KENNETH_GAINWELL_1_NFL,kenneth gainwell,rushing_yards,16.5,-120,-110,26,True
17,PIT@CLE,DYLAN_SAMPSON_1_NFL,dylan sampson,receiving_yards,18.5,-125,-103,0,True
17,PIT@CLE,MALACHI_CORLEY_1_NFL,malachi corley,receiving_yards,4.5,-120,-110,4,True
17,PIT@CLE,CEDRIC_TILLMAN_1_NFL,cedric tillman,passing_yards,0.5,+5000,,0,True
17,PIT@CLE,ISAIAH_BOND_1_NFL,isaiah bond,receiving_yards,16.5,+120,-124,16,True
17,PIT@CLE,DARNELL_WASHINGTON_1_NFL,darnell washington,receiving_yards,25.5,-113,-115,15,True
17,PIT@CLE,JAYLEN_WARREN_1_NFL,jaylen warren,receiving_yards,11.5,-115,-112,0,True
17,PIT@CLE,PAT_FREIERMUTH_1_NFL,pat freiermuth,receiving_yards,24.5,-120,-105,63,True
17,PIT@CLE,RAHEIM_SANDERS_1_NFL,raheim sanders,rushing_yards,27.5,+100,+100,21,True
17,PIT@CLE,TRAYVEON_WILLIAMS_1_NFL,trayveon williams,receiving_yards,0.5,+100,+100,0,True
17,PIT@CLE,JONNU_SMITH_1_NFL,jonnu smith,receiving_yards,18.5,+100,+100,18,True
17,PIT@CLE,SCOTTY_MILLER_1_NFL,scotty miller,receiving_yards,10.5,+210,-275,25,True
17,NO@TEN,CAMERON_WARD_1_NFL,cameron ward,passing_yards,242.5,-110,-120,251,True
17,NO@TEN,TYLER_SHOUGH_1_NFL,tyler shough,passing_yards,320.5,-115,-120,333,True
17,NO@TEN,CHRIS_OLAVE_1_NFL,chris olave,receiving_yards,119.5,+263,-385,119,True
17,NO@TEN,TONY_POLLARD_1_NFL,tony pollard,rushing_yards,81.5,+105,-150,85,True
17,NO@TEN,CHIGOZIEM_OKONOKWO_1_NFL,chigoziem okonokwo,receiving_yards,46.5,+120,-146,55,True
17,NO@TEN,CHIMERE_DIKE_1_NFL,chimere dike,receiving_yards,42.5,+166,-237,55,True
17,NO@TEN,JUWAN_JOHNSON_1_NFL,juwan johnson,receiving_yards,45.5,-114,+100,95,True
17,NO@TEN,KEVIN_AUSTIN_JR_1_NFL,kevin austin,receiving_yards,23.5,-124,-102,52,True
17,NO@TEN,MASON_TIPTON_1_NFL,mason tipton,receiving_yards,21.5,-110,-118,0,True
17,NO@TEN,VAN_JEFFERSON_1_NFL,van jefferson,receiving_yards,20.5,-114,-114,46,True
17,NO@TEN,ELIC_AYOMANOR_1_NFL,elic ayomanor,receiving_yards,23.5,+202,-294,37,True
17,NO@TEN,GUNNAR_HELM_1_NFL,gunnar helm,receiving_yards,1.5,+133,-161,1,True
17,NO@TEN,TYJAE_SPEARS_1_NFL,tyjae spears,receiving_yards,17.5,-114,-114,-1,True
17,NO@TEN,RASHID_SHAHEED_1_NFL,rashid shaheed,receiving_yards,5.5,+1750,,0,True
17,NO@TEN,JAMES_PROCHE_1_NFL,james proche,receiving_yards,0.5,+3000,,5,True
17,NO@TEN,AUDRIC_ESTIME_1_NFL,audric estime,receiving_yards,4.5,+420,-695,4,True
17,NO@TEN,EVAN_HULL_1_NFL,evan hull,receiving_yards,0.5,+100,+100,0,True
17,NO@TEN,TAYSOM_HILL_1_NFL,taysom hill,rushing_yards,5.5,-165,+105,0,True
17,NO@TEN,DANTE_PETTIS_1_NFL,dante pettis,receiving_yards,21.5,+110,+100,53,True
17,ARI@CIN,JACOBY_BRISSETT_1_NFL,jacoby brissett,passing_yards,258.5,-120,-110,212,True
17,ARI@CIN,JOE_BURROW_1_NFL,joe burrow,passing_yards,268.5,-115,-115,305,True
17,ARI@CIN,CHASE_BROWN_1_NFL,chase brown,receiving_yards,40.5,+215,-375,40,True
17,ARI@CIN,JAMARR_CHASE_1_NFL,jamarr chase,receiving_yards,60.5,-125,-115,60,True
17,ARI@CIN,TREY_MCBRIDE_1_NFL,trey mcbride,receiving_yards,81.5,-110,-120,76,True
17,ARI@CIN,MACK_WILSON_1_NFL,mack wilson,receiving_yards,47.5,-130,+100,89,True
17,ARI@CIN,MICHAEL_CARTER_1_NFL,michael carter,receiving_yards,15.5,-120,-110,14,True
17,ARI@CIN,SAMAJE_PERINE_1_NFL,samaje perine,rushing_yards,33.5,+110,-145,5,True
17,ARI@CIN,TEE_HIGGINS_1_NFL,tee higgins,receiving_yards,60.5,+119,-169,59,True
17,ARI@CIN,EMARI_DEMERCADO_1_NFL,emari demercado,receiving_yards,10.5,+100,-135,9,True
17,ARI@CIN,MARVIN_HARRISON_JR_1_NFL,marvin harrison,receiving_yards,36.5,-120,-110,0,True
17,ARI@CIN,TANNER_HUDSON_1_NFL,tanner hudson,receiving_yards,31.5,+100,+100,31,True
17,ARI@CIN,ANDREI_IOSIVAS_1_NFL,andrei iosivas,receiving_yards,13.5,-105,-125,41,True
17,ARI@CIN,MIKE_GESICKI_1_NFL,mike gesicki,receiving_yards,15.5,+130,-200,47,True
17,ARI@CIN,ISAIAH_WILLIAMS_1_NFL,isaiah williams,receiving_yards,0.5,+2250,,0,True
17,ARI@CIN,XAVIER_WEAVER_1_NFL,xavier weaver,receiving_yards,0.5,+100,+100,24,True
17,ARI@CIN,JOSIAH_DEGUARA_1_NFL,josiah deguara,receiving_yards,0.5,+10000,,0,True
17,ARI@CIN,DREW_SAMPLE_1_NFL,drew sample,receiving_yards,8.5,+210,-287,8,True
17,ARI@CIN,ELIJAH_HIGGINS_1_NFL,elijah higgins,receiving_yards,21.5,-120,-110,0,True
17,ARI@CIN,NOAH_FANT_1_NFL,noah fant,receiving_yards,7.5,+100,+100,0,True
17,NYG@LV,GENO_SMITH_1_NFL,geno smith,passing_yards,235.5,-110,-120,176,True
17,NYG@LV,JAXSON_DART_1_NFL,jaxson dart,passing_yards,175.5,-105,-125,207,True
17,NYG@LV,ASHTON_JEANTY_1_NFL,ashton jeanty,receiving_yards,20.5,-155,+105,13,True
17,NYG@LV,BROCK_BOWERS_1_NFL,brock bowers,receiving_yards,53.5,-115,-115,0,True
17,NYG@LV,WANDALE_ROBINSON_1_NFL,wandale robinson,receiving_yards,113.5,+100,+100,113,True
17,NYG@LV,DARIUS_SLAYTON_1_NFL,darius slayton,receiving_yards,36.5,+295,-201,36,True
17,NYG@LV,THEO_JOHNSON_1_NFL,theo johnson,receiving_yards,32.5,-117,-112,0,True
17,NYG@LV,TRE_TUCKER_1_NFL,tre tucker,receiving_yards,49.5,-110,-120,49,True
17,NYG@LV,TYRONE_TRACY_1_NFL,tyrone tracy,receiving_yards,0.5,+610,-1700,-5,True
17,NYG@LV,ISAIAH_HODGINS_1_NFL,isaiah hodgins,receiving_yards,8.5,+199,-243,8,True
17,NYG@LV,MICHAEL_MAYER_1_NFL,michael mayer,receiving_yards,35.5,-115,-115,89,True
17,NYG@LV,LILJORDAN_HUMPHREY_1_NFL,liljordan humphrey,rushing_yards,1.5,+3000,,0,True
17,NYG@LV,GUNNER_OLSZEWSKI_1_NFL,gunner olszewski,passing_yards,0.5,+7500,,0,True
17,NYG@LV,ERIC_GRAY_1_NFL,eric gray,receiving_yards,0.5,+5000,,0,True
17,NYG@LV,JACK_BECH_1_NFL,jack bech,receiving_yards,26.5,-113,-105,0,True
17,NYG@LV,TYLER_LOCKETT_1_NFL,tyler lockett,receiving_yards,15.5,-115,-125,9,True
17,NYG@LV,DANIEL_BELLINGER_1_NFL,daniel bellinger,receiving_yards,0.5,+185,-225,11,True
17,NYG@LV,DEVIN_SINGLETARY_1_NFL,devin singletary,receiving_yards,0.5,-127,-132,25,True
17,NYG@LV,JAKOBI_MEYERS_1_NFL,jakobi meyers,receiving_yards,99.5,+375,,0,True
17,NYG@LV,RAHEEM_MOSTERT_1_NFL,raheem mostert,receiving_yards,0.5,+115,-153,0,True
17,NYG@LV,IAN_THOMAS_1_NFL,ian thomas,receiving_yards,0.5,+100,+100,0,True
17,NYG@LV,DONTE_THORNTON_1_NFL,donte thornton,passing_yards,0.5,+3000,,0,True
17,NYG@LV,ZAMIR_WHITE_1_NFL,zamir white,receiving_yards,0.5,+100,+100,0,True
17,PHI@BUF,SAQUON_BARKLEY_1_NFL,saquon barkley,rushing_yards,84.5,-120,-110,68,True
17,PHI@BUF,JALEN_HURTS_1_NFL,jalen hurts,passing_yards,117.5,+100,+100,110,True
17,PHI@BUF,JOSH_ALLEN_1_NFL,josh allen,passing_yards,198.5,-115,-115,262,True
17,PHI@BUF,AJ_BROWN_1_NFL,aj brown,receiving_yards,68.5,+153,-178,68,True
17,PHI@BUF,DALLAS_GOEDERT_1_NFL,dallas goedert,receiving_yards,8.5,+385,-620,8,True
17,PHI@BUF,DEVONTA_SMITH_1_NFL,devonta smith,receiving_yards,25.5,+170,-275,25,True
17,PHI@BUF,JAMES_COOK_1_NFL,james cook,receiving_yards,12.5,-120,-110,3,True
17,PHI@BUF,KHALIL_SHAKIR_1_NFL,khalil shakir,receiving_yards,39.5,+104,-115,35,True
17,PHI@BUF,DAWSON_KNOX_1_NFL,dawson knox,receiving_yards,28.5,+105,-128,30,True
17,PHI@BUF,JACKSON_HAWES_1_NFL,jackson hawes,receiving_yards,0.5,+146,-177,0,True
17,PHI@BUF,TY_JOHNSON_1_NFL,ty johnson,receiving_yards,10.5,+100,+100,33,True
17,PHI@BUF,REGGIE_GILLIAM_1_NFL,reggie gilliam,receiving_yards,0.5,+6000,,0,True
17,PHI@BUF,JOSH_PALMER_1_NFL,josh palmer,receiving_yards,12.5,+128,-155,12,True
17,PHI@BUF,TYRELL_SHAVERS_1_NFL,tyrell shavers,receiving_yards,7.5,-125,-107,36,True
17,PHI@BUF,DALTON_KINCAID_1_NFL,dalton kincaid,receiving_yards,26.5,-119,-110,0,True
17,PHI@BUF,TANK_BIGSBY_1_NFL,tank bigsby,rushing_yards,10.5,+100,-145,7,True
17,PHI@BUF,MECOLE_HARDMAN_1_NFL,mecole hardman,receiving_yards,1.5,+3000,,0,True
17,PHI@BUF,JAHAN_DOTSON_1_NFL,jahan dotson,receiving_yards,0.5,+100,+100,0,True
17,PHI@BUF,BRANDIN_COOKS_1_NFL,brandin cooks,receiving_yards,50.5,+100,+100,101,True
17,PHI@BUF,GABRIEL_DAVIS_1_NFL,gabriel davis,receiving_yards,0.5,+161,-195,0,True
17,CHI@SF,CHRIS_WILLIAMS_1_NFL,chris williams,passing_yards,300.5,-120,-110,330,True
17,CHI@SF,BROCK_PURDY_1_NFL,brock purdy,passing_yards,290.5,-115,-115,303,True
17,CHI@SF,CHRISTIAN_MCCAFFREY_1_NFL,christian mccaffrey,rushing_yards,142.5,-115,-115,140,True
17,CHI@SF,DANDRE_SWIFT_1_NFL,dandre swift,rushing_yards,57.5,-115,-115,54,True
17,CHI@SF,KYLE_MONANGAI_1_NFL,kyle monangai,rushing_yards,42.5,-115,-115,38,True
17,CHI@SF,LUTHER_BURDEN_III_1_NFL,luther burden,rushing_yards,0.5,+190,,0,True
17,CHI@SF,JAUAN_JENNINGS_1_NFL,jauan jennings,receiving_yards,15.5,+100,-145,42,True
17,CHI@SF,BRIAN_ROBINSON_1_NFL,brian robinson,rushing_yards,22.5,+250,-365,22,True
17,CHI@SF,DJ_MOORE_1_NFL,dj moore,receiving_yards,7.5,+200,-288,7,True
17,CHI@SF,OLAMIDE_ZACCHEAUS_1_NFL,olamide zaccheaus,receiving_yards,22.5,-108,-112,0,True
17,CHI@SF,COLSTON_LOVELAND_1_NFL,colston loveland,receiving_yards,79.5,+158,-224,94,True
17,CHI@SF,COLE_KMET_1_NFL,cole kmet,receiving_yards,16.5,+255,-420,16,True
17,CHI@SF,RICKY_PEARSALL_1_NFL,ricky pearsall,receiving_yards,85.5,-110,-125,85,True
17,CHI@SF,DEMARCUS_ROBINSON_1_NFL,demarcus robinson,receiving_yards,30.5,+200,-330,30,True
17,CHI@SF,KENDRICK_BOURNE_1_NFL,kendrick bourne,receiving_yards,25.5,+197,-294,25,True
17,CHI@SF,KYLE_JUSZCZYK_1_NFL,kyle juszczyk,receiving_yards,15.5,+255,-475,14,True
17,CHI@SF,JAHDAE_WALKER_1_NFL,jahdae walker,receiving_yards,30.5,+239,-300,30,True
17,CHI@SF,JAKE_TONGES_1_NFL,jake tonges,receiving_yards,60.5,-112,-120,60,True
17,CHI@SF,LUKE_FARRELL_1_NFL,luke farrell,receiving_yards,5.5,-110,-105,0,True
18,CAR@TB,BAKER_MAYFIELD_1_NFL,baker mayfield,passing_yards,180.5,-110,-120,203,True
18,CAR@TB,BRYCE_YOUNG_1_NFL,bryce young,passing_yards,225.5,-105,-125,266,True
18,CAR@TB,MIKE_EVANS_1_NFL,mike evans,receiving_yards,64.5,-110,-120,34,True
18,CAR@TB,TETAIROA_MCMILLAN_1_NFL,tetairoa mcmillan,receiving_yards,60.5,-110,-130,85,True
18,CAR@TB,BUCKY_IRVING_1_NFL,bucky irving,rushing_yards,81.5,-115,-115,85,True
18,CAR@TB,CHUBA_HUBBARD_1_NFL,chuba hubbard,rushing_yards,10.5,+110,-165,10,True
18,CAR@TB,RICO_DOWDLE_1_NFL,rico dowdle,rushing_yards,30.5,-115,-115,10,True
18,CAR@TB,JALEN_COKER_1_NFL,jalen coker,receiving_yards,15.5,-115,-125,47,True
18,CAR@TB,RACHAAD_WHITE_1_NFL,rachaad white,rushing_yards,15.5,+110,-165,23,True
18,CAR@TB,CHRIS_GODWIN_1_NFL,chris godwin,receiving_yards,0.5,+125,-175,8,True
18,CAR@TB,EMEKA_EGBUKA_1_NFL,emeka egbuka,receiving_yards,12.5,-120,-110,8,True
18,CAR@TB,JALEN_MCMILLAN_1_NFL,jalen mcmillan,receiving_yards,30.5,-120,-110,11,True
18,CAR@TB,CADE_OTTON_1_NFL,cade otton,receiving_yards,44.5,-125,-105,94,True
18,CAR@TB,XAVIER_LEGETTE_1_NFL,xavier legette,receiving_yards,7.5,-120,-110,22,True
18,CAR@TB,TOMMY_TREMBLE_1_NFL,tommy tremble,receiving_yards,16.5,-110,-120,38,True
18,CAR@TB,MITCHELL_EVANS_1_NFL,mitchell evans,receiving_yards,11.5,-120,-110,5,True
18,CAR@TB,SEAN_TUCKER_1_NFL,sean tucker,rushing_yards,8.5,-120,-110,-4,True
18,SEA@SF,BROCK_PURDY_1_NFL,brock purdy,passing_yards,243.5,-115,-115,127,True
18,SEA@SF,SAM_DARNOLD_1_NFL,sam darnold,passing_yards,180.5,-135,+100,198,True
18,SEA@SF,CHRISTIAN_MCCAFFREY_1_NFL,christian mccaffrey,rushing_yards,23.5,+121,-171,23,True
18,SEA@SF,KENNETH_WALKER_III_1_NFL,kenneth walker,rushing_yards,48.5,-115,-115,97,True
18,SEA@SF,ZACH_CHARBONNET_1_NFL,zach charbonnet,rushing_yards,41.5,-115,-115,74,True
18,SEA@SF,AJ_BARNER_1_NFL,aj barner,receiving_yards,38.5,-115,-115,14,True
18,SEA@SF,COOPER_KUPP_1_NFL,cooper kupp,receiving_yards,32.5,-115,-115,29,True
18,SEA@SF,GEORGE_KITTLE_1_NFL,george kittle,receiving_yards,61.5,-115,-115,29,True
18,SEA@SF,JAUAN_JENNINGS_1_NFL,jauan jennings,receiving_yards,35.5,+129,-181,35,True
18,SEA@SF,JAXON_SMITHNJIGBA_1_NFL,jaxon smithnjigba,receiving_yards,84.5,+1115,-49905,84,True
18,SEA@SF,RICKY_PEARSALL_1_NFL,ricky pearsall,receiving_yards,43.5,-115,-115,0,True
18,SEA@SF,KYLE_JUSZCZYK_1_NFL,kyle juszczyk,receiving_yards,6.5,-120,-110,5,True
18,SEA@SF,DEMARCUS_ROBINSON_1_NFL,demarcus robinson,receiving_yards,24.5,+247,-367,24,True
18,SEA@SF,KENDRICK_BOURNE_1_NFL,kendrick bourne,receiving_yards,0.5,+197,-286,0,True
18,SEA@SF,RASHID_SHAHEED_1_NFL,rashid shaheed,receiving_yards,27.5,-120,-110,2,True
18,SEA@SF,BRIAN_ROBINSON_1_NFL,brian robinson,rushing_yards,9.5,+356,-572,9,True
18,CLE@CIN,SHEDEUR_SANDERS_1_NFL,shedeur sanders,passing_yards,193.5,-120,-110,111,True
18,CLE@CIN,JOE_BURROW_1_NFL,joe burrow,passing_yards,239.5,-114,-114,236,True
18,CLE@CIN,JAMARR_CHASE_1_NFL,jamarr chase,receiving_yards,77.5,-114,-114,96,True
18,CLE@CIN,TEE_HIGGINS_1_NFL,tee higgins,receiving_yards,55.5,-110,-120,67,True
18,CLE@CIN,CHASE_BROWN_1_NFL,chase brown,rushing_yards,64.5,+105,-125,72,True
18,CLE@CIN,DYLAN_SAMPSON_1_NFL,dylan sampson,rushing_yards,39.5,-115,-115,32,True
18,CLE@CIN,RAHEIM_SANDERS_1_NFL,raheim sanders,rushing_yards,28.5,-122,-109,26,True
18,CLE@CIN,CEDRIC_TILLMAN_1_NFL,cedric tillman,receiving_yards,23.5,+312,-462,23,True
18,CLE@CIN,JERRY_JEUDY_1_NFL,jerry jeudy,receiving_yards,6.5,+256,-360,17,True
18,CLE@CIN,ANDREI_IOSIVAS_1_NFL,andrei iosivas,receiving_yards,10.5,+275,-425,10,True
18,CLE@CIN,MIKE_GESICKI_1_NFL,mike gesicki,receiving_yards,13.5,+250,-350,13,True
18,CLE@CIN,SAMAJE_PERINE_1_NFL,samaje perine,rushing_yards,43.5,-120,-110,42,True
18,CLE@CIN,SAL_CANNELLA_1_NFL,sal cannella,receiving_yards,18.5,-110,-118,0,True
18,CLE@CIN,TANNER_HUDSON_1_NFL,tanner hudson,receiving_yards,0.5,+260,-375,0,True
18,CLE@CIN,BLAKE_WHITEHEART_1_NFL,blake whiteheart,receiving_yards,24.5,+155,,0,True
18,CLE@CIN,HAROLD_FANNIN_JR_1_NFL,harold fannin,receiving_yards,31.5,-120,-110,0,True
18,NO@ATL,TYLER_SHOUGH_1_NFL,tyler shough,passing_yards,264.5,-115,-120,259,True
18,NO@ATL,KIRK_COUSINS_1_NFL,kirk cousins,passing_yards,189.5,-110,-115,180,True
18,NO@ATL,BIJAN_ROBINSON_1_NFL,bijan robinson,receiving_yards,39.5,-120,-110,10,True
18,NO@ATL,CHRIS_OLAVE_1_NFL,chris olave,receiving_yards,68.5,-115,-114,0,True
18,NO@ATL,DARNELL_MOONEY_1_NFL,darnell mooney,receiving_yards,20.5,+282,-415,20,True
18,NO@ATL,DRAKE_LONDON_1_NFL,drake london,receiving_yards,78.5,+150,-204,78,True
18,NO@ATL,JUWAN_JOHNSON_1_NFL,juwan johnson,receiving_yards,75.5,-110,-120,61,True
18,NO@ATL,KYLE_PITTS_1_NFL,kyle pitts,receiving_yards,58.5,+240,-350,58,True
18,NO@ATL,TYLER_ALLGEIER_1_NFL,tyler allgeier,receiving_yards,4.5,-110,-115,3,True
18,NO@ATL,AUDRIC_ESTIME_1_NFL,audric estime,rushing_yards,61.5,+105,-135,63,True
18,NO@ATL,KEVIN_AUSTIN_JR_1_NFL,kevin austin,receiving_yards,42.5,-115,-115,37,True
18,NO@ATL,DANTE_PETTIS_1_NFL,dante pettis,receiving_yards,28.5,-115,-115,60,True
18,NO@ATL,TAYSOM_HILL_1_NFL,taysom hill,rushing_yards,12.5,-110,-120,0,True
18,NO@ATL,EVAN_HULL_1_NFL,evan hull,rushing_yards,8.5,+148,-200,11,True
18,GB@MIN,JUSTIN_JEFFERSON_1_NFL,justin jefferson,receiving_yards,71.5,-110,-120,101,True
18,GB@MIN,JJ_MCCARTHY_1_NFL,jj mccarthy,passing_yards,192.5,-115,-115,182,True
18,GB@MIN,JORDAN_MASON_1_NFL,jordan mason,rushing_yards,73.5,-112,-117,94,True
18,GB@MIN,JALEN_NAILOR_1_NFL,jalen nailor,receiving_yards,49.5,+104,-139,49,True
18,GB@MIN,JORDAN_ADDISON_1_NFL,jordan addison,receiving_yards,17.5,-110,-120,8,True
18,GB@MIN,JOSH_OLIVER_1_NFL,josh oliver,receiving_yards,31.5,-120,-110,29,True
18,GB@MIN,MATTHEW_GOLDEN_1_NFL,matthew golden,receiving_yards,19.5,-112,-115,8,True
18,TEN@JAX,CAMERON_WARD_1_NFL,cameron ward,passing_yards,191.5,-115,-115,52,True
18,TEN@JAX,TREVOR_LAWRENCE_1_NFL,trevor lawrence,passing_yards,246.5,-115,-115,255,True
18,TEN@JAX,TONY_POLLARD_1_NFL,tony pollard,rushing_yards,67.5,-115,-115,48,True
18,TEN@JAX,BRENTON_STRANGE_1_NFL,brenton strange,receiving_yards,52.5,-110,-119,52,True
18,TEN@JAX,BRIAN_THOMAS_1_NFL,brian thomas,receiving_yards,52.5,-115,-115,49,True
18,TEN@JAX,JAKOBI_MEYERS_1_NFL,jakobi meyers,receiving_yards,40.5,-110,-119,44,True
18,TEN@JAX,TRAVIS_ETIENNE_JR_1_NFL,travis etienne,receiving_yards,7.5,-112,-116,6,True
18,TEN@JAX,CHIGOZIEM_OKONOKWO_1_NFL,chigoziem okonokwo,receiving_yards,2.5,+105,-135,2,True
18,TEN@JAX,CHIMERE_DIKE_1_NFL,chimere dike,receiving_yards,21.5,+150,-200,27,True
18,TEN@JAX,ELIC_AYOMANOR_1_NFL,elic ayomanor,receiving_yards,40.5,+190,-260,50,True
18,TEN@JAX,GUNNAR_HELM_1_NFL,gunnar helm,receiving_yards,22.5,-107,-107,0,True
18,TEN@JAX,TYJAE_SPEARS_1_NFL,tyjae spears,receiving_yards,10.5,+140,-190,9,True
18,TEN@JAX,PARKER_WASHINGTON_1_NFL,parker washington,receiving_yards,77.5,-120,-110,87,True
18,TEN@JAX,JAMES_PROCHE_1_NFL,james proche,receiving_yards,5.5,+300,-450,5,True
18,TEN@JAX,BHAYSHUL_TUTEN_1_NFL,bhayshul tuten,receiving_yards,0.5,+137,-185,0,True
18,TEN@JAX,BRANDON_ALLEN_1_NFL,brandon allen,passing_yards,73.5,-110,-120,72,True
18,DAL@NYG,JAXSON_DART_1_NFL,jaxson dart,passing_yards,235.5,-120,-120,230,True
18,DAL@NYG,TYRONE_TRACY_1_NFL,tyrone tracy,rushing_yards,97.5,-120,-110,103,True
18,DAL@NYG,JAYDON_BLUE_1_NFL,jaydon blue,rushing_yards,87.5,-110,-120,64,True
18,DAL@NYG,DEVIN_SINGLETARY_1_NFL,devin singletary,receiving_yards,0.5,+125,-165,0,True
18,DAL@NYG,DANIEL_BELLINGER_1_NFL,daniel bellinger,receiving_yards,38.5,+230,-325,38,True
18,DAL@NYG,DARIUS_SLAYTON_1_NFL,darius slayton,receiving_yards,34.5,+275,-400,34,True
18,DAL@NYG,ISAIAH_HODGINS_1_NFL,isaiah hodgins,receiving_yards,0.5,+260,-375,0,True
18,DAL@NYG,CEEDEE_LAMB_1_NFL,ceedee lamb,receiving_yards,38.5,-110,-115,4,True
18,DAL@NYG,GEORGE_PICKENS_1_NFL,george pickens,receiving_yards,42.5,-115,-115,9,True
18,DAL@NYG,RYAN_FLOURNOY_1_NFL,ryan flournoy,receiving_yards,26.5,-112,-122,68,True
18,DAL@NYG,JAKE_FERGUSON_1_NFL,jake ferguson,receiving_yards,14.5,-110,-120,5,True
18,DAL@NYG,JAVONTE_WILLIAMS_1_NFL,javonte williams,receiving_yards,10.5,-115,-115,0,True
18,DAL@NYG,JALIN_HYATT_1_NFL,jalin hyatt,receiving_yards,8.5,-125,-105,0,True
18,DAL@NYG,GUNNER_OLSZEWSKI_1_NFL,gunner olszewski,receiving_yards,91.5,+325,-475,102,True
18,IND@HOU,CJ_STROUD_1_NFL,cj stroud,passing_yards,209.5,-125,-105,169,True
18,IND@HOU,RILEY_LEONARD_1_NFL,riley leonard,passing_yards,160.5,-115,-115,270,True
18,IND@HOU,JOQUAVIOUS_MARKS_1_NFL,joquavious marks,rushing_yards,52.5,-115,-115,48,True
18,IND@HOU,NICO_COLLINS_1_NFL,nico collins,receiving_yards,61.5,-115,-115,0,True
18,IND@HOU,DALTON_SCHULTZ_1_NFL,dalton schultz,receiving_yards,88.5,-120,-120,73,True
18,IND@HOU,JAYDEN_HIGGINS_1_NFL,jayden higgins,receiving_yards,44.5,-115,-115,23,True
18,IND@HOU,CHRISTIAN_KIRK_1_NFL,christian kirk,receiving_yards,12.5,-110,-120,-3,True
18,IND@HOU,XAVIER_HUTCHINSON_1_NFL,xavier hutchinson,receiving_yards,44.5,-110,-120,84,True
18,IND@HOU,CADE_STOVER_1_NFL,cade stover,receiving_yards,10.5,-115,-115,9,True
18,IND@HOU,JAYLIN_NOEL_1_NFL,jaylin noel,receiving_yards,5.5,-110,-115,13,True
18,IND@HOU,JAWHAR_JORDAN_1_NFL,jawhar jordan,rushing_yards,26.5,-115,-115,3,True
18,IND@HOU,MICHAEL_PITTMAN_1_NFL,michael pittman,receiving_yards,24.5,+310,,11,True
18,IND@HOU,TYLER_WARREN_1_NFL,tyler warren,receiving_yards,49.5,+2000,,26,True
18,IND@HOU,DAVIS_MILLS_1_NFL,davis mills,passing_yards,99.5,+1300,,36,True
18,KC@LV,TRAVIS_KELCE_1_NFL,travis kelce,receiving_yards,24.5,-120,-110,12,True
18,KC@LV,CHRIS_OLADOKUN_1_NFL,chris oladokun,passing_yards,127.5,-115,-116,58,True
18,KC@LV,KENNY_PICKETT_1_NFL,kenny pickett,passing_yards,169.5,-105,-114,3,True
18,KC@LV,ASHTON_JEANTY_1_NFL,ashton jeanty,receiving_yards,26.5,-110,-120,7,True
18,KC@LV,TRE_TUCKER_1_NFL,tre tucker,receiving_yards,30.5,-110,-118,30,True
18,KC@LV,MICHAEL_MAYER_1_NFL,michael mayer,receiving_yards,29.5,-117,-112,47,True
18,KC@LV,JUJU_SMITHSCHUSTER_1_NFL,juju smithschuster,receiving_yards,19.5,-110,-118,13,True
18,KC@LV,MARQUISE_BROWN_1_NFL,marquise brown,receiving_yards,19.5,-120,-110,64,True
18,KC@LV,NOAH_GRAY_1_NFL,noah gray,receiving_yards,17.5,+115,-155,30,True
18,KC@LV,JACK_BECH_1_NFL,jack bech,receiving_yards,9.5,-118,-110,0,True
18,KC@LV,TYLER_LOCKETT_1_NFL,tyler lockett,receiving_yards,7.5,-110,-118,5,True
18,KC@LV,KAREEM_HUNT_1_NFL,kareem hunt,receiving_yards,7.5,-115,-115,21,True
18,KC@LV,BRASHARD_SMITH_1_NFL,brashard smith,receiving_yards,6.5,-125,-105,2,True
18,KC@LV,AIDAN_OCONNELL_1_NFL,aidan oconnell,passing_yards,95.5,-118,-115,102,True
18,DET@CHI,CHRIS_WILLIAMS_1_NFL,chris williams,passing_yards,187.5,-115,-115,212,True
18,DET@CHI,JARED_GOFF_1_NFL,jared goff,passing_yards,305.5,-115,-115,331,True
18,DET@CHI,DANDRE_SWIFT_1_NFL,dandre swift,rushing_yards,40.5,-116,-110,40,True
18,DET@CHI,KYLE_MONANGAI_1_NFL,kyle monangai,rushing_yards,14.5,-119,-110,14,True
18,DET@CHI,DJ_MOORE_1_NFL,dj moore,receiving_yards,34.5,-115,-115,11,True
18,DET@CHI,LUTHER_BURDEN_III_1_NFL,luther burden,receiving_yards,35.5,-105,-125,35,True
18,DET@CHI,JAHMYR_GIBBS_1_NFL,jahmyr gibbs,receiving_yards,33.5,+139,-186,33,True
18,DET@CHI,DAVID_MONTGOMERY_1_NFL,david montgomery,rushing_yards,35.5,-116,-112,42,True
18,DET@CHI,JAMESON_WILLIAMS_1_NFL,jameson williams,receiving_yards,51.5,+160,-220,74,True
18,DET@CHI,COLSTON_LOVELAND_1_NFL,colston loveland,receiving_yards,44.5,-115,-115,91,True
18,DET@CHI,AMONRA_ST_BROWN_1_NFL,amonra st brown,receiving_yards,114.5,-112,-116,139,True
18,DET@CHI,ISAAC_TESLAA_1_NFL,isaac teslaa,receiving_yards,18.5,+254,-362,18,True
18,DET@CHI,COLE_KMET_1_NFL,cole kmet,receiving_yards,16.5,+220,-300,16,True
18,DET@CHI,OLAMIDE_ZACCHEAUS_1_NFL,olamide zaccheaus,receiving_yards,23.5,-115,-115,0,True
18,NYJ@BUF,BRADY_COOK_1_NFL,brady cook,passing_yards,124.5,-115,-115,60,True
18,NYJ@BUF,ADONAI_MITCHELL_1_NFL,adonai mitchell,receiving_yards,13.5,-115,-115,0,True
18,NYJ@BUF,ISAIAH_WILLIAMS_1_NFL,isaiah williams,receiving_yards,23.5,-115,-120,24,True
18,NYJ@BUF,JOHN_METCHIE_III_1_NFL,john metchie,receiving_yards,23.5,-112,-117,20,True
18,LAC@DEN,BO_NIX_1_NFL,bo nix,passing_yards,220.5,-120,-110,141,True
18,LAC@DEN,COURTLAND_SUTTON_1_NFL,courtland sutton,receiving_yards,5.5,+313,-469,5,True
18,LAC@DEN,TREY_LANCE_1_NFL,trey lance,passing_yards,99.5,-112,-112,136,True
18,LAC@DEN,RJ_HARVEY_1_NFL,rj harvey,rushing_yards,56.5,-115,-115,28,True
18,LAC@DEN,PAT_BRYANT_1_NFL,pat bryant,receiving_yards,20.5,+300,-425,31,True
18,LAC@DEN,EVAN_ENGRAM_1_NFL,evan engram,receiving_yards,45.5,+220,-300,45,True
18,LAC@DEN,TROY_FRANKLIN_1_NFL,troy franklin,receiving_yards,0.5,+300,-450,0,True
18,LAC@DEN,JK_DOBBINS_1_NFL,jk dobbins,rushing_yards,59.5,+100,,0,True
18,LAC@DEN,JALEEL_MCLAUGHLIN_1_NFL,jaleel mclaughlin,rushing_yards,43.5,-105,-125,41,True
18,MIA@NE,QUINN_EWERS_1_NFL,quinn ewers,passing_yards,165.5,-115,-110,137,True
18,MIA@NE,DRAKE_MAYE_1_NFL,drake maye,passing_yards,187.5,-115,-115,191,True
18,MIA@NE,DEVON_ACHANE_1_NFL,devon achane,receiving_yards,27.5,-110,-115,0,True
18,MIA@NE,RHAMONDRE_STEVENSON_1_NFL,rhamondre stevenson,rushing_yards,32.5,-115,-115,131,True
18,MIA@NE,TREVEYON_HENDERSON_1_NFL,treveyon henderson,rushing_yards,73.5,-115,-115,53,True
18,MIA@NE,HUNTER_HENRY_1_NFL,hunter henry,receiving_yards,51.5,+100,-145,56,True
18,MIA@NE,STEFON_DIGGS_1_NFL,stefon diggs,receiving_yards,31.5,-120,-110,43,True
18,MIA@NE,KAYSHON_BOUTTE_1_NFL,kayshon boutte,receiving_yards,24.5,+114,-285,24,True
18,MIA@NE,JAYLEN_WRIGHT_1_NFL,jaylen wright,rushing_yards,27.5,-116,-110,23,True
18,MIA@NE,GREG_DULCICH_1_NFL,greg dulcich,receiving_yards,31.5,+106,-141,31,True
18,MIA@NE,OLLIE_GORDON_1_NFL,ollie gordon,rushing_yards,12.5,-110,-120,9,True
18,MIA@NE,AUSTIN_HOOPER_1_NFL,austin hooper,receiving_yards,5.5,-115,-115,5,True
18,MIA@NE,JULIAN_HILL_1_NFL,julian hill,receiving_yards,8.5,+240,-325,8,True
18,MIA@NE,KYLE_WILLIAMS_1_NFL,kyle williams,receiving_yards,10.5,-116,-110,0,True
18,MIA@NE,DEMARIO_DOUGLAS_1_NFL,demario douglas,receiving_yards,9.5,+445,-875,29,True
18,MIA@NE,MALIK_WASHINGTON_1_NFL,malik washington,receiving_yards,23.5,-110,-116,6,True
18,MIA@NE,CEDRICK_WILSON_JR_1_NFL,cedrick wilson,receiving_yards,0.5,+245,-363,0,True
18,MIA@NE,THEO_WEASE_1_NFL,theo wease,receiving_yards,44.5,+165,-220,44,True
18,WAS@PHI,JOSH_JOHNSON_1_NFL,josh johnson,passing_yards,173.5,-115,-115,131,True
18,WAS@PHI,TANNER_MCKEE_1_NFL,tanner mckee,passing_yards,251.5,-116,-112,241,True
18,WAS@PHI,DEEBO_SAMUEL_1_NFL,deebo samuel,receiving_yards,23.5,-118,-110,20,True
18,WAS@PHI,JAHAN_DOTSON_1_NFL,jahan dotson,receiving_yards,30.5,-110,-120,40,True
18,ARI@LA,JACOBY_BRISSETT_1_NFL,jacoby brissett,passing_yards,245.5,-110,-120,243,True
18,ARI@LA,MATTHEW_STAFFORD_1_NFL,matthew stafford,passing_yards,259.5,+850,-1941,259,True
18,ARI@LA,EMARI_DEMERCADO_1_NFL,emari demercado,receiving_yards,28.5,+135,-180,28,True
18,ARI@LA,MACK_WILSON_1_NFL,mack wilson,receiving_yards,100.5,-117,-115,99,True
18,ARI@LA,MICHAEL_CARTER_1_NFL,michael carter,receiving_yards,13.5,-111,-111,21,True
18,ARI@LA,PUKA_NACUA_1_NFL,puka nacua,receiving_yards,97.5,-105,-125,76,True
18,ARI@LA,TREY_MCBRIDE_1_NFL,trey mcbride,receiving_yards,58.5,-115,-125,65,True
18,ARI@LA,ELIJAH_HIGGINS_1_NFL,elijah higgins,receiving_yards,28.5,+217,-312,28,True
18,ARI@LA,XAVIER_WEAVER_1_NFL,xavier weaver,receiving_yards,0.5,+275,-400,0,True
18,ARI@LA,COLBY_PARKINSON_1_NFL,colby parkinson,receiving_yards,35.5,+230,-325,36,True
18,ARI@LA,KYREN_WILLIAMS_1_NFL,kyren williams,receiving_yards,12.5,+140,-190,21,True
18,ARI@LA,KONATA_MUMPFIELD_1_NFL,konata mumpfield,receiving_yards,0.5,+115,-150,0,True
18,ARI@LA,TYLER_HIGBEE_1_NFL,tyler higbee,receiving_yards,91.5,+240,-340,91,True
18,ARI@LA,BLAKE_CORUM_1_NFL,blake corum,rushing_yards,59.5,-140,+105,59,True
