week,matchup,sgo_player_id,player_name_norm,stat,line,over_odds,under_odds,actual,is_close_line
1,BAL@KC,ISIAH_PACHECO_1_NFL,isiah pacheco,rushing_yards,50.5,-114,-113,45.0,False
1,BAL@KC,ZAY_FLOWERS_1_NFL,zay flowers,receiving_yards,37.5,+100,-114,37.0,False
1,BAL@KC,PATRICK_MAHOMES_1_NFL,patrick mahomes,rushing_yards,2.5,-106,-115,3.0,False
1,BAL@KC,NOAH_GRAY_1_NFL,noah gray,receiving_yards,24.5,+132,-112,37.0,False
1,BAL@KC,DERRICK_HENRY_1_NFL,derrick henry,receiving_yards,0.5,+148,-110,0.0,False
1,BAL@KC,ISAIAH_LIKELY_1_NFL,isaiah likely,receiving_yards,91.5,+130,-116,111.0,False
1,BAL@KC,JUSTICE_HILL_1_NFL,justice hill,receiving_yards,45.5,-106,-109,52.0,False
1,BAL@KC,NELSON_AGHOLOR_1_NFL,nelson agholor,receiving_yards,0.5,+136,-109,6.0,False
1,BAL@KC,JUSTIN_WATSON_1_NFL,justin watson,receiving_yards,25.5,+142,-110,25.0,False
1,BAL@KC,MECOLE_HARDMAN_1_NFL,mecole hardman,receiving_yards,0.5,+122,-118,0.0,False
1,BAL@KC,LAMAR_JACKSON_2_NFL,lamar jackson,passing_yards,223.5,-114,-114,0.0,False
1,BAL@KC,MARK_ANDREWS_1_NFL,mark andrews,receiving_yards,14.5,+126,-112,14.0,False
1,BAL@KC,RASHOD_BATEMAN_1_NFL,rashod bateman,receiving_yards,15.5,+150,-110,53.0,False
1,BAL@KC,TRAVIS_KELCE_1_NFL,travis kelce,receiving_yards,34.5,+136,-112,34.0,False
1,BAL@KC,RASHEE_RICE_1_NFL,rashee rice,receiving_yards,103.5,+128,-115,103.0,False
1,GB@PHI,KENNETH_GAINWELL_1_NFL,kenneth gainwell,rushing_yards,12.5,-113,-116,2.0,False
1,GB@PHI,JALEN_HURTS_1_NFL,jalen hurts,passing_yards,239.5,-116,-115,278.0,False
1,GB@PHI,SAQUON_BARKLEY_1_NFL,saquon barkley,receiving_yards,17.5,-121,-111,23.0,False
1,GB@PHI,DEVONTA_SMITH_1_NFL,devonta smith,receiving_yards,58.5,-125,-112,84.0,False
1,GB@PHI,EMANUEL_WILSON_1_NFL,emanuel wilson,rushing_yards,15.5,-115,-119,46.0,False
1,GB@PHI,AJ_BROWN_1_NFL,aj brown,receiving_yards,70.5,-115,-115,119.0,False
1,GB@PHI,TUCKER_KRAFT_1_NFL,tucker kraft,receiving_yards,13.5,-119,-110,37.0,False
1,GB@PHI,JAYDEN_REED_1_NFL,jayden reed,rushing_yards,49.5,+1100,,33.0,False
1,GB@PHI,JOSH_JACOBS_1_NFL,josh jacobs,receiving_yards,16.5,-118,-114,20.0,False
1,GB@PHI,DONTAYVION_WICKS_1_NFL,dontayvion wicks,receiving_yards,29.5,-115,-114,0.0,False
1,GB@PHI,DALLAS_GOEDERT_1_NFL,dallas goedert,receiving_yards,38.5,-115,-113,31.0,False
1,GB@PHI,JORDAN_LOVE_1_NFL,jordan love,rushing_yards,7.5,-120,-109,0.0,False
1,GB@PHI,LUKE_MUSGRAVE_1_NFL,luke musgrave,receiving_yards,23.5,-118,-115,0.0,False
1,GB@PHI,CHRISTIAN_WATSON_1_NFL,christian watson,receiving_yards,40.5,-118,-115,13.0,False
1,GB@PHI,ROMEO_DOUBS_1_NFL,romeo doubs,receiving_yards,42.5,-111,-118,50.0,False
1,CAR@NO,BRYCE_YOUNG_1_NFL,bryce young,rushing_yards,11.5,-118,-112,12.0,False
1,CAR@NO,DEREK_CARR_1_NFL,derek carr,rushing_yards,1.5,-118,-113,13.0,False
1,CAR@NO,FOSTER_MOREAU_1_NFL,foster moreau,receiving_yards,6.5,-112,-115,43.0,False
1,CAR@NO,CHUBA_HUBBARD_1_NFL,chuba hubbard,receiving_yards,11.5,-118,-110,0.0,False
1,CAR@NO,ADAM_THIELEN_1_NFL,adam thielen,receiving_yards,37.5,-112,-114,49.0,False
1,CAR@NO,ALVIN_KAMARA_1_NFL,alvin kamara,receiving_yards,29.5,-111,-116,27.0,False
1,CAR@NO,RASHID_SHAHEED_1_NFL,rashid shaheed,rushing_yards,1.5,-115,-115,0.0,False
1,CAR@NO,MILES_SANDERS_1_NFL,miles sanders,rushing_yards,20.5,-110,-118,22.0,False
1,CAR@NO,IAN_THOMAS_1_NFL,ian thomas,receiving_yards,2.5,-125,-105,0.0,False
1,CAR@NO,DJ_JOHNSON_1_NFL,dj johnson,receiving_yards,53.5,-115,-113,19.0,False
1,CAR@NO,JUWAN_JOHNSON_1_NFL,juwan johnson,receiving_yards,25.5,-112,-115,26.0,False
1,CAR@NO,TAYSOM_HILL_1_NFL,taysom hill,rushing_yards,16.5,-112,-115,35.0,False
1,CAR@NO,CHRIS_OLAVE_1_NFL,chris olave,receiving_yards,65.5,-112,-115,11.0,False
1,CAR@NO,JONATHAN_MINGO_1_NFL,jonathan mingo,receiving_yards,15.5,-117,-112,40.0,False
1,CAR@NO,TROY_HILL_1_NFL,troy hill,rushing_yards,19.5,+100,,0.0,False
1,CAR@NO,JAMAAL_WILLIAMS_1_NFL,jamaal williams,receiving_yards,3.5,-115,-112,13.0,False
1,CAR@NO,TOMMY_TREMBLE_1_NFL,tommy tremble,receiving_yards,20.5,-115,-105,0.0,False
1,PIT@ATL,VAN_JEFFERSON_1_NFL,van jefferson,receiving_yards,18.5,-117,-117,1.0,False
1,PIT@ATL,KYLE_PITTS_1_NFL,kyle pitts,receiving_yards,45.5,-115,-112,26.0,False
1,PIT@ATL,JAYLEN_WARREN_1_NFL,jaylen warren,receiving_yards,11.5,-118,-118,13.0,False
1,PIT@ATL,KHADAREL_HODGE_1_NFL,khadarel hodge,receiving_yards,0.5,+170,-225,0.0,False
1,PIT@ATL,KIRK_COUSINS_1_NFL,kirk cousins,passing_yards,243.5,-116,-111,155.0,False
1,PIT@ATL,BIJAN_ROBINSON_1_NFL,bijan robinson,receiving_yards,25.5,-118,-112,43.0,False
1,PIT@ATL,TYLER_ALLGEIER_1_NFL,tyler allgeier,rushing_yards,28.5,-115,-118,21.0,False
1,PIT@ATL,PAT_FREIERMUTH_1_NFL,pat freiermuth,receiving_yards,27.5,-115,-112,27.0,False
1,PIT@ATL,NAJEE_HARRIS_1_NFL,najee harris,receiving_yards,7.5,-109,-119,9.0,False
1,PIT@ATL,CORDARRELLE_PATTERSON_1_NFL,cordarrelle patterson,rushing_yards,24.5,+400,,13.0,False
1,PIT@ATL,GEORGE_PICKENS_1_NFL,george pickens,receiving_yards,51.5,-115,-112,85.0,False
1,PIT@ATL,DARNELL_MOONEY_1_NFL,darnell mooney,receiving_yards,34.5,-115,-114,15.0,False
1,PIT@ATL,DRAKE_LONDON_1_NFL,drake london,receiving_yards,60.5,-117,-116,15.0,False
1,HOU@IND,JOE_MIXON_1_NFL,joe mixon,receiving_yards,14.5,-113,-115,19.0,False
1,HOU@IND,DALTON_SCHULTZ_1_NFL,dalton schultz,receiving_yards,32.5,-114,-113,16.0,False
1,HOU@IND,ANTHONY_RICHARDSON_1_NFL,anthony richardson,passing_yards,224.5,-113,-113,212.0,False
1,HOU@IND,KYLEN_GRANSON_1_NFL,kylen granson,receiving_yards,19.5,-118,-111,0.0,False
1,HOU@IND,DAMEON_PIERCE_1_NFL,dameon pierce,rushing_yards,24.5,+1100,,16.0,False
1,HOU@IND,ALEC_PIERCE_1_NFL,alec pierce,receiving_yards,30.5,-113,-113,125.0,False
1,HOU@IND,CJ_STROUD_1_NFL,cj stroud,passing_yards,277.5,-116,-115,234.0,False
1,HOU@IND,NICO_COLLINS_1_NFL,nico collins,receiving_yards,68.5,-116,-112,117.0,False
1,HOU@IND,JONATHAN_TAYLOR_1_NFL,jonathan taylor,receiving_yards,12.5,-118,-110,0.0,False
1,HOU@IND,BREVIN_JORDAN_1_NFL,brevin jordan,receiving_yards,8.5,-110,-118,3.0,False
1,HOU@IND,MICHAEL_PITTMAN_1_NFL,michael pittman,receiving_yards,65.5,-114,-115,31.0,False
1,HOU@IND,TREY_SERMON_1_NFL,trey sermon,rushing_yards,24.5,+1300,,0.0,False
1,HOU@IND,NOAH_BROWN_1_NFL,noah brown,receiving_yards,37.5,-105,-125,0.0,False
1,NE@CIN,JOE_BURROW_1_NFL,joe burrow,passing_yards,244.5,-116,-115,164.0,False
1,NE@CIN,CHASE_BROWN_1_NFL,chase brown,receiving_yards,14.5,-116,-115,12.0,False
1,NE@CIN,TYQUAN_THORNTON_1_NFL,tyquan thornton,receiving_yards,10.5,-115,-113,27.0,False
1,NE@CIN,DEMARIO_DOUGLAS_1_NFL,demario douglas,receiving_yards,35.5,-116,-112,12.0,False
1,NE@CIN,ANTONIO_GIBSON_1_NFL,antonio gibson,receiving_yards,12.5,-118,-111,0.0,False
1,NE@CIN,JAMARR_CHASE_1_NFL,jamarr chase,receiving_yards,66.5,-114,-115,62.0,False
1,NE@CIN,ANDREI_IOSIVAS_1_NFL,andrei iosivas,receiving_yards,26.5,-109,-120,26.0,False
1,NE@CIN,MIKE_GESICKI_1_NFL,mike gesicki,receiving_yards,24.5,+1350,-188,18.0,False
1,NE@CIN,AUSTIN_HOOPER_1_NFL,austin hooper,receiving_yards,10.5,-116,-113,31.0,False
1,NE@CIN,ZACK_MOSS_1_NFL,zack moss,receiving_yards,11.5,-115,-112,17.0,False
1,NE@CIN,JACOBY_BRISSETT_1_NFL,jacoby brissett,passing_yards,210.5,-112,-115,121.0,False
1,NE@CIN,TEE_HIGGINS_1_NFL,tee higgins,receiving_yards,57.5,-118,-118,0.0,False
1,NE@CIN,HUNTER_HENRY_1_NFL,hunter henry,receiving_yards,28.5,-113,-115,18.0,False
1,NE@CIN,TRENTON_IRWIN_1_NFL,trenton irwin,receiving_yards,6.5,+135,-177,6.0,False
1,NE@CIN,RHAMONDRE_STEVENSON_1_NFL,rhamondre stevenson,receiving_yards,14.5,-114,-114,6.0,False
1,JAX@MIA,TRAVIS_ETIENNE_JR_1_NFL,travis etienne,receiving_yards,20.5,-115,-115,15.0,False
1,JAX@MIA,TANK_BIGSBY_1_NFL,tank bigsby,rushing_yards,15.5,-113,-115,73.0,False
1,JAX@MIA,CAM_SMITH_1_NFL,cam smith,receiving_yards,24.5,-110,,0.0,False
1,JAX@MIA,TYREEK_HILL_1_NFL,tyreek hill,receiving_yards,98.5,-115,-118,130.0,False
1,JAX@MIA,BRAXTON_BERRIOS_1_NFL,braxton berrios,receiving_yards,13.5,-115,-117,0.0,False
1,JAX@MIA,RAHEEM_MOSTERT_1_NFL,raheem mostert,rushing_yards,44.5,-115,-113,9.0,False
1,JAX@MIA,TREVOR_LAWRENCE_1_NFL,trevor lawrence,rushing_yards,17.5,-111,-116,8.0,False
1,JAX@MIA,DURHAM_SMYTHE_1_NFL,durham smythe,receiving_yards,49.5,+185,,0.0,False
1,JAX@MIA,EVAN_ENGRAM_1_NFL,evan engram,receiving_yards,45.5,-111,-116,5.0,False
1,JAX@MIA,TUA_TAGOVAILOA_1_NFL,tua tagovailoa,rushing_yards,2.5,-120,-108,11.0,False
1,JAX@MIA,JULIAN_HILL_1_NFL,julian hill,receiving_yards,99.5,-110,,6.0,False
1,JAX@MIA,JONNU_SMITH_1_NFL,jonnu smith,receiving_yards,25.5,-116,-112,7.0,False
1,JAX@MIA,CHRISTIAN_KIRK_1_NFL,christian kirk,receiving_yards,54.5,-112,-117,30.0,False
1,JAX@MIA,DEVON_ACHANE_1_NFL,devon achane,rushing_yards,52.5,-112,-117,24.0,False
1,JAX@MIA,JAYLEN_WADDLE_1_NFL,jaylen waddle,receiving_yards,66.5,-118,-118,109.0,False
1,JAX@MIA,SALVON_AHMED_1_NFL,salvon ahmed,receiving_yards,13.5,-115,-115,0.0,False
1,MIN@NYG,JOHNNY_MUNDT_1_NFL,johnny mundt,receiving_yards,20.5,-117,-112,15.0,False
1,MIN@NYG,SAM_DARNOLD_1_NFL,sam darnold,passing_yards,228.5,-115,-115,208.0,False
1,MIN@NYG,DANIEL_JONES_1_NFL,daniel jones,rushing_yards,27.5,-115,-112,15.0,False
1,MIN@NYG,JORDAN_ADDISON_1_NFL,jordan addison,receiving_yards,44.5,-115,-112,35.0,False
1,MIN@NYG,AARON_JONES_1_NFL,aaron jones,receiving_yards,14.5,-115,-113,15.0,False
1,MIN@NYG,TY_CHANDLER_1_NFL,ty chandler,receiving_yards,6.5,-111,-116,25.0,False
1,MIN@NYG,DEVIN_SINGLETARY_1_NFL,devin singletary,rushing_yards,54.5,-113,-117,37.0,False
1,MIN@NYG,DARIUS_SLAYTON_1_NFL,darius slayton,receiving_yards,26.5,-113,-118,26.0,False
1,MIN@NYG,JUSTIN_JEFFERSON_1_NFL,justin jefferson,receiving_yards,81.5,-115,-113,59.0,False
1,MIN@NYG,JALEN_NAILOR_1_NFL,jalen nailor,receiving_yards,16.5,-112,-115,21.0,False
1,MIN@NYG,DANIEL_BELLINGER_1_NFL,daniel bellinger,receiving_yards,10.5,-118,-110,3.0,False
1,MIN@NYG,JOSH_OLIVER_1_NFL,josh oliver,receiving_yards,7.5,-115,-115,27.0,False
1,MIN@NYG,JALIN_HYATT_1_NFL,jalin hyatt,receiving_yards,18.5,-113,-114,0.0,False
1,MIN@NYG,WANDALE_ROBINSON_1_NFL,wandale robinson,rushing_yards,24.5,+1300,,14.0,False
1,TEN@CHI,TONY_POLLARD_1_NFL,tony pollard,rushing_yards,44.5,-112,-118,82.0,False
1,TEN@CHI,NICK_WESTBROOKIKHINE_1_NFL,nick westbrookikhine,receiving_yards,24.5,+155,,0.0,False
1,TEN@CHI,CHIGOZIEM_OKONOKWO_1_NFL,chigoziem okonokwo,receiving_yards,24.5,+350,-165,15.0,False
1,TEN@CHI,TYJAE_SPEARS_1_NFL,tyjae spears,rushing_yards,35.5,-111,-116,21.0,False
1,TEN@CHI,KHALIL_HERBERT_1_NFL,khalil herbert,rushing_yards,27.5,-114,-115,4.0,False
1,TEN@CHI,DANDRE_SWIFT_1_NFL,dandre swift,rushing_yards,43.5,-118,-113,30.0,False
1,TEN@CHI,COLE_KMET_1_NFL,cole kmet,receiving_yards,21.5,-118,-112,4.0,False
1,TEN@CHI,GERALD_EVERETT_1_NFL,gerald everett,receiving_yards,13.5,-115,-112,-1.0,False
1,TEN@CHI,DJ_MOORE_1_NFL,dj moore,rushing_yards,24.5,+1000,,14.0,False
1,TEN@CHI,WILL_LEVIS_1_NFL,will levis,rushing_yards,8.5,-112,-117,36.0,False
1,TEN@CHI,VELUS_JONES_JR_1_NFL,velus jones,rushing_yards,24.5,+1200,,11.0,False
1,TEN@CHI,DEANDRE_HOPKINS_1_NFL,deandre hopkins,receiving_yards,45.5,-115,-113,8.0,False
1,TEN@CHI,TREYLON_BURKS_1_NFL,treylon burks,receiving_yards,10.5,-110,-115,2.0,False
1,TEN@CHI,CALVIN_RIDLEY_1_NFL,calvin ridley,receiving_yards,54.5,-115,-113,50.0,False
1,ARI@BUF,KHALIL_SHAKIR_1_NFL,khalil shakir,receiving_yards,42.5,-118,-112,42.0,False
1,ARI@BUF,KYLER_MURRAY_1_NFL,kyler murray,rushing_yards,31.5,-115,-112,57.0,False
1,ARI@BUF,EMARI_DEMERCADO_1_NFL,emari demercado,receiving_yards,49.5,+600,,26.0,False
1,ARI@BUF,GREG_DORTCH_1_NFL,greg dortch,receiving_yards,27.5,-112,-117,47.0,False
1,ARI@BUF,JAMES_COOK_1_NFL,james cook,rushing_yards,61.5,-113,-118,71.0,False
1,ARI@BUF,JAMES_CONNER_1_NFL,james conner,receiving_yards,12.5,-114,-114,33.0,False
1,ARI@BUF,TREY_MCBRIDE_1_NFL,trey mcbride,receiving_yards,49.5,-114,-116,30.0,False
1,ARI@BUF,JOSH_ALLEN_1_NFL,josh allen,passing_yards,244.5,-117,-117,232.0,False
1,ARI@BUF,DAWSON_KNOX_1_NFL,dawson knox,receiving_yards,14.5,-112,-119,23.0,False
1,ARI@BUF,MACK_WILSON_1_NFL,mack wilson,receiving_yards,28.5,-112,-117,5.0,False
1,ARI@BUF,DIVAAD_WILSON_1_NFL,divaad wilson,receiving_yards,29.5,-115,,0.0,False
1,ARI@BUF,DALTON_KINCAID_1_NFL,dalton kincaid,receiving_yards,49.5,-112,-116,11.0,False
1,ARI@BUF,TY_JOHNSON_1_NFL,ty johnson,rushing_yards,24.5,+500,-115,7.0,False
1,DEN@SEA,ADAM_TRAUTMAN_1_NFL,adam trautman,receiving_yards,7.5,-115,-115,0.0,False
1,DEN@SEA,NOAH_FANT_1_NFL,noah fant,receiving_yards,28.5,-117,-110,11.0,False
1,DEN@SEA,GENO_SMITH_1_NFL,geno smith,passing_yards,236.5,-113,-115,171.0,False
1,DEN@SEA,KENNETH_WALKER_III_1_NFL,kenneth walker,rushing_yards,66.5,-115,-113,103.0,False
1,DEN@SEA,COURTLAND_SUTTON_1_NFL,courtland sutton,receiving_yards,48.5,-115,-113,38.0,False
1,DEN@SEA,MARVIN_MIMS_JR_1_NFL,marvin mims,receiving_yards,16.5,-118,-110,0.0,False
1,DEN@SEA,ZACH_CHARBONNET_1_NFL,zach charbonnet,rushing_yards,24.5,-120,-109,12.0,False
1,DEN@SEA,JAVONTE_WILLIAMS_1_NFL,javonte williams,rushing_yards,52.5,-118,-112,23.0,False
1,DEN@SEA,GREG_DULCICH_1_NFL,greg dulcich,receiving_yards,19.5,-112,-117,12.0,False
1,DEN@SEA,JAXON_SMITHNJIGBA_1_NFL,jaxon smithnjigba,receiving_yards,44.5,-114,-114,19.0,False
1,DEN@SEA,TYLER_LOCKETT_1_NFL,tyler lockett,receiving_yards,40.5,-115,-115,77.0,False
1,DEN@SEA,DK_METCALF_1_NFL,dk metcalf,receiving_yards,58.5,-115,-113,29.0,False
1,DEN@SEA,JALEEL_MCLAUGHLIN_1_NFL,jaleel mclaughlin,receiving_yards,13.5,-125,-105,1.0,False
1,LV@LAC,GUS_EDWARDS_1_NFL,gus edwards,receiving_yards,4.5,-120,-110,2.0,False
1,LV@LAC,AMEER_ABDULLAH_1_NFL,ameer abdullah,rushing_yards,24.5,+1300,,0.0,False
1,LV@LAC,DAVANTE_ADAMS_1_NFL,davante adams,receiving_yards,71.5,-117,-112,59.0,False
1,LV@LAC,GARDNER_MINSHEW_1_NFL,gardner minshew,passing_yards,219.5,-114,-114,257.0,False
1,LV@LAC,QUENTIN_JOHNSTON_1_NFL,quentin johnston,receiving_yards,24.5,-112,-118,38.0,False
1,LV@LAC,TRE_TUCKER_1_NFL,tre tucker,receiving_yards,15.5,-122,-107,22.0,False
1,LV@LAC,MICHAEL_MAYER_1_NFL,michael mayer,receiving_yards,16.5,-111,-118,3.0,False
1,LV@LAC,WILL_DISSLY_1_NFL,will dissly,receiving_yards,18.5,-111,-118,13.0,False
1,LV@LAC,JAKOBI_MEYERS_1_NFL,jakobi meyers,receiving_yards,40.5,-113,-115,61.0,False
1,LV@LAC,ZAMIR_WHITE_1_NFL,zamir white,receiving_yards,10.5,-108,-121,2.0,False
1,LV@LAC,JUSTIN_HERBERT_1_NFL,justin herbert,passing_yards,227.5,-114,-114,144.0,False
1,WAS@TB,TREY_PALMER_1_NFL,trey palmer,receiving_yards,10.5,-115,-114,19.0,False
1,WAS@TB,CHRIS_GODWIN_1_NFL,chris godwin,receiving_yards,57.5,-113,-115,83.0,False
1,WAS@TB,BAKER_MAYFIELD_1_NFL,baker mayfield,rushing_yards,7.5,-112,-117,21.0,False
1,WAS@TB,BRIAN_ROBINSON_1_NFL,brian robinson,receiving_yards,8.5,-108,-121,49.0,False
1,WAS@TB,ZACH_ERTZ_1_NFL,zach ertz,receiving_yards,26.5,-115,-113,28.0,False
1,WAS@TB,AUSTIN_EKELER_1_NFL,austin ekeler,receiving_yards,21.5,-114,-115,52.0,False
1,WAS@TB,TERRY_MCLAURIN_1_NFL,terry mclaurin,receiving_yards,60.5,-115,-115,17.0,False
1,WAS@TB,MIKE_EVANS_1_NFL,mike evans,receiving_yards,69.5,-115,-114,61.0,False
1,WAS@TB,DYAMI_BROWN_1_NFL,dyami brown,receiving_yards,15.5,-111,-117,0.0,False
1,WAS@TB,CADE_OTTON_1_NFL,cade otton,receiving_yards,25.5,-118,-111,5.0,False
1,WAS@TB,CHASE_EDMONDS_1_NFL,chase edmonds,rushing_yards,24.5,+190,,0.0,False
1,WAS@TB,RACHAAD_WHITE_1_NFL,rachaad white,rushing_yards,58.5,-114,-114,31.0,False
1,DAL@CLE,CEDRIC_TILLMAN_1_NFL,cedric tillman,receiving_yards,12.5,-110,-120,3.0,False
1,DAL@CLE,JEROME_FORD_1_NFL,jerome ford,receiving_yards,14.5,-115,-115,25.0,False
1,DAL@CLE,JAKE_FERGUSON_1_NFL,jake ferguson,receiving_yards,39.5,-113,-115,15.0,False
1,DAL@CLE,DAK_PRESCOTT_1_NFL,dak prescott,rushing_yards,11.5,-113,-115,3.0,False
1,DAL@CLE,RICO_DOWDLE_1_NFL,rico dowdle,receiving_yards,9.5,-110,-120,6.0,False
1,DAL@CLE,DAVID_NJOKU_1_NFL,david njoku,receiving_yards,43.5,-110,-120,44.0,False
1,DAL@CLE,DESHAUN_WATSON_1_NFL,deshaun watson,rushing_yards,21.5,-115,-115,39.0,False
1,DAL@CLE,JORDAN_AKINS_1_NFL,jordan akins,receiving_yards,24.5,+105,,27.0,False
1,DAL@CLE,AMARI_COOPER_1_NFL,amari cooper,receiving_yards,54.5,-114,-114,16.0,False
1,DAL@CLE,LUKE_SCHOONMAKER_1_NFL,luke schoonmaker,receiving_yards,1.5,-118,-111,0.0,False
1,DAL@CLE,BRANDIN_COOKS_1_NFL,brandin cooks,receiving_yards,38.5,-117,-112,40.0,False
1,DAL@CLE,PIERRE_STRONG_JR_1_NFL,pierre strong,rushing_yards,24.5,+550,,10.0,False
1,DAL@CLE,JAELON_DARDEN_1_NFL,jaelon darden,receiving_yards,0.5,-110,-120,0.0,False
1,DAL@CLE,CEEDEE_LAMB_1_NFL,ceedee lamb,receiving_yards,81.5,-114,-114,61.0,False
1,DAL@CLE,ELIJAH_MOORE_1_NFL,elijah moore,receiving_yards,18.5,-117,-112,9.0,False
1,DAL@CLE,JERRY_JEUDY_1_NFL,jerry jeudy,receiving_yards,38.5,-113,-115,25.0,False
1,DAL@CLE,JALEN_TOLBERT_1_NFL,jalen tolbert,receiving_yards,18.5,-118,-113,12.0,False
1,LA@DET,AMONRA_ST_BROWN_1_NFL,amonra st brown,receiving_yards,84.5,-117,-117,13.0,False
1,LA@DET,DAVIS_ALLEN_1_NFL,davis allen,receiving_yards,7.5,-108,-121,0.0,False
1,LA@DET,COOPER_KUPP_1_NFL,cooper kupp,receiving_yards,68.5,-115,-118,110.0,False
1,LA@DET,KYREN_WILLIAMS_1_NFL,kyren williams,receiving_yards,14.5,-112,-122,4.0,False
1,LA@DET,DAVID_MONTGOMERY_1_NFL,david montgomery,rushing_yards,56.5,-121,-118,91.0,False
1,LA@DET,JARED_GOFF_1_NFL,jared goff,rushing_yards,9.5,+265,-480,7.0,False
1,LA@DET,MATTHEW_STAFFORD_1_NFL,matthew stafford,rushing_yards,0.5,-106,-122,0.0,False
1,LA@DET,PUKA_NACUA_1_NFL,puka nacua,rushing_yards,24.5,+1200,,7.0,False
1,LA@DET,KALIF_RAYMOND_1_NFL,kalif raymond,receiving_yards,19.5,-121,-113,0.0,False
1,LA@DET,JAMESON_WILLIAMS_1_NFL,jameson williams,rushing_yards,24.5,+1100,,13.0,False
1,LA@DET,RONNIE_RIVERS_1_NFL,ronnie rivers,rushing_yards,24.5,+390,,16.0,False
1,LA@DET,JAHMYR_GIBBS_1_NFL,jahmyr gibbs,receiving_yards,24.5,-115,-118,34.0,False
1,LA@DET,SAM_LAPORTA_1_NFL,sam laporta,receiving_yards,53.5,-118,-115,45.0,False
1,LA@DET,COLBY_PARKINSON_1_NFL,colby parkinson,receiving_yards,26.5,-113,-121,47.0,False
1,LA@DET,DEMARCUS_ROBINSON_1_NFL,demarcus robinson,receiving_yards,31.5,-115,-118,42.0,False
2,BUF@MIA,KHALIL_SHAKIR_1_NFL,khalil shakir,receiving_yards,40.5,-120,-108,54.0,False
2,BUF@MIA,CAM_SMITH_1_NFL,cam smith,receiving_yards,14.5,-125,,0.0,False
2,BUF@MIA,DEVON_ACHANE_1_NFL,devon achane,rushing_yards,99.5,+700,-118,96.0,False
2,BUF@MIA,TYREEK_HILL_1_NFL,tyreek hill,receiving_yards,34.5,-110,-118,24.0,False
2,BUF@MIA,BRAXTON_BERRIOS_1_NFL,braxton berrios,receiving_yards,0.5,+965,-999900,0.0,False
2,BUF@MIA,JAMES_COOK_1_NFL,james cook,rushing_yards,60.5,-118,-112,78.0,False
2,BUF@MIA,JEFFERY_WILSON_1_NFL,jeffery wilson,receiving_yards,6.5,+110,-175,12.0,False
2,BUF@MIA,DURHAM_SMYTHE_1_NFL,durham smythe,receiving_yards,5.5,-118,-110,8.0,False
2,BUF@MIA,JOSH_ALLEN_1_NFL,josh allen,passing_yards,247.5,-114,-114,139.0,False
2,BUF@MIA,RAY_DAVIS_1_NFL,ray davis,rushing_yards,19.5,-122,-106,29.0,False
2,BUF@MIA,DAWSON_KNOX_1_NFL,dawson knox,receiving_yards,0.5,+1480,-999900,0.0,False
2,BUF@MIA,TUA_TAGOVAILOA_1_NFL,tua tagovailoa,rushing_yards,4.5,-116,-114,17.0,False
2,BUF@MIA,TY_JOHNSON_1_NFL,ty johnson,receiving_yards,4.5,-110,-120,33.0,False
2,BUF@MIA,KEON_COLEMAN_1_NFL,keon coleman,receiving_yards,0.5,+1390,-999900,0.0,False
2,BUF@MIA,MACK_HOLLINS_1_NFL,mack hollins,receiving_yards,0.5,+1555,-999900,0.0,False
2,BUF@MIA,JULIAN_HILL_1_NFL,julian hill,receiving_yards,99.5,+100,,0.0,False
2,BUF@MIA,DALTON_KINCAID_1_NFL,dalton kincaid,receiving_yards,33.5,+1390,-999900,33.0,False
2,BUF@MIA,MARQUEZ_VALDESSCANTLING_1_NFL,marquez valdesscantling,receiving_yards,15.5,-112,-108,0.0,False
2,BUF@MIA,JONNU_SMITH_1_NFL,jonnu smith,receiving_yards,16.5,-115,-118,53.0,False
2,BUF@MIA,CURTIS_SAMUEL_1_NFL,curtis samuel,receiving_yards,3.5,+1565,-999900,3.0,False
2,BUF@MIA,JAYLEN_WADDLE_1_NFL,jaylen waddle,receiving_yards,65.5,-118,-110,41.0,False
2,LAC@CAR,JATAVION_SANDERS_1_NFL,jatavion sanders,receiving_yards,9.5,+115,,8.0,False
2,LAC@CAR,BRYCE_YOUNG_1_NFL,bryce young,rushing_yards,6.5,-115,-115,6.0,False
2,LAC@CAR,LADD_MCCONKEY_1_NFL,ladd mcconkey,receiving_yards,26.5,-115,-115,26.0,False
2,LAC@CAR,GUS_EDWARDS_1_NFL,gus edwards,receiving_yards,0.5,+115,-145,0.0,False
2,LAC@CAR,QUENTIN_JOHNSTON_1_NFL,quentin johnston,receiving_yards,32.5,-114,-118,51.0,False
2,LAC@CAR,CHUBA_HUBBARD_1_NFL,chuba hubbard,receiving_yards,13.5,-110,-120,12.0,False
2,LAC@CAR,JK_DOBBINS_1_NFL,jk dobbins,rushing_yards,134.5,+100,-130,131.0,False
2,LAC@CAR,ADAM_THIELEN_1_NFL,adam thielen,receiving_yards,38.5,-109,-125,20.0,False
2,LAC@CAR,JONATHON_BROOKS_1_NFL,jonathon brooks,rushing_yards,24.5,-105,-115,0.0,False
2,LAC@CAR,XAVIER_LEGETTE_1_NFL,xavier legette,receiving_yards,21.5,-116,-111,0.0,False
2,LAC@CAR,MILES_SANDERS_1_NFL,miles sanders,rushing_yards,21.5,-115,-115,20.0,False
2,LAC@CAR,DJ_JOHNSON_1_NFL,dj johnson,receiving_yards,15.5,+104,-135,15.0,False
2,LAC@CAR,WILL_DISSLY_1_NFL,will dissly,receiving_yards,6.5,-130,-102,29.0,False
2,LAC@CAR,TOMMY_TREMBLE_1_NFL,tommy tremble,receiving_yards,23.5,+198,-295,23.0,False
2,LAC@CAR,JUSTIN_HERBERT_1_NFL,justin herbert,passing_yards,200.5,-114,-114,130.0,False
2,LAC@CAR,JOSH_PALMER_1_NFL,josh palmer,receiving_yards,39.5,-115,-113,19.0,False
2,LAC@CAR,HAYDEN_HURST_1_NFL,hayden hurst,receiving_yards,5.5,+1775,-999900,5.0,False
2,LAC@CAR,JONATHAN_MINGO_1_NFL,jonathan mingo,receiving_yards,1.5,-130,+100,1.0,False
2,SEA@NE,NOAH_FANT_1_NFL,noah fant,receiving_yards,27.5,-118,-115,14.0,False
2,SEA@NE,GENO_SMITH_1_NFL,geno smith,passing_yards,223.5,-115,-113,327.0,False
2,SEA@NE,KENNETH_WALKER_III_1_NFL,kenneth walker,rushing_yards,67.5,-118,-118,0.0,False
2,SEA@NE,ZACH_CHARBONNET_1_NFL,zach charbonnet,rushing_yards,59.5,-120,-111,38.0,False
2,SEA@NE,TYQUAN_THORNTON_1_NFL,tyquan thornton,receiving_yards,19.5,-115,-112,0.0,False
2,SEA@NE,DEMARIO_DOUGLAS_1_NFL,demario douglas,receiving_yards,31.5,-112,-116,0.0,False
2,SEA@NE,JACOBY_BRISSETT_1_NFL,jacoby brissett,rushing_yards,15.5,-104,-133,6.0,False
2,SEA@NE,ANTONIO_GIBSON_1_NFL,antonio gibson,receiving_yards,10.5,-116,-116,7.0,False
2,SEA@NE,KJ_OSBORN_1_NFL,kj osborn,receiving_yards,20.5,-115,-115,7.0,False
2,SEA@NE,LAVISKA_SHENAULT_JR_1_NFL,laviska shenault,rushing_yards,24.5,+1300,,0.0,False
2,SEA@NE,JAXON_SMITHNJIGBA_1_NFL,jaxon smithnjigba,receiving_yards,43.5,-113,-117,117.0,False
2,SEA@NE,RHAMONDRE_STEVENSON_1_NFL,rhamondre stevenson,rushing_yards,60.5,-113,-118,81.0,False
2,SEA@NE,TYLER_LOCKETT_1_NFL,tyler lockett,receiving_yards,45.5,-115,-115,15.0,False
2,SEA@NE,DK_METCALF_1_NFL,dk metcalf,receiving_yards,53.5,-115,-112,129.0,False
2,SEA@NE,AUSTIN_HOOPER_1_NFL,austin hooper,receiving_yards,5.5,+370,-795,5.0,False
2,SEA@NE,HUNTER_HENRY_1_NFL,hunter henry,receiving_yards,27.5,-113,-118,109.0,False
2,SEA@NE,JALYNN_POLK_1_NFL,jalynn polk,receiving_yards,17.5,-115,-113,12.0,False
2,NYG@WAS,DANIEL_JONES_1_NFL,daniel jones,passing_yards,190.5,-115,-113,178.0,False
2,NYG@WAS,ZACH_ERTZ_1_NFL,zach ertz,receiving_yards,62.5,+720,-4510,62.0,False
2,NYG@WAS,AUSTIN_EKELER_1_NFL,austin ekeler,receiving_yards,19.5,-117,-111,47.0,False
2,NYG@WAS,NOAH_BROWN_1_NFL,noah brown,receiving_yards,24.5,-115,,56.0,False
2,NYG@WAS,TERRY_MCLAURIN_1_NFL,terry mclaurin,receiving_yards,22.5,+665,-3160,22.0,False
2,NYG@WAS,LUKE_MCCAFFREY_1_NFL,luke mccaffrey,receiving_yards,0.5,+855,-20310,0.0,False
2,NYG@WAS,OLAMIDE_ZACCHEAUS_1_NFL,olamide zaccheaus,receiving_yards,6.5,+475,-1270,14.0,False
2,NYG@WAS,JAYDEN_DANIELS_1_NFL,jayden daniels,rushing_yards,37.5,-117,-110,44.0,False
2,NYG@WAS,DYAMI_BROWN_1_NFL,dyami brown,receiving_yards,24.5,+130,,17.0,False
2,NYG@WAS,THEO_JOHNSON_1_NFL,theo johnson,receiving_yards,0.5,+850,-19900,0.0,False
2,NYG@WAS,DEVIN_SINGLETARY_1_NFL,devin singletary,rushing_yards,97.5,-114,-114,95.0,False
2,NYG@WAS,DARIUS_SLAYTON_1_NFL,darius slayton,receiving_yards,33.5,+860,-25540,33.0,False
2,NYG@WAS,MALIK_NABERS_1_NFL,malik nabers,receiving_yards,127.5,+100,-130,127.0,False
2,NYG@WAS,BRIAN_ROBINSON_1_NFL,brian robinson,rushing_yards,126.5,-110,-118,133.0,False
2,NYG@WAS,TYRONE_TRACY_1_NFL,tyrone tracy,receiving_yards,18.5,-110,-110,0.0,False
2,NYG@WAS,WANDALE_ROBINSON_1_NFL,wandale robinson,rushing_yards,24.5,+1100,,0.0,False
2,IND@GB,EMANUEL_WILSON_1_NFL,emanuel wilson,receiving_yards,24.5,+135,,0.0,False
2,IND@GB,DONTAYVION_WICKS_1_NFL,dontayvion wicks,rushing_yards,5.5,-115,-115,0.0,False
2,IND@GB,TUCKER_KRAFT_1_NFL,tucker kraft,receiving_yards,17.5,-115,-113,16.0,False
2,IND@GB,ANTHONY_RICHARDSON_1_NFL,anthony richardson,passing_yards,194.5,-114,-114,204.0,False
2,IND@GB,KYLEN_GRANSON_1_NFL,kylen granson,receiving_yards,0.5,+260,-465,9.0,False
2,IND@GB,JAYDEN_REED_1_NFL,jayden reed,rushing_yards,16.5,-115,-115,37.0,False
2,IND@GB,JONATHAN_TAYLOR_1_NFL,jonathan taylor,passing_yards,196.5,-110,-110,0.0,False
2,IND@GB,JOSH_JACOBS_1_NFL,josh jacobs,receiving_yards,0.5,+1445,-999900,0.0,False
2,IND@GB,MO_ALIECOX_1_NFL,mo aliecox,receiving_yards,24.5,-110,-115,22.0,False
2,IND@GB,ALEC_PIERCE_1_NFL,alec pierce,receiving_yards,8.5,+120,-155,56.0,False
2,IND@GB,LUKE_MUSGRAVE_1_NFL,luke musgrave,receiving_yards,0.5,+505,-1430,6.0,False
2,IND@GB,MICHAEL_PITTMAN_1_NFL,michael pittman,receiving_yards,56.5,-118,-110,21.0,False
2,IND@GB,CHRISTIAN_WATSON_1_NFL,christian watson,receiving_yards,0.5,+1400,-999900,0.0,False
2,IND@GB,ROMEO_DOUBS_1_NFL,romeo doubs,receiving_yards,27.5,-116,-113,62.0,False
2,IND@GB,JORDAN_LOVE_1_NFL,jordan love,passing_yards,165.5,-110,-110,0.0,False
2,IND@GB,TREY_SERMON_1_NFL,trey sermon,rushing_yards,80.5,-110,-110,0.0,False
2,SF@MIN,BROCK_PURDY_1_NFL,brock purdy,rushing_yards,8.5,-112,-118,12.0,False
2,SF@MIN,JOHNNY_MUNDT_1_NFL,johnny mundt,receiving_yards,20.5,-112,-114,12.0,False
2,SF@MIN,SAM_DARNOLD_1_NFL,sam darnold,passing_yards,233.5,-120,-111,268.0,False
2,SF@MIN,BRANDON_AIYUK_1_NFL,brandon aiyuk,receiving_yards,59.5,-113,-116,43.0,False
2,SF@MIN,KYLE_JUSZCZYK_1_NFL,kyle juszczyk,receiving_yards,7.5,-114,-114,19.0,False
2,SF@MIN,ELIJAH_MITCHELL_1_NFL,elijah mitchell,receiving_yards,12.5,-110,-110,0.0,False
2,SF@MIN,AARON_JONES_1_NFL,aaron jones,receiving_yards,17.5,-115,-114,36.0,False
2,SF@MIN,TY_CHANDLER_1_NFL,ty chandler,receiving_yards,10.5,-112,-116,0.0,False
2,SF@MIN,GEORGE_KITTLE_1_NFL,george kittle,receiving_yards,46.5,-118,-115,76.0,False
2,SF@MIN,BRANDON_POWELL_1_NFL,brandon powell,rushing_yards,0.5,-110,-120,0.0,False
2,SF@MIN,JORDAN_MASON_1_NFL,jordan mason,receiving_yards,11.5,-115,-112,4.0,False
2,SF@MIN,JUSTIN_JEFFERSON_1_NFL,justin jefferson,receiving_yards,77.5,-118,-115,133.0,False
2,SF@MIN,JALEN_NAILOR_1_NFL,jalen nailor,receiving_yards,30.5,-109,-117,54.0,False
2,SF@MIN,DEEBO_SAMUEL_1_NFL,deebo samuel,rushing_yards,23.5,-114,-113,-10.0,False
2,SF@MIN,JOSH_OLIVER_1_NFL,josh oliver,receiving_yards,10.5,-120,-113,0.0,False
2,SF@MIN,JAUAN_JENNINGS_1_NFL,jauan jennings,receiving_yards,21.5,-130,+100,37.0,False
2,TB@DET,JALEN_MCMILLAN_1_NFL,jalen mcmillan,receiving_yards,21.5,+1540,-999900,21.0,False
2,TB@DET,DAVID_MONTGOMERY_1_NFL,david montgomery,rushing_yards,56.5,-115,-113,35.0,False
2,TB@DET,BUCKY_IRVING_1_NFL,bucky irving,receiving_yards,9.5,-118,-110,0.0,False
2,TB@DET,JARED_GOFF_1_NFL,jared goff,rushing_yards,0.5,-120,-110,5.0,False
2,TB@DET,ANTOINE_GREEN_1_NFL,antoine green,receiving_yards,50.5,-110,-110,0.0,False
2,TB@DET,KALIF_RAYMOND_1_NFL,kalif raymond,receiving_yards,18.5,-115,-115,27.0,False
2,TB@DET,JAMESON_WILLIAMS_1_NFL,jameson williams,rushing_yards,24.5,+1100,,15.0,False
2,TB@DET,AMONRA_ST_BROWN_1_NFL,amonra st brown,receiving_yards,82.5,-118,-118,119.0,False
2,TB@DET,CADE_OTTON_1_NFL,cade otton,receiving_yards,0.5,+1535,-999900,0.0,False
2,TB@DET,JAHMYR_GIBBS_1_NFL,jahmyr gibbs,receiving_yards,25.5,-115,-118,22.0,False
2,TB@DET,BAKER_MAYFIELD_1_NFL,baker mayfield,passing_yards,262.5,-115,-113,185.0,False
2,TB@DET,SAM_LAPORTA_1_NFL,sam laporta,receiving_yards,50.5,-113,-115,13.0,False
2,TB@DET,RACHAAD_WHITE_1_NFL,rachaad white,rushing_yards,44.5,-111,-119,18.0,False
2,TB@DET,TREY_PALMER_1_NFL,trey palmer,receiving_yards,9.5,-110,-112,0.0,False
2,TB@DET,CHRIS_GODWIN_1_NFL,chris godwin,receiving_yards,117.5,+1180,-999900,117.0,False
2,TB@DET,MIKE_EVANS_1_NFL,mike evans,receiving_yards,42.5,+1315,-999900,42.0,False
2,CLE@JAX,TRAVIS_ETIENNE_JR_1_NFL,travis etienne,receiving_yards,17.5,-115,-114,6.0,False
2,CLE@JAX,TANK_BIGSBY_1_NFL,tank bigsby,rushing_yards,31.5,-110,-118,0.0,False
2,CLE@JAX,BRENTON_STRANGE_1_NFL,brenton strange,receiving_yards,13.5,-114,-114,65.0,False
2,CLE@JAX,CEDRIC_TILLMAN_1_NFL,cedric tillman,receiving_yards,10.5,-114,-114,2.0,False
2,CLE@JAX,JEROME_FORD_1_NFL,jerome ford,receiving_yards,0.5,+1515,-999900,0.0,False
2,CLE@JAX,LUKE_FARRELL_1_NFL,luke farrell,receiving_yards,12.5,-114,-116,13.0,False
2,CLE@JAX,BRIAN_THOMAS_1_NFL,brian thomas,receiving_yards,39.5,-113,-114,94.0,False
2,CLE@JAX,DESHAUN_WATSON_1_NFL,deshaun watson,rushing_yards,24.5,-114,-114,20.0,False
2,CLE@JAX,TREVOR_LAWRENCE_1_NFL,trevor lawrence,rushing_yards,33.5,+370,-795,45.0,False
2,CLE@JAX,JORDAN_AKINS_1_NFL,jordan akins,receiving_yards,10.5,+1525,-999900,10.0,False
2,CLE@JAX,AMARI_COOPER_1_NFL,amari cooper,receiving_yards,59.5,-115,-113,11.0,False
2,CLE@JAX,EVAN_ENGRAM_1_NFL,evan engram,receiving_yards,40.5,-117,-112,0.0,False
2,CLE@JAX,GABRIEL_DAVIS_1_NFL,gabriel davis,receiving_yards,37.5,-112,-118,43.0,False
2,CLE@JAX,PIERRE_STRONG_JR_1_NFL,pierre strong,rushing_yards,24.5,+1200,,-5.0,False
2,CLE@JAX,DAVID_BELL_1_NFL,david bell,receiving_yards,24.5,-110,,27.0,False
2,CLE@JAX,ELIJAH_MOORE_1_NFL,elijah moore,receiving_yards,44.5,+1490,-999900,44.0,False
2,CLE@JAX,CHRISTIAN_KIRK_1_NFL,christian kirk,receiving_yards,49.5,-112,-119,-1.0,False
2,CLE@JAX,JERRY_JEUDY_1_NFL,jerry jeudy,receiving_yards,43.5,-114,-118,73.0,False
2,CLE@JAX,DERNEST_JOHNSON_1_NFL,dernest johnson,rushing_yards,24.5,+340,,26.0,False
2,NYJ@TEN,TYLER_CONKLIN_1_NFL,tyler conklin,receiving_yards,10.5,+900,-999900,10.0,False
2,NYJ@TEN,XAVIER_GIPSON_1_NFL,xavier gipson,receiving_yards,10.5,-115,-116,0.0,False
2,NYJ@TEN,TONY_POLLARD_1_NFL,tony pollard,rushing_yards,44.5,-114,-114,62.0,False
2,NYJ@TEN,MIKE_WILLIAMS_1_NFL,mike williams,receiving_yards,24.5,-160,,19.0,False
2,NYJ@TEN,CHIGOZIEM_OKONOKWO_1_NFL,chigoziem okonokwo,receiving_yards,16.5,+625,-2530,16.0,False
2,NYJ@TEN,TYJAE_SPEARS_1_NFL,tyjae spears,rushing_yards,24.5,+280,-112,20.0,False
2,NYJ@TEN,AARON_RODGERS_1_NFL,aaron rodgers,passing_yards,176.5,-111,-117,176.0,False
2,NYJ@TEN,BRAELON_ALLEN_1_NFL,braelon allen,receiving_yards,24.5,-105,,23.0,False
2,NYJ@TEN,BREECE_HALL_1_NFL,breece hall,rushing_yards,66.5,-110,-120,62.0,False
2,NYJ@TEN,MALACHI_CORLEY_1_NFL,malachi corley,receiving_yards,33.5,-110,-110,4.0,False
2,NYJ@TEN,ALLEN_LAZARD_1_NFL,allen lazard,receiving_yards,11.5,+925,-999900,11.0,False
2,NYJ@TEN,TYLER_BOYD_1_NFL,tyler boyd,receiving_yards,26.5,+255,-404,26.0,False
2,NYJ@TEN,WILL_LEVIS_1_NFL,will levis,rushing_yards,10.5,-115,-112,38.0,False
2,NYJ@TEN,GARRETT_WILSON_1_NFL,garrett wilson,receiving_yards,57.5,+720,-4510,57.0,False
2,NYJ@TEN,DEANDRE_HOPKINS_1_NFL,deandre hopkins,receiving_yards,9.5,+132,-174,9.0,False
2,NYJ@TEN,JOSH_WHYLE_1_NFL,josh whyle,receiving_yards,24.5,+180,,13.0,False
2,NYJ@TEN,TREYLON_BURKS_1_NFL,treylon burks,receiving_yards,6.5,-116,-116,0.0,False
2,NYJ@TEN,CALVIN_RIDLEY_1_NFL,calvin ridley,receiving_yards,60.5,-106,-122,77.0,False
2,NO@DAL,DEREK_CARR_1_NFL,derek carr,rushing_yards,2.5,-105,-129,1.0,False
2,NO@DAL,FOSTER_MOREAU_1_NFL,foster moreau,receiving_yards,9.5,-130,+100,0.0,False
2,NO@DAL,DAK_PRESCOTT_1_NFL,dak prescott,rushing_yards,11.5,-112,-118,12.0,False
2,NO@DAL,RICO_DOWDLE_1_NFL,rico dowdle,receiving_yards,31.5,-115,-115,29.0,False
2,NO@DAL,EZEKIEL_ELLIOTT_1_NFL,ezekiel elliott,rushing_yards,43.5,-113,-114,16.0,False
2,NO@DAL,ALVIN_KAMARA_1_NFL,alvin kamara,receiving_yards,65.5,+420,-990,65.0,False
2,NO@DAL,JUWAN_JOHNSON_1_NFL,juwan johnson,receiving_yards,22.5,-110,-114,0.0,False
2,NO@DAL,LUKE_SCHOONMAKER_1_NFL,luke schoonmaker,receiving_yards,43.5,+106,-138,43.0,False
2,NO@DAL,JAMAAL_WILLIAMS_1_NFL,jamaal williams,rushing_yards,15.5,-111,-113,39.0,False
2,NO@DAL,BRANDIN_COOKS_1_NFL,brandin cooks,receiving_yards,46.5,-111,-116,19.0,False
2,NO@DAL,CEEDEE_LAMB_1_NFL,ceedee lamb,receiving_yards,87.5,-124,-108,90.0,False
2,NO@DAL,TAYSOM_HILL_1_NFL,taysom hill,rushing_yards,15.5,-118,-113,18.0,False
2,NO@DAL,CHRIS_OLAVE_1_NFL,chris olave,receiving_yards,57.5,-119,-113,81.0,False
2,NO@DAL,CEDRICK_WILSON_JR_1_NFL,cedrick wilson,receiving_yards,6.5,-120,-110,0.0,False
2,NO@DAL,RASHID_SHAHEED_1_NFL,rashid shaheed,receiving_yards,96.5,+375,-805,96.0,False
2,NO@DAL,JALEN_TOLBERT_1_NFL,jalen tolbert,receiving_yards,82.5,+104,-135,82.0,False
2,LV@BAL,ZAY_FLOWERS_1_NFL,zay flowers,receiving_yards,49.5,-112,-117,91.0,False
2,LV@BAL,DAVANTE_ADAMS_1_NFL,davante adams,receiving_yards,59.5,-113,-115,110.0,False
2,LV@BAL,GARDNER_MINSHEW_1_NFL,gardner minshew,passing_yards,199.5,-113,-114,276.0,False
2,LV@BAL,DERRICK_HENRY_1_NFL,derrick henry,receiving_yards,12.5,+1140,-999900,12.0,False
2,LV@BAL,ISAIAH_LIKELY_1_NFL,isaiah likely,receiving_yards,26.5,+410,-960,26.0,False
2,LV@BAL,TRE_TUCKER_1_NFL,tre tucker,receiving_yards,13.5,+1325,-999900,13.0,False
2,LV@BAL,JUSTICE_HILL_1_NFL,justice hill,receiving_yards,13.5,-118,-112,10.0,False
2,LV@BAL,NELSON_AGHOLOR_1_NFL,nelson agholor,receiving_yards,24.5,+800,-111,13.0,False
2,LV@BAL,MICHAEL_MAYER_1_NFL,michael mayer,receiving_yards,11.5,-111,-123,11.0,False
2,LV@BAL,MARK_ANDREWS_1_NFL,mark andrews,receiving_yards,39.5,-112,-117,51.0,False
2,LV@BAL,JAKOBI_MEYERS_1_NFL,jakobi meyers,receiving_yards,35.5,-116,-112,29.0,False
2,LV@BAL,ZAMIR_WHITE_1_NFL,zamir white,receiving_yards,6.5,-112,-115,14.0,False
2,LV@BAL,ALEXANDER_MATTISON_1_NFL,alexander mattison,rushing_yards,21.5,-110,-118,1.0,False
2,LV@BAL,KEATON_MITCHELL_1_NFL,keaton mitchell,rushing_yards,15.5,+105,-125,0.0,False
2,LV@BAL,RASHOD_BATEMAN_1_NFL,rashod bateman,receiving_yards,40.5,+430,-1040,40.0,False
2,LV@BAL,BROCK_BOWERS_1_NFL,brock bowers,receiving_yards,98.5,+1240,-999900,98.0,False
2,LV@BAL,LAMAR_JACKSON_1_NFL,lamar jackson,passing_yards,213.5,-114,-114,247.0,False
2,LA@ARI,KYREN_WILLIAMS_1_NFL,kyren williams,receiving_yards,14.5,-118,-114,27.0,False
2,LA@ARI,TUTU_ATWELL_1_NFL,tutu atwell,receiving_yards,49.5,+105,-112,48.0,False
2,LA@ARI,KYLER_MURRAY_1_NFL,kyler murray,rushing_yards,31.5,-114,-113,59.0,False
2,LA@ARI,GREG_DORTCH_1_NFL,greg dortch,receiving_yards,30.5,-115,-113,11.0,False
2,LA@ARI,PUKA_NACUA_1_NFL,puka nacua,receiving_yards,29.5,-110,-110,0.0,False
2,LA@ARI,JAMES_CONNER_1_NFL,james conner,receiving_yards,13.5,-116,-112,2.0,False
2,LA@ARI,EMARI_DEMERCADO_1_NFL,emari demercado,rushing_yards,24.5,+330,,46.0,False
2,LA@ARI,RONNIE_RIVERS_1_NFL,ronnie rivers,rushing_yards,24.5,+1000,,0.0,False
2,LA@ARI,TREY_MCBRIDE_1_NFL,trey mcbride,receiving_yards,50.5,-118,-113,67.0,False
2,LA@ARI,TYLER_JOHNSON_1_NFL,tyler johnson,receiving_yards,35.5,-118,-114,20.0,False
2,LA@ARI,MATTHEW_STAFFORD_1_NFL,matthew stafford,passing_yards,255.5,-118,-118,216.0,False
2,LA@ARI,COOPER_KUPP_1_NFL,cooper kupp,receiving_yards,86.5,-116,-114,37.0,False
2,LA@ARI,DESJUAN_JOHNSON_1_NFL,desjuan johnson,receiving_yards,34.5,-105,,0.0,False
2,LA@ARI,MACK_WILSON_1_NFL,mack wilson,receiving_yards,29.5,-117,-113,31.0,False
2,LA@ARI,DEMARCUS_ROBINSON_1_NFL,demarcus robinson,receiving_yards,43.5,-116,-113,50.0,False
2,LA@ARI,COLBY_PARKINSON_1_NFL,colby parkinson,receiving_yards,12.5,+108,-140,12.0,False
2,LA@ARI,ELIJAH_HIGGINS_1_NFL,elijah higgins,receiving_yards,24.5,+110,,18.0,False
2,LA@ARI,DIVAAD_WILSON_1_NFL,divaad wilson,receiving_yards,29.5,-115,,0.0,False
2,LA@ARI,TREY_BENSON_1_NFL,trey benson,receiving_yards,34.5,-110,-110,7.0,False
2,LA@ARI,MARVIN_HARRISON_JR_1_NFL,marvin harrison,receiving_yards,57.5,-117,-113,130.0,False
2,PIT@DEN,JOSH_REYNOLDS_1_NFL,josh reynolds,receiving_yards,89.5,+1100,-113,93.0,False
2,PIT@DEN,JUSTIN_FIELDS_1_NFL,justin fields,rushing_yards,24.5,-950,-112,27.0,False
2,PIT@DEN,COURTLAND_SUTTON_1_NFL,courtland sutton,receiving_yards,40.5,-117,-110,26.0,False
2,PIT@DEN,JAYLEN_WARREN_1_NFL,jaylen warren,receiving_yards,9.5,-112,-116,19.0,False
2,PIT@DEN,JAVONTE_WILLIAMS_1_NFL,javonte williams,rushing_yards,43.5,-115,-118,17.0,False
2,PIT@DEN,GREG_DULCICH_1_NFL,greg dulcich,receiving_yards,21.5,-110,-125,16.0,False
2,PIT@DEN,PAT_FREIERMUTH_1_NFL,pat freiermuth,receiving_yards,39.5,+1875,-999900,39.0,False
2,PIT@DEN,BO_NIX_1_NFL,bo nix,rushing_yards,24.5,-112,-115,25.0,False
2,PIT@DEN,RUSSELL_WILSON_1_NFL,russell wilson,passing_yards,160.5,-110,-110,0.0,False
2,PIT@DEN,CALVIN_AUSTIN_1_NFL,calvin austin,receiving_yards,8.5,-115,-118,6.0,False
2,PIT@DEN,VAN_JEFFERSON_1_NFL,van jefferson,receiving_yards,14.5,+1885,-999900,14.0,False
2,PIT@DEN,JALEEL_MCLAUGHLIN_1_NFL,jaleel mclaughlin,receiving_yards,15.5,-114,-114,0.0,False
2,PIT@DEN,NAJEE_HARRIS_1_NFL,najee harris,receiving_yards,7.5,-113,-118,5.0,False
2,PIT@DEN,GEORGE_PICKENS_1_NFL,george pickens,receiving_yards,29.5,+1855,-999900,29.0,False
2,PIT@DEN,DARNELL_WASHINGTON_1_NFL,darnell washington,receiving_yards,24.5,+390,,5.0,False
2,PIT@DEN,MARVIN_MIMS_JR_1_NFL,marvin mims,receiving_yards,8.5,+1170,-999900,10.0,False
2,CIN@KC,ISIAH_PACHECO_1_NFL,isiah pacheco,rushing_yards,67.5,-125,-110,90.0,False
2,CIN@KC,JOE_BURROW_1_NFL,joe burrow,passing_yards,267.5,-115,-113,258.0,False
2,CIN@KC,JAYLEN_WATSON_1_NFL,jaylen watson,receiving_yards,19.5,+105,,0.0,False
2,CIN@KC,PATRICK_MAHOMES_1_NFL,patrick mahomes,rushing_yards,20.5,-114,-118,29.0,False
2,CIN@KC,SAMAJE_PERINE_1_NFL,samaje perine,receiving_yards,9.5,-113,-115,3.0,False
2,CIN@KC,NOAH_GRAY_1_NFL,noah gray,receiving_yards,0.5,+1380,-999900,0.0,False
2,CIN@KC,CHASE_BROWN_1_NFL,chase brown,receiving_yards,0.5,+1350,-999900,0.0,False
2,CIN@KC,JERMAINE_BURTON_1_NFL,jermaine burton,receiving_yards,23.5,-110,-110,47.0,False
2,CIN@KC,DREW_SAMPLE_1_NFL,drew sample,receiving_yards,10.5,-112,-117,28.0,False
2,CIN@KC,TRAYVEON_WILLIAMS_1_NFL,trayveon williams,rushing_yards,5.5,+112,-145,0.0,False
2,CIN@KC,ZACK_MOSS_1_NFL,zack moss,rushing_yards,38.5,-114,-120,34.0,False
2,CIN@KC,JAMARR_CHASE_1_NFL,jamarr chase,receiving_yards,38.5,-110,-120,35.0,False
2,CIN@KC,JUSTIN_WATSON_1_NFL,justin watson,receiving_yards,15.5,-118,-115,22.0,False
2,CIN@KC,ANDREI_IOSIVAS_1_NFL,andrei iosivas,receiving_yards,7.5,+346,-560,7.0,False
2,CIN@KC,MIKE_GESICKI_1_NFL,mike gesicki,receiving_yards,91.5,+150,-200,91.0,False
2,CIN@KC,TRAVIS_KELCE_1_NFL,travis kelce,receiving_yards,5.5,+107,-140,5.0,False
2,CIN@KC,TRENTON_IRWIN_1_NFL,trenton irwin,receiving_yards,21.5,-119,-110,5.0,False
2,CIN@KC,RASHEE_RICE_1_NFL,rashee rice,receiving_yards,69.5,-115,-115,75.0,False
2,CIN@KC,JUJU_SMITHSCHUSTER_1_NFL,juju smithschuster,receiving_yards,0.5,+1260,-999900,0.0,False
2,CIN@KC,CHARLIE_JONES_1_NFL,charlie jones,receiving_yards,39.5,-109,-111,0.0,False
2,CIN@KC,XAVIER_WORTHY_1_NFL,xavier worthy,receiving_yards,17.5,+272,-440,17.0,False
2,CHI@HOU,JOE_MIXON_1_NFL,joe mixon,receiving_yards,16.5,-116,-117,25.0,False
2,CHI@HOU,DALTON_SCHULTZ_1_NFL,dalton schultz,receiving_yards,27.5,-112,-112,21.0,False
2,CHI@HOU,TANK_DELL_1_NFL,tank dell,receiving_yards,55.5,-116,-115,-3.0,False
2,CHI@HOU,DJ_MOORE_1_NFL,dj moore,receiving_yards,53.5,+220,-300,53.0,False
2,CHI@HOU,KHALIL_HERBERT_1_NFL,khalil herbert,rushing_yards,12.5,-116,-114,3.0,False
2,CHI@HOU,DANDRE_SWIFT_1_NFL,dandre swift,rushing_yards,45.5,-112,-115,18.0,False
2,CHI@HOU,KEENAN_ALLEN_1_NFL,keenan allen,receiving_yards,41.5,-115,-115,0.0,False
2,CHI@HOU,COLE_KMET_1_NFL,cole kmet,receiving_yards,18.5,-113,-115,27.0,False
2,CHI@HOU,GERALD_EVERETT_1_NFL,gerald everett,receiving_yards,1.5,+525,-1580,1.0,False
2,CHI@HOU,CJ_STROUD_1_NFL,cj stroud,passing_yards,256.5,+134,-176,260.0,False
2,CHI@HOU,NICO_COLLINS_1_NFL,nico collins,receiving_yards,135.5,+1495,-999900,135.0,False
2,CHI@HOU,BREVIN_JORDAN_1_NFL,brevin jordan,receiving_yards,7.5,-115,-115,4.0,False
2,CHI@HOU,DEANDRE_CARTER_1_NFL,deandre carter,receiving_yards,32.5,+425,-1010,32.0,False
2,CHI@HOU,ROSCHON_JOHNSON_1_NFL,roschon johnson,rushing_yards,24.5,+500,,0.0,False
2,CHI@HOU,TYLER_SCOTT_1_NFL,tyler scott,receiving_yards,8.5,-112,-115,0.0,False
2,CHI@HOU,CHRIS_WILLIAMS_1_NFL,chris williams,passing_yards,171.5,-114,-114,174.0,False
2,CHI@HOU,CAM_AKERS_1_NFL,cam akers,rushing_yards,11.5,-119,-115,32.0,False
2,CHI@HOU,ROME_ODUNZE_1_NFL,rome odunze,receiving_yards,42.5,-118,-110,33.0,False
2,CHI@HOU,STEFON_DIGGS_1_NFL,stefon diggs,receiving_yards,51.5,-114,-114,37.0,False
3,NE@NYJ,TYLER_CONKLIN_1_NFL,tyler conklin,receiving_yards,93.5,+1825,-999900,93.0,False
3,NE@NYJ,MIKE_WILLIAMS_1_NFL,mike williams,receiving_yards,24.5,-112,-117,34.0,False
3,NE@NYJ,ALLEN_LAZARD_1_NFL,allen lazard,rushing_yards,24.5,-135,,0.0,False
3,NE@NYJ,AARON_RODGERS_1_NFL,aaron rodgers,passing_yards,214.5,-113,-116,281.0,False
3,NE@NYJ,BRAELON_ALLEN_1_NFL,braelon allen,receiving_yards,9.5,-110,-120,13.0,False
3,NE@NYJ,BREECE_HALL_1_NFL,breece hall,rushing_yards,63.5,-114,-119,54.0,False
3,NE@NYJ,MALACHI_CORLEY_1_NFL,malachi corley,receiving_yards,29.5,-110,-110,0.0,False
3,NE@NYJ,TYQUAN_THORNTON_1_NFL,tyquan thornton,receiving_yards,11.5,-118,-115,0.0,False
3,NE@NYJ,DEMARIO_DOUGLAS_1_NFL,demario douglas,receiving_yards,49.5,+147,-194,69.0,False
3,NE@NYJ,JACOBY_BRISSETT_1_NFL,jacoby brissett,rushing_yards,13.5,-113,-118,0.0,False
3,NE@NYJ,ANTONIO_GIBSON_1_NFL,antonio gibson,receiving_yards,8.5,+134,-176,8.0,False
3,NE@NYJ,KJ_OSBORN_1_NFL,kj osborn,receiving_yards,0.5,+495,-1365,0.0,False
3,NE@NYJ,RHAMONDRE_STEVENSON_1_NFL,rhamondre stevenson,rushing_yards,67.5,-115,-117,23.0,False
3,NE@NYJ,AUSTIN_HOOPER_1_NFL,austin hooper,receiving_yards,19.5,+800,-8750,19.0,False
3,NE@NYJ,HUNTER_HENRY_1_NFL,hunter henry,receiving_yards,9.5,+215,-326,9.0,False
3,NE@NYJ,GARRETT_WILSON_1_NFL,garrett wilson,receiving_yards,66.5,-118,-114,33.0,False
3,NE@NYJ,JALYNN_POLK_1_NFL,jalynn polk,receiving_yards,18.5,-115,-118,13.0,False
3,NE@NYJ,JEREMY_RUCKERT_1_NFL,jeremy ruckert,receiving_yards,15.5,+1795,-999900,15.0,False
3,NE@NYJ,KAYSHON_BOUTTE_1_NFL,kayshon boutte,receiving_yards,2.5,-115,-115,2.0,False
3,NE@NYJ,XAVIER_GIPSON_1_NFL,xavier gipson,rushing_yards,1.5,-125,-105,0.0,False
3,GB@TEN,EMANUEL_WILSON_1_NFL,emanuel wilson,receiving_yards,49.5,+550,-110,35.0,False
3,GB@TEN,TONY_POLLARD_1_NFL,tony pollard,rushing_yards,62.5,-111,-120,14.0,False
3,GB@TEN,TUCKER_KRAFT_1_NFL,tucker kraft,receiving_yards,15.5,-114,-115,24.0,False
3,GB@TEN,CHIGOZIEM_OKONOKWO_1_NFL,chigoziem okonokwo,receiving_yards,8.5,+182,-250,15.0,False
3,GB@TEN,JAYDEN_REED_1_NFL,jayden reed,rushing_yards,19.5,+835,-13985,19.0,False
3,GB@TEN,TYJAE_SPEARS_1_NFL,tyjae spears,rushing_yards,25.5,-113,-111,7.0,False
3,GB@TEN,JOSH_JACOBS_1_NFL,josh jacobs,receiving_yards,9.5,-118,-110,5.0,False
3,GB@TEN,DONTAYVION_WICKS_1_NFL,dontayvion wicks,receiving_yards,0.5,+1540,-999900,0.0,False
3,GB@TEN,TYLER_BOYD_1_NFL,tyler boyd,receiving_yards,21.5,+137,-184,33.0,False
3,GB@TEN,LUKE_MUSGRAVE_1_NFL,luke musgrave,receiving_yards,3.5,+1625,-999900,3.0,False
3,GB@TEN,CHRISTIAN_WATSON_1_NFL,christian watson,rushing_yards,1.5,-105,-125,0.0,False
3,GB@TEN,MALIK_WILLIS_1_NFL,malik willis,rushing_yards,32.5,-112,-117,73.0,False
3,GB@TEN,WILL_LEVIS_1_NFL,will levis,rushing_yards,13.5,-112,-115,12.0,False
3,GB@TEN,ROMEO_DOUBS_1_NFL,romeo doubs,receiving_yards,18.5,+1385,-999900,18.0,False
3,GB@TEN,DEANDRE_HOPKINS_1_NFL,deandre hopkins,receiving_yards,73.5,+127,-165,73.0,False
3,GB@TEN,JOSH_WHYLE_1_NFL,josh whyle,receiving_yards,49.5,+475,,43.0,False
3,GB@TEN,TREYLON_BURKS_1_NFL,treylon burks,receiving_yards,9.5,+350,-525,9.0,False
3,GB@TEN,CALVIN_RIDLEY_1_NFL,calvin ridley,receiving_yards,9.5,+102,-134,9.0,False
3,PHI@NO,KENNETH_GAINWELL_1_NFL,kenneth gainwell,rushing_yards,7.5,-110,-125,0.0,False
3,PHI@NO,JALEN_HURTS_1_NFL,jalen hurts,passing_yards,285.5,-120,-125,311.0,False
3,PHI@NO,SAQUON_BARKLEY_1_NFL,saquon barkley,receiving_yards,12.5,-120,-130,9.0,False
3,PHI@NO,DEVONTA_SMITH_1_NFL,devonta smith,receiving_yards,71.5,-114,-112,79.0,False
3,PHI@NO,DEREK_CARR_1_NFL,derek carr,rushing_yards,2.5,-109,-119,3.0,False
3,PHI@NO,FOSTER_MOREAU_1_NFL,foster moreau,receiving_yards,16.5,-118,-118,2.0,False
3,PHI@NO,ALVIN_KAMARA_1_NFL,alvin kamara,receiving_yards,32.5,-118,-111,40.0,False
3,PHI@NO,BRITAIN_COVEY_1_NFL,britain covey,receiving_yards,16.5,-117,-118,11.0,False
3,PHI@NO,EQUANIMEOUS_ST_BROWN_1_NFL,equanimeous st brown,receiving_yards,7.5,-115,-115,0.0,False
3,PHI@NO,RASHID_SHAHEED_1_NFL,rashid shaheed,rushing_yards,24.5,+1200,,0.0,False
3,PHI@NO,DALLAS_GOEDERT_1_NFL,dallas goedert,receiving_yards,116.5,-125,-120,170.0,False
3,PHI@NO,JUWAN_JOHNSON_1_NFL,juwan johnson,receiving_yards,23.5,-112,-115,0.0,False
3,PHI@NO,GRANT_CALCATERRA_1_NFL,grant calcaterra,receiving_yards,9.5,-120,-110,0.0,False
3,PHI@NO,JAMAAL_WILLIAMS_1_NFL,jamaal williams,rushing_yards,19.5,-118,-110,-1.0,False
3,PHI@NO,CHRIS_OLAVE_1_NFL,chris olave,receiving_yards,66.5,-118,-116,86.0,False
3,PHI@NO,CEDRICK_WILSON_JR_1_NFL,cedrick wilson,receiving_yards,24.5,+475,-110,3.0,False
3,HOU@MIN,JOE_MIXON_1_NFL,joe mixon,receiving_yards,9.5,-110,-110,0.0,False
3,HOU@MIN,JOHNNY_MUNDT_1_NFL,johnny mundt,receiving_yards,24.5,-114,-113,2.0,False
3,HOU@MIN,SAM_DARNOLD_1_NFL,sam darnold,passing_yards,236.5,-114,-114,181.0,False
3,HOU@MIN,DALTON_SCHULTZ_1_NFL,dalton schultz,receiving_yards,11.5,+279,-445,11.0,False
3,HOU@MIN,TANK_DELL_1_NFL,tank dell,receiving_yards,29.5,-115,-115,62.0,False
3,HOU@MIN,AARON_JONES_1_NFL,aaron jones,receiving_yards,46.5,+1770,-999900,46.0,False
3,HOU@MIN,TY_CHANDLER_1_NFL,ty chandler,receiving_yards,8.5,-116,-113,0.0,False
3,HOU@MIN,CJ_STROUD_1_NFL,cj stroud,passing_yards,255.5,-115,-115,215.0,False
3,HOU@MIN,NICO_COLLINS_1_NFL,nico collins,receiving_yards,86.5,+225,-342,86.0,False
3,HOU@MIN,BRANDON_POWELL_1_NFL,brandon powell,rushing_yards,24.5,+650,,7.0,False
3,HOU@MIN,JUSTIN_JEFFERSON_1_NFL,justin jefferson,receiving_yards,81.5,+1750,-999900,81.0,False
3,HOU@MIN,DARE_OGUNBOWALE_1_NFL,dare ogunbowale,receiving_yards,7.5,-120,-110,28.0,False
3,HOU@MIN,JALEN_NAILOR_1_NFL,jalen nailor,receiving_yards,31.5,+1730,-999900,31.0,False
3,HOU@MIN,JOSH_OLIVER_1_NFL,josh oliver,receiving_yards,0.5,+1730,-999900,0.0,False
3,HOU@MIN,CAM_AKERS_1_NFL,cam akers,rushing_yards,21.5,+870,-32160,21.0,False
3,HOU@MIN,STEFON_DIGGS_1_NFL,stefon diggs,receiving_yards,76.5,-115,-115,94.0,False
3,NYG@CLE,MALIK_NABERS_1_NFL,malik nabers,rushing_yards,57.5,-110,-110,4.0,False
3,NYG@CLE,DANIEL_JONES_1_NFL,daniel jones,passing_yards,240.5,-115,-115,236.0,False
3,NYG@CLE,CEDRIC_TILLMAN_1_NFL,cedric tillman,receiving_yards,4.5,+325,-645,4.0,False
3,NYG@CLE,JEROME_FORD_1_NFL,jerome ford,receiving_yards,33.5,+130,-181,33.0,False
3,NYG@CLE,DONTA_FOREMAN_1_NFL,donta foreman,rushing_yards,43.5,-120,-108,5.0,False
3,NYG@CLE,DESHAUN_WATSON_1_NFL,deshaun watson,rushing_yards,20.5,-115,-114,26.0,False
3,NYG@CLE,JORDAN_AKINS_1_NFL,jordan akins,receiving_yards,29.5,+222,-347,29.0,False
3,NYG@CLE,AMARI_COOPER_1_NFL,amari cooper,receiving_yards,80.5,-105,-125,86.0,False
3,NYG@CLE,THEO_JOHNSON_1_NFL,theo johnson,receiving_yards,13.5,+1175,-999900,13.0,False
3,NYG@CLE,DEVIN_SINGLETARY_1_NFL,devin singletary,rushing_yards,28.5,-109,-120,65.0,False
3,NYG@CLE,DARIUS_SLAYTON_1_NFL,darius slayton,receiving_yards,7.5,+1150,-999900,7.0,False
3,NYG@CLE,DANIEL_BELLINGER_1_NFL,daniel bellinger,receiving_yards,24.5,+120,,17.0,False
3,NYG@CLE,TYRONE_TRACY_1_NFL,tyrone tracy,rushing_yards,24.5,+450,,23.0,False
3,NYG@CLE,NICK_CHUBB_1_NFL,nick chubb,rushing_yards,42.5,-110,-110,0.0,False
3,NYG@CLE,ELIJAH_MOORE_1_NFL,elijah moore,receiving_yards,17.5,+182,-272,17.0,False
3,NYG@CLE,WANDALE_ROBINSON_1_NFL,wandale robinson,rushing_yards,0.5,+190,-264,0.0,False
3,NYG@CLE,JERRY_JEUDY_1_NFL,jerry jeudy,receiving_yards,27.5,+155,-230,27.0,False
3,CHI@IND,MICHAEL_PITTMAN_1_NFL,michael pittman,rushing_yards,73.5,-110,-110,0.0,False
3,CHI@IND,ANTHONY_RICHARDSON_1_NFL,anthony richardson,passing_yards,198.5,-115,-113,167.0,False
3,CHI@IND,KYLEN_GRANSON_1_NFL,kylen granson,receiving_yards,40.5,+1695,-999900,40.0,False
3,CHI@IND,DJ_MOORE_1_NFL,dj moore,receiving_yards,78.5,+795,-8670,78.0,False
3,CHI@IND,KHALIL_HERBERT_1_NFL,khalil herbert,rushing_yards,17.5,-121,-110,9.0,False
3,CHI@IND,DANDRE_SWIFT_1_NFL,dandre swift,rushing_yards,54.5,-117,-112,20.0,False
3,CHI@IND,DEANDRE_CARTER_1_NFL,deandre carter,rushing_yards,0.5,-115,-115,0.0,False
3,CHI@IND,KEENAN_ALLEN_1_NFL,keenan allen,receiving_yards,38.5,-110,-110,0.0,False
3,CHI@IND,COLE_KMET_1_NFL,cole kmet,receiving_yards,21.5,-116,-114,97.0,False
3,CHI@IND,ALEC_PIERCE_1_NFL,alec pierce,receiving_yards,44.5,+1665,-999900,44.0,False
3,CHI@IND,GERALD_EVERETT_1_NFL,gerald everett,receiving_yards,0.5,+1130,-999900,0.0,False
3,CHI@IND,JOSH_DOWNS_1_NFL,josh downs,receiving_yards,22.5,+1700,-999900,22.0,False
3,CHI@IND,JONATHAN_TAYLOR_1_NFL,jonathan taylor,receiving_yards,11.5,-114,-113,25.0,False
3,CHI@IND,CHRIS_WILLIAMS_1_NFL,chris williams,rushing_yards,8.5,+1200,-999900,8.0,False
3,CHI@IND,VELUS_JONES_JR_1_NFL,velus jones,receiving_yards,0.5,+265,-445,0.0,False
3,CHI@IND,ROSCHON_JOHNSON_1_NFL,roschon johnson,rushing_yards,49.5,+1200,-165,30.0,False
3,CHI@IND,TREY_SERMON_1_NFL,trey sermon,rushing_yards,8.5,-109,-119,16.0,False
3,CHI@IND,ROME_ODUNZE_1_NFL,rome odunze,receiving_yards,118.5,+260,-375,112.0,False
3,DEN@TB,DEVAUGHN_VELE_1_NFL,devaughn vele,receiving_yards,17.5,-117,-112,0.0,False
3,DEN@TB,JOSH_REYNOLDS_1_NFL,josh reynolds,receiving_yards,36.5,+1540,-999900,36.0,False
3,DEN@TB,ADAM_TRAUTMAN_1_NFL,adam trautman,receiving_yards,24.5,+210,,13.0,False
3,DEN@TB,BUCKY_IRVING_1_NFL,bucky irving,rushing_yards,32.5,-118,-111,70.0,False
3,DEN@TB,COURTLAND_SUTTON_1_NFL,courtland sutton,receiving_yards,68.5,+1445,-999900,68.0,False
3,DEN@TB,MARVIN_MIMS_JR_1_NFL,marvin mims,receiving_yards,6.5,-114,-114,9.0,False
3,DEN@TB,JAVONTE_WILLIAMS_1_NFL,javonte williams,rushing_yards,42.5,-108,-120,12.0,False
3,DEN@TB,CADE_OTTON_1_NFL,cade otton,receiving_yards,44.5,+148,-191,47.0,False
3,DEN@TB,GREG_DULCICH_1_NFL,greg dulcich,receiving_yards,0.5,+1605,-999900,0.0,False
3,DEN@TB,BAKER_MAYFIELD_1_NFL,baker mayfield,passing_yards,176.5,-120,-117,163.0,False
3,DEN@TB,RACHAAD_WHITE_1_NFL,rachaad white,rushing_yards,48.5,-112,-118,17.0,False
3,DEN@TB,BO_NIX_1_NFL,bo nix,rushing_yards,20.5,-115,-113,47.0,False
3,DEN@TB,CHRIS_GODWIN_1_NFL,chris godwin,receiving_yards,55.5,-120,-110,53.0,False
3,DEN@TB,JALEEL_MCLAUGHLIN_1_NFL,jaleel mclaughlin,receiving_yards,7.5,+1785,-999900,7.0,False
3,DEN@TB,MIKE_EVANS_1_NFL,mike evans,receiving_yards,23.5,-115,-114,17.0,False
3,DEN@TB,LILJORDAN_HUMPHREY_1_NFL,liljordan humphrey,receiving_yards,37.5,+1590,-999900,37.0,False
3,DEN@TB,JALEN_MCMILLAN_1_NFL,jalen mcmillan,receiving_yards,5.5,+240,-350,6.0,False
3,LAC@PIT,LADD_MCCONKEY_1_NFL,ladd mcconkey,receiving_yards,44.5,-102,-135,44.0,False
3,LAC@PIT,GUS_EDWARDS_1_NFL,gus edwards,receiving_yards,2.5,-112,-118,0.0,False
3,LAC@PIT,QUENTIN_JOHNSTON_1_NFL,quentin johnston,receiving_yards,44.5,+110,-165,44.0,False
3,LAC@PIT,JUSTIN_FIELDS_1_NFL,justin fields,rushing_yards,42.5,-120,-110,6.0,False
3,LAC@PIT,JK_DOBBINS_1_NFL,jk dobbins,rushing_yards,56.5,-115,-112,44.0,False
3,LAC@PIT,JAYLEN_WARREN_1_NFL,jaylen warren,receiving_yards,15.5,-114,-111,-4.0,False
3,LAC@PIT,PAT_FREIERMUTH_1_NFL,pat freiermuth,receiving_yards,24.5,-119,-112,33.0,False
3,LAC@PIT,WILL_DISSLY_1_NFL,will dissly,receiving_yards,19.5,+535,-1660,19.0,False
3,LAC@PIT,JUSTIN_HERBERT_1_NFL,justin herbert,passing_yards,174.5,-135,+104,125.0,False
3,LAC@PIT,CALVIN_AUSTIN_1_NFL,calvin austin,receiving_yards,49.5,+180,,95.0,False
3,LAC@PIT,VAN_JEFFERSON_1_NFL,van jefferson,receiving_yards,14.5,-103,-123,0.0,False
3,LAC@PIT,NAJEE_HARRIS_1_NFL,najee harris,receiving_yards,7.5,-112,-115,16.0,False
3,LAC@PIT,GEORGE_PICKENS_1_NFL,george pickens,receiving_yards,48.5,-115,-114,57.0,False
3,MIA@SEA,NOAH_FANT_1_NFL,noah fant,receiving_yards,24.5,-115,-115,60.0,False
3,MIA@SEA,GENO_SMITH_1_NFL,geno smith,passing_yards,235.5,-118,-110,289.0,False
3,MIA@SEA,CAM_SMITH_1_NFL,cam smith,receiving_yards,19.5,-115,,0.0,False
3,MIA@SEA,DEVON_ACHANE_1_NFL,devon achane,rushing_yards,72.5,-117,-112,30.0,False
3,MIA@SEA,TYREEK_HILL_1_NFL,tyreek hill,receiving_yards,40.5,-112,-125,40.0,False
3,MIA@SEA,SKYLAR_THOMPSON_1_NFL,skylar thompson,rushing_yards,6.5,-117,-111,0.0,False
3,MIA@SEA,ZACH_CHARBONNET_1_NFL,zach charbonnet,rushing_yards,69.5,-112,-115,91.0,False
3,MIA@SEA,BRAXTON_BERRIOS_1_NFL,braxton berrios,receiving_yards,6.5,-115,-115,0.0,False
3,MIA@SEA,JAYLEN_WRIGHT_1_NFL,jaylen wright,rushing_yards,17.5,+300,-565,17.0,False
3,MIA@SEA,JAXON_SMITHNJIGBA_1_NFL,jaxon smithnjigba,receiving_yards,51.5,-115,-116,39.0,False
3,MIA@SEA,JEFFERY_WILSON_1_NFL,jeffery wilson,rushing_yards,24.5,+400,,14.0,False
3,MIA@SEA,TYLER_LOCKETT_1_NFL,tyler lockett,receiving_yards,40.5,-118,-112,46.0,False
3,MIA@SEA,DK_METCALF_1_NFL,dk metcalf,receiving_yards,60.5,-115,-115,104.0,False
3,MIA@SEA,JULIAN_HILL_1_NFL,julian hill,receiving_yards,69.5,+115,,24.0,False
3,MIA@SEA,JONNU_SMITH_1_NFL,jonnu smith,receiving_yards,16.5,-119,-116,18.0,False
3,MIA@SEA,JAYLEN_WADDLE_1_NFL,jaylen waddle,rushing_yards,0.5,+135,-185,0.0,False
3,MIA@SEA,TUA_TAGOVAILOA_1_NFL,tua tagovailoa,passing_yards,193.5,-108,-112,0.0,False
3,MIA@SEA,DURHAM_SMYTHE_1_NFL,durham smythe,receiving_yards,17.5,-120,-110,3.0,False
3,CAR@LV,JATAVION_SANDERS_1_NFL,jatavion sanders,receiving_yards,11.5,-115,-116,0.0,False
3,CAR@LV,DAVANTE_ADAMS_1_NFL,davante adams,receiving_yards,46.5,-114,-114,40.0,False
3,CAR@LV,GARDNER_MINSHEW_1_NFL,gardner minshew,passing_yards,256.5,-120,-110,214.0,False
3,CAR@LV,CHUBA_HUBBARD_1_NFL,chuba hubbard,receiving_yards,13.5,-113,-114,55.0,False
3,CAR@LV,ADAM_THIELEN_1_NFL,adam thielen,receiving_yards,43.5,-108,-120,40.0,False
3,CAR@LV,JONATHON_BROOKS_1_NFL,jonathon brooks,rushing_yards,23.5,-110,-110,0.0,False
3,CAR@LV,ANDY_DALTON_1_NFL,andy dalton,rushing_yards,3.5,-111,-119,-2.0,False
3,CAR@LV,TRE_TUCKER_1_NFL,tre tucker,receiving_yards,16.5,-118,-110,96.0,False
3,CAR@LV,XAVIER_LEGETTE_1_NFL,xavier legette,receiving_yards,42.5,+1730,-999900,42.0,False
3,CAR@LV,MICHAEL_MAYER_1_NFL,michael mayer,receiving_yards,9.5,-120,-109,7.0,False
3,CAR@LV,MILES_SANDERS_1_NFL,miles sanders,rushing_yards,20.5,-102,-128,17.0,False
3,CAR@LV,DJ_JOHNSON_1_NFL,dj johnson,receiving_yards,122.5,+1650,-999900,122.0,False
3,CAR@LV,ZAMIR_WHITE_1_NFL,zamir white,passing_yards,219.5,-110,-110,0.0,False
3,CAR@LV,TOMMY_TREMBLE_1_NFL,tommy tremble,receiving_yards,29.5,+1750,-999900,29.0,False
3,CAR@LV,JAKOBI_MEYERS_1_NFL,jakobi meyers,receiving_yards,18.5,+106,-138,62.0,False
3,CAR@LV,ALEXANDER_MATTISON_1_NFL,alexander mattison,rushing_yards,25.5,+110,-143,7.0,False
3,CAR@LV,BRYCE_YOUNG_1_NFL,bryce young,passing_yards,210.5,-110,-110,0.0,False
3,CAR@LV,JONATHAN_MINGO_1_NFL,jonathan mingo,receiving_yards,18.5,-116,-111,18.0,False
3,CAR@LV,BROCK_BOWERS_1_NFL,brock bowers,receiving_yards,39.5,-120,-110,41.0,False
3,DET@ARI,JARED_GOFF_1_NFL,jared goff,rushing_yards,0.5,+102,-135,6.0,False
3,DET@ARI,KYLER_MURRAY_1_NFL,kyler murray,rushing_yards,45.5,+405,-700,45.0,False
3,DET@ARI,KALIF_RAYMOND_1_NFL,kalif raymond,receiving_yards,14.5,-112,-117,0.0,False
3,DET@ARI,JAMESON_WILLIAMS_1_NFL,jameson williams,rushing_yards,0.5,+130,-174,-7.0,False
3,DET@ARI,JAMES_CONNER_1_NFL,james conner,receiving_yards,8.5,+1375,-999900,8.0,False
3,DET@ARI,EMARI_DEMERCADO_1_NFL,emari demercado,rushing_yards,24.5,+475,,7.0,False
3,DET@ARI,DAVID_MONTGOMERY_1_NFL,david montgomery,receiving_yards,7.5,-116,-111,17.0,False
3,DET@ARI,JAHMYR_GIBBS_1_NFL,jahmyr gibbs,receiving_yards,20.5,+1310,-999900,20.0,False
3,DET@ARI,TREY_MCBRIDE_1_NFL,trey mcbride,receiving_yards,51.5,-117,-113,25.0,False
3,DET@ARI,SAM_LAPORTA_1_NFL,sam laporta,receiving_yards,43.5,-115,-112,36.0,False
3,DET@ARI,MACK_WILSON_1_NFL,mack wilson,receiving_yards,64.5,+302,-476,64.0,False
3,DET@ARI,BROCK_WRIGHT_1_NFL,brock wright,receiving_yards,49.5,+310,,34.0,False
3,DET@ARI,DIVAAD_WILSON_1_NFL,divaad wilson,receiving_yards,29.5,+105,,0.0,False
3,DET@ARI,TREY_BENSON_1_NFL,trey benson,receiving_yards,0.5,+1125,-999900,0.0,False
3,DET@ARI,MARVIN_HARRISON_JR_1_NFL,marvin harrison,receiving_yards,64.5,+325,-500,64.0,False
3,DET@ARI,GREG_DORTCH_1_NFL,greg dortch,receiving_yards,33.5,+1275,-999900,35.0,False
3,DET@ARI,AMONRA_ST_BROWN_1_NFL,amonra st brown,receiving_yards,57.5,+155,-205,75.0,False
3,SF@LA,BROCK_PURDY_1_NFL,brock purdy,rushing_yards,8.5,-114,-114,41.0,False
3,SF@LA,KYREN_WILLIAMS_1_NFL,kyren williams,receiving_yards,27.5,+645,-2815,27.0,False
3,SF@LA,TUTU_ATWELL_1_NFL,tutu atwell,receiving_yards,93.5,+695,-3730,93.0,False
3,SF@LA,KYLE_JUSZCZYK_1_NFL,kyle juszczyk,receiving_yards,6.5,+755,-5785,6.0,False
3,SF@LA,GEORGE_KITTLE_1_NFL,george kittle,receiving_yards,51.5,-118,-118,0.0,False
3,SF@LA,RONNIE_RIVERS_1_NFL,ronnie rivers,rushing_yards,24.5,+550,,9.0,False
3,SF@LA,TYLER_JOHNSON_1_NFL,tyler johnson,receiving_yards,20.5,+565,-1915,20.0,False
3,SF@LA,MATTHEW_STAFFORD_1_NFL,matthew stafford,passing_yards,216.5,-116,-115,221.0,False
3,SF@LA,COOPER_KUPP_1_NFL,cooper kupp,receiving_yards,34.5,-110,-110,0.0,False
3,SF@LA,DESJUAN_JOHNSON_1_NFL,desjuan johnson,receiving_yards,34.5,-120,,0.0,False
3,SF@LA,CHRIS_CONLEY_1_NFL,chris conley,receiving_yards,10.5,-118,-118,0.0,False
3,SF@LA,DEMARCUS_ROBINSON_1_NFL,demarcus robinson,receiving_yards,32.5,+490,-1370,32.0,False
3,SF@LA,COLBY_PARKINSON_1_NFL,colby parkinson,receiving_yards,21.5,+550,-1740,21.0,False
3,SF@LA,JAUAN_JENNINGS_1_NFL,jauan jennings,receiving_yards,45.5,-112,-116,175.0,False
3,SF@LA,JORDAN_MASON_1_NFL,jordan mason,rushing_yards,94.5,-115,-112,77.0,False
3,SF@LA,DEEBO_SAMUEL_1_NFL,deebo samuel,receiving_yards,57.5,-118,-118,0.0,False
3,SF@LA,ERIC_SAUBERT_1_NFL,eric saubert,receiving_yards,24.5,+690,-3690,41.0,False
3,SF@LA,BRANDON_AIYUK_1_NFL,brandon aiyuk,receiving_yards,74.5,-117,-112,48.0,False
3,BAL@DAL,ZAY_FLOWERS_1_NFL,zay flowers,receiving_yards,54.5,-117,-113,20.0,False
3,BAL@DAL,JAKE_FERGUSON_1_NFL,jake ferguson,receiving_yards,37.5,-115,-114,95.0,False
3,BAL@DAL,DAK_PRESCOTT_1_NFL,dak prescott,rushing_yards,10.5,-110,-120,7.0,False
3,BAL@DAL,RICO_DOWDLE_1_NFL,rico dowdle,receiving_yards,11.5,-110,-118,24.0,False
3,BAL@DAL,DERRICK_HENRY_1_NFL,derrick henry,receiving_yards,6.5,-132,+106,23.0,False
3,BAL@DAL,EZEKIEL_ELLIOTT_1_NFL,ezekiel elliott,rushing_yards,32.5,-117,-115,6.0,False
3,BAL@DAL,ISAIAH_LIKELY_1_NFL,isaiah likely,receiving_yards,30.5,-115,-118,4.0,False
3,BAL@DAL,JUSTICE_HILL_1_NFL,justice hill,receiving_yards,12.5,-118,-118,21.0,False
3,BAL@DAL,NELSON_AGHOLOR_1_NFL,nelson agholor,receiving_yards,10.5,-119,-109,56.0,False
3,BAL@DAL,LAMAR_JACKSON_1_NFL,lamar jackson,rushing_yards,55.5,-115,-115,87.0,False
3,BAL@DAL,MARK_ANDREWS_1_NFL,mark andrews,receiving_yards,0.5,+520,-1535,0.0,False
3,BAL@DAL,BRANDIN_COOKS_1_NFL,brandin cooks,receiving_yards,38.5,-109,-116,16.0,False
3,BAL@DAL,KEATON_MITCHELL_1_NFL,keaton mitchell,rushing_yards,9.5,-110,-110,0.0,False
3,BAL@DAL,CEEDEE_LAMB_1_NFL,ceedee lamb,receiving_yards,67.5,+240,-325,67.0,False
3,BAL@DAL,RASHOD_BATEMAN_1_NFL,rashod bateman,receiving_yards,27.5,-118,-111,28.0,False
3,BAL@DAL,JALEN_TOLBERT_1_NFL,jalen tolbert,receiving_yards,27.5,-117,-112,42.0,False
3,KC@ATL,ISIAH_PACHECO_1_NFL,isiah pacheco,rushing_yards,16.5,-110,-110,0.0,False
3,KC@ATL,CARSON_STEELE_1_NFL,carson steele,receiving_yards,2.5,+1570,-999900,2.0,False
3,KC@ATL,SAMAJE_PERINE_1_NFL,samaje perine,rushing_yards,16.5,-120,-109,25.0,False
3,KC@ATL,JAYLEN_WATSON_1_NFL,jaylen watson,receiving_yards,19.5,-105,,0.0,False
3,KC@ATL,PATRICK_MAHOMES_1_NFL,patrick mahomes,rushing_yards,19.5,-110,-118,17.0,False
3,KC@ATL,NOAH_GRAY_1_NFL,noah gray,receiving_yards,13.5,+1440,-999900,13.0,False
3,KC@ATL,KYLE_PITTS_1_NFL,kyle pitts,receiving_yards,59.5,+438,-883,59.0,False
3,KC@ATL,KIRK_COUSINS_1_NFL,kirk cousins,passing_yards,242.5,-115,-115,230.0,False
3,KC@ATL,BIJAN_ROBINSON_1_NFL,bijan robinson,receiving_yards,21.5,+218,-332,21.0,False
3,KC@ATL,RAYRAY_MCCLOUD_III_1_NFL,rayray mccloud,receiving_yards,17.5,+745,-5335,17.0,False
3,KC@ATL,JUSTIN_WATSON_1_NFL,justin watson,receiving_yards,13.5,+1575,-999900,13.0,False
3,KC@ATL,TYLER_ALLGEIER_1_NFL,tyler allgeier,rushing_yards,25.5,-119,-111,32.0,False
3,KC@ATL,CLYDE_EDWARDSHELAIRE_1_NFL,clyde edwardshelaire,rushing_yards,43.5,-110,-110,0.0,False
3,KC@ATL,TRAVIS_KELCE_1_NFL,travis kelce,receiving_yards,30.5,+1235,-999900,30.0,False
3,KC@ATL,RASHEE_RICE_1_NFL,rashee rice,rushing_yards,1.5,+960,-999900,1.0,False
3,KC@ATL,DARNELL_MOONEY_1_NFL,darnell mooney,receiving_yards,68.5,+325,-475,66.0,False
3,KC@ATL,JUJU_SMITHSCHUSTER_1_NFL,juju smithschuster,receiving_yards,24.5,+120,,17.0,False
3,KC@ATL,XAVIER_WORTHY_1_NFL,xavier worthy,receiving_yards,17.5,+1420,-999900,17.0,False
3,KC@ATL,DRAKE_LONDON_1_NFL,drake london,receiving_yards,44.5,+240,-350,67.0,False
3,JAX@BUF,TRAVIS_ETIENNE_JR_1_NFL,travis etienne,receiving_yards,21.5,-111,-115,17.0,False
3,JAX@BUF,KHALIL_SHAKIR_1_NFL,khalil shakir,receiving_yards,72.5,+735,-4975,72.0,False
3,JAX@BUF,TANK_BIGSBY_1_NFL,tank bigsby,rushing_yards,21.5,-116,-116,9.0,False
3,JAX@BUF,BRENTON_STRANGE_1_NFL,brenton strange,receiving_yards,28.5,-113,-120,12.0,False
3,JAX@BUF,LUKE_FARRELL_1_NFL,luke farrell,receiving_yards,5.5,-115,-115,1.0,False
3,JAX@BUF,JAMES_COOK_1_NFL,james cook,rushing_yards,62.5,-114,-114,39.0,False
3,JAX@BUF,BRIAN_THOMAS_1_NFL,brian thomas,receiving_yards,45.5,-110,-111,48.0,False
3,JAX@BUF,CHRISTIAN_KIRK_1_NFL,christian kirk,rushing_yards,0.5,+1625,-999900,0.0,False
3,JAX@BUF,GABRIEL_DAVIS_1_NFL,gabriel davis,receiving_yards,39.5,-119,-111,18.0,False
3,JAX@BUF,TREVOR_LAWRENCE_1_NFL,trevor lawrence,rushing_yards,17.5,-119,-109,3.0,False
3,JAX@BUF,JOSH_ALLEN_1_NFL,josh allen,passing_yards,231.5,-118,-110,263.0,False
3,JAX@BUF,RAY_DAVIS_1_NFL,ray davis,rushing_yards,24.5,+130,-120,22.0,False
3,JAX@BUF,DAWSON_KNOX_1_NFL,dawson knox,receiving_yards,7.5,+770,-6750,7.0,False
3,JAX@BUF,CURTIS_SAMUEL_1_NFL,curtis samuel,rushing_yards,0.5,+950,-999900,0.0,False
3,JAX@BUF,KEON_COLEMAN_1_NFL,keon coleman,receiving_yards,36.5,-118,-110,24.0,False
3,JAX@BUF,MACK_HOLLINS_1_NFL,mack hollins,receiving_yards,16.5,+1015,-999900,16.0,False
3,JAX@BUF,DALTON_KINCAID_1_NFL,dalton kincaid,receiving_yards,41.5,+825,-11950,41.0,False
4,DAL@NYG,DANIEL_JONES_1_NFL,daniel jones,passing_yards,202.5,-118,-115,281.0,False
4,DAL@NYG,JAKE_FERGUSON_1_NFL,jake ferguson,receiving_yards,49.5,+1400,-999900,49.0,False
4,DAL@NYG,DAK_PRESCOTT_1_NFL,dak prescott,rushing_yards,8.5,-114,-113,-1.0,False
4,DAL@NYG,KAVONTAE_TURPIN_1_NFL,kavontae turpin,receiving_yards,6.5,-115,-115,0.0,False
4,DAL@NYG,RICO_DOWDLE_1_NFL,rico dowdle,receiving_yards,15.5,+1605,-999900,15.0,False
4,DAL@NYG,EZEKIEL_ELLIOTT_1_NFL,ezekiel elliott,rushing_yards,26.5,-113,-118,19.0,False
4,DAL@NYG,JALEN_BROOKS_1_NFL,jalen brooks,receiving_yards,0.5,+1765,-999900,0.0,False
4,DAL@NYG,THEO_JOHNSON_1_NFL,theo johnson,receiving_yards,6.5,+355,-750,6.0,False
4,DAL@NYG,DEVIN_SINGLETARY_1_NFL,devin singletary,rushing_yards,24.5,+925,-999900,24.0,False
4,DAL@NYG,DARIUS_SLAYTON_1_NFL,darius slayton,receiving_yards,56.5,+230,-400,56.0,False
4,DAL@NYG,BRANDIN_COOKS_1_NFL,brandin cooks,receiving_yards,16.5,+1485,-999900,16.0,False
4,DAL@NYG,MALIK_NABERS_1_NFL,malik nabers,receiving_yards,118.5,-115,-115,115.0,False
4,DAL@NYG,CEEDEE_LAMB_1_NFL,ceedee lamb,receiving_yards,98.5,+469,-850,98.0,False
4,DAL@NYG,TYRONE_TRACY_1_NFL,tyrone tracy,receiving_yards,19.5,+360,-770,19.0,False
4,DAL@NYG,JALIN_HYATT_1_NFL,jalin hyatt,receiving_yards,6.5,-115,-115,0.0,False
4,DAL@NYG,WANDALE_ROBINSON_1_NFL,wandale robinson,receiving_yards,71.5,+100,-130,71.0,False
4,DAL@NYG,JALEN_TOLBERT_1_NFL,jalen tolbert,receiving_yards,24.5,+1575,-999900,24.0,False
4,MIN@GB,AARON_JONES_1_NFL,aaron jones,receiving_yards,21.5,-117,-112,46.0,False
4,MIN@GB,EMANUEL_WILSON_1_NFL,emanuel wilson,receiving_yards,7.5,-110,-118,0.0,False
4,MIN@GB,JOHNNY_MUNDT_1_NFL,johnny mundt,receiving_yards,15.5,+1655,-999900,15.0,False
4,MIN@GB,JORDAN_ADDISON_1_NFL,jordan addison,rushing_yards,0.5,+911,-2783,7.0,False
4,MIN@GB,SAM_DARNOLD_1_NFL,sam darnold,passing_yards,227.5,-115,-115,275.0,False
4,MIN@GB,DONTAYVION_WICKS_1_NFL,dontayvion wicks,rushing_yards,0.5,+140,-185,0.0,False
4,MIN@GB,TUCKER_KRAFT_1_NFL,tucker kraft,receiving_yards,23.5,-114,-119,53.0,False
4,MIN@GB,JAYDEN_REED_1_NFL,jayden reed,rushing_yards,2.5,+1750,-999900,2.0,False
4,MIN@GB,TY_CHANDLER_1_NFL,ty chandler,receiving_yards,5.5,-117,-110,8.0,False
4,MIN@GB,JOSH_JACOBS_1_NFL,josh jacobs,receiving_yards,27.5,+1290,-999900,27.0,False
4,MIN@GB,ERIC_WILSON_1_NFL,eric wilson,receiving_yards,9.5,+110,,0.0,False
4,MIN@GB,JORDAN_LOVE_1_NFL,jordan love,rushing_yards,6.5,+1455,-999900,6.0,False
4,MIN@GB,JUSTIN_JEFFERSON_1_NFL,justin jefferson,rushing_yards,0.5,+587,-1227,0.0,False
4,MIN@GB,BRANDON_POWELL_1_NFL,brandon powell,rushing_yards,0.5,+550,-1004,0.0,False
4,MIN@GB,LUKE_MUSGRAVE_1_NFL,luke musgrave,receiving_yards,13.5,+1410,-999900,13.0,False
4,MIN@GB,JALEN_NAILOR_1_NFL,jalen nailor,receiving_yards,31.5,+1645,-999900,31.0,False
4,MIN@GB,CHRISTIAN_WATSON_1_NFL,christian watson,rushing_yards,0.5,+1715,-999900,0.0,False
4,MIN@GB,JOSH_OLIVER_1_NFL,josh oliver,receiving_yards,5.5,-118,-118,10.0,False
4,MIN@GB,ROMEO_DOUBS_1_NFL,romeo doubs,receiving_yards,44.5,-115,-112,39.0,False
4,CIN@CAR,JATAVION_SANDERS_1_NFL,jatavion sanders,receiving_yards,16.5,+560,-1845,16.0,False
4,CIN@CAR,JOE_BURROW_1_NFL,joe burrow,passing_yards,255.5,-114,-113,232.0,False
4,CIN@CAR,ERICK_ALL_1_NFL,erick all,receiving_yards,12.5,-110,-110,28.0,False
4,CIN@CAR,CHUBA_HUBBARD_1_NFL,chuba hubbard,receiving_yards,16.5,-114,-113,17.0,False
4,CIN@CAR,CHASE_BROWN_1_NFL,chase brown,receiving_yards,9.5,-113,-112,12.0,False
4,CIN@CAR,ANDY_DALTON_1_NFL,andy dalton,rushing_yards,5.5,+430,-1035,9.0,False
4,CIN@CAR,XAVIER_LEGETTE_1_NFL,xavier legette,receiving_yards,49.5,+140,-215,66.0,False
4,CIN@CAR,ZACK_MOSS_1_NFL,zack moss,rushing_yards,53.5,-115,-112,51.0,False
4,CIN@CAR,JAMARR_CHASE_1_NFL,jamarr chase,rushing_yards,0.5,+450,-704,0.0,False
4,CIN@CAR,MILES_SANDERS_1_NFL,miles sanders,rushing_yards,32.5,+715,-4325,32.0,False
4,CIN@CAR,ANDREI_IOSIVAS_1_NFL,andrei iosivas,receiving_yards,29.5,+1190,-999900,29.0,False
4,CIN@CAR,DJ_JOHNSON_1_NFL,dj johnson,receiving_yards,83.5,+100,-155,83.0,False
4,CIN@CAR,TOMMY_TREMBLE_1_NFL,tommy tremble,receiving_yards,23.5,-112,-115,0.0,False
4,CIN@CAR,MIKE_GESICKI_1_NFL,mike gesicki,receiving_yards,28.5,-118,-115,-9.0,False
4,CIN@CAR,TEE_HIGGINS_1_NFL,tee higgins,receiving_yards,60.5,+1065,-999900,60.0,False
4,CIN@CAR,JONATHAN_MINGO_1_NFL,jonathan mingo,receiving_yards,24.5,+130,-205,24.0,False
4,JAX@HOU,TRAVIS_ETIENNE_JR_1_NFL,travis etienne,receiving_yards,10.5,+265,-480,10.0,False
4,JAX@HOU,TANK_BIGSBY_1_NFL,tank bigsby,rushing_yards,14.5,-113,-120,90.0,False
4,JAX@HOU,BRENTON_STRANGE_1_NFL,brenton strange,receiving_yards,19.5,+210,-345,19.0,False
4,JAX@HOU,CAM_AKERS_1_NFL,cam akers,receiving_yards,0.5,+505,-1445,0.0,False
4,JAX@HOU,DALTON_SCHULTZ_1_NFL,dalton schultz,receiving_yards,28.5,+245,-430,34.0,False
4,JAX@HOU,TANK_DELL_1_NFL,tank dell,receiving_yards,46.5,-112,-115,0.0,False
4,JAX@HOU,BRIAN_THOMAS_1_NFL,brian thomas,receiving_yards,86.5,+145,-230,86.0,False
4,JAX@HOU,CHRISTIAN_KIRK_1_NFL,christian kirk,rushing_yards,0.5,+661,-1429,0.0,False
4,JAX@HOU,TREVOR_LAWRENCE_1_NFL,trevor lawrence,rushing_yards,5.5,+270,-490,5.0,False
4,JAX@HOU,CJ_STROUD_1_NFL,cj stroud,passing_yards,266.5,-115,-113,345.0,False
4,JAX@HOU,NICO_COLLINS_1_NFL,nico collins,receiving_yards,84.5,-118,-110,151.0,False
4,JAX@HOU,EVAN_ENGRAM_1_NFL,evan engram,receiving_yards,23.5,-110,-110,0.0,False
4,JAX@HOU,ROBERT_WOODS_1_NFL,robert woods,receiving_yards,15.5,-116,-116,10.0,False
4,JAX@HOU,STEFON_DIGGS_1_NFL,stefon diggs,rushing_yards,0.5,+450,-750,6.0,False
4,JAX@HOU,DERNEST_JOHNSON_1_NFL,dernest johnson,rushing_yards,24.5,+1100,,0.0,False
4,JAX@HOU,GABRIEL_DAVIS_1_NFL,gabriel davis,receiving_yards,5.5,+225,-385,-2.0,False
4,PHI@TB,KENNETH_GAINWELL_1_NFL,kenneth gainwell,rushing_yards,24.5,+1300,,9.0,False
4,PHI@TB,JALEN_HURTS_1_NFL,jalen hurts,passing_yards,194.5,-114,-114,158.0,False
4,PHI@TB,JALEN_MCMILLAN_1_NFL,jalen mcmillan,receiving_yards,18.5,-112,-115,0.0,False
4,PHI@TB,SAQUON_BARKLEY_1_NFL,saquon barkley,receiving_yards,22.5,-118,-111,32.0,False
4,PHI@TB,BUCKY_IRVING_1_NFL,bucky irving,receiving_yards,6.5,+1510,-999900,6.0,False
4,PHI@TB,AJ_BROWN_1_NFL,aj brown,receiving_yards,24.5,-110,-110,0.0,False
4,PHI@TB,CADE_OTTON_1_NFL,cade otton,rushing_yards,0.5,+920,-3983,0.0,False
4,PHI@TB,DALLAS_GOEDERT_1_NFL,dallas goedert,receiving_yards,52.5,-114,-114,62.0,False
4,PHI@TB,BAKER_MAYFIELD_1_NFL,baker mayfield,passing_yards,231.5,-115,-110,347.0,False
4,PHI@TB,CHRIS_GODWIN_1_NFL,chris godwin,rushing_yards,0.5,+1320,-999900,0.0,False
4,PHI@TB,GRANT_CALCATERRA_1_NFL,grant calcaterra,receiving_yards,39.5,+260,,26.0,False
4,PHI@TB,RACHAAD_WHITE_1_NFL,rachaad white,rushing_yards,32.5,-120,-110,49.0,False
4,PHI@TB,TREY_PALMER_1_NFL,trey palmer,rushing_yards,0.5,+575,-950,0.0,False
4,PHI@TB,MIKE_EVANS_1_NFL,mike evans,receiving_yards,64.5,-118,-110,94.0,False
4,LA@CHI,KYREN_WILLIAMS_1_NFL,kyren williams,receiving_yards,5.5,-120,-110,10.0,False
4,LA@CHI,TUTU_ATWELL_1_NFL,tutu atwell,receiving_yards,82.5,+185,-305,82.0,False
4,LA@CHI,DJ_MOORE_1_NFL,dj moore,receiving_yards,60.5,-114,-114,22.0,False
4,LA@CHI,KHALIL_HERBERT_1_NFL,khalil herbert,rushing_yards,11.5,-125,+100,0.0,False
4,LA@CHI,DANDRE_SWIFT_1_NFL,dandre swift,rushing_yards,92.5,-115,-115,93.0,False
4,LA@CHI,CHRIS_WILLIAMS_1_NFL,chris williams,receiving_yards,16.5,-116,-111,0.0,False
4,LA@CHI,KEENAN_ALLEN_1_NFL,keenan allen,receiving_yards,19.5,+1445,-999900,19.0,False
4,LA@CHI,RONNIE_RIVERS_1_NFL,ronnie rivers,rushing_yards,39.5,+400,,26.0,False
4,LA@CHI,COLE_KMET_1_NFL,cole kmet,receiving_yards,34.5,+1530,-999900,34.0,False
4,LA@CHI,GERALD_EVERETT_1_NFL,gerald everett,receiving_yards,0.5,+1680,-999900,0.0,False
4,LA@CHI,TYLER_JOHNSON_1_NFL,tyler johnson,receiving_yards,22.5,-112,-118,0.0,False
4,LA@CHI,MATTHEW_STAFFORD_1_NFL,matthew stafford,passing_yards,224.5,+105,-135,224.0,False
4,LA@CHI,COOPER_KUPP_1_NFL,cooper kupp,receiving_yards,21.5,-115,-105,0.0,False
4,LA@CHI,DESJUAN_JOHNSON_1_NFL,desjuan johnson,receiving_yards,29.5,+140,,0.0,False
4,LA@CHI,ROSCHON_JOHNSON_1_NFL,roschon johnson,receiving_yards,10.5,-115,-113,0.0,False
4,LA@CHI,JOHN_JOHNSON_1_NFL,john johnson,rushing_yards,29.5,-115,-115,0.0,False
4,LA@CHI,DEMARCUS_ROBINSON_1_NFL,demarcus robinson,receiving_yards,37.5,+271,-443,37.0,False
4,LA@CHI,COLBY_PARKINSON_1_NFL,colby parkinson,receiving_yards,33.5,+180,-290,33.0,False
4,LA@CHI,ROME_ODUNZE_1_NFL,rome odunze,receiving_yards,10.5,+1510,-999900,10.0,False
4,DEN@NYJ,JOSH_REYNOLDS_1_NFL,josh reynolds,receiving_yards,0.5,+1415,-999900,0.0,False
4,DEN@NYJ,TYLER_CONKLIN_1_NFL,tyler conklin,receiving_yards,24.5,+205,-110,17.0,False
4,DEN@NYJ,ADAM_TRAUTMAN_1_NFL,adam trautman,receiving_yards,24.5,+550,,0.0,False
4,DEN@NYJ,MIKE_WILLIAMS_1_NFL,mike williams,receiving_yards,29.5,-115,-114,67.0,False
4,DEN@NYJ,ALLEN_LAZARD_1_NFL,allen lazard,rushing_yards,34.5,-120,,0.0,False
4,DEN@NYJ,COURTLAND_SUTTON_1_NFL,courtland sutton,receiving_yards,60.5,+1235,-999900,60.0,False
4,DEN@NYJ,AARON_RODGERS_1_NFL,aaron rodgers,passing_yards,220.5,-109,-117,225.0,False
4,DEN@NYJ,MARVIN_MIMS_JR_1_NFL,marvin mims,receiving_yards,24.5,+500,,0.0,False
4,DEN@NYJ,BRAELON_ALLEN_1_NFL,braelon allen,receiving_yards,12.5,+650,-2940,12.0,False
4,DEN@NYJ,BREECE_HALL_1_NFL,breece hall,rushing_yards,65.5,-115,-113,4.0,False
4,DEN@NYJ,JAVONTE_WILLIAMS_1_NFL,javonte williams,rushing_yards,29.5,-113,-113,77.0,False
4,DEN@NYJ,GREG_DULCICH_1_NFL,greg dulcich,receiving_yards,0.5,+1425,-999900,0.0,False
4,DEN@NYJ,TYLER_BADIE_1_NFL,tyler badie,rushing_yards,15.5,-115,-114,0.0,False
4,DEN@NYJ,BO_NIX_1_NFL,bo nix,passing_yards,184.5,-113,-115,60.0,False
4,DEN@NYJ,JALEEL_MCLAUGHLIN_1_NFL,jaleel mclaughlin,receiving_yards,0.5,+1525,-999900,0.0,False
4,DEN@NYJ,GARRETT_WILSON_1_NFL,garrett wilson,receiving_yards,41.5,+210,-355,41.0,False
4,DEN@NYJ,LILJORDAN_HUMPHREY_1_NFL,liljordan humphrey,receiving_yards,0.5,+1370,-999900,0.0,False
4,DEN@NYJ,JEREMY_RUCKERT_1_NFL,jeremy ruckert,receiving_yards,10.5,+965,-999900,10.0,False
4,NO@ATL,DEREK_CARR_1_NFL,derek carr,rushing_yards,1.5,-111,-118,5.0,False
4,NO@ATL,FOSTER_MOREAU_1_NFL,foster moreau,receiving_yards,15.5,-116,-116,0.0,False
4,NO@ATL,KYLE_PITTS_1_NFL,kyle pitts,receiving_yards,36.5,-117,-106,0.0,False
4,NO@ATL,ALVIN_KAMARA_1_NFL,alvin kamara,receiving_yards,28.5,-116,-112,42.0,False
4,NO@ATL,KIRK_COUSINS_1_NFL,kirk cousins,passing_yards,235.5,-110,-120,238.0,False
4,NO@ATL,BIJAN_ROBINSON_1_NFL,bijan robinson,receiving_yards,25.5,-115,-112,46.0,False
4,NO@ATL,RAYRAY_MCCLOUD_III_1_NFL,rayray mccloud,receiving_yards,47.5,+214,-324,52.0,False
4,NO@ATL,RASHID_SHAHEED_1_NFL,rashid shaheed,rushing_yards,24.5,+950,,14.0,False
4,NO@ATL,TYLER_ALLGEIER_1_NFL,tyler allgeier,rushing_yards,26.5,-118,-113,60.0,False
4,NO@ATL,JUWAN_JOHNSON_1_NFL,juwan johnson,receiving_yards,5.5,+340,-680,13.0,False
4,NO@ATL,DARNELL_MOONEY_1_NFL,darnell mooney,rushing_yards,0.5,+1895,-999900,0.0,False
4,NO@ATL,JAMAAL_WILLIAMS_1_NFL,jamaal williams,rushing_yards,24.5,+340,-120,11.0,False
4,NO@ATL,TAYSOM_HILL_1_NFL,taysom hill,rushing_yards,16.5,-120,-130,24.0,False
4,NO@ATL,CHRIS_OLAVE_1_NFL,chris olave,receiving_yards,57.5,-115,-118,87.0,False
4,NO@ATL,AT_PERRY_1_NFL,at perry,receiving_yards,28.5,-116,-116,0.0,False
4,NO@ATL,DRAKE_LONDON_1_NFL,drake london,receiving_yards,59.5,-115,-112,64.0,False
4,PIT@IND,ANTHONY_RICHARDSON_1_NFL,anthony richardson,passing_yards,181.5,-118,-110,71.0,False
4,PIT@IND,KYLEN_GRANSON_1_NFL,kylen granson,receiving_yards,0.5,+1325,-999900,0.0,False
4,PIT@IND,JUSTIN_FIELDS_1_NFL,justin fields,rushing_yards,39.5,-119,-112,55.0,False
4,PIT@IND,MO_ALIECOX_1_NFL,mo aliecox,receiving_yards,5.5,-110,-118,0.0,False
4,PIT@IND,ALEC_PIERCE_1_NFL,alec pierce,receiving_yards,9.5,+1240,-999900,9.0,False
4,PIT@IND,JOSH_DOWNS_1_NFL,josh downs,receiving_yards,82.5,+1060,-999900,82.0,False
4,PIT@IND,JONATHAN_TAYLOR_1_NFL,jonathan taylor,receiving_yards,11.5,-116,-112,20.0,False
4,PIT@IND,JOE_FLACCO_1_NFL,joe flacco,passing_yards,197.5,-115,-115,168.0,False
4,PIT@IND,PAT_FREIERMUTH_1_NFL,pat freiermuth,receiving_yards,57.5,+198,-291,57.0,False
4,PIT@IND,MICHAEL_PITTMAN_1_NFL,michael pittman,receiving_yards,45.5,-117,-112,113.0,False
4,PIT@IND,CALVIN_AUSTIN_1_NFL,calvin austin,receiving_yards,17.5,+545,-1705,17.0,False
4,PIT@IND,VAN_JEFFERSON_1_NFL,van jefferson,receiving_yards,13.5,-110,-116,21.0,False
4,PIT@IND,GEORGE_PICKENS_1_NFL,george pickens,receiving_yards,113.5,+168,-246,113.0,False
4,PIT@IND,DARNELL_WASHINGTON_1_NFL,darnell washington,receiving_yards,39.5,+170,,31.0,False
4,PIT@IND,TREY_SERMON_1_NFL,trey sermon,rushing_yards,24.5,+1300,,8.0,False
4,PIT@IND,NAJEE_HARRIS_1_NFL,najee harris,receiving_yards,13.5,-113,-111,54.0,False
4,NE@SF,BROCK_PURDY_1_NFL,brock purdy,rushing_yards,7.5,-116,-115,11.0,False
4,NE@SF,ISAAC_GUERENDO_1_NFL,isaac guerendo,rushing_yards,24.5,+1300,,0.0,False
4,NE@SF,BRANDON_AIYUK_1_NFL,brandon aiyuk,receiving_yards,48.5,+1055,-999900,48.0,False
4,NE@SF,KYLE_JUSZCZYK_1_NFL,kyle juszczyk,receiving_yards,10.5,-111,-118,12.0,False
4,NE@SF,TYQUAN_THORNTON_1_NFL,tyquan thornton,receiving_yards,6.5,-118,-115,0.0,False
4,NE@SF,DEMARIO_DOUGLAS_1_NFL,demario douglas,receiving_yards,11.5,-107,-122,13.0,False
4,NE@SF,JACOBY_BRISSETT_1_NFL,jacoby brissett,rushing_yards,10.5,-105,-123,3.0,False
4,NE@SF,GEORGE_KITTLE_1_NFL,george kittle,receiving_yards,46.5,-114,-115,45.0,False
4,NE@SF,ANTONIO_GIBSON_1_NFL,antonio gibson,receiving_yards,69.5,+880,-250,67.0,False
4,NE@SF,KJ_OSBORN_1_NFL,kj osborn,receiving_yards,3.5,+665,-3190,3.0,False
4,NE@SF,JORDAN_MASON_1_NFL,jordan mason,receiving_yards,9.5,-122,-107,37.0,False
4,NE@SF,RHAMONDRE_STEVENSON_1_NFL,rhamondre stevenson,rushing_yards,52.5,-119,-113,43.0,False
4,NE@SF,DEEBO_SAMUEL_1_NFL,deebo samuel,rushing_yards,14.5,-115,-140,14.0,False
4,NE@SF,AUSTIN_HOOPER_1_NFL,austin hooper,receiving_yards,11.5,-114,-114,13.0,False
4,NE@SF,JAUAN_JENNINGS_1_NFL,jauan jennings,receiving_yards,30.5,-120,-115,88.0,False
4,NE@SF,HUNTER_HENRY_1_NFL,hunter henry,receiving_yards,12.5,+220,-300,12.0,False
4,NE@SF,JALYNN_POLK_1_NFL,jalynn polk,receiving_yards,30.5,+234,-362,30.0,False
4,NE@SF,JAMYCAL_HASTY_1_NFL,jamycal hasty,rushing_yards,24.5,+800,,15.0,False
4,WAS@ARI,JEREMY_MCNICHOLS_1_NFL,jeremy mcnichols,receiving_yards,6.5,+1785,-999900,6.0,False
4,WAS@ARI,JAHAN_DOTSON_1_NFL,jahan dotson,receiving_yards,28.5,-109,-111,0.0,False
4,WAS@ARI,NOAH_BROWN_1_NFL,noah brown,receiving_yards,26.5,+1865,-999900,26.0,False
4,WAS@ARI,TERRY_MCLAURIN_1_NFL,terry mclaurin,receiving_yards,52.5,+1860,-999900,52.0,False
4,WAS@ARI,KYLER_MURRAY_1_NFL,kyler murray,rushing_yards,34.5,-115,-115,3.0,False
4,WAS@ARI,LUKE_MCCAFFREY_1_NFL,luke mccaffrey,receiving_yards,20.5,-112,-118,17.0,False
4,WAS@ARI,GREG_DORTCH_1_NFL,greg dortch,receiving_yards,43.5,-118,-110,38.0,False
4,WAS@ARI,DYAMI_BROWN_1_NFL,dyami brown,rushing_yards,0.5,+787,-1697,0.0,False
4,WAS@ARI,JAMES_CONNER_1_NFL,james conner,receiving_yards,9.5,+500,-1420,9.0,False
4,WAS@ARI,OLAMIDE_ZACCHEAUS_1_NFL,olamide zaccheaus,receiving_yards,20.5,+110,-130,85.0,False
4,WAS@ARI,JAYDEN_DANIELS_1_NFL,jayden daniels,rushing_yards,46.5,-176,+134,47.0,False
4,WAS@ARI,EMARI_DEMERCADO_1_NFL,emari demercado,rushing_yards,24.5,+600,,24.0,False
4,WAS@ARI,ZACH_ERTZ_1_NFL,zach ertz,receiving_yards,22.5,+1785,-999900,22.0,False
4,WAS@ARI,MACK_WILSON_1_NFL,mack wilson,receiving_yards,41.5,-115,-113,38.0,False
4,WAS@ARI,BRIAN_ROBINSON_1_NFL,brian robinson,rushing_yards,105.5,-120,-110,101.0,False
4,WAS@ARI,ELIJAH_HIGGINS_1_NFL,elijah higgins,receiving_yards,12.5,+149,-216,12.0,False
4,WAS@ARI,DIVAAD_WILSON_1_NFL,divaad wilson,receiving_yards,49.5,+105,,0.0,False
4,WAS@ARI,MARVIN_HARRISON_JR_1_NFL,marvin harrison,receiving_yards,53.5,-118,-110,45.0,False
4,WAS@ARI,TREY_BENSON_1_NFL,trey benson,rushing_yards,14.5,-111,-118,50.0,False
4,CLE@LV,DONTA_FOREMAN_1_NFL,donta foreman,receiving_yards,10.5,+140,-180,5.0,False
4,CLE@LV,CEDRIC_TILLMAN_1_NFL,cedric tillman,receiving_yards,0.5,+483,-999,0.0,False
4,CLE@LV,JEROME_FORD_1_NFL,jerome ford,receiving_yards,27.5,+116,-148,27.0,False
4,CLE@LV,DAVANTE_ADAMS_1_NFL,davante adams,receiving_yards,58.5,-115,-115,0.0,False
4,CLE@LV,GARDNER_MINSHEW_1_NFL,gardner minshew,passing_yards,143.5,-113,-118,130.0,False
4,CLE@LV,ELIJAH_MOORE_1_NFL,elijah moore,rushing_yards,0.5,+1885,-999900,0.0,False
4,CLE@LV,TRE_TUCKER_1_NFL,tre tucker,receiving_yards,41.5,+690,-3660,41.0,False
4,CLE@LV,DESHAUN_WATSON_1_NFL,deshaun watson,rushing_yards,28.5,-114,-114,32.0,False
4,CLE@LV,JORDAN_AKINS_1_NFL,jordan akins,receiving_yards,10.5,+212,-320,10.0,False
4,CLE@LV,AMARI_COOPER_1_NFL,amari cooper,receiving_yards,22.5,+143,-192,35.0,False
4,CLE@LV,JAKOBI_MEYERS_1_NFL,jakobi meyers,receiving_yards,49.5,+615,-2420,49.0,False
4,CLE@LV,ZAMIR_WHITE_1_NFL,zamir white,receiving_yards,9.5,+102,-130,0.0,False
4,CLE@LV,ALEXANDER_MATTISON_1_NFL,alexander mattison,rushing_yards,20.5,-115,-118,60.0,False
4,CLE@LV,NICK_CHUBB_1_NFL,nick chubb,rushing_yards,31.5,-110,-110,0.0,False
4,CLE@LV,BROCK_BOWERS_1_NFL,brock bowers,receiving_yards,19.5,+142,-188,19.0,False
4,CLE@LV,JERRY_JEUDY_1_NFL,jerry jeudy,receiving_yards,58.5,+104,-134,72.0,False
4,KC@LAC,CLYDE_EDWARDSHELAIRE_1_NFL,clyde edwardshelaire,receiving_yards,10.5,-105,-115,0.0,False
4,KC@LAC,LADD_MCCONKEY_1_NFL,ladd mcconkey,receiving_yards,67.5,+148,-200,67.0,False
4,KC@LAC,CARSON_STEELE_1_NFL,carson steele,receiving_yards,5.5,-118,-110,0.0,False
4,KC@LAC,GUS_EDWARDS_1_NFL,gus edwards,receiving_yards,10.5,+155,-200,0.0,False
4,KC@LAC,QUENTIN_JOHNSTON_1_NFL,quentin johnston,receiving_yards,9.5,+100,-130,9.0,False
4,KC@LAC,SAMAJE_PERINE_1_NFL,samaje perine,rushing_yards,9.5,-115,-115,14.0,False
4,KC@LAC,JAYLEN_WATSON_1_NFL,jaylen watson,receiving_yards,14.5,-105,,0.0,False
4,KC@LAC,PATRICK_MAHOMES_1_NFL,patrick mahomes,rushing_yards,14.5,-152,+116,12.0,False
4,KC@LAC,NOAH_GRAY_1_NFL,noah gray,receiving_yards,40.5,+1225,-999900,40.0,False
4,KC@LAC,JK_DOBBINS_1_NFL,jk dobbins,rushing_yards,34.5,-110,-120,32.0,False
4,KC@LAC,JUSTIN_WATSON_1_NFL,justin watson,receiving_yards,27.5,+1325,-999900,27.0,False
4,KC@LAC,WILL_DISSLY_1_NFL,will dissly,receiving_yards,24.5,+614,-999900,24.0,False
4,KC@LAC,JUSTIN_HERBERT_1_NFL,justin herbert,passing_yards,204.5,-117,-120,179.0,False
4,KC@LAC,JOSH_PALMER_1_NFL,josh palmer,receiving_yards,36.5,+275,-425,36.0,False
4,KC@LAC,TRAVIS_KELCE_1_NFL,travis kelce,receiving_yards,89.5,+830,-13415,89.0,False
4,KC@LAC,RASHEE_RICE_1_NFL,rashee rice,rushing_yards,0.5,-110,-120,0.0,False
4,KC@LAC,JUJU_SMITHSCHUSTER_1_NFL,juju smithschuster,receiving_yards,24.5,-190,,0.0,False
4,KC@LAC,XAVIER_WORTHY_1_NFL,xavier worthy,receiving_yards,37.5,-115,-115,73.0,False
4,BUF@BAL,ZAY_FLOWERS_1_NFL,zay flowers,receiving_yards,51.5,-116,-111,10.0,False
4,BUF@BAL,KHALIL_SHAKIR_1_NFL,khalil shakir,receiving_yards,48.5,-110,-117,62.0,False
4,BUF@BAL,DERRICK_HENRY_1_NFL,derrick henry,receiving_yards,5.5,-112,-115,10.0,False
4,BUF@BAL,ISAIAH_LIKELY_1_NFL,isaiah likely,receiving_yards,27.5,-114,-114,26.0,False
4,BUF@BAL,JAMES_COOK_1_NFL,james cook,rushing_yards,53.5,-114,-114,39.0,False
4,BUF@BAL,JUSTICE_HILL_1_NFL,justice hill,receiving_yards,14.5,-111,-115,78.0,False
4,BUF@BAL,NELSON_AGHOLOR_1_NFL,nelson agholor,receiving_yards,11.5,-115,-114,10.0,False
4,BUF@BAL,LAMAR_JACKSON_1_NFL,lamar jackson,rushing_yards,57.5,-120,-110,54.0,False
4,BUF@BAL,JOSH_ALLEN_1_NFL,josh allen,passing_yards,232.5,-125,-120,180.0,False
4,BUF@BAL,MARK_ANDREWS_1_NFL,mark andrews,receiving_yards,29.5,-116,-111,0.0,False
4,BUF@BAL,DAWSON_KNOX_1_NFL,dawson knox,receiving_yards,9.5,-119,-110,0.0,False
4,BUF@BAL,CURTIS_SAMUEL_1_NFL,curtis samuel,rushing_yards,7.5,+530,-1605,7.0,False
4,BUF@BAL,KEON_COLEMAN_1_NFL,keon coleman,receiving_yards,29.5,-118,-110,51.0,False
4,BUF@BAL,MACK_HOLLINS_1_NFL,mack hollins,receiving_yards,5.5,+260,-470,5.0,False
4,BUF@BAL,RASHOD_BATEMAN_1_NFL,rashod bateman,receiving_yards,26.5,-116,-111,23.0,False
4,BUF@BAL,DALTON_KINCAID_1_NFL,dalton kincaid,receiving_yards,38.5,-118,-115,47.0,False
4,BUF@BAL,TY_JOHNSON_1_NFL,ty johnson,rushing_yards,24.5,+700,,3.0,False
4,BUF@BAL,MARQUEZ_VALDESSCANTLING_1_NFL,marquez valdesscantling,receiving_yards,12.5,-110,-110,0.0,False
4,BUF@BAL,RAY_DAVIS_1_NFL,ray davis,rushing_yards,0.5,+112,-146,11.0,False
4,TEN@MIA,TONY_POLLARD_1_NFL,tony pollard,rushing_yards,81.5,-125,-120,88.0,False
4,TEN@MIA,CAM_SMITH_1_NFL,cam smith,receiving_yards,14.5,-135,,0.0,False
4,TEN@MIA,DEVON_ACHANE_1_NFL,devon achane,rushing_yards,29.5,-115,-113,15.0,False
4,TEN@MIA,TYREEK_HILL_1_NFL,tyreek hill,receiving_yards,55.5,-123,-105,23.0,False
4,TEN@MIA,TREYLON_BURKS_1_NFL,treylon burks,rushing_yards,0.5,+385,-840,0.0,False
4,TEN@MIA,CHIGOZIEM_OKONOKWO_1_NFL,chigoziem okonokwo,receiving_yards,16.5,-115,-112,5.0,False
4,TEN@MIA,TYJAE_SPEARS_1_NFL,tyjae spears,rushing_yards,44.5,-120,-108,39.0,False
4,TEN@MIA,BRAXTON_BERRIOS_1_NFL,braxton berrios,receiving_yards,0.5,+380,-830,0.0,False
4,TEN@MIA,MASON_RUDOLPH_1_NFL,mason rudolph,passing_yards,89.5,-110,-120,85.0,False
4,TEN@MIA,DURHAM_SMYTHE_1_NFL,durham smythe,receiving_yards,0.5,+640,-2765,0.0,False
4,TEN@MIA,TYLER_BOYD_1_NFL,tyler boyd,receiving_yards,24.5,-116,-111,31.0,False
4,TEN@MIA,SKYLAR_THOMPSON_1_NFL,skylar thompson,passing_yards,165.5,-150,+130,0.0,False
4,TEN@MIA,WILL_LEVIS_1_NFL,will levis,rushing_yards,17.5,-113,-115,5.0,False
4,TEN@MIA,JULIAN_HILL_1_NFL,julian hill,receiving_yards,49.5,-125,,0.0,False
4,TEN@MIA,JONNU_SMITH_1_NFL,jonnu smith,receiving_yards,15.5,-125,-103,0.0,False
4,TEN@MIA,JAYLEN_WADDLE_1_NFL,jaylen waddle,rushing_yards,0.5,+270,-505,0.0,False
4,TEN@MIA,DEANDRE_HOPKINS_1_NFL,deandre hopkins,receiving_yards,38.5,-114,-114,31.0,False
4,TEN@MIA,JOSH_WHYLE_1_NFL,josh whyle,receiving_yards,13.5,-114,-114,5.0,False
4,TEN@MIA,CALVIN_RIDLEY_1_NFL,calvin ridley,receiving_yards,42.5,-120,-108,5.0,False
4,TEN@MIA,JAYLEN_WRIGHT_1_NFL,jaylen wright,rushing_yards,24.5,+750,-115,32.0,False
5,TB@ATL,JALEN_MCMILLAN_1_NFL,jalen mcmillan,receiving_yards,18.5,-121,+101,0.0,False
5,TB@ATL,BUCKY_IRVING_1_NFL,bucky irving,receiving_yards,8.5,-114,-114,12.0,False
5,TB@ATL,CADE_OTTON_1_NFL,cade otton,rushing_yards,0.5,+725,-1800,0.0,False
5,TB@ATL,KYLE_PITTS_1_NFL,kyle pitts,receiving_yards,32.5,-114,-114,88.0,False
5,TB@ATL,KIRK_COUSINS_1_NFL,kirk cousins,passing_yards,236.5,-123,-105,509.0,False
5,TB@ATL,BIJAN_ROBINSON_1_NFL,bijan robinson,receiving_yards,30.5,-106,-122,16.0,False
5,TB@ATL,RAYRAY_MCCLOUD_III_1_NFL,rayray mccloud,receiving_yards,58.5,-115,-115,66.0,False
5,TB@ATL,TYLER_ALLGEIER_1_NFL,tyler allgeier,rushing_yards,38.5,-125,-103,12.0,False
5,TB@ATL,BAKER_MAYFIELD_1_NFL,baker mayfield,passing_yards,239.5,-114,-114,180.0,False
5,TB@ATL,CHRIS_GODWIN_1_NFL,chris godwin,rushing_yards,0.5,+450,-750,2.0,False
5,TB@ATL,RACHAAD_WHITE_1_NFL,rachaad white,rushing_yards,33.5,-133,+103,72.0,False
5,TB@ATL,MIKE_EVANS_1_NFL,mike evans,receiving_yards,60.5,-116,-111,62.0,False
5,TB@ATL,DARNELL_MOONEY_1_NFL,darnell mooney,receiving_yards,48.5,-125,-103,105.0,False
5,TB@ATL,DRAKE_LONDON_1_NFL,drake london,receiving_yards,63.5,-114,-114,154.0,False
5,NYJ@MIN,TYLER_CONKLIN_1_NFL,tyler conklin,receiving_yards,28.5,-114,-114,55.0,False
5,NYJ@MIN,JOHNNY_MUNDT_1_NFL,johnny mundt,receiving_yards,14.5,-114,-114,31.0,False
5,NYJ@MIN,SAM_DARNOLD_1_NFL,sam darnold,passing_yards,215.5,-109,-119,179.0,False
5,NYJ@MIN,MIKE_WILLIAMS_1_NFL,mike williams,receiving_yards,25.5,+449,-700,25.0,False
5,NYJ@MIN,AARON_RODGERS_1_NFL,aaron rodgers,passing_yards,256.5,-120,-117,244.0,False
5,NYJ@MIN,JORDAN_ADDISON_1_NFL,jordan addison,receiving_yards,39.5,-122,-106,36.0,False
5,NYJ@MIN,BRAELON_ALLEN_1_NFL,braelon allen,receiving_yards,9.5,-125,-103,15.0,False
5,NYJ@MIN,BREECE_HALL_1_NFL,breece hall,rushing_yards,49.5,-118,-110,23.0,False
5,NYJ@MIN,AARON_JONES_1_NFL,aaron jones,receiving_yards,24.5,-115,-112,24.0,False
5,NYJ@MIN,TY_CHANDLER_1_NFL,ty chandler,receiving_yards,2.5,-115,-112,9.0,False
5,NYJ@MIN,ALLEN_LAZARD_1_NFL,allen lazard,receiving_yards,37.5,-114,-114,34.0,False
5,NYJ@MIN,JUSTIN_JEFFERSON_1_NFL,justin jefferson,receiving_yards,77.5,-114,-114,92.0,False
5,NYJ@MIN,JALEN_NAILOR_1_NFL,jalen nailor,receiving_yards,12.5,-108,-120,0.0,False
5,NYJ@MIN,JOSH_OLIVER_1_NFL,josh oliver,receiving_yards,7.5,-102,-127,0.0,False
5,NYJ@MIN,BRANDON_POWELL_1_NFL,brandon powell,receiving_yards,5.5,-114,-114,0.0,False
5,NYJ@MIN,GARRETT_WILSON_1_NFL,garrett wilson,receiving_yards,59.5,-114,-114,101.0,False
5,NYJ@MIN,JEREMY_RUCKERT_1_NFL,jeremy ruckert,receiving_yards,5.5,-112,-115,0.0,False
5,BUF@HOU,KHALIL_SHAKIR_1_NFL,khalil shakir,receiving_yards,51.5,-118,-118,0.0,False
5,BUF@HOU,CAM_AKERS_1_NFL,cam akers,receiving_yards,8.5,-103,-125,5.0,False
5,BUF@HOU,DALTON_SCHULTZ_1_NFL,dalton schultz,receiving_yards,25.5,-114,-114,34.0,False
5,BUF@HOU,TANK_DELL_1_NFL,tank dell,receiving_yards,46.5,-114,-114,38.0,False
5,BUF@HOU,JAMES_COOK_1_NFL,james cook,rushing_yards,58.5,-114,-114,82.0,False
5,BUF@HOU,DAMEON_PIERCE_1_NFL,dameon pierce,rushing_yards,48.5,-120,+100,0.0,False
5,BUF@HOU,CJ_STROUD_1_NFL,cj stroud,passing_yards,263.5,-115,-112,331.0,False
5,BUF@HOU,NICO_COLLINS_1_NFL,nico collins,receiving_yards,77.5,-114,-114,78.0,False
5,BUF@HOU,JOSH_ALLEN_1_NFL,josh allen,passing_yards,231.5,-116,-111,131.0,False
5,BUF@HOU,RAY_DAVIS_1_NFL,ray davis,rushing_yards,12.5,-114,-114,0.0,False
5,BUF@HOU,DAWSON_KNOX_1_NFL,dawson knox,receiving_yards,10.5,-111,-116,0.0,False
5,BUF@HOU,CURTIS_SAMUEL_1_NFL,curtis samuel,rushing_yards,0.5,+105,-160,-1.0,False
5,BUF@HOU,DARE_OGUNBOWALE_1_NFL,dare ogunbowale,receiving_yards,12.5,-112,-115,57.0,False
5,BUF@HOU,KEON_COLEMAN_1_NFL,keon coleman,receiving_yards,41.5,-114,-114,49.0,False
5,BUF@HOU,MACK_HOLLINS_1_NFL,mack hollins,receiving_yards,23.5,-114,-114,27.0,False
5,BUF@HOU,DALTON_KINCAID_1_NFL,dalton kincaid,receiving_yards,44.5,-108,-120,34.0,False
5,BUF@HOU,TY_JOHNSON_1_NFL,ty johnson,rushing_yards,24.5,+1200,,15.0,False
5,BUF@HOU,MARQUEZ_VALDESSCANTLING_1_NFL,marquez valdesscantling,receiving_yards,13.5,-114,-114,0.0,False
5,BUF@HOU,STEFON_DIGGS_1_NFL,stefon diggs,receiving_yards,58.5,-114,-114,82.0,False
5,BUF@HOU,XAVIER_HUTCHINSON_1_NFL,xavier hutchinson,receiving_yards,49.5,+380,,31.0,False
5,CLE@WAS,DONTA_FOREMAN_1_NFL,donta foreman,receiving_yards,0.5,+800,-9075,16.0,False
5,CLE@WAS,JEROME_FORD_1_NFL,jerome ford,receiving_yards,18.5,-114,-114,2.0,False
5,CLE@WAS,ZACH_ERTZ_1_NFL,zach ertz,receiving_yards,23.5,-118,-110,10.0,False
5,CLE@WAS,AUSTIN_EKELER_1_NFL,austin ekeler,receiving_yards,13.5,-120,-109,30.0,False
5,CLE@WAS,NOAH_BROWN_1_NFL,noah brown,receiving_yards,31.5,-112,-115,0.0,False
5,CLE@WAS,TERRY_MCLAURIN_1_NFL,terry mclaurin,receiving_yards,55.5,-117,-112,112.0,False
5,CLE@WAS,LUKE_MCCAFFREY_1_NFL,luke mccaffrey,receiving_yards,18.5,-117,-112,19.0,False
5,CLE@WAS,DYAMI_BROWN_1_NFL,dyami brown,rushing_yards,0.5,+700,-2790,0.0,False
5,CLE@WAS,ELIJAH_MOORE_1_NFL,elijah moore,rushing_yards,0.5,+1835,-999900,0.0,False
5,CLE@WAS,DAVID_NJOKU_1_NFL,david njoku,receiving_yards,37.5,-117,-112,14.0,False
5,CLE@WAS,OLAMIDE_ZACCHEAUS_1_NFL,olamide zaccheaus,receiving_yards,19.5,-113,-118,10.0,False
5,CLE@WAS,JAYDEN_DANIELS_1_NFL,jayden daniels,rushing_yards,51.5,-114,-114,82.0,False
5,CLE@WAS,DESHAUN_WATSON_1_NFL,deshaun watson,rushing_yards,23.5,-118,-110,14.0,False
5,CLE@WAS,JORDAN_AKINS_1_NFL,jordan akins,receiving_yards,39.5,+340,-110,22.0,False
5,CLE@WAS,AMARI_COOPER_1_NFL,amari cooper,receiving_yards,54.5,-114,-114,60.0,False
5,CLE@WAS,PIERRE_STRONG_JR_1_NFL,pierre strong,rushing_yards,24.5,+1100,,2.0,False
5,CLE@WAS,BRIAN_ROBINSON_1_NFL,brian robinson,rushing_yards,54.5,-113,-115,18.0,False
5,CLE@WAS,JOHN_BATES_1_NFL,john bates,receiving_yards,0.5,+1835,-999900,0.0,False
5,CLE@WAS,JERRY_JEUDY_1_NFL,jerry jeudy,receiving_yards,43.5,-117,-112,16.0,False
5,BAL@CIN,ZAY_FLOWERS_1_NFL,zay flowers,receiving_yards,53.5,-114,-114,111.0,False
5,BAL@CIN,JOE_BURROW_1_NFL,joe burrow,passing_yards,253.5,-114,-114,392.0,False
5,BAL@CIN,ERICK_ALL_1_NFL,erick all,receiving_yards,15.5,-114,-114,10.0,False
5,BAL@CIN,TYLAN_WALLACE_1_NFL,tylan wallace,receiving_yards,39.5,+255,,31.0,False
5,BAL@CIN,DERRICK_HENRY_1_NFL,derrick henry,receiving_yards,7.5,-118,-110,4.0,False
5,BAL@CIN,CHASE_BROWN_1_NFL,chase brown,receiving_yards,12.5,-114,-114,8.0,False
5,BAL@CIN,ISAIAH_LIKELY_1_NFL,isaiah likely,receiving_yards,24.5,-115,-112,13.0,False
5,BAL@CIN,JUSTICE_HILL_1_NFL,justice hill,receiving_yards,19.5,-114,-114,8.0,False
5,BAL@CIN,NELSON_AGHOLOR_1_NFL,nelson agholor,receiving_yards,14.5,-115,-112,4.0,False
5,BAL@CIN,ZACK_MOSS_1_NFL,zack moss,rushing_yards,37.5,-103,-125,24.0,False
5,BAL@CIN,LAMAR_JACKSON_1_NFL,lamar jackson,rushing_yards,58.5,-115,-112,55.0,False
5,BAL@CIN,JAMARR_CHASE_1_NFL,jamarr chase,receiving_yards,73.5,-114,-114,193.0,False
5,BAL@CIN,ANDREI_IOSIVAS_1_NFL,andrei iosivas,receiving_yards,25.5,-114,-114,39.0,False
5,BAL@CIN,MARK_ANDREWS_1_NFL,mark andrews,receiving_yards,23.5,-115,-112,55.0,False
5,BAL@CIN,MIKE_GESICKI_1_NFL,mike gesicki,receiving_yards,25.5,-114,-114,31.0,False
5,BAL@CIN,RASHOD_BATEMAN_1_NFL,rashod bateman,receiving_yards,29.5,-115,-112,58.0,False
5,BAL@CIN,TEE_HIGGINS_1_NFL,tee higgins,receiving_yards,55.5,-118,-110,83.0,False
5,BAL@CIN,TRENTON_IRWIN_1_NFL,trenton irwin,receiving_yards,15.5,-117,-103,0.0,False
5,MIA@NE,JALYNN_POLK_1_NFL,jalynn polk,rushing_yards,0.5,+540,-1425,0.0,False
5,MIA@NE,DEMARIO_DOUGLAS_1_NFL,demario douglas,rushing_yards,2.5,-110,-120,0.0,False
5,MIA@NE,DEVON_ACHANE_1_NFL,devon achane,rushing_yards,45.5,-108,-120,18.0,False
5,MIA@NE,TYREEK_HILL_1_NFL,tyreek hill,receiving_yards,49.5,-114,-114,69.0,False
5,MIA@NE,KAYSHON_BOUTTE_1_NFL,kayshon boutte,receiving_yards,24.5,+205,,34.0,False
5,MIA@NE,SKYLAR_THOMPSON_1_NFL,skylar thompson,rushing_yards,33.5,-103,-118,0.0,False
5,MIA@NE,JACOBY_BRISSETT_1_NFL,jacoby brissett,rushing_yards,9.5,-110,-118,10.0,False
5,MIA@NE,ANTONIO_GIBSON_1_NFL,antonio gibson,receiving_yards,13.5,-114,-114,4.0,False
5,MIA@NE,JAYLEN_WRIGHT_1_NFL,jaylen wright,rushing_yards,69.5,+500,,86.0,False
5,MIA@NE,RAHEEM_MOSTERT_1_NFL,raheem mostert,rushing_yards,27.5,-116,-111,80.0,False
5,MIA@NE,AUSTIN_HOOPER_1_NFL,austin hooper,receiving_yards,12.5,-118,-110,9.0,False
5,MIA@NE,HUNTER_HENRY_1_NFL,hunter henry,receiving_yards,25.5,-114,-114,32.0,False
5,MIA@NE,JONNU_SMITH_1_NFL,jonnu smith,receiving_yards,11.5,-118,-110,62.0,False
5,MIA@NE,KENDRICK_BOURNE_1_NFL,kendrick bourne,receiving_yards,20.5,-114,-114,6.0,False
5,MIA@NE,RHAMONDRE_STEVENSON_1_NFL,rhamondre stevenson,receiving_yards,9.5,-114,-114,3.0,False
5,MIA@NE,JAYLEN_WADDLE_1_NFL,jaylen waddle,receiving_yards,36.5,-115,-112,46.0,False
5,MIA@NE,TYQUAN_THORNTON_1_NFL,tyquan thornton,receiving_yards,5.5,-120,-110,0.0,False
5,MIA@NE,KJ_OSBORN_1_NFL,kj osborn,receiving_yards,9.5,-115,-115,0.0,False
5,CAR@CHI,JATAVION_SANDERS_1_NFL,jatavion sanders,receiving_yards,4.5,-120,-108,13.0,False
5,CAR@CHI,CHUBA_HUBBARD_1_NFL,chuba hubbard,receiving_yards,18.5,-114,-114,-2.0,False
5,CAR@CHI,DJ_MOORE_1_NFL,dj moore,receiving_yards,51.5,-108,-120,105.0,False
5,CAR@CHI,KHALIL_HERBERT_1_NFL,khalil herbert,rushing_yards,24.5,+255,-121,0.0,False
5,CAR@CHI,DANDRE_SWIFT_1_NFL,dandre swift,rushing_yards,55.5,-114,-114,73.0,False
5,CAR@CHI,ANDY_DALTON_1_NFL,andy dalton,rushing_yards,3.5,-108,-120,3.0,False
5,CAR@CHI,XAVIER_LEGETTE_1_NFL,xavier legette,receiving_yards,43.5,-114,-114,8.0,False
5,CAR@CHI,KEENAN_ALLEN_1_NFL,keenan allen,receiving_yards,43.5,-112,-115,33.0,False
5,CAR@CHI,COLE_KMET_1_NFL,cole kmet,receiving_yards,27.5,-114,-114,57.0,False
5,CAR@CHI,GERALD_EVERETT_1_NFL,gerald everett,receiving_yards,24.5,+115,,22.0,False
5,CAR@CHI,MILES_SANDERS_1_NFL,miles sanders,rushing_yards,20.5,-114,-114,6.0,False
5,CAR@CHI,DJ_JOHNSON_1_NFL,dj johnson,receiving_yards,60.5,-120,-108,23.0,False
5,CAR@CHI,TOMMY_TREMBLE_1_NFL,tommy tremble,receiving_yards,17.5,-116,-111,7.0,False
5,CAR@CHI,ROSCHON_JOHNSON_1_NFL,roschon johnson,receiving_yards,9.5,+100,-130,0.0,False
5,CAR@CHI,JONATHAN_MINGO_1_NFL,jonathan mingo,rushing_yards,0.5,+750,-5485,0.0,False
5,CAR@CHI,CHRIS_WILLIAMS_1_NFL,chris williams,rushing_yards,15.5,-112,-115,34.0,False
5,CAR@CHI,ROME_ODUNZE_1_NFL,rome odunze,receiving_yards,31.5,-114,-114,40.0,False
5,IND@JAX,TRAVIS_ETIENNE_JR_1_NFL,travis etienne,receiving_yards,16.5,-117,-117,43.0,False
5,IND@JAX,TREY_SERMON_1_NFL,trey sermon,receiving_yards,9.5,+100,-136,25.0,False
5,IND@JAX,TANK_BIGSBY_1_NFL,tank bigsby,rushing_yards,26.5,-115,-124,101.0,False
5,IND@JAX,BRENTON_STRANGE_1_NFL,brenton strange,receiving_yards,25.5,-120,-114,24.0,False
5,IND@JAX,ANTHONY_RICHARDSON_1_NFL,anthony richardson,passing_yards,241.5,+105,-125,0.0,False
5,IND@JAX,LUKE_FARRELL_1_NFL,luke farrell,receiving_yards,5.5,-114,-114,17.0,False
5,IND@JAX,KYLEN_GRANSON_1_NFL,kylen granson,receiving_yards,9.5,-104,-132,0.0,False
5,IND@JAX,TYLER_GOODSON_1_NFL,tyler goodson,receiving_yards,10.5,-109,-124,31.0,False
5,IND@JAX,BRIAN_THOMAS_1_NFL,brian thomas,receiving_yards,54.5,-115,-118,122.0,False
5,IND@JAX,MO_ALIECOX_1_NFL,mo aliecox,receiving_yards,6.5,+100,-130,37.0,False
5,IND@JAX,TREVOR_LAWRENCE_1_NFL,trevor lawrence,rushing_yards,13.5,-117,-122,4.0,False
5,IND@JAX,ALEC_PIERCE_1_NFL,alec pierce,receiving_yards,24.5,-117,-117,134.0,False
5,IND@JAX,JOSH_DOWNS_1_NFL,josh downs,receiving_yards,49.5,-114,-120,69.0,False
5,IND@JAX,EVAN_ENGRAM_1_NFL,evan engram,receiving_yards,27.5,+106,-125,0.0,False
5,IND@JAX,JOE_FLACCO_1_NFL,joe flacco,passing_yards,230.5,-118,-115,359.0,False
5,IND@JAX,GABRIEL_DAVIS_1_NFL,gabriel davis,receiving_yards,34.5,-115,-112,38.0,False
5,IND@JAX,MICHAEL_PITTMAN_1_NFL,michael pittman,receiving_yards,61.5,-117,-117,37.0,False
5,IND@JAX,CHRISTIAN_KIRK_1_NFL,christian kirk,receiving_yards,52.5,-117,-117,88.0,False
5,LV@DEN,JOSH_REYNOLDS_1_NFL,josh reynolds,receiving_yards,24.5,-111,-116,9.0,False
5,LV@DEN,ADAM_TRAUTMAN_1_NFL,adam trautman,receiving_yards,24.5,+115,,19.0,False
5,LV@DEN,AMEER_ABDULLAH_1_NFL,ameer abdullah,rushing_yards,8.5,-123,-105,42.0,False
5,LV@DEN,GARDNER_MINSHEW_1_NFL,gardner minshew,passing_yards,180.5,-114,-114,137.0,False
5,LV@DEN,COURTLAND_SUTTON_1_NFL,courtland sutton,receiving_yards,49.5,-130,+100,32.0,False
5,LV@DEN,JAVONTE_WILLIAMS_1_NFL,javonte williams,rushing_yards,52.5,-115,-112,61.0,False
5,LV@DEN,TRE_TUCKER_1_NFL,tre tucker,receiving_yards,40.5,-125,-103,18.0,False
5,LV@DEN,MARVIN_MIMS_JR_1_NFL,marvin mims,rushing_yards,24.5,+600,,17.0,False
5,LV@DEN,DJ_TURNER_1_NFL,dj turner,receiving_yards,0.5,+115,-147,12.0,False
5,LV@DEN,GREG_DULCICH_1_NFL,greg dulcich,receiving_yards,14.5,-108,-120,0.0,False
5,LV@DEN,BROCK_BOWERS_1_NFL,brock bowers,rushing_yards,0.5,+715,-4385,0.0,False
5,LV@DEN,JAKOBI_MEYERS_1_NFL,jakobi meyers,receiving_yards,43.5,-114,-114,72.0,False
5,LV@DEN,ALEXANDER_MATTISON_1_NFL,alexander mattison,rushing_yards,54.5,-112,-115,38.0,False
5,LV@DEN,HARRISON_BRYANT_1_NFL,harrison bryant,receiving_yards,9.5,-120,-108,0.0,False
5,LV@DEN,BO_NIX_1_NFL,bo nix,passing_yards,185.5,-114,-114,206.0,False
5,LV@DEN,JALEEL_MCLAUGHLIN_1_NFL,jaleel mclaughlin,receiving_yards,8.5,-105,-123,3.0,False
5,LV@DEN,LILJORDAN_HUMPHREY_1_NFL,liljordan humphrey,receiving_yards,48.5,+1825,-999900,48.0,False
5,ARI@SF,BROCK_PURDY_1_NFL,brock purdy,rushing_yards,12.5,-112,-115,33.0,False
5,ARI@SF,BRANDON_AIYUK_1_NFL,brandon aiyuk,receiving_yards,60.5,-114,-114,147.0,False
5,ARI@SF,KYLE_JUSZCZYK_1_NFL,kyle juszczyk,receiving_yards,8.5,-120,-108,0.0,False
5,ARI@SF,GREG_DORTCH_1_NFL,greg dortch,receiving_yards,31.5,-114,-114,7.0,False
5,ARI@SF,JAMES_CONNER_1_NFL,james conner,receiving_yards,12.5,-109,-119,14.0,False
5,ARI@SF,GEORGE_KITTLE_1_NFL,george kittle,receiving_yards,43.5,-115,-112,64.0,False
5,ARI@SF,TREY_MCBRIDE_1_NFL,trey mcbride,receiving_yards,45.5,-114,-114,53.0,False
5,ARI@SF,JORDAN_MASON_1_NFL,jordan mason,receiving_yards,10.5,-118,-110,9.0,False
5,ARI@SF,MACK_WILSON_1_NFL,mack wilson,receiving_yards,36.5,-114,-114,78.0,False
5,ARI@SF,DEEBO_SAMUEL_1_NFL,deebo samuel,rushing_yards,14.5,-112,-115,9.0,False
5,ARI@SF,JAUAN_JENNINGS_1_NFL,jauan jennings,receiving_yards,39.5,-108,-120,13.0,False
5,ARI@SF,KYLER_MURRAY_1_NFL,kyler murray,passing_yards,216.5,-115,-125,195.0,False
5,ARI@SF,CHRISTIAN_MCCAFFREY_1_NFL,christian mccaffrey,rushing_yards,14.5,-105,-115,0.0,False
5,ARI@SF,MARVIN_HARRISON_JR_1_NFL,marvin harrison,receiving_yards,58.5,-114,-114,36.0,False
5,ARI@SF,TREY_BENSON_1_NFL,trey benson,rushing_yards,24.5,+500,,0.0,False
5,ARI@SF,ELIJAH_HIGGINS_1_NFL,elijah higgins,receiving_yards,14.5,-120,-110,2.0,False
5,NYG@SEA,DANIEL_JONES_1_NFL,daniel jones,passing_yards,182.5,-120,-108,257.0,False
5,NYG@SEA,NOAH_FANT_1_NFL,noah fant,receiving_yards,21.5,-114,-114,24.0,False
5,NYG@SEA,GENO_SMITH_1_NFL,geno smith,passing_yards,255.5,-115,-112,284.0,False
5,NYG@SEA,KENNETH_WALKER_III_1_NFL,kenneth walker,rushing_yards,73.5,-120,-108,19.0,False
5,NYG@SEA,ZACH_CHARBONNET_1_NFL,zach charbonnet,rushing_yards,20.5,-114,-114,11.0,False
5,NYG@SEA,ERIC_GRAY_1_NFL,eric gray,receiving_yards,49.5,+220,,50.0,False
5,NYG@SEA,THEO_JOHNSON_1_NFL,theo johnson,receiving_yards,16.5,-112,-115,48.0,False
5,NYG@SEA,JAXON_SMITHNJIGBA_1_NFL,jaxon smithnjigba,receiving_yards,46.5,-114,-114,31.0,False
5,NYG@SEA,DARIUS_SLAYTON_1_NFL,darius slayton,receiving_yards,40.5,-115,-112,122.0,False
5,NYG@SEA,TYLER_LOCKETT_1_NFL,tyler lockett,receiving_yards,41.5,-114,-114,75.0,False
5,NYG@SEA,DK_METCALF_1_NFL,dk metcalf,receiving_yards,67.5,-120,-108,55.0,False
5,NYG@SEA,TYRONE_TRACY_1_NFL,tyrone tracy,receiving_yards,15.5,-120,-108,1.0,False
5,NYG@SEA,JALIN_HYATT_1_NFL,jalin hyatt,receiving_yards,20.5,-116,-111,0.0,False
5,NYG@SEA,WANDALE_ROBINSON_1_NFL,wandale robinson,receiving_yards,49.5,-114,-114,36.0,False
5,NYG@SEA,AJ_BARNER_1_NFL,aj barner,receiving_yards,4.5,-116,-111,13.0,False
5,GB@LA,EMANUEL_WILSON_1_NFL,emanuel wilson,receiving_yards,6.5,-115,-112,-9.0,False
5,GB@LA,BO_MELTON_1_NFL,bo melton,receiving_yards,30.5,-114,-114,12.0,False
5,GB@LA,AJ_DILLON_1_NFL,aj dillon,receiving_yards,10.5,-117,-103,0.0,False
5,GB@LA,KYREN_WILLIAMS_1_NFL,kyren williams,receiving_yards,18.5,-119,-109,3.0,False
5,GB@LA,TUTU_ATWELL_1_NFL,tutu atwell,receiving_yards,50.5,-120,-108,58.0,False
5,GB@LA,TUCKER_KRAFT_1_NFL,tucker kraft,receiving_yards,38.5,-114,-114,88.0,False
5,GB@LA,JAYDEN_REED_1_NFL,jayden reed,rushing_yards,4.5,+100,-130,19.0,False
5,GB@LA,JOSH_JACOBS_1_NFL,josh jacobs,receiving_yards,14.5,-127,-102,21.0,False
5,GB@LA,DONTAYVION_WICKS_1_NFL,dontayvion wicks,receiving_yards,58.5,-125,-103,20.0,False
5,GB@LA,RONNIE_RIVERS_1_NFL,ronnie rivers,rushing_yards,15.5,-111,-116,0.0,False
5,GB@LA,JORDAN_LOVE_1_NFL,jordan love,rushing_yards,3.5,-112,-115,10.0,False
5,GB@LA,TYLER_JOHNSON_1_NFL,tyler johnson,receiving_yards,9.5,-103,-125,0.0,False
5,GB@LA,MATTHEW_STAFFORD_1_NFL,matthew stafford,passing_yards,263.5,-120,-117,260.0,False
5,GB@LA,DEMARCUS_ROBINSON_1_NFL,demarcus robinson,receiving_yards,28.5,+409,-620,28.0,False
5,GB@LA,COLBY_PARKINSON_1_NFL,colby parkinson,receiving_yards,37.5,-114,-114,52.0,False
5,GB@LA,ROMEO_DOUBS_1_NFL,romeo doubs,receiving_yards,45.5,-108,-120,0.0,False
5,GB@LA,MALIK_HEATH_1_NFL,malik heath,receiving_yards,11.5,-114,-114,14.0,False
5,DAL@PIT,JAKE_FERGUSON_1_NFL,jake ferguson,receiving_yards,48.5,-114,-114,70.0,False
5,DAL@PIT,DAK_PRESCOTT_1_NFL,dak prescott,rushing_yards,9.5,-114,-114,3.0,False
5,DAL@PIT,KAVONTAE_TURPIN_1_NFL,kavontae turpin,receiving_yards,16.5,-114,-114,50.0,False
5,DAL@PIT,JUSTIN_FIELDS_1_NFL,justin fields,rushing_yards,49.5,-114,-114,27.0,False
5,DAL@PIT,RICO_DOWDLE_1_NFL,rico dowdle,receiving_yards,14.5,-114,-114,27.0,False
5,DAL@PIT,EZEKIEL_ELLIOTT_1_NFL,ezekiel elliott,rushing_yards,16.5,+140,-184,17.0,False
5,DAL@PIT,JALEN_BROOKS_1_NFL,jalen brooks,receiving_yards,11.5,-114,-114,10.0,False
5,DAL@PIT,JAYLEN_WARREN_1_NFL,jaylen warren,rushing_yards,68.5,-132,+112,0.0,False
5,DAL@PIT,BRANDIN_COOKS_1_NFL,brandin cooks,receiving_yards,36.5,-118,-118,0.0,False
5,DAL@PIT,CALVIN_AUSTIN_1_NFL,calvin austin,receiving_yards,14.5,-114,-114,6.0,False
5,DAL@PIT,VAN_JEFFERSON_1_NFL,van jefferson,receiving_yards,16.5,-120,-108,26.0,False
5,DAL@PIT,CEEDEE_LAMB_1_NFL,ceedee lamb,receiving_yards,79.5,-120,-108,62.0,False
5,DAL@PIT,NAJEE_HARRIS_1_NFL,najee harris,receiving_yards,16.5,-130,+100,35.0,False
5,DAL@PIT,DARNELL_WASHINGTON_1_NFL,darnell washington,receiving_yards,4.5,-114,-114,5.0,False
5,DAL@PIT,JALEN_TOLBERT_1_NFL,jalen tolbert,receiving_yards,34.5,-120,-108,87.0,False
5,DAL@PIT,GEORGE_PICKENS_1_NFL,george pickens,receiving_yards,57.5,-114,-114,26.0,False
5,DAL@PIT,PAT_FREIERMUTH_1_NFL,pat freiermuth,receiving_yards,34.5,-114,-114,22.0,False
6,SF@SEA,BROCK_PURDY_1_NFL,brock purdy,rushing_yards,15.5,-123,-105,19.0,False
6,SF@SEA,NOAH_FANT_1_NFL,noah fant,receiving_yards,21.5,-114,-114,63.0,False
6,SF@SEA,GENO_SMITH_1_NFL,geno smith,passing_yards,250.5,-120,-108,312.0,False
6,SF@SEA,KENNETH_WALKER_III_1_NFL,kenneth walker,rushing_yards,65.5,-120,-108,32.0,False
6,SF@SEA,JAUAN_JENNINGS_1_NFL,jauan jennings,rushing_yards,0.5,+948,-2404,0.0,False
6,SF@SEA,BRANDON_AIYUK_1_NFL,brandon aiyuk,receiving_yards,67.5,-125,-103,37.0,False
6,SF@SEA,KYLE_JUSZCZYK_1_NFL,kyle juszczyk,receiving_yards,7.5,-125,-103,10.0,False
6,SF@SEA,ZACH_CHARBONNET_1_NFL,zach charbonnet,rushing_yards,14.5,-114,-114,20.0,False
6,SF@SEA,GEORGE_KITTLE_1_NFL,george kittle,receiving_yards,50.5,-130,+100,58.0,False
6,SF@SEA,JAXON_SMITHNJIGBA_1_NFL,jaxon smithnjigba,receiving_yards,48.5,-114,-114,53.0,False
6,SF@SEA,JORDAN_MASON_1_NFL,jordan mason,receiving_yards,9.5,-125,-103,9.0,False
6,SF@SEA,TYLER_LOCKETT_1_NFL,tyler lockett,receiving_yards,44.5,-108,-120,65.0,False
6,SF@SEA,ISAAC_GUERENDO_1_NFL,isaac guerendo,receiving_yards,0.5,+150,-200,0.0,False
6,SF@SEA,DK_METCALF_1_NFL,dk metcalf,receiving_yards,66.5,-114,-114,48.0,False
6,SF@SEA,PHARAOH_BROWN_1_NFL,pharaoh brown,receiving_yards,0.5,+165,-265,0.0,False
6,SF@SEA,DEEBO_SAMUEL_1_NFL,deebo samuel,rushing_yards,14.5,-114,-114,15.0,False
6,SF@SEA,GEORGE_FANT_1_NFL,george fant,receiving_yards,24.5,+110,,0.0,False
6,SF@SEA,AJ_BARNER_1_NFL,aj barner,receiving_yards,2.5,-122,-106,13.0,False
6,JAX@CHI,TRAVIS_ETIENNE_JR_1_NFL,travis etienne,receiving_yards,11.5,-102,-127,0.0,False
6,JAX@CHI,TANK_BIGSBY_1_NFL,tank bigsby,rushing_yards,42.5,-120,-108,24.0,False
6,JAX@CHI,DJ_MOORE_1_NFL,dj moore,receiving_yards,66.5,-114,-114,20.0,False
6,JAX@CHI,KHALIL_HERBERT_1_NFL,khalil herbert,rushing_yards,25.5,+100,-121,3.0,False
6,JAX@CHI,DANDRE_SWIFT_1_NFL,dandre swift,rushing_yards,53.5,-114,-114,91.0,False
6,JAX@CHI,BRIAN_THOMAS_1_NFL,brian thomas,receiving_yards,57.5,-123,-105,27.0,False
6,JAX@CHI,KEENAN_ALLEN_1_NFL,keenan allen,receiving_yards,46.5,-114,-114,41.0,False
6,JAX@CHI,COLE_KMET_1_NFL,cole kmet,receiving_yards,30.5,-114,-114,70.0,False
6,JAX@CHI,TREVOR_LAWRENCE_1_NFL,trevor lawrence,rushing_yards,11.5,-114,-114,17.0,False
6,JAX@CHI,GERALD_EVERETT_1_NFL,gerald everett,receiving_yards,5.5,-114,-114,0.0,False
6,JAX@CHI,EVAN_ENGRAM_1_NFL,evan engram,receiving_yards,37.5,-109,-119,102.0,False
6,JAX@CHI,GABRIEL_DAVIS_1_NFL,gabriel davis,receiving_yards,45.5,+170,-230,45.0,False
6,JAX@CHI,ROSCHON_JOHNSON_1_NFL,roschon johnson,receiving_yards,25.5,+165,-260,25.0,False
6,JAX@CHI,CHRIS_WILLIAMS_1_NFL,chris williams,rushing_yards,19.5,-114,-114,56.0,False
6,JAX@CHI,ROME_ODUNZE_1_NFL,rome odunze,receiving_yards,42.5,-114,-114,40.0,False
6,JAX@CHI,CHRISTIAN_KIRK_1_NFL,christian kirk,receiving_yards,44.5,-114,-114,39.0,False
6,JAX@CHI,DERNEST_JOHNSON_1_NFL,dernest johnson,rushing_yards,24.5,+1200,,28.0,False
6,WAS@BAL,ZAY_FLOWERS_1_NFL,zay flowers,receiving_yards,59.5,-114,-114,132.0,False
6,WAS@BAL,JEREMY_MCNICHOLS_1_NFL,jeremy mcnichols,receiving_yards,5.5,+100,-130,0.0,False
6,WAS@BAL,ZACH_ERTZ_1_NFL,zach ertz,receiving_yards,32.5,-114,-114,68.0,False
6,WAS@BAL,AUSTIN_EKELER_1_NFL,austin ekeler,receiving_yards,23.5,-114,-114,47.0,False
6,WAS@BAL,NOAH_BROWN_1_NFL,noah brown,receiving_yards,26.5,-115,-112,58.0,False
6,WAS@BAL,TERRY_MCLAURIN_1_NFL,terry mclaurin,receiving_yards,63.5,-123,-105,53.0,False
6,WAS@BAL,LUKE_MCCAFFREY_1_NFL,luke mccaffrey,receiving_yards,16.5,-119,-109,5.0,False
6,WAS@BAL,DERRICK_HENRY_1_NFL,derrick henry,receiving_yards,8.5,-115,-112,0.0,False
6,WAS@BAL,ISAIAH_LIKELY_1_NFL,isaiah likely,receiving_yards,22.5,-114,-114,27.0,False
6,WAS@BAL,OLAMIDE_ZACCHEAUS_1_NFL,olamide zaccheaus,receiving_yards,24.5,+105,,27.0,False
6,WAS@BAL,JAYDEN_DANIELS_1_NFL,jayden daniels,rushing_yards,47.5,-114,-114,22.0,False
6,WAS@BAL,JUSTICE_HILL_1_NFL,justice hill,receiving_yards,17.5,-108,-120,2.0,False
6,WAS@BAL,NELSON_AGHOLOR_1_NFL,nelson agholor,receiving_yards,15.5,-114,-114,25.0,False
6,WAS@BAL,LAMAR_JACKSON_1_NFL,lamar jackson,rushing_yards,56.5,-114,-114,40.0,False
6,WAS@BAL,CHARLIE_KOLAR_1_NFL,charlie kolar,receiving_yards,0.5,+1850,-999900,0.0,False
6,WAS@BAL,MARK_ANDREWS_1_NFL,mark andrews,receiving_yards,25.5,-114,-114,66.0,False
6,WAS@BAL,BRIAN_ROBINSON_1_NFL,brian robinson,rushing_yards,50.5,-115,-115,0.0,False
6,WAS@BAL,RASHOD_BATEMAN_1_NFL,rashod bateman,receiving_yards,32.5,-109,-119,71.0,False
6,CLE@PHI,KENNETH_GAINWELL_1_NFL,kenneth gainwell,rushing_yards,39.5,+950,,23.0,False
6,CLE@PHI,JALEN_HURTS_1_NFL,jalen hurts,passing_yards,225.5,-112,-115,264.0,False
6,CLE@PHI,SAQUON_BARKLEY_1_NFL,saquon barkley,receiving_yards,16.5,-114,-114,7.0,False
6,CLE@PHI,JEROME_FORD_1_NFL,jerome ford,receiving_yards,17.5,-114,-114,0.0,False
6,CLE@PHI,DEVONTA_SMITH_1_NFL,devonta smith,receiving_yards,56.5,-118,-110,64.0,False
6,CLE@PHI,AJ_BROWN_1_NFL,aj brown,receiving_yards,76.5,+181,-245,116.0,False
6,CLE@PHI,DONTA_FOREMAN_1_NFL,donta foreman,rushing_yards,23.5,-116,-111,31.0,False
6,CLE@PHI,DAVID_NJOKU_1_NFL,david njoku,receiving_yards,29.5,-115,-112,31.0,False
6,CLE@PHI,DESHAUN_WATSON_1_NFL,deshaun watson,rushing_yards,17.5,+650,-1200,17.0,False
6,CLE@PHI,DALLAS_GOEDERT_1_NFL,dallas goedert,receiving_yards,38.5,-112,-115,0.0,False
6,CLE@PHI,AMARI_COOPER_1_NFL,amari cooper,receiving_yards,42.5,+267,-376,42.0,False
6,CLE@PHI,GRANT_CALCATERRA_1_NFL,grant calcaterra,receiving_yards,59.5,-135,,67.0,False
6,CLE@PHI,PIERRE_STRONG_JR_1_NFL,pierre strong,rushing_yards,24.5,+320,,43.0,False
6,CLE@PHI,NICK_CHUBB_1_NFL,nick chubb,rushing_yards,22.5,-134,+110,0.0,False
6,CLE@PHI,ELIJAH_MOORE_1_NFL,elijah moore,receiving_yards,20.5,-114,-114,3.0,False
6,CLE@PHI,JERRY_JEUDY_1_NFL,jerry jeudy,receiving_yards,35.5,+358,-633,35.0,False
6,ARI@GB,EMANUEL_WILSON_1_NFL,emanuel wilson,receiving_yards,4.5,-112,-115,19.0,False
6,ARI@GB,TUCKER_KRAFT_1_NFL,tucker kraft,receiving_yards,40.5,-114,-114,13.0,False
6,ARI@GB,KYLER_MURRAY_1_NFL,kyler murray,rushing_yards,34.5,-125,-103,14.0,False
6,ARI@GB,JAYDEN_REED_1_NFL,jayden reed,rushing_yards,5.5,-103,-125,0.0,False
6,ARI@GB,EMARI_DEMERCADO_1_NFL,emari demercado,receiving_yards,39.5,+190,,39.0,False
6,ARI@GB,GREG_DORTCH_1_NFL,greg dortch,receiving_yards,23.5,-113,-117,36.0,False
6,ARI@GB,JAMES_CONNER_1_NFL,james conner,receiving_yards,10.5,-115,-114,22.0,False
6,ARI@GB,JOSH_JACOBS_1_NFL,josh jacobs,receiving_yards,12.5,-115,-115,28.0,False
6,ARI@GB,DONTAYVION_WICKS_1_NFL,dontayvion wicks,receiving_yards,22.5,-114,-114,9.0,False
6,ARI@GB,JORDAN_LOVE_1_NFL,jordan love,rushing_yards,6.5,-115,-112,13.0,False
6,ARI@GB,TREY_MCBRIDE_1_NFL,trey mcbride,receiving_yards,50.5,-114,-114,96.0,False
6,ARI@GB,MACK_WILSON_1_NFL,mack wilson,receiving_yards,36.5,-114,-120,21.0,False
6,ARI@GB,CHRISTIAN_WATSON_1_NFL,christian watson,rushing_yards,0.5,+420,-985,0.0,False
6,ARI@GB,BO_MELTON_1_NFL,bo melton,rushing_yards,24.5,+650,,27.0,False
6,ARI@GB,ELIJAH_HIGGINS_1_NFL,elijah higgins,receiving_yards,3.5,-114,-114,0.0,False
6,ARI@GB,ROMEO_DOUBS_1_NFL,romeo doubs,receiving_yards,41.5,-115,-118,49.0,False
6,ARI@GB,MARVIN_HARRISON_JR_1_NFL,marvin harrison,receiving_yards,53.5,-117,-117,0.0,False
6,ARI@GB,BEN_SIMS_1_NFL,ben sims,receiving_yards,49.5,+255,-615,38.0,False
6,ARI@GB,TREY_BENSON_1_NFL,trey benson,rushing_yards,39.5,+310,,26.0,False
6,IND@TEN,TREY_SERMON_1_NFL,trey sermon,receiving_yards,12.5,-115,-112,0.0,False
6,IND@TEN,TONY_POLLARD_1_NFL,tony pollard,rushing_yards,64.5,-120,-108,93.0,False
6,IND@TEN,ANTHONY_RICHARDSON_1_NFL,anthony richardson,passing_yards,184.5,-130,+100,0.0,False
6,IND@TEN,TYJAE_SPEARS_1_NFL,tyjae spears,rushing_yards,34.5,-114,-114,27.0,False
6,IND@TEN,TYLER_GOODSON_1_NFL,tyler goodson,receiving_yards,13.5,-114,-114,14.0,False
6,IND@TEN,MO_ALIECOX_1_NFL,mo aliecox,receiving_yards,9.5,-115,-112,41.0,False
6,IND@TEN,ALEC_PIERCE_1_NFL,alec pierce,receiving_yards,31.5,-116,-111,0.0,False
6,IND@TEN,TYLER_BOYD_1_NFL,tyler boyd,receiving_yards,24.5,-114,-114,19.0,False
6,IND@TEN,JOSH_DOWNS_1_NFL,josh downs,receiving_yards,50.5,-114,-114,66.0,False
6,IND@TEN,JOE_FLACCO_1_NFL,joe flacco,passing_yards,243.5,-114,-114,189.0,False
6,IND@TEN,MICHAEL_PITTMAN_1_NFL,michael pittman,receiving_yards,48.5,-114,-114,35.0,False
6,IND@TEN,WILL_LEVIS_1_NFL,will levis,rushing_yards,15.5,+400,-650,15.0,False
6,IND@TEN,JOSH_WHYLE_1_NFL,josh whyle,receiving_yards,9.5,-115,-112,2.0,False
6,IND@TEN,TREYLON_BURKS_1_NFL,treylon burks,receiving_yards,24.5,+250,,10.0,False
6,IND@TEN,CALVIN_RIDLEY_1_NFL,calvin ridley,receiving_yards,49.5,-114,-114,0.0,False
6,IND@TEN,DEANDRE_HOPKINS_1_NFL,deandre hopkins,receiving_yards,42.5,-114,-114,54.0,False
6,IND@TEN,CHIGOZIEM_OKONOKWO_1_NFL,chigoziem okonokwo,receiving_yards,17.5,-118,-110,6.0,False
6,HOU@NE,JOE_MIXON_1_NFL,joe mixon,receiving_yards,13.5,-118,-110,30.0,False
6,HOU@NE,KENDRICK_BOURNE_1_NFL,kendrick bourne,rushing_yards,0.5,-115,-115,0.0,False
6,HOU@NE,DEMARIO_DOUGLAS_1_NFL,demario douglas,rushing_yards,0.5,+535,-1645,0.0,False
6,HOU@NE,DALTON_SCHULTZ_1_NFL,dalton schultz,receiving_yards,34.5,-114,-114,27.0,False
6,HOU@NE,KAYSHON_BOUTTE_1_NFL,kayshon boutte,receiving_yards,59.5,+215,,59.0,False
6,HOU@NE,TANK_DELL_1_NFL,tank dell,receiving_yards,52.5,-114,-114,57.0,False
6,HOU@NE,XAVIER_HUTCHINSON_1_NFL,xavier hutchinson,receiving_yards,18.5,-118,-110,0.0,False
6,HOU@NE,JACOBY_BRISSETT_1_NFL,jacoby brissett,rushing_yards,28.5,-107,-113,0.0,False
6,HOU@NE,DAMEON_PIERCE_1_NFL,dameon pierce,rushing_yards,24.5,+225,,76.0,False
6,HOU@NE,ANTONIO_GIBSON_1_NFL,antonio gibson,receiving_yards,17.5,-115,-112,24.0,False
6,HOU@NE,CJ_STROUD_1_NFL,cj stroud,passing_yards,237.5,-120,-108,192.0,False
6,HOU@NE,RHAMONDRE_STEVENSON_1_NFL,rhamondre stevenson,rushing_yards,17.5,-110,-110,0.0,False
6,HOU@NE,AUSTIN_HOOPER_1_NFL,austin hooper,receiving_yards,11.5,-118,-110,5.0,False
6,HOU@NE,CAM_AKERS_1_NFL,cam akers,rushing_yards,39.5,+850,,-1.0,False
6,HOU@NE,HUNTER_HENRY_1_NFL,hunter henry,receiving_yards,41.5,+195,-260,41.0,False
6,HOU@NE,JALYNN_POLK_1_NFL,jalynn polk,receiving_yards,0.5,+300,-450,4.0,False
6,HOU@NE,JAMYCAL_HASTY_1_NFL,jamycal hasty,rushing_yards,17.5,-119,-109,12.0,False
6,HOU@NE,STEFON_DIGGS_1_NFL,stefon diggs,receiving_yards,64.5,-114,-114,77.0,False
6,TB@NO,JALEN_MCMILLAN_1_NFL,jalen mcmillan,receiving_yards,18.5,-120,-110,0.0,False
6,TB@NO,BUCKY_IRVING_1_NFL,bucky irving,receiving_yards,18.5,-111,-116,24.0,False
6,TB@NO,DEREK_CARR_1_NFL,derek carr,rushing_yards,14.5,-110,-110,0.0,False
6,TB@NO,FOSTER_MOREAU_1_NFL,foster moreau,receiving_yards,7.5,-114,-114,54.0,False
6,TB@NO,ALVIN_KAMARA_1_NFL,alvin kamara,receiving_yards,30.5,-114,-114,24.0,False
6,TB@NO,CHRIS_OLAVE_1_NFL,chris olave,rushing_yards,0.5,+770,-3950,0.0,False
6,TB@NO,CADE_OTTON_1_NFL,cade otton,receiving_yards,32.5,-108,-120,15.0,False
6,TB@NO,MASON_TIPTON_1_NFL,mason tipton,rushing_yards,0.5,+1700,-10000,0.0,False
6,TB@NO,RASHID_SHAHEED_1_NFL,rashid shaheed,rushing_yards,2.5,+1895,-999900,2.0,False
6,TB@NO,BAKER_MAYFIELD_1_NFL,baker mayfield,passing_yards,238.5,-114,-114,325.0,False
6,TB@NO,JUWAN_JOHNSON_1_NFL,juwan johnson,receiving_yards,20.5,-114,-114,48.0,False
6,TB@NO,CHRIS_GODWIN_1_NFL,chris godwin,rushing_yards,0.5,+445,-1100,0.0,False
6,TB@NO,JAMAAL_WILLIAMS_1_NFL,jamaal williams,rushing_yards,24.5,+1200,-117,7.0,False
6,TB@NO,RACHAAD_WHITE_1_NFL,rachaad white,rushing_yards,37.5,-112,-117,0.0,False
6,TB@NO,MIKE_EVANS_1_NFL,mike evans,receiving_yards,56.5,-115,-112,34.0,False
6,PIT@LV,AMEER_ABDULLAH_1_NFL,ameer abdullah,rushing_yards,18.5,-115,-112,24.0,False
6,PIT@LV,GARDNER_MINSHEW_1_NFL,gardner minshew,passing_yards,189.5,+112,-135,0.0,False
6,PIT@LV,JUSTIN_FIELDS_1_NFL,justin fields,rushing_yards,41.5,-114,-114,59.0,False
6,PIT@LV,AIDAN_OCONNELL_1_NFL,aidan oconnell,passing_yards,185.5,-114,-114,227.0,False
6,PIT@LV,JAYLEN_WARREN_1_NFL,jaylen warren,receiving_yards,11.5,-114,-114,11.0,False
6,PIT@LV,TRE_TUCKER_1_NFL,tre tucker,receiving_yards,39.5,-120,-108,0.0,False
6,PIT@LV,DJ_TURNER_1_NFL,dj turner,receiving_yards,16.5,-112,-120,37.0,False
6,PIT@LV,BROCK_BOWERS_1_NFL,brock bowers,rushing_yards,0.5,+430,-910,0.0,False
6,PIT@LV,PAT_FREIERMUTH_1_NFL,pat freiermuth,receiving_yards,30.5,-115,-112,16.0,False
6,PIT@LV,JAKOBI_MEYERS_1_NFL,jakobi meyers,receiving_yards,49.5,+110,,0.0,False
6,PIT@LV,ALEXANDER_MATTISON_1_NFL,alexander mattison,rushing_yards,52.5,-119,-109,33.0,False
6,PIT@LV,HARRISON_BRYANT_1_NFL,harrison bryant,receiving_yards,9.5,-115,-112,24.0,False
6,PIT@LV,CALVIN_AUSTIN_1_NFL,calvin austin,receiving_yards,17.5,-114,-114,36.0,False
6,PIT@LV,VAN_JEFFERSON_1_NFL,van jefferson,receiving_yards,18.5,-114,-114,0.0,False
6,PIT@LV,NAJEE_HARRIS_1_NFL,najee harris,receiving_yards,11.5,-118,-110,16.0,False
6,PIT@LV,GEORGE_PICKENS_1_NFL,george pickens,receiving_yards,48.5,-120,-108,53.0,False
6,LAC@DEN,JOSH_REYNOLDS_1_NFL,josh reynolds,receiving_yards,23.5,-112,-117,0.0,False
6,LAC@DEN,ADAM_TRAUTMAN_1_NFL,adam trautman,receiving_yards,8.5,-114,-114,0.0,False
6,LAC@DEN,LADD_MCCONKEY_1_NFL,ladd mcconkey,receiving_yards,48.5,-114,-114,43.0,False
6,LAC@DEN,QUENTIN_JOHNSTON_1_NFL,quentin johnston,receiving_yards,28.5,-108,-120,22.0,False
6,LAC@DEN,GUS_EDWARDS_1_NFL,gus edwards,rushing_yards,24.5,+380,,0.0,False
6,LAC@DEN,COURTLAND_SUTTON_1_NFL,courtland sutton,receiving_yards,57.5,-115,-115,53.0,False
6,LAC@DEN,JK_DOBBINS_1_NFL,jk dobbins,rushing_yards,68.5,-112,-115,96.0,False
6,LAC@DEN,MARVIN_MIMS_JR_1_NFL,marvin mims,receiving_yards,6.5,-120,-110,0.0,False
6,LAC@DEN,JAVONTE_WILLIAMS_1_NFL,javonte williams,rushing_yards,49.5,-119,-109,23.0,False
6,LAC@DEN,WILL_DISSLY_1_NFL,will dissly,receiving_yards,10.5,-116,-111,26.0,False
6,LAC@DEN,BO_NIX_1_NFL,bo nix,rushing_yards,40.5,+182,-250,61.0,False
6,LAC@DEN,JUSTIN_HERBERT_1_NFL,justin herbert,passing_yards,183.5,-114,-114,237.0,False
6,LAC@DEN,JOSH_PALMER_1_NFL,josh palmer,receiving_yards,28.5,-114,-114,38.0,False
6,LAC@DEN,JALEEL_MCLAUGHLIN_1_NFL,jaleel mclaughlin,receiving_yards,6.5,+250,-460,17.0,False
6,LAC@DEN,LILJORDAN_HUMPHREY_1_NFL,liljordan humphrey,receiving_yards,8.5,+135,-175,8.0,False
6,ATL@CAR,JATAVION_SANDERS_1_NFL,jatavion sanders,receiving_yards,20.5,-108,-120,49.0,False
6,ATL@CAR,CHUBA_HUBBARD_1_NFL,chuba hubbard,receiving_yards,17.5,-110,-118,11.0,False
6,ATL@CAR,KYLE_PITTS_1_NFL,kyle pitts,receiving_yards,36.5,-114,-114,70.0,False
6,ATL@CAR,KIRK_COUSINS_1_NFL,kirk cousins,passing_yards,255.5,-114,-114,225.0,False
6,ATL@CAR,ANDY_DALTON_1_NFL,andy dalton,rushing_yards,4.5,-110,-118,21.0,False
6,ATL@CAR,BIJAN_ROBINSON_1_NFL,bijan robinson,receiving_yards,23.5,-112,-115,10.0,False
6,ATL@CAR,XAVIER_LEGETTE_1_NFL,xavier legette,receiving_yards,41.5,-112,-115,23.0,False
6,ATL@CAR,RAYRAY_MCCLOUD_III_1_NFL,rayray mccloud,receiving_yards,30.5,+1460,-999900,30.0,False
6,ATL@CAR,MILES_SANDERS_1_NFL,miles sanders,rushing_yards,17.5,-115,-112,1.0,False
6,ATL@CAR,TYLER_ALLGEIER_1_NFL,tyler allgeier,rushing_yards,39.5,-119,-109,105.0,False
6,ATL@CAR,DJ_JOHNSON_1_NFL,dj johnson,receiving_yards,62.5,-115,-112,78.0,False
6,ATL@CAR,DARNELL_MOONEY_1_NFL,darnell mooney,receiving_yards,54.5,-114,-114,38.0,False
6,ATL@CAR,JONATHAN_MINGO_1_NFL,jonathan mingo,receiving_yards,26.5,-116,-111,1.0,False
6,ATL@CAR,DRAKE_LONDON_1_NFL,drake london,receiving_yards,69.5,-114,-114,74.0,False
6,ATL@CAR,IAN_THOMAS_1_NFL,ian thomas,receiving_yards,2.5,-125,-105,0.0,False
6,DET@DAL,KAVONTAE_TURPIN_1_NFL,kavontae turpin,rushing_yards,0.5,+930,-999900,6.0,False
6,DET@DAL,DAVID_MONTGOMERY_1_NFL,david montgomery,rushing_yards,61.5,-123,-105,80.0,False
6,DET@DAL,JAKE_FERGUSON_1_NFL,jake ferguson,receiving_yards,51.5,-123,-105,11.0,False
6,DET@DAL,JARED_GOFF_1_NFL,jared goff,rushing_yards,0.5,+140,-197,5.0,False
6,DET@DAL,DAK_PRESCOTT_1_NFL,dak prescott,rushing_yards,8.5,-115,-112,1.0,False
6,DET@DAL,KALIF_RAYMOND_1_NFL,kalif raymond,receiving_yards,59.5,+130,,73.0,False
6,DET@DAL,RICO_DOWDLE_1_NFL,rico dowdle,receiving_yards,14.5,-112,-115,30.0,False
6,DET@DAL,EZEKIEL_ELLIOTT_1_NFL,ezekiel elliott,rushing_yards,14.5,-114,-114,17.0,False
6,DET@DAL,JAMESON_WILLIAMS_1_NFL,jameson williams,rushing_yards,24.5,+1200,-185,11.0,False
6,DET@DAL,AMONRA_ST_BROWN_1_NFL,amonra st brown,receiving_yards,78.5,-115,-112,37.0,False
6,DET@DAL,JAHMYR_GIBBS_1_NFL,jahmyr gibbs,receiving_yards,21.5,-118,-110,28.0,False
6,DET@DAL,JALEN_BROOKS_1_NFL,jalen brooks,receiving_yards,14.5,-112,-115,15.0,False
6,DET@DAL,SAM_LAPORTA_1_NFL,sam laporta,receiving_yards,42.5,-114,-114,52.0,False
6,DET@DAL,BROCK_WRIGHT_1_NFL,brock wright,receiving_yards,6.5,-105,-123,0.0,False
6,DET@DAL,CEEDEE_LAMB_1_NFL,ceedee lamb,receiving_yards,90.5,-120,-108,89.0,False
6,DET@DAL,JALEN_TOLBERT_1_NFL,jalen tolbert,receiving_yards,48.5,-114,-114,43.0,False
6,CIN@NYG,DANIEL_JONES_1_NFL,daniel jones,passing_yards,217.5,-125,-103,205.0,False
6,CIN@NYG,JOE_BURROW_1_NFL,joe burrow,passing_yards,268.5,-114,-114,208.0,False
6,CIN@NYG,ERICK_ALL_1_NFL,erick all,receiving_yards,17.5,-114,-114,10.0,False
6,CIN@NYG,CHASE_BROWN_1_NFL,chase brown,receiving_yards,10.5,-114,-114,11.0,False
6,CIN@NYG,ZACK_MOSS_1_NFL,zack moss,rushing_yards,42.5,-115,-112,13.0,False
6,CIN@NYG,JAMARR_CHASE_1_NFL,jamarr chase,receiving_yards,72.5,+1490,-999900,72.0,False
6,CIN@NYG,ERIC_GRAY_1_NFL,eric gray,receiving_yards,7.5,-114,-114,0.0,False
6,CIN@NYG,ANDREI_IOSIVAS_1_NFL,andrei iosivas,receiving_yards,23.5,-114,-114,36.0,False
6,CIN@NYG,THEO_JOHNSON_1_NFL,theo johnson,receiving_yards,27.5,-114,-114,30.0,False
6,CIN@NYG,DARIUS_SLAYTON_1_NFL,darius slayton,receiving_yards,47.5,+142,-188,57.0,False
6,CIN@NYG,MIKE_GESICKI_1_NFL,mike gesicki,receiving_yards,20.5,-118,-110,0.0,False
6,CIN@NYG,TYRONE_TRACY_1_NFL,tyrone tracy,receiving_yards,13.5,-115,-112,57.0,False
6,CIN@NYG,JALIN_HYATT_1_NFL,jalin hyatt,receiving_yards,19.5,-114,-114,6.0,False
6,CIN@NYG,TEE_HIGGINS_1_NFL,tee higgins,receiving_yards,77.5,+1550,-999900,77.0,False
6,CIN@NYG,TRENTON_IRWIN_1_NFL,trenton irwin,receiving_yards,17.5,-101,-119,0.0,False
6,CIN@NYG,WANDALE_ROBINSON_1_NFL,wandale robinson,rushing_yards,0.5,+1750,-999900,0.0,False
7,DEN@NO,DEVAUGHN_VELE_1_NFL,devaughn vele,receiving_yards,34.5,-114,-114,20.0,False
7,DEN@NO,DEREK_CARR_1_NFL,derek carr,rushing_yards,20.5,-111,-109,0.0,False
7,DEN@NO,LUCAS_KRULL_1_NFL,lucas krull,receiving_yards,10.5,-125,-103,41.0,False
7,DEN@NO,FOSTER_MOREAU_1_NFL,foster moreau,receiving_yards,12.5,-120,-108,38.0,False
7,DEN@NO,BUB_MEANS_1_NFL,bub means,receiving_yards,37.5,-125,-103,37.0,False
7,DEN@NO,COURTLAND_SUTTON_1_NFL,courtland sutton,receiving_yards,49.5,-120,-108,0.0,False
7,DEN@NO,MARVIN_MIMS_JR_1_NFL,marvin mims,receiving_yards,21.5,-121,+102,18.0,False
7,DEN@NO,ALVIN_KAMARA_1_NFL,alvin kamara,receiving_yards,38.5,-114,-114,14.0,False
7,DEN@NO,JAVONTE_WILLIAMS_1_NFL,javonte williams,rushing_yards,46.5,-125,-103,88.0,False
7,DEN@NO,MASON_TIPTON_1_NFL,mason tipton,rushing_yards,0.5,+625,-1200,0.0,False
7,DEN@NO,GREG_DULCICH_1_NFL,greg dulcich,receiving_yards,9.5,-121,+101,0.0,False
7,DEN@NO,KENDRE_MILLER_1_NFL,kendre miller,rushing_yards,10.5,-114,-114,36.0,False
7,DEN@NO,JUWAN_JOHNSON_1_NFL,juwan johnson,receiving_yards,31.5,-114,-114,18.0,False
7,DEN@NO,JAMAAL_WILLIAMS_1_NFL,jamaal williams,rushing_yards,7.5,-114,-114,17.0,False
7,DEN@NO,BO_NIX_1_NFL,bo nix,rushing_yards,29.5,-114,-114,75.0,False
7,DEN@NO,AUDRIC_ESTIME_1_NFL,audric estime,rushing_yards,17.5,-125,-103,29.0,False
7,DEN@NO,JALEEL_MCLAUGHLIN_1_NFL,jaleel mclaughlin,receiving_yards,7.5,-114,-114,0.0,False
7,DEN@NO,CHRIS_OLAVE_1_NFL,chris olave,receiving_yards,22.5,+100,-119,0.0,False
7,DEN@NO,LILJORDAN_HUMPHREY_1_NFL,liljordan humphrey,receiving_yards,4.5,-120,-108,12.0,False
7,DEN@NO,CEDRICK_WILSON_JR_1_NFL,cedrick wilson,receiving_yards,39.5,+800,-201,57.0,False
7,DEN@NO,TROY_FRANKLIN_1_NFL,troy franklin,receiving_yards,24.5,-114,-114,50.0,False
7,DEN@NO,RASHID_SHAHEED_1_NFL,rashid shaheed,receiving_yards,42.5,-110,-110,0.0,False
7,NE@JAX,JALYNN_POLK_1_NFL,jalynn polk,rushing_yards,0.5,+810,-4925,0.0,False
7,NE@JAX,DEVIN_DUVERNAY_1_NFL,devin duvernay,receiving_yards,0.5,-110,-120,0.0,False
7,NE@JAX,TANK_BIGSBY_1_NFL,tank bigsby,rushing_yards,63.5,-130,+100,118.0,False
7,NE@JAX,BRENTON_STRANGE_1_NFL,brenton strange,receiving_yards,4.5,-116,-111,0.0,False
7,NE@JAX,KAYSHON_BOUTTE_1_NFL,kayshon boutte,receiving_yards,20.5,-130,+100,33.0,False
7,NE@JAX,LUKE_FARRELL_1_NFL,luke farrell,receiving_yards,6.5,-115,-115,0.0,False
7,NE@JAX,BRIAN_THOMAS_1_NFL,brian thomas,receiving_yards,55.5,-116,-111,89.0,False
7,NE@JAX,TYQUAN_THORNTON_1_NFL,tyquan thornton,receiving_yards,17.5,-122,+101,0.0,False
7,NE@JAX,DEMARIO_DOUGLAS_1_NFL,demario douglas,receiving_yards,52.5,-114,-114,14.0,False
7,NE@JAX,ANTONIO_GIBSON_1_NFL,antonio gibson,receiving_yards,9.5,-112,-115,9.0,False
7,NE@JAX,TREVOR_LAWRENCE_1_NFL,trevor lawrence,rushing_yards,12.5,-115,-112,13.0,False
7,NE@JAX,EVAN_ENGRAM_1_NFL,evan engram,receiving_yards,49.5,-114,-114,35.0,False
7,NE@JAX,GABRIEL_DAVIS_1_NFL,gabriel davis,receiving_yards,33.5,-116,-111,13.0,False
7,NE@JAX,RHAMONDRE_STEVENSON_1_NFL,rhamondre stevenson,rushing_yards,48.5,-114,-114,18.0,False
7,NE@JAX,DERNEST_JOHNSON_1_NFL,dernest johnson,receiving_yards,12.5,-114,-114,32.0,False
7,NE@JAX,AUSTIN_HOOPER_1_NFL,austin hooper,receiving_yards,10.5,-118,-110,32.0,False
7,NE@JAX,HUNTER_HENRY_1_NFL,hunter henry,receiving_yards,29.5,-114,-114,92.0,False
7,NE@JAX,KENDRICK_BOURNE_1_NFL,kendrick bourne,receiving_yards,18.5,-116,-111,14.0,False
7,NE@JAX,CHRISTIAN_KIRK_1_NFL,christian kirk,receiving_yards,43.5,-114,-114,24.0,False
7,TEN@BUF,KHALIL_SHAKIR_1_NFL,khalil shakir,receiving_yards,36.5,-118,-110,65.0,False
7,TEN@BUF,TONY_POLLARD_1_NFL,tony pollard,rushing_yards,70.5,-125,-103,61.0,False
7,TEN@BUF,CALVIN_RIDLEY_1_NFL,calvin ridley,rushing_yards,0.5,+175,-270,0.0,False
7,TEN@BUF,CHIGOZIEM_OKONOKWO_1_NFL,chigoziem okonokwo,receiving_yards,17.5,-116,-111,50.0,False
7,TEN@BUF,JAMES_COOK_1_NFL,james cook,rushing_yards,60.5,-114,-114,32.0,False
7,TEN@BUF,MASON_RUDOLPH_1_NFL,mason rudolph,passing_yards,182.5,-116,-111,215.0,False
7,TEN@BUF,TYLER_BOYD_1_NFL,tyler boyd,receiving_yards,24.5,-110,-118,43.0,False
7,TEN@BUF,JOSH_ALLEN_1_NFL,josh allen,passing_yards,214.5,-114,-114,323.0,False
7,TEN@BUF,RAY_DAVIS_1_NFL,ray davis,rushing_yards,21.5,-112,-115,41.0,False
7,TEN@BUF,KEON_COLEMAN_1_NFL,keon coleman,receiving_yards,20.5,-115,-112,125.0,False
7,TEN@BUF,WILL_LEVIS_1_NFL,will levis,rushing_yards,11.5,-115,-110,0.0,False
7,TEN@BUF,DALTON_KINCAID_1_NFL,dalton kincaid,receiving_yards,38.5,-115,-112,52.0,False
7,TEN@BUF,MARQUEZ_VALDESSCANTLING_1_NFL,marquez valdesscantling,receiving_yards,37.5,-111,-109,0.0,False
7,TEN@BUF,DEANDRE_HOPKINS_1_NFL,deandre hopkins,receiving_yards,42.5,-115,-112,-2.0,False
7,SEA@ATL,NOAH_FANT_1_NFL,noah fant,receiving_yards,28.5,-115,-112,65.0,False
7,SEA@ATL,GENO_SMITH_1_NFL,geno smith,passing_yards,273.5,-114,-114,207.0,False
7,SEA@ATL,KENNETH_WALKER_III_1_NFL,kenneth walker,rushing_yards,67.5,-114,-114,69.0,False
7,SEA@ATL,KYLE_PITTS_1_NFL,kyle pitts,receiving_yards,43.5,-114,-114,65.0,False
7,SEA@ATL,ZACH_CHARBONNET_1_NFL,zach charbonnet,rushing_yards,16.5,-114,-114,19.0,False
7,SEA@ATL,KIRK_COUSINS_1_NFL,kirk cousins,passing_yards,266.5,-116,-111,232.0,False
7,SEA@ATL,BIJAN_ROBINSON_1_NFL,bijan robinson,receiving_yards,24.5,-116,-111,40.0,False
7,SEA@ATL,RAYRAY_MCCLOUD_III_1_NFL,rayray mccloud,receiving_yards,40.5,-110,-110,9.0,False
7,SEA@ATL,TYLER_ALLGEIER_1_NFL,tyler allgeier,rushing_yards,41.5,-125,-103,36.0,False
7,SEA@ATL,JAXON_SMITHNJIGBA_1_NFL,jaxon smithnjigba,receiving_yards,51.5,-115,-112,9.0,False
7,SEA@ATL,TYLER_LOCKETT_1_NFL,tyler lockett,receiving_yards,47.5,-118,-110,45.0,False
7,SEA@ATL,DK_METCALF_1_NFL,dk metcalf,receiving_yards,69.5,-122,-106,99.0,False
7,SEA@ATL,DARNELL_MOONEY_1_NFL,darnell mooney,receiving_yards,54.5,-118,-110,46.0,False
7,SEA@ATL,DRAKE_LONDON_1_NFL,drake london,receiving_yards,74.5,-114,-114,63.0,False
7,HOU@GB,JOE_MIXON_1_NFL,joe mixon,receiving_yards,17.5,-114,-114,9.0,False
7,HOU@GB,EMANUEL_WILSON_1_NFL,emanuel wilson,receiving_yards,4.5,-122,-106,4.0,False
7,HOU@GB,DONTAYVION_WICKS_1_NFL,dontayvion wicks,rushing_yards,0.5,-105,-125,0.0,False
7,HOU@GB,TUCKER_KRAFT_1_NFL,tucker kraft,receiving_yards,34.5,-114,-114,33.0,False
7,HOU@GB,DALTON_SCHULTZ_1_NFL,dalton schultz,receiving_yards,39.5,-114,-114,28.0,False
7,HOU@GB,TANK_DELL_1_NFL,tank dell,receiving_yards,63.5,-115,-112,0.0,False
7,HOU@GB,XAVIER_HUTCHINSON_1_NFL,xavier hutchinson,receiving_yards,15.5,-115,-112,11.0,False
7,HOU@GB,AJ_DILLON_1_NFL,aj dillon,rushing_yards,24.5,-116,-105,0.0,False
7,HOU@GB,JAYDEN_REED_1_NFL,jayden reed,receiving_yards,56.5,-115,-112,10.0,False
7,HOU@GB,JOSH_JACOBS_1_NFL,josh jacobs,receiving_yards,13.5,-116,-111,16.0,False
7,HOU@GB,JORDAN_LOVE_1_NFL,jordan love,rushing_yards,8.5,-118,-110,0.0,False
7,HOU@GB,CJ_STROUD_1_NFL,cj stroud,passing_yards,259.5,-118,-110,86.0,False
7,HOU@GB,CHRISTIAN_WATSON_1_NFL,christian watson,receiving_yards,35.5,-114,-114,9.0,False
7,HOU@GB,JOHN_METCHIE_III_1_NFL,john metchie,receiving_yards,7.5,-119,-109,0.0,False
7,HOU@GB,STEFON_DIGGS_1_NFL,stefon diggs,receiving_yards,69.5,-114,-114,23.0,False
7,HOU@GB,BEN_SIMS_1_NFL,ben sims,receiving_yards,9.5,-118,-118,2.0,False
7,HOU@GB,ROMEO_DOUBS_1_NFL,romeo doubs,receiving_yards,40.5,-118,-110,94.0,False
7,MIA@IND,TREY_SERMON_1_NFL,trey sermon,receiving_yards,7.5,-114,-114,13.0,False
7,MIA@IND,DEVON_ACHANE_1_NFL,devon achane,rushing_yards,49.5,-123,-105,77.0,False
7,MIA@IND,TYREEK_HILL_1_NFL,tyreek hill,receiving_yards,59.5,-114,-114,8.0,False
7,MIA@IND,ANTHONY_RICHARDSON_1_NFL,anthony richardson,passing_yards,196.5,-116,-111,129.0,False
7,MIA@IND,TYLER_GOODSON_1_NFL,tyler goodson,receiving_yards,10.5,-116,-111,0.0,False
7,MIA@IND,MO_ALIECOX_1_NFL,mo aliecox,receiving_yards,10.5,-112,-115,0.0,False
7,MIA@IND,JAYLEN_WRIGHT_1_NFL,jaylen wright,rushing_yards,13.5,-103,-125,33.0,False
7,MIA@IND,RAHEEM_MOSTERT_1_NFL,raheem mostert,rushing_yards,37.5,-114,-114,50.0,False
7,MIA@IND,ALEC_PIERCE_1_NFL,alec pierce,receiving_yards,25.5,-112,-115,15.0,False
7,MIA@IND,JONNU_SMITH_1_NFL,jonnu smith,rushing_yards,0.5,+595,-1740,0.0,False
7,MIA@IND,JOSH_DOWNS_1_NFL,josh downs,receiving_yards,48.5,-112,-115,3.0,False
7,MIA@IND,MICHAEL_PITTMAN_1_NFL,michael pittman,receiving_yards,43.5,-114,-114,63.0,False
7,MIA@IND,JAYLEN_WADDLE_1_NFL,jaylen waddle,rushing_yards,0.5,+255,-425,0.0,False
7,CIN@CLE,JOE_BURROW_1_NFL,joe burrow,passing_yards,249.5,-114,-114,181.0,False
7,CIN@CLE,ERICK_ALL_1_NFL,erick all,receiving_yards,15.5,-118,-110,0.0,False
7,CIN@CLE,CEDRIC_TILLMAN_1_NFL,cedric tillman,receiving_yards,16.5,-116,-111,81.0,False
7,CIN@CLE,NICK_CHUBB_1_NFL,nick chubb,receiving_yards,6.5,-111,-118,10.0,False
7,CIN@CLE,CHASE_BROWN_1_NFL,chase brown,receiving_yards,14.5,-109,-119,9.0,False
7,CIN@CLE,DONTA_FOREMAN_1_NFL,donta foreman,rushing_yards,22.5,-114,-114,5.0,False
7,CIN@CLE,DAVID_NJOKU_1_NFL,david njoku,receiving_yards,42.5,-128,-101,76.0,False
7,CIN@CLE,DESHAUN_WATSON_1_NFL,deshaun watson,rushing_yards,23.5,-108,-120,0.0,False
7,CIN@CLE,ZACK_MOSS_1_NFL,zack moss,rushing_yards,31.5,-114,-114,7.0,False
7,CIN@CLE,JAMARR_CHASE_1_NFL,jamarr chase,rushing_yards,0.5,+800,-1300,11.0,False
7,CIN@CLE,ANDREI_IOSIVAS_1_NFL,andrei iosivas,receiving_yards,23.5,-111,-116,0.0,False
7,CIN@CLE,AMARI_COOPER_1_NFL,amari cooper,receiving_yards,50.5,-118,-118,0.0,False
7,CIN@CLE,PIERRE_STRONG_JR_1_NFL,pierre strong,rushing_yards,16.5,-114,-114,6.0,False
7,CIN@CLE,MIKE_GESICKI_1_NFL,mike gesicki,receiving_yards,14.5,-115,-112,2.0,False
7,CIN@CLE,TEE_HIGGINS_1_NFL,tee higgins,receiving_yards,61.5,-112,-115,82.0,False
7,CIN@CLE,ELIJAH_MOORE_1_NFL,elijah moore,receiving_yards,27.5,-112,-115,41.0,False
7,CIN@CLE,JERRY_JEUDY_1_NFL,jerry jeudy,receiving_yards,46.5,-116,-111,18.0,False
7,PHI@NYG,JALEN_HURTS_1_NFL,jalen hurts,passing_yards,216.5,-116,-111,114.0,False
7,PHI@NYG,DANIEL_JONES_1_NFL,daniel jones,passing_yards,211.5,-114,-114,99.0,False
7,PHI@NYG,DEVONTA_SMITH_1_NFL,devonta smith,receiving_yards,59.5,-125,-103,-2.0,False
7,PHI@NYG,AJ_BROWN_1_NFL,aj brown,receiving_yards,76.5,-114,-114,89.0,False
7,PHI@NYG,SAQUON_BARKLEY_1_NFL,saquon barkley,receiving_yards,16.5,-120,-108,11.0,False
7,PHI@NYG,THEO_JOHNSON_1_NFL,theo johnson,receiving_yards,15.5,-114,-114,0.0,False
7,PHI@NYG,DEVIN_SINGLETARY_1_NFL,devin singletary,rushing_yards,37.5,-105,-123,18.0,False
7,PHI@NYG,PARRIS_CAMPBELL_1_NFL,parris campbell,receiving_yards,27.5,-113,-107,0.0,False
7,PHI@NYG,DARIUS_SLAYTON_1_NFL,darius slayton,receiving_yards,29.5,-112,-115,11.0,False
7,PHI@NYG,GRANT_CALCATERRA_1_NFL,grant calcaterra,receiving_yards,28.5,-114,-114,5.0,False
7,PHI@NYG,MALIK_NABERS_1_NFL,malik nabers,receiving_yards,75.5,-123,-105,41.0,False
7,PHI@NYG,TYRONE_TRACY_1_NFL,tyrone tracy,receiving_yards,11.5,-114,-114,9.0,False
7,PHI@NYG,WANDALE_ROBINSON_1_NFL,wandale robinson,rushing_yards,0.5,+170,-265,0.0,False
7,DET@MIN,JOHNNY_MUNDT_1_NFL,johnny mundt,receiving_yards,17.5,-112,-115,8.0,False
7,DET@MIN,DAVID_MONTGOMERY_1_NFL,david montgomery,rushing_yards,51.5,-118,-110,31.0,False
7,DET@MIN,JARED_GOFF_1_NFL,jared goff,rushing_yards,1.5,-103,-125,-4.0,False
7,DET@MIN,JORDAN_ADDISON_1_NFL,jordan addison,receiving_yards,52.5,-120,-108,66.0,False
7,DET@MIN,JAMESON_WILLIAMS_1_NFL,jameson williams,rushing_yards,3.5,-118,-118,0.0,False
7,DET@MIN,AARON_JONES_1_NFL,aaron jones,receiving_yards,23.5,-118,-110,23.0,False
7,DET@MIN,AMONRA_ST_BROWN_1_NFL,amonra st brown,receiving_yards,78.5,-123,-105,112.0,False
7,DET@MIN,JAHMYR_GIBBS_1_NFL,jahmyr gibbs,receiving_yards,21.5,-118,-110,44.0,False
7,DET@MIN,SAM_LAPORTA_1_NFL,sam laporta,receiving_yards,42.5,-116,-111,25.0,False
7,DET@MIN,JUSTIN_JEFFERSON_1_NFL,justin jefferson,receiving_yards,96.5,-135,+105,81.0,False
7,DET@MIN,SAM_DARNOLD_1_NFL,sam darnold,rushing_yards,13.5,-110,-118,39.0,False
7,DET@MIN,JOSH_OLIVER_1_NFL,josh oliver,receiving_yards,5.5,-119,-109,5.0,False
7,DET@MIN,JALEN_NAILOR_1_NFL,jalen nailor,receiving_yards,17.5,-112,-115,76.0,False
7,LV@LA,KYREN_WILLIAMS_1_NFL,kyren williams,receiving_yards,15.5,-112,-115,0.0,False
7,LV@LA,AMEER_ABDULLAH_1_NFL,ameer abdullah,receiving_yards,7.5,-116,-111,0.0,False
7,LV@LA,GARDNER_MINSHEW_1_NFL,gardner minshew,passing_yards,218.5,-106,-114,154.0,False
7,LV@LA,TUTU_ATWELL_1_NFL,tutu atwell,receiving_yards,52.5,-115,-112,51.0,False
7,LV@LA,AIDAN_OCONNELL_1_NFL,aidan oconnell,passing_yards,221.5,-116,-111,52.0,False
7,LV@LA,TRE_TUCKER_1_NFL,tre tucker,receiving_yards,41.5,-125,-103,36.0,False
7,LV@LA,DJ_TURNER_1_NFL,dj turner,receiving_yards,26.5,-118,-118,13.0,False
7,LV@LA,BROCK_BOWERS_1_NFL,brock bowers,rushing_yards,0.5,+445,-985,0.0,False
7,LV@LA,MATTHEW_STAFFORD_1_NFL,matthew stafford,passing_yards,230.5,-125,-103,154.0,False
7,LV@LA,COOPER_KUPP_1_NFL,cooper kupp,receiving_yards,59.5,-115,-115,0.0,False
7,LV@LA,JAKOBI_MEYERS_1_NFL,jakobi meyers,receiving_yards,49.5,-110,-118,0.0,False
7,LV@LA,ZAMIR_WHITE_1_NFL,zamir white,receiving_yards,3.5,-108,-120,14.0,False
7,LV@LA,ALEXANDER_MATTISON_1_NFL,alexander mattison,rushing_yards,37.5,-111,-116,92.0,False
7,LV@LA,HARRISON_BRYANT_1_NFL,harrison bryant,receiving_yards,13.5,-115,-112,19.0,False
7,LV@LA,DEMARCUS_ROBINSON_1_NFL,demarcus robinson,receiving_yards,31.5,-115,-112,9.0,False
7,LV@LA,COLBY_PARKINSON_1_NFL,colby parkinson,receiving_yards,36.5,-118,-110,32.0,False
7,CAR@WAS,JATAVION_SANDERS_1_NFL,jatavion sanders,receiving_yards,27.5,-108,-120,61.0,False
7,CAR@WAS,ZACH_ERTZ_1_NFL,zach ertz,receiving_yards,31.5,-118,-110,40.0,False
7,CAR@WAS,AUSTIN_EKELER_1_NFL,austin ekeler,receiving_yards,19.5,-114,-114,3.0,False
7,CAR@WAS,NOAH_BROWN_1_NFL,noah brown,receiving_yards,33.5,-119,-109,16.0,False
7,CAR@WAS,TERRY_MCLAURIN_1_NFL,terry mclaurin,receiving_yards,66.5,-120,-108,98.0,False
7,CAR@WAS,CHUBA_HUBBARD_1_NFL,chuba hubbard,receiving_yards,20.5,-108,-120,0.0,False
7,CAR@WAS,LUKE_MCCAFFREY_1_NFL,luke mccaffrey,receiving_yards,13.5,-115,-112,0.0,False
7,CAR@WAS,ANDY_DALTON_1_NFL,andy dalton,rushing_yards,4.5,-119,-109,3.0,False
7,CAR@WAS,OLAMIDE_ZACCHEAUS_1_NFL,olamide zaccheaus,receiving_yards,15.5,-116,-111,25.0,False
7,CAR@WAS,JALEN_COKER_1_NFL,jalen coker,receiving_yards,20.5,-120,-108,10.0,False
7,CAR@WAS,JAYDEN_DANIELS_1_NFL,jayden daniels,rushing_yards,50.5,-114,-114,50.0,False
7,CAR@WAS,XAVIER_LEGETTE_1_NFL,xavier legette,receiving_yards,41.5,-120,-108,3.0,False
7,CAR@WAS,MILES_SANDERS_1_NFL,miles sanders,rushing_yards,15.5,-116,-111,34.0,False
7,CAR@WAS,DJ_JOHNSON_1_NFL,dj johnson,receiving_yards,66.5,-130,+100,17.0,False
7,CAR@WAS,BRIAN_ROBINSON_1_NFL,brian robinson,rushing_yards,62.5,-114,-114,71.0,False
7,KC@SF,CLYDE_EDWARDSHELAIRE_1_NFL,clyde edwardshelaire,receiving_yards,24.5,-115,-115,0.0,False
7,KC@SF,BROCK_PURDY_1_NFL,brock purdy,rushing_yards,15.5,-130,+100,27.0,False
7,KC@SF,PATRICK_MAHOMES_1_NFL,patrick mahomes,rushing_yards,21.5,-114,-114,39.0,False
7,KC@SF,BRANDON_AIYUK_1_NFL,brandon aiyuk,receiving_yards,62.5,-114,-114,23.0,False
7,KC@SF,KYLE_JUSZCZYK_1_NFL,kyle juszczyk,receiving_yards,10.5,-112,-115,0.0,False
7,KC@SF,NOAH_GRAY_1_NFL,noah gray,receiving_yards,17.5,-114,-114,66.0,False
7,KC@SF,GEORGE_KITTLE_1_NFL,george kittle,receiving_yards,58.5,-114,-114,92.0,False
7,KC@SF,JUSTIN_WATSON_1_NFL,justin watson,receiving_yards,22.5,-114,-114,8.0,False
7,KC@SF,JORDAN_MASON_1_NFL,jordan mason,receiving_yards,9.5,-110,-118,11.0,False
7,KC@SF,TRAVIS_KELCE_1_NFL,travis kelce,rushing_yards,0.5,+600,-1200,0.0,False
7,KC@SF,DEEBO_SAMUEL_1_NFL,deebo samuel,rushing_yards,11.5,-119,-109,0.0,False
7,KC@SF,JAUAN_JENNINGS_1_NFL,jauan jennings,receiving_yards,31.5,-115,-113,0.0,False
7,KC@SF,JUJU_SMITHSCHUSTER_1_NFL,juju smithschuster,receiving_yards,40.5,-114,-114,0.0,False
7,KC@SF,XAVIER_WORTHY_1_NFL,xavier worthy,receiving_yards,42.5,-114,-114,19.0,False
7,NYJ@PIT,TYLER_CONKLIN_1_NFL,tyler conklin,receiving_yards,17.5,-114,-114,7.0,False
7,NYJ@PIT,MIKE_WILLIAMS_1_NFL,mike williams,receiving_yards,57.5,-122,+102,15.0,False
7,NYJ@PIT,AARON_RODGERS_1_NFL,aaron rodgers,passing_yards,227.5,-114,-114,276.0,False
7,NYJ@PIT,BRAELON_ALLEN_1_NFL,braelon allen,receiving_yards,5.5,-114,-114,2.0,False
7,NYJ@PIT,BREECE_HALL_1_NFL,breece hall,rushing_yards,61.5,-115,-112,38.0,False
7,NYJ@PIT,JAYLEN_WARREN_1_NFL,jaylen warren,receiving_yards,15.5,-120,-108,15.0,False
7,NYJ@PIT,RUSSELL_WILSON_1_NFL,russell wilson,passing_yards,172.5,-114,-114,264.0,False
7,NYJ@PIT,ALLEN_LAZARD_1_NFL,allen lazard,receiving_yards,29.5,-120,-108,58.0,False
7,NYJ@PIT,PAT_FREIERMUTH_1_NFL,pat freiermuth,receiving_yards,30.5,-120,-108,51.0,False
7,NYJ@PIT,CALVIN_AUSTIN_1_NFL,calvin austin,receiving_yards,15.5,-120,-108,36.0,False
7,NYJ@PIT,VAN_JEFFERSON_1_NFL,van jefferson,receiving_yards,16.5,-118,-110,15.0,False
7,NYJ@PIT,JUSTIN_FIELDS_1_NFL,justin fields,passing_yards,171.5,-113,-107,0.0,False
7,NYJ@PIT,NAJEE_HARRIS_1_NFL,najee harris,receiving_yards,13.5,-116,-111,0.0,False
7,NYJ@PIT,GARRETT_WILSON_1_NFL,garrett wilson,receiving_yards,56.5,-120,-108,61.0,False
7,NYJ@PIT,GEORGE_PICKENS_1_NFL,george pickens,receiving_yards,54.5,-122,-106,111.0,False
7,NYJ@PIT,JEREMY_RUCKERT_1_NFL,jeremy ruckert,receiving_yards,2.5,-110,-118,0.0,False
8,MIN@LA,JOHNNY_MUNDT_1_NFL,johnny mundt,receiving_yards,10.5,+1315,-999900,10.0,False
8,MIN@LA,JORDAN_ADDISON_1_NFL,jordan addison,rushing_yards,0.5,+470,-1085,0.0,False
8,MIN@LA,SAM_DARNOLD_1_NFL,sam darnold,passing_yards,249.5,-114,-114,240.0,False
8,MIN@LA,KYREN_WILLIAMS_1_NFL,kyren williams,receiving_yards,13.5,-116,-111,19.0,False
8,MIN@LA,TUTU_ATWELL_1_NFL,tutu atwell,receiving_yards,33.5,-123,-105,18.0,False
8,MIN@LA,AARON_JONES_1_NFL,aaron jones,receiving_yards,25.5,-114,-114,37.0,False
8,MIN@LA,PUKA_NACUA_1_NFL,puka nacua,receiving_yards,30.5,-114,-114,106.0,False
8,MIN@LA,TY_CHANDLER_1_NFL,ty chandler,receiving_yards,0.5,+165,-270,0.0,False
8,MIN@LA,RONNIE_RIVERS_1_NFL,ronnie rivers,rushing_yards,24.5,+1000,,0.0,False
8,MIN@LA,JUSTIN_JEFFERSON_1_NFL,justin jefferson,rushing_yards,0.5,-115,-115,0.0,False
8,MIN@LA,TYLER_JOHNSON_1_NFL,tyler johnson,receiving_yards,6.5,-110,-118,6.0,False
8,MIN@LA,MATTHEW_STAFFORD_1_NFL,matthew stafford,passing_yards,249.5,-114,-114,279.0,False
8,MIN@LA,COOPER_KUPP_1_NFL,cooper kupp,receiving_yards,70.5,-125,-103,51.0,False
8,MIN@LA,JALEN_NAILOR_1_NFL,jalen nailor,receiving_yards,27.5,-114,-114,16.0,False
8,MIN@LA,DEMARCUS_ROBINSON_1_NFL,demarcus robinson,receiving_yards,25.5,+134,-115,35.0,False
8,MIN@LA,COLBY_PARKINSON_1_NFL,colby parkinson,receiving_yards,30.5,-118,-110,17.0,False
8,MIN@LA,JOSH_OLIVER_1_NFL,josh oliver,receiving_yards,4.5,-120,-108,30.0,False
8,MIN@LA,BRANDON_POWELL_1_NFL,brandon powell,receiving_yards,25.5,-105,-115,0.0,False
8,MIN@LA,TJ_HOCKENSON_1_NFL,tj hockenson,receiving_yards,27.5,-118,-118,0.0,False
8,TEN@DET,NICK_WESTBROOKIKHINE_1_NFL,nick westbrookikhine,receiving_yards,20.5,-114,-114,39.0,False
8,TEN@DET,CALVIN_RIDLEY_1_NFL,calvin ridley,rushing_yards,3.5,+1575,-999900,3.0,False
8,TEN@DET,DAVID_MONTGOMERY_1_NFL,david montgomery,rushing_yards,56.5,-112,-115,33.0,False
8,TEN@DET,JARED_GOFF_1_NFL,jared goff,rushing_yards,0.5,+125,-165,1.0,False
8,TEN@DET,CHIGOZIEM_OKONOKWO_1_NFL,chigoziem okonokwo,receiving_yards,23.5,-116,-111,14.0,False
8,TEN@DET,KALIF_RAYMOND_1_NFL,kalif raymond,receiving_yards,25.5,-114,-114,14.0,False
8,TEN@DET,TYJAE_SPEARS_1_NFL,tyjae spears,rushing_yards,56.5,-114,-114,0.0,False
8,TEN@DET,AMONRA_ST_BROWN_1_NFL,amonra st brown,receiving_yards,73.5,-115,-112,7.0,False
8,TEN@DET,MASON_RUDOLPH_1_NFL,mason rudolph,passing_yards,196.5,-115,-118,266.0,False
8,TEN@DET,JAHMYR_GIBBS_1_NFL,jahmyr gibbs,receiving_yards,19.5,-115,-112,6.0,False
8,TEN@DET,TONY_POLLARD_1_NFL,tony pollard,receiving_yards,20.5,-110,-118,23.0,False
8,TEN@DET,TYLER_BOYD_1_NFL,tyler boyd,receiving_yards,34.5,-118,-110,14.0,False
8,TEN@DET,SAM_LAPORTA_1_NFL,sam laporta,receiving_yards,36.5,-114,-114,48.0,False
8,TEN@DET,WILL_LEVIS_1_NFL,will levis,passing_yards,197.5,-135,+115,0.0,False
8,TEN@DET,JOSH_WHYLE_1_NFL,josh whyle,receiving_yards,13.5,-116,-111,33.0,False
8,IND@HOU,JOE_MIXON_1_NFL,joe mixon,receiving_yards,15.5,-114,-114,32.0,False
8,IND@HOU,JOSH_DOWNS_1_NFL,josh downs,rushing_yards,0.5,+705,-2815,13.0,False
8,IND@HOU,KYLEN_GRANSON_1_NFL,kylen granson,rushing_yards,0.5,-105,-125,0.0,False
8,IND@HOU,DALTON_SCHULTZ_1_NFL,dalton schultz,receiving_yards,34.5,-123,-105,52.0,False
8,IND@HOU,ANTHONY_RICHARDSON_1_NFL,anthony richardson,passing_yards,185.5,-118,-110,175.0,False
8,IND@HOU,TANK_DELL_1_NFL,tank dell,receiving_yards,59.5,-114,-114,35.0,False
8,IND@HOU,DAMEON_PIERCE_1_NFL,dameon pierce,rushing_yards,13.5,-114,-114,4.0,False
8,IND@HOU,MO_ALIECOX_1_NFL,mo aliecox,receiving_yards,6.5,-112,-115,0.0,False
8,IND@HOU,ALEC_PIERCE_1_NFL,alec pierce,receiving_yards,26.5,-116,-111,11.0,False
8,IND@HOU,CJ_STROUD_1_NFL,cj stroud,passing_yards,241.5,-114,-114,285.0,False
8,IND@HOU,JONATHAN_TAYLOR_1_NFL,jonathan taylor,receiving_yards,9.5,-123,-105,12.0,False
8,IND@HOU,MICHAEL_PITTMAN_1_NFL,michael pittman,receiving_yards,43.5,-114,-114,16.0,False
8,IND@HOU,STEFON_DIGGS_1_NFL,stefon diggs,rushing_yards,0.5,+250,-350,-4.0,False
8,NYJ@NE,TYLER_CONKLIN_1_NFL,tyler conklin,receiving_yards,22.5,-108,-120,42.0,False
8,NYJ@NE,DEMARIO_DOUGLAS_1_NFL,demario douglas,rushing_yards,0.5,+1825,-999900,0.0,False
8,NYJ@NE,MIKE_WILLIAMS_1_NFL,mike williams,receiving_yards,24.5,-116,-111,0.0,False
8,NYJ@NE,KAYSHON_BOUTTE_1_NFL,kayshon boutte,receiving_yards,18.5,-116,-111,46.0,False
8,NYJ@NE,BRAELON_ALLEN_1_NFL,braelon allen,receiving_yards,6.5,-108,-120,0.0,False
8,NYJ@NE,JACOBY_BRISSETT_1_NFL,jacoby brissett,rushing_yards,0.5,+190,-260,11.0,False
8,NYJ@NE,ANTONIO_GIBSON_1_NFL,antonio gibson,receiving_yards,7.5,-114,-114,0.0,False
8,NYJ@NE,ALLEN_LAZARD_1_NFL,allen lazard,receiving_yards,24.5,-150,,0.0,False
8,NYJ@NE,KJ_OSBORN_1_NFL,kj osborn,receiving_yards,21.5,+109,-131,0.0,False
8,NYJ@NE,AARON_RODGERS_1_NFL,aaron rodgers,rushing_yards,1.5,-118,-110,0.0,False
8,NYJ@NE,GARRETT_WILSON_1_NFL,garrett wilson,rushing_yards,0.5,+400,-815,0.0,False
8,NYJ@NE,RHAMONDRE_STEVENSON_1_NFL,rhamondre stevenson,rushing_yards,49.5,-114,-114,48.0,False
8,NYJ@NE,AUSTIN_HOOPER_1_NFL,austin hooper,receiving_yards,13.5,-115,-112,15.0,False
8,NYJ@NE,BREECE_HALL_1_NFL,breece hall,receiving_yards,30.5,-114,-114,9.0,False
8,NYJ@NE,HUNTER_HENRY_1_NFL,hunter henry,receiving_yards,36.5,-114,-114,45.0,False
8,NYJ@NE,KENDRICK_BOURNE_1_NFL,kendrick bourne,receiving_yards,22.5,-116,-111,0.0,False
8,NYJ@NE,JEREMY_RUCKERT_1_NFL,jeremy ruckert,receiving_yards,5.5,-112,-115,14.0,False
8,PHI@CIN,KENNETH_GAINWELL_1_NFL,kenneth gainwell,rushing_yards,8.5,-118,-110,19.0,False
8,PHI@CIN,JALEN_HURTS_1_NFL,jalen hurts,passing_yards,225.5,-114,-114,236.0,False
8,PHI@CIN,JOE_BURROW_1_NFL,joe burrow,passing_yards,253.5,-119,-112,234.0,False
8,PHI@CIN,ERICK_ALL_1_NFL,erick all,receiving_yards,16.5,-119,-109,32.0,False
8,PHI@CIN,SAQUON_BARKLEY_1_NFL,saquon barkley,receiving_yards,11.5,-123,-113,3.0,False
8,PHI@CIN,DEVONTA_SMITH_1_NFL,devonta smith,receiving_yards,47.5,-116,-119,85.0,False
8,PHI@CIN,AJ_BROWN_1_NFL,aj brown,receiving_yards,79.5,-114,-114,84.0,False
8,PHI@CIN,CHASE_BROWN_1_NFL,chase brown,receiving_yards,10.5,-119,-116,2.0,False
8,PHI@CIN,ZACK_MOSS_1_NFL,zack moss,rushing_yards,27.5,-116,-111,11.0,False
8,PHI@CIN,JAMARR_CHASE_1_NFL,jamarr chase,rushing_yards,0.5,+1655,-999900,0.0,False
8,PHI@CIN,ANDREI_IOSIVAS_1_NFL,andrei iosivas,receiving_yards,27.5,-118,-117,0.0,False
8,PHI@CIN,GRANT_CALCATERRA_1_NFL,grant calcaterra,receiving_yards,19.5,-113,-122,58.0,False
8,PHI@CIN,MIKE_GESICKI_1_NFL,mike gesicki,receiving_yards,28.5,-116,-119,73.0,False
8,PHI@CIN,TEE_HIGGINS_1_NFL,tee higgins,receiving_yards,69.5,-110,-115,0.0,False
8,GB@JAX,EMANUEL_WILSON_1_NFL,emanuel wilson,receiving_yards,3.5,-119,-109,-2.0,False
8,GB@JAX,TANK_BIGSBY_1_NFL,tank bigsby,rushing_yards,63.5,-121,-118,78.0,False
8,GB@JAX,TUCKER_KRAFT_1_NFL,tucker kraft,receiving_yards,35.5,-115,-112,78.0,False
8,GB@JAX,JAYDEN_REED_1_NFL,jayden reed,rushing_yards,4.5,-115,-112,0.0,False
8,GB@JAX,BRIAN_THOMAS_1_NFL,brian thomas,receiving_yards,60.5,-114,-114,60.0,False
8,GB@JAX,JOSH_JACOBS_1_NFL,josh jacobs,receiving_yards,18.5,-120,-108,-2.0,False
8,GB@JAX,DONTAYVION_WICKS_1_NFL,dontayvion wicks,receiving_yards,27.5,-119,-109,11.0,False
8,GB@JAX,TREVOR_LAWRENCE_1_NFL,trevor lawrence,rushing_yards,11.5,-124,-115,10.0,False
8,GB@JAX,JORDAN_LOVE_1_NFL,jordan love,rushing_yards,9.5,+118,-175,-1.0,False
8,GB@JAX,EVAN_ENGRAM_1_NFL,evan engram,receiving_yards,51.5,-123,-105,36.0,False
8,GB@JAX,GABRIEL_DAVIS_1_NFL,gabriel davis,receiving_yards,31.5,-112,-115,0.0,False
8,GB@JAX,DERNEST_JOHNSON_1_NFL,dernest johnson,receiving_yards,14.5,-115,-112,20.0,False
8,GB@JAX,CHRISTIAN_WATSON_1_NFL,christian watson,receiving_yards,31.5,-114,-114,39.0,False
8,GB@JAX,ROMEO_DOUBS_1_NFL,romeo doubs,receiving_yards,49.5,-114,-114,72.0,False
8,GB@JAX,CHRISTIAN_KIRK_1_NFL,christian kirk,receiving_yards,41.5,-118,-110,59.0,False
8,GB@JAX,BEN_SIMS_1_NFL,ben sims,receiving_yards,10.5,-115,-115,0.0,False
8,ARI@MIA,DEVON_ACHANE_1_NFL,devon achane,rushing_yards,97.5,+1210,-999900,97.0,False
8,ARI@MIA,TYREEK_HILL_1_NFL,tyreek hill,receiving_yards,72.5,+355,-740,72.0,False
8,ARI@MIA,KYLER_MURRAY_1_NFL,kyler murray,rushing_yards,12.5,+225,-325,19.0,False
8,ARI@MIA,GREG_DORTCH_1_NFL,greg dortch,receiving_yards,9.5,+710,-4140,9.0,False
8,ARI@MIA,JAMES_CONNER_1_NFL,james conner,receiving_yards,13.5,-109,-119,16.0,False
8,ARI@MIA,RAHEEM_MOSTERT_1_NFL,raheem mostert,rushing_yards,19.5,+1350,-999900,19.0,False
8,ARI@MIA,JONNU_SMITH_1_NFL,jonnu smith,rushing_yards,0.5,+761,-1435,0.0,False
8,ARI@MIA,TUA_TAGOVAILOA_1_NFL,tua tagovailoa,rushing_yards,24.5,+950,,13.0,False
8,ARI@MIA,MACK_WILSON_1_NFL,mack wilson,receiving_yards,31.5,+810,-10000,31.0,False
8,ARI@MIA,JAYLEN_WADDLE_1_NFL,jaylen waddle,rushing_yards,0.5,+870,-33235,0.0,False
8,ARI@MIA,MARVIN_HARRISON_JR_1_NFL,marvin harrison,receiving_yards,93.5,+138,-182,111.0,False
8,ARI@MIA,TREY_MCBRIDE_1_NFL,trey mcbride,receiving_yards,112.5,-119,-110,124.0,False
8,ATL@TB,JALEN_MCMILLAN_1_NFL,jalen mcmillan,receiving_yards,29.5,+121,-159,35.0,False
8,ATL@TB,BUCKY_IRVING_1_NFL,bucky irving,receiving_yards,49.5,+200,-111,40.0,False
8,ATL@TB,CADE_OTTON_1_NFL,cade otton,rushing_yards,0.5,+1665,-999900,0.0,False
8,ATL@TB,SEAN_TUCKER_1_NFL,sean tucker,rushing_yards,35.5,-117,-112,3.0,False
8,ATL@TB,RYAN_MILLER_1_NFL,ryan miller,receiving_yards,7.5,-130,+100,19.0,False
8,ATL@TB,KYLE_PITTS_1_NFL,kyle pitts,receiving_yards,99.5,+170,-114,91.0,False
8,ATL@TB,KIRK_COUSINS_1_NFL,kirk cousins,passing_yards,283.5,-115,-115,276.0,False
8,ATL@TB,BIJAN_ROBINSON_1_NFL,bijan robinson,receiving_yards,49.5,+250,-114,37.0,False
8,ATL@TB,RAYRAY_MCCLOUD_III_1_NFL,rayray mccloud,receiving_yards,9.5,+870,-32160,9.0,False
8,ATL@TB,TYLER_ALLGEIER_1_NFL,tyler allgeier,rushing_yards,38.5,-110,-120,33.0,False
8,ATL@TB,BAKER_MAYFIELD_1_NFL,baker mayfield,passing_yards,339.5,-117,-120,330.0,False
8,ATL@TB,MIKE_EVANS_1_NFL,mike evans,rushing_yards,30.5,-122,+101,0.0,False
8,ATL@TB,RACHAAD_WHITE_1_NFL,rachaad white,rushing_yards,37.5,-114,-114,29.0,False
8,ATL@TB,TREY_PALMER_1_NFL,trey palmer,rushing_yards,0.5,+360,-695,0.0,False
8,ATL@TB,DARNELL_MOONEY_1_NFL,darnell mooney,receiving_yards,52.5,-114,-114,92.0,False
8,ATL@TB,DRAKE_LONDON_1_NFL,drake london,receiving_yards,69.5,-114,-114,34.0,False
8,BAL@CLE,ZAY_FLOWERS_1_NFL,zay flowers,receiving_yards,53.5,-114,-114,115.0,False
8,BAL@CLE,CEDRIC_TILLMAN_1_NFL,cedric tillman,receiving_yards,41.5,-114,-114,99.0,False
8,BAL@CLE,NICK_CHUBB_1_NFL,nick chubb,receiving_yards,9.5,-116,-111,0.0,False
8,BAL@CLE,DERRICK_HENRY_1_NFL,derrick henry,receiving_yards,4.5,-109,-119,4.0,False
8,BAL@CLE,ISAIAH_LIKELY_1_NFL,isaiah likely,receiving_yards,20.5,-114,-114,47.0,False
8,BAL@CLE,DAVID_NJOKU_1_NFL,david njoku,receiving_yards,59.5,-130,+100,61.0,False
8,BAL@CLE,DESHAUN_WATSON_1_NFL,deshaun watson,rushing_yards,9.5,-111,-109,0.0,False
8,BAL@CLE,JUSTICE_HILL_1_NFL,justice hill,receiving_yards,17.5,-114,-114,14.0,False
8,BAL@CLE,NELSON_AGHOLOR_1_NFL,nelson agholor,receiving_yards,14.5,-114,-114,36.0,False
8,BAL@CLE,JAMEIS_WINSTON_1_NFL,jameis winston,rushing_yards,10.5,-115,-112,2.0,False
8,BAL@CLE,LAMAR_JACKSON_1_NFL,lamar jackson,rushing_yards,50.5,-116,-111,46.0,False
8,BAL@CLE,JORDAN_AKINS_1_NFL,jordan akins,receiving_yards,39.5,-119,-102,0.0,False
8,BAL@CLE,MARK_ANDREWS_1_NFL,mark andrews,receiving_yards,28.5,-114,-114,36.0,False
8,BAL@CLE,RASHOD_BATEMAN_1_NFL,rashod bateman,receiving_yards,35.5,-118,-110,28.0,False
8,BAL@CLE,ELIJAH_MOORE_1_NFL,elijah moore,receiving_yards,31.5,-115,-112,85.0,False
8,BAL@CLE,JERRY_JEUDY_1_NFL,jerry jeudy,receiving_yards,46.5,-114,-114,79.0,False
8,NO@LAC,SIMI_FEHOKO_1_NFL,simi fehoko,receiving_yards,0.5,+351,-520,0.0,False
8,NO@LAC,LADD_MCCONKEY_1_NFL,ladd mcconkey,receiving_yards,49.5,-118,-110,111.0,False
8,NO@LAC,DEREK_CARR_1_NFL,derek carr,rushing_yards,20.5,-104,-116,0.0,False
8,NO@LAC,FOSTER_MOREAU_1_NFL,foster moreau,receiving_yards,0.5,+1825,-999900,0.0,False
8,NO@LAC,BUB_MEANS_1_NFL,bub means,receiving_yards,24.5,+1500,-118,36.0,False
8,NO@LAC,JK_DOBBINS_1_NFL,jk dobbins,rushing_yards,77.5,-114,-114,57.0,False
8,NO@LAC,ALVIN_KAMARA_1_NFL,alvin kamara,receiving_yards,55.5,+1535,-999900,55.0,False
8,NO@LAC,CHRIS_OLAVE_1_NFL,chris olave,rushing_yards,0.5,+898,-2027,0.0,False
8,NO@LAC,MASON_TIPTON_1_NFL,mason tipton,receiving_yards,14.5,+1640,-999900,14.0,False
8,NO@LAC,KIMANI_VIDAL_1_NFL,kimani vidal,receiving_yards,5.5,-108,-120,0.0,False
8,NO@LAC,KENDRE_MILLER_1_NFL,kendre miller,receiving_yards,0.5,+114,-150,0.0,False
8,NO@LAC,JUWAN_JOHNSON_1_NFL,juwan johnson,receiving_yards,24.5,+220,-112,48.0,False
8,NO@LAC,WILL_DISSLY_1_NFL,will dissly,receiving_yards,41.5,+324,-476,41.0,False
8,NO@LAC,JUSTIN_HERBERT_1_NFL,justin herbert,passing_yards,274.5,+490,-113,279.0,False
8,NO@LAC,JOSH_PALMER_1_NFL,josh palmer,receiving_yards,38.5,-119,-109,72.0,False
8,NO@LAC,TAYSOM_HILL_1_NFL,taysom hill,rushing_yards,18.5,-114,-114,20.0,False
8,NO@LAC,JAMAAL_WILLIAMS_1_NFL,jamaal williams,receiving_yards,16.5,-110,-110,0.0,False
8,BUF@SEA,JAKE_BOBO_1_NFL,jake bobo,receiving_yards,28.5,-114,-114,15.0,False
8,BUF@SEA,KHALIL_SHAKIR_1_NFL,khalil shakir,receiving_yards,39.5,-120,-108,107.0,False
8,BUF@SEA,NOAH_FANT_1_NFL,noah fant,receiving_yards,32.5,-114,-114,22.0,False
8,BUF@SEA,GENO_SMITH_1_NFL,geno smith,passing_yards,242.5,-118,-110,212.0,False
8,BUF@SEA,KENNETH_WALKER_III_1_NFL,kenneth walker,rushing_yards,14.5,-120,-108,12.0,False
8,BUF@SEA,ZACH_CHARBONNET_1_NFL,zach charbonnet,rushing_yards,17.5,-114,-114,4.0,False
8,BUF@SEA,JAMES_COOK_1_NFL,james cook,rushing_yards,63.5,-114,-114,111.0,False
8,BUF@SEA,JOSH_ALLEN_1_NFL,josh allen,passing_yards,230.5,-114,-114,283.0,False
8,BUF@SEA,RAY_DAVIS_1_NFL,ray davis,rushing_yards,24.5,-125,-103,29.0,False
8,BUF@SEA,JAXON_SMITHNJIGBA_1_NFL,jaxon smithnjigba,receiving_yards,69.5,+157,-228,69.0,False
8,BUF@SEA,CURTIS_SAMUEL_1_NFL,curtis samuel,rushing_yards,24.5,-111,-109,0.0,False
8,BUF@SEA,KEON_COLEMAN_1_NFL,keon coleman,receiving_yards,28.5,-118,-110,70.0,False
8,BUF@SEA,TYLER_LOCKETT_1_NFL,tyler lockett,receiving_yards,9.5,+177,-257,9.0,False
8,BUF@SEA,DALTON_KINCAID_1_NFL,dalton kincaid,receiving_yards,40.5,-120,-108,31.0,False
8,CHI@WAS,ROME_ODUNZE_1_NFL,rome odunze,rushing_yards,24.5,-225,,13.0,False
8,CHI@WAS,ZACH_ERTZ_1_NFL,zach ertz,receiving_yards,30.5,-115,-112,77.0,False
8,CHI@WAS,AUSTIN_EKELER_1_NFL,austin ekeler,receiving_yards,19.5,-118,-110,6.0,False
8,CHI@WAS,NOAH_BROWN_1_NFL,noah brown,receiving_yards,31.5,-115,-112,73.0,False
8,CHI@WAS,TERRY_MCLAURIN_1_NFL,terry mclaurin,receiving_yards,52.5,-114,-114,125.0,False
8,CHI@WAS,LUKE_MCCAFFREY_1_NFL,luke mccaffrey,receiving_yards,8.5,-115,-112,8.0,False
8,CHI@WAS,DJ_MOORE_1_NFL,dj moore,receiving_yards,61.5,-120,-108,27.0,False
8,CHI@WAS,DANDRE_SWIFT_1_NFL,dandre swift,rushing_yards,61.5,-120,-108,129.0,False
8,CHI@WAS,OLAMIDE_ZACCHEAUS_1_NFL,olamide zaccheaus,receiving_yards,19.5,-116,-111,0.0,False
8,CHI@WAS,JAYDEN_DANIELS_1_NFL,jayden daniels,rushing_yards,52.5,+148,-196,52.0,False
8,CHI@WAS,KEENAN_ALLEN_1_NFL,keenan allen,receiving_yards,45.5,-112,-115,39.0,False
8,CHI@WAS,COLE_KMET_1_NFL,cole kmet,receiving_yards,37.5,-115,-112,14.0,False
8,CHI@WAS,GERALD_EVERETT_1_NFL,gerald everett,receiving_yards,5.5,-111,-116,3.0,False
8,CHI@WAS,CHRIS_WILLIAMS_1_NFL,chris williams,rushing_yards,19.5,-116,-111,41.0,False
8,CHI@WAS,BRIAN_ROBINSON_1_NFL,brian robinson,rushing_yards,65.5,+200,-299,65.0,False
8,CAR@DEN,DEVAUGHN_VELE_1_NFL,devaughn vele,receiving_yards,25.5,-112,-115,28.0,False
8,CAR@DEN,JATAVION_SANDERS_1_NFL,jatavion sanders,receiving_yards,21.5,-114,-114,7.0,False
8,CAR@DEN,BRYCE_YOUNG_1_NFL,bryce young,rushing_yards,10.5,-122,-106,6.0,False
8,CAR@DEN,LUCAS_KRULL_1_NFL,lucas krull,receiving_yards,13.5,-114,-114,18.0,False
8,CAR@DEN,CHUBA_HUBBARD_1_NFL,chuba hubbard,receiving_yards,16.5,-112,-115,15.0,False
8,CAR@DEN,COURTLAND_SUTTON_1_NFL,courtland sutton,receiving_yards,44.5,-114,-114,100.0,False
8,CAR@DEN,JAVONTE_WILLIAMS_1_NFL,javonte williams,rushing_yards,66.5,-130,+100,44.0,False
8,CAR@DEN,ANDY_DALTON_1_NFL,andy dalton,rushing_yards,31.5,-123,+101,0.0,False
8,CAR@DEN,JALEN_COKER_1_NFL,jalen coker,receiving_yards,23.5,-118,-110,78.0,False
8,CAR@DEN,XAVIER_LEGETTE_1_NFL,xavier legette,receiving_yards,32.5,-119,-109,34.0,False
8,CAR@DEN,MILES_SANDERS_1_NFL,miles sanders,rushing_yards,16.5,-119,-109,7.0,False
8,CAR@DEN,DJ_JOHNSON_1_NFL,dj johnson,receiving_yards,57.5,-118,-118,0.0,False
8,CAR@DEN,TOMMY_TREMBLE_1_NFL,tommy tremble,receiving_yards,23.5,-110,-110,13.0,False
8,CAR@DEN,BO_NIX_1_NFL,bo nix,rushing_yards,32.5,-120,-108,4.0,False
8,CAR@DEN,JONATHAN_MINGO_1_NFL,jonathan mingo,rushing_yards,0.5,+870,-34385,0.0,False
8,CAR@DEN,AUDRIC_ESTIME_1_NFL,audric estime,rushing_yards,17.5,-118,-110,4.0,False
8,CAR@DEN,JALEEL_MCLAUGHLIN_1_NFL,jaleel mclaughlin,receiving_yards,4.5,-125,-103,9.0,False
8,CAR@DEN,TROY_FRANKLIN_1_NFL,troy franklin,receiving_yards,31.5,-114,-114,6.0,False
8,KC@LV,GARDNER_MINSHEW_1_NFL,gardner minshew,passing_yards,179.5,-114,-115,209.0,False
8,KC@LV,PATRICK_MAHOMES_1_NFL,patrick mahomes,rushing_yards,19.5,-114,-114,17.0,False
8,KC@LV,CARSON_STEELE_1_NFL,carson steele,rushing_yards,13.5,-116,-111,6.0,False
8,KC@LV,NOAH_GRAY_1_NFL,noah gray,receiving_yards,23.5,-114,-114,23.0,False
8,KC@LV,TRE_TUCKER_1_NFL,tre tucker,receiving_yards,20.5,+142,-188,26.0,False
8,KC@LV,DJ_TURNER_1_NFL,dj turner,receiving_yards,39.5,+195,-1020,28.0,False
8,KC@LV,JUSTIN_WATSON_1_NFL,justin watson,receiving_yards,19.5,-115,-112,33.0,False
8,KC@LV,BROCK_BOWERS_1_NFL,brock bowers,rushing_yards,0.5,+680,-2575,0.0,False
8,KC@LV,MECOLE_HARDMAN_1_NFL,mecole hardman,receiving_yards,7.5,-114,-114,8.0,False
8,KC@LV,JAKOBI_MEYERS_1_NFL,jakobi meyers,receiving_yards,52.5,+860,-23155,52.0,False
8,KC@LV,TRAVIS_KELCE_1_NFL,travis kelce,rushing_yards,0.5,+580,-1675,0.0,False
8,KC@LV,ALEXANDER_MATTISON_1_NFL,alexander mattison,rushing_yards,40.5,-114,-114,15.0,False
8,KC@LV,ZAMIR_WHITE_1_NFL,zamir white,rushing_yards,13.5,-119,-109,-1.0,False
8,KC@LV,XAVIER_WORTHY_1_NFL,xavier worthy,receiving_yards,38.5,-115,-112,37.0,False
8,DAL@SF,BROCK_PURDY_1_NFL,brock purdy,rushing_yards,20.5,-114,-114,56.0,False
8,DAL@SF,KAVONTAE_TURPIN_1_NFL,kavontae turpin,rushing_yards,24.5,+800,-330,11.0,False
8,DAL@SF,JAKE_FERGUSON_1_NFL,jake ferguson,receiving_yards,42.5,-117,-112,23.0,False
8,DAL@SF,DAK_PRESCOTT_1_NFL,dak prescott,rushing_yards,7.5,-116,-112,-1.0,False
8,DAL@SF,ISAAC_GUERENDO_1_NFL,isaac guerendo,rushing_yards,74.5,-120,-110,85.0,False
8,DAL@SF,KYLE_JUSZCZYK_1_NFL,kyle juszczyk,receiving_yards,14.5,-117,-111,6.0,False
8,DAL@SF,RICO_DOWDLE_1_NFL,rico dowdle,receiving_yards,10.5,-115,-115,0.0,False
8,DAL@SF,EZEKIEL_ELLIOTT_1_NFL,ezekiel elliott,rushing_yards,29.5,-114,-114,34.0,False
8,DAL@SF,GEORGE_KITTLE_1_NFL,george kittle,receiving_yards,56.5,-113,-115,128.0,False
8,DAL@SF,JALEN_BROOKS_1_NFL,jalen brooks,receiving_yards,13.5,-111,-116,0.0,False
8,DAL@SF,JORDAN_MASON_1_NFL,jordan mason,receiving_yards,9.5,-107,-122,0.0,False
8,DAL@SF,CHRIS_CONLEY_1_NFL,chris conley,receiving_yards,24.5,+1100,-114,0.0,False
8,DAL@SF,DEEBO_SAMUEL_1_NFL,deebo samuel,rushing_yards,8.5,-113,-115,15.0,False
8,DAL@SF,CEEDEE_LAMB_1_NFL,ceedee lamb,receiving_yards,79.5,-130,+100,146.0,False
8,DAL@SF,RONNIE_BELL_1_NFL,ronnie bell,receiving_yards,4.5,-114,-114,0.0,False
8,DAL@SF,JALEN_TOLBERT_1_NFL,jalen tolbert,receiving_yards,38.5,-125,-103,44.0,False
9,HOU@NYJ,JOE_MIXON_1_NFL,joe mixon,receiving_yards,25.5,-114,-114,0.0,False
9,HOU@NYJ,TYLER_CONKLIN_1_NFL,tyler conklin,receiving_yards,23.5,-120,-108,-3.0,False
9,HOU@NYJ,XAVIER_GIPSON_1_NFL,xavier gipson,receiving_yards,17.5,-128,+106,0.0,False
9,HOU@NYJ,MIKE_WILLIAMS_1_NFL,mike williams,receiving_yards,17.5,-114,-114,6.0,False
9,HOU@NYJ,DALTON_SCHULTZ_1_NFL,dalton schultz,receiving_yards,41.5,-120,-108,21.0,False
9,HOU@NYJ,TANK_DELL_1_NFL,tank dell,receiving_yards,57.5,-125,-103,126.0,False
9,HOU@NYJ,XAVIER_HUTCHINSON_1_NFL,xavier hutchinson,receiving_yards,22.5,-114,-114,0.0,False
9,HOU@NYJ,CADE_STOVER_1_NFL,cade stover,receiving_yards,9.5,-114,-114,0.0,False
9,HOU@NYJ,AARON_RODGERS_1_NFL,aaron rodgers,passing_yards,235.5,-125,-103,211.0,False
9,HOU@NYJ,BRAELON_ALLEN_1_NFL,braelon allen,receiving_yards,4.5,-116,-111,0.0,False
9,HOU@NYJ,BREECE_HALL_1_NFL,breece hall,rushing_yards,81.5,-120,-108,74.0,False
9,HOU@NYJ,CJ_STROUD_1_NFL,cj stroud,passing_yards,219.5,-114,-114,191.0,False
9,HOU@NYJ,GARRETT_WILSON_1_NFL,garrett wilson,rushing_yards,0.5,-110,-120,0.0,False
9,HOU@NYJ,ROBERT_WOODS_1_NFL,robert woods,receiving_yards,15.5,-108,-120,44.0,False
9,HOU@NYJ,JOHN_METCHIE_III_1_NFL,john metchie,receiving_yards,21.5,-114,-114,0.0,False
9,HOU@NYJ,JEREMY_RUCKERT_1_NFL,jeremy ruckert,receiving_yards,4.5,-114,-114,4.0,False
9,LAC@CLE,LADD_MCCONKEY_1_NFL,ladd mcconkey,receiving_yards,58.5,-114,-114,64.0,False
9,LAC@CLE,CEDRIC_TILLMAN_1_NFL,cedric tillman,receiving_yards,49.5,-114,-114,75.0,False
9,LAC@CLE,JEROME_FORD_1_NFL,jerome ford,receiving_yards,11.5,-116,-111,2.0,False
9,LAC@CLE,QUENTIN_JOHNSTON_1_NFL,quentin johnston,receiving_yards,31.5,-118,-110,118.0,False
9,LAC@CLE,NICK_CHUBB_1_NFL,nick chubb,receiving_yards,9.5,-103,-125,-4.0,False
9,LAC@CLE,JK_DOBBINS_1_NFL,jk dobbins,rushing_yards,62.5,-105,-123,85.0,False
9,LAC@CLE,DAVID_NJOKU_1_NFL,david njoku,receiving_yards,52.5,-114,-114,29.0,False
9,LAC@CLE,KIMANI_VIDAL_1_NFL,kimani vidal,receiving_yards,2.5,-108,-120,0.0,False
9,LAC@CLE,JAMEIS_WINSTON_1_NFL,jameis winston,rushing_yards,7.5,-108,-120,27.0,False
9,LAC@CLE,WILL_DISSLY_1_NFL,will dissly,receiving_yards,25.5,-119,-109,9.0,False
9,LAC@CLE,JUSTIN_HERBERT_1_NFL,justin herbert,passing_yards,228.5,-119,-109,282.0,False
9,LAC@CLE,JOSH_PALMER_1_NFL,josh palmer,receiving_yards,28.5,-118,-110,63.0,False
9,LAC@CLE,ELIJAH_MOORE_1_NFL,elijah moore,receiving_yards,39.5,-114,-114,28.0,False
9,LAC@CLE,JERRY_JEUDY_1_NFL,jerry jeudy,receiving_yards,48.5,-118,-110,73.0,False
9,NE@TEN,TONY_POLLARD_1_NFL,tony pollard,rushing_yards,69.5,-114,-114,128.0,False
9,NE@TEN,NICK_WESTBROOKIKHINE_1_NFL,nick westbrookikhine,receiving_yards,26.5,-115,-112,50.0,False
9,NE@TEN,CALVIN_RIDLEY_1_NFL,calvin ridley,rushing_yards,0.5,+620,-2470,0.0,False
9,NE@TEN,KAYSHON_BOUTTE_1_NFL,kayshon boutte,receiving_yards,23.5,-108,-120,18.0,False
9,NE@TEN,CHIGOZIEM_OKONOKWO_1_NFL,chigoziem okonokwo,receiving_yards,20.5,-116,-111,38.0,False
9,NE@TEN,DEMARIO_DOUGLAS_1_NFL,demario douglas,receiving_yards,35.5,-125,-103,35.0,False
9,NE@TEN,ANTONIO_GIBSON_1_NFL,antonio gibson,receiving_yards,25.5,+105,-126,12.0,False
9,NE@TEN,MASON_RUDOLPH_1_NFL,mason rudolph,passing_yards,197.5,-115,-112,240.0,False
9,NE@TEN,TYLER_BOYD_1_NFL,tyler boyd,receiving_yards,29.5,-116,-111,3.0,False
9,NE@TEN,RHAMONDRE_STEVENSON_1_NFL,rhamondre stevenson,rushing_yards,56.5,-114,-114,16.0,False
9,NE@TEN,AUSTIN_HOOPER_1_NFL,austin hooper,receiving_yards,13.5,-112,-115,8.0,False
9,NE@TEN,HUNTER_HENRY_1_NFL,hunter henry,receiving_yards,37.5,-116,-111,56.0,False
9,NE@TEN,KENDRICK_BOURNE_1_NFL,kendrick bourne,receiving_yards,16.5,-114,-114,41.0,False
9,NE@TEN,JALYNN_POLK_1_NFL,jalynn polk,receiving_yards,13.5,-114,-114,0.0,False
9,NE@TEN,JULIUS_CHESTNUT_1_NFL,julius chestnut,rushing_yards,17.5,-105,-145,22.0,False
9,NE@TEN,JOSH_WHYLE_1_NFL,josh whyle,receiving_yards,12.5,+175,-275,12.0,False
9,DEN@BAL,DEVAUGHN_VELE_1_NFL,devaughn vele,receiving_yards,24.5,-115,-112,11.0,False
9,DEN@BAL,ADAM_TRAUTMAN_1_NFL,adam trautman,receiving_yards,7.5,-127,-102,4.0,False
9,DEN@BAL,ZAY_FLOWERS_1_NFL,zay flowers,receiving_yards,51.5,-114,-114,127.0,False
9,DEN@BAL,LUCAS_KRULL_1_NFL,lucas krull,receiving_yards,16.5,-114,-114,0.0,False
9,DEN@BAL,COURTLAND_SUTTON_1_NFL,courtland sutton,receiving_yards,53.5,-114,-114,122.0,False
9,DEN@BAL,DERRICK_HENRY_1_NFL,derrick henry,receiving_yards,4.5,-123,-105,27.0,False
9,DEN@BAL,MARVIN_MIMS_JR_1_NFL,marvin mims,receiving_yards,25.5,-110,-110,4.0,False
9,DEN@BAL,ISAIAH_LIKELY_1_NFL,isaiah likely,receiving_yards,21.5,-114,-120,0.0,False
9,DEN@BAL,JAVONTE_WILLIAMS_1_NFL,javonte williams,rushing_yards,35.5,-114,-114,42.0,False
9,DEN@BAL,JUSTICE_HILL_1_NFL,justice hill,receiving_yards,13.5,-117,-117,43.0,False
9,DEN@BAL,LAMAR_JACKSON_1_NFL,lamar jackson,rushing_yards,46.5,-121,-118,4.0,False
9,DEN@BAL,MARK_ANDREWS_1_NFL,mark andrews,receiving_yards,30.5,-116,-111,26.0,False
9,DEN@BAL,BO_NIX_1_NFL,bo nix,rushing_yards,24.5,-114,-114,36.0,False
9,DEN@BAL,RASHOD_BATEMAN_1_NFL,rashod bateman,receiving_yards,28.5,-120,-114,25.0,False
9,DEN@BAL,JALEEL_MCLAUGHLIN_1_NFL,jaleel mclaughlin,receiving_yards,6.5,-112,-115,10.0,False
9,DEN@BAL,LILJORDAN_HUMPHREY_1_NFL,liljordan humphrey,receiving_yards,20.5,-114,-114,11.0,False
9,DEN@BAL,TROY_FRANKLIN_1_NFL,troy franklin,receiving_yards,24.5,-115,-112,19.0,False
9,MIA@BUF,KHALIL_SHAKIR_1_NFL,khalil shakir,receiving_yards,54.5,-114,-114,50.0,False
9,MIA@BUF,DEVON_ACHANE_1_NFL,devon achane,rushing_yards,52.5,-114,-114,63.0,False
9,MIA@BUF,TYREEK_HILL_1_NFL,tyreek hill,receiving_yards,78.5,-114,-114,80.0,False
9,MIA@BUF,JAMES_COOK_1_NFL,james cook,rushing_yards,67.5,-114,-114,44.0,False
9,MIA@BUF,RAHEEM_MOSTERT_1_NFL,raheem mostert,rushing_yards,26.5,-114,-114,56.0,False
9,MIA@BUF,JOSH_ALLEN_1_NFL,josh allen,passing_yards,240.5,-114,-114,235.0,False
9,MIA@BUF,JONNU_SMITH_1_NFL,jonnu smith,rushing_yards,0.5,+405,-840,0.0,False
9,MIA@BUF,RAY_DAVIS_1_NFL,ray davis,rushing_yards,20.5,-114,-114,20.0,False
9,MIA@BUF,DAWSON_KNOX_1_NFL,dawson knox,receiving_yards,8.5,-122,-106,5.0,False
9,MIA@BUF,TUA_TAGOVAILOA_1_NFL,tua tagovailoa,rushing_yards,5.5,-115,-112,3.0,False
9,MIA@BUF,KEON_COLEMAN_1_NFL,keon coleman,receiving_yards,48.5,-115,-112,21.0,False
9,MIA@BUF,MACK_HOLLINS_1_NFL,mack hollins,receiving_yards,17.5,-110,-118,30.0,False
9,MIA@BUF,DALTON_KINCAID_1_NFL,dalton kincaid,receiving_yards,44.5,-116,-111,32.0,False
9,MIA@BUF,JAYLEN_WADDLE_1_NFL,jaylen waddle,rushing_yards,0.5,+215,-340,0.0,False
9,MIA@BUF,CURTIS_SAMUEL_1_NFL,curtis samuel,receiving_yards,14.5,-115,-112,0.0,False
9,WAS@NYG,MALIK_NABERS_1_NFL,malik nabers,rushing_yards,0.5,+245,-415,0.0,False
9,WAS@NYG,DANIEL_JONES_1_NFL,daniel jones,passing_yards,195.5,-114,-114,174.0,False
9,WAS@NYG,ZACH_ERTZ_1_NFL,zach ertz,receiving_yards,34.5,-111,-116,5.0,False
9,WAS@NYG,AUSTIN_EKELER_1_NFL,austin ekeler,receiving_yards,23.5,-114,-114,41.0,False
9,WAS@NYG,NOAH_BROWN_1_NFL,noah brown,receiving_yards,29.5,-116,-111,60.0,False
9,WAS@NYG,TERRY_MCLAURIN_1_NFL,terry mclaurin,receiving_yards,63.5,-114,-114,19.0,False
9,WAS@NYG,OLAMIDE_ZACCHEAUS_1_NFL,olamide zaccheaus,receiving_yards,18.5,-112,-115,48.0,False
9,WAS@NYG,JAYDEN_DANIELS_1_NFL,jayden daniels,rushing_yards,48.5,-118,-110,35.0,False
9,WAS@NYG,THEO_JOHNSON_1_NFL,theo johnson,receiving_yards,14.5,-115,-112,51.0,False
9,WAS@NYG,DEVIN_SINGLETARY_1_NFL,devin singletary,rushing_yards,33.5,+1710,-999900,33.0,False
9,WAS@NYG,DARIUS_SLAYTON_1_NFL,darius slayton,receiving_yards,38.5,-114,-114,49.0,False
9,WAS@NYG,JEREMY_MCNICHOLS_1_NFL,jeremy mcnichols,rushing_yards,21.5,-114,-114,20.0,False
9,WAS@NYG,BRIAN_ROBINSON_1_NFL,brian robinson,rushing_yards,57.5,-118,-110,0.0,False
9,WAS@NYG,TYRONE_TRACY_1_NFL,tyrone tracy,receiving_yards,13.5,-114,-114,3.0,False
9,WAS@NYG,WANDALE_ROBINSON_1_NFL,wandale robinson,receiving_yards,34.5,-116,-111,10.0,False
9,DAL@ATL,KAVONTAE_TURPIN_1_NFL,kavontae turpin,rushing_yards,24.5,+1100,,0.0,False
9,DAL@ATL,JAKE_FERGUSON_1_NFL,jake ferguson,receiving_yards,48.5,-114,-114,71.0,False
9,DAL@ATL,DAK_PRESCOTT_1_NFL,dak prescott,rushing_yards,8.5,-123,-105,30.0,False
9,DAL@ATL,RICO_DOWDLE_1_NFL,rico dowdle,receiving_yards,17.5,-114,-114,32.0,False
9,DAL@ATL,EZEKIEL_ELLIOTT_1_NFL,ezekiel elliott,rushing_yards,18.5,-117,-110,0.0,False
9,DAL@ATL,KYLE_PITTS_1_NFL,kyle pitts,receiving_yards,48.5,-114,-114,11.0,False
9,DAL@ATL,KIRK_COUSINS_1_NFL,kirk cousins,passing_yards,257.5,-114,-114,222.0,False
9,DAL@ATL,BIJAN_ROBINSON_1_NFL,bijan robinson,receiving_yards,26.5,-123,-105,59.0,False
9,DAL@ATL,RAYRAY_MCCLOUD_III_1_NFL,rayray mccloud,receiving_yards,39.5,+1700,-115,28.0,False
9,DAL@ATL,JALEN_BROOKS_1_NFL,jalen brooks,receiving_yards,11.5,-119,-109,26.0,False
9,DAL@ATL,TYLER_ALLGEIER_1_NFL,tyler allgeier,rushing_yards,42.5,-115,-112,18.0,False
9,DAL@ATL,CEEDEE_LAMB_1_NFL,ceedee lamb,receiving_yards,91.5,-120,-108,47.0,False
9,DAL@ATL,DARNELL_MOONEY_1_NFL,darnell mooney,receiving_yards,55.5,-114,-114,88.0,False
9,DAL@ATL,COOPER_RUSH_1_NFL,cooper rush,passing_yards,58.5,-120,-125,115.0,False
9,DAL@ATL,DRAKE_LONDON_1_NFL,drake london,receiving_yards,70.5,-120,-108,27.0,False
9,DAL@ATL,JALEN_TOLBERT_1_NFL,jalen tolbert,receiving_yards,41.5,-115,-112,19.0,False
9,LV@CIN,JOE_BURROW_1_NFL,joe burrow,passing_yards,255.5,-114,-114,251.0,False
9,LV@CIN,ERICK_ALL_1_NFL,erick all,receiving_yards,17.5,-115,-112,24.0,False
9,LV@CIN,GARDNER_MINSHEW_1_NFL,gardner minshew,passing_yards,217.5,-114,-114,124.0,False
9,LV@CIN,CHASE_BROWN_1_NFL,chase brown,receiving_yards,17.5,-114,-114,37.0,False
9,LV@CIN,JERMAINE_BURTON_1_NFL,jermaine burton,receiving_yards,19.5,-110,-118,0.0,False
9,LV@CIN,TRE_TUCKER_1_NFL,tre tucker,receiving_yards,30.5,-115,-112,5.0,False
9,LV@CIN,TRAYVEON_WILLIAMS_1_NFL,trayveon williams,rushing_yards,24.5,+600,-120,0.0,False
9,LV@CIN,ZACK_MOSS_1_NFL,zack moss,rushing_yards,24.5,-225,,0.0,False
9,LV@CIN,JAMARR_CHASE_1_NFL,jamarr chase,rushing_yards,0.5,+380,-760,0.0,False
9,LV@CIN,ANDREI_IOSIVAS_1_NFL,andrei iosivas,receiving_yards,28.5,-115,-112,10.0,False
9,LV@CIN,DJ_TURNER_II_1_NFL,dj turner,receiving_yards,23.5,-118,-118,0.0,False
9,LV@CIN,JAKOBI_MEYERS_1_NFL,jakobi meyers,receiving_yards,58.5,-114,-114,105.0,False
9,LV@CIN,ALEXANDER_MATTISON_1_NFL,alexander mattison,rushing_yards,48.5,-114,-114,36.0,False
9,LV@CIN,MIKE_GESICKI_1_NFL,mike gesicki,receiving_yards,36.5,-114,-114,100.0,False
9,LV@CIN,TRENTON_IRWIN_1_NFL,trenton irwin,receiving_yards,0.5,+1875,-999900,0.0,False
9,LV@CIN,BROCK_BOWERS_1_NFL,brock bowers,receiving_yards,64.5,-125,-103,45.0,False
9,NO@CAR,JATAVION_SANDERS_1_NFL,jatavion sanders,receiving_yards,25.5,-114,-114,87.0,False
9,NO@CAR,DAVID_MOORE_1_NFL,david moore,receiving_yards,28.5,-116,-111,20.0,False
9,NO@CAR,BRYCE_YOUNG_1_NFL,bryce young,rushing_yards,10.5,-112,-115,9.0,False
9,NO@CAR,DEREK_CARR_1_NFL,derek carr,rushing_yards,2.5,-111,-116,0.0,False
9,NO@CAR,FOSTER_MOREAU_1_NFL,foster moreau,receiving_yards,10.5,-114,-114,17.0,False
9,NO@CAR,CHUBA_HUBBARD_1_NFL,chuba hubbard,receiving_yards,14.5,-116,-111,0.0,False
9,NO@CAR,ALVIN_KAMARA_1_NFL,alvin kamara,receiving_yards,31.5,-120,-108,60.0,False
9,NO@CAR,ANDY_DALTON_1_NFL,andy dalton,rushing_yards,10.5,-105,-116,0.0,False
9,NO@CAR,JALEN_COKER_1_NFL,jalen coker,receiving_yards,39.5,-114,-114,36.0,False
9,NO@CAR,MASON_TIPTON_1_NFL,mason tipton,rushing_yards,0.5,+360,-690,0.0,False
9,NO@CAR,XAVIER_LEGETTE_1_NFL,xavier legette,receiving_yards,36.5,-114,-114,33.0,False
9,NO@CAR,MILES_SANDERS_1_NFL,miles sanders,rushing_yards,15.5,-119,-109,-5.0,False
9,NO@CAR,JUWAN_JOHNSON_1_NFL,juwan johnson,receiving_yards,25.5,-114,-114,41.0,False
9,NO@CAR,TOMMY_TREMBLE_1_NFL,tommy tremble,receiving_yards,14.5,-116,-112,0.0,False
9,NO@CAR,JONATHAN_MINGO_1_NFL,jonathan mingo,rushing_yards,0.5,+545,-1440,0.0,False
9,NO@CAR,TAYSOM_HILL_1_NFL,taysom hill,rushing_yards,30.5,-106,-122,19.0,False
9,NO@CAR,CHRIS_OLAVE_1_NFL,chris olave,receiving_yards,71.5,-120,-108,13.0,False
9,NO@CAR,CEDRICK_WILSON_JR_1_NFL,cedrick wilson,receiving_yards,19.5,-242,+161,34.0,False
9,CHI@ARI,ROME_ODUNZE_1_NFL,rome odunze,rushing_yards,24.5,+1300,-125,0.0,False
9,CHI@ARI,KYLER_MURRAY_1_NFL,kyler murray,rushing_yards,35.5,-114,-114,6.0,False
9,CHI@ARI,DJ_MOORE_1_NFL,dj moore,receiving_yards,54.5,-116,-111,33.0,False
9,CHI@ARI,GREG_DORTCH_1_NFL,greg dortch,receiving_yards,12.5,-103,-125,0.0,False
9,CHI@ARI,DANDRE_SWIFT_1_NFL,dandre swift,rushing_yards,69.5,-120,-108,51.0,False
9,CHI@ARI,JAMES_CONNER_1_NFL,james conner,receiving_yards,15.5,-114,-114,12.0,False
9,CHI@ARI,COLE_KMET_1_NFL,cole kmet,receiving_yards,30.5,-114,-114,0.0,False
9,CHI@ARI,TREY_MCBRIDE_1_NFL,trey mcbride,receiving_yards,56.5,-114,-114,35.0,False
9,CHI@ARI,MACK_WILSON_1_NFL,mack wilson,receiving_yards,32.5,-112,-115,0.0,False
9,CHI@ARI,MARVIN_HARRISON_JR_1_NFL,marvin harrison,receiving_yards,51.5,-118,-110,34.0,False
9,CHI@ARI,KEENAN_ALLEN_1_NFL,keenan allen,receiving_yards,43.5,-114,-114,36.0,False
9,CHI@ARI,CHRIS_WILLIAMS_1_NFL,chris williams,rushing_yards,24.5,-118,-110,5.0,False
9,JAX@PHI,KENNETH_GAINWELL_1_NFL,kenneth gainwell,rushing_yards,12.5,-108,-120,9.0,False
9,JAX@PHI,TRAVIS_ETIENNE_JR_1_NFL,travis etienne,receiving_yards,6.5,+1165,-999900,6.0,False
9,JAX@PHI,JALEN_HURTS_1_NFL,jalen hurts,passing_yards,223.5,-120,-108,230.0,False
9,JAX@PHI,TANK_BIGSBY_1_NFL,tank bigsby,rushing_yards,40.5,-112,-115,22.0,False
9,JAX@PHI,BRENTON_STRANGE_1_NFL,brenton strange,receiving_yards,13.5,-114,-114,0.0,False
9,JAX@PHI,SAQUON_BARKLEY_1_NFL,saquon barkley,receiving_yards,14.5,-120,-108,40.0,False
9,JAX@PHI,DEVONTA_SMITH_1_NFL,devonta smith,receiving_yards,57.5,-125,-103,87.0,False
9,JAX@PHI,AJ_BROWN_1_NFL,aj brown,receiving_yards,86.5,-120,-108,36.0,False
9,JAX@PHI,BRIAN_THOMAS_1_NFL,brian thomas,receiving_yards,22.5,+358,-620,22.0,False
9,JAX@PHI,TREVOR_LAWRENCE_1_NFL,trevor lawrence,rushing_yards,11.5,-116,-111,8.0,False
9,JAX@PHI,EVAN_ENGRAM_1_NFL,evan engram,receiving_yards,45.5,+317,-520,45.0,False
9,JAX@PHI,GABRIEL_DAVIS_1_NFL,gabriel davis,receiving_yards,30.5,-120,-110,0.0,False
9,JAX@PHI,GRANT_CALCATERRA_1_NFL,grant calcaterra,receiving_yards,23.5,-123,-105,30.0,False
9,JAX@PHI,PARKER_WASHINGTON_1_NFL,parker washington,receiving_yards,41.5,+478,-900,41.0,False
9,JAX@PHI,TIM_JONES_1_NFL,tim jones,receiving_yards,17.5,-119,-109,10.0,False
9,LA@SEA,JAKE_BOBO_1_NFL,jake bobo,receiving_yards,29.5,-114,-114,0.0,False
9,LA@SEA,KYREN_WILLIAMS_1_NFL,kyren williams,receiving_yards,16.5,-112,-115,26.0,False
9,LA@SEA,GENO_SMITH_1_NFL,geno smith,passing_yards,250.5,-119,-109,363.0,False
9,LA@SEA,KENNETH_WALKER_III_1_NFL,kenneth walker,rushing_yards,66.5,-114,-114,83.0,False
9,LA@SEA,ZACH_CHARBONNET_1_NFL,zach charbonnet,rushing_yards,19.5,-112,-115,8.0,False
9,LA@SEA,COLBY_PARKINSON_1_NFL,colby parkinson,receiving_yards,25.5,-115,-112,0.0,False
9,LA@SEA,PUKA_NACUA_1_NFL,puka nacua,receiving_yards,67.5,-130,+100,11.0,False
9,LA@SEA,DEMARCUS_ROBINSON_1_NFL,demarcus robinson,rushing_yards,0.5,+1530,-999900,0.0,False
9,LA@SEA,MATTHEW_STAFFORD_1_NFL,matthew stafford,passing_yards,245.5,-120,-108,298.0,False
9,LA@SEA,COOPER_KUPP_1_NFL,cooper kupp,receiving_yards,66.5,-114,-114,104.0,False
9,LA@SEA,JAXON_SMITHNJIGBA_1_NFL,jaxon smithnjigba,receiving_yards,60.5,-114,-114,180.0,False
9,LA@SEA,TYLER_LOCKETT_1_NFL,tyler lockett,receiving_yards,53.5,-116,-111,63.0,False
9,LA@SEA,AJ_BARNER_1_NFL,aj barner,receiving_yards,24.5,-114,-114,27.0,False
9,LA@SEA,DK_METCALF_1_NFL,dk metcalf,rushing_yards,64.5,-113,-107,0.0,False
9,DET@GB,DAVID_MONTGOMERY_1_NFL,david montgomery,rushing_yards,58.5,-114,-114,73.0,False
9,DET@GB,EMANUEL_WILSON_1_NFL,emanuel wilson,rushing_yards,15.5,-115,-112,28.0,False
9,DET@GB,JARED_GOFF_1_NFL,jared goff,rushing_yards,1.5,-110,-118,-2.0,False
9,DET@GB,TUCKER_KRAFT_1_NFL,tucker kraft,receiving_yards,31.5,-110,-118,34.0,False
9,DET@GB,KALIF_RAYMOND_1_NFL,kalif raymond,receiving_yards,16.5,-108,-120,12.0,False
9,DET@GB,JAYDEN_REED_1_NFL,jayden reed,rushing_yards,4.5,-120,-108,0.0,False
9,DET@GB,AMONRA_ST_BROWN_1_NFL,amonra st brown,receiving_yards,67.5,-114,-114,56.0,False
9,DET@GB,JOSH_JACOBS_1_NFL,josh jacobs,receiving_yards,11.5,-118,-110,13.0,False
9,DET@GB,DONTAYVION_WICKS_1_NFL,dontayvion wicks,receiving_yards,21.5,-116,-111,0.0,False
9,DET@GB,JAHMYR_GIBBS_1_NFL,jahmyr gibbs,receiving_yards,20.5,-114,-114,11.0,False
9,DET@GB,JORDAN_LOVE_1_NFL,jordan love,rushing_yards,4.5,-103,-125,0.0,False
9,DET@GB,SAM_LAPORTA_1_NFL,sam laporta,receiving_yards,42.5,-120,-108,28.0,False
9,DET@GB,CHRISTIAN_WATSON_1_NFL,christian watson,rushing_yards,65.5,-118,-102,0.0,False
9,DET@GB,ROMEO_DOUBS_1_NFL,romeo doubs,receiving_yards,44.5,-114,-114,28.0,False
9,IND@MIN,TREY_SERMON_1_NFL,trey sermon,receiving_yards,9.5,-135,+115,9.0,False
9,IND@MIN,JORDAN_ADDISON_1_NFL,jordan addison,rushing_yards,24.5,+1100,,9.0,False
9,IND@MIN,SAM_DARNOLD_1_NFL,sam darnold,passing_yards,275.5,-113,-115,290.0,False
9,IND@MIN,ANTHONY_RICHARDSON_1_NFL,anthony richardson,passing_yards,177.5,-118,-118,0.0,False
9,IND@MIN,AARON_JONES_1_NFL,aaron jones,receiving_yards,18.5,+132,-174,18.0,False
9,IND@MIN,MO_ALIECOX_1_NFL,mo aliecox,receiving_yards,0.5,+146,-192,0.0,False
9,IND@MIN,ALEC_PIERCE_1_NFL,alec pierce,receiving_yards,41.5,+510,-850,41.0,False
9,IND@MIN,JOSH_DOWNS_1_NFL,josh downs,receiving_yards,50.5,-110,-118,60.0,False
9,IND@MIN,JONATHAN_TAYLOR_1_NFL,jonathan taylor,receiving_yards,11.5,+162,-215,11.0,False
9,IND@MIN,JOE_FLACCO_1_NFL,joe flacco,passing_yards,190.5,-117,-120,179.0,False
9,IND@MIN,JUSTIN_JEFFERSON_1_NFL,justin jefferson,receiving_yards,137.5,-102,-128,137.0,False
9,IND@MIN,JALEN_NAILOR_1_NFL,jalen nailor,receiving_yards,0.5,+144,-190,7.0,False
9,IND@MIN,MICHAEL_PITTMAN_1_NFL,michael pittman,receiving_yards,14.5,+104,-135,14.0,False
9,IND@MIN,JOSH_OLIVER_1_NFL,josh oliver,receiving_yards,49.5,+110,,58.0,False
9,IND@MIN,BRANDON_POWELL_1_NFL,brandon powell,receiving_yards,20.5,-120,-101,9.0,False
9,IND@MIN,TY_CHANDLER_1_NFL,ty chandler,rushing_yards,15.5,-123,-104,0.0,False
9,IND@MIN,TJ_HOCKENSON_1_NFL,tj hockenson,receiving_yards,27.5,+1770,-999900,27.0,False
9,IND@MIN,TYLER_GOODSON_1_NFL,tyler goodson,rushing_yards,24.5,+850,,0.0,False
10,CIN@BAL,ZAY_FLOWERS_1_NFL,zay flowers,receiving_yards,49.5,+1329,-11011,34.0,False
10,CIN@BAL,JOE_BURROW_1_NFL,joe burrow,passing_yards,275.5,-114,-125,428.0,False
10,CIN@BAL,ERICK_ALL_1_NFL,erick all,receiving_yards,20.5,-129,+107,0.0,False
10,CIN@BAL,DERRICK_HENRY_1_NFL,derrick henry,receiving_yards,1.5,-115,-113,3.0,False
10,CIN@BAL,CHASE_BROWN_1_NFL,chase brown,receiving_yards,50.5,+102,-132,52.0,False
10,CIN@BAL,TANNER_HUDSON_1_NFL,tanner hudson,receiving_yards,42.5,+1345,-999900,42.0,False
10,CIN@BAL,JERMAINE_BURTON_1_NFL,jermaine burton,receiving_yards,11.5,+1445,-999900,11.0,False
10,CIN@BAL,DREW_SAMPLE_1_NFL,drew sample,receiving_yards,0.5,+1680,-999900,0.0,False
10,CIN@BAL,JUSTICE_HILL_1_NFL,justice hill,receiving_yards,0.5,+1730,-999900,0.0,False
10,CIN@BAL,NELSON_AGHOLOR_1_NFL,nelson agholor,receiving_yards,6.5,+1820,-999900,6.0,False
10,CIN@BAL,LAMAR_JACKSON_1_NFL,lamar jackson,rushing_yards,40.5,+344,-525,33.0,False
10,CIN@BAL,CHARLIE_KOLAR_1_NFL,charlie kolar,receiving_yards,4.5,+1785,-999900,4.0,False
10,CIN@BAL,JAMARR_CHASE_1_NFL,jamarr chase,receiving_yards,245.5,-114,-114,264.0,False
10,CIN@BAL,ANDREI_IOSIVAS_1_NFL,andrei iosivas,receiving_yards,19.5,+132,-174,29.0,False
10,CIN@BAL,MARK_ANDREWS_1_NFL,mark andrews,receiving_yards,63.5,+134,-114,68.0,False
10,CIN@BAL,KEATON_MITCHELL_1_NFL,keaton mitchell,rushing_yards,0.5,-118,-110,0.0,False
10,CIN@BAL,MIKE_GESICKI_1_NFL,mike gesicki,receiving_yards,30.5,+1230,-999900,30.0,False
10,CIN@BAL,RASHOD_BATEMAN_1_NFL,rashod bateman,receiving_yards,28.5,+525,-953,54.0,False
10,CIN@BAL,TRENTON_IRWIN_1_NFL,trenton irwin,receiving_yards,12.5,-104,-116,0.0,False
10,CIN@BAL,CAMERON_SAMPLE_1_NFL,cameron sample,receiving_yards,14.5,-130,,0.0,False
10,NYG@CAR,JATAVION_SANDERS_1_NFL,jatavion sanders,receiving_yards,8.5,+200,-330,8.0,False
10,NYG@CAR,DAVID_MOORE_1_NFL,david moore,receiving_yards,18.5,+235,-400,18.0,False
10,NYG@CAR,BRYCE_YOUNG_1_NFL,bryce young,rushing_yards,30.5,+116,-152,30.0,False
10,NYG@CAR,MALIK_NABERS_1_NFL,malik nabers,rushing_yards,0.5,+270,-465,-2.0,False
10,NYG@CAR,DANIEL_JONES_1_NFL,daniel jones,passing_yards,204.5,+1233,-7592,190.0,False
10,NYG@CAR,CHUBA_HUBBARD_1_NFL,chuba hubbard,receiving_yards,11.5,+168,-225,16.0,False
10,NYG@CAR,JALEN_COKER_1_NFL,jalen coker,receiving_yards,41.5,+205,-340,41.0,False
10,NYG@CAR,XAVIER_LEGETTE_1_NFL,xavier legette,receiving_yards,40.5,+165,-260,40.0,False
10,NYG@CAR,THEO_JOHNSON_1_NFL,theo johnson,receiving_yards,21.5,+126,-165,37.0,False
10,NYG@CAR,DEVIN_SINGLETARY_1_NFL,devin singletary,rushing_yards,49.5,+320,-129,40.0,False
10,NYG@CAR,TYRONE_TRACY_1_NFL,tyrone tracy,receiving_yards,1.5,+305,-580,1.0,False
10,NYG@CAR,JALIN_HYATT_1_NFL,jalin hyatt,receiving_yards,24.5,+120,-825,39.0,False
10,NYG@CAR,WANDALE_ROBINSON_1_NFL,wandale robinson,rushing_yards,0.5,+245,-340,0.0,False
10,ATL@NO,DEREK_CARR_1_NFL,derek carr,rushing_yards,2.5,+103,-133,17.0,False
10,ATL@NO,FOSTER_MOREAU_1_NFL,foster moreau,receiving_yards,15.5,-120,-108,0.0,False
10,ATL@NO,ALVIN_KAMARA_1_NFL,alvin kamara,receiving_yards,41.5,-114,-114,54.0,False
10,ATL@NO,BIJAN_ROBINSON_1_NFL,bijan robinson,receiving_yards,27.5,-116,-111,28.0,False
10,ATL@NO,MASON_TIPTON_1_NFL,mason tipton,receiving_yards,32.5,-114,-114,0.0,False
10,ATL@NO,TYLER_ALLGEIER_1_NFL,tyler allgeier,rushing_yards,35.5,-116,-111,59.0,False
10,ATL@NO,JUWAN_JOHNSON_1_NFL,juwan johnson,receiving_yards,22.5,+570,-1049,22.0,False
10,ATL@NO,TAYSOM_HILL_1_NFL,taysom hill,rushing_yards,27.5,-110,-118,14.0,False
10,ATL@NO,CHRIS_OLAVE_1_NFL,chris olave,receiving_yards,23.5,-116,-104,0.0,False
10,ATL@NO,KIRK_COUSINS_1_NFL,kirk cousins,rushing_yards,0.5,+1095,-999900,0.0,False
10,ATL@NO,RAYRAY_MCCLOUD_III_1_NFL,rayray mccloud,rushing_yards,24.5,+800,-190,6.0,False
10,ATL@NO,KYLE_PITTS_1_NFL,kyle pitts,receiving_yards,30.5,+135,-185,55.0,False
10,ATL@NO,DARNELL_MOONEY_1_NFL,darnell mooney,receiving_yards,57.5,-114,-114,96.0,False
10,ATL@NO,DRAKE_LONDON_1_NFL,drake london,receiving_yards,64.5,-120,-108,97.0,False
10,SF@TB,BROCK_PURDY_1_NFL,brock purdy,receiving_yards,25.5,-135,+111,0.0,False
10,SF@TB,JALEN_MCMILLAN_1_NFL,jalen mcmillan,receiving_yards,31.5,-112,-115,0.0,False
10,SF@TB,BUCKY_IRVING_1_NFL,bucky irving,receiving_yards,17.5,-114,-114,14.0,False
10,SF@TB,CADE_OTTON_1_NFL,cade otton,rushing_yards,0.5,+835,-5925,0.0,False
10,SF@TB,KYLE_JUSZCZYK_1_NFL,kyle juszczyk,receiving_yards,6.5,-115,-112,0.0,False
10,SF@TB,RYAN_MILLER_1_NFL,ryan miller,receiving_yards,10.5,-115,-112,11.0,False
10,SF@TB,RAKIM_JARRETT_1_NFL,rakim jarrett,receiving_yards,22.5,-119,-225,10.0,False
10,SF@TB,GEORGE_KITTLE_1_NFL,george kittle,receiving_yards,57.5,+140,-220,57.0,False
10,SF@TB,BAKER_MAYFIELD_1_NFL,baker mayfield,passing_yards,246.5,-109,-119,116.0,False
10,SF@TB,RACHAAD_WHITE_1_NFL,rachaad white,rushing_yards,23.5,-114,-112,31.0,False
10,SF@TB,TREY_PALMER_1_NFL,trey palmer,rushing_yards,0.5,+490,-1165,0.0,False
10,SF@TB,CHRISTIAN_MCCAFFREY_1_NFL,christian mccaffrey,receiving_yards,29.5,-114,-114,68.0,False
10,SF@TB,DEEBO_SAMUEL_1_NFL,deebo samuel,rushing_yards,8.5,-111,-116,14.0,False
10,SF@TB,JORDAN_MASON_1_NFL,jordan mason,rushing_yards,21.5,-114,-114,5.0,False
10,SF@TB,JAUAN_JENNINGS_1_NFL,jauan jennings,receiving_yards,43.5,-113,-121,93.0,False
10,SF@TB,PAYNE_DURHAM_1_NFL,payne durham,receiving_yards,0.5,-115,-115,0.0,False
10,DEN@KC,DEVAUGHN_VELE_1_NFL,devaughn vele,receiving_yards,23.5,-103,-125,39.0,False
10,DEN@KC,ADAM_TRAUTMAN_1_NFL,adam trautman,receiving_yards,9.5,-120,-108,34.0,False
10,DEN@KC,PATRICK_MAHOMES_1_NFL,patrick mahomes,rushing_yards,16.5,-118,-110,19.0,False
10,DEN@KC,SAMAJE_PERINE_1_NFL,samaje perine,receiving_yards,8.5,-114,-114,37.0,False
10,DEN@KC,COURTLAND_SUTTON_1_NFL,courtland sutton,receiving_yards,44.5,-105,-123,70.0,False
10,DEN@KC,CARSON_STEELE_1_NFL,carson steele,rushing_yards,11.5,-116,-111,3.0,False
10,DEN@KC,NOAH_GRAY_1_NFL,noah gray,receiving_yards,15.5,-116,-111,18.0,False
10,DEN@KC,JAVONTE_WILLIAMS_1_NFL,javonte williams,rushing_yards,34.5,-108,-120,1.0,False
10,DEN@KC,JUSTIN_WATSON_1_NFL,justin watson,receiving_yards,15.5,-119,-109,6.0,False
10,DEN@KC,MECOLE_HARDMAN_1_NFL,mecole hardman,receiving_yards,9.5,-114,-114,3.0,False
10,DEN@KC,BO_NIX_1_NFL,bo nix,rushing_yards,29.5,-123,-105,-5.0,False
10,DEN@KC,TRAVIS_KELCE_1_NFL,travis kelce,rushing_yards,0.5,+1785,-999900,0.0,False
10,DEN@KC,JALEEL_MCLAUGHLIN_1_NFL,jaleel mclaughlin,receiving_yards,6.5,-116,-111,0.0,False
10,DEN@KC,LILJORDAN_HUMPHREY_1_NFL,liljordan humphrey,receiving_yards,21.5,-105,-123,23.0,False
10,DEN@KC,TROY_FRANKLIN_1_NFL,troy franklin,receiving_yards,18.5,-114,-114,9.0,False
10,DEN@KC,XAVIER_WORTHY_1_NFL,xavier worthy,receiving_yards,31.5,-118,-110,11.0,False
10,PIT@WAS,ZACH_ERTZ_1_NFL,zach ertz,receiving_yards,23.5,+195,-260,31.0,False
10,PIT@WAS,AUSTIN_EKELER_1_NFL,austin ekeler,receiving_yards,28.5,-114,-114,7.0,False
10,PIT@WAS,NOAH_BROWN_1_NFL,noah brown,receiving_yards,19.5,+150,-114,33.0,False
10,PIT@WAS,TERRY_MCLAURIN_1_NFL,terry mclaurin,receiving_yards,113.5,+328,-490,113.0,False
10,PIT@WAS,LUKE_MCCAFFREY_1_NFL,luke mccaffrey,receiving_yards,39.5,+290,,23.0,False
10,PIT@WAS,JAYLEN_WARREN_1_NFL,jaylen warren,receiving_yards,12.5,-110,-109,29.0,False
10,PIT@WAS,OLAMIDE_ZACCHEAUS_1_NFL,olamide zaccheaus,receiving_yards,15.5,-116,-323,8.0,False
10,PIT@WAS,JAYDEN_DANIELS_1_NFL,jayden daniels,rushing_yards,44.5,-114,-114,5.0,False
10,PIT@WAS,DYAMI_BROWN_1_NFL,dyami brown,receiving_yards,7.5,-119,-109,-13.0,False
10,PIT@WAS,RUSSELL_WILSON_1_NFL,russell wilson,passing_yards,208.5,-116,-111,195.0,False
10,PIT@WAS,PAT_FREIERMUTH_1_NFL,pat freiermuth,receiving_yards,23.5,-118,-118,17.0,False
10,PIT@WAS,JEREMY_MCNICHOLS_1_NFL,jeremy mcnichols,rushing_yards,24.5,+750,,7.0,False
10,PIT@WAS,CALVIN_AUSTIN_1_NFL,calvin austin,receiving_yards,22.5,-114,-114,20.0,False
10,PIT@WAS,VAN_JEFFERSON_1_NFL,van jefferson,receiving_yards,0.5,+960,-999900,0.0,False
10,PIT@WAS,NAJEE_HARRIS_1_NFL,najee harris,receiving_yards,9.5,-116,-111,0.0,False
10,PIT@WAS,GEORGE_PICKENS_1_NFL,george pickens,receiving_yards,65.5,-114,-114,91.0,False
10,PIT@WAS,DARNELL_WASHINGTON_1_NFL,darnell washington,receiving_yards,6.5,+1425,-109,6.0,False
10,MIN@JAX,TRAVIS_ETIENNE_JR_1_NFL,travis etienne,receiving_yards,12.5,-114,-114,-1.0,False
10,MIN@JAX,SAM_DARNOLD_1_NFL,sam darnold,passing_yards,247.5,-108,-120,241.0,False
10,MIN@JAX,TANK_BIGSBY_1_NFL,tank bigsby,rushing_yards,39.5,+1011,-114,4.0,False
10,MIN@JAX,JORDAN_ADDISON_1_NFL,jordan addison,receiving_yards,40.5,-114,-114,25.0,False
10,MIN@JAX,AARON_JONES_1_NFL,aaron jones,receiving_yards,23.5,-114,-114,13.0,False
10,MIN@JAX,BRIAN_THOMAS_1_NFL,brian thomas,receiving_yards,50.5,-123,-105,12.0,False
10,MIN@JAX,MAC_JONES_1_NFL,mac jones,rushing_yards,8.5,-106,-122,8.0,False
10,MIN@JAX,EVAN_ENGRAM_1_NFL,evan engram,receiving_yards,48.5,-114,-114,40.0,False
10,MIN@JAX,GABRIEL_DAVIS_1_NFL,gabriel davis,receiving_yards,19.5,+553,-949,19.0,False
10,MIN@JAX,JUSTIN_JEFFERSON_1_NFL,justin jefferson,receiving_yards,96.5,-114,-114,48.0,False
10,MIN@JAX,TREVOR_LAWRENCE_1_NFL,trevor lawrence,passing_yards,207.5,-118,-118,0.0,False
10,MIN@JAX,JALEN_NAILOR_1_NFL,jalen nailor,receiving_yards,15.5,-116,-111,11.0,False
10,MIN@JAX,JOSH_OLIVER_1_NFL,josh oliver,receiving_yards,10.5,-112,-115,52.0,False
10,MIN@JAX,CAM_AKERS_1_NFL,cam akers,rushing_yards,17.5,-125,-115,38.0,False
10,MIN@JAX,TY_CHANDLER_1_NFL,ty chandler,rushing_yards,69.5,-142,+117,18.0,False
10,MIN@JAX,TJ_HOCKENSON_1_NFL,tj hockenson,receiving_yards,72.5,+1495,-999900,72.0,False
10,MIN@JAX,PARKER_WASHINGTON_1_NFL,parker washington,receiving_yards,0.5,+554,-949,0.0,False
10,BUF@IND,TREY_SERMON_1_NFL,trey sermon,receiving_yards,4.5,+210,-355,4.0,False
10,BUF@IND,KHALIL_SHAKIR_1_NFL,khalil shakir,receiving_yards,65.5,-120,-108,58.0,False
10,BUF@IND,KYLEN_GRANSON_1_NFL,kylen granson,receiving_yards,7.5,-130,+100,15.0,False
10,BUF@IND,ASHTON_DULIN_1_NFL,ashton dulin,receiving_yards,11.5,-114,-114,0.0,False
10,BUF@IND,JAMES_COOK_1_NFL,james cook,rushing_yards,68.5,-114,-114,80.0,False
10,BUF@IND,MO_ALIECOX_1_NFL,mo aliecox,receiving_yards,7.5,-120,-108,0.0,False
10,BUF@IND,ALEC_PIERCE_1_NFL,alec pierce,receiving_yards,34.5,-116,-111,81.0,False
10,BUF@IND,JOSH_ALLEN_1_NFL,josh allen,passing_yards,226.5,-114,-114,280.0,False
10,BUF@IND,JOSH_DOWNS_1_NFL,josh downs,receiving_yards,67.5,-114,-114,72.0,False
10,BUF@IND,RAY_DAVIS_1_NFL,ray davis,rushing_yards,21.5,-115,-112,6.0,False
10,BUF@IND,JONATHAN_TAYLOR_1_NFL,jonathan taylor,receiving_yards,22.5,-114,-114,8.0,False
10,BUF@IND,DAWSON_KNOX_1_NFL,dawson knox,receiving_yards,11.5,-114,-114,40.0,False
10,BUF@IND,JOE_FLACCO_1_NFL,joe flacco,passing_yards,230.5,-114,-114,272.0,False
10,BUF@IND,CURTIS_SAMUEL_1_NFL,curtis samuel,rushing_yards,0.5,+230,-405,0.0,False
10,BUF@IND,MICHAEL_PITTMAN_1_NFL,michael pittman,receiving_yards,50.5,-118,-118,0.0,False
10,BUF@IND,MACK_HOLLINS_1_NFL,mack hollins,receiving_yards,25.5,-118,-110,86.0,False
10,BUF@IND,DALTON_KINCAID_1_NFL,dalton kincaid,receiving_yards,50.5,-108,-120,24.0,False
10,NE@CHI,KENDRICK_BOURNE_1_NFL,kendrick bourne,rushing_yards,0.5,+1680,-999900,0.0,False
10,NE@CHI,DEMARIO_DOUGLAS_1_NFL,demario douglas,rushing_yards,0.5,+1565,-999900,0.0,False
10,NE@CHI,KAYSHON_BOUTTE_1_NFL,kayshon boutte,receiving_yards,40.5,+142,-188,47.0,False
10,NE@CHI,DJ_MOORE_1_NFL,dj moore,receiving_yards,24.5,+120,-347,24.0,False
10,NE@CHI,DANDRE_SWIFT_1_NFL,dandre swift,rushing_yards,76.5,-114,-114,59.0,False
10,NE@CHI,ANTONIO_GIBSON_1_NFL,antonio gibson,receiving_yards,19.5,+430,-111,0.0,False
10,NE@CHI,KEENAN_ALLEN_1_NFL,keenan allen,receiving_yards,44.5,+213,-325,44.0,False
10,NE@CHI,COLE_KMET_1_NFL,cole kmet,receiving_yards,13.5,+185,-250,13.0,False
10,NE@CHI,KJ_OSBORN_1_NFL,kj osborn,receiving_yards,0.5,-105,-145,0.0,False
10,NE@CHI,RHAMONDRE_STEVENSON_1_NFL,rhamondre stevenson,rushing_yards,58.5,-114,-114,74.0,False
10,NE@CHI,CHRIS_WILLIAMS_1_NFL,chris williams,rushing_yards,15.5,+350,-525,15.0,False
10,NE@CHI,AUSTIN_HOOPER_1_NFL,austin hooper,receiving_yards,52.5,+142,-188,64.0,False
10,NE@CHI,ROSCHON_JOHNSON_1_NFL,roschon johnson,rushing_yards,17.5,-119,-109,-4.0,False
10,NE@CHI,HUNTER_HENRY_1_NFL,hunter henry,receiving_yards,0.5,+146,-192,14.0,False
10,NE@CHI,ROME_ODUNZE_1_NFL,rome odunze,receiving_yards,15.5,+258,-406,23.0,False
10,TEN@LAC,LADD_MCCONKEY_1_NFL,ladd mcconkey,receiving_yards,52.5,+118,-154,52.0,False
10,TEN@LAC,TONY_POLLARD_1_NFL,tony pollard,rushing_yards,54.5,+506,-900,44.0,False
10,TEN@LAC,NICK_WESTBROOKIKHINE_1_NFL,nick westbrookikhine,receiving_yards,31.5,+146,-192,31.0,False
10,TEN@LAC,CALVIN_RIDLEY_1_NFL,calvin ridley,rushing_yards,24.5,+1100,,0.0,False
10,TEN@LAC,QUENTIN_JOHNSTON_1_NFL,quentin johnston,receiving_yards,24.5,+130,-170,24.0,False
10,TEN@LAC,NICK_VANNETT_1_NFL,nick vannett,receiving_yards,24.5,+210,,0.0,False
10,TEN@LAC,CHIGOZIEM_OKONOKWO_1_NFL,chigoziem okonokwo,receiving_yards,20.5,+203,-277,14.0,False
10,TEN@LAC,GUS_EDWARDS_1_NFL,gus edwards,rushing_yards,55.5,+120,-156,55.0,False
10,TEN@LAC,JK_DOBBINS_1_NFL,jk dobbins,rushing_yards,53.5,-213,+160,50.0,False
10,TEN@LAC,TYJAE_SPEARS_1_NFL,tyjae spears,rushing_yards,44.5,+158,-210,47.0,False
10,TEN@LAC,MASON_RUDOLPH_1_NFL,mason rudolph,passing_yards,184.5,-110,-110,0.0,False
10,TEN@LAC,TYLER_BOYD_1_NFL,tyler boyd,receiving_yards,0.5,+162,-215,0.0,False
10,TEN@LAC,WILL_DISSLY_1_NFL,will dissly,receiving_yards,30.5,+162,-215,30.0,False
10,TEN@LAC,JUSTIN_HERBERT_1_NFL,justin herbert,passing_yards,164.5,+112,-146,164.0,False
10,TEN@LAC,JOSH_PALMER_1_NFL,josh palmer,receiving_yards,36.5,+165,-220,36.0,False
10,TEN@LAC,WILL_LEVIS_1_NFL,will levis,rushing_yards,32.5,+144,-190,41.0,False
10,TEN@LAC,JULIUS_CHESTNUT_1_NFL,julius chestnut,rushing_yards,24.5,+210,,0.0,False
10,NYJ@ARI,TYLER_CONKLIN_1_NFL,tyler conklin,receiving_yards,23.5,-118,-110,8.0,False
10,NYJ@ARI,KYLER_MURRAY_1_NFL,kyler murray,rushing_yards,30.5,-114,-114,21.0,False
10,NYJ@ARI,AARON_RODGERS_1_NFL,aaron rodgers,passing_yards,196.5,-114,-114,151.0,False
10,NYJ@ARI,GREG_DORTCH_1_NFL,greg dortch,receiving_yards,11.5,-119,-109,-1.0,False
10,NYJ@ARI,BRAELON_ALLEN_1_NFL,braelon allen,receiving_yards,4.5,-114,-114,7.0,False
10,NYJ@ARI,BREECE_HALL_1_NFL,breece hall,rushing_yards,53.5,-122,-106,52.0,False
10,NYJ@ARI,JAMES_CONNER_1_NFL,james conner,receiving_yards,80.5,+146,-192,80.0,False
10,NYJ@ARI,TREY_MCBRIDE_1_NFL,trey mcbride,receiving_yards,53.5,-114,-114,71.0,False
10,NYJ@ARI,GARRETT_WILSON_1_NFL,garrett wilson,rushing_yards,0.5,+420,-885,0.0,False
10,NYJ@ARI,MACK_WILSON_1_NFL,mack wilson,receiving_yards,27.5,-115,-112,24.0,False
10,NYJ@ARI,MARVIN_HARRISON_JR_1_NFL,marvin harrison,receiving_yards,45.5,-114,-114,54.0,False
10,NYJ@ARI,JEREMY_RUCKERT_1_NFL,jeremy ruckert,receiving_yards,6.5,-118,-110,17.0,False
10,PHI@DAL,KENNETH_GAINWELL_1_NFL,kenneth gainwell,rushing_yards,13.5,-110,-136,30.0,False
10,PHI@DAL,JALEN_HURTS_1_NFL,jalen hurts,passing_yards,217.5,-108,-120,202.0,False
10,PHI@DAL,KAVONTAE_TURPIN_1_NFL,kavontae turpin,rushing_yards,24.5,+1100,,0.0,False
10,PHI@DAL,SAQUON_BARKLEY_1_NFL,saquon barkley,receiving_yards,16.5,-114,-120,12.0,False
10,PHI@DAL,DEVONTA_SMITH_1_NFL,devonta smith,receiving_yards,14.5,+290,-114,14.0,False
10,PHI@DAL,JAKE_FERGUSON_1_NFL,jake ferguson,receiving_yards,40.5,-114,-113,24.0,False
10,PHI@DAL,AJ_BROWN_1_NFL,aj brown,receiving_yards,80.5,-106,-122,109.0,False
10,PHI@DAL,RICO_DOWDLE_1_NFL,rico dowdle,receiving_yards,6.5,-120,-108,3.0,False
10,PHI@DAL,EZEKIEL_ELLIOTT_1_NFL,ezekiel elliott,rushing_yards,15.5,-116,-111,22.0,False
10,PHI@DAL,DAK_PRESCOTT_1_NFL,dak prescott,passing_yards,209.5,-131,+112,0.0,False
10,PHI@DAL,DALLAS_GOEDERT_1_NFL,dallas goedert,receiving_yards,25.5,+1270,-999900,25.0,False
10,PHI@DAL,GRANT_CALCATERRA_1_NFL,grant calcaterra,receiving_yards,5.5,-120,-115,0.0,False
10,PHI@DAL,CEEDEE_LAMB_1_NFL,ceedee lamb,receiving_yards,30.5,-110,-118,21.0,False
10,PHI@DAL,COOPER_RUSH_1_NFL,cooper rush,passing_yards,212.5,-114,-3233,45.0,False
10,PHI@DAL,JALEN_TOLBERT_1_NFL,jalen tolbert,receiving_yards,19.5,-115,-111,14.0,False
10,DET@HOU,JOE_MIXON_1_NFL,joe mixon,receiving_yards,44.5,+201,-303,44.0,False
10,DET@HOU,DAVID_MONTGOMERY_1_NFL,david montgomery,rushing_yards,31.5,-118,-110,32.0,False
10,DET@HOU,JARED_GOFF_1_NFL,jared goff,rushing_yards,2.5,+700,-1300,2.0,False
10,DET@HOU,DALTON_SCHULTZ_1_NFL,dalton schultz,receiving_yards,66.5,+193,-285,66.0,False
10,DET@HOU,TANK_DELL_1_NFL,tank dell,receiving_yards,39.5,+173,-257,39.0,False
10,DET@HOU,XAVIER_HUTCHINSON_1_NFL,xavier hutchinson,receiving_yards,6.5,+520,-1550,6.0,False
10,DET@HOU,KALIF_RAYMOND_1_NFL,kalif raymond,receiving_yards,0.5,+570,-1935,0.0,False
10,DET@HOU,CADE_STOVER_1_NFL,cade stover,receiving_yards,2.5,+925,-999900,2.0,False
10,DET@HOU,JAMESON_WILLIAMS_1_NFL,jameson williams,rushing_yards,0.5,+985,-999900,0.0,False
10,DET@HOU,AMONRA_ST_BROWN_1_NFL,amonra st brown,receiving_yards,49.5,-110,-120,60.0,False
10,DET@HOU,DAMEON_PIERCE_1_NFL,dameon pierce,rushing_yards,75.5,-129,+107,0.0,False
10,DET@HOU,JAHMYR_GIBBS_1_NFL,jahmyr gibbs,receiving_yards,37.5,+300,-565,37.0,False
10,DET@HOU,CJ_STROUD_1_NFL,cj stroud,passing_yards,252.5,-114,-114,232.0,False
10,DET@HOU,NICO_COLLINS_1_NFL,nico collins,receiving_yards,80.5,-115,-115,0.0,False
10,DET@HOU,SAM_LAPORTA_1_NFL,sam laporta,receiving_yards,85.5,-118,-110,66.0,False
10,DET@HOU,DARE_OGUNBOWALE_1_NFL,dare ogunbowale,receiving_yards,0.5,-105,-150,0.0,False
10,DET@HOU,ROBERT_WOODS_1_NFL,robert woods,receiving_yards,6.5,-118,-110,1.0,False
10,DET@HOU,BROCK_WRIGHT_1_NFL,brock wright,receiving_yards,0.5,+525,-1560,0.0,False
10,DET@HOU,JOHN_METCHIE_III_1_NFL,john metchie,receiving_yards,74.5,+465,-1210,74.0,False
11,WAS@PHI,KENNETH_GAINWELL_1_NFL,kenneth gainwell,rushing_yards,10.5,+104,-153,43.0,False
11,WAS@PHI,JALEN_HURTS_1_NFL,jalen hurts,passing_yards,208.5,-170,+130,221.0,False
11,WAS@PHI,SAQUON_BARKLEY_1_NFL,saquon barkley,receiving_yards,52.5,+126,-168,52.0,False
11,WAS@PHI,DEVONTA_SMITH_1_NFL,devonta smith,receiving_yards,29.5,+110,-144,29.0,False
11,WAS@PHI,JAHAN_DOTSON_1_NFL,jahan dotson,receiving_yards,8.5,+148,-196,8.0,False
11,WAS@PHI,ZACH_ERTZ_1_NFL,zach ertz,receiving_yards,25.5,-125,-104,47.0,False
11,WAS@PHI,AUSTIN_EKELER_1_NFL,austin ekeler,receiving_yards,91.5,-114,-114,89.0,False
11,WAS@PHI,NOAH_BROWN_1_NFL,noah brown,receiving_yards,32.5,+426,-700,4.0,False
11,WAS@PHI,TERRY_MCLAURIN_1_NFL,terry mclaurin,receiving_yards,10.5,+1495,-999900,10.0,False
11,WAS@PHI,AJ_BROWN_1_NFL,aj brown,receiving_yards,72.5,+141,-186,65.0,False
11,WAS@PHI,LUKE_MCCAFFREY_1_NFL,luke mccaffrey,receiving_yards,0.5,+148,-196,0.0,False
11,WAS@PHI,OLAMIDE_ZACCHEAUS_1_NFL,olamide zaccheaus,receiving_yards,4.5,-110,-118,10.0,False
11,WAS@PHI,JAYDEN_DANIELS_1_NFL,jayden daniels,rushing_yards,18.5,+1665,-999900,18.0,False
11,WAS@PHI,DYAMI_BROWN_1_NFL,dyami brown,receiving_yards,13.5,-108,-112,4.0,False
11,WAS@PHI,DALLAS_GOEDERT_1_NFL,dallas goedert,receiving_yards,29.5,+142,-187,61.0,False
11,WAS@PHI,GRANT_CALCATERRA_1_NFL,grant calcaterra,receiving_yards,0.5,+1495,-999900,0.0,False
11,WAS@PHI,JEREMY_MCNICHOLS_1_NFL,jeremy mcnichols,rushing_yards,24.5,+1200,,5.0,False
11,WAS@PHI,BRIAN_ROBINSON_1_NFL,brian robinson,rushing_yards,63.5,+1850,-999900,63.0,False
11,GB@CHI,EMANUEL_WILSON_1_NFL,emanuel wilson,rushing_yards,19.5,-118,-123,17.0,False
11,GB@CHI,TUCKER_KRAFT_1_NFL,tucker kraft,receiving_yards,18.5,-110,-118,0.0,False
11,GB@CHI,JAYDEN_REED_1_NFL,jayden reed,rushing_yards,1.5,-110,-120,-5.0,False
11,GB@CHI,DJ_MOORE_1_NFL,dj moore,receiving_yards,62.5,+194,-290,62.0,False
11,GB@CHI,DANDRE_SWIFT_1_NFL,dandre swift,rushing_yards,71.5,+430,-1025,71.0,False
11,GB@CHI,JOSH_JACOBS_1_NFL,josh jacobs,receiving_yards,58.5,+1585,-999900,58.0,False
11,GB@CHI,DONTAYVION_WICKS_1_NFL,dontayvion wicks,receiving_yards,0.5,+1710,-999900,0.0,False
11,GB@CHI,KEENAN_ALLEN_1_NFL,keenan allen,receiving_yards,29.5,+120,-160,41.0,False
11,GB@CHI,COLE_KMET_1_NFL,cole kmet,receiving_yards,42.5,+326,-573,42.0,False
11,GB@CHI,JORDAN_LOVE_1_NFL,jordan love,rushing_yards,0.5,-118,-110,18.0,False
11,GB@CHI,ROSCHON_JOHNSON_1_NFL,roschon johnson,receiving_yards,8.5,+1285,-999900,8.0,False
11,GB@CHI,CHRIS_WILLIAMS_1_NFL,chris williams,rushing_yards,70.5,+102,-132,70.0,False
11,GB@CHI,CHRISTIAN_WATSON_1_NFL,christian watson,receiving_yards,90.5,+108,-140,150.0,False
11,GB@CHI,ROMEO_DOUBS_1_NFL,romeo doubs,receiving_yards,17.5,+254,-356,17.0,False
11,GB@CHI,ROME_ODUNZE_1_NFL,rome odunze,receiving_yards,21.5,+130,-170,65.0,False
11,LV@MIA,DEVON_ACHANE_1_NFL,devon achane,rushing_yards,71.5,-355,+251,73.0,False
11,LV@MIA,TYREEK_HILL_1_NFL,tyreek hill,receiving_yards,69.5,+488,-852,61.0,False
11,LV@MIA,MALIK_WASHINGTON_1_NFL,malik washington,rushing_yards,24.5,+1200,,7.0,False
11,LV@MIA,TRE_TUCKER_1_NFL,tre tucker,receiving_yards,8.5,-110,-118,28.0,False
11,LV@MIA,JAYLEN_WRIGHT_1_NFL,jaylen wright,rushing_yards,23.5,-114,-114,4.0,False
11,LV@MIA,MICHAEL_MAYER_1_NFL,michael mayer,receiving_yards,9.5,-110,-118,5.0,False
11,LV@MIA,BROCK_BOWERS_1_NFL,brock bowers,rushing_yards,0.5,+740,-3315,-3.0,False
11,LV@MIA,TUA_TAGOVAILOA_1_NFL,tua tagovailoa,rushing_yards,3.5,-110,-120,0.0,False
11,LV@MIA,JAKOBI_MEYERS_1_NFL,jakobi meyers,receiving_yards,28.5,+132,-174,28.0,False
11,LV@MIA,ALEXANDER_MATTISON_1_NFL,alexander mattison,rushing_yards,32.5,-114,-114,19.0,False
11,LV@MIA,ZAMIR_WHITE_1_NFL,zamir white,rushing_yards,20.5,-110,-118,9.0,False
11,LV@MIA,GARDNER_MINSHEW_1_NFL,gardner minshew,rushing_yards,4.5,-122,-106,7.0,False
11,LV@MIA,JONNU_SMITH_1_NFL,jonnu smith,receiving_yards,44.5,+120,-156,101.0,False
11,LV@MIA,JAYLEN_WADDLE_1_NFL,jaylen waddle,rushing_yards,0.5,+490,-1160,0.0,False
11,BAL@PIT,ZAY_FLOWERS_1_NFL,zay flowers,receiving_yards,29.5,-113,-115,39.0,False
11,BAL@PIT,DIONTAE_JOHNSON_1_NFL,diontae johnson,receiving_yards,13.5,-115,-113,0.0,False
11,BAL@PIT,DERRICK_HENRY_1_NFL,derrick henry,receiving_yards,5.5,-110,-118,0.0,False
11,BAL@PIT,ISAIAH_LIKELY_1_NFL,isaiah likely,receiving_yards,64.5,+126,-165,75.0,False
11,BAL@PIT,JAYLEN_WARREN_1_NFL,jaylen warren,receiving_yards,11.5,-118,-110,27.0,False
11,BAL@PIT,JUSTICE_HILL_1_NFL,justice hill,receiving_yards,39.5,+230,-114,28.0,False
11,BAL@PIT,NELSON_AGHOLOR_1_NFL,nelson agholor,receiving_yards,7.5,-108,-120,0.0,False
11,BAL@PIT,RUSSELL_WILSON_1_NFL,russell wilson,passing_yards,205.5,+205,-350,205.0,False
11,BAL@PIT,LAMAR_JACKSON_1_NFL,lamar jackson,rushing_yards,47.5,-110,-118,46.0,False
11,BAL@PIT,MARK_ANDREWS_1_NFL,mark andrews,receiving_yards,22.5,+100,-130,22.0,False
11,BAL@PIT,PAT_FREIERMUTH_1_NFL,pat freiermuth,receiving_yards,14.5,+1810,-999900,14.0,False
11,BAL@PIT,KEATON_MITCHELL_1_NFL,keaton mitchell,rushing_yards,8.5,-115,-115,0.0,False
11,BAL@PIT,CALVIN_AUSTIN_1_NFL,calvin austin,receiving_yards,0.5,-114,-114,-1.0,False
11,BAL@PIT,VAN_JEFFERSON_1_NFL,van jefferson,receiving_yards,9.5,-110,-118,0.0,False
11,BAL@PIT,RASHOD_BATEMAN_1_NFL,rashod bateman,receiving_yards,19.5,+128,-168,30.0,False
11,BAL@PIT,NAJEE_HARRIS_1_NFL,najee harris,receiving_yards,13.5,-122,-106,30.0,False
11,BAL@PIT,GEORGE_PICKENS_1_NFL,george pickens,receiving_yards,59.5,-141,+108,89.0,False
11,BAL@PIT,DARNELL_WASHINGTON_1_NFL,darnell washington,receiving_yards,8.5,-114,-114,42.0,False
11,JAX@DET,TRAVIS_ETIENNE_JR_1_NFL,travis etienne,receiving_yards,11.5,-120,-108,6.0,False
11,JAX@DET,BRENTON_STRANGE_1_NFL,brenton strange,receiving_yards,6.5,+1760,-999900,6.0,False
11,JAX@DET,DAVID_MONTGOMERY_1_NFL,david montgomery,rushing_yards,74.5,-118,-110,75.0,False
11,JAX@DET,JARED_GOFF_1_NFL,jared goff,rushing_yards,24.5,+750,-115,21.0,False
11,JAX@DET,KALIF_RAYMOND_1_NFL,kalif raymond,receiving_yards,0.5,+870,-33235,30.0,False
11,JAX@DET,JAMESON_WILLIAMS_1_NFL,jameson williams,rushing_yards,0.5,+450,-700,2.0,False
11,JAX@DET,BRIAN_THOMAS_1_NFL,brian thomas,receiving_yards,40.5,-118,-110,82.0,False
11,JAX@DET,AMONRA_ST_BROWN_1_NFL,amonra st brown,receiving_yards,115.5,-120,-108,161.0,False
11,JAX@DET,MAC_JONES_1_NFL,mac jones,rushing_yards,8.5,-110,-118,7.0,False
11,JAX@DET,TREVOR_LAWRENCE_1_NFL,trevor lawrence,rushing_yards,10.5,+103,-124,0.0,False
11,JAX@DET,JAHMYR_GIBBS_1_NFL,jahmyr gibbs,receiving_yards,7.5,-104,-125,54.0,False
11,JAX@DET,EVAN_ENGRAM_1_NFL,evan engram,receiving_yards,43.5,-118,-110,28.0,False
11,JAX@DET,GABRIEL_DAVIS_1_NFL,gabriel davis,receiving_yards,12.5,-114,-114,3.0,False
11,JAX@DET,BROCK_WRIGHT_1_NFL,brock wright,receiving_yards,9.5,-118,-110,5.0,False
11,JAX@DET,DERNEST_JOHNSON_1_NFL,dernest johnson,receiving_yards,4.5,-118,-110,0.0,False
11,JAX@DET,PARKER_WASHINGTON_1_NFL,parker washington,receiving_yards,13.5,-114,-114,10.0,False
11,JAX@DET,TIM_JONES_1_NFL,tim jones,receiving_yards,43.5,-127,+104,0.0,False
11,MIN@TEN,JOHNNY_MUNDT_1_NFL,johnny mundt,receiving_yards,12.5,-110,-110,13.0,False
11,MIN@TEN,JORDAN_ADDISON_1_NFL,jordan addison,rushing_yards,24.5,+1100,,0.0,False
11,MIN@TEN,TONY_POLLARD_1_NFL,tony pollard,rushing_yards,16.5,-110,-120,15.0,False
11,MIN@TEN,SAM_DARNOLD_1_NFL,sam darnold,passing_yards,246.5,+112,-146,246.0,False
11,MIN@TEN,NICK_WESTBROOKIKHINE_1_NFL,nick westbrookikhine,receiving_yards,117.5,+1115,-999900,117.0,False
11,MIN@TEN,CHIGOZIEM_OKONOKWO_1_NFL,chigoziem okonokwo,receiving_yards,17.5,-114,-114,19.0,False
11,MIN@TEN,TYJAE_SPEARS_1_NFL,tyjae spears,rushing_yards,16.5,-114,-114,0.0,False
11,MIN@TEN,AARON_JONES_1_NFL,aaron jones,receiving_yards,4.5,+148,-196,4.0,False
11,MIN@TEN,MASON_RUDOLPH_1_NFL,mason rudolph,passing_yards,185.5,-104,-117,0.0,False
11,MIN@TEN,TYLER_BOYD_1_NFL,tyler boyd,rushing_yards,0.5,+725,-3095,0.0,False
11,MIN@TEN,JUSTIN_JEFFERSON_1_NFL,justin jefferson,receiving_yards,81.5,+1340,-999900,81.0,False
11,MIN@TEN,JALEN_NAILOR_1_NFL,jalen nailor,receiving_yards,0.5,+1790,-999900,0.0,False
11,MIN@TEN,WILL_LEVIS_1_NFL,will levis,rushing_yards,18.5,+1140,-999900,18.0,False
11,MIN@TEN,JOSH_OLIVER_1_NFL,josh oliver,receiving_yards,13.5,+148,-196,34.0,False
11,MIN@TEN,CAM_AKERS_1_NFL,cam akers,rushing_yards,17.5,-130,-115,25.0,False
11,MIN@TEN,TJ_HOCKENSON_1_NFL,tj hockenson,receiving_yards,13.5,+1200,-999900,13.0,False
11,MIN@TEN,JOSH_WHYLE_1_NFL,josh whyle,receiving_yards,6.5,+1515,-999900,6.0,False
11,MIN@TEN,CALVIN_RIDLEY_1_NFL,calvin ridley,receiving_yards,61.5,-113,-115,58.0,False
11,LA@NE,DAVIS_ALLEN_1_NFL,davis allen,receiving_yards,0.5,+1620,-999900,0.0,False
11,LA@NE,KENDRICK_BOURNE_1_NFL,kendrick bourne,rushing_yards,0.5,+905,-999900,0.0,False
11,LA@NE,DEMARIO_DOUGLAS_1_NFL,demario douglas,rushing_yards,0.5,+475,-850,0.0,False
11,LA@NE,KYREN_WILLIAMS_1_NFL,kyren williams,receiving_yards,0.5,+1700,-999900,0.0,False
11,LA@NE,KAYSHON_BOUTTE_1_NFL,kayshon boutte,receiving_yards,33.5,+268,-437,33.0,False
11,LA@NE,PUKA_NACUA_1_NFL,puka nacua,receiving_yards,123.5,+1445,-999900,123.0,False
11,LA@NE,ANTONIO_GIBSON_1_NFL,antonio gibson,receiving_yards,15.5,-121,+100,2.0,False
11,LA@NE,TYLER_JOHNSON_1_NFL,tyler johnson,receiving_yards,3.5,-115,-115,0.0,False
11,LA@NE,MATTHEW_STAFFORD_1_NFL,matthew stafford,passing_yards,300.5,-115,-122,295.0,False
11,LA@NE,COOPER_KUPP_1_NFL,cooper kupp,receiving_yards,106.5,+1385,-999900,106.0,False
11,LA@NE,RHAMONDRE_STEVENSON_1_NFL,rhamondre stevenson,rushing_yards,68.5,+225,-310,73.0,False
11,LA@NE,DEMARCUS_ROBINSON_1_NFL,demarcus robinson,receiving_yards,19.5,+1520,-999900,19.0,False
11,LA@NE,AUSTIN_HOOPER_1_NFL,austin hooper,receiving_yards,26.5,+142,-188,35.0,False
11,LA@NE,HUNTER_HENRY_1_NFL,hunter henry,receiving_yards,63.5,+200,-301,63.0,False
11,LA@NE,JALYNN_POLK_1_NFL,jalynn polk,receiving_yards,13.5,-120,-110,0.0,False
11,CLE@NO,CEDRIC_TILLMAN_1_NFL,cedric tillman,receiving_yards,47.5,+227,-340,47.0,False
11,CLE@NO,JEROME_FORD_1_NFL,jerome ford,receiving_yards,7.5,-110,-118,29.0,False
11,CLE@NO,DEREK_CARR_1_NFL,derek carr,rushing_yards,24.5,+1100,-349,8.0,False
11,CLE@NO,NICK_CHUBB_1_NFL,nick chubb,receiving_yards,3.5,-110,-118,0.0,False
11,CLE@NO,FOSTER_MOREAU_1_NFL,foster moreau,receiving_yards,6.5,-114,-114,50.0,False
11,CLE@NO,ALVIN_KAMARA_1_NFL,alvin kamara,receiving_yards,22.5,+1665,-999900,22.0,False
11,CLE@NO,JAMEIS_WINSTON_1_NFL,jameis winston,rushing_yards,8.5,+448,-800,8.0,False
11,CLE@NO,CHRIS_OLAVE_1_NFL,chris olave,rushing_yards,72.5,-110,-110,0.0,False
11,CLE@NO,DAVID_NJOKU_1_NFL,david njoku,receiving_yards,81.5,+226,-340,81.0,False
11,CLE@NO,MASON_TIPTON_1_NFL,mason tipton,receiving_yards,18.5,-113,-115,0.0,False
11,CLE@NO,JUWAN_JOHNSON_1_NFL,juwan johnson,receiving_yards,31.5,-114,-114,30.0,False
11,CLE@NO,JAMAAL_WILLIAMS_1_NFL,jamaal williams,rushing_yards,22.5,-111,-109,0.0,False
11,CLE@NO,TAYSOM_HILL_1_NFL,taysom hill,rushing_yards,60.5,+126,-165,138.0,False
11,CLE@NO,ELIJAH_MOORE_1_NFL,elijah moore,receiving_yards,66.5,+273,-420,66.0,False
11,CLE@NO,JERRY_JEUDY_1_NFL,jerry jeudy,receiving_yards,142.5,+257,-390,142.0,False
11,CLE@NO,CEDRICK_WILSON_JR_1_NFL,cedrick wilson,receiving_yards,9.5,+136,-200,0.0,False
11,IND@NYJ,JOSH_DOWNS_1_NFL,josh downs,rushing_yards,0.5,+445,-980,0.0,False
11,IND@NYJ,TYLER_CONKLIN_1_NFL,tyler conklin,receiving_yards,7.5,+1595,-999900,7.0,False
11,IND@NYJ,XAVIER_GIPSON_1_NFL,xavier gipson,receiving_yards,4.5,-114,-114,17.0,False
11,IND@NYJ,ANTHONY_RICHARDSON_1_NFL,anthony richardson,passing_yards,241.5,-120,-120,272.0,False
11,IND@NYJ,KYLEN_GRANSON_1_NFL,kylen granson,receiving_yards,4.5,+1810,-999900,4.0,False
11,IND@NYJ,AARON_RODGERS_1_NFL,aaron rodgers,passing_yards,173.5,-114,-114,184.0,False
11,IND@NYJ,BRAELON_ALLEN_1_NFL,braelon allen,receiving_yards,2.5,-120,-110,0.0,False
11,IND@NYJ,BREECE_HALL_1_NFL,breece hall,rushing_yards,78.5,+334,-490,78.0,False
11,IND@NYJ,MO_ALIECOX_1_NFL,mo aliecox,receiving_yards,5.5,+295,-575,17.0,False
11,IND@NYJ,ALEC_PIERCE_1_NFL,alec pierce,receiving_yards,6.5,-110,-118,74.0,False
11,IND@NYJ,JONATHAN_TAYLOR_1_NFL,jonathan taylor,receiving_yards,3.5,-108,-120,3.0,False
11,IND@NYJ,JOE_FLACCO_1_NFL,joe flacco,passing_yards,230.5,-118,-118,0.0,False
11,IND@NYJ,MICHAEL_PITTMAN_1_NFL,michael pittman,receiving_yards,42.5,+146,-192,46.0,False
11,IND@NYJ,GARRETT_WILSON_1_NFL,garrett wilson,receiving_yards,18.5,+1410,-999900,18.0,False
11,IND@NYJ,JEREMY_RUCKERT_1_NFL,jeremy ruckert,receiving_yards,0.5,+555,-1785,6.0,False
11,SEA@SF,ERIC_SAUBERT_1_NFL,eric saubert,receiving_yards,11.5,-110,-115,7.0,False
11,SEA@SF,BROCK_PURDY_1_NFL,brock purdy,rushing_yards,16.5,-115,-115,40.0,False
11,SEA@SF,GENO_SMITH_1_NFL,geno smith,passing_yards,217.5,-120,-120,221.0,False
11,SEA@SF,KENNETH_WALKER_III_1_NFL,kenneth walker,rushing_yards,54.5,+1605,-999900,54.0,False
11,SEA@SF,KYLE_JUSZCZYK_1_NFL,kyle juszczyk,receiving_yards,3.5,-118,-110,12.0,False
11,SEA@SF,ZACH_CHARBONNET_1_NFL,zach charbonnet,rushing_yards,11.5,-119,-109,3.0,False
11,SEA@SF,GEORGE_KITTLE_1_NFL,george kittle,receiving_yards,49.5,-111,-118,0.0,False
11,SEA@SF,JAXON_SMITHNJIGBA_1_NFL,jaxon smithnjigba,receiving_yards,72.5,+120,-155,110.0,False
11,SEA@SF,TYLER_LOCKETT_1_NFL,tyler lockett,receiving_yards,19.5,+339,-500,19.0,False
11,SEA@SF,CHRISTIAN_MCCAFFREY_1_NFL,christian mccaffrey,receiving_yards,39.5,-114,-114,27.0,False
11,SEA@SF,DK_METCALF_1_NFL,dk metcalf,receiving_yards,51.5,-102,-127,70.0,False
11,SEA@SF,DEEBO_SAMUEL_1_NFL,deebo samuel,rushing_yards,10.5,-115,-115,-1.0,False
11,SEA@SF,JAUAN_JENNINGS_1_NFL,jauan jennings,receiving_yards,61.5,-120,-108,91.0,False
11,SEA@SF,AJ_BARNER_1_NFL,aj barner,receiving_yards,15.5,+392,-600,15.0,False
11,ATL@DEN,DEVAUGHN_VELE_1_NFL,devaughn vele,receiving_yards,30.5,-114,-114,66.0,False
11,ATL@DEN,ADAM_TRAUTMAN_1_NFL,adam trautman,receiving_yards,8.5,-119,-110,0.0,False
11,ATL@DEN,LUCAS_KRULL_1_NFL,lucas krull,receiving_yards,11.5,-116,-111,0.0,False
11,ATL@DEN,COURTLAND_SUTTON_1_NFL,courtland sutton,receiving_yards,57.5,-110,-120,78.0,False
11,ATL@DEN,MARVIN_MIMS_JR_1_NFL,marvin mims,receiving_yards,59.5,+215,-115,49.0,False
11,ATL@DEN,KYLE_PITTS_1_NFL,kyle pitts,receiving_yards,42.5,-114,-114,9.0,False
11,ATL@DEN,KIRK_COUSINS_1_NFL,kirk cousins,passing_yards,242.5,-103,-125,173.0,False
11,ATL@DEN,JAVONTE_WILLIAMS_1_NFL,javonte williams,rushing_yards,59.5,+130,-170,59.0,False
11,ATL@DEN,BIJAN_ROBINSON_1_NFL,bijan robinson,receiving_yards,28.5,-120,-110,28.0,False
11,ATL@DEN,RAYRAY_MCCLOUD_III_1_NFL,rayray mccloud,receiving_yards,28.5,-120,-110,46.0,False
11,ATL@DEN,TYLER_ALLGEIER_1_NFL,tyler allgeier,rushing_yards,30.5,-116,-111,0.0,False
11,ATL@DEN,BO_NIX_1_NFL,bo nix,rushing_yards,29.5,-115,-115,5.0,False
11,ATL@DEN,AUDRIC_ESTIME_1_NFL,audric estime,receiving_yards,0.5,+100,-145,9.0,False
11,ATL@DEN,JALEEL_MCLAUGHLIN_1_NFL,jaleel mclaughlin,rushing_yards,16.5,-116,-115,19.0,False
11,ATL@DEN,LILJORDAN_HUMPHREY_1_NFL,liljordan humphrey,receiving_yards,20.5,-110,-120,52.0,False
11,ATL@DEN,NATE_ADKINS_1_NFL,nate adkins,receiving_yards,24.5,+220,-120,12.0,False
11,ATL@DEN,DARNELL_MOONEY_1_NFL,darnell mooney,receiving_yards,54.5,-115,-115,27.0,False
11,ATL@DEN,TROY_FRANKLIN_1_NFL,troy franklin,receiving_yards,15.5,-118,-110,15.0,False
11,ATL@DEN,DRAKE_LONDON_1_NFL,drake london,receiving_yards,71.5,-1567,+700,61.0,False
11,KC@BUF,KHALIL_SHAKIR_1_NFL,khalil shakir,receiving_yards,62.5,-114,-114,70.0,False
11,KC@BUF,PATRICK_MAHOMES_1_NFL,patrick mahomes,rushing_yards,24.5,+1100,-115,0.0,False
11,KC@BUF,NOAH_GRAY_1_NFL,noah gray,receiving_yards,16.5,-114,-114,23.0,False
11,KC@BUF,JAMES_COOK_1_NFL,james cook,rushing_yards,53.5,-114,-114,20.0,False
11,KC@BUF,JOSH_ALLEN_1_NFL,josh allen,passing_yards,262.5,+965,-999900,262.0,False
11,KC@BUF,JUSTIN_WATSON_1_NFL,justin watson,receiving_yards,11.5,-118,-110,26.0,False
11,KC@BUF,RAY_DAVIS_1_NFL,ray davis,rushing_yards,13.5,-110,-115,11.0,False
11,KC@BUF,DAWSON_KNOX_1_NFL,dawson knox,receiving_yards,32.5,-122,-106,40.0,False
11,KC@BUF,TY_JOHNSON_1_NFL,ty johnson,receiving_yards,5.5,-114,-110,0.0,False
11,KC@BUF,MACK_HOLLINS_1_NFL,mack hollins,receiving_yards,23.5,-114,-114,27.0,False
11,KC@BUF,TRAVIS_KELCE_1_NFL,travis kelce,receiving_yards,67.5,-114,-114,8.0,False
11,KC@BUF,JUJU_SMITHSCHUSTER_1_NFL,juju smithschuster,receiving_yards,15.5,-108,-120,8.0,False
11,KC@BUF,CURTIS_SAMUEL_1_NFL,curtis samuel,receiving_yards,37.5,+158,-110,58.0,False
11,KC@BUF,XAVIER_WORTHY_1_NFL,xavier worthy,receiving_yards,61.5,+349,-550,61.0,False
11,CIN@LAC,LADD_MCCONKEY_1_NFL,ladd mcconkey,receiving_yards,61.5,-114,-114,123.0,False
11,CIN@LAC,JOE_BURROW_1_NFL,joe burrow,passing_yards,339.5,-115,-113,356.0,False
11,CIN@LAC,QUENTIN_JOHNSTON_1_NFL,quentin johnston,receiving_yards,46.5,-114,-114,48.0,False
11,CIN@LAC,GUS_EDWARDS_1_NFL,gus edwards,rushing_yards,31.5,-114,-114,27.0,False
11,CIN@LAC,JK_DOBBINS_1_NFL,jk dobbins,rushing_yards,27.5,-115,-115,56.0,False
11,CIN@LAC,CHASE_BROWN_1_NFL,chase brown,receiving_yards,57.5,-110,-120,57.0,False
11,CIN@LAC,TANNER_HUDSON_1_NFL,tanner hudson,receiving_yards,11.5,-120,-110,13.0,False
11,CIN@LAC,JERMAINE_BURTON_1_NFL,jermaine burton,receiving_yards,8.5,+105,-160,8.0,False
11,CIN@LAC,DREW_SAMPLE_1_NFL,drew sample,receiving_yards,5.5,-125,-105,9.0,False
11,CIN@LAC,JAMARR_CHASE_1_NFL,jamarr chase,rushing_yards,0.5,+1635,-999900,0.0,False
11,CIN@LAC,ANDREI_IOSIVAS_1_NFL,andrei iosivas,receiving_yards,18.5,-114,-114,46.0,False
11,CIN@LAC,WILL_DISSLY_1_NFL,will dissly,receiving_yards,39.5,-114,-114,80.0,False
11,CIN@LAC,JUSTIN_HERBERT_1_NFL,justin herbert,passing_yards,249.5,-114,-114,297.0,False
11,CIN@LAC,JOSH_PALMER_1_NFL,josh palmer,receiving_yards,30.5,-114,-114,23.0,False
11,CIN@LAC,MIKE_GESICKI_1_NFL,mike gesicki,receiving_yards,28.5,-114,-114,0.0,False
11,CIN@LAC,TEE_HIGGINS_1_NFL,tee higgins,receiving_yards,60.5,-114,-114,148.0,False
11,CIN@LAC,CAMERON_SAMPLE_1_NFL,cameron sample,receiving_yards,9.5,+100,,0.0,False
12,PIT@CLE,CEDRIC_TILLMAN_1_NFL,cedric tillman,receiving_yards,30.5,-125,-104,28.0,False
12,PIT@CLE,JEROME_FORD_1_NFL,jerome ford,receiving_yards,8.5,+154,-210,8.0,False
12,PIT@CLE,NICK_CHUBB_1_NFL,nick chubb,receiving_yards,1.5,+165,-265,1.0,False
12,PIT@CLE,JAYLEN_WARREN_1_NFL,jaylen warren,receiving_yards,12.5,-110,-120,19.0,False
12,PIT@CLE,DAVID_NJOKU_1_NFL,david njoku,receiving_yards,9.5,+100,-130,9.0,False
12,PIT@CLE,RUSSELL_WILSON_1_NFL,russell wilson,passing_yards,252.5,-118,-110,270.0,False
12,PIT@CLE,JAMEIS_WINSTON_1_NFL,jameis winston,rushing_yards,6.5,-125,-105,7.0,False
12,PIT@CLE,JORDAN_AKINS_1_NFL,jordan akins,receiving_yards,7.5,-110,-120,38.0,False
12,PIT@CLE,PAT_FREIERMUTH_1_NFL,pat freiermuth,receiving_yards,50.5,+125,-164,59.0,False
12,PIT@CLE,CALVIN_AUSTIN_1_NFL,calvin austin,receiving_yards,46.5,+140,-184,78.0,False
12,PIT@CLE,VAN_JEFFERSON_1_NFL,van jefferson,receiving_yards,5.5,-110,-120,39.0,False
12,PIT@CLE,NICK_HARRIS_1_NFL,nick harris,rushing_yards,69.5,-118,-118,0.0,False
12,PIT@CLE,NAJEE_HARRIS_1_NFL,najee harris,receiving_yards,8.5,-115,-115,13.0,False
12,PIT@CLE,ELIJAH_MOORE_1_NFL,elijah moore,receiving_yards,21.5,+330,-476,21.0,False
12,PIT@CLE,GEORGE_PICKENS_1_NFL,george pickens,receiving_yards,55.5,-135,+105,48.0,False
12,PIT@CLE,JERRY_JEUDY_1_NFL,jerry jeudy,receiving_yards,44.5,-130,+100,85.0,False
12,PIT@CLE,DARNELL_WASHINGTON_1_NFL,darnell washington,receiving_yards,14.5,+138,-182,14.0,False
12,TB@NYG,MALIK_NABERS_1_NFL,malik nabers,rushing_yards,0.5,+325,-425,0.0,False
12,TB@NYG,DANIEL_JONES_1_NFL,daniel jones,passing_yards,179.5,+101,-120,0.0,False
12,TB@NYG,JALEN_MCMILLAN_1_NFL,jalen mcmillan,receiving_yards,22.5,-110,-120,11.0,False
12,TB@NYG,BUCKY_IRVING_1_NFL,bucky irving,receiving_yards,13.5,-105,-125,64.0,False
12,TB@NYG,RAKIM_JARRETT_1_NFL,rakim jarrett,receiving_yards,8.5,-115,-115,30.0,False
12,TB@NYG,DARIUS_SLAYTON_1_NFL,darius slayton,rushing_yards,2.5,-120,-110,0.0,False
12,TB@NYG,CADE_OTTON_1_NFL,cade otton,receiving_yards,43.5,-115,-115,30.0,False
12,TB@NYG,THEO_JOHNSON_1_NFL,theo johnson,receiving_yards,21.5,-115,-115,39.0,False
12,TB@NYG,DEVIN_SINGLETARY_1_NFL,devin singletary,rushing_yards,20.5,-114,-114,3.0,False
12,TB@NYG,TOMMY_DEVITO_1_NFL,tommy devito,rushing_yards,23.5,-111,-116,32.0,False
12,TB@NYG,TYRONE_TRACY_1_NFL,tyrone tracy,receiving_yards,12.5,-113,-118,28.0,False
12,TB@NYG,BAKER_MAYFIELD_1_NFL,baker mayfield,rushing_yards,12.5,-114,-114,29.0,False
12,TB@NYG,MIKE_EVANS_1_NFL,mike evans,receiving_yards,55.5,-115,-115,68.0,False
12,TB@NYG,WANDALE_ROBINSON_1_NFL,wandale robinson,receiving_yards,40.5,+300,-425,47.0,False
12,TB@NYG,STERLING_SHEPARD_1_NFL,sterling shepard,receiving_yards,18.5,-115,-115,16.0,False
12,TB@NYG,RACHAAD_WHITE_1_NFL,rachaad white,receiving_yards,21.5,-110,-120,10.0,False
12,TB@NYG,JALIN_HYATT_1_NFL,jalin hyatt,receiving_yards,13.5,-115,-115,0.0,False
12,TB@NYG,TREY_PALMER_1_NFL,trey palmer,receiving_yards,18.5,-110,-120,18.0,False
12,NE@MIA,DEVON_ACHANE_1_NFL,devon achane,rushing_yards,68.5,-123,-105,32.0,False
12,NE@MIA,TYREEK_HILL_1_NFL,tyreek hill,receiving_yards,67.5,-119,-109,48.0,False
12,NE@MIA,KAYSHON_BOUTTE_1_NFL,kayshon boutte,receiving_yards,33.5,-115,-112,6.0,False
12,NE@MIA,MALIK_WASHINGTON_1_NFL,malik washington,rushing_yards,0.5,+215,-340,2.0,False
12,NE@MIA,JAYLEN_WRIGHT_1_NFL,jaylen wright,rushing_yards,20.5,-110,-118,28.0,False
12,NE@MIA,KJ_OSBORN_1_NFL,kj osborn,receiving_yards,26.5,-104,-116,0.0,False
12,NE@MIA,TUA_TAGOVAILOA_1_NFL,tua tagovailoa,rushing_yards,2.5,-106,-122,-2.0,False
12,NE@MIA,RHAMONDRE_STEVENSON_1_NFL,rhamondre stevenson,rushing_yards,56.5,-111,-116,13.0,False
12,NE@MIA,AUSTIN_HOOPER_1_NFL,austin hooper,receiving_yards,19.5,-110,-118,59.0,False
12,NE@MIA,JULIAN_HILL_1_NFL,julian hill,receiving_yards,7.5,-112,-115,8.0,False
12,NE@MIA,HUNTER_HENRY_1_NFL,hunter henry,receiving_yards,44.5,-114,-114,44.0,False
12,NE@MIA,JONNU_SMITH_1_NFL,jonnu smith,receiving_yards,36.5,-114,-114,87.0,False
12,NE@MIA,JALYNN_POLK_1_NFL,jalynn polk,receiving_yards,24.5,+205,-117,7.0,False
12,NE@MIA,JAYLEN_WADDLE_1_NFL,jaylen waddle,receiving_yards,42.5,-123,-105,144.0,False
12,NE@MIA,DEMARIO_DOUGLAS_1_NFL,demario douglas,receiving_yards,38.5,-115,-112,62.0,False
12,NE@MIA,KENDRICK_BOURNE_1_NFL,kendrick bourne,receiving_yards,27.5,-114,-114,30.0,False
12,DET@IND,JOSH_DOWNS_1_NFL,josh downs,rushing_yards,0.5,+540,-1440,0.0,False
12,DET@IND,DAVID_MONTGOMERY_1_NFL,david montgomery,rushing_yards,60.5,-114,-114,37.0,False
12,DET@IND,JARED_GOFF_1_NFL,jared goff,rushing_yards,0.5,-115,-115,0.0,False
12,DET@IND,ANTHONY_RICHARDSON_1_NFL,anthony richardson,passing_yards,209.5,-114,-114,172.0,False
12,DET@IND,KYLEN_GRANSON_1_NFL,kylen granson,receiving_yards,7.5,-118,-110,0.0,False
12,DET@IND,JAMESON_WILLIAMS_1_NFL,jameson williams,rushing_yards,24.5,+1100,,4.0,False
12,DET@IND,AMONRA_ST_BROWN_1_NFL,amonra st brown,receiving_yards,74.5,-125,-103,62.0,False
12,DET@IND,MO_ALIECOX_1_NFL,mo aliecox,receiving_yards,6.5,-119,-109,0.0,False
12,DET@IND,ALEC_PIERCE_1_NFL,alec pierce,receiving_yards,30.5,-114,-114,39.0,False
12,DET@IND,JAHMYR_GIBBS_1_NFL,jahmyr gibbs,receiving_yards,20.5,-125,-103,9.0,False
12,DET@IND,JONATHAN_TAYLOR_1_NFL,jonathan taylor,receiving_yards,10.5,-110,-118,0.0,False
12,DET@IND,SAM_LAPORTA_1_NFL,sam laporta,receiving_yards,36.5,-115,-112,19.0,False
12,DET@IND,MICHAEL_PITTMAN_1_NFL,michael pittman,receiving_yards,42.5,-116,-111,96.0,False
12,DET@IND,DJ_MONTGOMERY_1_NFL,dj montgomery,rushing_yards,59.5,+100,-130,0.0,False
12,MIN@CHI,JOHNNY_MUNDT_1_NFL,johnny mundt,receiving_yards,7.5,-112,-115,7.0,False
12,MIN@CHI,JORDAN_ADDISON_1_NFL,jordan addison,rushing_yards,2.5,-115,-115,0.0,False
12,MIN@CHI,SAM_DARNOLD_1_NFL,sam darnold,passing_yards,225.5,-115,-112,330.0,False
12,MIN@CHI,DJ_MOORE_1_NFL,dj moore,receiving_yards,48.5,-114,-114,106.0,False
12,MIN@CHI,DANDRE_SWIFT_1_NFL,dandre swift,rushing_yards,48.5,-114,-114,30.0,False
12,MIN@CHI,AARON_JONES_1_NFL,aaron jones,receiving_yards,14.5,-128,-101,23.0,False
12,MIN@CHI,KEENAN_ALLEN_1_NFL,keenan allen,receiving_yards,37.5,-114,-114,86.0,False
12,MIN@CHI,COLE_KMET_1_NFL,cole kmet,receiving_yards,24.5,-115,-112,64.0,False
12,MIN@CHI,JUSTIN_JEFFERSON_1_NFL,justin jefferson,receiving_yards,81.5,-114,-114,27.0,False
12,MIN@CHI,ROSCHON_JOHNSON_1_NFL,roschon johnson,receiving_yards,7.5,-122,-106,10.0,False
12,MIN@CHI,JALEN_NAILOR_1_NFL,jalen nailor,receiving_yards,12.5,-118,-110,5.0,False
12,MIN@CHI,CHRIS_WILLIAMS_1_NFL,chris williams,rushing_yards,23.5,-114,-114,33.0,False
12,MIN@CHI,CAM_AKERS_1_NFL,cam akers,rushing_yards,26.5,-111,-116,19.0,False
12,MIN@CHI,ROME_ODUNZE_1_NFL,rome odunze,receiving_yards,48.5,-114,-114,39.0,False
12,MIN@CHI,TJ_HOCKENSON_1_NFL,tj hockenson,receiving_yards,38.5,-120,-110,114.0,False
12,DAL@WAS,ZACH_ERTZ_1_NFL,zach ertz,receiving_yards,28.5,-114,-120,38.0,False
12,DAL@WAS,NOAH_BROWN_1_NFL,noah brown,receiving_yards,37.5,-115,-112,71.0,False
12,DAL@WAS,TERRY_MCLAURIN_1_NFL,terry mclaurin,receiving_yards,62.5,-118,-115,102.0,False
12,DAL@WAS,KAVONTAE_TURPIN_1_NFL,kavontae turpin,receiving_yards,11.5,-122,-112,8.0,False
12,DAL@WAS,RICO_DOWDLE_1_NFL,rico dowdle,receiving_yards,12.5,-110,-124,12.0,False
12,DAL@WAS,AUSTIN_EKELER_1_NFL,austin ekeler,rushing_yards,22.5,-124,-115,22.0,False
12,DAL@WAS,OLAMIDE_ZACCHEAUS_1_NFL,olamide zaccheaus,receiving_yards,12.5,-112,-122,8.0,False
12,DAL@WAS,JAYDEN_DANIELS_1_NFL,jayden daniels,rushing_yards,39.5,-120,-120,74.0,False
12,DAL@WAS,RYAN_FLOURNOY_1_NFL,ryan flournoy,rushing_yards,0.5,+830,-5680,0.0,False
12,DAL@WAS,LUKE_SCHOONMAKER_1_NFL,luke schoonmaker,receiving_yards,25.5,-115,-118,55.0,False
12,DAL@WAS,BRIAN_ROBINSON_1_NFL,brian robinson,rushing_yards,73.5,-117,-122,13.0,False
12,DAL@WAS,CEEDEE_LAMB_1_NFL,ceedee lamb,receiving_yards,65.5,-117,-117,67.0,False
12,DAL@WAS,COOPER_RUSH_1_NFL,cooper rush,passing_yards,201.5,-115,-118,247.0,False
12,DAL@WAS,JALEN_TOLBERT_1_NFL,jalen tolbert,receiving_yards,22.5,-121,-113,22.0,False
12,KC@CAR,JATAVION_SANDERS_1_NFL,jatavion sanders,receiving_yards,61.5,-114,-114,49.0,False
12,KC@CAR,BRYCE_YOUNG_1_NFL,bryce young,rushing_yards,13.5,-111,-116,20.0,False
12,KC@CAR,PATRICK_MAHOMES_1_NFL,patrick mahomes,rushing_yards,12.5,-120,-108,60.0,False
12,KC@CAR,SAMAJE_PERINE_1_NFL,samaje perine,receiving_yards,9.5,-118,-110,11.0,False
12,KC@CAR,CHUBA_HUBBARD_1_NFL,chuba hubbard,receiving_yards,14.5,-115,-115,2.0,False
12,KC@CAR,CARSON_STEELE_1_NFL,carson steele,rushing_yards,10.5,-111,-116,4.0,False
12,KC@CAR,NOAH_GRAY_1_NFL,noah gray,receiving_yards,66.5,+1035,-999900,66.0,False
12,KC@CAR,ADAM_THIELEN_1_NFL,adam thielen,receiving_yards,28.5,-115,-115,57.0,False
12,KC@CAR,JONATHON_BROOKS_1_NFL,jonathon brooks,rushing_yards,15.5,-106,-122,7.0,False
12,KC@CAR,JALEN_COKER_1_NFL,jalen coker,receiving_yards,25.5,-114,-113,0.0,False
12,KC@CAR,XAVIER_LEGETTE_1_NFL,xavier legette,receiving_yards,34.5,-110,-120,56.0,False
12,KC@CAR,JUSTIN_WATSON_1_NFL,justin watson,receiving_yards,13.5,-110,-120,15.0,False
12,KC@CAR,MECOLE_HARDMAN_1_NFL,mecole hardman,receiving_yards,5.5,-120,-110,0.0,False
12,KC@CAR,TOMMY_TREMBLE_1_NFL,tommy tremble,receiving_yards,10.5,-123,-104,5.0,False
12,KC@CAR,TRAVIS_KELCE_1_NFL,travis kelce,receiving_yards,59.5,-110,-120,62.0,False
12,KC@CAR,JUJU_SMITHSCHUSTER_1_NFL,juju smithschuster,receiving_yards,6.5,+1055,-999900,6.0,False
12,KC@CAR,XAVIER_WORTHY_1_NFL,xavier worthy,receiving_yards,30.5,-120,-110,46.0,False
12,KC@CAR,DAVID_MOORE_1_NFL,david moore,receiving_yards,73.5,-115,-115,81.0,False
12,TEN@HOU,JOE_MIXON_1_NFL,joe mixon,receiving_yards,18.5,-114,-114,23.0,False
12,TEN@HOU,TONY_POLLARD_1_NFL,tony pollard,rushing_yards,57.5,-125,-105,119.0,False
12,TEN@HOU,NICK_WESTBROOKIKHINE_1_NFL,nick westbrookikhine,receiving_yards,31.5,-115,-115,48.0,False
12,TEN@HOU,DALTON_SCHULTZ_1_NFL,dalton schultz,receiving_yards,27.5,-115,-115,20.0,False
12,TEN@HOU,TANK_DELL_1_NFL,tank dell,receiving_yards,72.5,+710,-4190,72.0,False
12,TEN@HOU,CHIGOZIEM_OKONOKWO_1_NFL,chigoziem okonokwo,receiving_yards,18.5,-118,-110,70.0,False
12,TEN@HOU,XAVIER_HUTCHINSON_1_NFL,xavier hutchinson,receiving_yards,19.5,-114,-107,0.0,False
12,TEN@HOU,CADE_STOVER_1_NFL,cade stover,receiving_yards,6.5,-109,-119,26.0,False
12,TEN@HOU,TYLER_BOYD_1_NFL,tyler boyd,rushing_yards,0.5,-115,-115,0.0,False
12,TEN@HOU,CJ_STROUD_1_NFL,cj stroud,passing_yards,257.5,-110,-140,247.0,False
12,TEN@HOU,NICO_COLLINS_1_NFL,nico collins,receiving_yards,78.5,-110,-120,92.0,False
12,TEN@HOU,ROBERT_WOODS_1_NFL,robert woods,receiving_yards,5.5,+104,-135,8.0,False
12,TEN@HOU,WILL_LEVIS_1_NFL,will levis,rushing_yards,23.5,-114,-114,10.0,False
12,TEN@HOU,JOHN_METCHIE_III_1_NFL,john metchie,receiving_yards,19.5,-115,-115,6.0,False
12,TEN@HOU,JOSH_WHYLE_1_NFL,josh whyle,receiving_yards,6.5,-118,-110,0.0,False
12,TEN@HOU,CALVIN_RIDLEY_1_NFL,calvin ridley,receiving_yards,58.5,-120,-110,93.0,False
12,DEN@LV,DEVAUGHN_VELE_1_NFL,devaughn vele,receiving_yards,80.5,+1750,-999900,80.0,False
12,DEN@LV,ADAM_TRAUTMAN_1_NFL,adam trautman,receiving_yards,3.5,+130,-170,3.0,False
12,DEN@LV,AMEER_ABDULLAH_1_NFL,ameer abdullah,rushing_yards,35.5,-121,-118,28.0,False
12,DEN@LV,GARDNER_MINSHEW_1_NFL,gardner minshew,passing_yards,239.5,-115,-113,230.0,False
12,DEN@LV,COURTLAND_SUTTON_1_NFL,courtland sutton,receiving_yards,104.5,-115,-113,97.0,False
12,DEN@LV,MARVIN_MIMS_JR_1_NFL,marvin mims,receiving_yards,5.5,-115,-114,44.0,False
12,DEN@LV,JAVONTE_WILLIAMS_1_NFL,javonte williams,rushing_yards,37.5,-118,-121,-2.0,False
12,DEN@LV,SINCERE_MCCORMICK_1_NFL,sincere mccormick,rushing_yards,5.5,-110,-118,33.0,False
12,DEN@LV,TRE_TUCKER_1_NFL,tre tucker,receiving_yards,27.5,+148,-196,82.0,False
12,DEN@LV,DJ_TURNER_1_NFL,dj turner,receiving_yards,5.5,+1245,-999900,5.0,False
12,DEN@LV,MICHAEL_MAYER_1_NFL,michael mayer,receiving_yards,14.5,-114,-114,11.0,False
12,DEN@LV,BROCK_BOWERS_1_NFL,brock bowers,rushing_yards,0.5,+245,-410,0.0,False
12,DEN@LV,JAKOBI_MEYERS_1_NFL,jakobi meyers,receiving_yards,97.5,+136,-178,121.0,False
12,DEN@LV,BO_NIX_1_NFL,bo nix,rushing_yards,20.5,-125,-114,5.0,False
12,DEN@LV,HARRISON_BRYANT_1_NFL,harrison bryant,receiving_yards,17.5,-109,-108,0.0,False
12,DEN@LV,AUDRIC_ESTIME_1_NFL,audric estime,rushing_yards,25.5,-121,-118,15.0,False
12,DEN@LV,LILJORDAN_HUMPHREY_1_NFL,liljordan humphrey,receiving_yards,10.5,-108,-120,4.0,False
12,DEN@LV,TROY_FRANKLIN_1_NFL,troy franklin,receiving_yards,26.5,+142,-188,31.0,False
12,SF@GB,BRANDON_ALLEN_1_NFL,brandon allen,passing_yards,220.5,-114,-114,199.0,False
12,SF@GB,BROCK_PURDY_1_NFL,brock purdy,rushing_yards,20.5,-113,-115,0.0,False
12,SF@GB,EMANUEL_WILSON_1_NFL,emanuel wilson,rushing_yards,39.5,-175,-125,41.0,False
12,SF@GB,TUCKER_KRAFT_1_NFL,tucker kraft,receiving_yards,26.5,+1820,-999900,26.0,False
12,SF@GB,JAYDEN_REED_1_NFL,jayden reed,rushing_yards,0.5,+1175,-999900,0.0,False
12,SF@GB,JOSH_JACOBS_1_NFL,josh jacobs,receiving_yards,0.5,+148,-196,0.0,False
12,SF@GB,DONTAYVION_WICKS_1_NFL,dontayvion wicks,receiving_yards,16.5,-110,-118,25.0,False
12,SF@GB,GEORGE_KITTLE_1_NFL,george kittle,receiving_yards,85.5,-118,-110,82.0,False
12,SF@GB,JORDAN_LOVE_1_NFL,jordan love,rushing_yards,24.5,+1100,-182,2.0,False
12,SF@GB,CHRISTIAN_WATSON_1_NFL,christian watson,rushing_yards,0.5,+285,-500,4.0,False
12,SF@GB,CHRISTIAN_MCCAFFREY_1_NFL,christian mccaffrey,receiving_yards,39.5,-115,-113,37.0,False
12,SF@GB,DEEBO_SAMUEL_1_NFL,deebo samuel,rushing_yards,0.5,+864,-3237,0.0,False
12,SF@GB,ROMEO_DOUBS_1_NFL,romeo doubs,receiving_yards,56.5,-114,-114,54.0,False
12,SF@GB,JAUAN_JENNINGS_1_NFL,jauan jennings,receiving_yards,39.5,-113,-115,40.0,False
12,ARI@SEA,GENO_SMITH_1_NFL,geno smith,passing_yards,259.5,-117,-120,254.0,False
12,ARI@SEA,KENNETH_WALKER_III_1_NFL,kenneth walker,rushing_yards,45.5,-114,-114,41.0,False
12,ARI@SEA,KYLER_MURRAY_1_NFL,kyler murray,rushing_yards,11.5,-115,-113,9.0,False
12,ARI@SEA,GREG_DORTCH_1_NFL,greg dortch,receiving_yards,5.5,+448,-850,5.0,False
12,ARI@SEA,ZACH_CHARBONNET_1_NFL,zach charbonnet,rushing_yards,13.5,-174,+133,22.0,False
12,ARI@SEA,JAMES_CONNER_1_NFL,james conner,receiving_yards,28.5,+144,-190,41.0,False
12,ARI@SEA,TREY_MCBRIDE_1_NFL,trey mcbride,receiving_yards,114.5,-114,-114,133.0,False
12,ARI@SEA,JAXON_SMITHNJIGBA_1_NFL,jaxon smithnjigba,receiving_yards,77.5,+556,-999,77.0,False
12,ARI@SEA,MACK_WILSON_1_NFL,mack wilson,receiving_yards,30.5,+170,-230,54.0,False
12,ARI@SEA,TYLER_LOCKETT_1_NFL,tyler lockett,receiving_yards,28.5,+199,-270,20.0,False
12,ARI@SEA,DK_METCALF_1_NFL,dk metcalf,receiving_yards,59.5,+325,-475,59.0,False
12,ARI@SEA,ELIJAH_HIGGINS_1_NFL,elijah higgins,receiving_yards,5.5,+1470,-999900,5.0,False
12,ARI@SEA,MARVIN_HARRISON_JR_1_NFL,marvin harrison,receiving_yards,47.5,+126,-165,47.0,False
12,ARI@SEA,TREY_BENSON_1_NFL,trey benson,rushing_yards,13.5,-110,-118,18.0,False
12,ARI@SEA,AJ_BARNER_1_NFL,aj barner,receiving_yards,18.5,-110,-118,19.0,False
12,PHI@LA,KENNETH_GAINWELL_1_NFL,kenneth gainwell,rushing_yards,21.5,-125,-104,22.0,False
12,PHI@LA,DAVIS_ALLEN_1_NFL,davis allen,receiving_yards,4.5,-114,-114,0.0,False
12,PHI@LA,JALEN_HURTS_1_NFL,jalen hurts,passing_yards,186.5,-114,-114,179.0,False
12,PHI@LA,KYREN_WILLIAMS_1_NFL,kyren williams,receiving_yards,0.5,+1235,-999900,0.0,False
12,PHI@LA,SAQUON_BARKLEY_1_NFL,saquon barkley,receiving_yards,47.5,+128,-168,47.0,False
12,PHI@LA,DEVONTA_SMITH_1_NFL,devonta smith,receiving_yards,55.5,-118,-118,0.0,False
12,PHI@LA,AJ_BROWN_1_NFL,aj brown,receiving_yards,109.5,+1245,-999900,109.0,False
12,PHI@LA,BRITAIN_COVEY_1_NFL,britain covey,receiving_yards,7.5,-125,-105,0.0,False
12,PHI@LA,PUKA_NACUA_1_NFL,puka nacua,receiving_yards,121.5,-118,-110,117.0,False
12,PHI@LA,DALLAS_GOEDERT_1_NFL,dallas goedert,receiving_yards,19.5,+120,-156,19.0,False
12,PHI@LA,MATTHEW_STAFFORD_1_NFL,matthew stafford,passing_yards,228.5,-111,-117,243.0,False
12,PHI@LA,COOPER_KUPP_1_NFL,cooper kupp,receiving_yards,56.5,+217,-300,60.0,False
12,PHI@LA,GRANT_CALCATERRA_1_NFL,grant calcaterra,receiving_yards,0.5,+106,-138,0.0,False
12,PHI@LA,DEMARCUS_ROBINSON_1_NFL,demarcus robinson,receiving_yards,15.5,+1275,-999900,15.0,False
13,CHI@DET,ROME_ODUNZE_1_NFL,rome odunze,rushing_yards,0.5,+830,-14395,0.0,False
13,CHI@DET,DAVID_MONTGOMERY_1_NFL,david montgomery,rushing_yards,88.5,+190,-310,88.0,False
13,CHI@DET,JARED_GOFF_1_NFL,jared goff,rushing_yards,0.5,+110,-170,1.0,False
13,CHI@DET,KALIF_RAYMOND_1_NFL,kalif raymond,receiving_yards,9.5,-118,-118,0.0,False
13,CHI@DET,DJ_MOORE_1_NFL,dj moore,receiving_yards,97.5,+192,-289,97.0,False
13,CHI@DET,JAMESON_WILLIAMS_1_NFL,jameson williams,rushing_yards,3.5,+220,-300,18.0,False
13,CHI@DET,DANDRE_SWIFT_1_NFL,dandre swift,rushing_yards,37.5,+852,-2400,39.0,False
13,CHI@DET,AMONRA_ST_BROWN_1_NFL,amonra st brown,receiving_yards,73.5,+260,-375,73.0,False
13,CHI@DET,CHRIS_WILLIAMS_1_NFL,chris williams,receiving_yards,49.5,-115,-115,0.0,False
13,CHI@DET,KEENAN_ALLEN_1_NFL,keenan allen,receiving_yards,70.5,-113,-115,73.0,False
13,CHI@DET,COLE_KMET_1_NFL,cole kmet,receiving_yards,26.5,+275,-444,26.0,False
13,CHI@DET,JAHMYR_GIBBS_1_NFL,jahmyr gibbs,receiving_yards,17.5,+122,-160,17.0,False
13,CHI@DET,SAM_LAPORTA_1_NFL,sam laporta,receiving_yards,6.5,+142,-188,6.0,False
13,CHI@DET,ROSCHON_JOHNSON_1_NFL,roschon johnson,receiving_yards,2.5,-112,-125,0.0,False
13,CHI@DET,BROCK_WRIGHT_1_NFL,brock wright,receiving_yards,0.5,+165,-260,13.0,False
13,NYG@DAL,DANIEL_JONES_1_NFL,daniel jones,passing_yards,194.5,-128,+106,0.0,False
13,NYG@DAL,DREW_LOCK_1_NFL,drew lock,passing_yards,203.5,-114,-114,178.0,False
13,NYG@DAL,KAVONTAE_TURPIN_1_NFL,kavontae turpin,rushing_yards,2.5,+1320,-999900,2.0,False
13,NYG@DAL,RICO_DOWDLE_1_NFL,rico dowdle,receiving_yards,11.5,+148,-196,11.0,False
13,NYG@DAL,EZEKIEL_ELLIOTT_1_NFL,ezekiel elliott,rushing_yards,4.5,+130,-120,4.0,False
13,NYG@DAL,HUNTER_LUEPKE_1_NFL,hunter luepke,receiving_yards,0.5,-118,-118,0.0,False
13,NYG@DAL,JALEN_BROOKS_1_NFL,jalen brooks,receiving_yards,6.5,-110,-118,0.0,False
13,NYG@DAL,THEO_JOHNSON_1_NFL,theo johnson,receiving_yards,29.5,+136,-178,54.0,False
13,NYG@DAL,DEVIN_SINGLETARY_1_NFL,devin singletary,rushing_yards,39.5,+350,-112,23.0,False
13,NYG@DAL,LUKE_SCHOONMAKER_1_NFL,luke schoonmaker,receiving_yards,29.5,-120,-108,33.0,False
13,NYG@DAL,DARIUS_SLAYTON_1_NFL,darius slayton,receiving_yards,8.5,+805,-9335,8.0,False
13,NYG@DAL,BRANDIN_COOKS_1_NFL,brandin cooks,receiving_yards,22.5,-115,-112,16.0,False
13,NYG@DAL,MALIK_NABERS_1_NFL,malik nabers,receiving_yards,61.5,-115,-113,69.0,False
13,NYG@DAL,CEEDEE_LAMB_1_NFL,ceedee lamb,receiving_yards,55.5,-110,-118,39.0,False
13,NYG@DAL,TOMMY_DEVITO_1_NFL,tommy devito,rushing_yards,21.5,-118,-110,0.0,False
13,NYG@DAL,TYRONE_TRACY_1_NFL,tyrone tracy,receiving_yards,10.5,-125,-105,33.0,False
13,NYG@DAL,JALIN_HYATT_1_NFL,jalin hyatt,receiving_yards,9.5,-118,-118,8.0,False
13,NYG@DAL,WANDALE_ROBINSON_1_NFL,wandale robinson,rushing_yards,0.5,+425,-900,0.0,False
13,NYG@DAL,COOPER_RUSH_1_NFL,cooper rush,passing_yards,223.5,-114,-114,195.0,False
13,NYG@DAL,JALEN_TOLBERT_1_NFL,jalen tolbert,receiving_yards,23.5,-110,-120,41.0,False
13,MIA@GB,BO_MELTON_1_NFL,bo melton,receiving_yards,9.5,-119,-109,0.0,False
13,MIA@GB,EMANUEL_WILSON_1_NFL,emanuel wilson,rushing_yards,19.5,-103,-125,20.0,False
13,MIA@GB,DEVON_ACHANE_1_NFL,devon achane,rushing_yards,14.5,+1390,-999900,14.0,False
13,MIA@GB,TYREEK_HILL_1_NFL,tyreek hill,receiving_yards,65.5,-114,-114,83.0,False
13,MIA@GB,TUCKER_KRAFT_1_NFL,tucker kraft,receiving_yards,34.5,-120,-108,78.0,False
13,MIA@GB,JAYDEN_REED_1_NFL,jayden reed,rushing_yards,23.5,+1775,-999900,23.0,False
13,MIA@GB,MALIK_WASHINGTON_1_NFL,malik washington,receiving_yards,7.5,-105,-120,8.0,False
13,MIA@GB,JOSH_JACOBS_1_NFL,josh jacobs,receiving_yards,14.5,-143,+110,74.0,False
13,MIA@GB,DONTAYVION_WICKS_1_NFL,dontayvion wicks,receiving_yards,39.5,-118,-378,30.0,False
13,MIA@GB,JAYLEN_WRIGHT_1_NFL,jaylen wright,rushing_yards,3.5,-115,-113,0.0,False
13,MIA@GB,RAHEEM_MOSTERT_1_NFL,raheem mostert,rushing_yards,9.5,-110,-118,19.0,False
13,MIA@GB,JORDAN_LOVE_1_NFL,jordan love,rushing_yards,0.5,+125,-165,0.0,False
13,MIA@GB,DURHAM_SMYTHE_1_NFL,durham smythe,receiving_yards,4.5,-118,-118,8.0,False
13,MIA@GB,TUA_TAGOVAILOA_1_NFL,tua tagovailoa,rushing_yards,2.5,-111,-116,6.0,False
13,MIA@GB,CHRISTIAN_WATSON_1_NFL,christian watson,receiving_yards,45.5,-118,-110,67.0,False
13,MIA@GB,JULIAN_HILL_1_NFL,julian hill,receiving_yards,5.5,+292,-428,5.0,False
13,MIA@GB,JONNU_SMITH_1_NFL,jonnu smith,receiving_yards,52.5,-114,-114,113.0,False
13,MIA@GB,JAYLEN_WADDLE_1_NFL,jaylen waddle,receiving_yards,53.5,+520,-1545,53.0,False
13,MIA@GB,BEN_SIMS_1_NFL,ben sims,receiving_yards,0.5,-118,-118,0.0,False
13,LV@KC,ISIAH_PACHECO_1_NFL,isiah pacheco,rushing_yards,46.5,-110,-118,44.0,False
13,LV@KC,AMEER_ABDULLAH_1_NFL,ameer abdullah,rushing_yards,43.5,-118,-110,39.0,False
13,LV@KC,GARDNER_MINSHEW_1_NFL,gardner minshew,passing_yards,212.5,+102,-123,0.0,False
13,LV@KC,PATRICK_MAHOMES_1_NFL,patrick mahomes,rushing_yards,16.5,-115,-106,4.0,False
13,LV@KC,AIDAN_OCONNELL_1_NFL,aidan oconnell,passing_yards,308.5,-120,-110,340.0,False
13,LV@KC,NOAH_GRAY_1_NFL,noah gray,receiving_yards,63.5,-108,-120,58.0,False
13,LV@KC,SINCERE_MCCORMICK_1_NFL,sincere mccormick,rushing_yards,21.5,-120,-110,64.0,False
13,LV@KC,TRE_TUCKER_1_NFL,tre tucker,receiving_yards,58.5,+466,-750,58.0,False
13,LV@KC,DJ_TURNER_1_NFL,dj turner,receiving_yards,11.5,-110,-118,25.0,False
13,LV@KC,MICHAEL_MAYER_1_NFL,michael mayer,receiving_yards,6.5,-115,-113,5.0,False
13,LV@KC,JUSTIN_WATSON_1_NFL,justin watson,receiving_yards,11.5,-114,-114,6.0,False
13,LV@KC,JAKOBI_MEYERS_1_NFL,jakobi meyers,receiving_yards,52.5,-120,-125,97.0,False
13,LV@KC,HARRISON_BRYANT_1_NFL,harrison bryant,receiving_yards,22.5,-106,-115,0.0,False
13,LV@KC,TRAVIS_KELCE_1_NFL,travis kelce,receiving_yards,68.5,+1685,-999900,68.0,False
13,LV@KC,JUJU_SMITHSCHUSTER_1_NFL,juju smithschuster,receiving_yards,10.5,+1730,-999900,10.0,False
13,LV@KC,BROCK_BOWERS_1_NFL,brock bowers,receiving_yards,115.5,-110,-120,140.0,False
13,LV@KC,XAVIER_WORTHY_1_NFL,xavier worthy,receiving_yards,54.5,+1835,-999900,54.0,False
13,ARI@MIN,SAM_DARNOLD_1_NFL,sam darnold,passing_yards,255.5,-117,-117,235.0,False
13,ARI@MIN,KYLER_MURRAY_1_NFL,kyler murray,rushing_yards,42.5,-115,-115,48.0,False
13,ARI@MIN,GREG_DORTCH_1_NFL,greg dortch,receiving_yards,0.5,-113,-115,1.0,False
13,ARI@MIN,JORDAN_ADDISON_1_NFL,jordan addison,receiving_yards,46.5,+240,-325,54.0,False
13,ARI@MIN,AARON_JONES_1_NFL,aaron jones,receiving_yards,8.5,-119,-109,6.0,False
13,ARI@MIN,JAMES_CONNER_1_NFL,james conner,receiving_yards,13.5,+660,-3035,13.0,False
13,ARI@MIN,TREY_MCBRIDE_1_NFL,trey mcbride,receiving_yards,57.5,-120,-114,96.0,False
13,ARI@MIN,JUSTIN_JEFFERSON_1_NFL,justin jefferson,receiving_yards,91.5,-133,+103,99.0,False
13,ARI@MIN,JALEN_NAILOR_1_NFL,jalen nailor,receiving_yards,16.5,-115,-118,18.0,False
13,ARI@MIN,MACK_WILSON_1_NFL,mack wilson,receiving_yards,28.5,-113,-121,55.0,False
13,ARI@MIN,JOSH_OLIVER_1_NFL,josh oliver,receiving_yards,14.5,-114,-114,0.0,False
13,ARI@MIN,CAM_AKERS_1_NFL,cam akers,rushing_yards,19.5,-124,-115,22.0,False
13,ARI@MIN,MARVIN_HARRISON_JR_1_NFL,marvin harrison,receiving_yards,60.5,+400,-895,60.0,False
13,ARI@MIN,TREY_BENSON_1_NFL,trey benson,rushing_yards,16.5,-120,-108,20.0,False
13,ARI@MIN,TJ_HOCKENSON_1_NFL,tj hockenson,receiving_yards,28.5,+360,-540,28.0,False
13,HOU@JAX,JOE_MIXON_1_NFL,joe mixon,receiving_yards,22.5,-117,-117,18.0,False
13,HOU@JAX,TRAVIS_ETIENNE_JR_1_NFL,travis etienne,receiving_yards,13.5,-120,-114,12.0,False
13,HOU@JAX,DEVIN_DUVERNAY_1_NFL,devin duvernay,receiving_yards,1.5,-125,-120,23.0,False
13,HOU@JAX,TANK_BIGSBY_1_NFL,tank bigsby,rushing_yards,37.5,-120,-120,28.0,False
13,HOU@JAX,BRENTON_STRANGE_1_NFL,brenton strange,receiving_yards,11.5,-118,-115,14.0,False
13,HOU@JAX,DALTON_SCHULTZ_1_NFL,dalton schultz,receiving_yards,26.5,-117,-117,61.0,False
13,HOU@JAX,TANK_DELL_1_NFL,tank dell,receiving_yards,51.5,-118,-115,23.0,False
13,HOU@JAX,CADE_STOVER_1_NFL,cade stover,receiving_yards,10.5,-120,-114,4.0,False
13,HOU@JAX,BRIAN_THOMAS_1_NFL,brian thomas,receiving_yards,62.5,-115,-118,76.0,False
13,HOU@JAX,TREVOR_LAWRENCE_1_NFL,trevor lawrence,rushing_yards,13.5,-122,-117,6.0,False
13,HOU@JAX,CJ_STROUD_1_NFL,cj stroud,passing_yards,260.5,-118,-115,242.0,False
13,HOU@JAX,NICO_COLLINS_1_NFL,nico collins,receiving_yards,85.5,-117,-117,119.0,False
13,HOU@JAX,EVAN_ENGRAM_1_NFL,evan engram,receiving_yards,48.5,-114,-120,41.0,False
13,HOU@JAX,ROBERT_WOODS_1_NFL,robert woods,receiving_yards,21.5,-111,-109,0.0,False
13,HOU@JAX,JOHN_METCHIE_III_1_NFL,john metchie,receiving_yards,21.5,-117,-117,16.0,False
13,HOU@JAX,MAC_JONES_1_NFL,mac jones,passing_yards,238.5,-120,-125,235.0,False
13,HOU@JAX,PARKER_WASHINGTON_1_NFL,parker washington,receiving_yards,24.5,-115,-117,103.0,False
13,SEA@NYJ,TYLER_CONKLIN_1_NFL,tyler conklin,receiving_yards,20.5,-118,-110,32.0,False
13,SEA@NYJ,NOAH_FANT_1_NFL,noah fant,receiving_yards,22.5,-118,-110,26.0,False
13,SEA@NYJ,GENO_SMITH_1_NFL,geno smith,passing_yards,249.5,-115,-115,206.0,False
13,SEA@NYJ,KENNETH_WALKER_III_1_NFL,kenneth walker,rushing_yards,49.5,+127,-182,49.0,False
13,SEA@NYJ,AARON_RODGERS_1_NFL,aaron rodgers,passing_yards,181.5,-114,-114,185.0,False
13,SEA@NYJ,BRAELON_ALLEN_1_NFL,braelon allen,receiving_yards,24.5,+170,,16.0,False
13,SEA@NYJ,ZACH_CHARBONNET_1_NFL,zach charbonnet,rushing_yards,14.5,-114,-114,28.0,False
13,SEA@NYJ,BREECE_HALL_1_NFL,breece hall,rushing_yards,60.5,+209,-315,60.0,False
13,SEA@NYJ,JAXON_SMITHNJIGBA_1_NFL,jaxon smithnjigba,receiving_yards,74.5,+444,-895,74.0,False
13,SEA@NYJ,TYLER_LOCKETT_1_NFL,tyler lockett,receiving_yards,16.5,+1135,-999900,16.0,False
13,SEA@NYJ,DK_METCALF_1_NFL,dk metcalf,receiving_yards,66.5,+488,-999,66.0,False
13,SEA@NYJ,GARRETT_WILSON_1_NFL,garrett wilson,receiving_yards,26.5,-118,-110,41.0,False
13,SEA@NYJ,JEREMY_RUCKERT_1_NFL,jeremy ruckert,receiving_yards,6.5,-130,+100,3.0,False
13,LAC@ATL,LADD_MCCONKEY_1_NFL,ladd mcconkey,receiving_yards,67.5,-114,-114,117.0,False
13,LAC@ATL,QUENTIN_JOHNSTON_1_NFL,quentin johnston,receiving_yards,33.5,-117,-114,12.0,False
13,LAC@ATL,GUS_EDWARDS_1_NFL,gus edwards,rushing_yards,46.5,-122,-117,32.0,False
13,LAC@ATL,KYLE_PITTS_1_NFL,kyle pitts,receiving_yards,0.5,+240,-350,0.0,False
13,LAC@ATL,KIRK_COUSINS_1_NFL,kirk cousins,passing_yards,239.5,-114,-114,245.0,False
13,LAC@ATL,BIJAN_ROBINSON_1_NFL,bijan robinson,receiving_yards,27.5,-111,-116,33.0,False
13,LAC@ATL,RAYRAY_MCCLOUD_III_1_NFL,rayray mccloud,receiving_yards,95.5,+189,-258,95.0,False
13,LAC@ATL,TYLER_ALLGEIER_1_NFL,tyler allgeier,rushing_yards,24.5,-126,-113,16.0,False
13,LAC@ATL,WILL_DISSLY_1_NFL,will dissly,receiving_yards,41.5,-122,-111,0.0,False
13,LAC@ATL,JUSTIN_HERBERT_1_NFL,justin herbert,passing_yards,249.5,-114,-119,147.0,False
13,LAC@ATL,JOSH_PALMER_1_NFL,josh palmer,receiving_yards,40.5,-114,-114,11.0,False
13,LAC@ATL,DARNELL_MOONEY_1_NFL,darnell mooney,receiving_yards,54.5,-122,-106,20.0,False
13,LAC@ATL,DRAKE_LONDON_1_NFL,drake london,receiving_yards,65.5,-114,-114,86.0,False
13,TEN@WAS,TONY_POLLARD_1_NFL,tony pollard,rushing_yards,40.5,-110,-120,35.0,False
13,TEN@WAS,NICK_WESTBROOKIKHINE_1_NFL,nick westbrookikhine,receiving_yards,35.5,-119,-109,61.0,False
13,TEN@WAS,ZACH_ERTZ_1_NFL,zach ertz,receiving_yards,33.5,-118,-110,35.0,False
13,TEN@WAS,NOAH_BROWN_1_NFL,noah brown,receiving_yards,40.5,-115,-112,27.0,False
13,TEN@WAS,TERRY_MCLAURIN_1_NFL,terry mclaurin,receiving_yards,57.5,+112,-146,73.0,False
13,TEN@WAS,CHIGOZIEM_OKONOKWO_1_NFL,chigoziem okonokwo,receiving_yards,19.5,-116,-111,27.0,False
13,TEN@WAS,LUKE_MCCAFFREY_1_NFL,luke mccaffrey,receiving_yards,6.5,-114,-114,13.0,False
13,TEN@WAS,TYJAE_SPEARS_1_NFL,tyjae spears,rushing_yards,23.5,-114,-114,3.0,False
13,TEN@WAS,OLAMIDE_ZACCHEAUS_1_NFL,olamide zaccheaus,receiving_yards,14.5,-112,-115,14.0,False
13,TEN@WAS,JAYDEN_DANIELS_1_NFL,jayden daniels,rushing_yards,41.5,-115,-115,34.0,False
13,TEN@WAS,DYAMI_BROWN_1_NFL,dyami brown,receiving_yards,10.5,-105,-123,35.0,False
13,TEN@WAS,JEREMY_MCNICHOLS_1_NFL,jeremy mcnichols,rushing_yards,19.5,-114,-114,32.0,False
13,TEN@WAS,BRIAN_ROBINSON_1_NFL,brian robinson,rushing_yards,55.5,-120,-108,103.0,False
13,TEN@WAS,WILL_LEVIS_1_NFL,will levis,rushing_yards,21.5,-114,-114,-3.0,False
13,TEN@WAS,JOSH_WHYLE_1_NFL,josh whyle,receiving_yards,4.5,-118,-110,3.0,False
13,TEN@WAS,CALVIN_RIDLEY_1_NFL,calvin ridley,receiving_yards,45.5,+295,-410,45.0,False
13,TEN@WAS,TYLER_BOYD_1_NFL,tyler boyd,receiving_yards,22.5,-116,-111,37.0,False
13,IND@NE,DEMARIO_DOUGLAS_1_NFL,demario douglas,rushing_yards,0.5,+610,-2345,0.0,False
13,IND@NE,KAYSHON_BOUTTE_1_NFL,kayshon boutte,receiving_yards,33.5,-103,-125,41.0,False
13,IND@NE,ANTHONY_RICHARDSON_1_NFL,anthony richardson,passing_yards,186.5,-114,-114,109.0,False
13,IND@NE,KYLEN_GRANSON_1_NFL,kylen granson,receiving_yards,9.5,-115,-112,0.0,False
13,IND@NE,JJ_TAYLOR_1_NFL,jj taylor,rushing_yards,79.5,-115,-115,0.0,False
13,IND@NE,ALEC_PIERCE_1_NFL,alec pierce,receiving_yards,35.5,-114,-114,16.0,False
13,IND@NE,JONATHAN_TAYLOR_1_NFL,jonathan taylor,receiving_yards,9.5,-119,-109,7.0,False
13,IND@NE,RHAMONDRE_STEVENSON_1_NFL,rhamondre stevenson,rushing_yards,54.5,-114,-114,73.0,False
13,IND@NE,MICHAEL_PITTMAN_1_NFL,michael pittman,receiving_yards,52.5,-114,-114,42.0,False
13,IND@NE,AUSTIN_HOOPER_1_NFL,austin hooper,receiving_yards,21.5,-118,-110,42.0,False
13,IND@NE,HUNTER_HENRY_1_NFL,hunter henry,receiving_yards,46.5,-112,-115,75.0,False
13,IND@NE,KENDRICK_BOURNE_1_NFL,kendrick bourne,receiving_yards,25.5,-114,-114,39.0,False
13,IND@NE,JALYNN_POLK_1_NFL,jalynn polk,receiving_yards,20.5,-112,-108,0.0,False
13,PIT@CIN,JOE_BURROW_1_NFL,joe burrow,passing_yards,250.5,-115,-115,309.0,False
13,PIT@CIN,CHASE_BROWN_1_NFL,chase brown,receiving_yards,28.5,-114,-114,30.0,False
13,PIT@CIN,JERMAINE_BURTON_1_NFL,jermaine burton,receiving_yards,7.5,-119,-109,0.0,False
13,PIT@CIN,JAYLEN_WARREN_1_NFL,jaylen warren,receiving_yards,17.5,-122,-106,55.0,False
13,PIT@CIN,RUSSELL_WILSON_1_NFL,russell wilson,passing_yards,225.5,-103,-125,414.0,False
13,PIT@CIN,JAMARR_CHASE_1_NFL,jamarr chase,receiving_yards,81.5,-114,-114,86.0,False
13,PIT@CIN,ANDREI_IOSIVAS_1_NFL,andrei iosivas,receiving_yards,15.5,-114,-114,35.0,False
13,PIT@CIN,PAT_FREIERMUTH_1_NFL,pat freiermuth,receiving_yards,25.5,-115,-112,68.0,False
13,PIT@CIN,CALVIN_AUSTIN_1_NFL,calvin austin,receiving_yards,24.5,-103,-125,29.0,False
13,PIT@CIN,VAN_JEFFERSON_1_NFL,van jefferson,receiving_yards,10.5,-111,-116,43.0,False
13,PIT@CIN,MIKE_GESICKI_1_NFL,mike gesicki,receiving_yards,24.5,-118,-110,53.0,False
13,PIT@CIN,TEE_HIGGINS_1_NFL,tee higgins,receiving_yards,71.5,-114,-114,69.0,False
13,PIT@CIN,NAJEE_HARRIS_1_NFL,najee harris,receiving_yards,10.5,-115,-112,54.0,False
13,PIT@CIN,GEORGE_PICKENS_1_NFL,george pickens,receiving_yards,74.5,-114,-114,74.0,False
13,PIT@CIN,DARNELL_WASHINGTON_1_NFL,darnell washington,receiving_yards,14.5,-116,-111,10.0,False
13,TB@CAR,DAVID_MOORE_1_NFL,david moore,receiving_yards,26.5,-115,-113,40.0,False
13,TB@CAR,BRYCE_YOUNG_1_NFL,bryce young,rushing_yards,15.5,-110,-120,17.0,False
13,TB@CAR,JALEN_MCMILLAN_1_NFL,jalen mcmillan,receiving_yards,3.5,+625,-116,25.0,False
13,TB@CAR,BUCKY_IRVING_1_NFL,bucky irving,receiving_yards,13.5,-118,-110,33.0,False
13,TB@CAR,CHUBA_HUBBARD_1_NFL,chuba hubbard,receiving_yards,7.5,-114,-114,0.0,False
13,TB@CAR,ADAM_THIELEN_1_NFL,adam thielen,receiving_yards,58.5,-114,-114,99.0,False
13,TB@CAR,JONATHON_BROOKS_1_NFL,jonathon brooks,rushing_yards,9.5,-113,-115,18.0,False
13,TB@CAR,CADE_OTTON_1_NFL,cade otton,receiving_yards,20.5,-120,-108,20.0,False
13,TB@CAR,XAVIER_LEGETTE_1_NFL,xavier legette,receiving_yards,58.5,-110,-118,53.0,False
13,TB@CAR,BAKER_MAYFIELD_1_NFL,baker mayfield,passing_yards,244.5,-114,-114,235.0,False
13,TB@CAR,TOMMY_TREMBLE_1_NFL,tommy tremble,receiving_yards,63.5,+100,-130,77.0,False
13,TB@CAR,RACHAAD_WHITE_1_NFL,rachaad white,rushing_yards,42.5,-115,-113,76.0,False
13,TB@CAR,MIKE_EVANS_1_NFL,mike evans,receiving_yards,71.5,+111,-144,118.0,False
13,LA@NO,KYREN_WILLIAMS_1_NFL,kyren williams,receiving_yards,11.5,-113,-121,9.0,False
13,LA@NO,TUTU_ATWELL_1_NFL,tutu atwell,receiving_yards,24.5,-110,,39.0,False
13,LA@NO,DEREK_CARR_1_NFL,derek carr,rushing_yards,1.5,-122,-107,12.0,False
13,LA@NO,FOSTER_MOREAU_1_NFL,foster moreau,receiving_yards,17.5,-114,-118,6.0,False
13,LA@NO,TAYSOM_HILL_1_NFL,taysom hill,passing_yards,0.5,-118,-118,0.0,False
13,LA@NO,ALVIN_KAMARA_1_NFL,alvin kamara,receiving_yards,38.5,-114,-120,7.0,False
13,LA@NO,PUKA_NACUA_1_NFL,puka nacua,receiving_yards,56.5,+116,-152,56.0,False
13,LA@NO,MASON_TIPTON_1_NFL,mason tipton,receiving_yards,24.5,+240,,0.0,False
13,LA@NO,JUWAN_JOHNSON_1_NFL,juwan johnson,receiving_yards,23.5,-115,-118,36.0,False
13,LA@NO,MATTHEW_STAFFORD_1_NFL,matthew stafford,passing_yards,208.5,-117,-120,183.0,False
13,LA@NO,COOPER_KUPP_1_NFL,cooper kupp,receiving_yards,72.5,-118,-115,17.0,False
13,LA@NO,JAMAAL_WILLIAMS_1_NFL,jamaal williams,rushing_yards,24.5,+600,,0.0,False
13,LA@NO,DEMARCUS_ROBINSON_1_NFL,demarcus robinson,receiving_yards,24.5,-120,-111,49.0,False
13,LA@NO,COLBY_PARKINSON_1_NFL,colby parkinson,receiving_yards,24.5,+130,,13.0,False
13,LA@NO,CEDRICK_WILSON_JR_1_NFL,cedrick wilson,receiving_yards,8.5,-110,-120,19.0,False
13,PHI@BAL,KENNETH_GAINWELL_1_NFL,kenneth gainwell,rushing_yards,6.5,-120,-108,0.0,False
13,PHI@BAL,ZAY_FLOWERS_1_NFL,zay flowers,receiving_yards,60.5,-111,-116,74.0,False
13,PHI@BAL,JALEN_HURTS_1_NFL,jalen hurts,passing_yards,118.5,+120,-156,118.0,False
13,PHI@BAL,SAQUON_BARKLEY_1_NFL,saquon barkley,passing_yards,223.5,-114,-107,0.0,False
13,PHI@BAL,AJ_BROWN_1_NFL,aj brown,receiving_yards,93.5,-130,+100,66.0,False
13,PHI@BAL,DERRICK_HENRY_1_NFL,derrick henry,receiving_yards,1.5,-103,-125,29.0,False
13,PHI@BAL,ISAIAH_LIKELY_1_NFL,isaiah likely,receiving_yards,24.5,-116,-111,38.0,False
13,PHI@BAL,JUSTICE_HILL_1_NFL,justice hill,receiving_yards,9.5,-120,-108,15.0,False
13,PHI@BAL,NELSON_AGHOLOR_1_NFL,nelson agholor,receiving_yards,0.5,+1870,-999900,0.0,False
13,PHI@BAL,DALLAS_GOEDERT_1_NFL,dallas goedert,receiving_yards,35.5,+146,-192,35.0,False
13,PHI@BAL,LAMAR_JACKSON_1_NFL,lamar jackson,rushing_yards,40.5,+126,-165,79.0,False
13,PHI@BAL,MARK_ANDREWS_1_NFL,mark andrews,receiving_yards,44.5,-199,+150,67.0,False
13,PHI@BAL,GRANT_CALCATERRA_1_NFL,grant calcaterra,receiving_yards,0.5,+1895,-999900,0.0,False
13,PHI@BAL,RASHOD_BATEMAN_1_NFL,rashod bateman,receiving_yards,9.5,+108,-114,0.0,False
13,SF@BUF,BROCK_PURDY_1_NFL,brock purdy,rushing_yards,19.5,-120,-108,4.0,False
13,SF@BUF,KHALIL_SHAKIR_1_NFL,khalil shakir,receiving_yards,57.5,-123,-105,30.0,False
13,SF@BUF,KYLE_JUSZCZYK_1_NFL,kyle juszczyk,receiving_yards,3.5,-115,-112,0.0,False
13,SF@BUF,JAMES_COOK_1_NFL,james cook,rushing_yards,65.5,-114,-114,107.0,False
13,SF@BUF,GEORGE_KITTLE_1_NFL,george kittle,receiving_yards,18.5,-114,-114,7.0,False
13,SF@BUF,JOSH_ALLEN_1_NFL,josh allen,passing_yards,155.5,-110,-118,148.0,False
13,SF@BUF,RAY_DAVIS_1_NFL,ray davis,rushing_yards,17.5,-114,-114,63.0,False
13,SF@BUF,DAWSON_KNOX_1_NFL,dawson knox,receiving_yards,15.5,+117,-153,56.0,False
13,SF@BUF,CHRISTIAN_MCCAFFREY_1_NFL,christian mccaffrey,receiving_yards,35.5,-123,-105,14.0,False
13,SF@BUF,DEEBO_SAMUEL_1_NFL,deebo samuel,rushing_yards,2.5,-115,-115,0.0,False
13,SF@BUF,MACK_HOLLINS_1_NFL,mack hollins,receiving_yards,16.5,-115,-112,7.0,False
13,SF@BUF,JAUAN_JENNINGS_1_NFL,jauan jennings,receiving_yards,50.5,-115,-112,56.0,False
13,SF@BUF,JORDAN_MASON_1_NFL,jordan mason,rushing_yards,87.5,-120,-110,78.0,False
13,SF@BUF,CURTIS_SAMUEL_1_NFL,curtis samuel,receiving_yards,20.5,-114,-114,0.0,False
13,SF@BUF,BRANDON_ALLEN_1_NFL,brandon allen,passing_yards,,,,0.0,False
14,GB@DET,BO_MELTON_1_NFL,bo melton,receiving_yards,0.5,+400,-600,0.0,False
14,GB@DET,DAVID_MONTGOMERY_1_NFL,david montgomery,rushing_yards,41.5,-115,-115,51.0,False
14,GB@DET,JARED_GOFF_1_NFL,jared goff,rushing_yards,9.5,-245,+182,7.0,False
14,GB@DET,TUCKER_KRAFT_1_NFL,tucker kraft,receiving_yards,41.5,+180,-240,41.0,False
14,GB@DET,JAYDEN_REED_1_NFL,jayden reed,rushing_yards,0.5,+1155,-999900,0.0,False
14,GB@DET,JAMESON_WILLIAMS_1_NFL,jameson williams,rushing_yards,0.5,+1105,-999900,0.0,False
14,GB@DET,AMONRA_ST_BROWN_1_NFL,amonra st brown,receiving_yards,27.5,+135,-180,43.0,False
14,GB@DET,JOSH_JACOBS_1_NFL,josh jacobs,receiving_yards,0.5,+238,-367,0.0,False
14,GB@DET,DONTAYVION_WICKS_1_NFL,dontayvion wicks,receiving_yards,14.5,-115,-113,49.0,False
14,GB@DET,JAHMYR_GIBBS_1_NFL,jahmyr gibbs,receiving_yards,21.5,+125,-164,30.0,False
14,GB@DET,JORDAN_LOVE_1_NFL,jordan love,rushing_yards,23.5,+255,-360,23.0,False
14,GB@DET,SAM_LAPORTA_1_NFL,sam laporta,receiving_yards,54.5,+210,-300,54.0,False
14,GB@DET,BROCK_WRIGHT_1_NFL,brock wright,receiving_yards,0.5,+1035,-999900,0.0,False
14,GB@DET,CHRISTIAN_WATSON_1_NFL,christian watson,receiving_yards,114.5,+232,-365,114.0,False
14,NYJ@MIA,TYLER_CONKLIN_1_NFL,tyler conklin,receiving_yards,21.5,+142,-188,33.0,False
14,NYJ@MIA,DEVON_ACHANE_1_NFL,devon achane,rushing_yards,63.5,-114,-114,24.0,False
14,NYJ@MIA,TYREEK_HILL_1_NFL,tyreek hill,receiving_yards,92.5,-102,-128,115.0,False
14,NYJ@MIA,AARON_RODGERS_1_NFL,aaron rodgers,passing_yards,307.5,-114,-114,339.0,False
14,NYJ@MIA,BRAELON_ALLEN_1_NFL,braelon allen,receiving_yards,23.5,+126,-165,38.0,False
14,NYJ@MIA,MALIK_WASHINGTON_1_NFL,malik washington,rushing_yards,24.5,+950,,0.0,False
14,NYJ@MIA,BREECE_HALL_1_NFL,breece hall,rushing_yards,57.5,-118,-118,0.0,False
14,NYJ@MIA,JAYLEN_WRIGHT_1_NFL,jaylen wright,rushing_yards,20.5,-116,-111,7.0,False
14,NYJ@MIA,ALLEN_LAZARD_1_NFL,allen lazard,receiving_yards,10.5,-118,-110,18.0,False
14,NYJ@MIA,JONNU_SMITH_1_NFL,jonnu smith,rushing_yards,0.5,+540,-1400,0.0,False
14,NYJ@MIA,GARRETT_WILSON_1_NFL,garrett wilson,rushing_yards,0.5,+590,-1730,0.0,False
14,NYJ@MIA,TUA_TAGOVAILOA_1_NFL,tua tagovailoa,rushing_yards,3.5,+200,-275,3.0,False
14,NYJ@MIA,JAYLEN_WADDLE_1_NFL,jaylen waddle,rushing_yards,0.5,+495,-1180,0.0,False
14,NYJ@MIA,JEREMY_RUCKERT_1_NFL,jeremy ruckert,receiving_yards,6.5,-105,-2275,0.0,False
14,NO@NYG,DREW_LOCK_1_NFL,drew lock,passing_yards,191.5,-130,+100,227.0,False
14,NO@NYG,DEREK_CARR_1_NFL,derek carr,rushing_yards,24.5,+1200,-131,12.0,False
14,NO@NYG,FOSTER_MOREAU_1_NFL,foster moreau,receiving_yards,19.5,-114,-114,40.0,False
14,NO@NYG,ALVIN_KAMARA_1_NFL,alvin kamara,receiving_yards,37.5,-115,-112,35.0,False
14,NO@NYG,MASON_TIPTON_1_NFL,mason tipton,receiving_yards,13.5,-110,-110,0.0,False
14,NO@NYG,KENDRE_MILLER_1_NFL,kendre miller,rushing_yards,27.5,-120,-108,32.0,False
14,NO@NYG,JUWAN_JOHNSON_1_NFL,juwan johnson,receiving_yards,33.5,-114,-114,50.0,False
14,NO@NYG,DEVIN_SINGLETARY_1_NFL,devin singletary,rushing_yards,25.5,-115,-112,8.0,False
14,NO@NYG,DARIUS_SLAYTON_1_NFL,darius slayton,receiving_yards,30.5,-114,-114,27.0,False
14,NO@NYG,DANIEL_BELLINGER_1_NFL,daniel bellinger,receiving_yards,12.5,-114,-114,45.0,False
14,NO@NYG,MALIK_NABERS_1_NFL,malik nabers,receiving_yards,59.5,-114,-114,79.0,False
14,NO@NYG,TYRONE_TRACY_1_NFL,tyrone tracy,receiving_yards,15.5,-108,-120,38.0,False
14,NO@NYG,WANDALE_ROBINSON_1_NFL,wandale robinson,rushing_yards,0.5,+525,-1345,0.0,False
14,NO@NYG,CEDRICK_WILSON_JR_1_NFL,cedrick wilson,receiving_yards,2.5,-125,-120,18.0,False
14,NO@NYG,TOMMY_DEVITO_1_NFL,tommy devito,passing_yards,195.5,+106,-127,0.0,False
14,NO@NYG,JAMAAL_WILLIAMS_1_NFL,jamaal williams,receiving_yards,27.5,-101,-119,10.0,False
14,ATL@MIN,JOHNNY_MUNDT_1_NFL,johnny mundt,receiving_yards,16.5,-110,-110,0.0,False
14,ATL@MIN,SAM_DARNOLD_1_NFL,sam darnold,passing_yards,230.5,-120,-125,347.0,False
14,ATL@MIN,KIRK_COUSINS_1_NFL,kirk cousins,rushing_yards,24.5,+1300,,0.0,False
14,ATL@MIN,JORDAN_ADDISON_1_NFL,jordan addison,receiving_yards,133.5,+1480,-999900,133.0,False
14,ATL@MIN,KYLE_PITTS_1_NFL,kyle pitts,receiving_yards,16.5,-115,-113,14.0,False
14,ATL@MIN,AARON_JONES_1_NFL,aaron jones,receiving_yards,6.5,+142,-188,11.0,False
14,ATL@MIN,BIJAN_ROBINSON_1_NFL,bijan robinson,receiving_yards,9.5,+132,-174,9.0,False
14,ATL@MIN,RAYRAY_MCCLOUD_III_1_NFL,rayray mccloud,receiving_yards,98.5,+100,-160,98.0,False
14,ATL@MIN,TYLER_ALLGEIER_1_NFL,tyler allgeier,rushing_yards,59.5,+136,-178,63.0,False
14,ATL@MIN,JUSTIN_JEFFERSON_1_NFL,justin jefferson,receiving_yards,132.5,+1285,-999900,132.0,False
14,ATL@MIN,JALEN_NAILOR_1_NFL,jalen nailor,receiving_yards,12.5,-114,-114,0.0,False
14,ATL@MIN,JOSH_OLIVER_1_NFL,josh oliver,receiving_yards,15.5,-118,-110,26.0,False
14,ATL@MIN,CAM_AKERS_1_NFL,cam akers,rushing_yards,15.5,-110,-118,37.0,False
14,ATL@MIN,DARNELL_MOONEY_1_NFL,darnell mooney,receiving_yards,119.5,+148,-196,142.0,False
14,ATL@MIN,TJ_HOCKENSON_1_NFL,tj hockenson,receiving_yards,59.5,+235,-745,45.0,False
14,ATL@MIN,DRAKE_LONDON_1_NFL,drake london,receiving_yards,47.5,+106,-138,70.0,False
14,JAX@TEN,TRAVIS_ETIENNE_JR_1_NFL,travis etienne,receiving_yards,38.5,-117,-122,50.0,False
14,JAX@TEN,DEVIN_DUVERNAY_1_NFL,devin duvernay,receiving_yards,12.5,-114,-114,8.0,False
14,JAX@TEN,TONY_POLLARD_1_NFL,tony pollard,rushing_yards,68.5,-114,-114,102.0,False
14,JAX@TEN,TANK_BIGSBY_1_NFL,tank bigsby,rushing_yards,34.5,-116,-111,55.0,False
14,JAX@TEN,BRENTON_STRANGE_1_NFL,brenton strange,receiving_yards,7.5,-115,-112,21.0,False
14,JAX@TEN,NICK_WESTBROOKIKHINE_1_NFL,nick westbrookikhine,receiving_yards,42.5,-114,-114,19.0,False
14,JAX@TEN,CHIGOZIEM_OKONOKWO_1_NFL,chigoziem okonokwo,receiving_yards,19.5,-119,-116,8.0,False
14,JAX@TEN,TYJAE_SPEARS_1_NFL,tyjae spears,rushing_yards,24.5,-114,-114,21.0,False
14,JAX@TEN,BRIAN_THOMAS_1_NFL,brian thomas,receiving_yards,64.5,-114,-114,86.0,False
14,JAX@TEN,TYLER_BOYD_1_NFL,tyler boyd,receiving_yards,24.5,-109,-119,7.0,False
14,JAX@TEN,EVAN_ENGRAM_1_NFL,evan engram,receiving_yards,43.5,-115,-112,33.0,False
14,JAX@TEN,WILL_LEVIS_1_NFL,will levis,rushing_yards,19.5,-116,-111,3.0,False
14,JAX@TEN,MAC_JONES_1_NFL,mac jones,passing_yards,199.5,-114,-114,220.0,False
14,JAX@TEN,PARKER_WASHINGTON_1_NFL,parker washington,receiving_yards,34.5,-114,-114,15.0,False
14,JAX@TEN,CALVIN_RIDLEY_1_NFL,calvin ridley,receiving_yards,69.5,-114,-114,59.0,False
14,LV@TB,JALEN_MCMILLAN_1_NFL,jalen mcmillan,receiving_yards,22.5,-114,-114,59.0,False
14,LV@TB,AMEER_ABDULLAH_1_NFL,ameer abdullah,rushing_yards,23.5,-115,-112,1.0,False
14,LV@TB,BUCKY_IRVING_1_NFL,bucky irving,receiving_yards,20.5,-115,-112,15.0,False
14,LV@TB,SINCERE_MCCORMICK_1_NFL,sincere mccormick,receiving_yards,6.5,-119,-109,11.0,False
14,LV@TB,AIDAN_OCONNELL_1_NFL,aidan oconnell,passing_yards,239.5,-115,-112,104.0,False
14,LV@TB,CADE_OTTON_1_NFL,cade otton,receiving_yards,43.5,-114,-114,70.0,False
14,LV@TB,TRE_TUCKER_1_NFL,tre tucker,receiving_yards,30.5,-114,-114,7.0,False
14,LV@TB,MICHAEL_MAYER_1_NFL,michael mayer,receiving_yards,13.5,-115,-112,68.0,False
14,LV@TB,BROCK_BOWERS_1_NFL,brock bowers,rushing_yards,0.5,+375,-500,3.0,False
14,LV@TB,BAKER_MAYFIELD_1_NFL,baker mayfield,passing_yards,255.5,-114,-114,295.0,False
14,LV@TB,JAKOBI_MEYERS_1_NFL,jakobi meyers,receiving_yards,62.5,+135,-196,67.0,False
14,LV@TB,RACHAAD_WHITE_1_NFL,rachaad white,rushing_yards,33.5,-114,-114,90.0,False
14,LV@TB,MIKE_EVANS_1_NFL,mike evans,receiving_yards,76.5,-122,-106,69.0,False
14,CAR@PHI,KENNETH_GAINWELL_1_NFL,kenneth gainwell,rushing_yards,21.5,-114,-114,26.0,False
14,CAR@PHI,JATAVION_SANDERS_1_NFL,jatavion sanders,receiving_yards,14.5,-114,-114,0.0,False
14,CAR@PHI,DAVID_MOORE_1_NFL,david moore,receiving_yards,34.5,-112,-115,25.0,False
14,CAR@PHI,BRYCE_YOUNG_1_NFL,bryce young,rushing_yards,25.5,+240,-342,29.0,False
14,CAR@PHI,JALEN_HURTS_1_NFL,jalen hurts,passing_yards,205.5,-114,-114,108.0,False
14,CAR@PHI,SAQUON_BARKLEY_1_NFL,saquon barkley,receiving_yards,15.5,-125,-103,0.0,False
14,CAR@PHI,DEVONTA_SMITH_1_NFL,devonta smith,receiving_yards,50.5,-114,-114,37.0,False
14,CAR@PHI,AJ_BROWN_1_NFL,aj brown,receiving_yards,78.5,-114,-114,43.0,False
14,CAR@PHI,CHUBA_HUBBARD_1_NFL,chuba hubbard,receiving_yards,11.5,-119,-109,15.0,False
14,CAR@PHI,ADAM_THIELEN_1_NFL,adam thielen,receiving_yards,46.5,-114,-114,102.0,False
14,CAR@PHI,JONATHON_BROOKS_1_NFL,jonathon brooks,rushing_yards,21.5,-114,-114,-3.0,False
14,CAR@PHI,XAVIER_LEGETTE_1_NFL,xavier legette,receiving_yards,35.5,-115,-112,39.0,False
14,CAR@PHI,GRANT_CALCATERRA_1_NFL,grant calcaterra,receiving_yards,24.5,-125,-103,16.0,False
14,CAR@PHI,TOMMY_TREMBLE_1_NFL,tommy tremble,receiving_yards,13.5,-115,-112,3.0,False
14,CLE@PIT,NICK_CHUBB_1_NFL,nick chubb,receiving_yards,3.5,-112,-105,0.0,False
14,CLE@PIT,JAYLEN_WARREN_1_NFL,jaylen warren,receiving_yards,25.5,+108,-140,25.0,False
14,CLE@PIT,ELIJAH_MOORE_1_NFL,elijah moore,rushing_yards,0.5,+420,-870,0.0,False
14,CLE@PIT,DAVID_NJOKU_1_NFL,david njoku,receiving_yards,42.5,+170,-250,42.0,False
14,CLE@PIT,RUSSELL_WILSON_1_NFL,russell wilson,passing_yards,222.5,-114,-114,158.0,False
14,CLE@PIT,JAMEIS_WINSTON_1_NFL,jameis winston,rushing_yards,9.5,-118,-110,28.0,False
14,CLE@PIT,JORDAN_AKINS_1_NFL,jordan akins,receiving_yards,10.5,-113,-118,14.0,False
14,CLE@PIT,JEROME_FORD_1_NFL,jerome ford,rushing_yards,23.5,-120,-108,28.0,False
14,CLE@PIT,PAT_FREIERMUTH_1_NFL,pat freiermuth,receiving_yards,37.5,-114,-114,48.0,False
14,CLE@PIT,CALVIN_AUSTIN_1_NFL,calvin austin,receiving_yards,4.5,+118,-154,4.0,False
14,CLE@PIT,VAN_JEFFERSON_1_NFL,van jefferson,receiving_yards,10.5,-114,-114,10.0,False
14,CLE@PIT,NAJEE_HARRIS_1_NFL,najee harris,receiving_yards,1.5,-115,-113,0.0,False
14,CLE@PIT,GEORGE_PICKENS_1_NFL,george pickens,receiving_yards,70.5,-110,-120,0.0,False
14,CLE@PIT,JERRY_JEUDY_1_NFL,jerry jeudy,receiving_yards,64.5,+172,-255,64.0,False
14,CLE@PIT,DARNELL_WASHINGTON_1_NFL,darnell washington,receiving_yards,0.5,+1295,-999900,0.0,False
14,SEA@ARI,NOAH_FANT_1_NFL,noah fant,receiving_yards,25.5,-112,-115,18.0,False
14,SEA@ARI,GENO_SMITH_1_NFL,geno smith,passing_yards,252.5,-118,-110,233.0,False
14,SEA@ARI,KENNETH_WALKER_III_1_NFL,kenneth walker,rushing_yards,50.5,-115,-114,0.0,False
14,SEA@ARI,KYLER_MURRAY_1_NFL,kyler murray,rushing_yards,10.5,-115,-115,16.0,False
14,SEA@ARI,GREG_DORTCH_1_NFL,greg dortch,receiving_yards,5.5,+290,-485,5.0,False
14,SEA@ARI,ZACH_CHARBONNET_1_NFL,zach charbonnet,rushing_yards,62.5,-114,-114,134.0,False
14,SEA@ARI,TREY_MCBRIDE_1_NFL,trey mcbride,receiving_yards,55.5,-114,-114,70.0,False
14,SEA@ARI,JAMES_CONNER_1_NFL,james conner,rushing_yards,56.5,-115,-115,90.0,False
14,SEA@ARI,JAXON_SMITHNJIGBA_1_NFL,jaxon smithnjigba,receiving_yards,66.5,-123,-105,82.0,False
14,SEA@ARI,MACK_WILSON_1_NFL,mack wilson,receiving_yards,30.5,-114,-114,57.0,False
14,SEA@ARI,TYLER_LOCKETT_1_NFL,tyler lockett,receiving_yards,31.5,-103,-125,0.0,False
14,SEA@ARI,DK_METCALF_1_NFL,dk metcalf,receiving_yards,64.5,-114,-114,49.0,False
14,SEA@ARI,ELIJAH_HIGGINS_1_NFL,elijah higgins,receiving_yards,7.5,-118,-110,0.0,False
14,SEA@ARI,MARVIN_HARRISON_JR_1_NFL,marvin harrison,receiving_yards,34.5,+105,-137,49.0,False
14,SEA@ARI,TREY_BENSON_1_NFL,trey benson,rushing_yards,16.5,-116,-111,15.0,False
14,SEA@ARI,AJ_BARNER_1_NFL,aj barner,receiving_yards,11.5,-111,-116,13.0,False
14,CHI@SF,BROCK_PURDY_1_NFL,brock purdy,rushing_yards,12.5,-115,-115,11.0,False
14,CHI@SF,JAUAN_JENNINGS_1_NFL,jauan jennings,rushing_yards,0.5,+770,-3900,0.0,False
14,CHI@SF,ISAAC_GUERENDO_1_NFL,isaac guerendo,rushing_yards,86.5,-115,-115,78.0,False
14,CHI@SF,DJ_MOORE_1_NFL,dj moore,receiving_yards,54.5,-110,-118,49.0,False
14,CHI@SF,DANDRE_SWIFT_1_NFL,dandre swift,rushing_yards,21.5,-115,-115,38.0,False
14,CHI@SF,GEORGE_KITTLE_1_NFL,george kittle,receiving_yards,151.5,+1005,-999900,151.0,False
14,CHI@SF,KEENAN_ALLEN_1_NFL,keenan allen,receiving_yards,33.5,-115,-113,30.0,False
14,CHI@SF,COLE_KMET_1_NFL,cole kmet,receiving_yards,0.5,+110,-144,0.0,False
14,CHI@SF,CHRISTIAN_MCCAFFREY_1_NFL,christian mccaffrey,receiving_yards,15.5,+115,-135,0.0,False
14,CHI@SF,CHRIS_WILLIAMS_1_NFL,chris williams,rushing_yards,11.5,-115,-115,27.0,False
14,CHI@SF,DEEBO_SAMUEL_1_NFL,deebo samuel,rushing_yards,11.5,-118,-110,13.0,False
14,CHI@SF,JORDAN_MASON_1_NFL,jordan mason,rushing_yards,75.5,-118,-118,0.0,False
14,CHI@SF,ROME_ODUNZE_1_NFL,rome odunze,receiving_yards,42.5,-106,-122,42.0,False
14,CHI@SF,PATRICK_TAYLOR_1_NFL,patrick taylor,rushing_yards,11.5,-118,-118,25.0,False
14,BUF@LA,KHALIL_SHAKIR_1_NFL,khalil shakir,receiving_yards,112.5,-115,-113,106.0,False
14,BUF@LA,KYREN_WILLIAMS_1_NFL,kyren williams,receiving_yards,4.5,+134,-176,10.0,False
14,BUF@LA,TUTU_ATWELL_1_NFL,tutu atwell,receiving_yards,34.5,+198,-270,45.0,False
14,BUF@LA,JAMES_COOK_1_NFL,james cook,rushing_yards,20.5,+158,-210,20.0,False
14,BUF@LA,PUKA_NACUA_1_NFL,puka nacua,receiving_yards,144.5,-113,-115,162.0,False
14,BUF@LA,JOSH_ALLEN_1_NFL,josh allen,passing_yards,366.5,-114,-114,342.0,False
14,BUF@LA,RAY_DAVIS_1_NFL,ray davis,rushing_yards,3.5,-118,-113,0.0,False
14,BUF@LA,MATTHEW_STAFFORD_1_NFL,matthew stafford,passing_yards,314.5,-120,-110,320.0,False
14,BUF@LA,COOPER_KUPP_1_NFL,cooper kupp,receiving_yards,92.5,+1370,-999900,92.0,False
14,BUF@LA,DAWSON_KNOX_1_NFL,dawson knox,receiving_yards,5.5,+142,-188,5.0,False
14,BUF@LA,KEON_COLEMAN_1_NFL,keon coleman,receiving_yards,24.5,-165,,0.0,False
14,BUF@LA,DEMARCUS_ROBINSON_1_NFL,demarcus robinson,receiving_yards,0.5,+128,-168,0.0,False
14,BUF@LA,COLBY_PARKINSON_1_NFL,colby parkinson,receiving_yards,0.5,+142,-188,11.0,False
14,BUF@LA,MACK_HOLLINS_1_NFL,mack hollins,receiving_yards,36.5,+130,-170,57.0,False
14,BUF@LA,CURTIS_SAMUEL_1_NFL,curtis samuel,receiving_yards,15.5,+255,-460,15.0,False
14,LAC@KC,ISIAH_PACHECO_1_NFL,isiah pacheco,rushing_yards,48.5,-113,-115,55.0,False
14,LAC@KC,LADD_MCCONKEY_1_NFL,ladd mcconkey,receiving_yards,59.5,-135,-113,0.0,False
14,LAC@KC,GUS_EDWARDS_1_NFL,gus edwards,receiving_yards,0.5,+1895,-999900,0.0,False
14,LAC@KC,QUENTIN_JOHNSTON_1_NFL,quentin johnston,receiving_yards,48.5,+414,-620,48.0,False
14,LAC@KC,PATRICK_MAHOMES_1_NFL,patrick mahomes,rushing_yards,17.5,-113,-111,17.0,False
14,LAC@KC,NOAH_GRAY_1_NFL,noah gray,receiving_yards,26.5,+1750,-999900,26.0,False
14,LAC@KC,KIMANI_VIDAL_1_NFL,kimani vidal,rushing_yards,34.5,+142,-188,34.0,False
14,LAC@KC,JUSTIN_WATSON_1_NFL,justin watson,receiving_yards,0.5,+1870,-999900,0.0,False
14,LAC@KC,WILL_DISSLY_1_NFL,will dissly,receiving_yards,31.5,-114,-114,19.0,False
14,LAC@KC,JUSTIN_HERBERT_1_NFL,justin herbert,passing_yards,229.5,-122,-115,213.0,False
14,LAC@KC,JOSH_PALMER_1_NFL,josh palmer,receiving_yards,78.5,+406,-620,78.0,False
14,LAC@KC,TRAVIS_KELCE_1_NFL,travis kelce,receiving_yards,39.5,-114,-114,45.0,False
14,LAC@KC,JUJU_SMITHSCHUSTER_1_NFL,juju smithschuster,receiving_yards,31.5,+1615,-999900,31.0,False
14,LAC@KC,XAVIER_WORTHY_1_NFL,xavier worthy,receiving_yards,27.5,+126,-168,41.0,False
15,LA@SF,BROCK_PURDY_1_NFL,brock purdy,rushing_yards,3.5,+516,-1174,3.0,False
15,LA@SF,KYREN_WILLIAMS_1_NFL,kyren williams,receiving_yards,4.5,+1870,-999900,4.0,False
15,LA@SF,TUTU_ATWELL_1_NFL,tutu atwell,receiving_yards,15.5,-120,-110,6.0,False
15,LA@SF,JAUAN_JENNINGS_1_NFL,jauan jennings,rushing_yards,0.5,+1890,-999900,0.0,False
15,LA@SF,ISAAC_GUERENDO_1_NFL,isaac guerendo,rushing_yards,57.5,+144,-190,57.0,False
15,LA@SF,KYLE_JUSZCZYK_1_NFL,kyle juszczyk,receiving_yards,6.5,-120,-110,0.0,False
15,LA@SF,PUKA_NACUA_1_NFL,puka nacua,receiving_yards,97.5,+596,-1049,97.0,False
15,LA@SF,GEORGE_KITTLE_1_NFL,george kittle,receiving_yards,61.5,+170,-230,61.0,False
15,LA@SF,MATTHEW_STAFFORD_1_NFL,matthew stafford,passing_yards,169.5,-115,-115,160.0,False
15,LA@SF,COOPER_KUPP_1_NFL,cooper kupp,receiving_yards,0.5,+1790,-999900,0.0,False
15,LA@SF,CHRISTIAN_MCCAFFREY_1_NFL,christian mccaffrey,receiving_yards,12.5,-120,-101,0.0,False
15,LA@SF,DEMARCUS_ROBINSON_1_NFL,demarcus robinson,receiving_yards,0.5,+306,-430,0.0,False
15,LA@SF,DEEBO_SAMUEL_1_NFL,deebo samuel,rushing_yards,12.5,-115,-130,3.0,False
15,LA@SF,COLBY_PARKINSON_1_NFL,colby parkinson,receiving_yards,9.5,-115,-115,21.0,False
15,MIA@HOU,JOE_MIXON_1_NFL,joe mixon,receiving_yards,23.5,-113,-115,33.0,False
15,MIA@HOU,DEVON_ACHANE_1_NFL,devon achane,rushing_yards,41.5,+242,-328,41.0,False
15,MIA@HOU,TYREEK_HILL_1_NFL,tyreek hill,receiving_yards,36.5,+165,-225,36.0,False
15,MIA@HOU,DALTON_SCHULTZ_1_NFL,dalton schultz,receiving_yards,16.5,-108,-120,13.0,False
15,MIA@HOU,TANK_DELL_1_NFL,tank dell,receiving_yards,26.5,+254,-360,26.0,False
15,MIA@HOU,CADE_STOVER_1_NFL,cade stover,receiving_yards,10.5,-114,-114,0.0,False
15,MIA@HOU,MALIK_WASHINGTON_1_NFL,malik washington,rushing_yards,0.5,-115,-115,0.0,False
15,MIA@HOU,RAHEEM_MOSTERT_1_NFL,raheem mostert,rushing_yards,11.5,-114,-114,8.0,False
15,MIA@HOU,CJ_STROUD_1_NFL,cj stroud,passing_yards,131.5,+106,-138,131.0,False
15,MIA@HOU,NICO_COLLINS_1_NFL,nico collins,receiving_yards,17.5,+623,-1299,17.0,False
15,MIA@HOU,JOHN_METCHIE_III_1_NFL,john metchie,rushing_yards,0.5,+105,-135,0.0,False
15,MIA@HOU,JONNU_SMITH_1_NFL,jonnu smith,rushing_yards,0.5,+1190,-999900,0.0,False
15,MIA@HOU,TUA_TAGOVAILOA_1_NFL,tua tagovailoa,rushing_yards,0.5,+1785,-999900,0.0,False
15,MIA@HOU,JULIAN_HILL_1_NFL,julian hill,receiving_yards,0.5,+1740,-999900,0.0,False
15,MIA@HOU,JAYLEN_WADDLE_1_NFL,jaylen waddle,receiving_yards,30.5,-114,-114,0.0,False
15,BAL@NYG,ZAY_FLOWERS_1_NFL,zay flowers,receiving_yards,53.5,+1320,-999900,53.0,False
15,BAL@NYG,MALIK_NABERS_1_NFL,malik nabers,rushing_yards,0.5,+1750,-999900,0.0,False
15,BAL@NYG,DERRICK_HENRY_1_NFL,derrick henry,receiving_yards,0.5,-125,-105,0.0,False
15,BAL@NYG,ISAIAH_LIKELY_1_NFL,isaiah likely,receiving_yards,17.5,+316,-476,17.0,False
15,BAL@NYG,DARIUS_SLAYTON_1_NFL,darius slayton,rushing_yards,0.5,+110,-145,0.0,False
15,BAL@NYG,JUSTICE_HILL_1_NFL,justice hill,receiving_yards,18.5,+142,-188,61.0,False
15,BAL@NYG,LAMAR_JACKSON_1_NFL,lamar jackson,rushing_yards,54.5,-115,-115,65.0,False
15,BAL@NYG,MARK_ANDREWS_1_NFL,mark andrews,receiving_yards,24.5,+122,-160,24.0,False
15,BAL@NYG,DANIEL_BELLINGER_1_NFL,daniel bellinger,receiving_yards,35.5,+710,-4175,35.0,False
15,BAL@NYG,TOMMY_DEVITO_1_NFL,tommy devito,rushing_yards,9.5,-115,-115,0.0,False
15,BAL@NYG,RASHOD_BATEMAN_1_NFL,rashod bateman,receiving_yards,80.5,+324,-480,80.0,False
15,BAL@NYG,TYRONE_TRACY_1_NFL,tyrone tracy,receiving_yards,19.5,-108,-120,4.0,False
15,BAL@NYG,WANDALE_ROBINSON_1_NFL,wandale robinson,rushing_yards,0.5,+110,-145,0.0,False
15,CIN@TEN,TONY_POLLARD_1_NFL,tony pollard,rushing_yards,45.5,+1370,-999900,45.0,False
15,CIN@TEN,JOE_BURROW_1_NFL,joe burrow,passing_yards,278.5,-110,-118,271.0,False
15,CIN@TEN,NICK_WESTBROOKIKHINE_1_NFL,nick westbrookikhine,receiving_yards,10.5,-110,-118,9.0,False
15,CIN@TEN,CALVIN_RIDLEY_1_NFL,calvin ridley,rushing_yards,24.5,+360,-125,19.0,False
15,CIN@TEN,CHIGOZIEM_OKONOKWO_1_NFL,chigoziem okonokwo,receiving_yards,25.5,-114,-114,59.0,False
15,CIN@TEN,TYJAE_SPEARS_1_NFL,tyjae spears,rushing_yards,18.5,-115,-115,5.0,False
15,CIN@TEN,CHASE_BROWN_1_NFL,chase brown,receiving_yards,31.5,-114,-114,16.0,False
15,CIN@TEN,TANNER_HUDSON_1_NFL,tanner hudson,receiving_yards,6.5,-108,-120,9.0,False
15,CIN@TEN,DREW_SAMPLE_1_NFL,drew sample,receiving_yards,8.5,-114,-999900,8.0,False
15,CIN@TEN,TYLER_BOYD_1_NFL,tyler boyd,rushing_yards,0.5,+100,-130,0.0,False
15,CIN@TEN,JAMARR_CHASE_1_NFL,jamarr chase,rushing_yards,1.5,-115,-115,0.0,False
15,CIN@TEN,ANDREI_IOSIVAS_1_NFL,andrei iosivas,receiving_yards,5.5,+1895,-999900,5.0,False
15,CIN@TEN,WILL_LEVIS_1_NFL,will levis,rushing_yards,16.5,-115,-114,0.0,False
15,CIN@TEN,MIKE_GESICKI_1_NFL,mike gesicki,receiving_yards,22.5,-115,-114,37.0,False
15,CIN@TEN,TEE_HIGGINS_1_NFL,tee higgins,receiving_yards,67.5,-118,-115,88.0,False
15,CIN@TEN,CAMERON_SAMPLE_1_NFL,cameron sample,receiving_yards,9.5,-115,,0.0,False
15,NYJ@JAX,TYLER_CONKLIN_1_NFL,tyler conklin,receiving_yards,24.5,+155,-114,0.0,False
15,NYJ@JAX,TRAVIS_ETIENNE_JR_1_NFL,travis etienne,receiving_yards,20.5,+148,-196,20.0,False
15,NYJ@JAX,DEVIN_DUVERNAY_1_NFL,devin duvernay,receiving_yards,15.5,-114,-114,42.0,False
15,NYJ@JAX,TANK_BIGSBY_1_NFL,tank bigsby,rushing_yards,42.5,+253,-350,42.0,False
15,NYJ@JAX,BRENTON_STRANGE_1_NFL,brenton strange,receiving_yards,74.5,+130,-170,73.0,False
15,NYJ@JAX,ASHTYN_DAVIS_1_NFL,ashtyn davis,rushing_yards,34.5,-130,,21.0,False
15,NYJ@JAX,AARON_RODGERS_1_NFL,aaron rodgers,passing_yards,232.5,-114,-114,289.0,False
15,NYJ@JAX,BRAELON_ALLEN_1_NFL,braelon allen,receiving_yards,0.5,+105,-135,0.0,False
15,NYJ@JAX,BREECE_HALL_1_NFL,breece hall,rushing_yards,44.5,-105,-123,30.0,False
15,NYJ@JAX,BRIAN_THOMAS_1_NFL,brian thomas,receiving_yards,105.5,+256,-360,105.0,False
15,NYJ@JAX,MAC_JONES_1_NFL,mac jones,rushing_yards,24.5,+140,-184,29.0,False
15,NYJ@JAX,ISAIAH_DAVIS_1_NFL,isaiah davis,rushing_yards,10.5,-127,-115,24.0,False
15,NYJ@JAX,TREVOR_LAWRENCE_1_NFL,trevor lawrence,rushing_yards,53.5,-101,-118,0.0,False
15,NYJ@JAX,ALLEN_LAZARD_1_NFL,allen lazard,receiving_yards,0.5,+100,-130,0.0,False
15,NYJ@JAX,EVAN_ENGRAM_1_NFL,evan engram,receiving_yards,39.5,-110,-117,0.0,False
15,NYJ@JAX,GABRIEL_DAVIS_1_NFL,gabriel davis,receiving_yards,66.5,-117,-102,0.0,False
15,NYJ@JAX,GARRETT_WILSON_1_NFL,garrett wilson,receiving_yards,64.5,-113,-115,56.0,False
15,NYJ@JAX,PARKER_WASHINGTON_1_NFL,parker washington,receiving_yards,30.5,-118,-110,54.0,False
15,NYJ@JAX,JEREMY_RUCKERT_1_NFL,jeremy ruckert,receiving_yards,12.5,+135,-175,12.0,False
15,NYJ@JAX,TIM_JONES_1_NFL,tim jones,receiving_yards,1.5,-115,-115,0.0,False
15,WAS@NO,ZACH_ERTZ_1_NFL,zach ertz,receiving_yards,24.5,-114,-114,25.0,False
15,WAS@NO,DEREK_CARR_1_NFL,derek carr,rushing_yards,10.5,-117,-103,0.0,False
15,WAS@NO,TERRY_MCLAURIN_1_NFL,terry mclaurin,receiving_yards,73.5,+208,-311,73.0,False
15,WAS@NO,FOSTER_MOREAU_1_NFL,foster moreau,receiving_yards,6.5,-114,-114,39.0,False
15,WAS@NO,LUKE_MCCAFFREY_1_NFL,luke mccaffrey,receiving_yards,9.5,-118,-110,0.0,False
15,WAS@NO,DYAMI_BROWN_1_NFL,dyami brown,rushing_yards,0.5,+280,-400,0.0,False
15,WAS@NO,ALVIN_KAMARA_1_NFL,alvin kamara,receiving_yards,71.5,-108,-120,58.0,False
15,WAS@NO,OLAMIDE_ZACCHEAUS_1_NFL,olamide zaccheaus,receiving_yards,18.5,-119,-109,36.0,False
15,WAS@NO,JAYDEN_DANIELS_1_NFL,jayden daniels,rushing_yards,66.5,+110,-145,66.0,False
15,WAS@NO,JAKE_HAENER_1_NFL,jake haener,passing_yards,187.5,-114,-114,49.0,False
15,WAS@NO,KENDRE_MILLER_1_NFL,kendre miller,receiving_yards,0.5,+280,-400,0.0,False
15,WAS@NO,JUWAN_JOHNSON_1_NFL,juwan johnson,receiving_yards,9.5,-120,-125,12.0,False
15,WAS@NO,JAMAAL_WILLIAMS_1_NFL,jamaal williams,rushing_yards,29.5,-124,+104,0.0,False
15,WAS@NO,JEREMY_MCNICHOLS_1_NFL,jeremy mcnichols,rushing_yards,12.5,-137,+106,4.0,False
15,WAS@NO,BRIAN_ROBINSON_1_NFL,brian robinson,rushing_yards,65.5,-115,-115,65.0,False
15,KC@CLE,ISIAH_PACHECO_1_NFL,isiah pacheco,rushing_yards,62.5,-114,-114,32.0,False
15,KC@CLE,CEDRIC_TILLMAN_1_NFL,cedric tillman,receiving_yards,49.5,+110,,0.0,False
15,KC@CLE,JEROME_FORD_1_NFL,jerome ford,receiving_yards,17.5,-114,-114,20.0,False
15,KC@CLE,NICK_CHUBB_1_NFL,nick chubb,receiving_yards,4.5,-106,-122,0.0,False
15,KC@CLE,SAMAJE_PERINE_1_NFL,samaje perine,rushing_yards,0.5,-115,-115,11.0,False
15,KC@CLE,PATRICK_MAHOMES_1_NFL,patrick mahomes,rushing_yards,15.5,-119,-109,14.0,False
15,KC@CLE,NOAH_GRAY_1_NFL,noah gray,receiving_yards,25.5,-111,-116,21.0,False
15,KC@CLE,KAREEM_HUNT_1_NFL,kareem hunt,rushing_yards,22.5,-116,-111,45.0,False
15,KC@CLE,ELIJAH_MOORE_1_NFL,elijah moore,rushing_yards,0.5,+105,-135,0.0,False
15,KC@CLE,DAVID_NJOKU_1_NFL,david njoku,receiving_yards,48.5,-118,-118,0.0,False
15,KC@CLE,JAMEIS_WINSTON_1_NFL,jameis winston,rushing_yards,10.5,-116,-111,-2.0,False
15,KC@CLE,JORDAN_AKINS_1_NFL,jordan akins,receiving_yards,26.5,-114,-114,30.0,False
15,KC@CLE,JUSTIN_WATSON_1_NFL,justin watson,receiving_yards,8.5,-110,-118,0.0,False
15,KC@CLE,TRAVIS_KELCE_1_NFL,travis kelce,rushing_yards,0.5,+110,-145,0.0,False
15,KC@CLE,JUJU_SMITHSCHUSTER_1_NFL,juju smithschuster,receiving_yards,7.5,+250,-340,7.0,False
15,KC@CLE,JERRY_JEUDY_1_NFL,jerry jeudy,receiving_yards,70.5,-114,-114,108.0,False
15,KC@CLE,XAVIER_WORTHY_1_NFL,xavier worthy,receiving_yards,36.5,-112,-115,46.0,False
15,DAL@CAR,DAVID_MOORE_1_NFL,david moore,receiving_yards,27.5,-115,-115,19.0,False
15,DAL@CAR,BRYCE_YOUNG_1_NFL,bryce young,rushing_yards,17.5,-123,-105,12.0,False
15,DAL@CAR,JAKE_FERGUSON_1_NFL,jake ferguson,receiving_yards,23.5,+890,-99900,23.0,False
15,DAL@CAR,KAVONTAE_TURPIN_1_NFL,kavontae turpin,receiving_yards,10.5,-118,-110,0.0,False
15,DAL@CAR,CHUBA_HUBBARD_1_NFL,chuba hubbard,receiving_yards,17.5,+575,-1985,17.0,False
15,DAL@CAR,RICO_DOWDLE_1_NFL,rico dowdle,receiving_yards,0.5,+1330,-999900,0.0,False
15,DAL@CAR,ADAM_THIELEN_1_NFL,adam thielen,receiving_yards,51.5,+106,-138,51.0,False
15,DAL@CAR,XAVIER_LEGETTE_1_NFL,xavier legette,receiving_yards,19.5,-113,-115,7.0,False
15,DAL@CAR,LUKE_SCHOONMAKER_1_NFL,luke schoonmaker,receiving_yards,0.5,+1285,-8670,0.0,False
15,DAL@CAR,TOMMY_TREMBLE_1_NFL,tommy tremble,receiving_yards,14.5,-110,-120,15.0,False
15,DAL@CAR,BRANDIN_COOKS_1_NFL,brandin cooks,receiving_yards,22.5,+138,-114,34.0,False
15,DAL@CAR,COOPER_RUSH_1_NFL,cooper rush,rushing_yards,2.5,-123,-104,5.0,False
15,DAL@CAR,CEEDEE_LAMB_1_NFL,ceedee lamb,receiving_yards,130.5,-115,-113,116.0,False
15,DAL@CAR,JALEN_TOLBERT_1_NFL,jalen tolbert,receiving_yards,11.5,+1235,-999900,11.0,False
15,TB@LAC,LADD_MCCONKEY_1_NFL,ladd mcconkey,receiving_yards,71.5,-114,-114,58.0,False
15,TB@LAC,JALEN_MCMILLAN_1_NFL,jalen mcmillan,receiving_yards,75.5,+262,-370,75.0,False
15,TB@LAC,GUS_EDWARDS_1_NFL,gus edwards,receiving_yards,0.5,+145,-190,0.0,False
15,TB@LAC,BUCKY_IRVING_1_NFL,bucky irving,receiving_yards,14.5,-118,-110,-4.0,False
15,TB@LAC,QUENTIN_JOHNSTON_1_NFL,quentin johnston,receiving_yards,38.5,-112,-115,45.0,False
15,TB@LAC,CADE_OTTON_1_NFL,cade otton,receiving_yards,37.5,-114,-114,24.0,False
15,TB@LAC,KIMANI_VIDAL_1_NFL,kimani vidal,receiving_yards,13.5,+248,-384,13.0,False
15,TB@LAC,BAKER_MAYFIELD_1_NFL,baker mayfield,passing_yards,259.5,-125,-120,288.0,False
15,TB@LAC,RACHAAD_WHITE_1_NFL,rachaad white,rushing_yards,40.5,-114,-114,64.0,False
15,TB@LAC,JUSTIN_HERBERT_1_NFL,justin herbert,passing_yards,204.5,-120,-110,195.0,False
15,TB@LAC,JOSH_PALMER_1_NFL,josh palmer,receiving_yards,41.5,-114,-114,10.0,False
15,TB@LAC,MIKE_EVANS_1_NFL,mike evans,receiving_yards,159.5,+243,-350,159.0,False
15,TB@LAC,STONE_SMARTT_1_NFL,stone smartt,receiving_yards,32.5,-114,-114,50.0,False
15,NE@ARI,KENDRICK_BOURNE_1_NFL,kendrick bourne,rushing_yards,0.5,+100,-130,0.0,False
15,NE@ARI,DEMARIO_DOUGLAS_1_NFL,demario douglas,rushing_yards,0.5,+110,-145,0.0,False
15,NE@ARI,KYLER_MURRAY_1_NFL,kyler murray,rushing_yards,11.5,+142,-188,11.0,False
15,NE@ARI,KAYSHON_BOUTTE_1_NFL,kayshon boutte,receiving_yards,19.5,+271,-432,19.0,False
15,NE@ARI,JAMES_CONNER_1_NFL,james conner,receiving_yards,13.5,+148,-196,28.0,False
15,NE@ARI,ANTONIO_GIBSON_1_NFL,antonio gibson,receiving_yards,39.5,+185,-110,31.0,False
15,NE@ARI,TREY_MCBRIDE_1_NFL,trey mcbride,receiving_yards,53.5,+233,-326,87.0,False
15,NE@ARI,RHAMONDRE_STEVENSON_1_NFL,rhamondre stevenson,rushing_yards,49.5,-114,-114,69.0,False
15,NE@ARI,MACK_WILSON_1_NFL,mack wilson,receiving_yards,9.5,+1440,-999900,9.0,False
15,NE@ARI,AUSTIN_HOOPER_1_NFL,austin hooper,receiving_yards,20.5,-112,-115,38.0,False
15,NE@ARI,HUNTER_HENRY_1_NFL,hunter henry,receiving_yards,25.5,-110,-120,25.0,False
15,NE@ARI,JALYNN_POLK_1_NFL,jalynn polk,receiving_yards,5.5,-118,-110,0.0,False
15,NE@ARI,TREY_BENSON_1_NFL,trey benson,receiving_yards,0.5,-115,-115,0.0,False
15,NE@ARI,MARVIN_HARRISON_JR_1_NFL,marvin harrison,receiving_yards,32.5,+1370,-999900,32.0,False
15,BUF@DET,KHALIL_SHAKIR_1_NFL,khalil shakir,receiving_yards,61.5,-114,-114,39.0,False
15,BUF@DET,DAVID_MONTGOMERY_1_NFL,david montgomery,rushing_yards,57.5,-111,-116,4.0,False
15,BUF@DET,JARED_GOFF_1_NFL,jared goff,rushing_yards,10.5,+146,-192,13.0,False
15,BUF@DET,JAMESON_WILLIAMS_1_NFL,jameson williams,rushing_yards,1.5,-110,-120,0.0,False
15,BUF@DET,JAMES_COOK_1_NFL,james cook,rushing_yards,46.5,-114,-114,105.0,False
15,BUF@DET,AMONRA_ST_BROWN_1_NFL,amonra st brown,receiving_yards,184.5,-118,-110,193.0,False
15,BUF@DET,JAHMYR_GIBBS_1_NFL,jahmyr gibbs,receiving_yards,65.5,-110,-114,83.0,False
15,BUF@DET,JOSH_ALLEN_1_NFL,josh allen,passing_yards,287.5,-125,-120,362.0,False
15,BUF@DET,DAWSON_KNOX_1_NFL,dawson knox,receiving_yards,10.5,-118,-110,42.0,False
15,BUF@DET,SAM_LAPORTA_1_NFL,sam laporta,receiving_yards,88.5,-113,-115,111.0,False
15,BUF@DET,KEON_COLEMAN_1_NFL,keon coleman,receiving_yards,64.5,+1865,-999900,64.0,False
15,BUF@DET,DALTON_KINCAID_1_NFL,dalton kincaid,receiving_yards,30.5,-112,-115,53.0,False
15,PIT@PHI,KENNETH_GAINWELL_1_NFL,kenneth gainwell,rushing_yards,11.5,-114,-114,20.0,False
15,PIT@PHI,JALEN_HURTS_1_NFL,jalen hurts,passing_yards,196.5,-111,-116,290.0,False
15,PIT@PHI,SAQUON_BARKLEY_1_NFL,saquon barkley,receiving_yards,12.5,-114,-114,9.0,False
15,PIT@PHI,DEVONTA_SMITH_1_NFL,devonta smith,receiving_yards,47.5,-118,-110,109.0,False
15,PIT@PHI,AJ_BROWN_1_NFL,aj brown,receiving_yards,84.5,-130,+100,110.0,False
15,PIT@PHI,JAYLEN_WARREN_1_NFL,jaylen warren,receiving_yards,20.5,-114,-114,3.0,False
15,PIT@PHI,RUSSELL_WILSON_1_NFL,russell wilson,passing_yards,190.5,-114,-114,128.0,False
15,PIT@PHI,GRANT_CALCATERRA_1_NFL,grant calcaterra,receiving_yards,22.5,+240,-350,22.0,False
15,PIT@PHI,PAT_FREIERMUTH_1_NFL,pat freiermuth,receiving_yards,22.5,+239,-370,22.0,False
15,PIT@PHI,CALVIN_AUSTIN_1_NFL,calvin austin,receiving_yards,65.5,+146,-196,65.0,False
15,PIT@PHI,VAN_JEFFERSON_1_NFL,van jefferson,receiving_yards,20.5,-114,-114,0.0,False
15,PIT@PHI,NAJEE_HARRIS_1_NFL,najee harris,receiving_yards,13.5,-111,-116,7.0,False
15,PIT@PHI,DARNELL_WASHINGTON_1_NFL,darnell washington,receiving_yards,11.5,-110,-118,0.0,False
15,IND@DEN,DEVAUGHN_VELE_1_NFL,devaughn vele,receiving_yards,2.5,-125,-105,0.0,False
15,IND@DEN,JOSH_DOWNS_1_NFL,josh downs,rushing_yards,0.5,+110,-145,0.0,False
15,IND@DEN,JOSH_REYNOLDS_1_NFL,josh reynolds,receiving_yards,11.5,+101,-122,0.0,False
15,IND@DEN,ADAM_TRAUTMAN_1_NFL,adam trautman,receiving_yards,20.5,+232,-320,20.0,False
15,IND@DEN,ANTHONY_RICHARDSON_1_NFL,anthony richardson,passing_yards,158.5,-115,-113,172.0,False
15,IND@DEN,KYLEN_GRANSON_1_NFL,kylen granson,receiving_yards,48.5,+105,-135,47.0,False
15,IND@DEN,COURTLAND_SUTTON_1_NFL,courtland sutton,receiving_yards,13.5,-110,-120,32.0,False
15,IND@DEN,MARVIN_MIMS_JR_1_NFL,marvin mims,receiving_yards,21.5,-120,-117,20.0,False
15,IND@DEN,JAVONTE_WILLIAMS_1_NFL,javonte williams,rushing_yards,17.5,-105,-125,15.0,False
15,IND@DEN,MO_ALIECOX_1_NFL,mo aliecox,receiving_yards,24.5,+600,,0.0,False
15,IND@DEN,ALEC_PIERCE_1_NFL,alec pierce,receiving_yards,3.5,-115,-115,0.0,False
15,IND@DEN,GREG_DULCICH_1_NFL,greg dulcich,receiving_yards,21.5,-114,-106,0.0,False
15,IND@DEN,JONATHAN_TAYLOR_1_NFL,jonathan taylor,receiving_yards,5.5,+110,-145,4.0,False
15,IND@DEN,BO_NIX_1_NFL,bo nix,rushing_yards,23.5,-156,+120,23.0,False
15,IND@DEN,MICHAEL_PITTMAN_1_NFL,michael pittman,receiving_yards,52.5,-115,-113,58.0,False
15,IND@DEN,JALEEL_MCLAUGHLIN_1_NFL,jaleel mclaughlin,receiving_yards,13.5,-105,-125,13.0,False
15,IND@DEN,LILJORDAN_HUMPHREY_1_NFL,liljordan humphrey,receiving_yards,1.5,-105,-125,0.0,False
15,IND@DEN,TROY_FRANKLIN_1_NFL,troy franklin,rushing_yards,0.5,+110,-145,0.0,False
15,IND@DEN,TREY_SERMON_1_NFL,trey sermon,rushing_yards,24.5,+850,,3.0,False
15,GB@SEA,NOAH_FANT_1_NFL,noah fant,receiving_yards,15.5,+206,-310,15.0,False
15,GB@SEA,GENO_SMITH_1_NFL,geno smith,passing_yards,151.5,-130,+100,149.0,False
15,GB@SEA,TUCKER_KRAFT_1_NFL,tucker kraft,receiving_yards,34.5,+280,-390,34.0,False
15,GB@SEA,JAYDEN_REED_1_NFL,jayden reed,rushing_yards,24.5,+500,-135,27.0,False
15,GB@SEA,ZACH_CHARBONNET_1_NFL,zach charbonnet,rushing_yards,54.5,+208,-309,54.0,False
15,GB@SEA,JOSH_JACOBS_1_NFL,josh jacobs,receiving_yards,42.5,+120,-155,42.0,False
15,GB@SEA,DONTAYVION_WICKS_1_NFL,dontayvion wicks,receiving_yards,14.5,+288,-400,14.0,False
15,GB@SEA,JORDAN_LOVE_1_NFL,jordan love,rushing_yards,4.5,+150,-200,4.0,False
15,GB@SEA,JAXON_SMITHNJIGBA_1_NFL,jaxon smithnjigba,receiving_yards,83.5,+315,-475,83.0,False
15,GB@SEA,CHRISTIAN_WATSON_1_NFL,christian watson,rushing_yards,0.5,+225,-310,0.0,False
15,GB@SEA,TYLER_LOCKETT_1_NFL,tyler lockett,receiving_yards,22.5,+213,-321,22.0,False
15,GB@SEA,DK_METCALF_1_NFL,dk metcalf,receiving_yards,28.5,+350,-525,28.0,False
15,GB@SEA,ROMEO_DOUBS_1_NFL,romeo doubs,receiving_yards,40.5,+110,-145,40.0,False
15,GB@SEA,SAM_HOWELL_1_NFL,sam howell,passing_yards,72.5,-115,-115,24.0,False
16,DEN@LAC,DEVAUGHN_VELE_1_NFL,devaughn vele,receiving_yards,21.5,+255,-450,21.0,False
16,DEN@LAC,ADAM_TRAUTMAN_1_NFL,adam trautman,receiving_yards,5.5,-110,-120,5.0,False
16,DEN@LAC,LADD_MCCONKEY_1_NFL,ladd mcconkey,receiving_yards,68.5,+100,-130,87.0,False
16,DEN@LAC,GUS_EDWARDS_1_NFL,gus edwards,receiving_yards,3.5,+220,-375,3.0,False
16,DEN@LAC,QUENTIN_JOHNSTON_1_NFL,quentin johnston,receiving_yards,18.5,+1540,-999900,18.0,False
16,DEN@LAC,LUCAS_KRULL_1_NFL,lucas krull,receiving_yards,7.5,-110,-120,21.0,False
16,DEN@LAC,COURTLAND_SUTTON_1_NFL,courtland sutton,receiving_yards,66.5,-115,-115,50.0,False
16,DEN@LAC,MARVIN_MIMS_JR_1_NFL,marvin mims,receiving_yards,62.5,+215,-365,62.0,False
16,DEN@LAC,JAVONTE_WILLIAMS_1_NFL,javonte williams,rushing_yards,24.5,+257,-388,24.0,False
16,DEN@LAC,KIMANI_VIDAL_1_NFL,kimani vidal,receiving_yards,0.5,+251,-344,0.0,False
16,DEN@LAC,STONE_SMARTT_1_NFL,stone smartt,receiving_yards,37.5,+329,-492,37.0,False
16,DEN@LAC,BO_NIX_1_NFL,bo nix,rushing_yards,25.5,+715,-4365,25.0,False
16,DEN@LAC,AUDRIC_ESTIME_1_NFL,audric estime,receiving_yards,1.5,-110,-120,0.0,False
16,DEN@LAC,JUSTIN_HERBERT_1_NFL,justin herbert,passing_yards,252.5,-115,-115,284.0,False
16,DEN@LAC,JOSH_PALMER_1_NFL,josh palmer,receiving_yards,41.5,+1555,-999900,41.0,False
16,DEN@LAC,LILJORDAN_HUMPHREY_1_NFL,liljordan humphrey,receiving_yards,7.5,-125,-105,0.0,False
16,DEN@LAC,TROY_FRANKLIN_1_NFL,troy franklin,rushing_yards,0.5,+110,-145,0.0,False
16,DEN@LAC,JOSH_REYNOLDS_1_NFL,josh reynolds,receiving_yards,24.5,-110,-110,0.0,False
16,HOU@KC,JOE_MIXON_1_NFL,joe mixon,receiving_yards,22.5,-110,-118,14.0,False
16,HOU@KC,ISIAH_PACHECO_1_NFL,isiah pacheco,rushing_yards,33.5,-115,-115,26.0,False
16,HOU@KC,SAMAJE_PERINE_1_NFL,samaje perine,rushing_yards,1.5,+105,-135,0.0,False
16,HOU@KC,PATRICK_MAHOMES_1_NFL,patrick mahomes,rushing_yards,34.5,-178,+136,33.0,False
16,HOU@KC,DALTON_SCHULTZ_1_NFL,dalton schultz,receiving_yards,45.5,+225,-380,45.0,False
16,HOU@KC,TANK_DELL_1_NFL,tank dell,receiving_yards,42.5,-130,-115,98.0,False
16,HOU@KC,NOAH_GRAY_1_NFL,noah gray,receiving_yards,10.5,+710,-4190,10.0,False
16,HOU@KC,CJ_STROUD_1_NFL,cj stroud,passing_yards,270.5,-120,-117,244.0,False
16,HOU@KC,NICO_COLLINS_1_NFL,nico collins,receiving_yards,60.5,+171,-251,60.0,False
16,HOU@KC,JUSTIN_WATSON_1_NFL,justin watson,receiving_yards,5.5,-108,-135,0.0,False
16,HOU@KC,TRAVIS_KELCE_1_NFL,travis kelce,rushing_yards,0.5,+105,-135,0.0,False
16,HOU@KC,ROBERT_WOODS_1_NFL,robert woods,receiving_yards,19.5,+295,-560,19.0,False
16,HOU@KC,JUJU_SMITHSCHUSTER_1_NFL,juju smithschuster,receiving_yards,24.5,+1500,-105,0.0,False
16,HOU@KC,XAVIER_WORTHY_1_NFL,xavier worthy,receiving_yards,65.5,+250,-391,65.0,False
16,PIT@BAL,ZAY_FLOWERS_1_NFL,zay flowers,receiving_yards,63.5,-114,-114,100.0,False
16,PIT@BAL,TYLAN_WALLACE_1_NFL,tylan wallace,receiving_yards,10.5,-149,+115,0.0,False
16,PIT@BAL,DERRICK_HENRY_1_NFL,derrick henry,receiving_yards,0.5,+116,-152,27.0,False
16,PIT@BAL,ISAIAH_LIKELY_1_NFL,isaiah likely,receiving_yards,26.5,-114,-114,29.0,False
16,PIT@BAL,JAYLEN_WARREN_1_NFL,jaylen warren,receiving_yards,22.5,-114,-114,44.0,False
16,PIT@BAL,JUSTICE_HILL_1_NFL,justice hill,receiving_yards,22.5,-108,-120,0.0,False
16,PIT@BAL,RUSSELL_WILSON_1_NFL,russell wilson,passing_yards,242.5,-115,-115,217.0,False
16,PIT@BAL,LAMAR_JACKSON_1_NFL,lamar jackson,rushing_yards,25.5,+122,-160,22.0,False
16,PIT@BAL,MARK_ANDREWS_1_NFL,mark andrews,receiving_yards,36.5,-114,-114,37.0,False
16,PIT@BAL,PAT_FREIERMUTH_1_NFL,pat freiermuth,receiving_yards,37.5,-114,-114,16.0,False
16,PIT@BAL,CALVIN_AUSTIN_1_NFL,calvin austin,receiving_yards,65.5,+255,-400,65.0,False
16,PIT@BAL,VAN_JEFFERSON_1_NFL,van jefferson,receiving_yards,19.5,-111,-116,27.0,False
16,PIT@BAL,RASHOD_BATEMAN_1_NFL,rashod bateman,receiving_yards,34.5,-114,-114,14.0,False
16,PIT@BAL,NAJEE_HARRIS_1_NFL,najee harris,receiving_yards,12.5,-114,-114,0.0,False
16,PIT@BAL,DARNELL_WASHINGTON_1_NFL,darnell washington,receiving_yards,7.5,-127,-102,0.0,False
16,DET@CHI,ROME_ODUNZE_1_NFL,rome odunze,rushing_yards,0.5,+105,-135,0.0,False
16,DET@CHI,JARED_GOFF_1_NFL,jared goff,rushing_yards,0.5,+105,-135,-1.0,False
16,DET@CHI,DJ_MOORE_1_NFL,dj moore,receiving_yards,59.5,-114,-114,68.0,False
16,DET@CHI,JAMESON_WILLIAMS_1_NFL,jameson williams,rushing_yards,24.5,+1200,-110,7.0,False
16,DET@CHI,DANDRE_SWIFT_1_NFL,dandre swift,rushing_yards,60.5,-114,-114,20.0,False
16,DET@CHI,AMONRA_ST_BROWN_1_NFL,amonra st brown,receiving_yards,72.5,-114,-114,70.0,False
16,DET@CHI,CHRIS_WILLIAMS_1_NFL,chris williams,receiving_yards,45.5,-115,-112,0.0,False
16,DET@CHI,KEENAN_ALLEN_1_NFL,keenan allen,receiving_yards,54.5,-114,-114,141.0,False
16,DET@CHI,COLE_KMET_1_NFL,cole kmet,receiving_yards,20.5,-114,-114,9.0,False
16,DET@CHI,JAHMYR_GIBBS_1_NFL,jahmyr gibbs,receiving_yards,30.5,-114,-114,45.0,False
16,DET@CHI,SAM_LAPORTA_1_NFL,sam laporta,receiving_yards,44.5,-111,-116,43.0,False
16,DET@CHI,ROSCHON_JOHNSON_1_NFL,roschon johnson,receiving_yards,4.5,-125,-103,0.0,False
16,DET@CHI,CRAIG_REYNOLDS_1_NFL,craig reynolds,rushing_yards,23.5,-114,-114,18.0,False
16,ARI@CAR,JATAVION_SANDERS_1_NFL,jatavion sanders,receiving_yards,14.5,-112,-115,0.0,False
16,ARI@CAR,DAVID_MOORE_1_NFL,david moore,receiving_yards,36.5,-110,-118,39.0,False
16,ARI@CAR,BRYCE_YOUNG_1_NFL,bryce young,rushing_yards,14.5,-111,-116,68.0,False
16,ARI@CAR,KYLER_MURRAY_1_NFL,kyler murray,rushing_yards,24.5,-111,-116,63.0,False
16,ARI@CAR,CHUBA_HUBBARD_1_NFL,chuba hubbard,receiving_yards,19.5,-118,-110,13.0,False
16,ARI@CAR,GREG_DORTCH_1_NFL,greg dortch,receiving_yards,9.5,-112,-115,19.0,False
16,ARI@CAR,ADAM_THIELEN_1_NFL,adam thielen,receiving_yards,62.5,-114,-114,43.0,False
16,ARI@CAR,JAMES_CONNER_1_NFL,james conner,receiving_yards,20.5,-110,-118,49.0,False
16,ARI@CAR,JALEN_COKER_1_NFL,jalen coker,receiving_yards,39.5,-123,-105,8.0,False
16,ARI@CAR,TREY_MCBRIDE_1_NFL,trey mcbride,receiving_yards,72.5,-110,-118,20.0,False
16,ARI@CAR,TOMMY_TREMBLE_1_NFL,tommy tremble,receiving_yards,18.5,-114,-114,32.0,False
16,ARI@CAR,MACK_WILSON_1_NFL,mack wilson,receiving_yards,29.5,-109,-119,44.0,False
16,ARI@CAR,MARVIN_HARRISON_JR_1_NFL,marvin harrison,receiving_yards,53.5,-114,-114,39.0,False
16,NYG@ATL,MALIK_NABERS_1_NFL,malik nabers,rushing_yards,0.5,+100,-130,0.0,False
16,NYG@ATL,DREW_LOCK_1_NFL,drew lock,passing_yards,198.5,-120,-108,210.0,False
16,NYG@ATL,KYLE_PITTS_1_NFL,kyle pitts,receiving_yards,28.5,-114,-114,7.0,False
16,NYG@ATL,DARIUS_SLAYTON_1_NFL,darius slayton,rushing_yards,6.5,+100,-130,6.0,False
16,NYG@ATL,KIRK_COUSINS_1_NFL,kirk cousins,passing_yards,233.5,-118,-118,0.0,False
16,NYG@ATL,BIJAN_ROBINSON_1_NFL,bijan robinson,receiving_yards,22.5,-114,-114,9.0,False
16,NYG@ATL,RAYRAY_MCCLOUD_III_1_NFL,rayray mccloud,receiving_yards,24.5,+1700,-115,19.0,False
16,NYG@ATL,TYLER_ALLGEIER_1_NFL,tyler allgeier,rushing_yards,38.5,-130,-120,22.0,False
16,NYG@ATL,DEVIN_SINGLETARY_1_NFL,devin singletary,rushing_yards,14.5,-110,-118,12.0,False
16,NYG@ATL,DANIEL_BELLINGER_1_NFL,daniel bellinger,receiving_yards,20.5,-114,-114,5.0,False
16,NYG@ATL,MICHAEL_PENIX_JR_1_NFL,michael penix,passing_yards,204.5,-120,-125,202.0,False
16,NYG@ATL,TYRONE_TRACY_1_NFL,tyrone tracy,receiving_yards,16.5,-115,-112,43.0,False
16,NYG@ATL,DARNELL_MOONEY_1_NFL,darnell mooney,receiving_yards,50.5,-114,-114,82.0,False
16,NYG@ATL,WANDALE_ROBINSON_1_NFL,wandale robinson,rushing_yards,0.5,+100,-130,0.0,False
16,NYG@ATL,DRAKE_LONDON_1_NFL,drake london,receiving_yards,65.5,-114,-114,59.0,False
16,CLE@CIN,JOE_BURROW_1_NFL,joe burrow,passing_yards,223.5,-114,-114,252.0,False
16,CLE@CIN,JEROME_FORD_1_NFL,jerome ford,receiving_yards,8.5,-106,-120,39.0,False
16,CLE@CIN,CHASE_BROWN_1_NFL,chase brown,receiving_yards,18.5,+318,-450,18.0,False
16,CLE@CIN,TANNER_HUDSON_1_NFL,tanner hudson,receiving_yards,8.5,+100,-130,0.0,False
16,CLE@CIN,DONTA_FOREMAN_1_NFL,donta foreman,rushing_yards,17.5,-120,-110,1.0,False
16,CLE@CIN,DREW_SAMPLE_1_NFL,drew sample,receiving_yards,12.5,+396,-590,12.0,False
16,CLE@CIN,ELIJAH_MOORE_1_NFL,elijah moore,rushing_yards,0.5,+360,-550,0.0,False
16,CLE@CIN,DAVID_NJOKU_1_NFL,david njoku,receiving_yards,66.5,+115,-150,66.0,False
16,CLE@CIN,JAMARR_CHASE_1_NFL,jamarr chase,rushing_yards,7.5,+340,-500,7.0,False
16,CLE@CIN,JORDAN_AKINS_1_NFL,jordan akins,receiving_yards,24.5,+580,,8.0,False
16,CLE@CIN,ANDREI_IOSIVAS_1_NFL,andrei iosivas,receiving_yards,24.5,-115,-118,53.0,False
16,CLE@CIN,MIKE_GESICKI_1_NFL,mike gesicki,receiving_yards,14.5,+135,-176,14.0,False
16,CLE@CIN,TEE_HIGGINS_1_NFL,tee higgins,receiving_yards,58.5,+105,-135,58.0,False
16,CLE@CIN,JERRY_JEUDY_1_NFL,jerry jeudy,receiving_yards,20.5,+246,-340,20.0,False
16,CLE@CIN,CAMERON_SAMPLE_1_NFL,cameron sample,receiving_yards,9.5,-155,,0.0,False
16,LA@NYJ,TYLER_CONKLIN_1_NFL,tyler conklin,receiving_yards,59.5,+271,-434,59.0,False
16,LA@NYJ,KYREN_WILLIAMS_1_NFL,kyren williams,receiving_yards,7.5,-115,-115,7.0,False
16,LA@NYJ,TUTU_ATWELL_1_NFL,tutu atwell,receiving_yards,12.5,+234,-330,12.0,False
16,LA@NYJ,AARON_RODGERS_1_NFL,aaron rodgers,passing_yards,272.5,-115,-115,256.0,False
16,LA@NYJ,BREECE_HALL_1_NFL,breece hall,rushing_yards,52.5,+263,-396,52.0,False
16,LA@NYJ,PUKA_NACUA_1_NFL,puka nacua,receiving_yards,56.5,+750,-5650,56.0,False
16,LA@NYJ,ALLEN_LAZARD_1_NFL,allen lazard,receiving_yards,20.5,+288,-469,20.0,False
16,LA@NYJ,MATTHEW_STAFFORD_1_NFL,matthew stafford,passing_yards,128.5,-115,-115,110.0,False
16,LA@NYJ,COOPER_KUPP_1_NFL,cooper kupp,receiving_yards,24.5,+770,-6610,24.0,False
16,LA@NYJ,GARRETT_WILSON_1_NFL,garrett wilson,rushing_yards,0.5,+120,-155,0.0,False
16,LA@NYJ,DEMARCUS_ROBINSON_1_NFL,demarcus robinson,receiving_yards,0.5,+225,-320,0.0,False
16,LA@NYJ,JEREMY_RUCKERT_1_NFL,jeremy ruckert,receiving_yards,12.5,-105,-125,12.0,False
16,LA@NYJ,TYLER_HIGBEE_1_NFL,tyler higbee,receiving_yards,37.5,-115,-115,11.0,False
16,TEN@IND,JOSH_DOWNS_1_NFL,josh downs,rushing_yards,0.5,+100,-130,0.0,False
16,TEN@IND,TONY_POLLARD_1_NFL,tony pollard,rushing_yards,60.5,-115,-112,35.0,False
16,TEN@IND,NICK_WESTBROOKIKHINE_1_NFL,nick westbrookikhine,receiving_yards,29.5,-115,-112,17.0,False
16,TEN@IND,CALVIN_RIDLEY_1_NFL,calvin ridley,rushing_yards,1.5,-105,-125,0.0,False
16,TEN@IND,ANTHONY_RICHARDSON_1_NFL,anthony richardson,passing_yards,182.5,-114,-114,131.0,False
16,TEN@IND,KYLEN_GRANSON_1_NFL,kylen granson,receiving_yards,8.5,-115,-112,0.0,False
16,TEN@IND,CHIGOZIEM_OKONOKWO_1_NFL,chigoziem okonokwo,receiving_yards,30.5,-120,-108,81.0,False
16,TEN@IND,TYJAE_SPEARS_1_NFL,tyjae spears,rushing_yards,23.5,-114,-114,27.0,False
16,TEN@IND,MASON_RUDOLPH_1_NFL,mason rudolph,passing_yards,213.5,-114,-114,252.0,False
16,TEN@IND,TYLER_BOYD_1_NFL,tyler boyd,rushing_yards,0.5,+105,-135,0.0,False
16,TEN@IND,JONATHAN_TAYLOR_1_NFL,jonathan taylor,receiving_yards,7.5,-110,-118,0.0,False
16,TEN@IND,MICHAEL_PITTMAN_1_NFL,michael pittman,receiving_yards,9.5,+142,-188,19.0,False
16,TEN@IND,WILL_LEVIS_1_NFL,will levis,rushing_yards,2.5,-115,-115,0.0,False
16,TEN@IND,JOSH_WHYLE_1_NFL,josh whyle,receiving_yards,10.5,-111,-116,0.0,False
16,PHI@WAS,KENNETH_GAINWELL_1_NFL,kenneth gainwell,rushing_yards,16.5,+100,-130,7.0,False
16,PHI@WAS,JALEN_HURTS_1_NFL,jalen hurts,passing_yards,165.5,-114,-114,11.0,False
16,PHI@WAS,SAQUON_BARKLEY_1_NFL,saquon barkley,receiving_yards,11.5,-125,-103,0.0,False
16,PHI@WAS,DEVONTA_SMITH_1_NFL,devonta smith,receiving_yards,54.5,-114,-114,51.0,False
16,PHI@WAS,ZACH_ERTZ_1_NFL,zach ertz,receiving_yards,30.5,-114,-114,12.0,False
16,PHI@WAS,AJ_BROWN_1_NFL,aj brown,receiving_yards,74.5,-114,-114,97.0,False
16,PHI@WAS,DYAMI_BROWN_1_NFL,dyami brown,rushing_yards,0.5,-120,-110,0.0,False
16,PHI@WAS,OLAMIDE_ZACCHEAUS_1_NFL,olamide zaccheaus,receiving_yards,20.5,-115,-112,70.0,False
16,PHI@WAS,TERRY_MCLAURIN_1_NFL,terry mclaurin,rushing_yards,0.5,+105,-135,0.0,False
16,PHI@WAS,GRANT_CALCATERRA_1_NFL,grant calcaterra,receiving_yards,19.5,-116,-111,0.0,False
16,PHI@WAS,BRIAN_ROBINSON_1_NFL,brian robinson,rushing_yards,56.5,-115,-112,24.0,False
16,PHI@WAS,JAMISON_CROWDER_1_NFL,jamison crowder,receiving_yards,17.5,-110,-118,15.0,False
16,PHI@WAS,JAYDEN_DANIELS_1_NFL,jayden daniels,passing_yards,252.5,-120,-120,258.0,False
16,MIN@SEA,JORDAN_ADDISON_1_NFL,jordan addison,rushing_yards,0.5,+120,-155,0.0,False
16,MIN@SEA,SAM_DARNOLD_1_NFL,sam darnold,passing_yards,254.5,-120,-110,246.0,False
16,MIN@SEA,NOAH_FANT_1_NFL,noah fant,receiving_yards,24.5,-118,-110,50.0,False
16,MIN@SEA,KENNETH_WALKER_III_1_NFL,kenneth walker,rushing_yards,47.5,-114,-114,31.0,False
16,MIN@SEA,GENO_SMITH_1_NFL,geno smith,rushing_yards,8.5,+168,-219,8.0,False
16,MIN@SEA,ZACH_CHARBONNET_1_NFL,zach charbonnet,rushing_yards,24.5,-123,-105,-1.0,False
16,MIN@SEA,AARON_JONES_1_NFL,aaron jones,receiving_yards,17.5,-111,-116,26.0,False
16,MIN@SEA,JUSTIN_JEFFERSON_1_NFL,justin jefferson,rushing_yards,0.5,+120,-155,0.0,False
16,MIN@SEA,JAXON_SMITHNJIGBA_1_NFL,jaxon smithnjigba,receiving_yards,67.5,-114,-114,95.0,False
16,MIN@SEA,JALEN_NAILOR_1_NFL,jalen nailor,receiving_yards,8.5,-105,-123,5.0,False
16,MIN@SEA,TYLER_LOCKETT_1_NFL,tyler lockett,receiving_yards,19.5,+275,-443,19.0,False
16,MIN@SEA,DK_METCALF_1_NFL,dk metcalf,receiving_yards,57.5,+131,-187,57.0,False
16,MIN@SEA,JOSH_OLIVER_1_NFL,josh oliver,receiving_yards,8.5,-116,-111,0.0,False
16,MIN@SEA,CAM_AKERS_1_NFL,cam akers,rushing_yards,20.5,-118,-110,3.0,False
16,MIN@SEA,TJ_HOCKENSON_1_NFL,tj hockenson,receiving_yards,27.5,+486,-900,27.0,False
16,JAX@LV,TRAVIS_ETIENNE_JR_1_NFL,travis etienne,receiving_yards,15.5,+236,-377,15.0,False
16,JAX@LV,DEVIN_DUVERNAY_1_NFL,devin duvernay,receiving_yards,3.5,+398,-700,3.0,False
16,JAX@LV,AMEER_ABDULLAH_1_NFL,ameer abdullah,rushing_yards,34.5,-118,-110,38.0,False
16,JAX@LV,TANK_BIGSBY_1_NFL,tank bigsby,rushing_yards,50.5,+148,-196,50.0,False
16,JAX@LV,BRENTON_STRANGE_1_NFL,brenton strange,receiving_yards,23.5,-115,-114,22.0,False
16,JAX@LV,AIDAN_OCONNELL_1_NFL,aidan oconnell,passing_yards,265.5,-118,-110,257.0,False
16,JAX@LV,TRE_TUCKER_1_NFL,tre tucker,receiving_yards,41.5,+1720,-999900,41.0,False
16,JAX@LV,MAC_JONES_1_NFL,mac jones,rushing_yards,4.5,-115,-115,0.0,False
16,JAX@LV,BRIAN_THOMAS_1_NFL,brian thomas,rushing_yards,0.5,+100,-130,0.0,False
16,JAX@LV,MICHAEL_MAYER_1_NFL,michael mayer,receiving_yards,5.5,-118,-110,0.0,False
16,JAX@LV,BROCK_BOWERS_1_NFL,brock bowers,rushing_yards,0.5,+105,-135,0.0,False
16,JAX@LV,JAKOBI_MEYERS_1_NFL,jakobi meyers,receiving_yards,41.5,+244,-344,41.0,False
16,JAX@LV,ALEXANDER_MATTISON_1_NFL,alexander mattison,rushing_yards,24.5,+263,-400,27.0,False
16,JAX@LV,PARKER_WASHINGTON_1_NFL,parker washington,receiving_yards,54.5,+140,-185,54.0,False
16,NE@BUF,KENDRICK_BOURNE_1_NFL,kendrick bourne,rushing_yards,0.5,+115,-150,0.0,False
16,NE@BUF,DEMARIO_DOUGLAS_1_NFL,demario douglas,rushing_yards,6.5,+120,-155,6.0,False
16,NE@BUF,KHALIL_SHAKIR_1_NFL,khalil shakir,receiving_yards,22.5,+1890,-999900,22.0,False
16,NE@BUF,KAYSHON_BOUTTE_1_NFL,kayshon boutte,receiving_yards,95.5,+300,-420,95.0,False
16,NE@BUF,JAMES_COOK_1_NFL,james cook,rushing_yards,111.5,-114,-114,100.0,False
16,NE@BUF,ANTONIO_GIBSON_1_NFL,antonio gibson,receiving_yards,9.5,-105,-125,8.0,False
16,NE@BUF,JOSH_ALLEN_1_NFL,josh allen,passing_yards,163.5,-110,-118,154.0,False
16,NE@BUF,RAY_DAVIS_1_NFL,ray davis,rushing_yards,18.5,-105,-125,12.0,False
16,NE@BUF,DAWSON_KNOX_1_NFL,dawson knox,receiving_yards,10.5,-114,-114,22.0,False
16,NE@BUF,RHAMONDRE_STEVENSON_1_NFL,rhamondre stevenson,rushing_yards,64.5,-115,-115,60.0,False
16,NE@BUF,KEON_COLEMAN_1_NFL,keon coleman,receiving_yards,17.5,+255,-363,17.0,False
16,NE@BUF,HUNTER_HENRY_1_NFL,hunter henry,receiving_yards,34.5,-110,-118,39.0,False
16,NE@BUF,DALTON_KINCAID_1_NFL,dalton kincaid,receiving_yards,15.5,+1895,-999900,15.0,False
16,NE@BUF,AUSTIN_HOOPER_1_NFL,austin hooper,receiving_yards,29.5,+120,-156,55.0,False
16,SF@MIA,BROCK_PURDY_1_NFL,brock purdy,rushing_yards,10.5,+200,-301,26.0,False
16,SF@MIA,TYREEK_HILL_1_NFL,tyreek hill,receiving_yards,29.5,+340,-492,29.0,False
16,SF@MIA,ISAAC_GUERENDO_1_NFL,isaac guerendo,rushing_yards,70.5,-118,-118,0.0,False
16,SF@MIA,KYLE_JUSZCZYK_1_NFL,kyle juszczyk,receiving_yards,24.5,+550,,20.0,False
16,SF@MIA,MALIK_WASHINGTON_1_NFL,malik washington,rushing_yards,0.5,+170,-212,0.0,False
16,SF@MIA,GEORGE_KITTLE_1_NFL,george kittle,receiving_yards,101.5,-113,-115,106.0,False
16,SF@MIA,RAHEEM_MOSTERT_1_NFL,raheem mostert,rushing_yards,17.5,-118,-110,31.0,False
16,SF@MIA,DEVON_ACHANE_1_NFL,devon achane,receiving_yards,64.5,-125,-120,70.0,False
16,SF@MIA,JONNU_SMITH_1_NFL,jonnu smith,rushing_yards,0.5,+555,-1535,0.0,False
16,SF@MIA,TUA_TAGOVAILOA_1_NFL,tua tagovailoa,rushing_yards,0.5,+155,-205,-1.0,False
16,SF@MIA,PATRICK_TAYLOR_1_NFL,patrick taylor,receiving_yards,8.5,-115,-113,1.0,False
16,SF@MIA,DEEBO_SAMUEL_1_NFL,deebo samuel,rushing_yards,12.5,-115,-113,25.0,False
16,SF@MIA,JAUAN_JENNINGS_1_NFL,jauan jennings,receiving_yards,31.5,-114,-114,51.0,False
16,SF@MIA,JULIAN_HILL_1_NFL,julian hill,receiving_yards,0.5,-110,-120,0.0,False
16,SF@MIA,RIVER_CRACRAFT_1_NFL,river cracraft,receiving_yards,1.5,-105,-125,6.0,False
16,SF@MIA,CHRIS_CONLEY_1_NFL,chris conley,receiving_yards,24.5,+380,,0.0,False
16,SF@MIA,KESHAWN_VAUGHN_1_NFL,keshawn vaughn,rushing_yards,24.5,+330,,0.0,False
16,SF@MIA,JAYLEN_WRIGHT_1_NFL,jaylen wright,rushing_yards,24.5,+260,,0.0,False
16,TB@DAL,JALEN_MCMILLAN_1_NFL,jalen mcmillan,receiving_yards,57.5,+377,-722,57.0,False
16,TB@DAL,KAVONTAE_TURPIN_1_NFL,kavontae turpin,rushing_yards,13.5,-110,-120,11.0,False
16,TB@DAL,BUCKY_IRVING_1_NFL,bucky irving,receiving_yards,18.5,-110,-120,24.0,False
16,TB@DAL,JAKE_FERGUSON_1_NFL,jake ferguson,receiving_yards,36.5,+136,-178,40.0,False
16,TB@DAL,RICO_DOWDLE_1_NFL,rico dowdle,receiving_yards,28.5,+1845,-999900,28.0,False
16,TB@DAL,EZEKIEL_ELLIOTT_1_NFL,ezekiel elliott,rushing_yards,5.5,-114,-114,1.0,False
16,TB@DAL,CADE_OTTON_1_NFL,cade otton,receiving_yards,30.5,-110,-118,0.0,False
16,TB@DAL,RACHAAD_WHITE_1_NFL,rachaad white,rushing_yards,44.5,+110,-145,10.0,False
16,TB@DAL,BRANDIN_COOKS_1_NFL,brandin cooks,receiving_yards,48.5,+330,-476,48.0,False
16,TB@DAL,COOPER_RUSH_1_NFL,cooper rush,rushing_yards,3.5,+130,-170,-4.0,False
16,TB@DAL,CEEDEE_LAMB_1_NFL,ceedee lamb,receiving_yards,72.5,-115,-115,105.0,False
16,TB@DAL,PAYNE_DURHAM_1_NFL,payne durham,receiving_yards,16.5,-115,-115,29.0,False
16,TB@DAL,BAKER_MAYFIELD_1_NFL,baker mayfield,rushing_yards,15.5,-110,-120,42.0,False
16,TB@DAL,MIKE_EVANS_1_NFL,mike evans,receiving_yards,80.5,-135,+105,69.0,False
16,TB@DAL,JALEN_TOLBERT_1_NFL,jalen tolbert,receiving_yards,19.5,-110,-120,20.0,False
17,KC@PIT,ISIAH_PACHECO_1_NFL,isiah pacheco,rushing_yards,42.5,-114,-114,18.0,False
17,KC@PIT,SAMAJE_PERINE_1_NFL,samaje perine,rushing_yards,1.5,-105,-125,9.0,False
17,KC@PIT,PATRICK_MAHOMES_1_NFL,patrick mahomes,rushing_yards,23.5,-115,-130,12.0,False
17,KC@PIT,NOAH_GRAY_1_NFL,noah gray,receiving_yards,20.5,-114,-114,6.0,False
17,KC@PIT,JAYLEN_WARREN_1_NFL,jaylen warren,receiving_yards,22.5,-114,-114,41.0,False
17,KC@PIT,RUSSELL_WILSON_1_NFL,russell wilson,passing_yards,227.5,-114,-114,205.0,False
17,KC@PIT,JUSTIN_WATSON_1_NFL,justin watson,receiving_yards,1.5,-114,-114,60.0,False
17,KC@PIT,PAT_FREIERMUTH_1_NFL,pat freiermuth,receiving_yards,33.5,-114,-114,60.0,False
17,KC@PIT,TRAVIS_KELCE_1_NFL,travis kelce,rushing_yards,0.5,+105,-135,0.0,False
17,KC@PIT,CALVIN_AUSTIN_1_NFL,calvin austin,receiving_yards,29.5,-114,-114,31.0,False
17,KC@PIT,VAN_JEFFERSON_1_NFL,van jefferson,receiving_yards,14.5,-114,-114,0.0,False
17,KC@PIT,NAJEE_HARRIS_1_NFL,najee harris,receiving_yards,6.5,+100,-130,7.0,False
17,KC@PIT,GEORGE_PICKENS_1_NFL,george pickens,receiving_yards,50.5,+180,-265,50.0,False
17,KC@PIT,JUJU_SMITHSCHUSTER_1_NFL,juju smithschuster,receiving_yards,4.5,-114,-114,18.0,False
17,KC@PIT,DARNELL_WASHINGTON_1_NFL,darnell washington,receiving_yards,5.5,-105,-123,8.0,False
17,KC@PIT,XAVIER_WORTHY_1_NFL,xavier worthy,receiving_yards,52.5,-114,-114,79.0,False
17,BAL@HOU,JOE_MIXON_1_NFL,joe mixon,receiving_yards,23.5,-115,-115,13.0,False
17,BAL@HOU,ZAY_FLOWERS_1_NFL,zay flowers,receiving_yards,42.5,-115,-115,31.0,False
17,BAL@HOU,TYLAN_WALLACE_1_NFL,tylan wallace,receiving_yards,10.5,-120,-110,2.0,False
17,BAL@HOU,DALTON_SCHULTZ_1_NFL,dalton schultz,receiving_yards,21.5,+130,-175,21.0,False
17,BAL@HOU,XAVIER_HUTCHINSON_1_NFL,xavier hutchinson,receiving_yards,21.5,+355,-735,21.0,False
17,BAL@HOU,CADE_STOVER_1_NFL,cade stover,receiving_yards,1.5,+255,-399,1.0,False
17,BAL@HOU,DERRICK_HENRY_1_NFL,derrick henry,receiving_yards,0.5,-110,-118,18.0,False
17,BAL@HOU,ISAIAH_LIKELY_1_NFL,isaiah likely,receiving_yards,9.5,+1810,-999900,9.0,False
17,BAL@HOU,DAMEON_PIERCE_1_NFL,dameon pierce,rushing_yards,0.5,-130,+100,13.0,False
17,BAL@HOU,CJ_STROUD_1_NFL,cj stroud,passing_yards,213.5,-120,-125,185.0,False
17,BAL@HOU,NICO_COLLINS_1_NFL,nico collins,receiving_yards,63.5,-115,-113,59.0,False
17,BAL@HOU,JOHN_METCHIE_III_1_NFL,john metchie,rushing_yards,0.5,+100,-130,0.0,False
17,BAL@HOU,LAMAR_JACKSON_1_NFL,lamar jackson,rushing_yards,93.5,-115,-113,87.0,False
17,BAL@HOU,MARK_ANDREWS_1_NFL,mark andrews,receiving_yards,68.5,+1790,-999900,68.0,False
17,BAL@HOU,ROBERT_WOODS_1_NFL,robert woods,receiving_yards,26.5,-117,-120,21.0,False
17,BAL@HOU,RASHOD_BATEMAN_1_NFL,rashod bateman,receiving_yards,12.5,+1870,-999900,12.0,False
17,BAL@HOU,TANK_DELL_1_NFL,tank dell,receiving_yards,18.5,-110,-110,0.0,False
17,SEA@CHI,KENNY_MCINTOSH_1_NFL,kenny mcintosh,rushing_yards,47.5,-137,+106,46.0,False
17,SEA@CHI,ROME_ODUNZE_1_NFL,rome odunze,rushing_yards,0.5,+135,-175,0.0,False
17,SEA@CHI,NOAH_FANT_1_NFL,noah fant,receiving_yards,43.5,+235,-320,43.0,False
17,SEA@CHI,GENO_SMITH_1_NFL,geno smith,passing_yards,253.5,-115,-115,160.0,False
17,SEA@CHI,DJ_MOORE_1_NFL,dj moore,receiving_yards,44.5,-110,-118,54.0,False
17,SEA@CHI,ZACH_CHARBONNET_1_NFL,zach charbonnet,rushing_yards,67.5,-125,-120,57.0,False
17,SEA@CHI,DANDRE_SWIFT_1_NFL,dandre swift,rushing_yards,57.5,+100,-130,53.0,False
17,SEA@CHI,KEENAN_ALLEN_1_NFL,keenan allen,receiving_yards,59.5,-115,-112,25.0,False
17,SEA@CHI,COLE_KMET_1_NFL,cole kmet,receiving_yards,0.5,+230,-310,0.0,False
17,SEA@CHI,JAXON_SMITHNJIGBA_1_NFL,jaxon smithnjigba,receiving_yards,32.5,+1835,-999900,32.0,False
17,SEA@CHI,ROSCHON_JOHNSON_1_NFL,roschon johnson,receiving_yards,1.5,-120,-110,0.0,False
17,SEA@CHI,TYLER_LOCKETT_1_NFL,tyler lockett,receiving_yards,20.5,+242,-330,20.0,False
17,SEA@CHI,CHRIS_WILLIAMS_1_NFL,chris williams,rushing_yards,26.5,-115,-115,37.0,False
17,SEA@CHI,DK_METCALF_1_NFL,dk metcalf,receiving_yards,60.5,-115,-115,42.0,False
17,SEA@CHI,AJ_BARNER_1_NFL,aj barner,receiving_yards,0.5,-110,-120,0.0,False
17,LAC@NE,KENDRICK_BOURNE_1_NFL,kendrick bourne,rushing_yards,0.5,+105,-135,0.0,False
17,LAC@NE,LADD_MCCONKEY_1_NFL,ladd mcconkey,receiving_yards,73.5,+105,-135,94.0,False
17,LAC@NE,DEMARIO_DOUGLAS_1_NFL,demario douglas,rushing_yards,0.5,+100,-130,0.0,False
17,LAC@NE,QUENTIN_JOHNSTON_1_NFL,quentin johnston,receiving_yards,35.5,-125,-105,48.0,False
17,LAC@NE,KAYSHON_BOUTTE_1_NFL,kayshon boutte,receiving_yards,35.5,-125,-105,28.0,False
17,LAC@NE,JK_DOBBINS_1_NFL,jk dobbins,rushing_yards,53.5,-145,+110,76.0,False
17,LAC@NE,KIMANI_VIDAL_1_NFL,kimani vidal,receiving_yards,0.5,-110,-120,0.0,False
17,LAC@NE,STONE_SMARTT_1_NFL,stone smartt,receiving_yards,24.5,+880,-106,23.0,False
17,LAC@NE,WILL_DISSLY_1_NFL,will dissly,receiving_yards,21.5,+1850,-999900,21.0,False
17,LAC@NE,RHAMONDRE_STEVENSON_1_NFL,rhamondre stevenson,rushing_yards,49.5,+100,-110,1.0,False
17,LAC@NE,JUSTIN_HERBERT_1_NFL,justin herbert,passing_yards,224.5,-130,+100,281.0,False
17,LAC@NE,JOSH_PALMER_1_NFL,josh palmer,receiving_yards,41.5,+1890,-999900,41.0,False
17,LAC@NE,AUSTIN_HOOPER_1_NFL,austin hooper,receiving_yards,26.5,-110,-120,19.0,False
17,LAC@NE,HASSAN_HASKINS_1_NFL,hassan haskins,rushing_yards,24.5,+175,,30.0,False
17,LAC@NE,HUNTER_HENRY_1_NFL,hunter henry,receiving_yards,43.5,-115,-115,0.0,False
17,LAC@NE,ANTONIO_GIBSON_1_NFL,antonio gibson,rushing_yards,29.5,-145,+110,63.0,False
17,DEN@CIN,DEVAUGHN_VELE_1_NFL,devaughn vele,receiving_yards,28.5,-115,-115,27.0,False
17,DEN@CIN,JOE_BURROW_1_NFL,joe burrow,passing_yards,285.5,-115,-115,412.0,False
17,DEN@CIN,LUCAS_KRULL_1_NFL,lucas krull,receiving_yards,8.5,-115,-115,3.0,False
17,DEN@CIN,COURTLAND_SUTTON_1_NFL,courtland sutton,receiving_yards,64.5,-115,-115,55.0,False
17,DEN@CIN,MARVIN_MIMS_JR_1_NFL,marvin mims,receiving_yards,28.5,-115,-115,103.0,False
17,DEN@CIN,CHASE_BROWN_1_NFL,chase brown,receiving_yards,28.5,-120,-110,24.0,False
17,DEN@CIN,DREW_SAMPLE_1_NFL,drew sample,receiving_yards,6.5,-115,-115,3.0,False
17,DEN@CIN,JAVONTE_WILLIAMS_1_NFL,javonte williams,rushing_yards,20.5,-110,-120,0.0,False
17,DEN@CIN,JAMARR_CHASE_1_NFL,jamarr chase,rushing_yards,0.5,+115,-150,0.0,False
17,DEN@CIN,ANDREI_IOSIVAS_1_NFL,andrei iosivas,receiving_yards,26.5,-110,-120,59.0,False
17,DEN@CIN,BO_NIX_1_NFL,bo nix,rushing_yards,21.5,-110,-120,31.0,False
17,DEN@CIN,AUDRIC_ESTIME_1_NFL,audric estime,receiving_yards,13.5,+120,-155,13.0,False
17,DEN@CIN,MIKE_GESICKI_1_NFL,mike gesicki,receiving_yards,27.5,-110,-120,86.0,False
17,DEN@CIN,JALEEL_MCLAUGHLIN_1_NFL,jaleel mclaughlin,receiving_yards,7.5,-110,-120,7.0,False
17,DEN@CIN,TEE_HIGGINS_1_NFL,tee higgins,receiving_yards,69.5,-115,-115,131.0,False
17,DEN@CIN,TROY_FRANKLIN_1_NFL,troy franklin,rushing_yards,0.5,+130,-170,0.0,False
17,DEN@CIN,CAMERON_SAMPLE_1_NFL,cameron sample,receiving_yards,9.5,-135,,0.0,False
17,ARI@LA,KYREN_WILLIAMS_1_NFL,kyren williams,receiving_yards,9.5,-115,-115,16.0,False
17,ARI@LA,MICHAEL_CARTER_1_NFL,michael carter,rushing_yards,39.5,+850,-110,70.0,False
17,ARI@LA,TUTU_ATWELL_1_NFL,tutu atwell,receiving_yards,13.5,-120,-110,0.0,False
17,ARI@LA,KYLER_MURRAY_1_NFL,kyler murray,rushing_yards,32.5,+1020,-999900,32.0,False
17,ARI@LA,GREG_DORTCH_1_NFL,greg dortch,receiving_yards,18.5,+1135,-999900,18.0,False
17,ARI@LA,PUKA_NACUA_1_NFL,puka nacua,receiving_yards,86.5,-115,-115,129.0,False
17,ARI@LA,JAMES_CONNER_1_NFL,james conner,receiving_yards,23.5,-105,-125,4.0,False
17,ARI@LA,TYLER_HIGBEE_1_NFL,tyler higbee,receiving_yards,9.5,-125,-105,9.0,False
17,ARI@LA,TREY_MCBRIDE_1_NFL,trey mcbride,receiving_yards,95.5,-125,-120,123.0,False
17,ARI@LA,MATTHEW_STAFFORD_1_NFL,matthew stafford,passing_yards,236.5,-115,-115,189.0,False
17,ARI@LA,COOPER_KUPP_1_NFL,cooper kupp,receiving_yards,51.5,-115,-115,29.0,False
17,ARI@LA,MACK_WILSON_1_NFL,mack wilson,receiving_yards,31.5,-115,-115,22.0,False
17,ARI@LA,DEMARCUS_ROBINSON_1_NFL,demarcus robinson,receiving_yards,16.5,-130,+100,0.0,False
17,ARI@LA,MARVIN_HARRISON_JR_1_NFL,marvin harrison,receiving_yards,50.5,-125,-105,96.0,False
17,ARI@LA,TREY_BENSON_1_NFL,trey benson,rushing_yards,15.5,-110,-120,0.0,False
17,TEN@JAX,TRAVIS_ETIENNE_JR_1_NFL,travis etienne,receiving_yards,26.5,+335,-480,26.0,False
17,TEN@JAX,DEVIN_DUVERNAY_1_NFL,devin duvernay,receiving_yards,8.5,-115,-115,4.0,False
17,TEN@JAX,TANK_BIGSBY_1_NFL,tank bigsby,rushing_yards,46.5,-110,-120,33.0,False
17,TEN@JAX,BRENTON_STRANGE_1_NFL,brenton strange,receiving_yards,0.5,+310,-440,0.0,False
17,TEN@JAX,NICK_WESTBROOKIKHINE_1_NFL,nick westbrookikhine,receiving_yards,29.5,-110,-120,37.0,False
17,TEN@JAX,CALVIN_RIDLEY_1_NFL,calvin ridley,rushing_yards,7.5,+320,-475,7.0,False
17,TEN@JAX,CHIGOZIEM_OKONOKWO_1_NFL,chigoziem okonokwo,receiving_yards,42.5,+304,-430,42.0,False
17,TEN@JAX,TYJAE_SPEARS_1_NFL,tyjae spears,rushing_yards,62.5,-110,-120,95.0,False
17,TEN@JAX,BRIAN_THOMAS_1_NFL,brian thomas,receiving_yards,91.5,+262,-360,91.0,False
17,TEN@JAX,MAC_JONES_1_NFL,mac jones,rushing_yards,8.5,-115,-115,22.0,False
17,TEN@JAX,MASON_RUDOLPH_1_NFL,mason rudolph,passing_yards,217.5,-115,-115,193.0,False
17,TEN@JAX,TYLER_BOYD_1_NFL,tyler boyd,rushing_yards,0.5,+350,-525,0.0,False
17,TEN@JAX,PARKER_WASHINGTON_1_NFL,parker washington,receiving_yards,31.5,+294,-410,31.0,False
17,DAL@PHI,KENNETH_GAINWELL_1_NFL,kenneth gainwell,rushing_yards,8.5,-115,-115,4.0,False
17,DAL@PHI,KAVONTAE_TURPIN_1_NFL,kavontae turpin,rushing_yards,18.5,+105,-135,18.0,False
17,DAL@PHI,SAQUON_BARKLEY_1_NFL,saquon barkley,receiving_yards,11.5,-110,-120,2.0,False
17,DAL@PHI,DEVONTA_SMITH_1_NFL,devonta smith,receiving_yards,48.5,-115,-115,120.0,False
17,DAL@PHI,JAKE_FERGUSON_1_NFL,jake ferguson,receiving_yards,31.5,-125,-120,18.0,False
17,DAL@PHI,AJ_BROWN_1_NFL,aj brown,receiving_yards,68.5,-115,-115,36.0,False
17,DAL@PHI,RICO_DOWDLE_1_NFL,rico dowdle,receiving_yards,14.5,-120,-110,4.0,False
17,DAL@PHI,GRANT_CALCATERRA_1_NFL,grant calcaterra,receiving_yards,16.5,-115,-115,34.0,False
17,DAL@PHI,BRANDIN_COOKS_1_NFL,brandin cooks,receiving_yards,54.5,-120,-110,52.0,False
17,DAL@PHI,COOPER_RUSH_1_NFL,cooper rush,rushing_yards,2.5,+125,-165,2.0,False
17,DAL@PHI,JALEN_TOLBERT_1_NFL,jalen tolbert,receiving_yards,31.5,-125,-105,30.0,False
17,LV@NO,AMEER_ABDULLAH_1_NFL,ameer abdullah,rushing_yards,25.5,-120,-110,115.0,False
17,LV@NO,FOSTER_MOREAU_1_NFL,foster moreau,receiving_yards,18.5,-120,-110,47.0,False
17,LV@NO,AIDAN_OCONNELL_1_NFL,aidan oconnell,passing_yards,232.5,-120,-125,242.0,False
17,LV@NO,TRE_TUCKER_1_NFL,tre tucker,receiving_yards,25.5,-120,-125,24.0,False
17,LV@NO,MICHAEL_MAYER_1_NFL,michael mayer,receiving_yards,15.5,-110,-120,14.0,False
17,LV@NO,KENDRE_MILLER_1_NFL,kendre miller,receiving_yards,10.5,-110,-120,16.0,False
17,LV@NO,BROCK_BOWERS_1_NFL,brock bowers,rushing_yards,0.5,+100,-130,-1.0,False
17,LV@NO,JUWAN_JOHNSON_1_NFL,juwan johnson,receiving_yards,27.5,-110,-120,66.0,False
17,LV@NO,JAKOBI_MEYERS_1_NFL,jakobi meyers,receiving_yards,61.5,+1785,-999900,61.0,False
17,LV@NO,ALEXANDER_MATTISON_1_NFL,alexander mattison,rushing_yards,44.5,-115,-115,32.0,False
17,CAR@TB,BRYCE_YOUNG_1_NFL,bryce young,rushing_yards,14.5,-115,-115,8.0,False
17,CAR@TB,JALEN_MCMILLAN_1_NFL,jalen mcmillan,receiving_yards,42.5,-110,-120,51.0,False
17,CAR@TB,BUCKY_IRVING_1_NFL,bucky irving,receiving_yards,16.5,-110,-120,77.0,False
17,CAR@TB,CHUBA_HUBBARD_1_NFL,chuba hubbard,receiving_yards,19.5,-113,-117,0.0,False
17,CAR@TB,RAHEEM_BLACKSHEAR_1_NFL,raheem blackshear,rushing_yards,28.5,-120,-110,20.0,False
17,CAR@TB,RYAN_MILLER_1_NFL,ryan miller,receiving_yards,20.5,-120,-110,26.0,False
17,CAR@TB,ADAM_THIELEN_1_NFL,adam thielen,receiving_yards,59.5,-115,-115,110.0,False
17,CAR@TB,JONATHON_BROOKS_1_NFL,jonathon brooks,rushing_yards,11.5,-115,-115,0.0,False
17,CAR@TB,CADE_OTTON_1_NFL,cade otton,receiving_yards,41.5,-110,-120,0.0,False
17,CAR@TB,JALEN_COKER_1_NFL,jalen coker,receiving_yards,39.5,+179,-115,35.0,False
17,CAR@TB,XAVIER_LEGETTE_1_NFL,xavier legette,receiving_yards,33.5,-115,-115,28.0,False
17,CAR@TB,BAKER_MAYFIELD_1_NFL,baker mayfield,passing_yards,246.5,-115,-115,359.0,False
17,CAR@TB,TOMMY_TREMBLE_1_NFL,tommy tremble,receiving_yards,18.5,-110,-120,0.0,False
17,CAR@TB,RACHAAD_WHITE_1_NFL,rachaad white,rushing_yards,31.5,-120,-110,30.0,False
17,CAR@TB,DAVID_MOORE_1_NFL,david moore,receiving_yards,12.5,-110,-120,17.0,False
17,CAR@TB,PAYNE_DURHAM_1_NFL,payne durham,receiving_yards,36.5,+1450,-999900,36.0,False
17,CAR@TB,MIKE_BOONE_1_NFL,mike boone,receiving_yards,7.5,-105,-125,0.0,False
17,CAR@TB,MIKE_EVANS_1_NFL,mike evans,receiving_yards,99.5,+323,-115,97.0,False
17,CAR@TB,JATAVION_SANDERS_1_NFL,jatavion sanders,receiving_yards,12.5,-115,-115,5.0,False
17,IND@NYG,JOSH_DOWNS_1_NFL,josh downs,rushing_yards,0.5,+1145,-999900,0.0,False
17,IND@NYG,MALIK_NABERS_1_NFL,malik nabers,rushing_yards,0.5,+165,-215,0.0,False
17,IND@NYG,DREW_LOCK_1_NFL,drew lock,passing_yards,191.5,-115,-115,309.0,False
17,IND@NYG,ANTHONY_RICHARDSON_1_NFL,anthony richardson,passing_yards,175.5,-115,-115,0.0,False
17,IND@NYG,DARIUS_SLAYTON_1_NFL,darius slayton,rushing_yards,0.5,+150,-200,0.0,False
17,IND@NYG,ALEC_PIERCE_1_NFL,alec pierce,receiving_yards,122.5,+171,-253,122.0,False
17,IND@NYG,DEVIN_SINGLETARY_1_NFL,devin singletary,rushing_yards,21.5,-120,-110,21.0,False
17,IND@NYG,JONATHAN_TAYLOR_1_NFL,jonathan taylor,receiving_yards,11.5,+231,-352,11.0,False
17,IND@NYG,JOE_FLACCO_1_NFL,joe flacco,passing_yards,224.5,-115,-115,330.0,False
17,IND@NYG,DANIEL_BELLINGER_1_NFL,daniel bellinger,receiving_yards,0.5,+280,-400,0.0,False
17,IND@NYG,MICHAEL_PITTMAN_1_NFL,michael pittman,receiving_yards,49.5,+100,+100,109.0,False
17,IND@NYG,TYRONE_TRACY_1_NFL,tyrone tracy,receiving_yards,16.5,-115,-115,14.0,False
17,IND@NYG,WANDALE_ROBINSON_1_NFL,wandale robinson,rushing_yards,0.5,+165,-215,0.0,False
17,NYJ@BUF,TYLER_CONKLIN_1_NFL,tyler conklin,receiving_yards,24.5,-110,-120,57.0,False
17,NYJ@BUF,KHALIL_SHAKIR_1_NFL,khalil shakir,receiving_yards,46.5,-115,-115,25.0,False
17,NYJ@BUF,AARON_RODGERS_1_NFL,aaron rodgers,passing_yards,221.5,-115,-115,112.0,False
17,NYJ@BUF,BRAELON_ALLEN_1_NFL,braelon allen,receiving_yards,3.5,+100,-130,0.0,False
17,NYJ@BUF,BREECE_HALL_1_NFL,breece hall,rushing_yards,49.5,-145,+103,45.0,False
17,NYJ@BUF,JAMES_COOK_1_NFL,james cook,rushing_yards,65.5,-110,-120,53.0,False
17,NYJ@BUF,ALLEN_LAZARD_1_NFL,allen lazard,receiving_yards,20.5,-110,-120,9.0,False
17,NYJ@BUF,JOSH_ALLEN_1_NFL,josh allen,passing_yards,218.5,-105,-125,182.0,False
17,NYJ@BUF,RAY_DAVIS_1_NFL,ray davis,rushing_yards,25.5,+110,-145,9.0,False
17,NYJ@BUF,GARRETT_WILSON_1_NFL,garrett wilson,rushing_yards,0.5,+105,-135,0.0,False
17,NYJ@BUF,DAWSON_KNOX_1_NFL,dawson knox,receiving_yards,9.5,-115,-115,4.0,False
17,NYJ@BUF,TY_JOHNSON_1_NFL,ty johnson,receiving_yards,14.5,-120,-110,9.0,False
17,NYJ@BUF,KEON_COLEMAN_1_NFL,keon coleman,receiving_yards,23.5,-115,-115,27.0,False
17,NYJ@BUF,MACK_HOLLINS_1_NFL,mack hollins,receiving_yards,17.5,-115,-115,33.0,False
17,NYJ@BUF,DALTON_KINCAID_1_NFL,dalton kincaid,receiving_yards,34.5,-115,-115,24.0,False
17,NYJ@BUF,JEREMY_RUCKERT_1_NFL,jeremy ruckert,receiving_yards,6.5,-105,-125,0.0,False
17,MIA@CLE,JEROME_FORD_1_NFL,jerome ford,receiving_yards,24.5,+580,-115,0.0,False
17,MIA@CLE,DEVON_ACHANE_1_NFL,devon achane,rushing_yards,51.5,-115,-115,25.0,False
17,MIA@CLE,TYREEK_HILL_1_NFL,tyreek hill,receiving_yards,96.5,-115,-115,105.0,False
17,MIA@CLE,MALIK_WASHINGTON_1_NFL,malik washington,rushing_yards,0.5,-125,-105,-11.0,False
17,MIA@CLE,ELIJAH_MOORE_1_NFL,elijah moore,rushing_yards,0.5,+110,-145,0.0,False
17,MIA@CLE,RAHEEM_MOSTERT_1_NFL,raheem mostert,rushing_yards,24.5,+1600,-120,3.0,False
17,MIA@CLE,JORDAN_AKINS_1_NFL,jordan akins,receiving_yards,39.5,+145,-190,49.0,False
17,MIA@CLE,JONNU_SMITH_1_NFL,jonnu smith,rushing_yards,0.5,+700,-1600,0.0,False
17,MIA@CLE,JERRY_JEUDY_1_NFL,jerry jeudy,receiving_yards,64.5,-115,-115,94.0,False
17,MIA@CLE,TUA_TAGOVAILOA_1_NFL,tua tagovailoa,passing_yards,226.5,-115,-115,,False
17,GB@MIN,JORDAN_ADDISON_1_NFL,jordan addison,rushing_yards,0.5,+135,-175,0.0,False
17,GB@MIN,SAM_DARNOLD_1_NFL,sam darnold,passing_yards,339.5,-115,-115,377.0,False
17,GB@MIN,TUCKER_KRAFT_1_NFL,tucker kraft,receiving_yards,35.5,-115,-115,53.0,False
17,GB@MIN,JAYDEN_REED_1_NFL,jayden reed,rushing_yards,0.5,+110,-145,0.0,False
17,GB@MIN,AARON_JONES_1_NFL,aaron jones,receiving_yards,30.5,+251,-350,30.0,False
17,GB@MIN,JOSH_JACOBS_1_NFL,josh jacobs,receiving_yards,8.5,-115,-115,0.0,False
17,GB@MIN,DONTAYVION_WICKS_1_NFL,dontayvion wicks,receiving_yards,37.5,-115,-115,43.0,False
17,GB@MIN,JORDAN_LOVE_1_NFL,jordan love,rushing_yards,6.5,+216,-325,6.0,False
17,GB@MIN,JUSTIN_JEFFERSON_1_NFL,justin jefferson,rushing_yards,0.5,+135,-175,0.0,False
17,GB@MIN,JALEN_NAILOR_1_NFL,jalen nailor,receiving_yards,81.5,+252,-350,81.0,False
17,GB@MIN,CHRISTIAN_WATSON_1_NFL,christian watson,receiving_yards,49.5,+100,-130,0.0,False
17,GB@MIN,CAM_AKERS_1_NFL,cam akers,rushing_yards,19.5,-145,+110,18.0,False
17,GB@MIN,ROMEO_DOUBS_1_NFL,romeo doubs,receiving_yards,27.5,-115,-115,58.0,False
17,GB@MIN,TJ_HOCKENSON_1_NFL,tj hockenson,receiving_yards,68.5,+225,-310,68.0,False
17,ATL@WAS,ZACH_ERTZ_1_NFL,zach ertz,receiving_yards,34.5,-110,-120,72.0,False
17,ATL@WAS,TERRY_MCLAURIN_1_NFL,terry mclaurin,receiving_yards,65.5,-120,-110,5.0,False
17,ATL@WAS,KYLE_PITTS_1_NFL,kyle pitts,receiving_yards,20.5,-110,-120,44.0,False
17,ATL@WAS,KHADAREL_HODGE_1_NFL,khadarel hodge,receiving_yards,16.5,-130,-115,9.0,False
17,ATL@WAS,OLAMIDE_ZACCHEAUS_1_NFL,olamide zaccheaus,receiving_yards,31.5,-145,+110,85.0,False
17,ATL@WAS,BIJAN_ROBINSON_1_NFL,bijan robinson,receiving_yards,8.5,+462,-922,8.0,False
17,ATL@WAS,JAYDEN_DANIELS_1_NFL,jayden daniels,rushing_yards,47.5,-130,+100,127.0,False
17,ATL@WAS,RAYRAY_MCCLOUD_III_1_NFL,rayray mccloud,receiving_yards,25.5,-125,-105,13.0,False
17,ATL@WAS,TYLER_ALLGEIER_1_NFL,tyler allgeier,rushing_yards,30.5,-125,-105,19.0,False
17,ATL@WAS,MICHAEL_PENIX_JR_1_NFL,michael penix,passing_yards,197.5,-130,+100,223.0,False
17,ATL@WAS,BRIAN_ROBINSON_1_NFL,brian robinson,rushing_yards,65.5,-110,-120,60.0,False
17,ATL@WAS,DARNELL_MOONEY_1_NFL,darnell mooney,receiving_yards,46.5,-110,-120,37.0,False
17,ATL@WAS,JAMISON_CROWDER_1_NFL,jamison crowder,receiving_yards,22.5,-120,-110,25.0,False
17,ATL@WAS,DRAKE_LONDON_1_NFL,drake london,receiving_yards,61.5,-105,-125,106.0,False
18,CLE@BAL,ZAY_FLOWERS_1_NFL,zay flowers,receiving_yards,60.5,-112,-117,12.0,False
18,CLE@BAL,DONTA_FOREMAN_1_NFL,donta foreman,receiving_yards,8.5,+168,-245,8.0,False
18,CLE@BAL,RASHOD_BATEMAN_1_NFL,rashod bateman,receiving_yards,29.5,-112,-117,76.0,False
18,CLE@BAL,JORDAN_AKINS_1_NFL,jordan akins,receiving_yards,60.5,+185,-250,60.0,False
18,CLE@BAL,ELIJAH_MOORE_1_NFL,elijah moore,receiving_yards,36.5,+190,-260,36.0,False
18,CLE@BAL,DERRICK_HENRY_1_NFL,derrick henry,receiving_yards,23.5,+146,-192,23.0,False
18,CLE@BAL,ISAIAH_LIKELY_1_NFL,isaiah likely,receiving_yards,21.5,-114,-114,38.0,False
18,CLE@BAL,MARK_ANDREWS_1_NFL,mark andrews,rushing_yards,0.5,+110,-145,0.0,False
18,CLE@BAL,JERRY_JEUDY_1_NFL,jerry jeudy,receiving_yards,59.5,-117,-112,63.0,False
18,CLE@BAL,LAMAR_JACKSON_1_NFL,lamar jackson,rushing_yards,43.5,-112,-117,63.0,False
18,CIN@PIT,JOE_BURROW_1_NFL,joe burrow,passing_yards,278.5,-115,-115,277.0,False
18,CIN@PIT,CHASE_BROWN_1_NFL,chase brown,receiving_yards,99.5,+105,,0.0,False
18,CIN@PIT,DREW_SAMPLE_1_NFL,drew sample,receiving_yards,14.5,+382,-560,14.0,False
18,CIN@PIT,JAYLEN_WARREN_1_NFL,jaylen warren,receiving_yards,0.5,+130,-170,0.0,False
18,CIN@PIT,RUSSELL_WILSON_1_NFL,russell wilson,passing_yards,150.5,+100,-130,148.0,False
18,CIN@PIT,JAMARR_CHASE_1_NFL,jamarr chase,rushing_yards,0.5,+1835,-999900,0.0,False
18,CIN@PIT,ANDREI_IOSIVAS_1_NFL,andrei iosivas,receiving_yards,12.5,+100,-130,12.0,False
18,CIN@PIT,PAT_FREIERMUTH_1_NFL,pat freiermuth,receiving_yards,52.5,-120,-125,85.0,False
18,CIN@PIT,CALVIN_AUSTIN_1_NFL,calvin austin,receiving_yards,0.5,+136,-178,0.0,False
18,CIN@PIT,VAN_JEFFERSON_1_NFL,van jefferson,receiving_yards,18.5,+332,-540,18.0,False
18,CIN@PIT,MIKE_GESICKI_1_NFL,mike gesicki,receiving_yards,68.5,+255,-350,68.0,False
18,CIN@PIT,TEE_HIGGINS_1_NFL,tee higgins,receiving_yards,60.5,-115,-113,53.0,False
18,CIN@PIT,NAJEE_HARRIS_1_NFL,najee harris,receiving_yards,7.5,-115,-115,20.0,False
18,CIN@PIT,GEORGE_PICKENS_1_NFL,george pickens,receiving_yards,0.5,+199,-296,0.0,False
18,BUF@NE,KENDRICK_BOURNE_1_NFL,kendrick bourne,rushing_yards,0.5,+105,-135,0.0,False
18,BUF@NE,DEMARIO_DOUGLAS_1_NFL,demario douglas,rushing_yards,0.5,+100,-130,0.0,False
18,BUF@NE,JOSH_ALLEN_1_NFL,josh allen,passing_yards,26.5,-115,-115,0.0,False
18,BUF@NE,KHALIL_SHAKIR_1_NFL,khalil shakir,receiving_yards,4.5,-125,-105,0.0,False
18,BUF@NE,TY_JOHNSON_1_NFL,ty johnson,receiving_yards,24.5,+500,-105,0.0,False
18,BUF@NE,RAY_DAVIS_1_NFL,ray davis,rushing_yards,69.5,+230,-125,64.0,False
18,BUF@NE,MACK_HOLLINS_1_NFL,mack hollins,receiving_yards,48.5,-114,-114,25.0,False
18,BUF@NE,KEON_COLEMAN_1_NFL,keon coleman,receiving_yards,51.5,-114,-114,31.0,False
18,BUF@NE,DALTON_KINCAID_1_NFL,dalton kincaid,receiving_yards,3.5,-120,-110,0.0,False
18,BUF@NE,KAYSHON_BOUTTE_1_NFL,kayshon boutte,receiving_yards,96.5,-113,-115,117.0,False
18,BUF@NE,JAMES_COOK_1_NFL,james cook,rushing_yards,38.5,-115,-115,28.0,False
18,BUF@NE,MITCHELL_TRUBISKY_1_NFL,mitchell trubisky,passing_yards,199.5,+360,-120,101.0,False
18,BUF@NE,CURTIS_SAMUEL_1_NFL,curtis samuel,receiving_yards,59.5,+240,-110,52.0,False
18,BUF@NE,ANTONIO_GIBSON_1_NFL,antonio gibson,rushing_yards,49.5,+1700,-115,41.0,False
18,BUF@NE,RHAMONDRE_STEVENSON_1_NFL,rhamondre stevenson,rushing_yards,6.5,-125,-105,0.0,False
18,BUF@NE,DAWSON_KNOX_1_NFL,dawson knox,receiving_yards,24.5,+550,-110,0.0,False
18,BUF@NE,AUSTIN_HOOPER_1_NFL,austin hooper,receiving_yards,31.5,-118,-110,27.0,False
18,CHI@GB,ROME_ODUNZE_1_NFL,rome odunze,rushing_yards,0.5,+105,-135,0.0,False
18,CHI@GB,EMANUEL_WILSON_1_NFL,emanuel wilson,rushing_yards,24.5,-225,,73.0,False
18,CHI@GB,TUCKER_KRAFT_1_NFL,tucker kraft,receiving_yards,31.5,-103,-115,36.0,False
18,CHI@GB,DJ_MOORE_1_NFL,dj moore,receiving_yards,57.5,-114,-114,86.0,False
18,CHI@GB,DANDRE_SWIFT_1_NFL,dandre swift,rushing_yards,67.5,-125,-120,65.0,False
18,CHI@GB,JOSH_JACOBS_1_NFL,josh jacobs,receiving_yards,11.5,-118,-110,2.0,False
18,CHI@GB,KEENAN_ALLEN_1_NFL,keenan allen,receiving_yards,25.5,+312,-492,25.0,False
18,CHI@GB,COLE_KMET_1_NFL,cole kmet,receiving_yards,3.5,+1510,-999900,3.0,False
18,CHI@GB,JORDAN_LOVE_1_NFL,jordan love,rushing_yards,1.5,-105,-125,0.0,False
18,CHI@GB,CHRIS_WILLIAMS_1_NFL,chris williams,rushing_yards,25.5,-115,-112,10.0,False
18,CAR@ATL,JATAVION_SANDERS_1_NFL,jatavion sanders,receiving_yards,49.5,+600,-115,35.0,False
18,CAR@ATL,DAVID_MOORE_1_NFL,david moore,receiving_yards,13.5,-114,-114,9.0,False
18,CAR@ATL,BRYCE_YOUNG_1_NFL,bryce young,rushing_yards,19.5,-111,-116,24.0,False
18,CAR@ATL,RAHEEM_BLACKSHEAR_1_NFL,raheem blackshear,rushing_yards,47.5,+390,-600,47.0,False
18,CAR@ATL,MIKE_BOONE_1_NFL,mike boone,receiving_yards,0.5,-115,-115,-2.0,False
18,CAR@ATL,ADAM_THIELEN_1_NFL,adam thielen,receiving_yards,53.5,-114,-117,44.0,False
18,CAR@ATL,KYLE_PITTS_1_NFL,kyle pitts,receiving_yards,29.5,-117,-112,15.0,False
18,CAR@ATL,KHADAREL_HODGE_1_NFL,khadarel hodge,receiving_yards,29.5,-114,-114,24.0,False
18,CAR@ATL,DARNELL_MOONEY_1_NFL,darnell mooney,receiving_yards,53.5,-110,-120,0.0,False
18,CAR@ATL,BIJAN_ROBINSON_1_NFL,bijan robinson,receiving_yards,20.5,-120,-108,3.0,False
18,CAR@ATL,JALEN_COKER_1_NFL,jalen coker,receiving_yards,39.5,-114,-114,62.0,False
18,CAR@ATL,XAVIER_LEGETTE_1_NFL,xavier legette,receiving_yards,36.5,-114,-115,30.0,False
18,CAR@ATL,RAYRAY_MCCLOUD_III_1_NFL,rayray mccloud,receiving_yards,32.5,-110,-120,66.0,False
18,CAR@ATL,MILES_SANDERS_1_NFL,miles sanders,rushing_yards,41.5,-118,-115,66.0,False
18,CAR@ATL,TYLER_ALLGEIER_1_NFL,tyler allgeier,rushing_yards,33.5,-115,-113,52.0,False
18,CAR@ATL,MICHAEL_PENIX_JR_1_NFL,michael penix,rushing_yards,5.5,-110,-120,5.0,False
18,CAR@ATL,DRAKE_LONDON_1_NFL,drake london,receiving_yards,74.5,-115,-113,187.0,False
18,CAR@ATL,TOMMY_TREMBLE_1_NFL,tommy tremble,receiving_yards,15.5,-115,-115,30.0,False
18,NYG@PHI,MALIK_NABERS_1_NFL,malik nabers,rushing_yards,0.5,+115,-150,0.0,False
18,NYG@PHI,DREW_LOCK_1_NFL,drew lock,passing_yards,138.5,-114,-114,138.0,False
18,NYG@PHI,TYRONE_TRACY_1_NFL,tyrone tracy,receiving_yards,10.5,-114,-114,7.0,False
18,NYG@PHI,WANDALE_ROBINSON_1_NFL,wandale robinson,rushing_yards,0.5,+110,-145,0.0,False
18,NYG@PHI,DARIUS_SLAYTON_1_NFL,darius slayton,rushing_yards,0.5,+110,-145,0.0,False
18,NYG@PHI,DANIEL_BELLINGER_1_NFL,daniel bellinger,receiving_yards,5.5,+100,-130,9.0,False
18,NYG@PHI,TANNER_MCKEE_1_NFL,tanner mckee,passing_yards,274.5,+320,,269.0,False
18,NYG@PHI,SAQUON_BARKLEY_1_NFL,saquon barkley,rushing_yards,113.5,-118,-118,0.0,False
18,WAS@DAL,TERRY_MCLAURIN_1_NFL,terry mclaurin,rushing_yards,0.5,+105,-135,0.0,False
18,WAS@DAL,JAYDEN_DANIELS_1_NFL,jayden daniels,passing_yards,217.5,-115,-115,38.0,False
18,WAS@DAL,KAVONTAE_TURPIN_1_NFL,kavontae turpin,rushing_yards,8.5,-115,-115,5.0,False
18,WAS@DAL,BRIAN_ROBINSON_1_NFL,brian robinson,receiving_yards,6.5,-120,-110,6.0,False
18,WAS@DAL,JAKE_FERGUSON_1_NFL,jake ferguson,receiving_yards,34.5,-115,-115,12.0,False
18,WAS@DAL,ZACH_ERTZ_1_NFL,zach ertz,receiving_yards,30.5,-106,-122,44.0,False
18,WAS@DAL,RICO_DOWDLE_1_NFL,rico dowdle,receiving_yards,9.5,-115,-115,12.0,False
18,WAS@DAL,BRANDIN_COOKS_1_NFL,brandin cooks,rushing_yards,0.5,-110,-120,-5.0,False
18,WAS@DAL,OLAMIDE_ZACCHEAUS_1_NFL,olamide zaccheaus,rushing_yards,0.5,-120,-110,0.0,False
18,WAS@DAL,TREY_LANCE_1_NFL,trey lance,rushing_yards,40.5,-115,-115,26.0,False
18,WAS@DAL,AUSTIN_EKELER_1_NFL,austin ekeler,rushing_yards,24.5,-185,,12.0,False
18,WAS@DAL,COOPER_RUSH_1_NFL,cooper rush,passing_yards,199.5,-105,-118,0.0,False
18,WAS@DAL,JALEN_TOLBERT_1_NFL,jalen tolbert,receiving_yards,23.5,-115,-115,98.0,False
18,NO@TB,JALEN_MCMILLAN_1_NFL,jalen mcmillan,receiving_yards,48.5,-111,-117,74.0,False
18,NO@TB,TREY_PALMER_1_NFL,trey palmer,receiving_yards,20.5,-107,-113,0.0,False
18,NO@TB,PAYNE_DURHAM_1_NFL,payne durham,receiving_yards,16.5,+100,-130,16.0,False
18,NO@TB,BAKER_MAYFIELD_1_NFL,baker mayfield,rushing_yards,37.5,-122,-106,68.0,False
18,NO@TB,BUCKY_IRVING_1_NFL,bucky irving,receiving_yards,7.5,-118,-110,-5.0,False
18,NO@TB,FOSTER_MOREAU_1_NFL,foster moreau,receiving_yards,17.5,-115,-113,31.0,False
18,NO@TB,MIKE_EVANS_1_NFL,mike evans,receiving_yards,85.5,-113,-115,89.0,False
18,NO@TB,JUWAN_JOHNSON_1_NFL,juwan johnson,receiving_yards,72.5,-115,-113,80.0,False
18,NO@TB,CEDRICK_WILSON_JR_1_NFL,cedrick wilson,receiving_yards,24.5,+880,-115,22.0,False
18,NO@TB,RACHAAD_WHITE_1_NFL,rachaad white,rushing_yards,6.5,-114,-114,0.0,False
18,NO@TB,JAMAAL_WILLIAMS_1_NFL,jamaal williams,rushing_yards,16.5,-108,-120,15.0,False
18,NO@TB,RYAN_MILLER_1_NFL,ryan miller,receiving_yards,14.5,-115,-115,0.0,False
18,JAX@IND,JONATHAN_TAYLOR_1_NFL,jonathan taylor,receiving_yards,11.5,-111,-116,3.0,False
18,JAX@IND,JOSH_DOWNS_1_NFL,josh downs,rushing_yards,0.5,+110,-145,0.0,False
18,JAX@IND,TRAVIS_ETIENNE_JR_1_NFL,travis etienne,receiving_yards,15.5,+146,-192,29.0,False
18,JAX@IND,DEVIN_DUVERNAY_1_NFL,devin duvernay,receiving_yards,1.5,+105,-135,0.0,False
18,JAX@IND,MICHAEL_PITTMAN_1_NFL,michael pittman,receiving_yards,56.5,-114,-114,72.0,False
18,JAX@IND,TANK_BIGSBY_1_NFL,tank bigsby,rushing_yards,36.5,+100,-130,39.0,False
18,JAX@IND,JOE_FLACCO_1_NFL,joe flacco,passing_yards,245.5,-114,-114,264.0,False
18,JAX@IND,BRENTON_STRANGE_1_NFL,brenton strange,receiving_yards,27.5,-118,-110,60.0,False
18,JAX@IND,KYLEN_GRANSON_1_NFL,kylen granson,receiving_yards,16.5,-108,-120,7.0,False
18,JAX@IND,ASHTON_DULIN_1_NFL,ashton dulin,receiving_yards,0.5,+105,-135,0.0,False
18,JAX@IND,BRIAN_THOMAS_1_NFL,brian thomas,receiving_yards,84.5,-114,-114,103.0,False
18,JAX@IND,MAC_JONES_1_NFL,mac jones,rushing_yards,8.5,-125,-105,17.0,False
18,JAX@IND,ALEC_PIERCE_1_NFL,alec pierce,receiving_yards,33.5,-114,-114,57.0,False
18,JAX@IND,PARKER_WASHINGTON_1_NFL,parker washington,receiving_yards,31.5,-119,-109,15.0,False
18,JAX@IND,TIM_JONES_1_NFL,tim jones,receiving_yards,0.5,-110,-120,0.0,False
18,HOU@TEN,JOE_MIXON_1_NFL,joe mixon,receiving_yards,8.5,-120,-110,5.0,False
18,HOU@TEN,JOHN_METCHIE_III_1_NFL,john metchie,receiving_yards,24.5,+1700,-110,24.0,False
18,HOU@TEN,TONY_POLLARD_1_NFL,tony pollard,rushing_yards,66.5,-113,-115,62.0,False
18,HOU@TEN,NICK_WESTBROOKIKHINE_1_NFL,nick westbrookikhine,receiving_yards,34.5,-106,-122,50.0,False
18,HOU@TEN,CALVIN_RIDLEY_1_NFL,calvin ridley,rushing_yards,4.5,-105,-125,-3.0,False
18,HOU@TEN,DALTON_SCHULTZ_1_NFL,dalton schultz,receiving_yards,39.5,+880,-110,29.0,False
18,HOU@TEN,CHIGOZIEM_OKONOKWO_1_NFL,chigoziem okonokwo,receiving_yards,21.5,-118,-110,0.0,False
18,HOU@TEN,XAVIER_HUTCHINSON_1_NFL,xavier hutchinson,receiving_yards,24.5,+1500,,5.0,False
18,HOU@TEN,ROBERT_WOODS_1_NFL,robert woods,rushing_yards,0.5,+105,-135,0.0,False
18,HOU@TEN,CJ_STROUD_1_NFL,cj stroud,passing_yards,224.5,-115,-115,50.0,False
18,HOU@TEN,WILL_LEVIS_1_NFL,will levis,passing_yards,162.5,-115,-115,175.0,False
18,HOU@TEN,NICO_COLLINS_1_NFL,nico collins,receiving_yards,51.5,-110,-120,38.0,False
18,HOU@TEN,DAMEON_PIERCE_1_NFL,dameon pierce,rushing_yards,174.5,+1300,,176.0,False
18,SEA@LA,KENNY_MCINTOSH_1_NFL,kenny mcintosh,rushing_yards,49.5,+105,-140,49.0,False
18,SEA@LA,NOAH_FANT_1_NFL,noah fant,receiving_yards,47.5,+695,-3805,63.0,False
18,SEA@LA,GENO_SMITH_1_NFL,geno smith,passing_yards,249.5,+185,-115,223.0,False
18,SEA@LA,JAXON_SMITHNJIGBA_1_NFL,jaxon smithnjigba,rushing_yards,4.5,+105,-135,4.0,False
18,SEA@LA,ZACH_CHARBONNET_1_NFL,zach charbonnet,rushing_yards,58.5,-115,-115,59.0,False
18,SEA@LA,HUNTER_LONG_1_NFL,hunter long,receiving_yards,0.5,-115,-115,0.0,False
18,SEA@LA,TUTU_ATWELL_1_NFL,tutu atwell,rushing_yards,0.5,+110,-145,0.0,False
18,SEA@LA,DK_METCALF_1_NFL,dk metcalf,receiving_yards,71.5,-115,-115,53.0,False
18,SEA@LA,AJ_BARNER_1_NFL,aj barner,receiving_yards,24.5,-135,+105,34.0,False
18,SEA@LA,TYLER_LOCKETT_1_NFL,tyler lockett,receiving_yards,20.5,-115,-115,28.0,False
18,SEA@LA,COLBY_PARKINSON_1_NFL,colby parkinson,receiving_yards,7.5,+105,-135,6.0,False
18,SEA@LA,DEMARCUS_ROBINSON_1_NFL,demarcus robinson,receiving_yards,72.5,+130,-170,72.0,False
18,SEA@LA,TYLER_HIGBEE_1_NFL,tyler higbee,receiving_yards,16.5,-118,-110,46.0,False
18,SF@ARI,JOSHUA_DOBBS_1_NFL,joshua dobbs,passing_yards,261.5,-125,-125,326.0,False
18,SF@ARI,KYLER_MURRAY_1_NFL,kyler murray,passing_yards,241.5,-114,-114,242.0,False
18,SF@ARI,MICHAEL_CARTER_1_NFL,michael carter,receiving_yards,16.5,-115,-115,16.0,False
18,SF@ARI,GREG_DORTCH_1_NFL,greg dortch,rushing_yards,7.5,-110,-120,7.0,False
18,SF@ARI,ISAAC_GUERENDO_1_NFL,isaac guerendo,rushing_yards,24.5,-140,-114,5.0,False
18,SF@ARI,TREY_MCBRIDE_1_NFL,trey mcbride,rushing_yards,0.5,+110,-145,0.0,False
18,SF@ARI,GEORGE_KITTLE_1_NFL,george kittle,receiving_yards,48.5,-118,-110,27.0,False
18,SF@ARI,MARVIN_HARRISON_JR_1_NFL,marvin harrison,receiving_yards,53.5,-115,-112,63.0,False
18,SF@ARI,JAUAN_JENNINGS_1_NFL,jauan jennings,receiving_yards,89.5,-160,-120,52.0,False
18,SF@ARI,ZAY_JONES_1_NFL,zay jones,receiving_yards,16.5,+102,-132,46.0,False
18,SF@ARI,BROCK_PURDY_1_NFL,brock purdy,passing_yards,259.5,-118,-118,0.0,False
18,KC@DEN,DEVAUGHN_VELE_1_NFL,devaughn vele,receiving_yards,50.5,+510,-850,50.0,False
18,KC@DEN,AUDRIC_ESTIME_1_NFL,audric estime,receiving_yards,1.5,+100,-130,0.0,False
18,KC@DEN,BO_NIX_1_NFL,bo nix,passing_yards,269.5,-118,-113,321.0,False
18,KC@DEN,JALEEL_MCLAUGHLIN_1_NFL,jaleel mclaughlin,receiving_yards,9.5,-120,-119,9.0,False
18,KC@DEN,COURTLAND_SUTTON_1_NFL,courtland sutton,receiving_yards,102.5,-114,-114,98.0,False
18,KC@DEN,MARVIN_MIMS_JR_1_NFL,marvin mims,receiving_yards,51.5,+319,-450,51.0,False
18,KC@DEN,JAVONTE_WILLIAMS_1_NFL,javonte williams,rushing_yards,27.5,-115,-115,28.0,False
18,LAC@LV,LADD_MCCONKEY_1_NFL,ladd mcconkey,receiving_yards,95.5,+243,-328,95.0,False
18,LAC@LV,QUENTIN_JOHNSTON_1_NFL,quentin johnston,receiving_yards,139.5,-102,-128,186.0,False
18,LAC@LV,AIDAN_OCONNELL_1_NFL,aidan oconnell,passing_yards,213.5,-114,-115,214.0,False
18,LAC@LV,JK_DOBBINS_1_NFL,jk dobbins,rushing_yards,75.5,-120,-110,63.0,False
18,LAC@LV,TRE_TUCKER_1_NFL,tre tucker,receiving_yards,3.5,-114,-114,24.0,False
18,LAC@LV,STONE_SMARTT_1_NFL,stone smartt,receiving_yards,9.5,-115,-113,0.0,False
18,LAC@LV,MICHAEL_MAYER_1_NFL,michael mayer,receiving_yards,24.5,+640,,21.0,False
18,LAC@LV,BROCK_BOWERS_1_NFL,brock bowers,rushing_yards,0.5,+110,-145,0.0,False
18,LAC@LV,WILL_DISSLY_1_NFL,will dissly,receiving_yards,36.5,-114,-114,42.0,False
18,LAC@LV,JAKOBI_MEYERS_1_NFL,jakobi meyers,receiving_yards,113.5,-110,-118,123.0,False
18,LAC@LV,ALEXANDER_MATTISON_1_NFL,alexander mattison,rushing_yards,26.5,-108,-120,20.0,False
18,LAC@LV,JUSTIN_HERBERT_1_NFL,justin herbert,passing_yards,322.5,-118,-110,346.0,False
18,MIA@NYJ,TYLER_CONKLIN_1_NFL,tyler conklin,receiving_yards,16.5,+1895,-999900,16.0,False
18,MIA@NYJ,DEVON_ACHANE_1_NFL,devon achane,rushing_yards,50.5,-118,-110,121.0,False
18,MIA@NYJ,TYREEK_HILL_1_NFL,tyreek hill,receiving_yards,52.5,-114,-114,20.0,False
18,MIA@NYJ,AARON_RODGERS_1_NFL,aaron rodgers,passing_yards,227.5,-114,-114,274.0,False
18,MIA@NYJ,BREECE_HALL_1_NFL,breece hall,rushing_yards,51.5,-114,-114,57.0,False
18,MIA@NYJ,MALIK_WASHINGTON_1_NFL,malik washington,receiving_yards,9.5,-114,-114,48.0,False
18,MIA@NYJ,RAHEEM_MOSTERT_1_NFL,raheem mostert,rushing_yards,21.5,-114,-114,0.0,False
18,MIA@NYJ,ALLEN_LAZARD_1_NFL,allen lazard,receiving_yards,19.5,-123,-105,71.0,False
18,MIA@NYJ,JONNU_SMITH_1_NFL,jonnu smith,rushing_yards,0.5,+645,-2805,0.0,False
18,MIA@NYJ,GARRETT_WILSON_1_NFL,garrett wilson,rushing_yards,0.5,+105,-135,0.0,False
18,MIA@NYJ,JAYLEN_WADDLE_1_NFL,jaylen waddle,rushing_yards,0.5,+550,-1750,6.0,False
