wr_id,player_name,team,season,week,receiving_yards,receptions,targets,offense_pct,opponent,opponent_pass_defense_rank,wr_rec_yards_last5,wr_receptions_last5,wr_targets_last5,target_share_last5,wr_injury_status,is_dome,rest_advantage,spread_line,total_line
00-0027942,A.J. Green,ARI,2022,1,13.0,2,4,0.74,KC,,,,,,0,1,0,-6.0,54.0
00-0035500,Greg Dortch,ARI,2022,1,63.0,7,9,0.91,KC,,,,,,0,1,0,-6.0,54.0
00-0035662,Marquise Brown,ARI,2022,1,43.0,4,6,0.95,KC,,,,,,0,1,0,-6.0,54.0
00-0035208,Olamide Zaccheaus,ATL,2022,1,49.0,4,4,0.6,NO,,,,,,0,1,0,-6.0,43.5
00-0037238,Drake London,ATL,2022,1,74.0,5,7,0.72,NO,,,,,,1,1,0,-6.0,43.5
00-0036550,Rashod Bateman,BAL,2022,1,59.0,2,5,0.66,NYJ,,,,,,0,0,0,6.5,44.0
00-0031588,Stefon Diggs,BUF,2022,1,122.0,8,9,0.64,LA,,,,,,0,1,0,1.0,51.5
00-0032688,Robbie Chosen,CAR,2022,1,102.0,5,8,1.0,CLE,,,,,,0,0,0,2.5,42.5
00-0034827,D.J. Moore,CAR,2022,1,43.0,3,6,1.0,CLE,,,,,,0,0,0,2.5,42.5
00-0036572,Shi Smith,CAR,2022,1,12.0,1,3,0.77,CLE,,,,,,0,0,0,2.5,42.5
00-0034279,Equanimeous St. Brown,CHI,2022,1,18.0,1,3,0.76,SF,,,,,,0,0,0,-6.5,38.0
00-0036309,Darnell Mooney,CHI,2022,1,8.0,1,3,0.9,SF,,,,,,0,0,0,-6.5,38.0
00-0033009,Tyler Boyd,CIN,2022,1,33.0,4,7,0.8,PIT,,,,,,0,0,0,7.5,44.5
00-0033114,Mike Thomas,CIN,2022,1,5.0,1,5,0.69,PIT,,,,,,0,0,0,7.5,44.5
00-0036900,Ja'Marr Chase,CIN,2022,1,129.0,10,16,1.0,PIT,,,,,,0,0,0,7.5,44.5
00-0031544,Amari Cooper,CLE,2022,1,17.0,3,6,0.83,CAR,,,,,,0,0,0,-2.5,42.5
00-0036233,Donovan Peoples-Jones,CLE,2022,1,60.0,6,11,0.83,CAR,,,,,,0,0,0,-2.5,42.5
00-0033591,Noah Brown,DAL,2022,1,68.0,5,9,0.88,TB,,,,,,0,1,0,-2.5,49.5
00-0036358,CeeDee Lamb,DAL,2022,1,29.0,2,11,0.97,TB,,,,,,0,1,0,-2.5,49.5
00-0034348,Courtland Sutton,DEN,2022,1,72.0,4,7,0.95,SEA,,,,,,0,0,0,6.0,44.0
00-0036407,Jerry Jeudy,DEN,2022,1,102.0,4,7,0.89,SEA,,,,,,0,0,0,6.0,44.0
00-0036412,K.J. Hamler,DEN,2022,1,0.0,0,1,0.61,SEA,,,,,,1,0,0,6.0,44.0
00-0033943,Josh Reynolds,DET,2022,1,28.0,1,3,0.8,PHI,,,,,,0,1,0,-6.0,49.0
00-0034777,D.J. Chark,DET,2022,1,52.0,4,8,0.81,PHI,,,,,,0,1,0,-6.0,49.0
00-0036963,Amon-Ra St. Brown,DET,2022,1,64.0,8,12,0.88,PHI,,,,,,0,1,0,-6.0,49.0
00-0028002,Randall Cobb,GB,2022,1,14.0,2,3,0.61,MIN,,,,,,0,1,0,-2.5,47.0
00-0031325,Sammy Watkins,GB,2022,1,18.0,3,3,0.67,MIN,,,,,,0,1,0,-2.5,47.0
00-0038124,Christian Watson,GB,2022,1,34.0,2,4,0.66,MIN,,,,,,0,1,0,-2.5,47.0
00-0031236,Brandin Cooks,HOU,2022,1,82.0,7,12,0.91,IND,,,,,,0,1,0,-7.0,46.0
00-0036554,Nico Collins,HOU,2022,1,26.0,2,3,0.67,IND,,,,,,0,1,0,-7.0,46.0
00-0035639,Parris Campbell,IND,2022,1,37.0,3,4,0.77,HOU,,,,,,0,1,0,7.0,46.0
00-0036252,Michael Pittman,IND,2022,1,121.0,9,13,0.98,HOU,,,,,,0,1,0,7.0,46.0
00-0029293,Marvin Jones,JAX,2022,1,38.0,4,6,0.81,WAS,,,,,,0,0,0,-3.0,43.5
00-0033891,Zay Jones,JAX,2022,1,65.0,6,9,0.83,WAS,,,,,,0,0,0,-3.0,43.5
00-0034775,Christian Kirk,JAX,2022,1,117.0,6,12,0.91,WAS,,,,,,0,0,0,-3.0,43.5
00-0033857,JuJu Smith-Schuster,KC,2022,1,79.0,6,8,0.66,ARI,,,,,,0,1,0,6.0,54.0
00-0034272,Marquez Valdes-Scantling,KC,2022,1,44.0,4,4,0.73,ARI,,,,,,0,1,0,6.0,54.0
00-0031428,Allen Robinson,LA,2022,1,12.0,1,2,0.97,BUF,,,,,,0,1,0,-1.0,51.5
00-0033908,Cooper Kupp,LA,2022,1,128.0,13,15,1.0,BUF,,,,,,0,1,0,-1.0,51.5
00-0036862,Ben Skowronek,LA,2022,1,25.0,4,6,0.88,BUF,,,,,,0,1,0,-1.0,51.5
00-0033536,Mike Williams,LAC,2022,1,10.0,2,4,0.93,LV,,,,,,0,1,0,3.5,52.5
00-0036988,Josh Palmer,LAC,2022,1,5.0,3,4,0.75,LV,,,,,,0,1,0,3.5,52.5
00-0031381,Davante Adams,LV,2022,1,141.0,10,17,0.95,LAC,,,,,,0,1,0,-3.5,52.5
00-0033555,Mack Hollins,LV,2022,1,16.0,1,1,0.88,LAC,,,,,,0,1,0,-3.5,52.5
00-0034983,Hunter Renfrow,LV,2022,1,21.0,3,6,0.83,LAC,,,,,,0,1,0,-3.5,52.5
00-0033040,Tyreek Hill,MIA,2022,1,94.0,8,12,0.67,NE,,,,,,0,0,0,3.0,47.0
00-0036613,Jaylen Waddle,MIA,2022,1,69.0,4,5,0.67,NE,,,,,,0,0,0,3.0,47.0
00-0030035,Adam Thielen,MIN,2022,1,36.0,3,4,0.95,GB,,,,,,0,1,0,2.5,47.0
00-0036322,Justin Jefferson,MIN,2022,1,184.0,9,11,0.92,GB,,,,,,0,1,0,2.5,47.0
00-0036345,K.J. Osborn,MIN,2022,1,14.0,3,4,0.68,GB,,,,,,0,1,0,2.5,47.0
00-0031547,DeVante Parker,NE,2022,1,9.0,1,2,1.0,MIA,,,,,,0,0,0,-3.0,47.0
00-0034960,Jakobi Meyers,NE,2022,1,55.0,4,6,0.88,MIA,,,,,,1,0,0,-3.0,47.0
00-0031382,Jarvis Landry,NO,2022,1,114.0,7,9,0.72,ATL,,,,,,0,1,0,6.0,43.5
00-0032765,Michael Thomas,NO,2022,1,57.0,5,8,0.61,ATL,,,,,,1,1,0,6.0,43.5
00-0037239,Chris Olave,NO,2022,1,41.0,3,3,0.74,ATL,,,,,,0,1,0,6.0,43.5
00-0032385,Sterling Shepard,NYG,2022,1,71.0,2,4,0.72,TEN,,,,,,0,0,0,-5.5,43.5
00-0033932,Kenny Golladay,NYG,2022,1,22.0,2,2,0.77,TEN,,,,,,0,0,0,-5.5,43.5
00-0034286,Richie James,NYG,2022,1,59.0,5,6,0.7,TEN,,,,,,0,0,0,-5.5,43.5
00-0033871,Corey Davis,NYJ,2022,1,77.0,6,10,0.68,BAL,,,,,,0,0,0,-6.5,44.0
00-0036980,Elijah Moore,NYJ,2022,1,49.0,5,7,0.89,BAL,,,,,,0,0,0,-6.5,44.0
00-0035676,A.J. Brown,PHI,2022,1,155.0,10,13,0.87,DET,,,,,,0,1,0,6.0,49.0
00-0036912,DeVonta Smith,PHI,2022,1,0.0,0,4,0.96,DET,,,,,,0,1,0,6.0,49.0
00-0035216,Diontae Johnson,PIT,2022,1,55.0,7,12,0.81,CIN,,,,,,0,0,0,-7.5,44.5
00-0036326,Chase Claypool,PIT,2022,1,18.0,4,6,0.92,CIN,,,,,,0,0,0,-7.5,44.5
00-0037247,George Pickens,PIT,2022,1,3.0,1,3,0.71,CIN,,,,,,0,0,0,-7.5,44.5
00-0032211,Tyler Lockett,SEA,2022,1,28.0,3,4,0.8,DEN,,,,,,0,0,0,-6.0,44.0
00-0035640,DK Metcalf,SEA,2022,1,36.0,7,7,0.82,DEN,,,,,,0,0,0,-6.0,44.0
00-0035719,Deebo Samuel,SF,2022,1,14.0,2,7,0.82,CHI,,,,,,0,0,0,6.5,38.0
00-0036259,Jauan Jennings,SF,2022,1,62.0,4,6,0.6,CHI,,,,,,0,0,0,6.5,38.0
00-0036261,Brandon Aiyuk,SF,2022,1,40.0,2,3,0.99,CHI,,,,,,0,0,0,6.5,38.0
00-0031408,Mike Evans,TB,2022,1,71.0,5,7,0.73,DAL,,,,,,0,1,0,2.5,49.5
00-0030431,Robert Woods,TEN,2022,1,13.0,1,2,0.71,NYG,,,,,,0,0,0,5.5,43.5
00-0036182,Nick Westbrook-Ikhine,TEN,2022,1,13.0,1,2,0.68,NYG,,,,,,0,0,0,5.5,43.5
00-0033282,Curtis Samuel,WAS,2022,1,55.0,8,11,0.71,JAX,,,,,,0,0,0,3.0,43.5
00-0035659,Terry McLaurin,WAS,2022,1,58.0,2,4,0.9,JAX,,,,,,0,0,0,3.0,43.5
00-0037741,Jahan Dotson,WAS,2022,1,40.0,3,5,0.88,JAX,,,,,,0,0,0,3.0,43.5
00-0027942,A.J. Green,ARI,2022,2,16.0,3,7,0.85,LV,24.0,13.0,2.0,4.0,0.1111111111111111,0,1,0,-5.5,51.5
00-0035500,Greg Dortch,ARI,2022,2,55.0,4,4,0.71,LV,24.0,63.0,7.0,9.0,0.25,0,1,0,-5.5,51.5
00-0035662,Marquise Brown,ARI,2022,2,68.0,6,11,0.93,LV,24.0,43.0,4.0,6.0,0.16666666666666666,0,1,0,-5.5,51.5
00-0037238,Drake London,ATL,2022,2,86.0,8,12,0.82,LA,26.0,74.0,5.0,7.0,0.21875,0,1,-3,-10.5,46.5
00-0036550,Rashod Bateman,BAL,2022,2,108.0,4,7,0.61,MIA,10.0,59.0,2.0,5.0,0.17857142857142858,0,0,0,3.0,44.0
00-0031588,Stefon Diggs,BUF,2022,2,148.0,12,15,0.66,TEN,4.0,122.0,8.0,9.0,0.2903225806451613,0,0,3,10.0,47.5
00-0031787,Jake Kumerow,BUF,2022,2,50.0,2,3,0.78,TEN,4.0,,,,,0,0,3,10.0,47.5
00-0032688,Robbie Chosen,CAR,2022,2,32.0,3,5,0.93,NYG,19.0,102.0,5.0,8.0,0.3076923076923077,0,0,0,1.0,44.0
00-0034827,D.J. Moore,CAR,2022,2,43.0,3,6,0.97,NYG,19.0,43.0,3.0,6.0,0.23076923076923078,0,0,0,1.0,44.0
00-0036572,Shi Smith,CAR,2022,2,2.0,1,6,0.71,NYG,19.0,12.0,1.0,3.0,0.11538461538461539,1,0,0,1.0,44.0
00-0034279,Equanimeous St. Brown,CHI,2022,2,39.0,2,4,0.71,GB,23.0,18.0,1.0,3.0,0.17647058823529413,0,0,0,-10.5,42.0
00-0036309,Darnell Mooney,CHI,2022,2,-4.0,1,2,0.9,GB,23.0,8.0,1.0,3.0,0.17647058823529413,0,0,0,-10.5,42.0
00-0033009,Tyler Boyd,CIN,2022,2,17.0,2,2,0.81,DAL,9.0,33.0,4.0,7.0,0.1320754716981132,0,1,0,7.5,42.0
00-0036410,Tee Higgins,CIN,2022,2,71.0,6,10,0.89,DAL,9.0,,,,,1,1,0,7.5,42.0
00-0036900,Ja'Marr Chase,CIN,2022,2,54.0,5,9,0.96,DAL,9.0,129.0,10.0,16.0,0.3018867924528302,0,1,0,7.5,42.0
00-0031544,Amari Cooper,CLE,2022,2,101.0,9,10,0.81,NYJ,10.0,17.0,3.0,6.0,0.2,0,0,0,6.5,38.5
00-0036233,Donovan Peoples-Jones,CLE,2022,2,0.0,0,1,0.78,NYJ,10.0,60.0,6.0,11.0,0.36666666666666664,0,0,0,6.5,38.5
00-0033591,Noah Brown,DAL,2022,2,91.0,5,5,0.85,CIN,5.0,68.0,5.0,9.0,0.21951219512195122,0,1,0,-7.5,42.0
00-0036358,CeeDee Lamb,DAL,2022,2,75.0,7,11,0.95,CIN,5.0,29.0,2.0,11.0,0.2682926829268293,0,1,0,-7.5,42.0
00-0034348,Courtland Sutton,DEN,2022,2,122.0,7,11,0.92,HOU,31.0,72.0,4.0,7.0,0.18421052631578946,0,0,-1,10.5,46.0
00-0035864,Kendall Hinton,DEN,2022,2,20.0,1,1,0.76,HOU,31.0,,,,,0,0,-1,10.5,46.0
00-0033943,Josh Reynolds,DET,2022,2,38.0,3,3,0.72,WAS,22.0,28.0,1.0,3.0,0.08108108108108109,0,1,0,-1.0,48.5
00-0034777,D.J. Chark,DET,2022,2,0.0,0,4,0.66,WAS,22.0,52.0,4.0,8.0,0.21621621621621623,0,1,0,-1.0,48.5
00-0036963,Amon-Ra St. Brown,DET,2022,2,116.0,9,12,0.85,WAS,22.0,64.0,8.0,12.0,0.32432432432432434,0,1,0,-1.0,48.5
00-0031325,Sammy Watkins,GB,2022,2,93.0,3,4,0.65,CHI,3.0,18.0,3.0,3.0,0.08571428571428572,0,0,0,10.5,42.0
00-0034521,Allen Lazard,GB,2022,2,13.0,2,3,0.81,CHI,3.0,,,,,1,0,0,10.5,42.0
00-0031236,Brandin Cooks,HOU,2022,2,54.0,4,10,0.87,DEN,6.0,82.0,7.0,12.0,0.34285714285714286,0,0,1,-10.5,46.0
00-0032398,Chris Moore,HOU,2022,2,14.0,2,4,0.65,DEN,6.0,,,,,0,0,1,-10.5,46.0
00-0036554,Nico Collins,HOU,2022,2,58.0,4,9,0.67,DEN,6.0,26.0,2.0,3.0,0.08571428571428572,0,0,1,-10.5,46.0
00-0035021,Ashton Dulin,IND,2022,2,79.0,5,7,0.64,JAX,28.0,,,,,0,0,0,3.0,43.5
00-0035639,Parris Campbell,IND,2022,2,0.0,0,2,0.86,JAX,28.0,37.0,3.0,4.0,0.08163265306122448,0,0,0,3.0,43.5
00-0036482,Mike Strachan,IND,2022,2,23.0,1,3,0.7,JAX,28.0,,,,,0,0,0,3.0,43.5
00-0029293,Marvin Jones,JAX,2022,2,33.0,3,5,0.9,IND,15.0,38.0,4.0,6.0,0.15789473684210525,0,0,0,-3.0,43.5
00-0033891,Zay Jones,JAX,2022,2,23.0,3,4,0.68,IND,15.0,65.0,6.0,9.0,0.23684210526315788,0,0,0,-3.0,43.5
00-0034775,Christian Kirk,JAX,2022,2,78.0,6,6,0.9,IND,15.0,117.0,6.0,12.0,0.3157894736842105,0,0,0,-3.0,43.5
00-0033857,JuJu Smith-Schuster,KC,2022,2,10.0,3,3,0.74,LAC,25.0,79.0,6.0,8.0,0.20512820512820512,0,0,0,4.0,52.5
00-0034272,Marquez Valdes-Scantling,KC,2022,2,13.0,2,7,0.79,LAC,25.0,44.0,4.0,4.0,0.10256410256410256,0,0,0,4.0,52.5
00-0031428,Allen Robinson,LA,2022,2,53.0,4,5,0.9,ATL,20.0,12.0,1.0,2.0,0.04878048780487805,0,1,3,10.5,46.5
00-0033908,Cooper Kupp,LA,2022,2,108.0,11,14,0.98,ATL,20.0,128.0,13.0,15.0,0.36585365853658536,0,1,3,10.5,46.5
00-0036862,Ben Skowronek,LA,2022,2,16.0,2,3,0.86,ATL,20.0,25.0,4.0,6.0,0.14634146341463414,0,1,3,10.5,46.5
00-0031763,DeAndre Carter,LAC,2022,2,55.0,3,3,0.65,KC,8.0,,,,,0,0,0,-4.0,52.5
00-0033536,Mike Williams,LAC,2022,2,113.0,8,10,0.88,KC,8.0,10.0,2.0,4.0,0.11764705882352941,0,0,0,-4.0,52.5
00-0036988,Josh Palmer,LAC,2022,2,30.0,4,8,0.91,KC,8.0,5.0,3.0,4.0,0.11764705882352941,0,0,0,-4.0,52.5
00-0031381,Davante Adams,LV,2022,2,12.0,2,7,0.97,ARI,32.0,141.0,10.0,17.0,0.5,0,1,0,5.5,51.5
00-0033555,Mack Hollins,LV,2022,2,66.0,5,8,0.87,ARI,32.0,16.0,1.0,1.0,0.029411764705882353,0,1,0,5.5,51.5
00-0034983,Hunter Renfrow,LV,2022,2,59.0,7,10,0.69,ARI,32.0,21.0,3.0,6.0,0.17647058823529413,0,1,0,5.5,51.5
00-0033040,Tyreek Hill,MIA,2022,2,190.0,11,13,0.76,BAL,27.0,94.0,8.0,12.0,0.41379310344827586,0,0,0,-3.0,44.0
00-0036613,Jaylen Waddle,MIA,2022,2,171.0,11,19,0.8,BAL,27.0,69.0,4.0,5.0,0.1724137931034483,0,0,0,-3.0,44.0
00-0030035,Adam Thielen,MIN,2022,2,52.0,4,7,0.97,PHI,12.0,36.0,3.0,4.0,0.13333333333333333,0,0,0,-2.5,49.5
00-0036322,Justin Jefferson,MIN,2022,2,48.0,6,12,0.98,PHI,12.0,184.0,9.0,11.0,0.36666666666666664,0,0,0,-2.5,49.5
00-0036345,K.J. Osborn,MIN,2022,2,25.0,2,2,0.77,PHI,12.0,14.0,3.0,4.0,0.13333333333333333,0,0,0,-2.5,49.5
00-0031547,DeVante Parker,NE,2022,2,0.0,0,2,0.76,PIT,29.0,9.0,1.0,2.0,0.06666666666666667,0,0,0,3.0,40.0
00-0034960,Jakobi Meyers,NE,2022,2,95.0,9,13,0.82,PIT,29.0,55.0,4.0,6.0,0.2,0,0,0,3.0,40.0
00-0031382,Jarvis Landry,NO,2022,2,25.0,4,5,0.68,TB,7.0,114.0,7.0,9.0,0.2903225806451613,0,1,0,-2.5,44.0
00-0032765,Michael Thomas,NO,2022,2,65.0,6,9,0.76,TB,7.0,57.0,5.0,8.0,0.25806451612903225,0,1,0,-2.5,44.0
00-0037239,Chris Olave,NO,2022,2,80.0,5,13,0.75,TB,7.0,41.0,3.0,3.0,0.0967741935483871,0,1,0,-2.5,44.0
00-0032385,Sterling Shepard,NYG,2022,2,34.0,6,10,0.88,CAR,2.0,71.0,2.0,4.0,0.19047619047619047,0,0,0,-1.0,44.0
00-0035359,David Sills,NYG,2022,2,37.0,3,4,0.92,CAR,2.0,,,,,0,0,0,-1.0,44.0
00-0033871,Corey Davis,NYJ,2022,2,83.0,2,4,0.79,CLE,14.0,77.0,6.0,10.0,0.17543859649122806,0,0,0,-6.5,38.5
00-0036980,Elijah Moore,NYJ,2022,2,41.0,3,5,0.87,CLE,14.0,49.0,5.0,7.0,0.12280701754385964,0,0,0,-6.5,38.5
00-0037740,Garrett Wilson,NYJ,2022,2,102.0,8,14,0.61,CLE,14.0,,,,,0,0,0,-6.5,38.5
00-0035676,A.J. Brown,PHI,2022,2,69.0,5,8,0.88,MIN,18.0,155.0,10.0,13.0,0.4482758620689655,0,0,0,2.5,49.5
00-0036912,DeVonta Smith,PHI,2022,2,80.0,7,7,0.99,MIN,18.0,0.0,0.0,4.0,0.13793103448275862,0,0,0,2.5,49.5
00-0035216,Diontae Johnson,PIT,2022,2,57.0,6,10,0.86,NE,21.0,55.0,7.0,12.0,0.32432432432432434,0,0,0,-3.0,40.0
00-0036326,Chase Claypool,PIT,2022,2,26.0,4,6,0.92,NE,21.0,18.0,4.0,6.0,0.16216216216216217,0,0,0,-3.0,40.0
00-0037247,George Pickens,PIT,2022,2,23.0,1,2,0.85,NE,21.0,3.0,1.0,3.0,0.08108108108108109,0,0,0,-3.0,40.0
00-0032211,Tyler Lockett,SEA,2022,2,107.0,9,11,0.92,SF,1.0,28.0,3.0,4.0,0.14814814814814814,0,0,-1,-8.5,40.0
00-0035640,DK Metcalf,SEA,2022,2,35.0,4,6,0.92,SF,1.0,36.0,7.0,7.0,0.25925925925925924,0,0,-1,-8.5,40.0
00-0035719,Deebo Samuel,SF,2022,2,44.0,5,6,0.78,SEA,30.0,14.0,2.0,7.0,0.2916666666666667,0,0,1,8.5,40.0
00-0036261,Brandon Aiyuk,SF,2022,2,63.0,5,8,0.88,SEA,30.0,40.0,2.0,3.0,0.125,0,0,1,8.5,40.0
00-0031408,Mike Evans,TB,2022,2,61.0,3,4,0.61,NO,12.0,71.0,5.0,7.0,0.25925925925925924,1,1,0,2.5,44.0
00-0032054,Breshad Perriman,TB,2022,2,45.0,3,5,0.75,NO,12.0,,,,,1,1,0,2.5,44.0
00-0034411,Russell Gage,TB,2022,2,28.0,5,6,0.66,NO,12.0,,,,,1,1,0,2.5,44.0
00-0030431,Robert Woods,TEN,2022,2,39.0,4,5,0.66,BUF,15.0,13.0,1.0,2.0,0.06451612903225806,0,0,-3,-10.0,47.5
00-0036182,Nick Westbrook-Ikhine,TEN,2022,2,13.0,1,4,0.61,BUF,15.0,13.0,1.0,2.0,0.06451612903225806,0,0,-3,-10.0,47.5
00-0033282,Curtis Samuel,WAS,2022,2,78.0,7,9,0.89,DET,17.0,55.0,8.0,11.0,0.2682926829268293,0,1,0,1.0,48.5
00-0035659,Terry McLaurin,WAS,2022,2,75.0,4,8,0.89,DET,17.0,58.0,2.0,4.0,0.0975609756097561,0,1,0,1.0,48.5
00-0037741,Jahan Dotson,WAS,2022,2,59.0,4,5,0.99,DET,17.0,40.0,3.0,5.0,0.12195121951219512,0,1,0,1.0,48.5
00-0035500,Greg Dortch,ARI,2022,3,80.0,9,10,0.81,LA,16.0,59.0,5.5,6.5,0.1566265060240964,0,1,0,-3.5,49.0
00-0035662,Marquise Brown,ARI,2022,3,140.0,14,17,0.95,LA,16.0,55.5,5.0,8.5,0.20481927710843373,0,1,0,-3.5,49.0
00-0035208,Olamide Zaccheaus,ATL,2022,3,49.0,2,2,0.67,SEA,19.0,49.0,4.0,4.0,0.07017543859649122,0,0,0,-1.0,43.0
00-0037238,Drake London,ATL,2022,3,54.0,3,6,0.84,SEA,19.0,80.0,6.5,9.5,0.3333333333333333,0,0,0,-1.0,43.0
00-0036550,Rashod Bateman,BAL,2022,3,59.0,2,4,0.62,NE,13.0,83.5,3.0,6.0,0.21052631578947367,0,0,0,2.5,45.5
00-0031588,Stefon Diggs,BUF,2022,3,74.0,7,11,0.7,MIA,21.0,135.0,10.0,12.0,0.3582089552238806,0,0,-1,4.0,54.0
00-0032688,Robbie Chosen,CAR,2022,3,14.0,1,4,0.84,NO,7.0,67.0,4.0,6.5,0.24528301886792453,0,0,0,-2.0,41.0
00-0034827,D.J. Moore,CAR,2022,3,2.0,1,6,0.98,NO,7.0,43.0,3.0,6.0,0.22641509433962265,0,0,0,-2.0,41.0
00-0034279,Equanimeous St. Brown,CHI,2022,3,20.0,1,2,0.86,HOU,27.0,28.5,1.5,3.5,0.25,0,0,0,3.0,40.0
00-0036309,Darnell Mooney,CHI,2022,3,23.0,2,6,0.94,HOU,27.0,2.0,1.0,2.5,0.17857142857142858,0,0,0,3.0,40.0
00-0033009,Tyler Boyd,CIN,2022,3,105.0,4,5,0.68,NYJ,14.0,25.0,3.0,4.5,0.10227272727272728,0,0,0,6.5,46.0
00-0036410,Tee Higgins,CIN,2022,3,93.0,5,7,0.68,NYJ,14.0,71.0,6.0,10.0,0.11363636363636363,0,0,0,6.5,46.0
00-0036900,Ja'Marr Chase,CIN,2022,3,29.0,6,10,0.87,NYJ,14.0,91.5,7.5,12.5,0.2840909090909091,0,0,0,6.5,46.0
00-0031544,Amari Cooper,CLE,2022,3,101.0,7,11,0.82,PIT,29.0,59.0,6.0,8.0,0.2807017543859649,0,0,0,4.5,38.0
00-0036233,Donovan Peoples-Jones,CLE,2022,3,10.0,1,3,0.88,PIT,29.0,30.0,3.0,6.0,0.21052631578947367,0,0,0,4.5,38.0
00-0033591,Noah Brown,DAL,2022,3,54.0,5,7,0.8,NYG,8.0,79.5,5.0,7.0,0.19718309859154928,0,0,0,-1.0,38.5
00-0036358,CeeDee Lamb,DAL,2022,3,87.0,8,12,0.95,NYG,8.0,52.0,4.5,11.0,0.30985915492957744,0,0,0,-1.0,38.5
00-0034348,Courtland Sutton,DEN,2022,3,97.0,8,10,0.86,SF,1.0,97.0,5.5,9.0,0.2727272727272727,0,0,0,-1.0,44.0
00-0033943,Josh Reynolds,DET,2022,3,96.0,6,10,0.79,MIN,30.0,33.0,2.0,3.0,0.08450704225352113,0,1,1,-6.5,52.0
00-0034777,D.J. Chark,DET,2022,3,46.0,3,6,0.79,MIN,30.0,26.0,2.0,6.0,0.16901408450704225,0,1,1,-6.5,52.0
00-0036963,Amon-Ra St. Brown,DET,2022,3,73.0,6,9,0.73,MIN,30.0,90.0,8.5,12.0,0.3380281690140845,0,1,1,-6.5,52.0
00-0034521,Allen Lazard,GB,2022,3,45.0,4,6,0.9,TB,11.0,13.0,2.0,3.0,0.05,0,0,0,-1.0,41.5
00-0037816,Romeo Doubs,GB,2022,3,73.0,8,8,0.89,TB,11.0,,,,,0,0,0,-1.0,41.5
00-0031236,Brandin Cooks,HOU,2022,3,22.0,2,7,0.86,CHI,6.0,68.0,5.5,11.0,0.3055555555555556,0,0,0,-3.0,40.0
00-0036554,Nico Collins,HOU,2022,3,41.0,2,4,0.68,CHI,6.0,42.0,3.0,6.0,0.16666666666666666,0,0,0,-3.0,40.0
00-0035639,Parris Campbell,IND,2022,3,10.0,2,2,0.82,KC,23.0,18.5,1.5,3.0,0.07692307692307693,0,0,-3,-4.5,51.0
00-0036252,Michael Pittman,IND,2022,3,72.0,8,9,0.94,KC,23.0,121.0,9.0,13.0,0.16666666666666666,0,0,-3,-4.5,51.0
00-0029293,Marvin Jones,JAX,2022,3,33.0,4,7,0.68,LAC,20.0,35.5,3.5,5.5,0.16176470588235295,0,1,-3,-6.5,46.0
00-0033891,Zay Jones,JAX,2022,3,85.0,10,11,0.76,LAC,20.0,44.0,4.5,6.5,0.19117647058823528,0,1,-3,-6.5,46.0
00-0034775,Christian Kirk,JAX,2022,3,72.0,6,9,0.92,LAC,20.0,97.5,6.0,9.0,0.2647058823529412,0,1,-3,-6.5,46.0
00-0033857,JuJu Smith-Schuster,KC,2022,3,89.0,5,8,0.7,IND,15.0,44.5,4.5,5.5,0.1527777777777778,0,0,3,4.5,51.0
00-0034272,Marquez Valdes-Scantling,KC,2022,3,48.0,4,7,0.78,IND,15.0,28.5,3.0,5.5,0.1527777777777778,0,0,3,4.5,51.0
00-0035140,Mecole Hardman,KC,2022,3,2.0,1,1,0.68,IND,15.0,,,,,0,0,3,4.5,51.0
00-0031428,Allen Robinson,LA,2022,3,23.0,2,5,0.92,ARI,31.0,32.5,2.5,3.5,0.09210526315789473,0,1,0,3.5,49.0
00-0033908,Cooper Kupp,LA,2022,3,44.0,4,6,1.0,ARI,31.0,118.0,12.0,14.5,0.3815789473684211,0,1,0,3.5,49.0
00-0036862,Ben Skowronek,LA,2022,3,66.0,4,4,0.85,ARI,31.0,20.5,3.0,4.5,0.11842105263157894,0,1,0,3.5,49.0
00-0031763,DeAndre Carter,LAC,2022,3,31.0,3,4,0.74,JAX,18.0,55.0,3.0,3.0,0.0375,0,1,3,6.5,46.0
00-0033536,Mike Williams,LAC,2022,3,15.0,1,6,0.9,JAX,18.0,61.5,5.0,7.0,0.175,0,1,3,6.5,46.0
00-0036988,Josh Palmer,LAC,2022,3,99.0,6,9,0.93,JAX,18.0,17.5,3.5,6.0,0.15,0,1,3,6.5,46.0
00-0031381,Davante Adams,LV,2022,3,36.0,5,10,1.0,TEN,17.0,76.5,6.0,12.0,0.3287671232876712,0,0,1,1.5,45.5
00-0033555,Mack Hollins,LV,2022,3,158.0,8,11,0.97,TEN,17.0,41.0,3.0,4.5,0.1232876712328767,0,0,1,1.5,45.5
00-0033040,Tyreek Hill,MIA,2022,3,33.0,2,4,0.86,BUF,4.0,142.0,9.5,12.5,0.3246753246753247,0,0,1,-4.0,54.0
00-0034487,Trent Sherfield,MIA,2022,3,5.0,1,1,0.63,BUF,4.0,,,,,0,0,1,-4.0,54.0
00-0036613,Jaylen Waddle,MIA,2022,3,102.0,4,6,0.74,BUF,4.0,120.0,7.5,12.0,0.3116883116883117,0,0,1,-4.0,54.0
00-0030035,Adam Thielen,MIN,2022,3,61.0,6,8,0.97,DET,28.0,44.0,3.5,5.5,0.14666666666666667,0,1,-1,6.5,52.0
00-0036322,Justin Jefferson,MIN,2022,3,14.0,3,6,1.0,DET,28.0,116.0,7.5,11.5,0.30666666666666664,0,1,-1,6.5,52.0
00-0036345,K.J. Osborn,MIN,2022,3,73.0,5,8,0.75,DET,28.0,19.5,2.5,3.0,0.08,0,1,-1,6.5,52.0
00-0031547,DeVante Parker,NE,2022,3,156.0,5,10,0.97,BAL,32.0,4.5,0.5,2.0,0.0625,0,0,0,-2.5,45.5
00-0031549,Nelson Agholor,NE,2022,3,41.0,2,3,0.76,BAL,32.0,,,,,0,0,0,-2.5,45.5
00-0035406,Lil'Jordan Humphrey,NE,2022,3,0.0,0,1,0.82,BAL,32.0,,,,,0,0,0,-2.5,45.5
00-0032765,Michael Thomas,NO,2022,3,49.0,5,5,0.68,CAR,2.0,61.0,5.5,8.5,0.24285714285714285,0,0,0,2.0,41.0
00-0034765,Tre'Quan Smith,NO,2022,3,105.0,4,5,0.61,CAR,2.0,,,,,0,0,0,2.0,41.0
00-0037239,Chris Olave,NO,2022,3,147.0,9,13,0.77,CAR,2.0,60.5,4.0,8.0,0.22857142857142856,0,0,0,2.0,41.0
00-0032385,Sterling Shepard,NYG,2022,3,49.0,5,10,0.81,DAL,8.0,52.5,4.0,7.0,0.2641509433962264,0,0,0,1.0,38.5
00-0034286,Richie James,NYG,2022,3,36.0,4,5,0.74,DAL,8.0,59.0,5.0,6.0,0.11320754716981132,0,0,0,1.0,38.5
00-0035359,David Sills,NYG,2022,3,20.0,2,4,0.63,DAL,8.0,37.0,3.0,4.0,0.07547169811320754,0,0,0,1.0,38.5
00-0033871,Corey Davis,NYJ,2022,3,27.0,2,5,0.87,CIN,10.0,80.0,4.0,7.0,0.14,1,0,0,-6.5,46.0
00-0036980,Elijah Moore,NYJ,2022,3,49.0,4,9,0.94,CIN,10.0,45.0,4.0,6.0,0.12,0,0,0,-6.5,46.0
00-0037740,Garrett Wilson,NYJ,2022,3,60.0,6,11,0.63,CIN,10.0,102.0,8.0,14.0,0.14,0,0,0,-6.5,46.0
00-0035676,A.J. Brown,PHI,2022,3,85.0,5,10,0.8,WAS,21.0,112.0,7.5,10.5,0.35,0,0,-1,6.0,47.0
00-0036912,DeVonta Smith,PHI,2022,3,169.0,8,12,0.89,WAS,21.0,40.0,3.5,5.5,0.18333333333333332,0,0,-1,6.0,47.0
00-0035216,Diontae Johnson,PIT,2022,3,84.0,8,11,0.98,CLE,25.0,56.0,6.5,11.0,0.3188405797101449,0,0,0,-4.5,38.0
00-0036326,Chase Claypool,PIT,2022,3,35.0,3,6,0.93,CLE,25.0,22.0,4.0,6.0,0.17391304347826086,0,0,0,-4.5,38.0
00-0037247,George Pickens,PIT,2022,3,39.0,3,7,0.76,CLE,25.0,13.0,1.0,2.5,0.07246376811594203,0,0,0,-4.5,38.0
00-0032211,Tyler Lockett,SEA,2022,3,76.0,9,11,0.82,ATL,24.0,67.5,6.0,7.5,0.2631578947368421,0,0,0,1.0,43.0
00-0035640,DK Metcalf,SEA,2022,3,64.0,5,12,0.93,ATL,24.0,35.5,5.5,6.5,0.22807017543859648,0,0,0,1.0,43.0
00-0035719,Deebo Samuel,SF,2022,3,73.0,5,8,0.79,DEN,5.0,29.0,3.5,6.5,0.2765957446808511,0,0,0,1.0,44.0
00-0036261,Brandon Aiyuk,SF,2022,3,39.0,3,8,0.89,DEN,5.0,51.5,3.5,5.5,0.23404255319148937,0,0,0,1.0,44.0
00-0032054,Breshad Perriman,TB,2022,3,44.0,3,4,0.72,GB,3.0,45.0,3.0,5.0,0.08333333333333333,1,0,0,1.0,41.5
00-0034411,Russell Gage,TB,2022,3,87.0,12,13,0.8,GB,3.0,28.0,5.0,6.0,0.1,1,0,0,1.0,41.5
00-0035298,Scott Miller,TB,2022,3,4.0,1,5,0.8,GB,3.0,,,,,0,0,0,1.0,41.5
00-0030431,Robert Woods,TEN,2022,3,85.0,4,9,0.72,LV,26.0,26.0,2.5,3.5,0.12962962962962962,0,0,-1,-1.5,45.5
00-0037742,Treylon Burks,TEN,2022,3,13.0,1,2,0.69,LV,26.0,,,,,0,0,-1,-1.5,45.5
00-0033282,Curtis Samuel,WAS,2022,3,48.0,7,10,0.83,PHI,12.0,66.5,7.5,10.0,0.23529411764705882,0,0,1,-6.0,47.0
00-0035659,Terry McLaurin,WAS,2022,3,102.0,6,9,0.88,PHI,12.0,66.5,3.0,6.0,0.1411764705882353,0,0,1,-6.0,47.0
00-0037741,Jahan Dotson,WAS,2022,3,10.0,2,8,0.87,PHI,12.0,49.5,3.5,5.0,0.11764705882352941,0,0,1,-6.0,47.0
00-0035662,Marquise Brown,ARI,2022,4,88.0,6,11,0.93,CAR,11.0,83.66666666666667,8.0,11.333333333333334,0.2463768115942029,1,0,0,-1.0,44.0
00-0036936,Rondale Moore,ARI,2022,4,11.0,3,5,0.86,CAR,11.0,,,,,1,0,0,-1.0,44.0
00-0037238,Drake London,ATL,2022,4,17.0,2,7,0.8,CLE,17.0,71.33333333333333,5.333333333333333,8.333333333333334,0.32894736842105265,0,0,-3,-1.0,48.0
00-0036331,Devin Duvernay,BAL,2022,4,51.0,4,5,0.64,BUF,2.0,,,,,0,0,0,-3.0,50.0
00-0031588,Stefon Diggs,BUF,2022,4,62.0,4,6,0.95,BAL,32.0,114.66666666666667,9.0,11.666666666666666,0.2892561983471074,0,0,0,3.0,50.0
00-0032688,Robbie Chosen,CAR,2022,4,26.0,3,5,0.96,ARI,27.0,49.333333333333336,3.0,5.666666666666667,0.22077922077922077,0,0,0,1.0,44.0
00-0034827,D.J. Moore,CAR,2022,4,50.0,6,11,0.96,ARI,27.0,29.333333333333332,2.3333333333333335,6.0,0.23376623376623376,0,0,0,1.0,44.0
00-0036572,Shi Smith,CAR,2022,4,0.0,0,2,0.75,ARI,27.0,7.0,1.0,4.5,0.11688311688311688,0,0,0,1.0,44.0
00-0034279,Equanimeous St. Brown,CHI,2022,4,9.0,0,2,0.95,NYG,7.0,25.666666666666668,1.3333333333333333,3.0,0.20454545454545456,0,0,1,-3.0,39.0
00-0036309,Darnell Mooney,CHI,2022,4,94.0,4,5,0.85,NYG,7.0,9.0,1.3333333333333333,3.6666666666666665,0.25,0,0,1,-3.0,39.0
00-0033009,Tyler Boyd,CIN,2022,4,47.0,2,5,0.72,MIA,31.0,51.666666666666664,3.3333333333333335,4.666666666666667,0.11382113821138211,0,0,0,4.0,48.5
00-0036410,Tee Higgins,CIN,2022,4,124.0,7,9,0.77,MIA,31.0,82.0,5.5,8.5,0.13821138211382114,0,0,0,4.0,48.5
00-0036900,Ja'Marr Chase,CIN,2022,4,81.0,4,6,0.94,MIA,31.0,70.66666666666667,7.0,11.666666666666666,0.2845528455284553,0,0,0,4.0,48.5
00-0031544,Amari Cooper,CLE,2022,4,9.0,1,4,0.85,ATL,28.0,73.0,6.333333333333333,9.0,0.3068181818181818,0,0,3,1.0,48.0
00-0036233,Donovan Peoples-Jones,CLE,2022,4,71.0,5,9,0.84,ATL,28.0,23.333333333333332,2.3333333333333335,5.0,0.17045454545454544,0,0,3,1.0,48.0
00-0033591,Noah Brown,DAL,2022,4,61.0,3,6,0.79,WAS,30.0,71.0,5.0,7.0,0.2079207920792079,0,1,-1,3.0,40.5
00-0034764,Michael Gallup,DAL,2022,4,24.0,2,3,0.64,WAS,30.0,,,,,0,1,-1,3.0,40.5
00-0036358,CeeDee Lamb,DAL,2022,4,97.0,6,8,0.95,WAS,30.0,63.666666666666664,5.666666666666667,11.333333333333334,0.33663366336633666,0,1,-1,3.0,40.5
00-0034348,Courtland Sutton,DEN,2022,4,52.0,5,7,0.94,LV,25.0,97.0,6.333333333333333,9.333333333333334,0.2857142857142857,0,1,0,-2.5,45.5
00-0036407,Jerry Jeudy,DEN,2022,4,53.0,4,5,0.89,LV,25.0,102.0,4.0,7.0,0.07142857142857142,0,1,0,-2.5,45.5
00-0033943,Josh Reynolds,DET,2022,4,81.0,7,8,0.84,SEA,18.0,54.0,3.3333333333333335,5.333333333333333,0.14814814814814814,1,1,0,3.0,48.5
00-0035544,Tom Kennedy,DET,2022,4,54.0,3,5,0.81,SEA,18.0,,,,,0,1,0,3.0,48.5
00-0034521,Allen Lazard,GB,2022,4,116.0,6,8,0.96,NE,10.0,29.0,3.0,4.5,0.09574468085106383,0,0,0,10.0,40.5
00-0037816,Romeo Doubs,GB,2022,4,47.0,5,8,0.96,NE,10.0,73.0,8.0,8.0,0.0851063829787234,0,0,0,10.0,40.5
00-0031236,Brandin Cooks,HOU,2022,4,57.0,7,7,0.81,LAC,20.0,52.666666666666664,4.333333333333333,9.666666666666666,0.2815533980582524,0,1,0,-5.5,45.0
00-0036554,Nico Collins,HOU,2022,4,82.0,3,5,0.77,LAC,20.0,41.666666666666664,2.6666666666666665,5.333333333333333,0.1553398058252427,0,1,0,-5.5,45.0
00-0035639,Parris Campbell,IND,2022,4,43.0,4,4,0.67,TEN,23.0,15.666666666666666,1.6666666666666667,2.6666666666666665,0.07017543859649122,0,0,0,4.5,43.0
00-0036252,Michael Pittman,IND,2022,4,31.0,3,6,0.89,TEN,23.0,96.5,8.5,11.0,0.19298245614035087,0,0,0,4.5,43.0
00-0029293,Marvin Jones,JAX,2022,4,0.0,0,1,0.91,PHI,9.0,34.666666666666664,3.6666666666666665,6.0,0.16981132075471697,0,0,0,-6.5,44.0
00-0034775,Christian Kirk,JAX,2022,4,60.0,2,9,0.94,PHI,9.0,89.0,6.0,9.0,0.25471698113207547,0,0,0,-6.5,44.0
00-0033857,JuJu Smith-Schuster,KC,2022,4,46.0,5,8,0.63,TB,13.0,59.333333333333336,4.666666666666667,6.333333333333333,0.18095238095238095,0,0,0,-1.0,46.5
00-0034272,Marquez Valdes-Scantling,KC,2022,4,63.0,3,5,0.69,TB,13.0,35.0,3.3333333333333335,6.0,0.17142857142857143,1,0,0,-1.0,46.5
00-0031428,Allen Robinson,LA,2022,4,7.0,2,6,0.99,SF,1.0,29.333333333333332,2.3333333333333335,4.0,0.1188118811881188,0,0,0,-1.0,42.0
00-0033908,Cooper Kupp,LA,2022,4,122.0,14,19,1.0,SF,1.0,93.33333333333333,9.333333333333334,11.666666666666666,0.3465346534653465,0,0,0,-1.0,42.0
00-0036862,Ben Skowronek,LA,2022,4,33.0,2,3,0.88,SF,1.0,35.666666666666664,3.3333333333333335,4.333333333333333,0.12871287128712872,0,0,0,-1.0,42.0
00-0031763,DeAndre Carter,LAC,2022,4,16.0,2,3,0.7,HOU,12.0,43.0,3.0,3.5,0.05785123966942149,0,1,0,5.5,45.0
00-0033536,Mike Williams,LAC,2022,4,120.0,7,11,0.93,HOU,12.0,46.0,3.6666666666666665,6.666666666666667,0.1652892561983471,0,1,0,5.5,45.0
00-0031381,Davante Adams,LV,2022,4,101.0,9,13,0.95,DEN,4.0,63.0,5.666666666666667,11.333333333333334,0.2982456140350877,0,1,0,2.5,45.5
00-0033555,Mack Hollins,LV,2022,4,33.0,3,5,0.96,DEN,4.0,80.0,4.666666666666667,6.666666666666667,0.17543859649122806,0,1,0,2.5,45.5
00-0033040,Tyreek Hill,MIA,2022,4,160.0,10,14,0.94,CIN,14.0,105.66666666666667,7.0,9.666666666666666,0.3020833333333333,0,0,0,-4.0,48.5
00-0034487,Trent Sherfield,MIA,2022,4,55.0,4,6,0.63,CIN,14.0,5.0,1.0,1.0,0.010416666666666666,0,0,0,-4.0,48.5
00-0036613,Jaylen Waddle,MIA,2022,4,39.0,2,5,0.86,CIN,14.0,114.0,6.333333333333333,10.0,0.3125,1,0,0,-4.0,48.5
00-0030035,Adam Thielen,MIN,2022,4,72.0,8,9,0.97,NO,3.0,49.666666666666664,4.333333333333333,6.333333333333333,0.1743119266055046,0,0,0,4.0,42.0
00-0036322,Justin Jefferson,MIN,2022,4,147.0,10,13,0.94,NO,3.0,82.0,6.0,9.666666666666666,0.26605504587155965,0,0,0,4.0,42.0
00-0036345,K.J. Osborn,MIN,2022,4,6.0,1,2,0.85,NO,3.0,37.333333333333336,3.3333333333333335,4.666666666666667,0.12844036697247707,0,0,0,4.0,42.0
00-0031547,DeVante Parker,NE,2022,4,24.0,2,2,0.97,GB,6.0,55.0,2.0,4.666666666666667,0.14583333333333334,0,0,0,-10.0,40.5
00-0031549,Nelson Agholor,NE,2022,4,46.0,3,4,0.66,GB,6.0,41.0,2.0,3.0,0.03125,0,0,0,-10.0,40.5
00-0031382,Jarvis Landry,NO,2022,4,7.0,2,2,0.63,MIN,29.0,69.5,5.5,7.0,0.12844036697247707,1,0,0,-4.0,42.0
00-0036219,Marquez Callaway,NO,2022,4,53.0,3,6,0.97,MIN,29.0,,,,,0,0,0,-4.0,42.0
00-0037239,Chris Olave,NO,2022,4,67.0,4,7,0.68,MIN,29.0,89.33333333333333,5.666666666666667,9.666666666666666,0.26605504587155965,0,0,0,-4.0,42.0
00-0035359,David Sills,NYG,2022,4,5.0,1,2,0.72,CHI,8.0,28.5,2.5,4.0,0.09411764705882353,0,0,-1,3.0,39.0
00-0035535,Darius Slayton,NYG,2022,4,11.0,1,2,0.6,CHI,8.0,,,,,0,0,-1,3.0,39.0
00-0033871,Corey Davis,NYJ,2022,4,74.0,5,6,0.74,PIT,24.0,62.333333333333336,3.3333333333333335,6.333333333333333,0.12837837837837837,0,0,-3,-3.0,41.0
00-0036980,Elijah Moore,NYJ,2022,4,53.0,3,4,0.9,PIT,24.0,46.333333333333336,4.0,7.0,0.14189189189189189,0,0,-3,-3.0,41.0
00-0037740,Garrett Wilson,NYJ,2022,4,41.0,2,6,0.77,PIT,24.0,81.0,7.0,12.5,0.16891891891891891,0,0,-3,-3.0,41.0
00-0035676,A.J. Brown,PHI,2022,4,95.0,5,7,0.85,JAX,21.0,103.0,6.666666666666667,10.333333333333334,0.32978723404255317,0,0,0,6.5,44.0
00-0036271,Quez Watkins,PHI,2022,4,0.0,0,1,0.6,JAX,21.0,,,,,0,0,0,6.5,44.0
00-0036912,DeVonta Smith,PHI,2022,4,17.0,3,4,0.87,JAX,21.0,83.0,5.0,7.666666666666667,0.24468085106382978,0,0,0,6.5,44.0
00-0035216,Diontae Johnson,PIT,2022,4,11.0,2,4,0.89,NYJ,15.0,65.33333333333333,7.0,11.0,0.32673267326732675,0,0,3,3.0,41.0
00-0036326,Chase Claypool,PIT,2022,4,0.0,0,2,0.73,NYJ,15.0,26.333333333333332,3.6666666666666665,6.0,0.1782178217821782,0,0,3,3.0,41.0
00-0037247,George Pickens,PIT,2022,4,102.0,6,8,0.7,NYJ,15.0,21.666666666666668,1.6666666666666667,4.0,0.1188118811881188,0,0,3,3.0,41.0
00-0032211,Tyler Lockett,SEA,2022,4,91.0,6,8,0.78,DET,26.0,70.33333333333333,7.0,8.666666666666666,0.25742574257425743,0,1,0,-3.0,48.5
00-0035640,DK Metcalf,SEA,2022,4,149.0,7,10,0.76,DET,26.0,45.0,5.333333333333333,8.333333333333334,0.24752475247524752,0,1,0,-3.0,48.5
00-0035719,Deebo Samuel,SF,2022,4,115.0,6,7,0.8,LA,22.0,43.666666666666664,4.0,7.0,0.28,0,0,0,1.0,42.0
00-0036261,Brandon Aiyuk,SF,2022,4,37.0,4,4,0.92,LA,22.0,47.333333333333336,3.3333333333333335,6.333333333333333,0.25333333333333335,0,0,0,1.0,42.0
00-0031408,Mike Evans,TB,2022,4,103.0,8,10,0.91,KC,19.0,66.0,4.0,5.5,0.11,0,0,0,1.0,46.5
00-0033921,Chris Godwin,TB,2022,4,59.0,7,10,0.83,KC,19.0,,,,,1,0,0,1.0,46.5
00-0034411,Russell Gage,TB,2022,4,24.0,2,4,0.64,KC,19.0,57.5,8.5,9.5,0.19,1,0,0,1.0,46.5
00-0030431,Robert Woods,TEN,2022,4,30.0,4,4,0.76,IND,16.0,45.666666666666664,3.0,5.333333333333333,0.2,0,0,0,-4.5,43.0
00-0037742,Treylon Burks,TEN,2022,4,14.0,2,3,0.65,IND,16.0,13.0,1.0,2.0,0.025,0,0,0,-4.5,43.0
00-0033282,Curtis Samuel,WAS,2022,4,38.0,4,7,0.78,DAL,5.0,60.333333333333336,7.333333333333333,10.0,0.23622047244094488,0,1,1,-3.0,40.5
00-0035659,Terry McLaurin,WAS,2022,4,15.0,2,6,0.95,DAL,5.0,78.33333333333333,4.0,7.0,0.16535433070866143,0,1,1,-3.0,40.5
00-0027942,A.J. Green,ARI,2022,5,20.0,3,5,0.72,PHI,8.0,14.5,2.5,5.5,0.0650887573964497,0,1,0,-5.5,48.5
00-0035662,Marquise Brown,ARI,2022,5,78.0,8,10,0.97,PHI,8.0,84.75,7.5,11.25,0.26627218934911245,0,1,0,-5.5,48.5
00-0036936,Rondale Moore,ARI,2022,5,68.0,7,8,0.91,PHI,8.0,11.0,3.0,5.0,0.029585798816568046,1,1,0,-5.5,48.5
00-0035208,Olamide Zaccheaus,ATL,2022,5,39.0,2,4,0.67,TB,15.0,49.0,3.0,3.0,0.06451612903225806,0,0,0,-10.5,46.0
00-0037238,Drake London,ATL,2022,5,35.0,4,7,0.67,TB,15.0,57.75,4.5,8.0,0.34408602150537637,0,0,0,-10.5,46.0
00-0032775,Demarcus Robinson,BAL,2022,5,8.0,1,2,0.75,CIN,17.0,,,,,0,0,-3,3.0,47.5
00-0036331,Devin Duvernay,BAL,2022,5,54.0,5,7,0.72,CIN,17.0,51.0,4.0,5.0,0.046296296296296294,0,0,-3,3.0,47.5
00-0031588,Stefon Diggs,BUF,2022,5,102.0,8,11,0.77,PIT,23.0,101.5,7.75,10.25,0.2645161290322581,0,0,0,14.0,44.0
00-0037261,Khalil Shakir,BUF,2022,5,75.0,3,5,0.7,PIT,23.0,,,,,0,0,0,14.0,44.0
00-0032688,Robbie Chosen,CAR,2022,5,32.0,1,5,0.77,SF,4.0,43.5,3.0,5.5,0.19469026548672566,0,0,1,-6.0,40.0
00-0034827,D.J. Moore,CAR,2022,5,59.0,4,8,0.93,SF,4.0,34.5,3.25,7.25,0.25663716814159293,0,0,1,-6.0,40.0
00-0036572,Shi Smith,CAR,2022,5,69.0,4,5,0.62,SF,4.0,4.666666666666667,0.6666666666666666,3.6666666666666665,0.09734513274336283,0,0,1,-6.0,40.0
00-0034279,Equanimeous St. Brown,CHI,2022,5,24.0,2,2,0.62,MIN,26.0,21.5,1.0,2.75,0.171875,0,1,0,-10.0,44.0
00-0034860,Dante Pettis,CHI,2022,5,0.0,0,2,0.6,MIN,26.0,,,,,0,1,0,-10.0,44.0
00-0036309,Darnell Mooney,CHI,2022,5,52.0,2,5,0.94,MIN,26.0,30.25,2.0,4.0,0.25,0,1,0,-10.0,44.0
00-0033009,Tyler Boyd,CIN,2022,5,32.0,3,4,0.97,BAL,32.0,50.5,3.0,4.75,0.12258064516129032,0,0,3,-3.0,47.5
00-0033114,Mike Thomas,CIN,2022,5,33.0,1,3,0.71,BAL,32.0,5.0,1.0,5.0,0.03225806451612903,0,0,3,-3.0,47.5
00-0036900,Ja'Marr Chase,CIN,2022,5,50.0,7,12,1.0,BAL,32.0,73.25,6.25,10.25,0.2645161290322581,0,0,3,-3.0,47.5
00-0031544,Amari Cooper,CLE,2022,5,76.0,7,12,0.9,LAC,19.0,57.0,5.0,7.75,0.25203252032520324,0,0,0,-1.0,47.0
00-0036233,Donovan Peoples-Jones,CLE,2022,5,50.0,4,7,0.88,LAC,19.0,35.25,3.0,6.0,0.1951219512195122,0,0,0,-1.0,47.0
00-0033591,Noah Brown,DAL,2022,5,5.0,1,2,0.76,LA,20.0,68.5,4.5,6.75,0.2125984251968504,0,1,1,-5.5,42.0
00-0036358,CeeDee Lamb,DAL,2022,5,53.0,5,8,0.93,LA,20.0,72.0,5.75,10.5,0.33070866141732286,1,1,1,-5.5,42.0
00-0034348,Courtland Sutton,DEN,2022,5,74.0,5,11,0.93,IND,10.0,85.75,6.0,8.75,0.28688524590163933,0,0,0,3.5,42.0
00-0036407,Jerry Jeudy,DEN,2022,5,53.0,3,8,0.84,IND,10.0,77.5,4.0,6.0,0.09836065573770492,0,0,0,3.5,42.0
00-0032464,Kalif Raymond,DET,2022,5,45.0,5,7,0.85,NE,13.0,,,,,0,0,0,-3.0,46.5
00-0033943,Josh Reynolds,DET,2022,5,92.0,6,10,0.91,NE,13.0,60.75,4.25,6.0,0.16326530612244897,1,0,0,-3.0,46.5
00-0028002,Randall Cobb,GB,2022,5,99.0,7,13,0.63,NYG,7.0,14.0,2.0,3.0,0.023809523809523808,0,0,0,8.5,42.0
00-0034521,Allen Lazard,GB,2022,5,35.0,4,8,0.94,NYG,7.0,58.0,4.0,5.666666666666667,0.1349206349206349,0,0,0,8.5,42.0
00-0037816,Romeo Doubs,GB,2022,5,29.0,3,5,0.86,NYG,7.0,60.0,6.5,8.0,0.12698412698412698,0,0,0,8.5,42.0
00-0031236,Brandin Cooks,HOU,2022,5,20.0,4,6,0.78,JAX,16.0,53.75,5.0,9.0,0.2608695652173913,0,0,0,-7.0,44.0
00-0036554,Nico Collins,HOU,2022,5,65.0,4,6,0.81,JAX,16.0,51.75,2.75,5.25,0.15217391304347827,0,0,0,-7.0,44.0
00-0035639,Parris Campbell,IND,2022,5,22.0,2,3,0.92,DEN,5.0,22.5,2.25,3.0,0.08,0,0,0,-3.5,42.0
00-0036252,Michael Pittman,IND,2022,5,59.0,5,8,0.99,DEN,5.0,74.66666666666667,6.666666666666667,9.333333333333334,0.18666666666666668,0,0,0,-3.5,42.0
00-0029293,Marvin Jones,JAX,2022,5,104.0,7,11,0.87,HOU,17.0,26.0,2.75,4.75,0.14728682170542637,0,0,0,7.0,44.0
00-0033891,Zay Jones,JAX,2022,5,12.0,3,8,0.8,HOU,17.0,57.666666666666664,6.333333333333333,8.0,0.18604651162790697,1,0,0,7.0,44.0
00-0034775,Christian Kirk,JAX,2022,5,11.0,1,3,0.96,HOU,17.0,81.75,5.0,9.0,0.27906976744186046,0,0,0,7.0,44.0
00-0033857,JuJu Smith-Schuster,KC,2022,5,33.0,3,8,0.86,LV,21.0,56.0,4.75,6.75,0.19424460431654678,1,0,0,7.5,51.5
00-0034272,Marquez Valdes-Scantling,KC,2022,5,90.0,6,8,0.81,LV,21.0,42.0,3.25,5.75,0.16546762589928057,0,0,0,7.5,51.5
00-0031428,Allen Robinson,LA,2022,5,12.0,3,5,0.83,DAL,6.0,23.75,2.25,4.5,0.12080536912751678,0,1,-1,5.5,42.0
00-0033908,Cooper Kupp,LA,2022,5,125.0,7,10,0.98,DAL,6.0,100.5,10.5,13.5,0.3624161073825503,0,1,-1,5.5,42.0
00-0036862,Ben Skowronek,LA,2022,5,41.0,6,8,0.88,DAL,6.0,35.0,3.0,4.0,0.10738255033557047,0,1,-1,5.5,42.0
00-0033536,Mike Williams,LAC,2022,5,134.0,10,13,0.85,CLE,12.0,64.5,4.5,7.75,0.1962025316455696,0,0,0,1.0,47.0
00-0036988,Josh Palmer,LAC,2022,5,24.0,3,6,0.73,CLE,12.0,44.666666666666664,4.333333333333333,7.0,0.13291139240506328,1,0,0,1.0,47.0
00-0031381,Davante Adams,LV,2022,5,124.0,3,7,1.0,KC,28.0,72.5,6.5,11.75,0.3263888888888889,0,0,0,-7.5,51.5
00-0033555,Mack Hollins,LV,2022,5,0.0,0,4,0.95,KC,28.0,68.25,4.25,6.25,0.1736111111111111,0,0,0,-7.5,51.5
00-0033040,Tyreek Hill,MIA,2022,5,47.0,7,7,0.64,NYJ,14.0,119.25,7.75,10.75,0.32575757575757575,1,0,3,3.0,46.0
00-0034487,Trent Sherfield,MIA,2022,5,5.0,1,2,0.66,NYJ,14.0,30.0,2.5,3.5,0.05303030303030303,0,0,3,3.0,46.0
00-0036613,Jaylen Waddle,MIA,2022,5,23.0,3,4,0.76,NYJ,14.0,95.25,5.25,8.75,0.26515151515151514,1,0,3,3.0,46.0
00-0030035,Adam Thielen,MIN,2022,5,27.0,4,7,0.96,CHI,2.0,55.25,5.25,7.0,0.1958041958041958,0,1,0,10.0,44.0
00-0036322,Justin Jefferson,MIN,2022,5,154.0,12,13,1.0,CHI,2.0,98.25,7.0,10.5,0.2937062937062937,0,1,0,10.0,44.0
00-0036345,K.J. Osborn,MIN,2022,5,41.0,5,5,0.82,CHI,2.0,29.5,2.75,4.0,0.11188811188811189,0,1,0,10.0,44.0
00-0034960,Jakobi Meyers,NE,2022,5,111.0,7,8,0.8,DET,29.0,75.0,6.5,9.5,0.16379310344827586,1,0,0,3.0,46.5
00-0034765,Tre'Quan Smith,NO,2022,5,10.0,1,4,0.68,SEA,27.0,105.0,4.0,5.0,0.0364963503649635,0,1,0,5.5,45.5
00-0036219,Marquez Callaway,NO,2022,5,5.0,2,3,0.73,SEA,27.0,53.0,3.0,6.0,0.043795620437956206,0,1,0,5.5,45.5
00-0032980,Marcus Johnson,NYG,2022,5,35.0,3,3,0.77,GB,3.0,,,,,0,0,0,-8.5,42.0
00-0033871,Corey Davis,NYJ,2022,5,38.0,2,4,0.76,MIA,31.0,65.25,3.75,6.25,0.1388888888888889,0,0,-3,-3.0,46.0
00-0036980,Elijah Moore,NYJ,2022,5,11.0,1,4,0.66,MIA,31.0,48.0,3.75,6.25,0.1388888888888889,0,0,-3,-3.0,46.0
00-0035676,A.J. Brown,PHI,2022,5,32.0,3,7,0.74,ARI,22.0,101.0,6.25,9.5,0.3220338983050847,0,1,0,5.5,48.5
00-0036912,DeVonta Smith,PHI,2022,5,87.0,10,11,0.99,ARI,22.0,66.5,4.5,6.75,0.2288135593220339,0,1,0,5.5,48.5
00-0035216,Diontae Johnson,PIT,2022,5,60.0,5,13,0.93,BUF,1.0,51.75,5.75,9.25,0.29365079365079366,0,0,0,-14.0,44.0
00-0036326,Chase Claypool,PIT,2022,5,50.0,5,9,0.91,BUF,1.0,19.75,2.75,5.0,0.15873015873015872,0,0,0,-14.0,44.0
00-0037247,George Pickens,PIT,2022,5,83.0,6,8,0.76,BUF,1.0,41.75,2.75,5.0,0.15873015873015872,0,0,0,-14.0,44.0
00-0032211,Tyler Lockett,SEA,2022,5,104.0,5,6,0.96,NO,9.0,75.5,6.75,8.5,0.26153846153846155,0,1,0,-5.5,45.5
00-0035640,DK Metcalf,SEA,2022,5,88.0,5,8,0.96,NO,9.0,71.0,5.75,8.75,0.2692307692307692,0,1,0,-5.5,45.5
00-0035719,Deebo Samuel,SF,2022,5,20.0,2,9,0.79,CAR,11.0,61.5,4.5,7.0,0.2828282828282828,0,0,-1,6.0,40.0
00-0036261,Brandon Aiyuk,SF,2022,5,58.0,3,4,0.87,CAR,11.0,44.75,3.5,5.75,0.23232323232323232,0,0,-1,6.0,40.0
00-0031408,Mike Evans,TB,2022,5,81.0,4,8,0.85,ATL,25.0,78.33333333333333,5.333333333333333,7.0,0.13815789473684212,0,0,0,10.5,46.0
00-0034411,Russell Gage,TB,2022,5,20.0,2,6,0.73,ATL,25.0,46.333333333333336,6.333333333333333,7.666666666666667,0.1513157894736842,1,0,0,10.5,46.0
00-0030431,Robert Woods,TEN,2022,5,37.0,4,8,0.84,WAS,24.0,41.75,3.25,5.0,0.19801980198019803,0,0,0,1.0,43.0
00-0036182,Nick Westbrook-Ikhine,TEN,2022,5,72.0,2,3,0.92,WAS,24.0,13.0,1.0,3.0,0.0594059405940594,0,0,0,1.0,43.0
00-0033282,Curtis Samuel,WAS,2022,5,62.0,6,8,0.9,TEN,30.0,54.75,6.5,9.25,0.2215568862275449,0,0,0,-1.0,43.0
00-0035659,Terry McLaurin,WAS,2022,5,76.0,5,6,0.98,TEN,30.0,62.5,3.5,6.75,0.16167664670658682,0,0,0,-1.0,43.0
00-0027942,A.J. Green,ARI,2022,6,7.0,2,4,0.69,SEA,23.0,16.333333333333332,2.6666666666666665,5.333333333333333,0.07729468599033816,0,0,0,2.5,50.0
00-0035662,Marquise Brown,ARI,2022,6,68.0,5,9,0.96,SEA,23.0,83.4,7.6,11.0,0.26570048309178745,0,0,0,2.5,50.0
00-0036936,Rondale Moore,ARI,2022,6,49.0,6,10,0.99,SEA,23.0,39.5,5.0,6.5,0.06280193236714976,0,0,0,2.5,50.0
00-0035208,Olamide Zaccheaus,ATL,2022,6,58.0,4,4,0.74,SF,6.0,45.666666666666664,2.6666666666666665,3.3333333333333335,0.08547008547008547,0,0,0,-3.5,46.0
00-0037238,Drake London,ATL,2022,6,40.0,3,4,0.67,SF,6.0,53.2,4.4,7.8,0.3333333333333333,0,0,0,-3.5,46.0
00-0032775,Demarcus Robinson,BAL,2022,6,27.0,3,5,0.76,NYG,4.0,8.0,1.0,2.0,0.014814814814814815,0,0,0,5.5,46.0
00-0036331,Devin Duvernay,BAL,2022,6,14.0,1,5,0.68,NYG,4.0,52.5,4.5,6.0,0.08888888888888889,0,0,0,5.5,46.0
00-0031588,Stefon Diggs,BUF,2022,6,148.0,10,13,0.88,KC,24.0,101.6,7.8,10.4,0.27225130890052357,0,0,1,2.5,54.0
00-0034827,D.J. Moore,CAR,2022,6,7.0,3,7,1.0,LA,15.0,39.4,3.4,7.4,0.24183006535947713,0,1,0,-10.0,41.5
00-0034860,Dante Pettis,CHI,2022,6,84.0,4,7,0.61,WAS,20.0,0.0,0.0,2.0,0.023529411764705882,0,0,0,-1.0,38.5
00-0036309,Darnell Mooney,CHI,2022,6,68.0,7,12,0.92,WAS,20.0,34.6,2.0,4.2,0.24705882352941178,0,0,0,-1.0,38.5
00-0033009,Tyler Boyd,CIN,2022,6,66.0,6,6,0.96,NO,11.0,46.8,3.0,4.6,0.12169312169312169,0,1,0,3.0,42.5
00-0036410,Tee Higgins,CIN,2022,6,47.0,6,9,0.86,NO,11.0,96.0,6.0,8.666666666666666,0.13756613756613756,1,1,0,3.0,42.5
00-0036900,Ja'Marr Chase,CIN,2022,6,132.0,7,10,0.98,NO,11.0,68.6,6.4,10.6,0.2804232804232804,0,1,0,3.0,42.5
00-0031544,Amari Cooper,CLE,2022,6,44.0,4,12,0.76,NE,13.0,60.8,5.4,8.6,0.27741935483870966,0,0,0,2.5,43.0
00-0036233,Donovan Peoples-Jones,CLE,2022,6,74.0,4,5,0.87,NE,13.0,38.2,3.2,6.2,0.2,0,0,0,2.5,43.0
00-0037257,David Bell,CLE,2022,6,13.0,1,2,0.63,NE,13.0,,,,,0,0,0,2.5,43.0
00-0033591,Noah Brown,DAL,2022,6,10.0,1,3,0.91,PHI,7.0,55.8,3.8,5.8,0.20279720279720279,0,0,0,-6.5,42.5
00-0034764,Michael Gallup,DAL,2022,6,18.0,2,7,0.76,PHI,7.0,24.0,2.0,3.0,0.02097902097902098,0,0,0,-6.5,42.5
00-0036358,CeeDee Lamb,DAL,2022,6,68.0,5,10,0.93,PHI,7.0,68.2,5.6,10.0,0.34965034965034963,1,0,0,-6.5,42.5
00-0034348,Courtland Sutton,DEN,2022,6,14.0,2,3,1.0,LAC,19.0,83.4,5.8,9.2,0.2893081761006289,0,1,3,-3.5,45.5
00-0036407,Jerry Jeudy,DEN,2022,6,54.0,3,7,0.91,LAC,19.0,69.33333333333333,3.6666666666666665,6.666666666666667,0.12578616352201258,0,1,3,-3.5,45.5
00-0034521,Allen Lazard,GB,2022,6,76.0,4,9,0.97,NYJ,10.0,52.25,4.0,6.25,0.15151515151515152,0,0,0,7.5,44.5
00-0037816,Romeo Doubs,GB,2022,6,21.0,4,9,0.96,NYJ,10.0,49.666666666666664,5.333333333333333,7.0,0.12727272727272726,0,0,0,7.5,44.5
00-0035639,Parris Campbell,IND,2022,6,57.0,7,11,1.0,JAX,17.0,22.4,2.2,3.0,0.08064516129032258,0,0,3,1.0,41.0
00-0036252,Michael Pittman,IND,2022,6,134.0,13,16,0.99,JAX,17.0,70.75,6.25,9.0,0.1935483870967742,0,0,3,1.0,41.0
00-0037664,Alec Pierce,IND,2022,6,49.0,3,7,0.65,JAX,17.0,,,,,0,0,3,1.0,41.0
00-0033891,Zay Jones,JAX,2022,6,42.0,5,5,0.98,IND,15.0,46.25,5.5,8.0,0.18497109826589594,1,0,-3,-1.0,41.0
00-0034775,Christian Kirk,JAX,2022,6,24.0,4,5,0.92,IND,15.0,67.6,4.2,7.8,0.2254335260115607,0,0,-3,-1.0,41.0
00-0033857,JuJu Smith-Schuster,KC,2022,6,113.0,5,5,0.88,BUF,2.0,51.4,4.4,7.0,0.19337016574585636,0,0,-1,-2.5,54.0
00-0034272,Marquez Valdes-Scantling,KC,2022,6,0.0,0,3,0.82,BUF,2.0,51.6,3.8,6.2,0.1712707182320442,0,0,-1,-2.5,54.0
00-0031428,Allen Robinson,LA,2022,6,63.0,5,6,0.86,CAR,13.0,21.4,2.4,4.6,0.12105263157894737,0,1,0,10.0,41.5
00-0033908,Cooper Kupp,LA,2022,6,80.0,7,8,0.97,CAR,13.0,105.4,9.8,12.8,0.3368421052631579,1,1,0,10.0,41.5
00-0036862,Ben Skowronek,LA,2022,6,40.0,5,5,0.68,CAR,13.0,36.2,3.6,4.8,0.12631578947368421,0,1,0,10.0,41.5
00-0031763,DeAndre Carter,LAC,2022,6,17.0,3,5,0.73,DEN,4.0,34.0,2.6666666666666665,3.3333333333333335,0.05235602094240838,0,1,-3,3.5,45.5
00-0033536,Mike Williams,LAC,2022,6,17.0,2,6,0.94,DEN,4.0,78.4,5.6,8.8,0.23036649214659685,0,1,-3,3.5,45.5
00-0036988,Josh Palmer,LAC,2022,6,57.0,9,12,0.87,DEN,4.0,39.5,4.0,6.75,0.14136125654450263,0,1,-3,3.5,45.5
00-0033040,Tyreek Hill,MIA,2022,6,177.0,12,15,0.77,MIN,22.0,104.8,7.6,10.0,0.3048780487804878,0,0,0,-3.0,45.0
00-0034487,Trent Sherfield,MIA,2022,6,6.0,1,4,0.67,MIN,22.0,21.666666666666668,2.0,3.0,0.054878048780487805,0,0,0,-3.0,45.0
00-0036613,Jaylen Waddle,MIA,2022,6,129.0,6,10,0.79,MIN,22.0,80.8,4.8,7.8,0.23780487804878048,0,0,0,-3.0,45.0
00-0030035,Adam Thielen,MIN,2022,6,36.0,4,8,0.87,MIA,25.0,49.6,5.0,7.0,0.19230769230769232,0,0,0,3.0,45.0
00-0036322,Justin Jefferson,MIN,2022,6,107.0,6,8,0.94,MIA,25.0,109.4,8.0,11.0,0.3021978021978022,0,0,0,3.0,45.0
00-0036345,K.J. Osborn,MIN,2022,6,18.0,3,5,0.6,MIA,25.0,31.8,3.2,4.2,0.11538461538461539,0,0,0,3.0,45.0
00-0031547,DeVante Parker,NE,2022,6,64.0,4,6,0.79,CLE,11.0,47.25,2.0,4.0,0.11678832116788321,0,0,0,-2.5,43.0
00-0034960,Jakobi Meyers,NE,2022,6,60.0,4,4,0.81,CLE,11.0,87.0,6.666666666666667,9.0,0.19708029197080293,1,0,0,-2.5,43.0
00-0034317,Keith Kirkwood,NO,2022,6,14.0,1,1,0.71,CIN,18.0,,,,,0,1,0,-3.0,42.5
00-0034765,Tre'Quan Smith,NO,2022,6,43.0,3,3,0.71,CIN,18.0,57.5,2.5,4.5,0.05555555555555555,0,1,0,-3.0,42.5
00-0036219,Marquez Callaway,NO,2022,6,36.0,3,7,0.75,CIN,18.0,29.0,2.5,4.5,0.05555555555555555,0,1,0,-3.0,42.5
00-0032980,Marcus Johnson,NYG,2022,6,25.0,2,4,0.62,BAL,28.0,35.0,3.0,3.0,0.023809523809523808,0,0,0,-5.5,46.0
00-0035535,Darius Slayton,NYG,2022,6,18.0,1,3,0.69,BAL,28.0,11.0,1.0,2.0,0.015873015873015872,0,0,0,-5.5,46.0
00-0033871,Corey Davis,NYJ,2022,6,52.0,2,4,0.85,GB,1.0,59.8,3.4,5.8,0.14427860696517414,0,0,0,-7.5,44.5
00-0035676,A.J. Brown,PHI,2022,6,67.0,5,8,0.86,DAL,8.0,87.2,5.6,9.0,0.29605263157894735,0,0,0,6.5,42.5
00-0036912,DeVonta Smith,PHI,2022,6,44.0,5,5,0.89,DAL,8.0,70.6,5.6,7.6,0.25,0,0,0,6.5,42.5
00-0035216,Diontae Johnson,PIT,2022,6,28.0,5,7,0.95,TB,8.0,53.4,5.6,10.0,0.2840909090909091,0,0,0,-10.0,47.0
00-0036326,Chase Claypool,PIT,2022,6,96.0,7,7,0.86,TB,8.0,25.8,3.2,5.8,0.16477272727272727,0,0,0,-10.0,47.0
00-0037247,George Pickens,PIT,2022,6,27.0,3,6,0.83,TB,8.0,50.0,3.4,5.6,0.1590909090909091,0,0,0,-10.0,47.0
00-0032211,Tyler Lockett,SEA,2022,6,17.0,2,5,0.81,ARI,21.0,81.2,6.4,8.0,0.2597402597402597,0,0,0,-2.5,50.0
00-0035640,DK Metcalf,SEA,2022,6,34.0,2,7,0.81,ARI,21.0,74.4,5.6,8.6,0.2792207792207792,0,0,0,-2.5,50.0
00-0035719,Deebo Samuel,SF,2022,6,79.0,7,10,0.83,ATL,26.0,53.2,4.0,7.4,0.29133858267716534,0,0,0,3.5,46.0
00-0036261,Brandon Aiyuk,SF,2022,6,83.0,8,11,0.92,ATL,26.0,47.4,3.4,5.4,0.2125984251968504,0,0,0,3.5,46.0
00-0031408,Mike Evans,TB,2022,6,42.0,4,4,0.96,PIT,27.0,79.0,5.0,7.25,0.14356435643564355,0,0,0,10.0,47.0
00-0033921,Chris Godwin,TB,2022,6,95.0,6,12,0.89,PIT,27.0,59.0,7.0,10.0,0.04950495049504951,0,0,0,10.0,47.0
00-0034411,Russell Gage,TB,2022,6,20.0,2,4,0.76,PIT,27.0,39.75,5.25,7.25,0.14356435643564355,0,0,0,10.0,47.0
00-0033282,Curtis Samuel,WAS,2022,6,6.0,2,5,0.86,CHI,3.0,56.2,6.4,9.0,0.22058823529411764,0,0,0,1.0,38.5
00-0034104,Cam Sims,WAS,2022,6,6.0,1,2,0.72,CHI,3.0,,,,,0,0,0,1.0,38.5
00-0035659,Terry McLaurin,WAS,2022,6,41.0,3,4,0.98,CHI,3.0,65.2,3.8,6.6,0.16176470588235295,0,0,0,1.0,38.5
00-0030564,DeAndre Hopkins,ARI,2022,7,103.0,10,14,0.92,NO,16.0,,,,,0,0,0,2.5,44.0
00-0036936,Rondale Moore,ARI,2022,7,31.0,1,2,0.89,NO,16.0,42.666666666666664,5.333333333333333,7.666666666666667,0.1111111111111111,0,0,0,2.5,44.0
00-0035208,Olamide Zaccheaus,ATL,2022,7,31.0,3,4,0.62,CIN,13.0,48.75,3.0,3.5,0.14285714285714285,0,0,0,-6.5,47.5
00-0037238,Drake London,ATL,2022,7,9.0,1,1,0.85,CIN,13.0,46.4,4.0,7.2,0.3673469387755102,0,0,0,-6.5,47.5
00-0036331,Devin Duvernay,BAL,2022,7,42.0,2,3,0.66,CLE,14.0,39.666666666666664,3.3333333333333335,5.666666666666667,0.12318840579710146,0,0,0,6.5,46.0
00-0034827,D.J. Moore,CAR,2022,7,69.0,7,10,1.0,TB,8.0,32.2,3.4,7.6,0.25675675675675674,0,0,0,-13.0,39.5
00-0036955,Terrace Marshall,CAR,2022,7,31.0,2,3,0.86,TB,8.0,,,,,0,0,0,-13.0,39.5
00-0036309,Darnell Mooney,CHI,2022,7,53.0,3,6,0.8,NE,10.0,46.6,3.2,6.0,0.3191489361702128,0,0,3,-9.5,40.0
00-0033009,Tyler Boyd,CIN,2022,7,155.0,8,9,0.75,ATL,26.0,53.4,3.4,4.4,0.12790697674418605,0,0,0,6.5,47.5
00-0036410,Tee Higgins,CIN,2022,7,93.0,5,7,0.84,ATL,26.0,83.75,6.0,8.75,0.20348837209302326,0,0,0,6.5,47.5
00-0036900,Ja'Marr Chase,CIN,2022,7,130.0,8,11,0.93,ATL,26.0,69.2,5.8,9.4,0.27325581395348836,0,0,0,6.5,47.5
00-0031544,Amari Cooper,CLE,2022,7,74.0,3,4,0.95,BAL,24.0,66.2,5.6,9.8,0.2934131736526946,0,0,0,-6.5,46.0
00-0036233,Donovan Peoples-Jones,CLE,2022,7,71.0,6,6,0.93,BAL,24.0,41.0,2.8,5.0,0.1497005988023952,0,0,0,-6.5,46.0
00-0033591,Noah Brown,DAL,2022,7,50.0,5,7,0.79,DET,21.0,44.2,3.0,4.6,0.16546762589928057,0,1,-7,7.0,49.5
00-0034764,Michael Gallup,DAL,2022,7,0.0,0,2,0.67,DET,21.0,21.0,2.0,5.0,0.07194244604316546,0,1,-7,7.0,49.5
00-0036358,CeeDee Lamb,DAL,2022,7,70.0,4,6,0.83,DET,21.0,76.0,6.2,9.8,0.35251798561151076,0,1,-7,7.0,49.5
00-0034348,Courtland Sutton,DEN,2022,7,23.0,3,9,0.91,NYJ,9.0,71.8,5.4,8.4,0.2896551724137931,0,0,-1,-2.0,37.0
00-0036407,Jerry Jeudy,DEN,2022,7,96.0,7,11,0.89,NYJ,9.0,65.5,3.5,6.75,0.18620689655172415,0,0,-1,-2.0,37.0
00-0032464,Kalif Raymond,DET,2022,7,75.0,5,6,0.9,DAL,4.0,45.0,5.0,7.0,0.03932584269662921,0,1,7,-7.0,49.5
00-0033943,Josh Reynolds,DET,2022,7,8.0,1,2,0.8,DAL,4.0,67.0,4.6,6.8,0.19101123595505617,1,1,7,-7.0,49.5
00-0037816,Romeo Doubs,GB,2022,7,0.0,0,4,0.89,WAS,14.0,42.5,5.0,7.5,0.1724137931034483,0,0,-3,4.0,41.5
00-0031236,Brandin Cooks,HOU,2022,7,46.0,4,5,0.89,LV,22.0,47.0,4.8,8.4,0.25925925925925924,0,1,1,-7.0,46.0
00-0035639,Parris Campbell,IND,2022,7,70.0,10,12,0.98,TEN,28.0,26.4,3.0,4.4,0.11398963730569948,0,0,-7,-2.5,43.0
00-0036252,Michael Pittman,IND,2022,7,58.0,6,9,1.0,TEN,28.0,83.4,7.6,10.4,0.2694300518134715,0,0,-7,-2.5,43.0
00-0037664,Alec Pierce,IND,2022,7,37.0,3,4,0.97,TEN,28.0,49.0,3.0,7.0,0.03626943005181347,0,0,-7,-2.5,43.0
00-0033891,Zay Jones,JAX,2022,7,54.0,4,10,0.99,NYG,3.0,45.4,5.4,7.4,0.2356687898089172,0,0,0,3.0,44.0
00-0034775,Christian Kirk,JAX,2022,7,96.0,7,10,0.94,NYG,3.0,49.0,3.8,6.4,0.20382165605095542,0,0,0,3.0,44.0
00-0035140,Mecole Hardman,KC,2022,7,32.0,4,4,0.63,SF,5.0,2.0,1.0,1.0,0.005681818181818182,0,0,0,1.0,49.0
00-0031763,DeAndre Carter,LAC,2022,7,37.0,3,7,0.94,SEA,17.0,29.75,2.75,3.75,0.07075471698113207,0,1,-1,5.5,51.5
00-0033536,Mike Williams,LAC,2022,7,86.0,7,9,0.76,SEA,17.0,79.8,5.6,9.2,0.2169811320754717,0,1,-1,5.5,51.5
00-0031381,Davante Adams,LV,2022,7,95.0,8,9,0.96,HOU,20.0,82.8,5.8,10.8,0.3176470588235294,0,1,-1,7.0,46.0
00-0033555,Mack Hollins,LV,2022,7,44.0,2,3,1.0,HOU,20.0,54.6,3.4,5.8,0.17058823529411765,1,1,-1,7.0,46.0
00-0033040,Tyreek Hill,MIA,2022,7,72.0,7,13,0.89,PIT,25.0,121.4,8.4,10.6,0.29775280898876405,0,0,0,7.5,44.5
00-0036613,Jaylen Waddle,MIA,2022,7,88.0,4,5,0.79,PIT,25.0,92.8,5.2,8.8,0.24719101123595505,1,0,0,7.5,44.5
00-0031547,DeVante Parker,NE,2022,7,68.0,3,5,0.92,CHI,2.0,50.6,2.4,4.4,0.16058394160583941,0,0,-3,9.5,40.0
00-0034960,Jakobi Meyers,NE,2022,7,34.0,2,2,1.0,CHI,2.0,80.25,6.0,7.75,0.22627737226277372,0,0,-3,9.5,40.0
00-0038104,Tyquan Thornton,NE,2022,7,19.0,1,5,0.85,CHI,2.0,,,,,0,0,-3,9.5,40.0
00-0034765,Tre'Quan Smith,NO,2022,7,59.0,5,6,0.61,ARI,11.0,52.666666666666664,2.6666666666666665,4.0,0.07407407407407407,0,0,0,-2.5,44.0
00-0036219,Marquez Callaway,NO,2022,7,20.0,2,6,0.72,ARI,11.0,31.333333333333332,2.6666666666666665,5.333333333333333,0.09876543209876543,0,0,0,-2.5,44.0
00-0037239,Chris Olave,NO,2022,7,106.0,7,14,0.76,ARI,11.0,83.75,5.25,9.0,0.2222222222222222,0,0,0,-2.5,44.0
00-0032980,Marcus Johnson,NYG,2022,7,0.0,0,3,0.79,JAX,18.0,30.0,2.5,3.5,0.05384615384615385,0,0,0,-3.0,44.0
00-0038117,Wan'Dale Robinson,NYG,2022,7,50.0,6,8,0.69,JAX,18.0,,,,,0,0,0,-3.0,44.0
00-0037740,Garrett Wilson,NYJ,2022,7,24.0,4,4,0.73,DEN,6.0,67.66666666666667,5.333333333333333,10.333333333333334,0.19254658385093168,0,0,1,2.0,37.0
00-0035216,Diontae Johnson,PIT,2022,7,42.0,5,10,0.93,MIA,23.0,48.0,5.2,9.0,0.2710843373493976,0,0,0,-7.5,44.5
00-0036326,Chase Claypool,PIT,2022,7,41.0,5,8,0.85,MIA,23.0,41.4,3.8,6.0,0.18072289156626506,0,0,0,-7.5,44.5
00-0037247,George Pickens,PIT,2022,7,61.0,6,6,0.79,MIA,23.0,54.8,3.8,6.2,0.18674698795180722,0,0,0,-7.5,44.5
00-0032211,Tyler Lockett,SEA,2022,7,45.0,7,8,0.65,LAC,12.0,79.0,6.2,8.2,0.2611464968152866,1,1,1,-5.5,51.5
00-0035719,Deebo Samuel,SF,2022,7,42.0,5,7,0.86,KC,27.0,66.2,5.0,8.0,0.2857142857142857,0,0,0,-1.0,49.0
00-0036261,Brandon Aiyuk,SF,2022,7,82.0,7,11,0.94,KC,27.0,56.0,4.6,7.0,0.25,0,0,0,-1.0,49.0
00-0031408,Mike Evans,TB,2022,7,96.0,9,15,0.88,CAR,19.0,71.6,4.8,6.6,0.15566037735849056,0,0,0,13.0,39.5
00-0033921,Chris Godwin,TB,2022,7,43.0,7,13,0.94,CAR,19.0,77.0,6.5,11.0,0.10377358490566038,0,0,0,13.0,39.5
00-0034411,Russell Gage,TB,2022,7,39.0,4,5,0.61,CAR,19.0,35.8,4.6,6.6,0.15566037735849056,0,0,0,13.0,39.5
00-0030431,Robert Woods,TEN,2022,7,26.0,3,4,0.75,IND,7.0,40.8,3.4,5.6,0.22580645161290322,0,0,7,2.5,43.0
00-0036182,Nick Westbrook-Ikhine,TEN,2022,7,0.0,0,2,0.76,IND,7.0,32.666666666666664,1.3333333333333333,3.0,0.07258064516129033,0,0,7,2.5,43.0
00-0033282,Curtis Samuel,WAS,2022,7,53.0,5,8,0.77,GB,1.0,46.4,5.2,7.8,0.21081081081081082,0,0,3,-4.0,41.5
00-0034104,Cam Sims,WAS,2022,7,12.0,1,2,0.66,GB,1.0,6.0,1.0,2.0,0.010810810810810811,0,0,3,-4.0,41.5
00-0035659,Terry McLaurin,WAS,2022,7,73.0,5,8,0.95,GB,1.0,61.8,4.0,6.6,0.1783783783783784,0,0,3,-4.0,41.5
00-0030564,DeAndre Hopkins,ARI,2022,8,159.0,12,13,1.0,MIN,28.0,103.0,10.0,14.0,0.07407407407407407,0,1,-4,-4.0,48.5
00-0036936,Rondale Moore,ARI,2022,8,92.0,7,8,0.99,MIN,28.0,39.75,4.25,6.25,0.13227513227513227,0,1,-4,-4.0,48.5
00-0035208,Olamide Zaccheaus,ATL,2022,8,10.0,1,1,0.81,CAR,25.0,45.2,3.0,3.6,0.21176470588235294,0,1,0,4.5,41.0
00-0037238,Drake London,ATL,2022,8,31.0,4,5,0.88,CAR,25.0,31.0,2.6,5.0,0.29411764705882354,0,1,0,4.5,41.0
00-0032775,Demarcus Robinson,BAL,2022,8,64.0,6,8,0.63,TB,8.0,17.5,2.0,3.5,0.056910569105691054,0,0,0,-2.0,46.0
00-0036133,James Proche,BAL,2022,8,24.0,3,4,0.63,TB,8.0,,,,,0,0,0,-2.0,46.0
00-0036331,Devin Duvernay,BAL,2022,8,31.0,4,4,0.66,TB,8.0,40.25,3.0,5.0,0.16260162601626016,0,0,0,-2.0,46.0
00-0031588,Stefon Diggs,BUF,2022,8,108.0,6,8,0.8,GB,2.0,106.8,8.2,11.2,0.28717948717948716,0,0,7,10.5,47.0
00-0034827,D.J. Moore,CAR,2022,8,152.0,6,11,0.96,ATL,30.0,37.4,4.2,8.4,0.29577464788732394,0,1,0,-4.5,41.0
00-0036955,Terrace Marshall,CAR,2022,8,87.0,4,9,0.93,ATL,30.0,31.0,2.0,3.0,0.02112676056338028,0,1,0,-4.5,41.0
00-0035624,N'Keal Harry,CHI,2022,8,24.0,2,2,0.63,DAL,9.0,,,,,0,0,-1,-10.5,43.0
00-0036309,Darnell Mooney,CHI,2022,8,70.0,5,5,0.86,DAL,9.0,58.0,3.6,6.8,0.3269230769230769,0,0,-1,-10.5,43.0
00-0033009,Tyler Boyd,CIN,2022,8,38.0,3,5,0.96,CLE,5.0,81.0,4.6,5.8,0.16201117318435754,0,0,0,3.0,45.0
00-0036410,Tee Higgins,CIN,2022,8,49.0,3,6,0.98,CLE,5.0,85.6,5.8,8.4,0.2346368715083799,0,0,0,3.0,45.0
00-0031544,Amari Cooper,CLE,2022,8,131.0,5,7,0.79,CIN,10.0,60.8,4.4,8.6,0.2606060606060606,0,0,0,-3.0,45.0
00-0036233,Donovan Peoples-Jones,CLE,2022,8,81.0,4,4,0.96,CIN,10.0,55.2,4.0,6.0,0.18181818181818182,0,0,0,-3.0,45.0
00-0034764,Michael Gallup,DAL,2022,8,49.0,4,6,0.84,CHI,1.0,14.0,1.3333333333333333,4.0,0.08955223880597014,0,0,1,10.5,43.0
00-0036358,CeeDee Lamb,DAL,2022,8,77.0,5,7,0.84,CHI,1.0,75.0,5.6,8.8,0.3283582089552239,0,0,1,10.5,43.0
00-0034348,Courtland Sutton,DEN,2022,8,13.0,1,4,0.95,JAX,19.0,52.0,4.6,8.0,0.2484472049689441,0,0,0,-1.0,41.0
00-0036407,Jerry Jeudy,DEN,2022,8,63.0,6,7,0.85,JAX,19.0,71.6,4.2,7.6,0.2360248447204969,0,0,0,-1.0,41.0
00-0036412,K.J. Hamler,DEN,2022,8,52.0,2,3,0.7,JAX,19.0,0.0,0.0,1.0,0.006211180124223602,0,0,0,-1.0,41.0
00-0032464,Kalif Raymond,DET,2022,8,76.0,3,4,0.9,MIA,23.0,60.0,5.0,6.5,0.0783132530120482,0,1,0,-3.5,52.0
00-0033943,Josh Reynolds,DET,2022,8,14.0,2,6,0.8,MIA,23.0,63.0,4.6,6.6,0.19879518072289157,0,1,0,-3.5,52.0
00-0036963,Amon-Ra St. Brown,DET,2022,8,69.0,7,10,0.95,MIA,23.0,84.33333333333333,7.666666666666667,11.0,0.19879518072289157,1,1,0,-3.5,52.0
00-0031325,Sammy Watkins,GB,2022,8,3.0,1,1,0.79,BUF,11.0,55.5,3.0,3.5,0.038461538461538464,0,0,-7,-10.5,47.0
00-0037816,Romeo Doubs,GB,2022,8,62.0,4,7,0.82,BUF,11.0,34.0,4.0,6.8,0.18681318681318682,0,0,-7,-10.5,47.0
00-0031236,Brandin Cooks,HOU,2022,8,73.0,4,6,0.81,TEN,29.0,39.8,4.2,7.0,0.20958083832335328,1,1,0,-1.0,39.0
00-0032208,Phillip Dorsett,HOU,2022,8,6.0,1,5,0.83,TEN,29.0,,,,,0,1,0,-1.0,39.0
00-0035639,Parris Campbell,IND,2022,8,43.0,2,2,0.79,WAS,13.0,40.4,5.0,6.4,0.15609756097560976,0,1,0,3.0,40.5
00-0036252,Michael Pittman,IND,2022,8,53.0,7,9,0.95,WAS,13.0,70.8,7.0,9.6,0.23414634146341465,0,1,0,3.0,40.5
00-0033891,Zay Jones,JAX,2022,8,28.0,3,3,0.99,DEN,6.0,43.2,5.0,7.6,0.2235294117647059,0,0,0,1.0,41.0
00-0034775,Christian Kirk,JAX,2022,8,40.0,3,7,0.78,DEN,6.0,52.6,4.0,7.2,0.21176470588235294,0,0,0,1.0,41.0
00-0031428,Allen Robinson,LA,2022,8,54.0,5,7,0.93,SF,20.0,31.6,3.2,5.4,0.15,0,1,7,-1.0,42.0
00-0033908,Cooper Kupp,LA,2022,8,79.0,8,12,0.95,SF,20.0,95.8,8.6,11.4,0.31666666666666665,0,1,7,-1.0,42.0
00-0036862,Ben Skowronek,LA,2022,8,10.0,1,1,0.62,SF,20.0,39.2,3.8,4.6,0.12777777777777777,0,1,7,-1.0,42.0
00-0031381,Davante Adams,LV,2022,8,3.0,1,5,0.72,NO,18.0,73.6,5.4,9.2,0.2839506172839506,1,1,-3,1.0,48.5
00-0033555,Mack Hollins,LV,2022,8,64.0,7,8,0.91,NO,18.0,60.2,3.6,6.2,0.19135802469135801,1,1,-3,1.0,48.5
00-0034983,Hunter Renfrow,LV,2022,8,6.0,1,2,0.79,NO,18.0,40.0,5.0,8.0,0.09876543209876543,0,1,-3,1.0,48.5
00-0033040,Tyreek Hill,MIA,2022,8,188.0,12,14,0.72,DET,22.0,97.8,7.6,10.6,0.3212121212121212,0,1,0,3.5,52.0
00-0036613,Jaylen Waddle,MIA,2022,8,106.0,8,9,0.76,DET,22.0,76.2,3.8,6.0,0.18181818181818182,0,1,0,3.5,52.0
00-0030035,Adam Thielen,MIN,2022,8,67.0,6,7,0.87,ARI,21.0,49.6,5.2,7.8,0.21666666666666667,0,1,4,4.0,48.5
00-0036322,Justin Jefferson,MIN,2022,8,98.0,6,8,0.99,ARI,21.0,94.0,7.4,10.4,0.28888888888888886,0,1,4,4.0,48.5
00-0036345,K.J. Osborn,MIN,2022,8,8.0,2,5,0.8,ARI,21.0,32.6,3.2,4.4,0.12222222222222222,0,1,4,4.0,48.5
00-0033307,Kendrick Bourne,NE,2022,8,0.0,0,1,0.69,NYJ,12.0,,,,,0,0,-1,3.0,40.0
00-0034960,Jakobi Meyers,NE,2022,8,60.0,9,13,0.81,NYJ,12.0,71.0,5.2,6.6,0.25190839694656486,0,0,-1,3.0,40.0
00-0038104,Tyquan Thornton,NE,2022,8,13.0,1,2,0.78,NYJ,12.0,19.0,1.0,5.0,0.03816793893129771,0,0,-1,3.0,40.0
00-0032980,Marcus Johnson,NYG,2022,8,3.0,1,6,0.86,SEA,24.0,20.0,1.6666666666666667,3.3333333333333335,0.07874015748031496,0,0,0,-3.0,44.5
00-0035535,Darius Slayton,NYG,2022,8,66.0,5,6,0.74,SEA,24.0,14.5,1.0,2.5,0.03937007874015748,0,0,0,-3.0,44.5
00-0038117,Wan'Dale Robinson,NYG,2022,8,15.0,2,3,0.69,SEA,24.0,50.0,6.0,8.0,0.06299212598425197,0,0,0,-3.0,44.5
00-0036255,Denzel Mims,NYJ,2022,8,76.0,2,3,0.75,NE,15.0,,,,,0,0,1,-3.0,40.0
00-0037740,Garrett Wilson,NYJ,2022,8,115.0,6,7,0.88,NE,15.0,56.75,5.0,8.75,0.24822695035460993,0,0,1,-3.0,40.0
00-0035676,A.J. Brown,PHI,2022,8,156.0,6,10,0.68,PIT,27.0,69.6,4.6,8.0,0.27586206896551724,0,0,7,11.0,43.0
00-0036271,Quez Watkins,PHI,2022,8,0.0,0,2,0.65,PIT,27.0,0.0,0.0,1.0,0.006896551724137931,0,0,7,11.0,43.0
00-0036912,DeVonta Smith,PHI,2022,8,23.0,5,8,0.74,PIT,27.0,79.4,6.6,7.8,0.2689655172413793,0,0,7,11.0,43.0
00-0035216,Diontae Johnson,PIT,2022,8,35.0,5,9,0.95,PHI,7.0,45.0,5.0,9.0,0.2556818181818182,0,0,-7,-11.0,43.0
00-0036326,Chase Claypool,PIT,2022,8,45.0,4,6,0.8,PHI,7.0,44.4,4.0,6.4,0.18181818181818182,0,0,-7,-11.0,43.0
00-0037247,George Pickens,PIT,2022,8,0.0,0,3,0.86,PHI,7.0,62.4,4.8,7.0,0.19886363636363635,0,0,-7,-11.0,43.0
00-0032211,Tyler Lockett,SEA,2022,8,63.0,5,8,0.69,NYG,14.0,66.6,5.8,7.6,0.24836601307189543,1,0,0,3.0,44.5
00-0035640,DK Metcalf,SEA,2022,8,55.0,6,10,0.63,NYG,14.0,74.0,4.6,8.6,0.28104575163398693,1,0,0,3.0,44.5
00-0036261,Brandon Aiyuk,SF,2022,8,81.0,6,6,0.98,LA,3.0,59.8,5.0,7.6,0.2389937106918239,0,1,-7,1.0,42.0
00-0031408,Mike Evans,TB,2022,8,123.0,6,11,0.94,BAL,16.0,76.6,5.6,8.2,0.18061674008810572,0,0,0,2.0,46.0
00-0033921,Chris Godwin,TB,2022,8,75.0,6,11,0.9,BAL,16.0,65.66666666666667,6.666666666666667,11.666666666666666,0.15418502202643172,0,0,0,2.0,46.0
00-0030431,Robert Woods,TEN,2022,8,26.0,2,2,0.66,HOU,17.0,43.4,3.8,6.0,0.26548672566371684,0,1,0,1.0,39.0
00-0033282,Curtis Samuel,WAS,2022,8,50.0,3,4,0.74,IND,3.0,41.4,4.8,7.6,0.21965317919075145,0,1,0,-3.0,40.5
00-0034104,Cam Sims,WAS,2022,8,21.0,1,2,0.8,IND,3.0,9.0,1.0,2.0,0.023121387283236993,0,1,0,-3.0,40.5
00-0035659,Terry McLaurin,WAS,2022,8,113.0,6,8,0.95,IND,3.0,61.4,4.2,6.6,0.1907514450867052,0,1,0,-3.0,40.5
00-0030564,DeAndre Hopkins,ARI,2022,9,36.0,4,5,0.94,SEA,19.0,131.0,11.0,13.5,0.15254237288135594,0,0,0,1.5,49.5
00-0032688,Robbie Chosen,ARI,2022,9,-4.0,1,3,0.83,SEA,19.0,41.2,2.6,5.4,0.15254237288135594,0,0,0,1.5,49.5
00-0036936,Rondale Moore,ARI,2022,9,69.0,8,10,0.9,SEA,19.0,50.2,4.8,6.6,0.1864406779661017,0,0,0,1.5,49.5
00-0035208,Olamide Zaccheaus,ATL,2022,9,19.0,2,2,0.7,LAC,11.0,37.4,2.4,3.0,0.1595744680851064,0,0,-7,-2.5,49.5
00-0037238,Drake London,ATL,2022,9,23.0,3,7,0.75,LAC,11.0,26.4,2.8,4.8,0.2553191489361702,0,0,-7,-2.5,49.5
00-0036331,Devin Duvernay,BAL,2022,9,5.0,1,1,0.74,NO,15.0,38.4,3.2,4.8,0.183206106870229,0,1,3,1.0,46.0
00-0031588,Stefon Diggs,BUF,2022,9,93.0,5,10,0.74,NYJ,9.0,98.8,7.0,9.8,0.266304347826087,0,0,0,11.0,46.0
00-0033466,Isaiah McKenzie,BUF,2022,9,12.0,2,3,0.66,NYJ,9.0,,,,,0,0,0,11.0,46.0
00-0034827,D.J. Moore,CAR,2022,9,24.0,2,6,0.98,CIN,10.0,67.4,5.2,9.4,0.3051948051948052,0,0,1,-7.0,43.0
00-0036572,Shi Smith,CAR,2022,9,20.0,1,2,0.8,CIN,10.0,20.75,1.5,4.0,0.1038961038961039,0,0,1,-7.0,43.0
00-0036955,Terrace Marshall,CAR,2022,9,53.0,3,6,0.92,CIN,10.0,59.0,3.0,6.0,0.07792207792207792,0,0,1,-7.0,43.0
00-0034279,Equanimeous St. Brown,CHI,2022,9,0.0,0,2,0.7,MIA,16.0,22.0,1.2,2.6,0.11711711711711711,0,0,0,-4.0,46.0
00-0036309,Darnell Mooney,CHI,2022,9,43.0,7,8,0.86,MIA,16.0,67.4,4.2,6.6,0.2972972972972973,0,0,0,-4.0,46.0
00-0033009,Tyler Boyd,CIN,2022,9,44.0,5,6,0.66,CAR,17.0,67.6,4.4,5.8,0.16292134831460675,0,0,-1,7.0,43.0
00-0036410,Tee Higgins,CIN,2022,9,60.0,7,8,0.62,CAR,17.0,81.2,5.2,7.6,0.21348314606741572,0,0,-1,7.0,43.0
00-0032464,Kalif Raymond,DET,2022,9,17.0,3,3,0.95,GB,1.0,65.33333333333333,4.333333333333333,5.666666666666667,0.10119047619047619,0,1,0,-4.0,49.5
00-0035544,Tom Kennedy,DET,2022,9,16.0,1,4,0.66,GB,1.0,54.0,3.0,5.0,0.02976190476190476,0,1,0,-4.0,49.5
00-0036963,Amon-Ra St. Brown,DET,2022,9,55.0,4,9,0.97,GB,1.0,80.5,7.5,10.75,0.25595238095238093,0,1,0,-4.0,49.5
00-0031325,Sammy Watkins,GB,2022,9,9.0,1,5,0.81,DET,22.0,38.0,2.3333333333333335,2.6666666666666665,0.04519774011299435,0,1,0,4.0,49.5
00-0034521,Allen Lazard,GB,2022,9,87.0,4,10,0.88,DET,22.0,57.0,4.0,6.8,0.192090395480226,1,1,0,4.0,49.5
00-0032208,Phillip Dorsett,HOU,2022,9,69.0,3,5,0.77,PHI,5.0,6.0,1.0,5.0,0.03164556962025317,0,1,0,-14.0,45.5
00-0032398,Chris Moore,HOU,2022,9,43.0,4,5,0.73,PHI,5.0,14.0,2.0,4.0,0.02531645569620253,0,1,0,-14.0,45.5
00-0035639,Parris Campbell,IND,2022,9,15.0,2,5,0.82,NE,20.0,47.0,5.0,6.4,0.16666666666666666,0,0,0,-5.0,40.0
00-0036252,Michael Pittman,IND,2022,9,22.0,3,6,0.9,NE,20.0,67.0,6.8,9.6,0.25,0,0,0,-5.0,40.0
00-0037664,Alec Pierce,IND,2022,9,23.0,1,2,0.71,NE,20.0,43.0,3.0,5.5,0.057291666666666664,0,0,0,-5.0,40.0
00-0033891,Zay Jones,JAX,2022,9,40.0,5,5,0.94,LV,21.0,44.2,5.0,7.4,0.23125,0,0,0,-2.5,47.5
00-0034775,Christian Kirk,JAX,2022,9,76.0,8,9,0.75,LV,21.0,46.2,3.4,6.8,0.2125,0,0,0,-2.5,47.5
00-0033857,JuJu Smith-Schuster,KC,2022,9,88.0,10,12,0.83,TEN,23.0,58.2,4.2,6.4,0.1807909604519774,0,0,7,14.0,45.0
00-0034272,Marquez Valdes-Scantling,KC,2022,9,12.0,1,1,0.71,TEN,23.0,42.8,3.0,6.0,0.1694915254237288,0,0,7,14.0,45.0
00-0031428,Allen Robinson,LA,2022,9,24.0,3,5,0.89,TB,7.0,31.8,3.4,5.8,0.1638418079096045,0,0,-3,-3.0,43.0
00-0033908,Cooper Kupp,LA,2022,9,127.0,8,9,1.0,TB,7.0,90.0,8.0,11.0,0.3107344632768362,0,0,-3,-3.0,43.0
00-0036862,Ben Skowronek,LA,2022,9,0.0,0,2,0.65,TB,7.0,38.0,3.6,4.2,0.11864406779661017,0,0,-3,-3.0,43.0
00-0031763,DeAndre Carter,LAC,2022,9,53.0,5,6,0.83,ATL,26.0,31.2,2.8,4.4,0.10185185185185185,1,0,7,2.5,49.5
00-0036959,Michael Bandy,LAC,2022,9,26.0,5,8,0.8,ATL,26.0,,,,,0,0,7,2.5,49.5
00-0036988,Josh Palmer,LAC,2022,9,106.0,8,10,0.91,ATL,26.0,43.0,5.0,7.8,0.18055555555555555,0,0,7,2.5,49.5
00-0031381,Davante Adams,LV,2022,9,146.0,10,17,0.95,JAX,13.0,71.8,5.2,8.8,0.2716049382716049,0,0,0,2.5,47.5
00-0033555,Mack Hollins,LV,2022,9,17.0,2,4,0.85,JAX,13.0,59.8,4.0,6.2,0.19135802469135801,0,0,0,2.5,47.5
00-0034983,Hunter Renfrow,LV,2022,9,26.0,3,4,0.75,JAX,13.0,28.666666666666668,3.6666666666666665,6.0,0.1111111111111111,0,0,0,2.5,47.5
00-0033040,Tyreek Hill,MIA,2022,9,143.0,7,8,0.79,CHI,2.0,128.8,9.6,12.6,0.35195530726256985,0,0,0,4.0,46.0
00-0034487,Trent Sherfield,MIA,2022,9,27.0,3,3,0.65,CHI,2.0,17.75,1.75,3.25,0.07262569832402235,0,0,0,4.0,46.0
00-0036613,Jaylen Waddle,MIA,2022,9,85.0,5,7,0.72,CHI,2.0,77.0,4.6,6.6,0.18435754189944134,0,0,0,4.0,46.0
00-0030035,Adam Thielen,MIN,2022,9,67.0,3,7,0.94,WAS,4.0,52.6,5.6,7.8,0.23493975903614459,0,0,0,3.0,43.5
00-0036322,Justin Jefferson,MIN,2022,9,115.0,7,13,1.0,WAS,4.0,104.0,7.4,9.6,0.2891566265060241,0,0,0,3.0,43.5
00-0036345,K.J. Osborn,MIN,2022,9,0.0,0,2,0.8,WAS,4.0,29.2,3.2,5.0,0.15060240963855423,0,0,0,3.0,43.5
00-0033307,Kendrick Bourne,NE,2022,9,11.0,3,4,0.76,IND,3.0,0.0,0.0,1.0,0.007633587786259542,0,0,0,5.0,40.0
00-0034960,Jakobi Meyers,NE,2022,9,42.0,5,6,0.81,IND,3.0,72.0,6.2,8.0,0.3053435114503817,0,0,0,5.0,40.0
00-0038104,Tyquan Thornton,NE,2022,9,5.0,1,4,0.67,IND,3.0,16.0,1.0,3.5,0.05343511450381679,0,0,0,5.0,40.0
00-0034765,Tre'Quan Smith,NO,2022,9,29.0,3,4,0.71,BAL,12.0,54.25,3.25,4.5,0.11464968152866242,0,1,-3,-1.0,46.0
00-0037239,Chris Olave,NO,2022,9,71.0,6,9,0.9,BAL,12.0,88.2,5.6,10.0,0.3184713375796178,0,1,-3,-1.0,46.0
00-0036255,Denzel Mims,NYJ,2022,9,12.0,1,4,0.83,BUF,14.0,76.0,2.0,3.0,0.023622047244094488,0,0,0,-11.0,46.0
00-0037740,Garrett Wilson,NYJ,2022,9,92.0,8,9,0.92,BUF,14.0,68.4,5.2,8.4,0.33070866141732286,0,0,0,-11.0,46.0
00-0035676,A.J. Brown,PHI,2022,9,59.0,4,6,0.86,HOU,8.0,87.0,4.8,8.4,0.2916666666666667,0,1,0,14.0,45.5
00-0036912,DeVonta Smith,PHI,2022,9,22.0,2,2,0.89,HOU,8.0,68.0,6.2,8.0,0.2777777777777778,0,1,0,14.0,45.5
00-0032211,Tyler Lockett,SEA,2022,9,67.0,5,5,0.74,ARI,18.0,64.0,5.0,7.0,0.24647887323943662,0,0,0,-1.5,49.5
00-0035640,DK Metcalf,SEA,2022,9,37.0,5,6,0.81,ARI,18.0,78.0,5.0,9.4,0.33098591549295775,0,0,0,-1.5,49.5
00-0031408,Mike Evans,TB,2022,9,40.0,5,11,0.88,LA,6.0,89.0,6.2,9.6,0.2096069868995633,0,0,3,3.0,43.0
00-0033921,Chris Godwin,TB,2022,9,36.0,7,10,0.92,LA,6.0,68.0,6.5,11.5,0.20087336244541484,0,0,3,3.0,43.0
00-0030431,Robert Woods,TEN,2022,9,0.0,0,2,0.63,KC,25.0,40.8,3.4,5.4,0.2755102040816326,0,0,-7,-14.0,45.0
00-0036182,Nick Westbrook-Ikhine,TEN,2022,9,0.0,0,1,0.78,KC,25.0,24.5,1.0,2.75,0.11224489795918367,0,0,-7,-14.0,45.0
00-0033282,Curtis Samuel,WAS,2022,9,65.0,3,4,0.75,MIN,24.0,41.8,4.0,6.4,0.19875776397515527,0,0,0,-3.0,43.5
00-0035659,Terry McLaurin,WAS,2022,9,56.0,5,9,1.0,MIN,24.0,63.6,4.2,6.4,0.19875776397515527,0,0,0,-3.0,43.5
00-0030564,DeAndre Hopkins,ARI,2022,10,98.0,10,14,0.94,LA,5.0,99.33333333333333,8.666666666666666,10.666666666666666,0.1787709497206704,0,1,0,-3.5,38.0
00-0036936,Rondale Moore,ARI,2022,10,94.0,9,13,0.97,LA,5.0,61.8,5.8,7.6,0.2122905027932961,0,1,0,-3.5,38.0
00-0035208,Olamide Zaccheaus,ATL,2022,10,34.0,2,4,0.76,CAR,20.0,31.4,2.4,3.0,0.15,0,0,0,2.5,41.5
00-0037238,Drake London,ATL,2022,10,38.0,5,6,0.87,CAR,20.0,27.6,3.0,4.8,0.24,0,0,0,2.5,41.5
00-0031588,Stefon Diggs,BUF,2022,10,128.0,12,16,0.92,MIN,22.0,102.6,6.6,9.6,0.294478527607362,0,0,0,6.5,47.0
00-0033466,Isaiah McKenzie,BUF,2022,10,37.0,4,4,0.69,MIN,22.0,12.0,2.0,3.0,0.018404907975460124,0,0,0,6.5,47.0
00-0034827,D.J. Moore,CAR,2022,10,29.0,4,6,0.89,ATL,28.0,62.2,4.4,8.4,0.28378378378378377,0,0,0,-2.5,41.5
00-0036955,Terrace Marshall,CAR,2022,10,43.0,1,2,0.89,ATL,28.0,57.0,3.0,6.0,0.12162162162162163,0,0,0,-2.5,41.5
00-0036309,Darnell Mooney,CHI,2022,10,57.0,4,4,0.87,DET,24.0,57.2,4.8,7.2,0.3050847457627119,0,0,0,3.0,48.5
00-0031544,Amari Cooper,CLE,2022,10,32.0,3,3,0.87,MIA,13.0,66.8,4.0,7.8,0.2532467532467532,0,0,6,-3.0,49.0
00-0036233,Donovan Peoples-Jones,CLE,2022,10,99.0,5,9,0.88,MIA,13.0,69.4,4.6,6.2,0.2012987012987013,0,0,6,-3.0,49.0
00-0033591,Noah Brown,DAL,2022,10,3.0,1,4,0.76,GB,1.0,36.0,3.0,5.0,0.19230769230769232,0,0,7,3.5,44.5
00-0034764,Michael Gallup,DAL,2022,10,35.0,4,7,0.83,GB,1.0,22.75,2.0,4.5,0.13846153846153847,0,0,7,3.5,44.5
00-0036358,CeeDee Lamb,DAL,2022,10,150.0,11,15,0.9,GB,1.0,73.0,5.0,7.8,0.3,0,0,7,3.5,44.5
00-0034348,Courtland Sutton,DEN,2022,10,66.0,6,11,0.93,TEN,27.0,35.2,3.2,6.8,0.21935483870967742,0,0,7,-2.5,40.0
00-0035864,Kendall Hinton,DEN,2022,10,62.0,4,5,0.96,TEN,27.0,20.0,1.0,1.0,0.0064516129032258064,1,0,7,-2.5,40.0
00-0032464,Kalif Raymond,DET,2022,10,47.0,3,3,0.82,CHI,15.0,53.25,4.0,5.0,0.12903225806451613,0,0,0,-3.0,48.5
00-0035544,Tom Kennedy,DET,2022,10,44.0,1,2,0.61,CHI,15.0,35.0,2.0,4.5,0.05806451612903226,0,0,0,-3.0,48.5
00-0036963,Amon-Ra St. Brown,DET,2022,10,119.0,10,11,0.81,CHI,15.0,75.4,6.8,10.4,0.33548387096774196,0,0,0,-3.0,48.5
00-0034521,Allen Lazard,GB,2022,10,45.0,3,4,0.98,DAL,8.0,71.8,4.4,8.2,0.22282608695652173,0,0,-7,-3.5,44.5
00-0038124,Christian Watson,GB,2022,10,107.0,4,8,0.84,DAL,8.0,34.0,2.0,4.0,0.021739130434782608,0,0,-7,-3.5,44.5
00-0031236,Brandin Cooks,HOU,2022,10,37.0,4,7,0.64,NYG,14.0,43.6,4.2,6.2,0.2108843537414966,1,0,-4,-5.5,41.5
00-0036554,Nico Collins,HOU,2022,10,49.0,5,10,0.78,NYG,14.0,54.4,3.0,5.4,0.1836734693877551,1,0,-4,-5.5,41.5
00-0035639,Parris Campbell,IND,2022,10,76.0,7,9,0.8,LV,21.0,41.4,4.6,6.6,0.1793478260869565,0,1,0,-4.5,41.0
00-0036252,Michael Pittman,IND,2022,10,53.0,7,9,0.97,LV,21.0,65.2,6.8,9.6,0.2608695652173913,0,1,0,-4.5,41.0
00-0037664,Alec Pierce,IND,2022,10,0.0,0,2,0.65,LV,21.0,36.333333333333336,2.3333333333333335,4.333333333333333,0.07065217391304347,0,1,0,-4.5,41.0
00-0029293,Marvin Jones,JAX,2022,10,33.0,1,3,0.69,KC,25.0,41.6,3.6,6.0,0.18072289156626506,0,0,0,-10.0,51.5
00-0033891,Zay Jones,JAX,2022,10,68.0,8,10,0.94,KC,25.0,35.2,4.0,6.2,0.18674698795180722,0,0,0,-10.0,51.5
00-0034775,Christian Kirk,JAX,2022,10,105.0,9,12,0.92,KC,25.0,49.4,4.6,6.8,0.20481927710843373,0,0,0,-10.0,51.5
00-0034272,Marquez Valdes-Scantling,KC,2022,10,60.0,3,4,0.84,JAX,18.0,42.6,2.8,4.8,0.11707317073170732,0,0,0,10.0,51.5
00-0034386,Justin Watson,KC,2022,10,12.0,1,1,0.73,JAX,18.0,,,,,0,0,0,10.0,51.5
00-0031428,Allen Robinson,LA,2022,10,44.0,4,6,0.92,ARI,23.0,32.0,3.6,5.8,0.16292134831460675,0,1,0,3.5,38.0
00-0033908,Cooper Kupp,LA,2022,10,-1.0,3,5,0.67,ARI,23.0,106.6,8.8,11.6,0.3258426966292135,0,1,0,3.5,38.0
00-0036862,Ben Skowronek,LA,2022,10,14.0,2,7,0.98,ARI,23.0,24.8,2.8,3.8,0.10674157303370786,0,1,0,3.5,38.0
00-0031763,DeAndre Carter,LAC,2022,10,64.0,4,4,0.86,SF,19.0,30.8,3.2,5.0,0.11467889908256881,0,0,-7,-8.5,45.5
00-0036959,Michael Bandy,LAC,2022,10,0.0,0,1,0.84,SF,19.0,26.0,5.0,8.0,0.03669724770642202,0,0,-7,-8.5,45.5
00-0036988,Josh Palmer,LAC,2022,10,44.0,3,8,0.95,SF,19.0,63.2,6.0,9.0,0.20642201834862386,0,0,-7,-8.5,45.5
00-0031381,Davante Adams,LV,2022,10,126.0,9,14,0.93,IND,6.0,93.8,6.2,10.2,0.3248407643312102,0,1,0,4.5,41.0
00-0033555,Mack Hollins,LV,2022,10,18.0,2,6,0.96,IND,6.0,31.6,2.8,4.8,0.15286624203821655,0,1,0,4.5,41.0
00-0033681,Keelan Cole,LV,2022,10,0.0,0,2,0.69,IND,6.0,,,,,0,1,0,4.5,41.0
00-0033040,Tyreek Hill,MIA,2022,10,44.0,5,6,0.71,CLE,9.0,125.4,9.0,11.4,0.3313953488372093,0,0,-6,3.0,49.0
00-0034487,Trent Sherfield,MIA,2022,10,63.0,4,5,0.65,CLE,9.0,19.6,2.0,3.2,0.09302325581395349,1,0,-6,3.0,49.0
00-0036613,Jaylen Waddle,MIA,2022,10,66.0,4,5,0.74,CLE,9.0,86.2,5.2,7.0,0.20348837209302326,0,0,-6,3.0,49.0
00-0030035,Adam Thielen,MIN,2022,10,49.0,5,7,0.94,BUF,17.0,53.8,5.0,7.6,0.2222222222222222,0,0,0,-6.5,47.0
00-0036322,Justin Jefferson,MIN,2022,10,193.0,10,16,1.0,BUF,17.0,124.2,8.2,11.0,0.3216374269005848,0,0,0,-6.5,47.0
00-0036345,K.J. Osborn,MIN,2022,10,35.0,4,11,0.78,BUF,17.0,14.6,2.2,3.8,0.1111111111111111,0,0,0,-6.5,47.0
00-0031382,Jarvis Landry,NO,2022,10,37.0,3,6,0.79,PIT,26.0,48.666666666666664,4.333333333333333,5.333333333333333,0.10256410256410256,0,0,-8,-1.0,39.5
00-0031545,Kevin White,NO,2022,10,0.0,0,2,0.66,PIT,26.0,,,,,0,0,-8,-1.0,39.5
00-0037239,Chris Olave,NO,2022,10,40.0,3,5,0.77,PIT,26.0,94.2,6.2,11.2,0.358974358974359,0,0,-8,-1.0,39.5
00-0035535,Darius Slayton,NYG,2022,10,95.0,3,4,0.8,HOU,16.0,31.666666666666668,2.3333333333333335,3.6666666666666665,0.0873015873015873,0,0,4,5.5,41.5
00-0036165,Isaiah Hodgins,NYG,2022,10,41.0,2,2,0.62,HOU,16.0,,,,,0,0,4,5.5,41.5
00-0038117,Wan'Dale Robinson,NYG,2022,10,20.0,2,2,0.75,HOU,16.0,32.5,4.0,5.5,0.0873015873015873,0,0,4,5.5,41.5
00-0035676,A.J. Brown,PHI,2022,10,7.0,1,4,0.78,WAS,9.0,81.8,4.6,7.6,0.2814814814814815,0,0,3,11.0,43.0
00-0036912,DeVonta Smith,PHI,2022,10,39.0,6,8,0.86,WAS,9.0,38.6,5.0,6.0,0.2222222222222222,0,0,3,11.0,43.0
00-0035216,Diontae Johnson,PIT,2022,10,63.0,4,5,0.92,NO,12.0,35.2,4.4,8.6,0.23626373626373626,0,0,8,1.0,39.5
00-0037247,George Pickens,PIT,2022,10,32.0,3,4,0.75,NO,12.0,54.6,4.2,6.2,0.17032967032967034,0,0,8,1.0,39.5
00-0030068,Marquise Goodwin,SEA,2022,10,38.0,2,2,0.79,TB,3.0,,,,,1,0,0,-2.5,45.0
00-0032211,Tyler Lockett,SEA,2022,10,42.0,3,5,0.9,TB,3.0,59.2,4.8,6.4,0.2206896551724138,0,0,0,-2.5,45.0
00-0035640,DK Metcalf,SEA,2022,10,71.0,6,9,0.9,TB,3.0,72.6,5.0,8.2,0.2827586206896552,0,0,0,-2.5,45.0
00-0035719,Deebo Samuel,SF,2022,10,24.0,2,6,0.87,LAC,7.0,65.8,5.0,8.2,0.2611464968152866,0,0,7,8.5,45.5
00-0036261,Brandon Aiyuk,SF,2022,10,84.0,6,7,0.97,LAC,7.0,68.2,5.6,7.2,0.22929936305732485,0,0,7,8.5,45.5
00-0031408,Mike Evans,TB,2022,10,54.0,5,6,0.73,SEA,11.0,76.4,5.6,9.8,0.21120689655172414,0,0,0,2.5,45.0
00-0033921,Chris Godwin,TB,2022,10,71.0,6,8,0.89,SEA,11.0,61.6,6.6,11.2,0.2413793103448276,0,0,0,2.5,45.0
00-0030431,Robert Woods,TEN,2022,10,10.0,2,7,0.81,DEN,2.0,23.8,2.6,4.0,0.23529411764705882,0,0,-7,2.5,40.0
00-0036182,Nick Westbrook-Ikhine,TEN,2022,10,119.0,5,8,0.77,DEN,2.0,19.6,0.8,2.4,0.1411764705882353,0,0,-7,2.5,40.0
00-0033282,Curtis Samuel,WAS,2022,10,28.0,2,4,0.64,PHI,4.0,47.2,3.8,5.8,0.19727891156462585,0,0,-3,-11.0,43.0
00-0035659,Terry McLaurin,WAS,2022,10,128.0,8,11,0.86,PHI,4.0,71.8,4.8,7.0,0.23809523809523808,0,0,-3,-11.0,43.0
00-0027942,A.J. Green,ARI,2022,11,50.0,5,9,0.77,SF,17.0,14.0,2.5,5.0,0.11363636363636363,0,0,0,-10.0,43.5
00-0030564,DeAndre Hopkins,ARI,2022,11,91.0,9,12,0.69,SF,17.0,99.0,9.0,11.5,0.26136363636363635,1,0,0,-10.0,43.5
00-0035500,Greg Dortch,ARI,2022,11,103.0,9,10,0.93,SF,17.0,66.0,6.666666666666667,7.666666666666667,0.13068181818181818,0,0,0,-10.0,43.5
00-0035208,Olamide Zaccheaus,ATL,2022,11,9.0,1,2,0.76,CHI,13.0,30.4,2.4,3.0,0.14285714285714285,0,1,3,3.0,48.5
00-0037238,Drake London,ATL,2022,11,2.0,1,3,0.76,CHI,13.0,28.2,3.2,4.6,0.21904761904761905,0,1,3,3.0,48.5
00-0032775,Demarcus Robinson,BAL,2022,11,128.0,9,9,0.78,CAR,17.0,33.0,3.3333333333333335,5.0,0.11811023622047244,0,0,3,13.0,42.0
00-0036331,Devin Duvernay,BAL,2022,11,3.0,1,1,0.84,CAR,17.0,29.2,2.6,4.0,0.15748031496062992,0,0,3,13.0,42.0
00-0031588,Stefon Diggs,BUF,2022,11,48.0,4,5,0.66,CLE,15.0,115.8,8.2,11.6,0.3411764705882353,0,1,0,7.5,50.5
00-0034827,D.J. Moore,CAR,2022,11,24.0,3,5,0.98,BAL,16.0,56.2,4.4,8.0,0.3225806451612903,0,0,-3,-13.0,42.0
00-0036572,Shi Smith,CAR,2022,11,26.0,4,5,0.6,BAL,16.0,20.6,1.4,3.6,0.14516129032258066,0,0,-3,-13.0,42.0
00-0036955,Terrace Marshall,CAR,2022,11,76.0,3,6,0.93,BAL,16.0,53.5,2.5,5.0,0.16129032258064516,0,0,-3,-13.0,42.0
00-0034279,Equanimeous St. Brown,CHI,2022,11,24.0,2,2,0.72,ATL,27.0,18.4,1.0,2.4,0.10434782608695652,0,1,-3,-3.0,48.5
00-0036309,Darnell Mooney,CHI,2022,11,29.0,4,5,0.81,ATL,27.0,58.2,5.2,7.0,0.30434782608695654,0,1,-3,-3.0,48.5
00-0033009,Tyler Boyd,CIN,2022,11,42.0,2,7,0.82,PIT,25.0,67.0,5.0,6.0,0.17045454545454544,0,0,7,3.5,39.0
00-0035341,Trenton Irwin,CIN,2022,11,42.0,3,4,0.7,PIT,25.0,,,,,0,0,7,3.5,39.0
00-0036410,Tee Higgins,CIN,2022,11,148.0,9,13,0.79,PIT,25.0,74.6,5.6,7.8,0.2215909090909091,0,0,7,3.5,39.0
00-0031544,Amari Cooper,CLE,2022,11,113.0,8,12,0.84,BUF,24.0,71.4,4.4,7.6,0.24836601307189543,0,1,0,-7.5,50.5
00-0036233,Donovan Peoples-Jones,CLE,2022,11,61.0,5,6,0.99,BUF,24.0,75.0,4.6,6.2,0.20261437908496732,0,1,0,-7.5,50.5
00-0037257,David Bell,CLE,2022,11,22.0,4,5,0.64,BUF,24.0,13.0,1.0,2.0,0.013071895424836602,0,1,0,-7.5,50.5
00-0033591,Noah Brown,DAL,2022,11,42.0,2,2,0.75,MIN,26.0,25.8,2.2,4.4,0.14864864864864866,0,1,0,1.5,48.5
00-0034764,Michael Gallup,DAL,2022,11,41.0,3,4,0.63,MIN,26.0,25.2,2.4,5.0,0.16891891891891891,0,1,0,1.5,48.5
00-0036358,CeeDee Lamb,DAL,2022,11,45.0,5,5,0.65,MIN,26.0,83.6,6.0,9.2,0.3108108108108108,0,1,0,1.5,48.5
00-0034348,Courtland Sutton,DEN,2022,11,80.0,5,7,0.92,LV,22.0,38.0,3.4,7.6,0.2235294117647059,0,0,0,2.5,41.5
00-0035864,Kendall Hinton,DEN,2022,11,57.0,3,3,0.88,LV,22.0,41.0,2.5,3.0,0.03529411764705882,1,0,0,2.5,41.5
00-0032464,Kalif Raymond,DET,2022,11,33.0,3,7,0.85,NYG,20.0,52.0,3.8,4.6,0.16312056737588654,0,0,0,-3.0,44.0
00-0036963,Amon-Ra St. Brown,DET,2022,11,76.0,7,8,0.9,NYG,20.0,86.4,7.2,10.2,0.3617021276595745,0,0,0,-3.0,44.0
00-0034521,Allen Lazard,GB,2022,11,57.0,5,11,0.92,TEN,28.0,71.8,4.2,7.8,0.23780487804878048,0,0,0,3.0,40.5
00-0038124,Christian Watson,GB,2022,11,48.0,4,6,0.8,TEN,28.0,70.5,3.0,6.0,0.07317073170731707,0,0,0,3.0,40.5
00-0031236,Brandin Cooks,HOU,2022,11,70.0,3,6,0.8,WAS,9.0,46.6,4.6,6.2,0.2080536912751678,0,1,1,-3.0,41.0
00-0036554,Nico Collins,HOU,2022,11,48.0,5,7,0.86,WAS,9.0,59.0,3.6,6.8,0.22818791946308725,0,1,1,-3.0,41.0
00-0035639,Parris Campbell,IND,2022,11,67.0,5,6,0.8,PHI,5.0,52.2,5.6,7.8,0.22285714285714286,0,1,1,-6.5,45.5
00-0036252,Michael Pittman,IND,2022,11,75.0,6,7,0.98,PHI,5.0,64.0,7.2,9.8,0.28,0,1,1,-6.5,45.5
00-0037664,Alec Pierce,IND,2022,11,28.0,3,8,0.71,PHI,5.0,27.25,1.75,3.75,0.08571428571428572,0,1,1,-6.5,45.5
00-0034272,Marquez Valdes-Scantling,KC,2022,11,18.0,1,4,0.71,LAC,6.0,45.0,2.6,4.2,0.10194174757281553,0,1,0,5.5,52.5
00-0034386,Justin Watson,KC,2022,11,67.0,3,4,0.88,LAC,6.0,12.0,1.0,1.0,0.0048543689320388345,0,1,0,5.5,52.5
00-0031428,Allen Robinson,LA,2022,11,47.0,4,5,0.83,NO,8.0,39.4,4.0,5.8,0.17365269461077845,0,1,0,-2.5,39.5
00-0036415,Van Jefferson,LA,2022,11,41.0,3,5,0.73,NO,8.0,,,,,0,1,0,-2.5,39.5
00-0036862,Ben Skowronek,LA,2022,11,4.0,1,4,0.84,NO,8.0,21.0,2.8,4.6,0.1377245508982036,0,1,0,-2.5,39.5
00-0030279,Keenan Allen,LAC,2022,11,94.0,5,8,0.68,KC,21.0,,,,,1,1,0,-5.5,52.5
00-0031763,DeAndre Carter,LAC,2022,11,33.0,3,3,0.82,KC,21.0,37.4,3.4,5.0,0.11574074074074074,0,1,0,-5.5,52.5
00-0036988,Josh Palmer,LAC,2022,11,106.0,8,10,0.92,KC,21.0,66.0,5.8,9.0,0.20833333333333334,0,1,0,-5.5,52.5
00-0031381,Davante Adams,LV,2022,11,141.0,7,13,0.98,DEN,7.0,98.8,6.2,10.4,0.3151515151515151,1,0,0,-2.5,41.5
00-0033555,Mack Hollins,LV,2022,11,52.0,6,9,1.0,DEN,7.0,28.6,2.6,5.0,0.15151515151515152,0,0,0,-2.5,41.5
00-0033681,Keelan Cole,LV,2022,11,21.0,1,2,0.67,DEN,7.0,0.0,0.0,2.0,0.012121212121212121,0,0,0,-2.5,41.5
00-0030035,Adam Thielen,MIN,2022,11,25.0,2,3,0.77,DAL,12.0,49.2,4.4,7.2,0.1925133689839572,0,1,0,-1.5,48.5
00-0036322,Justin Jefferson,MIN,2022,11,33.0,3,5,0.79,DAL,12.0,133.4,8.2,11.6,0.31016042780748665,0,1,0,-1.5,48.5
00-0036345,K.J. Osborn,MIN,2022,11,17.0,2,3,0.74,DAL,12.0,20.4,2.8,5.6,0.1497326203208556,0,1,0,-1.5,48.5
00-0034960,Jakobi Meyers,NE,2022,11,52.0,4,6,0.95,NYJ,11.0,61.4,5.4,6.6,0.2357142857142857,0,0,0,3.5,38.5
00-0035535,Darius Slayton,NYG,2022,11,86.0,5,10,0.87,DET,19.0,47.5,2.5,3.75,0.1171875,0,0,0,3.0,44.0
00-0038117,Wan'Dale Robinson,NYG,2022,11,100.0,9,13,0.72,DET,19.0,28.333333333333332,3.3333333333333335,4.333333333333333,0.1015625,1,0,0,3.0,44.0
00-0036255,Denzel Mims,NYJ,2022,11,35.0,2,6,0.9,NE,14.0,44.0,1.5,3.5,0.058823529411764705,0,0,0,-3.5,38.5
00-0037740,Garrett Wilson,NYJ,2022,11,12.0,2,3,1.0,NE,14.0,66.4,5.2,7.4,0.31092436974789917,0,0,0,-3.5,38.5
00-0035676,A.J. Brown,PHI,2022,11,60.0,5,7,0.88,IND,3.0,64.2,3.8,7.0,0.25735294117647056,0,1,-1,6.5,45.5
00-0036912,DeVonta Smith,PHI,2022,11,78.0,6,9,0.94,IND,3.0,43.0,5.6,6.8,0.25,0,1,-1,6.5,45.5
00-0035216,Diontae Johnson,PIT,2022,11,21.0,4,5,0.96,CIN,1.0,45.6,4.8,8.8,0.24043715846994534,0,0,-7,-3.5,39.0
00-0037247,George Pickens,PIT,2022,11,83.0,4,6,0.86,CIN,1.0,40.6,3.6,5.4,0.14754098360655737,0,0,-7,-3.5,39.0
00-0036261,Brandon Aiyuk,SF,2022,11,20.0,2,4,0.79,ARI,23.0,77.6,6.0,7.8,0.2422360248447205,0,0,0,10.0,43.5
00-0030431,Robert Woods,TEN,2022,11,69.0,6,7,0.76,GB,2.0,19.8,2.2,4.6,0.23,0,0,0,-3.0,40.5
00-0036182,Nick Westbrook-Ikhine,TEN,2022,11,28.0,2,2,0.79,GB,2.0,40.8,1.6,3.6,0.18,0,0,0,-3.0,40.5
00-0033282,Curtis Samuel,WAS,2022,11,10.0,1,2,0.6,HOU,9.0,40.4,3.0,5.0,0.18518518518518517,0,1,-1,3.0,41.0
00-0035659,Terry McLaurin,WAS,2022,11,55.0,4,7,0.72,HOU,9.0,82.2,5.4,8.0,0.2962962962962963,0,1,-1,3.0,41.0
00-0037741,Jahan Dotson,WAS,2022,11,13.0,1,2,0.66,HOU,9.0,36.333333333333336,3.0,6.0,0.13333333333333333,0,1,-1,3.0,41.0
00-0030564,DeAndre Hopkins,ARI,2022,12,87.0,4,6,0.74,LAC,12.0,97.4,9.0,11.6,0.31868131868131866,0,1,-1,-2.5,48.5
00-0035662,Marquise Brown,ARI,2022,12,46.0,6,8,0.97,LAC,12.0,88.4,7.8,11.6,0.31868131868131866,0,1,-1,-2.5,48.5
00-0035208,Olamide Zaccheaus,ATL,2022,12,91.0,5,8,0.74,WAS,7.0,20.6,1.8,2.6,0.11818181818181818,0,0,0,-3.5,40.5
00-0037238,Drake London,ATL,2022,12,29.0,2,4,0.86,WAS,7.0,20.6,2.8,4.4,0.2,0,0,0,-3.5,40.5
00-0032775,Demarcus Robinson,BAL,2022,12,17.0,1,4,0.6,JAX,31.0,56.75,4.75,6.0,0.18181818181818182,1,0,-7,3.5,43.0
00-0036331,Devin Duvernay,BAL,2022,12,23.0,3,5,0.78,JAX,31.0,19.0,1.8,2.8,0.10606060606060606,1,0,-7,3.5,43.0
00-0031588,Stefon Diggs,BUF,2022,12,77.0,8,15,0.78,DET,30.0,105.0,7.4,10.4,0.3291139240506329,0,1,0,10.0,54.0
00-0033466,Isaiah McKenzie,BUF,2022,12,96.0,6,10,0.73,DET,30.0,24.5,3.0,3.5,0.04430379746835443,0,1,0,10.0,54.0
00-0034827,D.J. Moore,CAR,2022,12,103.0,4,6,0.97,DEN,9.0,59.6,4.4,7.6,0.2835820895522388,0,0,0,-1.0,36.5
00-0036955,Terrace Marshall,CAR,2022,12,8.0,1,3,0.62,DEN,9.0,58.0,2.6,5.2,0.19402985074626866,1,0,0,-1.0,36.5
00-0036326,Chase Claypool,CHI,2022,12,51.0,2,5,0.67,NYJ,14.0,46.4,4.2,6.4,0.2962962962962963,0,0,0,-8.5,36.5
00-0033009,Tyler Boyd,CIN,2022,12,16.0,2,4,0.76,TEN,28.0,69.0,4.8,6.6,0.18435754189944134,0,0,-3,1.0,43.0
00-0035341,Trenton Irwin,CIN,2022,12,16.0,1,4,0.74,TEN,28.0,42.0,3.0,4.0,0.0223463687150838,0,0,-3,1.0,43.0
00-0036410,Tee Higgins,CIN,2022,12,114.0,7,9,0.83,TEN,28.0,79.4,6.0,8.6,0.24022346368715083,0,0,-3,1.0,43.0
00-0031544,Amari Cooper,CLE,2022,12,94.0,7,12,0.92,TB,10.0,78.8,4.6,7.6,0.2375,0,0,-7,-3.0,42.0
00-0036233,Donovan Peoples-Jones,CLE,2022,12,16.0,2,4,0.96,TB,10.0,77.2,4.8,6.0,0.1875,0,0,-7,-3.0,42.0
00-0037257,David Bell,CLE,2022,12,23.0,4,6,0.63,TB,10.0,17.5,2.5,3.5,0.04375,0,0,-7,-3.0,42.0
00-0034764,Michael Gallup,DAL,2022,12,63.0,5,8,0.76,NYG,22.0,28.6,2.6,5.2,0.16049382716049382,0,1,0,10.5,45.5
00-0036358,CeeDee Lamb,DAL,2022,12,106.0,6,11,0.8,NYG,22.0,82.0,6.0,8.6,0.2654320987654321,0,1,0,10.5,45.5
00-0034348,Courtland Sutton,DEN,2022,12,75.0,6,8,0.93,CAR,19.0,39.2,3.4,6.8,0.2111801242236025,0,0,0,1.0,36.5
00-0035864,Kendall Hinton,DEN,2022,12,35.0,5,9,0.92,CAR,19.0,46.333333333333336,2.6666666666666665,3.0,0.055900621118012424,0,0,0,1.0,36.5
00-0037382,Brandon Johnson,DEN,2022,12,10.0,2,4,0.7,CAR,19.0,,,,,0,0,0,1.0,36.5
00-0032464,Kalif Raymond,DET,2022,12,35.0,4,6,0.76,BUF,29.0,49.6,3.4,4.6,0.17293233082706766,0,1,0,-10.0,54.0
00-0034777,D.J. Chark,DET,2022,12,16.0,2,5,0.73,BUF,29.0,32.666666666666664,2.3333333333333335,6.0,0.13533834586466165,0,1,0,-10.0,54.0
00-0036963,Amon-Ra St. Brown,DET,2022,12,122.0,9,10,0.87,BUF,29.0,78.4,6.8,9.4,0.3533834586466165,0,1,0,-10.0,54.0
00-0034521,Allen Lazard,GB,2022,12,24.0,2,3,1.0,PHI,4.0,60.0,4.0,8.4,0.267515923566879,0,0,3,-6.5,46.0
00-0038124,Christian Watson,GB,2022,12,110.0,4,6,0.92,PHI,4.0,63.0,3.3333333333333335,6.0,0.11464968152866242,0,0,3,-6.5,46.0
00-0031236,Brandin Cooks,HOU,2022,12,59.0,5,5,0.74,MIA,11.0,49.2,3.8,6.0,0.1910828025477707,0,0,-7,-14.0,47.0
00-0036554,Nico Collins,HOU,2022,12,44.0,6,9,0.75,MIA,11.0,57.0,3.8,6.4,0.20382165605095542,0,0,-7,-14.0,47.0
00-0035639,Parris Campbell,IND,2022,12,14.0,2,3,0.88,PIT,26.0,54.2,5.2,6.8,0.22666666666666666,0,1,0,2.5,40.0
00-0036252,Michael Pittman,IND,2022,12,61.0,7,11,1.0,PIT,26.0,52.2,5.8,8.0,0.26666666666666666,0,1,0,2.5,40.0
00-0037664,Alec Pierce,IND,2022,12,0.0,0,2,0.7,PIT,26.0,27.4,2.0,4.6,0.15333333333333332,0,1,0,2.5,40.0
00-0029293,Marvin Jones,JAX,2022,12,22.0,3,3,0.6,BAL,20.0,40.6,3.0,5.4,0.16770186335403728,0,0,7,-3.5,43.0
00-0033891,Zay Jones,JAX,2022,12,145.0,11,14,0.9,BAL,20.0,46.4,5.0,6.6,0.20496894409937888,0,0,7,-3.5,43.0
00-0034775,Christian Kirk,JAX,2022,12,46.0,4,9,0.9,BAL,20.0,68.2,6.2,8.6,0.2670807453416149,0,0,7,-3.5,43.0
00-0034386,Justin Watson,KC,2022,12,26.0,2,2,0.84,LA,16.0,39.5,2.0,2.5,0.02564102564102564,0,0,0,16.5,42.0
00-0036415,Van Jefferson,LA,2022,12,29.0,3,6,0.87,KC,25.0,41.0,3.0,5.0,0.032679738562091505,0,0,0,-16.5,42.0
00-0036862,Ben Skowronek,LA,2022,12,5.0,2,4,0.63,KC,25.0,13.6,1.8,3.8,0.12418300653594772,0,0,0,-16.5,42.0
00-0030279,Keenan Allen,LAC,2022,12,49.0,5,7,0.89,ARI,27.0,94.0,5.0,8.0,0.037914691943127965,0,1,1,2.5,48.5
00-0031763,DeAndre Carter,LAC,2022,12,73.0,7,10,0.8,ARI,27.0,40.8,3.6,5.0,0.11848341232227488,0,1,1,2.5,48.5
00-0036988,Josh Palmer,LAC,2022,12,56.0,5,7,0.95,ARI,27.0,67.4,6.2,9.2,0.21800947867298578,0,1,1,2.5,48.5
00-0031381,Davante Adams,LV,2022,12,74.0,7,11,1.0,SEA,14.0,102.2,7.0,11.6,0.3314285714285714,0,0,-7,-4.0,47.5
00-0033555,Mack Hollins,LV,2022,12,63.0,4,5,0.96,SEA,14.0,39.0,3.8,6.0,0.17142857142857143,0,0,-7,-4.0,47.5
00-0033681,Keelan Cole,LV,2022,12,12.0,2,2,0.65,SEA,14.0,10.5,0.5,2.0,0.022857142857142857,0,0,-7,-4.0,47.5
00-0034487,Trent Sherfield,MIA,2022,12,33.0,2,5,0.61,HOU,2.0,31.2,2.6,4.0,0.11834319526627218,0,0,7,14.0,47.0
00-0036613,Jaylen Waddle,MIA,2022,12,85.0,5,10,0.62,HOU,2.0,94.8,5.4,7.2,0.21301775147928995,0,0,7,14.0,47.0
00-0030035,Adam Thielen,MIN,2022,12,61.0,9,10,0.93,NE,5.0,48.8,4.0,6.4,0.18181818181818182,0,1,0,2.5,42.5
00-0036322,Justin Jefferson,MIN,2022,12,139.0,9,11,0.97,NE,5.0,109.2,6.4,10.0,0.2840909090909091,0,1,0,2.5,42.5
00-0031547,DeVante Parker,NE,2022,12,80.0,4,4,0.85,MIN,32.0,62.4,2.8,5.0,0.17123287671232876,1,1,0,-2.5,42.5
00-0031549,Nelson Agholor,NE,2022,12,65.0,6,8,0.78,MIN,32.0,43.5,2.5,3.5,0.04794520547945205,0,1,0,-2.5,42.5
00-0033307,Kendrick Bourne,NE,2022,12,36.0,3,4,0.69,MIN,32.0,5.5,1.5,2.5,0.03424657534246575,0,1,0,-2.5,42.5
00-0037239,Chris Olave,NO,2022,12,62.0,5,9,0.67,SF,21.0,86.2,5.8,9.6,0.3116883116883117,0,0,1,-9.5,44.0
00-0034286,Richie James,NYG,2022,12,41.0,5,6,0.7,DAL,1.0,47.5,4.5,5.5,0.07746478873239436,1,1,0,-10.5,45.5
00-0035535,Darius Slayton,NYG,2022,12,63.0,3,6,0.84,DAL,1.0,55.2,3.0,5.0,0.176056338028169,0,1,0,-10.5,45.5
00-0036165,Isaiah Hodgins,NYG,2022,12,31.0,3,4,0.7,DAL,1.0,41.0,2.0,2.0,0.014084507042253521,0,1,0,-10.5,45.5
00-0033871,Corey Davis,NYJ,2022,12,9.0,1,3,0.68,CHI,13.0,54.8,2.6,4.6,0.19491525423728814,0,0,0,8.5,36.5
00-0037740,Garrett Wilson,NYJ,2022,12,95.0,5,8,0.83,CHI,13.0,56.8,4.4,5.8,0.2457627118644068,0,0,0,8.5,36.5
00-0035676,A.J. Brown,PHI,2022,12,46.0,4,6,0.96,GB,17.0,69.8,4.2,7.0,0.28,0,0,-3,6.5,46.0
00-0036271,Quez Watkins,PHI,2022,12,35.0,3,5,0.83,GB,17.0,0.0,0.0,1.5,0.024,0,0,-3,6.5,46.0
00-0036912,DeVonta Smith,PHI,2022,12,50.0,4,9,0.93,GB,17.0,41.2,4.8,6.4,0.256,0,0,-3,6.5,46.0
00-0035216,Diontae Johnson,PIT,2022,12,49.0,5,8,0.96,IND,6.0,37.8,4.6,7.2,0.21052631578947367,0,1,0,-2.5,40.0
00-0037247,George Pickens,PIT,2022,12,57.0,3,6,0.78,IND,6.0,40.6,3.2,5.0,0.14619883040935672,0,1,0,-2.5,40.0
00-0032211,Tyler Lockett,SEA,2022,12,68.0,3,7,0.88,LV,23.0,46.8,4.4,6.2,0.2012987012987013,0,0,7,4.0,47.5
00-0035640,DK Metcalf,SEA,2022,12,90.0,11,15,0.91,LV,23.0,57.0,4.8,8.0,0.2597402597402597,0,0,7,4.0,47.5
00-0035719,Deebo Samuel,SF,2022,12,43.0,3,7,0.79,NO,3.0,56.0,4.4,7.8,0.24074074074074073,1,0,-1,9.5,44.0
00-0036261,Brandon Aiyuk,SF,2022,12,65.0,5,8,0.97,NO,3.0,70.0,5.8,7.8,0.24074074074074073,0,0,-1,9.5,44.0
00-0027944,Julio Jones,TB,2022,12,40.0,3,4,0.62,CLE,18.0,,,,,0,0,7,3.0,42.0
00-0031408,Mike Evans,TB,2022,12,31.0,2,9,0.9,CLE,18.0,71.0,5.8,9.4,0.22380952380952382,0,0,7,3.0,42.0
00-0033921,Chris Godwin,TB,2022,12,110.0,12,13,0.96,CLE,18.0,64.0,6.4,10.8,0.2571428571428571,0,0,7,3.0,42.0
00-0030431,Robert Woods,TEN,2022,12,16.0,2,6,0.81,CIN,8.0,26.2,2.6,4.4,0.21153846153846154,0,0,3,-1.0,43.0
00-0036182,Nick Westbrook-Ikhine,TEN,2022,12,58.0,4,6,0.75,CIN,8.0,43.8,1.8,3.2,0.15384615384615385,0,0,3,-1.0,43.0
00-0037742,Treylon Burks,TEN,2022,12,70.0,4,6,0.67,CIN,8.0,13.5,1.5,2.5,0.04807692307692308,0,0,3,-1.0,43.0
00-0035659,Terry McLaurin,WAS,2022,12,48.0,4,6,0.82,ATL,24.0,85.0,5.6,8.6,0.3161764705882353,0,0,0,3.5,40.5
00-0037741,Jahan Dotson,WAS,2022,12,0.0,0,1,0.61,ATL,24.0,30.5,2.5,5.0,0.14705882352941177,0,0,0,3.5,40.5
00-0035208,Olamide Zaccheaus,ATL,2022,13,13.0,2,5,0.87,PIT,24.0,32.6,2.2,3.4,0.13934426229508196,0,1,1,-1.0,43.0
00-0037238,Drake London,ATL,2022,13,95.0,6,12,0.87,PIT,24.0,24.6,3.0,5.0,0.20491803278688525,0,1,1,-1.0,43.0
00-0032775,Demarcus Robinson,BAL,2022,13,41.0,7,8,0.76,DEN,3.0,48.8,4.0,5.6,0.21875,0,0,0,9.5,40.5
00-0036331,Devin Duvernay,BAL,2022,13,34.0,6,6,0.94,DEN,3.0,20.8,2.2,2.8,0.109375,0,0,0,9.5,40.5
00-0031588,Stefon Diggs,BUF,2022,13,92.0,7,9,0.73,NE,7.0,90.8,7.0,10.8,0.3333333333333333,0,0,0,3.5,43.5
00-0034860,Dante Pettis,CHI,2022,13,14.0,1,2,0.65,GB,15.0,42.0,2.0,4.5,0.08181818181818182,0,0,0,-4.0,45.0
00-0036326,Chase Claypool,CHI,2022,13,28.0,5,6,0.63,GB,15.0,56.6,4.6,7.0,0.3181818181818182,0,0,0,-4.0,45.0
00-0033009,Tyler Boyd,CIN,2022,13,60.0,4,5,0.86,KC,12.0,59.0,4.0,6.2,0.17318435754189945,0,0,0,-2.5,53.0
00-0036410,Tee Higgins,CIN,2022,13,35.0,3,5,0.93,KC,12.0,92.8,6.2,8.6,0.24022346368715083,0,0,0,-2.5,53.0
00-0036900,Ja'Marr Chase,CIN,2022,13,97.0,7,8,0.82,KC,12.0,84.4,6.4,9.8,0.2737430167597765,1,0,0,-2.5,53.0
00-0031544,Amari Cooper,CLE,2022,13,40.0,4,9,0.81,HOU,5.0,88.8,5.2,7.6,0.24675324675324675,0,1,0,7.5,47.0
00-0036233,Donovan Peoples-Jones,CLE,2022,13,44.0,3,3,0.95,HOU,5.0,65.6,4.4,5.8,0.18831168831168832,0,1,0,7.5,47.0
00-0033591,Noah Brown,DAL,2022,13,15.0,2,2,0.79,IND,9.0,22.0,2.0,3.6,0.11688311688311688,0,1,4,11.0,44.5
00-0034764,Michael Gallup,DAL,2022,13,23.0,4,7,0.66,IND,9.0,37.6,3.2,5.4,0.17532467532467533,1,1,4,11.0,44.5
00-0036358,CeeDee Lamb,DAL,2022,13,71.0,5,7,0.72,IND,9.0,89.6,6.2,8.8,0.2857142857142857,0,1,4,11.0,44.5
00-0035864,Kendall Hinton,DEN,2022,13,11.0,1,1,0.77,BAL,26.0,43.5,3.25,4.5,0.10650887573964497,0,0,0,-9.5,40.5
00-0033943,Josh Reynolds,DET,2022,13,19.0,3,4,0.79,JAX,25.0,58.2,4.4,7.2,0.2517482517482518,0,1,3,1.0,51.5
00-0034777,D.J. Chark,DET,2022,13,98.0,5,6,0.84,JAX,25.0,28.5,2.25,5.75,0.16083916083916083,0,1,3,1.0,51.5
00-0036963,Amon-Ra St. Brown,DET,2022,13,114.0,11,12,0.87,JAX,25.0,88.2,7.4,9.6,0.3356643356643357,0,1,3,1.0,51.5
00-0034521,Allen Lazard,GB,2022,13,67.0,5,6,0.94,CHI,19.0,57.8,3.6,7.4,0.2483221476510067,0,0,0,4.0,45.0
00-0038124,Christian Watson,GB,2022,13,48.0,3,7,0.92,CHI,19.0,74.75,3.5,6.0,0.1610738255033557,0,0,0,4.0,45.0
00-0032208,Phillip Dorsett,HOU,2022,13,18.0,2,3,0.71,CLE,13.0,37.5,2.0,5.0,0.06451612903225806,0,1,0,-7.5,47.0
00-0036554,Nico Collins,HOU,2022,13,35.0,3,10,0.72,CLE,13.0,57.6,4.6,7.4,0.23870967741935484,0,1,0,-7.5,47.0
00-0035639,Parris Campbell,IND,2022,13,43.0,4,5,0.78,DAL,6.0,43.0,3.6,5.0,0.1773049645390071,0,1,-4,-11.0,44.5
00-0036252,Michael Pittman,IND,2022,13,16.0,2,4,0.93,DAL,6.0,52.8,6.0,8.4,0.2978723404255319,0,1,-4,-11.0,44.5
00-0037664,Alec Pierce,IND,2022,13,86.0,4,8,0.71,DAL,6.0,17.6,1.4,3.6,0.1276595744680851,0,1,-4,-11.0,44.5
00-0029293,Marvin Jones,JAX,2022,13,17.0,1,4,0.68,DET,29.0,38.4,3.0,5.0,0.14204545454545456,0,1,-3,-1.0,51.5
00-0033891,Zay Jones,JAX,2022,13,16.0,2,7,0.82,DET,29.0,67.0,6.2,8.4,0.23863636363636365,1,1,-3,-1.0,51.5
00-0034775,Christian Kirk,JAX,2022,13,104.0,6,8,0.86,DET,29.0,72.6,6.2,9.4,0.26704545454545453,0,1,-3,-1.0,51.5
00-0033857,JuJu Smith-Schuster,KC,2022,13,35.0,3,4,0.76,CIN,16.0,73.8,5.6,8.2,0.20707070707070707,0,0,0,2.5,53.0
00-0034386,Justin Watson,KC,2022,13,15.0,1,1,0.62,CIN,16.0,35.0,2.0,2.3333333333333335,0.03535353535353535,0,0,0,2.5,53.0
00-0036415,Van Jefferson,LA,2022,13,39.0,2,4,1.0,SEA,18.0,35.0,3.0,5.5,0.07534246575342465,0,1,0,-7.0,41.0
00-0036862,Ben Skowronek,LA,2022,13,30.0,2,3,0.97,SEA,18.0,6.6,1.2,3.6,0.1232876712328767,0,1,0,-7.0,41.0
00-0030279,Keenan Allen,LAC,2022,13,88.0,6,14,0.96,LV,20.0,71.5,5.0,7.5,0.07389162561576355,0,1,0,-2.5,49.0
00-0031763,DeAndre Carter,LAC,2022,13,14.0,1,2,0.6,LV,20.0,52.0,4.4,6.0,0.1477832512315271,0,1,0,-2.5,49.0
00-0036988,Josh Palmer,LAC,2022,13,60.0,7,11,0.93,LV,20.0,73.8,6.6,9.4,0.2315270935960591,0,1,0,-2.5,49.0
00-0031381,Davante Adams,LV,2022,13,177.0,8,12,0.97,LAC,14.0,98.0,6.8,12.0,0.32608695652173914,0,1,0,2.5,49.0
00-0033555,Mack Hollins,LV,2022,13,35.0,5,9,0.98,LAC,14.0,42.8,4.2,6.4,0.17391304347826086,0,1,0,2.5,49.0
00-0033040,Tyreek Hill,MIA,2022,13,146.0,9,14,0.85,SF,23.0,124.8,8.6,11.2,0.34355828220858897,0,0,0,-4.5,46.0
00-0034487,Trent Sherfield,MIA,2022,13,75.0,1,3,0.65,SF,23.0,26.8,2.2,3.8,0.1165644171779141,0,0,0,-4.5,46.0
00-0030035,Adam Thielen,MIN,2022,13,27.0,2,6,0.87,NYJ,10.0,53.8,5.0,6.8,0.1837837837837838,0,1,3,3.0,44.0
00-0036322,Justin Jefferson,MIN,2022,13,45.0,7,11,0.96,NYJ,10.0,115.6,7.0,10.6,0.2864864864864865,0,1,3,3.0,44.0
00-0036345,K.J. Osborn,MIN,2022,13,17.0,2,3,0.66,NYJ,10.0,15.6,2.2,5.2,0.14054054054054055,0,1,3,3.0,44.0
00-0031547,DeVante Parker,NE,2022,13,16.0,2,4,0.87,BUF,22.0,78.4,3.6,5.4,0.17880794701986755,0,0,0,-3.5,43.5
00-0037239,Chris Olave,NO,2022,13,65.0,4,6,0.69,TB,11.0,69.2,5.0,8.8,0.32116788321167883,0,0,0,-3.5,41.0
00-0037545,Rashid Shaheed,NO,2022,13,75.0,4,4,0.61,TB,11.0,,,,,0,0,0,-3.5,41.0
00-0035535,Darius Slayton,NYG,2022,13,90.0,6,8,0.92,WAS,4.0,65.6,3.4,5.8,0.19863013698630136,1,0,3,-2.5,40.0
00-0036165,Isaiah Hodgins,NYG,2022,13,44.0,5,6,0.8,WAS,4.0,36.0,2.5,3.0,0.0410958904109589,0,0,3,-2.5,40.0
00-0033871,Corey Davis,NYJ,2022,13,85.0,5,10,0.81,MIN,30.0,40.0,2.4,4.4,0.17054263565891473,0,1,-3,-3.0,44.0
00-0036980,Elijah Moore,NYJ,2022,13,7.0,2,6,0.68,MIN,30.0,40.6,3.2,5.8,0.2248062015503876,0,1,-3,-3.0,44.0
00-0037740,Garrett Wilson,NYJ,2022,13,162.0,8,15,0.92,MIN,30.0,67.6,5.0,6.2,0.24031007751937986,0,1,-3,-3.0,44.0
00-0035676,A.J. Brown,PHI,2022,13,119.0,8,10,0.82,TEN,28.0,65.6,4.0,6.6,0.2578125,0,0,0,5.0,44.5
00-0036912,DeVonta Smith,PHI,2022,13,102.0,5,8,0.86,TEN,28.0,42.4,4.6,7.2,0.28125,0,0,0,5.0,44.5
00-0035216,Diontae Johnson,PIT,2022,13,60.0,5,11,0.82,ATL,2.0,42.0,4.6,7.4,0.21637426900584794,0,1,-1,1.0,43.0
00-0037247,George Pickens,PIT,2022,13,2.0,1,2,0.68,ATL,2.0,46.6,3.2,5.0,0.14619883040935672,0,1,-1,1.0,43.0
00-0032211,Tyler Lockett,SEA,2022,13,128.0,9,12,0.88,LA,27.0,57.0,4.6,6.6,0.20496894409937888,0,1,0,7.0,41.0
00-0035640,DK Metcalf,SEA,2022,13,127.0,8,8,0.87,LA,27.0,57.4,6.0,9.4,0.2919254658385093,0,1,0,7.0,41.0
00-0035719,Deebo Samuel,SF,2022,13,58.0,6,10,0.82,MIA,17.0,41.6,3.8,7.8,0.24375,1,0,0,4.5,46.0
00-0036261,Brandon Aiyuk,SF,2022,13,46.0,5,9,0.95,MIA,17.0,66.4,5.2,7.2,0.225,0,0,0,4.5,46.0
00-0027944,Julio Jones,TB,2022,13,28.0,3,6,0.65,NO,1.0,40.0,3.0,4.0,0.018604651162790697,0,0,0,3.5,41.0
00-0031408,Mike Evans,TB,2022,13,59.0,4,4,0.84,NO,1.0,68.8,5.4,10.4,0.24186046511627907,0,0,0,3.5,41.0
00-0033921,Chris Godwin,TB,2022,13,63.0,8,13,0.86,NO,1.0,67.0,7.6,11.0,0.2558139534883721,0,0,0,3.5,41.0
00-0030431,Robert Woods,TEN,2022,13,6.0,1,5,0.93,PHI,8.0,24.2,2.4,4.8,0.2033898305084746,0,0,0,-5.0,44.5
00-0036182,Nick Westbrook-Ikhine,TEN,2022,13,4.0,1,2,0.95,PHI,8.0,41.0,2.2,3.8,0.16101694915254236,0,0,0,-5.0,44.5
00-0033282,Curtis Samuel,WAS,2022,13,63.0,6,7,0.66,NYG,21.0,41.2,2.8,4.4,0.1746031746031746,0,0,-3,2.5,40.0
00-0035659,Terry McLaurin,WAS,2022,13,105.0,8,12,0.91,NYG,21.0,80.0,5.4,8.2,0.3253968253968254,0,0,-3,2.5,40.0
00-0037741,Jahan Dotson,WAS,2022,13,54.0,5,9,0.79,NYG,21.0,24.4,2.0,4.2,0.16666666666666666,0,0,-3,2.5,40.0
00-0027942,A.J. Green,ARI,2022,14,7.0,1,2,0.6,NE,6.0,21.2,3.0,5.8,0.16111111111111112,0,1,4,-2.0,44.0
00-0030564,DeAndre Hopkins,ARI,2022,14,79.0,7,11,0.85,NE,6.0,94.2,7.8,10.0,0.2777777777777778,0,1,4,-2.0,44.0
00-0035662,Marquise Brown,ARI,2022,14,34.0,4,8,0.96,NE,6.0,84.0,7.8,11.0,0.3055555555555556,0,1,4,-2.0,44.0
00-0032775,Demarcus Robinson,BAL,2022,14,52.0,5,6,0.61,PIT,15.0,55.4,5.2,6.8,0.22818791946308725,0,0,0,-1.5,37.0
00-0031588,Stefon Diggs,BUF,2022,14,37.0,3,5,0.78,NYJ,2.0,87.6,7.2,11.0,0.3235294117647059,0,0,3,10.0,43.5
00-0033466,Isaiah McKenzie,BUF,2022,14,21.0,3,5,0.64,NYJ,2.0,48.333333333333336,4.0,5.666666666666667,0.1,0,0,3,10.0,43.5
00-0034827,D.J. Moore,CAR,2022,14,0.0,0,3,0.96,SEA,9.0,66.4,3.8,6.8,0.26153846153846155,0,0,7,-3.5,44.5
00-0036955,Terrace Marshall,CAR,2022,14,18.0,1,1,0.85,SEA,9.0,53.4,2.4,5.2,0.2,0,0,7,-3.5,44.5
00-0033292,Trent Taylor,CIN,2022,14,34.0,1,4,0.78,CLE,14.0,,,,,0,0,0,4.5,47.0
00-0035341,Trenton Irwin,CIN,2022,14,58.0,2,2,0.84,CLE,14.0,29.0,2.0,4.0,0.047619047619047616,0,0,0,4.5,47.0
00-0036900,Ja'Marr Chase,CIN,2022,14,119.0,10,15,0.94,CLE,14.0,98.0,6.6,9.4,0.27976190476190477,0,0,0,4.5,47.0
00-0031544,Amari Cooper,CLE,2022,14,42.0,2,7,0.86,CIN,17.0,82.0,5.4,8.6,0.2866666666666667,1,0,0,-4.5,47.0
00-0036233,Donovan Peoples-Jones,CLE,2022,14,114.0,8,12,1.0,CIN,17.0,60.2,3.8,5.2,0.17333333333333334,0,0,0,-4.5,47.0
00-0037257,David Bell,CLE,2022,14,27.0,3,3,0.68,CIN,17.0,19.333333333333332,3.0,4.333333333333333,0.08666666666666667,0,0,0,-4.5,47.0
00-0033591,Noah Brown,DAL,2022,14,85.0,4,6,0.7,HOU,8.0,24.0,2.2,3.6,0.11320754716981132,0,1,0,17.0,44.5
00-0034764,Michael Gallup,DAL,2022,14,40.0,2,6,0.76,HOU,8.0,42.2,4.0,6.4,0.20125786163522014,0,1,0,17.0,44.5
00-0036358,CeeDee Lamb,DAL,2022,14,33.0,5,6,0.96,HOU,8.0,89.8,6.4,9.0,0.2830188679245283,0,1,0,17.0,44.5
00-0035864,Kendall Hinton,DEN,2022,14,38.0,5,6,0.86,KC,4.0,37.0,2.8,3.8,0.13013698630136986,0,0,0,-8.5,44.5
00-0036407,Jerry Jeudy,DEN,2022,14,73.0,8,9,0.83,KC,4.0,63.8,4.6,7.6,0.2602739726027397,0,0,0,-8.5,44.5
00-0037382,Brandon Johnson,DEN,2022,14,0.0,0,4,0.74,KC,4.0,10.0,2.0,4.0,0.0273972602739726,0,0,0,-8.5,44.5
00-0033943,Josh Reynolds,DET,2022,14,51.0,5,6,0.61,MIN,25.0,42.8,3.8,6.0,0.2054794520547945,0,1,0,2.5,51.5
00-0034777,D.J. Chark,DET,2022,14,94.0,6,7,0.86,MIN,25.0,42.4,2.8,5.8,0.19863013698630136,0,1,0,2.5,51.5
00-0036963,Amon-Ra St. Brown,DET,2022,14,68.0,6,9,0.87,MIN,25.0,97.2,8.2,10.0,0.3424657534246575,0,1,0,2.5,51.5
00-0032208,Phillip Dorsett,HOU,2022,14,18.0,2,3,0.82,DAL,3.0,31.0,2.0,4.333333333333333,0.07975460122699386,0,1,0,-17.0,44.5
00-0032398,Chris Moore,HOU,2022,14,124.0,10,11,0.8,DAL,3.0,28.5,3.0,4.5,0.05521472392638037,0,1,0,-17.0,44.5
00-0033891,Zay Jones,JAX,2022,14,77.0,8,12,0.78,TEN,26.0,59.4,5.8,7.8,0.23493975903614459,1,0,0,-3.0,42.0
00-0034775,Christian Kirk,JAX,2022,14,45.0,5,7,0.85,TEN,26.0,74.2,6.0,9.0,0.2710843373493976,0,0,0,-3.0,42.0
00-0033857,JuJu Smith-Schuster,KC,2022,14,74.0,9,11,0.81,DEN,6.0,63.0,5.2,7.4,0.19786096256684493,0,0,0,8.5,44.5
00-0034386,Justin Watson,KC,2022,14,0.0,0,2,0.65,DEN,6.0,30.0,1.75,2.0,0.0427807486631016,0,0,0,8.5,44.5
00-0036415,Van Jefferson,LA,2022,14,44.0,2,4,0.97,LV,22.0,36.333333333333336,2.6666666666666665,5.0,0.1079136690647482,0,1,0,-6.5,42.5
00-0036849,Tutu Atwell,LA,2022,14,50.0,5,9,0.61,LV,22.0,,,,,0,1,0,-6.5,42.5
00-0036862,Ben Skowronek,LA,2022,14,89.0,7,8,1.0,LV,22.0,10.6,1.4,4.0,0.14388489208633093,0,1,0,-6.5,42.5
00-0030279,Keenan Allen,LAC,2022,14,92.0,12,14,0.86,MIA,10.0,77.0,5.333333333333333,9.666666666666666,0.14646464646464646,0,1,0,-3.0,54.5
00-0033536,Mike Williams,LAC,2022,14,116.0,6,6,0.65,MIA,10.0,74.4,5.4,9.0,0.22727272727272727,0,1,0,-3.0,54.5
00-0036988,Josh Palmer,LAC,2022,14,53.0,4,6,0.79,MIA,10.0,74.4,6.2,9.2,0.23232323232323232,0,1,0,-3.0,54.5
00-0031381,Davante Adams,LV,2022,14,71.0,3,7,0.97,LA,24.0,132.8,8.2,13.4,0.38953488372093026,0,1,0,6.5,42.5
00-0033555,Mack Hollins,LV,2022,14,22.0,2,4,0.97,LA,24.0,37.0,3.8,6.6,0.19186046511627908,0,1,0,6.5,42.5
00-0033040,Tyreek Hill,MIA,2022,14,81.0,4,10,0.67,LAC,12.0,118.6,8.0,11.0,0.34810126582278483,0,1,0,3.0,54.5
00-0034487,Trent Sherfield,MIA,2022,14,7.0,1,4,0.61,LAC,12.0,40.8,2.2,4.0,0.12658227848101267,0,1,0,3.0,54.5
00-0036613,Jaylen Waddle,MIA,2022,14,31.0,2,4,0.84,LAC,12.0,86.0,5.2,7.2,0.22784810126582278,0,1,0,3.0,54.5
00-0030035,Adam Thielen,MIN,2022,14,65.0,7,8,0.94,DET,19.0,45.8,4.2,6.6,0.17647058823529413,0,1,0,-2.5,51.5
00-0036322,Justin Jefferson,MIN,2022,14,223.0,11,15,0.94,DET,19.0,105.0,7.2,11.2,0.2994652406417112,0,1,0,-2.5,51.5
00-0036345,K.J. Osborn,MIN,2022,14,38.0,5,5,0.74,DET,19.0,15.4,2.0,4.8,0.12834224598930483,0,1,0,-2.5,51.5
00-0031549,Nelson Agholor,NE,2022,14,32.0,5,10,0.97,ARI,16.0,50.666666666666664,3.6666666666666665,5.0,0.0967741935483871,0,1,-4,2.0,44.0
00-0033307,Kendrick Bourne,NE,2022,14,47.0,5,5,0.71,ARI,16.0,15.666666666666666,2.0,3.0,0.05806451612903226,0,1,-4,2.0,44.0
00-0038104,Tyquan Thornton,NE,2022,14,28.0,4,5,0.88,ARI,16.0,12.333333333333334,1.0,3.6666666666666665,0.07096774193548387,0,1,-4,2.0,44.0
00-0034286,Richie James,NYG,2022,14,61.0,7,9,0.91,PHI,1.0,45.333333333333336,4.666666666666667,5.666666666666667,0.11724137931034483,0,0,0,-7.5,44.5
00-0035535,Darius Slayton,NYG,2022,14,42.0,2,3,0.83,PHI,1.0,80.0,4.4,6.8,0.23448275862068965,0,0,0,-7.5,44.5
00-0036165,Isaiah Hodgins,NYG,2022,14,38.0,4,6,0.89,PHI,1.0,38.666666666666664,3.3333333333333335,4.0,0.08275862068965517,0,0,0,-7.5,44.5
00-0036255,Denzel Mims,NYJ,2022,14,35.0,3,5,0.69,BUF,21.0,41.0,1.6666666666666667,4.333333333333333,0.08074534161490683,0,0,-3,-10.0,43.5
00-0036980,Elijah Moore,NYJ,2022,14,60.0,6,10,0.83,BUF,21.0,32.2,2.6,5.6,0.17391304347826086,0,0,-3,-10.0,43.5
00-0037740,Garrett Wilson,NYJ,2022,14,78.0,6,7,0.97,BUF,21.0,95.2,5.8,8.4,0.2608695652173913,0,0,-3,-10.0,43.5
00-0035676,A.J. Brown,PHI,2022,14,70.0,4,6,0.85,NYG,18.0,58.2,4.4,6.6,0.2426470588235294,0,0,0,7.5,44.5
00-0036912,DeVonta Smith,PHI,2022,14,64.0,5,8,0.91,NYG,18.0,58.2,4.6,7.2,0.2647058823529412,0,0,0,7.5,44.5
00-0035216,Diontae Johnson,PIT,2022,14,82.0,6,8,0.95,BAL,20.0,45.6,4.6,7.6,0.24516129032258063,1,0,0,1.5,37.0
00-0037247,George Pickens,PIT,2022,14,78.0,3,3,0.76,BAL,20.0,34.8,2.2,4.2,0.13548387096774195,0,0,0,1.5,37.0
00-0030068,Marquise Goodwin,SEA,2022,14,95.0,5,6,0.76,CAR,5.0,38.0,2.0,2.0,0.011627906976744186,0,0,-7,3.5,44.5
00-0032211,Tyler Lockett,SEA,2022,14,60.0,5,9,0.93,CAR,5.0,73.6,5.0,7.4,0.21511627906976744,0,0,-7,3.5,44.5
00-0035640,DK Metcalf,SEA,2022,14,71.0,5,10,0.91,CAR,5.0,76.0,7.2,9.6,0.27906976744186046,1,0,-7,3.5,44.5
00-0036261,Brandon Aiyuk,SF,2022,14,57.0,2,3,0.78,TB,11.0,59.2,4.8,6.8,0.21935483870967742,0,0,1,3.5,38.0
00-0027944,Julio Jones,TB,2022,14,38.0,5,8,0.72,SF,13.0,34.0,3.0,5.0,0.045454545454545456,0,0,-1,-3.5,38.0
00-0031408,Mike Evans,TB,2022,14,44.0,4,9,0.87,SF,13.0,61.4,4.4,8.2,0.18636363636363637,0,0,-1,-3.5,38.0
00-0033921,Chris Godwin,TB,2022,14,54.0,5,9,0.91,SF,13.0,71.0,7.8,11.0,0.25,0,0,-1,-3.5,38.0
00-0030431,Robert Woods,TEN,2022,14,49.0,5,7,0.87,JAX,23.0,20.2,2.2,5.4,0.2,0,0,0,3.0,42.0
00-0036182,Nick Westbrook-Ikhine,TEN,2022,14,23.0,3,8,0.96,JAX,23.0,41.8,2.4,3.8,0.14074074074074075,0,0,0,3.0,42.0
00-0030564,DeAndre Hopkins,ARI,2022,15,60.0,7,11,0.92,DEN,25.0,78.2,6.8,9.6,0.2696629213483146,0,0,-1,-1.5,37.5
00-0035662,Marquise Brown,ARI,2022,15,19.0,4,8,0.89,DEN,25.0,62.8,5.8,9.2,0.25842696629213485,1,0,-1,-1.5,37.5
00-0035208,Olamide Zaccheaus,ATL,2022,15,0.0,0,3,0.81,NO,11.0,33.2,2.4,4.2,0.17796610169491525,0,1,1,-5.0,43.5
00-0037238,Drake London,ATL,2022,15,70.0,7,11,0.81,NO,11.0,37.4,3.4,6.4,0.2711864406779661,0,1,1,-5.0,43.5
00-0032775,Demarcus Robinson,BAL,2022,15,29.0,6,6,0.63,CLE,18.0,60.4,5.6,7.0,0.26515151515151514,0,0,0,-2.5,39.5
00-0036331,Devin Duvernay,BAL,2022,15,29.0,2,3,0.71,CLE,18.0,19.2,3.0,3.4,0.12878787878787878,0,0,0,-2.5,39.5
00-0031588,Stefon Diggs,BUF,2022,15,60.0,5,9,0.86,MIA,17.0,76.4,6.8,10.0,0.3048780487804878,0,0,0,7.0,44.0
00-0034827,D.J. Moore,CAR,2022,15,73.0,5,6,0.96,PIT,6.0,36.0,2.6,5.2,0.22807017543859648,1,0,0,2.5,36.5
00-0036955,Terrace Marshall,CAR,2022,15,51.0,3,3,0.89,PIT,6.0,39.6,1.8,3.6,0.15789473684210525,0,0,0,2.5,36.5
00-0034297,Byron Pringle,CHI,2022,15,39.0,2,2,0.9,PHI,9.0,,,,,0,0,7,-8.5,48.0
00-0034860,Dante Pettis,CHI,2022,15,13.0,1,4,0.8,PHI,9.0,32.666666666666664,1.6666666666666667,3.6666666666666665,0.09821428571428571,0,0,7,-8.5,48.0
00-0037745,Velus Jones,CHI,2022,15,3.0,1,2,0.68,PHI,9.0,,,,,0,0,7,-8.5,48.0
00-0033009,Tyler Boyd,CIN,2022,15,35.0,5,5,0.61,TB,12.0,40.0,3.2,5.4,0.16265060240963855,1,0,0,3.5,47.0
00-0036410,Tee Higgins,CIN,2022,15,33.0,5,8,0.8,TB,12.0,81.2,5.8,8.2,0.2469879518072289,1,0,0,3.5,47.0
00-0036900,Ja'Marr Chase,CIN,2022,15,60.0,7,13,0.91,TB,12.0,105.6,7.8,11.2,0.3373493975903614,0,0,0,3.5,47.0
00-0031544,Amari Cooper,CLE,2022,15,58.0,4,6,0.73,BAL,20.0,64.2,4.8,8.6,0.25443786982248523,0,0,0,2.5,39.5
00-0036233,Donovan Peoples-Jones,CLE,2022,15,31.0,4,4,0.77,BAL,20.0,66.8,4.6,6.8,0.20118343195266272,0,0,0,2.5,39.5
00-0033591,Noah Brown,DAL,2022,15,49.0,6,9,0.75,JAX,30.0,39.0,2.8,4.2,0.12209302325581395,0,0,0,4.0,48.5
00-0034764,Michael Gallup,DAL,2022,15,2.0,1,2,0.91,JAX,30.0,40.4,3.6,6.4,0.18604651162790697,0,0,0,4.0,48.5
00-0036358,CeeDee Lamb,DAL,2022,15,126.0,7,7,0.93,JAX,30.0,81.0,6.4,8.8,0.2558139534883721,0,0,0,4.0,48.5
00-0036407,Jerry Jeudy,DEN,2022,15,76.0,7,8,0.74,ARI,22.0,67.8,5.4,8.4,0.25766871165644173,0,0,1,1.5,37.5
00-0034777,D.J. Chark,DET,2022,15,18.0,1,2,0.76,NYJ,3.0,50.8,3.2,5.6,0.17834394904458598,0,0,0,-2.0,44.0
00-0036963,Amon-Ra St. Brown,DET,2022,15,76.0,7,10,0.84,NYJ,3.0,99.8,8.6,10.0,0.3184713375796178,0,0,0,-2.0,44.0
00-0034521,Allen Lazard,GB,2022,15,7.0,1,2,0.94,LA,26.0,56.0,3.8,6.8,0.22666666666666666,0,0,4,8.0,39.5
00-0038124,Christian Watson,GB,2022,15,46.0,4,6,0.87,LA,26.0,69.4,3.4,6.2,0.20666666666666667,0,0,4,8.0,39.5
00-0032208,Phillip Dorsett,HOU,2022,15,0.0,0,1,0.86,KC,19.0,27.75,2.0,4.0,0.09580838323353294,0,1,0,-14.5,48.5
00-0032398,Chris Moore,HOU,2022,15,42.0,4,8,0.87,KC,19.0,60.333333333333336,5.333333333333333,6.666666666666667,0.11976047904191617,0,1,0,-14.5,48.5
00-0035639,Parris Campbell,IND,2022,15,13.0,2,3,0.82,MIN,32.0,43.0,4.0,5.6,0.1830065359477124,0,1,7,-3.5,46.5
00-0036252,Michael Pittman,IND,2022,15,60.0,10,14,0.97,MIN,32.0,45.4,5.0,7.4,0.24183006535947713,0,1,7,-3.5,46.5
00-0037664,Alec Pierce,IND,2022,15,0.0,0,5,0.77,MIN,32.0,27.4,1.6,4.4,0.1437908496732026,0,1,7,-3.5,46.5
00-0029293,Marvin Jones,JAX,2022,15,17.0,2,6,0.66,DAL,10.0,35.2,2.4,4.4,0.12222222222222222,0,0,0,-4.0,48.5
00-0033891,Zay Jones,JAX,2022,15,109.0,6,8,0.96,DAL,10.0,69.2,6.8,9.6,0.26666666666666666,0,0,0,-4.0,48.5
00-0034775,Christian Kirk,JAX,2022,15,92.0,6,10,0.89,DAL,10.0,75.2,6.4,9.0,0.25,0,0,0,-4.0,48.5
00-0033857,JuJu Smith-Schuster,KC,2022,15,88.0,10,10,0.88,HOU,13.0,68.6,6.0,8.0,0.23809523809523808,0,1,0,14.5,48.5
00-0034386,Justin Watson,KC,2022,15,0.0,0,2,0.65,HOU,13.0,24.0,1.4,2.0,0.05952380952380952,0,1,0,14.5,48.5
00-0036415,Van Jefferson,LA,2022,15,32.0,2,2,0.98,GB,14.0,38.25,2.5,4.75,0.1292517006802721,0,0,-4,-8.0,39.5
00-0036849,Tutu Atwell,LA,2022,15,10.0,1,4,0.84,GB,14.0,50.0,5.0,9.0,0.061224489795918366,0,0,-4,-8.0,39.5
00-0036862,Ben Skowronek,LA,2022,15,3.0,1,3,0.67,GB,14.0,28.4,2.8,5.2,0.17687074829931973,0,0,-4,-8.0,39.5
00-0030279,Keenan Allen,LAC,2022,15,86.0,8,9,0.89,TEN,31.0,80.75,7.0,10.75,0.21182266009852216,0,1,0,3.0,46.5
00-0033536,Mike Williams,LAC,2022,15,67.0,4,8,0.89,TEN,31.0,94.6,6.4,9.0,0.22167487684729065,0,1,0,3.0,46.5
00-0036988,Josh Palmer,LAC,2022,15,49.0,5,5,0.65,TEN,31.0,63.8,5.4,8.4,0.20689655172413793,0,1,0,3.0,46.5
00-0031381,Davante Adams,LV,2022,15,28.0,4,9,0.99,NE,4.0,117.8,6.8,11.4,0.37012987012987014,0,1,4,1.0,45.0
00-0033555,Mack Hollins,LV,2022,15,40.0,4,8,0.88,NE,4.0,38.0,3.8,6.6,0.21428571428571427,0,1,4,1.0,45.0
00-0033040,Tyreek Hill,MIA,2022,15,69.0,9,13,0.83,BUF,29.0,120.4,7.4,10.4,0.35135135135135137,0,0,0,-7.0,44.0
00-0036613,Jaylen Waddle,MIA,2022,15,114.0,3,7,0.69,BUF,29.0,74.6,4.8,7.0,0.23648648648648649,0,0,0,-7.0,44.0
00-0030035,Adam Thielen,MIN,2022,15,41.0,3,4,0.9,IND,2.0,45.4,5.0,6.8,0.18181818181818182,0,1,-7,3.5,46.5
00-0036322,Justin Jefferson,MIN,2022,15,123.0,12,16,0.92,IND,2.0,126.6,8.0,11.6,0.31016042780748665,0,1,-7,3.5,46.5
00-0036345,K.J. Osborn,MIN,2022,15,157.0,10,16,0.81,IND,2.0,21.4,2.6,4.8,0.12834224598930483,0,1,-7,3.5,46.5
00-0031549,Nelson Agholor,NE,2022,15,3.0,1,6,0.83,LV,27.0,46.0,4.0,6.25,0.16129032258064516,0,1,-4,-1.0,45.0
00-0034960,Jakobi Meyers,NE,2022,15,47.0,2,6,0.62,LV,27.0,49.6,4.8,6.2,0.2,1,1,-4,-1.0,45.0
00-0038104,Tyquan Thornton,NE,2022,15,21.0,1,4,0.92,LV,27.0,16.25,1.75,4.0,0.1032258064516129,0,1,-4,-1.0,45.0
00-0037545,Rashid Shaheed,NO,2022,15,95.0,3,4,0.71,ATL,1.0,75.0,4.0,4.0,0.029850746268656716,0,1,-1,5.0,43.5
00-0034286,Richie James,NYG,2022,15,42.0,4,5,0.79,WAS,5.0,49.25,5.25,6.5,0.1780821917808219,1,0,-7,-4.5,40.5
00-0035535,Darius Slayton,NYG,2022,15,23.0,5,7,0.94,WAS,5.0,75.2,3.8,6.2,0.21232876712328766,0,0,-7,-4.5,40.5
00-0036165,Isaiah Hodgins,NYG,2022,15,37.0,4,4,0.89,WAS,5.0,38.5,3.5,4.5,0.1232876712328767,0,0,-7,-4.5,40.5
00-0036980,Elijah Moore,NYJ,2022,15,51.0,4,7,0.75,DET,28.0,36.0,3.2,6.6,0.19298245614035087,0,0,0,2.0,44.0
00-0037740,Garrett Wilson,NYJ,2022,15,98.0,4,9,0.98,DET,28.0,87.8,5.8,8.4,0.24561403508771928,0,0,0,2.0,44.0
00-0035676,A.J. Brown,PHI,2022,15,181.0,9,16,0.89,CHI,16.0,60.4,4.4,6.6,0.2323943661971831,0,0,-7,8.5,48.0
00-0036271,Quez Watkins,PHI,2022,15,6.0,4,6,0.66,CHI,16.0,11.666666666666666,1.0,2.6666666666666665,0.056338028169014086,0,0,-7,8.5,48.0
00-0036912,DeVonta Smith,PHI,2022,15,126.0,5,8,0.96,CHI,16.0,66.6,5.2,8.4,0.29577464788732394,0,0,-7,8.5,48.0
00-0035216,Diontae Johnson,PIT,2022,15,98.0,10,10,0.74,CAR,8.0,55.0,4.8,7.4,0.25,0,0,0,-2.5,36.5
00-0037247,George Pickens,PIT,2022,15,53.0,2,5,0.66,CAR,8.0,50.4,2.8,4.2,0.14189189189189189,0,0,0,-2.5,36.5
00-0032211,Tyler Lockett,SEA,2022,15,68.0,7,9,0.89,SF,23.0,73.0,5.0,7.6,0.21714285714285714,0,0,0,-3.0,43.0
00-0035640,DK Metcalf,SEA,2022,15,55.0,7,9,0.95,SF,23.0,79.2,7.0,9.6,0.2742857142857143,0,0,0,-3.0,43.0
00-0036259,Jauan Jennings,SF,2022,15,31.0,3,5,0.84,SEA,7.0,62.0,4.0,6.0,0.040268456375838924,0,0,0,3.0,43.0
00-0036261,Brandon Aiyuk,SF,2022,15,19.0,2,4,0.97,SEA,7.0,54.4,4.0,6.2,0.2080536912751678,0,0,0,3.0,43.0
00-0031408,Mike Evans,TB,2022,15,83.0,5,9,0.81,CIN,21.0,45.6,4.0,7.8,0.1703056768558952,0,0,0,-3.5,47.0
00-0033921,Chris Godwin,TB,2022,15,83.0,8,8,0.89,CIN,21.0,66.8,7.6,10.6,0.2314410480349345,0,0,0,-3.5,47.0
00-0034411,Russell Gage,TB,2022,15,59.0,8,12,0.62,CIN,21.0,38.0,4.4,6.4,0.13973799126637554,0,0,0,-3.5,47.0
00-0030431,Robert Woods,TEN,2022,15,12.0,2,4,0.81,LAC,15.0,30.0,3.2,6.4,0.2,0,1,0,-3.0,46.5
00-0036182,Nick Westbrook-Ikhine,TEN,2022,15,0.0,0,2,0.82,LAC,15.0,46.4,3.0,5.2,0.1625,0,1,0,-3.0,46.5
00-0035659,Terry McLaurin,WAS,2022,15,70.0,6,6,0.92,NYG,24.0,78.4,5.8,9.0,0.33088235294117646,0,0,7,4.5,40.5
00-0037741,Jahan Dotson,WAS,2022,15,105.0,4,6,0.79,NYG,24.0,27.2,2.4,5.0,0.18382352941176472,0,0,7,4.5,40.5
00-0030564,DeAndre Hopkins,ARI,2022,16,4.0,1,10,0.93,TB,14.0,83.0,7.4,10.8,0.3,0,0,0,-7.5,41.5
00-0035500,Greg Dortch,ARI,2022,16,98.0,10,11,0.76,TB,14.0,75.25,7.25,8.25,0.18333333333333332,0,0,0,-7.5,41.5
00-0035662,Marquise Brown,ARI,2022,16,57.0,3,6,0.66,TB,14.0,49.0,5.4,8.6,0.2388888888888889,1,0,0,-7.5,41.5
00-0035208,Olamide Zaccheaus,ATL,2022,16,18.0,4,7,0.92,BAL,15.0,29.4,2.0,4.4,0.18181818181818182,0,0,-1,-6.5,35.0
00-0037238,Drake London,ATL,2022,16,96.0,7,9,0.77,BAL,15.0,46.8,4.2,7.2,0.2975206611570248,0,0,-1,-6.5,35.0
00-0031588,Stefon Diggs,BUF,2022,16,26.0,2,2,0.67,CHI,19.0,62.8,5.4,8.6,0.2670807453416149,0,0,1,8.0,40.0
00-0034827,D.J. Moore,CAR,2022,16,83.0,5,7,0.96,DET,30.0,45.8,3.2,5.2,0.2524271844660194,0,0,0,-2.5,43.5
00-0036955,Terrace Marshall,CAR,2022,16,55.0,2,3,0.93,DET,30.0,39.2,1.8,3.0,0.14563106796116504,0,0,0,-2.5,43.5
00-0034297,Byron Pringle,CHI,2022,16,34.0,2,2,0.86,BUF,24.0,39.0,2.0,2.0,0.018867924528301886,0,0,-1,-8.0,40.0
00-0034860,Dante Pettis,CHI,2022,16,11.0,2,5,0.73,BUF,24.0,27.75,1.5,3.75,0.14150943396226415,0,0,-1,-8.0,40.0
00-0036410,Tee Higgins,CIN,2022,16,128.0,8,9,0.88,NE,11.0,78.0,6.2,8.6,0.2471264367816092,0,0,0,3.0,42.0
00-0036900,Ja'Marr Chase,CIN,2022,16,79.0,8,11,0.98,NE,11.0,107.6,7.8,11.4,0.3275862068965517,0,0,0,3.0,42.0
00-0031544,Amari Cooper,CLE,2022,16,72.0,6,10,0.89,NO,7.0,69.4,5.0,9.2,0.2857142857142857,0,0,1,3.0,32.0
00-0036233,Donovan Peoples-Jones,CLE,2022,16,2.0,1,5,0.97,NO,7.0,53.2,4.4,5.8,0.18012422360248448,0,0,1,3.0,32.0
00-0037257,David Bell,CLE,2022,16,18.0,1,2,0.73,NO,7.0,21.25,3.0,4.0,0.09937888198757763,0,0,1,3.0,32.0
00-0033591,Noah Brown,DAL,2022,16,5.0,1,2,0.75,PHI,4.0,38.8,3.0,4.6,0.14556962025316456,0,1,0,4.0,48.0
00-0034764,Michael Gallup,DAL,2022,16,36.0,4,7,0.84,PHI,4.0,33.8,3.0,5.4,0.17088607594936708,0,1,0,4.0,48.0
00-0036358,CeeDee Lamb,DAL,2022,16,120.0,10,11,0.85,PHI,4.0,76.2,5.6,7.2,0.22784810126582278,0,1,0,4.0,48.0
00-0034348,Courtland Sutton,DEN,2022,16,64.0,5,7,0.79,LA,26.0,51.4,4.2,7.8,0.26174496644295303,1,1,1,3.0,36.5
00-0036247,Freddie Swain,DEN,2022,16,11.0,1,2,0.75,LA,26.0,,,,,0,1,1,3.0,36.5
00-0036407,Jerry Jeudy,DEN,2022,16,117.0,6,10,0.9,LA,26.0,72.4,6.2,8.4,0.28187919463087246,0,1,1,3.0,36.5
00-0033943,Josh Reynolds,DET,2022,16,31.0,2,4,0.61,CAR,3.0,36.8,3.4,5.6,0.16766467065868262,0,0,0,2.5,43.5
00-0034777,D.J. Chark,DET,2022,16,108.0,4,5,0.74,CAR,3.0,54.4,3.4,5.2,0.15568862275449102,0,0,0,2.5,43.5
00-0036963,Amon-Ra St. Brown,DET,2022,16,76.0,7,13,0.83,CAR,3.0,91.2,8.0,9.8,0.2934131736526946,0,0,0,2.5,43.5
00-0034521,Allen Lazard,GB,2022,16,61.0,5,11,0.89,MIA,27.0,40.0,3.2,5.2,0.18705035971223022,0,0,-2,-3.5,49.0
00-0037816,Romeo Doubs,GB,2022,16,36.0,3,6,0.61,MIA,27.0,31.8,3.2,6.6,0.23741007194244604,0,0,-2,-3.5,49.0
00-0031236,Brandin Cooks,HOU,2022,16,34.0,4,9,0.76,TEN,31.0,57.0,4.0,5.8,0.18471337579617833,1,0,0,-3.0,34.0
00-0032398,Chris Moore,HOU,2022,16,25.0,2,4,0.91,TEN,31.0,55.75,5.0,7.0,0.17834394904458598,1,0,0,-3.0,34.0
00-0035639,Parris Campbell,IND,2022,16,19.0,2,5,0.88,LAC,12.0,42.6,4.0,5.2,0.16666666666666666,0,1,1,-3.5,44.5
00-0036252,Michael Pittman,IND,2022,16,39.0,4,7,1.0,LAC,12.0,53.0,6.4,9.0,0.28846153846153844,0,1,1,-3.5,44.5
00-0037664,Alec Pierce,IND,2022,16,26.0,3,4,0.73,LAC,12.0,22.8,1.4,5.0,0.16025641025641027,0,1,1,-3.5,44.5
00-0033891,Zay Jones,JAX,2022,16,14.0,1,4,0.79,NYJ,5.0,83.0,7.0,10.2,0.265625,0,0,0,-2.5,36.5
00-0034775,Christian Kirk,JAX,2022,16,22.0,3,6,0.81,NYJ,5.0,78.4,6.0,9.2,0.23958333333333334,0,0,0,-2.5,36.5
00-0033857,JuJu Smith-Schuster,KC,2022,16,27.0,3,4,0.83,SEA,10.0,79.6,7.4,8.4,0.2413793103448276,0,0,-3,10.5,50.5
00-0034386,Justin Watson,KC,2022,16,0.0,0,4,0.74,SEA,10.0,21.6,1.2,2.2,0.06321839080459771,0,0,-3,10.5,50.5
00-0034646,Brandon Powell,LA,2022,16,12.0,3,3,0.62,DEN,20.0,,,,,0,1,-1,-3.0,36.5
00-0036415,Van Jefferson,LA,2022,16,19.0,3,5,0.94,DEN,20.0,37.0,2.4,4.2,0.16153846153846155,0,1,-1,-3.0,36.5
00-0036849,Tutu Atwell,LA,2022,16,14.0,2,2,0.69,DEN,20.0,30.0,3.0,6.5,0.1,0,1,-1,-3.0,36.5
00-0030279,Keenan Allen,LAC,2022,16,104.0,11,14,0.84,IND,21.0,81.8,7.2,10.4,0.2524271844660194,0,1,-1,3.5,44.5
00-0033536,Mike Williams,LAC,2022,16,76.0,4,4,0.85,IND,21.0,84.0,5.8,8.4,0.20388349514563106,0,1,-1,3.5,44.5
00-0031381,Davante Adams,LV,2022,16,15.0,2,9,0.96,PIT,8.0,98.2,5.8,10.4,0.35135135135135137,0,0,0,-2.5,38.5
00-0033555,Mack Hollins,LV,2022,16,7.0,1,2,0.94,PIT,8.0,42.4,4.2,7.0,0.23648648648648649,0,0,0,-2.5,38.5
00-0033040,Tyreek Hill,MIA,2022,16,103.0,4,6,0.8,GB,13.0,96.6,6.8,10.2,0.3469387755102041,0,0,2,3.5,49.0
00-0036613,Jaylen Waddle,MIA,2022,16,143.0,5,6,0.74,GB,13.0,76.2,3.8,6.6,0.22448979591836735,0,0,2,3.5,49.0
00-0030035,Adam Thielen,MIN,2022,16,6.0,1,5,0.92,NYG,18.0,43.8,4.6,6.2,0.1631578947368421,0,1,1,4.5,48.0
00-0036322,Justin Jefferson,MIN,2022,16,133.0,12,16,1.0,NYG,18.0,112.6,8.4,11.6,0.30526315789473685,0,1,1,4.5,48.0
00-0036345,K.J. Osborn,MIN,2022,16,17.0,3,4,0.69,NYG,18.0,52.8,4.6,7.6,0.2,0,1,1,4.5,48.0
00-0034960,Jakobi Meyers,NE,2022,16,83.0,6,7,1.0,CIN,28.0,47.0,4.4,6.6,0.21153846153846154,1,0,0,-3.0,42.0
00-0038104,Tyquan Thornton,NE,2022,16,8.0,1,3,0.93,CIN,28.0,17.2,1.6,4.0,0.1282051282051282,1,0,0,-3.0,42.0
00-0034286,Richie James,NYG,2022,16,90.0,8,11,0.83,MIN,32.0,47.8,5.0,6.2,0.1949685534591195,0,1,-1,-4.5,48.0
00-0035535,Darius Slayton,NYG,2022,16,79.0,4,6,0.99,MIN,32.0,60.8,4.2,6.8,0.2138364779874214,0,1,-1,-4.5,48.0
00-0036165,Isaiah Hodgins,NYG,2022,16,89.0,8,12,0.97,MIN,32.0,38.2,3.6,4.4,0.13836477987421383,0,1,-1,-4.5,48.0
00-0033871,Corey Davis,NYJ,2022,16,14.0,2,7,0.97,JAX,29.0,51.6,3.0,5.4,0.14917127071823205,0,0,0,2.5,36.5
00-0036980,Elijah Moore,NYJ,2022,16,15.0,2,3,0.81,JAX,29.0,36.4,3.2,6.2,0.1712707182320442,0,0,0,2.5,36.5
00-0037740,Garrett Wilson,NYJ,2022,16,30.0,4,9,0.97,JAX,29.0,89.0,5.0,8.4,0.23204419889502761,0,0,0,2.5,36.5
00-0035676,A.J. Brown,PHI,2022,16,103.0,6,8,0.92,DAL,17.0,95.2,6.0,9.0,0.2922077922077922,0,1,0,-4.0,48.0
00-0036271,Quez Watkins,PHI,2022,16,19.0,1,5,0.72,DAL,17.0,10.25,1.75,3.5,0.09090909090909091,0,1,0,-4.0,48.0
00-0036912,DeVonta Smith,PHI,2022,16,113.0,8,12,0.93,DAL,17.0,84.0,5.0,8.4,0.2727272727272727,0,1,0,-4.0,48.0
00-0035216,Diontae Johnson,PIT,2022,16,64.0,5,7,0.88,LV,23.0,62.0,6.0,8.4,0.2937062937062937,1,0,0,2.5,38.5
00-0037247,George Pickens,PIT,2022,16,57.0,5,5,0.81,LV,23.0,54.6,2.6,4.4,0.15384615384615385,0,0,0,2.5,38.5
00-0032951,Laquon Treadwell,SEA,2022,16,26.0,3,7,0.86,KC,9.0,,,,,0,0,3,-10.5,50.5
00-0035640,DK Metcalf,SEA,2022,16,81.0,7,9,0.91,KC,9.0,82.8,7.4,10.2,0.27717391304347827,0,0,3,-10.5,50.5
00-0036259,Jauan Jennings,SF,2022,16,21.0,2,3,0.88,WAS,2.0,46.5,3.5,5.5,0.07482993197278912,0,0,3,6.5,37.5
00-0036261,Brandon Aiyuk,SF,2022,16,81.0,5,7,0.96,WAS,2.0,41.4,3.2,5.6,0.19047619047619047,0,0,3,6.5,37.5
00-0031408,Mike Evans,TB,2022,16,29.0,3,8,0.93,ARI,15.0,54.2,4.0,7.4,0.1712962962962963,0,0,0,7.5,41.5
00-0033921,Chris Godwin,TB,2022,16,63.0,8,10,0.9,ARI,15.0,76.2,7.8,10.2,0.2361111111111111,0,0,0,7.5,41.5
00-0030431,Robert Woods,TEN,2022,16,30.0,4,5,0.95,HOU,22.0,30.4,3.2,5.8,0.19333333333333333,0,0,0,3.0,34.0
00-0036182,Nick Westbrook-Ikhine,TEN,2022,16,23.0,2,3,0.75,HOU,22.0,22.6,2.0,4.0,0.13333333333333333,0,0,0,3.0,34.0
00-0037742,Treylon Burks,TEN,2022,16,0.0,0,2,0.82,HOU,22.0,32.333333333333336,2.3333333333333335,3.6666666666666665,0.07333333333333333,1,0,0,3.0,34.0
00-0033282,Curtis Samuel,WAS,2022,16,52.0,5,5,0.66,SF,25.0,43.2,3.0,4.2,0.15328467153284672,0,0,-3,-6.5,37.5
00-0035659,Terry McLaurin,WAS,2022,16,77.0,4,5,0.93,SF,25.0,81.2,6.0,8.4,0.30656934306569344,0,0,-3,-6.5,37.5
00-0037741,Jahan Dotson,WAS,2022,16,76.0,6,9,0.86,SF,25.0,36.4,2.4,5.2,0.1897810218978102,0,0,-3,-6.5,37.5
00-0035500,Greg Dortch,ARI,2022,17,15.0,4,10,0.81,ATL,1.0,79.8,7.8,8.8,0.23655913978494625,0,1,-1,-7.0,41.0
00-0035662,Marquise Brown,ARI,2022,17,61.0,6,9,0.91,ATL,1.0,44.8,4.4,7.8,0.20967741935483872,0,1,-1,-7.0,41.0
00-0037238,Drake London,ATL,2022,17,47.0,5,8,0.77,ARI,18.0,58.4,4.6,7.8,0.3170731707317073,0,1,1,7.0,41.0
00-0032775,Demarcus Robinson,BAL,2022,17,9.0,1,3,0.6,PIT,2.0,53.4,5.6,6.6,0.2682926829268293,0,0,0,1.0,35.5
00-0034827,D.J. Moore,CAR,2022,17,117.0,6,10,0.98,TB,10.0,56.6,3.4,5.4,0.25,0,0,1,-3.5,40.5
00-0036955,Terrace Marshall,CAR,2022,17,15.0,2,3,0.88,TB,10.0,41.6,2.0,3.2,0.14814814814814814,0,0,1,-3.5,40.5
00-0034279,Equanimeous St. Brown,CHI,2022,17,20.0,2,3,0.62,DET,28.0,15.4,1.0,2.0,0.08849557522123894,0,1,0,-4.5,52.5
00-0034297,Byron Pringle,CHI,2022,17,0.0,0,4,0.75,DET,28.0,36.5,2.0,2.0,0.035398230088495575,0,1,0,-4.5,52.5
00-0031544,Amari Cooper,CLE,2022,17,105.0,3,4,0.61,WAS,5.0,61.2,4.6,8.8,0.2953020134228188,0,0,0,-1.0,41.5
00-0036233,Donovan Peoples-Jones,CLE,2022,17,13.0,1,3,0.86,WAS,5.0,41.4,3.6,5.6,0.18791946308724833,0,0,0,-1.0,41.5
00-0034764,Michael Gallup,DAL,2022,17,39.0,3,4,0.85,TEN,29.0,32.8,3.2,6.0,0.18404907975460122,0,0,0,14.0,41.0
00-0036358,CeeDee Lamb,DAL,2022,17,100.0,11,14,0.85,TEN,29.0,91.2,6.6,8.4,0.25766871165644173,0,0,0,14.0,41.0
00-0034348,Courtland Sutton,DEN,2022,17,44.0,4,6,0.81,KC,8.0,59.6,4.6,7.4,0.23870967741935484,0,0,-1,-13.5,46.0
00-0036407,Jerry Jeudy,DEN,2022,17,38.0,7,8,0.89,KC,8.0,85.0,6.8,9.0,0.2903225806451613,1,0,-1,-13.5,46.0
00-0034777,D.J. Chark,DET,2022,17,56.0,2,4,0.68,CHI,11.0,66.8,3.6,5.0,0.13513513513513514,0,1,0,4.5,52.5
00-0036963,Amon-Ra St. Brown,DET,2022,17,62.0,4,5,0.7,CHI,11.0,91.2,8.0,10.8,0.2918918918918919,0,1,0,4.5,52.5
00-0034521,Allen Lazard,GB,2022,17,59.0,5,6,0.71,MIN,30.0,43.2,3.6,6.6,0.2088607594936709,0,0,-1,3.0,47.5
00-0038124,Christian Watson,GB,2022,17,11.0,1,5,0.6,MIN,30.0,71.8,3.8,6.6,0.2088607594936709,1,0,-1,3.0,47.5
00-0031236,Brandin Cooks,HOU,2022,17,39.0,4,7,0.77,JAX,22.0,54.6,4.0,6.6,0.21710526315789475,0,1,-2,-3.5,43.0
00-0032398,Chris Moore,HOU,2022,17,21.0,3,5,0.84,JAX,22.0,49.6,4.4,6.4,0.21052631578947367,0,1,-2,-3.5,43.0
00-0035639,Parris Campbell,IND,2022,17,52.0,3,6,0.97,NYG,23.0,31.2,3.0,4.4,0.14012738853503184,0,0,-2,-5.5,38.5
00-0036252,Michael Pittman,IND,2022,17,41.0,6,8,0.98,NYG,23.0,50.2,5.8,8.6,0.27388535031847133,0,0,-2,-5.5,38.5
00-0037664,Alec Pierce,IND,2022,17,15.0,3,5,0.83,NYG,23.0,28.0,2.0,5.4,0.17197452229299362,0,0,-2,-5.5,38.5
00-0029293,Marvin Jones,JAX,2022,17,61.0,6,7,0.67,HOU,15.0,38.6,2.8,5.4,0.14754098360655737,0,1,2,3.5,43.0
00-0033891,Zay Jones,JAX,2022,17,24.0,3,5,0.78,HOU,15.0,72.2,5.6,9.0,0.2459016393442623,0,1,2,3.5,43.0
00-0034775,Christian Kirk,JAX,2022,17,21.0,2,3,0.83,HOU,15.0,61.8,4.8,8.0,0.2185792349726776,0,1,2,3.5,43.0
00-0033857,JuJu Smith-Schuster,KC,2022,17,21.0,2,3,0.65,DEN,12.0,62.4,7.0,8.2,0.2411764705882353,0,0,1,13.5,46.0
00-0034272,Marquez Valdes-Scantling,KC,2022,17,28.0,2,7,0.83,DEN,12.0,36.0,2.2,4.0,0.11764705882352941,0,0,1,13.5,46.0
00-0034646,Brandon Powell,LA,2022,17,3.0,1,2,0.76,LAC,3.0,12.0,3.0,3.0,0.022900763358778626,0,1,1,-6.5,41.5
00-0036415,Van Jefferson,LA,2022,17,77.0,3,3,0.94,LAC,3.0,32.6,2.4,4.2,0.16030534351145037,0,1,1,-6.5,41.5
00-0036849,Tutu Atwell,LA,2022,17,10.0,2,5,0.84,LAC,3.0,24.666666666666668,2.6666666666666665,5.0,0.11450381679389313,0,1,1,-6.5,41.5
00-0030279,Keenan Allen,LAC,2022,17,60.0,5,6,0.84,LA,24.0,83.8,8.4,11.6,0.27884615384615385,0,1,-1,6.5,41.5
00-0033536,Mike Williams,LAC,2022,17,94.0,7,10,0.78,LA,24.0,72.4,4.6,6.6,0.15865384615384615,0,1,-1,6.5,41.5
00-0031381,Davante Adams,LV,2022,17,153.0,7,11,0.89,SF,21.0,73.0,4.8,9.6,0.3380281690140845,0,1,0,-10.0,41.5
00-0033555,Mack Hollins,LV,2022,17,40.0,3,4,0.86,SF,21.0,33.4,3.2,5.6,0.19718309859154928,0,1,0,-10.0,41.5
00-0033040,Tyreek Hill,MIA,2022,17,55.0,4,7,0.82,NE,26.0,88.6,6.2,9.8,0.35,0,0,-1,-3.0,41.5
00-0036613,Jaylen Waddle,MIA,2022,17,52.0,3,5,0.76,NE,26.0,87.8,3.8,6.4,0.22857142857142856,0,0,-1,-3.0,41.5
00-0030035,Adam Thielen,MIN,2022,17,16.0,1,4,0.84,GB,16.0,40.0,4.4,6.6,0.15865384615384615,0,0,1,-3.0,47.5
00-0036322,Justin Jefferson,MIN,2022,17,15.0,1,5,0.79,GB,16.0,132.6,10.2,13.8,0.3317307692307692,0,0,1,-3.0,47.5
00-0036345,K.J. Osborn,MIN,2022,17,59.0,7,7,0.79,GB,16.0,49.2,4.4,6.2,0.14903846153846154,0,0,1,-3.0,47.5
00-0034960,Jakobi Meyers,NE,2022,17,49.0,6,9,0.82,MIA,27.0,56.8,5.2,7.6,0.2389937106918239,0,0,1,3.0,41.5
00-0038104,Tyquan Thornton,NE,2022,17,60.0,3,7,0.93,MIA,27.0,15.0,1.6,3.6,0.11320754716981132,1,0,1,3.0,41.5
00-0037239,Chris Olave,NO,2022,17,42.0,4,5,0.61,PHI,13.0,68.8,5.0,8.6,0.38738738738738737,1,0,0,-5.5,41.5
00-0037545,Rashid Shaheed,NO,2022,17,79.0,6,6,0.68,PHI,13.0,85.0,3.5,4.0,0.07207207207207207,0,0,0,-5.5,41.5
00-0034286,Richie James,NYG,2022,17,76.0,7,7,0.79,IND,19.0,54.0,5.6,7.2,0.225,0,0,2,5.5,38.5
00-0035535,Darius Slayton,NYG,2022,17,14.0,2,3,0.83,IND,19.0,59.4,4.0,6.0,0.1875,0,0,2,5.5,38.5
00-0036165,Isaiah Hodgins,NYG,2022,17,42.0,4,5,0.81,IND,19.0,47.8,4.8,6.4,0.2,0,0,2,5.5,38.5
00-0033871,Corey Davis,NYJ,2022,17,45.0,3,6,0.84,SEA,9.0,39.6,2.4,5.6,0.14659685863874344,0,0,2,1.0,43.0
00-0036980,Elijah Moore,NYJ,2022,17,18.0,2,2,0.7,SEA,9.0,28.8,3.0,6.0,0.15706806282722513,0,0,2,1.0,43.0
00-0037740,Garrett Wilson,NYJ,2022,17,18.0,3,11,1.0,SEA,9.0,92.6,5.4,9.6,0.2513089005235602,0,0,2,1.0,43.0
00-0035676,A.J. Brown,PHI,2022,17,97.0,4,9,1.0,NO,6.0,103.8,6.2,9.2,0.2787878787878788,0,0,0,5.5,41.5
00-0036912,DeVonta Smith,PHI,2022,17,115.0,9,13,0.98,NO,6.0,91.0,5.4,9.0,0.2727272727272727,0,0,0,5.5,41.5
00-0035216,Diontae Johnson,PIT,2022,17,35.0,2,7,0.91,BAL,17.0,70.6,6.2,8.8,0.3120567375886525,0,0,0,-1.0,35.5
00-0037247,George Pickens,PIT,2022,17,29.0,2,4,0.73,BAL,17.0,49.4,2.8,4.2,0.14893617021276595,0,0,0,-1.0,35.5
00-0035640,DK Metcalf,SEA,2022,17,3.0,1,5,0.82,NYJ,7.0,84.8,7.6,10.2,0.2698412698412698,0,0,-2,-1.0,43.0
00-0036259,Jauan Jennings,SF,2022,17,46.0,2,3,0.88,LV,20.0,38.0,3.0,4.666666666666667,0.10071942446043165,0,1,0,10.0,41.5
00-0036261,Brandon Aiyuk,SF,2022,17,101.0,9,12,0.96,LV,20.0,53.6,3.8,6.2,0.22302158273381295,0,1,0,10.0,41.5
00-0031408,Mike Evans,TB,2022,17,207.0,10,12,0.83,CAR,14.0,49.2,3.6,7.8,0.1652542372881356,0,0,-1,3.5,40.5
00-0033921,Chris Godwin,TB,2022,17,120.0,9,9,0.85,CAR,14.0,74.6,8.2,10.6,0.2245762711864407,0,0,-1,3.5,40.5
00-0030431,Robert Woods,TEN,2022,17,39.0,5,9,0.74,DAL,25.0,22.6,2.8,5.4,0.1888111888111888,0,0,0,-14.0,41.0
00-0036182,Nick Westbrook-Ikhine,TEN,2022,17,4.0,1,3,0.69,DAL,25.0,21.6,2.0,4.2,0.14685314685314685,0,0,0,-14.0,41.0
00-0037742,Treylon Burks,TEN,2022,17,66.0,4,8,0.72,DAL,25.0,24.25,1.75,3.25,0.09090909090909091,0,0,0,-14.0,41.0
00-0033282,Curtis Samuel,WAS,2022,17,6.0,1,2,0.64,CLE,4.0,43.6,3.4,4.4,0.1506849315068493,0,0,0,1.0,41.5
00-0035659,Terry McLaurin,WAS,2022,17,25.0,2,5,0.81,CLE,4.0,71.0,5.2,7.2,0.2465753424657534,0,0,0,1.0,41.5
00-0037741,Jahan Dotson,WAS,2022,17,37.0,3,7,0.77,CLE,4.0,49.6,3.2,5.4,0.18493150684931506,0,0,0,1.0,41.5
00-0027942,A.J. Green,ARI,2022,18,91.0,3,5,0.63,SF,31.0,20.0,2.8,5.4,0.14835164835164835,0,0,0,-14.0,40.0
00-0035500,Greg Dortch,ARI,2022,18,30.0,4,4,0.69,SF,31.0,70.2,7.2,9.0,0.24725274725274726,0,0,0,-14.0,40.0
00-0035662,Marquise Brown,ARI,2022,18,7.0,1,4,0.85,SF,31.0,43.4,4.6,7.8,0.21428571428571427,0,0,0,-14.0,40.0
00-0035208,Olamide Zaccheaus,ATL,2022,18,37.0,4,7,0.62,TB,17.0,26.2,2.4,5.0,0.19230769230769232,0,1,0,6.0,40.5
00-0032775,Demarcus Robinson,BAL,2022,18,24.0,2,9,0.63,CIN,25.0,29.6,4.0,5.4,0.23275862068965517,0,0,1,-11.0,39.0
00-0031588,Stefon Diggs,BUF,2022,18,104.0,7,10,0.76,NE,26.0,58.4,5.0,8.0,0.2484472049689441,0,0,-1,8.0,44.0
00-0034827,D.J. Moore,CAR,2022,18,10.0,1,4,0.92,NO,8.0,75.2,4.0,6.4,0.2962962962962963,0,1,0,-3.5,41.5
00-0036955,Terrace Marshall,CAR,2022,18,23.0,2,3,0.93,NO,8.0,29.4,1.8,2.6,0.12037037037037036,0,1,0,-3.5,41.5
00-0034860,Dante Pettis,CHI,2022,18,19.0,2,6,0.63,MIN,30.0,24.4,1.6,4.0,0.17857142857142858,0,0,0,-6.5,42.5
00-0036326,Chase Claypool,CHI,2022,18,29.0,2,6,0.71,MIN,30.0,52.2,4.6,6.4,0.2857142857142857,0,0,0,-6.5,42.5
00-0033009,Tyler Boyd,CIN,2022,18,51.0,5,7,0.73,BAL,9.0,39.4,3.6,5.4,0.14516129032258066,0,0,-1,11.0,39.0
00-0036410,Tee Higgins,CIN,2022,18,7.0,1,7,0.85,BAL,9.0,91.6,6.4,8.8,0.23655913978494625,0,0,-1,11.0,39.0
00-0036900,Ja'Marr Chase,CIN,2022,18,86.0,8,13,0.94,BAL,9.0,97.0,8.0,11.6,0.3118279569892473,0,0,-1,11.0,39.0
00-0031544,Amari Cooper,CLE,2022,18,51.0,2,3,0.91,PIT,1.0,63.4,3.8,7.2,0.28125,0,0,0,-2.5,40.0
00-0036233,Donovan Peoples-Jones,CLE,2022,18,42.0,2,4,0.92,PIT,1.0,40.8,3.4,5.4,0.2109375,0,0,0,-2.5,40.0
00-0033591,Noah Brown,DAL,2022,18,10.0,1,6,0.66,WAS,5.0,39.2,3.0,4.2,0.12,0,0,3,7.5,40.5
00-0034764,Michael Gallup,DAL,2022,18,10.0,1,6,0.9,WAS,5.0,28.0,2.8,5.2,0.14857142857142858,0,0,3,7.5,40.5
00-0036358,CeeDee Lamb,DAL,2022,18,52.0,5,7,0.87,WAS,5.0,90.0,7.6,9.0,0.2571428571428571,0,0,3,7.5,40.5
00-0034348,Courtland Sutton,DEN,2022,18,33.0,3,7,0.94,LAC,3.0,65.8,5.2,7.8,0.2484076433121019,0,0,0,6.0,38.5
00-0036407,Jerry Jeudy,DEN,2022,18,154.0,5,6,0.97,LAC,3.0,73.4,6.8,8.4,0.267515923566879,0,0,0,6.0,38.5
00-0034777,D.J. Chark,DET,2022,18,14.0,3,4,0.65,GB,12.0,74.8,3.6,4.8,0.1348314606741573,0,0,0,-5.5,49.0
00-0036963,Amon-Ra St. Brown,DET,2022,18,49.0,6,9,0.85,GB,12.0,79.2,7.0,9.8,0.2752808988764045,0,0,0,-5.5,49.0
00-0034521,Allen Lazard,GB,2022,18,41.0,4,6,0.9,DET,23.0,43.6,3.6,5.6,0.19047619047619047,0,0,0,5.5,49.0
00-0038124,Christian Watson,GB,2022,18,104.0,5,6,0.87,DET,23.0,52.6,3.2,6.0,0.20408163265306123,0,0,0,5.5,49.0
00-0031236,Brandin Cooks,HOU,2022,18,106.0,5,6,0.91,IND,19.0,47.8,4.0,6.8,0.21935483870967742,0,1,0,-3.0,38.0
00-0032398,Chris Moore,HOU,2022,18,22.0,2,6,0.91,IND,19.0,51.0,4.6,6.6,0.2129032258064516,0,1,0,-3.0,38.0
00-0036991,Amari Rodgers,HOU,2022,18,22.0,3,4,0.62,IND,19.0,,,,,0,1,0,-3.0,38.0
00-0035639,Parris Campbell,IND,2022,18,42.0,6,9,0.92,HOU,10.0,28.2,2.6,4.4,0.1437908496732026,0,1,0,3.0,38.0
00-0036252,Michael Pittman,IND,2022,18,30.0,3,5,0.99,HOU,10.0,43.4,5.8,8.8,0.2875816993464052,0,1,0,3.0,38.0
00-0037664,Alec Pierce,IND,2022,18,42.0,3,4,0.64,HOU,10.0,25.4,2.0,4.8,0.1568627450980392,0,1,0,3.0,38.0
00-0033891,Zay Jones,JAX,2022,18,21.0,4,6,0.94,TEN,32.0,48.0,4.0,7.2,0.20689655172413793,0,0,-3,6.0,39.5
00-0034775,Christian Kirk,JAX,2022,18,99.0,6,8,0.96,TEN,32.0,56.8,4.4,6.8,0.19540229885057472,0,0,-3,6.0,39.5
00-0033857,JuJu Smith-Schuster,KC,2022,18,35.0,2,2,0.73,LV,18.0,49.0,5.4,6.4,0.18497109826589594,0,1,0,9.0,51.5
00-0034646,Brandon Powell,LA,2022,18,2.0,1,3,0.8,SEA,6.0,7.5,2.0,2.5,0.04,0,0,0,-5.5,41.5
00-0036415,Van Jefferson,LA,2022,18,61.0,3,7,0.97,SEA,6.0,42.2,2.4,3.6,0.144,0,0,0,-5.5,41.5
00-0036849,Tutu Atwell,LA,2022,18,27.0,2,3,0.93,SEA,6.0,21.0,2.5,5.0,0.16,0,0,0,-5.5,41.5
00-0030279,Keenan Allen,LAC,2022,18,102.0,8,11,0.76,DEN,24.0,86.0,8.4,11.4,0.296875,0,0,0,-6.0,38.5
00-0031763,DeAndre Carter,LAC,2022,18,43.0,3,5,0.6,DEN,24.0,47.4,4.0,5.0,0.13020833333333334,0,0,0,-6.0,38.5
00-0036988,Josh Palmer,LAC,2022,18,39.0,4,6,0.79,DEN,24.0,64.8,5.8,7.8,0.203125,0,0,0,-6.0,38.5
00-0031381,Davante Adams,LV,2022,18,73.0,5,9,0.9,KC,14.0,88.8,4.8,9.6,0.34532374100719426,0,1,0,-9.0,51.5
00-0033555,Mack Hollins,LV,2022,18,15.0,2,3,0.94,KC,14.0,28.8,3.0,5.4,0.19424460431654678,0,1,0,-9.0,51.5
00-0033040,Tyreek Hill,MIA,2022,18,23.0,2,5,0.66,NYJ,7.0,90.8,6.0,10.0,0.352112676056338,0,0,0,3.5,37.5
00-0036613,Jaylen Waddle,MIA,2022,18,44.0,5,5,0.75,NYJ,7.0,85.0,3.6,6.4,0.22535211267605634,0,0,0,3.5,37.5
00-0036345,K.J. Osborn,MIN,2022,18,117.0,5,6,0.77,CHI,21.0,57.6,5.4,7.0,0.16990291262135923,0,0,0,6.5,42.5
00-0031547,DeVante Parker,NE,2022,18,79.0,6,7,0.82,BUF,11.0,50.4,3.0,4.2,0.1346153846153846,0,0,1,-8.0,44.0
00-0034960,Jakobi Meyers,NE,2022,18,32.0,3,7,0.9,BUF,11.0,54.6,4.6,6.8,0.21794871794871795,1,0,1,-8.0,44.0
00-0037239,Chris Olave,NO,2022,18,60.0,5,12,0.6,CAR,28.0,56.0,4.4,6.8,0.32075471698113206,0,1,0,3.5,41.5
00-0037545,Rashid Shaheed,NO,2022,18,34.0,3,4,0.83,CAR,28.0,83.0,4.333333333333333,4.666666666666667,0.1320754716981132,0,1,0,3.5,41.5
00-0032980,Marcus Johnson,NYG,2022,18,36.0,3,6,0.95,PHI,13.0,15.75,1.5,4.0,0.1038961038961039,0,0,0,-16.5,42.5
00-0033932,Kenny Golladay,NYG,2022,18,30.0,2,7,1.0,PHI,13.0,22.0,2.0,2.0,0.012987012987012988,0,0,0,-16.5,42.5
00-0033871,Corey Davis,NYJ,2022,18,17.0,1,3,0.77,MIA,29.0,41.0,2.6,6.0,0.14423076923076922,0,0,0,-3.5,37.5
00-0036980,Elijah Moore,NYJ,2022,18,11.0,1,1,0.7,MIA,29.0,30.2,3.2,5.6,0.1346153846153846,0,0,0,-3.5,37.5
00-0037740,Garrett Wilson,NYJ,2022,18,89.0,9,17,0.88,MIA,29.0,77.2,5.0,10.2,0.24519230769230768,0,0,0,-3.5,37.5
00-0035676,A.J. Brown,PHI,2022,18,95.0,4,10,0.79,NYG,16.0,114.0,6.2,9.8,0.28488372093023256,0,0,0,16.5,42.5
00-0036912,DeVonta Smith,PHI,2022,18,67.0,7,8,1.0,NYG,16.0,104.0,6.4,9.8,0.28488372093023256,0,0,0,16.5,42.5
00-0035216,Diontae Johnson,PIT,2022,18,38.0,2,10,0.82,CLE,2.0,67.8,5.6,8.6,0.3049645390070922,0,0,0,2.5,40.0
00-0037247,George Pickens,PIT,2022,18,72.0,3,6,0.63,CLE,2.0,43.8,2.6,3.8,0.1347517730496454,0,0,0,2.5,40.0
00-0032211,Tyler Lockett,SEA,2022,18,54.0,4,7,0.79,LA,20.0,73.2,5.4,8.4,0.23333333333333334,1,0,0,5.5,41.5
00-0035640,DK Metcalf,SEA,2022,18,40.0,3,8,0.83,LA,20.0,67.4,5.6,8.2,0.22777777777777777,0,0,0,5.5,41.5
00-0035719,Deebo Samuel,SF,2022,18,20.0,2,3,0.68,ARI,15.0,49.2,4.6,8.0,0.2898550724637681,0,0,0,14.0,40.0
00-0036261,Brandon Aiyuk,SF,2022,18,59.0,4,5,0.73,ARI,15.0,60.8,4.6,7.0,0.2536231884057971,0,0,0,14.0,40.0
00-0037487,Deven Thompkins,TB,2022,18,25.0,4,9,0.84,ATL,4.0,,,,,0,1,0,-6.0,40.5
00-0030431,Robert Woods,TEN,2022,18,40.0,4,5,0.85,JAX,22.0,27.2,3.4,6.0,0.20408163265306123,0,0,3,-6.0,39.5
00-0037742,Treylon Burks,TEN,2022,18,19.0,4,7,0.75,JAX,22.0,32.6,2.2,4.2,0.14285714285714285,1,0,3,-6.0,39.5
00-0035659,Terry McLaurin,WAS,2022,18,74.0,3,6,0.76,DAL,27.0,65.0,4.8,6.8,0.2251655629139073,0,0,-3,-7.5,40.5
00-0037741,Jahan Dotson,WAS,2022,18,72.0,3,4,0.74,DAL,27.0,54.4,3.6,6.4,0.2119205298013245,0,0,-3,-7.5,40.5
00-0031325,Sammy Watkins,BAL,2022,19,12.0,1,3,0.68,CIN,11.0,30.75,2.0,3.25,0.10569105691056911,0,0,0,-7.5,40.0
00-0031588,Stefon Diggs,BUF,2022,19,114.0,7,9,0.8,MIA,9.0,63.8,4.8,7.0,0.22875816993464052,0,0,0,14.0,44.0
00-0033009,Tyler Boyd,CIN,2022,19,26.0,3,3,0.9,BAL,3.0,40.8,3.6,5.6,0.14736842105263157,0,0,0,7.5,40.0
00-0036410,Tee Higgins,CIN,2022,19,37.0,4,6,0.9,BAL,3.0,63.4,4.8,7.6,0.2,0,0,0,7.5,40.0
00-0036900,Ja'Marr Chase,CIN,2022,19,84.0,9,12,0.97,BAL,3.0,88.2,8.0,12.0,0.3157894736842105,0,0,0,7.5,40.0
00-0034764,Michael Gallup,DAL,2022,19,46.0,5,6,0.67,TB,8.0,25.4,2.2,5.0,0.13812154696132597,0,0,0,2.5,45.5
00-0036358,CeeDee Lamb,DAL,2022,19,68.0,4,6,0.84,TB,8.0,86.2,7.6,9.0,0.24861878453038674,0,0,0,2.5,45.5
00-0029293,Marvin Jones,JAX,2022,19,29.0,3,6,0.85,LAC,1.0,30.0,2.6,4.6,0.13529411764705881,0,0,1,-2.0,46.5
00-0033891,Zay Jones,JAX,2022,19,74.0,8,13,0.99,LAC,1.0,49.0,4.4,7.0,0.20588235294117646,0,0,1,-2.0,46.5
00-0034775,Christian Kirk,JAX,2022,19,78.0,8,14,0.99,LAC,1.0,55.8,4.4,6.8,0.2,0,0,1,-2.0,46.5
00-0030279,Keenan Allen,LAC,2022,19,61.0,6,13,0.96,JAX,4.0,88.8,8.8,10.8,0.28272251308900526,0,0,-1,2.0,46.5
00-0036988,Josh Palmer,LAC,2022,19,31.0,2,6,0.97,JAX,4.0,51.4,5.0,7.0,0.18324607329842932,0,0,-1,2.0,46.5
00-0033040,Tyreek Hill,MIA,2022,19,69.0,7,15,0.83,BUF,5.0,66.2,4.6,8.2,0.2949640287769784,0,0,0,-14.0,44.0
00-0034487,Trent Sherfield,MIA,2022,19,0.0,0,2,0.68,BUF,5.0,41.0,2.2,4.0,0.14388489208633093,0,0,0,-14.0,44.0
00-0036613,Jaylen Waddle,MIA,2022,19,44.0,3,7,0.85,BUF,5.0,76.8,3.6,5.4,0.19424460431654678,0,0,0,-14.0,44.0
00-0030035,Adam Thielen,MIN,2022,19,50.0,3,4,0.91,NYG,6.0,31.0,2.8,5.4,0.13432835820895522,0,1,0,2.5,48.0
00-0036322,Justin Jefferson,MIN,2022,19,47.0,7,9,0.98,NYG,6.0,107.8,8.6,12.6,0.31343283582089554,0,1,0,2.5,48.0
00-0034286,Richie James,NYG,2022,19,31.0,4,6,0.6,MIN,7.0,62.0,6.2,7.6,0.23170731707317074,0,1,0,-2.5,48.0
00-0035535,Darius Slayton,NYG,2022,19,88.0,4,8,0.9,MIN,7.0,49.6,3.8,5.4,0.16463414634146342,0,1,0,-2.5,48.0
00-0036165,Isaiah Hodgins,NYG,2022,19,105.0,8,9,0.92,MIN,7.0,50.0,5.0,6.6,0.20121951219512196,0,1,0,-2.5,48.0
00-0032211,Tyler Lockett,SEA,2022,19,39.0,6,8,0.79,SF,12.0,75.6,5.6,8.8,0.2573099415204678,0,0,0,-10.0,42.0
00-0035640,DK Metcalf,SEA,2022,19,136.0,10,13,0.84,SF,12.0,50.0,4.6,8.2,0.23976608187134502,0,0,0,-10.0,42.0
00-0036810,Cade Johnson,SEA,2022,19,39.0,3,3,0.65,SF,12.0,,,,,0,0,0,-10.0,42.0
00-0035719,Deebo Samuel,SF,2022,19,133.0,6,9,0.77,SEA,2.0,37.4,3.6,6.6,0.275,0,0,0,10.0,42.0
00-0036261,Brandon Aiyuk,SF,2022,19,73.0,3,5,0.89,SEA,2.0,63.4,4.4,6.2,0.25833333333333336,0,0,0,10.0,42.0
00-0031408,Mike Evans,TB,2022,19,74.0,6,11,0.91,DAL,10.0,84.4,5.2,8.4,0.19444444444444445,0,0,0,-2.5,45.5
00-0033921,Chris Godwin,TB,2022,19,85.0,10,13,0.88,DAL,10.0,76.6,7.6,9.8,0.22685185185185186,0,0,0,-2.5,45.5
00-0031588,Stefon Diggs,BUF,2022,20,35.0,4,10,0.9,CIN,6.0,68.2,4.8,7.0,0.2229299363057325,0,0,0,6.0,48.5
00-0033009,Tyler Boyd,CIN,2022,20,23.0,1,2,0.71,BUF,3.0,37.6,3.8,4.8,0.1256544502617801,0,0,0,-6.0,48.5
00-0036410,Tee Higgins,CIN,2022,20,28.0,3,4,0.76,BUF,3.0,48.0,4.2,7.0,0.18324607329842932,0,0,0,-6.0,48.5
00-0036900,Ja'Marr Chase,CIN,2022,20,61.0,5,8,0.91,BUF,3.0,85.6,8.4,12.8,0.33507853403141363,0,0,0,-6.0,48.5
00-0034764,Michael Gallup,DAL,2022,20,0.0,0,3,0.8,SF,7.0,26.6,2.8,5.0,0.14367816091954022,0,0,-2,-3.5,46.5
00-0036358,CeeDee Lamb,DAL,2022,20,117.0,10,13,0.9,SF,7.0,93.2,7.4,9.0,0.25862068965517243,0,0,-2,-3.5,46.5
00-0029293,Marvin Jones,JAX,2022,20,21.0,1,3,0.74,KC,1.0,29.2,3.0,5.2,0.14942528735632185,0,0,-7,-10.0,52.5
00-0033891,Zay Jones,JAX,2022,20,83.0,5,7,0.95,KC,1.0,48.4,4.4,7.2,0.20689655172413793,0,0,-7,-10.0,52.5
00-0034775,Christian Kirk,JAX,2022,20,52.0,7,14,0.84,KC,1.0,62.4,5.0,8.2,0.23563218390804597,0,0,-7,-10.0,52.5
00-0033857,JuJu Smith-Schuster,KC,2022,20,29.0,2,2,0.85,JAX,2.0,49.0,5.2,6.0,0.1724137931034483,0,0,7,10.0,52.5
00-0034286,Richie James,NYG,2022,20,51.0,7,10,0.75,PHI,4.0,60.0,6.0,7.6,0.23030303030303031,0,0,-7,-8.0,48.0
00-0035535,Darius Slayton,NYG,2022,20,4.0,1,5,0.96,PHI,4.0,49.2,3.4,5.4,0.16363636363636364,0,0,-7,-8.0,48.0
00-0036165,Isaiah Hodgins,NYG,2022,20,3.0,1,2,0.87,PHI,4.0,62.2,5.6,7.2,0.21818181818181817,0,0,-7,-8.0,48.0
00-0035676,A.J. Brown,PHI,2022,20,22.0,3,6,0.73,NYG,5.0,109.2,5.4,9.8,0.296969696969697,0,0,7,8.0,48.0
00-0036912,DeVonta Smith,PHI,2022,20,61.0,6,10,0.96,NYG,5.0,97.0,6.8,9.8,0.296969696969697,0,0,7,8.0,48.0
00-0035719,Deebo Samuel,SF,2022,20,45.0,4,7,0.95,DAL,8.0,55.6,3.8,7.0,0.2777777777777778,0,0,2,3.5,46.5
00-0036261,Brandon Aiyuk,SF,2022,20,26.0,2,4,0.95,DAL,8.0,66.6,4.6,6.6,0.2619047619047619,0,0,2,3.5,46.5
00-0035341,Trenton Irwin,CIN,2022,21,6.0,1,2,0.73,KC,1.0,38.666666666666664,2.0,3.3333333333333335,0.05235602094240838,0,0,-1,-2.0,48.5
00-0036410,Tee Higgins,CIN,2022,21,83.0,6,11,0.95,KC,1.0,46.6,4.2,6.8,0.17801047120418848,0,0,-1,-2.0,48.5
00-0036900,Ja'Marr Chase,CIN,2022,21,75.0,6,8,1.0,KC,1.0,74.0,7.4,11.4,0.29842931937172773,0,0,-1,-2.0,48.5
00-0034272,Marquez Valdes-Scantling,KC,2022,21,116.0,6,8,0.72,CIN,4.0,23.6,1.4,3.8,0.11377245508982035,0,0,1,2.0,48.5
00-0035676,A.J. Brown,PHI,2022,21,28.0,4,8,0.84,SF,3.0,99.6,5.2,9.8,0.310126582278481,0,0,1,2.5,45.0
00-0036912,DeVonta Smith,PHI,2022,21,36.0,2,3,0.91,SF,3.0,96.4,7.0,10.2,0.3227848101265823,0,0,1,2.5,45.0
00-0035719,Deebo Samuel,SF,2022,21,33.0,3,6,0.98,PHI,2.0,59.8,4.2,7.2,0.2857142857142857,0,0,-1,-2.5,45.0
00-0036261,Brandon Aiyuk,SF,2022,21,10.0,1,1,0.96,PHI,2.0,68.0,4.6,6.6,0.2619047619047619,0,0,-1,-2.5,45.0
00-0033857,JuJu Smith-Schuster,KC,2022,22,53.0,7,9,0.69,PHI,1.0,40.0,3.8,4.2,0.12574850299401197,0,1,0,-1.0,51.0
00-0034272,Marquez Valdes-Scantling,KC,2022,22,0.0,0,1,0.64,PHI,1.0,46.8,2.6,4.8,0.1437125748502994,0,1,0,-1.0,51.0
00-0034386,Justin Watson,KC,2022,22,18.0,2,2,0.6,PHI,1.0,8.2,0.6,2.2,0.0658682634730539,0,1,0,-1.0,51.0
00-0035676,A.J. Brown,PHI,2022,22,96.0,6,8,0.88,KC,2.0,69.0,4.2,8.2,0.2827586206896552,0,1,0,1.0,51.0
00-0036912,DeVonta Smith,PHI,2022,22,100.0,7,9,0.99,KC,2.0,78.4,6.4,9.2,0.31724137931034485,0,1,0,1.0,51.0
00-0035662,Marquise Brown,ARI,2023,1,28.0,3,5,0.84,WAS,5.0,35.6,3.6,7.0,0.19230769230769232,1,0,0,-7.0,38.0
00-0036936,Rondale Moore,ARI,2023,1,33.0,3,3,0.68,WAS,5.0,67.0,6.2,8.6,0.23626373626373626,0,0,0,-7.0,38.0
00-0038559,Michael Wilson,ARI,2023,1,19.0,2,4,0.9,WAS,5.0,,,,,0,0,0,-7.0,38.0
00-0033555,Mack Hollins,ATL,2023,1,31.0,3,4,0.63,CAR,32.0,24.8,2.4,4.2,0.15671641791044777,0,1,0,3.5,40.5
00-0037238,Drake London,ATL,2023,1,0.0,0,1,0.9,CAR,32.0,67.4,5.4,8.8,0.3283582089552239,0,1,0,3.5,40.5
00-0031235,Odell Beckham,BAL,2023,1,37.0,2,3,0.92,HOU,16.0,,,,,0,0,0,9.5,43.5
00-0039064,Zay Flowers,BAL,2023,1,78.0,9,10,0.84,HOU,16.0,,,,,0,0,0,9.5,43.5
00-0031588,Stefon Diggs,BUF,2023,1,102.0,10,13,0.84,NYJ,7.0,67.8,5.0,8.0,0.23529411764705882,0,0,0,2.5,44.5
00-0030035,Adam Thielen,CAR,2023,1,12.0,2,2,0.88,ATL,6.0,35.6,3.0,5.0,0.24509803921568626,1,1,0,-3.5,40.5
00-0036955,Terrace Marshall Jr.,CAR,2023,1,23.0,2,6,0.9,ATL,6.0,32.4,2.0,2.6,0.12745098039215685,0,1,0,-3.5,40.5
00-0039062,Jonathan Mingo,CAR,2023,1,17.0,2,5,0.87,ATL,6.0,,,,,0,1,0,-3.5,40.5
00-0034827,DJ Moore,CHI,2023,1,25.0,2,2,0.92,GB,20.0,56.6,3.4,6.0,0.25862068965517243,0,0,0,1.0,41.0
00-0036309,Darnell Mooney,CHI,2023,1,53.0,4,7,0.84,GB,20.0,50.4,4.6,5.6,0.2413793103448276,0,0,0,1.0,41.0
00-0036326,Chase Claypool,CHI,2023,1,0.0,0,2,0.78,GB,20.0,38.8,3.6,6.2,0.2672413793103448,0,0,0,1.0,41.0
00-0033009,Tyler Boyd,CIN,2023,1,10.0,2,3,0.84,CLE,1.0,39.0,3.6,4.4,0.11578947368421053,0,0,0,1.0,46.5
00-0036410,Tee Higgins,CIN,2023,1,0.0,0,8,0.95,CLE,1.0,56.6,4.4,7.4,0.19473684210526315,0,0,0,1.0,46.5
00-0036900,Ja'Marr Chase,CIN,2023,1,39.0,5,9,0.96,CLE,1.0,77.0,7.2,10.4,0.2736842105263158,0,0,0,1.0,46.5
00-0031544,Amari Cooper,CLE,2023,1,37.0,3,7,0.62,CIN,27.0,65.6,3.4,6.0,0.22388059701492538,0,0,0,-1.0,46.5
00-0036233,Donovan Peoples-Jones,CLE,2023,1,12.0,1,2,0.89,CIN,27.0,40.4,3.2,5.6,0.208955223880597,0,0,0,-1.0,46.5
00-0036980,Elijah Moore,CLE,2023,1,43.0,3,7,0.69,CIN,27.0,31.0,3.0,4.6,0.17164179104477612,0,0,0,-1.0,46.5
00-0034764,Michael Gallup,DAL,2023,1,10.0,1,2,0.67,NYG,15.0,26.2,2.6,5.2,0.143646408839779,0,0,0,3.5,44.5
00-0036358,CeeDee Lamb,DAL,2023,1,77.0,4,4,0.79,NYG,15.0,91.4,8.0,10.2,0.281767955801105,0,0,0,3.5,44.5
00-0034348,Courtland Sutton,DEN,2023,1,32.0,4,5,0.86,LV,12.0,59.2,4.6,7.0,0.22435897435897437,0,0,0,3.0,43.0
00-0035406,Lil'Jordan Humphrey,DEN,2023,1,11.0,2,2,0.7,LV,12.0,0.0,0.0,1.0,0.00641025641025641,0,0,0,3.0,43.0
00-0033943,Josh Reynolds,DET,2023,1,80.0,4,7,0.7,KC,21.0,24.6,2.6,4.4,0.12790697674418605,0,0,0,-4.0,53.0
00-0036963,Amon-Ra St. Brown,DET,2023,1,71.0,6,9,0.94,KC,21.0,66.2,6.0,9.2,0.26744186046511625,0,0,0,-4.0,53.0
00-0038393,Dontayvion Wicks,GB,2023,1,0.0,0,2,0.62,CHI,23.0,,,,,0,0,0,-1.0,41.0
00-0030431,Robert Woods,HOU,2023,1,57.0,6,10,0.75,BAL,8.0,34.0,4.0,6.0,0.19230769230769232,0,0,0,-9.5,43.5
00-0033591,Noah Brown,HOU,2023,1,20.0,3,4,0.68,BAL,8.0,32.8,2.8,5.0,0.16025641025641027,0,0,0,-9.5,43.5
00-0036554,Nico Collins,HOU,2023,1,80.0,6,11,0.71,BAL,8.0,48.2,4.6,8.4,0.2692307692307692,0,0,0,-9.5,43.5
00-0036252,Michael Pittman,IND,2023,1,97.0,8,11,0.97,JAX,11.0,37.2,5.0,7.6,0.24516129032258063,0,1,0,-4.0,45.5
00-0037664,Alec Pierce,IND,2023,1,5.0,1,3,0.92,JAX,11.0,33.8,2.6,5.2,0.16774193548387098,0,1,0,-4.0,45.5
00-0038997,Josh Downs,IND,2023,1,30.0,3,7,0.79,JAX,11.0,,,,,0,1,0,-4.0,45.5
00-0033891,Zay Jones,JAX,2023,1,55.0,5,7,0.89,IND,28.0,43.2,4.2,7.0,0.2046783625730994,0,1,0,4.0,45.5
00-0034775,Christian Kirk,JAX,2023,1,9.0,1,3,0.6,IND,28.0,54.4,5.2,9.0,0.2631578947368421,0,1,0,4.0,45.5
00-0034837,Calvin Ridley,JAX,2023,1,101.0,8,11,0.81,IND,28.0,,,,,0,1,0,4.0,45.5
00-0034272,Marquez Valdes-Scantling,KC,2023,1,48.0,2,2,0.63,DET,24.0,44.4,2.4,4.8,0.14545454545454545,0,0,0,4.0,53.0
00-0038090,Skyy Moore,KC,2023,1,0.0,0,3,0.69,DET,24.0,,,,,0,0,0,4.0,53.0
00-0036415,Van Jefferson,LA,2023,1,24.0,4,5,0.93,SEA,19.0,46.6,2.6,4.2,0.1693548387096774,0,0,0,-4.5,45.0
00-0036849,Tutu Atwell,LA,2023,1,119.0,6,8,0.79,SEA,19.0,22.2,2.4,4.6,0.18548387096774194,0,0,0,-4.5,45.0
00-0039075,Puka Nacua,LA,2023,1,119.0,10,15,0.78,SEA,19.0,,,,,0,0,0,-4.5,45.0
00-0030279,Keenan Allen,LAC,2023,1,76.0,6,9,0.91,MIA,22.0,82.6,7.6,10.6,0.2864864864864865,0,1,0,3.0,50.5
00-0033536,Mike Williams,LAC,2023,1,45.0,4,5,0.77,MIA,22.0,87.8,5.6,7.4,0.2,0,1,0,3.0,50.5
00-0036988,Josh Palmer,LAC,2023,1,4.0,1,1,0.64,MIA,22.0,46.4,4.4,6.8,0.1837837837837838,0,1,0,3.0,50.5
00-0031381,Davante Adams,LV,2023,1,66.0,6,9,0.9,DEN,30.0,68.0,4.2,9.0,0.3103448275862069,0,0,0,-3.0,43.0
00-0034960,Jakobi Meyers,LV,2023,1,81.0,9,10,0.8,DEN,30.0,52.6,4.2,7.0,0.2413793103448276,0,0,0,-3.0,43.0
00-0033040,Tyreek Hill,MIA,2023,1,215.0,11,15,0.66,LAC,9.0,63.8,5.2,9.2,0.2911392405063291,0,1,0,-3.0,50.5
00-0036613,Jaylen Waddle,MIA,2023,1,78.0,4,5,0.64,LAC,9.0,79.4,3.8,6.0,0.189873417721519,0,1,0,-3.0,50.5
00-0036322,Justin Jefferson,MIN,2023,1,150.0,9,12,0.98,TB,25.0,108.2,8.6,12.2,0.305,0,1,0,4.0,45.0
00-0036345,K.J. Osborn,MIN,2023,1,31.0,3,6,0.91,TB,25.0,77.6,6.0,7.6,0.19,0,1,0,4.0,45.0
00-0033307,Kendrick Bourne,NE,2023,1,64.0,6,11,0.91,PHI,2.0,23.5,2.75,3.5,0.08588957055214724,0,0,0,-3.5,44.5
00-0038608,Kayshon Boutte,NE,2023,1,0.0,0,4,0.69,PHI,2.0,,,,,0,0,0,-3.5,44.5
00-0032765,Michael Thomas,NO,2023,1,61.0,5,8,0.8,TEN,31.0,57.0,5.333333333333333,7.333333333333333,0.21568627450980393,0,1,0,3.0,41.0
00-0037239,Chris Olave,NO,2023,1,112.0,8,10,0.78,TEN,31.0,53.8,4.2,7.4,0.3627450980392157,0,1,0,3.0,41.0
00-0035535,Darius Slayton,NYG,2023,1,15.0,3,5,0.67,DAL,26.0,41.6,3.2,5.8,0.18012422360248448,0,0,0,-3.5,44.5
00-0035639,Parris Campbell,NYG,2023,1,2.0,1,4,0.67,DAL,26.0,33.8,3.4,5.6,0.17391304347826086,0,0,0,-3.5,44.5
00-0036165,Isaiah Hodgins,NYG,2023,1,24.0,1,3,0.6,DAL,26.0,55.2,5.0,6.4,0.19875776397515527,0,0,0,-3.5,44.5
00-0034521,Allen Lazard,NYJ,2023,1,46.0,2,4,0.78,BUF,14.0,47.0,4.0,6.2,0.16756756756756758,0,0,0,-2.5,44.5
00-0037740,Garrett Wilson,NYJ,2023,1,34.0,5,5,0.93,BUF,14.0,62.6,5.2,10.6,0.2864864864864865,0,0,0,-2.5,44.5
00-0035676,A.J. Brown,PHI,2023,1,79.0,7,10,0.91,NE,29.0,67.6,4.2,8.2,0.2827586206896552,0,0,0,3.5,44.5
00-0036271,Quez Watkins,PHI,2023,1,17.0,2,2,0.79,NE,29.0,12.0,1.6,3.8,0.1310344827586207,0,0,0,3.5,44.5
00-0036912,DeVonta Smith,PHI,2023,1,47.0,7,10,0.98,NE,29.0,75.8,6.2,8.6,0.296551724137931,0,0,0,3.5,44.5
00-0031428,Allen Robinson,PIT,2023,1,64.0,5,8,0.89,SF,18.0,46.4,4.2,5.8,0.20279720279720279,0,0,0,-1.5,41.5
00-0037247,George Pickens,PIT,2023,1,36.0,5,7,0.89,SF,18.0,57.8,3.0,4.6,0.16083916083916083,0,0,0,-1.5,41.5
00-0032211,Tyler Lockett,SEA,2023,1,10.0,2,4,0.88,LA,13.0,69.8,6.2,9.0,0.26627218934911245,0,0,0,4.5,45.0
00-0035640,DK Metcalf,SEA,2023,1,47.0,3,5,0.94,LA,13.0,63.0,5.6,8.8,0.2603550295857988,0,0,0,4.5,45.0
00-0035719,Deebo Samuel Sr.,SF,2023,1,55.0,5,7,0.87,PIT,4.0,57.8,4.2,7.0,0.2916666666666667,0,0,0,1.5,41.5
00-0036261,Brandon Aiyuk,SF,2023,1,129.0,8,8,0.85,PIT,4.0,53.8,3.8,5.4,0.225,0,0,0,1.5,41.5
00-0031408,Mike Evans,TB,2023,1,66.0,6,10,0.84,MIN,17.0,87.4,5.6,9.8,0.2168141592920354,0,1,0,-4.0,45.0
00-0033921,Chris Godwin,TB,2023,1,51.0,5,6,0.85,MIN,17.0,81.0,8.0,9.8,0.2168141592920354,0,1,0,-4.0,45.0
00-0030564,DeAndre Hopkins,TEN,2023,1,65.0,7,13,0.78,NO,3.0,64.2,5.6,10.0,0.33557046979865773,0,1,0,-3.0,41.0
00-0036182,Nick Westbrook-Ikhine,TEN,2023,1,58.0,4,7,0.81,NO,3.0,10.8,1.4,3.6,0.12080536912751678,0,1,0,-3.0,41.0
00-0037742,Treylon Burks,TEN,2023,1,18.0,2,3,0.9,NO,3.0,33.8,2.8,5.2,0.174496644295302,0,1,0,-3.0,41.0
00-0033282,Curtis Samuel,WAS,2023,1,54.0,5,5,0.65,ARI,10.0,31.8,3.0,4.0,0.1360544217687075,0,0,0,7.0,38.0
00-0035659,Terry McLaurin,WAS,2023,1,31.0,2,4,0.89,ARI,10.0,70.2,4.6,6.8,0.23129251700680273,0,0,0,7.0,38.0
00-0037741,Jahan Dotson,WAS,2023,1,40.0,5,7,0.87,ARI,10.0,68.8,4.2,7.0,0.23809523809523808,0,0,0,7.0,38.0
00-0035662,Marquise Brown,ARI,2023,2,54.0,6,10,0.94,NYG,6.0,34.4,3.4,6.4,0.1871345029239766,0,1,0,-5.0,40.0
00-0036936,Rondale Moore,ARI,2023,2,14.0,1,1,0.65,NYG,6.0,63.8,5.6,7.2,0.21052631578947367,0,1,0,-5.0,40.0
00-0033555,Mack Hollins,ATL,2023,2,60.0,3,6,0.71,GB,19.0,26.6,2.6,4.2,0.16535433070866143,0,0,0,3.0,40.5
00-0037238,Drake London,ATL,2023,2,67.0,6,8,0.82,GB,19.0,61.6,5.0,8.2,0.3228346456692913,0,0,0,3.0,40.5
00-0039064,Zay Flowers,BAL,2023,2,62.0,4,5,0.77,CIN,24.0,78.0,9.0,10.0,0.08,0,0,0,-3.5,45.5
00-0031588,Stefon Diggs,BUF,2023,2,66.0,7,7,0.87,LV,10.0,76.2,6.0,8.8,0.2573099415204678,0,0,-1,7.5,47.0
00-0030035,Adam Thielen,CAR,2023,2,54.0,7,9,0.87,NO,2.0,25.0,2.0,3.8,0.168141592920354,0,0,0,-3.0,39.5
00-0034777,DJ Chark,CAR,2023,2,15.0,1,1,0.62,NO,2.0,58.0,3.2,4.4,0.19469026548672566,1,0,0,-3.0,39.5
00-0039062,Jonathan Mingo,CAR,2023,2,26.0,3,8,0.98,NO,2.0,17.0,2.0,5.0,0.04424778761061947,0,0,0,-3.0,39.5
00-0034827,DJ Moore,CHI,2023,2,104.0,6,7,0.91,TB,32.0,61.6,3.8,5.8,0.23015873015873015,0,0,0,-2.5,41.0
00-0036326,Chase Claypool,CHI,2023,2,36.0,3,8,0.79,TB,32.0,30.6,2.6,5.0,0.1984126984126984,0,0,0,-2.5,41.0
00-0033009,Tyler Boyd,CIN,2023,2,52.0,6,8,0.92,BAL,13.0,29.0,3.2,4.0,0.11627906976744186,0,0,0,3.5,45.5
00-0036410,Tee Higgins,CIN,2023,2,89.0,8,12,0.88,BAL,13.0,31.0,2.8,7.2,0.20930232558139536,0,0,0,3.5,45.5
00-0036900,Ja'Marr Chase,CIN,2023,2,31.0,5,8,0.98,BAL,13.0,69.0,6.6,10.0,0.29069767441860467,0,0,0,3.5,45.5
00-0031544,Amari Cooper,CLE,2023,2,90.0,7,10,0.72,PIT,7.0,64.6,3.6,6.0,0.24193548387096775,1,0,0,2.5,39.0
00-0036233,Donovan Peoples-Jones,CLE,2023,2,7.0,1,4,0.87,PIT,7.0,20.0,1.8,3.6,0.14516129032258066,0,0,0,2.5,39.0
00-0036980,Elijah Moore,CLE,2023,2,36.0,3,9,0.77,PIT,7.0,27.6,2.4,4.0,0.16129032258064516,0,0,0,2.5,39.0
00-0034764,Michael Gallup,DAL,2023,2,3.0,1,2,0.72,NYJ,13.0,21.0,2.0,4.2,0.12280701754385964,0,0,1,8.5,38.5
00-0036358,CeeDee Lamb,DAL,2023,2,143.0,11,13,0.72,NYJ,13.0,82.8,6.8,8.8,0.2573099415204678,0,0,1,8.5,38.5
00-0037666,Jalen Tolbert,DAL,2023,2,18.0,3,4,0.68,NYJ,13.0,,,,,0,0,1,8.5,38.5
00-0034348,Courtland Sutton,DEN,2023,2,66.0,5,7,0.89,WAS,3.0,49.6,4.4,6.6,0.22916666666666666,0,0,0,4.0,38.5
00-0036407,Jerry Jeudy,DEN,2023,2,25.0,3,5,0.68,WAS,3.0,91.6,6.6,8.2,0.2847222222222222,0,0,0,4.0,38.5
00-0033943,Josh Reynolds,DET,2023,2,66.0,5,6,0.8,SEA,26.0,39.0,3.2,5.4,0.15976331360946747,0,1,3,4.5,47.5
00-0036963,Amon-Ra St. Brown,DET,2023,2,102.0,6,7,0.74,SEA,26.0,66.8,6.0,9.2,0.27218934911242604,0,1,3,4.5,47.5
00-0037816,Romeo Doubs,GB,2023,2,30.0,2,3,0.76,ATL,4.0,29.6,2.8,6.2,0.21379310344827587,0,0,0,-3.0,40.5
00-0030431,Robert Woods,HOU,2023,2,74.0,6,9,0.86,IND,31.0,35.6,4.2,6.6,0.1896551724137931,0,0,0,-1.0,40.0
00-0036554,Nico Collins,HOU,2023,2,146.0,7,9,0.62,IND,31.0,51.2,5.0,9.4,0.27011494252873564,0,0,0,-1.0,40.0
00-0038977,Tank Dell,HOU,2023,2,72.0,7,10,0.79,IND,31.0,,,,,0,0,0,-1.0,40.0
00-0036252,Michael Pittman,IND,2023,2,56.0,8,12,0.98,HOU,9.0,53.4,6.2,9.0,0.2830188679245283,0,0,0,1.0,40.0
00-0037664,Alec Pierce,IND,2023,2,28.0,2,2,1.0,HOU,9.0,17.6,2.0,4.2,0.1320754716981132,0,0,0,1.0,40.0
00-0038997,Josh Downs,IND,2023,2,37.0,4,5,0.75,HOU,9.0,30.0,3.0,7.0,0.0440251572327044,0,0,0,1.0,40.0
00-0033891,Zay Jones,JAX,2023,2,0.0,0,6,0.66,KC,25.0,51.4,5.0,7.6,0.21965317919075145,0,0,-3,-3.5,50.5
00-0034775,Christian Kirk,JAX,2023,2,110.0,11,14,0.81,KC,25.0,51.8,4.8,8.4,0.24277456647398843,0,0,-3,-3.5,50.5
00-0034837,Calvin Ridley,JAX,2023,2,32.0,2,8,0.79,KC,25.0,101.0,8.0,11.0,0.06358381502890173,0,0,-3,-3.5,50.5
00-0034272,Marquez Valdes-Scantling,KC,2023,2,13.0,2,3,0.82,JAX,18.0,42.0,2.2,4.4,0.13580246913580246,0,0,3,3.5,50.5
00-0036415,Van Jefferson,LA,2023,2,9.0,1,4,0.83,SF,11.0,42.6,3.0,4.4,0.1732283464566929,0,1,0,-7.5,45.0
00-0036849,Tutu Atwell,LA,2023,2,77.0,7,9,0.94,SF,11.0,36.0,2.6,4.4,0.1732283464566929,0,1,0,-7.5,45.0
00-0039075,Puka Nacua,LA,2023,2,147.0,15,20,0.86,SF,11.0,119.0,10.0,15.0,0.11811023622047244,1,1,0,-7.5,45.0
00-0030279,Keenan Allen,LAC,2023,2,111.0,8,10,0.94,TEN,30.0,80.6,7.2,10.6,0.29775280898876405,0,0,0,2.5,45.5
00-0033536,Mike Williams,LAC,2023,2,83.0,8,13,0.9,TEN,30.0,79.6,5.0,6.6,0.1853932584269663,0,0,0,2.5,45.5
00-0031381,Davante Adams,LV,2023,2,84.0,6,8,0.93,BUF,8.0,67.0,4.8,9.4,0.30718954248366015,0,0,1,-7.5,47.0
00-0034983,Hunter Renfrow,LV,2023,2,23.0,1,1,0.65,BUF,8.0,28.0,3.5,5.5,0.1437908496732026,0,0,1,-7.5,47.0
00-0033040,Tyreek Hill,MIA,2023,2,40.0,5,9,0.86,NE,27.0,93.0,5.6,9.6,0.27906976744186046,0,0,0,2.0,46.5
00-0036613,Jaylen Waddle,MIA,2023,2,86.0,4,6,0.73,NE,27.0,72.2,4.0,5.6,0.16279069767441862,0,0,0,2.0,46.5
00-0036322,Justin Jefferson,MIN,2023,2,159.0,11,13,1.0,PHI,5.0,93.6,8.2,11.6,0.30851063829787234,0,0,0,-6.0,49.0
00-0036345,K.J. Osborn,MIN,2023,2,34.0,3,6,0.97,PHI,5.0,76.2,5.6,7.8,0.2074468085106383,0,0,0,-6.0,49.0
00-0038994,Jordan Addison,MIN,2023,2,72.0,3,5,0.69,PHI,5.0,,,,,0,0,0,-6.0,49.0
00-0031547,DeVante Parker,NE,2023,2,57.0,6,8,1.0,MIA,21.0,61.4,3.8,5.2,0.14054054054054055,1,0,0,-2.0,46.5
00-0032765,Michael Thomas,NO,2023,2,55.0,7,9,0.78,CAR,23.0,58.0,5.25,7.5,0.2727272727272727,0,0,0,3.0,39.5
00-0037239,Chris Olave,NO,2023,2,86.0,6,11,0.79,CAR,23.0,68.2,5.2,8.4,0.38181818181818183,0,0,0,3.0,39.5
00-0035535,Darius Slayton,NYG,2023,2,62.0,3,6,0.82,ARI,12.0,40.0,2.8,5.4,0.18120805369127516,0,1,0,5.0,40.0
00-0035639,Parris Campbell,NYG,2023,2,21.0,4,6,0.66,ARI,12.0,25.6,2.8,5.4,0.18120805369127516,0,1,0,5.0,40.0
00-0036165,Isaiah Hodgins,NYG,2023,2,40.0,4,5,0.75,ARI,12.0,52.6,4.4,6.2,0.2080536912751678,0,1,0,5.0,40.0
00-0034521,Allen Lazard,NYJ,2023,2,23.0,2,4,0.94,DAL,17.0,42.8,3.4,5.8,0.18238993710691823,0,0,-1,-8.5,38.5
00-0037740,Garrett Wilson,NYJ,2023,2,83.0,2,8,0.91,DAL,17.0,53.8,5.0,10.2,0.32075471698113206,0,0,-1,-8.5,38.5
00-0035676,A.J. Brown,PHI,2023,2,29.0,4,6,0.96,MIN,19.0,64.0,4.8,8.4,0.2937062937062937,0,0,0,6.0,49.0
00-0036912,DeVonta Smith,PHI,2023,2,131.0,4,5,1.0,MIN,19.0,62.2,5.8,8.0,0.27972027972027974,0,0,0,6.0,49.0
00-0031428,Allen Robinson,PIT,2023,2,12.0,2,3,0.87,CLE,1.0,46.6,4.2,6.2,0.19745222929936307,0,0,0,-2.5,39.0
00-0037247,George Pickens,PIT,2023,2,127.0,4,10,0.85,CLE,1.0,49.4,3.4,5.4,0.17197452229299362,0,0,0,-2.5,39.0
00-0037837,Calvin Austin III,PIT,2023,2,10.0,1,4,0.76,CLE,1.0,,,,,0,0,0,-2.5,39.0
00-0032211,Tyler Lockett,SEA,2023,2,59.0,8,10,0.86,DET,16.0,46.2,4.8,7.4,0.24342105263157895,0,1,-3,-4.5,47.5
00-0035640,DK Metcalf,SEA,2023,2,75.0,6,6,0.83,DET,16.0,61.4,4.8,8.0,0.2631578947368421,0,1,-3,-4.5,47.5
00-0035719,Deebo Samuel Sr.,SF,2023,2,63.0,6,9,0.89,LA,13.0,57.2,4.0,6.4,0.2807017543859649,0,1,0,7.5,45.0
00-0031408,Mike Evans,TB,2023,2,171.0,6,8,0.61,CHI,29.0,91.8,6.0,10.0,0.23148148148148148,0,0,0,2.5,41.0
00-0033921,Chris Godwin,TB,2023,2,58.0,5,8,0.75,CHI,29.0,80.4,8.0,9.2,0.21296296296296297,0,0,0,2.5,41.0
00-0030564,DeAndre Hopkins,TEN,2023,2,40.0,4,5,0.6,LAC,28.0,59.0,5.2,10.2,0.3541666666666667,1,0,0,-2.5,45.5
00-0036182,Nick Westbrook-Ikhine,TEN,2023,2,25.0,3,3,0.68,LAC,28.0,21.6,2.0,4.6,0.1597222222222222,0,0,0,-2.5,45.5
00-0037742,Treylon Burks,TEN,2023,2,76.0,3,4,0.65,LAC,28.0,34.6,2.8,5.2,0.18055555555555555,0,0,0,-2.5,45.5
00-0033282,Curtis Samuel,WAS,2023,2,19.0,3,3,0.62,DEN,22.0,37.0,3.6,4.2,0.15441176470588236,0,0,0,-4.0,38.5
00-0035659,Terry McLaurin,WAS,2023,2,54.0,5,6,0.74,DEN,22.0,55.4,3.4,5.2,0.19117647058823528,0,0,0,-4.0,38.5
00-0037741,Jahan Dotson,WAS,2023,2,22.0,3,5,0.85,DEN,22.0,66.0,4.2,6.6,0.2426470588235294,0,0,0,-4.0,38.5
00-0035662,Marquise Brown,ARI,2023,3,61.0,5,7,0.95,DAL,8.0,41.4,3.8,6.8,0.20606060606060606,0,0,0,-11.5,43.5
00-0038559,Michael Wilson,ARI,2023,3,86.0,2,2,0.67,DAL,8.0,19.0,2.0,4.0,0.024242424242424242,0,0,0,-11.5,43.5
00-0033555,Mack Hollins,ATL,2023,3,23.0,1,4,0.72,DET,14.0,30.6,2.4,3.8,0.1450381679389313,0,1,0,-3.0,47.5
00-0037238,Drake London,ATL,2023,3,31.0,2,6,0.93,DET,14.0,56.0,5.0,7.4,0.2824427480916031,0,1,0,-3.0,47.5
00-0031549,Nelson Agholor,BAL,2023,3,39.0,4,4,0.72,IND,28.0,37.4,3.4,6.2,0.21830985915492956,0,0,0,7.5,43.5
00-0036550,Rashod Bateman,BAL,2023,3,6.0,1,3,0.69,IND,28.0,75.33333333333333,2.6666666666666665,5.333333333333333,0.11267605633802817,0,0,0,7.5,43.5
00-0039064,Zay Flowers,BAL,2023,3,48.0,8,10,0.93,IND,28.0,70.0,6.5,7.5,0.1056338028169014,0,0,0,7.5,43.5
00-0031588,Stefon Diggs,BUF,2023,3,111.0,8,12,0.66,WAS,5.0,84.2,7.0,9.8,0.2692307692307692,0,0,0,5.5,44.0
00-0030035,Adam Thielen,CAR,2023,3,145.0,11,14,0.92,SEA,30.0,27.6,2.8,4.8,0.192,0,0,-1,-5.0,42.5
00-0034777,DJ Chark,CAR,2023,3,86.0,4,11,0.94,SEA,30.0,42.2,2.2,3.2,0.128,0,0,-1,-5.0,42.5
00-0034827,DJ Moore,CHI,2023,3,41.0,3,6,1.0,KC,23.0,67.8,4.0,6.0,0.22556390977443608,0,0,0,-13.0,48.0
00-0036309,Darnell Mooney,CHI,2023,3,0.0,0,1,0.71,KC,23.0,50.4,4.8,5.8,0.21804511278195488,0,0,0,-13.0,48.0
00-0036326,Chase Claypool,CHI,2023,3,15.0,1,4,0.86,KC,23.0,28.8,2.4,5.4,0.20300751879699247,0,0,0,-13.0,48.0
00-0033009,Tyler Boyd,CIN,2023,3,39.0,5,9,0.77,LA,10.0,32.4,3.4,4.6,0.13450292397660818,0,0,0,3.0,45.5
00-0036410,Tee Higgins,CIN,2023,3,21.0,2,8,0.86,LA,10.0,47.4,4.2,8.2,0.23976608187134502,0,0,0,3.0,45.5
00-0036900,Ja'Marr Chase,CIN,2023,3,141.0,12,15,0.96,LA,10.0,58.0,6.0,9.0,0.2631578947368421,0,0,0,3.0,45.5
00-0031544,Amari Cooper,CLE,2023,3,116.0,7,8,0.8,TEN,26.0,71.0,4.2,6.8,0.2463768115942029,0,0,-1,3.5,38.0
00-0036233,Donovan Peoples-Jones,CLE,2023,3,49.0,3,4,0.89,TEN,26.0,15.2,1.2,3.6,0.13043478260869565,0,0,-1,3.5,38.0
00-0036980,Elijah Moore,CLE,2023,3,49.0,9,9,0.76,TEN,26.0,24.6,2.2,4.4,0.15942028985507245,0,0,-1,3.5,38.0
00-0031236,Brandin Cooks,DAL,2023,3,17.0,2,7,0.8,ARI,17.0,61.6,4.2,6.6,0.19760479041916168,0,0,0,11.5,43.5
00-0034764,Michael Gallup,DAL,2023,3,92.0,6,7,0.69,ARI,17.0,13.8,1.6,3.8,0.11377245508982035,0,0,0,11.5,43.5
00-0036358,CeeDee Lamb,DAL,2023,3,53.0,4,7,0.83,ARI,17.0,91.4,6.8,8.6,0.25748502994011974,0,0,0,11.5,43.5
00-0034348,Courtland Sutton,DEN,2023,3,91.0,8,11,0.95,MIA,18.0,47.8,4.2,6.4,0.2191780821917808,0,0,0,-6.0,47.5
00-0036407,Jerry Jeudy,DEN,2023,3,81.0,5,7,0.76,MIA,18.0,82.0,5.6,7.4,0.2534246575342466,0,0,0,-6.0,47.5
00-0037382,Brandon Johnson,DEN,2023,3,12.0,2,3,0.6,MIA,18.0,5.0,1.0,4.0,0.0547945205479452,0,0,0,-6.0,47.5
00-0036963,Amon-Ra St. Brown,DET,2023,3,102.0,9,12,0.94,ATL,2.0,72.0,5.8,8.6,0.25595238095238093,1,1,0,3.0,47.5
00-0037816,Romeo Doubs,GB,2023,3,73.0,5,12,0.86,NO,3.0,29.8,2.6,5.8,0.20422535211267606,0,0,1,-1.5,41.5
00-0038393,Dontayvion Wicks,GB,2023,3,45.0,4,6,0.66,NO,3.0,0.0,0.0,2.0,0.014084507042253521,0,0,1,-1.5,41.5
00-0039146,Jayden Reed,GB,2023,3,63.0,3,7,0.66,NO,3.0,,,,,0,0,1,-1.5,41.5
00-0030431,Robert Woods,HOU,2023,3,34.0,3,6,0.77,JAX,20.0,48.0,5.0,7.6,0.2,0,0,0,-7.5,43.5
00-0036554,Nico Collins,HOU,2023,3,34.0,2,3,0.66,JAX,20.0,70.6,5.4,9.2,0.24210526315789474,0,0,0,-7.5,43.5
00-0038977,Tank Dell,HOU,2023,3,145.0,5,7,0.61,JAX,20.0,72.0,7.0,10.0,0.05263157894736842,0,0,0,-7.5,43.5
00-0036252,Michael Pittman,IND,2023,3,77.0,9,11,1.0,BAL,13.0,52.6,5.8,8.6,0.27044025157232704,0,0,0,-7.5,43.5
00-0037664,Alec Pierce,IND,2023,3,43.0,3,7,0.96,BAL,13.0,23.2,2.4,3.6,0.11320754716981132,0,0,0,-7.5,43.5
00-0038997,Josh Downs,IND,2023,3,57.0,8,12,0.8,BAL,13.0,33.5,3.5,6.0,0.07547169811320754,0,0,0,-7.5,43.5
00-0034775,Christian Kirk,JAX,2023,3,54.0,4,6,0.86,HOU,4.0,69.6,6.6,10.6,0.2849462365591398,0,0,0,7.5,43.5
00-0034837,Calvin Ridley,JAX,2023,3,40.0,3,7,0.82,HOU,4.0,66.5,5.0,9.5,0.10215053763440861,0,0,0,7.5,43.5
00-0038090,Skyy Moore,KC,2023,3,42.0,4,6,0.65,CHI,27.0,0.0,0.0,3.0,0.01694915254237288,0,0,0,13.0,48.0
00-0036415,Van Jefferson,LA,2023,3,46.0,1,3,0.93,CIN,21.0,38.0,2.8,4.8,0.1509433962264151,0,0,0,-3.0,45.5
00-0036849,Tutu Atwell,LA,2023,3,50.0,4,9,0.87,CIN,21.0,49.4,3.8,5.4,0.16981132075471697,0,0,0,-3.0,45.5
00-0039075,Puka Nacua,LA,2023,3,72.0,5,7,0.96,CIN,21.0,133.0,12.5,17.5,0.22012578616352202,1,0,0,-3.0,45.5
00-0030279,Keenan Allen,LAC,2023,3,215.0,18,20,0.89,MIN,6.0,82.0,6.6,9.8,0.2620320855614973,0,1,-3,-1.0,54.0
00-0033536,Mike Williams,LAC,2023,3,121.0,7,8,0.67,MIN,6.0,73.0,5.4,8.0,0.21390374331550802,0,1,-3,-1.0,54.0
00-0036988,Josh Palmer,LAC,2023,3,66.0,4,7,0.61,MIN,6.0,35.2,3.2,4.8,0.12834224598930483,0,1,-3,-1.0,54.0
00-0031381,Davante Adams,LV,2023,3,172.0,13,20,0.97,PIT,7.0,78.2,5.2,9.2,0.3194444444444444,0,1,1,3.0,43.5
00-0034960,Jakobi Meyers,LV,2023,3,85.0,7,12,0.86,PIT,7.0,58.4,5.2,7.8,0.2708333333333333,0,1,1,3.0,43.5
00-0036322,Justin Jefferson,MIN,2023,3,149.0,7,13,0.95,LAC,31.0,100.8,8.0,11.0,0.2972972972972973,0,1,3,1.0,54.0
00-0036345,K.J. Osborn,MIN,2023,3,36.0,1,3,0.93,LAC,31.0,51.6,4.2,5.8,0.15675675675675677,0,1,3,1.0,54.0
00-0038994,Jordan Addison,MIN,2023,3,52.0,6,8,0.71,LAC,31.0,72.0,3.0,5.0,0.02702702702702703,0,1,3,1.0,54.0
00-0031547,DeVante Parker,NE,2023,3,19.0,2,3,0.76,NYJ,12.0,60.0,4.2,5.6,0.14213197969543148,0,0,0,2.5,35.5
00-0033857,JuJu Smith-Schuster,NE,2023,3,5.0,1,3,0.74,NYJ,12.0,33.0,3.2,4.0,0.10152284263959391,0,0,0,2.5,35.5
00-0032765,Michael Thomas,NO,2023,3,50.0,6,9,0.75,GB,22.0,57.4,5.6,7.8,0.30952380952380953,0,0,-1,1.5,41.5
00-0037239,Chris Olave,NO,2023,3,104.0,8,11,0.8,GB,22.0,73.0,5.4,8.8,0.3492063492063492,0,0,-1,1.5,41.5
00-0037545,Rashid Shaheed,NO,2023,3,0.0,0,2,0.72,GB,22.0,70.75,4.0,4.5,0.14285714285714285,0,0,-1,1.5,41.5
00-0035535,Darius Slayton,NYG,2023,3,32.0,3,6,0.84,SF,16.0,36.6,2.6,5.4,0.16770186335403728,0,0,0,-10.5,43.5
00-0036165,Isaiah Hodgins,NYG,2023,3,0.0,0,1,0.66,SF,16.0,42.8,3.6,4.8,0.14906832298136646,0,0,0,-10.5,43.5
00-0028002,Randall Cobb,NYJ,2023,3,12.0,1,2,0.73,NE,25.0,56.5,4.5,8.0,0.10666666666666667,0,0,0,-2.5,35.5
00-0034521,Allen Lazard,NYJ,2023,3,39.0,3,5,0.97,NE,25.0,46.0,3.6,6.2,0.20666666666666667,0,0,0,-2.5,35.5
00-0037740,Garrett Wilson,NYJ,2023,3,48.0,5,9,0.97,NE,25.0,50.8,4.6,10.0,0.3333333333333333,0,0,0,-2.5,35.5
00-0035676,A.J. Brown,PHI,2023,3,131.0,9,14,0.83,TB,32.0,50.8,4.8,7.6,0.2835820895522388,0,0,3,6.0,44.0
00-0036912,DeVonta Smith,PHI,2023,3,28.0,4,5,0.99,TB,32.0,75.0,5.2,7.4,0.27611940298507465,0,0,3,6.0,44.0
00-0031428,Allen Robinson,PIT,2023,3,24.0,4,4,0.81,LV,19.0,38.2,3.6,5.4,0.16363636363636364,0,1,-1,-3.0,43.5
00-0037247,George Pickens,PIT,2023,3,75.0,4,6,0.89,LV,19.0,64.2,3.8,6.4,0.19393939393939394,0,1,-1,-3.0,43.5
00-0037837,Calvin Austin III,PIT,2023,3,72.0,2,6,0.73,LV,19.0,10.0,1.0,4.0,0.024242424242424242,0,1,-1,-3.0,43.5
00-0032211,Tyler Lockett,SEA,2023,3,34.0,3,7,0.81,CAR,24.0,46.0,5.4,7.6,0.25165562913907286,0,0,1,5.0,42.5
00-0035640,DK Metcalf,SEA,2023,3,112.0,6,8,0.72,CAR,24.0,60.2,4.6,7.4,0.24503311258278146,1,0,1,5.0,42.5
00-0035719,Deebo Samuel Sr.,SF,2023,3,129.0,6,12,0.82,NYG,9.0,65.8,4.8,7.6,0.31932773109243695,0,0,0,10.5,43.5
00-0031408,Mike Evans,TB,2023,3,60.0,5,10,0.81,PHI,15.0,109.4,6.2,9.8,0.245,0,0,-3,-6.0,44.0
00-0033921,Chris Godwin,TB,2023,3,32.0,3,5,0.87,PHI,15.0,75.4,7.4,9.2,0.23,0,0,-3,-6.0,44.0
00-0039052,Trey Palmer,TB,2023,3,8.0,1,1,0.72,PHI,15.0,,,,,0,0,-3,-6.0,44.0
00-0030564,DeAndre Hopkins,TEN,2023,3,48.0,3,7,0.73,CLE,1.0,49.6,5.2,10.0,0.352112676056338,1,0,1,-3.5,38.0
00-0037742,Treylon Burks,TEN,2023,3,5.0,1,6,0.75,CLE,1.0,35.8,2.6,4.8,0.16901408450704225,0,0,1,-3.5,38.0
00-0033282,Curtis Samuel,WAS,2023,3,54.0,2,4,0.74,BUF,11.0,38.8,4.0,4.4,0.15384615384615385,1,0,0,-5.5,44.0
00-0035659,Terry McLaurin,WAS,2023,3,41.0,6,6,0.81,BUF,11.0,52.2,3.2,5.2,0.18181818181818182,0,0,0,-5.5,44.0
00-0037741,Jahan Dotson,WAS,2023,3,21.0,2,4,0.94,BUF,11.0,49.4,4.0,6.4,0.22377622377622378,0,0,0,-5.5,44.0
00-0035662,Marquise Brown,ARI,2023,4,96.0,7,10,0.94,SF,6.0,42.2,4.2,7.0,0.2413793103448276,1,0,-3,-15.0,44.0
00-0036936,Rondale Moore,ARI,2023,4,0.0,0,2,0.76,SF,6.0,60.4,5.6,7.0,0.2413793103448276,0,0,-3,-15.0,44.0
00-0038559,Michael Wilson,ARI,2023,4,76.0,7,7,0.7,SF,6.0,52.5,2.0,3.0,0.041379310344827586,0,0,-3,-15.0,44.0
00-0033555,Mack Hollins,ATL,2023,4,0.0,0,3,0.79,JAX,25.0,33.8,2.4,4.2,0.15217391304347827,0,0,0,-3.5,42.5
00-0037238,Drake London,ATL,2023,4,28.0,3,7,0.86,JAX,25.0,48.2,4.0,6.4,0.2318840579710145,0,0,0,-3.5,42.5
00-0031549,Nelson Agholor,BAL,2023,4,4.0,1,2,0.74,CLE,1.0,37.0,3.8,6.4,0.21052631578947367,0,0,0,2.0,38.5
00-0036331,Devin Duvernay,BAL,2023,4,8.0,2,2,0.6,CLE,1.0,18.8,2.6,3.2,0.10526315789473684,0,0,0,2.0,38.5
00-0039064,Zay Flowers,BAL,2023,4,56.0,3,4,0.98,CLE,1.0,62.666666666666664,7.0,8.333333333333334,0.16447368421052633,0,0,0,2.0,38.5
00-0031588,Stefon Diggs,BUF,2023,4,120.0,6,7,0.76,MIA,24.0,85.6,7.2,10.2,0.2786885245901639,0,0,0,2.5,53.0
00-0030035,Adam Thielen,CAR,2023,4,76.0,7,8,0.9,MIN,21.0,55.4,4.8,6.6,0.20496894409937888,0,0,0,-4.5,46.5
00-0034777,DJ Chark,CAR,2023,4,28.0,2,3,0.92,MIN,21.0,55.8,2.8,5.0,0.15527950310559005,0,0,0,-4.5,46.5
00-0036955,Terrace Marshall Jr.,CAR,2023,4,56.0,9,10,0.63,MIN,21.0,33.4,2.2,3.6,0.11180124223602485,0,0,0,-4.5,46.5
00-0034827,DJ Moore,CHI,2023,4,131.0,8,9,0.93,DEN,31.0,59.4,3.6,5.8,0.2265625,0,0,0,-3.0,47.0
00-0036309,Darnell Mooney,CHI,2023,4,51.0,4,4,0.75,DEN,31.0,36.4,3.8,5.0,0.1953125,0,0,0,-3.0,47.0
00-0033009,Tyler Boyd,CIN,2023,4,26.0,4,7,0.91,TEN,28.0,30.0,3.4,5.0,0.13513513513513514,0,0,-1,2.5,41.5
00-0036900,Ja'Marr Chase,CIN,2023,4,73.0,7,9,0.94,TEN,28.0,69.4,6.6,9.6,0.2594594594594595,0,0,-1,2.5,41.5
00-0031544,Amari Cooper,CLE,2023,4,16.0,1,6,0.81,BAL,15.0,79.8,4.4,6.4,0.22535211267605634,0,0,0,-2.0,38.5
00-0036233,Donovan Peoples-Jones,CLE,2023,4,7.0,1,4,0.9,BAL,15.0,24.6,1.6,3.4,0.11971830985915492,0,0,0,-2.0,38.5
00-0036980,Elijah Moore,CLE,2023,4,20.0,2,4,0.83,BAL,15.0,31.4,3.6,5.6,0.19718309859154928,0,0,0,-2.0,38.5
00-0031236,Brandin Cooks,DAL,2023,4,27.0,4,4,0.7,NE,12.0,51.0,4.0,6.8,0.20359281437125748,0,1,0,6.5,43.0
00-0036358,CeeDee Lamb,DAL,2023,4,36.0,4,6,0.63,NE,12.0,91.6,6.6,8.6,0.25748502994011974,0,1,0,6.5,43.0
00-0034348,Courtland Sutton,DEN,2023,4,27.0,3,5,0.83,CHI,29.0,53.2,4.8,7.2,0.24324324324324326,0,0,0,3.0,47.0
00-0036407,Jerry Jeudy,DEN,2023,4,52.0,3,5,0.63,CHI,29.0,83.0,5.2,7.2,0.24324324324324326,0,0,0,3.0,47.0
00-0033943,Josh Reynolds,DET,2023,4,69.0,3,6,0.73,GB,19.0,49.4,3.8,5.4,0.17088607594936708,0,0,0,2.5,45.0
00-0036963,Amon-Ra St. Brown,DET,2023,4,56.0,5,7,0.88,GB,19.0,77.2,6.2,8.4,0.26582278481012656,0,0,0,2.5,45.0
00-0037816,Romeo Doubs,GB,2023,4,95.0,9,13,0.88,DET,10.0,40.2,2.8,6.4,0.21768707482993196,0,0,0,-2.5,45.0
00-0039146,Jayden Reed,GB,2023,4,55.0,3,5,0.67,DET,10.0,63.0,3.0,7.0,0.047619047619047616,0,0,0,-2.5,45.0
00-0030431,Robert Woods,HOU,2023,4,26.0,3,6,0.72,PIT,17.0,48.8,4.8,7.8,0.203125,0,0,0,-3.0,41.5
00-0036554,Nico Collins,HOU,2023,4,168.0,7,9,0.76,PIT,17.0,67.8,4.8,8.4,0.21875,0,0,0,-3.0,41.5
00-0038977,Tank Dell,HOU,2023,4,16.0,1,3,0.7,PIT,17.0,108.5,6.0,8.5,0.08854166666666667,0,0,0,-3.0,41.5
00-0036252,Michael Pittman,IND,2023,4,15.0,1,5,0.95,LA,8.0,60.2,6.8,9.4,0.27167630057803466,0,0,1,-1.0,44.5
00-0037664,Alec Pierce,IND,2023,4,38.0,1,2,0.91,LA,8.0,26.6,2.4,4.2,0.12138728323699421,0,0,1,-1.0,44.5
00-0038997,Josh Downs,IND,2023,4,34.0,2,3,0.73,LA,8.0,41.333333333333336,5.0,8.0,0.13872832369942195,0,0,1,-1.0,44.5
00-0034775,Christian Kirk,JAX,2023,4,84.0,8,12,0.79,ATL,2.0,60.6,6.2,10.2,0.25888324873096447,0,0,0,3.5,42.5
00-0034837,Calvin Ridley,JAX,2023,4,38.0,2,2,0.8,ATL,2.0,57.666666666666664,4.333333333333333,8.666666666666666,0.1319796954314721,0,0,0,3.5,42.5
00-0034386,Justin Watson,KC,2023,4,5.0,1,1,0.61,NYJ,7.0,6.6,0.6,2.2,0.061452513966480445,0,0,0,9.5,41.5
00-0036415,Van Jefferson,LA,2023,4,29.0,2,3,0.87,IND,26.0,43.4,2.4,4.4,0.13496932515337423,0,0,-1,1.0,44.5
00-0036849,Tutu Atwell,LA,2023,4,24.0,5,9,0.78,IND,26.0,56.6,4.2,6.8,0.2085889570552147,0,0,-1,1.0,44.5
00-0039075,Puka Nacua,LA,2023,4,163.0,9,10,0.95,IND,26.0,112.66666666666667,10.0,14.0,0.25766871165644173,0,0,-1,1.0,44.5
00-0030279,Keenan Allen,LAC,2023,4,32.0,3,5,0.75,LV,20.0,113.0,9.2,12.6,0.3088235294117647,0,1,0,7.0,49.0
00-0036988,Josh Palmer,LAC,2023,4,77.0,3,8,0.86,LV,20.0,37.8,3.2,5.0,0.12254901960784313,0,1,0,7.0,49.0
00-0031381,Davante Adams,LV,2023,4,75.0,8,13,0.86,LAC,32.0,109.6,7.4,11.4,0.36075949367088606,0,1,0,-7.0,49.0
00-0034960,Jakobi Meyers,LV,2023,4,33.0,2,4,0.96,LAC,32.0,66.0,6.2,9.0,0.2848101265822785,0,1,0,-7.0,49.0
00-0033040,Tyreek Hill,MIA,2023,4,58.0,3,5,0.72,BUF,5.0,80.4,5.8,10.2,0.30357142857142855,0,0,0,-2.5,53.0
00-0036613,Jaylen Waddle,MIA,2023,4,46.0,4,5,0.75,BUF,5.0,60.8,3.8,5.6,0.16666666666666666,0,0,0,-2.5,53.0
00-0036322,Justin Jefferson,MIN,2023,4,85.0,6,9,0.98,CAR,22.0,104.0,7.0,10.4,0.2639593908629442,0,0,0,4.5,46.5
00-0036345,K.J. Osborn,MIN,2023,4,16.0,1,2,0.83,CAR,22.0,55.4,3.8,5.6,0.14213197969543148,0,0,0,4.5,46.5
00-0031547,DeVante Parker,NE,2023,4,33.0,2,4,0.82,DAL,9.0,50.2,4.0,5.2,0.13402061855670103,0,1,0,-6.5,43.0
00-0032765,Michael Thomas,NO,2023,4,53.0,4,6,0.8,TB,27.0,56.0,5.8,8.0,0.273972602739726,0,1,1,4.0,41.0
00-0037239,Chris Olave,NO,2023,4,4.0,1,6,0.82,TB,27.0,80.8,6.2,9.8,0.3356164383561644,0,1,1,4.0,41.0
00-0035535,Darius Slayton,NYG,2023,4,23.0,2,3,0.88,SEA,30.0,40.2,2.8,6.0,0.1935483870967742,0,0,3,-2.5,46.5
00-0038117,Wan'Dale Robinson,NYG,2023,4,40.0,5,6,0.64,SEA,30.0,46.25,4.75,6.5,0.16774193548387098,0,0,3,-2.5,46.5
00-0038938,Jalin Hyatt,NYG,2023,4,10.0,2,2,0.6,SEA,30.0,,,,,0,0,3,-2.5,46.5
00-0034521,Allen Lazard,NYJ,2023,4,61.0,3,3,0.86,KC,18.0,41.6,3.2,5.0,0.16891891891891891,0,0,0,-9.5,41.5
00-0037740,Garrett Wilson,NYJ,2023,4,60.0,9,14,0.93,KC,18.0,54.4,4.8,10.0,0.33783783783783783,0,0,0,-9.5,41.5
00-0035208,Olamide Zaccheaus,PHI,2023,4,11.0,1,2,0.86,WAS,4.0,31.8,3.0,6.0,0.20689655172413793,0,0,-1,9.5,43.0
00-0035676,A.J. Brown,PHI,2023,4,175.0,9,13,0.96,WAS,4.0,72.6,6.0,9.2,0.31724137931034485,0,0,-1,9.5,43.0
00-0036912,DeVonta Smith,PHI,2023,4,78.0,7,9,0.99,WAS,4.0,68.4,4.8,6.4,0.2206896551724138,0,0,-1,9.5,43.0
00-0031428,Allen Robinson,PIT,2023,4,8.0,1,2,0.85,HOU,11.0,38.2,3.8,5.2,0.16666666666666666,0,0,0,3.0,41.5
00-0037247,George Pickens,PIT,2023,4,25.0,3,7,0.98,HOU,11.0,67.8,3.6,6.6,0.21153846153846154,0,0,0,3.0,41.5
00-0037837,Calvin Austin III,PIT,2023,4,24.0,3,5,0.9,HOU,11.0,41.0,1.5,5.0,0.0641025641025641,0,0,0,3.0,41.5
00-0032211,Tyler Lockett,SEA,2023,4,54.0,4,6,0.69,NYG,14.0,39.2,4.6,7.2,0.22784810126582278,0,0,-3,2.5,46.5
00-0035640,DK Metcalf,SEA,2023,4,34.0,3,4,0.71,NYG,14.0,82.0,5.6,8.0,0.25316455696202533,0,0,-3,2.5,46.5
00-0036261,Brandon Aiyuk,SF,2023,4,148.0,6,6,0.76,ARI,16.0,59.4,3.6,4.6,0.18110236220472442,0,0,3,15.0,44.0
00-0033921,Chris Godwin,TB,2023,4,114.0,8,11,0.75,NO,3.0,69.2,6.4,8.2,0.22404371584699453,0,1,-1,-4.0,41.0
00-0037487,Deven Thompkins,TB,2023,4,45.0,4,4,0.63,NO,3.0,25.0,4.0,9.0,0.04918032786885246,0,1,-1,-4.0,41.0
00-0039052,Trey Palmer,TB,2023,4,6.0,2,3,0.75,NO,3.0,8.0,1.0,1.0,0.00546448087431694,0,1,-1,-4.0,41.0
00-0032398,Chris Moore,TEN,2023,4,44.0,1,3,0.79,CIN,23.0,46.8,4.2,6.8,0.2328767123287671,0,0,1,-2.5,41.5
00-0036182,Nick Westbrook-Ikhine,TEN,2023,4,51.0,5,6,0.83,CIN,23.0,22.0,2.0,3.6,0.1232876712328767,0,0,1,-2.5,41.5
00-0033282,Curtis Samuel,WAS,2023,4,51.0,7,8,0.69,PHI,13.0,37.0,3.2,3.8,0.13768115942028986,0,0,1,-9.5,43.0
00-0035659,Terry McLaurin,WAS,2023,4,86.0,8,10,0.81,PHI,13.0,45.0,3.6,5.4,0.1956521739130435,0,0,1,-9.5,43.0
00-0037741,Jahan Dotson,WAS,2023,4,27.0,4,9,0.72,PHI,13.0,38.4,3.2,5.4,0.1956521739130435,0,0,1,-9.5,43.0
00-0035662,Marquise Brown,ARI,2023,5,61.0,4,10,0.91,CIN,19.0,49.2,4.4,7.2,0.24324324324324326,0,1,0,-3.0,45.5
00-0036936,Rondale Moore,ARI,2023,5,26.0,3,5,0.67,CIN,19.0,42.0,4.2,5.8,0.19594594594594594,0,1,0,-3.0,45.5
00-0038559,Michael Wilson,ARI,2023,5,18.0,1,2,0.75,CIN,19.0,60.333333333333336,3.6666666666666665,4.333333333333333,0.08783783783783784,0,1,0,-3.0,45.5
00-0037238,Drake London,ATL,2023,5,78.0,6,9,0.86,HOU,9.0,34.6,3.2,6.0,0.2097902097902098,0,0,0,2.5,42.0
00-0039064,Zay Flowers,BAL,2023,5,73.0,5,11,0.99,PIT,24.0,61.0,6.0,7.25,0.2283464566929134,0,0,0,4.5,38.5
00-0031588,Stefon Diggs,BUF,2023,5,121.0,8,11,0.87,JAX,18.0,86.8,7.0,9.8,0.28654970760233917,0,0,0,5.5,48.5
00-0030035,Adam Thielen,CAR,2023,5,107.0,11,13,0.97,DET,17.0,67.4,6.0,7.4,0.22981366459627328,0,1,-3,-9.5,43.5
00-0034777,DJ Chark,CAR,2023,5,42.0,3,6,0.99,DET,17.0,39.8,2.4,4.6,0.14285714285714285,0,1,-3,-9.5,43.5
00-0039062,Jonathan Mingo,CAR,2023,5,48.0,5,7,0.86,DET,17.0,21.5,2.5,6.5,0.08074534161490683,0,1,-3,-9.5,43.5
00-0034827,DJ Moore,CHI,2023,5,230.0,8,10,0.88,WAS,14.0,62.2,4.0,5.6,0.19718309859154928,0,0,0,-6.0,45.5
00-0036309,Darnell Mooney,CHI,2023,5,0.0,0,4,0.78,WAS,14.0,38.0,3.2,4.2,0.14788732394366197,0,0,0,-6.0,45.5
00-0033009,Tyler Boyd,CIN,2023,5,39.0,6,7,0.73,ARI,20.0,30.0,3.6,5.8,0.16111111111111112,0,1,0,3.0,45.5
00-0035341,Trenton Irwin,CIN,2023,5,60.0,8,10,0.76,ARI,20.0,30.5,1.75,3.0,0.06666666666666667,0,1,0,3.0,45.5
00-0036900,Ja'Marr Chase,CIN,2023,5,192.0,15,19,0.93,ARI,20.0,71.8,7.0,9.8,0.2722222222222222,0,1,0,3.0,45.5
00-0031236,Brandin Cooks,DAL,2023,5,7.0,1,4,0.65,SF,12.0,44.6,3.8,6.6,0.19298245614035087,0,0,0,-3.5,45.0
00-0034764,Michael Gallup,DAL,2023,5,15.0,2,5,0.82,SF,12.0,30.2,2.6,4.0,0.11695906432748537,0,0,0,-3.5,45.0
00-0036358,CeeDee Lamb,DAL,2023,5,49.0,4,5,0.69,SF,12.0,85.2,6.6,8.6,0.25146198830409355,0,0,0,-3.5,45.0
00-0034348,Courtland Sutton,DEN,2023,5,13.0,1,3,0.86,NYJ,10.0,49.8,4.6,7.0,0.25,0,0,0,2.5,42.5
00-0036407,Jerry Jeudy,DEN,2023,5,50.0,6,7,0.86,NYJ,10.0,70.0,4.6,6.2,0.22142857142857142,0,0,0,2.5,42.5
00-0037816,Romeo Doubs,GB,2023,5,4.0,1,4,0.86,LV,11.0,59.2,4.6,8.2,0.2645161290322581,0,1,3,-1.0,45.0
00-0038124,Christian Watson,GB,2023,5,91.0,3,7,0.84,LV,11.0,63.8,3.4,6.0,0.1935483870967742,0,1,3,-1.0,45.0
00-0030431,Robert Woods,HOU,2023,5,30.0,3,9,0.67,ATL,1.0,46.2,4.4,7.2,0.2033898305084746,0,0,0,-2.5,42.0
00-0036554,Nico Collins,HOU,2023,5,39.0,3,4,0.88,ATL,1.0,92.6,5.0,8.4,0.23728813559322035,0,0,0,-2.5,42.0
00-0036252,Michael Pittman,IND,2023,5,52.0,5,7,1.0,TEN,21.0,55.0,5.8,8.8,0.25882352941176473,0,0,0,-2.5,43.5
00-0037664,Alec Pierce,IND,2023,5,10.0,1,2,0.98,TEN,21.0,31.2,2.0,3.6,0.10588235294117647,0,0,0,-2.5,43.5
00-0038997,Josh Downs,IND,2023,5,97.0,6,6,0.71,TEN,21.0,39.5,4.25,6.75,0.1588235294117647,0,0,0,-2.5,43.5
00-0034775,Christian Kirk,JAX,2023,5,78.0,6,8,0.83,BUF,7.0,61.8,6.2,9.8,0.27071823204419887,0,0,0,-5.5,48.5
00-0034837,Calvin Ridley,JAX,2023,5,122.0,7,8,0.85,BUF,7.0,52.75,3.75,7.0,0.15469613259668508,0,0,0,-5.5,48.5
00-0034272,Marquez Valdes-Scantling,KC,2023,5,12.0,1,2,0.65,MIN,21.0,41.0,2.4,4.2,0.12574850299401197,0,1,0,3.5,52.5
00-0033908,Cooper Kupp,LA,2023,5,118.0,8,12,0.95,PHI,23.0,82.0,6.6,8.8,0.2391304347826087,0,1,0,-3.5,50.5
00-0036849,Tutu Atwell,LA,2023,5,9.0,2,5,0.89,PHI,23.0,59.4,4.8,7.6,0.20652173913043478,0,1,0,-3.5,50.5
00-0039075,Puka Nacua,LA,2023,5,71.0,7,11,1.0,PHI,23.0,125.25,9.75,13.0,0.2826086956521739,0,1,0,-3.5,50.5
00-0031381,Davante Adams,LV,2023,5,45.0,4,4,0.94,GB,13.0,94.0,7.6,11.8,0.36419753086419754,1,1,-3,1.0,45.0
00-0034960,Jakobi Meyers,LV,2023,5,75.0,7,10,0.95,GB,13.0,56.0,5.4,8.4,0.25925925925925924,0,1,-3,1.0,45.0
00-0036613,Jaylen Waddle,MIA,2023,5,35.0,5,10,0.81,NYG,6.0,59.6,4.0,5.6,0.16091954022988506,0,0,1,12.5,47.5
00-0036322,Justin Jefferson,MIN,2023,5,28.0,3,6,0.71,KC,16.0,118.0,8.0,11.2,0.2994652406417112,0,1,0,-3.5,52.5
00-0036345,K.J. Osborn,MIN,2023,5,49.0,5,9,0.89,KC,16.0,46.8,2.6,4.6,0.12299465240641712,0,1,0,-3.5,52.5
00-0038994,Jordan Addison,MIN,2023,5,64.0,6,9,0.75,KC,16.0,62.0,4.5,6.5,0.06951871657754011,0,1,0,-3.5,52.5
00-0031547,DeVante Parker,NE,2023,5,20.0,2,4,0.98,NO,3.0,40.8,3.6,5.2,0.13612565445026178,0,0,0,2.5,38.5
00-0033307,Kendrick Bourne,NE,2023,5,43.0,2,5,0.87,NO,3.0,31.6,3.4,5.0,0.13089005235602094,0,0,0,2.5,38.5
00-0032765,Michael Thomas,NO,2023,5,65.0,4,7,0.71,NE,15.0,53.6,5.4,7.4,0.22981366459627328,0,0,0,-2.5,38.5
00-0037239,Chris Olave,NO,2023,5,12.0,2,5,0.79,NE,15.0,73.2,5.6,10.0,0.3105590062111801,0,0,0,-2.5,38.5
00-0035535,Darius Slayton,NYG,2023,5,35.0,2,4,0.68,MIA,26.0,27.2,2.4,5.0,0.16339869281045752,0,0,-1,-12.5,47.5
00-0038117,Wan'Dale Robinson,NYG,2023,5,18.0,5,6,0.67,MIA,26.0,45.0,4.8,6.4,0.20915032679738563,0,0,-1,-12.5,47.5
00-0034521,Allen Lazard,NYJ,2023,5,33.0,3,4,0.92,DEN,28.0,42.0,2.8,4.4,0.15492957746478872,0,0,0,-2.5,42.5
00-0037740,Garrett Wilson,NYJ,2023,5,54.0,3,7,0.83,DEN,28.0,62.8,6.0,10.6,0.3732394366197183,0,0,0,-2.5,42.5
00-0035676,A.J. Brown,PHI,2023,5,127.0,6,8,0.99,LA,5.0,102.0,7.0,10.2,0.32903225806451614,0,1,0,3.5,50.5
00-0036271,Quez Watkins,PHI,2023,5,4.0,2,3,0.66,LA,5.0,15.4,2.0,4.0,0.12903225806451613,0,1,0,3.5,50.5
00-0036912,DeVonta Smith,PHI,2023,5,6.0,1,5,0.94,LA,5.0,76.8,5.8,7.6,0.24516129032258063,0,1,0,3.5,50.5
00-0031428,Allen Robinson,PIT,2023,5,29.0,5,9,0.86,BAL,8.0,31.0,3.2,4.4,0.14102564102564102,0,0,0,-4.5,38.5
00-0037247,George Pickens,PIT,2023,5,130.0,6,10,0.88,BAL,8.0,67.0,3.8,7.2,0.23076923076923078,0,0,0,-4.5,38.5
00-0035719,Deebo Samuel Sr.,SF,2023,5,55.0,3,3,0.73,DAL,2.0,65.0,4.8,8.2,0.33884297520661155,0,0,0,3.5,45.0
00-0036261,Brandon Aiyuk,SF,2023,5,58.0,4,7,0.79,DAL,2.0,77.2,4.0,4.8,0.19834710743801653,0,0,0,3.5,45.0
00-0030564,DeAndre Hopkins,TEN,2023,5,140.0,8,11,0.83,IND,27.0,43.4,4.4,9.2,0.34328358208955223,0,0,0,2.5,43.5
00-0036182,Nick Westbrook-Ikhine,TEN,2023,5,9.0,1,3,0.7,IND,27.0,32.2,3.0,4.4,0.16417910447761194,0,0,0,2.5,43.5
00-0033282,Curtis Samuel,WAS,2023,5,65.0,6,7,0.7,CHI,25.0,36.8,3.6,4.4,0.1476510067114094,0,0,0,6.0,45.5
00-0035659,Terry McLaurin,WAS,2023,5,49.0,4,5,0.83,CHI,25.0,57.2,4.8,6.4,0.21476510067114093,0,0,0,6.0,45.5
00-0037741,Jahan Dotson,WAS,2023,5,30.0,3,5,0.8,CHI,25.0,36.4,3.4,5.8,0.19463087248322147,0,0,0,6.0,45.5
00-0035662,Marquise Brown,ARI,2023,6,34.0,4,11,0.89,LA,10.0,60.0,5.0,8.4,0.2781456953642384,1,1,0,-7.0,48.0
00-0036936,Rondale Moore,ARI,2023,6,30.0,4,7,0.66,LA,10.0,33.4,3.2,4.8,0.15894039735099338,0,1,0,-7.0,48.0
00-0038559,Michael Wilson,ARI,2023,6,62.0,3,4,0.88,LA,10.0,49.75,3.0,3.75,0.09933774834437085,0,1,0,-7.0,48.0
00-0037238,Drake London,ATL,2023,6,125.0,9,12,0.82,WAS,19.0,40.8,3.4,6.2,0.20394736842105263,0,1,-3,1.5,42.0
00-0039064,Zay Flowers,BAL,2023,6,50.0,6,8,0.89,TEN,22.0,63.4,5.8,8.0,0.28776978417266186,0,0,0,5.5,42.5
00-0031588,Stefon Diggs,BUF,2023,6,100.0,10,16,0.93,NYG,16.0,104.0,7.8,10.0,0.2994011976047904,0,0,0,15.5,43.5
00-0030035,Adam Thielen,CAR,2023,6,115.0,11,13,0.81,MIA,21.0,78.8,7.6,9.2,0.24864864864864866,0,0,0,-14.0,47.5
00-0034777,DJ Chark,CAR,2023,6,26.0,3,6,0.67,MIA,21.0,37.0,2.6,5.0,0.13513513513513514,0,0,0,-14.0,47.5
00-0039062,Jonathan Mingo,CAR,2023,6,21.0,2,3,0.93,MIA,21.0,30.333333333333332,3.3333333333333335,6.666666666666667,0.10810810810810811,0,0,0,-14.0,47.5
00-0034827,DJ Moore,CHI,2023,6,51.0,5,8,0.95,MIN,18.0,106.2,5.4,6.8,0.24285714285714285,0,0,3,-3.0,44.5
00-0036309,Darnell Mooney,CHI,2023,6,48.0,2,3,0.79,MIN,18.0,26.6,2.4,4.2,0.15,0,0,3,-3.0,44.5
00-0033009,Tyler Boyd,CIN,2023,6,38.0,7,7,0.89,SEA,29.0,33.2,4.6,6.8,0.18181818181818182,0,0,-6,3.0,45.5
00-0036900,Ja'Marr Chase,CIN,2023,6,80.0,6,13,0.91,SEA,29.0,95.2,8.8,12.0,0.32085561497326204,0,0,-6,3.0,45.5
00-0031544,Amari Cooper,CLE,2023,6,108.0,4,8,0.84,SF,14.0,62.0,4.0,6.8,0.2111801242236025,0,0,7,-9.5,36.0
00-0036233,Donovan Peoples-Jones,CLE,2023,6,0.0,0,1,0.8,SF,14.0,23.4,1.6,3.6,0.11180124223602485,0,0,7,-9.5,36.0
00-0036980,Elijah Moore,CLE,2023,6,19.0,4,7,0.8,SF,14.0,31.8,3.6,6.0,0.18633540372670807,0,0,7,-9.5,36.0
00-0031236,Brandin Cooks,DAL,2023,6,36.0,4,4,0.78,LAC,30.0,39.2,3.2,5.6,0.175,0,1,-7,1.5,49.5
00-0034764,Michael Gallup,DAL,2023,6,24.0,3,10,0.7,LAC,30.0,24.0,2.0,3.8,0.11875,0,1,-7,1.5,49.5
00-0036358,CeeDee Lamb,DAL,2023,6,117.0,7,7,0.84,LAC,30.0,71.6,5.4,7.0,0.21875,0,1,-7,1.5,49.5
00-0034348,Courtland Sutton,DEN,2023,6,46.0,4,6,0.94,KC,13.0,45.8,4.2,6.2,0.2108843537414966,0,0,0,-10.5,47.5
00-0036407,Jerry Jeudy,DEN,2023,6,14.0,3,5,0.65,KC,13.0,72.4,4.4,6.0,0.20408163265306123,0,0,0,-10.5,47.5
00-0033943,Josh Reynolds,DET,2023,6,50.0,3,3,0.81,TB,20.0,59.4,3.8,5.8,0.19205298013245034,0,0,-7,3.0,43.5
00-0036963,Amon-Ra St. Brown,DET,2023,6,124.0,12,15,0.91,TB,20.0,76.0,6.4,8.8,0.2913907284768212,0,0,-7,3.0,43.5
00-0030431,Robert Woods,HOU,2023,6,6.0,1,3,0.62,NO,3.0,44.2,4.2,8.0,0.23255813953488372,1,1,0,-2.0,42.5
00-0036554,Nico Collins,HOU,2023,6,80.0,4,6,0.73,NO,3.0,93.4,5.0,7.2,0.20930232558139536,0,1,0,-2.0,42.5
00-0036252,Michael Pittman,IND,2023,6,109.0,9,14,1.0,JAX,24.0,59.4,6.2,9.2,0.2875,0,0,0,-4.0,44.0
00-0037664,Alec Pierce,IND,2023,6,25.0,3,6,0.74,JAX,24.0,24.8,1.6,3.2,0.1,0,0,0,-4.0,44.0
00-0038997,Josh Downs,IND,2023,6,21.0,5,8,0.78,JAX,24.0,51.0,4.6,6.6,0.20625,0,0,0,-4.0,44.0
00-0034775,Christian Kirk,JAX,2023,6,49.0,3,6,0.7,IND,27.0,67.0,6.0,8.6,0.2388888888888889,0,0,0,4.0,44.0
00-0034837,Calvin Ridley,JAX,2023,6,30.0,4,8,0.8,IND,27.0,66.6,4.4,7.2,0.2,0,0,0,4.0,44.0
00-0033908,Cooper Kupp,LA,2023,6,148.0,7,9,1.0,ARI,25.0,80.6,6.8,9.2,0.23711340206185566,0,1,0,7.0,48.0
00-0036849,Tutu Atwell,LA,2023,6,30.0,1,1,0.88,ARI,25.0,55.8,4.8,8.0,0.20618556701030927,0,1,0,7.0,48.0
00-0039075,Puka Nacua,LA,2023,6,26.0,4,7,0.96,ARI,25.0,114.4,9.2,12.6,0.3247422680412371,0,1,0,7.0,48.0
00-0030279,Keenan Allen,LAC,2023,6,85.0,7,11,0.96,DAL,2.0,99.0,8.2,11.4,0.30978260869565216,0,1,7,-1.5,49.5
00-0036988,Josh Palmer,LAC,2023,6,60.0,4,7,0.97,DAL,2.0,43.4,2.8,5.6,0.15217391304347827,0,1,7,-1.5,49.5
00-0031381,Davante Adams,LV,2023,6,29.0,2,5,0.91,NE,8.0,88.4,7.4,10.8,0.34177215189873417,0,1,-1,3.0,41.5
00-0034960,Jakobi Meyers,LV,2023,6,61.0,5,7,0.91,NE,8.0,61.2,5.6,8.6,0.2721518987341772,0,1,-1,3.0,41.5
00-0036613,Jaylen Waddle,MIA,2023,6,51.0,7,9,0.69,CAR,5.0,57.8,4.0,6.6,0.20625,0,0,0,14.0,47.5
00-0034646,Brandon Powell,MIN,2023,6,20.0,3,4,0.6,CHI,28.0,5.666666666666667,1.6666666666666667,2.6666666666666665,0.041025641025641026,0,0,-3,3.0,44.5
00-0036345,K.J. Osborn,MIN,2023,6,48.0,4,5,0.93,CHI,28.0,33.2,2.6,5.2,0.13333333333333333,0,0,-3,3.0,44.5
00-0038994,Jordan Addison,MIN,2023,6,28.0,3,5,0.86,CHI,28.0,62.666666666666664,5.0,7.333333333333333,0.11282051282051282,0,0,-3,3.0,44.5
00-0031547,DeVante Parker,NE,2023,6,7.0,1,3,0.75,LV,6.0,41.6,3.6,5.2,0.14207650273224043,0,1,1,-3.0,41.5
00-0033307,Kendrick Bourne,NE,2023,6,89.0,10,11,0.93,LV,6.0,40.2,3.8,5.8,0.15846994535519127,0,1,1,-3.0,41.5
00-0032765,Michael Thomas,NO,2023,6,45.0,5,8,0.83,HOU,15.0,56.8,5.2,7.8,0.24074074074074073,0,1,0,2.0,42.5
00-0037239,Chris Olave,NO,2023,6,96.0,7,10,0.88,HOU,15.0,63.6,5.0,8.6,0.2654320987654321,0,1,0,2.0,42.5
00-0037545,Rashid Shaheed,NO,2023,6,85.0,2,6,0.76,HOU,15.0,56.6,3.2,4.0,0.12345679012345678,0,1,0,2.0,42.5
00-0035535,Darius Slayton,NYG,2023,6,69.0,4,6,0.87,BUF,12.0,33.4,2.6,4.8,0.15286624203821655,0,0,0,-15.5,43.5
00-0038117,Wan'Dale Robinson,NYG,2023,6,62.0,8,8,0.6,BUF,12.0,38.6,4.6,6.0,0.1910828025477707,0,0,0,-15.5,43.5
00-0038938,Jalin Hyatt,NYG,2023,6,21.0,3,4,0.73,BUF,12.0,10.0,2.0,2.0,0.012738853503184714,0,0,0,-15.5,43.5
00-0034521,Allen Lazard,NYJ,2023,6,8.0,1,3,0.77,PHI,23.0,40.4,2.6,4.0,0.14705882352941177,0,0,0,-6.5,43.0
00-0037740,Garrett Wilson,NYJ,2023,6,90.0,8,12,0.88,PHI,23.0,55.8,4.8,8.6,0.3161764705882353,0,0,0,-6.5,43.0
00-0035208,Olamide Zaccheaus,PHI,2023,6,5.0,1,2,0.81,NYJ,11.0,15.8,2.2,4.8,0.15483870967741936,0,0,0,6.5,43.0
00-0035676,A.J. Brown,PHI,2023,6,131.0,7,9,0.96,NYJ,11.0,108.2,7.0,10.2,0.32903225806451614,0,0,0,6.5,43.0
00-0036912,DeVonta Smith,PHI,2023,6,44.0,5,11,0.99,NYJ,11.0,58.0,4.6,6.8,0.21935483870967742,0,0,0,6.5,43.0
00-0032211,Tyler Lockett,SEA,2023,6,94.0,6,8,0.77,CIN,9.0,39.2,4.6,7.0,0.22580645161290322,0,0,6,-3.0,45.5
00-0035640,DK Metcalf,SEA,2023,6,69.0,4,9,0.78,CIN,9.0,80.8,5.6,7.2,0.23225806451612904,0,0,6,-3.0,45.5
00-0038543,Jaxon Smith-Njigba,SEA,2023,6,48.0,4,5,0.72,CIN,9.0,,,,,0,0,6,-3.0,45.5
00-0034407,Ray-Ray McCloud,SF,2023,6,4.0,1,2,0.71,CLE,1.0,,,,,0,0,-7,9.5,36.0
00-0036261,Brandon Aiyuk,SF,2023,6,76.0,4,10,0.98,CLE,1.0,74.2,4.2,5.2,0.2047244094488189,0,0,-7,9.5,36.0
00-0031408,Mike Evans,TB,2023,6,49.0,4,10,0.8,DET,17.0,115.6,6.6,10.2,0.2833333333333333,0,0,7,-3.0,43.5
00-0033921,Chris Godwin,TB,2023,6,77.0,6,7,0.84,DET,17.0,68.0,6.2,8.6,0.2388888888888889,0,0,7,-3.0,43.5
00-0039052,Trey Palmer,TB,2023,6,47.0,2,7,0.66,DET,17.0,7.0,1.5,2.0,0.022222222222222223,0,0,7,-3.0,43.5
00-0030564,DeAndre Hopkins,TEN,2023,6,20.0,1,5,0.87,BAL,7.0,59.4,4.6,9.2,0.3262411347517731,0,0,0,-5.5,42.5
00-0036182,Nick Westbrook-Ikhine,TEN,2023,6,25.0,3,4,0.71,BAL,7.0,29.4,2.8,4.4,0.15602836879432624,0,0,0,-5.5,42.5
00-0033282,Curtis Samuel,WAS,2023,6,42.0,4,4,0.63,ATL,4.0,48.6,4.6,5.4,0.15083798882681565,0,1,3,-1.5,42.0
00-0035659,Terry McLaurin,WAS,2023,6,81.0,6,11,0.84,ATL,4.0,52.2,5.0,6.2,0.17318435754189945,0,1,3,-1.5,42.0
00-0037741,Jahan Dotson,WAS,2023,6,0.0,0,1,0.8,ATL,4.0,28.0,3.4,6.0,0.16759776536312848,0,1,3,-1.5,42.0
00-0035662,Marquise Brown,ARI,2023,7,49.0,3,7,0.92,SEA,21.0,61.2,5.2,9.6,0.3018867924528302,0,0,0,-9.5,43.5
00-0036936,Rondale Moore,ARI,2023,7,2.0,2,4,0.67,SEA,21.0,20.6,2.2,3.6,0.11320754716981132,0,0,0,-9.5,43.5
00-0038559,Michael Wilson,ARI,2023,7,26.0,3,5,0.83,SEA,21.0,52.2,3.0,3.8,0.11949685534591195,0,0,0,-9.5,43.5
00-0037238,Drake London,ATL,2023,7,54.0,6,7,0.85,TB,17.0,65.8,5.2,8.4,0.2346368715083799,0,0,0,-3.0,37.5
00-0039064,Zay Flowers,BAL,2023,7,75.0,4,6,0.72,DET,15.0,57.8,5.2,7.6,0.2602739726027397,0,0,0,3.0,43.5
00-0031588,Stefon Diggs,BUF,2023,7,58.0,6,12,0.87,NE,9.0,103.6,7.8,10.6,0.3375796178343949,0,0,0,7.5,41.0
00-0034827,DJ Moore,CHI,2023,7,54.0,8,9,0.89,LV,6.0,111.4,6.0,8.0,0.3125,0,0,0,-2.5,38.5
00-0036309,Darnell Mooney,CHI,2023,7,32.0,4,5,0.68,LV,6.0,30.4,2.0,3.8,0.1484375,0,0,0,-2.5,38.5
00-0031544,Amari Cooper,CLE,2023,7,22.0,2,8,0.88,IND,19.0,73.4,4.4,7.8,0.23353293413173654,0,0,0,3.5,40.0
00-0036233,Donovan Peoples-Jones,CLE,2023,7,22.0,2,3,0.61,IND,19.0,15.0,1.2,3.0,0.08982035928143713,0,0,0,3.5,40.0
00-0036980,Elijah Moore,CLE,2023,7,59.0,4,7,0.79,IND,19.0,33.4,4.2,7.2,0.2155688622754491,0,0,0,3.5,40.0
00-0034348,Courtland Sutton,DEN,2023,7,76.0,6,6,0.86,GB,8.0,48.6,4.2,6.4,0.2318840579710145,0,0,-3,1.5,44.0
00-0036407,Jerry Jeudy,DEN,2023,7,64.0,5,5,0.68,GB,8.0,44.4,4.0,5.8,0.21014492753623187,0,0,-3,1.5,44.0
00-0033943,Josh Reynolds,DET,2023,7,43.0,2,3,0.73,BAL,3.0,59.2,3.4,5.2,0.1625,0,0,0,-3.0,43.5
00-0036963,Amon-Ra St. Brown,DET,2023,7,102.0,13,19,0.97,BAL,3.0,91.0,7.6,10.0,0.3125,0,0,0,-3.0,43.5
00-0037816,Romeo Doubs,GB,2023,7,30.0,2,5,0.81,DEN,25.0,47.6,4.0,7.6,0.24050632911392406,0,0,3,-1.5,44.0
00-0038124,Christian Watson,GB,2023,7,27.0,3,5,0.88,DEN,25.0,60.0,3.2,6.2,0.1962025316455696,0,0,3,-1.5,44.0
00-0036252,Michael Pittman,IND,2023,7,83.0,2,5,0.97,CLE,1.0,61.8,6.4,9.8,0.2832369942196532,0,0,0,-3.5,40.0
00-0037664,Alec Pierce,IND,2023,7,53.0,3,3,1.0,CLE,1.0,28.8,2.0,3.8,0.10982658959537572,1,0,0,-3.5,40.0
00-0038997,Josh Downs,IND,2023,7,125.0,5,6,0.71,CLE,1.0,49.2,5.0,6.8,0.19653179190751446,0,0,0,-3.5,40.0
00-0034775,Christian Kirk,JAX,2023,7,90.0,6,6,0.8,NO,4.0,75.0,6.4,9.2,0.26136363636363635,0,1,0,-2.5,41.0
00-0034837,Calvin Ridley,JAX,2023,7,5.0,1,4,0.88,NO,4.0,52.4,3.6,6.6,0.1875,0,1,0,-2.5,41.0
00-0034272,Marquez Valdes-Scantling,KC,2023,7,84.0,3,5,0.69,LAC,26.0,37.8,2.2,3.2,0.08743169398907104,0,0,4,5.5,48.5
00-0038090,Skyy Moore,KC,2023,7,15.0,2,3,0.6,LAC,26.0,21.0,2.0,4.5,0.04918032786885246,0,0,4,5.5,48.5
00-0033908,Cooper Kupp,LA,2023,7,29.0,2,7,1.0,PIT,18.0,94.2,6.8,9.4,0.2640449438202247,0,1,-7,3.5,44.0
00-0036849,Tutu Atwell,LA,2023,7,31.0,1,2,0.74,PIT,18.0,38.0,3.8,6.6,0.1853932584269663,0,1,-7,3.5,44.0
00-0039075,Puka Nacua,LA,2023,7,154.0,8,12,0.93,PIT,18.0,95.8,8.0,11.0,0.3089887640449438,0,1,-7,3.5,44.0
00-0030279,Keenan Allen,LAC,2023,7,55.0,4,9,0.94,KC,2.0,103.8,8.4,11.0,0.3089887640449438,0,0,-4,-5.5,48.5
00-0036988,Josh Palmer,LAC,2023,7,133.0,5,7,0.98,KC,2.0,47.6,2.8,5.8,0.16292134831460675,0,0,-4,-5.5,48.5
00-0031381,Davante Adams,LV,2023,7,57.0,7,12,0.75,CHI,22.0,81.0,6.6,10.0,0.3067484662576687,0,0,0,2.5,38.5
00-0034960,Jakobi Meyers,LV,2023,7,50.0,7,13,0.94,CHI,22.0,67.0,6.0,8.6,0.26380368098159507,0,0,0,2.5,38.5
00-0033040,Tyreek Hill,MIA,2023,7,88.0,11,15,0.78,PHI,13.0,81.0,5.6,9.8,0.3310810810810811,0,0,0,-3.0,52.0
00-0034646,Brandon Powell,MIN,2023,7,64.0,4,5,0.61,SF,7.0,9.25,2.0,3.0,0.06521739130434782,0,1,0,-7.0,44.5
00-0036345,K.J. Osborn,MIN,2023,7,47.0,5,6,0.93,SF,7.0,36.6,2.8,5.0,0.1358695652173913,0,1,0,-7.0,44.5
00-0038994,Jordan Addison,MIN,2023,7,123.0,7,10,0.74,SF,7.0,54.0,4.5,6.75,0.14673913043478262,0,1,0,-7.0,44.5
00-0033307,Kendrick Bourne,NE,2023,7,63.0,6,7,0.93,BUF,10.0,55.8,5.2,7.2,0.225,0,0,0,-7.5,41.0
00-0038621,Demario Douglas,NE,2023,7,54.0,4,6,0.62,BUF,10.0,,,,,1,0,0,-7.5,41.0
00-0032765,Michael Thomas,NO,2023,7,42.0,3,7,0.83,JAX,24.0,53.6,5.2,7.8,0.22285714285714286,0,1,0,2.5,41.0
00-0037239,Chris Olave,NO,2023,7,57.0,7,15,0.81,JAX,24.0,60.4,4.8,8.6,0.24571428571428572,0,1,0,2.5,41.0
00-0037545,Rashid Shaheed,NO,2023,7,28.0,4,8,0.7,JAX,24.0,58.6,2.8,4.4,0.12571428571428572,0,1,0,2.5,41.0
00-0035535,Darius Slayton,NYG,2023,7,22.0,1,2,0.84,WAS,23.0,44.2,2.8,5.0,0.15723270440251572,0,0,0,-3.0,37.0
00-0038117,Wan'Dale Robinson,NYG,2023,7,22.0,1,2,0.6,WAS,23.0,48.0,5.8,7.0,0.22012578616352202,0,0,0,-3.0,37.0
00-0038938,Jalin Hyatt,NYG,2023,7,75.0,2,5,0.71,WAS,23.0,15.5,2.5,3.0,0.03773584905660377,0,0,0,-3.0,37.0
00-0035676,A.J. Brown,PHI,2023,7,137.0,10,15,0.82,MIA,16.0,118.6,7.0,10.0,0.2976190476190476,0,0,0,3.0,52.0
00-0036912,DeVonta Smith,PHI,2023,7,49.0,4,5,0.96,MIA,16.0,57.4,4.2,7.0,0.20833333333333334,0,0,0,3.0,52.0
00-0031428,Allen Robinson,PIT,2023,7,7.0,1,1,0.64,LA,12.0,27.4,3.4,5.2,0.16352201257861634,0,1,7,-3.5,44.0
00-0035216,Diontae Johnson,PIT,2023,7,79.0,5,6,0.66,LA,12.0,63.4,5.0,8.4,0.2641509433962264,0,1,7,-3.5,44.0
00-0037247,George Pickens,PIT,2023,7,107.0,5,8,0.9,LA,12.0,78.6,4.4,8.0,0.25157232704402516,0,1,7,-3.5,44.0
00-0032211,Tyler Lockett,SEA,2023,7,38.0,4,5,0.7,ARI,20.0,50.2,4.6,7.0,0.22151898734177214,0,0,0,9.5,43.5
00-0038543,Jaxon Smith-Njigba,SEA,2023,7,63.0,4,7,0.63,ARI,20.0,48.0,4.0,5.0,0.03164556962025317,0,0,0,9.5,43.5
00-0038752,Jake Bobo,SEA,2023,7,61.0,4,5,0.75,ARI,20.0,,,,,0,0,0,9.5,43.5
00-0036259,Jauan Jennings,SF,2023,7,54.0,5,9,0.74,MIN,14.0,40.0,2.75,4.25,0.13934426229508196,0,1,0,7.0,44.5
00-0036261,Brandon Aiyuk,SF,2023,7,57.0,5,6,0.98,MIN,14.0,84.2,4.6,6.4,0.26229508196721313,0,1,0,7.0,44.5
00-0031408,Mike Evans,TB,2023,7,82.0,6,8,0.78,ATL,5.0,84.0,5.4,9.8,0.3141025641025641,0,0,0,3.0,37.5
00-0033921,Chris Godwin,TB,2023,7,66.0,6,12,0.7,ATL,5.0,66.4,5.4,7.4,0.23717948717948717,0,0,0,3.0,37.5
00-0039052,Trey Palmer,TB,2023,7,5.0,1,2,0.64,ATL,5.0,20.333333333333332,1.6666666666666667,3.6666666666666665,0.07051282051282051,0,0,0,3.0,37.5
00-0035659,Terry McLaurin,WAS,2023,7,90.0,6,9,0.88,NYG,11.0,62.2,5.8,7.6,0.2222222222222222,0,0,0,3.0,37.0
00-0037741,Jahan Dotson,WAS,2023,7,43.0,5,8,0.84,NYG,11.0,20.0,2.4,4.8,0.14035087719298245,0,0,0,3.0,37.0
00-0035662,Marquise Brown,ARI,2023,8,33.0,6,9,0.95,BAL,4.0,60.2,4.6,9.0,0.27607361963190186,0,1,0,-9.5,44.5
00-0036936,Rondale Moore,ARI,2023,8,10.0,2,3,0.71,BAL,4.0,14.4,2.0,3.8,0.1165644171779141,0,1,0,-9.5,44.5
00-0038559,Michael Wilson,ARI,2023,8,58.0,4,6,0.88,BAL,4.0,53.6,3.2,4.0,0.12269938650306748,0,1,0,-9.5,44.5
00-0036415,Van Jefferson,ATL,2023,8,24.0,3,5,0.71,TEN,19.0,33.8,2.2,4.4,0.1286549707602339,0,0,-7,2.5,35.0
00-0036550,Rashod Bateman,BAL,2023,8,34.0,2,2,0.62,ARI,23.0,58.0,2.25,4.75,0.1366906474820144,0,1,0,9.5,44.5
00-0039064,Zay Flowers,BAL,2023,8,19.0,5,7,0.75,ARI,23.0,60.4,5.2,7.8,0.2805755395683453,0,1,0,9.5,44.5
00-0031588,Stefon Diggs,BUF,2023,8,70.0,9,12,0.99,TB,16.0,102.0,7.6,11.6,0.36024844720496896,0,0,0,10.0,43.0
00-0037261,Khalil Shakir,BUF,2023,8,92.0,6,6,0.65,TB,16.0,75.0,3.0,5.0,0.031055900621118012,0,0,0,10.0,43.0
00-0030035,Adam Thielen,CAR,2023,8,72.0,8,11,0.97,HOU,27.0,99.4,9.4,11.4,0.30158730158730157,0,0,0,-3.0,43.0
00-0034777,DJ Chark,CAR,2023,8,23.0,2,4,0.93,HOU,27.0,39.4,2.6,5.4,0.14285714285714285,0,0,0,-3.0,43.0
00-0039062,Jonathan Mingo,CAR,2023,8,62.0,4,5,0.99,HOU,27.0,28.0,3.0,5.75,0.12169312169312169,0,0,0,-3.0,43.0
00-0034827,DJ Moore,CHI,2023,8,55.0,4,6,0.88,LAC,32.0,101.4,6.4,8.4,0.328125,0,1,0,-9.5,46.0
00-0036309,Darnell Mooney,CHI,2023,8,41.0,1,4,0.85,LAC,32.0,26.2,2.0,3.4,0.1328125,0,1,0,-9.5,46.0
00-0033009,Tyler Boyd,CIN,2023,8,40.0,3,3,0.86,SF,10.0,38.8,5.6,7.6,0.19895287958115182,0,0,8,-4.0,44.0
00-0036410,Tee Higgins,CIN,2023,8,69.0,5,6,0.67,SF,10.0,44.2,3.8,8.6,0.225130890052356,0,0,8,-4.0,44.0
00-0036900,Ja'Marr Chase,CIN,2023,8,100.0,10,12,0.89,SF,10.0,103.4,9.0,12.8,0.33507853403141363,0,0,8,-4.0,44.0
00-0031544,Amari Cooper,CLE,2023,8,89.0,6,11,0.81,SEA,17.0,70.4,4.2,8.0,0.23121387283236994,0,0,0,-4.0,39.5
00-0036980,Elijah Moore,CLE,2023,8,30.0,2,5,0.82,SEA,17.0,36.6,4.4,7.2,0.20809248554913296,0,0,0,-4.0,39.5
00-0031236,Brandin Cooks,DAL,2023,8,49.0,3,4,0.62,LA,18.0,38.6,3.2,5.0,0.15151515151515152,0,1,6,6.5,44.5
00-0036358,CeeDee Lamb,DAL,2023,8,158.0,12,14,0.82,LA,18.0,79.6,6.0,7.6,0.23030303030303031,0,1,6,6.5,44.5
00-0034348,Courtland Sutton,DEN,2023,8,29.0,2,3,0.79,KC,3.0,50.6,4.4,6.2,0.22962962962962963,0,0,0,-7.0,45.5
00-0033943,Josh Reynolds,DET,2023,8,13.0,1,1,0.83,LV,2.0,61.6,3.4,5.0,0.14285714285714285,0,1,0,7.0,46.0
00-0036963,Amon-Ra St. Brown,DET,2023,8,108.0,6,9,0.92,LV,2.0,97.2,9.0,12.0,0.34285714285714286,1,1,0,7.0,46.0
00-0037816,Romeo Doubs,GB,2023,8,18.0,4,9,0.82,MIN,25.0,46.4,3.8,7.4,0.22699386503067484,0,0,1,-1.0,41.5
00-0038124,Christian Watson,GB,2023,8,33.0,3,8,0.82,MIN,25.0,55.8,3.2,5.8,0.17791411042944785,0,0,1,-1.0,41.5
00-0039146,Jayden Reed,GB,2023,8,83.0,4,6,0.78,MIN,25.0,59.0,3.0,6.0,0.0736196319018405,0,0,1,-1.0,41.5
00-0033591,Noah Brown,HOU,2023,8,57.0,3,5,0.72,CAR,14.0,33.8,3.0,5.4,0.17532467532467533,0,0,0,3.0,43.0
00-0036554,Nico Collins,HOU,2023,8,30.0,4,6,0.72,CAR,14.0,93.4,4.6,6.2,0.2012987012987013,0,0,0,3.0,43.0
00-0038977,Tank Dell,HOU,2023,8,16.0,3,4,0.78,CAR,14.0,77.66666666666667,4.333333333333333,6.666666666666667,0.12987012987012986,0,0,0,3.0,43.0
00-0036252,Michael Pittman,IND,2023,8,40.0,8,13,0.99,NO,5.0,67.2,5.2,8.4,0.25609756097560976,0,1,-3,-2.0,43.5
00-0037664,Alec Pierce,IND,2023,8,41.0,3,5,0.94,NO,5.0,33.8,2.2,4.0,0.12195121951219512,0,1,-3,-2.0,43.5
00-0038997,Josh Downs,IND,2023,8,72.0,7,9,0.8,NO,5.0,66.8,5.2,7.0,0.21341463414634146,0,1,-3,-2.0,43.5
00-0034775,Christian Kirk,JAX,2023,8,46.0,4,5,0.66,PIT,28.0,71.0,5.4,7.6,0.23030303030303031,0,0,3,2.5,41.0
00-0034837,Calvin Ridley,JAX,2023,8,83.0,6,10,0.86,PIT,28.0,47.0,3.4,5.8,0.17575757575757575,0,0,3,2.5,41.0
00-0039067,Rashee Rice,KC,2023,8,56.0,4,5,0.61,DEN,29.0,,,,,0,0,0,7.0,45.5
00-0033908,Cooper Kupp,LA,2023,8,21.0,4,10,1.0,DAL,6.0,84.2,5.6,8.4,0.27450980392156865,0,1,-6,-6.5,44.5
00-0036849,Tutu Atwell,LA,2023,8,21.0,2,4,0.97,DAL,6.0,28.8,2.6,5.2,0.16993464052287582,0,1,-6,-6.5,44.5
00-0039075,Puka Nacua,LA,2023,8,43.0,3,7,0.92,DAL,6.0,97.2,6.6,9.4,0.30718954248366015,0,1,-6,-6.5,44.5
00-0030279,Keenan Allen,LAC,2023,8,69.0,8,10,0.8,CHI,24.0,99.6,8.0,11.0,0.3107344632768362,0,1,0,9.5,46.0
00-0036988,Josh Palmer,LAC,2023,8,24.0,3,4,0.68,CHI,24.0,68.0,3.4,6.0,0.1694915254237288,1,1,0,9.5,46.0
00-0038544,Quentin Johnston,LAC,2023,8,50.0,5,6,0.7,CHI,24.0,,,,,0,1,0,9.5,46.0
00-0031381,Davante Adams,LV,2023,8,11.0,1,7,0.96,DET,22.0,75.6,6.8,10.8,0.2918918918918919,0,1,0,-7.0,46.0
00-0034960,Jakobi Meyers,LV,2023,8,19.0,1,1,0.98,DET,22.0,60.8,5.6,9.2,0.24864864864864866,0,1,0,-7.0,46.0
00-0034983,Hunter Renfrow,LV,2023,8,19.0,2,4,0.61,DET,22.0,27.0,3.0,4.6,0.12432432432432433,0,1,0,-7.0,46.0
00-0033040,Tyreek Hill,MIA,2023,8,112.0,8,13,0.75,NE,13.0,94.0,7.4,11.8,0.39072847682119205,0,0,0,7.5,46.5
00-0036613,Jaylen Waddle,MIA,2023,8,121.0,7,12,0.75,NE,13.0,59.2,4.8,7.0,0.23178807947019867,0,0,0,7.5,46.5
00-0036345,K.J. Osborn,MIN,2023,8,99.0,8,10,0.86,GB,7.0,39.2,3.2,5.0,0.1358695652173913,0,0,-1,1.0,41.5
00-0038994,Jordan Addison,MIN,2023,8,82.0,7,8,0.94,GB,7.0,67.8,5.0,7.4,0.20108695652173914,0,0,-1,1.0,41.5
00-0033307,Kendrick Bourne,NE,2023,8,36.0,3,4,0.6,MIA,26.0,61.2,5.8,7.8,0.2635135135135135,0,0,0,-7.5,46.5
00-0038621,Demario Douglas,NE,2023,8,25.0,5,7,0.77,MIA,26.0,54.0,4.0,6.0,0.04054054054054054,0,0,0,-7.5,46.5
00-0032765,Michael Thomas,NO,2023,8,68.0,4,7,0.67,IND,12.0,51.0,4.4,7.4,0.19072164948453607,1,1,3,2.0,43.5
00-0037239,Chris Olave,NO,2023,8,46.0,5,9,0.74,IND,12.0,54.6,5.0,9.4,0.2422680412371134,0,1,3,2.0,43.5
00-0035535,Darius Slayton,NYG,2023,8,-1.0,1,2,0.99,NYJ,11.0,36.2,2.4,4.2,0.1390728476821192,0,0,-7,-3.0,35.0
00-0038117,Wan'Dale Robinson,NYG,2023,8,0.0,0,1,0.8,NYJ,11.0,48.4,5.6,7.0,0.23178807947019867,0,0,-7,-3.0,35.0
00-0034521,Allen Lazard,NYJ,2023,8,45.0,3,6,0.81,NYG,15.0,32.8,2.4,3.8,0.12582781456953643,0,0,7,3.0,35.0
00-0037740,Garrett Wilson,NYJ,2023,8,100.0,7,13,0.89,NYG,15.0,67.0,5.4,10.0,0.33112582781456956,0,0,7,3.0,35.0
00-0035676,A.J. Brown,PHI,2023,8,130.0,8,8,0.98,WAS,30.0,140.2,8.2,11.8,0.3352272727272727,0,0,0,7.0,42.5
00-0036912,DeVonta Smith,PHI,2023,8,99.0,7,7,0.97,WAS,30.0,41.0,4.2,7.0,0.19886363636363635,0,0,0,7.0,42.5
00-0031428,Allen Robinson,PIT,2023,8,0.0,0,1,0.69,JAX,31.0,16.0,2.6,3.8,0.1386861313868613,0,0,-3,-2.5,41.0
00-0035216,Diontae Johnson,PIT,2023,8,85.0,8,14,0.91,JAX,31.0,62.8,4.8,8.0,0.291970802919708,0,0,-3,-2.5,41.0
00-0037247,George Pickens,PIT,2023,8,22.0,1,5,0.93,JAX,31.0,92.8,4.4,8.2,0.29927007299270075,0,0,-3,-2.5,41.0
00-0032211,Tyler Lockett,SEA,2023,8,81.0,8,9,0.84,CLE,1.0,55.8,5.0,7.2,0.22784810126582278,1,0,0,4.0,39.5
00-0035640,DK Metcalf,SEA,2023,8,67.0,5,14,0.78,CLE,1.0,67.4,4.4,6.4,0.20253164556962025,0,0,0,4.0,39.5
00-0038543,Jaxon Smith-Njigba,SEA,2023,8,36.0,3,4,0.66,CLE,1.0,55.5,4.0,6.0,0.0759493670886076,0,0,0,4.0,39.5
00-0036261,Brandon Aiyuk,SF,2023,8,109.0,5,9,0.92,CIN,20.0,93.6,5.4,7.4,0.29133858267716534,0,0,-8,4.0,44.0
00-0031408,Mike Evans,TB,2023,8,39.0,3,6,0.85,BUF,21.0,85.6,5.4,9.2,0.2787878787878788,0,0,0,-10.0,43.0
00-0033921,Chris Godwin,TB,2023,8,54.0,5,7,0.85,BUF,21.0,69.4,5.6,8.6,0.2606060606060606,1,0,0,-10.0,43.0
00-0039052,Trey Palmer,TB,2023,8,22.0,3,6,0.81,BUF,21.0,16.5,1.5,3.25,0.07878787878787878,0,0,0,-10.0,43.0
00-0030564,DeAndre Hopkins,TEN,2023,8,128.0,4,6,0.63,ATL,9.0,62.6,4.6,8.2,0.3203125,0,0,7,-2.5,35.0
00-0035659,Terry McLaurin,WAS,2023,8,63.0,5,12,0.94,PHI,8.0,69.4,6.0,8.2,0.23699421965317918,0,0,0,-7.0,42.5
00-0037741,Jahan Dotson,WAS,2023,8,108.0,8,10,0.85,PHI,8.0,24.2,2.8,5.4,0.15606936416184972,0,0,0,-7.0,42.5
00-0033251,Zach Pascal,ARI,2023,9,0.0,0,1,0.6,CLE,2.0,,,,,0,0,0,-13.0,38.0
00-0035662,Marquise Brown,ARI,2023,9,24.0,4,8,0.9,CLE,2.0,54.6,4.8,9.4,0.2640449438202247,0,0,0,-13.0,38.0
00-0036936,Rondale Moore,ARI,2023,9,5.0,1,2,0.69,CLE,2.0,13.6,2.2,4.2,0.11797752808988764,0,0,0,-13.0,38.0
00-0034854,KhaDarel Hodge,ATL,2023,9,60.0,3,6,0.67,MIN,11.0,,,,,0,0,0,3.5,38.5
00-0036415,Van Jefferson,ATL,2023,9,14.0,1,4,0.65,MIN,11.0,26.4,2.2,4.0,0.12048192771084337,0,0,0,3.5,38.5
00-0039064,Zay Flowers,BAL,2023,9,11.0,1,1,0.68,SEA,13.0,54.6,4.6,7.2,0.26666666666666666,0,0,0,6.0,44.5
00-0031588,Stefon Diggs,BUF,2023,9,86.0,6,7,0.95,CIN,25.0,93.8,7.8,11.6,0.34523809523809523,0,0,3,-1.5,51.0
00-0037261,Khalil Shakir,BUF,2023,9,57.0,4,4,0.71,CIN,25.0,83.5,4.5,5.5,0.06547619047619048,0,0,3,-1.5,51.0
00-0030035,Adam Thielen,CAR,2023,9,29.0,5,6,1.0,IND,17.0,103.0,9.6,11.8,0.31216931216931215,0,0,0,-1.5,45.0
00-0039062,Jonathan Mingo,CAR,2023,9,5.0,1,4,0.99,IND,17.0,34.8,3.2,5.6,0.14814814814814814,0,0,0,-1.5,45.0
00-0034827,DJ Moore,CHI,2023,9,44.0,3,5,0.97,NO,5.0,104.2,6.6,8.4,0.2916666666666667,0,1,0,-9.0,42.0
00-0036309,Darnell Mooney,CHI,2023,9,82.0,5,6,0.87,NO,5.0,34.4,2.2,4.0,0.1388888888888889,0,1,0,-9.0,42.0
00-0033009,Tyler Boyd,CIN,2023,9,56.0,3,5,0.81,BUF,20.0,36.4,5.0,6.6,0.1793478260869565,0,0,-3,1.5,51.0
00-0036410,Tee Higgins,CIN,2023,9,110.0,8,9,0.83,BUF,20.0,52.4,4.2,9.0,0.24456521739130435,0,0,-3,1.5,51.0
00-0036900,Ja'Marr Chase,CIN,2023,9,41.0,4,8,0.9,BUF,20.0,117.2,10.0,13.6,0.3695652173913043,0,0,-3,1.5,51.0
00-0031544,Amari Cooper,CLE,2023,9,139.0,5,5,0.79,ARI,16.0,70.2,4.0,8.2,0.25153374233128833,0,0,0,13.0,38.0
00-0036980,Elijah Moore,CLE,2023,9,14.0,2,2,0.62,ARI,16.0,35.4,4.2,6.4,0.19631901840490798,0,0,0,13.0,38.0
00-0038979,Cedric Tillman,CLE,2023,9,3.0,1,1,0.74,ARI,16.0,,,,,0,0,0,13.0,38.0
00-0031236,Brandin Cooks,DAL,2023,9,7.0,1,2,0.77,PHI,21.0,27.2,2.8,4.6,0.14285714285714285,0,0,0,-3.5,46.5
00-0036358,CeeDee Lamb,DAL,2023,9,191.0,11,16,0.93,PHI,21.0,82.6,6.2,7.8,0.2422360248447205,0,0,0,-3.5,46.5
00-0037816,Romeo Doubs,GB,2023,9,36.0,3,3,0.86,LA,18.0,44.0,4.2,8.6,0.24157303370786518,0,0,0,3.5,38.0
00-0038124,Christian Watson,GB,2023,9,37.0,1,2,0.78,LA,18.0,53.2,3.0,6.2,0.17415730337078653,0,0,0,3.5,38.0
00-0033591,Noah Brown,HOU,2023,9,153.0,6,6,0.72,TB,23.0,28.2,2.8,5.2,0.19402985074626866,0,1,-3,2.5,39.5
00-0036554,Nico Collins,HOU,2023,9,54.0,3,5,0.79,TB,23.0,70.2,4.0,5.6,0.208955223880597,0,1,-3,2.5,39.5
00-0038977,Tank Dell,HOU,2023,9,114.0,6,11,0.85,TB,23.0,62.25,4.0,6.0,0.1791044776119403,0,1,-3,2.5,39.5
00-0036252,Michael Pittman,IND,2023,9,64.0,8,8,0.89,CAR,7.0,59.8,5.0,8.8,0.275,0,0,0,1.5,45.0
00-0037664,Alec Pierce,IND,2023,9,0.0,0,2,1.0,CAR,7.0,33.4,2.2,3.6,0.1125,0,0,0,1.5,45.0
00-0034386,Justin Watson,KC,2023,9,15.0,2,5,0.63,MIA,15.0,4.6,0.6,2.2,0.059782608695652176,0,0,0,1.0,51.0
00-0039067,Rashee Rice,KC,2023,9,17.0,2,2,0.68,MIA,15.0,56.0,4.0,5.0,0.02717391304347826,0,0,0,1.0,51.0
00-0033908,Cooper Kupp,LA,2023,9,48.0,2,7,0.84,GB,9.0,63.0,4.8,8.6,0.28104575163398693,0,0,0,-3.5,38.0
00-0036849,Tutu Atwell,LA,2023,9,13.0,4,7,0.67,GB,9.0,23.0,2.2,4.2,0.13725490196078433,0,0,0,-3.5,38.0
00-0039075,Puka Nacua,LA,2023,9,32.0,3,7,0.81,GB,9.0,91.4,6.2,9.4,0.30718954248366015,1,0,0,-3.5,38.0
00-0030279,Keenan Allen,LAC,2023,9,77.0,8,9,0.86,NYJ,1.0,91.2,8.0,11.0,0.3125,0,0,0,3.0,41.0
00-0038544,Quentin Johnston,LAC,2023,9,14.0,2,3,0.83,NYJ,1.0,50.0,5.0,6.0,0.03409090909090909,0,0,0,3.0,41.0
00-0031381,Davante Adams,LV,2023,9,34.0,4,7,0.88,NYG,12.0,43.4,4.4,8.2,0.25308641975308643,0,1,-1,1.0,38.5
00-0034960,Jakobi Meyers,LV,2023,9,38.0,2,5,0.82,NYG,12.0,47.6,4.4,7.0,0.21604938271604937,0,1,-1,1.0,38.5
00-0033040,Tyreek Hill,MIA,2023,9,62.0,8,10,0.9,KC,6.0,102.6,7.6,11.4,0.34545454545454546,0,0,0,-1.0,51.0
00-0034418,Cedrick Wilson Jr.,MIA,2023,9,31.0,1,5,0.65,KC,6.0,,,,,0,0,0,-1.0,51.0
00-0034646,Brandon Powell,MIN,2023,9,15.0,2,3,0.69,ATL,10.0,20.2,2.4,3.4,0.1,0,0,0,-3.5,38.5
00-0035934,Trishton Jackson,MIN,2023,9,2.0,1,3,0.71,ATL,10.0,,,,,0,0,0,-3.5,38.5
00-0038994,Jordan Addison,MIN,2023,9,52.0,5,7,0.97,ATL,10.0,69.8,5.8,8.0,0.23529411764705882,0,0,0,-3.5,38.5
00-0036387,Jalen Reagor,NE,2023,9,11.0,1,6,0.77,WAS,27.0,,,,,0,0,0,2.5,40.5
00-0038621,Demario Douglas,NE,2023,9,55.0,5,7,0.83,WAS,27.0,39.5,4.5,6.5,0.087248322147651,0,0,0,2.5,40.5
00-0032765,Michael Thomas,NO,2023,9,0.0,0,1,0.63,CHI,19.0,54.6,4.0,7.0,0.18518518518518517,0,1,0,9.0,42.0
00-0037239,Chris Olave,NO,2023,9,46.0,6,8,0.71,CHI,19.0,43.0,4.4,9.0,0.23809523809523808,0,1,0,9.0,42.0
00-0035535,Darius Slayton,NYG,2023,9,59.0,4,7,0.81,LV,3.0,29.6,2.0,3.4,0.1297709923664122,0,1,1,-1.0,38.5
00-0034521,Allen Lazard,NYJ,2023,9,18.0,2,6,0.89,LAC,28.0,37.2,2.6,4.2,0.13125,1,0,0,-3.0,41.0
00-0037740,Garrett Wilson,NYJ,2023,9,80.0,7,13,0.98,LAC,28.0,70.4,6.4,11.0,0.34375,0,0,0,-3.0,41.0
00-0035676,A.J. Brown,PHI,2023,9,66.0,7,9,0.97,DAL,8.0,140.0,8.0,10.6,0.30113636363636365,0,0,0,3.5,46.5
00-0036912,DeVonta Smith,PHI,2023,9,51.0,3,3,0.94,DAL,8.0,55.2,4.8,7.4,0.21022727272727273,0,0,0,3.5,46.5
00-0031428,Allen Robinson,PIT,2023,9,10.0,1,2,0.72,TEN,14.0,13.6,2.2,3.4,0.11486486486486487,0,0,0,3.5,37.0
00-0035216,Diontae Johnson,PIT,2023,9,90.0,7,9,0.88,TEN,14.0,60.2,4.4,8.8,0.2972972972972973,0,0,0,3.5,37.0
00-0037247,George Pickens,PIT,2023,9,-1.0,2,5,0.89,TEN,14.0,71.8,3.8,7.2,0.24324324324324326,0,0,0,3.5,37.0
00-0032211,Tyler Lockett,SEA,2023,9,32.0,3,8,0.9,BAL,4.0,60.2,5.0,7.0,0.2229299363057325,0,0,0,-6.0,44.5
00-0035640,DK Metcalf,SEA,2023,9,50.0,1,4,0.86,BAL,4.0,71.4,4.8,8.2,0.2611464968152866,0,0,0,-6.0,44.5
00-0038543,Jaxon Smith-Njigba,SEA,2023,9,63.0,6,7,0.82,BAL,4.0,49.0,3.6666666666666665,5.333333333333333,0.10191082802547771,0,0,0,-6.0,44.5
00-0031408,Mike Evans,TB,2023,9,87.0,4,5,0.83,HOU,24.0,80.2,4.8,8.4,0.2441860465116279,0,1,3,-2.5,39.5
00-0033921,Chris Godwin,TB,2023,9,16.0,2,6,0.88,HOU,24.0,68.6,5.6,8.4,0.2441860465116279,0,1,3,-2.5,39.5
00-0039052,Trey Palmer,TB,2023,9,51.0,3,4,0.73,HOU,24.0,17.6,1.8,3.8,0.11046511627906977,0,1,3,-2.5,39.5
00-0030564,DeAndre Hopkins,TEN,2023,9,60.0,4,11,0.69,PIT,26.0,75.2,4.0,6.8,0.26153846153846155,1,0,0,-3.5,37.0
00-0035659,Terry McLaurin,WAS,2023,9,73.0,5,8,0.86,NE,22.0,73.8,5.8,9.4,0.24102564102564103,0,0,0,-2.5,40.5
00-0037741,Jahan Dotson,WAS,2023,9,69.0,4,8,0.76,NE,22.0,41.6,4.0,6.6,0.16923076923076924,0,0,0,-2.5,40.5
00-0035662,Marquise Brown,ARI,2023,10,28.0,1,4,1.0,ATL,13.0,40.2,4.2,9.0,0.28662420382165604,0,1,0,-2.0,43.5
00-0036936,Rondale Moore,ARI,2023,10,43.0,5,8,0.65,ATL,13.0,14.6,2.4,4.2,0.1337579617834395,0,1,0,-2.0,43.5
00-0038559,Michael Wilson,ARI,2023,10,34.0,3,6,0.89,ATL,13.0,48.0,3.6,4.8,0.15286624203821655,1,1,0,-2.0,43.5
00-0037238,Drake London,ATL,2023,10,36.0,3,4,0.77,ARI,12.0,63.2,5.2,8.2,0.2411764705882353,0,1,0,2.0,43.5
00-0036550,Rashod Bateman,BAL,2023,10,25.0,2,4,0.74,CLE,3.0,53.2,2.2,4.2,0.14,0,0,0,6.0,38.5
00-0039064,Zay Flowers,BAL,2023,10,73.0,5,6,0.87,CLE,3.0,45.6,4.2,6.6,0.22,0,0,0,6.0,38.5
00-0031588,Stefon Diggs,BUF,2023,10,34.0,3,5,0.98,DEN,17.0,87.0,7.8,11.6,0.3314285714285714,0,0,-7,7.5,47.5
00-0037261,Khalil Shakir,BUF,2023,10,24.0,1,2,0.76,DEN,17.0,74.66666666666667,4.333333333333333,5.0,0.08571428571428572,0,0,-7,7.5,47.5
00-0030035,Adam Thielen,CAR,2023,10,42.0,6,10,1.0,CHI,19.0,79.8,8.4,10.2,0.30177514792899407,0,0,0,-3.0,38.0
00-0036955,Terrace Marshall Jr.,CAR,2023,10,11.0,1,3,0.78,CHI,19.0,34.4,3.4,5.0,0.14792899408284024,0,0,0,-3.0,38.0
00-0039062,Jonathan Mingo,CAR,2023,10,20.0,3,7,0.98,CHI,19.0,32.4,3.0,5.4,0.15976331360946747,0,0,0,-3.0,38.0
00-0034827,DJ Moore,CHI,2023,10,58.0,5,9,0.93,CAR,2.0,86.8,5.6,7.6,0.2753623188405797,0,0,0,3.0,38.0
00-0036309,Darnell Mooney,CHI,2023,10,14.0,2,4,0.67,CAR,2.0,40.6,2.4,4.4,0.15942028985507245,0,0,0,3.0,38.0
00-0033009,Tyler Boyd,CIN,2023,10,117.0,8,12,0.92,HOU,20.0,39.8,4.6,5.8,0.16111111111111112,0,0,0,5.5,46.0
00-0035341,Trenton Irwin,CIN,2023,10,54.0,2,4,0.81,HOU,20.0,36.4,3.0,4.4,0.12222222222222222,0,0,0,5.5,46.0
00-0036900,Ja'Marr Chase,CIN,2023,10,124.0,5,6,0.84,HOU,20.0,97.2,8.4,12.2,0.3388888888888889,1,0,0,5.5,46.0
00-0031544,Amari Cooper,CLE,2023,10,98.0,6,9,0.92,BAL,7.0,74.8,3.6,7.6,0.2375,0,0,0,-6.0,38.5
00-0036980,Elijah Moore,CLE,2023,10,44.0,5,7,0.83,BAL,7.0,28.4,2.8,5.0,0.15625,0,0,0,-6.0,38.5
00-0038979,Cedric Tillman,CLE,2023,10,0.0,0,3,0.85,BAL,7.0,3.0,1.0,1.0,0.00625,0,0,0,-6.0,38.5
00-0036358,CeeDee Lamb,DAL,2023,10,151.0,11,14,0.77,NYG,14.0,110.2,7.6,9.6,0.2857142857142857,0,1,0,17.5,38.5
00-0037666,Jalen Tolbert,DAL,2023,10,2.0,2,5,0.62,NYG,14.0,18.0,3.0,4.0,0.023809523809523808,0,1,0,17.5,38.5
00-0034348,Courtland Sutton,DEN,2023,10,53.0,8,11,0.87,BUF,24.0,38.2,3.2,4.6,0.19658119658119658,0,0,7,-7.5,47.5
00-0036407,Jerry Jeudy,DEN,2023,10,35.0,3,3,0.65,BUF,24.0,52.2,4.4,5.8,0.24786324786324787,0,0,7,-7.5,47.5
00-0038976,Marvin Mims Jr.,DEN,2023,10,0.0,0,1,0.69,BUF,24.0,,,,,0,0,7,-7.5,47.5
00-0033943,Josh Reynolds,DET,2023,10,15.0,2,4,0.7,LAC,27.0,48.2,2.8,3.8,0.10674157303370786,0,1,7,2.5,48.5
00-0036963,Amon-Ra St. Brown,DET,2023,10,156.0,8,9,0.92,LAC,27.0,98.4,9.0,12.4,0.34831460674157305,0,1,7,2.5,48.5
00-0037816,Romeo Doubs,GB,2023,10,31.0,3,5,0.82,PIT,21.0,36.6,3.8,6.8,0.2125,0,0,-3,-3.0,38.5
00-0038124,Christian Watson,GB,2023,10,23.0,2,7,0.75,PIT,21.0,58.4,3.0,5.6,0.175,0,0,-3,-3.0,38.5
00-0030431,Robert Woods,HOU,2023,10,15.0,1,3,0.6,CIN,22.0,34.0,3.2,6.6,0.23404255319148937,1,0,0,-5.5,46.0
00-0033591,Noah Brown,HOU,2023,10,172.0,7,8,0.75,CIN,22.0,49.0,2.8,4.6,0.16312056737588654,0,0,0,-5.5,46.0
00-0038977,Tank Dell,HOU,2023,10,56.0,6,14,0.96,CIN,22.0,72.6,4.4,7.0,0.24822695035460993,0,0,0,-5.5,46.0
00-0036252,Michael Pittman,IND,2023,10,84.0,8,12,0.95,NE,23.0,69.6,6.4,9.4,0.29375,0,0,0,1.0,42.0
00-0037664,Alec Pierce,IND,2023,10,21.0,1,1,0.96,NE,23.0,25.8,2.0,3.6,0.1125,1,0,0,1.0,42.0
00-0034775,Christian Kirk,JAX,2023,10,104.0,6,11,0.89,SF,18.0,69.4,5.4,7.4,0.2356687898089172,0,0,0,-3.0,44.5
00-0034837,Calvin Ridley,JAX,2023,10,20.0,2,3,0.91,SF,18.0,55.6,4.0,6.4,0.20382165605095542,0,0,0,-3.0,44.5
00-0030279,Keenan Allen,LAC,2023,10,175.0,11,14,0.75,DET,15.0,63.6,6.0,8.8,0.28205128205128205,0,1,-7,-2.5,48.5
00-0035414,Jalen Guyton,LAC,2023,10,41.0,4,6,0.79,DET,15.0,,,,,0,1,-7,-2.5,48.5
00-0038544,Quentin Johnston,LAC,2023,10,34.0,4,4,0.85,DET,15.0,32.0,3.5,4.5,0.057692307692307696,0,1,-7,-2.5,48.5
00-0031381,Davante Adams,LV,2023,10,86.0,6,13,0.97,NYJ,1.0,35.2,3.6,7.0,0.23333333333333334,0,1,1,-1.0,35.5
00-0034960,Jakobi Meyers,LV,2023,10,21.0,2,2,0.91,NYJ,1.0,48.6,4.4,7.2,0.24,0,1,1,-1.0,35.5
00-0034646,Brandon Powell,MIN,2023,10,35.0,4,5,0.67,NO,4.0,20.8,2.2,3.4,0.09090909090909091,0,1,0,-3.0,41.0
00-0037291,Jalen Nailor,MIN,2023,10,16.0,1,1,0.92,NO,4.0,,,,,0,1,0,-3.0,41.0
00-0038994,Jordan Addison,MIN,2023,10,69.0,4,7,0.97,NO,4.0,69.8,5.6,7.8,0.20855614973262032,0,1,0,-3.0,41.0
00-0033857,JuJu Smith-Schuster,NE,2023,10,9.0,1,1,0.99,IND,11.0,28.6,2.8,3.8,0.1165644171779141,0,0,0,-1.0,42.0
00-0038621,Demario Douglas,NE,2023,10,84.0,6,9,0.73,IND,11.0,44.666666666666664,4.666666666666667,6.666666666666667,0.12269938650306748,1,0,0,-1.0,42.0
00-0037239,Chris Olave,NO,2023,10,94.0,6,9,0.81,MIN,16.0,51.4,5.4,9.4,0.25405405405405407,0,1,0,3.0,41.0
00-0037545,Rashid Shaheed,NO,2023,10,24.0,5,9,0.69,MIN,16.0,45.2,3.0,5.2,0.14054054054054055,0,1,0,3.0,41.0
00-0038612,A.T. Perry,NO,2023,10,38.0,2,4,0.84,MIN,16.0,,,,,0,1,0,3.0,41.0
00-0035535,Darius Slayton,NYG,2023,10,21.0,3,4,0.79,DAL,10.0,36.8,2.4,4.2,0.16279069767441862,0,1,0,-17.5,38.5
00-0036165,Isaiah Hodgins,NYG,2023,10,0.0,0,2,0.6,DAL,10.0,34.4,2.8,4.0,0.15503875968992248,0,1,0,-17.5,38.5
00-0034521,Allen Lazard,NYJ,2023,10,17.0,1,5,0.89,LV,5.0,33.0,2.4,4.4,0.12290502793296089,0,1,-1,1.0,35.5
00-0037740,Garrett Wilson,NYJ,2023,10,93.0,9,14,0.94,LV,5.0,76.8,6.8,11.8,0.329608938547486,0,1,-1,1.0,35.5
00-0038496,Xavier Gipson,NYJ,2023,10,24.0,1,3,0.68,LV,5.0,,,,,0,1,-1,1.0,35.5
00-0035216,Diontae Johnson,PIT,2023,10,17.0,1,4,0.82,GB,8.0,65.4,4.8,9.2,0.30666666666666664,0,0,3,3.0,38.5
00-0037247,George Pickens,PIT,2023,10,45.0,3,4,0.95,GB,8.0,56.6,3.4,7.0,0.23333333333333334,0,0,3,3.0,38.5
00-0032211,Tyler Lockett,SEA,2023,10,92.0,8,10,0.79,WAS,26.0,59.8,5.0,7.2,0.24489795918367346,0,0,0,6.0,44.0
00-0035640,DK Metcalf,SEA,2023,10,98.0,7,12,0.89,WAS,26.0,66.4,3.8,7.8,0.2653061224489796,0,0,0,6.0,44.0
00-0038543,Jaxon Smith-Njigba,SEA,2023,10,53.0,4,5,0.62,WAS,26.0,52.5,4.25,5.75,0.1564625850340136,0,0,0,6.0,44.0
00-0036261,Brandon Aiyuk,SF,2023,10,55.0,3,3,0.68,JAX,25.0,89.6,4.8,7.6,0.3089430894308943,0,0,0,3.0,44.5
00-0031408,Mike Evans,TB,2023,10,143.0,6,10,0.72,TEN,9.0,63.4,4.4,7.8,0.22033898305084745,0,0,-3,2.5,39.5
00-0033921,Chris Godwin,TB,2023,10,54.0,4,6,0.77,TEN,9.0,65.4,5.4,8.6,0.24293785310734464,0,0,-3,2.5,39.5
00-0039052,Trey Palmer,TB,2023,10,21.0,2,4,0.83,TEN,9.0,26.2,2.2,4.4,0.12429378531073447,1,0,-3,2.5,39.5
00-0030564,DeAndre Hopkins,TEN,2023,10,27.0,3,9,0.79,TB,28.0,79.2,4.0,8.0,0.27972027972027974,0,0,3,-2.5,39.5
00-0032398,Chris Moore,TEN,2023,10,21.0,2,4,0.83,TB,28.0,30.8,2.4,5.2,0.18181818181818182,0,0,3,-2.5,39.5
00-0036182,Nick Westbrook-Ikhine,TEN,2023,10,9.0,1,4,0.62,TB,28.0,33.6,3.2,4.6,0.16083916083916083,0,0,3,-2.5,39.5
00-0035659,Terry McLaurin,WAS,2023,10,33.0,4,8,0.87,SEA,6.0,71.2,5.2,9.0,0.225,0,0,0,-6.0,44.0
00-0037741,Jahan Dotson,WAS,2023,10,0.0,0,2,0.95,SEA,6.0,50.0,4.0,6.4,0.16,0,0,0,-6.0,44.0
00-0035500,Greg Dortch,ARI,2023,11,76.0,6,8,0.75,HOU,27.0,65.2,7.2,9.0,0.2848101265822785,0,1,0,-5.5,48.0
00-0035662,Marquise Brown,ARI,2023,11,18.0,2,5,0.95,HOU,27.0,33.6,3.6,7.8,0.2468354430379747,0,1,0,-5.5,48.0
00-0036936,Rondale Moore,ARI,2023,11,48.0,1,1,0.72,HOU,27.0,18.0,2.8,4.8,0.1518987341772152,0,1,0,-5.5,48.0
00-0036550,Rashod Bateman,BAL,2023,11,10.0,1,2,0.77,CIN,23.0,46.4,2.2,4.0,0.14925373134328357,0,0,0,4.0,46.5
00-0039064,Zay Flowers,BAL,2023,11,43.0,3,4,0.98,CIN,23.0,45.6,4.2,5.6,0.208955223880597,0,0,0,4.0,46.5
00-0031588,Stefon Diggs,BUF,2023,11,27.0,4,8,0.8,NYJ,1.0,69.6,6.8,10.4,0.3170731707317073,0,0,-1,8.0,39.5
00-0037261,Khalil Shakir,BUF,2023,11,115.0,3,4,0.74,NYJ,1.0,62.0,3.5,4.25,0.10365853658536585,0,0,-1,8.0,39.5
00-0030035,Adam Thielen,CAR,2023,11,74.0,8,11,0.9,DAL,7.0,73.0,8.2,10.6,0.3081395348837209,0,0,3,-11.0,43.0
00-0039062,Jonathan Mingo,CAR,2023,11,6.0,1,6,0.95,DAL,7.0,31.2,3.0,5.2,0.1511627906976744,0,0,3,-11.0,43.0
00-0034827,DJ Moore,CHI,2023,11,96.0,7,9,0.97,DET,18.0,52.4,5.0,7.4,0.25517241379310346,0,1,3,-8.0,48.0
00-0036309,Darnell Mooney,CHI,2023,11,24.0,1,1,0.6,DET,18.0,43.4,2.8,4.4,0.15172413793103448,0,1,3,-8.0,48.0
00-0033009,Tyler Boyd,CIN,2023,11,22.0,3,6,0.9,BAL,8.0,58.0,5.4,6.8,0.17708333333333334,0,0,0,-4.0,46.5
00-0035341,Trenton Irwin,CIN,2023,11,36.0,3,5,0.95,BAL,8.0,38.8,2.8,4.4,0.11458333333333333,0,0,0,-4.0,46.5
00-0036900,Ja'Marr Chase,CIN,2023,11,12.0,2,7,0.98,BAL,8.0,107.4,8.0,11.6,0.3020833333333333,0,0,0,-4.0,46.5
00-0031544,Amari Cooper,CLE,2023,11,34.0,4,8,0.89,PIT,20.0,91.2,4.6,8.2,0.25949367088607594,0,0,0,2.5,34.0
00-0036980,Elijah Moore,CLE,2023,11,60.0,6,7,0.71,PIT,20.0,33.2,3.4,5.6,0.17721518987341772,0,0,0,2.5,34.0
00-0038979,Cedric Tillman,CLE,2023,11,2.0,1,2,0.88,PIT,20.0,1.5,0.5,2.0,0.02531645569620253,0,0,0,2.5,34.0
00-0031236,Brandin Cooks,DAL,2023,11,42.0,3,4,0.72,CAR,3.0,25.2,2.6,3.6,0.10227272727272728,0,0,-3,11.0,43.0
00-0036358,CeeDee Lamb,DAL,2023,11,38.0,6,9,0.79,CAR,3.0,133.2,9.0,11.2,0.3181818181818182,0,0,-3,11.0,43.0
00-0034348,Courtland Sutton,DEN,2023,11,66.0,4,5,0.8,MIN,14.0,43.4,4.2,5.8,0.24166666666666667,0,0,-1,2.5,43.5
00-0036407,Jerry Jeudy,DEN,2023,11,58.0,5,7,0.71,MIN,14.0,43.0,4.0,5.0,0.20833333333333334,0,0,-1,2.5,43.5
00-0033943,Josh Reynolds,DET,2023,11,11.0,1,2,0.73,CHI,10.0,38.0,2.2,3.4,0.09289617486338798,0,1,-3,8.0,48.0
00-0036963,Amon-Ra St. Brown,DET,2023,11,77.0,8,11,0.92,CHI,10.0,109.2,8.8,11.8,0.3224043715846995,0,1,-3,8.0,48.0
00-0037240,Jameson Williams,DET,2023,11,44.0,2,3,0.65,CHI,10.0,,,,,0,1,-3,8.0,48.0
00-0037816,Romeo Doubs,GB,2023,11,53.0,5,6,0.68,LAC,26.0,23.8,2.6,5.2,0.15950920245398773,0,0,0,-3.0,44.0
00-0038124,Christian Watson,GB,2023,11,21.0,2,4,0.78,LAC,26.0,42.2,2.4,5.8,0.17791411042944785,0,0,0,-3.0,44.0
00-0039146,Jayden Reed,GB,2023,11,46.0,4,6,0.69,LAC,26.0,67.0,3.3333333333333335,6.0,0.11042944785276074,0,0,0,-3.0,44.0
00-0030431,Robert Woods,HOU,2023,11,44.0,5,8,0.75,ARI,2.0,22.2,2.2,5.4,0.17532467532467533,0,1,0,5.5,48.0
00-0036554,Nico Collins,HOU,2023,11,65.0,7,11,0.76,ARI,2.0,74.2,4.2,6.0,0.19480519480519481,0,1,0,5.5,48.0
00-0038977,Tank Dell,HOU,2023,11,149.0,8,10,0.76,ARI,2.0,69.4,4.2,7.8,0.2532467532467532,0,1,0,5.5,48.0
00-0033891,Zay Jones,JAX,2023,11,20.0,4,4,0.63,TEN,15.0,46.6,4.4,7.8,0.2468354430379747,1,0,0,6.5,40.0
00-0034775,Christian Kirk,JAX,2023,11,48.0,3,6,0.76,TEN,15.0,73.4,5.0,7.2,0.22784810126582278,0,0,0,6.5,40.0
00-0034837,Calvin Ridley,JAX,2023,11,103.0,7,9,0.8,TEN,15.0,52.0,4.0,6.6,0.2088607594936709,0,0,0,6.5,40.0
00-0034386,Justin Watson,KC,2023,11,53.0,5,11,0.63,PHI,22.0,7.6,1.0,2.8,0.07650273224043716,0,0,0,2.5,46.0
00-0036841,Austin Trammell,LA,2023,11,23.0,3,6,0.69,SEA,13.0,,,,,0,1,7,2.5,45.0
00-0036849,Tutu Atwell,LA,2023,11,17.0,1,3,0.88,SEA,13.0,20.8,2.0,3.8,0.1347517730496454,0,1,7,2.5,45.0
00-0039075,Puka Nacua,LA,2023,11,70.0,5,7,0.88,SEA,13.0,65.2,5.0,8.8,0.3120567375886525,0,1,7,2.5,45.0
00-0030279,Keenan Allen,LAC,2023,11,116.0,10,16,0.94,GB,5.0,92.2,7.6,10.6,0.3081395348837209,1,0,0,3.0,44.0
00-0032543,Alex Erickson,LAC,2023,11,12.0,1,1,0.78,GB,5.0,,,,,0,0,0,3.0,44.0
00-0038544,Quentin Johnston,LAC,2023,11,21.0,2,6,0.86,GB,5.0,32.666666666666664,3.6666666666666665,4.333333333333333,0.0755813953488372,0,0,0,3.0,44.0
00-0031381,Davante Adams,LV,2023,11,82.0,7,13,0.98,MIA,9.0,43.4,4.0,8.8,0.3013698630136986,0,0,-7,-14.0,44.5
00-0034960,Jakobi Meyers,LV,2023,11,49.0,4,5,0.82,MIA,9.0,37.8,3.4,5.6,0.1917808219178082,0,0,-7,-14.0,44.5
00-0034418,Cedrick Wilson Jr.,MIA,2023,11,23.0,3,4,0.64,LV,11.0,31.0,1.0,5.0,0.03048780487804878,0,0,7,14.0,44.5
00-0036613,Jaylen Waddle,MIA,2023,11,55.0,4,8,0.83,LV,11.0,67.8,5.4,8.4,0.25609756097560976,0,0,7,14.0,44.5
00-0036345,K.J. Osborn,MIN,2023,11,7.0,1,2,0.96,DEN,12.0,51.8,4.6,6.4,0.18497109826589594,0,0,1,-2.5,43.5
00-0038994,Jordan Addison,MIN,2023,11,44.0,3,6,0.95,DEN,12.0,70.8,5.2,7.4,0.2138728323699422,0,0,1,-2.5,43.5
00-0038117,Wan'Dale Robinson,NYG,2023,11,35.0,3,4,0.67,WAS,24.0,28.4,3.8,4.6,0.184,0,0,0,-7.5,39.0
00-0034521,Allen Lazard,NYJ,2023,11,0.0,0,1,0.65,BUF,17.0,24.2,2.0,4.8,0.13559322033898305,0,0,1,-8.0,39.5
00-0037740,Garrett Wilson,NYJ,2023,11,9.0,2,8,0.95,BUF,17.0,83.4,6.8,11.8,0.3333333333333333,1,0,1,-8.0,39.5
00-0038496,Xavier Gipson,NYJ,2023,11,7.0,1,2,0.79,BUF,17.0,24.0,1.0,3.0,0.01694915254237288,0,0,1,-8.0,39.5
00-0035676,A.J. Brown,PHI,2023,11,8.0,1,4,0.95,KC,4.0,118.2,7.6,9.8,0.3006134969325153,0,0,0,-2.5,46.0
00-0036912,DeVonta Smith,PHI,2023,11,99.0,6,8,0.95,KC,4.0,49.8,4.0,6.2,0.1901840490797546,0,0,0,-2.5,46.0
00-0031428,Allen Robinson,PIT,2023,11,20.0,3,4,0.78,CLE,6.0,10.8,1.6,3.0,0.10344827586206896,0,0,0,-2.5,34.0
00-0035216,Diontae Johnson,PIT,2023,11,16.0,2,8,0.86,CLE,6.0,61.8,4.6,8.6,0.296551724137931,0,0,0,-2.5,34.0
00-0037247,George Pickens,PIT,2023,11,38.0,4,6,0.92,CLE,6.0,60.6,3.4,6.4,0.2206896551724138,0,0,0,-2.5,34.0
00-0035640,DK Metcalf,SEA,2023,11,94.0,5,9,0.71,LA,19.0,63.6,4.0,8.6,0.2621951219512195,0,1,-7,-2.5,45.0
00-0038543,Jaxon Smith-Njigba,SEA,2023,11,40.0,3,6,0.68,LA,19.0,52.6,4.2,5.6,0.17073170731707318,0,1,-7,-2.5,45.0
00-0035719,Deebo Samuel Sr.,SF,2023,11,63.0,3,4,0.85,TB,28.0,67.0,4.6,7.4,0.29133858267716534,0,0,0,13.5,41.5
00-0036261,Brandon Aiyuk,SF,2023,11,156.0,5,6,0.88,TB,28.0,71.0,4.2,7.0,0.2755905511811024,0,0,0,13.5,41.5
00-0031408,Mike Evans,TB,2023,11,43.0,5,12,0.79,SF,16.0,80.0,4.6,7.8,0.2215909090909091,0,0,0,-13.5,41.5
00-0033921,Chris Godwin,TB,2023,11,39.0,6,7,0.8,SF,16.0,53.4,4.6,7.6,0.2159090909090909,0,0,0,-13.5,41.5
00-0039052,Trey Palmer,TB,2023,11,22.0,4,6,0.72,SF,16.0,29.2,2.2,4.6,0.13068181818181818,0,0,0,-13.5,41.5
00-0030564,DeAndre Hopkins,TEN,2023,11,59.0,4,5,0.63,JAX,25.0,75.0,4.0,8.4,0.2692307692307692,0,0,0,-6.5,40.0
00-0032398,Chris Moore,TEN,2023,11,49.0,1,1,0.75,JAX,25.0,26.6,2.0,4.4,0.14102564102564102,0,0,0,-6.5,40.0
00-0035659,Terry McLaurin,WAS,2023,11,43.0,5,7,0.8,NYG,21.0,68.0,5.2,9.6,0.24742268041237114,0,0,0,7.5,39.0
00-0037741,Jahan Dotson,WAS,2023,11,23.0,3,4,0.79,NYG,21.0,44.0,3.4,5.8,0.14948453608247422,0,0,0,7.5,39.0
00-0035500,Greg Dortch,ARI,2023,12,27.0,3,9,0.76,LA,20.0,64.4,6.6,8.6,0.28859060402684567,0,1,0,-3.0,45.0
00-0035662,Marquise Brown,ARI,2023,12,88.0,6,12,0.87,LA,20.0,30.4,3.2,6.6,0.2214765100671141,1,1,0,-3.0,45.0
00-0036936,Rondale Moore,ARI,2023,12,35.0,2,3,0.75,LA,20.0,21.6,2.2,3.6,0.12080536912751678,0,1,0,-3.0,45.0
00-0037238,Drake London,ATL,2023,12,91.0,5,7,0.84,NO,10.0,64.2,5.4,7.8,0.2565789473684211,0,1,0,-2.0,42.0
00-0036550,Rashod Bateman,BAL,2023,12,21.0,2,5,0.8,LAC,31.0,26.8,1.6,3.0,0.11627906976744186,0,1,3,3.0,49.0
00-0039064,Zay Flowers,BAL,2023,12,25.0,5,8,0.94,LAC,31.0,44.2,3.6,4.8,0.18604651162790697,1,1,3,3.0,49.0
00-0031588,Stefon Diggs,BUF,2023,12,74.0,6,11,0.92,PHI,25.0,55.0,5.6,8.8,0.2682926829268293,0,0,1,-2.5,49.0
00-0037261,Khalil Shakir,BUF,2023,12,47.0,3,5,0.8,PHI,25.0,72.6,3.4,4.2,0.12804878048780488,0,0,1,-2.5,49.0
00-0030035,Adam Thielen,CAR,2023,12,2.0,1,3,0.89,TEN,17.0,66.4,7.6,10.2,0.3128834355828221,0,0,0,-3.5,36.0
00-0034777,DJ Chark,CAR,2023,12,34.0,3,4,0.74,TEN,17.0,41.0,2.8,6.0,0.18404907975460122,0,0,0,-3.5,36.0
00-0039062,Jonathan Mingo,CAR,2023,12,60.0,4,6,0.92,TEN,17.0,22.8,2.2,5.0,0.15337423312883436,0,0,0,-3.5,36.0
00-0034827,DJ Moore,CHI,2023,12,114.0,11,13,0.93,MIN,22.0,61.4,5.4,7.6,0.2638888888888889,0,1,0,-3.0,43.5
00-0036309,Darnell Mooney,CHI,2023,12,6.0,2,3,0.81,MIN,22.0,38.6,2.6,4.0,0.1388888888888889,0,1,0,-3.0,43.5
00-0033009,Tyler Boyd,CIN,2023,12,23.0,3,5,0.63,PIT,21.0,54.6,4.8,6.6,0.18435754189944134,0,0,3,-2.0,36.0
00-0035341,Trenton Irwin,CIN,2023,12,25.0,1,1,0.72,PIT,21.0,42.8,3.2,4.6,0.12849162011173185,0,0,3,-2.0,36.0
00-0036900,Ja'Marr Chase,CIN,2023,12,81.0,4,6,0.88,PIT,21.0,71.4,5.4,9.2,0.2569832402234637,0,0,3,-2.0,36.0
00-0031544,Amari Cooper,CLE,2023,12,16.0,2,6,0.74,DEN,12.0,76.4,4.6,8.2,0.2469879518072289,0,0,0,-1.5,37.5
00-0036980,Elijah Moore,CLE,2023,12,44.0,3,9,0.86,DEN,12.0,41.4,3.8,5.6,0.1686746987951807,0,0,0,-1.5,37.5
00-0038979,Cedric Tillman,CLE,2023,12,55.0,4,5,0.89,DEN,12.0,1.6666666666666667,0.6666666666666666,2.0,0.03614457831325301,0,0,0,-1.5,37.5
00-0031236,Brandin Cooks,DAL,2023,12,72.0,4,5,0.8,WAS,29.0,28.2,2.4,3.6,0.09473684210526316,0,1,0,13.0,48.0
00-0036358,CeeDee Lamb,DAL,2023,12,53.0,4,9,0.93,WAS,29.0,131.0,9.4,12.0,0.3157894736842105,0,1,0,13.0,48.0
00-0034348,Courtland Sutton,DEN,2023,12,61.0,3,6,0.78,CLE,5.0,54.0,4.8,6.2,0.248,0,0,0,1.5,37.5
00-0036407,Jerry Jeudy,DEN,2023,12,11.0,2,3,0.61,CLE,5.0,44.2,4.4,5.4,0.216,0,0,0,1.5,37.5
00-0033943,Josh Reynolds,DET,2023,12,15.0,2,4,0.64,GB,6.0,26.4,1.8,2.6,0.06914893617021277,0,1,0,8.5,47.0
00-0036963,Amon-Ra St. Brown,DET,2023,12,95.0,9,11,0.92,GB,6.0,113.4,9.4,12.6,0.3351063829787234,0,1,0,8.5,47.0
00-0037240,Jameson Williams,DET,2023,12,51.0,2,3,0.63,GB,6.0,44.0,2.0,3.0,0.015957446808510637,0,1,0,8.5,47.0
00-0037816,Romeo Doubs,GB,2023,12,37.0,3,4,0.86,DET,18.0,33.6,3.4,5.6,0.16279069767441862,0,1,0,-8.5,47.0
00-0038124,Christian Watson,GB,2023,12,94.0,5,7,0.88,DET,18.0,28.2,2.2,5.2,0.1511627906976744,0,1,0,-8.5,47.0
00-0039146,Jayden Reed,GB,2023,12,34.0,4,8,0.73,DET,18.0,61.75,3.5,6.0,0.13953488372093023,0,1,0,-8.5,47.0
00-0036554,Nico Collins,HOU,2023,12,104.0,7,9,0.77,JAX,24.0,53.6,4.2,6.4,0.2,0,1,0,-1.0,48.0
00-0038977,Tank Dell,HOU,2023,12,50.0,5,8,0.8,JAX,24.0,70.2,4.8,8.4,0.2625,0,1,0,-1.0,48.0
00-0036252,Michael Pittman,IND,2023,12,107.0,10,13,0.96,TB,32.0,76.0,7.0,10.4,0.32098765432098764,0,1,7,2.5,45.0
00-0037664,Alec Pierce,IND,2023,12,27.0,4,6,0.95,TB,32.0,28.0,2.0,3.4,0.10493827160493827,0,1,7,2.5,45.0
00-0038997,Josh Downs,IND,2023,12,43.0,5,13,0.68,TB,32.0,69.8,5.0,6.4,0.19753086419753085,0,1,7,2.5,45.0
00-0033891,Zay Jones,JAX,2023,12,10.0,1,3,0.71,HOU,27.0,46.4,4.4,7.4,0.24342105263157895,1,1,0,1.0,48.0
00-0034775,Christian Kirk,JAX,2023,12,89.0,4,7,0.76,HOU,27.0,67.4,4.4,6.8,0.2236842105263158,0,1,0,1.0,48.0
00-0034837,Calvin Ridley,JAX,2023,12,89.0,5,6,0.94,HOU,27.0,48.2,4.0,6.8,0.2236842105263158,0,1,0,1.0,48.0
00-0039067,Rashee Rice,KC,2023,12,107.0,8,10,0.67,LV,19.0,36.5,3.0,3.5,0.03825136612021858,0,1,-1,9.0,42.5
00-0032775,Demarcus Robinson,LA,2023,12,13.0,2,2,0.6,ARI,7.0,31.0,4.2,6.4,0.23529411764705882,0,1,0,3.0,45.0
00-0033908,Cooper Kupp,LA,2023,12,18.0,3,5,0.88,ARI,7.0,72.8,4.6,9.0,0.33088235294117646,0,1,0,3.0,45.0
00-0039075,Puka Nacua,LA,2023,12,27.0,4,8,0.81,ARI,7.0,65.0,4.6,8.0,0.29411764705882354,0,1,0,3.0,45.0
00-0030279,Keenan Allen,LAC,2023,12,106.0,14,16,0.98,BAL,8.0,98.4,8.2,11.6,0.3372093023255814,0,1,-3,-3.0,49.0
00-0035414,Jalen Guyton,LAC,2023,12,4.0,1,5,0.8,BAL,8.0,41.0,4.0,6.0,0.03488372093023256,1,1,-3,-3.0,49.0
00-0031381,Davante Adams,LV,2023,12,73.0,5,7,1.0,KC,1.0,54.0,5.0,10.4,0.33986928104575165,0,1,1,-9.0,42.5
00-0034960,Jakobi Meyers,LV,2023,12,79.0,6,7,0.91,KC,1.0,35.4,3.2,5.2,0.16993464052287582,0,1,1,-9.0,42.5
00-0033040,Tyreek Hill,MIA,2023,12,102.0,9,12,0.63,NYJ,3.0,72.0,7.0,10.4,0.30952380952380953,0,0,0,9.5,40.0
00-0036613,Jaylen Waddle,MIA,2023,12,114.0,8,8,0.66,NYJ,3.0,61.6,5.4,8.8,0.2619047619047619,0,0,0,9.5,40.0
00-0034646,Brandon Powell,MIN,2023,12,45.0,3,3,0.65,CHI,13.0,27.2,2.8,4.0,0.11627906976744186,0,1,0,3.0,43.5
00-0036345,K.J. Osborn,MIN,2023,12,34.0,3,4,0.85,CHI,13.0,50.0,4.6,6.4,0.18604651162790697,0,1,0,3.0,43.5
00-0038994,Jordan Addison,MIN,2023,12,39.0,6,10,0.96,CHI,13.0,74.0,5.2,7.6,0.22093023255813954,0,1,0,3.0,43.5
00-0031547,DeVante Parker,NE,2023,12,42.0,3,5,0.75,NYG,28.0,27.2,2.6,4.4,0.13924050632911392,1,0,7,4.5,36.5
00-0033857,JuJu Smith-Schuster,NE,2023,12,10.0,2,4,0.65,NYG,28.0,26.2,2.6,3.4,0.10759493670886076,0,0,7,4.5,36.5
00-0036364,Lynn Bowden,NO,2023,12,0.0,0,2,0.64,ATL,15.0,,,,,0,1,0,2.0,42.0
00-0038612,A.T. Perry,NO,2023,12,7.0,1,2,0.74,ATL,15.0,38.0,2.0,4.0,0.02,0,1,0,2.0,42.0
00-0038117,Wan'Dale Robinson,NYG,2023,12,26.0,4,5,0.77,NE,26.0,27.4,3.4,4.2,0.175,0,0,-7,-4.5,36.5
00-0038938,Jalin Hyatt,NYG,2023,12,109.0,5,6,0.6,NE,26.0,35.333333333333336,2.3333333333333335,3.6666666666666665,0.09166666666666666,0,0,-7,-4.5,36.5
00-0037740,Garrett Wilson,NYJ,2023,12,44.0,7,10,0.95,MIA,11.0,74.4,6.6,12.0,0.33707865168539325,0,0,0,-9.5,40.0
00-0038492,Jason Brownlee,NYJ,2023,12,20.0,2,2,0.98,MIA,11.0,,,,,0,0,0,-9.5,40.0
00-0038496,Xavier Gipson,NYJ,2023,12,15.0,2,2,0.72,MIA,11.0,15.5,1.0,2.5,0.028089887640449437,0,0,0,-9.5,40.0
00-0027944,Julio Jones,PHI,2023,12,0.0,1,3,0.71,BUF,16.0,35.333333333333336,3.6666666666666665,6.0,0.12,0,0,-1,2.5,49.0
00-0035676,A.J. Brown,PHI,2023,12,37.0,5,9,0.94,BUF,16.0,94.4,6.6,9.0,0.3,0,0,-1,2.5,49.0
00-0036912,DeVonta Smith,PHI,2023,12,106.0,7,8,0.98,BUF,16.0,68.4,5.0,6.8,0.22666666666666666,0,0,-1,2.5,49.0
00-0031428,Allen Robinson,PIT,2023,12,11.0,1,1,0.63,CIN,30.0,13.2,2.0,3.4,0.1223021582733813,0,0,-3,2.0,36.0
00-0035216,Diontae Johnson,PIT,2023,12,50.0,4,8,0.73,CIN,30.0,57.4,4.6,8.2,0.2949640287769784,0,0,-3,2.0,36.0
00-0037247,George Pickens,PIT,2023,12,58.0,3,5,0.75,CIN,30.0,42.2,3.0,5.6,0.2014388489208633,0,0,-3,2.0,36.0
00-0032211,Tyler Lockett,SEA,2023,12,30.0,3,5,0.95,SF,23.0,67.4,5.8,8.0,0.24242424242424243,0,0,0,-7.0,43.5
00-0035640,DK Metcalf,SEA,2023,12,32.0,3,9,0.86,SF,23.0,75.6,4.4,9.6,0.2909090909090909,0,0,0,-7.0,43.5
00-0038543,Jaxon Smith-Njigba,SEA,2023,12,41.0,2,3,0.75,SF,23.0,51.0,4.0,5.8,0.17575757575757575,0,0,0,-7.0,43.5
00-0035719,Deebo Samuel Sr.,SF,2023,12,79.0,7,9,0.76,SEA,13.0,73.0,4.6,7.0,0.26717557251908397,0,0,0,7.0,43.5
00-0036261,Brandon Aiyuk,SF,2023,12,50.0,2,4,0.89,SEA,13.0,90.6,4.4,6.8,0.2595419847328244,0,0,0,7.0,43.5
00-0031408,Mike Evans,TB,2023,12,70.0,6,9,0.92,IND,9.0,78.8,4.8,8.2,0.22527472527472528,0,1,-7,-2.5,45.0
00-0033921,Chris Godwin,TB,2023,12,45.0,3,7,0.83,IND,9.0,45.8,4.6,7.6,0.2087912087912088,0,1,-7,-2.5,45.0
00-0039052,Trey Palmer,TB,2023,12,17.0,4,5,0.68,IND,9.0,24.2,2.6,4.4,0.12087912087912088,0,1,-7,-2.5,45.0
00-0032398,Chris Moore,TEN,2023,12,41.0,3,4,0.66,CAR,4.0,31.4,1.8,3.8,0.13768115942028986,0,0,0,3.5,36.0
00-0036182,Nick Westbrook-Ikhine,TEN,2023,12,41.0,4,5,0.75,CAR,4.0,23.8,2.6,4.0,0.14492753623188406,0,0,0,3.5,36.0
00-0035659,Terry McLaurin,WAS,2023,12,50.0,4,11,0.85,DAL,2.0,60.4,5.0,8.8,0.20465116279069767,0,1,0,-13.0,48.0
00-0037741,Jahan Dotson,WAS,2023,12,52.0,5,6,0.85,DAL,2.0,48.6,4.0,6.4,0.14883720930232558,0,1,0,-13.0,48.0
00-0035500,Greg Dortch,ARI,2023,13,19.0,1,3,0.69,PIT,14.0,49.2,5.4,8.4,0.2625,0,0,0,-6.0,41.0
00-0037238,Drake London,ATL,2023,13,8.0,1,5,0.85,NYJ,2.0,76.8,5.8,7.8,0.30708661417322836,0,0,-2,2.0,33.0
00-0030035,Adam Thielen,CAR,2023,13,25.0,3,6,0.89,TB,26.0,43.8,5.6,8.2,0.26973684210526316,0,0,0,-4.0,37.0
00-0039062,Jonathan Mingo,CAR,2023,13,69.0,6,10,0.96,TB,26.0,30.6,2.6,5.6,0.18421052631578946,0,0,0,-4.0,37.0
00-0033009,Tyler Boyd,CIN,2023,13,37.0,5,7,0.75,JAX,17.0,51.6,4.0,6.2,0.1834319526627219,0,0,0,-10.0,41.0
00-0036410,Tee Higgins,CIN,2023,13,36.0,3,3,0.78,JAX,17.0,57.8,4.6,8.6,0.25443786982248523,0,0,0,-10.0,41.0
00-0036900,Ja'Marr Chase,CIN,2023,13,149.0,11,12,0.96,JAX,17.0,71.6,5.0,7.8,0.23076923076923078,0,0,0,-10.0,41.0
00-0036980,Elijah Moore,CLE,2023,13,83.0,4,12,0.73,LA,16.0,38.4,3.6,6.0,0.17647058823529413,0,1,0,-3.5,39.5
00-0038979,Cedric Tillman,CLE,2023,13,20.0,2,6,0.93,LA,16.0,15.0,1.5,2.75,0.06470588235294118,0,1,0,-3.5,39.5
00-0031236,Brandin Cooks,DAL,2023,13,45.0,4,4,0.9,SEA,13.0,41.2,3.0,3.8,0.09895833333333333,0,1,0,9.5,47.5
00-0036358,CeeDee Lamb,DAL,2023,13,116.0,12,17,0.92,SEA,13.0,118.2,8.8,12.4,0.3229166666666667,0,1,0,9.5,47.5
00-0034348,Courtland Sutton,DEN,2023,13,77.0,2,7,0.85,HOU,22.0,57.0,4.6,6.2,0.25,0,1,0,-3.5,47.5
00-0036407,Jerry Jeudy,DEN,2023,13,51.0,3,4,0.7,HOU,22.0,36.4,3.6,4.6,0.18548387096774194,0,1,0,-3.5,47.5
00-0033943,Josh Reynolds,DET,2023,13,12.0,1,3,0.76,NO,9.0,19.4,1.6,2.8,0.07446808510638298,0,1,3,4.0,47.5
00-0036963,Amon-Ra St. Brown,DET,2023,13,49.0,2,6,0.79,NO,9.0,107.6,8.8,11.8,0.31382978723404253,0,1,3,4.0,47.5
00-0037816,Romeo Doubs,GB,2023,13,72.0,4,5,0.81,KC,5.0,35.0,3.6,5.4,0.1588235294117647,0,0,3,-5.5,43.5
00-0038124,Christian Watson,GB,2023,13,71.0,7,9,0.73,KC,5.0,41.6,2.6,5.6,0.16470588235294117,0,0,3,-5.5,43.5
00-0033591,Noah Brown,HOU,2023,13,0.0,0,2,0.81,DEN,6.0,82.4,4.0,5.8,0.1695906432748538,1,1,0,3.5,47.5
00-0036554,Nico Collins,HOU,2023,13,191.0,9,12,0.81,DEN,6.0,66.6,5.0,7.4,0.21637426900584794,0,1,0,3.5,47.5
00-0036252,Michael Pittman,IND,2023,13,105.0,11,16,0.96,TEN,11.0,75.6,7.2,10.2,0.34,0,0,0,1.5,42.0
00-0037664,Alec Pierce,IND,2023,13,100.0,3,6,0.99,TEN,11.0,28.4,2.2,3.4,0.11333333333333333,0,0,0,1.5,42.0
00-0038997,Josh Downs,IND,2023,13,14.0,3,5,0.68,TEN,11.0,71.6,5.6,8.4,0.28,0,0,0,1.5,42.0
00-0033891,Zay Jones,JAX,2023,13,78.0,5,8,0.93,CIN,25.0,33.6,3.0,5.4,0.16770186335403728,0,0,0,10.0,41.0
00-0034837,Calvin Ridley,JAX,2023,13,26.0,4,8,0.86,CIN,25.0,60.0,4.2,6.4,0.19875776397515527,0,0,0,10.0,41.0
00-0038090,Skyy Moore,KC,2023,13,5.0,1,2,0.66,GB,12.0,19.0,2.0,4.0,0.06818181818181818,0,0,-3,5.5,43.5
00-0039067,Rashee Rice,KC,2023,13,64.0,8,9,0.69,GB,12.0,60.0,4.666666666666667,5.666666666666667,0.09659090909090909,0,0,-3,5.5,43.5
00-0033908,Cooper Kupp,LA,2023,13,39.0,6,8,0.98,CLE,1.0,52.8,3.6,7.6,0.2602739726027397,0,1,0,3.5,39.5
00-0039075,Puka Nacua,LA,2023,13,105.0,4,7,0.63,CLE,1.0,65.2,4.6,8.2,0.2808219178082192,0,1,0,3.5,39.5
00-0030279,Keenan Allen,LAC,2023,13,58.0,5,9,0.89,NE,19.0,108.6,10.2,13.0,0.3551912568306011,1,0,0,4.5,38.5
00-0035414,Jalen Guyton,LAC,2023,13,5.0,1,3,0.62,NE,19.0,22.5,2.5,5.5,0.060109289617486336,0,0,0,4.5,38.5
00-0038544,Quentin Johnston,LAC,2023,13,52.0,5,7,0.77,NE,19.0,29.75,3.25,4.75,0.10382513661202186,0,0,0,4.5,38.5
00-0036613,Jaylen Waddle,MIA,2023,13,52.0,5,8,0.61,WAS,23.0,75.2,6.2,9.4,0.28313253012048195,0,0,-1,8.5,50.0
00-0031547,DeVante Parker,NE,2023,13,64.0,4,9,0.86,LAC,21.0,24.2,2.0,3.8,0.11728395061728394,0,0,0,-4.5,38.5
00-0033857,JuJu Smith-Schuster,NE,2023,13,11.0,1,3,0.92,LAC,21.0,21.2,2.6,3.8,0.11728395061728394,0,0,0,-4.5,38.5
00-0038104,Tyquan Thornton,NE,2023,13,0.0,0,1,0.8,LAC,21.0,24.4,2.0,4.6,0.1419753086419753,0,0,0,-4.5,38.5
00-0036364,Lynn Bowden,NO,2023,13,5.0,1,1,0.72,DET,15.0,0.0,0.0,2.0,0.010471204188481676,0,1,-3,-4.0,47.5
00-0037239,Chris Olave,NO,2023,13,119.0,5,8,0.61,DET,15.0,67.8,6.2,10.2,0.2670157068062827,1,1,-3,-4.0,47.5
00-0038612,A.T. Perry,NO,2023,13,30.0,1,3,0.61,DET,15.0,22.5,1.5,3.0,0.031413612565445025,0,1,-3,-4.0,47.5
00-0037740,Garrett Wilson,NYJ,2023,13,50.0,3,7,1.0,ATL,20.0,65.2,6.4,11.6,0.32222222222222224,0,0,2,-2.0,33.0
00-0038496,Xavier Gipson,NYJ,2023,13,77.0,5,6,0.71,ATL,20.0,15.333333333333334,1.3333333333333333,2.3333333333333335,0.03888888888888889,0,0,2,-2.0,33.0
00-0035676,A.J. Brown,PHI,2023,13,114.0,8,13,0.86,SF,18.0,75.6,6.2,9.0,0.3333333333333333,0,0,-3,-3.0,46.5
00-0036271,Quez Watkins,PHI,2023,13,28.0,3,4,0.64,SF,18.0,16.2,2.4,4.2,0.15555555555555556,0,0,-3,-3.0,46.5
00-0036912,DeVonta Smith,PHI,2023,13,96.0,9,11,1.0,SF,18.0,80.8,5.4,6.2,0.22962962962962963,0,0,-3,-3.0,46.5
00-0035216,Diontae Johnson,PIT,2023,13,33.0,4,5,0.72,ARI,7.0,51.6,4.4,8.6,0.2905405405405405,0,0,0,6.0,41.0
00-0037247,George Pickens,PIT,2023,13,86.0,4,5,0.8,ARI,7.0,32.4,2.6,5.0,0.16891891891891891,0,0,0,6.0,41.0
00-0032211,Tyler Lockett,SEA,2023,13,47.0,5,8,0.88,DAL,4.0,54.6,5.2,7.4,0.22023809523809523,0,1,0,-9.5,47.5
00-0035640,DK Metcalf,SEA,2023,13,134.0,6,8,0.9,DAL,4.0,68.2,4.2,9.6,0.2857142857142857,0,1,0,-9.5,47.5
00-0038543,Jaxon Smith-Njigba,SEA,2023,13,62.0,7,11,0.67,DAL,4.0,46.6,3.6,5.0,0.1488095238095238,0,1,0,-9.5,47.5
00-0035719,Deebo Samuel Sr.,SF,2023,13,116.0,4,4,0.83,PHI,24.0,77.8,5.0,7.4,0.27007299270072993,0,0,3,3.0,46.5
00-0036261,Brandon Aiyuk,SF,2023,13,46.0,5,7,0.86,PHI,24.0,85.4,4.0,5.6,0.20437956204379562,0,0,3,3.0,46.5
00-0031408,Mike Evans,TB,2023,13,162.0,7,12,0.82,CAR,3.0,76.4,4.8,8.4,0.24561403508771928,0,0,0,4.0,37.0
00-0033921,Chris Godwin,TB,2023,13,0.0,0,3,0.84,CAR,3.0,41.6,4.0,6.6,0.19298245614035087,1,0,0,4.0,37.0
00-0039052,Trey Palmer,TB,2023,13,12.0,2,5,0.61,CAR,3.0,26.6,3.2,5.0,0.14619883040935672,0,0,0,4.0,37.0
00-0030564,DeAndre Hopkins,TEN,2023,13,75.0,5,12,0.76,IND,8.0,58.8,3.2,7.2,0.2482758620689655,0,0,0,-1.5,42.0
00-0032398,Chris Moore,TEN,2023,13,12.0,1,1,0.69,IND,8.0,35.4,1.8,3.6,0.12413793103448276,0,0,0,-1.5,42.0
00-0036182,Nick Westbrook-Ikhine,TEN,2023,13,28.0,1,3,0.82,IND,8.0,27.0,2.8,4.4,0.15172413793103448,0,0,0,-1.5,42.0
00-0035659,Terry McLaurin,WAS,2023,13,0.0,0,3,0.82,MIA,10.0,52.4,4.6,9.2,0.2062780269058296,0,0,1,-8.5,50.0
00-0037741,Jahan Dotson,WAS,2023,13,23.0,2,5,0.82,MIA,10.0,50.4,4.0,6.0,0.13452914798206278,0,0,1,-8.5,50.0
00-0037238,Drake London,ATL,2023,14,172.0,10,11,0.76,TB,28.0,62.8,4.8,7.0,0.2692307692307692,0,1,0,1.5,41.5
00-0031549,Nelson Agholor,BAL,2023,14,32.0,5,5,0.6,LA,23.0,28.6,3.4,6.0,0.22556390977443608,0,0,7,7.5,42.0
00-0039064,Zay Flowers,BAL,2023,14,60.0,6,10,0.97,LA,23.0,34.2,3.8,5.2,0.19548872180451127,0,0,7,7.5,42.0
00-0031588,Stefon Diggs,BUF,2023,14,24.0,4,11,0.79,KC,6.0,58.2,5.6,8.6,0.2471264367816092,0,0,7,-2.0,49.5
00-0037261,Khalil Shakir,BUF,2023,14,12.0,1,1,0.61,KC,6.0,67.0,3.4,4.2,0.1206896551724138,0,0,7,-2.0,49.5
00-0030035,Adam Thielen,CAR,2023,14,74.0,5,7,0.81,NO,9.0,34.4,4.6,7.2,0.24489795918367346,0,1,0,-5.5,39.0
00-0034777,DJ Chark,CAR,2023,14,26.0,2,4,0.89,NO,9.0,30.6,2.6,4.6,0.1564625850340136,0,1,0,-5.5,39.0
00-0039062,Jonathan Mingo,CAR,2023,14,22.0,2,9,0.89,NO,9.0,32.0,3.0,6.6,0.22448979591836735,0,1,0,-5.5,39.0
00-0034827,DJ Moore,CHI,2023,14,68.0,6,10,0.92,DET,15.0,73.4,6.0,8.4,0.28378378378378377,0,0,6,-3.0,44.5
00-0036309,Darnell Mooney,CHI,2023,14,44.0,2,7,0.9,DET,15.0,33.4,2.2,3.6,0.12162162162162163,0,0,6,-3.0,44.5
00-0036410,Tee Higgins,CIN,2023,14,72.0,2,4,0.75,IND,12.0,65.0,5.2,7.6,0.21965317919075145,0,0,-1,3.0,45.0
00-0036900,Ja'Marr Chase,CIN,2023,14,29.0,3,4,0.87,IND,12.0,81.4,5.2,7.8,0.2254335260115607,0,0,-1,3.0,45.0
00-0031544,Amari Cooper,CLE,2023,14,77.0,7,14,0.84,JAX,25.0,75.2,4.6,7.8,0.2154696132596685,1,0,1,2.5,37.5
00-0036980,Elijah Moore,CLE,2023,14,42.0,3,6,0.7,JAX,25.0,49.0,4.0,7.4,0.20441988950276244,0,0,1,2.5,37.5
00-0038979,Cedric Tillman,CLE,2023,14,23.0,2,4,0.61,JAX,25.0,16.0,1.6,3.4,0.09392265193370165,0,0,1,2.5,37.5
00-0031236,Brandin Cooks,DAL,2023,14,37.0,2,5,0.77,PHI,30.0,43.0,3.0,3.8,0.09547738693467336,0,1,3,3.5,52.5
00-0036358,CeeDee Lamb,DAL,2023,14,71.0,6,10,0.89,PHI,30.0,109.8,8.8,13.0,0.32663316582914576,0,1,3,3.5,52.5
00-0034348,Courtland Sutton,DEN,2023,14,62.0,3,4,0.75,LAC,20.0,57.2,3.8,6.4,0.25806451612903225,0,1,0,-3.0,45.0
00-0036963,Amon-Ra St. Brown,DET,2023,14,21.0,3,8,0.88,CHI,13.0,97.0,6.6,9.2,0.2804878048780488,0,0,-6,3.0,44.5
00-0037816,Romeo Doubs,GB,2023,14,32.0,4,7,0.82,NYG,24.0,45.8,3.6,4.6,0.1393939393939394,0,0,-7,6.0,37.5
00-0038393,Dontayvion Wicks,GB,2023,14,20.0,2,6,0.63,NYG,24.0,22.5,2.0,4.0,0.048484848484848485,0,0,-7,6.0,37.5
00-0039146,Jayden Reed,GB,2023,14,27.0,8,10,0.69,NYG,24.0,56.2,3.6,6.4,0.19393939393939394,0,0,-7,6.0,37.5
00-0030431,Robert Woods,HOU,2023,14,-2.0,1,3,0.71,NYJ,4.0,24.2,2.6,5.8,0.1676300578034682,0,0,0,3.5,33.5
00-0033591,Noah Brown,HOU,2023,14,0.0,0,5,0.66,NYJ,4.0,80.4,3.8,5.0,0.14450867052023122,1,0,0,3.5,33.5
00-0038618,Xavier Hutchinson,HOU,2023,14,15.0,2,3,0.73,NYJ,4.0,,,,,0,0,0,3.5,33.5
00-0036252,Michael Pittman,IND,2023,14,95.0,8,11,0.86,CIN,29.0,80.0,9.0,12.4,0.3668639053254438,0,0,1,-3.0,45.0
00-0037664,Alec Pierce,IND,2023,14,22.0,2,3,0.91,CIN,29.0,37.8,2.2,4.0,0.11834319526627218,0,0,1,-3.0,45.0
00-0038997,Josh Downs,IND,2023,14,32.0,3,3,0.78,CIN,29.0,55.0,5.0,8.2,0.24260355029585798,0,0,1,-3.0,45.0
00-0033891,Zay Jones,JAX,2023,14,29.0,5,14,0.84,CLE,1.0,32.6,3.0,5.6,0.16470588235294117,0,0,-1,-2.5,37.5
00-0034837,Calvin Ridley,JAX,2023,14,53.0,4,13,0.95,CLE,1.0,64.2,4.8,7.2,0.21176470588235294,0,0,-1,-2.5,37.5
00-0038606,Parker Washington,JAX,2023,14,27.0,2,3,0.62,CLE,1.0,,,,,0,0,-1,-2.5,37.5
00-0039067,Rashee Rice,KC,2023,14,72.0,7,10,0.85,BUF,11.0,61.0,5.5,6.5,0.1566265060240964,0,0,-7,2.0,49.5
00-0032775,Demarcus Robinson,LA,2023,14,46.0,3,10,0.86,BAL,5.0,25.4,3.2,5.2,0.16993464052287582,0,0,-7,-7.5,42.0
00-0033908,Cooper Kupp,LA,2023,14,115.0,8,10,0.97,BAL,5.0,31.0,3.4,7.4,0.24183006535947713,0,0,-7,-7.5,42.0
00-0039075,Puka Nacua,LA,2023,14,84.0,5,9,0.94,BAL,5.0,55.4,3.8,7.2,0.23529411764705882,0,0,-7,-7.5,42.0
00-0030279,Keenan Allen,LAC,2023,14,68.0,6,12,0.96,DEN,14.0,106.4,9.6,12.8,0.35359116022099446,0,1,0,3.0,45.0
00-0032543,Alex Erickson,LAC,2023,14,9.0,1,7,0.66,DEN,14.0,12.0,1.0,1.0,0.0055248618784530384,0,1,0,3.0,45.0
00-0038544,Quentin Johnston,LAC,2023,14,91.0,3,4,0.88,DEN,14.0,34.2,3.6,5.2,0.143646408839779,0,1,0,3.0,45.0
00-0031381,Davante Adams,LV,2023,14,53.0,7,10,0.98,MIN,16.0,57.2,4.6,9.4,0.3357142857142857,0,1,1,-3.0,40.5
00-0034960,Jakobi Meyers,LV,2023,14,25.0,5,6,0.98,MIN,16.0,41.2,3.0,4.0,0.14285714285714285,0,1,1,-3.0,40.5
00-0036613,Jaylen Waddle,MIA,2023,14,79.0,6,8,0.82,TEN,17.0,78.6,6.2,9.0,0.2848101265822785,0,0,0,14.0,45.0
00-0036345,K.J. Osborn,MIN,2023,14,15.0,4,7,0.71,LV,26.0,47.0,4.2,5.4,0.17307692307692307,0,1,-1,3.0,40.5
00-0038994,Jordan Addison,MIN,2023,14,27.0,2,3,0.96,LV,26.0,57.2,5.0,7.6,0.24358974358974358,0,1,-1,3.0,40.5
00-0033857,JuJu Smith-Schuster,NE,2023,14,90.0,4,6,0.98,PIT,10.0,17.6,2.4,4.0,0.1282051282051282,1,0,0,-6.0,30.0
00-0038104,Tyquan Thornton,NE,2023,14,17.0,3,5,0.95,PIT,10.0,23.4,1.8,4.0,0.1282051282051282,0,0,0,-6.0,30.0
00-0036364,Lynn Bowden,NO,2023,14,24.0,4,4,0.77,CAR,2.0,2.5,0.5,1.5,0.017964071856287425,0,1,0,5.5,39.0
00-0037239,Chris Olave,NO,2023,14,28.0,4,5,0.65,CAR,2.0,72.4,5.8,9.8,0.2934131736526946,1,1,0,5.5,39.0
00-0038612,A.T. Perry,NO,2023,14,44.0,1,1,0.62,CAR,2.0,25.0,1.3333333333333333,3.0,0.05389221556886228,0,1,0,5.5,39.0
00-0035535,Darius Slayton,NYG,2023,14,14.0,2,2,0.93,GB,8.0,34.0,2.6,4.2,0.1794871794871795,0,0,7,-6.0,37.5
00-0038117,Wan'Dale Robinson,NYG,2023,14,79.0,6,7,0.79,GB,8.0,29.0,3.2,4.0,0.17094017094017094,0,0,7,-6.0,37.5
00-0038938,Jalin Hyatt,NYG,2023,14,13.0,2,3,0.64,GB,8.0,53.75,3.0,4.25,0.1452991452991453,0,0,7,-6.0,37.5
00-0037740,Garrett Wilson,NYJ,2023,14,108.0,9,14,0.91,HOU,27.0,55.2,5.6,10.4,0.2857142857142857,0,0,0,-3.5,33.5
00-0035676,A.J. Brown,PHI,2023,14,94.0,9,13,0.93,DAL,7.0,71.0,5.8,8.6,0.2925170068027211,0,1,-3,-3.5,52.5
00-0036912,DeVonta Smith,PHI,2023,14,73.0,5,10,0.95,DAL,7.0,90.2,6.4,7.4,0.25170068027210885,0,1,-3,-3.5,52.5
00-0035216,Diontae Johnson,PIT,2023,14,57.0,3,7,0.69,NE,22.0,41.2,3.6,6.8,0.2518518518518518,0,0,0,6.0,30.0
00-0037247,George Pickens,PIT,2023,14,19.0,5,6,0.86,NE,22.0,45.2,3.2,5.0,0.18518518518518517,0,0,0,6.0,30.0
00-0032211,Tyler Lockett,SEA,2023,14,89.0,6,6,0.81,SF,18.0,56.4,5.4,8.0,0.23529411764705882,0,0,3,-14.5,44.5
00-0035640,DK Metcalf,SEA,2023,14,52.0,2,5,0.9,SF,18.0,81.6,4.4,8.4,0.24705882352941178,0,0,3,-14.5,44.5
00-0038543,Jaxon Smith-Njigba,SEA,2023,14,25.0,4,7,0.71,SF,18.0,51.8,4.4,6.4,0.18823529411764706,0,0,3,-14.5,44.5
00-0035719,Deebo Samuel Sr.,SF,2023,14,149.0,7,9,0.78,SEA,19.0,88.4,4.6,6.4,0.24060150375939848,0,0,-3,14.5,44.5
00-0036261,Brandon Aiyuk,SF,2023,14,126.0,6,9,0.91,SEA,19.0,83.2,4.0,5.8,0.21804511278195488,0,0,-3,14.5,44.5
00-0031408,Mike Evans,TB,2023,14,8.0,1,6,0.93,ATL,21.0,101.0,5.6,9.6,0.3018867924528302,0,1,0,-1.5,41.5
00-0033921,Chris Godwin,TB,2023,14,53.0,5,11,0.84,ATL,21.0,30.8,3.0,5.8,0.18238993710691823,0,1,0,-1.5,41.5
00-0039052,Trey Palmer,TB,2023,14,5.0,1,1,0.85,ATL,21.0,24.6,3.0,4.8,0.1509433962264151,0,1,0,-1.5,41.5
00-0030564,DeAndre Hopkins,TEN,2023,14,124.0,7,12,0.63,MIA,3.0,69.8,4.0,8.6,0.28289473684210525,0,0,0,-14.0,45.0
00-0036182,Nick Westbrook-Ikhine,TEN,2023,14,28.0,2,4,0.89,MIA,3.0,22.4,2.0,3.8,0.125,0,0,0,-14.0,45.0
00-0037742,Treylon Burks,TEN,2023,14,1.0,1,3,0.65,MIA,3.0,36.8,2.8,5.6,0.18421052631578946,0,0,0,-14.0,45.0
00-0035500,Greg Dortch,ARI,2023,15,15.0,2,3,0.65,SF,20.0,33.4,3.6,6.8,0.23129251700680273,0,0,7,-12.5,48.0
00-0036936,Rondale Moore,ARI,2023,15,5.0,2,3,0.64,SF,20.0,28.2,2.2,3.4,0.11564625850340136,0,0,7,-12.5,48.0
00-0038559,Michael Wilson,ARI,2023,15,0.0,0,3,0.88,SF,20.0,39.6,2.8,4.6,0.1564625850340136,1,0,7,-12.5,48.0
00-0037238,Drake London,ATL,2023,15,24.0,2,3,0.85,CAR,1.0,72.2,5.0,6.8,0.25,0,0,0,3.0,32.0
00-0039064,Zay Flowers,BAL,2023,15,7.0,1,2,0.84,JAX,29.0,42.4,4.0,5.8,0.19727891156462585,0,0,0,4.0,42.5
00-0030035,Adam Thielen,CAR,2023,15,43.0,4,7,0.95,ATL,16.0,43.4,4.6,7.4,0.2605633802816901,0,0,0,-3.0,32.0
00-0034777,DJ Chark,CAR,2023,15,18.0,1,2,0.74,ATL,16.0,30.2,2.6,4.8,0.16901408450704225,0,0,0,-3.0,32.0
00-0039062,Jonathan Mingo,CAR,2023,15,32.0,4,5,0.91,ATL,16.0,35.4,3.2,7.6,0.2676056338028169,0,0,0,-3.0,32.0
00-0034827,DJ Moore,CHI,2023,15,52.0,4,8,0.88,CLE,4.0,76.0,6.4,9.2,0.3262411347517731,1,0,0,-3.0,38.0
00-0036309,Darnell Mooney,CHI,2023,15,14.0,2,8,0.86,CLE,4.0,34.0,2.4,4.2,0.14893617021276595,0,0,0,-3.0,38.0
00-0036410,Tee Higgins,CIN,2023,15,61.0,4,8,0.87,MIN,16.0,61.6,4.0,6.0,0.19230769230769232,0,0,0,3.0,41.5
00-0036900,Ja'Marr Chase,CIN,2023,15,64.0,4,4,0.71,MIN,16.0,79.0,5.0,7.0,0.22435897435897437,0,0,0,3.0,41.5
00-0031544,Amari Cooper,CLE,2023,15,109.0,4,8,0.94,CHI,3.0,72.8,4.8,8.4,0.21428571428571427,0,0,0,3.0,38.0
00-0036980,Elijah Moore,CLE,2023,15,17.0,2,3,0.78,CHI,3.0,54.6,4.2,8.2,0.20918367346938777,0,0,0,3.0,38.0
00-0038979,Cedric Tillman,CLE,2023,15,52.0,4,8,0.72,CHI,3.0,20.0,1.8,4.0,0.10204081632653061,0,0,0,3.0,38.0
00-0031236,Brandin Cooks,DAL,2023,15,10.0,2,6,0.74,BUF,15.0,40.6,2.8,4.0,0.10256410256410256,1,0,0,-2.0,49.5
00-0036358,CeeDee Lamb,DAL,2023,15,53.0,7,10,1.0,BUF,15.0,85.8,7.8,11.8,0.30256410256410254,0,0,0,-2.0,49.5
00-0034348,Courtland Sutton,DEN,2023,15,71.0,5,6,0.94,DET,22.0,63.8,4.0,6.6,0.24444444444444444,0,1,0,-5.5,49.0
00-0036407,Jerry Jeudy,DEN,2023,15,74.0,3,7,0.63,DET,22.0,43.8,3.6,4.4,0.16296296296296298,0,1,0,-5.5,49.0
00-0036963,Amon-Ra St. Brown,DET,2023,15,112.0,7,9,0.92,DEN,18.0,79.6,6.0,9.0,0.27439024390243905,0,1,0,5.5,49.0
00-0037240,Jameson Williams,DET,2023,15,47.0,4,7,0.68,DEN,18.0,47.5,2.0,3.0,0.036585365853658534,0,1,0,5.5,49.0
00-0037816,Romeo Doubs,GB,2023,15,30.0,3,3,0.9,TB,26.0,45.0,3.8,5.4,0.15168539325842698,0,0,-1,4.0,41.5
00-0038393,Dontayvion Wicks,GB,2023,15,97.0,6,7,0.78,TB,26.0,21.666666666666668,2.0,4.666666666666667,0.07865168539325842,1,0,-1,4.0,41.5
00-0030431,Robert Woods,HOU,2023,15,30.0,3,5,0.81,TEN,23.0,18.6,2.2,5.2,0.15950920245398773,0,0,1,-3.0,38.0
00-0033591,Noah Brown,HOU,2023,15,82.0,8,11,0.86,TEN,23.0,76.4,3.2,5.2,0.15950920245398773,1,0,1,-3.0,38.0
00-0038618,Xavier Hutchinson,HOU,2023,15,0.0,0,3,0.84,TEN,23.0,15.0,2.0,3.0,0.018404907975460124,0,0,1,-3.0,38.0
00-0035045,D.J. Montgomery,IND,2023,15,48.0,2,4,0.63,PIT,9.0,,,,,0,1,-3,1.5,41.5
00-0037664,Alec Pierce,IND,2023,15,13.0,1,5,0.97,PIT,9.0,34.0,2.0,3.6,0.10650887573964497,0,1,-3,1.5,41.5
00-0033891,Zay Jones,JAX,2023,15,59.0,5,8,0.61,BAL,7.0,27.4,3.0,7.0,0.18716577540106952,0,0,0,-4.0,42.5
00-0034837,Calvin Ridley,JAX,2023,15,39.0,5,12,0.92,BAL,7.0,58.2,4.4,7.8,0.20855614973262032,0,0,0,-4.0,42.5
00-0034386,Justin Watson,KC,2023,15,31.0,1,3,0.68,NE,14.0,18.2,2.0,4.6,0.13690476190476192,0,0,-3,10.0,39.5
00-0039067,Rashee Rice,KC,2023,15,91.0,9,9,0.92,NE,14.0,63.2,5.8,7.2,0.21428571428571427,0,0,-3,10.0,39.5
00-0032775,Demarcus Robinson,LA,2023,15,44.0,2,3,0.95,WAS,30.0,24.2,2.8,6.0,0.1875,0,1,-7,6.5,48.5
00-0033908,Cooper Kupp,LA,2023,15,111.0,8,8,1.0,WAS,30.0,48.2,4.6,8.0,0.25,0,1,-7,6.5,48.5
00-0039075,Puka Nacua,LA,2023,15,50.0,5,8,1.0,WAS,30.0,63.6,4.2,7.6,0.2375,0,1,-7,6.5,48.5
00-0036988,Josh Palmer,LAC,2023,15,113.0,4,4,0.72,LV,21.0,72.0,3.8,6.6,0.17010309278350516,0,1,0,-3.0,36.0
00-0038544,Quentin Johnston,LAC,2023,15,23.0,2,3,0.92,LV,21.0,42.4,3.2,4.8,0.12371134020618557,0,1,0,-3.0,36.0
00-0031381,Davante Adams,LV,2023,15,101.0,8,12,0.81,LAC,19.0,65.6,5.8,10.0,0.33783783783783783,1,1,0,3.0,36.0
00-0034960,Jakobi Meyers,LV,2023,15,32.0,2,4,0.88,LAC,19.0,42.4,3.8,5.0,0.16891891891891891,0,1,0,3.0,36.0
00-0034418,Cedrick Wilson Jr.,MIA,2023,15,2.0,2,3,0.77,NYJ,2.0,27.0,2.0,4.5,0.060810810810810814,0,0,-1,7.5,36.0
00-0036613,Jaylen Waddle,MIA,2023,15,142.0,8,9,0.67,NYJ,2.0,84.2,6.0,8.8,0.2972972972972973,0,0,-1,7.5,36.0
00-0036322,Justin Jefferson,MIN,2023,15,84.0,7,10,0.96,CIN,31.0,114.2,7.2,10.6,0.33974358974358976,1,0,0,-3.0,41.5
00-0038994,Jordan Addison,MIN,2023,15,111.0,6,6,0.91,CIN,31.0,46.2,4.0,6.6,0.21153846153846154,0,0,0,-3.0,41.5
00-0031547,DeVante Parker,NE,2023,15,44.0,5,5,0.91,KC,13.0,33.2,2.4,5.0,0.16233766233766234,1,0,3,-10.0,39.5
00-0038621,Demario Douglas,NE,2023,15,33.0,3,5,0.72,KC,13.0,54.5,5.0,7.25,0.18831168831168832,0,0,3,-10.0,39.5
00-0036364,Lynn Bowden,NO,2023,15,31.0,3,5,0.6,NYG,25.0,9.666666666666666,1.6666666666666667,2.3333333333333335,0.04375,0,1,1,6.0,39.5
00-0035535,Darius Slayton,NYG,2023,15,63.0,4,8,0.95,NO,5.0,23.0,2.2,3.4,0.136,0,1,-1,-6.0,39.5
00-0038117,Wan'Dale Robinson,NYG,2023,15,25.0,4,4,0.85,NO,5.0,32.4,2.8,3.8,0.152,0,1,-1,-6.0,39.5
00-0038938,Jalin Hyatt,NYG,2023,15,0.0,0,3,0.71,NO,5.0,45.6,2.8,4.0,0.16,0,1,-1,-6.0,39.5
00-0034521,Allen Lazard,NYJ,2023,15,21.0,3,6,0.9,MIA,12.0,17.6,1.4,4.2,0.12352941176470589,0,0,1,-7.5,36.0
00-0037740,Garrett Wilson,NYJ,2023,15,29.0,3,4,0.95,MIA,12.0,60.8,6.0,10.6,0.31176470588235294,0,0,1,-7.5,36.0
00-0038496,Xavier Gipson,NYJ,2023,15,29.0,2,6,0.69,MIA,12.0,30.75,2.25,3.25,0.07647058823529412,0,0,1,-7.5,36.0
00-0035676,A.J. Brown,PHI,2023,15,56.0,5,10,0.96,SEA,27.0,63.8,6.0,9.6,0.34285714285714286,0,0,0,5.0,46.0
00-0036912,DeVonta Smith,PHI,2023,15,50.0,5,5,0.96,SEA,27.0,85.0,6.0,8.0,0.2857142857142857,0,0,0,5.0,46.0
00-0031428,Allen Robinson,PIT,2023,15,19.0,3,3,0.62,IND,8.0,9.6,1.2,1.8,0.06382978723404255,0,1,3,-1.5,41.5
00-0035216,Diontae Johnson,PIT,2023,15,62.0,4,6,0.86,IND,8.0,34.6,2.8,6.4,0.22695035460992907,0,1,3,-1.5,41.5
00-0037247,George Pickens,PIT,2023,15,47.0,3,7,0.93,IND,8.0,49.2,3.8,5.2,0.18439716312056736,0,1,3,-1.5,41.5
00-0032211,Tyler Lockett,SEA,2023,15,21.0,3,9,0.75,PHI,32.0,58.0,5.0,7.4,0.21022727272727273,0,0,0,-5.0,46.0
00-0035640,DK Metcalf,SEA,2023,15,78.0,5,6,0.92,PHI,32.0,82.0,4.6,8.6,0.24431818181818182,0,0,0,-5.0,46.0
00-0038543,Jaxon Smith-Njigba,SEA,2023,15,48.0,4,4,0.69,PHI,32.0,44.2,4.0,6.4,0.18181818181818182,0,0,0,-5.0,46.0
00-0035719,Deebo Samuel Sr.,SF,2023,15,48.0,4,7,0.86,ARI,10.0,92.4,4.8,5.8,0.2230769230769231,0,0,-7,12.5,48.0
00-0036261,Brandon Aiyuk,SF,2023,15,37.0,3,5,0.82,ARI,10.0,86.6,4.2,5.8,0.2230769230769231,0,0,-7,12.5,48.0
00-0031408,Mike Evans,TB,2023,15,57.0,4,6,0.85,GB,11.0,85.2,5.0,9.8,0.310126582278481,0,0,1,-4.0,41.5
00-0033921,Chris Godwin,TB,2023,15,155.0,10,12,0.81,GB,11.0,38.2,3.6,6.8,0.21518987341772153,1,0,1,-4.0,41.5
00-0030564,DeAndre Hopkins,TEN,2023,15,21.0,2,9,0.78,HOU,28.0,69.0,4.6,9.8,0.32450331125827814,0,0,-1,3.0,38.0
00-0032398,Chris Moore,TEN,2023,15,39.0,3,4,0.6,HOU,28.0,33.4,1.6,2.6,0.08609271523178808,0,0,-1,3.0,38.0
00-0037742,Treylon Burks,TEN,2023,15,62.0,3,3,0.76,HOU,28.0,23.8,2.2,4.6,0.152317880794702,0,0,-1,3.0,38.0
00-0033282,Curtis Samuel,WAS,2023,15,41.0,5,9,0.72,LA,24.0,46.2,4.4,5.2,0.13402061855670103,0,1,7,-6.5,48.5
00-0035659,Terry McLaurin,WAS,2023,15,141.0,6,12,0.85,LA,24.0,39.8,3.6,7.4,0.19072164948453607,0,1,7,-6.5,48.5
00-0037741,Jahan Dotson,WAS,2023,15,12.0,1,1,0.77,LA,24.0,33.4,2.8,5.0,0.12886597938144329,0,1,7,-6.5,48.5
00-0035500,Greg Dortch,ARI,2023,16,45.0,2,5,0.79,CHI,15.0,33.4,3.2,5.4,0.16363636363636364,1,0,0,-4.5,42.0
00-0036936,Rondale Moore,ARI,2023,16,30.0,2,3,0.82,CHI,15.0,27.2,2.2,3.4,0.10303030303030303,0,0,0,-4.5,42.0
00-0038559,Michael Wilson,ARI,2023,16,0.0,0,4,0.9,CHI,15.0,36.0,2.6,4.8,0.14545454545454545,0,0,0,-4.5,42.0
00-0037238,Drake London,ATL,2023,16,39.0,3,4,0.77,IND,9.0,66.2,4.2,6.0,0.24793388429752067,0,1,-1,3.0,44.0
00-0039064,Zay Flowers,BAL,2023,16,72.0,9,13,0.78,SF,20.0,41.6,4.0,6.0,0.21739130434782608,1,0,0,-6.5,47.5
00-0031588,Stefon Diggs,BUF,2023,16,29.0,5,8,0.6,LAC,14.0,49.0,4.6,8.4,0.27631578947368424,0,1,-3,13.0,44.5
00-0030035,Adam Thielen,CAR,2023,16,94.0,6,8,0.88,GB,29.0,43.6,4.2,6.8,0.2595419847328244,0,0,0,-3.5,39.5
00-0034777,DJ Chark,CAR,2023,16,98.0,6,8,0.73,GB,29.0,25.4,2.2,4.0,0.15267175572519084,0,0,0,-3.5,39.5
00-0039062,Jonathan Mingo,CAR,2023,16,9.0,1,1,0.92,GB,29.0,37.8,3.4,7.2,0.2748091603053435,0,0,0,-3.5,39.5
00-0034827,DJ Moore,CHI,2023,16,18.0,3,6,0.74,ARI,13.0,77.6,6.6,9.8,0.32666666666666666,0,0,0,4.5,42.0
00-0036309,Darnell Mooney,CHI,2023,16,5.0,2,4,0.81,ARI,13.0,20.4,1.8,4.6,0.15333333333333332,0,0,0,4.5,42.0
00-0033009,Tyler Boyd,CIN,2023,16,59.0,5,7,0.8,PIT,6.0,51.0,4.4,7.0,0.2229299363057325,0,0,0,3.0,39.5
00-0036410,Tee Higgins,CIN,2023,16,140.0,5,8,0.81,PIT,6.0,69.6,4.4,6.0,0.1910828025477707,0,0,0,3.0,39.5
00-0038619,Andrei Iosivas,CIN,2023,16,36.0,4,8,0.72,PIT,6.0,,,,,0,0,0,3.0,39.5
00-0031544,Amari Cooper,CLE,2023,16,265.0,11,15,0.79,HOU,23.0,66.8,4.6,9.0,0.21634615384615385,0,1,0,3.0,40.0
00-0036980,Elijah Moore,CLE,2023,16,19.0,2,4,0.82,HOU,23.0,49.2,3.6,7.4,0.1778846153846154,0,1,0,3.0,40.0
00-0038979,Cedric Tillman,CLE,2023,16,13.0,2,2,0.73,HOU,23.0,30.4,2.6,5.0,0.1201923076923077,0,1,0,3.0,40.0
00-0031236,Brandin Cooks,DAL,2023,16,14.0,2,2,0.79,MIA,7.0,41.2,3.0,4.8,0.13114754098360656,0,0,0,-1.5,48.5
00-0036358,CeeDee Lamb,DAL,2023,16,118.0,6,10,0.88,MIA,7.0,66.2,7.0,11.0,0.3005464480874317,0,0,0,-1.5,48.5
00-0036407,Jerry Jeudy,DEN,2023,16,44.0,3,5,0.72,NE,12.0,45.8,3.2,4.8,0.17391304347826086,0,0,1,7.0,37.5
00-0037382,Brandon Johnson,DEN,2023,16,47.0,3,5,0.68,NE,12.0,7.333333333333333,1.3333333333333333,3.6666666666666665,0.07971014492753623,0,0,1,7.0,37.5
00-0036963,Amon-Ra St. Brown,DET,2023,16,106.0,12,14,0.99,MIN,18.0,70.8,5.8,9.0,0.27439024390243905,0,1,0,2.5,47.5
00-0037816,Romeo Doubs,GB,2023,16,79.0,4,5,0.88,CAR,1.0,44.8,3.8,5.0,0.14124293785310735,0,0,0,3.5,39.5
00-0038465,Malik Heath,GB,2023,16,0.0,1,1,0.77,CAR,1.0,,,,,0,0,0,3.5,39.5
00-0030431,Robert Woods,HOU,2023,16,14.0,2,6,0.81,CLE,3.0,18.6,2.2,4.4,0.14012738853503184,0,1,0,-3.0,40.0
00-0033591,Noah Brown,HOU,2023,16,38.0,3,7,0.81,CLE,3.0,81.4,4.2,6.4,0.20382165605095542,0,1,0,-3.0,40.0
00-0035045,D.J. Montgomery,IND,2023,16,8.0,1,4,0.86,ATL,10.0,48.0,2.0,4.0,0.023255813953488372,0,1,1,-3.0,44.0
00-0037664,Alec Pierce,IND,2023,16,30.0,3,7,1.0,ATL,10.0,36.6,2.2,4.2,0.12209302325581395,0,1,1,-3.0,44.0
00-0038997,Josh Downs,IND,2023,16,39.0,6,9,0.93,ATL,10.0,57.2,4.6,7.2,0.20930232558139536,0,1,1,-3.0,44.0
00-0034837,Calvin Ridley,JAX,2023,16,90.0,6,9,0.92,TB,30.0,62.0,5.0,9.6,0.24242424242424243,0,0,0,2.0,43.0
00-0036497,Tim Jones,JAX,2023,16,32.0,3,5,0.68,TB,30.0,,,,,0,0,0,2.0,43.0
00-0034272,Marquez Valdes-Scantling,KC,2023,16,0.0,0,1,0.8,LV,25.0,31.4,1.6,2.6,0.07428571428571429,0,0,-3,11.0,40.5
00-0034386,Justin Watson,KC,2023,16,38.0,4,6,0.64,LV,25.0,24.4,2.2,4.4,0.12571428571428572,0,0,-3,11.0,40.5
00-0039067,Rashee Rice,KC,2023,16,57.0,6,12,0.75,LV,25.0,70.2,6.8,8.0,0.22857142857142856,0,0,-3,11.0,40.5
00-0032775,Demarcus Robinson,LA,2023,16,82.0,6,6,0.93,NO,5.0,27.2,2.0,5.4,0.16363636363636364,0,1,0,4.0,45.5
00-0033908,Cooper Kupp,LA,2023,16,52.0,6,12,1.0,NO,5.0,66.2,5.4,7.6,0.23030303030303031,0,1,0,4.0,45.5
00-0039075,Puka Nacua,LA,2023,16,164.0,9,11,0.99,NO,5.0,67.2,4.6,7.8,0.23636363636363636,0,1,0,4.0,45.5
00-0036988,Josh Palmer,LAC,2023,16,47.0,5,8,0.93,BUF,2.0,81.4,3.8,6.0,0.16216216216216217,0,1,3,-13.0,44.5
00-0038544,Quentin Johnston,LAC,2023,16,29.0,2,5,0.83,BUF,2.0,44.2,3.2,4.8,0.12972972972972974,0,1,3,-13.0,44.5
00-0031381,Davante Adams,LV,2023,16,4.0,1,6,0.91,KC,10.0,79.0,6.6,11.0,0.34810126582278483,0,0,3,-11.0,40.5
00-0034960,Jakobi Meyers,LV,2023,16,42.0,3,5,0.82,KC,10.0,41.2,3.8,4.8,0.1518987341772152,0,0,3,-11.0,40.5
00-0033040,Tyreek Hill,MIA,2023,16,99.0,9,14,0.85,DAL,8.0,84.4,7.8,11.0,0.3873239436619718,1,0,0,1.5,48.5
00-0034418,Cedrick Wilson Jr.,MIA,2023,16,42.0,3,5,0.62,DAL,8.0,18.666666666666668,2.0,4.0,0.08450704225352113,0,0,0,1.5,48.5
00-0036322,Justin Jefferson,MIN,2023,16,141.0,6,10,0.98,DET,16.0,101.0,6.8,10.2,0.3333333333333333,0,1,0,-2.5,47.5
00-0036345,K.J. Osborn,MIN,2023,16,95.0,5,7,0.85,DET,16.0,40.4,4.2,5.8,0.1895424836601307,0,1,0,-2.5,47.5
00-0031547,DeVante Parker,NE,2023,16,65.0,4,5,0.93,DEN,22.0,35.4,3.0,5.2,0.18309859154929578,0,0,-1,-7.0,37.5
00-0036387,Jalen Reagor,NE,2023,16,33.0,2,2,0.86,DEN,22.0,11.0,1.0,6.0,0.04225352112676056,0,0,-1,-7.0,37.5
00-0038621,Demario Douglas,NE,2023,16,74.0,5,8,0.74,DEN,22.0,50.2,4.6,6.8,0.23943661971830985,0,0,-1,-7.0,37.5
00-0037239,Chris Olave,NO,2023,16,123.0,9,13,0.75,LA,24.0,66.6,5.2,7.8,0.25,0,1,0,-4.0,45.5
00-0037545,Rashid Shaheed,NO,2023,16,70.0,5,9,0.82,LA,24.0,34.2,2.8,5.8,0.1858974358974359,0,1,0,-4.0,45.5
00-0038612,A.T. Perry,NO,2023,16,35.0,1,1,0.6,LA,24.0,29.75,1.25,2.5,0.0641025641025641,0,1,0,-4.0,45.5
00-0035535,Darius Slayton,NYG,2023,16,90.0,3,3,0.94,PHI,28.0,31.2,2.8,4.6,0.17692307692307693,0,0,1,-14.0,41.0
00-0038117,Wan'Dale Robinson,NYG,2023,16,16.0,3,7,0.71,PHI,28.0,33.0,3.4,4.2,0.16153846153846155,0,0,1,-14.0,41.0
00-0037740,Garrett Wilson,NYJ,2023,16,76.0,9,15,0.96,WAS,32.0,48.0,4.8,8.6,0.25903614457831325,0,0,0,3.0,36.5
00-0038492,Jason Brownlee,NYJ,2023,16,8.0,1,3,0.82,WAS,32.0,20.0,2.0,2.0,0.012048192771084338,0,0,0,3.0,36.5
00-0038496,Xavier Gipson,NYJ,2023,16,1.0,1,2,0.62,WAS,32.0,30.4,2.2,3.8,0.1144578313253012,0,0,0,3.0,36.5
00-0035676,A.J. Brown,PHI,2023,16,80.0,6,11,0.97,NYG,27.0,61.8,5.6,9.8,0.3288590604026846,0,0,-1,14.0,41.0
00-0036912,DeVonta Smith,PHI,2023,16,79.0,4,5,0.93,NYG,27.0,84.8,6.4,8.4,0.28187919463087246,0,0,-1,14.0,41.0
00-0031428,Allen Robinson,PIT,2023,16,36.0,4,4,0.68,CIN,31.0,12.0,1.6,2.2,0.07586206896551724,0,0,0,-3.0,39.5
00-0035216,Diontae Johnson,PIT,2023,16,15.0,2,5,0.63,CIN,31.0,43.6,3.4,6.8,0.23448275862068965,0,0,0,-3.0,39.5
00-0037247,George Pickens,PIT,2023,16,195.0,4,6,0.78,CIN,31.0,49.6,3.8,5.8,0.2,0,0,0,-3.0,39.5
00-0032211,Tyler Lockett,SEA,2023,16,81.0,8,11,0.81,TEN,21.0,55.8,5.0,7.6,0.2289156626506024,0,0,-1,3.0,42.0
00-0035640,DK Metcalf,SEA,2023,16,56.0,4,6,0.89,TEN,21.0,78.0,4.2,7.4,0.22289156626506024,0,0,-1,3.0,42.0
00-0038543,Jaxon Smith-Njigba,SEA,2023,16,61.0,6,7,0.63,TEN,21.0,43.2,4.0,6.2,0.18674698795180722,0,0,-1,3.0,42.0
00-0035719,Deebo Samuel Sr.,SF,2023,16,47.0,4,12,0.96,BAL,17.0,91.0,5.0,6.6,0.25384615384615383,0,0,0,6.5,47.5
00-0036261,Brandon Aiyuk,SF,2023,16,113.0,6,7,0.94,BAL,17.0,83.0,4.2,6.2,0.23846153846153847,0,0,0,6.5,47.5
00-0031408,Mike Evans,TB,2023,16,86.0,7,9,0.77,JAX,26.0,68.0,4.6,9.0,0.28846153846153844,0,0,0,-2.0,43.0
00-0033921,Chris Godwin,TB,2023,16,78.0,6,10,0.8,JAX,26.0,58.4,4.8,8.0,0.2564102564102564,0,0,0,-2.0,43.0
00-0030564,DeAndre Hopkins,TEN,2023,16,20.0,2,4,0.82,SEA,19.0,61.2,4.2,9.4,0.34057971014492755,0,0,1,-3.0,42.0
00-0032398,Chris Moore,TEN,2023,16,9.0,1,2,0.74,SEA,19.0,32.4,2.0,2.8,0.10144927536231885,0,0,1,-3.0,42.0
00-0037742,Treylon Burks,TEN,2023,16,25.0,2,3,0.73,SEA,19.0,32.4,2.0,3.8,0.13768115942028986,0,0,1,-3.0,42.0
00-0033282,Curtis Samuel,WAS,2023,16,16.0,1,6,0.66,NYJ,4.0,50.6,4.8,6.4,0.17391304347826086,0,0,0,-3.0,36.5
00-0035659,Terry McLaurin,WAS,2023,16,50.0,3,5,0.92,NYJ,4.0,53.4,3.8,8.2,0.22282608695652173,0,0,0,-3.0,36.5
00-0037741,Jahan Dotson,WAS,2023,16,31.0,2,4,0.74,NYJ,4.0,22.0,2.2,3.6,0.09782608695652174,0,0,0,-3.0,36.5
00-0035500,Greg Dortch,ARI,2023,17,82.0,7,7,0.82,PHI,24.0,36.4,2.8,5.6,0.16374269005847952,0,0,1,-12.0,48.0
00-0036936,Rondale Moore,ARI,2023,17,26.0,3,4,0.66,PHI,24.0,32.2,2.4,3.6,0.10526315789473684,0,0,1,-12.0,48.0
00-0038559,Michael Wilson,ARI,2023,17,35.0,4,6,0.86,PHI,24.0,23.6,2.0,4.8,0.14035087719298245,0,0,1,-12.0,48.0
00-0037238,Drake London,ATL,2023,17,56.0,4,10,0.83,CHI,16.0,66.8,4.2,6.0,0.22388059701492538,0,0,0,-3.0,39.0
00-0036550,Rashod Bateman,BAL,2023,17,54.0,4,6,0.72,MIA,5.0,19.2,1.6,3.2,0.10738255033557047,0,0,-1,3.0,47.0
00-0031588,Stefon Diggs,BUF,2023,17,26.0,4,7,0.65,NE,11.0,37.6,4.4,8.6,0.2905405405405405,0,0,1,15.0,40.0
00-0037261,Khalil Shakir,BUF,2023,17,39.0,4,4,0.8,NE,11.0,51.0,2.4,3.2,0.10810810810810811,0,0,1,15.0,40.0
00-0030035,Adam Thielen,CAR,2023,17,38.0,6,6,0.93,JAX,30.0,47.6,3.8,6.2,0.22627737226277372,0,0,0,-3.5,38.0
00-0034777,DJ Chark,CAR,2023,17,18.0,1,6,0.83,JAX,30.0,39.8,2.8,4.4,0.16058394160583941,0,0,0,-3.5,38.0
00-0039062,Jonathan Mingo,CAR,2023,17,0.0,2,3,0.98,JAX,30.0,38.4,3.4,6.2,0.22627737226277372,0,0,0,-3.5,38.0
00-0034827,DJ Moore,CHI,2023,17,159.0,9,13,0.81,ATL,7.0,69.6,6.2,9.2,0.3262411347517731,0,0,0,3.0,39.0
00-0033009,Tyler Boyd,CIN,2023,17,29.0,2,2,0.69,KC,4.0,51.6,4.8,7.4,0.22289156626506024,0,0,2,-7.5,46.0
00-0036900,Ja'Marr Chase,CIN,2023,17,41.0,3,7,0.73,KC,4.0,67.0,4.8,6.6,0.19879518072289157,1,0,2,-7.5,46.0
00-0038979,Cedric Tillman,CLE,2023,17,8.0,1,4,0.95,NYJ,1.0,32.6,2.8,5.0,0.11904761904761904,0,0,0,6.5,33.5
00-0031236,Brandin Cooks,DAL,2023,17,60.0,5,8,0.78,DET,28.0,35.6,2.8,4.4,0.12643678160919541,0,1,0,5.5,53.0
00-0036358,CeeDee Lamb,DAL,2023,17,227.0,13,17,0.95,DET,28.0,82.2,7.0,11.2,0.3218390804597701,0,1,0,5.5,53.0
00-0035406,Lil'Jordan Humphrey,DEN,2023,17,69.0,2,4,0.65,LAC,6.0,5.5,1.0,1.5,0.02142857142857143,0,0,-1,3.5,39.5
00-0037382,Brandon Johnson,DEN,2023,17,27.0,4,6,0.84,LAC,6.0,17.25,1.75,4.0,0.11428571428571428,0,0,-1,3.5,39.5
00-0033943,Josh Reynolds,DET,2023,17,13.0,1,2,0.72,DAL,18.0,13.2,1.4,2.8,0.08187134502923976,0,1,0,-5.5,53.0
00-0036963,Amon-Ra St. Brown,DET,2023,17,90.0,6,8,1.0,DAL,18.0,76.6,6.6,9.6,0.2807017543859649,0,1,0,-5.5,53.0
00-0037240,Jameson Williams,DET,2023,17,69.0,2,3,0.64,DAL,18.0,47.333333333333336,2.6666666666666665,4.333333333333333,0.07602339181286549,0,1,0,-5.5,53.0
00-0037091,Bo Melton,GB,2023,17,105.0,6,9,0.66,MIN,20.0,,,,,0,1,0,-1.0,42.5
00-0037816,Romeo Doubs,GB,2023,17,28.0,3,6,0.76,MIN,20.0,50.0,3.6,4.8,0.14545454545454545,0,1,0,-1.0,42.5
00-0038465,Malik Heath,GB,2023,17,13.0,1,2,0.62,MIN,20.0,0.0,1.0,1.0,0.006060606060606061,0,1,0,-1.0,42.5
00-0030431,Robert Woods,HOU,2023,17,58.0,4,4,0.64,TEN,17.0,20.2,2.4,5.0,0.15151515151515152,0,1,0,5.0,44.0
00-0036554,Nico Collins,HOU,2023,17,80.0,7,8,0.62,TEN,17.0,88.8,6.0,8.6,0.2606060606060606,0,1,0,5.0,44.0
00-0037614,John Metchie III,HOU,2023,17,8.0,1,3,0.61,TEN,17.0,,,,,0,1,0,5.0,44.0
00-0036252,Michael Pittman,IND,2023,17,46.0,5,7,0.89,LV,21.0,91.0,9.0,12.0,0.3314917127071823,1,1,1,3.5,42.5
00-0037664,Alec Pierce,IND,2023,17,58.0,1,1,0.98,LV,21.0,38.4,2.6,5.4,0.14917127071823205,0,1,1,3.5,42.5
00-0038997,Josh Downs,IND,2023,17,53.0,2,2,0.63,LV,21.0,40.0,4.8,7.8,0.2154696132596685,0,1,1,3.5,42.5
00-0034837,Calvin Ridley,JAX,2023,17,39.0,4,8,0.71,CAR,2.0,59.4,4.8,9.6,0.22748815165876776,0,0,0,3.5,38.0
00-0036497,Tim Jones,JAX,2023,17,0.0,0,1,0.62,CAR,2.0,32.0,3.0,5.0,0.023696682464454975,0,0,0,3.5,38.0
00-0034272,Marquez Valdes-Scantling,KC,2023,17,3.0,1,3,0.7,CIN,32.0,31.4,1.6,2.6,0.07344632768361582,0,0,-2,7.5,46.0
00-0039067,Rashee Rice,KC,2023,17,127.0,5,6,0.78,CIN,32.0,78.2,7.6,10.0,0.2824858757062147,0,0,-2,7.5,46.0
00-0032775,Demarcus Robinson,LA,2023,17,92.0,6,10,0.92,NYG,11.0,41.8,3.0,6.0,0.17857142857142858,0,0,4,6.0,43.5
00-0033908,Cooper Kupp,LA,2023,17,27.0,4,6,0.98,NYG,11.0,67.0,6.2,8.6,0.25595238095238093,0,0,4,6.0,43.5
00-0039075,Puka Nacua,LA,2023,17,118.0,5,8,0.98,NYG,11.0,86.0,5.4,8.6,0.25595238095238093,1,0,4,6.0,43.5
00-0032543,Alex Erickson,LAC,2023,17,98.0,7,8,0.94,DEN,23.0,10.5,1.0,4.0,0.04419889502762431,0,0,1,-3.5,39.5
00-0035120,Keelan Doss,LAC,2023,17,25.0,5,8,0.75,DEN,23.0,,,,,0,0,1,-3.5,39.5
00-0038544,Quentin Johnston,LAC,2023,17,29.0,3,6,0.91,DEN,23.0,43.2,2.8,5.0,0.13812154696132597,0,0,1,-3.5,39.5
00-0031381,Davante Adams,LV,2023,17,126.0,13,21,0.97,IND,10.0,62.6,5.6,9.6,0.3157894736842105,0,1,-1,-3.5,42.5
00-0034960,Jakobi Meyers,LV,2023,17,56.0,6,10,0.95,IND,10.0,45.4,4.0,5.4,0.17763157894736842,0,1,-1,-3.5,42.5
00-0038563,Tre Tucker,LV,2023,17,36.0,2,5,0.69,IND,10.0,,,,,0,1,-1,-3.5,42.5
00-0033040,Tyreek Hill,MIA,2023,17,76.0,6,12,0.72,BAL,22.0,92.6,9.0,12.8,0.4444444444444444,0,0,1,-3.0,47.0
00-0034418,Cedrick Wilson Jr.,MIA,2023,17,27.0,2,4,0.86,BAL,22.0,24.5,2.25,4.25,0.11805555555555555,0,0,1,-3.0,47.0
00-0036322,Justin Jefferson,MIN,2023,17,59.0,5,10,1.0,GB,29.0,97.4,5.8,9.6,0.3096774193548387,0,1,0,1.0,42.5
00-0038994,Jordan Addison,MIN,2023,17,28.0,3,5,0.92,GB,29.0,58.0,4.2,6.4,0.2064516129032258,1,1,0,1.0,42.5
00-0036387,Jalen Reagor,NE,2023,17,39.0,1,3,0.68,BUF,3.0,22.0,1.5,4.0,0.05442176870748299,0,0,-1,-15.0,40.0
00-0038104,Tyquan Thornton,NE,2023,17,24.0,3,3,0.7,BUF,3.0,21.2,1.6,4.0,0.1360544217687075,0,0,-1,-15.0,40.0
00-0038621,Demario Douglas,NE,2023,17,31.0,3,5,0.94,BUF,3.0,54.2,4.8,7.2,0.24489795918367346,0,0,-1,-15.0,40.0
00-0037239,Chris Olave,NO,2023,17,26.0,3,6,0.67,TB,26.0,82.0,6.0,8.6,0.27564102564102566,0,0,3,-2.5,42.5
00-0035535,Darius Slayton,NYG,2023,17,106.0,4,6,0.86,LA,27.0,49.4,3.2,4.8,0.183206106870229,0,0,-4,-6.0,43.5
00-0038117,Wan'Dale Robinson,NYG,2023,17,55.0,6,9,0.82,LA,27.0,36.2,4.0,5.4,0.20610687022900764,1,0,-4,-6.0,43.5
00-0038938,Jalin Hyatt,NYG,2023,17,25.0,3,4,0.77,LA,27.0,43.6,2.4,4.2,0.16030534351145037,0,0,-4,-6.0,43.5
00-0037740,Garrett Wilson,NYJ,2023,17,50.0,5,10,0.99,CLE,9.0,61.4,6.2,10.0,0.2717391304347826,0,0,0,-6.5,33.5
00-0038492,Jason Brownlee,NYJ,2023,17,28.0,2,2,0.97,CLE,9.0,14.0,1.5,2.5,0.02717391304347826,0,0,0,-6.5,33.5
00-0038496,Xavier Gipson,NYJ,2023,17,33.0,4,7,0.7,CLE,9.0,25.8,2.2,3.6,0.09782608695652174,0,0,0,-6.5,33.5
00-0035676,A.J. Brown,PHI,2023,17,53.0,4,5,0.94,ARI,15.0,76.2,6.6,11.2,0.34146341463414637,0,0,-1,12.0,48.0
00-0036912,DeVonta Smith,PHI,2023,17,30.0,3,5,0.88,ARI,15.0,80.8,6.0,7.8,0.23780487804878048,0,0,-1,12.0,48.0
00-0037247,George Pickens,PIT,2023,17,131.0,7,9,0.78,SEA,14.0,81.0,3.8,5.8,0.2,0,0,1,-4.5,40.5
00-0032211,Tyler Lockett,SEA,2023,17,10.0,1,5,0.82,PIT,13.0,53.6,5.0,7.8,0.23780487804878048,0,0,-1,4.5,40.5
00-0035640,DK Metcalf,SEA,2023,17,106.0,5,8,0.96,PIT,13.0,70.4,4.0,6.8,0.2073170731707317,1,0,-1,4.5,40.5
00-0038543,Jaxon Smith-Njigba,SEA,2023,17,12.0,1,2,0.67,PIT,13.0,47.4,4.6,6.4,0.1951219512195122,0,0,-1,4.5,40.5
00-0035719,Deebo Samuel Sr.,SF,2023,17,37.0,5,6,0.84,WAS,25.0,87.8,5.2,8.2,0.2789115646258503,0,0,-1,14.0,49.0
00-0036261,Brandon Aiyuk,SF,2023,17,114.0,7,8,0.87,WAS,25.0,74.4,4.4,6.4,0.21768707482993196,0,0,-1,14.0,49.0
00-0031408,Mike Evans,TB,2023,17,70.0,3,4,0.82,NO,8.0,76.6,5.0,8.4,0.28378378378378377,0,0,-3,2.5,42.5
00-0033921,Chris Godwin,TB,2023,17,81.0,3,5,0.86,NO,8.0,66.2,4.8,8.6,0.2905405405405405,0,0,-3,2.5,42.5
00-0039052,Trey Palmer,TB,2023,17,84.0,4,5,0.73,NO,8.0,15.4,2.6,4.2,0.14189189189189189,0,0,-3,2.5,42.5
00-0030564,DeAndre Hopkins,TEN,2023,17,72.0,7,7,0.85,HOU,31.0,59.8,4.0,8.4,0.2857142857142857,0,1,0,-5.0,44.0
00-0032398,Chris Moore,TEN,2023,17,32.0,1,3,0.76,HOU,31.0,30.0,1.8,2.4,0.08163265306122448,0,1,0,-5.0,44.0
00-0037742,Treylon Burks,TEN,2023,17,11.0,2,3,0.82,HOU,31.0,33.8,2.0,3.8,0.1292517006802721,0,1,0,-5.0,44.0
00-0035659,Terry McLaurin,WAS,2023,17,61.0,4,7,0.89,SF,19.0,56.8,3.6,7.6,0.21839080459770116,0,0,1,-14.0,49.0
00-0037741,Jahan Dotson,WAS,2023,17,0.0,0,1,0.85,SF,19.0,28.2,2.6,4.0,0.11494252873563218,0,0,1,-14.0,49.0
00-0035500,Greg Dortch,ARI,2023,18,14.0,2,4,0.67,SEA,22.0,37.6,3.0,5.4,0.15606936416184972,0,1,0,-2.5,48.0
00-0038559,Michael Wilson,ARI,2023,18,95.0,6,6,0.83,SEA,22.0,25.4,2.2,5.0,0.14450867052023122,0,1,0,-2.5,48.0
00-0037238,Drake London,ATL,2023,18,41.0,4,9,0.75,NO,12.0,59.8,4.0,6.6,0.22448979591836735,0,1,0,-3.5,41.5
00-0031549,Nelson Agholor,BAL,2023,18,39.0,5,5,1.0,PIT,20.0,22.0,3.2,5.4,0.1836734693877551,0,0,0,-3.0,34.0
00-0032951,Laquon Treadwell,BAL,2023,18,16.0,1,3,0.75,PIT,20.0,26.0,3.0,7.0,0.047619047619047616,0,0,0,-3.0,34.0
00-0031588,Stefon Diggs,BUF,2023,18,87.0,7,8,0.88,MIA,13.0,36.0,4.6,9.0,0.30612244897959184,0,0,0,2.5,47.5
00-0034487,Trent Sherfield,BUF,2023,18,24.0,3,4,0.71,MIA,13.0,35.6,1.6,3.8,0.1292517006802721,0,0,0,2.5,47.5
00-0037261,Khalil Shakir,BUF,2023,18,105.0,6,6,0.77,MIA,13.0,47.4,2.4,3.2,0.10884353741496598,0,0,0,2.5,47.5
00-0030035,Adam Thielen,CAR,2023,18,12.0,2,3,0.92,TB,26.0,54.8,4.8,6.8,0.2361111111111111,0,0,0,-5.0,36.5
00-0034777,DJ Chark,CAR,2023,18,46.0,2,4,0.65,TB,26.0,38.8,2.6,4.8,0.16666666666666666,0,0,0,-5.0,36.5
00-0036955,Terrace Marshall Jr.,CAR,2023,18,5.0,1,1,0.92,TB,26.0,25.6,3.2,5.0,0.1736111111111111,0,0,0,-5.0,36.5
00-0034827,DJ Moore,CHI,2023,18,64.0,4,6,0.9,GB,23.0,82.2,6.6,10.0,0.33783783783783783,0,0,0,-2.5,45.5
00-0038619,Andrei Iosivas,CIN,2023,18,36.0,5,7,0.92,CLE,11.0,36.0,4.0,8.0,0.046511627906976744,0,0,-3,7.5,37.0
00-0036133,James Proche,CLE,2023,18,0.0,0,4,0.94,CIN,30.0,24.0,3.0,4.0,0.02,0,0,3,-7.5,37.0
00-0037257,David Bell,CLE,2023,18,68.0,4,4,0.98,CIN,30.0,20.6,2.6,3.6,0.09,0,0,3,-7.5,37.0
00-0038979,Cedric Tillman,CLE,2023,18,43.0,3,6,0.64,CIN,30.0,23.2,2.2,4.8,0.12,0,0,3,-7.5,37.0
00-0031236,Brandin Cooks,DAL,2023,18,39.0,6,8,0.79,WAS,27.0,33.2,3.0,5.0,0.13966480446927373,0,0,1,13.0,47.5
00-0036358,CeeDee Lamb,DAL,2023,18,98.0,13,13,0.85,WAS,27.0,117.0,8.8,12.8,0.3575418994413408,0,0,1,13.0,47.5
00-0036407,Jerry Jeudy,DEN,2023,18,79.0,3,6,0.62,LV,10.0,47.6,3.2,5.2,0.174496644295302,0,1,0,-3.5,37.5
00-0033943,Josh Reynolds,DET,2023,18,44.0,5,7,0.88,MIN,25.0,13.2,1.4,3.0,0.09316770186335403,0,1,1,3.5,47.5
00-0036963,Amon-Ra St. Brown,DET,2023,18,144.0,7,10,0.72,MIN,25.0,75.6,6.0,9.0,0.2795031055900621,0,1,1,3.5,47.5
00-0037091,Bo Melton,GB,2023,18,62.0,5,7,0.75,CHI,9.0,105.0,6.0,9.0,0.05325443786982249,0,0,0,2.5,45.5
00-0038393,Dontayvion Wicks,GB,2023,18,61.0,6,7,0.72,CHI,9.0,40.5,3.0,5.25,0.1242603550295858,1,0,0,2.5,45.5
00-0039146,Jayden Reed,GB,2023,18,112.0,4,4,0.6,CHI,9.0,49.0,4.6,7.0,0.20710059171597633,1,0,0,2.5,45.5
00-0036554,Nico Collins,HOU,2023,18,195.0,9,9,0.84,IND,16.0,98.8,6.6,9.0,0.2795031055900621,0,1,0,1.5,47.5
00-0037614,John Metchie III,HOU,2023,18,5.0,1,2,0.68,IND,16.0,8.0,1.0,3.0,0.018633540372670808,0,1,0,1.5,47.5
00-0038618,Xavier Hutchinson,HOU,2023,18,6.0,1,4,0.64,IND,16.0,7.5,1.0,3.0,0.037267080745341616,0,1,0,1.5,47.5
00-0036252,Michael Pittman,IND,2023,18,44.0,5,6,1.0,HOU,24.0,87.4,8.4,11.8,0.36645962732919257,0,1,0,-1.5,47.5
00-0037664,Alec Pierce,IND,2023,18,0.0,0,4,0.97,HOU,24.0,44.6,2.0,4.4,0.13664596273291926,0,1,0,-1.5,47.5
00-0038997,Josh Downs,IND,2023,18,48.0,3,3,0.68,HOU,24.0,36.2,3.8,6.4,0.19875776397515527,0,1,0,-1.5,47.5
00-0033891,Zay Jones,JAX,2023,18,47.0,6,9,0.93,TEN,19.0,39.2,4.0,7.4,0.18781725888324874,1,0,0,3.5,41.5
00-0034837,Calvin Ridley,JAX,2023,18,106.0,6,10,0.85,TEN,19.0,49.4,4.6,10.0,0.25380710659898476,0,0,0,3.5,41.5
00-0038606,Parker Washington,JAX,2023,18,11.0,1,1,0.68,TEN,19.0,27.0,2.0,3.0,0.015228426395939087,0,0,0,3.5,41.5
00-0034286,Richie James,KC,2023,18,15.0,2,2,0.83,LAC,7.0,58.0,6.0,7.8,0.2254335260115607,0,1,0,-3.5,35.0
00-0035140,Mecole Hardman,KC,2023,18,77.0,6,11,1.0,LAC,7.0,17.0,2.5,2.5,0.028901734104046242,0,1,0,-3.5,35.0
00-0037216,Justyn Ross,KC,2023,18,17.0,2,4,0.66,LAC,7.0,,,,,0,1,0,-3.5,35.0
00-0036849,Tutu Atwell,LA,2023,18,7.0,2,4,0.93,SF,18.0,22.4,1.8,3.4,0.09941520467836257,0,0,0,-5.5,40.0
00-0036862,Ben Skowronek,LA,2023,18,22.0,2,2,0.61,SF,18.0,26.2,2.6,4.4,0.1286549707602339,0,0,0,-5.5,40.0
00-0032543,Alex Erickson,LAC,2023,18,29.0,2,5,0.69,KC,3.0,39.666666666666664,3.0,5.333333333333333,0.0903954802259887,0,1,0,3.5,35.0
00-0038544,Quentin Johnston,LAC,2023,18,17.0,2,5,0.87,KC,3.0,44.8,3.0,5.0,0.14124293785310735,0,1,0,3.5,35.0
00-0031381,Davante Adams,LV,2023,18,46.0,5,8,0.94,DEN,28.0,71.4,6.8,11.2,0.35,0,1,0,3.5,37.5
00-0034960,Jakobi Meyers,LV,2023,18,61.0,3,5,0.88,DEN,28.0,46.8,4.4,6.4,0.2,0,1,0,3.5,37.5
00-0038563,Tre Tucker,LV,2023,18,79.0,5,5,0.64,DEN,28.0,36.0,2.0,5.0,0.03125,0,1,0,3.5,37.5
00-0033040,Tyreek Hill,MIA,2023,18,82.0,7,13,0.77,BUF,6.0,90.2,8.0,12.2,0.4066666666666667,0,0,0,-2.5,47.5
00-0034418,Cedrick Wilson Jr.,MIA,2023,18,24.0,1,3,0.96,BUF,6.0,25.0,2.2,4.2,0.14,0,0,0,-2.5,47.5
00-0036322,Justin Jefferson,MIN,2023,18,192.0,12,14,0.93,DET,32.0,79.4,5.4,9.0,0.28662420382165604,0,1,-1,-3.5,47.5
00-0038994,Jordan Addison,MIN,2023,18,57.0,4,8,0.93,DET,32.0,49.8,4.0,6.0,0.1910828025477707,0,1,-1,-3.5,47.5
00-0036387,Jalen Reagor,NE,2023,18,33.0,1,5,0.82,NYJ,2.0,27.666666666666668,1.3333333333333333,3.6666666666666665,0.08088235294117647,0,0,-3,2.5,28.5
00-0038621,Demario Douglas,NE,2023,18,13.0,2,6,0.96,NYJ,2.0,55.4,4.4,6.8,0.25,0,0,-3,2.5,28.5
00-0037239,Chris Olave,NO,2023,18,56.0,3,3,0.73,ATL,4.0,78.0,5.4,8.2,0.26973684210526316,0,1,0,3.5,41.5
00-0037545,Rashid Shaheed,NO,2023,18,65.0,3,4,0.67,ATL,4.0,41.4,3.2,6.8,0.2236842105263158,0,1,0,3.5,41.5
00-0038612,A.T. Perry,NO,2023,18,53.0,3,3,0.64,ATL,4.0,30.8,1.2,2.2,0.07236842105263158,1,1,0,3.5,41.5
00-0035535,Darius Slayton,NYG,2023,18,62.0,5,7,0.78,PHI,17.0,58.8,3.2,4.6,0.1597222222222222,0,0,0,-4.5,43.0
00-0036165,Isaiah Hodgins,NYG,2023,18,36.0,3,3,0.79,PHI,17.0,13.4,1.2,2.6,0.09027777777777778,0,0,0,-4.5,43.0
00-0038117,Wan'Dale Robinson,NYG,2023,18,85.0,5,6,0.69,PHI,17.0,40.2,4.6,6.4,0.2222222222222222,0,0,0,-4.5,43.0
00-0038492,Jason Brownlee,NYJ,2023,18,0.0,0,1,0.83,NE,8.0,18.666666666666668,1.6666666666666667,2.3333333333333335,0.036458333333333336,0,0,3,-2.5,28.5
00-0035208,Olamide Zaccheaus,PHI,2023,18,20.0,2,4,0.82,NYG,15.0,14.2,2.0,4.2,0.1320754716981132,0,0,0,4.5,43.0
00-0036271,Quez Watkins,PHI,2023,18,93.0,8,11,0.98,NYG,15.0,14.8,2.4,4.0,0.12578616352201258,0,0,0,4.5,43.0
00-0031428,Allen Robinson,PIT,2023,18,0.0,0,1,0.68,BAL,29.0,19.2,2.4,2.8,0.1044776119402985,0,0,0,3.0,34.0
00-0032211,Tyler Lockett,SEA,2023,18,71.0,2,4,0.78,ARI,5.0,49.6,4.6,7.8,0.22941176470588234,0,1,0,2.5,48.0
00-0035640,DK Metcalf,SEA,2023,18,10.0,1,6,0.84,ARI,5.0,85.2,4.4,6.6,0.19411764705882353,0,1,0,2.5,48.0
00-0038543,Jaxon Smith-Njigba,SEA,2023,18,14.0,3,5,0.65,ARI,5.0,41.6,4.4,6.2,0.18235294117647058,0,1,0,2.5,48.0
00-0032128,Chris Conley,SF,2023,18,69.0,3,6,0.7,LA,31.0,,,,,0,0,0,5.5,40.0
00-0038647,Ronnie Bell,SF,2023,18,5.0,1,5,0.62,LA,31.0,,,,,0,0,0,5.5,40.0
00-0031408,Mike Evans,TB,2023,18,22.0,3,8,0.86,CAR,1.0,76.6,4.4,7.4,0.24503311258278146,0,0,0,5.0,36.5
00-0033921,Chris Godwin,TB,2023,18,51.0,6,7,0.77,CAR,1.0,73.4,4.8,8.2,0.271523178807947,0,0,0,5.0,36.5
00-0030564,DeAndre Hopkins,TEN,2023,18,46.0,7,10,0.78,JAX,21.0,62.4,4.6,8.8,0.30344827586206896,0,0,0,-3.5,41.5
00-0032398,Chris Moore,TEN,2023,18,30.0,3,4,0.64,JAX,21.0,26.6,1.8,2.8,0.09655172413793103,0,0,0,-3.5,41.5
00-0035659,Terry McLaurin,WAS,2023,18,56.0,6,8,0.88,DAL,14.0,60.4,3.4,7.6,0.24050632911392406,0,0,-1,-13.0,47.5
00-0037741,Jahan Dotson,WAS,2023,18,17.0,2,3,0.84,DAL,14.0,23.6,2.0,3.4,0.10759493670886076,0,0,-1,-13.0,47.5
00-0031588,Stefon Diggs,BUF,2023,19,52.0,7,9,0.84,PIT,8.0,48.0,5.2,9.0,0.3333333333333333,0,0,-1,10.0,39.5
00-0037261,Khalil Shakir,BUF,2023,19,31.0,3,3,0.67,PIT,8.0,63.6,3.4,4.0,0.14814814814814814,0,0,-1,10.0,39.5
00-0031544,Amari Cooper,CLE,2023,19,59.0,4,5,0.97,HOU,6.0,100.2,5.6,10.2,0.27717391304347827,0,1,-1,2.5,45.0
00-0036980,Elijah Moore,CLE,2023,19,12.0,2,2,0.89,HOU,6.0,41.0,2.8,6.8,0.18478260869565216,0,1,-1,2.5,45.0
00-0037257,David Bell,CLE,2023,19,54.0,8,8,0.61,HOU,6.0,31.6,3.2,4.0,0.10869565217391304,0,1,-1,2.5,45.0
00-0031236,Brandin Cooks,DAL,2023,19,47.0,6,8,0.93,GB,5.0,32.0,3.4,5.8,0.16201117318435754,0,1,0,7.0,52.5
00-0034764,Michael Gallup,DAL,2023,19,103.0,6,6,0.66,GB,5.0,28.8,2.6,5.2,0.1452513966480447,0,1,0,7.0,52.5
00-0036358,CeeDee Lamb,DAL,2023,19,110.0,9,17,0.92,GB,5.0,113.4,9.0,12.0,0.33519553072625696,0,1,0,7.0,52.5
00-0033943,Josh Reynolds,DET,2023,19,80.0,5,7,0.86,LA,10.0,19.0,2.0,3.6,0.10843373493975904,0,1,0,3.5,52.5
00-0036963,Amon-Ra St. Brown,DET,2023,19,110.0,7,9,0.93,LA,10.0,94.6,7.0,9.8,0.29518072289156627,0,1,0,3.5,52.5
00-0037240,Jameson Williams,DET,2023,19,19.0,2,2,0.7,LA,10.0,52.75,2.5,4.0,0.0963855421686747,0,1,0,3.5,52.5
00-0037816,Romeo Doubs,GB,2023,19,151.0,6,6,0.7,DAL,3.0,48.2,3.6,5.2,0.1566265060240964,0,1,0,-7.0,52.5
00-0036554,Nico Collins,HOU,2023,19,96.0,6,7,0.7,CLE,4.0,127.0,7.8,9.8,0.30625,0,1,1,-2.5,45.0
00-0037614,John Metchie III,HOU,2023,19,44.0,3,3,0.76,CLE,4.0,6.5,1.0,2.5,0.03125,0,1,1,-2.5,45.0
00-0034386,Justin Watson,KC,2023,19,20.0,2,2,0.68,MIA,11.0,28.4,2.6,5.2,0.1511627906976744,0,0,0,4.5,43.5
00-0039067,Rashee Rice,KC,2023,19,130.0,8,12,0.77,MIA,11.0,82.2,7.0,9.2,0.26744186046511625,0,0,0,4.5,43.5
00-0032775,Demarcus Robinson,LA,2023,19,44.0,3,6,0.86,DET,12.0,55.4,3.8,6.2,0.19375,0,1,0,-3.5,52.5
00-0033908,Cooper Kupp,LA,2023,19,27.0,5,9,1.0,DET,12.0,68.8,6.4,8.8,0.275,0,1,0,-3.5,52.5
00-0039075,Puka Nacua,LA,2023,19,181.0,9,10,0.84,DET,12.0,104.2,5.6,8.6,0.26875,0,1,0,-3.5,52.5
00-0033040,Tyreek Hill,MIA,2023,19,62.0,5,8,0.66,KC,1.0,84.2,7.8,12.2,0.39869281045751637,0,0,0,-4.5,43.5
00-0034418,Cedrick Wilson Jr.,MIA,2023,19,37.0,3,7,0.62,KC,1.0,23.6,2.2,3.8,0.12418300653594772,0,0,0,-4.5,43.5
00-0036613,Jaylen Waddle,MIA,2023,19,31.0,2,5,0.67,KC,1.0,88.4,6.2,8.2,0.2679738562091503,1,0,0,-4.5,43.5
00-0035208,Olamide Zaccheaus,PHI,2023,19,5.0,1,1,0.64,TB,9.0,18.2,2.4,4.4,0.14666666666666667,0,0,0,2.5,43.0
00-0036271,Quez Watkins,PHI,2023,19,12.0,3,4,0.81,TB,9.0,32.2,3.2,5.0,0.16666666666666666,0,0,0,2.5,43.0
00-0036912,DeVonta Smith,PHI,2023,19,148.0,8,12,0.97,TB,9.0,65.6,5.2,7.2,0.24,0,0,0,2.5,43.0
00-0035216,Diontae Johnson,PIT,2023,19,48.0,4,7,0.85,BUF,2.0,43.4,3.4,6.2,0.2440944881889764,0,0,1,-10.0,39.5
00-0037247,George Pickens,PIT,2023,19,50.0,5,11,0.91,BUF,2.0,95.6,4.6,6.6,0.25984251968503935,0,0,1,-10.0,39.5
00-0031408,Mike Evans,TB,2023,19,48.0,3,7,0.8,PHI,7.0,48.6,3.6,6.6,0.2129032258064516,0,0,0,-2.5,43.0
00-0033921,Chris Godwin,TB,2023,19,45.0,4,5,0.73,PHI,7.0,83.6,6.0,9.0,0.2903225806451613,0,0,0,-2.5,43.0
00-0036550,Rashod Bateman,BAL,2023,20,39.0,3,3,0.65,HOU,5.0,28.8,2.2,3.8,0.13286713286713286,0,0,7,10.0,44.0
00-0039064,Zay Flowers,BAL,2023,20,41.0,4,5,0.82,HOU,5.0,41.4,4.8,7.4,0.25874125874125875,0,0,7,10.0,44.0
00-0031588,Stefon Diggs,BUF,2023,20,21.0,3,8,0.9,KC,1.0,43.6,5.4,8.6,0.3333333333333333,0,0,-2,2.5,45.5
00-0034487,Trent Sherfield,BUF,2023,20,7.0,1,3,0.86,KC,1.0,27.8,1.4,3.6,0.13953488372093023,0,0,-2,2.5,45.5
00-0037261,Khalil Shakir,BUF,2023,20,44.0,7,9,0.7,KC,1.0,46.8,3.4,3.8,0.14728682170542637,0,0,-2,2.5,45.5
00-0033943,Josh Reynolds,DET,2023,20,27.0,2,3,0.78,TB,4.0,32.8,2.8,4.6,0.14556962025316456,0,1,1,6.0,49.5
00-0036963,Amon-Ra St. Brown,DET,2023,20,77.0,8,14,0.95,TB,4.0,112.4,7.8,10.0,0.31645569620253167,0,1,1,6.0,49.5
00-0037816,Romeo Doubs,GB,2023,20,83.0,4,6,0.81,SF,3.0,64.0,4.0,5.4,0.18120805369127516,0,0,-7,-10.5,50.5
00-0039146,Jayden Reed,GB,2023,20,35.0,4,4,0.61,SF,3.0,60.4,4.8,6.8,0.22818791946308725,0,0,-7,-10.5,50.5
00-0030431,Robert Woods,HOU,2023,20,6.0,1,4,0.65,BAL,6.0,28.8,3.0,5.2,0.16774193548387098,0,0,-7,-10.0,44.0
00-0036554,Nico Collins,HOU,2023,20,68.0,5,10,0.86,BAL,6.0,133.2,7.6,9.0,0.2903225806451613,0,0,-7,-10.0,44.0
00-0039067,Rashee Rice,KC,2023,20,47.0,4,4,0.64,BUF,2.0,95.4,7.0,9.8,0.2934131736526946,0,0,2,-2.5,45.5
00-0036259,Jauan Jennings,SF,2023,20,61.0,5,6,0.63,GB,7.0,42.8,3.2,5.2,0.18309859154929578,0,0,7,10.5,50.5
00-0036261,Brandon Aiyuk,SF,2023,20,32.0,3,6,1.0,GB,7.0,87.2,5.4,7.2,0.2535211267605634,0,0,7,10.5,50.5
00-0031408,Mike Evans,TB,2023,20,147.0,8,12,0.86,DET,8.0,56.6,4.0,6.8,0.2111801242236025,0,1,-1,-6.0,49.5
00-0033921,Chris Godwin,TB,2023,20,40.0,4,8,0.91,DET,8.0,82.0,5.8,7.8,0.2422360248447205,0,1,-1,-6.0,49.5
00-0036550,Rashod Bateman,BAL,2023,21,2.0,1,3,0.64,KC,1.0,29.8,2.4,4.0,0.16129032258064516,0,0,1,4.5,44.0
00-0039064,Zay Flowers,BAL,2023,21,115.0,5,8,0.9,KC,1.0,41.0,5.0,7.6,0.3064516129032258,0,0,1,4.5,44.0
00-0033943,Josh Reynolds,DET,2023,21,25.0,1,4,0.92,SF,2.0,35.2,2.8,4.4,0.1317365269461078,0,0,-1,-7.5,52.5
00-0036963,Amon-Ra St. Brown,DET,2023,21,87.0,7,11,0.94,SF,2.0,105.4,8.0,11.0,0.32934131736526945,0,0,-1,-7.5,52.5
00-0037240,Jameson Williams,DET,2023,21,25.0,2,3,0.72,SF,2.0,46.0,2.4,3.6,0.10778443113772455,0,0,-1,-7.5,52.5
00-0034272,Marquez Valdes-Scantling,KC,2023,21,38.0,2,2,0.83,BAL,3.0,22.4,1.4,2.8,0.0915032679738562,0,0,-1,-4.5,44.0
00-0039067,Rashee Rice,KC,2023,21,46.0,8,9,0.89,BAL,3.0,90.4,6.4,8.6,0.28104575163398693,0,0,-1,-4.5,44.0
00-0035719,Deebo Samuel Sr.,SF,2023,21,89.0,8,9,0.77,DET,4.0,79.4,4.8,7.6,0.25165562913907286,0,0,1,7.5,52.5
00-0036261,Brandon Aiyuk,SF,2023,21,68.0,3,8,0.85,DET,4.0,84.4,5.0,7.0,0.23178807947019867,0,0,1,7.5,52.5
00-0034272,Marquez Valdes-Scantling,KC,2023,22,20.0,3,5,0.77,SF,1.0,27.4,1.4,2.6,0.08783783783783784,0,1,0,-1.5,47.0
00-0039067,Rashee Rice,KC,2023,22,39.0,6,8,0.85,SF,1.0,81.4,6.2,8.6,0.2905405405405405,0,1,0,-1.5,47.0
00-0035719,Deebo Samuel Sr.,SF,2023,22,33.0,3,11,0.72,KC,2.0,74.0,5.6,8.6,0.2792207792207792,0,1,0,1.5,47.0
00-0036261,Brandon Aiyuk,SF,2023,22,49.0,3,6,0.89,KC,2.0,72.8,4.4,6.8,0.22077922077922077,0,1,0,1.5,47.0
00-0035500,Greg Dortch,ARI,2024,1,47.0,6,8,0.61,BUF,5.0,35.0,2.8,4.4,0.13924050632911392,0,0,0,-6.5,46.0
00-0038559,Michael Wilson,ARI,2024,1,5.0,1,2,0.8,BUF,5.0,32.8,2.6,5.0,0.15822784810126583,0,0,0,-6.5,46.0
00-0039849,Marvin Harrison,ARI,2024,1,4.0,1,3,0.9,BUF,5.0,,,,,0,0,0,-6.5,46.0
00-0036309,Darnell Mooney,ATL,2024,1,15.0,1,3,0.95,PIT,17.0,18.6,1.8,4.6,0.14743589743589744,0,1,0,4.0,43.0
00-0037238,Drake London,ATL,2024,1,15.0,2,3,1.0,PIT,17.0,66.4,4.6,7.4,0.23717948717948717,0,1,0,4.0,43.0
00-0036550,Rashod Bateman,BAL,2024,1,53.0,2,5,0.84,KC,16.0,25.2,2.2,3.8,0.1417910447761194,0,0,0,-3.0,46.0
00-0039064,Zay Flowers,BAL,2024,1,37.0,6,10,0.89,KC,16.0,59.0,5.0,7.6,0.2835820895522388,0,0,0,-3.0,46.0
00-0039901,Keon Coleman,BUF,2024,1,51.0,4,5,0.73,ARI,4.0,,,,,0,0,0,6.5,46.0
00-0030035,Adam Thielen,CAR,2024,1,49.0,3,4,0.69,NO,26.0,52.2,4.6,6.2,0.22794117647058823,0,1,0,-3.5,41.5
00-0035216,Diontae Johnson,CAR,2024,1,19.0,2,6,0.66,NO,26.0,43.0,3.4,6.0,0.22058823529411764,0,1,0,-3.5,41.5
00-0030279,Keenan Allen,CHI,2024,1,29.0,4,11,0.68,TEN,17.0,104.6,9.2,13.4,0.5075757575757576,1,0,0,4.0,43.0
00-0034827,D.J. Moore,CHI,2024,1,36.0,5,8,0.88,TEN,17.0,72.2,5.2,8.6,0.32575757575757575,0,0,0,4.0,43.0
00-0039919,Rome Odunze,CHI,2024,1,11.0,1,4,0.77,TEN,17.0,,,,,0,0,0,4.0,43.0
00-0035341,Trenton Irwin,CIN,2024,1,6.0,1,2,0.65,NE,3.0,36.2,3.0,4.4,0.13414634146341464,0,0,0,8.0,40.5
00-0036900,Ja'Marr Chase,CIN,2024,1,62.0,6,6,0.84,NE,3.0,72.8,5.0,6.6,0.20121951219512196,1,0,0,8.0,40.5
00-0038619,Andrei Iosivas,CIN,2024,1,26.0,3,6,1.0,NE,3.0,36.0,4.5,7.5,0.09146341463414634,0,0,0,8.0,40.5
00-0031544,Amari Cooper,CLE,2024,1,16.0,2,9,0.95,DAL,8.0,105.2,5.6,9.6,0.2608695652173913,0,0,0,2.5,42.0
00-0036407,Jerry Jeudy,CLE,2024,1,25.0,3,8,0.82,DAL,8.0,51.8,2.8,5.0,0.1358695652173913,0,0,0,2.5,42.0
00-0036980,Elijah Moore,CLE,2024,1,9.0,3,6,0.93,DAL,8.0,34.6,2.6,5.4,0.14673913043478262,0,0,0,2.5,42.0
00-0031236,Brandin Cooks,DAL,2024,1,40.0,4,7,0.79,CLE,10.0,34.0,4.2,6.4,0.16161616161616163,0,0,0,-2.5,42.0
00-0036358,CeeDee Lamb,DAL,2024,1,61.0,5,10,0.71,CLE,10.0,121.2,9.6,13.4,0.3383838383838384,0,0,0,-2.5,42.0
00-0037666,Jalen Tolbert,DAL,2024,1,12.0,1,2,0.67,CLE,10.0,10.0,2.5,4.5,0.045454545454545456,0,0,0,-2.5,42.0
00-0033943,Josh Reynolds,DEN,2024,1,45.0,5,8,0.8,SEA,19.0,37.8,2.8,4.6,0.1464968152866242,0,0,0,-6.5,42.0
00-0034348,Courtland Sutton,DEN,2024,1,38.0,4,12,0.91,SEA,19.0,67.4,3.4,5.6,0.17834394904458598,0,0,0,-6.5,42.0
00-0036963,Amon-Ra St. Brown,DET,2024,1,13.0,3,6,0.98,LA,29.0,101.6,7.0,10.4,0.30952380952380953,0,1,0,5.0,54.0
00-0037240,Jameson Williams,DET,2024,1,121.0,5,9,0.85,LA,29.0,42.2,2.4,3.6,0.10714285714285714,0,1,0,5.0,54.0
00-0037816,Romeo Doubs,GB,2024,1,50.0,4,7,0.87,PHI,25.0,74.2,4.0,5.2,0.1780821917808219,0,0,0,-2.0,49.5
00-0038124,Christian Watson,GB,2024,1,13.0,3,5,0.63,PHI,25.0,49.2,3.4,5.8,0.19863013698630136,0,0,0,-2.0,49.5
00-0039146,Jayden Reed,GB,2024,1,138.0,4,6,0.72,PHI,25.0,50.8,4.8,6.4,0.2191780821917808,0,0,0,-2.0,49.5
00-0031588,Stefon Diggs,HOU,2024,1,33.0,6,6,0.77,IND,20.0,43.0,5.2,8.0,0.26143790849673204,0,1,0,3.0,49.0
00-0036554,Nico Collins,HOU,2024,1,117.0,6,8,0.8,IND,20.0,126.0,7.2,9.2,0.3006535947712418,0,1,0,3.0,49.0
00-0038977,Tank Dell,HOU,2024,1,40.0,3,7,0.63,IND,20.0,77.0,5.6,9.4,0.30718954248366015,0,1,0,3.0,49.0
00-0036252,Michael Pittman,IND,2024,1,31.0,4,8,0.89,HOU,15.0,79.4,7.8,10.6,0.3706293706293706,0,1,0,-3.0,49.0
00-0037664,Alec Pierce,IND,2024,1,125.0,3,3,0.84,HOU,15.0,24.6,1.4,4.0,0.13986013986013987,0,1,0,-3.0,49.0
00-0039890,Adonai Mitchell,IND,2024,1,2.0,1,5,0.64,HOU,15.0,,,,,0,1,0,-3.0,49.0
00-0034775,Christian Kirk,JAX,2024,1,30.0,1,4,0.72,MIA,30.0,75.4,4.6,7.0,0.17587939698492464,0,0,0,-3.5,49.5
00-0039893,Brian Thomas,JAX,2024,1,47.0,4,4,0.77,MIA,30.0,,,,,0,0,0,-3.5,49.5
00-0039067,Rashee Rice,KC,2024,1,103.0,7,9,0.78,BAL,14.0,77.8,6.2,7.8,0.24074074074074073,0,0,0,3.0,46.0
00-0039894,Xavier Worthy,KC,2024,1,47.0,2,3,0.63,BAL,14.0,,,,,0,0,0,3.0,46.0
00-0032775,Demarcus Robinson,LA,2024,1,42.0,4,7,0.92,DET,32.0,61.6,4.0,7.0,0.22580645161290322,0,1,0,-5.0,54.0
00-0033908,Cooper Kupp,LA,2024,1,110.0,14,21,1.0,DET,32.0,66.4,6.2,9.0,0.2903225806451613,0,1,0,-5.0,54.0
00-0036427,Tyler Johnson,LA,2024,1,79.0,5,7,0.65,DET,32.0,,,,,0,1,0,-5.0,54.0
00-0036988,Josh Palmer,LAC,2024,1,15.0,2,4,0.81,LV,13.0,75.4,4.2,6.0,0.16129032258064516,0,1,0,3.0,41.0
00-0038544,Quentin Johnston,LAC,2024,1,38.0,3,5,0.67,LV,13.0,37.8,2.4,4.6,0.12365591397849462,0,1,0,3.0,41.0
00-0039915,Ladd McConkey,LAC,2024,1,39.0,5,7,0.67,LV,13.0,,,,,0,1,0,3.0,41.0
00-0031381,Davante Adams,LV,2024,1,59.0,5,6,0.97,LAC,9.0,66.0,6.8,11.4,0.36774193548387096,0,1,0,-3.0,41.0
00-0034960,Jakobi Meyers,LV,2024,1,61.0,3,3,0.87,LAC,9.0,43.2,3.8,6.0,0.1935483870967742,0,1,0,-3.0,41.0
00-0038563,Tre Tucker,LV,2024,1,22.0,2,3,0.78,LAC,9.0,57.5,3.5,5.0,0.06451612903225806,0,1,0,-3.0,41.0
00-0033040,Tyreek Hill,MIA,2024,1,130.0,7,12,0.7,JAX,7.0,84.2,7.2,11.8,0.3710691823899371,0,0,0,3.5,49.5
00-0036613,Jaylen Waddle,MIA,2024,1,109.0,5,5,0.72,JAX,7.0,83.6,5.8,7.6,0.2389937106918239,0,0,0,3.5,49.5
00-0036322,Justin Jefferson,MIN,2024,1,59.0,4,6,0.84,NYG,22.0,100.8,6.6,10.0,0.28901734104046245,0,0,0,1.0,42.5
00-0036345,K.J. Osborn,NE,2024,1,21.0,3,6,0.62,CIN,21.0,50.0,4.2,6.0,0.2127659574468085,0,0,0,-8.0,40.5
00-0038621,Demario Douglas,NE,2024,1,12.0,2,3,0.6,CIN,21.0,47.0,3.8,6.6,0.23404255319148937,0,0,0,-8.0,40.5
00-0037239,Chris Olave,NO,2024,1,11.0,2,2,0.79,CAR,1.0,70.4,4.8,7.0,0.23648648648648649,0,1,0,3.5,41.5
00-0037545,Rashid Shaheed,NO,2024,1,73.0,3,5,0.68,CAR,1.0,54.4,3.8,7.2,0.24324324324324326,0,1,0,3.5,41.5
00-0035535,Darius Slayton,NYG,2024,1,26.0,3,4,0.72,MIN,31.0,67.0,3.6,5.2,0.17105263157894737,0,0,0,-1.0,42.5
00-0038117,Wan'Dale Robinson,NYG,2024,1,44.0,6,12,0.68,MIN,31.0,52.0,4.8,6.6,0.21710526315789475,0,0,0,-1.0,42.5
00-0039337,Malik Nabers,NYG,2024,1,66.0,5,7,1.0,MIN,31.0,,,,,0,0,0,-1.0,42.5
00-0034521,Allen Lazard,NYJ,2024,1,89.0,6,9,1.0,SF,11.0,20.2,1.8,4.8,0.13793103448275862,0,0,0,-3.5,43.0
00-0037740,Garrett Wilson,NYJ,2024,1,60.0,6,11,0.96,SF,11.0,62.6,5.8,10.0,0.28735632183908044,0,0,0,-3.5,43.0
00-0035676,A.J. Brown,PHI,2024,1,119.0,5,10,0.95,GB,27.0,79.4,6.4,10.4,0.33766233766233766,0,0,0,2.0,49.5
00-0036912,DeVonta Smith,PHI,2024,1,84.0,7,8,1.0,GB,27.0,76.0,5.0,7.4,0.24025974025974026,0,0,0,2.0,49.5
00-0036415,Van Jefferson,PIT,2024,1,1.0,1,2,0.72,ATL,6.0,24.4,1.6,3.8,0.14615384615384616,0,1,0,-4.0,43.0
00-0037247,George Pickens,PIT,2024,1,85.0,6,7,0.68,ATL,6.0,88.4,4.8,7.8,0.3,0,1,0,-4.0,43.0
00-0035640,DK Metcalf,SEA,2024,1,29.0,3,4,0.88,DEN,24.0,60.4,3.4,6.2,0.1962025316455696,0,0,0,6.5,42.0
00-0038543,Jaxon Smith-Njigba,SEA,2024,1,19.0,2,2,0.79,DEN,24.0,32.0,3.6,5.0,0.15822784810126583,0,0,0,6.5,42.0
00-0035719,Deebo Samuel,SF,2024,1,54.0,5,9,0.74,NYJ,2.0,50.8,4.8,9.0,0.30612244897959184,0,0,0,3.5,43.0
00-0036261,Brandon Aiyuk,SF,2024,1,28.0,2,5,0.6,NYJ,2.0,75.2,4.4,7.0,0.23809523809523808,0,0,0,3.5,43.0
00-0031408,Mike Evans,TB,2024,1,61.0,5,6,0.7,WAS,28.0,74.6,4.8,8.0,0.23121387283236994,0,0,0,4.0,42.0
00-0033921,Chris Godwin,TB,2024,1,83.0,8,8,0.78,WAS,28.0,59.0,4.6,7.0,0.2023121387283237,0,0,0,4.0,42.0
00-0039855,Jalen McMillan,TB,2024,1,32.0,1,3,0.83,WAS,28.0,,,,,0,0,0,4.0,42.0
00-0033009,Tyler Boyd,TEN,2024,1,18.0,3,5,0.83,CHI,23.0,34.0,3.6,5.4,0.19708029197080293,0,0,0,-4.0,43.0
00-0034837,Calvin Ridley,TEN,2024,1,50.0,3,7,0.84,CHI,23.0,65.4,5.0,10.4,0.3795620437956204,0,0,0,-4.0,43.0
00-0037742,Treylon Burks,TEN,2024,1,2.0,1,2,0.69,CHI,23.0,20.8,1.8,3.6,0.13138686131386862,0,0,0,-4.0,43.0
00-0035659,Terry McLaurin,WAS,2024,1,17.0,2,4,0.81,TB,12.0,61.6,3.8,7.0,0.24822695035460993,0,0,0,-4.0,42.0
00-0039355,Luke McCaffrey,WAS,2024,1,18.0,3,3,0.61,TB,12.0,,,,,0,0,0,-4.0,42.0
00-0038559,Michael Wilson,ARI,2024,2,31.0,2,2,0.68,LA,28.0,27.0,2.2,4.2,0.12650602409638553,0,1,0,-1.0,47.5
00-0039849,Marvin Harrison,ARI,2024,2,130.0,4,8,0.7,LA,28.0,4.0,1.0,3.0,0.018072289156626505,0,1,0,-1.0,47.5
00-0034407,Ray-Ray McCloud,ATL,2024,2,42.0,3,5,1.0,PHI,29.0,4.0,1.0,2.0,0.014285714285714285,0,0,-2,-5.5,46.5
00-0036309,Darnell Mooney,ATL,2024,2,88.0,3,7,1.0,PHI,29.0,16.8,1.8,5.0,0.17857142857142858,0,0,-2,-5.5,46.5
00-0037238,Drake London,ATL,2024,2,54.0,6,7,0.97,PHI,29.0,35.0,3.0,5.8,0.20714285714285716,0,0,-2,-5.5,46.5
00-0036550,Rashod Bateman,BAL,2024,2,40.0,3,4,0.82,LV,17.0,33.8,2.4,4.4,0.15602836879432624,0,0,3,9.0,41.0
00-0039064,Zay Flowers,BAL,2024,2,91.0,7,11,0.89,LV,17.0,54.4,5.0,7.6,0.2695035460992908,0,0,3,9.0,41.0
00-0033555,Mack Hollins,BUF,2024,2,0.0,0,1,0.71,MIA,30.0,25.8,1.8,4.0,0.12903225806451613,0,0,0,-2.5,48.5
00-0037261,Khalil Shakir,BUF,2024,2,54.0,5,5,0.69,MIA,30.0,46.2,4.2,4.6,0.14838709677419354,0,0,0,-2.5,48.5
00-0039901,Keon Coleman,BUF,2024,2,0.0,0,1,0.91,MIA,30.0,51.0,4.0,5.0,0.03225806451612903,0,0,0,-2.5,48.5
00-0030035,Adam Thielen,CAR,2024,2,20.0,2,3,0.94,LAC,14.0,47.2,4.2,5.6,0.21052631578947367,0,0,0,-5.0,39.0
00-0035216,Diontae Johnson,CAR,2024,2,15.0,3,6,0.94,LAC,14.0,40.2,3.0,6.2,0.23308270676691728,0,0,0,-5.0,39.0
00-0039062,Jonathan Mingo,CAR,2024,2,1.0,1,2,0.63,LAC,14.0,26.4,3.0,5.6,0.21052631578947367,0,0,0,-5.0,39.0
00-0031763,DeAndre Carter,CHI,2024,2,32.0,3,4,0.71,HOU,5.0,45.4,3.6,4.8,0.18181818181818182,0,1,0,-6.0,45.5
00-0034827,D.J. Moore,CHI,2024,2,53.0,6,10,0.99,HOU,5.0,65.8,5.0,8.2,0.3106060606060606,0,1,0,-6.0,45.5
00-0039919,Rome Odunze,CHI,2024,2,33.0,2,5,0.94,HOU,5.0,11.0,1.0,4.0,0.030303030303030304,1,1,0,-6.0,45.5
00-0036900,Ja'Marr Chase,CIN,2024,2,35.0,4,5,0.92,KC,21.0,69.0,5.4,6.6,0.19642857142857142,0,0,-3,-6.5,47.5
00-0038619,Andrei Iosivas,CIN,2024,2,7.0,2,4,0.77,KC,21.0,32.666666666666664,4.0,7.0,0.125,0,0,-3,-6.5,47.5
00-0031544,Amari Cooper,CLE,2024,2,11.0,3,8,0.88,JAX,11.0,105.2,5.6,10.2,0.2786885245901639,0,0,0,-3.0,41.5
00-0036407,Jerry Jeudy,CLE,2024,2,73.0,5,6,0.79,JAX,11.0,54.6,3.0,6.0,0.16393442622950818,0,0,0,-3.0,41.5
00-0036980,Elijah Moore,CLE,2024,2,44.0,6,8,0.72,JAX,11.0,19.8,2.4,4.2,0.11475409836065574,0,0,0,-3.0,41.5
00-0031236,Brandin Cooks,DAL,2024,2,19.0,2,2,0.81,NO,27.0,40.0,4.6,6.6,0.16923076923076924,0,1,0,6.5,47.0
00-0036358,CeeDee Lamb,DAL,2024,2,90.0,4,7,0.83,NO,27.0,122.8,9.2,13.4,0.3435897435897436,0,1,0,6.5,47.0
00-0037666,Jalen Tolbert,DAL,2024,2,82.0,6,9,0.86,NO,27.0,10.666666666666666,2.0,3.6666666666666665,0.05641025641025641,0,1,0,6.5,47.0
00-0033943,Josh Reynolds,DEN,2024,2,93.0,4,5,0.67,PIT,16.0,44.2,3.6,5.8,0.17159763313609466,0,0,0,-3.0,36.5
00-0034348,Courtland Sutton,DEN,2024,2,26.0,1,4,0.89,PIT,16.0,61.8,3.4,7.0,0.20710059171597633,0,0,0,-3.0,36.5
00-0035406,Lil'Jordan Humphrey,DEN,2024,2,50.0,4,5,0.77,PIT,16.0,26.666666666666668,1.3333333333333333,2.3333333333333335,0.04142011834319527,0,0,0,-3.0,36.5
00-0036963,Amon-Ra St. Brown,DET,2024,2,119.0,11,18,0.92,TB,6.0,86.2,6.4,10.0,0.30303030303030304,0,1,0,7.5,51.5
00-0037240,Jameson Williams,DET,2024,2,79.0,5,11,0.91,TB,6.0,56.2,3.0,4.8,0.14545454545454545,1,1,0,7.5,51.5
00-0037816,Romeo Doubs,GB,2024,2,62.0,3,3,0.79,IND,22.0,78.2,4.2,6.0,0.19736842105263158,0,0,2,-3.0,41.5
00-0031588,Stefon Diggs,HOU,2024,2,37.0,4,6,0.81,CHI,23.0,43.8,5.4,7.6,0.2753623188405797,0,1,0,6.0,45.5
00-0036554,Nico Collins,HOU,2024,2,135.0,8,10,0.84,CHI,23.0,111.2,6.6,8.4,0.30434782608695654,0,1,0,6.0,45.5
00-0038977,Tank Dell,HOU,2024,2,-3.0,1,4,0.69,CHI,23.0,81.8,5.6,10.0,0.36231884057971014,0,1,0,6.0,45.5
00-0036252,Michael Pittman,IND,2024,2,21.0,3,7,0.86,GB,25.0,64.2,6.6,9.6,0.3870967741935484,0,0,-2,3.0,41.5
00-0037664,Alec Pierce,IND,2024,2,56.0,5,7,0.95,GB,25.0,45.2,1.6,4.0,0.16129032258064516,0,0,-2,3.0,41.5
00-0034775,Christian Kirk,JAX,2024,2,-1.0,1,3,0.88,CLE,13.0,63.4,3.6,6.6,0.1952662721893491,0,0,0,3.0,41.5
00-0039893,Brian Thomas,JAX,2024,2,94.0,2,4,0.73,CLE,13.0,47.0,4.0,4.0,0.023668639053254437,0,0,0,3.0,41.5
00-0039067,Rashee Rice,KC,2024,2,75.0,5,6,0.83,CIN,15.0,73.0,6.6,8.4,0.2641509433962264,0,0,3,6.5,47.5
00-0039894,Xavier Worthy,KC,2024,2,17.0,2,4,0.68,CIN,15.0,47.0,2.0,3.0,0.018867924528301886,0,0,3,6.5,47.5
00-0032775,Demarcus Robinson,LA,2024,2,50.0,2,4,0.92,ARI,8.0,60.8,4.2,6.4,0.1871345029239766,0,1,0,1.0,47.5
00-0036427,Tyler Johnson,LA,2024,2,20.0,2,3,0.87,ARI,8.0,79.0,5.0,7.0,0.04093567251461988,0,1,0,1.0,47.5
00-0038544,Quentin Johnston,LAC,2024,2,51.0,5,6,0.7,CAR,1.0,27.2,2.4,4.8,0.14201183431952663,0,0,0,5.0,39.0
00-0031381,Davante Adams,LV,2024,2,110.0,9,12,0.94,BAL,12.0,67.2,6.4,10.6,0.33544303797468356,0,0,-3,-9.0,41.0
00-0034960,Jakobi Meyers,LV,2024,2,29.0,4,5,0.94,BAL,12.0,50.4,3.4,5.4,0.17088607594936708,0,0,-3,-9.0,41.0
00-0038563,Tre Tucker,LV,2024,2,13.0,2,2,0.6,BAL,12.0,45.666666666666664,3.0,4.333333333333333,0.08227848101265822,0,0,-3,-9.0,41.0
00-0033040,Tyreek Hill,MIA,2024,2,24.0,3,6,0.68,BUF,4.0,89.8,6.8,11.8,0.35119047619047616,0,0,0,2.5,48.5
00-0036613,Jaylen Waddle,MIA,2024,2,41.0,4,4,0.72,BUF,4.0,82.6,5.2,7.0,0.20833333333333334,0,0,0,2.5,48.5
00-0036322,Justin Jefferson,MIN,2024,2,133.0,4,7,0.7,SF,19.0,107.0,6.8,10.0,0.3105590062111801,0,1,1,-4.5,46.5
00-0037291,Jalen Nailor,MIN,2024,2,54.0,3,4,0.93,SF,19.0,16.0,1.0,1.0,0.006211180124223602,0,1,1,-4.5,46.5
00-0036345,K.J. Osborn,NE,2024,2,7.0,1,2,0.75,SEA,3.0,34.4,3.2,5.2,0.18840579710144928,0,0,0,-3.5,39.0
00-0039907,Ja'Lynn Polk,NE,2024,2,12.0,2,3,0.6,SEA,3.0,,,,,0,0,0,-3.5,39.0
00-0037239,Chris Olave,NO,2024,2,81.0,4,6,0.71,DAL,18.0,48.8,4.2,5.8,0.19333333333333333,0,1,0,-6.5,47.0
00-0037545,Rashid Shaheed,NO,2024,2,96.0,4,4,0.66,DAL,18.0,52.0,4.0,7.0,0.23333333333333334,0,1,0,-6.5,47.0
00-0035535,Darius Slayton,NYG,2024,2,33.0,3,4,0.88,WAS,26.0,69.4,3.8,5.6,0.16470588235294117,0,0,0,-1.5,42.5
00-0038117,Wan'Dale Robinson,NYG,2024,2,18.0,2,4,0.63,WAS,26.0,45.0,4.8,7.6,0.2235294117647059,0,0,0,-1.5,42.5
00-0039337,Malik Nabers,NYG,2024,2,127.0,10,18,0.89,WAS,26.0,66.0,5.0,7.0,0.041176470588235294,0,0,0,-1.5,42.5
00-0033536,Mike Williams,NYJ,2024,2,19.0,1,1,0.65,TEN,9.0,83.8,6.0,8.0,0.23809523809523808,0,0,-1,3.5,41.5
00-0034521,Allen Lazard,NYJ,2024,2,11.0,2,4,0.82,TEN,9.0,29.0,2.4,5.4,0.16071428571428573,0,0,-1,3.5,41.5
00-0037740,Garrett Wilson,NYJ,2024,2,57.0,4,6,0.96,TEN,9.0,64.6,6.4,10.8,0.32142857142857145,0,0,-1,3.5,41.5
00-0036912,DeVonta Smith,PHI,2024,2,76.0,7,10,1.0,ATL,10.0,78.2,5.4,7.0,0.22875816993464052,0,0,2,5.5,46.5
00-0037741,Jahan Dotson,PHI,2024,2,6.0,1,1,0.79,ATL,10.0,16.6,1.4,2.8,0.0915032679738562,0,0,2,5.5,46.5
00-0036415,Van Jefferson,PIT,2024,2,14.0,2,3,0.82,DEN,20.0,22.8,1.6,3.4,0.1349206349206349,0,0,0,3.0,36.5
00-0037247,George Pickens,PIT,2024,2,29.0,2,4,0.77,DEN,20.0,101.6,5.0,8.0,0.31746031746031744,0,0,0,3.0,36.5
00-0032211,Tyler Lockett,SEA,2024,2,15.0,2,2,0.81,NE,2.0,54.4,4.0,7.0,0.23026315789473684,0,0,0,3.5,39.0
00-0035640,DK Metcalf,SEA,2024,2,129.0,10,14,0.87,NE,2.0,55.8,3.6,6.0,0.19736842105263158,0,0,0,3.5,39.0
00-0038543,Jaxon Smith-Njigba,SEA,2024,2,117.0,12,16,0.83,NE,2.0,30.8,3.2,4.0,0.13157894736842105,0,0,0,3.5,39.0
00-0035719,Deebo Samuel,SF,2024,2,110.0,8,10,0.86,MIN,31.0,52.0,5.0,9.4,0.31543624161073824,0,1,-1,4.5,46.5
00-0036261,Brandon Aiyuk,SF,2024,2,43.0,4,5,0.87,MIN,31.0,58.2,3.6,6.6,0.2214765100671141,0,1,-1,4.5,46.5
00-0031408,Mike Evans,TB,2024,2,42.0,3,6,0.79,DET,32.0,69.6,4.4,7.4,0.22023809523809523,0,1,0,-7.5,51.5
00-0033921,Chris Godwin,TB,2024,2,117.0,7,8,0.79,DET,32.0,60.0,5.0,6.6,0.19642857142857142,0,1,0,-7.5,51.5
00-0039855,Jalen McMillan,TB,2024,2,21.0,1,2,0.79,DET,32.0,32.0,1.0,3.0,0.017857142857142856,0,1,0,-7.5,51.5
00-0033009,Tyler Boyd,TEN,2024,2,26.0,2,5,0.76,NYJ,6.0,33.2,3.6,5.2,0.203125,0,0,1,-3.5,41.5
00-0034837,Calvin Ridley,TEN,2024,2,77.0,4,6,0.82,NYJ,6.0,64.8,4.8,9.2,0.359375,0,0,1,-3.5,41.5
00-0035659,Terry McLaurin,WAS,2024,2,22.0,6,8,0.92,NYG,24.0,65.0,4.2,7.2,0.2517482517482518,0,0,0,1.5,42.5
00-0036626,Dyami Brown,WAS,2024,2,17.0,2,4,0.69,NYG,24.0,,,,,0,0,0,1.5,42.5
00-0035500,Greg Dortch,ARI,2024,3,35.0,3,6,0.66,DET,32.0,40.6,3.8,5.4,0.18120805369127516,1,1,0,-3.0,51.5
00-0038559,Michael Wilson,ARI,2024,3,64.0,8,9,0.9,DET,32.0,33.2,2.6,4.0,0.1342281879194631,0,1,0,-3.0,51.5
00-0039849,Marvin Harrison,ARI,2024,3,64.0,5,11,0.88,DET,32.0,67.0,2.5,5.5,0.0738255033557047,0,1,0,-3.0,51.5
00-0034407,Ray-Ray McCloud,ATL,2024,3,17.0,2,3,0.95,KC,23.0,23.0,2.0,3.5,0.04666666666666667,0,1,-1,-3.0,46.0
00-0036309,Darnell Mooney,ATL,2024,3,66.0,8,8,0.93,KC,23.0,33.2,2.0,5.8,0.19333333333333333,0,1,-1,-3.0,46.0
00-0037238,Drake London,ATL,2024,3,67.0,6,9,1.0,KC,23.0,41.0,3.8,6.6,0.22,0,1,-1,-3.0,46.0
00-0031549,Nelson Agholor,BAL,2024,3,56.0,1,1,0.6,DAL,15.0,23.4,3.2,4.4,0.14666666666666667,0,1,0,1.5,47.5
00-0036550,Rashod Bateman,BAL,2024,3,28.0,3,4,0.62,DAL,15.0,37.6,2.6,4.2,0.14,0,1,0,1.5,47.5
00-0039064,Zay Flowers,BAL,2024,3,20.0,3,4,0.67,DAL,15.0,71.2,6.2,9.4,0.31333333333333335,0,1,0,1.5,47.5
00-0033555,Mack Hollins,BUF,2024,3,16.0,1,2,0.72,JAX,14.0,22.8,1.4,3.6,0.12413793103448276,0,0,3,4.0,46.5
00-0034272,Marquez Valdes-Scantling,BUF,2024,3,7.0,1,2,0.77,JAX,14.0,29.0,1.8,3.2,0.1103448275862069,0,0,3,4.0,46.5
00-0035216,Diontae Johnson,CAR,2024,3,122.0,8,14,0.78,LV,18.0,31.8,3.0,6.0,0.22058823529411764,0,1,0,-5.5,40.0
00-0039062,Jonathan Mingo,CAR,2024,3,18.0,3,4,0.66,LV,18.0,12.8,2.0,4.0,0.14705882352941177,0,1,0,-5.5,40.0
00-0031763,DeAndre Carter,CHI,2024,3,22.0,3,6,0.63,IND,21.0,39.0,3.4,4.8,0.183206106870229,0,1,0,-1.5,43.0
00-0034827,D.J. Moore,CHI,2024,3,78.0,8,10,0.96,IND,21.0,66.0,5.4,8.6,0.3282442748091603,0,1,0,-1.5,43.0
00-0039919,Rome Odunze,CHI,2024,3,112.0,6,11,0.99,IND,21.0,22.0,1.5,4.5,0.06870229007633588,0,1,0,-1.5,43.0
00-0036410,Tee Higgins,CIN,2024,3,39.0,3,6,0.9,WAS,22.0,83.8,4.4,6.4,0.19753086419753085,0,0,0,7.5,46.0
00-0036900,Ja'Marr Chase,CIN,2024,3,118.0,6,7,0.98,WAS,22.0,46.2,4.0,5.2,0.16049382716049382,0,0,0,7.5,46.0
00-0038619,Andrei Iosivas,CIN,2024,3,52.0,5,7,0.77,WAS,22.0,26.25,3.5,6.25,0.15432098765432098,0,0,0,7.5,46.0
00-0031544,Amari Cooper,CLE,2024,3,86.0,7,12,0.9,NYG,24.0,92.0,4.8,9.0,0.26011560693641617,0,0,0,6.5,38.0
00-0036407,Jerry Jeudy,CLE,2024,3,27.0,4,7,0.9,NYG,24.0,59.0,3.4,6.4,0.18497109826589594,0,0,0,6.5,38.0
00-0036980,Elijah Moore,CLE,2024,3,17.0,2,3,0.81,NYG,24.0,20.2,3.0,4.6,0.1329479768786127,0,0,0,6.5,38.0
00-0031236,Brandin Cooks,DAL,2024,3,16.0,2,6,0.8,BAL,20.0,41.0,4.6,6.6,0.16097560975609757,0,1,0,-1.5,47.5
00-0036358,CeeDee Lamb,DAL,2024,3,67.0,4,7,0.89,BAL,20.0,117.2,8.8,12.8,0.3121951219512195,0,1,0,-1.5,47.5
00-0037666,Jalen Tolbert,DAL,2024,3,42.0,3,5,0.75,BAL,20.0,28.5,3.0,5.0,0.0975609756097561,0,1,0,-1.5,47.5
00-0034348,Courtland Sutton,DEN,2024,3,68.0,7,11,0.74,TB,18.0,54.8,3.0,6.6,0.1952662721893491,0,0,0,-6.0,40.5
00-0035406,Lil'Jordan Humphrey,DEN,2024,3,37.0,6,8,0.74,TB,18.0,32.5,2.0,3.0,0.07100591715976332,0,0,0,-6.0,40.5
00-0036963,Amon-Ra St. Brown,DET,2024,3,75.0,7,8,0.96,ARI,5.0,81.2,7.2,11.6,0.30851063829787234,0,1,0,3.0,51.5
00-0037240,Jameson Williams,DET,2024,3,9.0,1,3,0.71,ARI,5.0,62.6,3.2,5.6,0.14893617021276595,0,1,0,3.0,51.5
00-0037816,Romeo Doubs,GB,2024,3,18.0,1,2,0.73,TEN,9.0,74.8,4.0,5.6,0.21374045801526717,0,0,0,-3.0,37.0
00-0031588,Stefon Diggs,HOU,2024,3,94.0,10,12,0.85,MIN,29.0,46.0,5.4,7.4,0.2624113475177305,0,1,0,2.0,46.0
00-0036554,Nico Collins,HOU,2024,3,86.0,4,10,0.82,MIN,29.0,122.2,6.8,8.8,0.3120567375886525,0,1,0,2.0,46.0
00-0038977,Tank Dell,HOU,2024,3,62.0,5,6,0.67,MIN,29.0,58.4,4.6,8.6,0.3049645390070922,0,1,0,2.0,46.0
00-0036252,Michael Pittman,IND,2024,3,36.0,4,5,0.84,CHI,16.0,47.4,5.0,7.8,0.3046875,1,1,0,1.5,43.0
00-0037664,Alec Pierce,IND,2024,3,44.0,1,2,0.77,CHI,16.0,53.8,2.4,4.4,0.171875,0,1,0,1.5,43.0
00-0034775,Christian Kirk,JAX,2024,3,79.0,8,10,0.73,BUF,10.0,54.0,3.0,6.2,0.2012987012987013,0,0,-3,-4.0,46.5
00-0039893,Brian Thomas,JAX,2024,3,48.0,5,9,0.73,BUF,10.0,70.5,3.0,4.0,0.05194805194805195,0,0,-3,-4.0,46.5
00-0039067,Rashee Rice,KC,2024,3,110.0,12,14,0.74,ATL,13.0,62.0,6.0,7.2,0.24489795918367346,0,1,1,3.0,46.0
00-0032775,Demarcus Robinson,LA,2024,3,32.0,1,4,0.93,SF,27.0,62.0,4.2,6.6,0.19879518072289157,0,1,0,-6.0,44.5
00-0036849,Tutu Atwell,LA,2024,3,93.0,4,5,0.74,SF,27.0,17.8,2.0,4.0,0.12048192771084337,0,1,0,-6.0,44.5
00-0036646,Simi Fehoko,LAC,2024,3,17.0,1,3,0.72,PIT,12.0,,,,,0,0,0,-3.0,36.0
00-0038544,Quentin Johnston,LAC,2024,3,44.0,2,2,0.8,PIT,12.0,32.8,3.0,5.4,0.17197452229299362,0,0,0,-3.0,36.0
00-0039915,Ladd McConkey,LAC,2024,3,44.0,3,6,0.72,PIT,12.0,39.0,5.0,7.0,0.044585987261146494,0,0,0,-3.0,36.0
00-0031381,Davante Adams,LV,2024,3,40.0,4,9,0.95,CAR,1.0,69.0,6.6,10.6,0.33125,0,1,0,5.5,40.0
00-0034960,Jakobi Meyers,LV,2024,3,62.0,7,9,0.92,CAR,1.0,49.8,3.8,5.6,0.175,0,1,0,5.5,40.0
00-0038563,Tre Tucker,LV,2024,3,96.0,7,9,0.81,CAR,1.0,37.5,2.75,3.75,0.09375,0,1,0,5.5,40.0
00-0033040,Tyreek Hill,MIA,2024,3,40.0,3,5,0.75,SEA,6.0,74.8,5.6,10.2,0.2982456140350877,0,0,3,-4.0,41.5
00-0036613,Jaylen Waddle,MIA,2024,3,26.0,4,5,0.84,SEA,6.0,80.4,5.0,6.2,0.18128654970760233,0,0,3,-4.0,41.5
00-0036322,Justin Jefferson,MIN,2024,3,81.0,6,8,0.9,HOU,8.0,116.8,6.2,9.4,0.30718954248366015,0,1,0,-2.0,46.0
00-0037291,Jalen Nailor,MIN,2024,3,31.0,3,4,0.86,HOU,8.0,35.0,2.0,2.5,0.032679738562091505,0,1,0,-2.0,46.0
00-0038621,Demario Douglas,NE,2024,3,69.0,7,9,0.83,NYJ,7.0,32.6,3.0,5.4,0.20610687022900764,0,0,0,-6.5,39.0
00-0037239,Chris Olave,NO,2024,3,86.0,6,6,0.8,PHI,30.0,59.4,4.2,6.0,0.22058823529411764,0,1,1,2.5,49.0
00-0037545,Rashid Shaheed,NO,2024,3,0.0,0,5,0.75,PHI,30.0,65.6,4.0,6.2,0.22794117647058823,0,1,1,2.5,49.0
00-0035535,Darius Slayton,NYG,2024,3,7.0,1,2,0.82,CLE,17.0,63.4,3.6,4.8,0.147239263803681,0,0,0,-6.5,38.0
00-0038117,Wan'Dale Robinson,NYG,2024,3,61.0,7,8,0.6,CLE,17.0,43.6,4.4,7.6,0.2331288343558282,0,0,0,-6.5,38.0
00-0039337,Malik Nabers,NYG,2024,3,78.0,8,12,0.85,CLE,17.0,96.5,7.5,12.5,0.15337423312883436,0,0,0,-6.5,38.0
00-0034521,Allen Lazard,NYJ,2024,3,48.0,3,3,0.84,NE,3.0,27.6,2.4,5.0,0.1524390243902439,0,0,0,6.5,39.0
00-0037740,Garrett Wilson,NYJ,2024,3,33.0,5,9,0.88,NE,3.0,54.4,5.4,9.2,0.2804878048780488,0,0,0,6.5,39.0
00-0036912,DeVonta Smith,PHI,2024,3,79.0,7,10,0.76,NO,31.0,83.4,5.8,8.0,0.273972602739726,0,1,-1,-2.5,49.0
00-0037741,Jahan Dotson,PHI,2024,3,8.0,2,3,0.87,NO,31.0,13.2,1.2,2.0,0.0684931506849315,0,1,-1,-2.5,49.0
00-0037247,George Pickens,PIT,2024,3,57.0,5,7,0.74,LAC,2.0,98.0,4.8,7.4,0.31092436974789917,0,0,0,3.0,36.0
00-0035640,DK Metcalf,SEA,2024,3,104.0,4,6,0.83,MIA,25.0,66.0,4.6,7.6,0.2331288343558282,0,0,-3,4.0,41.5
00-0038543,Jaxon Smith-Njigba,SEA,2024,3,39.0,3,3,0.88,MIA,25.0,44.6,4.8,6.4,0.19631901840490798,0,0,-3,4.0,41.5
00-0036259,Jauan Jennings,SF,2024,3,175.0,11,12,0.85,LA,26.0,42.6,3.4,5.2,0.16774193548387098,0,1,0,6.0,44.5
00-0036261,Brandon Aiyuk,SF,2024,3,48.0,5,10,0.8,LA,26.0,44.0,3.0,6.0,0.1935483870967742,0,1,0,6.0,44.5
00-0031408,Mike Evans,TB,2024,3,17.0,2,3,0.82,DEN,11.0,64.0,4.4,7.8,0.2532467532467532,0,0,0,6.0,40.5
00-0033921,Chris Godwin,TB,2024,3,53.0,6,9,0.89,DEN,11.0,67.2,5.8,7.2,0.23376623376623376,0,0,0,6.0,40.5
00-0039855,Jalen McMillan,TB,2024,3,6.0,1,1,0.77,DEN,11.0,26.5,1.0,2.5,0.032467532467532464,0,0,0,6.0,40.5
00-0033009,Tyler Boyd,TEN,2024,3,33.0,3,4,0.7,GB,28.0,33.8,3.4,5.2,0.20155038759689922,0,0,0,3.0,37.0
00-0034837,Calvin Ridley,TEN,2024,3,9.0,1,3,0.72,GB,28.0,72.4,4.6,8.0,0.31007751937984496,0,0,0,3.0,37.0
00-0035659,Terry McLaurin,WAS,2024,3,100.0,4,6,0.85,CIN,4.0,41.2,4.2,6.4,0.2318840579710145,0,0,0,-7.5,46.0
00-0035500,Greg Dortch,ARI,2024,4,38.0,4,4,0.73,WAS,28.0,44.6,4.0,6.0,0.2054794520547945,0,1,1,3.5,49.0
00-0038559,Michael Wilson,ARI,2024,4,38.0,3,7,0.85,WAS,28.0,46.0,4.2,5.0,0.17123287671232876,0,1,1,3.5,49.0
00-0039849,Marvin Harrison,ARI,2024,4,45.0,5,6,0.92,WAS,28.0,66.0,3.3333333333333335,7.333333333333333,0.1506849315068493,0,1,1,3.5,49.0
00-0034407,Ray-Ray McCloud,ATL,2024,4,52.0,6,7,0.98,NO,31.0,21.0,2.0,3.3333333333333335,0.06896551724137931,0,1,0,2.5,41.5
00-0036309,Darnell Mooney,ATL,2024,4,56.0,3,6,0.96,NO,31.0,37.6,3.2,6.0,0.20689655172413793,0,1,0,2.5,41.5
00-0037238,Drake London,ATL,2024,4,64.0,6,12,0.98,NO,31.0,46.6,4.4,7.6,0.2620689655172414,0,1,0,2.5,41.5
00-0036550,Rashod Bateman,BAL,2024,4,23.0,1,1,0.65,BUF,13.0,32.4,2.4,3.8,0.1366906474820144,0,0,1,2.5,46.5
00-0039064,Zay Flowers,BAL,2024,4,10.0,1,2,0.68,BUF,13.0,60.8,5.0,7.6,0.2733812949640288,0,0,1,2.5,46.5
00-0033555,Mack Hollins,BUF,2024,4,5.0,1,6,0.61,BAL,29.0,19.8,1.0,3.2,0.11594202898550725,0,0,-1,-2.5,46.5
00-0039901,Keon Coleman,BUF,2024,4,51.0,3,4,0.73,BAL,29.0,25.5,2.0,3.0,0.043478260869565216,0,0,-1,-2.5,46.5
00-0035216,Diontae Johnson,CAR,2024,4,83.0,7,13,0.83,CIN,3.0,43.8,3.8,7.6,0.2695035460992908,1,0,1,-4.5,47.0
00-0039062,Jonathan Mingo,CAR,2024,4,24.0,3,5,0.8,CIN,3.0,12.0,2.2,3.0,0.10638297872340426,0,0,1,-4.5,47.0
00-0039342,Xavier Legette,CAR,2024,4,66.0,6,10,0.87,CIN,3.0,,,,,0,0,1,-4.5,47.0
00-0030279,Keenan Allen,CHI,2024,4,19.0,3,3,0.68,LA,21.0,75.4,7.8,12.8,0.41025641025641024,1,0,0,3.0,40.0
00-0034827,D.J. Moore,CHI,2024,4,22.0,3,6,0.92,LA,21.0,78.0,6.4,9.4,0.30128205128205127,0,0,0,3.0,40.0
00-0039919,Rome Odunze,CHI,2024,4,10.0,1,3,0.78,LA,21.0,52.0,3.0,6.666666666666667,0.1282051282051282,0,0,0,3.0,40.0
00-0036410,Tee Higgins,CIN,2024,4,60.0,6,10,0.64,CAR,5.0,69.6,3.4,5.8,0.18125,0,0,-1,4.5,47.0
00-0036900,Ja'Marr Chase,CIN,2024,4,85.0,3,6,0.79,CAR,5.0,64.0,4.6,5.8,0.18125,0,0,-1,4.5,47.0
00-0038619,Andrei Iosivas,CIN,2024,4,29.0,1,1,0.76,CAR,5.0,31.4,3.8,6.4,0.2,0,0,-1,4.5,47.0
00-0031544,Amari Cooper,CLE,2024,4,35.0,4,8,0.93,LV,19.0,87.4,5.4,9.8,0.2737430167597765,0,1,0,2.5,36.5
00-0036407,Jerry Jeudy,CLE,2024,4,72.0,6,9,0.86,LV,19.0,49.6,3.6,6.4,0.1787709497206704,0,1,0,2.5,36.5
00-0036980,Elijah Moore,CLE,2024,4,11.0,1,1,0.73,LV,19.0,20.2,3.0,4.6,0.12849162011173185,0,1,0,2.5,36.5
00-0031236,Brandin Cooks,DAL,2024,4,16.0,1,4,0.82,NYG,18.0,32.2,4.0,6.2,0.14485981308411214,0,0,0,5.5,45.0
00-0036358,CeeDee Lamb,DAL,2024,4,98.0,7,8,0.84,NYG,18.0,85.2,7.0,10.8,0.2523364485981308,0,0,0,5.5,45.0
00-0037666,Jalen Tolbert,DAL,2024,4,24.0,3,3,0.7,NYG,18.0,31.2,3.0,5.0,0.11682242990654206,0,0,0,5.5,45.0
00-0034348,Courtland Sutton,DEN,2024,4,60.0,3,9,0.79,NYJ,4.0,53.0,4.0,7.4,0.21893491124260356,0,0,-3,-7.5,39.5
00-0035406,Lil'Jordan Humphrey,DEN,2024,4,0.0,0,1,0.69,NYJ,4.0,33.4,2.8,4.0,0.11834319526627218,0,0,-3,-7.5,39.5
00-0036963,Amon-Ra St. Brown,DET,2024,4,45.0,6,6,0.89,SEA,9.0,74.2,7.2,11.4,0.30978260869565216,0,1,0,3.5,46.5
00-0037240,Jameson Williams,DET,2024,4,80.0,2,2,0.96,SEA,9.0,50.6,3.0,5.6,0.15217391304347827,0,1,0,3.5,46.5
00-0037816,Romeo Doubs,GB,2024,4,39.0,4,8,0.86,MIN,32.0,72.8,3.6,4.8,0.2033898305084746,0,0,0,2.5,44.0
00-0038393,Dontayvion Wicks,GB,2024,4,78.0,5,13,0.76,MIN,32.0,44.6,3.6,5.6,0.23728813559322035,0,0,0,2.5,44.0
00-0039146,Jayden Reed,GB,2024,4,139.0,7,8,0.78,MIN,32.0,69.2,4.8,6.4,0.2711864406779661,0,0,0,2.5,44.0
00-0030431,Robert Woods,HOU,2024,4,10.0,1,3,0.72,JAX,15.0,21.2,2.2,4.4,0.1375,0,1,1,5.5,44.5
00-0031588,Stefon Diggs,HOU,2024,4,69.0,5,9,0.83,JAX,15.0,47.4,6.0,8.2,0.25625,0,1,1,5.5,44.5
00-0036554,Nico Collins,HOU,2024,4,151.0,12,15,0.84,JAX,15.0,100.4,5.8,9.0,0.28125,0,1,1,5.5,44.5
00-0036252,Michael Pittman,IND,2024,4,113.0,6,9,0.88,PIT,1.0,35.6,4.2,6.6,0.2972972972972973,0,1,0,-2.5,40.0
00-0037664,Alec Pierce,IND,2024,4,9.0,1,2,0.83,PIT,1.0,56.6,2.0,3.4,0.15315315315315314,0,1,0,-2.5,40.0
00-0038997,Josh Downs,IND,2024,4,82.0,8,9,0.62,PIT,1.0,37.2,3.4,4.4,0.1981981981981982,0,1,0,-2.5,40.0
00-0034775,Christian Kirk,JAX,2024,4,61.0,7,12,0.78,HOU,12.0,49.0,3.4,6.0,0.19480519480519481,0,1,-1,-5.5,44.5
00-0039893,Brian Thomas,JAX,2024,4,86.0,6,9,0.76,HOU,12.0,63.0,3.6666666666666665,5.666666666666667,0.11038961038961038,0,1,-1,-5.5,44.5
00-0034386,Justin Watson,KC,2024,4,27.0,2,3,0.69,LAC,6.0,31.4,2.8,5.4,0.16666666666666666,0,1,0,7.5,41.5
00-0039894,Xavier Worthy,KC,2024,4,73.0,3,4,0.73,LAC,6.0,32.0,2.0,3.5,0.043209876543209874,0,1,0,7.5,41.5
00-0032775,Demarcus Robinson,LA,2024,4,37.0,2,3,0.85,CHI,14.0,52.0,3.2,6.2,0.2,0,0,0,-3.0,40.0
00-0036849,Tutu Atwell,LA,2024,4,82.0,4,6,0.9,CHI,14.0,30.2,2.6,4.6,0.14838709677419354,0,0,0,-3.0,40.0
00-0039751,Jordan Whittington,LA,2024,4,62.0,6,8,0.97,CHI,14.0,,,,,0,0,0,-3.0,40.0
00-0036988,Josh Palmer,LAC,2024,4,36.0,3,4,0.79,KC,24.0,66.4,3.8,5.4,0.1875,0,1,0,-7.5,41.5
00-0038544,Quentin Johnston,LAC,2024,4,9.0,1,5,0.77,KC,24.0,35.8,3.0,4.8,0.16666666666666666,0,1,0,-7.5,41.5
00-0039915,Ladd McConkey,LAC,2024,4,67.0,5,7,0.77,KC,24.0,41.5,4.0,6.5,0.09027777777777778,0,1,0,-7.5,41.5
00-0034960,Jakobi Meyers,LV,2024,4,49.0,5,10,0.97,CLE,17.0,53.8,4.6,6.4,0.17777777777777778,0,1,0,-2.5,36.5
00-0038563,Tre Tucker,LV,2024,4,41.0,5,6,0.85,CLE,17.0,49.2,3.6,4.8,0.13333333333333333,0,1,0,-2.5,36.5
00-0033040,Tyreek Hill,MIA,2024,4,23.0,4,7,0.73,TEN,6.0,67.6,5.0,8.8,0.26666666666666666,0,0,0,2.5,37.0
00-0036613,Jaylen Waddle,MIA,2024,4,36.0,4,6,0.72,TEN,6.0,69.8,4.6,5.6,0.1696969696969697,0,0,0,2.5,37.0
00-0036322,Justin Jefferson,MIN,2024,4,85.0,6,8,0.9,GB,30.0,104.8,6.2,9.0,0.3125,0,0,0,-2.5,44.0
00-0038994,Jordan Addison,MIN,2024,4,72.0,3,4,0.66,GB,30.0,52.4,4.2,6.4,0.2222222222222222,0,0,0,-2.5,44.0
00-0036345,K.J. Osborn,NE,2024,4,3.0,1,5,0.66,SF,26.0,34.4,3.2,5.2,0.20967741935483872,0,0,3,-10.5,41.5
00-0039907,Ja'Lynn Polk,NE,2024,4,30.0,3,7,0.83,SF,26.0,12.0,2.0,3.0,0.024193548387096774,0,0,3,-10.5,41.5
00-0037239,Chris Olave,NO,2024,4,87.0,8,10,0.78,ATL,16.0,52.0,3.6,4.6,0.19327731092436976,1,1,0,-2.5,41.5
00-0037545,Rashid Shaheed,NO,2024,4,83.0,8,11,0.77,ATL,16.0,60.8,3.0,5.4,0.226890756302521,0,1,0,-2.5,41.5
00-0035535,Darius Slayton,NYG,2024,4,56.0,3,5,0.84,DAL,11.0,46.8,3.2,4.6,0.13609467455621302,1,0,0,-5.5,45.0
00-0038117,Wan'Dale Robinson,NYG,2024,4,71.0,11,14,0.65,DAL,11.0,52.6,5.2,7.8,0.23076923076923078,0,0,0,-5.5,45.0
00-0039337,Malik Nabers,NYG,2024,4,115.0,12,15,0.9,DAL,11.0,90.33333333333333,7.666666666666667,12.333333333333334,0.21893491124260356,0,0,0,-5.5,45.0
00-0034521,Allen Lazard,NYJ,2024,4,58.0,5,8,0.88,DEN,2.0,33.8,2.8,4.6,0.1503267973856209,0,0,3,7.5,39.5
00-0037740,Garrett Wilson,NYJ,2024,4,41.0,5,8,0.96,DEN,2.0,55.2,5.8,10.2,0.3333333333333333,0,0,3,7.5,39.5
00-0035639,Parris Campbell,PHI,2024,4,17.0,4,4,0.84,TB,22.0,27.2,3.2,6.0,0.18867924528301888,0,0,0,1.0,42.0
00-0037741,Jahan Dotson,PHI,2024,4,11.0,2,4,0.86,TB,22.0,12.4,1.4,2.4,0.07547169811320754,0,0,0,1.0,42.0
00-0036415,Van Jefferson,PIT,2024,4,21.0,2,3,0.86,IND,23.0,16.4,1.8,3.4,0.13178294573643412,0,1,0,2.5,40.0
00-0037247,George Pickens,PIT,2024,4,113.0,7,11,0.86,IND,23.0,70.4,5.0,7.6,0.29457364341085274,0,1,0,2.5,40.0
00-0032211,Tyler Lockett,SEA,2024,4,61.0,5,9,0.71,DET,27.0,39.6,3.2,6.2,0.19375,0,1,0,-3.5,46.5
00-0035640,DK Metcalf,SEA,2024,4,104.0,7,12,0.82,DET,27.0,75.6,4.6,7.6,0.2375,0,1,0,-3.5,46.5
00-0038543,Jaxon Smith-Njigba,SEA,2024,4,51.0,8,12,0.84,DET,27.0,40.2,4.2,5.6,0.175,0,1,0,-3.5,46.5
00-0035719,Deebo Samuel,SF,2024,4,58.0,3,5,0.76,NE,10.0,64.6,5.8,9.0,0.30405405405405406,1,0,-3,10.5,41.5
00-0036261,Brandon Aiyuk,SF,2024,4,48.0,2,5,0.79,NE,10.0,47.2,3.4,6.8,0.22972972972972974,0,0,-3,10.5,41.5
00-0031408,Mike Evans,TB,2024,4,94.0,8,14,0.77,PHI,25.0,63.0,4.2,6.8,0.21935483870967742,0,0,0,-1.0,42.0
00-0032385,Sterling Shepard,TB,2024,4,51.0,3,5,0.65,PHI,25.0,51.333333333333336,4.333333333333333,8.0,0.15483870967741936,0,0,0,-1.0,42.0
00-0033921,Chris Godwin,TB,2024,4,69.0,6,9,0.86,PHI,25.0,67.6,5.8,7.6,0.24516129032258063,0,0,0,-1.0,42.0
00-0033591,Noah Brown,WAS,2024,4,26.0,3,4,0.67,ARI,8.0,58.4,3.6,6.6,0.2578125,0,1,-1,-3.5,49.0
00-0035659,Terry McLaurin,WAS,2024,4,52.0,7,10,0.71,ARI,8.0,51.2,4.4,6.6,0.2578125,0,1,-1,-3.5,49.0
00-0038559,Michael Wilson,ARI,2024,5,78.0,5,6,0.72,SF,19.0,46.6,4.0,5.2,0.1897810218978102,0,0,0,-7.0,48.5
00-0039849,Marvin Harrison,ARI,2024,5,36.0,2,7,0.76,SF,19.0,60.75,3.75,7.0,0.20437956204379562,0,0,0,-7.0,48.5
00-0034407,Ray-Ray McCloud,ATL,2024,5,66.0,6,9,0.98,TB,17.0,28.75,3.0,4.25,0.11564625850340136,0,1,0,2.5,44.0
00-0036309,Darnell Mooney,ATL,2024,5,105.0,9,16,0.98,TB,17.0,46.0,3.4,5.6,0.19047619047619047,0,1,0,2.5,44.0
00-0037238,Drake London,ATL,2024,5,154.0,12,13,0.84,TB,17.0,48.2,4.8,8.0,0.272108843537415,0,1,0,2.5,44.0
00-0036550,Rashod Bateman,BAL,2024,5,58.0,4,8,0.63,CIN,3.0,29.2,2.0,3.4,0.125,0,0,0,2.5,48.5
00-0039064,Zay Flowers,BAL,2024,5,111.0,7,12,0.82,CIN,3.0,54.6,4.4,7.0,0.25735294117647056,0,0,0,2.5,48.5
00-0039901,Keon Coleman,BUF,2024,5,49.0,1,5,0.62,HOU,2.0,34.0,2.3333333333333335,3.3333333333333335,0.07407407407407407,0,1,0,-1.0,48.0
00-0035216,Diontae Johnson,CAR,2024,5,23.0,3,6,0.8,CHI,14.0,57.4,4.8,9.2,0.30666666666666664,0,0,0,-4.0,40.0
00-0039062,Jonathan Mingo,CAR,2024,5,37.0,2,5,0.68,CHI,14.0,10.4,2.0,3.0,0.1,0,0,0,-4.0,40.0
00-0030279,Keenan Allen,CHI,2024,5,33.0,3,6,0.81,CAR,8.0,56.0,6.4,10.2,0.3422818791946309,0,0,0,4.0,40.0
00-0034827,D.J. Moore,CHI,2024,5,105.0,5,8,0.88,CAR,8.0,50.6,5.2,8.0,0.2684563758389262,0,0,0,4.0,40.0
00-0039919,Rome Odunze,CHI,2024,5,40.0,5,6,0.8,CAR,8.0,41.5,2.5,5.75,0.15436241610738255,0,0,0,4.0,40.0
00-0036410,Tee Higgins,CIN,2024,5,83.0,9,14,0.72,BAL,27.0,74.4,4.0,7.2,0.22641509433962265,0,0,0,-2.5,48.5
00-0036900,Ja'Marr Chase,CIN,2024,5,193.0,10,12,0.88,BAL,27.0,68.2,4.4,6.2,0.1949685534591195,0,0,0,-2.5,48.5
00-0038619,Andrei Iosivas,CIN,2024,5,39.0,1,2,0.79,BAL,27.0,30.0,3.2,5.0,0.15723270440251572,0,0,0,-2.5,48.5
00-0031544,Amari Cooper,CLE,2024,5,60.0,4,10,0.82,WAS,22.0,41.4,4.0,8.4,0.22580645161290322,0,0,0,-3.0,44.0
00-0036407,Jerry Jeudy,CLE,2024,5,16.0,1,3,0.76,WAS,22.0,55.2,4.2,7.2,0.1935483870967742,0,0,0,-3.0,44.0
00-0036980,Elijah Moore,CLE,2024,5,11.0,3,4,0.69,WAS,22.0,18.6,2.8,4.0,0.10752688172043011,0,0,0,-3.0,44.0
00-0036358,CeeDee Lamb,DAL,2024,5,62.0,5,9,0.87,PIT,7.0,85.2,5.8,9.8,0.2474747474747475,0,0,3,-2.5,43.5
00-0037666,Jalen Tolbert,DAL,2024,5,87.0,7,10,0.89,PIT,7.0,32.4,3.0,4.8,0.12121212121212122,0,0,3,-2.5,43.5
00-0034348,Courtland Sutton,DEN,2024,5,32.0,2,5,0.81,LV,18.0,52.6,4.0,8.4,0.25766871165644173,0,0,0,3.0,36.0
00-0035406,Lil'Jordan Humphrey,DEN,2024,5,48.0,2,2,0.63,LV,18.0,33.4,2.8,4.0,0.12269938650306748,0,0,0,3.0,36.0
00-0038393,Dontayvion Wicks,GB,2024,5,20.0,2,7,0.76,LA,21.0,60.2,4.6,7.8,0.2582781456953642,0,1,0,3.0,49.5
00-0038465,Malik Heath,GB,2024,5,14.0,2,3,0.76,LA,21.0,6.5,1.0,1.5,0.019867549668874173,0,1,0,3.0,49.5
00-0039146,Jayden Reed,GB,2024,5,78.0,4,6,0.76,LA,21.0,90.2,5.4,6.4,0.2119205298013245,0,1,0,3.0,49.5
00-0031588,Stefon Diggs,HOU,2024,5,82.0,6,8,0.87,BUF,5.0,50.8,5.6,8.2,0.2303370786516854,0,1,0,1.0,48.0
00-0038618,Xavier Hutchinson,HOU,2024,5,31.0,2,3,0.71,BUF,5.0,7.0,1.0,3.3333333333333335,0.056179775280898875,0,1,0,1.0,48.0
00-0038977,Tank Dell,HOU,2024,5,38.0,4,4,0.68,BUF,5.0,59.6,4.4,7.0,0.19662921348314608,0,1,0,1.0,48.0
00-0036252,Michael Pittman,IND,2024,5,37.0,5,8,0.89,JAX,25.0,49.0,4.4,7.0,0.29411764705882354,0,0,0,-3.5,45.0
00-0037664,Alec Pierce,IND,2024,5,134.0,3,3,0.74,JAX,25.0,46.8,2.0,3.6,0.15126050420168066,0,0,0,-3.5,45.0
00-0038997,Josh Downs,IND,2024,5,69.0,9,12,0.61,JAX,25.0,50.8,4.4,5.2,0.2184873949579832,0,0,0,-3.5,45.0
00-0039893,Brian Thomas,JAX,2024,5,122.0,5,8,0.64,IND,24.0,68.75,4.25,6.5,0.15950920245398773,0,0,0,3.5,45.0
00-0033857,JuJu Smith-Schuster,KC,2024,5,130.0,7,8,0.67,NO,26.0,25.0,1.8,3.4,0.11038961038961038,0,0,0,5.5,43.0
00-0039894,Xavier Worthy,KC,2024,5,25.0,3,6,0.67,NO,26.0,45.666666666666664,2.3333333333333335,3.6666666666666665,0.07142857142857142,0,0,0,5.5,43.0
00-0032775,Demarcus Robinson,LA,2024,5,28.0,3,5,0.97,GB,23.0,41.0,2.4,4.8,0.14906832298136646,0,1,0,-3.0,49.5
00-0036849,Tutu Atwell,LA,2024,5,58.0,6,10,0.81,GB,23.0,42.4,3.0,5.0,0.15527950310559005,0,1,0,-3.0,49.5
00-0039751,Jordan Whittington,LA,2024,5,89.0,7,10,0.92,GB,23.0,62.0,6.0,8.0,0.049689440993788817,0,1,0,-3.0,49.5
00-0034960,Jakobi Meyers,LV,2024,5,72.0,6,9,0.97,DEN,4.0,52.4,4.4,6.4,0.20253164556962025,0,0,0,-3.0,36.0
00-0036527,D.J. Turner,LV,2024,5,12.0,1,4,0.74,DEN,4.0,,,,,0,0,0,-3.0,36.0
00-0038563,Tre Tucker,LV,2024,5,18.0,2,5,0.84,DEN,4.0,50.2,4.2,5.0,0.15822784810126583,0,0,0,-3.0,36.0
00-0033040,Tyreek Hill,MIA,2024,5,69.0,6,9,0.79,NE,15.0,55.8,4.4,7.6,0.2389937106918239,0,0,-1,2.0,37.0
00-0036613,Jaylen Waddle,MIA,2024,5,46.0,4,8,0.78,NE,15.0,48.6,3.8,5.0,0.15723270440251572,0,0,-1,2.0,37.0
00-0036322,Justin Jefferson,MIN,2024,5,92.0,6,14,0.95,NYJ,1.0,110.0,6.4,8.6,0.30714285714285716,0,0,0,2.5,42.0
00-0038994,Jordan Addison,MIN,2024,5,36.0,3,8,0.89,NYJ,1.0,59.0,3.6,5.2,0.18571428571428572,0,0,0,2.5,42.0
00-0038608,Kayshon Boutte,NE,2024,5,34.0,2,2,0.67,MIA,6.0,0.0,0.0,4.0,0.030303030303030304,0,0,1,-2.0,37.0
00-0038621,Demario Douglas,NE,2024,5,59.0,6,9,0.67,MIA,6.0,39.8,3.8,6.2,0.23484848484848486,0,0,1,-2.0,37.0
00-0039907,Ja'Lynn Polk,NE,2024,5,13.0,1,6,1.0,MIA,6.0,21.0,2.5,5.0,0.07575757575757576,0,0,1,-2.0,37.0
00-0037239,Chris Olave,NO,2024,5,10.0,2,4,0.94,KC,20.0,64.2,4.6,5.4,0.22131147540983606,0,0,0,-5.5,43.0
00-0037545,Rashid Shaheed,NO,2024,5,86.0,4,9,0.87,KC,20.0,63.4,3.6,5.8,0.23770491803278687,0,0,0,-5.5,43.0
00-0035535,Darius Slayton,NYG,2024,5,122.0,8,11,0.9,SEA,9.0,36.8,3.0,4.4,0.13095238095238096,0,0,4,-7.0,42.5
00-0038117,Wan'Dale Robinson,NYG,2024,5,36.0,6,9,0.82,SEA,9.0,55.8,6.2,8.8,0.2619047619047619,0,0,4,-7.0,42.5
00-0033536,Mike Williams,NYJ,2024,5,25.0,2,4,0.71,MIN,28.0,72.4,5.4,7.4,0.24503311258278146,0,0,0,-2.5,42.0
00-0034521,Allen Lazard,NYJ,2024,5,34.0,4,10,1.0,MIN,28.0,45.4,3.8,6.0,0.1986754966887417,0,0,0,-2.5,42.0
00-0037740,Garrett Wilson,NYJ,2024,5,101.0,13,22,0.96,MIN,28.0,48.2,5.0,8.8,0.2913907284768212,0,0,0,-2.5,42.0
00-0036415,Van Jefferson,PIT,2024,5,26.0,3,5,0.81,DAL,16.0,14.8,1.8,3.4,0.12056737588652482,0,0,-3,2.5,43.5
00-0037837,Calvin Austin,PIT,2024,5,6.0,1,2,0.76,DAL,16.0,35.333333333333336,2.0,5.0,0.10638297872340426,0,0,-3,2.5,43.5
00-0032211,Tyler Lockett,SEA,2024,5,75.0,4,6,0.84,NYG,11.0,47.6,3.6,6.2,0.17222222222222222,0,0,-4,7.0,42.5
00-0035640,DK Metcalf,SEA,2024,5,55.0,4,7,1.0,NYG,11.0,75.2,5.0,8.4,0.23333333333333334,0,0,-4,7.0,42.5
00-0038543,Jaxon Smith-Njigba,SEA,2024,5,31.0,4,7,0.88,NYG,11.0,48.0,5.6,7.6,0.2111111111111111,0,0,-4,7.0,42.5
00-0035719,Deebo Samuel,SF,2024,5,11.0,1,3,0.81,ARI,13.0,68.8,5.4,8.8,0.3013698630136986,0,0,0,7.0,48.5
00-0036261,Brandon Aiyuk,SF,2024,5,147.0,8,12,0.92,ARI,13.0,43.2,3.2,6.2,0.21232876712328766,0,0,0,7.0,48.5
00-0031408,Mike Evans,TB,2024,5,62.0,5,7,0.87,ATL,12.0,72.2,5.2,8.2,0.24550898203592814,0,1,0,-2.5,44.0
00-0032385,Sterling Shepard,TB,2024,5,4.0,1,2,0.68,ATL,12.0,51.25,4.0,7.25,0.17365269461077845,0,1,0,-2.5,44.0
00-0033921,Chris Godwin,TB,2024,5,64.0,5,6,0.98,ATL,12.0,72.4,6.2,8.4,0.25149700598802394,0,1,0,-2.5,44.0
00-0035659,Terry McLaurin,WAS,2024,5,112.0,4,8,0.67,CLE,10.0,49.4,5.0,7.2,0.2727272727272727,0,0,0,3.0,44.0
00-0039355,Luke McCaffrey,WAS,2024,5,19.0,3,3,0.66,CLE,10.0,18.0,3.0,3.0,0.022727272727272728,0,0,0,3.0,44.0
00-0035500,Greg Dortch,ARI,2024,6,36.0,3,5,0.62,GB,21.0,43.2,4.4,5.8,0.21014492753623187,0,0,0,-5.5,47.0
00-0038559,Michael Wilson,ARI,2024,6,21.0,2,4,0.95,GB,21.0,43.2,3.8,5.2,0.18840579710144928,0,0,0,-5.5,47.0
00-0039521,Xavier Weaver,ARI,2024,6,0.0,0,1,0.71,GB,21.0,,,,,0,0,0,-5.5,47.0
00-0034407,Ray-Ray McCloud,ATL,2024,6,30.0,3,4,0.83,CAR,19.0,36.2,3.6,5.2,0.15568862275449102,0,0,3,6.0,45.5
00-0036309,Darnell Mooney,ATL,2024,6,38.0,3,5,0.96,CAR,19.0,66.0,4.8,8.0,0.23952095808383234,0,0,3,6.0,45.5
00-0037238,Drake London,ATL,2024,6,74.0,6,10,0.96,CAR,19.0,70.8,6.4,8.8,0.2634730538922156,0,0,3,6.0,45.5
00-0036550,Rashod Bateman,BAL,2024,6,71.0,4,4,0.69,WAS,12.0,40.4,2.6,4.4,0.1527777777777778,0,0,0,6.5,51.5
00-0039064,Zay Flowers,BAL,2024,6,132.0,9,9,0.72,WAS,12.0,53.8,4.8,7.8,0.2708333333333333,0,0,0,6.5,51.5
00-0033555,Mack Hollins,BUF,2024,6,8.0,1,2,0.67,NYJ,1.0,8.8,0.6,3.2,0.12598425196850394,0,0,0,1.0,42.0
00-0039901,Keon Coleman,BUF,2024,6,26.0,3,4,0.64,NYJ,1.0,37.75,2.0,3.75,0.11811023622047244,0,0,0,1.0,42.0
00-0035216,Diontae Johnson,CAR,2024,6,78.0,6,10,0.89,ATL,6.0,52.4,4.6,9.0,0.2727272727272727,1,0,-3,-6.0,45.5
00-0039342,Xavier Legette,CAR,2024,6,23.0,3,4,0.77,ATL,6.0,66.0,6.0,10.0,0.06060606060606061,0,0,-3,-6.0,45.5
00-0039491,Jalen Coker,CAR,2024,6,30.0,3,3,0.65,ATL,6.0,,,,,0,0,-3,-6.0,45.5
00-0030279,Keenan Allen,CHI,2024,6,41.0,5,5,0.8,JAX,27.0,41.4,4.2,8.2,0.2546583850931677,0,0,0,-1.5,44.5
00-0034827,D.J. Moore,CHI,2024,6,20.0,4,5,0.85,JAX,27.0,58.8,5.4,8.4,0.2608695652173913,0,0,0,-1.5,44.5
00-0039919,Rome Odunze,CHI,2024,6,40.0,2,2,0.8,JAX,27.0,41.2,3.0,5.8,0.18012422360248448,0,0,0,-1.5,44.5
00-0036410,Tee Higgins,CIN,2024,6,77.0,7,7,0.85,NYG,17.0,76.6,5.4,9.2,0.27058823529411763,0,0,0,4.5,46.0
00-0036900,Ja'Marr Chase,CIN,2024,6,72.0,5,6,0.92,NYG,17.0,98.6,5.8,7.2,0.21176470588235294,0,0,0,4.5,46.0
00-0038619,Andrei Iosivas,CIN,2024,6,36.0,2,3,0.66,NYG,17.0,30.6,2.4,4.0,0.11764705882352941,0,0,0,4.5,46.0
00-0031544,Amari Cooper,CLE,2024,6,42.0,4,6,0.82,PHI,22.0,41.6,4.0,9.4,0.27485380116959063,0,0,-7,-8.0,42.0
00-0036407,Jerry Jeudy,CLE,2024,6,35.0,1,3,0.91,PHI,22.0,42.6,3.8,6.6,0.19298245614035087,0,0,-7,-8.0,42.0
00-0036980,Elijah Moore,CLE,2024,6,3.0,1,1,0.67,PHI,22.0,18.4,3.0,4.4,0.1286549707602339,0,0,-7,-8.0,42.0
00-0036358,CeeDee Lamb,DAL,2024,6,89.0,7,14,0.71,DET,24.0,75.6,5.0,8.2,0.22777777777777777,0,1,-6,-3.5,52.5
00-0037666,Jalen Tolbert,DAL,2024,6,43.0,4,5,0.93,DET,24.0,49.4,4.0,5.8,0.16111111111111112,0,1,-6,-3.5,52.5
00-0038640,Jalen Brooks,DAL,2024,6,15.0,1,6,0.71,DET,24.0,,,,,0,1,-6,-3.5,52.5
00-0034348,Courtland Sutton,DEN,2024,6,53.0,4,6,0.85,LAC,7.0,44.8,3.4,8.2,0.26282051282051283,0,0,-7,-3.0,37.0
00-0039424,Devaughn Vele,DEN,2024,6,78.0,4,6,0.62,LAC,7.0,,,,,0,0,-7,-3.0,37.0
00-0039868,Troy Franklin,DEN,2024,6,31.0,2,3,0.65,LAC,7.0,,,,,0,0,-7,-3.0,37.0
00-0036963,Amon-Ra St. Brown,DET,2024,6,37.0,4,4,0.63,DAL,10.0,67.8,6.8,9.8,0.30434782608695654,0,1,6,3.5,52.5
00-0037240,Jameson Williams,DET,2024,6,76.0,3,4,0.75,DAL,10.0,62.8,3.0,5.6,0.17391304347826086,0,1,6,3.5,52.5
00-0037816,Romeo Doubs,GB,2024,6,49.0,3,4,0.74,ARI,16.0,50.4,3.2,5.2,0.18181818181818182,0,0,0,5.5,47.0
00-0038124,Christian Watson,GB,2024,6,68.0,3,4,0.6,ARI,16.0,44.4,3.8,6.4,0.22377622377622378,1,0,0,5.5,47.0
00-0031588,Stefon Diggs,HOU,2024,6,77.0,6,7,0.79,NE,20.0,63.0,6.2,8.2,0.22527472527472528,0,0,0,6.5,38.5
00-0038977,Tank Dell,HOU,2024,6,57.0,7,9,0.74,NE,20.0,37.4,3.6,5.8,0.15934065934065933,0,0,0,6.5,38.5
00-0036252,Michael Pittman,IND,2024,6,35.0,3,5,0.8,TEN,2.0,47.6,4.4,7.4,0.2624113475177305,1,0,-6,-2.5,42.0
00-0037664,Alec Pierce,IND,2024,6,0.0,0,4,0.89,TEN,2.0,73.6,2.6,3.4,0.12056737588652482,0,0,-6,-2.5,42.0
00-0038997,Josh Downs,IND,2024,6,66.0,7,9,0.79,TEN,2.0,58.2,5.6,7.0,0.24822695035460993,1,0,-6,-2.5,42.0
00-0034775,Christian Kirk,JAX,2024,6,39.0,3,6,0.74,CHI,5.0,51.6,4.2,7.2,0.23076923076923078,0,0,0,1.5,44.5
00-0039893,Brian Thomas,JAX,2024,6,27.0,3,6,0.79,CHI,5.0,79.4,4.4,6.8,0.21794871794871795,0,0,0,1.5,44.5
00-0039915,Ladd McConkey,LAC,2024,6,43.0,4,8,0.63,DEN,4.0,50.0,4.333333333333333,6.666666666666667,0.15037593984962405,0,0,7,3.0,37.0
00-0036527,D.J. Turner,LV,2024,6,37.0,2,4,0.67,PIT,18.0,12.0,1.0,4.0,0.023952095808383235,0,1,0,-3.5,36.5
00-0038563,Tre Tucker,LV,2024,6,0.0,0,2,0.95,PIT,18.0,38.0,3.6,5.0,0.1497005988023952,0,1,0,-3.5,36.5
00-0038608,Kayshon Boutte,NE,2024,6,59.0,3,3,0.83,HOU,3.0,17.0,1.0,3.0,0.045112781954887216,0,0,0,-6.5,38.5
00-0038621,Demario Douglas,NE,2024,6,92.0,6,9,0.62,HOU,3.0,36.8,4.0,6.4,0.24060150375939848,0,0,0,-6.5,38.5
00-0039907,Ja'Lynn Polk,NE,2024,6,4.0,1,4,0.65,HOU,3.0,18.333333333333332,2.0,5.333333333333333,0.12030075187969924,0,0,0,-6.5,38.5
00-0037545,Rashid Shaheed,NO,2024,6,11.0,1,7,0.81,TB,25.0,67.6,3.8,6.8,0.26356589147286824,0,1,-4,-3.5,42.5
00-0039386,Bub Means,NO,2024,6,45.0,5,8,0.71,TB,25.0,,,,,0,1,-4,-3.5,42.5
00-0035535,Darius Slayton,NYG,2024,6,57.0,6,11,0.86,CIN,15.0,48.8,3.6,5.2,0.15568862275449102,0,0,0,-4.5,46.0
00-0038117,Wan'Dale Robinson,NYG,2024,6,50.0,5,11,0.81,CIN,15.0,46.0,6.4,9.4,0.281437125748503,0,0,0,-4.5,46.0
00-0038938,Jalin Hyatt,NYG,2024,6,6.0,1,4,0.81,CIN,15.0,44.4,2.4,4.2,0.12574850299401197,0,0,0,-4.5,46.0
00-0034521,Allen Lazard,NYJ,2024,6,114.0,6,7,0.94,BUF,13.0,48.0,4.0,6.8,0.18478260869565216,0,0,0,-1.0,42.0
00-0037740,Garrett Wilson,NYJ,2024,6,107.0,8,10,0.97,BUF,13.0,58.4,6.6,11.2,0.30434782608695654,0,0,0,-1.0,42.0
00-0035676,A.J. Brown,PHI,2024,6,116.0,6,9,0.92,CLE,8.0,80.4,5.8,9.8,0.3161290322580645,0,0,7,8.0,42.0
00-0036912,DeVonta Smith,PHI,2024,6,64.0,3,4,1.0,CLE,8.0,83.4,6.4,9.0,0.2903225806451613,0,0,7,8.0,42.0
00-0037247,George Pickens,PIT,2024,6,53.0,3,8,0.67,LV,14.0,66.8,5.0,8.0,0.31007751937984496,0,1,0,3.5,36.5
00-0032211,Tyler Lockett,SEA,2024,6,65.0,4,8,0.78,SF,11.0,46.4,2.8,5.2,0.13471502590673576,0,0,0,-3.5,49.0
00-0035640,DK Metcalf,SEA,2024,6,48.0,3,11,0.9,SF,11.0,84.2,5.6,8.6,0.22279792746113988,0,0,0,-3.5,49.0
00-0038543,Jaxon Smith-Njigba,SEA,2024,6,53.0,5,9,0.94,SF,11.0,51.4,5.8,8.0,0.20725388601036268,0,0,0,-3.5,49.0
00-0035719,Deebo Samuel,SF,2024,6,102.0,3,5,0.82,SEA,9.0,53.2,4.0,7.6,0.26573426573426573,0,0,0,3.5,49.0
00-0036261,Brandon Aiyuk,SF,2024,6,37.0,2,4,0.95,SEA,9.0,62.8,4.2,7.4,0.25874125874125875,0,0,0,3.5,49.0
00-0032385,Sterling Shepard,TB,2024,6,23.0,3,4,0.75,NO,23.0,41.8,3.4,6.2,0.20394736842105263,0,1,4,3.5,42.5
00-0033921,Chris Godwin,TB,2024,6,125.0,11,13,0.94,NO,23.0,77.2,6.4,8.0,0.2631578947368421,0,1,4,3.5,42.5
00-0030564,DeAndre Hopkins,TEN,2024,6,54.0,4,6,0.71,IND,26.0,56.6,5.0,8.4,0.32061068702290074,0,0,6,2.5,42.0
00-0033009,Tyler Boyd,TEN,2024,6,19.0,3,3,0.69,IND,26.0,33.0,3.0,4.6,0.17557251908396945,0,0,6,2.5,42.0
00-0034837,Calvin Ridley,TEN,2024,6,0.0,0,8,0.83,IND,26.0,56.2,3.6,6.8,0.2595419847328244,0,0,6,2.5,42.0
00-0033591,Noah Brown,WAS,2024,6,58.0,4,8,0.64,BAL,28.0,29.2,2.8,5.8,0.2196969696969697,0,0,0,-6.5,51.5
00-0035659,Terry McLaurin,WAS,2024,6,53.0,6,7,0.8,BAL,28.0,60.6,4.6,7.2,0.2727272727272727,0,0,0,-6.5,51.5
00-0038559,Michael Wilson,ARI,2024,7,15.0,1,3,0.77,LAC,7.0,46.4,4.0,5.6,0.2014388489208633,0,1,0,-1.0,44.0
00-0039849,Marvin Harrison,ARI,2024,7,21.0,3,6,0.84,LAC,7.0,55.8,3.4,7.0,0.2517985611510791,0,1,0,-1.0,44.0
00-0034407,Ray-Ray McCloud,ATL,2024,7,9.0,2,4,0.88,SEA,13.0,41.4,4.0,5.6,0.16184971098265896,0,1,-3,3.0,51.5
00-0036309,Darnell Mooney,ATL,2024,7,46.0,5,8,0.88,SEA,13.0,70.6,5.2,8.4,0.24277456647398843,0,1,-3,3.0,51.5
00-0037238,Drake London,ATL,2024,7,63.0,6,8,0.89,SEA,13.0,82.6,7.2,10.2,0.2947976878612717,0,1,-3,3.0,51.5
00-0036550,Rashod Bateman,BAL,2024,7,121.0,4,4,0.76,TB,28.0,44.0,3.0,4.2,0.16279069767441862,0,0,0,4.5,51.0
00-0039064,Zay Flowers,BAL,2024,7,11.0,1,1,0.71,TB,28.0,72.8,5.4,7.6,0.29457364341085274,0,0,0,4.5,51.0
00-0033555,Mack Hollins,BUF,2024,7,0.0,0,1,0.75,TEN,1.0,5.8,0.6,2.8,0.11023622047244094,0,0,-1,9.5,41.0
00-0037261,Khalil Shakir,BUF,2024,7,65.0,7,7,0.69,TEN,1.0,54.6,5.0,5.4,0.2125984251968504,0,0,-1,9.5,41.0
00-0039901,Keon Coleman,BUF,2024,7,125.0,4,7,0.75,TEN,1.0,35.4,2.2,3.8,0.14960629921259844,0,0,-1,9.5,41.0
00-0035216,Diontae Johnson,CAR,2024,7,17.0,1,3,0.7,WAS,10.0,64.2,5.4,9.8,0.2832369942196532,1,0,0,-10.0,51.0
00-0039342,Xavier Legette,CAR,2024,7,3.0,2,3,0.84,WAS,10.0,44.5,4.5,7.0,0.08092485549132948,0,0,0,-10.0,51.0
00-0036410,Tee Higgins,CIN,2024,7,82.0,4,8,0.82,CLE,8.0,79.8,6.0,9.0,0.27439024390243905,0,0,0,5.5,42.0
00-0036900,Ja'Marr Chase,CIN,2024,7,55.0,5,6,0.87,CLE,8.0,100.6,5.6,7.2,0.21951219512195122,0,0,0,5.5,42.0
00-0038619,Andrei Iosivas,CIN,2024,7,0.0,0,1,0.71,CLE,8.0,32.6,2.2,3.4,0.10365853658536585,0,0,0,5.5,42.0
00-0036407,Jerry Jeudy,CLE,2024,7,18.0,1,6,0.95,CIN,18.0,44.6,3.4,5.6,0.18543046357615894,0,0,0,-5.5,42.0
00-0036980,Elijah Moore,CLE,2024,7,41.0,6,6,0.64,CIN,18.0,17.2,2.6,3.4,0.11258278145695365,0,0,0,-5.5,42.0
00-0038979,Cedric Tillman,CLE,2024,7,81.0,8,12,0.82,CIN,18.0,27.8,2.4,4.8,0.15894039735099338,0,0,0,-5.5,42.0
00-0036963,Amon-Ra St. Brown,DET,2024,7,112.0,8,8,0.95,MIN,27.0,57.8,6.2,8.4,0.2857142857142857,0,1,-7,-1.0,50.5
00-0037240,Jameson Williams,DET,2024,7,-4.0,1,1,0.75,MIN,27.0,73.0,3.2,5.8,0.19727891156462585,0,1,-7,-1.0,50.5
00-0037816,Romeo Doubs,GB,2024,7,94.0,8,10,0.83,HOU,4.0,43.6,3.0,4.8,0.1702127659574468,0,0,0,3.0,48.0
00-0039146,Jayden Reed,GB,2024,7,10.0,2,4,0.74,HOU,4.0,100.4,4.6,5.6,0.19858156028368795,0,0,0,3.0,48.0
00-0031588,Stefon Diggs,HOU,2024,7,23.0,5,7,0.81,GB,21.0,71.8,6.2,8.4,0.23076923076923078,0,0,0,-3.0,48.0
00-0038618,Xavier Hutchinson,HOU,2024,7,11.0,1,1,0.64,GB,21.0,13.0,1.25,3.25,0.07142857142857142,0,0,0,-3.0,48.0
00-0038977,Tank Dell,HOU,2024,7,0.0,0,4,0.72,GB,21.0,38.8,4.0,6.0,0.16483516483516483,0,0,0,-3.0,48.0
00-0036252,Michael Pittman,IND,2024,7,63.0,3,5,0.89,MIA,3.0,48.4,4.2,6.8,0.21518987341772153,1,1,-7,3.0,44.0
00-0037664,Alec Pierce,IND,2024,7,15.0,2,5,0.79,MIA,3.0,48.6,2.0,3.6,0.11392405063291139,1,1,-7,3.0,44.0
00-0038997,Josh Downs,IND,2024,7,3.0,1,3,0.61,MIA,3.0,63.6,5.8,7.0,0.22151898734177214,1,1,-7,3.0,44.0
00-0039893,Brian Thomas,JAX,2024,7,89.0,5,5,0.66,NE,24.0,75.4,4.2,7.2,0.20930232558139536,0,0,0,6.5,42.0
00-0034386,Justin Watson,KC,2024,7,8.0,1,1,0.73,SF,17.0,33.8,2.8,5.0,0.17123287671232876,0,0,3,-2.5,47.5
00-0039894,Xavier Worthy,KC,2024,7,19.0,3,8,0.6,SF,17.0,40.5,2.5,4.25,0.11643835616438356,0,0,3,-2.5,47.5
00-0032775,Demarcus Robinson,LA,2024,7,9.0,1,3,0.91,LV,9.0,37.8,2.4,4.6,0.13372093023255813,0,1,7,7.0,43.0
00-0036427,Tyler Johnson,LA,2024,7,57.0,4,7,0.91,LV,9.0,49.5,3.5,5.0,0.05813953488372093,0,1,7,7.0,43.0
00-0036849,Tutu Atwell,LA,2024,7,51.0,6,9,0.78,LV,9.0,51.4,3.4,5.6,0.16279069767441862,0,1,7,7.0,43.0
00-0036646,Simi Fehoko,LAC,2024,7,45.0,3,6,0.92,ARI,14.0,17.0,1.0,3.0,0.025210084033613446,1,1,0,1.0,44.0
00-0039915,Ladd McConkey,LAC,2024,7,46.0,5,7,0.86,ARI,14.0,48.25,4.25,7.0,0.23529411764705882,1,1,0,1.0,44.0
00-0036527,D.J. Turner,LV,2024,7,13.0,2,7,0.95,LA,15.0,24.5,1.5,4.0,0.046511627906976744,0,1,-7,-7.0,43.0
00-0038563,Tre Tucker,LV,2024,7,36.0,3,8,0.95,LA,15.0,33.6,3.2,4.8,0.13953488372093023,0,1,-7,-7.0,43.0
00-0033040,Tyreek Hill,MIA,2024,7,8.0,1,2,0.9,IND,23.0,57.2,4.6,7.8,0.2565789473684211,0,1,7,-3.0,44.0
00-0036613,Jaylen Waddle,MIA,2024,7,11.0,1,2,0.86,IND,23.0,51.6,4.2,5.6,0.18421052631578946,0,1,7,-3.0,44.0
00-0036322,Justin Jefferson,MIN,2024,7,81.0,7,8,0.97,DET,25.0,90.0,5.2,8.6,0.344,0,1,7,1.0,50.5
00-0037291,Jalen Nailor,MIN,2024,7,76.0,4,5,0.73,DET,25.0,33.666666666666664,2.3333333333333335,3.0,0.072,0,1,7,1.0,50.5
00-0038994,Jordan Addison,MIN,2024,7,66.0,3,4,0.85,DET,25.0,60.8,3.8,6.2,0.248,0,1,7,1.0,50.5
00-0033307,Kendrick Bourne,NE,2024,7,14.0,1,2,0.62,JAX,26.0,59.0,5.4,7.6,0.2695035460992908,0,0,0,-6.5,42.0
00-0038608,Kayshon Boutte,NE,2024,7,33.0,1,2,0.83,JAX,26.0,31.0,1.6666666666666667,3.0,0.06382978723404255,0,0,0,-6.5,42.0
00-0034418,Cedrick Wilson,NO,2024,7,57.0,6,7,0.69,DEN,5.0,26.4,2.2,4.4,0.15384615384615385,0,1,0,-2.5,37.0
00-0039386,Bub Means,NO,2024,7,37.0,3,5,0.89,DEN,5.0,45.0,5.0,8.0,0.055944055944055944,0,1,0,-2.5,37.0
00-0039623,Mason Tipton,NO,2024,7,45.0,6,9,0.83,DEN,5.0,,,,,0,1,0,-2.5,37.0
00-0035535,Darius Slayton,NYG,2024,7,11.0,1,3,1.0,PHI,16.0,55.0,4.2,6.6,0.2,0,0,0,-3.0,42.0
00-0038117,Wan'Dale Robinson,NYG,2024,7,23.0,6,9,0.84,PHI,16.0,47.2,6.2,9.2,0.2787878787878788,0,0,0,-3.0,42.0
00-0039337,Malik Nabers,NYG,2024,7,41.0,4,8,0.93,PHI,16.0,96.5,8.75,13.0,0.3151515151515151,0,0,0,-3.0,42.0
00-0031381,Davante Adams,NYJ,2024,7,30.0,3,9,0.96,PIT,21.0,76.2,7.2,11.2,0.2962962962962963,0,0,-1,3.0,40.0
00-0037740,Garrett Wilson,NYJ,2024,7,61.0,5,9,1.0,PIT,21.0,67.8,7.0,11.0,0.291005291005291,0,0,-1,3.0,40.0
00-0035676,A.J. Brown,PHI,2024,7,89.0,5,5,0.77,NYG,12.0,84.8,5.2,9.0,0.30612244897959184,0,0,0,3.0,42.0
00-0036912,DeVonta Smith,PHI,2024,7,-2.0,1,2,0.8,NYG,12.0,90.2,6.4,8.8,0.29931972789115646,0,0,0,3.0,42.0
00-0036415,Van Jefferson,PIT,2024,7,15.0,2,3,0.62,NYJ,2.0,15.2,1.8,3.4,0.13076923076923078,0,0,1,-3.0,40.0
00-0037247,George Pickens,PIT,2024,7,111.0,5,9,0.79,NYJ,2.0,67.4,4.6,7.4,0.2846153846153846,0,0,1,-3.0,40.0
00-0032211,Tyler Lockett,SEA,2024,7,45.0,4,6,0.6,ATL,6.0,57.4,3.4,5.8,0.13425925925925927,0,1,3,-3.0,51.5
00-0035640,DK Metcalf,SEA,2024,7,99.0,4,7,0.78,ATL,6.0,88.0,5.6,10.0,0.23148148148148148,0,1,3,-3.0,51.5
00-0038543,Jaxon Smith-Njigba,SEA,2024,7,9.0,3,6,0.85,ATL,6.0,58.2,6.4,9.4,0.2175925925925926,0,1,3,-3.0,51.5
00-0032128,Chris Conley,SF,2024,7,0.0,0,2,0.7,KC,11.0,69.0,3.0,6.0,0.04285714285714286,0,0,-3,2.5,47.5
00-0039916,Ricky Pearsall,SF,2024,7,21.0,3,5,0.76,KC,11.0,,,,,1,0,-3,2.5,47.5
00-0033921,Chris Godwin,TB,2024,7,65.0,7,9,0.85,BAL,29.0,85.6,7.0,9.0,0.2848101265822785,0,0,0,-4.5,51.0
00-0039052,Trey Palmer,TB,2024,7,16.0,1,3,0.72,BAL,29.0,28.0,3.0,4.4,0.13924050632911392,1,0,0,-4.5,51.0
00-0039855,Jalen McMillan,TB,2024,7,15.0,3,8,0.6,BAL,29.0,19.666666666666668,1.0,2.0,0.0379746835443038,0,0,0,-4.5,51.0
00-0030564,DeAndre Hopkins,TEN,2024,7,-2.0,1,1,0.6,BUF,20.0,42.6,4.4,7.2,0.2706766917293233,0,0,1,-9.5,41.0
00-0034837,Calvin Ridley,TEN,2024,7,42.0,3,9,0.79,BUF,20.0,48.4,2.8,6.8,0.2556390977443609,0,0,1,-9.5,41.0
00-0033591,Noah Brown,WAS,2024,7,16.0,1,1,0.61,CAR,19.0,40.8,3.6,7.0,0.24822695035460993,0,0,0,10.0,51.0
00-0035659,Terry McLaurin,WAS,2024,7,98.0,6,6,0.71,CAR,19.0,67.8,5.4,7.8,0.2765957446808511,0,0,0,10.0,51.0
00-0038559,Michael Wilson,ARI,2024,8,31.0,5,6,0.7,MIA,1.0,43.2,3.8,5.8,0.20279720279720279,0,0,-1,-4.0,46.5
00-0039849,Marvin Harrison,ARI,2024,8,111.0,6,7,0.91,MIA,1.0,59.2,3.8,7.6,0.26573426573426573,0,0,-1,-4.0,46.5
00-0034407,Ray-Ray McCloud,ATL,2024,8,9.0,3,3,0.89,TB,29.0,34.8,3.8,5.4,0.15,0,0,1,1.5,47.0
00-0036309,Darnell Mooney,ATL,2024,8,86.0,4,6,0.94,TB,29.0,62.2,5.6,8.6,0.2388888888888889,0,0,1,1.5,47.0
00-0037238,Drake London,ATL,2024,8,34.0,4,6,1.0,TB,29.0,84.4,7.2,10.4,0.28888888888888886,0,0,1,1.5,47.0
00-0036550,Rashod Bateman,BAL,2024,8,28.0,1,5,0.84,CLE,10.0,60.2,3.2,4.2,0.17647058823529413,0,0,-1,7.5,44.5
00-0039064,Zay Flowers,BAL,2024,8,115.0,7,12,0.87,CLE,10.0,56.8,4.2,5.6,0.23529411764705882,1,0,-1,7.5,44.5
00-0039901,Keon Coleman,BUF,2024,8,70.0,5,7,0.83,SEA,21.0,50.2,2.2,4.2,0.14893617021276595,0,0,0,3.0,45.5
00-0033589,David Moore,CAR,2024,8,39.0,4,5,0.82,DEN,14.0,,,,,0,0,-3,-13.0,40.5
00-0039342,Xavier Legette,CAR,2024,8,34.0,4,7,0.62,DEN,14.0,30.666666666666668,3.6666666666666665,5.666666666666667,0.10365853658536585,0,0,-3,-13.0,40.5
00-0039491,Jalen Coker,CAR,2024,8,78.0,4,6,0.69,DEN,14.0,30.0,3.0,3.0,0.018292682926829267,0,0,-3,-13.0,40.5
00-0030279,Keenan Allen,CHI,2024,8,39.0,2,7,0.97,WAS,8.0,38.0,4.2,7.4,0.23417721518987342,0,0,7,-1.5,46.5
00-0034827,D.J. Moore,CHI,2024,8,27.0,2,4,0.95,WAS,8.0,55.6,5.2,7.8,0.2468354430379747,0,0,7,-1.5,46.5
00-0039919,Rome Odunze,CHI,2024,8,41.0,3,6,0.75,WAS,8.0,47.0,3.2,5.4,0.17088607594936708,0,0,7,-1.5,46.5
00-0036900,Ja'Marr Chase,CIN,2024,8,54.0,9,11,0.95,PHI,7.0,104.6,5.8,7.4,0.24025974025974026,0,0,0,2.5,47.5
00-0038619,Andrei Iosivas,CIN,2024,8,0.0,0,3,0.88,PHI,7.0,31.2,1.8,2.8,0.09090909090909091,0,0,0,2.5,47.5
00-0036407,Jerry Jeudy,CLE,2024,8,79.0,5,8,0.97,BAL,32.0,33.6,2.6,5.6,0.1686746987951807,0,0,1,-7.5,44.5
00-0036980,Elijah Moore,CLE,2024,8,85.0,8,12,0.71,BAL,32.0,16.6,2.6,3.0,0.09036144578313253,0,0,1,-7.5,44.5
00-0038979,Cedric Tillman,CLE,2024,8,99.0,7,9,0.9,BAL,32.0,39.4,3.6,6.4,0.1927710843373494,0,0,1,-7.5,44.5
00-0036358,CeeDee Lamb,DAL,2024,8,146.0,13,17,0.89,SF,11.0,81.2,5.4,9.0,0.23195876288659795,0,0,7,-5.5,48.0
00-0037666,Jalen Tolbert,DAL,2024,8,44.0,3,3,0.89,SF,11.0,55.6,4.6,6.4,0.16494845360824742,0,0,7,-5.5,48.0
00-0038640,Jalen Brooks,DAL,2024,8,0.0,0,1,0.66,SF,11.0,15.0,1.0,6.0,0.030927835051546393,0,0,7,-5.5,48.0
00-0034348,Courtland Sutton,DEN,2024,8,100.0,8,11,0.84,CAR,23.0,47.8,3.4,7.0,0.25,0,0,3,13.0,40.5
00-0035406,Lil'Jordan Humphrey,DEN,2024,8,22.0,4,6,0.6,CAR,23.0,40.8,2.8,4.0,0.14285714285714285,0,0,3,13.0,40.5
00-0033375,Tim Patrick,DET,2024,8,0.0,0,1,0.77,TEN,5.0,,,,,0,1,0,12.5,45.0
00-0036963,Amon-Ra St. Brown,DET,2024,8,7.0,2,2,0.88,TEN,5.0,77.6,7.2,8.8,0.3055555555555556,0,1,0,12.5,45.0
00-0037816,Romeo Doubs,GB,2024,8,72.0,3,6,0.84,JAX,30.0,52.4,3.8,5.4,0.16770186335403728,0,0,0,3.5,49.0
00-0038124,Christian Watson,GB,2024,8,39.0,4,6,0.74,JAX,30.0,53.4,4.0,5.8,0.18012422360248448,0,0,0,3.5,49.0
00-0038618,Xavier Hutchinson,HOU,2024,8,19.0,1,1,0.62,IND,26.0,12.6,1.2,2.8,0.08383233532934131,0,1,0,5.0,45.0
00-0038977,Tank Dell,HOU,2024,8,35.0,4,4,0.75,IND,26.0,30.8,3.4,5.4,0.16167664670658682,0,1,0,5.0,45.0
00-0036252,Michael Pittman,IND,2024,8,16.0,1,6,0.95,HOU,4.0,56.8,4.2,6.4,0.21476510067114093,0,1,0,-5.0,45.0
00-0037664,Alec Pierce,IND,2024,8,11.0,1,4,0.78,HOU,4.0,40.4,1.4,3.2,0.10738255033557047,0,1,0,-5.0,45.0
00-0038997,Josh Downs,IND,2024,8,109.0,4,9,0.7,HOU,4.0,53.6,5.6,7.2,0.24161073825503357,0,1,0,-5.0,45.0
00-0034775,Christian Kirk,JAX,2024,8,59.0,2,5,0.65,GB,16.0,41.6,4.0,7.0,0.21212121212121213,0,0,0,-3.5,49.0
00-0038606,Parker Washington,JAX,2024,8,46.0,3,4,0.74,GB,16.0,19.0,1.5,2.0,0.024242424242424242,0,0,0,-3.5,49.0
00-0034386,Justin Watson,KC,2024,8,33.0,3,3,0.76,LV,6.0,24.8,2.0,3.0,0.10344827586206896,0,1,0,9.0,42.0
00-0032775,Demarcus Robinson,LA,2024,8,35.0,2,3,0.85,MIN,31.0,31.2,1.8,3.8,0.13013698630136986,0,1,0,-3.0,47.5
00-0036646,Simi Fehoko,LAC,2024,8,0.0,0,2,0.79,NO,28.0,31.0,2.0,4.5,0.06818181818181818,0,1,-4,7.0,41.5
00-0036988,Josh Palmer,LAC,2024,8,72.0,2,4,0.77,NO,28.0,47.0,3.4,4.8,0.18181818181818182,0,1,-4,7.0,41.5
00-0039915,Ladd McConkey,LAC,2024,8,111.0,6,6,0.62,NO,28.0,47.8,4.4,7.0,0.26515151515151514,1,1,-4,7.0,41.5
00-0034960,Jakobi Meyers,LV,2024,8,52.0,6,7,0.81,KC,12.0,54.6,5.0,7.2,0.21052631578947367,1,1,0,-9.0,42.0
00-0038563,Tre Tucker,LV,2024,8,26.0,2,3,0.91,KC,12.0,38.2,3.4,6.0,0.17543859649122806,0,1,0,-9.0,42.0
00-0033040,Tyreek Hill,MIA,2024,8,72.0,6,9,0.88,ARI,25.0,32.8,3.4,5.8,0.21014492753623187,1,0,1,4.0,46.5
00-0036613,Jaylen Waddle,MIA,2024,8,45.0,4,6,0.86,ARI,25.0,32.0,3.4,5.0,0.18115942028985507,0,0,1,4.0,46.5
00-0036322,Justin Jefferson,MIN,2024,8,115.0,8,9,1.0,LA,17.0,94.4,5.8,9.0,0.34615384615384615,0,1,0,3.0,47.5
00-0038994,Jordan Addison,MIN,2024,8,22.0,2,3,0.92,LA,17.0,51.8,3.2,5.8,0.2230769230769231,0,1,0,3.0,47.5
00-0033307,Kendrick Bourne,NE,2024,8,0.0,0,3,0.78,NYJ,2.0,49.0,4.4,5.8,0.1895424836601307,0,0,0,-7.0,41.0
00-0038608,Kayshon Boutte,NE,2024,8,46.0,3,6,0.82,NYJ,2.0,31.5,1.5,2.75,0.0718954248366013,0,0,0,-7.0,41.0
00-0037239,Chris Olave,NO,2024,8,107.0,8,14,0.79,LAC,3.0,55.0,4.4,5.6,0.16666666666666666,0,1,4,-7.0,41.5
00-0039623,Mason Tipton,NO,2024,8,14.0,2,2,0.77,LAC,3.0,45.0,6.0,9.0,0.05357142857142857,0,1,4,-7.0,41.5
00-0035535,Darius Slayton,NYG,2024,8,108.0,4,7,1.0,PIT,22.0,50.6,3.8,6.4,0.19393939393939394,0,0,0,-6.0,37.5
00-0038117,Wan'Dale Robinson,NYG,2024,8,30.0,5,5,0.86,PIT,22.0,48.2,7.0,10.2,0.3090909090909091,0,0,0,-6.0,37.5
00-0039337,Malik Nabers,NYG,2024,8,71.0,7,13,0.99,PIT,22.0,85.4,7.8,12.0,0.36363636363636365,0,0,0,-6.0,37.5
00-0031381,Davante Adams,NYJ,2024,8,54.0,4,6,0.94,NE,18.0,57.0,5.2,8.8,0.22110552763819097,0,0,0,7.0,41.0
00-0037740,Garrett Wilson,NYJ,2024,8,113.0,5,8,0.98,NE,18.0,68.6,7.2,11.6,0.2914572864321608,0,0,0,7.0,41.0
00-0035676,A.J. Brown,PHI,2024,8,84.0,5,6,0.82,CIN,27.0,91.4,5.2,8.0,0.30303030303030304,0,0,0,-2.5,47.5
00-0036912,DeVonta Smith,PHI,2024,8,85.0,6,7,0.93,CIN,27.0,60.2,5.0,6.8,0.25757575757575757,0,0,0,-2.5,47.5
00-0036415,Van Jefferson,PIT,2024,8,62.0,4,5,0.8,NYG,9.0,15.4,2.0,3.2,0.11510791366906475,0,0,0,6.0,37.5
00-0037247,George Pickens,PIT,2024,8,74.0,4,5,0.8,NYG,9.0,72.6,4.4,7.8,0.2805755395683453,0,0,0,6.0,37.5
00-0032211,Tyler Lockett,SEA,2024,8,9.0,1,3,0.78,BUF,20.0,52.2,3.8,6.2,0.15422885572139303,0,0,0,-3.0,45.5
00-0038543,Jaxon Smith-Njigba,SEA,2024,8,69.0,6,7,0.82,BUF,20.0,36.6,4.6,7.4,0.18407960199004975,0,0,0,-3.0,45.5
00-0038752,Jake Bobo,SEA,2024,8,15.0,1,1,0.76,BUF,20.0,61.0,4.0,5.0,0.024875621890547265,0,0,0,-3.0,45.5
00-0032128,Chris Conley,SF,2024,8,0.0,0,1,0.76,DAL,19.0,34.5,1.5,4.0,0.058394160583941604,0,0,-7,5.5,48.0
00-0035719,Deebo Samuel,SF,2024,8,71.0,4,7,0.62,DAL,19.0,67.0,4.0,6.4,0.23357664233576642,1,0,-7,5.5,48.0
00-0032385,Sterling Shepard,TB,2024,8,18.0,3,5,0.62,ATL,13.0,32.2,3.6,6.2,0.16847826086956522,0,0,-1,-1.5,47.0
00-0039052,Trey Palmer,TB,2024,8,29.0,2,2,0.7,ATL,13.0,26.8,2.4,3.8,0.10326086956521739,0,0,-1,-1.5,47.0
00-0039855,Jalen McMillan,TB,2024,8,35.0,4,7,0.81,ATL,13.0,18.5,1.5,3.5,0.07608695652173914,0,0,-1,-1.5,47.0
00-0033009,Tyler Boyd,TEN,2024,8,14.0,3,6,0.61,DET,24.0,25.0,2.6,3.8,0.13194444444444445,0,1,0,-12.5,45.0
00-0034837,Calvin Ridley,TEN,2024,8,143.0,10,15,0.79,DET,24.0,35.6,2.2,6.6,0.22916666666666666,0,1,0,-12.5,45.0
00-0036182,Nick Westbrook-Ikhine,TEN,2024,8,39.0,2,4,0.92,DET,24.0,26.2,2.2,4.0,0.1388888888888889,0,1,0,-12.5,45.0
00-0033591,Noah Brown,WAS,2024,8,73.0,3,6,0.81,CHI,15.0,44.0,3.8,6.2,0.22627737226277372,0,0,-7,1.5,46.5
00-0035659,Terry McLaurin,WAS,2024,8,125.0,5,8,0.72,CHI,15.0,83.0,5.4,7.4,0.27007299270072993,0,0,-7,1.5,46.5
00-0038559,Michael Wilson,ARI,2024,9,0.0,0,1,0.71,CHI,16.0,36.6,3.2,5.2,0.18309859154929578,0,1,0,1.5,44.5
00-0039849,Marvin Harrison,ARI,2024,9,34.0,2,5,0.74,CHI,16.0,55.4,4.2,7.4,0.2605633802816901,0,1,0,1.5,44.5
00-0034407,Ray-Ray McCloud,ATL,2024,9,28.0,3,3,0.91,DAL,18.0,33.2,4.0,5.4,0.14917127071823205,0,1,0,3.0,52.0
00-0034854,KhaDarel Hodge,ATL,2024,9,9.0,1,2,0.81,DAL,18.0,60.0,3.0,6.0,0.03314917127071823,0,1,0,3.0,52.0
00-0036309,Darnell Mooney,ATL,2024,9,88.0,5,9,1.0,DAL,18.0,66.2,4.8,8.2,0.2265193370165746,0,1,0,3.0,52.0
00-0036550,Rashod Bateman,BAL,2024,9,25.0,3,4,0.61,DEN,13.0,60.2,2.8,4.4,0.15827338129496402,0,0,0,9.0,46.5
00-0033555,Mack Hollins,BUF,2024,9,30.0,5,5,0.68,MIA,6.0,5.8,0.6,2.4,0.08391608391608392,0,0,0,6.5,49.0
00-0039901,Keon Coleman,BUF,2024,9,21.0,1,2,0.79,MIA,6.0,64.2,3.2,5.4,0.1888111888111888,0,0,0,6.5,49.0
00-0033589,David Moore,CAR,2024,9,20.0,2,4,0.87,NO,25.0,39.0,4.0,5.0,0.031055900621118012,0,0,0,-7.0,43.5
00-0039342,Xavier Legette,CAR,2024,9,33.0,4,6,0.83,NO,25.0,31.5,3.75,6.0,0.14906832298136646,1,0,0,-7.0,43.5
00-0030279,Keenan Allen,CHI,2024,9,36.0,4,10,0.93,ARI,23.0,32.2,3.4,6.4,0.2206896551724138,0,1,0,-1.5,44.5
00-0034827,D.J. Moore,CHI,2024,9,33.0,4,9,0.99,ARI,23.0,50.4,4.4,6.6,0.22758620689655173,0,1,0,-1.5,44.5
00-0039919,Rome Odunze,CHI,2024,9,104.0,5,7,0.88,ARI,23.0,48.6,3.4,5.6,0.19310344827586207,0,1,0,-1.5,44.5
00-0036900,Ja'Marr Chase,CIN,2024,9,43.0,7,11,0.88,LV,5.0,91.8,6.4,8.2,0.26973684210526316,0,0,0,8.0,45.0
00-0038619,Andrei Iosivas,CIN,2024,9,10.0,1,4,0.91,LV,5.0,20.8,0.8,2.0,0.06578947368421052,0,0,0,8.0,45.0
00-0036407,Jerry Jeudy,CLE,2024,9,73.0,7,11,1.0,LAC,14.0,44.0,2.8,5.8,0.1686046511627907,0,0,0,-2.0,42.5
00-0036980,Elijah Moore,CLE,2024,9,28.0,3,9,0.76,LAC,14.0,30.2,3.8,4.8,0.13953488372093023,0,0,0,-2.0,42.5
00-0038979,Cedric Tillman,CLE,2024,9,75.0,6,11,0.96,LAC,14.0,48.8,4.2,6.6,0.19186046511627908,0,0,0,-2.0,42.5
00-0036358,CeeDee Lamb,DAL,2024,9,47.0,8,12,0.83,ATL,17.0,92.4,7.2,11.0,0.2894736842105263,0,1,0,-3.0,52.0
00-0037666,Jalen Tolbert,DAL,2024,9,19.0,3,6,0.95,ATL,17.0,48.0,4.0,5.2,0.1368421052631579,0,1,0,-3.0,52.0
00-0038640,Jalen Brooks,DAL,2024,9,26.0,2,5,0.73,ATL,17.0,7.5,0.5,3.5,0.03684210526315789,0,1,0,-3.0,52.0
00-0034348,Courtland Sutton,DEN,2024,9,122.0,7,10,0.85,BAL,30.0,62.6,4.8,8.4,0.2937062937062937,0,0,0,-9.0,46.5
00-0033375,Tim Patrick,DET,2024,9,12.0,2,2,0.77,GB,15.0,0.0,0.0,1.0,0.009174311926605505,0,0,0,2.5,47.5
00-0036963,Amon-Ra St. Brown,DET,2024,9,56.0,7,7,0.93,GB,15.0,55.2,5.4,5.6,0.25688073394495414,0,0,0,2.5,47.5
00-0037816,Romeo Doubs,GB,2024,9,28.0,4,5,0.83,DET,26.0,54.4,3.8,6.0,0.17751479289940827,0,0,0,-2.5,47.5
00-0039146,Jayden Reed,GB,2024,9,113.0,5,6,0.68,DET,26.0,80.0,4.2,5.6,0.16568047337278108,0,0,0,-2.5,47.5
00-0037614,John Metchie,HOU,2024,9,0.0,0,2,0.63,NYJ,2.0,19.0,1.6666666666666667,2.6666666666666665,0.05,0,0,0,-2.5,43.5
00-0038618,Xavier Hutchinson,HOU,2024,9,0.0,0,3,0.75,NYJ,2.0,13.4,1.0,2.4,0.075,0,0,0,-2.5,43.5
00-0038977,Tank Dell,HOU,2024,9,126.0,6,9,0.73,NYJ,2.0,38.4,4.0,5.4,0.16875,0,0,0,-2.5,43.5
00-0036252,Michael Pittman,IND,2024,9,14.0,1,4,0.76,MIN,29.0,52.8,3.6,6.6,0.2037037037037037,0,1,-3,-6.5,47.0
00-0037664,Alec Pierce,IND,2024,9,41.0,3,3,0.89,MIN,29.0,33.8,1.4,3.6,0.1111111111111111,0,1,-3,-6.5,47.0
00-0036841,Austin Trammell,JAX,2024,9,40.0,2,3,0.61,PHI,7.0,23.0,3.0,6.0,0.039735099337748346,0,0,0,-7.5,46.0
00-0038606,Parker Washington,JAX,2024,9,41.0,3,6,0.85,PHI,7.0,28.0,2.0,2.6666666666666665,0.052980132450331126,0,0,0,-7.5,46.0
00-0039893,Brian Thomas,JAX,2024,9,22.0,2,4,0.91,PHI,7.0,74.4,4.8,7.4,0.24503311258278146,1,0,0,-7.5,46.0
00-0030564,DeAndre Hopkins,KC,2024,9,86.0,8,9,0.6,TB,28.0,38.0,4.2,5.6,0.17721518987341772,0,0,0,9.0,45.5
00-0034386,Justin Watson,KC,2024,9,43.0,3,4,0.69,TB,28.0,25.2,2.4,3.0,0.0949367088607595,0,0,0,9.0,45.5
00-0039894,Xavier Worthy,KC,2024,9,0.0,0,2,0.68,TB,28.0,36.2,2.6,5.0,0.15822784810126583,0,0,0,9.0,45.5
00-0032775,Demarcus Robinson,LA,2024,9,94.0,6,9,0.7,SEA,24.0,28.2,1.8,3.6,0.11764705882352941,0,0,3,1.5,48.5
00-0033908,Cooper Kupp,LA,2024,9,104.0,11,14,0.92,SEA,24.0,65.4,7.4,11.2,0.3660130718954248,0,0,3,1.5,48.5
00-0036988,Josh Palmer,LAC,2024,9,63.0,2,4,0.61,CLE,9.0,56.6,3.2,4.8,0.16901408450704225,0,0,0,2.0,42.5
00-0038544,Quentin Johnston,LAC,2024,9,118.0,4,5,0.68,CLE,9.0,31.8,2.6,4.6,0.1619718309859155,0,0,0,2.0,42.5
00-0039915,Ladd McConkey,LAC,2024,9,64.0,5,7,0.84,CLE,9.0,62.2,4.6,6.8,0.23943661971830985,0,0,0,2.0,42.5
00-0034960,Jakobi Meyers,LV,2024,9,105.0,8,11,0.97,CIN,22.0,52.8,5.6,8.0,0.25157232704402516,0,0,0,-8.0,45.0
00-0038563,Tre Tucker,LV,2024,9,5.0,2,6,0.92,CIN,22.0,24.2,2.4,4.8,0.1509433962264151,0,0,0,-8.0,45.0
00-0033040,Tyreek Hill,MIA,2024,9,80.0,4,5,0.97,BUF,19.0,42.4,4.0,6.4,0.23529411764705882,0,0,0,-6.5,49.0
00-0036613,Jaylen Waddle,MIA,2024,9,-4.0,2,2,0.85,BUF,19.0,32.8,3.4,5.4,0.19852941176470587,0,0,0,-6.5,49.0
00-0036322,Justin Jefferson,MIN,2024,9,137.0,7,9,0.99,IND,20.0,90.8,6.6,9.4,0.3643410852713178,0,1,3,6.5,47.0
00-0038994,Jordan Addison,MIN,2024,9,42.0,5,5,0.92,IND,20.0,50.6,3.0,5.4,0.20930232558139536,0,1,3,6.5,47.0
00-0033307,Kendrick Bourne,NE,2024,9,41.0,4,6,0.78,TEN,3.0,40.4,4.0,5.4,0.17088607594936708,0,0,0,-3.0,38.5
00-0038608,Kayshon Boutte,NE,2024,9,18.0,2,6,0.96,TEN,3.0,34.4,1.8,3.4,0.10759493670886076,0,0,0,-3.0,38.5
00-0038621,Demario Douglas,NE,2024,9,35.0,7,9,0.71,TEN,3.0,49.0,4.6,7.2,0.22784810126582278,0,0,0,-3.0,38.5
00-0039623,Mason Tipton,NO,2024,9,0.0,0,3,0.76,CAR,21.0,29.5,4.0,5.5,0.06043956043956044,0,0,0,7.0,43.5
00-0035535,Darius Slayton,NYG,2024,9,49.0,3,3,0.92,WAS,1.0,70.8,4.4,7.4,0.21893491124260356,0,0,-1,-4.5,44.5
00-0038117,Wan'Dale Robinson,NYG,2024,9,10.0,3,4,0.72,WAS,1.0,42.0,6.6,9.6,0.28402366863905326,0,0,-1,-4.5,44.5
00-0039337,Malik Nabers,NYG,2024,9,59.0,9,11,0.95,WAS,1.0,86.4,8.2,13.2,0.3905325443786982,0,0,-1,-4.5,44.5
00-0031381,Davante Adams,NYJ,2024,9,91.0,7,11,0.78,HOU,4.0,58.6,5.0,8.4,0.22105263157894736,0,0,0,2.5,43.5
00-0033536,Mike Williams,NYJ,2024,9,6.0,1,2,0.71,HOU,4.0,58.6,4.4,6.2,0.1631578947368421,0,0,0,2.5,43.5
00-0037740,Garrett Wilson,NYJ,2024,9,90.0,9,10,0.98,HOU,4.0,84.6,7.2,11.4,0.3,0,0,0,2.5,43.5
00-0036912,DeVonta Smith,PHI,2024,9,87.0,4,6,0.96,JAX,27.0,60.4,4.8,6.6,0.27049180327868855,0,0,0,7.5,46.0
00-0032211,Tyler Lockett,SEA,2024,9,63.0,3,4,0.89,LA,12.0,51.0,3.6,6.4,0.1641025641025641,0,0,-3,-1.5,48.5
00-0038543,Jaxon Smith-Njigba,SEA,2024,9,180.0,7,13,0.89,LA,12.0,42.6,5.2,8.2,0.21025641025641026,0,0,-3,-1.5,48.5
00-0032385,Sterling Shepard,TB,2024,9,48.0,4,5,0.6,KC,8.0,29.0,3.0,5.2,0.13131313131313133,1,0,0,-9.0,45.5
00-0038821,Rakim Jarrett,TB,2024,9,9.0,1,1,0.84,KC,8.0,,,,,0,0,0,-9.0,45.5
00-0038824,Ryan Miller,TB,2024,9,1.0,1,3,0.62,KC,8.0,,,,,0,0,0,-9.0,45.5
00-0034837,Calvin Ridley,TEN,2024,9,73.0,5,8,0.94,NE,9.0,54.2,3.6,8.2,0.2645161290322581,0,0,0,3.0,38.5
00-0036182,Nick Westbrook-Ikhine,TEN,2024,9,50.0,5,6,0.97,NE,9.0,29.0,2.0,4.0,0.12903225806451613,0,0,0,3.0,38.5
00-0035659,Terry McLaurin,WAS,2024,9,19.0,2,3,0.74,NYG,11.0,88.0,5.6,7.8,0.26174496644295303,0,0,1,4.5,44.5
00-0038559,Michael Wilson,ARI,2024,10,24.0,3,4,0.66,NYJ,7.0,29.0,2.6,4.0,0.14388489208633093,0,1,-3,-2.0,45.5
00-0039849,Marvin Harrison,ARI,2024,10,54.0,5,5,0.73,NYJ,7.0,49.4,3.6,6.2,0.22302158273381295,0,1,-3,-2.0,45.5
00-0034407,Ray-Ray McCloud,ATL,2024,10,30.0,3,4,0.99,NO,20.0,28.4,3.4,4.6,0.13450292397660818,0,1,0,3.5,46.5
00-0036309,Darnell Mooney,ATL,2024,10,96.0,5,9,0.99,NO,20.0,72.6,5.2,8.8,0.2573099415204678,0,1,0,3.5,46.5
00-0037238,Drake London,ATL,2024,10,97.0,8,13,1.0,NO,20.0,77.8,6.8,9.8,0.28654970760233917,1,1,0,3.5,46.5
00-0036550,Rashod Bateman,BAL,2024,10,54.0,6,8,0.78,CIN,19.0,60.6,3.2,5.0,0.17985611510791366,0,0,0,6.0,53.0
00-0039064,Zay Flowers,BAL,2024,10,34.0,4,6,0.83,CIN,19.0,75.8,5.0,7.2,0.2589928057553957,0,0,0,6.0,53.0
00-0033282,Curtis Samuel,BUF,2024,10,35.0,4,8,0.89,IND,16.0,43.0,4.6,6.8,0.2236842105263158,0,1,0,4.5,46.5
00-0033555,Mack Hollins,BUF,2024,10,86.0,4,4,0.88,IND,16.0,11.8,1.6,3.2,0.10526315789473684,0,1,0,4.5,46.5
00-0037261,Khalil Shakir,BUF,2024,10,58.0,6,9,0.72,IND,16.0,59.8,5.6,6.0,0.19736842105263158,0,1,0,4.5,46.5
00-0033589,David Moore,CAR,2024,10,18.0,2,4,0.83,NYG,10.0,29.5,3.0,4.5,0.06206896551724138,0,0,0,-6.5,40.5
00-0039342,Xavier Legette,CAR,2024,10,40.0,3,4,0.98,NYG,10.0,31.8,3.8,6.0,0.20689655172413793,0,0,0,-6.5,40.5
00-0039491,Jalen Coker,CAR,2024,10,41.0,3,8,0.88,NYG,10.0,54.0,3.5,4.5,0.06206896551724138,0,0,0,-6.5,40.5
00-0030279,Keenan Allen,CHI,2024,10,44.0,5,6,0.93,NE,8.0,33.6,3.4,6.2,0.23308270676691728,0,0,0,6.5,37.5
00-0034827,D.J. Moore,CHI,2024,10,24.0,3,6,0.97,NE,8.0,41.4,3.6,6.4,0.24060150375939848,0,0,0,6.5,37.5
00-0039919,Rome Odunze,CHI,2024,10,23.0,3,6,0.68,NE,8.0,47.0,3.2,4.8,0.18045112781954886,0,0,0,6.5,37.5
00-0036900,Ja'Marr Chase,CIN,2024,10,264.0,11,17,0.94,BAL,27.0,83.4,7.2,9.2,0.2893081761006289,0,0,0,-6.0,53.0
00-0038619,Andrei Iosivas,CIN,2024,10,29.0,2,4,0.84,BAL,27.0,17.0,0.8,2.6,0.08176100628930817,0,0,0,-6.0,53.0
00-0036358,CeeDee Lamb,DAL,2024,10,21.0,6,10,0.83,PHI,6.0,88.4,8.0,12.0,0.31746031746031744,0,1,0,-7.5,44.5
00-0037666,Jalen Tolbert,DAL,2024,10,14.0,3,5,0.93,PHI,6.0,43.4,4.0,5.4,0.14285714285714285,0,1,0,-7.5,44.5
00-0034348,Courtland Sutton,DEN,2024,10,70.0,6,9,0.93,KC,5.0,73.4,4.8,8.2,0.271523178807947,0,0,1,-7.5,42.5
00-0039424,Devaughn Vele,DEN,2024,10,39.0,4,4,0.66,KC,5.0,78.0,4.0,6.0,0.039735099337748346,0,0,1,-7.5,42.5
00-0036963,Amon-Ra St. Brown,DET,2024,10,60.0,6,8,0.98,HOU,4.0,51.4,5.4,5.4,0.2523364485981308,0,1,-3,4.5,49.0
00-0037240,Jameson Williams,DET,2024,10,53.0,3,5,0.74,HOU,4.0,48.0,2.4,4.2,0.19626168224299065,0,1,-3,4.5,49.0
00-0037614,John Metchie,HOU,2024,10,74.0,5,6,0.65,DET,26.0,14.25,1.25,2.5,0.06711409395973154,0,1,3,-4.5,49.0
00-0038618,Xavier Hutchinson,HOU,2024,10,6.0,2,4,0.84,DET,26.0,13.4,1.0,2.4,0.08053691275167785,0,1,3,-4.5,49.0
00-0038977,Tank Dell,HOU,2024,10,39.0,5,9,0.75,DET,26.0,51.2,4.2,6.0,0.20134228187919462,1,1,3,-4.5,49.0
00-0037664,Alec Pierce,IND,2024,10,81.0,4,7,0.86,BUF,21.0,40.2,1.8,3.8,0.11801242236024845,0,1,0,-4.5,46.5
00-0038997,Josh Downs,IND,2024,10,72.0,7,10,0.69,BUF,21.0,65.8,5.8,8.4,0.2608695652173913,0,1,0,-4.5,46.5
00-0039890,Adonai Mitchell,IND,2024,10,71.0,6,6,0.94,BUF,21.0,2.0,1.0,5.0,0.031055900621118012,0,1,0,-4.5,46.5
00-0039893,Brian Thomas,JAX,2024,10,12.0,2,3,0.86,MIN,25.0,69.2,4.2,6.4,0.21476510067114093,1,0,0,-7.0,42.5
00-0030564,DeAndre Hopkins,KC,2024,10,56.0,4,5,0.65,DEN,13.0,51.2,5.4,6.6,0.20121951219512196,0,0,-1,7.5,42.5
00-0034386,Justin Watson,KC,2024,10,6.0,2,2,0.76,DEN,13.0,26.2,2.2,2.6,0.07926829268292683,0,0,-1,7.5,42.5
00-0039894,Xavier Worthy,KC,2024,10,11.0,1,4,0.75,DEN,13.0,26.8,2.2,4.8,0.14634146341463414,0,0,-1,7.5,42.5
00-0032775,Demarcus Robinson,LA,2024,10,23.0,1,5,0.83,MIA,3.0,40.6,2.8,4.6,0.13372093023255813,0,1,0,2.5,49.5
00-0033908,Cooper Kupp,LA,2024,10,80.0,7,7,0.9,MIA,3.0,64.0,8.0,12.4,0.36046511627906974,0,1,0,2.5,49.5
00-0039075,Puka Nacua,LA,2024,10,98.0,9,14,0.79,MIA,3.0,119.4,6.6,9.2,0.26744186046511625,0,1,0,2.5,49.5
00-0038544,Quentin Johnston,LAC,2024,10,24.0,2,2,0.83,TEN,2.0,52.0,3.0,4.6,0.15436241610738255,0,1,0,8.0,40.0
00-0039915,Ladd McConkey,LAC,2024,10,52.0,2,2,0.78,TEN,2.0,66.2,5.0,7.0,0.2348993288590604,0,1,0,8.0,40.0
00-0033040,Tyreek Hill,MIA,2024,10,16.0,3,4,0.87,LA,15.0,50.4,4.2,6.4,0.23703703703703705,1,1,0,-2.5,49.5
00-0036613,Jaylen Waddle,MIA,2024,10,57.0,3,6,0.89,LA,15.0,26.8,3.0,4.8,0.17777777777777778,0,1,0,-2.5,49.5
00-0036322,Justin Jefferson,MIN,2024,10,48.0,5,9,0.93,JAX,23.0,102.0,6.8,9.6,0.35036496350364965,0,0,0,7.0,42.5
00-0038994,Jordan Addison,MIN,2024,10,25.0,2,5,0.74,JAX,23.0,47.6,3.2,4.8,0.17518248175182483,0,0,0,7.0,42.5
00-0038608,Kayshon Boutte,NE,2024,10,47.0,4,6,0.97,CHI,12.0,38.0,2.2,3.8,0.11515151515151516,0,0,0,-6.5,37.5
00-0038117,Wan'Dale Robinson,NYG,2024,10,51.0,5,8,0.65,CAR,18.0,29.8,5.0,7.6,0.24203821656050956,0,0,0,6.5,40.5
00-0038938,Jalin Hyatt,NYG,2024,10,39.0,4,4,0.73,CAR,18.0,30.6,2.2,4.0,0.12738853503184713,0,0,0,6.5,40.5
00-0039337,Malik Nabers,NYG,2024,10,50.0,6,10,0.88,CAR,18.0,72.8,8.0,11.8,0.37579617834394907,0,0,0,6.5,40.5
00-0031381,Davante Adams,NYJ,2024,10,31.0,6,13,0.97,ARI,22.0,65.0,5.4,9.4,0.2596685082872928,0,1,3,2.0,45.5
00-0037740,Garrett Wilson,NYJ,2024,10,41.0,5,6,0.97,ARI,22.0,94.4,8.0,11.8,0.3259668508287293,0,1,3,2.0,45.5
00-0035676,A.J. Brown,PHI,2024,10,109.0,5,7,0.74,DAL,17.0,92.2,5.0,7.0,0.32407407407407407,0,1,0,7.5,44.5
00-0036912,DeVonta Smith,PHI,2024,10,14.0,2,3,0.72,DAL,17.0,62.6,4.2,5.8,0.26851851851851855,0,1,0,7.5,44.5
00-0036415,Van Jefferson,PIT,2024,10,0.0,0,2,0.71,WAS,1.0,27.6,2.6,3.8,0.14074074074074075,0,0,6,-1.5,45.0
00-0037247,George Pickens,PIT,2024,10,91.0,5,7,0.81,WAS,1.0,81.6,4.8,8.0,0.2962962962962963,0,0,6,-1.5,45.0
00-0035719,Deebo Samuel,SF,2024,10,62.0,5,6,0.78,TB,28.0,70.4,3.8,6.0,0.22727272727272727,1,0,8,6.5,50.5
00-0036259,Jauan Jennings,SF,2024,10,93.0,7,11,0.91,TB,28.0,71.4,5.0,6.6,0.25,0,0,8,6.5,50.5
00-0039916,Ricky Pearsall,SF,2024,10,73.0,4,6,0.64,TB,28.0,21.0,3.0,5.0,0.03787878787878788,0,0,8,6.5,50.5
00-0032385,Sterling Shepard,TB,2024,10,7.0,1,3,0.72,SF,9.0,28.8,2.8,4.2,0.11538461538461539,0,0,-8,-6.5,50.5
00-0038821,Rakim Jarrett,TB,2024,10,10.0,2,4,0.82,SF,9.0,9.0,1.0,1.0,0.005494505494505495,0,0,-8,-6.5,50.5
00-0038824,Ryan Miller,TB,2024,10,11.0,1,3,0.85,SF,9.0,1.0,1.0,3.0,0.016483516483516484,0,0,-8,-6.5,50.5
00-0034837,Calvin Ridley,TEN,2024,10,84.0,5,9,0.93,LAC,11.0,53.4,3.8,8.6,0.2905405405405405,0,1,0,-8.0,40.0
00-0036182,Nick Westbrook-Ikhine,TEN,2024,10,31.0,3,3,1.0,LAC,11.0,37.2,2.8,4.4,0.14864864864864866,0,1,0,-8.0,40.0
00-0033591,Noah Brown,WAS,2024,10,33.0,3,7,0.89,PIT,24.0,42.2,2.8,5.2,0.18840579710144928,0,0,-6,1.5,45.0
00-0035659,Terry McLaurin,WAS,2024,10,113.0,5,6,0.89,PIT,24.0,81.4,4.6,6.4,0.2318840579710145,0,0,-6,1.5,45.0
00-0034407,Ray-Ray McCloud,ATL,2024,11,46.0,6,6,0.98,DEN,18.0,21.2,2.8,3.6,0.11688311688311688,0,0,0,-2.0,44.5
00-0037238,Drake London,ATL,2024,11,61.0,3,7,0.76,DEN,18.0,84.4,7.2,10.0,0.3246753246753247,0,0,0,-2.0,44.5
00-0036550,Rashod Bateman,BAL,2024,11,30.0,2,5,0.8,PIT,26.0,59.8,3.6,5.0,0.19230769230769232,0,0,3,3.0,48.0
00-0039064,Zay Flowers,BAL,2024,11,39.0,2,6,0.84,PIT,26.0,80.6,5.6,8.0,0.3076923076923077,0,0,3,3.0,48.0
00-0033282,Curtis Samuel,BUF,2024,11,58.0,5,6,0.6,KC,6.0,39.8,4.0,6.8,0.21518987341772153,0,0,0,2.5,46.5
00-0037261,Khalil Shakir,BUF,2024,11,70.0,8,12,0.71,KC,6.0,50.4,5.6,6.6,0.2088607594936709,0,0,0,2.5,46.5
00-0030279,Keenan Allen,CHI,2024,11,41.0,4,8,0.92,GB,5.0,38.6,3.8,6.8,0.24817518248175183,0,0,-7,-6.0,41.0
00-0034827,D.J. Moore,CHI,2024,11,62.0,7,7,0.94,GB,5.0,41.8,3.6,6.4,0.23357664233576642,0,0,-7,-6.0,41.0
00-0039919,Rome Odunze,CHI,2024,11,65.0,6,10,0.82,GB,5.0,49.6,3.6,5.4,0.19708029197080293,0,0,-7,-6.0,41.0
00-0036410,Tee Higgins,CIN,2024,11,148.0,9,13,0.84,LAC,9.0,68.2,5.8,9.0,0.25862068965517243,0,1,3,-1.0,48.0
00-0036900,Ja'Marr Chase,CIN,2024,11,75.0,7,13,0.99,LAC,9.0,97.6,7.4,10.2,0.29310344827586204,0,1,3,-1.0,48.0
00-0038619,Andrei Iosivas,CIN,2024,11,46.0,3,3,0.68,LAC,9.0,15.0,1.0,3.0,0.08620689655172414,0,1,3,-1.0,48.0
00-0036407,Jerry Jeudy,CLE,2024,11,142.0,6,11,0.85,NO,22.0,44.2,3.0,6.2,0.16666666666666666,0,1,7,1.0,44.0
00-0036980,Elijah Moore,CLE,2024,11,66.0,6,8,0.73,NO,22.0,33.6,4.2,6.4,0.17204301075268819,0,1,7,1.0,44.0
00-0038979,Cedric Tillman,CLE,2024,11,47.0,3,8,0.96,NO,22.0,61.2,5.0,8.4,0.22580645161290322,0,1,7,1.0,44.0
00-0036358,CeeDee Lamb,DAL,2024,11,93.0,8,12,0.8,HOU,10.0,73.0,7.8,12.4,0.32124352331606215,1,1,0,-7.5,41.5
00-0037666,Jalen Tolbert,DAL,2024,11,21.0,2,5,0.8,HOU,10.0,41.4,4.0,5.8,0.15025906735751296,0,1,0,-7.5,41.5
00-0039410,Ryan Flournoy,DAL,2024,11,19.0,2,3,0.65,HOU,10.0,,,,,0,1,0,-7.5,41.5
00-0034348,Courtland Sutton,DEN,2024,11,78.0,7,8,0.84,ATL,25.0,75.4,5.4,8.2,0.2662337662337662,0,0,0,2.0,44.5
00-0039424,Devaughn Vele,DEN,2024,11,66.0,4,5,0.68,ATL,25.0,58.5,4.0,5.0,0.06493506493506493,0,0,0,2.0,44.5
00-0033375,Tim Patrick,DET,2024,11,26.0,3,4,0.71,JAX,20.0,6.0,1.0,1.5,0.02654867256637168,0,1,0,14.0,47.5
00-0036963,Amon-Ra St. Brown,DET,2024,11,161.0,11,11,0.8,JAX,20.0,54.4,5.4,5.8,0.25663716814159293,0,1,0,14.0,47.5
00-0037240,Jameson Williams,DET,2024,11,124.0,4,6,0.65,JAX,20.0,42.8,2.0,3.0,0.13274336283185842,0,1,0,14.0,47.5
00-0037816,Romeo Doubs,GB,2024,11,17.0,1,2,0.78,CHI,13.0,56.4,4.4,6.6,0.21710526315789475,0,0,7,6.0,41.0
00-0038124,Christian Watson,GB,2024,11,150.0,4,4,0.67,CHI,13.0,57.0,4.4,6.2,0.20394736842105263,0,0,7,6.0,41.0
00-0037614,John Metchie,HOU,2024,11,33.0,3,3,0.61,DAL,16.0,26.2,2.0,3.2,0.1095890410958904,0,1,0,7.5,41.5
00-0038977,Tank Dell,HOU,2024,11,54.0,4,7,0.64,DAL,16.0,51.4,4.4,7.0,0.23972602739726026,0,1,0,7.5,41.5
00-0036252,Michael Pittman,IND,2024,11,46.0,5,8,0.87,NYJ,11.0,33.0,2.6,5.6,0.18543046357615894,0,0,0,-4.0,43.0
00-0037664,Alec Pierce,IND,2024,11,74.0,3,4,0.8,NYJ,11.0,29.6,2.0,4.6,0.152317880794702,0,0,0,-4.0,43.0
00-0038997,Josh Downs,IND,2024,11,84.0,5,5,0.69,NYJ,11.0,63.8,5.6,8.6,0.2847682119205298,0,0,0,-4.0,43.0
00-0039893,Brian Thomas,JAX,2024,11,82.0,5,7,0.94,DET,24.0,54.4,3.4,5.2,0.19117647058823528,0,1,0,-14.0,47.5
00-0032775,Demarcus Robinson,LA,2024,11,19.0,2,4,0.75,NE,4.0,37.8,2.6,5.0,0.13368983957219252,0,0,-1,4.0,42.5
00-0033908,Cooper Kupp,LA,2024,11,106.0,6,10,0.71,NE,4.0,69.6,8.2,11.4,0.3048128342245989,0,0,-1,4.0,42.5
00-0039075,Puka Nacua,LA,2024,11,123.0,7,9,0.75,NE,4.0,122.2,7.4,10.2,0.2727272727272727,0,0,-1,4.0,42.5
00-0036988,Josh Palmer,LAC,2024,11,23.0,2,4,0.76,CIN,17.0,46.6,2.8,4.8,0.1702127659574468,0,1,-3,1.0,48.0
00-0038544,Quentin Johnston,LAC,2024,11,48.0,2,8,0.82,CIN,17.0,49.2,2.8,4.0,0.14184397163120568,0,1,-3,1.0,48.0
00-0039915,Ladd McConkey,LAC,2024,11,123.0,6,9,0.73,CIN,17.0,63.2,4.4,6.0,0.2127659574468085,0,1,-3,1.0,48.0
00-0034960,Jakobi Meyers,LV,2024,11,28.0,4,6,0.88,MIA,15.0,68.0,6.4,9.2,0.2754491017964072,0,0,8,-8.0,43.5
00-0038563,Tre Tucker,LV,2024,11,28.0,3,4,0.89,MIA,15.0,17.0,1.8,4.8,0.1437125748502994,0,0,8,-8.0,43.5
00-0033040,Tyreek Hill,MIA,2024,11,61.0,7,8,0.76,LV,6.0,49.0,4.0,5.8,0.20422535211267606,0,0,-8,8.0,43.5
00-0036613,Jaylen Waddle,MIA,2024,11,37.0,2,3,0.78,LV,6.0,31.0,2.8,4.8,0.16901408450704225,0,0,-8,8.0,43.5
00-0036322,Justin Jefferson,MIN,2024,11,81.0,6,8,0.99,TEN,3.0,94.6,6.6,9.8,0.3333333333333333,0,0,0,6.0,40.0
00-0038994,Jordan Addison,MIN,2024,11,61.0,3,8,0.6,TEN,3.0,38.2,3.0,5.0,0.17006802721088435,0,0,0,6.0,40.0
00-0038608,Kayshon Boutte,NE,2024,11,33.0,4,6,0.96,LA,21.0,40.6,2.6,4.6,0.14556962025316456,0,0,1,-4.0,42.5
00-0034272,Marquez Valdes-Scantling,NO,2024,11,87.0,2,4,0.65,CLE,23.0,13.6,1.4,2.6,0.08024691358024691,0,1,-7,-1.0,44.0
00-0037231,Kevin Austin,NO,2024,11,18.0,1,2,0.68,CLE,23.0,,,,,0,1,-7,-1.0,44.0
00-0031381,Davante Adams,NYJ,2024,11,72.0,6,7,0.94,IND,14.0,49.2,4.8,9.6,0.294478527607362,1,0,0,4.0,43.0
00-0037740,Garrett Wilson,NYJ,2024,11,18.0,4,8,1.0,IND,14.0,82.4,6.4,8.6,0.26380368098159507,0,0,0,4.0,43.0
00-0035676,A.J. Brown,PHI,2024,11,65.0,5,8,0.97,WAS,2.0,103.4,5.2,7.4,0.37373737373737376,0,0,0,4.5,49.5
00-0036912,DeVonta Smith,PHI,2024,11,29.0,4,6,0.89,WAS,2.0,49.6,3.2,4.4,0.2222222222222222,0,0,0,4.5,49.5
00-0037247,George Pickens,PIT,2024,11,89.0,8,12,0.88,BAL,28.0,88.4,4.8,8.0,0.3125,0,0,-3,-3.0,48.0
00-0032211,Tyler Lockett,SEA,2024,11,19.0,2,3,0.78,SF,8.0,51.4,3.2,5.4,0.1534090909090909,0,0,7,-6.0,49.0
00-0035640,DK Metcalf,SEA,2024,11,70.0,7,9,0.9,SF,8.0,82.0,4.4,8.6,0.24431818181818182,0,0,7,-6.0,49.0
00-0038543,Jaxon Smith-Njigba,SEA,2024,11,110.0,10,11,0.83,SF,8.0,68.4,5.0,8.4,0.23863636363636365,0,0,7,-6.0,49.0
00-0035719,Deebo Samuel,SF,2024,11,22.0,4,7,0.87,SEA,27.0,60.8,3.2,5.2,0.18439716312056736,0,0,-7,6.0,49.0
00-0036259,Jauan Jennings,SF,2024,11,91.0,10,11,0.95,SEA,27.0,85.8,6.0,8.2,0.2907801418439716,0,0,-7,6.0,49.0
00-0034837,Calvin Ridley,TEN,2024,11,58.0,4,6,0.88,MIN,12.0,68.4,4.6,9.8,0.3202614379084967,0,0,0,-6.0,40.0
00-0036182,Nick Westbrook-Ikhine,TEN,2024,11,117.0,2,6,0.85,MIN,12.0,35.2,2.6,4.0,0.13071895424836602,0,0,0,-6.0,40.0
00-0033591,Noah Brown,WAS,2024,11,4.0,1,4,0.77,PHI,1.0,41.2,2.8,5.2,0.18181818181818182,0,0,0,-4.5,49.5
00-0035659,Terry McLaurin,WAS,2024,11,10.0,1,2,0.71,PHI,1.0,81.6,4.8,6.0,0.2097902097902098,0,0,0,-4.5,49.5
00-0038559,Michael Wilson,ARI,2024,12,54.0,2,4,0.83,SEA,20.0,18.2,2.2,3.6,0.13533834586466165,0,0,7,1.0,46.5
00-0039849,Marvin Harrison,ARI,2024,12,47.0,3,6,0.95,SEA,20.0,51.2,3.6,6.0,0.22556390977443608,0,0,7,1.0,46.5
00-0039064,Zay Flowers,BAL,2024,12,62.0,5,8,0.77,LAC,16.0,66.2,4.6,6.8,0.2518518518518518,0,1,0,3.0,51.0
00-0030035,Adam Thielen,CAR,2024,12,57.0,3,4,0.61,KC,8.0,42.6,3.8,4.8,0.17518248175182483,1,0,7,-11.0,43.0
00-0033589,David Moore,CAR,2024,12,81.0,6,10,0.94,KC,8.0,25.666666666666668,2.6666666666666665,4.333333333333333,0.0948905109489051,0,0,7,-11.0,43.0
00-0039342,Xavier Legette,CAR,2024,12,56.0,4,6,0.94,KC,8.0,26.6,3.2,4.8,0.17518248175182483,0,0,7,-11.0,43.0
00-0030279,Keenan Allen,CHI,2024,12,86.0,9,15,0.89,MIN,10.0,40.2,4.0,7.2,0.2571428571428571,1,0,0,-3.0,39.5
00-0034827,D.J. Moore,CHI,2024,12,106.0,7,7,0.99,MIN,10.0,33.2,4.0,6.2,0.22142857142857142,0,0,0,-3.0,39.5
00-0039919,Rome Odunze,CHI,2024,12,39.0,5,10,0.87,MIN,10.0,54.6,3.8,6.2,0.22142857142857142,0,0,0,-3.0,39.5
00-0036407,Jerry Jeudy,CLE,2024,12,85.0,6,6,0.83,PIT,14.0,69.4,4.0,7.8,0.1921182266009852,0,0,0,-3.5,36.5
00-0036980,Elijah Moore,CLE,2024,12,21.0,3,5,0.69,PIT,14.0,44.6,4.8,7.2,0.17733990147783252,0,0,0,-3.5,36.5
00-0036358,CeeDee Lamb,DAL,2024,12,67.0,10,12,0.94,WAS,2.0,79.2,8.4,13.0,0.3155339805825243,0,0,-4,-10.5,45.0
00-0037666,Jalen Tolbert,DAL,2024,12,22.0,2,4,0.97,WAS,2.0,28.2,3.0,4.8,0.11650485436893204,0,0,-4,-10.5,45.0
00-0034348,Courtland Sutton,DEN,2024,12,97.0,8,10,0.85,LV,9.0,84.6,6.4,8.8,0.2875816993464052,0,1,0,6.5,41.5
00-0039424,Devaughn Vele,DEN,2024,12,80.0,6,9,0.65,LV,9.0,61.0,4.0,5.0,0.09803921568627451,0,1,0,6.5,41.5
00-0036963,Amon-Ra St. Brown,DET,2024,12,62.0,6,7,0.94,IND,17.0,79.2,6.8,7.2,0.3050847457627119,0,1,0,7.0,50.5
00-0037240,Jameson Williams,DET,2024,12,64.0,5,7,0.83,IND,17.0,65.8,2.6,3.6,0.15254237288135594,0,1,0,7.0,50.5
00-0038124,Christian Watson,GB,2024,12,0.0,0,3,0.65,SF,6.0,68.2,4.2,5.6,0.19444444444444445,0,0,0,6.5,44.5
00-0036554,Nico Collins,HOU,2024,12,92.0,5,9,0.79,TEN,5.0,111.4,7.0,10.6,0.3581081081081081,0,1,-1,8.0,40.5
00-0037614,John Metchie,HOU,2024,12,6.0,1,3,0.71,TEN,5.0,31.2,2.4,3.2,0.10810810810810811,0,1,-1,8.0,40.5
00-0038977,Tank Dell,HOU,2024,12,72.0,3,5,0.84,TEN,5.0,50.8,3.8,6.6,0.22297297297297297,0,1,-1,8.0,40.5
00-0036252,Michael Pittman,IND,2024,12,96.0,6,7,0.75,DET,13.0,34.8,2.6,5.6,0.1958041958041958,0,1,0,-7.0,50.5
00-0037664,Alec Pierce,IND,2024,12,39.0,1,4,0.73,DET,13.0,44.4,2.6,4.6,0.16083916083916083,0,1,0,-7.0,50.5
00-0034386,Justin Watson,KC,2024,12,15.0,1,2,0.65,CAR,11.0,23.4,2.2,2.6,0.0755813953488372,0,0,-7,11.0,43.0
00-0039894,Xavier Worthy,KC,2024,12,46.0,4,6,0.64,CAR,11.0,25.6,2.0,4.8,0.13953488372093023,0,0,-7,11.0,43.0
00-0032775,Demarcus Robinson,LA,2024,12,15.0,2,3,0.8,PHI,1.0,36.0,2.4,4.8,0.14201183431952663,0,1,-3,-3.0,49.0
00-0033908,Cooper Kupp,LA,2024,12,60.0,8,11,0.95,PHI,1.0,85.4,8.6,12.2,0.3609467455621302,0,1,-3,-3.0,49.0
00-0039075,Puka Nacua,LA,2024,12,117.0,9,13,0.8,PHI,1.0,136.8,7.8,10.4,0.3076923076923077,0,1,-3,-3.0,49.0
00-0036988,Josh Palmer,LAC,2024,12,38.0,3,8,0.83,BAL,26.0,41.8,2.2,4.0,0.13986013986013987,0,1,0,-3.0,51.0
00-0038544,Quentin Johnston,LAC,2024,12,0.0,0,5,0.65,BAL,26.0,48.6,2.2,4.4,0.15384615384615385,0,1,0,-3.0,51.0
00-0039915,Ladd McConkey,LAC,2024,12,83.0,6,6,0.86,BAL,26.0,79.2,4.8,6.2,0.21678321678321677,1,1,0,-3.0,51.0
00-0034960,Jakobi Meyers,LV,2024,12,121.0,10,15,0.99,DEN,15.0,61.2,5.8,8.6,0.2529411764705882,0,1,0,-6.5,41.5
00-0036527,D.J. Turner,LV,2024,12,5.0,2,4,0.62,DEN,15.0,20.666666666666668,1.6666666666666667,5.0,0.08823529411764706,0,1,0,-6.5,41.5
00-0038563,Tre Tucker,LV,2024,12,82.0,7,8,0.9,DEN,15.0,19.0,2.0,4.6,0.13529411764705881,0,1,0,-6.5,41.5
00-0033040,Tyreek Hill,MIA,2024,12,48.0,5,6,0.74,NE,7.0,47.4,4.2,5.6,0.1917808219178082,0,0,0,7.5,46.0
00-0036613,Jaylen Waddle,MIA,2024,12,144.0,8,9,0.76,NE,7.0,29.2,2.4,3.8,0.13013698630136986,0,0,0,7.5,46.0
00-0036322,Justin Jefferson,MIN,2024,12,27.0,2,5,0.99,CHI,12.0,92.4,6.6,8.6,0.28859060402684567,0,0,0,3.0,39.5
00-0038994,Jordan Addison,MIN,2024,12,162.0,8,9,0.94,CHI,12.0,43.2,3.0,5.0,0.16778523489932887,0,0,0,3.0,39.5
00-0038608,Kayshon Boutte,NE,2024,12,6.0,1,4,0.87,MIA,21.0,35.4,2.8,5.2,0.15950920245398773,0,0,0,-7.5,46.0
00-0038621,Demario Douglas,NE,2024,12,62.0,5,7,0.68,MIA,21.0,53.4,5.6,7.8,0.2392638036809816,0,0,0,-7.5,46.0
00-0038117,Wan'Dale Robinson,NYG,2024,12,47.0,5,5,0.83,TB,25.0,32.8,4.8,7.4,0.23417721518987342,0,0,0,-6.5,40.5
00-0039337,Malik Nabers,NYG,2024,12,64.0,6,9,0.93,TB,25.0,67.2,7.6,11.4,0.36075949367088606,1,0,0,-6.5,40.5
00-0035676,A.J. Brown,PHI,2024,12,109.0,6,7,0.89,LA,24.0,92.6,5.2,7.0,0.35,0,1,3,3.0,49.0
00-0037741,Jahan Dotson,PHI,2024,12,4.0,1,1,0.68,LA,24.0,8.4,1.4,2.4,0.12,0,1,3,3.0,49.0
00-0039236,Johnny Wilson,PHI,2024,12,0.0,0,1,0.7,LA,24.0,,,,,0,1,3,3.0,49.0
00-0037247,George Pickens,PIT,2024,12,48.0,4,7,0.9,CLE,22.0,83.6,5.0,8.2,0.30597014925373134,0,0,0,3.5,36.5
00-0032211,Tyler Lockett,SEA,2024,12,20.0,2,3,0.64,ARI,19.0,40.2,2.8,4.8,0.14285714285714285,0,0,-7,-1.0,46.5
00-0035640,DK Metcalf,SEA,2024,12,59.0,4,5,0.78,ARI,19.0,75.2,5.0,9.2,0.27380952380952384,0,0,-7,-1.0,46.5
00-0038543,Jaxon Smith-Njigba,SEA,2024,12,77.0,6,7,0.66,ARI,19.0,84.2,6.2,9.2,0.27380952380952384,0,0,-7,-1.0,46.5
00-0035719,Deebo Samuel,SF,2024,12,21.0,1,4,0.67,GB,4.0,53.6,3.4,5.6,0.2074074074074074,0,0,0,-6.5,44.5
00-0036259,Jauan Jennings,SF,2024,12,40.0,5,7,0.92,GB,4.0,94.8,7.6,9.8,0.362962962962963,0,0,0,-6.5,44.5
00-0031408,Mike Evans,TB,2024,12,68.0,5,6,0.6,NYG,3.0,55.2,4.6,7.2,0.1925133689839572,1,0,0,6.5,40.5
00-0039855,Jalen McMillan,TB,2024,12,11.0,1,2,0.63,NYG,3.0,21.8,2.0,4.2,0.11229946524064172,0,0,0,6.5,40.5
00-0034837,Calvin Ridley,TEN,2024,12,93.0,5,6,0.79,HOU,17.0,80.0,5.4,9.4,0.3032258064516129,0,1,1,-8.0,40.5
00-0036182,Nick Westbrook-Ikhine,TEN,2024,12,48.0,2,5,0.9,HOU,17.0,53.0,2.8,4.6,0.14838709677419354,0,1,1,-8.0,40.5
00-0033591,Noah Brown,WAS,2024,12,71.0,6,10,0.73,DAL,23.0,36.8,2.4,5.2,0.18309859154929578,0,0,4,10.5,45.0
00-0035659,Terry McLaurin,WAS,2024,12,102.0,5,6,0.81,DAL,23.0,73.0,3.8,5.0,0.176056338028169,0,0,4,10.5,45.0
00-0038559,Michael Wilson,ARI,2024,13,55.0,5,7,0.82,MIN,13.0,24.8,2.2,3.6,0.13333333333333333,0,1,0,-3.5,45.5
00-0039849,Marvin Harrison,ARI,2024,13,60.0,5,12,0.88,MIN,13.0,53.4,3.8,5.8,0.21481481481481482,0,1,0,-3.5,45.5
00-0034407,Ray-Ray McCloud,ATL,2024,13,95.0,4,6,0.95,LAC,16.0,24.4,3.4,4.0,0.12987012987012986,0,1,8,-1.0,47.0
00-0036309,Darnell Mooney,ATL,2024,13,20.0,3,6,0.94,LAC,16.0,70.8,4.4,7.4,0.24025974025974026,0,1,8,-1.0,47.0
00-0037238,Drake London,ATL,2024,13,86.0,9,16,0.99,LAC,16.0,65.8,5.4,8.8,0.2857142857142857,0,1,8,-1.0,47.0
00-0039064,Zay Flowers,BAL,2024,13,74.0,3,7,0.94,PHI,2.0,52.2,3.8,6.6,0.2426470588235294,0,0,-1,3.0,50.0
00-0033555,Mack Hollins,BUF,2024,13,7.0,1,1,0.66,SF,1.0,25.8,2.2,3.6,0.10404624277456648,0,0,7,6.5,45.0
00-0030035,Adam Thielen,CAR,2024,13,99.0,8,10,0.73,TB,30.0,35.2,3.2,4.0,0.15037593984962405,0,0,0,-6.5,46.0
00-0033589,David Moore,CAR,2024,13,40.0,5,9,0.9,TB,30.0,39.5,3.5,5.75,0.17293233082706766,0,0,0,-6.5,46.0
00-0039342,Xavier Legette,CAR,2024,13,53.0,4,8,0.96,TB,30.0,33.2,3.4,5.2,0.19548872180451127,0,0,0,-6.5,46.0
00-0030279,Keenan Allen,CHI,2024,13,73.0,5,8,0.96,DET,7.0,49.2,4.8,9.2,0.2857142857142857,0,1,0,-9.5,47.5
00-0034827,D.J. Moore,CHI,2024,13,97.0,8,16,0.97,DET,7.0,50.4,4.6,6.6,0.20496894409937888,0,1,0,-9.5,47.5
00-0039919,Rome Odunze,CHI,2024,13,25.0,2,6,0.78,DET,7.0,54.4,4.4,7.8,0.2422360248447205,0,1,0,-9.5,47.5
00-0036410,Tee Higgins,CIN,2024,13,69.0,5,10,0.9,PIT,11.0,90.0,7.0,10.4,0.2639593908629442,0,0,4,3.0,46.0
00-0036900,Ja'Marr Chase,CIN,2024,13,86.0,6,9,0.97,PIT,11.0,98.2,7.8,11.6,0.29441624365482233,0,0,4,3.0,46.0
00-0038619,Andrei Iosivas,CIN,2024,13,35.0,3,4,0.68,PIT,11.0,17.0,1.2,3.0,0.07614213197969544,0,0,4,3.0,46.0
00-0036407,Jerry Jeudy,CLE,2024,13,235.0,9,13,0.91,DEN,20.0,79.4,5.0,8.4,0.2028985507246377,0,0,3,-6.5,41.5
00-0036980,Elijah Moore,CLE,2024,13,111.0,8,14,0.74,DEN,20.0,48.2,5.2,8.0,0.1932367149758454,0,0,3,-6.5,41.5
00-0036358,CeeDee Lamb,DAL,2024,13,39.0,2,6,0.67,NYG,6.0,74.8,9.0,12.6,0.3247422680412371,0,1,0,4.5,39.0
00-0037666,Jalen Tolbert,DAL,2024,13,41.0,2,4,0.72,NYG,6.0,24.0,2.6,4.6,0.11855670103092783,0,1,0,4.5,39.0
00-0034348,Courtland Sutton,DEN,2024,13,102.0,6,9,0.94,CLE,22.0,93.4,7.2,9.6,0.2891566265060241,0,0,-3,6.5,41.5
00-0033375,Tim Patrick,DET,2024,13,48.0,2,3,0.7,CHI,21.0,12.666666666666666,1.6666666666666667,2.3333333333333335,0.05555555555555555,0,1,0,9.5,47.5
00-0036963,Amon-Ra St. Brown,DET,2024,13,73.0,5,7,0.94,CHI,21.0,69.2,6.4,7.0,0.2777777777777778,1,1,0,9.5,47.5
00-0037240,Jameson Williams,DET,2024,13,28.0,5,7,0.79,CHI,21.0,62.6,3.2,4.6,0.18253968253968253,0,1,0,9.5,47.5
00-0038124,Christian Watson,GB,2024,13,67.0,2,4,0.94,MIA,28.0,54.0,2.8,4.4,0.16176470588235295,0,0,0,3.5,47.5
00-0038393,Dontayvion Wicks,GB,2024,13,30.0,4,5,0.89,MIA,28.0,55.2,4.2,8.0,0.29411764705882354,0,0,0,3.5,47.5
00-0039146,Jayden Reed,GB,2024,13,24.0,3,6,0.67,MIA,28.0,95.6,4.4,6.0,0.22058823529411764,0,0,0,3.5,47.5
00-0036554,Nico Collins,HOU,2024,13,119.0,8,11,0.7,JAX,32.0,116.2,7.0,10.4,0.325,0,0,-7,3.5,44.5
00-0038977,Tank Dell,HOU,2024,13,23.0,1,4,0.68,JAX,32.0,65.2,4.4,6.8,0.2125,0,0,-7,3.5,44.5
00-0036252,Michael Pittman,IND,2024,13,42.0,5,7,0.92,NE,14.0,47.0,3.2,6.0,0.2054794520547945,0,0,0,2.5,41.5
00-0037664,Alec Pierce,IND,2024,13,16.0,2,6,0.71,NE,14.0,49.2,2.4,4.4,0.1506849315068493,1,0,0,2.5,41.5
00-0038606,Parker Washington,JAX,2024,13,103.0,6,12,0.8,HOU,19.0,31.25,2.25,3.5,0.10852713178294573,0,0,7,-3.5,44.5
00-0039893,Brian Thomas,JAX,2024,13,76.0,4,10,0.87,HOU,19.0,46.4,3.4,5.0,0.1937984496124031,0,0,7,-3.5,44.5
00-0032775,Demarcus Robinson,LA,2024,13,49.0,2,3,0.61,NO,27.0,37.2,2.6,4.8,0.13259668508287292,0,1,-7,2.5,48.5
00-0033908,Cooper Kupp,LA,2024,13,17.0,3,6,0.91,NO,27.0,92.0,9.2,12.6,0.34806629834254144,0,1,-7,2.5,48.5
00-0039075,Puka Nacua,LA,2024,13,56.0,5,8,0.79,NO,27.0,127.4,7.8,10.8,0.2983425414364641,0,1,-7,2.5,48.5
00-0036988,Josh Palmer,LAC,2024,13,11.0,1,1,0.63,ATL,29.0,46.4,2.4,4.8,0.16901408450704225,0,1,-8,1.0,47.0
00-0038544,Quentin Johnston,LAC,2024,13,12.0,2,4,0.67,ATL,29.0,39.8,1.8,5.0,0.176056338028169,0,1,-8,1.0,47.0
00-0039915,Ladd McConkey,LAC,2024,13,117.0,9,12,0.63,ATL,29.0,86.6,5.0,6.0,0.2112676056338028,0,1,-8,1.0,47.0
00-0034960,Jakobi Meyers,LV,2024,13,97.0,6,11,0.93,KC,10.0,75.6,6.8,9.6,0.2696629213483146,0,0,0,-13.5,42.0
00-0038563,Tre Tucker,LV,2024,13,58.0,1,1,0.97,KC,10.0,35.4,3.4,5.8,0.16292134831460675,0,0,0,-13.5,42.0
00-0033040,Tyreek Hill,MIA,2024,13,83.0,6,9,0.8,GB,5.0,55.4,5.0,6.4,0.19393939393939394,0,0,0,-3.5,47.5
00-0036613,Jaylen Waddle,MIA,2024,13,53.0,4,4,0.92,GB,5.0,55.8,3.8,5.2,0.15757575757575756,0,0,0,-3.5,47.5
00-0036322,Justin Jefferson,MIN,2024,13,99.0,7,9,0.96,ARI,14.0,81.6,5.6,8.0,0.2597402597402597,0,1,0,3.5,45.5
00-0038994,Jordan Addison,MIN,2024,13,54.0,4,6,0.94,ARI,14.0,62.4,4.0,6.0,0.19480519480519481,0,1,0,3.5,45.5
00-0033307,Kendrick Bourne,NE,2024,13,39.0,3,3,0.64,IND,26.0,30.8,2.8,4.4,0.13414634146341464,0,0,0,-2.5,41.5
00-0038608,Kayshon Boutte,NE,2024,13,41.0,3,6,0.99,IND,26.0,30.0,2.8,5.6,0.17073170731707318,0,0,0,-2.5,41.5
00-0038621,Demario Douglas,NE,2024,13,20.0,4,4,0.63,IND,26.0,63.4,6.2,8.6,0.2621951219512195,1,0,0,-2.5,41.5
00-0034272,Marquez Valdes-Scantling,NO,2024,13,36.0,2,3,0.76,LA,23.0,31.0,1.8,3.2,0.10526315789473684,0,1,7,-2.5,48.5
00-0037231,Kevin Austin,NO,2024,13,31.0,3,3,0.61,LA,23.0,18.0,1.0,2.0,0.013157894736842105,0,1,7,-2.5,48.5
00-0035535,Darius Slayton,NYG,2024,13,8.0,2,6,0.68,DAL,16.0,69.4,4.4,7.0,0.23026315789473684,0,1,0,-4.5,39.0
00-0038117,Wan'Dale Robinson,NYG,2024,13,6.0,2,2,0.76,DAL,16.0,32.2,4.8,6.2,0.20394736842105263,0,1,0,-4.5,39.0
00-0039337,Malik Nabers,NYG,2024,13,69.0,8,13,0.95,DAL,16.0,57.0,6.4,10.2,0.3355263157894737,0,1,0,-4.5,39.0
00-0031381,Davante Adams,NYJ,2024,13,66.0,5,12,0.97,SEA,23.0,55.6,5.2,9.2,0.2911392405063291,0,0,7,1.0,41.5
00-0037740,Garrett Wilson,NYJ,2024,13,41.0,5,10,0.97,SEA,23.0,64.6,5.6,8.2,0.25949367088607594,0,0,7,1.0,41.5
00-0039920,Malachi Corley,NYJ,2024,13,0.0,0,2,0.6,SEA,23.0,,,,,0,0,7,1.0,41.5
00-0035676,A.J. Brown,PHI,2024,13,66.0,5,6,0.96,BAL,31.0,91.2,5.2,6.6,0.3142857142857143,0,0,1,-3.0,50.0
00-0037741,Jahan Dotson,PHI,2024,13,7.0,1,1,0.64,BAL,31.0,9.2,1.6,2.4,0.11428571428571428,0,0,1,-3.0,50.0
00-0036415,Van Jefferson,PIT,2024,13,43.0,1,3,0.62,CIN,25.0,24.8,2.2,3.6,0.1323529411764706,0,0,-4,-3.0,46.0
00-0037247,George Pickens,PIT,2024,13,74.0,3,6,0.91,CIN,25.0,82.6,5.2,8.0,0.29411764705882354,0,0,-4,-3.0,46.0
00-0035640,DK Metcalf,SEA,2024,13,66.0,4,9,0.75,NYJ,9.0,66.2,4.4,7.8,0.2635135135135135,0,0,-7,-1.0,41.5
00-0038543,Jaxon Smith-Njigba,SEA,2024,13,74.0,4,4,0.77,NYJ,9.0,89.0,6.4,8.8,0.2972972972972973,0,0,-7,-1.0,41.5
00-0035719,Deebo Samuel,SF,2024,13,20.0,4,5,0.75,BUF,8.0,55.6,3.4,5.8,0.2116788321167883,0,0,-7,-6.5,45.0
00-0036259,Jauan Jennings,SF,2024,13,56.0,3,5,0.96,BUF,8.0,92.0,7.6,9.4,0.34306569343065696,0,0,-7,-6.5,45.0
00-0039916,Ricky Pearsall,SF,2024,13,0.0,0,1,0.73,BUF,8.0,47.0,3.5,5.5,0.08029197080291971,0,0,-7,-6.5,45.0
00-0031408,Mike Evans,TB,2024,13,118.0,8,12,0.84,CAR,12.0,56.6,4.6,7.2,0.19889502762430938,0,0,0,6.5,46.0
00-0039855,Jalen McMillan,TB,2024,13,25.0,2,3,0.76,CAR,12.0,17.6,2.0,4.0,0.11049723756906077,0,0,0,6.5,46.0
00-0033009,Tyler Boyd,TEN,2024,13,37.0,3,4,0.85,WAS,4.0,22.0,2.8,4.6,0.1619718309859155,0,0,0,-6.0,45.0
00-0034837,Calvin Ridley,TEN,2024,13,45.0,2,7,1.0,WAS,4.0,90.2,5.8,8.8,0.30985915492957744,0,0,0,-6.0,45.0
00-0036182,Nick Westbrook-Ikhine,TEN,2024,13,61.0,3,8,1.0,WAS,4.0,57.0,2.8,4.8,0.16901408450704225,0,0,0,-6.0,45.0
00-0035659,Terry McLaurin,WAS,2024,13,73.0,8,8,0.8,TEN,3.0,73.8,3.6,5.0,0.16556291390728478,0,0,0,6.0,45.0
00-0038559,Michael Wilson,ARI,2024,14,57.0,2,3,0.83,SEA,14.0,32.8,3.0,4.4,0.1437908496732026,0,1,0,3.0,45.5
00-0039849,Marvin Harrison,ARI,2024,14,49.0,4,8,0.85,SEA,14.0,61.2,4.2,7.0,0.22875816993464052,0,1,0,3.0,45.5
00-0034407,Ray-Ray McCloud,ATL,2024,14,98.0,8,11,0.64,MIN,11.0,41.6,3.8,4.4,0.14102564102564102,0,1,0,-6.0,46.5
00-0036309,Darnell Mooney,ATL,2024,14,142.0,6,7,0.95,MIN,11.0,67.2,4.4,7.6,0.24358974358974358,0,1,0,-6.0,46.5
00-0037238,Drake London,ATL,2024,14,70.0,5,10,1.0,MIN,11.0,68.2,6.0,10.0,0.32051282051282054,0,1,0,-6.0,46.5
00-0033282,Curtis Samuel,BUF,2024,14,15.0,2,3,0.6,LA,15.0,38.4,3.8,6.6,0.20754716981132076,0,1,0,3.5,49.5
00-0033555,Mack Hollins,BUF,2024,14,57.0,4,6,0.77,LA,15.0,26.2,2.2,2.6,0.08176100628930817,0,1,0,3.5,49.5
00-0037261,Khalil Shakir,BUF,2024,14,106.0,5,8,0.78,LA,15.0,58.2,6.6,8.4,0.2641509433962264,0,1,0,3.5,49.5
00-0030035,Adam Thielen,CAR,2024,14,102.0,9,11,0.75,PHI,2.0,47.4,3.6,4.8,0.15286624203821655,0,0,0,-14.0,44.5
00-0033589,David Moore,CAR,2024,14,25.0,2,5,0.87,PHI,2.0,39.6,3.8,6.4,0.20382165605095542,0,0,0,-14.0,44.5
00-0039342,Xavier Legette,CAR,2024,14,39.0,2,8,0.87,PHI,2.0,43.2,3.8,6.2,0.19745222929936307,0,0,0,-14.0,44.5
00-0030279,Keenan Allen,CHI,2024,14,30.0,3,5,0.89,SF,1.0,56.0,5.4,9.4,0.26704545454545453,0,0,3,-3.0,43.5
00-0034827,D.J. Moore,CHI,2024,14,49.0,6,8,0.91,SF,1.0,64.4,5.8,9.0,0.2556818181818182,1,0,3,-3.0,43.5
00-0039919,Rome Odunze,CHI,2024,14,42.0,4,5,0.92,SF,1.0,51.2,4.2,7.8,0.2215909090909091,0,0,3,-3.0,43.5
00-0036410,Tee Higgins,CIN,2024,14,23.0,2,5,0.87,DAL,9.0,91.8,6.8,10.4,0.24761904761904763,0,1,-3,5.0,51.0
00-0036900,Ja'Marr Chase,CIN,2024,14,177.0,14,18,0.93,DAL,9.0,104.4,8.0,12.2,0.2904761904761905,0,1,-3,5.0,51.0
00-0038619,Andrei Iosivas,CIN,2024,14,41.0,4,5,0.68,DAL,9.0,24.0,1.8,3.6,0.08571428571428572,0,1,-3,5.0,51.0
00-0036407,Jerry Jeudy,CLE,2024,14,64.0,5,6,0.92,PIT,13.0,122.8,6.6,9.8,0.22685185185185186,0,0,-1,-6.0,43.0
00-0036980,Elijah Moore,CLE,2024,14,34.0,3,4,0.83,PIT,13.0,62.2,5.6,9.6,0.2222222222222222,0,0,-1,-6.0,43.0
00-0031236,Brandin Cooks,DAL,2024,14,3.0,1,3,0.6,CIN,26.0,27.6,3.0,5.4,0.13989637305699482,0,1,3,-5.0,51.0
00-0036358,CeeDee Lamb,DAL,2024,14,93.0,6,7,0.97,CIN,26.0,53.4,6.8,10.4,0.2694300518134715,0,1,3,-5.0,51.0
00-0037666,Jalen Tolbert,DAL,2024,14,0.0,0,3,0.65,CIN,26.0,23.4,2.4,4.8,0.12435233160621761,0,1,3,-5.0,51.0
00-0033375,Tim Patrick,DET,2024,14,43.0,6,7,0.66,GB,17.0,21.5,1.75,2.5,0.07194244604316546,0,1,0,3.0,53.0
00-0036963,Amon-Ra St. Brown,DET,2024,14,43.0,5,6,0.85,GB,17.0,82.4,7.0,8.0,0.28776978417266186,0,1,0,3.0,53.0
00-0037240,Jameson Williams,DET,2024,14,80.0,5,8,0.69,GB,17.0,53.0,3.6,5.2,0.18705035971223022,0,1,0,3.0,53.0
00-0038124,Christian Watson,GB,2024,14,114.0,4,7,0.92,DET,5.0,64.8,2.6,4.2,0.16030534351145037,0,1,0,-3.0,53.0
00-0038393,Dontayvion Wicks,GB,2024,14,49.0,4,5,0.78,DET,5.0,57.2,4.6,7.8,0.29770992366412213,0,1,0,-3.0,53.0
00-0038606,Parker Washington,JAX,2024,14,15.0,2,2,0.75,TEN,4.0,45.6,3.0,5.2,0.17218543046357615,0,0,0,-3.0,40.0
00-0039893,Brian Thomas,JAX,2024,14,86.0,8,12,0.8,TEN,4.0,56.2,3.6,5.8,0.19205298013245034,0,0,0,-3.0,40.0
00-0039894,Xavier Worthy,KC,2024,14,41.0,5,6,0.83,LAC,12.0,20.2,2.2,5.2,0.13471502590673576,0,0,2,5.0,43.5
00-0032775,Demarcus Robinson,LA,2024,14,0.0,0,1,0.61,BUF,3.0,40.0,2.6,4.8,0.1411764705882353,0,1,0,-3.5,49.5
00-0033908,Cooper Kupp,LA,2024,14,92.0,5,8,0.83,BUF,3.0,73.4,7.0,9.6,0.2823529411764706,0,1,0,-3.5,49.5
00-0039075,Puka Nacua,LA,2024,14,162.0,12,14,0.77,BUF,3.0,115.0,7.8,10.8,0.3176470588235294,0,1,0,-3.5,49.5
00-0036988,Josh Palmer,LAC,2024,14,78.0,6,9,0.87,KC,18.0,41.4,2.0,4.2,0.15441176470588236,0,0,-2,-5.0,43.5
00-0038544,Quentin Johnston,LAC,2024,14,48.0,5,7,0.8,KC,18.0,40.4,2.0,4.8,0.17647058823529413,0,0,-2,-5.0,43.5
00-0034960,Jakobi Meyers,LV,2024,14,67.0,7,10,0.91,TB,24.0,80.6,6.8,10.0,0.2824858757062147,1,0,2,-7.0,47.0
00-0038563,Tre Tucker,LV,2024,14,7.0,2,5,0.88,TB,24.0,39.8,3.0,4.4,0.12429378531073447,0,0,2,-7.0,47.0
00-0033040,Tyreek Hill,MIA,2024,14,115.0,10,14,0.97,NYJ,6.0,57.6,5.0,6.4,0.1839080459770115,0,0,3,6.5,45.0
00-0036613,Jaylen Waddle,MIA,2024,14,99.0,9,12,0.82,NYJ,6.0,57.4,3.8,4.8,0.13793103448275862,0,0,3,6.5,45.0
00-0036322,Justin Jefferson,MIN,2024,14,132.0,7,7,0.95,ATL,19.0,78.4,5.4,8.0,0.2484472049689441,0,1,0,6.0,46.5
00-0038994,Jordan Addison,MIN,2024,14,133.0,8,12,0.75,ATL,19.0,68.8,4.4,6.6,0.20496894409937888,0,1,0,6.0,46.5
00-0034272,Marquez Valdes-Scantling,NO,2024,14,51.0,4,7,0.71,NYG,8.0,37.6,2.0,3.2,0.10884353741496598,0,0,-3,5.5,41.0
00-0037231,Kevin Austin,NO,2024,14,5.0,1,5,0.65,NYG,8.0,24.5,2.0,2.5,0.034013605442176874,0,0,-3,5.5,41.0
00-0035535,Darius Slayton,NYG,2024,14,27.0,2,6,0.85,NO,21.0,46.6,3.2,6.0,0.1910828025477707,0,0,3,-5.5,41.0
00-0038117,Wan'Dale Robinson,NYG,2024,14,38.0,4,11,0.99,NO,21.0,28.8,4.0,4.8,0.15286624203821655,0,0,3,-5.5,41.0
00-0039337,Malik Nabers,NYG,2024,14,79.0,5,10,0.94,NO,21.0,62.6,7.2,11.2,0.35668789808917195,1,0,3,-5.5,41.0
00-0031381,Davante Adams,NYJ,2024,14,109.0,9,11,0.85,MIA,20.0,62.8,5.6,9.8,0.31210191082802546,0,0,-3,-6.5,45.0
00-0034521,Allen Lazard,NYJ,2024,14,18.0,1,1,0.78,MIA,20.0,53.0,4.0,6.4,0.20382165605095542,0,0,-3,-6.5,45.0
00-0037740,Garrett Wilson,NYJ,2024,14,114.0,7,10,0.99,MIA,20.0,60.6,5.6,8.4,0.267515923566879,0,0,-3,-6.5,45.0
00-0035676,A.J. Brown,PHI,2024,14,43.0,4,4,0.95,CAR,16.0,86.6,5.2,6.8,0.3300970873786408,0,0,0,14.0,44.5
00-0036912,DeVonta Smith,PHI,2024,14,37.0,4,6,0.9,CAR,16.0,42.6,3.4,4.8,0.23300970873786409,0,0,0,14.0,44.5
00-0036415,Van Jefferson,PIT,2024,14,10.0,1,1,0.74,CLE,23.0,29.2,2.0,3.6,0.12413793103448276,0,0,1,6.0,43.0
00-0032211,Tyler Lockett,SEA,2024,14,0.0,0,1,0.67,ARI,7.0,31.2,2.4,3.8,0.12751677852348994,0,1,0,-3.0,45.5
00-0035640,DK Metcalf,SEA,2024,14,49.0,4,6,0.8,ARI,7.0,68.4,4.4,8.2,0.2751677852348993,0,1,0,-3.0,45.5
00-0038543,Jaxon Smith-Njigba,SEA,2024,14,82.0,5,5,0.97,ARI,7.0,102.0,6.6,8.4,0.28187919463087246,0,1,0,-3.0,45.5
00-0035719,Deebo Samuel,SF,2024,14,22.0,2,3,0.79,CHI,10.0,39.2,3.6,5.8,0.23015873015873015,0,0,-3,3.0,43.5
00-0036259,Jauan Jennings,SF,2024,14,90.0,7,8,0.74,CHI,10.0,91.0,7.2,9.2,0.36507936507936506,0,0,-3,3.0,43.5
00-0031408,Mike Evans,TB,2024,14,69.0,4,5,0.82,LV,22.0,71.8,5.6,8.4,0.24705882352941178,0,0,-2,7.0,47.0
00-0039855,Jalen McMillan,TB,2024,14,59.0,4,7,0.79,LV,22.0,18.4,2.2,4.2,0.12352941176470589,0,0,-2,7.0,47.0
00-0034837,Calvin Ridley,TEN,2024,14,59.0,7,12,0.83,JAX,25.0,70.6,4.2,7.2,0.2589928057553957,0,0,0,3.0,40.0
00-0036182,Nick Westbrook-Ikhine,TEN,2024,14,19.0,1,2,0.94,JAX,25.0,61.4,3.0,5.6,0.2014388489208633,0,0,0,3.0,40.0
00-0038559,Michael Wilson,ARI,2024,15,9.0,2,2,0.74,NE,7.0,38.0,2.4,3.8,0.12025316455696203,0,1,-7,6.0,46.5
00-0039849,Marvin Harrison,ARI,2024,15,32.0,2,6,0.77,NE,7.0,48.8,3.8,7.2,0.22784810126582278,0,1,-7,6.0,46.5
00-0036309,Darnell Mooney,ATL,2024,15,0.0,0,1,0.91,LV,31.0,86.4,4.6,7.4,0.22424242424242424,0,1,0,6.5,44.5
00-0037238,Drake London,ATL,2024,15,53.0,3,3,0.98,LV,31.0,69.6,5.8,10.4,0.3151515151515151,0,1,0,6.5,44.5
00-0036550,Rashod Bateman,BAL,2024,15,80.0,3,5,0.76,NYG,4.0,51.6,3.2,5.2,0.19117647058823528,0,0,7,16.5,43.5
00-0039064,Zay Flowers,BAL,2024,15,53.0,6,7,0.81,NYG,4.0,64.8,4.2,7.8,0.2867647058823529,0,0,7,16.5,43.5
00-0039901,Keon Coleman,BUF,2024,15,64.0,1,2,0.63,DET,3.0,58.2,2.8,5.0,0.1524390243902439,0,1,-3,-2.5,55.5
00-0030035,Adam Thielen,CAR,2024,15,51.0,5,7,0.85,DAL,21.0,65.4,5.0,6.4,0.20512820512820512,0,0,1,2.5,42.0
00-0039491,Jalen Coker,CAR,2024,15,110.0,4,6,0.87,DAL,21.0,49.666666666666664,3.3333333333333335,5.666666666666667,0.10897435897435898,0,0,1,2.5,42.0
00-0030279,Keenan Allen,CHI,2024,15,82.0,6,13,0.82,MIN,27.0,54.8,5.2,8.4,0.25609756097560976,0,1,0,-7.0,43.5
00-0034827,D.J. Moore,CHI,2024,15,46.0,8,8,0.87,MIN,27.0,67.6,6.2,8.8,0.2682926829268293,0,1,0,-7.0,43.5
00-0039919,Rome Odunze,CHI,2024,15,39.0,2,7,0.79,MIN,27.0,38.8,4.0,7.4,0.22560975609756098,0,1,0,-7.0,43.5
00-0036410,Tee Higgins,CIN,2024,15,88.0,5,8,0.87,TEN,8.0,79.8,5.4,8.6,0.19815668202764977,0,0,-1,6.0,46.5
00-0036900,Ja'Marr Chase,CIN,2024,15,94.0,9,11,0.97,TEN,8.0,129.0,9.0,13.6,0.31336405529953915,0,0,-1,6.0,46.5
00-0038619,Andrei Iosivas,CIN,2024,15,5.0,1,4,0.87,TEN,8.0,32.2,2.6,4.0,0.09216589861751152,0,0,-1,6.0,46.5
00-0036407,Jerry Jeudy,CLE,2024,15,108.0,11,14,0.95,KC,22.0,119.8,6.6,9.4,0.22169811320754718,0,0,0,-4.5,41.5
00-0036980,Elijah Moore,CLE,2024,15,-1.0,2,6,0.85,KC,22.0,52.0,4.6,8.0,0.18867924528301888,0,0,0,-4.5,41.5
00-0031236,Brandin Cooks,DAL,2024,15,34.0,3,5,0.63,CAR,4.0,18.8,2.0,4.4,0.12359550561797752,0,0,-1,-2.5,42.0
00-0036358,CeeDee Lamb,DAL,2024,15,116.0,9,13,0.7,CAR,4.0,62.6,6.4,9.4,0.2640449438202247,0,0,-1,-2.5,42.0
00-0034348,Courtland Sutton,DEN,2024,15,32.0,3,9,0.9,IND,18.0,93.8,6.8,9.2,0.2875,0,0,-1,4.5,43.5
00-0039424,Devaughn Vele,DEN,2024,15,0.0,0,1,0.6,IND,18.0,65.75,4.5,6.0,0.15,0,0,-1,4.5,43.5
00-0033375,Tim Patrick,DET,2024,15,30.0,4,8,0.81,BUF,10.0,25.8,2.6,3.4,0.1069182389937107,0,1,3,2.5,55.5
00-0036963,Amon-Ra St. Brown,DET,2024,15,193.0,14,18,0.91,BUF,10.0,79.8,6.6,7.8,0.24528301886792453,0,1,3,2.5,55.5
00-0037240,Jameson Williams,DET,2024,15,37.0,3,5,0.87,BUF,10.0,69.8,4.4,6.6,0.20754716981132076,0,1,3,2.5,55.5
00-0037816,Romeo Doubs,GB,2024,15,40.0,3,5,0.75,SEA,13.0,52.0,3.8,5.4,0.21951219512195122,0,0,3,3.0,48.0
00-0038124,Christian Watson,GB,2024,15,56.0,3,6,0.78,SEA,13.0,74.0,2.8,4.8,0.1951219512195122,0,0,3,3.0,48.0
00-0036554,Nico Collins,HOU,2024,15,17.0,4,6,0.82,MIA,30.0,116.6,7.4,11.0,0.3503184713375796,0,1,7,2.5,46.5
00-0038977,Tank Dell,HOU,2024,15,26.0,2,2,0.62,MIA,30.0,62.8,3.8,6.8,0.21656050955414013,0,1,7,2.5,46.5
00-0036252,Michael Pittman,IND,2024,15,58.0,6,9,0.96,DEN,32.0,42.8,3.6,6.4,0.2302158273381295,0,0,1,-4.5,43.5
00-0038997,Josh Downs,IND,2024,15,32.0,3,8,0.76,DEN,32.0,66.8,4.8,7.2,0.2589928057553957,1,0,1,-4.5,43.5
00-0038606,Parker Washington,JAX,2024,15,54.0,3,6,0.86,NYJ,19.0,43.2,3.0,5.0,0.16556291390728478,0,0,0,-3.5,41.5
00-0039893,Brian Thomas,JAX,2024,15,105.0,10,14,0.88,NYJ,19.0,55.6,4.2,7.2,0.23841059602649006,0,0,0,-3.5,41.5
00-0039894,Xavier Worthy,KC,2024,15,46.0,6,11,0.81,CLE,17.0,23.4,2.6,5.2,0.13903743315508021,0,0,0,4.5,41.5
00-0032775,Demarcus Robinson,LA,2024,15,0.0,0,1,0.78,SF,1.0,21.2,1.4,3.2,0.10126582278481013,1,0,0,-3.0,48.5
00-0033908,Cooper Kupp,LA,2024,15,0.0,0,3,0.85,SF,1.0,71.0,5.8,8.4,0.26582278481012656,0,0,0,-3.0,48.5
00-0039075,Puka Nacua,LA,2024,15,97.0,7,8,0.77,SF,1.0,111.2,8.4,11.6,0.3670886075949367,0,0,0,-3.0,48.5
00-0036988,Josh Palmer,LAC,2024,15,10.0,2,3,0.75,TB,26.0,42.6,2.8,5.2,0.18705035971223022,0,1,0,3.0,46.0
00-0038544,Quentin Johnston,LAC,2024,15,45.0,5,10,0.73,TB,26.0,26.4,2.2,5.2,0.18705035971223022,0,1,0,3.0,46.0
00-0039915,Ladd McConkey,LAC,2024,15,58.0,5,7,0.88,TB,26.0,87.8,5.6,7.2,0.2589928057553957,1,1,0,3.0,46.0
00-0034960,Jakobi Meyers,LV,2024,15,59.0,5,9,0.9,ATL,23.0,83.6,7.0,10.6,0.2864864864864865,0,1,0,-6.5,44.5
00-0038563,Tre Tucker,LV,2024,15,18.0,2,3,0.96,ATL,23.0,36.0,3.0,4.8,0.12972972972972974,0,1,0,-6.5,44.5
00-0033040,Tyreek Hill,MIA,2024,15,36.0,2,7,0.93,HOU,28.0,64.6,6.2,8.2,0.21354166666666666,0,1,-7,-2.5,46.5
00-0036322,Justin Jefferson,MIN,2024,15,73.0,7,14,0.88,CHI,25.0,77.4,5.4,7.6,0.24358974358974358,0,1,0,7.0,43.5
00-0038994,Jordan Addison,MIN,2024,15,63.0,7,9,0.86,CHI,25.0,87.0,5.0,8.0,0.2564102564102564,0,1,0,7.0,43.5
00-0038608,Kayshon Boutte,NE,2024,15,19.0,2,5,0.88,ARI,9.0,29.0,2.8,5.6,0.1696969696969697,0,1,7,-6.0,46.5
00-0038621,Demario Douglas,NE,2024,15,11.0,3,3,0.61,ARI,9.0,53.6,5.6,7.6,0.23030303030303031,0,1,7,-6.0,46.5
00-0034272,Marquez Valdes-Scantling,NO,2024,15,64.0,2,7,0.78,WAS,6.0,40.2,2.4,4.2,0.14893617021276595,0,1,-7,-7.5,44.5
00-0037231,Kevin Austin,NO,2024,15,8.0,1,3,0.75,WAS,6.0,18.0,1.6666666666666667,3.3333333333333335,0.07092198581560284,0,1,-7,-7.5,44.5
00-0035535,Darius Slayton,NYG,2024,15,16.0,1,1,0.68,BAL,14.0,40.6,2.4,5.0,0.15060240963855423,0,0,-7,-16.5,43.5
00-0038117,Wan'Dale Robinson,NYG,2024,15,38.0,4,9,0.76,BAL,14.0,30.4,3.8,6.0,0.18072289156626506,0,0,-7,-16.5,43.5
00-0039337,Malik Nabers,NYG,2024,15,82.0,10,14,0.94,BAL,14.0,64.2,6.8,10.6,0.3192771084337349,0,0,-7,-16.5,43.5
00-0031381,Davante Adams,NYJ,2024,15,198.0,9,12,0.93,JAX,24.0,73.8,6.6,10.8,0.3157894736842105,0,0,0,3.5,41.5
00-0034521,Allen Lazard,NYJ,2024,15,0.0,0,4,0.79,JAX,24.0,54.4,3.8,5.8,0.1695906432748538,0,0,0,3.5,41.5
00-0037740,Garrett Wilson,NYJ,2024,15,56.0,3,6,0.98,JAX,24.0,60.8,6.0,8.8,0.2573099415204678,0,0,0,3.5,41.5
00-0035676,A.J. Brown,PHI,2024,15,110.0,8,11,0.91,PIT,11.0,78.4,5.0,6.4,0.32,0,0,0,5.5,43.0
00-0036912,DeVonta Smith,PHI,2024,15,109.0,11,12,0.93,PIT,11.0,50.4,4.0,5.6,0.28,0,0,0,5.5,43.0
00-0036415,Van Jefferson,PIT,2024,15,0.0,1,2,0.81,PHI,2.0,26.0,1.6,2.8,0.09859154929577464,0,0,0,-5.5,43.0
00-0037837,Calvin Austin,PIT,2024,15,65.0,5,5,0.81,PHI,2.0,28.0,1.75,4.25,0.11971830985915492,0,0,0,-5.5,43.0
00-0032211,Tyler Lockett,SEA,2024,15,22.0,1,1,0.76,GB,16.0,22.2,1.6,2.8,0.09271523178807947,0,0,-3,-3.0,48.0
00-0035640,DK Metcalf,SEA,2024,15,28.0,3,3,0.93,GB,16.0,68.6,4.6,7.2,0.23841059602649006,0,0,-3,-3.0,48.0
00-0038543,Jaxon Smith-Njigba,SEA,2024,15,83.0,10,12,0.95,GB,16.0,104.6,6.4,8.0,0.26490066225165565,0,0,-3,-3.0,48.0
00-0035719,Deebo Samuel,SF,2024,15,16.0,3,7,0.78,LA,15.0,29.4,3.2,5.0,0.1984126984126984,0,0,0,3.0,48.5
00-0036259,Jauan Jennings,SF,2024,15,31.0,2,9,0.94,LA,15.0,74.0,6.4,8.4,0.3333333333333333,0,0,0,3.0,48.5
00-0031408,Mike Evans,TB,2024,15,159.0,9,11,0.65,LAC,12.0,82.2,6.0,8.8,0.2894736842105263,0,1,0,-3.0,46.0
00-0039855,Jalen McMillan,TB,2024,15,75.0,5,6,0.64,LAC,12.0,29.0,2.8,5.4,0.17763157894736842,0,1,0,-3.0,46.0
00-0034837,Calvin Ridley,TEN,2024,15,41.0,3,5,0.73,CIN,29.0,67.8,4.6,8.0,0.2777777777777778,0,0,1,-6.0,46.5
00-0036182,Nick Westbrook-Ikhine,TEN,2024,15,9.0,2,3,0.91,CIN,29.0,55.2,2.2,4.8,0.16666666666666666,0,0,1,-6.0,46.5
00-0035659,Terry McLaurin,WAS,2024,15,73.0,7,10,0.9,NO,20.0,63.4,4.2,5.0,0.17006802721088435,0,1,7,7.5,44.5
00-0036626,Dyami Brown,WAS,2024,15,30.0,3,4,0.78,NO,20.0,17.0,2.0,4.0,0.027210884353741496,0,1,7,7.5,44.5
00-0038559,Michael Wilson,ARI,2024,16,44.0,2,5,0.9,CAR,3.0,39.8,2.8,4.0,0.11764705882352941,0,0,0,5.5,47.0
00-0039849,Marvin Harrison,ARI,2024,16,39.0,4,8,0.81,CAR,3.0,48.4,3.8,7.4,0.21764705882352942,0,0,0,5.5,47.0
00-0034407,Ray-Ray McCloud,ATL,2024,16,19.0,3,4,0.91,NYG,9.0,59.4,4.8,6.0,0.1910828025477707,0,1,-1,9.5,42.5
00-0036309,Darnell Mooney,ATL,2024,16,82.0,5,6,0.9,NYG,9.0,69.2,3.8,6.4,0.20382165605095542,0,1,-1,9.5,42.5
00-0037238,Drake London,ATL,2024,16,59.0,5,8,0.73,NYG,9.0,73.4,5.6,9.8,0.31210191082802546,0,1,-1,9.5,42.5
00-0036550,Rashod Bateman,BAL,2024,16,14.0,1,3,0.81,PIT,15.0,43.4,3.0,5.4,0.19014084507042253,1,0,0,7.0,44.5
00-0039064,Zay Flowers,BAL,2024,16,100.0,5,8,0.87,PIT,15.0,52.4,4.0,6.8,0.23943661971830985,0,0,0,7.0,44.5
00-0033555,Mack Hollins,BUF,2024,16,25.0,2,3,0.71,NE,5.0,36.0,2.8,3.4,0.10625,0,0,0,14.0,48.0
00-0037261,Khalil Shakir,BUF,2024,16,22.0,2,6,0.75,NE,5.0,70.6,6.2,8.2,0.25625,0,0,0,14.0,48.0
00-0039901,Keon Coleman,BUF,2024,16,17.0,1,2,0.66,NE,5.0,61.2,2.8,4.4,0.1375,0,0,0,14.0,48.0
00-0033589,David Moore,CAR,2024,16,39.0,2,3,0.9,ARI,6.0,36.8,3.4,6.4,0.20125786163522014,1,0,0,-5.5,47.0
00-0039491,Jalen Coker,CAR,2024,16,8.0,2,5,0.82,ARI,6.0,64.75,3.5,5.75,0.14465408805031446,1,0,0,-5.5,47.0
00-0030279,Keenan Allen,CHI,2024,16,141.0,9,13,0.92,DET,11.0,62.4,5.4,9.8,0.28994082840236685,0,0,-1,-7.0,47.5
00-0034827,D.J. Moore,CHI,2024,16,68.0,7,10,0.95,DET,11.0,72.0,7.2,9.2,0.27218934911242604,0,0,-1,-7.0,47.5
00-0039919,Rome Odunze,CHI,2024,16,77.0,4,7,0.83,DET,11.0,42.0,3.8,7.6,0.22485207100591717,0,0,-1,-7.0,47.5
00-0036410,Tee Higgins,CIN,2024,16,58.0,8,11,0.71,CLE,12.0,82.0,5.0,8.8,0.205607476635514,0,0,0,10.0,46.5
00-0036900,Ja'Marr Chase,CIN,2024,16,97.0,6,8,0.89,CLE,12.0,139.2,9.4,13.6,0.3177570093457944,0,0,0,10.0,46.5
00-0038619,Andrei Iosivas,CIN,2024,16,53.0,3,3,0.68,CLE,12.0,31.2,2.6,4.0,0.09345794392523364,0,0,0,10.0,46.5
00-0036407,Jerry Jeudy,CLE,2024,16,20.0,2,3,0.91,CIN,32.0,126.8,7.4,10.0,0.25252525252525254,0,0,0,-10.0,46.5
00-0036980,Elijah Moore,CLE,2024,16,21.0,2,5,0.77,CIN,32.0,46.2,4.4,7.4,0.18686868686868688,0,0,0,-10.0,46.5
00-0031236,Brandin Cooks,DAL,2024,16,48.0,3,3,0.77,TB,17.0,17.6,1.8,4.0,0.11235955056179775,0,1,0,-4.5,47.5
00-0034348,Courtland Sutton,DEN,2024,16,50.0,5,6,0.91,LAC,21.0,75.8,6.0,9.0,0.28125,0,1,0,-3.0,41.5
00-0033375,Tim Patrick,DET,2024,16,0.0,0,1,0.65,CHI,28.0,31.8,3.4,4.8,0.1276595744680851,0,0,1,7.0,47.5
00-0036963,Amon-Ra St. Brown,DET,2024,16,70.0,6,8,0.85,CHI,28.0,106.4,8.2,9.8,0.26063829787234044,0,0,1,7.0,47.5
00-0037240,Jameson Williams,DET,2024,16,143.0,5,7,0.83,CHI,28.0,66.6,4.4,6.6,0.17553191489361702,0,0,1,7.0,47.5
00-0037816,Romeo Doubs,GB,2024,16,20.0,2,3,0.67,NO,24.0,50.2,3.8,5.6,0.25,0,0,0,14.0,44.0
00-0038393,Dontayvion Wicks,GB,2024,16,13.0,3,7,0.61,NO,24.0,47.6,4.2,7.4,0.33035714285714285,0,0,0,14.0,44.0
00-0036554,Nico Collins,HOU,2024,16,60.0,7,10,0.85,KC,16.0,93.0,6.6,10.2,0.33116883116883117,0,0,0,-3.5,42.5
00-0036252,Michael Pittman,IND,2024,16,19.0,2,3,0.98,TEN,14.0,51.2,4.6,7.0,0.23809523809523808,0,1,0,4.0,42.5
00-0039890,Adonai Mitchell,IND,2024,16,36.0,1,1,0.89,TEN,14.0,36.5,3.5,5.5,0.07482993197278912,0,1,0,4.0,42.5
00-0038606,Parker Washington,JAX,2024,16,54.0,6,6,0.94,LV,20.0,51.8,3.4,6.0,0.18292682926829268,0,1,1,-2.5,41.5
00-0039893,Brian Thomas,JAX,2024,16,132.0,9,13,0.9,LV,20.0,72.2,5.8,9.2,0.2804878048780488,0,1,1,-2.5,41.5
00-0039894,Xavier Worthy,KC,2024,16,65.0,7,11,0.8,HOU,25.0,28.8,3.2,5.8,0.15675675675675677,0,0,0,3.5,42.5
00-0032775,Demarcus Robinson,LA,2024,16,0.0,0,1,0.73,NYJ,26.0,16.6,1.2,2.4,0.08571428571428572,0,0,3,3.0,47.0
00-0033908,Cooper Kupp,LA,2024,16,24.0,3,3,0.77,NYJ,26.0,55.0,4.4,7.6,0.2714285714285714,0,0,3,3.0,47.0
00-0039075,Puka Nacua,LA,2024,16,56.0,8,9,0.81,NYJ,26.0,111.0,8.0,10.4,0.37142857142857144,0,0,3,3.0,47.0
00-0036988,Josh Palmer,LAC,2024,16,41.0,3,6,0.6,DEN,30.0,32.0,2.8,5.0,0.16339869281045752,0,1,0,3.0,41.5
00-0038544,Quentin Johnston,LAC,2024,16,18.0,3,6,0.68,DEN,30.0,30.6,2.8,6.8,0.2222222222222222,0,1,0,3.0,41.5
00-0039915,Ladd McConkey,LAC,2024,16,87.0,6,6,0.78,DEN,30.0,86.6,5.6,7.2,0.23529411764705882,0,1,0,3.0,41.5
00-0034960,Jakobi Meyers,LV,2024,16,41.0,2,5,0.92,JAX,29.0,74.4,6.4,10.2,0.2727272727272727,0,1,-1,2.5,41.5
00-0038563,Tre Tucker,LV,2024,16,41.0,2,4,0.92,JAX,29.0,38.6,3.0,4.2,0.11229946524064172,0,1,-1,2.5,41.5
00-0033040,Tyreek Hill,MIA,2024,16,29.0,3,7,0.84,SF,1.0,68.6,6.0,8.8,0.21674876847290642,1,0,-3,-2.0,44.0
00-0039880,Malik Washington,MIA,2024,16,28.0,3,4,0.87,SF,1.0,,,,,0,0,-3,-2.0,44.0
00-0036322,Justin Jefferson,MIN,2024,16,144.0,10,13,0.97,SEA,8.0,82.4,5.8,8.6,0.27564102564102566,0,0,-1,2.5,43.0
00-0038994,Jordan Addison,MIN,2024,16,35.0,5,8,0.89,SEA,8.0,94.6,6.0,8.8,0.28205128205128205,0,0,-1,2.5,43.0
00-0033307,Kendrick Bourne,NE,2024,16,18.0,2,2,0.7,BUF,27.0,26.0,2.2,3.6,0.12162162162162163,0,0,0,-14.0,48.0
00-0038608,Kayshon Boutte,NE,2024,16,95.0,5,7,0.88,BUF,27.0,29.2,2.8,5.4,0.18243243243243243,0,0,0,-14.0,48.0
00-0034860,Dante Pettis,NO,2024,16,31.0,2,7,0.66,GB,19.0,28.2,2.0,4.8,0.16783216783216784,0,0,0,-14.0,44.0
00-0037231,Kevin Austin,NO,2024,16,17.0,1,4,0.89,GB,19.0,15.5,1.5,3.25,0.09090909090909091,0,0,0,-14.0,44.0
00-0035535,Darius Slayton,NYG,2024,16,21.0,1,2,0.85,ATL,22.0,41.6,2.4,4.6,0.13218390804597702,0,1,1,-9.5,42.5
00-0038117,Wan'Dale Robinson,NYG,2024,16,62.0,7,12,0.93,ATL,22.0,36.0,4.0,7.0,0.20114942528735633,0,1,1,-9.5,42.5
00-0039337,Malik Nabers,NYG,2024,16,68.0,7,14,0.9,ATL,22.0,68.8,7.0,11.2,0.3218390804597701,0,1,1,-9.5,42.5
00-0031381,Davante Adams,NYJ,2024,16,68.0,7,13,0.97,LA,10.0,95.2,7.0,11.0,0.32934131736526945,0,0,-3,-3.0,47.0
00-0034521,Allen Lazard,NYJ,2024,16,20.0,2,5,0.74,LA,10.0,44.8,3.2,6.0,0.17964071856287425,0,0,-3,-3.0,47.0
00-0037740,Garrett Wilson,NYJ,2024,16,54.0,6,7,1.0,LA,10.0,54.0,4.8,8.0,0.23952095808383234,0,0,-3,-3.0,47.0
00-0035676,A.J. Brown,PHI,2024,16,97.0,8,15,1.0,WAS,4.0,78.6,5.6,7.2,0.32432432432432434,0,0,0,4.0,47.0
00-0036912,DeVonta Smith,PHI,2024,16,51.0,6,8,0.82,WAS,4.0,55.2,5.0,6.6,0.2972972972972973,0,0,0,4.0,47.0
00-0036415,Van Jefferson,PIT,2024,16,27.0,2,3,0.78,BAL,13.0,23.0,1.4,2.6,0.09420289855072464,0,0,0,-7.0,44.5
00-0037837,Calvin Austin,PIT,2024,16,65.0,4,5,0.8,BAL,13.0,35.4,2.4,4.4,0.15942028985507245,0,0,0,-7.0,44.5
00-0032211,Tyler Lockett,SEA,2024,16,19.0,2,2,0.69,MIN,31.0,24.8,1.6,2.4,0.08108108108108109,0,0,1,-2.5,43.0
00-0035640,DK Metcalf,SEA,2024,16,57.0,3,7,0.89,MIN,31.0,54.4,4.4,6.4,0.21621621621621623,0,0,1,-2.5,43.0
00-0038543,Jaxon Smith-Njigba,SEA,2024,16,95.0,8,12,0.88,MIN,31.0,85.2,7.0,7.8,0.2635135135135135,0,0,1,-2.5,43.0
00-0035719,Deebo Samuel,SF,2024,16,96.0,7,9,0.83,MIA,18.0,20.2,2.8,5.2,0.21138211382113822,0,0,3,2.0,44.0
00-0036259,Jauan Jennings,SF,2024,16,51.0,4,6,0.94,MIA,18.0,61.6,5.4,8.0,0.3252032520325203,0,0,3,2.0,44.0
00-0039916,Ricky Pearsall,SF,2024,16,37.0,4,4,0.72,MIA,18.0,31.333333333333332,2.3333333333333335,4.0,0.0975609756097561,0,0,3,2.0,44.0
00-0031408,Mike Evans,TB,2024,16,69.0,5,8,0.81,DAL,23.0,95.2,6.2,8.2,0.2789115646258503,0,1,0,4.5,47.5
00-0039855,Jalen McMillan,TB,2024,16,57.0,5,7,0.83,DAL,23.0,41.0,3.2,5.0,0.17006802721088435,0,1,0,4.5,47.5
00-0034837,Calvin Ridley,TEN,2024,16,78.0,3,5,0.89,IND,7.0,59.2,4.2,7.2,0.22784810126582278,0,1,0,-4.0,42.5
00-0036182,Nick Westbrook-Ikhine,TEN,2024,16,17.0,2,4,0.9,IND,7.0,50.8,2.0,4.8,0.1518987341772152,0,1,0,-4.0,42.5
00-0035208,Olamide Zaccheaus,WAS,2024,16,70.0,5,8,0.69,PHI,2.0,15.6,1.8,3.2,0.10062893081761007,0,0,0,-4.0,47.0
00-0035659,Terry McLaurin,WAS,2024,16,60.0,5,6,0.91,PHI,2.0,74.2,5.2,6.4,0.20125786163522014,0,0,0,-4.0,47.0
00-0036626,Dyami Brown,WAS,2024,16,56.0,4,5,0.66,PHI,2.0,23.5,2.5,4.0,0.050314465408805034,0,0,0,-4.0,47.0
00-0038559,Michael Wilson,ARI,2024,17,22.0,4,6,0.87,LA,9.0,43.8,2.6,4.2,0.12,0,1,0,-6.5,48.0
00-0039849,Marvin Harrison,ARI,2024,17,96.0,6,10,0.84,LA,9.0,45.4,3.6,8.0,0.22857142857142856,0,1,0,-6.5,48.0
00-0034407,Ray-Ray McCloud,ATL,2024,17,13.0,1,1,0.63,WAS,3.0,57.6,4.8,6.2,0.21232876712328766,0,0,0,-3.5,46.5
00-0036309,Darnell Mooney,ATL,2024,17,37.0,2,5,0.97,WAS,3.0,68.0,3.8,5.8,0.19863013698630136,0,0,0,-3.5,46.5
00-0037238,Drake London,ATL,2024,17,106.0,7,13,0.97,WAS,3.0,65.8,5.0,8.8,0.3013698630136986,0,0,0,-3.5,46.5
00-0039064,Zay Flowers,BAL,2024,17,31.0,2,5,0.65,HOU,27.0,65.6,4.2,7.2,0.2706766917293233,1,1,0,5.5,46.5
00-0037261,Khalil Shakir,BUF,2024,17,25.0,3,6,0.61,NYJ,17.0,64.2,5.6,8.4,0.27631578947368424,0,0,0,10.0,44.5
00-0039901,Keon Coleman,BUF,2024,17,27.0,3,7,0.9,NYJ,17.0,59.4,2.4,4.0,0.13157894736842105,0,0,0,10.0,44.5
00-0030035,Adam Thielen,CAR,2024,17,110.0,5,6,0.85,TB,14.0,65.8,5.4,7.0,0.22151898734177214,0,0,0,-9.5,47.5
00-0039342,Xavier Legette,CAR,2024,17,28.0,5,9,0.68,TB,14.0,44.2,3.4,6.4,0.20253164556962025,1,0,0,-9.5,47.5
00-0039491,Jalen Coker,CAR,2024,17,35.0,2,2,0.87,TB,14.0,53.4,3.2,5.6,0.17721518987341772,0,0,0,-9.5,47.5
00-0030279,Keenan Allen,CHI,2024,17,25.0,5,8,0.95,SEA,16.0,82.4,6.4,10.8,0.30857142857142855,0,0,0,-3.5,43.5
00-0034827,D.J. Moore,CHI,2024,17,54.0,6,8,0.95,SEA,16.0,73.2,7.2,9.8,0.28,0,0,0,-3.5,43.5
00-0039919,Rome Odunze,CHI,2024,17,15.0,1,4,0.92,SEA,16.0,44.4,3.4,7.0,0.2,0,0,0,-3.5,43.5
00-0036410,Tee Higgins,CIN,2024,17,131.0,11,12,0.69,DEN,30.0,77.2,5.8,9.4,0.25,1,0,-3,3.5,50.5
00-0036900,Ja'Marr Chase,CIN,2024,17,102.0,9,15,0.98,DEN,30.0,105.8,8.4,11.8,0.31382978723404253,0,0,-3,3.5,50.5
00-0038619,Andrei Iosivas,CIN,2024,17,59.0,3,4,0.79,DEN,30.0,36.0,2.8,3.8,0.10106382978723404,0,0,-3,3.5,50.5
00-0036407,Jerry Jeudy,CLE,2024,17,94.0,12,18,0.97,MIA,23.0,102.4,6.6,8.4,0.22826086956521738,0,0,0,-3.0,32.5
00-0036980,Elijah Moore,CLE,2024,17,1.0,1,5,0.65,MIA,23.0,37.2,3.6,6.8,0.18478260869565216,0,0,0,-3.0,32.5
00-0031236,Brandin Cooks,DAL,2024,17,52.0,4,8,0.68,PHI,5.0,23.4,2.0,4.2,0.1346153846153846,0,0,0,-7.5,37.5
00-0037666,Jalen Tolbert,DAL,2024,17,30.0,3,4,0.68,PHI,5.0,19.6,1.8,4.2,0.1346153846153846,1,0,0,-7.5,37.5
00-0034348,Courtland Sutton,DEN,2024,17,55.0,5,9,0.93,CIN,26.0,71.8,5.8,8.4,0.25,0,0,3,-3.5,50.5
00-0036963,Amon-Ra St. Brown,DET,2024,17,60.0,8,10,0.79,SF,1.0,88.2,7.2,9.2,0.24338624338624337,0,0,0,4.0,50.5
00-0037240,Jameson Williams,DET,2024,17,77.0,5,8,0.79,SF,1.0,70.4,4.6,6.8,0.17989417989417988,0,0,0,4.0,50.5
00-0037816,Romeo Doubs,GB,2024,17,58.0,7,11,0.86,MIN,31.0,35.4,2.6,4.2,0.1721311475409836,0,1,-1,1.0,49.0
00-0038393,Dontayvion Wicks,GB,2024,17,43.0,4,5,0.73,MIN,31.0,38.0,3.6,7.4,0.30327868852459017,0,1,-1,1.0,49.0
00-0039146,Jayden Reed,GB,2024,17,6.0,1,4,0.71,MIN,31.0,72.8,4.2,6.0,0.2459016393442623,0,1,-1,1.0,49.0
00-0036554,Nico Collins,HOU,2024,17,59.0,3,6,0.71,BAL,2.0,87.8,7.2,10.2,0.3227848101265823,0,1,0,-5.5,46.5
00-0037614,John Metchie,HOU,2024,17,48.0,5,8,0.71,BAL,2.0,31.4,2.4,3.4,0.10759493670886076,0,1,0,-5.5,46.5
00-0038618,Xavier Hutchinson,HOU,2024,17,21.0,2,4,0.7,BAL,2.0,13.4,1.2,2.4,0.0759493670886076,0,1,0,-5.5,46.5
00-0036252,Michael Pittman,IND,2024,17,109.0,9,10,0.94,NYG,15.0,52.2,4.8,6.8,0.2764227642276423,0,0,0,7.5,40.5
00-0037664,Alec Pierce,IND,2024,17,122.0,6,9,0.95,NYG,15.0,50.2,2.6,4.8,0.1951219512195122,0,0,0,7.5,40.5
00-0038997,Josh Downs,IND,2024,17,22.0,3,4,0.61,NYG,15.0,60.0,4.0,7.0,0.2845528455284553,0,0,0,7.5,40.5
00-0038606,Parker Washington,JAX,2024,17,31.0,3,3,0.83,TEN,7.0,53.4,4.0,6.4,0.1797752808988764,0,0,0,-1.0,38.0
00-0039893,Brian Thomas,JAX,2024,17,91.0,7,10,0.84,TEN,7.0,96.2,7.2,11.2,0.3146067415730337,0,0,0,-1.0,38.0
00-0039894,Xavier Worthy,KC,2024,17,79.0,8,9,0.85,PIT,21.0,41.8,4.6,7.6,0.19387755102040816,0,0,0,3.0,43.5
00-0032775,Demarcus Robinson,LA,2024,17,0.0,0,2,0.79,ARI,8.0,12.8,0.8,1.8,0.06818181818181818,0,1,0,6.5,48.0
00-0033908,Cooper Kupp,LA,2024,17,29.0,1,3,0.84,ARI,8.0,38.6,3.8,6.2,0.23484848484848486,0,1,0,6.5,48.0
00-0039075,Puka Nacua,LA,2024,17,129.0,10,14,0.95,ARI,8.0,97.6,8.2,10.4,0.3939393939393939,0,1,0,6.5,48.0
00-0038544,Quentin Johnston,LAC,2024,17,48.0,5,8,0.68,NE,10.0,24.6,3.0,6.4,0.21476510067114093,0,0,3,6.0,42.0
00-0039915,Ladd McConkey,LAC,2024,17,94.0,8,10,0.77,NE,10.0,93.6,6.4,8.0,0.2684563758389262,0,0,3,6.0,42.0
00-0034960,Jakobi Meyers,LV,2024,17,61.0,5,9,0.83,NO,22.0,77.0,6.0,10.0,0.2702702702702703,0,1,1,2.0,37.5
00-0038563,Tre Tucker,LV,2024,17,24.0,2,8,0.9,NO,22.0,41.2,2.8,4.2,0.11351351351351352,0,1,1,2.0,37.5
00-0033040,Tyreek Hill,MIA,2024,17,105.0,9,9,0.88,CLE,11.0,62.2,5.2,8.6,0.21608040201005024,1,0,0,3.0,32.5
00-0039880,Malik Washington,MIA,2024,17,41.0,4,5,0.87,CLE,11.0,28.0,3.0,4.0,0.020100502512562814,0,0,0,3.0,32.5
00-0036322,Justin Jefferson,MIN,2024,17,92.0,8,11,0.94,GB,12.0,95.0,6.6,9.6,0.3,0,1,1,-1.0,49.0
00-0038994,Jordan Addison,MIN,2024,17,69.0,6,8,0.9,GB,12.0,89.4,6.4,8.8,0.275,0,1,1,-1.0,49.0
00-0033307,Kendrick Bourne,NE,2024,17,22.0,2,4,0.72,LAC,13.0,22.4,2.0,3.2,0.10256410256410256,0,0,-3,-6.0,42.0
00-0038608,Kayshon Boutte,NE,2024,17,28.0,4,5,0.77,LAC,13.0,38.8,3.0,5.6,0.1794871794871795,0,0,-3,-6.0,42.0
00-0038621,Demario Douglas,NE,2024,17,46.0,4,5,0.92,LAC,13.0,44.0,5.0,6.4,0.20512820512820512,0,0,-3,-6.0,42.0
00-0034272,Marquez Valdes-Scantling,NO,2024,17,0.0,0,2,0.78,LV,20.0,49.0,2.2,4.6,0.15333333333333332,1,1,-1,-2.0,37.5
00-0037231,Kevin Austin,NO,2024,17,23.0,1,2,0.7,LV,20.0,15.8,1.4,3.4,0.11333333333333333,0,1,-1,-2.0,37.5
00-0035535,Darius Slayton,NYG,2024,17,32.0,1,3,0.8,IND,6.0,24.2,1.8,3.6,0.1005586592178771,0,0,0,-7.5,40.5
00-0038117,Wan'Dale Robinson,NYG,2024,17,71.0,5,6,0.64,IND,6.0,38.2,4.4,7.8,0.21787709497206703,0,0,0,-7.5,40.5
00-0039337,Malik Nabers,NYG,2024,17,171.0,7,8,0.84,IND,6.0,72.4,7.2,12.0,0.33519553072625696,1,0,0,-7.5,40.5
00-0031381,Davante Adams,NYJ,2024,17,47.0,5,8,0.76,BUF,28.0,102.6,7.2,11.0,0.3125,1,0,0,-10.0,44.5
00-0034521,Allen Lazard,NYJ,2024,17,9.0,1,3,0.86,BUF,28.0,37.2,2.6,5.4,0.1534090909090909,0,0,0,-10.0,44.5
00-0037740,Garrett Wilson,NYJ,2024,17,66.0,7,8,0.83,BUF,28.0,56.6,5.0,8.2,0.23295454545454544,0,0,0,-10.0,44.5
00-0035676,A.J. Brown,PHI,2024,17,36.0,3,5,0.91,DAL,25.0,85.0,6.2,8.6,0.38738738738738737,0,0,0,7.5,37.5
00-0036912,DeVonta Smith,PHI,2024,17,120.0,6,7,0.8,DAL,25.0,48.0,5.4,7.0,0.3153153153153153,0,0,0,7.5,37.5
00-0037247,George Pickens,PIT,2024,17,50.0,3,7,0.91,KC,19.0,75.2,4.8,7.4,0.2803030303030303,0,0,0,-3.0,43.5
00-0037837,Calvin Austin,PIT,2024,17,31.0,4,5,0.75,KC,19.0,46.4,3.0,4.6,0.17424242424242425,0,0,0,-3.0,43.5
00-0032211,Tyler Lockett,SEA,2024,17,20.0,3,4,0.69,CHI,32.0,16.0,1.4,2.0,0.06289308176100629,0,0,0,3.5,43.5
00-0035640,DK Metcalf,SEA,2024,17,42.0,3,3,0.88,CHI,32.0,51.8,3.6,6.0,0.18867924528301888,0,0,0,3.5,43.5
00-0038543,Jaxon Smith-Njigba,SEA,2024,17,32.0,3,6,0.96,CHI,32.0,82.2,6.6,8.0,0.25157232704402516,0,0,0,3.5,43.5
00-0035719,Deebo Samuel,SF,2024,17,5.0,1,1,0.83,DET,24.0,35.0,3.4,5.6,0.21374045801526717,0,0,0,-4.0,50.5
00-0036259,Jauan Jennings,SF,2024,17,67.0,7,10,0.94,DET,24.0,53.6,4.2,7.0,0.26717557251908397,0,0,0,-4.0,50.5
00-0039916,Ricky Pearsall,SF,2024,17,141.0,8,10,0.7,DET,24.0,32.75,2.75,4.0,0.12213740458015267,0,0,0,-4.0,50.5
00-0031408,Mike Evans,TB,2024,17,97.0,8,9,0.62,CAR,4.0,96.6,6.2,8.4,0.2608695652173913,0,0,0,9.5,47.5
00-0039855,Jalen McMillan,TB,2024,17,51.0,5,5,0.69,CAR,4.0,45.4,3.4,5.0,0.15527950310559005,0,0,0,9.5,47.5
00-0033009,Tyler Boyd,TEN,2024,17,14.0,2,4,0.75,JAX,29.0,25.8,2.8,4.4,0.13580246913580246,1,0,0,1.0,38.0
00-0034837,Calvin Ridley,TEN,2024,17,84.0,5,6,0.93,JAX,29.0,63.2,4.0,7.0,0.21604938271604937,0,0,0,1.0,38.0
00-0036182,Nick Westbrook-Ikhine,TEN,2024,17,37.0,3,6,1.0,JAX,29.0,30.8,2.0,4.4,0.13580246913580246,0,0,0,1.0,38.0
00-0035208,Olamide Zaccheaus,WAS,2024,17,85.0,8,9,0.76,ATL,18.0,22.2,2.0,3.4,0.10429447852760736,0,0,0,3.5,46.5
00-0035659,Terry McLaurin,WAS,2024,17,5.0,1,7,0.82,ATL,18.0,63.6,5.2,6.4,0.19631901840490798,0,0,0,3.5,46.5
00-0039849,Marvin Harrison,ARI,2024,18,63.0,5,6,0.74,SF,3.0,55.2,4.2,8.8,0.23655913978494625,0,1,2,4.5,42.5
00-0034407,Ray-Ray McCloud,ATL,2024,18,66.0,4,7,1.0,CAR,12.0,54.2,4.4,5.6,0.18421052631578946,0,1,0,7.5,48.5
00-0034854,KhaDarel Hodge,ATL,2024,18,24.0,1,2,0.9,CAR,12.0,34.5,2.0,4.0,0.05263157894736842,0,1,0,7.5,48.5
00-0037238,Drake London,ATL,2024,18,187.0,10,18,0.99,CAR,12.0,74.8,5.8,10.0,0.32894736842105265,0,1,0,7.5,48.5
00-0036550,Rashod Bateman,BAL,2024,18,76.0,5,8,0.71,CLE,10.0,40.6,3.0,5.0,0.21008403361344538,0,0,4,19.5,42.5
00-0036630,Tylan Wallace,BAL,2024,18,0.0,0,1,0.73,CLE,10.0,,,,,0,0,4,19.5,42.5
00-0033282,Curtis Samuel,BUF,2024,18,52.0,7,8,0.67,NE,8.0,33.0,3.4,6.4,0.22695035460992907,1,0,-1,3.0,36.5
00-0033555,Mack Hollins,BUF,2024,18,25.0,3,4,0.99,NE,8.0,41.0,3.2,3.8,0.1347517730496454,0,0,-1,3.0,36.5
00-0039901,Keon Coleman,BUF,2024,18,31.0,2,10,0.97,NE,8.0,39.8,2.2,4.0,0.14184397163120568,0,0,-1,3.0,36.5
00-0030035,Adam Thielen,CAR,2024,18,44.0,5,6,0.76,ATL,13.0,83.8,6.0,7.6,0.2585034013605442,0,1,0,-7.5,48.5
00-0039491,Jalen Coker,CAR,2024,18,62.0,7,7,0.93,ATL,13.0,54.4,3.0,5.4,0.1836734693877551,0,1,0,-7.5,48.5
00-0030279,Keenan Allen,CHI,2024,18,25.0,3,3,0.87,GB,29.0,70.2,5.6,9.4,0.3051948051948052,0,0,3,-10.0,41.5
00-0034827,D.J. Moore,CHI,2024,18,86.0,9,10,0.98,GB,29.0,62.8,7.0,10.0,0.3246753246753247,0,0,3,-10.0,41.5
00-0039919,Rome Odunze,CHI,2024,18,18.0,2,2,0.89,GB,29.0,39.6,2.6,5.8,0.18831168831168832,0,0,3,-10.0,41.5
00-0036410,Tee Higgins,CIN,2024,18,53.0,4,5,0.68,PIT,28.0,73.8,6.2,9.2,0.24083769633507854,1,0,-3,2.5,48.5
00-0036900,Ja'Marr Chase,CIN,2024,18,96.0,10,14,0.99,PIT,28.0,111.2,8.8,12.2,0.3193717277486911,0,0,-3,2.5,48.5
00-0038619,Andrei Iosivas,CIN,2024,18,12.0,2,3,0.86,PIT,28.0,38.6,2.8,4.0,0.10471204188481675,0,0,-3,2.5,48.5
00-0036407,Jerry Jeudy,CLE,2024,18,63.0,6,13,0.95,BAL,1.0,104.2,7.8,10.8,0.27,0,0,-4,-19.5,42.5
00-0036980,Elijah Moore,CLE,2024,18,36.0,3,5,0.95,BAL,1.0,33.2,3.2,6.8,0.17,0,0,-4,-19.5,42.5
00-0031236,Brandin Cooks,DAL,2024,18,15.0,3,9,0.69,WAS,6.0,30.6,2.4,4.6,0.1503267973856209,0,1,0,-7.0,43.5
00-0037666,Jalen Tolbert,DAL,2024,18,98.0,4,6,0.72,WAS,6.0,22.8,1.8,4.0,0.13071895424836602,0,1,0,-7.0,43.5
00-0034348,Courtland Sutton,DEN,2024,18,98.0,5,7,0.65,KC,15.0,67.2,5.4,8.6,0.25595238095238093,0,0,-3,10.5,40.5
00-0036963,Amon-Ra St. Brown,DET,2024,18,77.0,6,7,0.81,MIN,27.0,87.8,7.6,9.8,0.25925925925925924,0,1,-1,3.0,56.5
00-0037240,Jameson Williams,DET,2024,18,34.0,6,8,0.81,MIN,27.0,73.0,4.6,7.0,0.18518518518518517,0,1,-1,3.0,56.5
00-0038393,Dontayvion Wicks,GB,2024,18,49.0,5,6,0.74,CHI,26.0,31.0,3.4,5.8,0.2248062015503876,0,0,-3,10.0,41.5
00-0038465,Malik Heath,GB,2024,18,53.0,3,5,0.6,CHI,26.0,9.0,1.3333333333333333,2.0,0.046511627906976744,0,0,-3,10.0,41.5
00-0039146,Jayden Reed,GB,2024,18,48.0,2,2,0.69,CHI,26.0,46.2,3.0,5.2,0.20155038759689922,0,0,-3,10.0,41.5
00-0030431,Robert Woods,HOU,2024,18,39.0,2,3,0.62,TEN,4.0,23.6,2.2,4.4,0.14102564102564102,0,0,4,-2.5,36.5
00-0037614,John Metchie,HOU,2024,18,24.0,2,4,0.6,TEN,4.0,32.2,2.8,4.4,0.14102564102564102,0,0,4,-2.5,36.5
00-0038618,Xavier Hutchinson,HOU,2024,18,5.0,1,2,0.8,TEN,4.0,11.4,1.2,2.6,0.08333333333333333,0,0,4,-2.5,36.5
00-0036252,Michael Pittman,IND,2024,18,72.0,6,10,0.91,JAX,14.0,64.8,5.6,7.2,0.2727272727272727,0,1,0,3.5,45.5
00-0037664,Alec Pierce,IND,2024,18,57.0,2,2,0.82,JAX,14.0,66.4,3.2,6.0,0.22727272727272727,0,1,0,3.5,45.5
00-0038997,Josh Downs,IND,2024,18,94.0,10,13,0.76,JAX,14.0,63.8,4.4,7.2,0.2727272727272727,0,1,0,3.5,45.5
00-0038606,Parker Washington,JAX,2024,18,15.0,2,4,0.86,IND,20.0,51.4,4.0,5.8,0.1695906432748538,0,1,0,-3.5,45.5
00-0039893,Brian Thomas,JAX,2024,18,103.0,7,11,0.9,IND,20.0,98.0,7.6,11.8,0.34502923976608185,0,1,0,-3.5,45.5
00-0033857,JuJu Smith-Schuster,KC,2024,18,4.0,1,2,0.94,DEN,32.0,50.0,3.0,4.4,0.1111111111111111,0,0,3,-10.5,40.5
00-0034386,Justin Watson,KC,2024,18,5.0,1,3,0.97,DEN,32.0,21.0,2.0,2.4,0.06060606060606061,0,0,3,-10.5,40.5
00-0038519,Nikko Remigio,KC,2024,18,48.0,2,6,0.91,DEN,32.0,,,,,0,0,3,-10.5,40.5
00-0032775,Demarcus Robinson,LA,2024,18,72.0,3,6,0.94,SEA,7.0,9.8,0.4,1.6,0.06349206349206349,0,1,-2,-7.5,38.5
00-0036427,Tyler Johnson,LA,2024,18,35.0,4,7,0.76,SEA,7.0,52.0,3.6666666666666665,5.666666666666667,0.1349206349206349,0,1,-2,-7.5,38.5
00-0038544,Quentin Johnston,LAC,2024,18,186.0,13,14,0.73,LV,16.0,34.2,4.0,7.0,0.22875816993464052,0,1,1,7.0,42.5
00-0039915,Ladd McConkey,LAC,2024,18,95.0,5,8,0.68,LV,16.0,87.8,6.8,8.2,0.2679738562091503,0,1,1,7.0,42.5
00-0034960,Jakobi Meyers,LV,2024,18,123.0,9,10,0.94,LAC,11.0,65.0,5.0,8.8,0.25142857142857145,0,1,-1,-7.0,42.5
00-0038563,Tre Tucker,LV,2024,18,24.0,3,4,0.8,LAC,11.0,29.6,1.8,4.2,0.12,0,1,-1,-7.0,42.5
00-0036613,Jaylen Waddle,MIA,2024,18,44.0,4,9,0.9,NYJ,17.0,78.0,5.2,6.8,0.18579234972677597,1,0,0,-1.5,39.5
00-0039880,Malik Washington,MIA,2024,18,48.0,4,5,0.61,NYJ,17.0,34.5,3.5,4.5,0.04918032786885246,0,0,0,-1.5,39.5
00-0036322,Justin Jefferson,MIN,2024,18,54.0,3,9,0.98,DET,31.0,108.0,7.8,10.8,0.32142857142857145,0,1,1,-3.0,56.5
00-0038994,Jordan Addison,MIN,2024,18,0.0,1,6,0.89,DET,31.0,70.8,6.0,8.6,0.25595238095238093,0,1,1,-3.0,56.5
00-0038608,Kayshon Boutte,NE,2024,18,117.0,7,7,0.7,BUF,30.0,37.8,3.0,5.4,0.1888111888111888,0,0,1,-3.0,36.5
00-0038621,Demario Douglas,NE,2024,18,34.0,3,4,0.75,BUF,30.0,34.8,4.6,5.6,0.1958041958041958,0,0,1,-3.0,36.5
00-0039853,Javon Baker,NE,2024,18,12.0,1,1,0.61,BUF,30.0,,,,,0,0,1,-3.0,36.5
00-0034272,Marquez Valdes-Scantling,NO,2024,18,33.0,3,8,0.7,TB,19.0,47.6,2.0,4.6,0.14838709677419354,0,0,0,-14.5,44.5
00-0035535,Darius Slayton,NYG,2024,18,0.0,0,1,0.91,PHI,2.0,20.8,1.4,3.6,0.10526315789473684,0,0,0,-3.0,36.5
00-0038117,Wan'Dale Robinson,NYG,2024,18,43.0,10,11,0.74,PHI,2.0,43.0,4.4,8.0,0.23391812865497075,0,0,0,-3.0,36.5
00-0039337,Malik Nabers,NYG,2024,18,64.0,5,8,0.7,PHI,2.0,93.8,7.4,11.8,0.34502923976608185,0,0,0,-3.0,36.5
00-0031381,Davante Adams,NYJ,2024,18,88.0,6,12,0.92,MIA,21.0,97.6,7.0,11.2,0.3146067415730337,0,0,0,1.5,39.5
00-0034521,Allen Lazard,NYJ,2024,18,71.0,3,3,0.89,MIA,21.0,32.2,2.0,4.0,0.11235955056179775,0,0,0,1.5,39.5
00-0037740,Garrett Wilson,NYJ,2024,18,51.0,4,5,0.98,MIA,21.0,66.2,5.6,8.2,0.2303370786516854,0,0,0,1.5,39.5
00-0037741,Jahan Dotson,PHI,2024,18,94.0,7,11,0.94,NYG,22.0,7.2,1.4,2.0,0.09090909090909091,0,0,0,3.0,36.5
00-0039236,Johnny Wilson,PHI,2024,18,24.0,3,5,0.96,NYG,22.0,0.0,0.0,1.0,0.00909090909090909,0,0,0,3.0,36.5
00-0039747,Ainias Smith,PHI,2024,18,35.0,4,6,0.69,NYG,22.0,,,,,0,0,0,3.0,36.5
00-0036415,Van Jefferson,PIT,2024,18,18.0,3,4,0.67,CIN,25.0,16.0,1.0,2.2,0.07746478873239436,0,0,3,-2.5,48.5
00-0037247,George Pickens,PIT,2024,18,0.0,1,6,0.92,CIN,25.0,70.4,4.6,7.8,0.2746478873239437,0,0,3,-2.5,48.5
00-0037837,Calvin Austin,PIT,2024,18,0.0,0,1,0.66,CIN,25.0,38.2,3.4,4.4,0.15492957746478872,0,0,3,-2.5,48.5
00-0035640,DK Metcalf,SEA,2024,18,53.0,3,5,0.89,LA,23.0,48.4,3.4,5.6,0.1830065359477124,0,1,2,7.5,38.5
00-0038543,Jaxon Smith-Njigba,SEA,2024,18,9.0,4,5,0.95,LA,23.0,73.2,6.0,7.8,0.2549019607843137,0,1,2,7.5,38.5
00-0039365,Jacob Cowing,SF,2024,18,30.0,2,2,0.66,ARI,5.0,,,,,0,1,-2,-4.5,42.5
00-0039916,Ricky Pearsall,SF,2024,18,69.0,6,8,0.92,ARI,5.0,54.4,3.8,5.2,0.18571428571428572,0,1,-2,-4.5,42.5
00-0031408,Mike Evans,TB,2024,18,89.0,9,14,0.88,NO,9.0,102.4,6.8,9.0,0.27607361963190186,0,0,0,14.5,44.5
00-0032385,Sterling Shepard,TB,2024,18,11.0,1,2,0.63,NO,9.0,20.0,2.4,3.8,0.1165644171779141,1,0,0,14.5,44.5
00-0039855,Jalen McMillan,TB,2024,18,74.0,5,6,0.88,NO,9.0,53.4,4.2,5.6,0.17177914110429449,0,0,0,14.5,44.5
00-0036182,Nick Westbrook-Ikhine,TEN,2024,18,50.0,4,7,0.97,HOU,18.0,28.6,2.2,4.6,0.1377245508982036,0,0,-4,2.5,36.5
00-0035208,Olamide Zaccheaus,WAS,2024,18,51.0,2,5,0.69,DAL,24.0,37.0,3.4,4.8,0.14457831325301204,0,1,0,7.0,43.5
00-0035659,Terry McLaurin,WAS,2024,18,62.0,8,12,0.91,DAL,24.0,62.6,5.2,7.4,0.22289156626506024,0,1,0,7.0,43.5
00-0033555,Mack Hollins,BUF,2024,19,19.0,1,2,0.68,DEN,11.0,40.0,2.8,3.6,0.11688311688311688,0,0,0,7.5,48.5
00-0039901,Keon Coleman,BUF,2024,19,5.0,1,3,0.61,DEN,11.0,32.0,1.6,4.6,0.14935064935064934,0,0,0,7.5,48.5
00-0034348,Courtland Sutton,DEN,2024,19,75.0,5,9,0.98,BUF,12.0,67.4,4.8,8.0,0.25157232704402516,0,0,0,-7.5,48.5
00-0038976,Marvin Mims,DEN,2024,19,12.0,2,4,0.69,BUF,12.0,0.0,0.0,1.0,0.006289308176100629,0,0,0,-7.5,48.5
00-0038393,Dontayvion Wicks,GB,2024,19,39.0,2,6,0.77,PHI,1.0,36.8,4.0,5.6,0.2222222222222222,0,0,0,-5.5,45.5
00-0036554,Nico Collins,HOU,2024,19,122.0,7,8,0.88,LAC,4.0,69.4,5.4,8.4,0.27450980392156865,0,1,0,-3.0,41.5
00-0032775,Demarcus Robinson,LA,2024,19,23.0,1,2,0.72,MIN,8.0,14.4,0.6,2.2,0.07692307692307693,0,1,0,-2.5,47.5
00-0039075,Puka Nacua,LA,2024,19,44.0,5,9,0.85,MIN,8.0,100.0,8.4,10.6,0.3706293706293706,0,1,0,-2.5,47.5
00-0038544,Quentin Johnston,LAC,2024,19,0.0,0,5,0.84,HOU,7.0,69.0,6.2,9.0,0.2727272727272727,1,1,0,3.0,41.5
00-0039915,Ladd McConkey,LAC,2024,19,197.0,9,14,0.89,HOU,7.0,90.2,6.6,8.6,0.2606060606060606,0,1,0,3.0,41.5
00-0036322,Justin Jefferson,MIN,2024,19,58.0,5,8,0.92,LA,9.0,99.0,7.0,10.8,0.3068181818181818,0,1,0,2.5,47.5
00-0037291,Jalen Nailor,MIN,2024,19,33.0,3,5,0.72,LA,9.0,44.25,2.75,3.5,0.07954545454545454,0,1,0,2.5,47.5
00-0038994,Jordan Addison,MIN,2024,19,29.0,3,8,0.92,LA,9.0,60.0,5.4,8.6,0.24431818181818182,0,1,0,2.5,47.5
00-0035676,A.J. Brown,PHI,2024,19,10.0,1,3,0.93,GB,5.0,70.4,5.6,8.2,0.30597014925373134,0,0,0,5.5,45.5
00-0036912,DeVonta Smith,PHI,2024,19,55.0,4,4,0.9,GB,5.0,69.2,6.2,7.8,0.291044776119403,0,0,0,5.5,45.5
00-0036415,Van Jefferson,PIT,2024,19,37.0,2,2,0.74,BAL,2.0,19.6,1.6,2.6,0.0962962962962963,0,0,0,-9.5,44.5
00-0037247,George Pickens,PIT,2024,19,87.0,5,5,0.78,BAL,2.0,52.2,3.8,7.6,0.2814814814814815,0,0,0,-9.5,44.5
00-0037837,Calvin Austin,PIT,2024,19,25.0,1,2,0.72,BAL,2.0,33.4,2.8,3.6,0.13333333333333333,0,0,0,-9.5,44.5
00-0031408,Mike Evans,TB,2024,19,92.0,7,7,0.81,WAS,3.0,96.6,7.0,9.4,0.29375,0,0,0,3.0,51.5
00-0039855,Jalen McMillan,TB,2024,19,41.0,2,4,0.91,WAS,3.0,63.2,4.8,6.2,0.19375,0,0,0,3.0,51.5
00-0035208,Olamide Zaccheaus,WAS,2024,19,19.0,3,3,0.68,TB,6.0,46.2,3.6,5.4,0.16666666666666666,0,0,0,-3.0,51.5
00-0035659,Terry McLaurin,WAS,2024,19,89.0,7,10,0.78,TB,6.0,54.6,5.8,8.6,0.2654320987654321,0,0,0,-3.0,51.5
00-0036626,Dyami Brown,WAS,2024,19,89.0,5,5,0.62,TB,6.0,34.333333333333336,3.0,4.333333333333333,0.08024691358024691,0,0,0,-3.0,51.5
00-0036550,Rashod Bateman,BAL,2024,20,66.0,4,5,0.63,BUF,7.0,50.8,3.4,5.8,0.26126126126126126,0,0,1,1.5,51.5
00-0037261,Khalil Shakir,BUF,2024,20,67.0,6,7,0.67,BAL,3.0,56.2,4.8,8.2,0.2887323943661972,0,0,-1,-1.5,51.5
00-0039901,Keon Coleman,BUF,2024,20,5.0,1,1,0.66,BAL,3.0,28.8,1.6,4.8,0.16901408450704225,0,0,-1,-1.5,51.5
00-0036963,Amon-Ra St. Brown,DET,2024,20,137.0,8,10,0.96,WAS,2.0,88.6,7.8,9.8,0.2578947368421053,0,1,7,8.5,55.5
00-0037240,Jameson Williams,DET,2024,20,19.0,1,4,0.88,WAS,2.0,74.2,4.8,7.2,0.18947368421052632,0,1,7,8.5,55.5
00-0036554,Nico Collins,HOU,2024,20,81.0,5,8,0.82,KC,5.0,75.4,5.8,8.2,0.26973684210526316,0,0,-6,-9.5,41.5
00-0038618,Xavier Hutchinson,HOU,2024,20,52.0,4,6,0.62,KC,5.0,10.2,1.2,2.8,0.09210526315789473,0,0,-6,-9.5,41.5
00-0035662,Marquise Brown,KC,2024,20,0.0,0,2,0.67,HOU,4.0,38.2,3.8,7.6,0.2235294117647059,0,0,6,9.5,41.5
00-0039894,Xavier Worthy,KC,2024,20,45.0,5,6,0.82,HOU,4.0,55.4,6.0,8.6,0.2529411764705882,0,0,6,9.5,41.5
00-0032775,Demarcus Robinson,LA,2024,20,74.0,3,7,0.9,PHI,1.0,19.0,0.8,2.4,0.08633093525179857,0,0,-1,-7.0,43.5
00-0033908,Cooper Kupp,LA,2024,20,61.0,5,7,0.96,PHI,1.0,32.4,2.4,4.6,0.16546762589928057,0,0,-1,-7.0,43.5
00-0039075,Puka Nacua,LA,2024,20,97.0,6,14,0.89,PHI,1.0,97.6,8.4,10.8,0.38848920863309355,0,0,-1,-7.0,43.5
00-0035676,A.J. Brown,PHI,2024,20,14.0,2,7,0.97,LA,6.0,59.2,4.8,7.6,0.2857142857142857,0,0,1,7.0,43.5
00-0036912,DeVonta Smith,PHI,2024,20,21.0,4,4,0.9,LA,6.0,74.4,6.2,7.4,0.2781954887218045,0,0,1,7.0,43.5
00-0035659,Terry McLaurin,WAS,2024,20,87.0,4,6,0.93,DET,8.0,57.8,5.6,9.0,0.27439024390243905,0,1,-7,-8.5,55.5
00-0036626,Dyami Brown,WAS,2024,20,98.0,6,8,0.83,DET,8.0,48.0,3.5,4.5,0.10975609756097561,0,1,-7,-8.5,55.5
00-0033555,Mack Hollins,BUF,2024,21,73.0,3,4,0.67,KC,4.0,26.6,2.2,3.2,0.12213740458015267,0,0,-1,-1.5,49.5
00-0037261,Khalil Shakir,BUF,2024,21,46.0,6,7,0.78,KC,4.0,58.0,4.8,7.8,0.29770992366412213,0,0,-1,-1.5,49.5
00-0035662,Marquise Brown,KC,2024,21,35.0,3,5,0.65,BUF,2.0,31.6,2.6,6.2,0.1962025316455696,0,0,1,1.5,49.5
00-0039894,Xavier Worthy,KC,2024,21,85.0,6,7,0.82,BUF,2.0,55.2,6.2,8.6,0.2721518987341772,0,0,1,1.5,49.5
00-0035676,A.J. Brown,PHI,2024,21,96.0,6,8,0.89,WAS,3.0,53.4,4.4,8.2,0.3360655737704918,0,0,-1,6.0,46.5
00-0036912,DeVonta Smith,PHI,2024,21,45.0,4,4,0.83,WAS,3.0,71.2,6.2,7.0,0.28688524590163933,0,0,-1,6.0,46.5
00-0035208,Olamide Zaccheaus,WAS,2024,21,26.0,4,5,0.72,PHI,1.0,46.0,3.8,5.2,0.16049382716049382,0,0,1,-6.0,46.5
00-0035659,Terry McLaurin,WAS,2024,21,51.0,3,7,0.86,PHI,1.0,60.6,5.0,8.2,0.25308641975308643,0,0,1,-6.0,46.5
00-0036626,Dyami Brown,WAS,2024,21,42.0,3,5,0.77,PHI,1.0,58.0,4.0,5.2,0.16049382716049382,0,0,1,-6.0,46.5
00-0035662,Marquise Brown,KC,2024,22,15.0,2,6,0.73,PHI,1.0,33.8,2.4,5.6,0.19310344827586207,0,1,0,1.5,48.5
00-0039894,Xavier Worthy,KC,2024,22,157.0,8,8,0.91,PHI,1.0,64.0,6.4,8.8,0.30344827586206896,0,1,0,1.5,48.5
00-0035676,A.J. Brown,PHI,2024,22,43.0,3,5,0.88,KC,2.0,50.6,4.0,7.6,0.3140495867768595,0,1,0,-1.5,48.5
00-0036912,DeVonta Smith,PHI,2024,22,69.0,4,5,0.77,KC,2.0,58.4,4.8,5.4,0.2231404958677686,0,1,0,-1.5,48.5
00-0039849,Marvin Harrison Jr.,ARI,2025,1,71.0,5,6,0.89,NO,10.0,55.8,4.2,7.6,0.21714285714285714,0,1,0,6.0,44.5
00-0034407,Ray-Ray McCloud,ATL,2025,1,51.0,3,5,0.72,TB,19.0,58.2,4.0,5.8,0.19205298013245034,0,1,0,-1.5,47.5
00-0037238,Drake London,ATL,2025,1,55.0,8,15,0.88,TB,19.0,95.0,6.0,10.4,0.3443708609271523,0,1,0,-1.5,47.5
00-0039394,Casey Washington,ATL,2025,1,33.0,3,6,0.95,TB,19.0,,,,,0,1,0,-1.5,47.5
00-0039064,Zay Flowers,BAL,2025,1,143.0,7,9,0.9,BUF,8.0,64.0,4.2,7.0,0.3125,0,0,0,1.5,50.5
00-0036988,Josh Palmer,BUF,2025,1,61.0,5,9,0.62,BAL,4.0,35.6,3.0,5.4,0.2,0,0,0,-1.5,50.5
00-0037261,Khalil Shakir,BUF,2025,1,64.0,6,9,0.71,BAL,4.0,53.2,4.4,6.8,0.2518518518518518,0,0,0,-1.5,50.5
00-0039901,Keon Coleman,BUF,2025,1,112.0,8,11,0.88,BAL,4.0,17.0,1.6,4.6,0.17037037037037037,0,0,0,-1.5,50.5
00-0034983,Hunter Renfrow,CAR,2025,1,11.0,2,6,0.66,JAX,13.0,26.6,2.8,4.2,0.14893617021276595,0,0,0,-4.5,45.5
00-0039342,Xavier Legette,CAR,2025,1,10.0,3,7,0.78,JAX,13.0,43.2,3.6,7.0,0.24822695035460993,0,0,0,-4.5,45.5
00-0040124,Tetairoa McMillan,CAR,2025,1,68.0,5,9,0.83,JAX,13.0,,,,,0,0,0,-4.5,45.5
00-0034827,DJ Moore,CHI,2025,1,57.0,3,5,0.84,MIN,11.0,60.6,7.2,8.8,0.30985915492957744,0,0,0,-1.5,43.5
00-0039919,Rome Odunze,CHI,2025,1,37.0,6,9,0.94,MIN,11.0,38.2,2.6,5.0,0.176056338028169,0,0,0,-1.5,43.5
00-0036900,Ja'Marr Chase,CIN,2025,1,26.0,2,5,0.87,CLE,6.0,113.2,9.6,13.2,0.33,0,0,0,5.5,47.5
00-0036407,Jerry Jeudy,CLE,2025,1,66.0,5,8,0.88,CIN,5.0,69.8,7.2,10.8,0.3068181818181818,0,0,0,-5.5,47.5
00-0038979,Cedric Tillman,CLE,2025,1,52.0,5,8,0.88,CIN,5.0,69.0,5.4,9.2,0.26136363636363635,0,0,0,-5.5,47.5
00-0036358,CeeDee Lamb,DAL,2025,1,110.0,7,13,0.92,PHI,16.0,81.6,7.0,10.0,0.3333333333333333,0,0,0,-8.5,47.5
00-0034348,Courtland Sutton,DEN,2025,1,61.0,6,9,0.95,TEN,2.0,62.0,4.6,8.0,0.26490066225165565,0,0,0,8.5,42.5
00-0036963,Amon-Ra St. Brown,DET,2025,1,45.0,4,6,0.94,GB,3.0,107.4,8.4,10.6,0.2804232804232804,0,0,0,-1.5,48.5
00-0037240,Jameson Williams,DET,2025,1,23.0,4,5,0.97,GB,3.0,62.0,4.0,6.4,0.1693121693121693,0,0,0,-1.5,48.5
00-0036554,Nico Collins,HOU,2025,1,25.0,3,5,0.84,LA,14.0,67.8,5.2,7.6,0.24516129032258063,0,1,0,-3.5,43.5
00-0036252,Michael Pittman,IND,2025,1,80.0,6,8,0.82,MIA,23.0,60.0,5.6,7.8,0.2671232876712329,0,1,0,1.5,47.5
00-0039893,Brian Thomas Jr.,JAX,2025,1,11.0,1,7,0.86,CAR,18.0,103.4,8.2,12.0,0.375,0,0,0,4.5,45.5
00-0040718,Travis Hunter,JAX,2025,1,33.0,6,8,0.64,CAR,18.0,,,,,0,0,0,4.5,45.5
00-0033857,JuJu Smith-Schuster,KC,2025,1,55.0,5,5,0.8,LAC,14.0,49.0,3.0,4.6,0.16911764705882354,0,1,0,3.0,47.5
00-0035662,Marquise Brown,KC,2025,1,99.0,10,16,0.93,LAC,14.0,31.2,2.6,6.0,0.22058823529411764,0,1,0,3.0,47.5
00-0030279,Keenan Allen,LAC,2025,1,68.0,7,10,0.62,KC,24.0,60.6,5.2,8.4,0.25,0,1,0,-3.0,47.5
00-0038544,Quentin Johnston,LAC,2025,1,79.0,5,7,0.82,KC,24.0,59.4,5.2,8.6,0.25595238095238093,0,1,0,-3.0,47.5
00-0039915,Ladd McConkey,LAC,2025,1,74.0,6,9,0.85,KC,24.0,106.2,6.6,9.0,0.26785714285714285,0,1,0,-3.0,47.5
00-0034960,Jakobi Meyers,LV,2025,1,97.0,8,10,0.94,NE,1.0,70.2,5.6,8.6,0.24571428571428572,0,0,0,-2.5,44.5
00-0033040,Tyreek Hill,MIA,2025,1,40.0,4,6,0.62,IND,12.0,73.6,6.0,9.2,0.26436781609195403,0,1,0,-1.5,47.5
00-0036613,Jaylen Waddle,MIA,2025,1,30.0,4,5,0.65,IND,12.0,75.4,5.4,7.4,0.21264367816091953,0,1,0,-1.5,47.5
00-0036322,Justin Jefferson,MIN,2025,1,44.0,4,7,0.98,CHI,27.0,84.2,6.6,11.0,0.29411764705882354,0,0,0,1.5,43.5
00-0038608,Kayshon Boutte,NE,2025,1,103.0,6,8,0.82,LV,22.0,60.0,4.2,6.0,0.22388059701492538,0,0,0,2.5,44.5
00-0038621,DeMario Douglas,NE,2025,1,-2.0,2,7,0.63,LV,22.0,34.6,3.8,4.6,0.17164179104477612,0,0,0,2.5,44.5
00-0037239,Chris Olave,NO,2025,1,54.0,7,13,0.85,ARI,9.0,74.2,5.6,8.0,0.25,0,1,0,-6.0,44.5
00-0037545,Rashid Shaheed,NO,2025,1,33.0,6,9,0.85,ARI,9.0,55.2,3.4,7.2,0.225,0,1,0,-6.0,44.5
00-0038117,Wan'Dale Robinson,NYG,2025,1,55.0,6,8,0.76,WAS,21.0,50.4,6.0,9.8,0.2934131736526946,0,0,0,-6.0,45.5
00-0039337,Malik Nabers,NYG,2025,1,71.0,5,12,0.94,WAS,21.0,92.8,6.8,10.8,0.32335329341317365,0,0,0,-6.0,45.5
00-0037740,Garrett Wilson,NYJ,2025,1,95.0,7,9,1.0,PIT,28.0,68.2,5.4,7.2,0.2057142857142857,0,0,0,-3.0,37.5
00-0035640,DK Metcalf,PIT,2025,1,83.0,4,7,0.95,NYJ,20.0,45.8,3.2,4.8,0.17518248175182483,0,0,0,3.0,37.5
00-0037837,Calvin Austin III,PIT,2025,1,70.0,4,6,0.8,NYJ,20.0,37.2,2.8,3.6,0.13138686131386862,0,0,0,3.0,37.5
00-0038543,Jaxon Smith-Njigba,SEA,2025,1,124.0,9,13,0.77,SF,7.0,60.2,6.0,8.0,0.26490066225165565,0,0,0,-2.5,43.5
00-0036259,Jauan Jennings,SF,2025,1,16.0,2,5,0.66,SEA,17.0,59.0,4.6,7.6,0.2345679012345679,0,0,0,2.5,43.5
00-0039916,Ricky Pearsall,SF,2025,1,108.0,4,7,0.84,SEA,17.0,64.0,4.4,5.8,0.17901234567901234,0,0,0,2.5,43.5
00-0031408,Mike Evans,TB,2025,1,51.0,5,8,0.83,ATL,26.0,101.2,7.6,9.8,0.3288590604026846,0,1,0,1.5,47.5
00-0032385,Sterling Shepard,TB,2025,1,39.0,3,6,0.64,ATL,26.0,21.4,2.4,3.8,0.12751677852348994,0,1,0,1.5,47.5
00-0040129,Emeka Egbuka,TB,2025,1,67.0,4,6,0.93,ATL,26.0,,,,,0,1,0,1.5,47.5
00-0034837,Calvin Ridley,TEN,2025,1,27.0,4,8,0.95,DEN,25.0,61.4,4.0,7.0,0.22151898734177214,0,0,0,-8.5,42.5
00-0040170,Elic Ayomanor,TEN,2025,1,13.0,2,7,0.79,DEN,25.0,,,,,0,0,0,-8.5,42.5
00-0035719,Deebo Samuel Sr.,WAS,2025,1,77.0,7,10,0.77,NYG,30.0,31.8,3.4,5.0,0.14450867052023122,0,0,0,6.0,45.5
00-0039849,Marvin Harrison Jr.,ARI,2025,2,27.0,2,5,0.93,CAR,26.0,60.2,4.4,7.2,0.23684210526315788,0,1,0,7.0,45.5
00-0039064,Zay Flowers,BAL,2025,2,75.0,7,11,0.79,CLE,1.0,80.2,4.6,7.2,0.3673469387755102,0,0,0,12.5,46.5
00-0034983,Hunter Renfrow,CAR,2025,2,48.0,7,9,0.81,ARI,9.0,17.0,1.8,3.4,0.13076923076923078,0,1,0,-7.0,45.5
00-0039342,Xavier Legette,CAR,2025,2,-2.0,1,8,0.8,ARI,9.0,37.2,3.6,7.6,0.2923076923076923,0,1,0,-7.0,45.5
00-0040124,Tetairoa McMillan,CAR,2025,2,100.0,6,10,0.85,ARI,9.0,68.0,5.0,9.0,0.06923076923076923,0,1,0,-7.0,45.5
00-0034827,DJ Moore,CHI,2025,2,46.0,5,6,0.88,DET,30.0,62.2,6.6,8.2,0.2949640287769784,0,1,-1,-6.0,46.5
00-0039919,Rome Odunze,CHI,2025,2,128.0,7,11,1.0,DET,30.0,37.2,3.0,5.8,0.20863309352517986,0,1,-1,-6.0,46.5
00-0036410,Tee Higgins,CIN,2025,2,56.0,3,8,0.87,JAX,16.0,70.6,6.0,8.2,0.24550898203592814,0,0,0,3.5,49.5
00-0036900,Ja'Marr Chase,CIN,2025,2,165.0,14,16,0.96,JAX,16.0,83.0,7.2,10.6,0.31736526946107785,0,0,0,3.5,49.5
00-0038619,Andrei Iosivas,CIN,2025,2,12.0,1,5,0.84,JAX,16.0,34.0,2.6,3.8,0.11377245508982035,0,0,0,3.5,49.5
00-0036407,Jerry Jeudy,CLE,2025,2,51.0,4,8,0.88,BAL,20.0,70.2,7.2,11.2,0.32941176470588235,0,0,0,-12.5,46.5
00-0038979,Cedric Tillman,CLE,2025,2,22.0,2,7,0.95,BAL,20.0,70.8,5.8,9.6,0.2823529411764706,0,0,0,-12.5,46.5
00-0036358,CeeDee Lamb,DAL,2025,2,112.0,9,11,0.92,NYG,28.0,85.0,6.8,10.2,0.3669064748201439,0,1,3,4.5,44.5
00-0037247,George Pickens,DAL,2025,2,68.0,5,9,0.89,NYG,28.0,51.8,3.2,6.2,0.22302158273381295,0,1,3,4.5,44.5
00-0039868,Troy Franklin,DEN,2025,2,89.0,8,9,0.83,IND,2.0,31.0,2.0,3.0,0.022388059701492536,0,1,0,2.5,43.5
00-0036963,Amon-Ra St. Brown,DET,2025,2,115.0,9,11,0.85,CHI,8.0,77.8,6.4,8.2,0.26282051282051283,0,1,1,6.0,46.5
00-0037816,Romeo Doubs,GB,2025,2,28.0,3,5,0.74,WAS,18.0,32.6,3.4,5.2,0.2184873949579832,0,0,0,3.5,48.5
00-0036554,Nico Collins,HOU,2025,2,52.0,3,9,0.9,TB,27.0,69.4,5.0,7.4,0.2868217054263566,0,1,0,2.5,42.5
00-0036252,Michael Pittman,IND,2025,2,40.0,4,5,0.83,DEN,21.0,67.6,5.8,8.0,0.28776978417266186,0,1,0,-2.5,43.5
00-0037664,Alec Pierce,IND,2025,2,68.0,4,5,0.9,DEN,21.0,61.6,2.8,5.0,0.17985611510791366,0,1,0,-2.5,43.5
00-0036626,Dyami Brown,JAX,2025,2,57.0,5,7,0.8,CIN,12.0,63.0,4.2,5.4,0.18620689655172415,0,0,0,-3.5,49.5
00-0039893,Brian Thomas Jr.,JAX,2025,2,49.0,4,12,0.94,CIN,12.0,88.4,6.8,11.0,0.3793103448275862,0,0,0,-3.5,49.5
00-0035662,Marquise Brown,KC,2025,2,30.0,5,5,0.75,PHI,25.0,47.4,4.2,8.2,0.3445378151260504,0,0,-1,-1.5,46.5
00-0038104,Tyquan Thornton,KC,2025,2,59.0,2,5,0.75,PHI,25.0,21.8,2.0,3.8,0.15966386554621848,0,0,-1,-1.5,46.5
00-0038544,Quentin Johnston,LAC,2025,2,71.0,3,7,0.76,LV,24.0,66.2,5.2,8.0,0.24691358024691357,0,1,2,3.5,46.5
00-0039915,Ladd McConkey,LAC,2025,2,48.0,5,5,0.74,LV,24.0,109.4,6.8,9.4,0.29012345679012347,0,1,2,3.5,46.5
00-0034960,Jakobi Meyers,LV,2025,2,68.0,6,12,0.93,LAC,14.0,76.2,5.8,8.6,0.2721518987341772,0,1,-2,-3.5,46.5
00-0038563,Tre Tucker,LV,2025,2,12.0,3,8,0.91,LAC,14.0,22.8,2.2,4.8,0.1518987341772152,0,1,-2,-3.5,46.5
00-0033040,Tyreek Hill,MIA,2025,2,109.0,6,7,0.84,NE,17.0,65.0,5.6,8.6,0.296551724137931,0,0,0,1.5,43.5
00-0036613,Jaylen Waddle,MIA,2025,2,68.0,5,6,0.82,NE,17.0,74.0,5.8,7.8,0.2689655172413793,0,0,0,1.5,43.5
00-0036322,Justin Jefferson,MIN,2025,2,81.0,3,6,1.0,ATL,4.0,78.4,6.0,9.6,0.3057324840764331,0,1,-1,3.5,44.5
00-0037291,Jalen Nailor,MIN,2025,2,31.0,3,5,1.0,ATL,4.0,42.0,2.8,3.8,0.12101910828025478,0,1,-1,3.5,44.5
00-0037239,Chris Olave,NO,2025,2,54.0,6,10,1.0,SF,6.0,68.8,6.2,9.4,0.29012345679012347,0,1,0,-3.0,40.5
00-0037545,Rashid Shaheed,NO,2025,2,52.0,4,5,0.7,SF,6.0,42.6,3.8,8.2,0.25308641975308643,0,1,0,-3.0,40.5
00-0038117,Wan'Dale Robinson,NYG,2025,2,142.0,8,10,0.7,DAL,6.0,53.8,6.4,9.2,0.3262411347517731,1,1,-3,-4.5,44.5
00-0039337,Malik Nabers,NYG,2025,2,167.0,9,13,0.99,DAL,6.0,91.2,6.8,11.2,0.3971631205673759,0,1,-3,-4.5,44.5
00-0037740,Garrett Wilson,NYJ,2025,2,50.0,4,8,0.94,BUF,,64.4,5.4,7.0,0.2413793103448276,0,0,0,-6.0,47.5
00-0035676,A.J. Brown,PHI,2025,2,27.0,5,8,0.97,KC,29.0,39.8,3.0,5.6,0.30434782608695654,0,0,1,1.5,46.5
00-0036912,DeVonta Smith,PHI,2025,2,53.0,4,6,0.75,KC,29.0,62.0,4.4,4.8,0.2608695652173913,0,0,1,1.5,46.5
00-0035640,DK Metcalf,PIT,2025,2,20.0,3,6,0.9,SEA,23.0,52.6,3.2,5.0,0.18518518518518517,0,0,0,3.5,40.5
00-0033908,Cooper Kupp,SEA,2025,2,90.0,7,9,0.69,PIT,22.0,41.2,2.8,4.8,0.17777777777777778,0,0,0,-3.5,40.5
00-0038543,Jaxon Smith-Njigba,SEA,2025,2,103.0,8,10,0.65,PIT,22.0,68.6,6.8,9.6,0.35555555555555557,0,0,0,-3.5,40.5
00-0036259,Jauan Jennings,SF,2025,2,89.0,5,10,0.87,NO,5.0,51.0,4.4,7.6,0.25333333333333335,1,1,0,3.0,40.5
00-0039916,Ricky Pearsall,SF,2025,2,56.0,4,6,0.89,NO,5.0,71.0,4.4,6.0,0.2,0,1,0,3.0,40.5
00-0031408,Mike Evans,TB,2025,2,56.0,5,11,0.79,HOU,11.0,79.6,6.8,9.2,0.32167832167832167,0,1,0,-2.5,42.5
00-0040129,Emeka Egbuka,TB,2025,2,29.0,4,7,0.92,HOU,11.0,67.0,4.0,6.0,0.04195804195804196,0,1,0,-2.5,42.5
00-0034837,Calvin Ridley,TEN,2025,2,57.0,3,6,0.86,LA,10.0,57.8,4.4,7.2,0.2553191489361702,0,0,0,-5.5,41.5
00-0040170,Elic Ayomanor,TEN,2025,2,56.0,4,6,0.73,LA,10.0,13.0,2.0,7.0,0.04964539007092199,0,0,0,-5.5,41.5
00-0035659,Terry McLaurin,WAS,2025,2,48.0,5,9,0.91,GB,3.0,58.8,4.6,8.4,0.27450980392156865,0,0,0,-3.5,48.5
00-0035719,Deebo Samuel Sr.,WAS,2025,2,44.0,7,8,0.88,GB,3.0,43.2,4.0,6.0,0.19607843137254902,0,0,0,-3.5,48.5
00-0039849,Marvin Harrison Jr.,ARI,2025,3,44.0,3,6,0.8,SF,14.0,59.2,4.4,7.0,0.2631578947368421,0,0,0,-1.5,44.5
00-0034407,Ray-Ray McCloud,ATL,2025,3,20.0,2,5,0.7,CAR,26.0,49.4,3.8,5.6,0.20437956204379562,0,0,0,5.5,44.5
00-0036309,Darnell Mooney,ATL,2025,3,44.0,4,11,0.89,CAR,26.0,56.2,3.2,5.0,0.18248175182481752,0,0,0,5.5,44.5
00-0037238,Drake London,ATL,2025,3,55.0,5,8,0.86,CAR,26.0,92.0,6.6,11.4,0.41605839416058393,0,0,0,5.5,44.5
00-0036550,Rashod Bateman,BAL,2025,3,63.0,5,7,0.6,DET,27.0,53.2,3.0,5.2,0.27956989247311825,0,0,0,4.5,53.5
00-0040124,Tetairoa McMillan,CAR,2025,3,48.0,3,8,0.9,ATL,5.0,84.0,5.5,9.5,0.13194444444444445,0,0,0,-5.5,44.5
00-0034827,DJ Moore,CHI,2025,3,21.0,4,5,0.9,DAL,29.0,62.2,6.0,7.8,0.3,0,0,0,-1.5,49.5
00-0039919,Rome Odunze,CHI,2025,3,62.0,3,7,0.9,DAL,29.0,55.0,4.0,6.6,0.25384615384615383,0,0,0,-1.5,49.5
00-0036900,Ja'Marr Chase,CIN,2025,3,50.0,5,6,0.86,MIN,3.0,97.2,8.2,11.6,0.35802469135802467,0,1,0,-3.0,41.5
00-0036407,Jerry Jeudy,CLE,2025,3,17.0,1,5,0.83,GB,9.0,58.8,5.8,10.0,0.3067484662576687,0,0,-3,-8.5,41.5
00-0037247,George Pickens,DAL,2025,3,68.0,5,9,0.82,CHI,18.0,55.8,3.4,6.6,0.23076923076923078,0,0,0,1.5,49.5
00-0037666,Jalen Tolbert,DAL,2025,3,24.0,3,6,0.88,CHI,18.0,38.2,2.2,4.2,0.14685314685314685,0,0,0,1.5,49.5
00-0034348,Courtland Sutton,DEN,2025,3,118.0,6,8,0.81,LAC,7.0,67.8,5.2,8.0,0.37383177570093457,0,1,1,-2.5,45.5
00-0036963,Amon-Ra St. Brown,DET,2025,3,77.0,7,8,0.85,BAL,17.0,86.8,7.0,8.8,0.32592592592592595,0,0,0,-4.5,53.5
00-0034775,Christian Kirk,HOU,2025,3,25.0,3,8,0.67,JAX,13.0,47.4,4.2,7.2,0.3364485981308411,0,0,-1,-1.5,43.5
00-0036554,Nico Collins,HOU,2025,3,104.0,8,11,0.86,JAX,13.0,67.8,4.2,7.2,0.3364485981308411,0,0,-1,-1.5,43.5
00-0036252,Michael Pittman,IND,2025,3,73.0,6,6,0.81,TEN,1.0,64.0,5.4,7.2,0.27906976744186046,0,0,0,6.0,43.5
00-0038606,Parker Washington,JAX,2025,3,34.0,4,11,0.71,HOU,8.0,33.8,3.2,4.2,0.15328467153284672,0,0,1,1.5,43.5
00-0039893,Brian Thomas Jr.,JAX,2025,3,55.0,2,6,0.81,HOU,8.0,77.2,5.6,10.6,0.38686131386861317,0,0,1,1.5,43.5
00-0035662,Marquise Brown,KC,2025,3,42.0,4,6,0.68,NYG,31.0,35.8,4.0,6.8,0.2764227642276423,0,0,0,6.0,44.5
00-0038104,Tyquan Thornton,KC,2025,3,71.0,5,9,0.76,NYG,31.0,32.0,2.2,4.2,0.17073170731707318,0,0,0,6.0,44.5
00-0030279,Keenan Allen,LAC,2025,3,65.0,7,11,0.65,DEN,21.0,68.2,6.0,9.4,0.3092105263157895,0,1,-1,2.5,45.5
00-0038544,Quentin Johnston,LAC,2025,3,89.0,6,9,0.87,DEN,21.0,76.8,5.2,8.2,0.26973684210526316,0,1,-1,2.5,45.5
00-0039915,Ladd McConkey,LAC,2025,3,41.0,4,7,0.93,DEN,21.0,101.6,6.6,9.2,0.3026315789473684,0,1,-1,2.5,45.5
00-0038563,Tre Tucker,LV,2025,3,145.0,8,9,0.94,WAS,20.0,23.8,2.4,5.4,0.17763157894736842,0,0,-4,-2.5,43.5
00-0033040,Tyreek Hill,MIA,2025,3,49.0,5,10,0.87,BUF,11.0,63.8,4.8,7.2,0.3025210084033613,0,0,0,-12.5,50.5
00-0036613,Jaylen Waddle,MIA,2025,3,39.0,5,6,0.87,BUF,11.0,58.8,5.2,7.2,0.3025210084033613,1,0,0,-12.5,50.5
00-0036322,Justin Jefferson,MIN,2025,3,75.0,5,7,0.8,CIN,10.0,65.8,4.6,8.2,0.30597014925373134,0,1,0,3.0,41.5
00-0037291,Jalen Nailor,MIN,2025,3,37.0,3,5,0.83,CIN,10.0,45.0,3.2,4.6,0.17164179104477612,0,1,0,3.0,41.5
00-0031236,Brandin Cooks,NO,2025,3,24.0,3,5,0.7,SEA,19.0,30.4,2.8,5.6,0.17834394904458598,0,0,0,-7.5,41.5
00-0037239,Chris Olave,NO,2025,3,57.0,10,14,0.85,SEA,19.0,62.4,6.2,10.2,0.3248407643312102,0,0,0,-7.5,41.5
00-0037545,Rashid Shaheed,NO,2025,3,42.0,4,6,0.74,SEA,19.0,53.0,4.6,8.2,0.2611464968152866,0,0,0,-7.5,41.5
00-0039337,Malik Nabers,NYG,2025,3,13.0,2,7,0.92,KC,16.0,108.2,6.6,11.0,0.4074074074074074,0,0,0,-6.0,44.5
00-0037740,Garrett Wilson,NYJ,2025,3,84.0,10,13,1.0,TB,23.0,63.2,5.6,7.4,0.296,0,0,1,-6.5,43.5
00-0035676,A.J. Brown,PHI,2025,3,109.0,6,10,0.93,LA,2.0,38.0,3.4,6.2,0.3522727272727273,0,0,0,3.5,45.5
00-0036912,DeVonta Smith,PHI,2025,3,60.0,8,9,0.96,LA,2.0,48.6,4.0,4.6,0.26136363636363635,0,0,0,3.5,45.5
00-0037837,Calvin Austin III,PIT,2025,3,34.0,3,5,0.72,NE,24.0,38.2,2.6,3.8,0.16521739130434782,0,0,0,1.5,44.5
00-0033307,Kendrick Bourne,SF,2025,3,38.0,4,6,0.72,ARI,22.0,24.0,2.2,3.6,0.12857142857142856,0,0,0,1.5,44.5
00-0039916,Ricky Pearsall,SF,2025,3,117.0,8,11,0.97,ARI,22.0,82.2,5.2,7.0,0.25,0,0,0,1.5,44.5
00-0031408,Mike Evans,TB,2025,3,33.0,4,9,0.72,NYJ,4.0,77.0,6.8,9.8,0.4152542372881356,0,0,-1,6.5,43.5
00-0032385,Sterling Shepard,TB,2025,3,80.0,4,5,0.61,NYJ,4.0,24.6,2.4,4.2,0.17796610169491525,0,0,-1,6.5,43.5
00-0040129,Emeka Egbuka,TB,2025,3,85.0,6,8,0.64,NYJ,4.0,48.0,4.0,6.5,0.11016949152542373,1,0,-1,6.5,43.5
00-0034837,Calvin Ridley,TEN,2025,3,27.0,1,7,0.87,IND,12.0,57.4,3.6,6.0,0.23622047244094488,0,0,0,-6.0,43.5
00-0040170,Elic Ayomanor,TEN,2025,3,38.0,4,5,0.74,IND,12.0,34.5,3.0,6.5,0.10236220472440945,0,0,0,-6.0,43.5
00-0035500,Greg Dortch,ARI,2025,4,35.0,4,5,0.64,SEA,19.0,34.0,3.6,5.4,0.2288135593220339,0,1,0,-1.5,43.5
00-0038559,Michael Wilson,ARI,2025,4,15.0,3,6,0.97,SEA,19.0,37.4,3.0,4.6,0.19491525423728814,0,1,0,-1.5,43.5
00-0039849,Marvin Harrison Jr.,ARI,2025,4,66.0,6,10,1.0,SEA,19.0,60.2,4.2,6.6,0.2796610169491525,0,1,0,-1.5,43.5
00-0037238,Drake London,ATL,2025,4,110.0,8,10,0.85,WAS,29.0,92.4,7.0,12.4,0.4397163120567376,0,1,0,2.5,43.5
00-0039064,Zay Flowers,BAL,2025,4,74.0,7,8,0.87,KC,8.0,80.4,5.4,8.0,0.5194805194805194,0,0,-1,2.5,48.5
00-0040124,Tetairoa McMillan,CAR,2025,4,62.0,4,8,0.94,NE,24.0,72.0,4.666666666666667,9.0,0.2109375,1,0,0,-5.5,42.5
00-0034827,DJ Moore,CHI,2025,4,38.0,4,5,0.76,LV,28.0,52.8,5.4,6.8,0.3238095238095238,0,1,0,-1.5,47.5
00-0035208,Olamide Zaccheaus,CHI,2025,4,41.0,5,6,0.6,LV,28.0,50.2,4.4,6.0,0.2857142857142857,0,1,0,-1.5,47.5
00-0039919,Rome Odunze,CHI,2025,4,69.0,4,8,0.76,LV,28.0,52.0,3.8,6.6,0.3142857142857143,0,1,0,-1.5,47.5
00-0036410,Tee Higgins,CIN,2025,4,32.0,3,6,0.83,DEN,12.0,77.2,6.2,8.8,0.30344827586206896,0,0,0,-7.5,44.5
00-0036900,Ja'Marr Chase,CIN,2025,4,23.0,5,8,0.96,DEN,12.0,87.8,8.0,11.2,0.38620689655172413,0,0,0,-7.5,44.5
00-0036407,Jerry Jeudy,CLE,2025,4,48.0,3,9,0.82,DET,18.0,58.2,5.6,10.4,0.3611111111111111,0,1,1,-10.0,44.5
00-0037247,George Pickens,DAL,2025,4,134.0,8,11,0.9,GB,1.0,54.6,3.8,7.2,0.2553191489361702,0,1,0,-7.0,47.5
00-0037666,Jalen Tolbert,DAL,2025,4,61.0,4,6,0.81,GB,1.0,38.6,2.4,4.6,0.16312056737588654,0,1,0,-7.0,47.5
00-0034348,Courtland Sutton,DEN,2025,4,81.0,5,6,0.85,CIN,14.0,81.4,5.4,8.4,0.5,0,0,0,7.5,44.5
00-0036963,Amon-Ra St. Brown,DET,2025,4,70.0,7,7,0.9,CLE,6.0,90.2,6.8,8.4,0.38181818181818183,0,1,-1,10.0,44.5
00-0037240,Jameson Williams,DET,2025,4,40.0,2,8,0.85,CLE,6.0,59.2,4.2,6.4,0.2909090909090909,0,1,-1,10.0,44.5
00-0037816,Romeo Doubs,GB,2025,4,58.0,6,8,0.9,DAL,27.0,32.6,3.2,5.2,0.23636363636363636,0,1,0,7.0,47.5
00-0036554,Nico Collins,HOU,2025,4,79.0,4,6,0.86,TEN,2.0,76.8,5.2,8.2,0.3942307692307692,0,1,0,7.5,39.5
00-0036252,Michael Pittman,IND,2025,4,41.0,5,10,0.93,LA,5.0,74.8,6.2,7.8,0.291044776119403,0,1,0,-3.5,49.5
00-0038997,Josh Downs,IND,2025,4,24.0,4,5,0.62,LA,5.0,60.8,5.6,8.0,0.29850746268656714,0,1,0,-3.5,49.5
00-0039893,Brian Thomas Jr.,JAX,2025,4,49.0,5,7,0.79,SF,10.0,61.8,4.2,9.2,0.36507936507936506,0,0,0,-3.5,45.5
00-0033857,JuJu Smith-Schuster,KC,2025,4,36.0,4,6,0.78,BAL,21.0,58.0,3.6,4.8,0.1889763779527559,0,0,1,-2.5,48.5
00-0030279,Keenan Allen,LAC,2025,4,37.0,5,7,0.78,NYG,31.0,64.8,6.2,9.0,0.3082191780821918,0,0,0,6.0,43.5
00-0038544,Quentin Johnston,LAC,2025,4,98.0,8,13,0.92,NYG,31.0,85.0,5.4,8.4,0.2876712328767123,0,0,0,6.0,43.5
00-0039915,Ladd McConkey,LAC,2025,4,11.0,1,6,0.92,NYG,31.0,91.0,5.8,8.6,0.2945205479452055,0,0,0,6.0,43.5
00-0034960,Jakobi Meyers,LV,2025,4,30.0,4,7,0.98,CHI,11.0,78.0,6.0,9.2,0.35658914728682173,0,1,0,1.5,47.5
00-0036613,Jaylen Waddle,MIA,2025,4,48.0,3,6,0.9,NYJ,16.0,56.0,5.4,7.6,0.3486238532110092,0,0,3,2.5,44.5
00-0036322,Justin Jefferson,MIN,2025,4,126.0,10,11,1.0,PIT,25.0,62.4,4.0,7.4,0.3274336283185841,0,0,0,2.5,41.5
00-0038994,Jordan Addison,MIN,2025,4,114.0,4,8,0.96,PIT,25.0,39.2,4.4,7.8,0.34513274336283184,0,0,0,2.5,41.5
00-0031588,Stefon Diggs,NE,2025,4,101.0,6,7,0.63,CAR,26.0,69.0,6.4,8.6,0.4215686274509804,0,0,0,5.5,42.5
00-0037239,Chris Olave,NO,2025,4,20.0,3,6,0.85,BUF,7.0,56.4,6.6,11.0,0.3395061728395062,0,0,-3,-15.5,48.5
00-0037545,Rashid Shaheed,NO,2025,4,47.0,4,5,0.7,BUF,7.0,44.8,3.8,7.2,0.2222222222222222,0,0,-3,-15.5,48.5
00-0038117,Wan'Dale Robinson,NYG,2025,4,14.0,3,5,0.97,LAC,12.0,74.6,7.2,9.4,0.44761904761904764,0,0,0,-6.0,43.5
00-0037740,Garrett Wilson,NYJ,2025,4,82.0,6,8,0.98,MIA,20.0,69.2,6.4,8.6,0.4215686274509804,0,0,-3,-2.5,44.5
00-0035676,A.J. Brown,PHI,2025,4,7.0,2,9,0.96,TB,22.0,57.8,4.4,7.6,0.4367816091954023,0,0,0,3.5,44.5
00-0035640,DK Metcalf,PIT,2025,4,126.0,5,5,0.79,MIN,4.0,51.0,3.2,5.6,0.32941176470588235,0,0,0,-2.5,41.5
00-0033908,Cooper Kupp,SEA,2025,4,26.0,4,5,0.74,ARI,30.0,40.8,3.2,5.0,0.28735632183908044,0,1,0,1.5,43.5
00-0038543,Jaxon Smith-Njigba,SEA,2025,4,79.0,4,5,0.8,ARI,30.0,72.6,6.4,9.2,0.5287356321839081,0,1,0,1.5,43.5
00-0033921,Chris Godwin Jr.,TB,2025,4,26.0,3,10,0.81,PHI,23.0,75.2,7.0,9.2,0.42592592592592593,1,0,0,-3.5,44.5
00-0040129,Emeka Egbuka,TB,2025,4,101.0,4,10,0.89,PHI,23.0,60.333333333333336,4.666666666666667,7.0,0.19444444444444445,0,0,0,-3.5,44.5
00-0040170,Elic Ayomanor,TEN,2025,4,44.0,2,7,0.82,HOU,14.0,35.666666666666664,3.3333333333333335,6.0,0.16071428571428573,0,1,0,-7.5,39.5
00-0035719,Deebo Samuel Sr.,WAS,2025,4,72.0,6,6,0.86,ATL,3.0,47.6,5.0,7.0,0.23648648648648649,0,1,0,-2.5,43.5
00-0039849,Marvin Harrison Jr.,ARI,2025,5,98.0,4,5,0.76,TEN,8.0,54.2,4.2,6.6,0.3142857142857143,0,1,3,7.5,41.5
00-0039064,Zay Flowers,BAL,2025,5,72.0,5,5,0.84,HOU,4.0,84.6,5.6,8.2,0.5540540540540541,0,0,0,-2.5,41.5
00-0037261,Khalil Shakir,BUF,2025,5,45.0,6,9,0.63,NE,13.0,44.8,4.6,7.0,0.4268292682926829,0,0,0,7.5,49.5
00-0039901,Keon Coleman,BUF,2025,5,23.0,4,7,0.62,NE,13.0,36.0,3.0,6.4,0.3902439024390244,0,0,0,7.5,49.5
00-0040124,Tetairoa McMillan,CAR,2025,5,73.0,6,8,0.9,MIA,21.0,69.5,4.5,8.75,0.28688524590163933,0,0,1,-1.5,44.5
00-0036410,Tee Higgins,CIN,2025,5,22.0,3,7,0.97,DET,16.0,66.0,5.8,8.4,0.38181818181818183,0,0,-1,-10.5,49.5
00-0036900,Ja'Marr Chase,CIN,2025,5,110.0,6,10,0.92,DET,16.0,72.0,7.2,9.8,0.44545454545454544,0,0,-1,-10.5,49.5
00-0038619,Andrei Iosivas,CIN,2025,5,82.0,5,7,0.87,DET,16.0,28.2,2.0,3.8,0.17272727272727273,0,0,-1,-10.5,49.5
00-0036407,Jerry Jeudy,CLE,2025,5,15.0,2,5,0.9,MIN,1.0,49.0,3.8,8.6,0.3524590163934426,0,0,0,-3.5,35.5
00-0034348,Courtland Sutton,DEN,2025,5,99.0,8,10,0.95,PHI,18.0,86.6,5.4,7.8,0.47560975609756095,0,0,-1,-3.5,44.5
00-0036963,Amon-Ra St. Brown,DET,2025,5,100.0,8,9,0.81,CIN,20.0,88.8,7.0,8.4,0.45161290322580644,0,0,1,10.5,49.5
00-0035021,Ashton Dulin,IND,2025,5,55.0,2,5,0.71,LV,24.0,79.0,5.0,7.0,0.059322033898305086,0,1,0,7.0,46.5
00-0036252,Michael Pittman,IND,2025,5,39.0,5,6,0.82,LV,24.0,61.2,5.4,7.8,0.3305084745762712,0,1,0,7.0,46.5
00-0039893,Brian Thomas Jr.,JAX,2025,5,80.0,4,6,0.93,KC,3.0,53.4,3.8,8.6,0.3467741935483871,0,0,0,-3.5,45.5
00-0039894,Xavier Worthy,KC,2025,5,42.0,6,9,0.77,JAX,17.0,86.2,6.8,8.2,0.3253968253968254,0,0,0,3.5,45.5
00-0039915,Ladd McConkey,LAC,2025,5,39.0,5,7,0.79,WAS,25.0,74.2,5.0,8.2,0.29927007299270075,0,1,0,2.5,47.5
00-0034960,Jakobi Meyers,LV,2025,5,32.0,4,6,0.88,IND,10.0,75.8,6.4,9.6,0.4485981308411215,0,1,0,-7.0,46.5
00-0038563,Tre Tucker,LV,2025,5,62.0,4,6,0.88,IND,10.0,49.2,3.6,6.6,0.308411214953271,0,1,0,-7.0,46.5
00-0036613,Jaylen Waddle,MIA,2025,5,110.0,6,9,0.89,CAR,11.0,45.8,4.2,6.4,0.32989690721649484,0,0,-1,1.5,44.5
00-0036322,Justin Jefferson,MIN,2025,5,123.0,7,11,1.0,CLE,2.0,76.8,5.4,7.8,0.3939393939393939,0,0,0,3.5,35.5
00-0038994,Jordan Addison,MIN,2025,5,41.0,5,6,0.75,CLE,2.0,49.4,3.8,7.6,0.3838383838383838,0,0,0,3.5,35.5
00-0037239,Chris Olave,NO,2025,5,59.0,7,11,0.73,NYG,23.0,58.4,6.8,11.4,0.40714285714285714,0,1,0,1.5,41.5
00-0037545,Rashid Shaheed,NO,2025,5,114.0,4,5,0.67,NYG,23.0,37.0,3.8,6.4,0.22857142857142856,0,1,0,1.5,41.5
00-0035535,Darius Slayton,NYG,2025,5,31.0,3,6,0.75,NO,12.0,19.2,1.0,2.6,0.13978494623655913,0,1,0,-1.5,41.5
00-0038117,Wan'Dale Robinson,NYG,2025,5,30.0,5,7,0.95,NO,12.0,65.0,6.4,8.0,0.43010752688172044,0,1,0,-1.5,41.5
00-0037740,Garrett Wilson,NYJ,2025,5,71.0,6,10,0.94,DAL,27.0,72.4,6.2,8.6,0.5,0,0,-1,1.5,48.5
00-0035676,A.J. Brown,PHI,2025,5,43.0,5,8,0.93,DEN,15.0,56.4,4.4,8.0,0.5555555555555556,0,0,1,3.5,44.5
00-0036912,DeVonta Smith,PHI,2025,5,114.0,8,10,0.98,DEN,15.0,49.6,4.8,5.6,0.3888888888888889,0,0,1,3.5,44.5
00-0033908,Cooper Kupp,SEA,2025,5,59.0,6,9,0.89,TB,14.0,46.0,4.0,5.4,0.36,0,0,3,3.5,44.5
00-0038543,Jaxon Smith-Njigba,SEA,2025,5,132.0,8,9,0.9,TB,14.0,69.4,5.6,7.8,0.52,0,0,3,3.5,44.5
00-0032775,Demarcus Robinson,SF,2025,5,39.0,3,7,0.85,LA,5.0,33.8,1.4,3.6,0.18181818181818182,0,1,0,-8.5,43.5
00-0033307,Kendrick Bourne,SF,2025,5,142.0,10,11,0.81,LA,5.0,31.6,3.0,4.2,0.21212121212121213,0,1,0,-8.5,43.5
00-0040129,Emeka Egbuka,TB,2025,5,163.0,7,7,0.85,SEA,22.0,70.5,4.5,7.75,0.31958762886597936,0,0,-3,-3.5,44.5
00-0034837,Calvin Ridley,TEN,2025,5,131.0,5,10,0.66,ARI,26.0,54.6,3.2,6.4,0.3595505617977528,1,1,-3,-7.5,41.5
00-0035719,Deebo Samuel Sr.,WAS,2025,5,96.0,8,11,0.78,LAC,7.0,58.8,5.6,6.8,0.2786885245901639,0,1,0,-2.5,47.5
00-0033891,Zay Jones,ARI,2025,6,79.0,5,8,0.79,IND,6.0,44.6,4.4,8.4,0.49411764705882355,1,1,0,-8.5,46.5
00-0038559,Michael Wilson,ARI,2025,6,44.0,4,5,0.75,IND,6.0,29.4,2.6,4.4,0.25882352941176473,0,1,0,-8.5,46.5
00-0037238,Drake London,ATL,2025,6,158.0,10,16,0.97,BUF,7.0,102.6,7.6,12.8,0.5289256198347108,0,1,7,-3.5,49.5
00-0039064,Zay Flowers,BAL,2025,6,46.0,6,10,0.91,LA,20.0,79.0,5.6,7.6,0.7037037037037037,1,0,-3,-7.0,43.5
00-0037261,Khalil Shakir,BUF,2025,6,33.0,3,5,0.6,ATL,1.0,49.4,5.4,7.6,0.5205479452054794,0,1,-7,3.5,49.5
00-0039901,Keon Coleman,BUF,2025,6,11.0,3,6,0.86,ATL,1.0,35.2,3.2,6.4,0.4383561643835616,0,1,-7,3.5,49.5
00-0040124,Tetairoa McMillan,CAR,2025,6,29.0,3,5,0.93,DAL,29.0,70.2,4.8,8.6,0.45263157894736844,0,0,0,-3.0,47.5
00-0034827,DJ Moore,CHI,2025,6,42.0,3,5,0.94,WAS,23.0,49.6,5.0,6.2,0.2897196261682243,0,0,7,-5.5,49.5
00-0035208,Olamide Zaccheaus,CHI,2025,6,24.0,2,6,0.84,WAS,23.0,44.4,4.4,5.6,0.2616822429906542,0,0,7,-5.5,49.5
00-0039919,Rome Odunze,CHI,2025,6,32.0,2,5,0.97,WAS,23.0,62.8,4.4,7.4,0.34579439252336447,0,0,7,-5.5,49.5
00-0036410,Tee Higgins,CIN,2025,6,62.0,5,8,0.8,GB,8.0,58.8,4.8,7.6,0.40860215053763443,0,0,-7,-14.0,44.5
00-0036900,Ja'Marr Chase,CIN,2025,6,94.0,10,12,1.0,GB,8.0,74.8,6.4,9.0,0.4838709677419355,1,0,-7,-14.0,44.5
00-0036407,Jerry Jeudy,CLE,2025,6,43.0,5,13,0.89,PIT,26.0,39.4,3.0,7.0,0.3181818181818182,0,0,-7,-5.5,37.5
00-0040782,Isaiah Bond,CLE,2025,6,9.0,2,5,0.87,PIT,26.0,,,,,0,0,-7,-5.5,37.5
00-0037247,George Pickens,DAL,2025,6,168.0,9,11,0.84,CAR,9.0,71.4,4.8,8.0,0.32786885245901637,0,0,0,3.0,47.5
00-0039410,Ryan Flournoy,DAL,2025,6,30.0,3,6,0.69,CAR,9.0,19.0,2.0,3.0,0.02459016393442623,0,0,0,3.0,47.5
00-0036963,Amon-Ra St. Brown,DET,2025,6,45.0,9,10,0.89,KC,5.0,81.4,7.0,8.2,0.5942028985507246,0,0,1,-2.5,51.5
00-0037240,Jameson Williams,DET,2025,6,66.0,6,7,0.85,KC,5.0,38.6,3.6,6.6,0.4782608695652174,0,0,1,-2.5,51.5
00-0037816,Romeo Doubs,GB,2025,6,55.0,5,9,0.85,CIN,27.0,40.8,4.2,6.4,0.32,0,0,7,14.0,44.5
00-0040667,Matthew Golden,GB,2025,6,86.0,3,5,0.69,CIN,27.0,,,,,0,0,7,14.0,44.5
00-0036626,Dyami Brown,JAX,2025,6,13.0,2,5,0.64,SEA,25.0,68.4,4.6,6.0,0.30303030303030304,0,0,-1,-1.5,47.5
00-0039893,Brian Thomas Jr.,JAX,2025,6,90.0,8,10,0.8,SEA,25.0,48.8,3.2,7.6,0.3838383838383838,0,0,-1,-1.5,47.5
00-0040718,Travis Hunter,JAX,2025,6,15.0,4,7,0.78,SEA,25.0,33.0,6.0,8.0,0.08080808080808081,0,0,-1,-1.5,47.5
00-0039915,Ladd McConkey,LAC,2025,6,100.0,7,9,0.69,MIA,16.0,42.6,4.2,6.8,0.2809917355371901,0,0,0,3.5,45.5
00-0040727,Tre Harris,LAC,2025,6,27.0,4,5,0.83,MIA,16.0,,,,,0,0,0,3.5,45.5
00-0038563,Tre Tucker,LV,2025,6,70.0,5,5,0.92,TEN,10.0,53.4,4.0,7.0,0.3645833333333333,0,1,0,3.5,41.5
00-0036613,Jaylen Waddle,MIA,2025,6,95.0,6,8,0.78,LAC,4.0,59.0,4.6,6.4,0.37209302325581395,0,0,0,-3.5,45.5
00-0038608,Kayshon Boutte,NE,2025,6,93.0,5,5,0.67,NO,13.0,72.4,4.8,6.4,0.45714285714285713,0,1,0,3.5,46.5
00-0037239,Chris Olave,NO,2025,6,98.0,6,10,0.88,NE,21.0,48.8,6.6,10.8,0.46153846153846156,0,1,0,-3.5,46.5
00-0037545,Rashid Shaheed,NO,2025,6,28.0,4,6,0.61,NE,21.0,57.6,4.4,6.0,0.2564102564102564,0,1,0,-3.5,46.5
00-0035406,Lil'Jordan Humphrey,NYG,2025,6,55.0,4,8,0.77,PHI,18.0,31.4,3.2,4.4,0.25882352941176473,0,0,0,-7.0,40.5
00-0038117,Wan'Dale Robinson,NYG,2025,6,84.0,6,7,0.97,PHI,18.0,56.8,6.4,8.2,0.4823529411764706,0,0,0,-7.0,40.5
00-0037740,Garrett Wilson,NYJ,2025,6,13.0,3,8,0.84,DEN,15.0,76.4,6.6,9.6,0.6575342465753424,0,0,0,-7.5,43.5
00-0035676,A.J. Brown,PHI,2025,6,80.0,6,9,0.96,NYG,24.0,45.8,4.2,8.0,0.5263157894736842,0,0,0,7.0,40.5
00-0036912,DeVonta Smith,PHI,2025,6,49.0,4,5,0.96,NYG,24.0,68.2,5.6,6.8,0.4473684210526316,0,0,0,7.0,40.5
00-0035640,DK Metcalf,PIT,2025,6,95.0,4,9,0.83,CLE,2.0,64.8,3.6,5.2,0.4262295081967213,0,0,7,5.5,37.5
00-0038543,Jaxon Smith-Njigba,SEA,2025,6,162.0,8,13,0.82,JAX,22.0,89.4,6.6,8.4,0.5753424657534246,0,0,1,1.5,47.5
00-0033307,Kendrick Bourne,SF,2025,6,142.0,5,9,0.8,TB,19.0,51.8,4.2,5.2,0.29213483146067415,0,0,3,-3.5,46.5
00-0036415,Van Jefferson,TEN,2025,6,75.0,4,6,0.74,LV,17.0,18.4,1.8,2.4,0.13636363636363635,1,1,0,-3.5,41.5
00-0040170,Elic Ayomanor,TEN,2025,6,27.0,3,5,0.93,LV,17.0,37.75,3.0,6.25,0.2840909090909091,0,1,0,-3.5,41.5
00-0032398,Chris Moore,WAS,2025,6,46.0,3,5,0.68,CHI,12.0,24.4,1.8,2.8,0.1346153846153846,0,0,-7,5.5,49.5
00-0035719,Deebo Samuel Sr.,WAS,2025,6,15.0,4,5,0.72,CHI,12.0,58.8,5.8,7.2,0.34615384615384615,1,0,-7,5.5,49.5
00-0039849,Marvin Harrison Jr.,ARI,2025,7,58.0,2,6,0.86,GB,16.0,61.2,4.0,6.4,0.3404255319148936,0,1,0,-7.0,44.5
00-0036309,Darnell Mooney,ATL,2025,7,68.0,3,5,0.83,SF,6.0,61.0,3.4,6.0,0.3,1,0,-1,-1.5,46.5
00-0037238,Drake London,ATL,2025,7,42.0,4,10,0.98,SF,6.0,113.0,8.2,13.4,0.67,0,0,-1,-1.5,46.5
00-0039342,Xavier Legette,CAR,2025,7,92.0,9,11,0.8,NYJ,7.0,25.6,3.0,8.0,0.5128205128205128,0,0,0,-1.5,39.5
00-0040124,Tetairoa McMillan,CAR,2025,7,33.0,3,5,0.87,NYJ,7.0,62.4,4.4,7.8,0.5,0,0,0,-1.5,39.5
00-0034827,DJ Moore,CHI,2025,7,43.0,3,5,0.87,NO,20.0,40.8,3.8,5.2,0.26262626262626265,0,0,-1,4.5,43.5
00-0039919,Rome Odunze,CHI,2025,7,31.0,2,6,0.94,NO,20.0,65.6,4.4,8.0,0.40404040404040403,0,0,-1,4.5,43.5
00-0036410,Tee Higgins,CIN,2025,7,96.0,6,10,0.87,PIT,28.0,45.0,3.6,6.8,0.3148148148148148,0,0,0,-5.5,45.5
00-0036900,Ja'Marr Chase,CIN,2025,7,161.0,16,23,0.99,PIT,28.0,88.4,8.0,10.4,0.48148148148148145,0,0,0,-5.5,45.5
00-0036358,CeeDee Lamb,DAL,2025,7,110.0,5,8,0.78,WAS,26.0,94.0,6.6,10.0,0.4166666666666667,0,1,1,1.5,54.5
00-0037247,George Pickens,DAL,2025,7,82.0,4,6,0.84,WAS,26.0,105.0,6.4,9.0,0.375,0,1,1,1.5,54.5
00-0034348,Courtland Sutton,DEN,2025,7,87.0,6,10,0.94,NYG,25.0,86.8,6.0,8.4,0.5526315789473685,0,0,-3,7.5,39.5
00-0039868,Troy Franklin,DEN,2025,7,19.0,3,10,0.62,NYG,25.0,60.0,5.0,6.0,0.15789473684210525,0,0,-3,7.5,39.5
00-0036963,Amon-Ra St. Brown,DET,2025,7,86.0,6,10,0.91,TB,22.0,81.4,8.0,9.0,0.625,0,1,0,6.0,54.5
00-0037816,Romeo Doubs,GB,2025,7,72.0,6,8,0.89,ARI,27.0,43.8,4.6,7.2,0.4044943820224719,0,1,0,7.0,44.5
00-0036252,Michael Pittman,IND,2025,7,58.0,7,9,0.87,LAC,4.0,54.6,5.2,7.0,0.36082474226804123,0,1,0,-2.5,48.5
00-0037664,Alec Pierce,IND,2025,7,98.0,5,10,0.87,LAC,4.0,60.4,3.0,5.2,0.26804123711340205,0,1,0,-2.5,48.5
00-0038606,Parker Washington,JAX,2025,7,52.0,4,10,0.88,LA,19.0,37.6,3.6,6.0,0.2830188679245283,0,0,0,-3.0,44.5
00-0039893,Brian Thomas Jr.,JAX,2025,7,31.0,3,7,0.66,LA,19.0,64.6,4.6,8.2,0.3867924528301887,0,0,0,-3.0,44.5
00-0040718,Travis Hunter,JAX,2025,7,101.0,8,14,0.87,LA,19.0,24.0,5.0,7.5,0.14150943396226415,0,0,0,-3.0,44.5
00-0030279,Keenan Allen,LAC,2025,7,119.0,11,14,0.64,IND,13.0,44.0,5.4,7.8,0.31451612903225806,0,1,0,2.5,48.5
00-0038544,Quentin Johnston,LAC,2025,7,30.0,2,6,0.89,IND,13.0,67.4,4.4,8.2,0.33064516129032256,0,1,0,2.5,48.5
00-0039915,Ladd McConkey,LAC,2025,7,67.0,9,15,0.88,IND,13.0,47.8,4.4,6.8,0.27419354838709675,0,1,0,2.5,48.5
00-0038563,Tre Tucker,LV,2025,7,33.0,5,6,0.89,KC,2.0,62.6,4.6,6.4,0.35555555555555557,0,0,0,-13.5,44.5
00-0039880,Malik Washington,MIA,2025,7,30.0,5,8,0.64,CLE,9.0,39.0,3.6666666666666665,4.666666666666667,0.1686746987951807,0,0,0,-2.5,34.5
00-0036322,Justin Jefferson,MIN,2025,7,79.0,5,10,0.99,PHI,15.0,89.8,5.8,8.4,0.5060240963855421,0,1,4,-2.5,43.5
00-0038994,Jordan Addison,MIN,2025,7,128.0,9,12,0.93,PHI,15.0,50.6,3.8,7.2,0.43373493975903615,0,1,4,-2.5,43.5
00-0037239,Chris Olave,NO,2025,7,98.0,5,7,0.84,CHI,10.0,57.6,6.4,10.2,0.51,0,0,1,-4.5,43.5
00-0037545,Rashid Shaheed,NO,2025,7,40.0,4,9,0.77,CHI,10.0,56.6,4.0,5.4,0.27,0,0,1,-4.5,43.5
00-0038117,Wan'Dale Robinson,NYG,2025,7,95.0,6,12,0.91,DEN,11.0,65.0,5.6,7.4,0.43529411764705883,0,0,3,-7.5,39.5
00-0033943,Josh Reynolds,NYJ,2025,7,29.0,3,9,0.95,CAR,17.0,54.0,3.4,5.4,0.375,0,0,0,1.5,39.5
00-0035676,A.J. Brown,PHI,2025,7,121.0,4,6,0.92,MIN,3.0,53.2,4.8,8.8,0.46808510638297873,0,1,-4,2.5,43.5
00-0036912,DeVonta Smith,PHI,2025,7,183.0,9,11,0.88,MIN,3.0,69.0,5.6,7.0,0.3723404255319149,0,1,-4,2.5,43.5
00-0035640,DK Metcalf,PIT,2025,7,50.0,3,5,0.98,CIN,24.0,75.4,3.8,6.4,0.6530612244897959,0,0,0,5.5,45.5
00-0038543,Jaxon Smith-Njigba,SEA,2025,7,123.0,8,14,0.88,HOU,5.0,120.0,7.4,10.0,0.684931506849315,0,0,-7,3.0,41.5
00-0036259,Jauan Jennings,SF,2025,7,31.0,4,7,0.85,ATL,1.0,50.8,4.0,8.0,0.43010752688172044,0,0,1,1.5,46.5
00-0032385,Sterling Shepard,TB,2025,7,25.0,7,7,0.64,DET,21.0,37.0,2.6,4.2,0.25301204819277107,0,1,0,-6.0,54.5
00-0040129,Emeka Egbuka,TB,2025,7,58.0,4,12,0.75,DET,21.0,89.0,5.0,7.6,0.4578313253012048,1,1,0,-6.0,54.5
00-0040237,Tez Johnson,TB,2025,7,58.0,4,9,0.68,DET,21.0,,,,,0,1,0,-6.0,54.5
00-0040170,Elic Ayomanor,TEN,2025,7,29.0,2,5,0.96,NE,12.0,35.6,3.0,6.0,0.3333333333333333,0,0,0,-6.5,40.5
00-0032398,Chris Moore,WAS,2025,7,59.0,2,5,0.79,DAL,29.0,31.2,2.2,3.6,0.2465753424657534,0,1,-1,-1.5,54.5
00-0040164,Jaylin Lane,WAS,2025,7,60.0,3,6,0.69,DAL,29.0,,,,,0,1,-1,-1.5,54.5
00-0034854,KhaDarel Hodge,ATL,2025,8,31.0,3,8,0.66,MIA,9.0,31.0,1.6666666666666667,3.3333333333333335,0.10989010989010989,0,1,0,7.0,44.5
00-0039064,Zay Flowers,BAL,2025,8,63.0,7,9,0.95,CHI,16.0,82.0,6.4,8.6,0.7049180327868853,0,0,7,2.5,45.5
00-0040124,Tetairoa McMillan,CAR,2025,8,99.0,7,10,0.93,BUF,8.0,49.0,3.8,6.8,0.6415094339622641,0,0,-6,-7.0,47.5
00-0034827,DJ Moore,CHI,2025,8,73.0,4,7,0.84,BAL,24.0,38.0,3.8,5.2,0.29213483146067415,0,0,-7,-2.5,45.5
00-0035208,Olamide Zaccheaus,CHI,2025,8,33.0,7,7,0.6,BAL,24.0,32.2,3.2,5.0,0.2808988764044944,0,0,-7,-2.5,45.5
00-0039919,Rome Odunze,CHI,2025,8,114.0,7,10,0.94,BAL,24.0,64.4,3.6,7.4,0.4157303370786517,0,0,-7,-2.5,45.5
00-0036900,Ja'Marr Chase,CIN,2025,8,91.0,12,19,0.98,NYJ,5.0,87.6,8.4,11.8,0.5267857142857143,0,0,3,5.5,43.5
00-0036358,CeeDee Lamb,DAL,2025,8,74.0,7,10,0.72,DEN,12.0,108.2,7.2,10.4,0.47706422018348627,0,0,0,-3.5,51.5
00-0037247,George Pickens,DAL,2025,8,78.0,7,9,0.8,DEN,12.0,104.0,6.2,9.2,0.42201834862385323,0,0,0,-3.5,51.5
00-0034348,Courtland Sutton,DEN,2025,8,67.0,4,6,0.84,DAL,22.0,89.2,6.2,8.6,0.4215686274509804,0,0,0,3.5,51.5
00-0039868,Troy Franklin,DEN,2025,8,89.0,6,8,0.63,DAL,22.0,46.333333333333336,4.333333333333333,7.333333333333333,0.21568627450980393,0,0,0,3.5,51.5
00-0037816,Romeo Doubs,GB,2025,8,44.0,3,6,0.8,PIT,26.0,54.2,5.4,8.2,0.5540540540540541,0,0,-3,3.0,46.5
00-0038618,Xavier Hutchinson,HOU,2025,8,69.0,5,6,0.71,SF,13.0,16.8,1.8,3.8,0.2261904761904762,0,1,-1,2.5,41.5
00-0040130,Jayden Higgins,HOU,2025,8,34.0,4,8,0.82,SF,13.0,,,,,0,1,-1,2.5,41.5
00-0036252,Michael Pittman,IND,2025,8,95.0,8,9,0.79,TEN,15.0,50.2,5.4,7.2,0.375,0,1,0,15.5,47.5
00-0037664,Alec Pierce,IND,2025,8,69.0,2,5,0.81,TEN,15.0,72.2,3.8,6.4,0.3333333333333333,0,1,0,15.5,47.5
00-0039067,Rashee Rice,KC,2025,8,93.0,9,9,0.86,WAS,23.0,74.6,7.6,9.2,0.46464646464646464,0,0,0,10.5,48.5
00-0039894,Xavier Worthy,KC,2025,8,53.0,5,7,0.84,WAS,23.0,81.6,6.6,7.8,0.3939393939393939,0,0,0,10.5,48.5
00-0036613,Jaylen Waddle,MIA,2025,8,99.0,5,6,0.78,ATL,1.0,72.0,5.0,7.0,0.44871794871794873,0,1,0,-7.0,44.5
00-0039880,Malik Washington,MIA,2025,8,36.0,4,5,0.62,ATL,1.0,36.75,4.0,5.5,0.28205128205128205,0,1,0,-7.0,44.5
00-0036322,Justin Jefferson,MIN,2025,8,74.0,7,11,0.88,LAC,6.0,96.8,6.0,9.0,0.4205607476635514,0,1,0,-3.0,45.5
00-0033555,Mack Hollins,NE,2025,8,89.0,7,7,0.72,CLE,3.0,39.8,2.6,3.8,0.36538461538461536,0,0,0,7.0,40.5
00-0038608,Kayshon Boutte,NE,2025,8,75.0,3,5,0.74,CLE,3.0,87.2,5.4,6.4,0.6153846153846154,0,0,0,7.0,40.5
00-0037239,Chris Olave,NO,2025,8,63.0,8,12,0.93,TB,20.0,66.4,6.2,9.6,0.48484848484848486,0,1,1,-4.5,46.5
00-0037545,Rashid Shaheed,NO,2025,8,75.0,9,12,0.78,TB,20.0,54.2,4.0,6.2,0.31313131313131315,0,1,1,-4.5,46.5
00-0035535,Darius Slayton,NYG,2025,8,26.0,2,5,0.73,PHI,19.0,20.0,1.2,2.6,0.17105263157894737,0,0,0,-7.0,43.5
00-0036427,Tyler Johnson,NYJ,2025,8,64.0,3,5,0.78,CIN,21.0,47.75,3.75,6.0,0.3076923076923077,0,0,-3,-5.5,43.5
00-0036912,DeVonta Smith,PHI,2025,8,84.0,6,9,0.9,NYG,18.0,91.8,6.6,8.2,0.422680412371134,0,0,0,7.0,43.5
00-0035640,DK Metcalf,PIT,2025,8,55.0,5,7,0.94,GB,17.0,74.8,3.8,6.4,0.6153846153846154,0,0,3,-3.0,46.5
00-0037837,Calvin Austin III,PIT,2025,8,28.0,4,6,0.78,GB,17.0,32.0,2.4,3.8,0.36538461538461536,0,0,3,-3.0,46.5
00-0036259,Jauan Jennings,SF,2025,8,45.0,4,7,0.85,HOU,4.0,50.8,4.4,7.6,0.4810126582278481,0,1,1,-2.5,41.5
00-0040129,Emeka Egbuka,TB,2025,8,35.0,3,9,0.88,NO,14.0,87.2,5.0,8.8,0.43137254901960786,0,1,-1,4.5,46.5
00-0040237,Tez Johnson,TB,2025,8,43.0,5,6,0.71,NO,14.0,58.0,4.0,9.0,0.08823529411764706,0,1,-1,4.5,46.5
00-0036415,Van Jefferson,TEN,2025,8,6.0,1,8,0.79,IND,25.0,31.4,2.4,3.4,0.22077922077922077,0,1,0,-15.5,47.5
00-0040170,Elic Ayomanor,TEN,2025,8,52.0,4,8,0.94,IND,25.0,38.8,3.0,5.6,0.36363636363636365,0,1,0,-15.5,47.5
00-0040705,Chimere Dike,TEN,2025,8,93.0,7,8,0.89,IND,25.0,,,,,0,1,0,-15.5,47.5
00-0035719,Deebo Samuel Sr.,WAS,2025,8,11.0,3,6,0.74,KC,2.0,60.8,6.4,8.0,0.5263157894736842,0,0,0,-10.5,48.5
00-0039849,Marvin Harrison Jr.,ARI,2025,9,96.0,7,10,0.72,DAL,20.0,58.6,3.4,6.4,0.31683168316831684,0,1,7,-3.5,53.5
00-0037238,Drake London,ATL,2025,9,118.0,9,14,0.98,NE,10.0,84.0,7.0,11.8,0.5728155339805825,0,0,0,-5.5,45.5
00-0039064,Zay Flowers,BAL,2025,9,64.0,5,5,0.82,MIA,6.0,66.0,6.4,8.6,0.7288135593220338,0,0,0,7.5,51.5
00-0037261,Khalil Shakir,BUF,2025,9,43.0,7,8,0.61,KC,2.0,51.0,5.4,7.4,0.6607142857142857,0,0,1,-2.5,53.5
00-0040124,Tetairoa McMillan,CAR,2025,9,46.0,4,6,0.84,GB,16.0,59.2,4.6,7.2,0.6545454545454545,0,0,0,-12.5,43.5
00-0034827,DJ Moore,CHI,2025,9,72.0,4,6,0.85,CIN,24.0,43.4,3.6,5.4,0.28125,0,0,0,3.0,51.5
00-0035208,Olamide Zaccheaus,CHI,2025,9,58.0,6,8,0.64,CIN,24.0,28.6,4.2,5.4,0.28125,0,0,0,3.0,51.5
00-0036410,Tee Higgins,CIN,2025,9,121.0,7,9,0.82,CHI,8.0,53.6,4.0,7.8,0.325,0,0,0,-3.0,51.5
00-0036900,Ja'Marr Chase,CIN,2025,9,111.0,6,8,0.99,CHI,8.0,95.8,9.8,14.4,0.6,0,0,0,-3.0,51.5
00-0038619,Andrei Iosivas,CIN,2025,9,66.0,5,7,0.84,CHI,8.0,43.6,2.8,4.4,0.18333333333333332,0,0,0,-3.0,51.5
00-0036358,CeeDee Lamb,DAL,2025,9,85.0,7,12,0.88,ARI,17.0,104.4,7.4,11.0,0.5288461538461539,0,1,-7,3.5,53.5
00-0037247,George Pickens,DAL,2025,9,79.0,6,9,0.91,ARI,17.0,106.0,6.6,9.2,0.4423076923076923,0,1,-7,3.5,53.5
00-0034348,Courtland Sutton,DEN,2025,9,30.0,1,6,0.92,HOU,3.0,90.4,5.8,8.0,0.37037037037037035,0,1,0,-1.5,40.5
00-0039868,Troy Franklin,DEN,2025,9,27.0,4,10,0.79,HOU,3.0,57.0,4.75,7.5,0.2777777777777778,0,1,0,-1.5,40.5
00-0036963,Amon-Ra St. Brown,DET,2025,9,97.0,9,13,0.95,MIN,11.0,75.6,7.4,8.8,0.6197183098591549,0,1,3,9.5,47.5
00-0037240,Jameson Williams,DET,2025,9,66.0,4,6,0.91,MIN,11.0,36.4,3.8,6.4,0.4507042253521127,0,1,3,9.5,47.5
00-0037816,Romeo Doubs,GB,2025,9,91.0,7,10,0.92,CAR,9.0,51.4,4.6,7.2,0.42857142857142855,0,0,0,12.5,43.5
00-0036554,Nico Collins,HOU,2025,9,75.0,7,11,0.79,DEN,4.0,68.2,4.6,7.8,0.39,0,1,0,1.5,40.5
00-0038618,Xavier Hutchinson,HOU,2025,9,30.0,3,5,0.63,DEN,4.0,30.6,2.8,4.4,0.22,0,1,0,1.5,40.5
00-0036252,Michael Pittman,IND,2025,9,115.0,9,12,0.88,PIT,27.0,61.2,6.2,8.0,0.40404040404040403,0,0,0,3.5,51.5
00-0037664,Alec Pierce,IND,2025,9,115.0,6,13,0.91,PIT,27.0,82.8,3.8,6.2,0.31313131313131315,0,0,0,3.5,51.5
00-0038997,Josh Downs,IND,2025,9,50.0,6,9,0.67,PIT,27.0,51.2,5.0,7.0,0.35353535353535354,0,0,0,3.5,51.5
00-0036626,Dyami Brown,JAX,2025,9,25.0,3,7,0.6,LV,13.0,59.8,4.2,6.0,0.29411764705882354,0,1,0,2.5,43.5
00-0038606,Parker Washington,JAX,2025,9,90.0,8,9,0.88,LV,13.0,37.2,3.8,6.8,0.3333333333333333,0,1,0,2.5,43.5
00-0039893,Brian Thomas Jr.,JAX,2025,9,55.0,3,5,0.65,LV,13.0,61.0,4.4,7.2,0.35294117647058826,0,1,0,2.5,43.5
00-0039067,Rashee Rice,KC,2025,9,80.0,4,7,0.82,BUF,5.0,84.0,7.8,9.2,0.4842105263157895,0,0,-1,2.5,53.5
00-0039894,Xavier Worthy,KC,2025,9,23.0,3,7,0.83,BUF,5.0,76.4,6.0,7.4,0.3894736842105263,0,0,-1,2.5,53.5
00-0038544,Quentin Johnston,LAC,2025,9,53.0,4,6,0.68,TEN,12.0,73.4,4.8,8.4,0.3111111111111111,0,0,3,10.0,44.5
00-0039915,Ladd McConkey,LAC,2025,9,56.0,4,6,0.69,TEN,12.0,51.6,5.2,8.8,0.32592592592592595,0,0,3,10.0,44.5
00-0034960,Jakobi Meyers,LV,2025,9,23.0,4,6,0.89,JAX,25.0,70.0,6.2,9.0,0.6617647058823529,0,1,0,-2.5,43.5
00-0036613,Jaylen Waddle,MIA,2025,9,82.0,6,9,0.8,BAL,18.0,78.2,5.0,7.0,0.5147058823529411,0,0,0,-7.5,51.5
00-0036322,Justin Jefferson,MIN,2025,9,47.0,6,9,0.95,DET,19.0,95.4,6.8,10.0,0.4672897196261682,0,1,-3,-9.5,47.5
00-0037545,Rashid Shaheed,NO,2025,9,68.0,5,9,0.83,LA,21.0,60.8,5.0,7.4,0.3592233009708738,1,1,-7,-14.0,44.5
00-0035535,Darius Slayton,NYG,2025,9,62.0,5,7,0.89,SF,14.0,22.0,1.4,3.4,0.22972972972972974,0,0,0,-2.5,47.5
00-0038117,Wan'Dale Robinson,NYG,2025,9,46.0,9,11,1.0,SF,14.0,73.0,5.6,8.2,0.5540540540540541,0,0,0,-2.5,47.5
00-0038543,Jaxon Smith-Njigba,SEA,2025,9,129.0,8,9,0.67,WAS,23.0,119.8,7.2,10.2,0.6986301369863014,0,0,7,2.5,47.5
00-0036259,Jauan Jennings,SF,2025,9,41.0,4,5,0.79,NYG,15.0,49.6,4.4,7.8,0.527027027027027,0,0,0,2.5,47.5
00-0040170,Elic Ayomanor,TEN,2025,9,46.0,3,6,0.64,LAC,7.0,38.0,3.0,6.0,0.3409090909090909,0,0,-3,-10.0,44.5
00-0035719,Deebo Samuel Sr.,WAS,2025,9,41.0,5,6,0.68,SEA,22.0,47.6,5.6,7.2,0.5714285714285714,0,0,-7,-2.5,47.5
00-0040164,Jaylin Lane,WAS,2025,9,29.0,3,5,0.63,SEA,22.0,60.0,3.0,6.0,0.09523809523809523,0,0,-7,-2.5,47.5
00-0038559,Michael Wilson,ARI,2025,10,34.0,4,7,0.92,SEA,17.0,26.8,3.0,4.8,0.22641509433962265,0,0,-1,-7.0,44.5
00-0039849,Marvin Harrison Jr.,ARI,2025,10,33.0,3,12,0.91,SEA,17.0,72.4,4.4,7.4,0.3490566037735849,0,0,-1,-7.0,44.5
00-0036309,Darnell Mooney,ATL,2025,10,17.0,1,8,0.9,IND,24.0,46.2,2.8,5.6,0.2978723404255319,0,1,0,-6.5,48.5
00-0037238,Drake London,ATL,2025,10,104.0,6,8,0.98,IND,24.0,96.6,7.2,11.6,0.6170212765957447,0,1,0,-6.5,48.5
00-0039064,Zay Flowers,BAL,2025,10,75.0,4,6,0.83,MIN,18.0,63.8,6.0,7.4,0.7254901960784313,0,1,3,4.5,48.5
00-0037261,Khalil Shakir,BUF,2025,10,58.0,7,9,0.66,MIA,5.0,46.2,5.6,7.6,0.59375,0,0,-3,8.5,50.5
00-0039901,Keon Coleman,BUF,2025,10,46.0,3,8,0.62,MIA,5.0,31.2,3.4,5.6,0.4375,0,0,-3,8.5,50.5
00-0040124,Tetairoa McMillan,CAR,2025,10,60.0,5,8,0.91,NO,6.0,56.0,4.6,6.8,0.7555555555555555,1,0,0,5.5,38.5
00-0039919,Rome Odunze,CHI,2025,10,86.0,6,10,0.78,NYG,14.0,61.6,3.6,7.2,0.34285714285714286,0,0,0,4.5,45.5
00-0036407,Jerry Jeudy,CLE,2025,10,78.0,6,12,0.96,NYJ,3.0,34.8,3.0,8.0,0.425531914893617,0,0,0,1.5,37.5
00-0039868,Troy Franklin,DEN,2025,10,40.0,5,9,0.74,LV,13.0,51.0,4.6,8.0,0.41237113402061853,0,0,0,9.5,42.5
00-0036963,Amon-Ra St. Brown,DET,2025,10,58.0,5,8,0.77,WAS,21.0,79.6,7.8,9.8,0.5444444444444444,0,0,0,8.5,49.5
00-0037240,Jameson Williams,DET,2025,10,119.0,6,7,0.87,WAS,21.0,42.8,3.4,6.0,0.3333333333333333,0,0,0,8.5,49.5
00-0038393,Dontayvion Wicks,GB,2025,10,38.0,4,8,0.65,PHI,19.0,38.6,3.6,5.8,0.3815789473684211,1,0,-7,1.5,45.5
00-0036554,Nico Collins,HOU,2025,10,136.0,7,15,0.89,JAX,23.0,67.0,5.0,8.4,0.3925233644859813,0,1,0,-1.5,37.5
00-0037664,Alec Pierce,IND,2025,10,84.0,4,7,0.95,ATL,4.0,81.4,3.8,7.0,0.29411764705882354,0,1,0,6.5,48.5
00-0038606,Parker Washington,JAX,2025,10,33.0,3,7,0.87,HOU,1.0,44.4,4.2,7.4,0.37373737373737376,0,1,0,1.5,37.5
00-0038544,Quentin Johnston,LAC,2025,10,42.0,5,10,0.82,PIT,25.0,68.2,4.6,8.2,0.31297709923664124,0,1,0,3.0,45.5
00-0039915,Ladd McConkey,LAC,2025,10,107.0,4,6,0.71,PIT,25.0,54.6,5.2,8.6,0.3282442748091603,0,1,0,3.0,45.5
00-0036613,Jaylen Waddle,MIA,2025,10,84.0,5,7,0.83,BUF,9.0,86.8,5.2,7.6,0.5428571428571428,0,0,3,-8.5,50.5
00-0036322,Justin Jefferson,MIN,2025,10,37.0,4,12,1.0,BAL,20.0,89.8,7.0,10.4,0.5306122448979592,0,1,-3,-4.5,48.5
00-0037291,Jalen Nailor,MIN,2025,10,124.0,5,6,0.68,BAL,20.0,41.6,3.2,4.8,0.24489795918367346,0,1,-3,-4.5,48.5
00-0038994,Jordan Addison,MIN,2025,10,35.0,3,11,0.95,BAL,20.0,62.4,4.4,8.0,0.40816326530612246,0,1,-3,-4.5,48.5
00-0033555,Mack Hollins,NE,2025,10,106.0,6,10,0.79,TB,22.0,46.2,3.2,4.0,0.3448275862068966,0,0,-7,-2.5,48.5
00-0038117,Wan'Dale Robinson,NYG,2025,10,62.0,6,11,0.99,CHI,16.0,53.8,5.8,8.4,0.4772727272727273,0,0,0,-4.5,45.5
00-0036912,DeVonta Smith,PHI,2025,10,69.0,4,7,0.92,GB,12.0,98.0,7.0,8.8,0.5057471264367817,0,0,7,-1.5,45.5
00-0035640,DK Metcalf,PIT,2025,10,35.0,3,7,0.92,LAC,7.0,69.2,4.0,6.4,0.42105263157894735,0,1,0,-3.0,45.5
00-0037837,Calvin Austin III,PIT,2025,10,14.0,2,7,0.73,LAC,7.0,31.4,2.4,4.0,0.2631578947368421,0,1,0,-3.0,45.5
00-0036259,Jauan Jennings,SF,2025,10,71.0,6,9,0.92,LA,15.0,44.4,3.8,6.8,0.4927536231884058,0,0,0,-5.5,49.5
00-0040129,Emeka Egbuka,TB,2025,10,115.0,6,13,0.88,NE,11.0,88.4,4.8,9.2,0.46,0,0,7,2.5,48.5
00-0040237,Tez Johnson,TB,2025,10,42.0,4,5,0.83,NE,11.0,50.5,4.5,7.5,0.15,0,0,7,2.5,48.5
00-0035719,Deebo Samuel Sr.,WAS,2025,10,29.0,4,5,0.78,DET,8.0,47.0,5.2,6.8,0.5,0,0,0,-8.5,49.5
00-0035500,Greg Dortch,ARI,2025,11,66.0,6,6,0.66,SF,19.0,38.2,4.0,5.6,0.2641509433962264,0,1,0,-3.5,48.5
00-0038559,Michael Wilson,ARI,2025,11,185.0,15,18,0.82,SF,19.0,31.8,3.4,5.8,0.27358490566037735,0,1,0,-3.5,48.5
00-0036309,Darnell Mooney,ATL,2025,11,34.0,3,7,0.92,CAR,12.0,49.6,3.0,7.0,0.35,0,1,0,4.5,42.5
00-0037238,Drake London,ATL,2025,11,119.0,7,9,0.92,CAR,12.0,106.4,7.4,11.6,0.58,1,1,0,4.5,42.5
00-0039064,Zay Flowers,BAL,2025,11,78.0,3,5,0.89,CLE,7.0,64.0,5.4,7.0,0.7608695652173914,0,0,0,7.5,37.5
00-0040124,Tetairoa McMillan,CAR,2025,11,130.0,8,12,0.86,ATL,8.0,53.4,4.4,6.8,0.68,0,1,0,-4.5,42.5
00-0039919,Rome Odunze,CHI,2025,11,41.0,2,6,0.76,MIN,21.0,66.4,4.2,7.8,0.4482758620689655,0,1,0,-3.0,47.5
00-0036410,Tee Higgins,CIN,2025,11,63.0,3,8,0.92,PIT,28.0,66.6,4.8,8.0,0.3076923076923077,0,0,7,-5.5,48.5
00-0036900,Ja'Marr Chase,CIN,2025,11,30.0,3,10,0.97,PIT,28.0,113.4,10.0,14.4,0.5538461538461539,0,0,7,-5.5,48.5
00-0036407,Jerry Jeudy,CLE,2025,11,21.0,3,7,0.82,BAL,24.0,40.2,3.4,8.8,0.4782608695652174,0,0,0,-7.5,37.5
00-0036358,CeeDee Lamb,DAL,2025,11,66.0,5,7,0.73,LV,10.0,98.2,7.0,10.8,0.5,0,1,3,3.5,48.5
00-0037247,George Pickens,DAL,2025,11,144.0,9,11,0.67,LV,10.0,108.2,6.8,9.2,0.42592592592592593,0,1,3,3.5,48.5
00-0034348,Courtland Sutton,DEN,2025,11,59.0,4,8,0.92,KC,5.0,72.8,4.8,7.6,0.4470588235294118,0,0,-4,-3.5,44.5
00-0039868,Troy Franklin,DEN,2025,11,84.0,4,8,0.66,KC,5.0,52.8,5.2,9.2,0.5411764705882353,0,0,-4,-3.5,44.5
00-0036963,Amon-Ra St. Brown,DET,2025,11,42.0,2,12,0.97,PHI,13.0,77.2,7.4,10.0,0.5263157894736842,0,0,1,-2.5,46.5
00-0037240,Jameson Williams,DET,2025,11,88.0,4,7,0.95,PHI,13.0,62.8,4.4,6.6,0.3473684210526316,0,0,1,-2.5,46.5
00-0037816,Romeo Doubs,GB,2025,11,53.0,4,8,0.76,NYG,20.0,64.0,5.4,8.2,0.6307692307692307,0,0,-1,7.5,41.5
00-0038124,Christian Watson,GB,2025,11,46.0,4,5,0.78,NYG,20.0,77.4,2.6,4.8,0.36923076923076925,0,0,-1,7.5,41.5
00-0036554,Nico Collins,HOU,2025,11,92.0,9,10,0.84,TEN,16.0,89.2,5.8,10.4,0.40625,0,0,-7,5.5,37.5
00-0040130,Jayden Higgins,HOU,2025,11,55.0,4,7,0.61,TEN,16.0,34.0,4.0,8.0,0.0625,0,0,-7,5.5,37.5
00-0034960,Jakobi Meyers,JAX,2025,11,64.0,5,6,0.65,LAC,4.0,50.0,5.2,8.2,0.47126436781609193,0,0,0,-3.0,43.5
00-0039067,Rashee Rice,KC,2025,11,38.0,6,9,0.76,DEN,1.0,92.2,7.4,9.0,0.5,0,0,4,3.5,44.5
00-0039894,Xavier Worthy,KC,2025,11,25.0,3,5,0.76,DEN,1.0,72.0,5.6,7.6,0.4222222222222222,0,0,4,3.5,44.5
00-0030279,Keenan Allen,LAC,2025,11,53.0,4,6,0.75,JAX,29.0,62.8,6.6,9.0,0.31690140845070425,0,0,0,3.0,43.5
00-0038563,Tre Tucker,LV,2025,11,47.0,4,8,0.97,DAL,17.0,64.4,5.0,6.8,0.4657534246575342,0,1,-3,-3.5,48.5
00-0036613,Jaylen Waddle,MIA,2025,11,52.0,3,7,0.84,WAS,27.0,94.0,5.6,7.8,0.7358490566037735,0,0,0,2.5,47.5
00-0036322,Justin Jefferson,MIN,2025,11,61.0,5,9,1.0,CHI,25.0,72.0,5.8,10.6,0.5145631067961165,0,1,0,3.0,47.5
00-0038994,Jordan Addison,MIN,2025,11,20.0,2,7,0.96,CHI,25.0,69.4,4.8,9.0,0.4368932038834951,0,1,0,3.0,47.5
00-0031588,Stefon Diggs,NE,2025,11,105.0,9,11,0.69,NYJ,3.0,70.4,5.6,7.6,0.59375,0,0,0,12.5,43.5
00-0033555,Mack Hollins,NE,2025,11,64.0,4,5,0.85,NYJ,3.0,62.4,4.0,5.4,0.421875,0,0,0,12.5,43.5
00-0036165,Isaiah Hodgins,NYG,2025,11,57.0,5,6,0.79,GB,6.0,20.0,1.6,2.8,0.16091954022988506,0,0,1,-7.5,41.5
00-0038117,Wan'Dale Robinson,NYG,2025,11,36.0,4,9,0.97,GB,6.0,63.4,6.4,9.6,0.5517241379310345,0,0,1,-7.5,41.5
00-0035676,A.J. Brown,PHI,2025,11,49.0,7,11,0.93,DET,11.0,72.0,4.6,8.4,0.46153846153846156,0,0,-1,2.5,46.5
00-0036912,DeVonta Smith,PHI,2025,11,8.0,1,5,0.97,DET,11.0,99.8,6.2,8.4,0.46153846153846156,0,0,-1,2.5,46.5
00-0035640,DK Metcalf,PIT,2025,11,49.0,5,8,0.86,CIN,23.0,72.2,4.0,6.6,0.38823529411764707,0,0,-7,5.5,48.5
00-0033908,Cooper Kupp,SEA,2025,11,23.0,3,7,0.81,LA,22.0,53.0,4.6,6.6,0.4583333333333333,0,1,0,-3.0,49.5
00-0038543,Jaxon Smith-Njigba,SEA,2025,11,105.0,9,12,0.83,LA,22.0,125.0,7.2,10.0,0.6944444444444444,0,1,0,-3.0,49.5
00-0036259,Jauan Jennings,SF,2025,11,54.0,4,6,0.75,ARI,18.0,55.4,4.6,7.6,0.6551724137931034,0,1,0,3.5,48.5
00-0032385,Sterling Shepard,TB,2025,11,54.0,4,5,0.66,BUF,14.0,32.4,3.2,4.6,0.20909090909090908,0,0,0,-6.0,46.5
00-0040129,Emeka Egbuka,TB,2025,11,40.0,5,9,0.94,BUF,14.0,94.4,4.8,10.2,0.4636363636363636,0,0,0,-6.0,46.5
00-0036415,Van Jefferson,TEN,2025,11,22.0,3,7,0.92,HOU,2.0,32.6,2.4,4.6,0.26436781609195403,0,0,7,-5.5,37.5
00-0040170,Elic Ayomanor,TEN,2025,11,11.0,2,6,0.85,HOU,2.0,39.6,2.8,6.2,0.3563218390804598,0,0,7,-5.5,37.5
00-0032398,Chris Moore,WAS,2025,11,28.0,2,5,0.82,MIA,9.0,35.2,2.0,3.8,0.2835820895522388,0,0,0,-2.5,47.5
00-0035719,Deebo Samuel Sr.,WAS,2025,11,74.0,7,8,0.75,MIA,9.0,38.4,4.8,6.6,0.4925373134328358,0,0,0,-2.5,47.5
00-0035500,Greg Dortch,ARI,2025,12,53.0,6,9,0.63,JAX,20.0,42.0,4.0,5.2,0.20155038759689922,0,1,0,-2.5,47.5
00-0038559,Michael Wilson,ARI,2025,12,118.0,10,15,0.82,JAX,20.0,60.0,6.0,8.4,0.32558139534883723,0,1,0,-2.5,47.5
00-0039064,Zay Flowers,BAL,2025,12,58.0,5,6,0.84,NYJ,4.0,65.2,5.0,7.0,0.6862745098039216,0,0,-3,14.0,44.5
00-0037261,Khalil Shakir,BUF,2025,12,77.0,8,10,0.67,HOU,2.0,48.6,5.8,8.0,0.625,0,1,0,5.5,43.5
00-0039342,Xavier Legette,CAR,2025,12,22.0,3,5,0.67,SF,26.0,33.4,4.0,8.6,0.6615384615384615,0,0,0,-7.5,48.5
00-0040124,Tetairoa McMillan,CAR,2025,12,35.0,2,7,0.91,SF,26.0,73.6,5.4,8.2,0.6307692307692307,0,0,0,-7.5,48.5
00-0034827,DJ Moore,CHI,2025,12,64.0,5,7,0.77,PIT,27.0,53.6,3.6,5.6,0.3218390804597701,0,0,0,3.0,46.5
00-0039919,Rome Odunze,CHI,2025,12,53.0,3,9,0.78,PIT,27.0,60.8,3.8,7.4,0.42528735632183906,0,0,0,3.0,46.5
00-0036410,Tee Higgins,CIN,2025,12,31.0,5,6,0.77,NE,7.0,72.8,4.8,8.4,0.336,0,0,-3,-7.5,50.5
00-0038619,Andrei Iosivas,CIN,2025,12,61.0,4,7,0.83,NE,7.0,46.2,3.2,5.2,0.208,0,0,-3,-7.5,50.5
00-0038839,Mitchell Tinsley,CIN,2025,12,29.0,2,6,0.74,NE,7.0,,,,,0,0,-3,-7.5,50.5
00-0036358,CeeDee Lamb,DAL,2025,12,75.0,4,11,0.85,PHI,15.0,89.4,6.6,9.6,0.4247787610619469,0,1,-1,-3.0,47.5
00-0037247,George Pickens,DAL,2025,12,146.0,9,9,0.78,PHI,15.0,110.2,7.0,9.2,0.40707964601769914,0,1,-1,-3.0,47.5
00-0036963,Amon-Ra St. Brown,DET,2025,12,149.0,9,13,0.97,NYG,12.0,65.6,6.2,10.6,0.5,0,1,0,14.0,50.5
00-0038124,Christian Watson,GB,2025,12,49.0,5,7,0.74,MIN,18.0,56.6,2.6,5.0,0.390625,0,0,0,6.5,41.5
00-0036252,Michael Pittman,IND,2025,12,27.0,5,8,0.82,KC,10.0,69.6,6.8,9.2,0.39316239316239315,0,0,7,-3.5,50.5
00-0034960,Jakobi Meyers,JAX,2025,12,50.0,4,6,0.84,ARI,14.0,43.4,4.6,7.4,0.42528735632183906,0,1,0,2.5,47.5
00-0038606,Parker Washington,JAX,2025,12,71.0,5,7,0.84,ARI,14.0,44.8,4.2,8.2,0.47126436781609193,0,1,0,2.5,47.5
00-0039067,Rashee Rice,KC,2025,12,141.0,8,12,0.62,IND,25.0,79.2,7.2,9.0,0.5172413793103449,0,0,-7,3.5,50.5
00-0039894,Xavier Worthy,KC,2025,12,59.0,4,8,0.77,IND,25.0,60.0,5.0,7.2,0.41379310344827586,1,0,-7,3.5,50.5
00-0032211,Tyler Lockett,LV,2025,12,62.0,4,5,0.76,CLE,9.0,16.2,1.6,2.2,0.15714285714285714,0,1,-1,3.0,35.5
00-0038563,Tre Tucker,LV,2025,12,28.0,3,10,0.95,CLE,9.0,71.4,5.2,6.8,0.4857142857142857,0,1,-1,3.0,35.5
00-0036322,Justin Jefferson,MIN,2025,12,48.0,4,6,1.0,GB,5.0,59.6,5.4,10.2,0.5,0,0,0,-6.5,41.5
00-0033555,Mack Hollins,NE,2025,12,30.0,2,6,0.86,CIN,21.0,70.2,4.2,5.6,0.345679012345679,0,0,3,7.5,50.5
00-0037239,Chris Olave,NO,2025,12,70.0,9,13,0.8,ATL,24.0,67.6,5.8,9.2,0.4946236559139785,0,1,7,1.5,41.5
00-0039424,Devaughn Vele,NO,2025,12,37.0,3,7,0.89,ATL,24.0,52.6,3.6,5.0,0.26881720430107525,0,1,7,1.5,41.5
00-0036165,Isaiah Hodgins,NYG,2025,12,42.0,2,6,0.66,DET,3.0,26.6,2.4,3.4,0.2073170731707317,0,1,0,-14.0,50.5
00-0038117,Wan'Dale Robinson,NYG,2025,12,156.0,9,14,0.83,DET,3.0,64.6,6.2,10.0,0.6097560975609756,0,1,0,-14.0,50.5
00-0037614,John Metchie III,NYJ,2025,12,65.0,6,7,0.86,BAL,11.0,37.0,3.2,4.8,0.35294117647058826,0,0,3,-14.0,44.5
00-0039890,Adonai Mitchell,NYJ,2025,12,42.0,2,7,0.85,BAL,11.0,36.333333333333336,2.6666666666666665,4.0,0.17647058823529413,0,0,3,-14.0,44.5
00-0035676,A.J. Brown,PHI,2025,12,110.0,8,10,0.94,DAL,13.0,60.0,4.8,8.6,0.5058823529411764,0,1,1,3.0,47.5
00-0036912,DeVonta Smith,PHI,2025,12,89.0,6,11,0.95,DAL,13.0,78.6,4.8,7.4,0.43529411764705883,0,1,1,3.0,47.5
00-0035640,DK Metcalf,PIT,2025,12,22.0,5,8,0.85,CHI,23.0,56.8,4.0,7.2,0.42857142857142855,0,0,0,-3.0,46.5
00-0038543,Jaxon Smith-Njigba,SEA,2025,12,167.0,8,10,0.79,TEN,17.0,130.2,8.2,11.4,0.6951219512195121,0,0,0,12.5,41.5
00-0036259,Jauan Jennings,SF,2025,12,41.0,5,7,0.9,CAR,6.0,48.4,4.4,6.8,0.6296296296296297,0,0,0,7.5,48.5
00-0040129,Emeka Egbuka,TB,2025,12,32.0,3,8,0.9,LA,19.0,82.2,5.0,10.0,0.44642857142857145,0,1,0,-7.0,49.5
00-0040705,Chimere Dike,TEN,2025,12,44.0,5,7,0.8,SEA,22.0,93.0,7.0,8.0,0.1,0,0,0,-12.5,41.5
00-0038559,Michael Wilson,ARI,2025,13,36.0,3,7,0.93,TB,31.0,79.2,7.2,10.2,0.3669064748201439,0,0,0,-4.5,44.5
00-0039849,Marvin Harrison Jr.,ARI,2025,13,69.0,6,7,0.61,TB,31.0,70.2,4.4,8.6,0.30935251798561153,1,0,0,-4.5,44.5
00-0036309,Darnell Mooney,ATL,2025,13,25.0,2,5,0.96,NYJ,6.0,40.0,2.6,7.2,0.45,0,0,0,3.0,38.5
00-0039064,Zay Flowers,BAL,2025,13,6.0,2,7,0.95,CIN,25.0,67.6,4.8,6.2,0.7560975609756098,0,0,0,7.0,52.5
00-0034827,DJ Moore,CHI,2025,13,17.0,2,5,0.91,PHI,24.0,58.8,3.8,6.0,0.29411764705882354,0,0,0,-7.0,43.5
00-0039919,Rome Odunze,CHI,2025,13,8.0,2,6,0.8,PHI,24.0,65.0,4.0,8.2,0.4019607843137255,0,0,0,-7.0,43.5
00-0036900,Ja'Marr Chase,CIN,2025,13,110.0,7,14,0.99,BAL,12.0,97.4,9.4,14.4,0.576,0,0,0,-7.0,52.5
00-0038839,Mitchell Tinsley,CIN,2025,13,22.0,2,9,0.67,BAL,12.0,29.0,2.0,6.0,0.048,0,0,0,-7.0,52.5
00-0036358,CeeDee Lamb,DAL,2025,13,112.0,7,9,0.81,KC,11.0,82.0,5.6,9.6,0.39344262295081966,0,1,0,-3.5,53.5
00-0037247,George Pickens,DAL,2025,13,88.0,6,13,0.74,KC,11.0,105.8,7.0,8.8,0.36065573770491804,0,1,0,-3.5,53.5
00-0034348,Courtland Sutton,DEN,2025,13,62.0,5,6,0.81,WAS,28.0,68.4,4.6,8.0,0.37735849056603776,0,0,0,6.5,43.5
00-0040134,Pat Bryant,DEN,2025,13,42.0,3,7,0.7,WAS,28.0,,,,,0,0,0,6.5,43.5
00-0037240,Jameson Williams,DET,2025,13,144.0,7,10,0.94,GB,1.0,75.8,4.4,7.0,0.3645833333333333,0,1,0,2.5,48.5
00-0038124,Christian Watson,GB,2025,13,80.0,4,10,0.73,DET,13.0,66.4,3.6,5.8,0.5471698113207547,0,1,0,-2.5,48.5
00-0036554,Nico Collins,HOU,2025,13,98.0,5,10,0.75,IND,30.0,97.2,7.0,10.6,0.3897058823529412,0,1,3,-3.0,44.5
00-0037664,Alec Pierce,IND,2025,13,78.0,4,5,0.96,HOU,7.0,86.8,4.2,8.0,0.32786885245901637,0,1,-3,3.0,44.5
00-0034960,Jakobi Meyers,JAX,2025,13,90.0,6,6,0.92,TEN,22.0,39.8,4.2,6.2,0.37349397590361444,0,0,0,6.0,42.5
00-0039067,Rashee Rice,KC,2025,13,92.0,8,12,0.89,DAL,20.0,92.4,7.8,10.2,0.4811320754716981,0,1,0,3.5,53.5
00-0039894,Xavier Worthy,KC,2025,13,61.0,4,6,0.88,DAL,20.0,40.4,4.2,7.2,0.33962264150943394,0,1,0,3.5,53.5
00-0030279,Keenan Allen,LAC,2025,13,30.0,4,5,0.6,LV,17.0,68.4,6.8,9.6,0.3870967741935484,0,1,7,10.0,40.5
00-0039915,Ladd McConkey,LAC,2025,13,39.0,4,6,0.76,LV,17.0,73.8,5.8,8.6,0.3467741935483871,0,1,7,10.0,40.5
00-0036613,Jaylen Waddle,MIA,2025,13,40.0,3,6,0.92,NO,3.0,82.4,5.0,7.4,0.7872340425531915,0,0,7,5.5,41.5
00-0039880,Malik Washington,MIA,2025,13,30.0,4,5,0.6,NO,3.0,36.6,4.0,5.4,0.574468085106383,0,0,7,5.5,41.5
00-0036322,Justin Jefferson,MIN,2025,13,4.0,2,6,0.96,SEA,18.0,53.4,5.2,9.4,0.6103896103896104,0,0,0,-12.5,42.5
00-0038994,Jordan Addison,MIN,2025,13,36.0,5,10,0.92,SEA,18.0,67.6,4.6,8.8,0.5714285714285714,0,0,0,-12.5,42.5
00-0038608,Kayshon Boutte,NE,2025,13,35.0,4,5,0.75,NYG,14.0,83.2,5.0,6.0,0.35294117647058826,0,0,0,7.0,46.5
00-0037239,Chris Olave,NO,2025,13,47.0,4,7,0.88,MIA,8.0,77.6,7.0,10.6,0.5096153846153846,1,0,-7,-5.5,41.5
00-0039424,Devaughn Vele,NO,2025,13,93.0,8,8,0.88,MIA,8.0,44.4,3.4,5.2,0.25,0,0,-7,-5.5,41.5
00-0038117,Wan'Dale Robinson,NYG,2025,13,34.0,7,8,1.0,NE,5.0,79.0,6.8,11.4,0.6477272727272727,0,0,0,-7.0,46.5
00-0037614,John Metchie III,NYJ,2025,13,19.0,4,8,0.97,ATL,29.0,35.2,3.4,5.0,0.38461538461538464,0,0,0,-3.0,38.5
00-0039890,Adonai Mitchell,NYJ,2025,13,102.0,8,12,0.86,ATL,29.0,37.75,2.5,4.75,0.2923076923076923,0,0,0,-3.0,38.5
00-0035676,A.J. Brown,PHI,2025,13,132.0,10,12,0.96,CHI,21.0,80.6,6.0,8.8,0.5432098765432098,0,0,0,7.0,43.5
00-0036912,DeVonta Smith,PHI,2025,13,48.0,5,8,0.94,CHI,21.0,86.6,5.2,8.6,0.5308641975308642,0,0,0,7.0,43.5
00-0035640,DK Metcalf,PIT,2025,13,32.0,3,5,0.86,BUF,4.0,42.2,4.2,7.0,0.4666666666666667,0,0,-3,-3.0,44.5
00-0036259,Jauan Jennings,SF,2025,13,39.0,4,6,0.81,CLE,15.0,50.4,4.6,6.8,0.53125,0,0,-1,5.5,35.5
00-0033921,Chris Godwin Jr.,TB,2025,13,78.0,3,5,0.66,ARI,16.0,69.8,6.4,9.4,0.373015873015873,0,0,0,4.5,44.5
00-0040129,Emeka Egbuka,TB,2025,13,42.0,4,8,0.85,ARI,16.0,56.0,4.2,10.2,0.40476190476190477,0,0,0,4.5,44.5
00-0040170,Elic Ayomanor,TEN,2025,13,5.0,1,5,0.85,JAX,23.0,33.0,2.8,6.0,0.3614457831325301,1,0,0,-6.0,42.5
00-0035719,Deebo Samuel Sr.,WAS,2025,13,64.0,5,7,0.7,DEN,10.0,34.0,4.6,6.0,0.4166666666666667,0,0,0,-6.5,43.5
00-0038559,Michael Wilson,ARI,2025,14,142.0,11,16,0.79,LA,13.0,83.4,7.2,10.4,0.36363636363636365,0,1,0,-9.5,49.5
00-0038953,Dylan Drummond,ATL,2025,14,21.0,3,5,0.61,SEA,8.0,,,,,0,1,0,-7.0,44.5
00-0039064,Zay Flowers,BAL,2025,14,124.0,8,11,0.92,PIT,16.0,56.2,3.8,5.8,0.5686274509803921,0,0,3,5.5,43.5
00-0040735,Luther Burden III,CHI,2025,14,67.0,4,6,0.71,GB,3.0,,,,,0,0,-1,-6.5,44.5
00-0036410,Tee Higgins,CIN,2025,14,92.0,6,11,0.73,BUF,4.0,74.6,5.2,8.2,0.3565217391304348,0,0,3,-6.0,54.5
00-0036900,Ja'Marr Chase,CIN,2025,14,44.0,5,8,1.0,BUF,4.0,100.6,8.8,14.8,0.6434782608695652,0,0,3,-6.0,54.5
00-0036407,Jerry Jeudy,CLE,2025,14,76.0,3,5,0.88,TEN,21.0,41.0,3.8,9.2,0.8363636363636363,0,0,0,4.5,33.5
00-0037247,George Pickens,DAL,2025,14,37.0,5,9,0.84,DET,14.0,107.0,7.4,10.2,0.3953488372093023,0,1,0,-3.5,55.5
00-0039410,Ryan Flournoy,DAL,2025,14,115.0,9,13,0.65,DET,14.0,24.5,2.5,4.5,0.06976744186046512,0,1,0,-3.5,55.5
00-0034348,Courtland Sutton,DEN,2025,14,62.0,6,10,0.65,LV,7.0,61.0,4.0,7.2,0.3870967741935484,0,1,0,8.5,40.5
00-0036963,Amon-Ra St. Brown,DET,2025,14,92.0,6,9,0.92,DAL,23.0,86.4,6.2,11.2,0.5833333333333334,1,1,0,3.5,55.5
00-0037240,Jameson Williams,DET,2025,14,96.0,7,9,0.92,DAL,23.0,96.6,5.4,7.4,0.3854166666666667,0,1,0,3.5,55.5
00-0036554,Nico Collins,HOU,2025,14,121.0,4,8,0.81,KC,22.0,96.0,6.4,10.4,0.37410071942446044,0,0,-3,-4.5,41.5
00-0040130,Jayden Higgins,HOU,2025,14,34.0,3,5,0.6,KC,22.0,44.5,4.0,7.5,0.1079136690647482,0,0,-3,-4.5,41.5
00-0036252,Michael Pittman,IND,2025,14,79.0,9,12,0.87,JAX,15.0,66.8,6.8,8.8,0.4036697247706422,0,0,0,2.5,44.5
00-0037664,Alec Pierce,IND,2025,14,80.0,5,8,0.83,JAX,15.0,88.8,4.2,8.0,0.3669724770642202,0,0,0,2.5,44.5
00-0038997,Josh Downs,IND,2025,14,23.0,4,5,0.66,JAX,15.0,44.4,5.2,7.8,0.3577981651376147,0,0,0,2.5,44.5
00-0033375,Tim Patrick,JAX,2025,14,78.0,5,6,0.66,IND,20.0,29.4,3.0,4.6,0.39655172413793105,0,0,0,-2.5,44.5
00-0034960,Jakobi Meyers,JAX,2025,14,39.0,4,10,0.83,IND,20.0,51.8,4.6,6.0,0.5172413793103449,0,0,0,-2.5,44.5
00-0039893,Brian Thomas Jr.,JAX,2025,14,87.0,3,6,0.83,IND,20.0,61.0,4.6,7.0,0.603448275862069,0,0,0,-2.5,44.5
00-0039067,Rashee Rice,KC,2025,14,34.0,4,8,0.78,HOU,6.0,88.8,7.0,9.8,0.4083333333333333,0,0,3,4.5,41.5
00-0039915,Ladd McConkey,LAC,2025,14,12.0,1,5,0.86,PHI,17.0,73.8,5.6,8.4,0.46153846153846156,0,1,-2,-1.5,41.5
00-0038563,Tre Tucker,LV,2025,14,24.0,2,5,0.94,DEN,10.0,48.0,4.2,7.0,0.4268292682926829,0,1,0,-8.5,40.5
00-0040729,Jack Bech,LV,2025,14,50.0,6,6,0.82,DEN,10.0,,,,,0,1,0,-8.5,40.5
00-0036613,Jaylen Waddle,MIA,2025,14,50.0,5,7,0.78,NYJ,12.0,71.4,4.4,7.0,0.7,0,0,0,2.5,41.5
00-0038994,Jordan Addison,MIN,2025,14,62.0,4,7,0.67,WAS,27.0,52.0,4.8,9.2,0.5227272727272727,0,1,0,-1.5,43.5
00-0037239,Chris Olave,NO,2025,14,30.0,3,5,0.93,TB,26.0,75.2,6.4,9.8,0.4666666666666667,1,0,0,-7.5,41.5
00-0039424,Devaughn Vele,NO,2025,14,40.0,3,5,0.93,TB,26.0,55.2,4.2,6.0,0.2857142857142857,0,0,0,-7.5,41.5
00-0037614,John Metchie III,NYJ,2025,14,34.0,4,8,0.97,MIA,18.0,32.4,3.6,6.0,0.38961038961038963,0,0,0,-2.5,41.5
00-0039890,Adonai Mitchell,NYJ,2025,14,24.0,1,6,0.91,MIA,18.0,50.6,3.6,6.2,0.4025974025974026,0,0,0,-2.5,41.5
00-0035676,A.J. Brown,PHI,2025,14,100.0,6,13,0.97,LAC,1.0,98.4,7.0,9.6,0.5714285714285714,0,1,2,1.5,41.5
00-0036912,DeVonta Smith,PHI,2025,14,37.0,4,8,0.97,LAC,1.0,59.6,4.4,8.0,0.47619047619047616,0,1,2,1.5,41.5
00-0035640,DK Metcalf,PIT,2025,14,148.0,7,12,0.83,BAL,11.0,38.6,4.2,7.0,0.5645161290322581,0,0,-3,-5.5,43.5
00-0038543,Jaxon Smith-Njigba,SEA,2025,14,92.0,7,10,0.72,ATL,25.0,137.2,8.2,11.6,0.8923076923076924,0,1,0,7.0,44.5
00-0033921,Chris Godwin Jr.,TB,2025,14,55.0,5,8,0.69,NO,2.0,71.6,5.8,8.6,0.4215686274509804,0,0,0,7.5,41.5
00-0040129,Emeka Egbuka,TB,2025,14,15.0,2,9,0.88,NO,2.0,52.8,4.2,9.4,0.46078431372549017,0,0,0,7.5,41.5
00-0040705,Chimere Dike,TEN,2025,14,24.0,5,8,0.67,CLE,9.0,68.5,6.0,7.5,0.16666666666666666,0,0,0,-4.5,33.5
00-0035659,Terry McLaurin,WAS,2025,14,41.0,3,6,0.62,MIN,5.0,67.4,5.4,8.8,0.5,0,1,0,1.5,43.5
00-0038559,Michael Wilson,ARI,2025,15,54.0,5,11,0.85,HOU,9.0,103.0,8.6,12.6,0.4228187919463087,0,1,0,-10.5,42.5
00-0035359,David Sills,ATL,2025,15,78.0,6,10,0.94,TB,26.0,20.666666666666668,2.0,3.3333333333333335,0.14285714285714285,0,0,0,-6.0,43.5
00-0036309,Darnell Mooney,ATL,2025,15,35.0,3,6,0.92,TB,26.0,37.6,2.6,7.2,0.5142857142857142,0,0,0,-6.0,43.5
00-0039064,Zay Flowers,BAL,2025,15,68.0,3,5,0.78,CIN,,68.2,4.4,7.0,0.5147058823529411,0,0,0,2.5,51.5
00-0037261,Khalil Shakir,BUF,2025,15,65.0,5,5,0.69,NE,6.0,51.2,6.2,8.2,0.6507936507936508,0,0,-6,2.5,49.5
00-0034827,DJ Moore,CHI,2025,15,65.0,4,5,0.88,CLE,15.0,53.8,3.6,6.0,0.3488372093023256,0,0,0,7.5,38.5
00-0036900,Ja'Marr Chase,CIN,2025,15,132.0,10,16,0.97,BAL,16.0,77.2,6.6,11.8,0.48760330578512395,0,0,0,-2.5,51.5
00-0036358,CeeDee Lamb,DAL,2025,15,111.0,6,10,0.86,MIN,1.0,82.4,6.0,9.8,0.34507042253521125,0,1,3,5.5,47.5
00-0037247,George Pickens,DAL,2025,15,33.0,3,6,0.86,MIN,1.0,98.8,7.0,10.2,0.3591549295774648,0,1,3,5.5,47.5
00-0039410,Ryan Flournoy,DAL,2025,15,40.0,4,5,0.64,MIN,1.0,54.666666666666664,4.666666666666667,7.333333333333333,0.15492957746478872,0,1,3,5.5,47.5
00-0034348,Courtland Sutton,DEN,2025,15,113.0,7,10,0.88,GB,5.0,56.0,4.0,7.2,0.4044943820224719,0,0,0,-1.5,42.5
00-0036963,Amon-Ra St. Brown,DET,2025,15,164.0,13,18,0.95,LA,21.0,87.6,6.2,11.0,0.632183908045977,0,1,3,-5.5,54.5
00-0037240,Jameson Williams,DET,2025,15,126.0,7,10,0.91,LA,21.0,102.6,5.6,7.8,0.4482758620689655,0,1,3,-5.5,54.5
00-0039146,Jayden Reed,GB,2025,15,55.0,5,6,0.65,DEN,9.0,40.2,2.6,4.4,0.4,0,0,0,1.5,42.5
00-0036252,Michael Pittman,IND,2025,15,26.0,3,5,0.93,SEA,7.0,74.8,7.6,10.0,0.4132231404958678,0,0,0,-13.5,41.5
00-0038997,Josh Downs,IND,2025,15,13.0,3,5,0.72,SEA,7.0,42.6,5.4,7.2,0.2975206611570248,0,0,0,-13.5,41.5
00-0034960,Jakobi Meyers,JAX,2025,15,71.0,5,7,0.87,NYJ,8.0,53.2,4.6,6.8,0.5230769230769231,0,0,0,13.5,40.5
00-0039893,Brian Thomas Jr.,JAX,2025,15,66.0,4,7,0.77,NYJ,8.0,68.6,4.2,6.8,0.5230769230769231,0,0,0,13.5,40.5
00-0039067,Rashee Rice,KC,2025,15,51.0,7,11,0.85,LAC,3.0,77.0,6.0,9.6,0.44036697247706424,0,0,1,5.5,41.5
00-0040727,Tre Harris,LAC,2025,15,49.0,3,5,0.85,KC,24.0,27.0,4.0,5.0,0.06578947368421052,0,0,-1,-5.5,41.5
00-0036322,Justin Jefferson,MIN,2025,15,22.0,2,8,0.96,DAL,28.0,39.4,4.2,8.4,0.4883720930232558,0,1,-3,-5.5,47.5
00-0033555,Mack Hollins,NE,2025,15,41.0,4,8,0.79,BUF,4.0,72.4,4.4,6.4,0.4050632911392405,0,0,6,-2.5,49.5
00-0037239,Chris Olave,NO,2025,15,85.0,6,9,0.84,CAR,19.0,61.6,5.8,8.8,0.5641025641025641,0,1,-7,-2.5,41.5
00-0035535,Darius Slayton,NYG,2025,15,53.0,4,10,0.87,WAS,27.0,30.2,2.2,4.4,0.2222222222222222,0,0,6,2.5,46.5
00-0038117,Wan'Dale Robinson,NYG,2025,15,54.0,5,10,0.99,WAS,27.0,66.8,7.0,10.6,0.5353535353535354,0,0,6,2.5,46.5
00-0037614,John Metchie III,NYJ,2025,15,25.0,4,5,0.74,JAX,11.0,38.0,4.2,7.0,0.4117647058823529,0,0,0,-13.5,40.5
00-0039451,Isaiah Williams,NYJ,2025,15,53.0,6,7,0.6,JAX,11.0,,,,,0,0,0,-13.5,40.5
00-0039890,Adonai Mitchell,NYJ,2025,15,58.0,6,9,0.79,JAX,11.0,55.0,3.6,6.4,0.3764705882352941,0,0,0,-13.5,40.5
00-0033908,Cooper Kupp,SEA,2025,15,46.0,5,7,0.75,IND,23.0,51.8,5.0,7.4,0.5211267605633803,0,0,0,13.5,41.5
00-0037545,Rashid Shaheed,SEA,2025,15,74.0,5,7,0.68,IND,23.0,65.0,5.2,8.2,0.5774647887323944,0,0,0,13.5,41.5
00-0038543,Jaxon Smith-Njigba,SEA,2025,15,113.0,7,9,0.92,IND,23.0,123.2,8.0,11.0,0.7746478873239436,0,0,0,13.5,41.5
00-0036259,Jauan Jennings,SF,2025,15,37.0,3,5,0.81,TEN,29.0,49.2,4.6,6.6,0.5238095238095238,0,0,7,12.5,44.5
00-0033921,Chris Godwin Jr.,TB,2025,15,20.0,4,5,0.96,ATL,30.0,69.8,5.8,9.0,0.45454545454545453,0,0,0,6.0,43.5
00-0040129,Emeka Egbuka,TB,2025,15,64.0,4,7,0.64,ATL,30.0,48.8,4.0,9.4,0.47474747474747475,0,0,0,6.0,43.5
00-0040705,Chimere Dike,TEN,2025,15,17.0,4,5,0.7,SF,25.0,53.666666666666664,5.666666666666667,7.666666666666667,0.3333333333333333,0,0,-7,-12.5,44.5
00-0035719,Deebo Samuel Sr.,WAS,2025,15,43.0,3,5,0.61,NYG,22.0,43.8,4.8,6.4,0.36363636363636365,1,0,-6,-2.5,46.5
00-0037238,Drake London,ATL,2025,16,27.0,3,8,0.69,ARI,15.0,108.2,7.2,11.4,0.7402597402597403,1,1,3,2.5,48.5
00-0039064,Zay Flowers,BAL,2025,16,84.0,7,7,0.89,NE,,66.8,4.2,6.8,0.5483870967741935,0,0,0,3.5,48.5
00-0039491,Jalen Coker,CAR,2025,16,47.0,3,5,0.81,TB,25.0,51.2,3.6,5.6,0.49122807017543857,0,0,-3,-3.0,44.5
00-0040124,Tetairoa McMillan,CAR,2025,16,73.0,6,10,0.87,TB,25.0,74.0,5.2,8.6,0.7543859649122807,0,0,-3,-3.0,44.5
00-0034827,DJ Moore,CHI,2025,16,97.0,5,7,0.95,GB,7.0,58.2,3.8,6.0,0.3225806451612903,0,0,0,1.5,45.5
00-0035208,Olamide Zaccheaus,CHI,2025,16,33.0,2,5,0.86,GB,7.0,36.4,4.8,6.4,0.34408602150537637,0,0,0,1.5,45.5
00-0036900,Ja'Marr Chase,CIN,2025,16,109.0,9,11,0.87,MIA,14.0,85.4,6.2,11.2,0.4745762711864407,0,0,1,3.5,48.5
00-0036358,CeeDee Lamb,DAL,2025,16,51.0,6,7,0.86,LAC,4.0,89.8,5.8,9.8,0.362962962962963,0,1,0,1.5,50.5
00-0037247,George Pickens,DAL,2025,16,130.0,7,9,0.88,LAC,4.0,89.6,6.4,9.6,0.35555555555555557,0,1,0,1.5,50.5
00-0034348,Courtland Sutton,DEN,2025,16,86.0,6,12,0.94,JAX,2.0,65.2,4.6,8.0,0.42105263157894735,0,0,0,3.5,46.5
00-0039868,Troy Franklin,DEN,2025,16,66.0,4,5,0.64,JAX,2.0,51.8,4.4,9.0,0.47368421052631576,0,0,0,3.5,46.5
00-0040134,Pat Bryant,DEN,2025,16,42.0,5,8,0.64,JAX,2.0,42.0,3.0,7.0,0.07368421052631578,0,0,0,3.5,46.5
00-0036963,Amon-Ra St. Brown,DET,2025,16,54.0,4,9,0.97,PIT,8.0,101.0,7.0,12.0,0.631578947368421,0,1,1,7.5,52.5
00-0037240,Jameson Williams,DET,2025,16,70.0,5,9,0.95,PIT,8.0,114.6,6.2,8.6,0.45263157894736844,0,1,1,7.5,52.5
00-0037816,Romeo Doubs,GB,2025,16,84.0,5,6,0.62,CHI,,63.0,5.0,8.2,0.6612903225806451,0,0,0,-1.5,45.5
00-0038124,Christian Watson,GB,2025,16,17.0,2,6,0.62,CHI,,69.0,4.0,7.0,0.5645161290322581,1,0,0,-1.5,45.5
00-0034775,Christian Kirk,HOU,2025,16,37.0,3,5,0.62,LV,6.0,52.6,4.6,8.2,0.4270833333333333,1,1,0,14.5,39.5
00-0036554,Nico Collins,HOU,2025,16,59.0,4,9,0.8,LV,6.0,104.4,6.4,10.8,0.5625,0,1,0,14.5,39.5
00-0036252,Michael Pittman,IND,2025,16,32.0,4,5,0.93,SF,13.0,68.4,6.8,9.2,0.4791666666666667,0,1,0,-4.5,46.5
00-0038997,Josh Downs,IND,2025,16,65.0,5,9,0.78,SF,13.0,40.8,5.4,7.4,0.3854166666666667,0,1,0,-4.5,46.5
00-0034960,Jakobi Meyers,JAX,2025,16,45.0,4,8,0.86,DEN,11.0,62.8,4.8,7.0,0.4861111111111111,0,0,0,-3.5,46.5
00-0039915,Ladd McConkey,LAC,2025,16,43.0,4,6,0.75,DAL,23.0,56.2,4.4,7.6,0.5352112676056338,0,1,0,-1.5,50.5
00-0038563,Tre Tucker,LV,2025,16,43.0,4,5,1.0,HOU,10.0,40.4,3.8,6.8,0.4594594594594595,0,1,0,-14.5,39.5
00-0036613,Jaylen Waddle,MIA,2025,16,72.0,5,9,0.71,CIN,20.0,61.6,4.4,7.2,0.9,0,0,-1,-3.5,48.5
00-0036322,Justin Jefferson,MIN,2025,16,85.0,6,8,0.95,NYG,,34.4,3.4,8.2,0.5466666666666666,0,0,0,2.5,41.5
00-0033555,Mack Hollins,NE,2025,16,69.0,7,9,0.66,BAL,9.0,66.0,4.6,7.2,0.48,0,0,0,-3.5,48.5
00-0037239,Chris Olave,NO,2025,16,148.0,10,16,0.78,NYJ,12.0,59.0,6.0,9.2,0.5168539325842697,0,1,0,6.5,39.5
00-0038117,Wan'Dale Robinson,NYG,2025,16,19.0,3,6,0.98,MIN,,68.4,6.2,10.4,0.5473684210526316,0,0,0,-2.5,41.5
00-0037614,John Metchie III,NYJ,2025,16,4.0,1,5,0.86,NO,1.0,33.4,4.0,6.4,0.34408602150537637,0,1,0,-6.5,39.5
00-0039890,Adonai Mitchell,NYJ,2025,16,43.0,3,6,0.86,NO,1.0,52.4,3.6,7.0,0.3763440860215054,0,1,0,-6.5,39.5
00-0035676,A.J. Brown,PHI,2025,16,95.0,9,12,0.87,WAS,19.0,102.4,7.0,10.4,0.52,0,0,0,7.0,43.5
00-0036912,DeVonta Smith,PHI,2025,16,42.0,6,8,0.86,WAS,19.0,50.2,4.0,7.8,0.39,0,0,0,7.0,43.5
00-0035640,DK Metcalf,PIT,2025,16,42.0,4,9,0.88,DET,22.0,57.2,4.6,8.0,0.8333333333333334,0,1,-1,-7.5,52.5
00-0038543,Jaxon Smith-Njigba,SEA,2025,16,96.0,8,13,0.96,LA,17.0,121.2,7.8,10.0,0.5319148936170213,0,0,0,1.5,42.5
00-0033307,Kendrick Bourne,SF,2025,16,27.0,3,5,0.7,IND,21.0,72.4,4.6,6.4,0.4050632911392405,0,1,0,4.5,46.5
00-0036259,Jauan Jennings,SF,2025,16,71.0,5,6,0.82,IND,21.0,48.4,4.4,6.6,0.4177215189873418,0,1,0,4.5,46.5
00-0031408,Mike Evans,TB,2025,16,31.0,5,9,0.66,CAR,16.0,64.2,6.0,9.8,0.5268817204301075,0,0,3,3.0,44.5
00-0033921,Chris Godwin Jr.,TB,2025,16,30.0,5,6,0.64,CAR,16.0,48.8,4.4,7.4,0.3978494623655914,0,0,3,3.0,44.5
00-0037742,Treylon Burks,WAS,2025,16,30.0,2,5,0.83,PHI,,20.2,1.8,2.8,0.17073170731707318,0,0,0,-7.0,43.5
00-0038559,Michael Wilson,ARI,2025,17,89.0,5,10,0.86,CIN,26.0,107.0,8.8,13.4,0.5491803278688525,0,0,0,-7.0,52.5
00-0039064,Zay Flowers,BAL,2025,17,30.0,4,5,0.68,GB,13.0,68.0,5.0,7.2,0.5625,0,0,-1,-2.5,38.5
00-0037261,Khalil Shakir,BUF,2025,17,35.0,6,7,0.78,PHI,9.0,55.2,6.0,7.4,0.8809523809523809,0,0,-1,3.0,45.5
00-0036900,Ja'Marr Chase,CIN,2025,17,60.0,7,9,0.77,ARI,15.0,85.0,6.8,11.8,0.5619047619047619,0,0,0,7.0,52.5
00-0038619,Andrei Iosivas,CIN,2025,17,41.0,4,6,0.7,ARI,15.0,46.6,3.4,5.8,0.2761904761904762,0,0,0,7.0,52.5
00-0036407,Jerry Jeudy,CLE,2025,17,54.0,5,7,0.94,PIT,22.0,46.6,3.8,8.4,0.8936170212765957,0,0,0,-4.5,35.5
00-0036358,CeeDee Lamb,DAL,2025,17,46.0,5,10,0.87,WAS,14.0,83.0,5.6,8.8,0.34375,0,0,-1,8.5,50.5
00-0037247,George Pickens,DAL,2025,17,78.0,4,5,0.87,WAS,14.0,86.8,6.0,9.2,0.359375,0,0,-1,8.5,50.5
00-0037666,Jalen Tolbert,DAL,2025,17,31.0,4,8,0.62,WAS,14.0,42.6,2.8,5.0,0.1953125,0,0,-1,8.5,50.5
00-0034348,Courtland Sutton,DEN,2025,17,40.0,4,10,0.82,KC,17.0,76.4,5.6,9.2,0.4339622641509434,0,0,0,13.5,37.5
00-0035406,Lil'Jordan Humphrey,DEN,2025,17,23.0,2,5,0.6,KC,17.0,32.4,3.2,5.0,0.2358490566037736,0,0,0,13.5,37.5
00-0036963,Amon-Ra St. Brown,DET,2025,17,68.0,8,13,0.83,MIN,2.0,100.2,6.8,12.2,0.5865384615384616,1,1,0,7.0,45.5
00-0038124,Christian Watson,GB,2025,17,113.0,5,6,0.62,BAL,28.0,49.6,3.6,6.8,0.5151515151515151,1,0,1,2.5,38.5
00-0037664,Alec Pierce,IND,2025,17,0.0,0,5,0.91,JAX,16.0,85.2,4.2,7.6,0.37254901960784315,0,1,-1,-3.5,48.5
00-0038997,Josh Downs,IND,2025,17,34.0,2,5,0.61,JAX,16.0,35.0,4.4,6.6,0.3235294117647059,0,1,-1,-3.5,48.5
00-0034960,Jakobi Meyers,JAX,2025,17,39.0,6,9,0.94,IND,31.0,59.0,4.6,7.4,0.4065934065934066,0,1,1,3.5,48.5
00-0038606,Parker Washington,JAX,2025,17,115.0,8,10,0.81,IND,31.0,56.0,4.8,8.8,0.4835164835164835,0,1,1,3.5,48.5
00-0039893,Brian Thomas Jr.,JAX,2025,17,39.0,4,7,0.78,IND,31.0,65.8,4.2,7.0,0.38461538461538464,0,1,1,3.5,48.5
00-0038544,Quentin Johnston,LAC,2025,17,98.0,5,8,0.75,HOU,11.0,62.4,5.0,8.8,0.676923076923077,0,1,0,1.5,40.5
00-0038563,Tre Tucker,LV,2025,17,49.0,5,6,1.0,NYG,20.0,35.0,3.6,6.8,0.4358974358974359,0,1,0,-3.0,40.5
00-0036322,Justin Jefferson,MIN,2025,17,30.0,4,5,0.98,DET,29.0,44.0,3.8,7.4,0.6065573770491803,0,1,0,-7.0,45.5
00-0040131,Kyle Williams,NE,2025,17,20.0,3,5,0.85,NYJ,19.0,,,,,0,0,0,12.5,42.5
00-0037231,Kevin Austin Jr.,NO,2025,17,52.0,4,5,0.81,TEN,25.0,16.8,1.4,3.4,0.15315315315315314,0,0,0,1.5,39.5
00-0037239,Chris Olave,NO,2025,17,119.0,8,11,0.91,TEN,25.0,76.0,6.4,10.0,0.45045045045045046,1,0,0,1.5,39.5
00-0038117,Wan'Dale Robinson,NYG,2025,17,113.0,11,14,0.75,LV,6.0,59.8,5.6,9.4,0.573170731707317,0,1,0,3.0,40.5
00-0039451,Isaiah Williams,NYJ,2025,17,30.0,4,5,0.69,NE,4.0,53.0,6.0,7.0,0.07142857142857142,0,0,0,-12.5,42.5
00-0039890,Adonai Mitchell,NYJ,2025,17,22.0,3,9,0.81,NE,4.0,53.8,4.0,8.0,0.40816326530612246,0,0,0,-12.5,42.5
00-0035676,A.J. Brown,PHI,2025,17,68.0,5,7,0.89,BUF,3.0,97.2,8.0,11.6,0.5858585858585859,0,0,1,-3.0,45.5
00-0036912,DeVonta Smith,PHI,2025,17,25.0,2,5,0.85,BUF,3.0,44.8,4.4,8.0,0.40404040404040403,0,0,1,-3.0,45.5
00-0030035,Adam Thielen,PIT,2025,17,14.0,2,5,0.86,CLE,7.0,81.2,6.4,8.0,0.9090909090909091,0,0,0,4.5,35.5
00-0034272,Marquez Valdes-Scantling,PIT,2025,17,21.0,3,9,0.82,CLE,7.0,36.8,2.2,5.4,0.6136363636363636,0,0,0,4.5,35.5
00-0035298,Scott Miller,PIT,2025,17,25.0,3,7,0.64,CLE,7.0,4.0,1.0,5.0,0.11363636363636363,0,0,0,4.5,35.5
00-0038543,Jaxon Smith-Njigba,SEA,2025,17,72.0,9,12,0.89,CAR,12.0,114.6,7.8,10.8,0.6923076923076923,0,0,3,6.5,42.5
00-0039916,Ricky Pearsall,SF,2025,17,85.0,5,8,0.81,CHI,8.0,98.2,6.0,8.4,0.525,1,0,-2,3.5,51.5
00-0031408,Mike Evans,TB,2025,17,31.0,3,7,0.75,MIA,18.0,52.6,5.2,8.8,0.4943820224719101,0,0,0,5.5,44.5
00-0033921,Chris Godwin Jr.,TB,2025,17,108.0,7,8,0.79,MIA,18.0,41.8,4.0,6.8,0.38202247191011235,0,0,0,5.5,44.5
00-0040170,Elic Ayomanor,TEN,2025,17,37.0,4,7,0.81,NO,1.0,28.6,2.4,6.0,0.40540540540540543,0,0,0,-1.5,39.5
00-0040705,Chimere Dike,TEN,2025,17,55.0,4,5,0.78,NO,1.0,44.5,5.25,7.0,0.3783783783783784,0,0,0,-1.5,39.5
00-0035659,Terry McLaurin,WAS,2025,17,63.0,5,7,0.86,DAL,30.0,63.2,4.4,7.6,0.4935064935064935,0,0,1,-8.5,50.5
00-0038559,Michael Wilson,ARI,2025,18,99.0,5,8,0.93,LA,20.0,87.8,6.8,11.8,0.5315315315315315,0,1,1,-14.5,49.5
00-0036309,Darnell Mooney,ATL,2025,18,20.0,3,7,0.83,NO,5.0,35.8,2.4,6.2,0.3974358974358974,1,1,-1,4.5,43.5
00-0037238,Drake London,ATL,2025,18,78.0,4,8,0.94,NO,5.0,82.0,5.8,9.8,0.6282051282051282,1,1,-1,4.5,43.5
00-0039064,Zay Flowers,BAL,2025,18,138.0,4,6,0.98,PIT,18.0,62.4,4.8,7.0,0.5555555555555556,0,0,1,4.5,41.5
00-0039491,Jalen Coker,CAR,2025,18,47.0,6,7,0.92,TB,19.0,52.4,3.6,5.0,0.3787878787878788,0,0,0,-3.0,43.5
00-0040124,Tetairoa McMillan,CAR,2025,18,84.0,4,6,0.88,TB,19.0,68.8,5.0,8.6,0.6515151515151515,0,0,0,-3.0,43.5
00-0036410,Tee Higgins,CIN,2025,18,67.0,6,9,0.87,CLE,4.0,80.6,5.4,8.8,0.44,0,0,0,9.5,47.5
00-0036900,Ja'Marr Chase,CIN,2025,18,96.0,8,10,1.0,CLE,4.0,91.0,7.6,11.6,0.58,0,0,0,9.5,47.5
00-0036407,Jerry Jeudy,CLE,2025,18,17.0,2,6,0.88,CIN,23.0,54.4,4.4,8.8,0.9166666666666666,0,0,0,-9.5,47.5
00-0039410,Ryan Flournoy,DAL,2025,18,68.0,5,7,0.87,NYG,,51.0,4.5,6.75,0.216,0,0,3,3.0,50.5
00-0040134,Pat Bryant,DEN,2025,18,31.0,4,5,0.66,LAC,12.0,42.0,4.0,7.5,0.1595744680851064,0,0,2,14.5,37.5
00-0036963,Amon-Ra St. Brown,DET,2025,18,139.0,11,15,0.95,CHI,15.0,105.4,8.0,12.4,0.5961538461538461,1,0,3,-3.5,51.5
00-0037240,Jameson Williams,DET,2025,18,74.0,6,8,0.95,CHI,15.0,104.8,6.0,9.0,0.4326923076923077,0,0,3,-3.5,51.5
00-0038618,Xavier Hutchinson,HOU,2025,18,84.0,5,9,0.79,IND,28.0,35.4,3.0,4.6,0.3108108108108108,0,1,1,9.5,37.5
00-0040130,Jayden Higgins,HOU,2025,18,23.0,2,5,0.81,IND,28.0,41.0,3.6666666666666665,6.666666666666667,0.2702702702702703,0,1,1,9.5,37.5
00-0037664,Alec Pierce,IND,2025,18,132.0,4,7,0.68,HOU,11.0,71.4,3.8,7.6,0.3958333333333333,0,1,-1,-9.5,37.5
00-0034960,Jakobi Meyers,JAX,2025,18,44.0,5,6,0.79,TEN,27.0,56.8,5.0,8.0,0.38461538461538464,0,0,0,12.5,46.5
00-0038606,Parker Washington,JAX,2025,18,87.0,5,9,0.74,TEN,27.0,72.2,5.6,8.6,0.41346153846153844,0,0,0,12.5,46.5
00-0035662,Marquise Brown,KC,2025,18,64.0,3,6,0.81,LV,6.0,44.2,4.8,7.6,0.42696629213483145,0,1,3,3.5,36.5
00-0040727,Tre Harris,LAC,2025,18,28.0,2,6,0.97,DEN,10.0,38.0,3.5,5.0,0.14705882352941177,0,0,-2,-14.5,37.5
00-0038563,Tre Tucker,LV,2025,18,30.0,2,6,0.98,KC,16.0,38.2,3.6,6.8,0.4594594594594595,0,1,-3,-3.5,36.5
00-0036322,Justin Jefferson,MIN,2025,18,101.0,8,11,0.76,GB,14.0,37.8,3.6,6.6,0.55,0,1,2,12.5,37.5
00-0034860,Dante Pettis,NO,2025,18,60.0,5,5,0.76,ATL,17.0,17.6,1.6,4.8,0.24,0,1,1,-4.5,43.5
00-0037231,Kevin Austin Jr.,NO,2025,18,37.0,4,9,0.97,ATL,17.0,21.0,1.6,3.8,0.19,0,1,1,-4.5,43.5
00-0035535,Darius Slayton,NYG,2025,18,34.0,4,9,0.87,DAL,26.0,34.4,2.8,5.8,0.35802469135802467,0,0,-3,-3.0,50.5
00-0035645,Gunner Olszewski,NYG,2025,18,102.0,8,9,0.84,DAL,26.0,,,,,0,0,-3,-3.0,50.5
00-0037741,Jahan Dotson,PHI,2025,18,40.0,3,8,0.94,WAS,21.0,24.8,2.6,4.0,0.20833333333333334,0,0,-3,3.0,38.5
00-0040024,Darius Cooper,PHI,2025,18,33.0,3,5,0.84,WAS,21.0,,,,,0,0,-3,3.0,38.5
00-0030035,Adam Thielen,PIT,2025,18,43.0,3,6,0.67,BAL,29.0,64.2,5.2,7.0,0.5645161290322581,0,0,-1,-4.5,41.5
00-0034272,Marquez Valdes-Scantling,PIT,2025,18,34.0,5,7,0.84,BAL,29.0,33.8,2.4,6.6,0.532258064516129,0,0,-1,-4.5,41.5
00-0038543,Jaxon Smith-Njigba,SEA,2025,18,84.0,6,8,0.83,SF,13.0,108.0,7.8,10.8,0.675,0,0,0,2.5,47.5
00-0036259,Jauan Jennings,SF,2025,18,35.0,4,6,0.88,SEA,1.0,48.4,4.2,6.0,0.35294117647058826,0,0,0,-2.5,47.5
00-0040170,Elic Ayomanor,TEN,2025,18,50.0,3,10,0.94,JAX,8.0,30.2,2.8,6.4,0.41025641025641024,0,0,0,-12.5,46.5
00-0035719,Deebo Samuel Sr.,WAS,2025,18,20.0,2,5,0.71,PHI,9.0,50.2,4.8,6.2,0.49206349206349204,0,0,3,-3.0,38.5
00-0037261,Khalil Shakir,BUF,2025,19,82.0,12,12,0.71,JAX,4.0,55.6,6.6,7.8,0.8297872340425532,0,0,0,-1.5,51.5
00-0039491,Jalen Coker,CAR,2025,19,134.0,9,12,0.88,LA,9.0,39.8,4.0,5.2,0.3939393939393939,0,0,1,-10.0,44.5
00-0040124,Tetairoa McMillan,CAR,2025,19,81.0,5,7,0.9,LA,9.0,76.4,5.0,8.6,0.6515151515151515,0,0,1,-10.0,44.5
00-0034827,DJ Moore,CHI,2025,19,64.0,6,7,0.86,GB,5.0,63.0,4.0,6.0,0.38961038961038963,0,0,0,-2.5,45.5
00-0039919,Rome Odunze,CHI,2025,19,44.0,2,6,0.69,GB,5.0,60.4,4.0,8.2,0.5324675324675324,0,0,0,-2.5,45.5
00-0040735,Luther Burden III,CHI,2025,19,42.0,3,7,0.63,GB,5.0,67.0,4.0,6.0,0.07792207792207792,0,0,0,-2.5,45.5
00-0037816,Romeo Doubs,GB,2025,19,124.0,8,11,0.73,CHI,11.0,68.8,5.0,7.6,0.6440677966101694,0,0,0,2.5,45.5
00-0038124,Christian Watson,GB,2025,19,36.0,3,7,0.8,CHI,11.0,61.0,4.0,6.8,0.576271186440678,0,0,0,2.5,45.5
00-0039146,Jayden Reed,GB,2025,19,43.0,4,7,0.68,CHI,11.0,49.2,3.2,4.8,0.4067796610169492,0,0,0,2.5,45.5
00-0038606,Parker Washington,JAX,2025,19,107.0,7,12,0.71,BUF,2.0,79.2,5.8,8.4,0.3387096774193548,0,0,0,1.5,51.5
00-0030279,Keenan Allen,LAC,2025,19,25.0,3,8,0.6,NE,3.0,60.8,6.2,8.6,0.5,0,0,0,-3.5,45.5
00-0038544,Quentin Johnston,LAC,2025,19,20.0,3,6,0.77,NE,3.0,64.2,4.8,8.6,0.5,0,0,0,-3.5,45.5
00-0031588,Stefon Diggs,NE,2025,19,16.0,2,5,0.62,LAC,6.0,77.6,6.4,8.0,0.6557377049180327,0,0,0,3.5,45.5
00-0035676,A.J. Brown,PHI,2025,19,25.0,3,7,1.0,SF,8.0,101.0,7.6,10.8,0.574468085106383,0,0,-1,6.0,44.5
00-0036912,DeVonta Smith,PHI,2025,19,70.0,8,11,0.92,SF,8.0,48.2,4.6,8.0,0.425531914893617,0,0,-1,6.0,44.5
00-0035640,DK Metcalf,PIT,2025,19,42.0,2,5,0.86,HOU,7.0,58.6,4.8,8.4,0.5121951219512195,0,0,0,-3.0,38.5
00-0037837,Calvin Austin III,PIT,2025,19,8.0,3,6,0.61,HOU,7.0,34.2,2.8,5.2,0.3170731707317073,0,0,0,-3.0,38.5
00-0032775,Demarcus Robinson,SF,2025,19,111.0,6,7,0.68,PHI,1.0,41.6,2.0,4.8,0.2962962962962963,0,0,1,-6.0,44.5
00-0037261,Khalil Shakir,BUF,2025,20,75.0,7,9,0.64,DEN,4.0,63.4,7.6,8.6,0.7543859649122807,0,0,-7,-1.5,45.5
00-0034827,DJ Moore,CHI,2025,20,52.0,5,8,0.72,LA,7.0,61.4,4.4,6.2,0.3069306930693069,0,0,0,-3.5,49.5
00-0039919,Rome Odunze,CHI,2025,20,44.0,2,6,0.77,LA,7.0,46.4,3.0,7.4,0.36633663366336633,1,0,0,-3.5,49.5
00-0034348,Courtland Sutton,DEN,2025,20,53.0,4,9,0.85,BUF,2.0,72.6,5.6,9.6,0.6233766233766234,0,0,7,1.5,45.5
00-0035406,Lil'Jordan Humphrey,DEN,2025,20,33.0,2,5,0.67,BUF,2.0,29.6,2.4,4.4,0.2857142857142857,0,0,7,1.5,45.5
00-0038976,Marvin Mims Jr.,DEN,2025,20,93.0,8,8,0.65,BUF,2.0,6.0,1.0,2.5,0.06493506493506493,0,0,7,1.5,45.5
00-0034775,Christian Kirk,HOU,2025,20,20.0,2,6,0.69,NE,3.0,44.2,3.6,7.2,0.5714285714285714,0,0,-1,-3.0,40.5
00-0038618,Xavier Hutchinson,HOU,2025,20,44.0,4,13,0.84,NE,3.0,48.0,3.6,5.6,0.4444444444444444,0,0,-1,-3.0,40.5
00-0040130,Jayden Higgins,HOU,2025,20,59.0,6,10,0.88,NE,3.0,36.5,3.25,6.25,0.3968253968253968,0,0,-1,-3.0,40.5
00-0038608,Kayshon Boutte,NE,2025,20,75.0,3,5,0.83,HOU,5.0,84.6,5.0,6.0,0.5,0,0,1,3.0,40.5
00-0033908,Cooper Kupp,SEA,2025,20,60.0,5,5,0.74,SF,6.0,48.8,5.0,7.4,0.4457831325301205,0,0,8,6.5,44.5
00-0036259,Jauan Jennings,SF,2025,20,23.0,2,5,0.78,SEA,1.0,44.6,4.2,6.0,0.38961038961038963,0,0,-8,-6.5,44.5
00-0034348,Courtland Sutton,DEN,2025,21,17.0,3,5,0.93,NE,1.0,70.8,5.4,10.2,0.5730337078651685,0,0,1,-3.5,43.5
00-0038976,Marvin Mims Jr.,DEN,2025,21,62.0,4,6,0.66,NE,1.0,35.0,3.3333333333333335,4.333333333333333,0.14606741573033707,0,0,1,-3.5,43.5
00-0038608,Kayshon Boutte,NE,2025,21,6.0,1,6,0.62,DEN,2.0,76.2,4.2,5.6,0.4444444444444444,0,0,-1,3.5,43.5
00-0033908,Cooper Kupp,SEA,2025,21,36.0,4,6,0.78,LA,3.0,42.8,4.6,6.6,0.4520547945205479,0,0,1,2.5,45.5
00-0038543,Jaxon Smith-Njigba,SEA,2025,21,153.0,10,12,0.82,LA,3.0,91.4,7.4,10.4,0.7123287671232876,0,0,1,2.5,45.5
00-0033555,Mack Hollins,NE,2025,22,78.0,4,8,0.72,SEA,1.0,62.0,4.6,7.6,,0,0,0,-4.5,45.5
00-0038608,Kayshon Boutte,NE,2025,22,21.0,1,5,0.73,SEA,1.0,56.8,3.2,5.2,,0,0,0,-4.5,45.5
00-0033908,Cooper Kupp,SEA,2025,22,61.0,6,12,0.78,NE,2.0,44.8,4.6,6.8,,0,0,0,4.5,45.5
00-0038543,Jaxon Smith-Njigba,SEA,2025,22,27.0,4,10,0.69,NE,2.0,103.6,8.0,10.8,,0,0,0,4.5,45.5
